omega_n,omega_next,return_time,impact_count,return_type,omega_next_exact,absolute_error,attractor,gamma,alpha,omega_1,omega_2,gravity,length,mass,num_spokes
-8.0,-5.398652693488374,0.10123364448547363,1,uphill_step,-5.398652677660373,1.582800024380049e-08,rolling,0.39,0.39269908169872414,0.008453769502155534,-2.389386950286572,9.81,1,1,8
-7.98,-5.383832362198545,0.10150364518165587,1,uphill_step,-5.38383234638761,1.581093478364437e-08,rolling,0.39,0.39269908169872414,0.008453769502155534,-2.389386950286572,9.81,1,1,8
-7.96,-5.3690083724627256,0.10177513539791107,1,uphill_step,-5.369008356671604,1.57911212994577e-08,rolling,0.39,0.39269908169872414,0.008453769502155534,-2.389386950286572,9.81,1,1,8
-7.94,-5.354180693900902,0.10204812824726103,1,uphill_step,-5.3541806781252275,1.5775674100382275e-08,rolling,0.39,0.39269908169872414,0.008453769502155534,-2.389386950286572,9.81,1,1,8
-7.92,-5.33934929577394,0.10232263624668121,1,uphill_step,-5.339349280016201,1.575773911355327e-08,rolling,0.39,0.39269908169872414,0.008453769502155534,-2.389386950286572,9.81,1,1,8
-7.9,-5.324514147000862,0.10259867250919341,1,uphill_step,-5.324514131262075,1.573878716243371e-08,rolling,0.39,0.39269908169872414,0.008453769502155534,-2.389386950286572,9.81,1,1,8
-7.88,-5.309675216142521,0.10287625014781951,1,uphill_step,-5.309675200425118,1.571740337880101e-08,rolling,0.39,0.39269908169872414,0.008453769502155534,-2.389386950286572,9.81,1,1,8
-7.86,-5.294832471407521,0.1031553828716278,1,uphill_step,-5.294832455707123,1.570039742659901e-08,rolling,0.39,0.39269908169872414,0.008453769502155534,-2.389386950286572,9.81,1,1,8
-7.84,-5.279985880624563,0.10343608379364012,1,uphill_step,-5.279985864944102,1.5680461373790422e-08,rolling,0.39,0.39269908169872414,0.008453769502155534,-2.389386950286572,9.81,1,1,8
-7.82,-5.265135411270486,0.10371836721897125,1,uphill_step,-5.2651353956009075,1.5669578523613836e-08,rolling,0.39,0.39269908169872414,0.008453769502155534,-2.389386950286572,9.81,1,1,8
-7.8,-5.250281030408935,0.10400224566459655,1,uphill_step,-5.250281014765735,1.5643200512727162e-08,rolling,0.39,0.39269908169872414,0.008453769502155534,-2.389386950286572,9.81,1,1,8
-7.78,-5.235422704774005,0.10428773462772369,1,uphill_step,-5.235422689144547,1.5629458616217562e-08,rolling,0.39,0.39269908169872414,0.008453769502155534,-2.389386950286572,9.81,1,1,8
-7.76,-5.220560400664071,0.1045748472213745,1,uphill_step,-5.220560385055374,1.5608696557478652e-08,rolling,0.39,0.39269908169872414,0.008453769502155534,-2.389386950286572,9.81,1,1,8
-7.74,-5.205694084002904,0.10486359775066376,1,uphill_step,-5.205694068422531,1.5580372547674415e-08,rolling,0.39,0.39269908169872414,0.008453769502155534,-2.389386950286572,9.81,1,1,8
-7.72,-5.1908237203337215,0.10515400171279907,1,uphill_step,-5.19082370477071,1.5563011324104536e-08,rolling,0.39,0.39269908169872414,0.008453769502155534,-2.389386950286572,9.81,1,1,8
-7.7,-5.175949274757333,0.10544607281684874,1,uphill_step,-5.1759492592189815,1.5538351050281562e-08,rolling,0.39,0.39269908169872414,0.008453769502155534,-2.389386950286572,9.81,1,1,8
-7.68,-5.161070711992934,0.10573982656002044,1,uphill_step,-5.161070696474668,1.5518266671676884e-08,rolling,0.39,0.39269908169872414,0.008453769502155534,-2.389386950286572,9.81,1,1,8
-7.66,-5.146187996327174,0.10603527784347533,1,uphill_step,-5.146187980827121,1.5500052796824093e-08,rolling,0.39,0.39269908169872414,0.008453769502155534,-2.389386950286572,9.81,1,1,8
-7.64,-5.13130109161893,0.10633244156837462,1,uphill_step,-5.131301076141364,1.5477565895594125e-08,rolling,0.39,0.39269908169872414,0.008453769502155534,-2.389386950286572,9.81,1,1,8
-7.62,-5.11640996131509,0.10663133382797241,1,uphill_step,-5.1164099458516334,1.546345629321877e-08,rolling,0.39,0.39269908169872414,0.008453769502155534,-2.389386950286572,9.81,1,1,8
-7.6,-5.1015145683992875,0.10693196952342986,1,uphill_step,-5.10151455295479,1.544449723667185e-08,rolling,0.39,0.39269908169872414,0.008453769502155534,-2.389386950286572,9.81,1,1,8
-7.58,-5.086614875418609,0.10723436415195464,1,uphill_step,-5.086614860003608,1.541500083135361e-08,rolling,0.39,0.39269908169872414,0.008453769502155534,-2.389386950286572,9.81,1,1,8
-7.56,-5.071710844499014,0.10753853499889372,1,uphill_step,-5.071710829099932,1.5399082009537324e-08,rolling,0.39,0.39269908169872414,0.008453769502155534,-2.389386950286572,9.81,1,1,8
-7.54,-5.056802437271366,0.10784449756145476,1,uphill_step,-5.0568024218877206,1.5383645468602936e-08,rolling,0.39,0.39269908169872414,0.008453769502155534,-2.389386950286572,9.81,1,1,8
-7.52,-5.041889614908902,0.10815226793289184,1,uphill_step,-5.04188959954594,1.536296156956496e-08,rolling,0.39,0.39269908169872414,0.008453769502155534,-2.389386950286572,9.81,1,1,8
-7.5,-5.026972338131102,0.10846186339855193,1,uphill_step,-5.02697232278133,1.5349771231853993e-08,rolling,0.39,0.39269908169872414,0.008453769502155534,-2.389386950286572,9.81,1,1,8
-7.48,-5.01205056715162,0.10877330005168914,1,uphill_step,-5.012050551821034,1.533058657798847e-08,rolling,0.39,0.39269908169872414,0.008453769502155534,-2.389386950286572,9.81,1,1,8
-7.46,-4.997124261726507,0.10908659577369689,1,uphill_step,-4.997124246405078,1.5321428570302942e-08,rolling,0.39,0.39269908169872414,0.008453769502155534,-2.389386950286572,9.81,1,1,8
-7.4399999999999995,-4.982193381090683,0.10940176725387572,1,uphill_step,-4.9821933657787225,1.531196058834894e-08,rolling,0.39,0.39269908169872414,0.008453769502155534,-2.389386950286572,9.81,1,1,8
-7.42,-4.967257883983558,0.10971883177757262,1,uphill_step,-4.967257868684644,1.5298914135541963e-08,rolling,0.39,0.39269908169872414,0.008453769502155534,-2.389386950286572,9.81,1,1,8
-7.4,-4.952317728650377,0.11003780782222747,1,uphill_step,-4.952317713354982,1.529539517264311e-08,rolling,0.39,0.39269908169872414,0.008453769502155534,-2.389386950286572,9.81,1,1,8
-7.38,-4.9373728727792345,0.11035871267318724,1,uphill_step,-4.93737285750322,1.5276014231346835e-08,rolling,0.39,0.39269908169872414,0.008453769502155534,-2.389386950286572,9.81,1,1,8
-7.36,-4.922423273574186,0.11068156480789183,1,uphill_step,-4.92242325831592,1.5258265761985967e-08,rolling,0.39,0.39269908169872414,0.008453769502155534,-2.389386950286572,9.81,1,1,8
-7.34,-4.907468887676686,0.11100638210773467,1,uphill_step,-4.907468872444278,1.5232407335474818e-08,rolling,0.39,0.39269908169872414,0.008453769502155534,-2.389386950286572,9.81,1,1,8
-7.32,-4.8925096712132135,0.11133318424224853,1,uphill_step,-4.892509655995532,1.521768133727619e-08,rolling,0.39,0.39269908169872414,0.008453769502155534,-2.389386950286572,9.81,1,1,8
-7.3,-4.877545579719463,0.11166198909282683,1,uphill_step,-4.877545564524182,1.5195281477531353e-08,rolling,0.39,0.39269908169872414,0.008453769502155534,-2.389386950286572,9.81,1,1,8
-7.28,-4.862576568198286,0.11199281632900236,1,uphill_step,-4.862576553023049,1.517523706695556e-08,rolling,0.39,0.39269908169872414,0.008453769502155534,-2.389386950286572,9.81,1,1,8
-7.26,-4.84760259106584,0.11232568502426146,1,uphill_step,-4.847602575914151,1.515168879251405e-08,rolling,0.39,0.39269908169872414,0.008453769502155534,-2.389386950286572,9.81,1,1,8
-7.24,-4.832623602175693,0.11266061544418333,1,uphill_step,-4.832623587039396,1.5136297548679067e-08,rolling,0.39,0.39269908169872414,0.008453769502155534,-2.389386950286572,9.81,1,1,8
-7.22,-4.8176395547645985,0.11299762666225432,1,uphill_step,-4.8176395396510845,1.511351399585692e-08,rolling,0.39,0.39269908169872414,0.008453769502155534,-2.389386950286572,9.81,1,1,8
-7.2,-4.8026504014873765,0.11333673894405363,1,uphill_step,-4.802650386402233,1.508514380077486e-08,rolling,0.39,0.39269908169872414,0.008453769502155534,-2.389386950286572,9.81,1,1,8
-7.18,-4.787656094395783,0.11367797315120695,1,uphill_step,-4.787656079336685,1.5059097968617152e-08,rolling,0.39,0.39269908169872414,0.008453769502155534,-2.389386950286572,9.81,1,1,8
-7.16,-4.7726565849171845,0.11402135014533996,1,uphill_step,-4.772656569879035,1.5038149392410105e-08,rolling,0.39,0.39269908169872414,0.008453769502155534,-2.389386950286572,9.81,1,1,8
-7.14,-4.757651823844186,0.1143668907880783,1,uphill_step,-4.75765180882434,1.5019845811536925e-08,rolling,0.39,0.39269908169872414,0.008453769502155534,-2.389386950286572,9.81,1,1,8
-7.12,-4.742641761324037,0.11471461594104765,1,uphill_step,-4.742641746327623,1.4996413888468396e-08,rolling,0.39,0.39269908169872414,0.008453769502155534,-2.389386950286572,9.81,1,1,8
-7.1,-4.727626346858992,0.11506454706192015,1,uphill_step,-4.727626331893154,1.496583834637022e-08,rolling,0.39,0.39269908169872414,0.008453769502155534,-2.389386950286572,9.81,1,1,8
-7.08,-4.71260552930645,0.1154167068004608,1,uphill_step,-4.712605514363527,1.4942923343141956e-08,rolling,0.39,0.39269908169872414,0.008453769502155534,-2.389386950286572,9.81,1,1,8
-7.06,-4.697579256834202,0.11577111721038817,1,uphill_step,-4.697579241908486,1.4925715774438686e-08,rolling,0.39,0.39269908169872414,0.008453769502155534,-2.389386950286572,9.81,1,1,8
-7.04,-4.68254747690896,0.11612779974937437,1,uphill_step,-4.682547462013548,1.4895412014936937e-08,rolling,0.39,0.39269908169872414,0.008453769502155534,-2.389386950286572,9.81,1,1,8
-7.02,-4.667510136340413,0.11648677825927733,1,uphill_step,-4.667510121468353,1.4872060027926182e-08,rolling,0.39,0.39269908169872414,0.008453769502155534,-2.389386950286572,9.81,1,1,8
-7.0,-4.652467181202304,0.11684807538986204,1,uphill_step,-4.652467166354806,1.4847498341907794e-08,rolling,0.39,0.39269908169872414,0.008453769502155534,-2.389386950286572,9.81,1,1,8
-6.98,-4.637418556864841,0.11721171498298644,1,uphill_step,-4.637418542034945,1.4829895533807758e-08,rolling,0.39,0.39269908169872414,0.008453769502155534,-2.389386950286572,9.81,1,1,8
-6.96,-4.622364207937561,0.11757771968841552,1,uphill_step,-4.622364193138563,1.479899758294323e-08,rolling,0.39,0.39269908169872414,0.008453769502155534,-2.389386950286572,9.81,1,1,8
-6.9399999999999995,-4.607304078334715,0.11794611513614653,1,uphill_step,-4.607304063550561,1.4784153457014781e-08,rolling,0.39,0.39269908169872414,0.008453769502155534,-2.389386950286572,9.81,1,1,8
-6.92,-4.592238111161806,0.11831692457199094,1,uphill_step,-4.5922380963980425,1.4763763545033726e-08,rolling,0.39,0.39269908169872414,0.008453769502155534,-2.389386950286572,9.81,1,1,8
-6.9,-4.577166248780402,0.11869017302989959,1,uphill_step,-4.577166234037117,1.47432848152107e-08,rolling,0.39,0.39269908169872414,0.008453769502155534,-2.389386950286572,9.81,1,1,8
-6.88,-4.5620884327610725,0.11906588554382323,1,uphill_step,-4.562088418039431,1.4721641683479447e-08,rolling,0.39,0.39269908169872414,0.008453769502155534,-2.389386950286572,9.81,1,1,8
-6.859999999999999,-4.547004603891839,0.11944408833980559,1,uphill_step,-4.547004589178409,1.47134295858109e-08,rolling,0.39,0.39269908169872414,0.008453769502155534,-2.389386950286572,9.81,1,1,8
-6.84,-4.531914702119352,0.11982480645179747,1,uphill_step,-4.531914687415189,1.4704163220358168e-08,rolling,0.39,0.39269908169872414,0.008453769502155534,-2.389386950286572,9.81,1,1,8
-6.82,-4.516818666570345,0.12020806610584257,1,uphill_step,-4.5168186518842575,1.4686087901338851e-08,rolling,0.39,0.39269908169872414,0.008453769502155534,-2.389386950286572,9.81,1,1,8
-6.8,-4.501716435540609,0.12059389412403104,1,uphill_step,-4.501716420878765,1.4661844183194717e-08,rolling,0.39,0.39269908169872414,0.008453769502155534,-2.389386950286572,9.81,1,1,8
-6.78,-4.486607946481641,0.1209823179244995,1,uphill_step,-4.4866079318355325,1.464610832613289e-08,rolling,0.39,0.39269908169872414,0.008453769502155534,-2.389386950286572,9.81,1,1,8
-6.76,-4.471493135937259,0.1213733637332916,1,uphill_step,-4.471493121319714,1.4617545396333753e-08,rolling,0.39,0.39269908169872414,0.008453769502155534,-2.389386950286572,9.81,1,1,8
-6.74,-4.456371939601091,0.12176706016063689,1,uphill_step,-4.456371925009123,1.4591967634203229e-08,rolling,0.39,0.39269908169872414,0.008453769502155534,-2.389386950286572,9.81,1,1,8
-6.72,-4.441244292244605,0.12216343522071836,1,uphill_step,-4.4412442776782175,1.4566387207537446e-08,rolling,0.39,0.39269908169872414,0.008453769502155534,-2.389386950286572,9.81,1,1,8
-6.7,-4.426110127722914,0.12256251752376554,1,uphill_step,-4.426110113181722,1.4541191362127392e-08,rolling,0.39,0.39269908169872414,0.008453769502155534,-2.389386950286572,9.81,1,1,8
-6.68,-4.41096937895789,0.12296433627605437,1,uphill_step,-4.4109693644378805,1.4520009194995964e-08,rolling,0.39,0.39269908169872414,0.008453769502155534,-2.389386950286572,9.81,1,1,8
-6.66,-4.3958219779097165,0.12336892068386077,1,uphill_step,-4.395821963411339,1.4498377609584168e-08,rolling,0.39,0.39269908169872414,0.008453769502155534,-2.389386950286572,9.81,1,1,8
-6.64,-4.380667855559246,0.12377629995346068,1,uphill_step,-4.380667841095638,1.4463608088988167e-08,rolling,0.39,0.39269908169872414,0.008453769502155534,-2.389386950286572,9.81,1,1,8
-6.62,-4.365506941934572,0.12418650567531583,1,uphill_step,-4.365506927495307,1.4439264894861026e-08,rolling,0.39,0.39269908169872414,0.008453769502155534,-2.389386950286572,9.81,1,1,8
-6.6,-4.350339166025577,0.12459956824779508,1,uphill_step,-4.350339151607552,1.4418024996132317e-08,rolling,0.39,0.39269908169872414,0.008453769502155534,-2.389386950286572,9.81,1,1,8
-6.58,-4.33516445579856,0.1250155186653137,1,uphill_step,-4.335164441403522,1.4395037162273638e-08,rolling,0.39,0.39269908169872414,0.008453769502155534,-2.389386950286572,9.81,1,1,8
-6.5600000000000005,-4.31998273817686,0.1254343885183334,1,uphill_step,-4.31998272380915,1.4367709688656305e-08,rolling,0.39,0.39269908169872414,0.008453769502155534,-2.389386950286572,9.81,1,1,8
-6.54,-4.304793939021104,0.12585620999336242,1,uphill_step,-4.304793924685538,1.4335565623468938e-08,rolling,0.39,0.39269908169872414,0.008453769502155534,-2.389386950286572,9.81,1,1,8
-6.52,-4.289597983120133,0.12628101646900175,1,uphill_step,-4.289597968808909,1.4311224205698636e-08,rolling,0.39,0.39269908169872414,0.008453769502155534,-2.389386950286572,9.81,1,1,8
-6.5,-4.2743947941368035,0.12670884072780608,1,uphill_step,-4.274394779850068,1.4286735350310664e-08,rolling,0.39,0.39269908169872414,0.008453769502155534,-2.389386950286572,9.81,1,1,8
-6.48,-4.259184294609131,0.12713971614837644,1,uphill_step,-4.259184280353401,1.4255729929857353e-08,rolling,0.39,0.39269908169872414,0.008453769502155534,-2.389386950286572,9.81,1,1,8
-6.46,-4.243966405950903,0.1275736778974533,1,uphill_step,-4.243966391715364,1.423553896984231e-08,rolling,0.39,0.39269908169872414,0.008453769502155534,-2.389386950286572,9.81,1,1,8
-6.4399999999999995,-4.2287410483736965,0.12801075994968414,1,uphill_step,-4.228741034162475,1.421122153288934e-08,rolling,0.39,0.39269908169872414,0.008453769502155534,-2.389386950286572,9.81,1,1,8
-6.42,-4.213508140919939,0.12845099806785581,1,uphill_step,-4.213508126728786,1.4191153141496216e-08,rolling,0.39,0.39269908169872414,0.008453769502155534,-2.389386950286572,9.81,1,1,8
-6.4,-4.198267601395006,0.1288944274187088,1,uphill_step,-4.198267587232801,1.4162205630441349e-08,rolling,0.39,0.39269908169872414,0.008453769502155534,-2.389386950286572,9.81,1,1,8
-6.38,-4.183019346399188,0.12934108555316923,1,uphill_step,-4.183019332253859,1.4145329352288627e-08,rolling,0.39,0.39269908169872414,0.008453769502155534,-2.389386950286572,9.81,1,1,8
-6.359999999999999,-4.167763291247498,0.12979100942611693,1,uphill_step,-4.16776327710794,1.4139557968917416e-08,rolling,0.39,0.39269908169872414,0.008453769502155534,-2.389386950286572,9.81,1,1,8
-6.34,-4.1524993499471,0.13024423599243162,1,uphill_step,-4.1524993358228866,1.4124213798538676e-08,rolling,0.39,0.39269908169872414,0.008453769502155534,-2.389386950286572,9.81,1,1,8
-6.32,-4.137227435208255,0.13070080339908596,1,uphill_step,-4.137227421113024,1.4095231648525441e-08,rolling,0.39,0.39269908169872414,0.008453769502155534,-2.389386950286572,9.81,1,1,8
-6.3,-4.121947458421081,0.13116075098514554,1,uphill_step,-4.121947444353156,1.406792549119018e-08,rolling,0.39,0.39269908169872414,0.008453769502155534,-2.389386950286572,9.81,1,1,8
-6.28,-4.106659329591426,0.1316241180896759,1,uphill_step,-4.106659315551939,1.4039486906369802e-08,rolling,0.39,0.39269908169872414,0.008453769502155534,-2.389386950286572,9.81,1,1,8
-6.26,-4.091362957341962,0.13209094524383544,1,uphill_step,-4.091362943324573,1.4017389027287663e-08,rolling,0.39,0.39269908169872414,0.008453769502155534,-2.389386950286572,9.81,1,1,8
-6.24,-4.0760582488504795,0.13256127238273618,1,uphill_step,-4.076058234864845,1.3985634872426544e-08,rolling,0.39,0.39269908169872414,0.008453769502155534,-2.389386950286572,9.81,1,1,8
-6.22,-4.060745109876756,0.13303514182567594,1,uphill_step,-4.0607450959164515,1.3960304912075117e-08,rolling,0.39,0.39269908169872414,0.008453769502155534,-2.389386950286572,9.81,1,1,8
-6.2,-4.045423444677125,0.13351259529590603,1,uphill_step,-4.045423430743625,1.3933499687368567e-08,rolling,0.39,0.39269908169872414,0.008453769502155534,-2.389386950286572,9.81,1,1,8
-6.18,-4.030093156007538,0.13399367570877074,1,uphill_step,-4.030093142101001,1.390653725508173e-08,rolling,0.39,0.39269908169872414,0.008453769502155534,-2.389386950286572,9.81,1,1,8
-6.16,-4.0147541450812625,0.13447842657566067,1,uphill_step,-4.014754131202746,1.3878516114118611e-08,rolling,0.39,0.39269908169872414,0.008453769502155534,-2.389386950286572,9.81,1,1,8
-6.14,-3.9994063115369216,0.13496689200401304,1,uphill_step,-3.9994062976908853,1.3846036317488597e-08,rolling,0.39,0.39269908169872414,0.008453769502155534,-2.389386950286572,9.81,1,1,8
-6.12,-3.98404955342805,0.13545911788940426,1,uphill_step,-3.9840495396028293,1.3825220523955295e-08,rolling,0.39,0.39269908169872414,0.008453769502155534,-2.389386950286572,9.81,1,1,8
-6.1,-3.968683767133694,0.13595514893531796,1,uphill_step,-3.9686837533380652,1.3795628639456936e-08,rolling,0.39,0.39269908169872414,0.008453769502155534,-2.389386950286572,9.81,1,1,8
-6.08,-3.9533088473908906,0.1364550322294235,1,uphill_step,-3.953308833623996,1.3766894735312007e-08,rolling,0.39,0.39269908169872414,0.008453769502155534,-2.389386950286572,9.81,1,1,8
-6.0600000000000005,-3.9379246872146765,0.13695881485939024,1,uphill_step,-3.9379246734808833,1.3733793213788204e-08,rolling,0.39,0.39269908169872414,0.008453769502155534,-2.389386950286572,9.81,1,1,8
-6.04,-3.922531177895275,0.1374665457010269,1,uphill_step,-3.92253116418589,1.3709385182636424e-08,rolling,0.39,0.39269908169872414,0.008453769502155534,-2.389386950286572,9.81,1,1,8
-6.02,-3.9071282089162356,0.13797827303409574,1,uphill_step,-3.907128195236178,1.3680057531217926e-08,rolling,0.39,0.39269908169872414,0.008453769502155534,-2.389386950286572,9.81,1,1,8
-6.0,-3.8917156679720235,0.13849404752254485,1,uphill_step,-3.891715654311028,1.3660995445974322e-08,rolling,0.39,0.39269908169872414,0.008453769502155534,-2.389386950286572,9.81,1,1,8
-5.98,-3.876293440872991,0.1390139192342758,1,uphill_step,-3.8762934272329694,1.3640021556682314e-08,rolling,0.39,0.39269908169872414,0.008453769502155534,-2.389386950286572,9.81,1,1,8
-5.96,-3.8608614115497746,0.13953794002532957,1,uphill_step,-3.8608613979278665,1.362190804599095e-08,rolling,0.39,0.39269908169872414,0.008453769502155534,-2.389386950286572,9.81,1,1,8
-5.9399999999999995,-3.845419461987728,0.14006616234779357,1,uphill_step,-3.845419448383949,1.360377943626645e-08,rolling,0.39,0.39269908169872414,0.008453769502155534,-2.389386950286572,9.81,1,1,8
-5.92,-3.829967472195576,0.14059864044189452,1,uphill_step,-3.8299674586097354,1.3585840452634557e-08,rolling,0.39,0.39269908169872414,0.008453769502155534,-2.389386950286572,9.81,1,1,8
-5.9,-3.8145053201436165,0.14113542735576629,1,uphill_step,-3.814505306590819,1.3552797550886453e-08,rolling,0.39,0.39269908169872414,0.008453769502155534,-2.389386950286572,9.81,1,1,8
-5.88,-3.7990328817726637,0.1416765797138214,1,uphill_step,-3.7990328682454853,1.3527178488459413e-08,rolling,0.39,0.39269908169872414,0.008453769502155534,-2.389386950286572,9.81,1,1,8
-5.859999999999999,-3.783550030880751,0.14222215354442594,1,uphill_step,-3.7835500173791163,1.3501634477108837e-08,rolling,0.39,0.39269908169872414,0.008453769502155534,-2.389386950286572,9.81,1,1,8
-5.84,-3.7680566391093366,0.14277220606803892,1,uphill_step,-3.768056625637348,1.3471988857816086e-08,rolling,0.39,0.39269908169872414,0.008453769502155534,-2.389386950286572,9.81,1,1,8
-5.82,-3.7525525759058693,0.14332679629325865,1,uphill_step,-3.7525525624579226,1.3447946756173224e-08,rolling,0.39,0.39269908169872414,0.008453769502155534,-2.389386950286572,9.81,1,1,8
-5.8,-3.737037708440373,0.14388598322868346,1,uphill_step,-3.7370376950212205,1.3419152455895755e-08,rolling,0.39,0.39269908169872414,0.008453769502155534,-2.389386950286572,9.81,1,1,8
-5.779999999999999,-3.7215119015876126,0.14444982767105102,1,uphill_step,-3.721511888199407,1.3388205655218144e-08,rolling,0.39,0.39269908169872414,0.008453769502155534,-2.389386950286572,9.81,1,1,8
-5.76,-3.7059750178631594,0.1450183916091919,1,uphill_step,-3.7059750045041477,1.335901167465181e-08,rolling,0.39,0.39269908169872414,0.008453769502155534,-2.389386950286572,9.81,1,1,8
-5.74,-3.690426917357978,0.14559173762798308,1,uphill_step,-3.690426904032854,1.3325124115226572e-08,rolling,0.39,0.39269908169872414,0.008453769502155534,-2.389386950286572,9.81,1,1,8
-5.72,-3.674867457704967,0.14616993010044096,1,uphill_step,-3.674867444413406,1.3291561185013734e-08,rolling,0.39,0.39269908169872414,0.008453769502155534,-2.389386950286572,9.81,1,1,8
-5.699999999999999,-3.65929649401041,0.1467530345916748,1,uphill_step,-3.659296480747292,1.3263117715212047e-08,rolling,0.39,0.39269908169872414,0.008453769502155534,-2.389386950286572,9.81,1,1,8
-5.68,-3.6437138787838035,0.14734111726284027,1,uphill_step,-3.6437138655511245,1.3232678952590504e-08,rolling,0.39,0.39269908169872414,0.008453769502155534,-2.389386950286572,9.81,1,1,8
-5.66,-3.628119461910602,0.14793424665927885,1,uphill_step,-3.628119448696462,1.3214140004436103e-08,rolling,0.39,0.39269908169872414,0.008453769502155534,-2.389386950286572,9.81,1,1,8
-5.640000000000001,-3.6125130905339438,0.14853249073028563,1,uphill_step,-3.6125130773478897,1.3186054026448346e-08,rolling,0.39,0.39269908169872414,0.008453769502155534,-2.389386950286572,9.81,1,1,8
-5.62,-3.5968946090684555,0.1491359210014343,1,uphill_step,-3.59689459589929,1.3169165313797748e-08,rolling,0.39,0.39269908169872414,0.008453769502155534,-2.389386950286572,9.81,1,1,8
-5.6,-3.581263859055955,0.14974460840225218,1,uphill_step,-3.5812638459082446,1.3147710475891472e-08,rolling,0.39,0.39269908169872414,0.008453769502155534,-2.389386950286572,9.81,1,1,8
-5.58,-3.565620679154376,0.15035862684249876,1,uphill_step,-3.565620666028499,1.3125876829889194e-08,rolling,0.39,0.39269908169872414,0.008453769502155534,-2.389386950286572,9.81,1,1,8
-5.5600000000000005,-3.549964905039158,0.15097805082798005,1,uphill_step,-3.5499648919404145,1.3098743423256565e-08,rolling,0.39,0.39269908169872414,0.008453769502155534,-2.389386950286572,9.81,1,1,8
-5.54,-3.5342963693541103,0.15160295665264129,1,uphill_step,-3.534296356279354,1.3074756388675723e-08,rolling,0.39,0.39269908169872414,0.008453769502155534,-2.389386950286572,9.81,1,1,8
-5.52,-3.5186149016014734,0.1522334212064743,1,uphill_step,-3.5186148885619057,1.3039567647865624e-08,rolling,0.39,0.39269908169872414,0.008453769502155534,-2.389386950286572,9.81,1,1,8
-5.5,-3.50292032812663,0.15286952495574951,1,uphill_step,-3.502920315109882,1.3016747679728269e-08,rolling,0.39,0.39269908169872414,0.008453769502155534,-2.389386950286572,9.81,1,1,8
-5.48,-3.4872124719497584,0.15351134717464446,1,uphill_step,-3.4872124589719964,1.2977761976173952e-08,rolling,0.39,0.39269908169872414,0.008453769502155534,-2.389386950286572,9.81,1,1,8
-5.46,-3.4714911527959345,0.15415897190570832,1,uphill_step,-3.4714911398431534,1.2952781069941466e-08,rolling,0.39,0.39269908169872414,0.008453769502155534,-2.389386950286572,9.81,1,1,8
-5.4399999999999995,-3.4557561868995537,0.15481248199939726,1,uphill_step,-3.455756173981248,1.2918305536402386e-08,rolling,0.39,0.39269908169872414,0.008453769502155534,-2.389386950286572,9.81,1,1,8
-5.42,-3.440007387018167,0.15547196447849274,1,uphill_step,-3.4400073741213864,1.2896780532400953e-08,rolling,0.39,0.39269908169872414,0.008453769502155534,-2.389386950286572,9.81,1,1,8
-5.4,-3.4242445622538984,0.15613750576972962,1,uphill_step,-3.424244549387429,1.2866469223382637e-08,rolling,0.39,0.39269908169872414,0.008453769502155534,-2.389386950286572,9.81,1,1,8
-5.38,-3.408467518028329,0.15680919528007506,1,uphill_step,-3.408467505200763,1.2827566120421352e-08,rolling,0.39,0.39269908169872414,0.008453769502155534,-2.389386950286572,9.81,1,1,8
-5.359999999999999,-3.3926760559874856,0.15748712539672852,1,uphill_step,-3.3926760431861918,1.2801293802766622e-08,rolling,0.39,0.39269908169872414,0.008453769502155534,-2.389386950286572,9.81,1,1,8
-5.34,-3.3768699738480343,0.15817138850688933,1,uphill_step,-3.3768699610748287,1.2773205604332816e-08,rolling,0.39,0.39269908169872414,0.008453769502155534,-2.389386950286572,9.81,1,1,8
-5.32,-3.36104906535193,0.15886207997798918,1,uphill_step,-3.3610490526038914,1.2748038624721403e-08,rolling,0.39,0.39269908169872414,0.008453769502155534,-2.389386950286572,9.81,1,1,8
-5.3,-3.34521312015086,0.1595592975616455,1,uphill_step,-3.345213107413265,1.2737594978773359e-08,rolling,0.39,0.39269908169872414,0.008453769502155534,-2.389386950286572,9.81,1,1,8
-5.279999999999999,-3.3293619236477046,0.16026313900947572,1,uphill_step,-3.3293619109387182,1.2708986307785608e-08,rolling,0.39,0.39269908169872414,0.008453769502155534,-2.389386950286572,9.81,1,1,8
-5.26,-3.3134952569875598,0.16097370743751527,1,uphill_step,-3.3134952443016292,1.2685930528277822e-08,rolling,0.39,0.39269908169872414,0.008453769502155534,-2.389386950286572,9.81,1,1,8
-5.24,-3.297612896851114,0.16169110536575318,1,uphill_step,-3.2976128841950985,1.2656015346834693e-08,rolling,0.39,0.39269908169872414,0.008453769502155534,-2.389386950286572,9.81,1,1,8
-5.22,-3.2817146153897645,0.16241543889045715,1,uphill_step,-3.281714602766291,1.26234733777153e-08,rolling,0.39,0.39269908169872414,0.008453769502155534,-2.389386950286572,9.81,1,1,8
-5.199999999999999,-3.2658001800884913,0.16314681649208068,1,uphill_step,-3.2658001674948687,1.2593622589207598e-08,rolling,0.39,0.39269908169872414,0.008453769502155534,-2.389386950286572,9.81,1,1,8
-5.18,-3.2498693536278163,0.16388534843921662,1,uphill_step,-3.249869341067347,1.2560469109246242e-08,rolling,0.39,0.39269908169872414,0.008453769502155534,-2.389386950286572,9.81,1,1,8
-5.16,-3.233921893786121,0.16463114857673644,1,uphill_step,-3.2339218812472135,1.2538907689929601e-08,rolling,0.39,0.39269908169872414,0.008453769502155534,-2.389386950286572,9.81,1,1,8
-5.140000000000001,-3.217957553248244,0.16538433134555816,1,uphill_step,-3.2179575407406356,1.2507608282419369e-08,rolling,0.39,0.39269908169872414,0.008453769502155534,-2.389386950286572,9.81,1,1,8
-5.12,-3.2019760795321766,0.16614501535892487,1,uphill_step,-3.201976067057578,1.2474598687362004e-08,rolling,0.39,0.39269908169872414,0.008453769502155534,-2.389386950286572,9.81,1,1,8
-5.1,-3.1859772148105416,0.16691332161426545,1,uphill_step,-3.185977202368139,1.2442402663737084e-08,rolling,0.39,0.39269908169872414,0.008453769502155534,-2.389386950286572,9.81,1,1,8
-5.08,-3.1699606957716386,0.16768937408924103,1,uphill_step,-3.169960683353899,1.2417739725378851e-08,rolling,0.39,0.39269908169872414,0.008453769502155534,-2.389386950286572,9.81,1,1,8
-5.0600000000000005,-3.1539262534418158,0.1684732985496521,1,uphill_step,-3.1539262410540796,1.2387736170182961e-08,rolling,0.39,0.39269908169872414,0.008453769502155534,-2.389386950286572,9.81,1,1,8
-5.04,-3.1378736130693174,0.16926522493362428,1,uphill_step,-3.1378736007062997,1.2363017720673497e-08,rolling,0.39,0.39269908169872414,0.008453769502155534,-2.389386950286572,9.81,1,1,8
-5.02,-3.121802493934242,0.17006528615951538,1,uphill_step,-3.1218024815816765,1.2352565637030466e-08,rolling,0.39,0.39269908169872414,0.008453769502155534,-2.389386950286572,9.81,1,1,8
-5.0,-3.105712609138101,0.17087361693382264,1,uphill_step,-3.1057125968140573,1.2324043563438636e-08,rolling,0.39,0.39269908169872414,0.008453769502155534,-2.389386950286572,9.81,1,1,8
-4.98,-3.0896036655123256,0.17169035613536837,1,uphill_step,-3.0896036532230986,1.2289226969386391e-08,rolling,0.39,0.39269908169872414,0.008453769502155534,-2.389386950286572,9.81,1,1,8
-4.96,-3.073475363396242,0.1725156468153,1,uphill_step,-3.07347535113095,1.2265292337332312e-08,rolling,0.39,0.39269908169872414,0.008453769502155534,-2.389386950286572,9.81,1,1,8
-4.9399999999999995,-3.057327396399903,0.17334963321685792,1,uphill_step,-3.057327384172247,1.2227656220886729e-08,rolling,0.39,0.39269908169872414,0.008453769502155534,-2.389386950286572,9.81,1,1,8
-4.92,-3.0411594512943587,0.17419246554374695,1,uphill_step,-3.041159439097121,1.2197237886368839e-08,rolling,0.39,0.39269908169872414,0.008453769502155534,-2.389386950286572,9.81,1,1,8
-4.9,-3.024971207738339,0.17504429638385774,1,uphill_step,-3.024971195566913,1.2171425645135514e-08,rolling,0.39,0.39269908169872414,0.008453769502155534,-2.389386950286572,9.81,1,1,8
-4.88,-3.008762338086523,0.17590528190135957,1,uphill_step,-3.0087623259422664,1.2144256711366097e-08,rolling,0.39,0.39269908169872414,0.008453769502155534,-2.389386950286572,9.81,1,1,8
-4.859999999999999,-2.992532507178615,0.1767755824327469,1,uphill_step,-2.9925324950632555,1.2115359382391944e-08,rolling,0.39,0.39269908169872414,0.008453769502155534,-2.389386950286572,9.81,1,1,8
-4.84,-2.976281372108836,0.1776553624868393,1,uphill_step,-2.976281360021178,1.2087657985659916e-08,rolling,0.39,0.39269908169872414,0.008453769502155534,-2.389386950286572,9.81,1,1,8
-4.82,-2.960008581975493,0.17854479014873506,1,uphill_step,-2.9600085699216336,1.2053859244076648e-08,rolling,0.39,0.39269908169872414,0.008453769502155534,-2.389386950286572,9.81,1,1,8
-4.8,-2.9437137776771314,0.1794440394639969,1,uphill_step,-2.943713765638486,1.2038645191836395e-08,rolling,0.39,0.39269908169872414,0.008453769502155534,-2.389386950286572,9.81,1,1,8
-4.779999999999999,-2.9273965915696514,0.18035328626632693,1,uphill_step,-2.9273965795582786,1.2011372785281083e-08,rolling,0.39,0.39269908169872414,0.008453769502155534,-2.389386950286572,9.81,1,1,8
-4.76,-2.911056647299618,0.18127271354198457,1,uphill_step,-2.9110566353146607,1.1984957470900781e-08,rolling,0.39,0.39269908169872414,0.008453769502155534,-2.389386950286572,9.81,1,1,8
-4.74,-2.8946935594682244,0.18220250725746157,1,uphill_step,-2.89469354751233,1.1955894496651354e-08,rolling,0.39,0.39269908169872414,0.008453769502155534,-2.389386950286572,9.81,1,1,8
-4.72,-2.878306933372971,0.18314285933971408,1,uphill_step,-2.878306921440018,1.193295329215971e-08,rolling,0.39,0.39269908169872414,0.008453769502155534,-2.389386950286572,9.81,1,1,8
-4.699999999999999,-2.8618963646690414,0.18409396529197694,1,uphill_step,-2.861896352771971,1.1897070439914614e-08,rolling,0.39,0.39269908169872414,0.008453769502155534,-2.389386950286572,9.81,1,1,8
-4.68,-2.8454614391223885,0.18505602777004243,1,uphill_step,-2.845461427257363,1.1865025406621044e-08,rolling,0.39,0.39269908169872414,0.008453769502155534,-2.389386950286572,9.81,1,1,8
-4.66,-2.8290017322384986,0.18602925419807437,1,uphill_step,-2.8290017203970583,1.1841440272775117e-08,rolling,0.39,0.39269908169872414,0.008453769502155534,-2.389386950286572,9.81,1,1,8
-4.640000000000001,-2.8125168089112047,0.18701385617256167,1,uphill_step,-2.812516797107089,1.1804115906954848e-08,rolling,0.39,0.39269908169872414,0.008453769502155534,-2.389386950286572,9.81,1,1,8
-4.62,-2.796006223146711,0.18801005363464357,1,uphill_step,-2.796006211368193,1.1778518160809881e-08,rolling,0.39,0.39269908169872414,0.008453769502155534,-2.389386950286572,9.81,1,1,8
-4.6,-2.779469517616619,0.18901807069778445,1,uphill_step,-2.779469505860698,1.175592112545587e-08,rolling,0.39,0.39269908169872414,0.008453769502155534,-2.389386950286572,9.81,1,1,8
-4.58,-2.7629062233287414,0.190038138628006,1,uphill_step,-2.7629062115840117,1.1744729633278439e-08,rolling,0.39,0.39269908169872414,0.008453769502155534,-2.389386950286572,9.81,1,1,8
-4.5600000000000005,-2.746315859173005,0.19107049405574802,1,uphill_step,-2.746315847459923,1.1713081615738474e-08,rolling,0.39,0.39269908169872414,0.008453769502155534,-2.389386950286572,9.81,1,1,8
-4.54,-2.729697931605823,0.1921153819561005,1,uphill_step,-2.72969791991889,1.1686932754884083e-08,rolling,0.39,0.39269908169872414,0.008453769502155534,-2.389386950286572,9.81,1,1,8
-4.52,-2.7130519341199477,0.1931730526685715,1,uphill_step,-2.7130519224684058,1.1651541953483502e-08,rolling,0.39,0.39269908169872414,0.008453769502155534,-2.389386950286572,9.81,1,1,8
-4.5,-2.6963773468664836,0.1942437654733658,1,uphill_step,-2.696377335242513,1.162397067488996e-08,rolling,0.39,0.39269908169872414,0.008453769502155534,-2.389386950286572,9.81,1,1,8
-4.48,-2.6796736361236486,0.1953277856111527,1,uphill_step,-2.67967362453145,1.1592198756460448e-08,rolling,0.39,0.39269908169872414,0.008453769502155534,-2.389386950286572,9.81,1,1,8
-4.46,-2.6629402538559828,0.19642538726329806,1,uphill_step,-2.662940242290374,1.1565608915020675e-08,rolling,0.39,0.39269908169872414,0.008453769502155534,-2.389386950286572,9.81,1,1,8
-4.4399999999999995,-2.6461766371620365,0.19753685176372532,1,uphill_step,-2.6461766256260204,1.1536016142343897e-08,rolling,0.39,0.39269908169872414,0.008453769502155534,-2.389386950286572,9.81,1,1,8
-4.42,-2.6293822077766724,0.19866246998310091,1,uphill_step,-2.629382196260086,1.1516586351234537e-08,rolling,0.39,0.39269908169872414,0.008453769502155534,-2.389386950286572,9.81,1,1,8
-4.4,-2.612556371459322,0.19980253994464878,1,uphill_step,-2.612556359968052,1.1491270157648614e-08,rolling,0.39,0.39269908169872414,0.008453769502155534,-2.389386950286572,9.81,1,1,8
-4.38,-2.595698517461094,0.20095737099647526,1,uphill_step,-2.59569850599208,1.1469014182807769e-08,rolling,0.39,0.39269908169872414,0.008453769502155534,-2.389386950286572,9.81,1,1,8
-4.359999999999999,-2.5788080178696124,0.20212728023529056,1,uphill_step,-2.5788080064265184,1.144309402789645e-08,rolling,0.39,0.39269908169872414,0.008453769502155534,-2.389386950286572,9.81,1,1,8
-4.34,-2.561884226984587,0.20331259489059453,1,uphill_step,-2.56188421557445,1.1410137279455057e-08,rolling,0.39,0.39269908169872414,0.008453769502155534,-2.389386950286572,9.81,1,1,8
-4.32,-2.5449264806572702,0.20451365351676945,1,uphill_step,-2.5449264692736246,1.1383645581730661e-08,rolling,0.39,0.39269908169872414,0.008453769502155534,-2.389386950286572,9.81,1,1,8
-4.3,-2.527934095545124,0.20573080420494083,1,uphill_step,-2.527934084189996,1.135512794903093e-08,rolling,0.39,0.39269908169872414,0.008453769502155534,-2.389386950286572,9.81,1,1,8
-4.279999999999999,-2.510906368407464,0.20696440696716312,1,uphill_step,-2.5109063570769643,1.1330499649631065e-08,rolling,0.39,0.39269908169872414,0.008453769502155534,-2.389386950286572,9.81,1,1,8
-4.26,-2.4938425752974607,0.20821483254432682,1,uphill_step,-2.4938425639982795,1.1299181146284809e-08,rolling,0.39,0.39269908169872414,0.008453769502155534,-2.389386950286572,9.81,1,1,8
-4.24,-2.476741970793385,0.20948246538639073,1,uphill_step,-2.476741959512439,1.1280945955149946e-08,rolling,0.39,0.39269908169872414,0.008453769502155534,-2.389386950286572,9.81,1,1,8
-4.22,-2.45960378707607,0.21076770126819616,1,uphill_step,-2.459603775816242,1.1259828180953946e-08,rolling,0.39,0.39269908169872414,0.008453769502155534,-2.389386950286572,9.81,1,1,8
-4.199999999999999,-2.442427233076339,0.2120709496736527,1,uphill_step,-2.4424272218450054,1.1231333640893126e-08,rolling,0.39,0.39269908169872414,0.008453769502155534,-2.389386950286572,9.81,1,1,8
-4.18,-2.4252114935362834,0.2133926343917847,1,uphill_step,-2.42521148232675,1.1209533301581587e-08,rolling,0.39,0.39269908169872414,0.008453769502155534,-2.389386950286572,9.81,1,1,8
-4.16,-2.4079557279654678,0.21473319232463842,1,uphill_step,-2.407955716787482,1.1177985648203048e-08,rolling,0.39,0.39269908169872414,0.008453769502155534,-2.389386950286572,9.81,1,1,8
-4.140000000000001,-2.3906590696544696,0.21609307706356054,1,uphill_step,-2.390659058504478,1.114999159668173e-08,rolling,0.39,0.39269908169872414,0.008453769502155534,-2.389386950286572,9.81,1,1,8
-4.12,-2.373320624537873,0.21747275769710545,1,uphill_step,-2.3733206134042475,1.1133625577031125e-08,rolling,0.39,0.39269908169872414,0.008453769502155534,-2.389386950286572,9.81,1,1,8
-4.1,-2.3559394700089387,0.21887271821498877,1,uphill_step,-2.3559394589015894,1.1107349262573507e-08,rolling,0.39,0.39269908169872414,0.008453769502155534,-2.389386950286572,9.81,1,1,8
-4.08,-2.3385146537677106,0.2202934622764588,1,uphill_step,-2.3385146426758836,1.1091827012421618e-08,rolling,0.39,0.39269908169872414,0.008453769502155534,-2.389386950286572,9.81,1,1,8
-4.0600000000000005,-2.3210451924448856,0.22173551023006444,1,uphill_step,-2.3210451813804736,1.1064412053229944e-08,rolling,0.39,0.39269908169872414,0.008453769502155534,-2.389386950286572,9.81,1,1,8
-4.04,-2.3035300703182857,0.2231994020938874,1,uphill_step,-2.30353005928065,1.1037635694322034e-08,rolling,0.39,0.39269908169872414,0.008453769502155534,-2.389386950286572,9.81,1,1,8
-4.02,-2.285968237825179,0.22468569755554205,1,uphill_step,-2.285968226815393,1.1009785971793917e-08,rolling,0.39,0.39269908169872414,0.008453769502155534,-2.389386950286572,9.81,1,1,8
-4.0,-2.2683586100666058,0.226194977760315,1,uphill_step,-2.268358599077649,1.098895685558432e-08,rolling,0.39,0.39269908169872414,0.008453769502155534,-2.389386950286572,9.81,1,1,8
-3.9799999999999995,-2.250700065170289,0.22772784471511848,1,uphill_step,-2.250700054207471,1.0962817764692545e-08,rolling,0.39,0.39269908169872414,0.008453769502155534,-2.389386950286572,9.81,1,1,8
-3.96,-2.232991442637494,0.22928492486476904,1,uphill_step,-2.232991431691916,1.0945577777476956e-08,rolling,0.39,0.39269908169872414,0.008453769502155534,-2.389386950286572,9.81,1,1,8
-3.9399999999999995,-2.215231541499049,0.23086686849594124,1,uphill_step,-2.215231530565036,1.093401280627404e-08,rolling,0.39,0.39269908169872414,0.008453769502155534,-2.389386950286572,9.81,1,1,8
-3.92,-2.1974191184025806,0.23247435033321387,1,uphill_step,-2.1974191075007776,1.0901803015883615e-08,rolling,0.39,0.39269908169872414,0.008453769502155534,-2.389386950286572,9.81,1,1,8
-3.9000000000000004,-2.1795528856691853,0.23410807430744177,1,uphill_step,-2.179552874790955,1.0878230316535564e-08,rolling,0.39,0.39269908169872414,0.008453769502155534,-2.389386950286572,9.81,1,1,8
-3.88,-2.161631509058024,0.23576877117156989,1,uphill_step,-2.1616314981998004,1.0858223653542609e-08,rolling,0.39,0.39269908169872414,0.008453769502155534,-2.389386950286572,9.81,1,1,8
-3.8600000000000003,-2.1436536055218642,0.23745720148086555,1,uphill_step,-2.1436535946858384,1.0836025854388254e-08,rolling,0.39,0.39269908169872414,0.008453769502155534,-2.389386950286572,9.81,1,1,8
-3.84,-2.1256177408012933,0.23917415797710426,1,uphill_step,-2.1256177299809846,1.082030864907324e-08,rolling,0.39,0.39269908169872414,0.008453769502155534,-2.389386950286572,9.81,1,1,8
-3.8200000000000003,-2.1075224268184174,0.24092046618461616,1,uphill_step,-2.1075224160159043,1.0802513106256129e-08,rolling,0.39,0.39269908169872414,0.008453769502155534,-2.389386950286572,9.81,1,1,8
-3.8,-2.089366118960847,0.24269698739051826,1,uphill_step,-2.089366108179587,1.0781259884851124e-08,rolling,0.39,0.39269908169872414,0.008453769502155534,-2.389386950286572,9.81,1,1,8
-3.7800000000000002,-2.071147213165234,0.24450461983680732,1,uphill_step,-2.0711472024000406,1.0765193625417169e-08,rolling,0.39,0.39269908169872414,0.008453769502155534,-2.389386950286572,9.81,1,1,8
-3.76,-2.052864042766964,0.24634429991245277,1,uphill_step,-2.052864032031716,1.0735248245907769e-08,rolling,0.39,0.39269908169872414,0.008453769502155534,-2.389386950286572,9.81,1,1,8
-3.74,-2.034514875254096,0.24821700811386116,1,uphill_step,-2.03451486453393,1.0720166088162841e-08,rolling,0.39,0.39269908169872414,0.008453769502155534,-2.389386950286572,9.81,1,1,8
-3.7199999999999998,-2.0160979086291193,0.25012376666069036,1,uphill_step,-2.0160978979229935,1.0706125763704222e-08,rolling,0.39,0.39269908169872414,0.008453769502155534,-2.389386950286572,9.81,1,1,8
-3.7,-1.9976112676743498,0.252065646648407,1,uphill_step,-1.9976112569790738,1.069527599817377e-08,rolling,0.39,0.39269908169872414,0.008453769502155534,-2.389386950286572,9.81,1,1,8
-3.6799999999999997,-1.9790529998542594,0.25404376626014713,1,uphill_step,-1.979052989186877,1.0667382310813878e-08,rolling,0.39,0.39269908169872414,0.008453769502155534,-2.389386950286572,9.81,1,1,8
-3.66,-1.960421071041404,0.25605929970741276,1,uphill_step,-1.9604210603871595,1.0654244597674278e-08,rolling,0.39,0.39269908169872414,0.008453769502155534,-2.389386950286572,9.81,1,1,8
-3.6399999999999997,-1.9417133607561938,0.2581134748458863,1,uphill_step,-1.941713350113634,1.0642559722384703e-08,rolling,0.39,0.39269908169872414,0.008453769502155534,-2.389386950286572,9.81,1,1,8
-3.62,-1.9229276572169347,0.2602075797319413,1,uphill_step,-1.9229276465872331,1.0629701563402705e-08,rolling,0.39,0.39269908169872414,0.008453769502155534,-2.389386950286572,9.81,1,1,8
-3.5999999999999996,-1.9040616519510325,0.26234296739101415,1,uphill_step,-1.9040616413366225,1.0614410017595333e-08,rolling,0.39,0.39269908169872414,0.008453769502155534,-2.389386950286572,9.81,1,1,8
-3.58,-1.8851129340094093,0.26452105760574346,1,uphill_step,-1.8851129234105617,1.0598847577369952e-08,rolling,0.39,0.39269908169872414,0.008453769502155534,-2.389386950286572,9.81,1,1,8
-3.5599999999999996,-1.8660789837244511,0.2667433428764344,1,uphill_step,-1.866078973143825,1.0580626153000594e-08,rolling,0.39,0.39269908169872414,0.008453769502155534,-2.389386950286572,9.81,1,1,8
-3.54,-1.8469571660046609,0.2690113937854767,1,uphill_step,-1.8469571554341793,1.0570481601135384e-08,rolling,0.39,0.39269908169872414,0.008453769502155534,-2.389386950286572,9.81,1,1,8
-3.5199999999999996,-1.8277447230519945,0.27132686376571663,1,uphill_step,-1.827744712482986,1.0569008557226311e-08,rolling,0.39,0.39269908169872414,0.008453769502155534,-2.389386950286572,9.81,1,1,8
-3.5,-1.8084387664936319,0.2736914938688279,1,uphill_step,-1.8084387559465525,1.0547079432043915e-08,rolling,0.39,0.39269908169872414,0.008453769502155534,-2.389386950286572,9.81,1,1,8
-3.4799999999999995,-1.7890362689842603,0.27610712349414834,1,uphill_step,-1.789036258439027,1.0545233353198569e-08,rolling,0.39,0.39269908169872414,0.008453769502155534,-2.389386950286572,9.81,1,1,8
-3.46,-1.7695340548560854,0.278575690984726,1,uphill_step,-1.7695340443205703,1.0535515126974815e-08,rolling,0.39,0.39269908169872414,0.008453769502155534,-2.389386950286572,9.81,1,1,8
-3.4399999999999995,-1.749928790229885,0.2810992473363877,1,uphill_step,-1.7499287796963376,1.053354736768597e-08,rolling,0.39,0.39269908169872414,0.008453769502155534,-2.389386950286572,9.81,1,1,8
-3.42,-1.730216972061182,0.2836799609661103,1,uphill_step,-1.730216961542544,1.0518637960643673e-08,rolling,0.39,0.39269908169872414,0.008453769502155534,-2.389386950286572,9.81,1,1,8
-3.3999999999999995,-1.710394916380197,0.2863201296329499,1,uphill_step,-1.7103949058651668,1.0515030179902851e-08,rolling,0.39,0.39269908169872414,0.008453769502155534,-2.389386950286572,9.81,1,1,8
-3.38,-1.6904587452969435,0.28902218759059917,1,uphill_step,-1.6904587347845892,1.05123543203689e-08,rolling,0.39,0.39269908169872414,0.008453769502155534,-2.389386950286572,9.81,1,1,8
-3.3600000000000003,-1.6704043729309053,0.2917887192964555,1,uphill_step,-1.6704043624253126,1.0505592618059723e-08,rolling,0.39,0.39269908169872414,0.008453769502155534,-2.389386950286572,9.81,1,1,8
-3.34,-1.650227489974403,0.2946224719285966,1,uphill_step,-1.6502274794735163,1.0500886604702941e-08,rolling,0.39,0.39269908169872414,0.008453769502155534,-2.389386950286572,9.81,1,1,8
-3.3200000000000003,-1.6299235467442983,0.2975263673067094,1,uphill_step,-1.6299235362462605,1.0498037772421753e-08,rolling,0.39,0.39269908169872414,0.008453769502155534,-2.389386950286572,9.81,1,1,8
-3.3,-1.6094877346084455,0.30050351917743695,1,uphill_step,-1.6094877240940715,1.0514374038095298e-08,rolling,0.39,0.39269908169872414,0.008453769502155534,-2.389386950286572,9.81,1,1,8
-3.2800000000000002,-1.5889149654452934,0.3035572475194932,1,uphill_step,-1.58891495493293,1.0512363424197702e-08,rolling,0.39,0.39269908169872414,0.008453769502155534,-2.389386950286572,9.81,1,1,8
-3.26,-1.5681998491771492,0.3066911005973817,1,uphill_step,-1.5681998386715623,1.0505586844899995e-08,rolling,0.39,0.39269908169872414,0.008453769502155534,-2.389386950286572,9.81,1,1,8
-3.24,-1.5473366687832901,0.3099088752269746,1,uphill_step,-1.547336658264618,1.0518672155512832e-08,rolling,0.39,0.39269908169872414,0.008453769502155534,-2.389386950286572,9.81,1,1,8
-3.2199999999999998,-1.5263193526051764,0.3132146382331849,1,uphill_step,-1.5263193420806516,1.0524524807209445e-08,rolling,0.39,0.39269908169872414,0.008453769502155534,-2.389386950286572,9.81,1,1,8
-3.2,-1.5051414437532202,0.31661275506019604,1,uphill_step,-1.5051414332246373,1.0528582894409055e-08,rolling,0.39,0.39269908169872414,0.008453769502155534,-2.389386950286572,9.81,1,1,8
-3.1799999999999997,-1.483796065946319,0.320107919573784,1,uphill_step,-1.483796055396264,1.0550055051794516e-08,rolling,0.39,0.39269908169872414,0.008453769502155534,-2.389386950286572,9.81,1,1,8
-3.16,-1.4622758853639142,0.32370518624782574,1,uphill_step,-1.462275874795695,1.0568219188655803e-08,rolling,0.39,0.39269908169872414,0.008453769502155534,-2.389386950286572,9.81,1,1,8
-3.1399999999999997,-1.440573068078841,0.32741000831127176,1,uphill_step,-1.4405730575050726,1.0573768305377484e-08,rolling,0.39,0.39269908169872414,0.008453769502155534,-2.389386950286572,9.81,1,1,8
-3.12,-1.4186792322786337,0.33122828423976913,1,uphill_step,-1.4186792216739887,1.060464493995994e-08,rolling,0.39,0.39269908169872414,0.008453769502155534,-2.389386950286572,9.81,1,1,8
-3.0999999999999996,-1.3965853943384137,0.33516640126705183,1,uphill_step,-1.396585383716124,1.0622289714490307e-08,rolling,0.39,0.39269908169872414,0.008453769502155534,-2.389386950286572,9.81,1,1,8
-3.08,-1.3742819082216804,0.3392312961816789,1,uphill_step,-1.374281897577609,1.0644071402055033e-08,rolling,0.39,0.39269908169872414,0.008453769502155534,-2.389386950286572,9.81,1,1,8
-3.0599999999999996,-1.3517583966361109,0.3434305185079576,1,uphill_step,-1.3517583859586422,1.0677468686992597e-08,rolling,0.39,0.39269908169872414,0.008453769502155534,-2.389386950286572,9.81,1,1,8
-3.04,-1.329003672851883,0.3477723026275636,1,uphill_step,-1.3290036621505277,1.0701355357412012e-08,rolling,0.39,0.39269908169872414,0.008453769502155534,-2.389386950286572,9.81,1,1,8
-3.0199999999999996,-1.306005651630575,0.35226565778255475,1,uphill_step,-1.3060056408796683,1.0750906609402477e-08,rolling,0.39,0.39269908169872414,0.008453769502155534,-2.389386950286572,9.81,1,1,8
-3.0,-1.2827512470018734,0.35692046225070967,1,uphill_step,-1.2827512362143776,1.0787495785535839e-08,rolling,0.39,0.39269908169872414,0.008453769502155534,-2.389386950286572,9.81,1,1,8
-2.9799999999999995,-1.2592262550015592,0.3617475843429567,1,uphill_step,-1.2592262441712025,1.0830356611535308e-08,rolling,0.39,0.39269908169872414,0.008453769502155534,-2.389386950286572,9.81,1,1,8
-2.96,-1.2354152180100657,0.3667590171098711,1,uphill_step,-1.235415207130588,1.0879477763126033e-08,rolling,0.39,0.39269908169872414,0.008453769502155534,-2.389386950286572,9.81,1,1,8
-2.9399999999999995,-1.2113012674428314,0.37196803748607654,1,uphill_step,-1.2113012565045547,1.0938276728822416e-08,rolling,0.39,0.39269908169872414,0.008453769502155534,-2.389386950286572,9.81,1,1,8
-2.92,-1.1868659402425346,0.3773893982172014,1,uphill_step,-1.1868659292479136,1.0994620991411352e-08,rolling,0.39,0.39269908169872414,0.008453769502155534,-2.389386950286572,9.81,1,1,8
-2.8999999999999995,-1.1620889637800638,0.3830395549535753,1,uphill_step,-1.1620889527095215,1.1070542260682714e-08,rolling,0.39,0.39269908169872414,0.008453769502155534,-2.389386950286572,9.81,1,1,8
-2.88,-1.1369480020369378,0.3889369362592699,1,uphill_step,-1.136947990899106,1.113783176798222e-08,rolling,0.39,0.39269908169872414,0.008453769502155534,-2.389386950286572,9.81,1,1,8
-2.8600000000000003,-1.111418354609472,0.39510227680206317,1,uphill_step,-1.1114183433835862,1.122588577651129e-08,rolling,0.39,0.39269908169872414,0.008453769502155534,-2.389386950286572,9.81,1,1,8
-2.84,-1.085472596880956,0.40155901312828085,1,uphill_step,-1.0854725855633178,1.1317638159979992e-08,rolling,0.39,0.39269908169872414,0.008453769502155534,-2.389386950286572,9.81,1,1,8
-2.8200000000000003,-1.059080147205121,0.40833377957344075,1,uphill_step,-1.059080135782706,1.1422415013839782e-08,rolling,0.39,0.39269908169872414,0.008453769502155534,-2.389386950286572,9.81,1,1,8
-2.8,-1.0322067418049348,0.4154570138454439,1,uphill_step,-1.0322067302674953,1.1537439448261466e-08,rolling,0.39,0.39269908169872414,0.008453769502155534,-2.389386950286572,9.81,1,1,8
-2.7800000000000002,-1.0048137924351241,0.4229637205600741,1,uphill_step,-1.0048137807621444,1.1672979693955199e-08,rolling,0.39,0.39269908169872414,0.008453769502155534,-2.389386950286572,9.81,1,1,8
-2.76,-0.9768575930465886,0.43089443027973195,1,uphill_step,-0.976857581231529,1.1815059597353184e-08,rolling,0.39,0.39269908169872414,0.008453769502155534,-2.389386950286572,9.81,1,1,8
-2.74,-0.9482883299522997,0.4392964309453966,1,uphill_step,-0.9482883179758752,1.1976424518778117e-08,rolling,0.39,0.39269908169872414,0.008453769502155534,-2.389386950286572,9.81,1,1,8
-2.7199999999999998,-0.919048832407459,0.4482253557443621,1,uphill_step,-0.9190488202535889,1.2153870132536326e-08,rolling,0.39,0.39269908169872414,0.008453769502155534,-2.389386950286572,9.81,1,1,8
-2.7,-0.8890729756237201,0.4577472728490832,1,uphill_step,-0.8890729632653973,1.2358322809546962e-08,rolling,0.39,0.39269908169872414,0.008453769502155534,-2.389386950286572,9.81,1,1,8
-2.6799999999999997,-0.8582836102420968,0.4679414683580401,1,uphill_step,-0.858283597658439,1.2583657782450075e-08,rolling,0.39,0.39269908169872414,0.008453769502155534,-2.389386950286572,9.81,1,1,8
-2.66,-0.8265898349540641,0.4789042288064959,1,uphill_step,-0.8265898221061727,1.2847891417422375e-08,rolling,0.39,0.39269908169872414,0.008453769502155534,-2.389386950286572,9.81,1,1,8
-2.6399999999999997,-0.7938833383348997,0.4907540756464007,1,uphill_step,-0.7938833251867135,1.3148186206457524e-08,rolling,0.39,0.39269908169872414,0.008453769502155534,-2.389386950286572,9.81,1,1,8
-2.62,-0.7600333904088208,0.5036391907930376,1,uphill_step,-0.7600333769049319,1.3503888895982641e-08,rolling,0.39,0.39269908169872414,0.008453769502155534,-2.389386950286572,9.81,1,1,8
-2.5999999999999996,-0.7248798205046554,0.5177482187747957,1,uphill_step,-0.7248798065952128,1.3909442597714872e-08,rolling,0.39,0.39269908169872414,0.008453769502155534,-2.389386950286572,9.81,1,1,8
-2.58,-0.6882228954497837,0.5333264935016635,1,uphill_step,-0.6882228810563582,1.439342545150879e-08,rolling,0.39,0.39269908169872414,0.008453769502155534,-2.389386950286572,9.81,1,1,8
-2.5599999999999996,-0.6498082436097626,0.5507013040781024,1,uphill_step,-0.6498082286409682,1.4968794426195586e-08,rolling,0.39,0.39269908169872414,0.008453769502155534,-2.389386950286572,9.81,1,1,8
-2.54,-0.6093034983560164,0.5703230291604998,1,uphill_step,-0.6093034826829025,1.5673113917813453e-08,rolling,0.39,0.39269908169872414,0.008453769502155534,-2.389386950286572,9.81,1,1,8
-2.5199999999999996,-0.5662603224269444,0.5928358215093615,1,uphill_step,-0.5662603058748802,1.6552064163732894e-08,rolling,0.39,0.39269908169872414,0.008453769502155534,-2.389386950286572,9.81,1,1,8
-2.5,-0.5200487981010402,0.619207664728165,1,uphill_step,-0.5200487804134473,1.768759294584754e-08,rolling,0.39,0.39269908169872414,0.008453769502155534,-2.389386950286572,9.81,1,1,8
-2.4799999999999995,-0.4697347677754296,0.6509919339418415,1,uphill_step,-0.46973474856509473,1.921033487839452e-08,rolling,0.39,0.39269908169872414,0.008453769502155534,-2.389386950286572,9.81,1,1,8
-2.46,-0.41382454218490483,0.6909214174747471,1,uphill_step,-0.41382452079294885,2.139195598438448e-08,rolling,0.39,0.39269908169872414,0.008453769502155534,-2.389386950286572,9.81,1,1,8
-2.4399999999999995,-0.3496437492087249,0.7445204848051076,1,uphill_step,-0.3496437243960099,2.481271499377158e-08,rolling,0.39,0.39269908169872414,0.008453769502155534,-2.389386950286572,9.81,1,1,8
-2.42,-0.27138671855931723,0.8259842091798787,1,uphill_step,-0.27138668723707476,3.13222424663806e-08,rolling,0.39,0.39269908169872414,0.008453769502155534,-2.389386950286572,9.81,1,1,8
-2.3999999999999995,-0.15953291401857475,0.9997194308042533,1,uphill_step,-0.1595328618483116,5.217026313730777e-08,rolling,0.39,0.39269908169872414,0.008453769502155534,-2.389386950286572,9.81,1,1,8
-2.3894869502865723,-0.016573872618779288,1.8528881341218963,1,uphill_step,-0.016573376373749074,4.962450302140042e-07,rolling,0.39,0.39269908169872414,0.008453769502155534,-2.389386950286572,9.81,1,1,8
-2.389386950286572,nan,nan,0,upright_asymptote,nan,nan,unresolved,0.39,0.39269908169872414,0.008453769502155534,-2.389386950286572,9.81,1,1,8
-2.389286950286572,1.6894810053740927,3.464672683477372,1,rocking_return,1.6894810047481605,6.259321949642072e-10,rolling,0.39,0.39269908169872414,0.008453769502155534,-2.389386950286572,9.81,1,1,8
-2.38,1.6829141414906594,2.0143884497880946,1,rocking_return,1.6829141392239833,2.2666761800849144e-09,rolling,0.39,0.39269908169872414,0.008453769502155534,-2.389386950286572,9.81,1,1,8
-2.3600000000000003,1.668772004582352,1.6493861591815961,1,rocking_return,1.6687720036002525,9.820995128251298e-10,rolling,0.39,0.39269908169872414,0.008453769502155534,-2.389386950286572,9.81,1,1,8
-2.34,1.6546298699616595,1.4828464072942744,1,rocking_return,1.6546298679765212,1.9851382759839e-09,rolling,0.39,0.39269908169872414,0.008453769502155534,-2.389386950286572,9.81,1,1,8
-2.3200000000000003,1.6404877327275578,1.3734036445617686,1,rocking_return,1.6404877323527907,3.7476710623707277e-10,rolling,0.39,0.39269908169872414,0.008453769502155534,-2.389386950286572,9.81,1,1,8
-2.3,1.6263455979609067,1.291585714817048,1,rocking_return,1.6263455967290592,1.2318475128836326e-09,rolling,0.39,0.39269908169872414,0.008453769502155534,-2.389386950286572,9.81,1,1,8
-2.2800000000000002,1.612203461345137,1.226110564470292,1,rocking_return,1.6122034611053286,2.3980839536363874e-10,rolling,0.39,0.39269908169872414,0.008453769502155534,-2.389386950286572,9.81,1,1,8
-2.26,1.598061325901366,1.1714444828033455,1,rocking_return,1.5980613254815974,4.1976866427262394e-10,rolling,0.39,0.39269908169872414,0.008453769502155534,-2.389386950286572,9.81,1,1,8
-2.24,1.5839191927523484,1.124458701610566,1,rocking_return,1.5839191898578666,2.894481765380874e-09,rolling,0.39,0.39269908169872414,0.008453769502155534,-2.389386950286572,9.81,1,1,8
-2.2199999999999998,1.5697770556100608,1.0832107686996468,1,rocking_return,1.5697770542341354,1.3759253736367327e-09,rolling,0.39,0.39269908169872414,0.008453769502155534,-2.389386950286572,9.81,1,1,8
-2.2,1.5556349201000648,1.0464116626977928,1,rocking_return,1.5556349186104048,1.4896599509484076e-09,rolling,0.39,0.39269908169872414,0.008453769502155534,-2.389386950286572,9.81,1,1,8
-2.1799999999999997,1.5414927850779978,1.0131621062755591,1,rocking_return,1.5414927829866736,2.0913242249065433e-09,rolling,0.39,0.39269908169872414,0.008453769502155534,-2.389386950286572,9.81,1,1,8
-2.16,1.5273506501204668,0.9828097736835486,1,rocking_return,1.5273506473629428,2.7575239869293e-09,rolling,0.39,0.39269908169872414,0.008453769502155534,-2.389386950286572,9.81,1,1,8
-2.1399999999999997,1.5132085145708802,0.9548664325475699,1,rocking_return,1.5132085117392116,2.8316686773166566e-09,rolling,0.39,0.39269908169872414,0.008453769502155534,-2.389386950286572,9.81,1,1,8
-2.12,1.499066378821385,0.9289571589231497,1,rocking_return,1.499066376115481,2.7059039453547484e-09,rolling,0.39,0.39269908169872414,0.008453769502155534,-2.389386950286572,9.81,1,1,8
-2.0999999999999996,1.4849242413030153,0.9047877919673926,1,rocking_return,1.4849242404917498,8.112654992231683e-10,rolling,0.39,0.39269908169872414,0.008453769502155534,-2.389386950286572,9.81,1,1,8
-2.08,1.4707821074606886,0.8821232950687414,1,rocking_return,1.470782104868019,2.5926696345379696e-09,rolling,0.39,0.39269908169872414,0.008453769502155534,-2.389386950286572,9.81,1,1,8
-2.0599999999999996,1.4566399698495407,0.8607729047536855,1,rocking_return,1.4566399692442877,6.052529588629341e-10,rolling,0.39,0.39269908169872414,0.008453769502155534,-2.389386950286572,9.81,1,1,8
-2.04,1.4424978347537745,0.840579674839974,1,rocking_return,1.4424978336205572,1.133217297777378e-09,rolling,0.39,0.39269908169872414,0.008453769502155534,-2.389386950286572,9.81,1,1,8
-2.0199999999999996,1.428355698416508,0.8214129275083547,1,rocking_return,1.4283556979968257,4.196822889213081e-10,rolling,0.39,0.39269908169872414,0.008453769502155534,-2.389386950286572,9.81,1,1,8
-2.0,1.4142135638233801,0.803162705302239,1,rocking_return,1.4142135623730951,1.4502850032016568e-09,rolling,0.39,0.39269908169872414,0.008453769502155534,-2.389386950286572,9.81,1,1,8
-1.9799999999999995,1.400071426790717,0.7857356095314031,1,rocking_return,1.400071426749364,4.135314313202798e-11,rolling,0.39,0.39269908169872414,0.008453769502155534,-2.389386950286572,9.81,1,1,8
-1.96,1.3859292919454007,0.769051638245583,1,rocking_return,1.3859292911256331,8.197675871457477e-10,rolling,0.39,0.39269908169872414,0.008453769502155534,-2.389386950286572,9.81,1,1,8
-1.9399999999999995,1.3717871583480126,0.7530417394638066,1,rocking_return,1.371787155501902,2.8461106804655856e-09,rolling,0.39,0.39269908169872414,0.008453769502155534,-2.389386950286572,9.81,1,1,8
-1.92,1.3576450212342503,0.7376459008455281,1,rocking_return,1.3576450198781713,1.3560790268485334e-09,rolling,0.39,0.39269908169872414,0.008453769502155534,-2.389386950286572,9.81,1,1,8
-1.8999999999999995,1.3435028868838794,0.7228116410970692,1,rocking_return,1.34350288425444,2.629439332935135e-09,rolling,0.39,0.39269908169872414,0.008453769502155534,-2.389386950286572,9.81,1,1,8
-1.88,1.3293607486658514,0.7084927964210515,1,rocking_return,1.3293607486307093,3.5142111443065005e-11,rolling,0.39,0.39269908169872414,0.008453769502155534,-2.389386950286572,9.81,1,1,8
-1.8599999999999994,1.3152186135398438,0.6946485507488255,1,rocking_return,1.315218613006978,5.328657515235591e-10,rolling,0.39,0.39269908169872414,0.008453769502155534,-2.389386950286572,9.81,1,1,8
-1.8399999999999999,1.3010764784252151,0.6812426364421849,1,rocking_return,1.3010764773832475,1.0419676232942265e-09,rolling,0.39,0.39269908169872414,0.008453769502155534,-2.389386950286572,9.81,1,1,8
-1.8200000000000003,1.2869343426394195,0.6682426846027378,1,rocking_return,1.2869343417595167,8.799028172745693e-10,rolling,0.39,0.39269908169872414,0.008453769502155534,-2.389386950286572,9.81,1,1,8
-1.7999999999999998,1.2727922063595902,0.6556196856498722,1,rocking_return,1.2727922061357855,2.2380475250827203e-10,rolling,0.39,0.39269908169872414,0.008453769502155534,-2.389386950286572,9.81,1,1,8
-1.7800000000000002,1.2586500713267426,0.6433475399017338,1,rocking_return,1.258650070512055,8.146876506742728e-10,rolling,0.39,0.39269908169872414,0.008453769502155534,-2.389386950286572,9.81,1,1,8
-1.7599999999999998,1.2445079373625192,0.6314026802778248,1,rocking_return,1.2445079348883237,2.47419551513417e-09,rolling,0.39,0.39269908169872414,0.008453769502155534,-2.389386950286572,9.81,1,1,8
-1.7400000000000002,1.230365799182618,0.6197637540102008,1,rocking_return,1.2303657992645929,8.197487133543291e-11,rolling,0.39,0.39269908169872414,0.008453769502155534,-2.389386950286572,9.81,1,1,8
-1.7199999999999998,1.2162236640111748,0.6084113568067554,1,rocking_return,1.2162236636408617,3.7031311350688156e-10,rolling,0.39,0.39269908169872414,0.008453769502155534,-2.389386950286572,9.81,1,1,8
-1.7000000000000002,1.2020815289700835,0.5973277986049655,1,rocking_return,1.202081528017131,9.529523836704357e-10,rolling,0.39,0.39269908169872414,0.008453769502155534,-2.389386950286572,9.81,1,1,8
-1.6799999999999997,1.187939394103785,0.5864969092607502,1,rocking_return,1.1879393923933996,1.7103853888755793e-09,rolling,0.39,0.39269908169872414,0.008453769502155534,-2.389386950286572,9.81,1,1,8
-1.6600000000000001,1.1737972568980324,0.5759038680791858,1,rocking_return,1.173797256769669,1.2836331997334582e-10,rolling,0.39,0.39269908169872414,0.008453769502155534,-2.389386950286572,9.81,1,1,8
-1.6399999999999997,1.1596551232518575,0.5655350595712665,1,rocking_return,1.1596551211459378,2.1059196608774755e-09,rolling,0.39,0.39269908169872414,0.008453769502155534,-2.389386950286572,9.81,1,1,8
-1.62,1.145512988101113,0.555377942323685,1,rocking_return,1.145512985522207,2.5789059776570866e-09,rolling,0.39,0.39269908169872414,0.008453769502155534,-2.389386950286572,9.81,1,1,8
-1.5999999999999996,1.1313708498311736,0.545420941114426,1,rocking_return,1.1313708498984758,6.730216384198684e-11,rolling,0.39,0.39269908169872414,0.008453769502155534,-2.389386950286572,9.81,1,1,8
-1.58,1.1172287150943967,0.5356533509492877,1,rocking_return,1.1172287142747452,8.196514578173719e-10,rolling,0.39,0.39269908169872414,0.008453769502155534,-2.389386950286572,9.81,1,1,8
-1.5599999999999996,1.103086580664949,0.5260652482509616,1,rocking_return,1.103086578651014,2.013935018752022e-09,rolling,0.39,0.39269908169872414,0.008453769502155534,-2.389386950286572,9.81,1,1,8
-1.54,1.088944444361685,0.5166474181413653,1,rocking_return,1.0889444430272832,1.3344017002481223e-09,rolling,0.39,0.39269908169872414,0.008453769502155534,-2.389386950286572,9.81,1,1,8
-1.5199999999999996,1.0748023082456362,0.5073912888765337,1,rocking_return,1.074802307403552,8.42084180163738e-10,rolling,0.39,0.39269908169872414,0.008453769502155534,-2.389386950286572,9.81,1,1,8
-1.5,1.0606601740962727,0.49828887224197416,1,rocking_return,1.0606601717798214,2.316451253037144e-09,rolling,0.39,0.39269908169872414,0.008453769502155534,-2.389386950286572,9.81,1,1,8
-1.4799999999999995,1.0465180360925965,0.48933270990848565,1,rocking_return,1.0465180361560902,6.34936547783127e-11,rolling,0.39,0.39269908169872414,0.008453769502155534,-2.389386950286572,9.81,1,1,8
-1.46,1.0323759012360316,0.4805158311128619,1,rocking_return,1.0323759005323594,7.036722315945099e-10,rolling,0.39,0.39269908169872414,0.008453769502155534,-2.389386950286572,9.81,1,1,8
-1.4399999999999995,1.0182337649655617,0.47183170616626763,1,rocking_return,1.0182337649086282,5.693356897040758e-11,rolling,0.39,0.39269908169872414,0.008453769502155534,-2.389386950286572,9.81,1,1,8
-1.42,1.0040916295188644,0.46327421307563804,1,rocking_return,1.0040916292848976,2.33966845897271e-10,rolling,0.39,0.39269908169872414,0.008453769502155534,-2.389386950286572,9.81,1,1,8
-1.3999999999999995,0.9899494955894675,0.4548376023769381,1,rocking_return,0.9899494936611662,1.9283012964166346e-09,rolling,0.39,0.39269908169872414,0.008453769502155534,-2.389386950286572,9.81,1,1,8
-1.38,0.9758073604682005,0.44651646673679374,1,rocking_return,0.9758073580374356,2.4307649226784633e-09,rolling,0.39,0.39269908169872414,0.008453769502155534,-2.389386950286572,9.81,1,1,8
-1.3599999999999994,0.9616652222883756,0.4383057147264483,1,rocking_return,0.9616652224137043,1.2532874738013788e-10,rolling,0.39,0.39269908169872414,0.008453769502155534,-2.389386950286572,9.81,1,1,8
-1.3399999999999999,0.9475230890437926,0.43020054817199727,1,rocking_return,0.9475230867899737,2.2538189092813354e-09,rolling,0.39,0.39269908169872414,0.008453769502155534,-2.389386950286572,9.81,1,1,8
-1.3200000000000003,0.9333809533945625,0.422196434736252,1,rocking_return,0.933380951166243,2.2283195288963498e-09,rolling,0.39,0.39269908169872414,0.008453769502155534,-2.389386950286572,9.81,1,1,8
-1.2999999999999998,0.9192388171372413,0.4142890930175783,1,rocking_return,0.9192388155425117,1.5947295706197906e-09,rolling,0.39,0.39269908169872414,0.008453769502155534,-2.389386950286572,9.81,1,1,8
-1.2800000000000002,0.9050966824183028,0.4064744722843172,1,rocking_return,0.9050966799187811,2.499521700727314e-09,rolling,0.39,0.39269908169872414,0.008453769502155534,-2.389386950286572,9.81,1,1,8
-1.2599999999999998,0.890954545476617,0.3987487345933916,1,rocking_return,0.8909545442950498,1.1815671774328962e-09,rolling,0.39,0.39269908169872414,0.008453769502155534,-2.389386950286572,9.81,1,1,8
-1.2400000000000002,0.8768124099927036,0.39110824227333085,1,rocking_return,0.8768124086713192,1.3213844463066948e-09,rolling,0.39,0.39269908169872414,0.008453769502155534,-2.389386950286572,9.81,1,1,8
-1.2199999999999998,0.8626702733601893,0.38354954123497026,1,rocking_return,0.8626702730475878,3.126015002408167e-10,rolling,0.39,0.39269908169872414,0.008453769502155534,-2.389386950286572,9.81,1,1,8
-1.2000000000000002,0.8485281387268541,0.37606935083866133,1,rocking_return,0.8485281374238572,1.3029968215505505e-09,rolling,0.39,0.39269908169872414,0.008453769502155534,-2.389386950286572,9.81,1,1,8
-1.1799999999999997,0.8343860026070341,0.3686645495891573,1,rocking_return,0.8343860018001259,8.069082069184219e-10,rolling,0.39,0.39269908169872414,0.008453769502155534,-2.389386950286572,9.81,1,1,8
-1.1600000000000001,0.8202438664894031,0.36133216679096236,1,rocking_return,0.8202438661763953,3.13007730845527e-10,rolling,0.39,0.39269908169872414,0.008453769502155534,-2.389386950286572,9.81,1,1,8
-1.1399999999999997,0.806101732451883,0.3540693718194963,1,rocking_return,0.806101730552664,1.8992190042865786e-09,rolling,0.39,0.39269908169872414,0.008453769502155534,-2.389386950286572,9.81,1,1,8
-1.12,0.7919595973038345,0.34687346398830426,1,rocking_return,0.7919595949289333,2.3749011646145846e-09,rolling,0.39,0.39269908169872414,0.008453769502155534,-2.389386950286572,9.81,1,1,8
-1.0999999999999996,0.7778174590458261,0.33974186539649975,1,rocking_return,0.7778174593052021,2.5937596515035466e-10,rolling,0.39,0.39269908169872414,0.008453769502155534,-2.389386950286572,9.81,1,1,8
-1.08,0.7636753260264488,0.3326721149683,1,rocking_return,0.7636753236814714,2.344977434454165e-09,rolling,0.39,0.39269908169872414,0.008453769502155534,-2.389386950286572,9.81,1,1,8
-1.0599999999999996,0.7495331893262976,0.3256618559360505,1,rocking_return,0.7495331880577402,1.2685574812820732e-09,rolling,0.39,0.39269908169872414,0.008453769502155534,-2.389386950286572,9.81,1,1,8
-1.04,0.7353910528734909,0.31870883524417887,1,rocking_return,0.7353910524340095,4.3948145123096083e-10,rolling,0.39,0.39269908169872414,0.008453769502155534,-2.389386950286572,9.81,1,1,8
-1.0199999999999996,0.7212489170264688,0.31181089401245127,1,rocking_return,0.7212489168102783,2.1619050993848532e-10,rolling,0.39,0.39269908169872414,0.008453769502155534,-2.389386950286572,9.81,1,1,8
-1.0,0.707106782830296,0.30496596276760113,1,rocking_return,0.7071067811865476,1.6437484706699479e-09,rolling,0.39,0.39269908169872414,0.008453769502155534,-2.389386950286572,9.81,1,1,8
-0.9799999999999995,0.6929646481497668,0.29817205548286446,1,rocking_return,0.6929646455628163,2.5869504316489156e-09,rolling,0.39,0.39269908169872414,0.008453769502155534,-2.389386950286572,9.81,1,1,8
-0.96,0.6788225121010397,0.291427265405655,1,rocking_return,0.6788225099390857,2.161954060220239e-09,rolling,0.39,0.39269908169872414,0.008453769502155534,-2.389386950286572,9.81,1,1,8
-0.9399999999999995,0.6646803741678348,0.2847297602891923,1,rocking_return,0.6646803743153543,1.4751955212943813e-10,rolling,0.39,0.39269908169872414,0.008453769502155534,-2.389386950286572,9.81,1,1,8
-0.9199999999999999,0.6505382394945504,0.2780777794122697,1,rocking_return,0.6505382386916237,8.029266140852087e-10,rolling,0.39,0.39269908169872414,0.008453769502155534,-2.389386950286572,9.81,1,1,8
-0.8999999999999995,0.6363961044175293,0.27146962642669686,1,rocking_return,0.6363961030678924,1.3496368467258435e-09,rolling,0.39,0.39269908169872414,0.008453769502155534,-2.389386950286572,9.81,1,1,8
-0.8799999999999999,0.6222539689010713,0.264903668165207,1,rocking_return,0.6222539674441618,1.4569094819449901e-09,rolling,0.39,0.39269908169872414,0.008453769502155534,-2.389386950286572,9.81,1,1,8
-0.8599999999999994,0.6081118320940084,0.2583783304691315,1,rocking_return,0.6081118318204305,2.7357793808135966e-10,rolling,0.39,0.39269908169872414,0.008453769502155534,-2.389386950286572,9.81,1,1,8
-0.8399999999999999,0.5939696977919543,0.2518920958042145,1,rocking_return,0.5939696961966998,1.5952544840658334e-09,rolling,0.39,0.39269908169872414,0.008453769502155534,-2.389386950286572,9.81,1,1,8
-0.8200000000000003,0.579827562962043,0.24544349789619455,1,rocking_return,0.5798275605729692,2.389073716635437e-09,rolling,0.39,0.39269908169872414,0.008453769502155534,-2.389386950286572,9.81,1,1,8
-0.7999999999999998,0.5656854251069755,0.23903112053871162,1,rocking_return,0.5656854249492379,1.5773760075887822e-10,rolling,0.39,0.39269908169872414,0.008453769502155534,-2.389386950286572,9.81,1,1,8
-0.7800000000000002,0.5515432909275579,0.23265359640121466,1,rocking_return,0.5515432893255073,1.6020506032887738e-09,rolling,0.39,0.39269908169872414,0.008453769502155534,-2.389386950286572,9.81,1,1,8
-0.7599999999999998,0.5374011558597193,0.2263096004724503,1,rocking_return,0.537401153701776,2.1579432685214783e-09,rolling,0.39,0.39269908169872414,0.008453769502155534,-2.389386950286572,9.81,1,1,8
-0.7400000000000002,0.5232590184333209,0.21999785065650945,1,rocking_return,0.5232590180780453,3.5527558672754367e-10,rolling,0.39,0.39269908169872414,0.008453769502155534,-2.389386950286572,9.81,1,1,8
-0.7199999999999998,0.5091168840168175,0.21371710598468785,1,rocking_return,0.5091168824543141,1.5625034599509036e-09,rolling,0.39,0.39269908169872414,0.008453769502155534,-2.389386950286572,9.81,1,1,8
-0.7000000000000002,0.49497474695624977,0.20746616125106815,1,rocking_return,0.4949747468305834,1.256663662019264e-10,rolling,0.39,0.39269908169872414,0.008453769502155534,-2.389386950286572,9.81,1,1,8
-0.6799999999999997,0.48083261337117345,0.20124384939670567,1,rocking_return,0.48083261120685217,2.164321277753345e-09,rolling,0.39,0.39269908169872414,0.008453769502155534,-2.389386950286572,9.81,1,1,8
-0.6600000000000001,0.46669047574548556,0.19504903435707094,1,rocking_return,0.4666904755831215,1.6236406663594494e-10,rolling,0.39,0.39269908169872414,0.008453769502155534,-2.389386950286572,9.81,1,1,8
-0.6399999999999997,0.4525483406663601,0.18888061523437502,1,rocking_return,0.4525483399593902,7.06969927044554e-10,rolling,0.39,0.39269908169872414,0.008453769502155534,-2.389386950286572,9.81,1,1,8
-0.6200000000000001,0.4384062066227183,0.18273751974105837,1,rocking_return,0.4384062043356596,2.2870587090828565e-09,rolling,0.39,0.39269908169872414,0.008453769502155534,-2.389386950286572,9.81,1,1,8
-0.5999999999999996,0.4242640711597971,0.17661870419979098,1,rocking_return,0.4242640687119283,2.4478687965512336e-09,rolling,0.39,0.39269908169872414,0.008453769502155534,-2.389386950286572,9.81,1,1,8
-0.5800000000000001,0.41012193511815065,0.17052315294742584,1,rocking_return,0.41012193308819767,2.0299529834844066e-09,rolling,0.39,0.39269908169872414,0.008453769502155534,-2.389386950286572,9.81,1,1,8
-0.5599999999999996,0.3959797995220982,0.16444987595081328,1,rocking_return,0.3959797974644664,2.057631842689034e-09,rolling,0.39,0.39269908169872414,0.008453769502155534,-2.389386950286572,9.81,1,1,8
-0.54,0.3818376616721611,0.1583979070186615,1,rocking_return,0.3818376618407357,1.6857459872454683e-10,rolling,0.39,0.39269908169872414,0.008453769502155534,-2.389386950286572,9.81,1,1,8
-0.5199999999999996,0.36769552605173794,0.152366304397583,1,rocking_return,0.3676955262170044,1.6526646717807125e-10,rolling,0.39,0.39269908169872414,0.008453769502155534,-2.389386950286572,9.81,1,1,8
-0.5,0.3535533926541784,0.14635414719581602,1,rocking_return,0.3535533905932738,2.060904613632175e-09,rolling,0.39,0.39269908169872414,0.008453769502155534,-2.389386950286572,9.81,1,1,8
-0.47999999999999954,0.33941125621105284,0.14036053419113156,1,rocking_return,0.3394112549695425,1.2415103389784576e-09,rolling,0.39,0.39269908169872414,0.008453769502155534,-2.389386950286572,9.81,1,1,8
-0.45999999999999996,0.3252691193726241,0.1343845850229263,1,rocking_return,0.3252691193458119,2.6812219111604918e-11,rolling,0.39,0.39269908169872414,0.008453769502155534,-2.389386950286572,9.81,1,1,8
-0.4399999999999995,0.31112698437761266,0.12842543780803678,1,rocking_return,0.3111269837220806,6.555320730683434e-10,rolling,0.39,0.39269908169872414,0.008453769502155534,-2.389386950286572,9.81,1,1,8
-0.41999999999999993,0.29698484812425746,0.12248224675655363,1,rocking_return,0.2969848480983499,2.590755387998911e-11,rolling,0.39,0.39269908169872414,0.008453769502155534,-2.389386950286572,9.81,1,1,8
-0.39999999999999947,0.28284271257913013,0.11655418336391447,1,rocking_return,0.2828427124746187,1.0451145504575265e-10,rolling,0.39,0.39269908169872414,0.008453769502155534,-2.389386950286572,9.81,1,1,8
-0.3799999999999999,0.2687005771144471,0.11064043402671812,1,rocking_return,0.268700576850888,2.6355911897368856e-10,rolling,0.39,0.39269908169872414,0.008453769502155534,-2.389386950286572,9.81,1,1,8
-0.35999999999999943,0.25455844180890164,0.10474019944667816,1,rocking_return,0.2545584412271567,5.817449300060673e-10,rolling,0.39,0.39269908169872414,0.008453769502155534,-2.389386950286572,9.81,1,1,8
-0.33999999999999986,0.24041630694920954,0.09885269403457642,1,rocking_return,0.24041630560342608,1.3457834568963989e-09,rolling,0.39,0.39269908169872414,0.008453769502155534,-2.389386950286572,9.81,1,1,8
-0.3200000000000003,0.22627417025254987,0.09297714412212371,1,rocking_return,0.22627416997969543,2.7285443349178706e-10,rolling,0.39,0.39269908169872414,0.008453769502155534,-2.389386950286572,9.81,1,1,8
-0.2999999999999998,0.21213203604871242,0.08711278915405274,1,rocking_return,0.21213203435596414,1.6927482748840816e-09,rolling,0.39,0.39269908169872414,0.008453769502155534,-2.389386950286572,9.81,1,1,8
-0.28000000000000025,0.19798989860271232,0.08125887751579285,1,rocking_return,0.1979898987322335,1.295211715657274e-10,rolling,0.39,0.39269908169872414,0.008453769502155534,-2.389386950286572,9.81,1,1,8
-0.2599999999999998,0.183847764683887,0.07541467010974885,1,rocking_return,0.1838477631085022,1.5753847948385413e-09,rolling,0.39,0.39269908169872414,0.008453769502155534,-2.389386950286572,9.81,1,1,8
-0.2400000000000002,0.1697056292948489,0.06957943499088287,1,rocking_return,0.16970562748477158,1.810077310260283e-09,rolling,0.39,0.39269908169872414,0.008453769502155534,-2.389386950286572,9.81,1,1,8
-0.21999999999999975,0.15556349295377853,0.06375244975090028,1,rocking_return,0.1555634918610403,1.0927382332326374e-09,rolling,0.39,0.39269908169872414,0.008453769502155534,-2.389386950286572,9.81,1,1,8
-0.20000000000000018,0.14142135781966933,0.05793300032615662,1,rocking_return,0.14142135623730964,1.582359687724022e-09,rolling,0.39,0.39269908169872414,0.008453769502155534,-2.389386950286572,9.81,1,1,8
-0.17999999999999972,0.12727922324311838,0.05212037920951844,1,rocking_return,0.12727922061357835,2.6295400301634686e-09,rolling,0.39,0.39269908169872414,0.008453769502155534,-2.389386950286572,9.81,1,1,8
-0.16000000000000014,0.11313708655612856,0.046313884854316714,1,rocking_return,0.11313708498984772,1.5662808411365248e-09,rolling,0.39,0.39269908169872414,0.008453769502155534,-2.389386950286572,9.81,1,1,8
-0.13999999999999968,0.09899495101902307,0.04051282286643982,1,rocking_return,0.09899494936611643,1.6529066448889296e-09,rolling,0.39,0.39269908169872414,0.008453769502155534,-2.389386950286572,9.81,1,1,8
-0.1200000000000001,0.08485281638978519,0.03471650302410126,1,rocking_return,0.08485281374238579,2.6473993969267084e-09,rolling,0.39,0.39269908169872414,0.008453769502155534,-2.389386950286572,9.81,1,1,8
-0.09999999999999964,0.07071068005137508,0.028924239277839662,1,rocking_return,0.0707106781186545,1.9327205807995185e-09,rolling,0.39,0.39269908169872414,0.008453769502155534,-2.389386950286572,9.81,1,1,8
-0.08000000000000007,0.05656854486576273,0.023135350346565248,1,rocking_return,0.05656854249492386,2.370838872445269e-09,rolling,0.39,0.39269908169872414,0.008453769502155534,-2.389386950286572,9.81,1,1,8
-0.05999999999999961,0.042426406876546696,0.017349156737327575,1,rocking_return,0.042426406871192576,5.3541199251938565e-12,rolling,0.39,0.39269908169872414,0.008453769502155534,-2.389386950286572,9.81,1,1,8
-0.040000000000000036,0.028284272862539914,0.011564983725547791,1,rocking_return,0.02828427124746193,1.615077984545854e-09,rolling,0.39,0.39269908169872414,0.008453769502155534,-2.389386950286572,9.81,1,1,8
-0.019999999999999574,0.014142138222809245,0.005782155990600585,1,rocking_return,0.01414213562373065,2.5990785947060946e-09,rolling,0.39,0.39269908169872414,0.008453769502155534,-2.389386950286572,9.81,1,1,8
0.0,0.0,nan,0,standing_limit,-0.0,0.0,standing,0.39,0.39269908169872414,0.008453769502155534,-2.389386950286572,9.81,1,1,8
0.008353769502155535,-0.005907007063423463,1.6360993552207959,1,rocking_return,-0.005907007063443548,2.0084628404859473e-14,standing,0.39,0.39269908169872414,0.008453769502155534,-2.389386950286572,9.81,1,1,8
0.008453769502155534,nan,nan,0,upright_asymptote,nan,nan,unresolved,0.39,0.39269908169872414,0.008453769502155534,-2.389386950286572,9.81,1,1,8
0.008553769502155533,1.6895519648860755,3.4523444795608227,1,downhill_step,1.6895519670838284,2.19775286858237e-09,rolling,0.39,0.39269908169872414,0.008453769502155534,-2.389386950286572,9.81,1,1,8
0.019999999999999574,1.6896003239083341,1.9361243718862549,1,downhill_step,1.6896003272935547,3.3852205483242415e-09,rolling,0.39,0.39269908169872414,0.008453769502155534,-2.389386950286572,9.81,1,1,8
0.040000000000000924,1.6897778714915495,1.615228819847108,1,downhill_step,1.689777874748775,3.2572256003504663e-09,rolling,0.39,0.39269908169872414,0.008453769502155534,-2.389386950286572,9.81,1,1,8
0.0600000000000005,1.6900737418051877,1.4584698009490977,1,downhill_step,1.69007374572546,3.9202723289832875e-09,rolling,0.39,0.39269908169872414,0.008453769502155534,-2.389386950286572,9.81,1,1,8
0.08000000000000007,1.6904878755616777,1.3538110494613658,1,downhill_step,1.6904878780962869,2.5346091891975675e-09,rolling,0.39,0.39269908169872414,0.008453769502155534,-2.389386950286572,9.81,1,1,8
0.09999999999999964,1.6910201805469507,1.2751376324892054,1,downhill_step,1.6910201849742912,4.4273404942174466e-09,rolling,0.39,0.39269908169872414,0.008453769502155534,-2.389386950286572,9.81,1,1,8
0.120000000000001,1.6916705517822155,1.2120864653587349,1,downhill_step,1.691670554803886,3.0216704693941665e-09,rolling,0.39,0.39269908169872414,0.008453769502155534,-2.389386950286572,9.81,1,1,8
0.14000000000000057,1.6924388487539523,1.1594761627912529,1,downhill_step,1.6924388514775022,2.7235498301081407e-09,rolling,0.39,0.39269908169872414,0.008453769502155534,-2.389386950286572,9.81,1,1,8
0.16000000000000014,1.6933249111055237,1.1143412137031563,1,downhill_step,1.6933249144775748,3.372051082806138e-09,rolling,0.39,0.39269908169872414,0.008453769502155534,-2.389386950286572,9.81,1,1,8
0.17999999999999972,1.6943285563947963,1.0748247307538994,1,downhill_step,1.6943285590435186,2.6487223525606396e-09,rolling,0.39,0.39269908169872414,0.008453769502155534,-2.389386950286572,9.81,1,1,8
0.1999999999999993,1.695449572500734,1.039686601758004,1,downhill_step,1.695449576363298,3.8625640463862965e-09,rolling,0.39,0.39269908169872414,0.008453769502155534,-2.389386950286572,9.81,1,1,8
0.22000000000000064,1.6966877301201175,1.0080573713779457,1,downhill_step,1.6966877337891277,3.669010206763801e-09,rolling,0.39,0.39269908169872414,0.008453769502155534,-2.389386950286572,9.81,1,1,8
0.2400000000000002,1.6980427705694114,0.9793038213253028,1,downhill_step,1.6980427750767901,4.507378692508723e-09,rolling,0.39,0.39269908169872414,0.008453769502155534,-2.389386950286572,9.81,1,1,8
0.2599999999999998,1.6995144166269198,0.9529504525661475,1,downhill_step,1.699514420647994,4.021074140325709e-09,rolling,0.39,0.39269908169872414,0.008453769502155534,-2.389386950286572,9.81,1,1,8
0.27999999999999936,1.7011023639807175,0.9286310976743704,1,downhill_step,1.701102367875163,3.894445432806037e-09,rolling,0.39,0.39269908169872414,0.008453769502155534,-2.389386950286572,9.81,1,1,8
0.3000000000000007,1.7028062895212603,0.9060577762126928,1,downhill_step,1.70280629138798,1.8667196677313314e-09,rolling,0.39,0.39269908169872414,0.008453769502155534,-2.389386950286572,9.81,1,1,8
0.3200000000000003,1.704625841573506,0.8849999034404761,1,downhill_step,1.7046258434009756,1.8274695090525483e-09,rolling,0.39,0.39269908169872414,0.008453769502155534,-2.389386950286572,9.81,1,1,8
0.33999999999999986,1.7065606521565018,0.8652699840068823,1,downhill_step,1.7065606540614038,1.90490201390503e-09,rolling,0.39,0.39269908169872414,0.008453769502155534,-2.389386950286572,9.81,1,1,8
0.35999999999999943,1.7086103274616802,0.8467134994268423,1,downhill_step,1.708610331816616,4.3549357453542825e-09,rolling,0.39,0.39269908169872414,0.008453769502155534,-2.389386950286572,9.81,1,1,8
0.3800000000000008,1.710774461116784,0.8292016017436986,1,downhill_step,1.7107744638000906,2.683306465911528e-09,rolling,0.39,0.39269908169872414,0.008453769502155534,-2.389386950286572,9.81,1,1,8
0.40000000000000036,1.7130526127149301,0.8126257187128072,1,downhill_step,1.7130526162352653,3.520335134510333e-09,rolling,0.39,0.39269908169872414,0.008453769502155534,-2.389386950286572,9.81,1,1,8
0.41999999999999993,1.715444332965009,0.7968935132026678,1,downhill_step,1.7154443348562745,1.891265366538164e-09,rolling,0.39,0.39269908169872414,0.008453769502155534,-2.389386950286572,9.81,1,1,8
0.4399999999999995,1.7179491418024262,0.7819257938861852,1,downhill_step,1.7179491453446714,3.5422451638567054e-09,rolling,0.39,0.39269908169872414,0.008453769502155534,-2.389386950286572,9.81,1,1,8
0.46000000000000085,1.7205665504490835,0.767654134035111,1,downhill_step,1.7205665537811918,3.3321083670045937e-09,rolling,0.39,0.39269908169872414,0.008453769502155534,-2.389386950286572,9.81,1,1,8
0.4800000000000004,1.7232960440789062,0.7540190005302434,1,downhill_step,1.723296047111606,3.0326998690100027e-09,rolling,0.39,0.39269908169872414,0.008453769502155534,-2.389386950286572,9.81,1,1,8
0.5,1.7261370910535583,0.7409682756662374,1,downhill_step,1.7261370936256732,2.5721149654600595e-09,rolling,0.39,0.39269908169872414,0.008453769502155534,-2.389386950286572,9.81,1,1,8
0.5199999999999996,1.7290891396692587,0.728456072211266,1,downhill_step,1.7290891434482163,3.7789575912938744e-09,rolling,0.39,0.39269908169872414,0.008453769502155534,-2.389386950286572,9.81,1,1,8
0.5400000000000009,1.732151624785075,0.7164417779445652,1,downhill_step,1.7321516290413166,4.2562415814018095e-09,rolling,0.39,0.39269908169872414,0.008453769502155534,-2.389386950286572,9.81,1,1,8
0.5600000000000005,1.7353239632387132,0.7048892742395405,1,downhill_step,1.7353239657166288,2.477915650445084e-09,rolling,0.39,0.39269908169872414,0.008453769502155534,-2.389386950286572,9.81,1,1,8
0.5800000000000001,1.73860554962523,0.6937662941217426,1,downhill_step,1.7386055521568102,2.531580278741785e-09,rolling,0.39,0.39269908169872414,0.008453769502155534,-2.389386950286572,9.81,1,1,8
0.5999999999999996,1.7419957665426893,0.6830438935756687,1,downhill_step,1.7419957709450635,4.402374242928886e-09,rolling,0.39,0.39269908169872414,0.008453769502155534,-2.389386950286572,9.81,1,1,8
0.620000000000001,1.7454939858840797,0.6726960092782978,1,downhill_step,1.745493989101792,3.217712318814847e-09,rolling,0.39,0.39269908169872414,0.008453769502155534,-2.389386950286572,9.81,1,1,8
0.6400000000000006,1.749099553982331,0.6626990842819217,1,downhill_step,1.7490995586273774,4.645046347562243e-09,rolling,0.39,0.39269908169872414,0.008453769502155534,-2.389386950286572,9.81,1,1,8
0.6600000000000001,1.7528118142030489,0.6530317592620853,1,downhill_step,1.752811817050104,2.8470550361703317e-09,rolling,0.39,0.39269908169872414,0.008453769502155534,-2.389386950286572,9.81,1,1,8
0.6799999999999997,1.756630084287102,0.6436746019124988,1,downhill_step,1.7566300879782535,3.6911513845439003e-09,rolling,0.39,0.39269908169872414,0.008453769502155534,-2.389386950286572,9.81,1,1,8
0.7000000000000011,1.7605536788591942,0.6346098846197131,1,downhill_step,1.7605536816554292,2.796235021307325e-09,rolling,0.39,0.39269908169872414,0.008453769502155534,-2.389386950286572,9.81,1,1,8
0.7200000000000006,1.7645818931631851,0.6258213865756992,1,downhill_step,1.764581895518167,2.354981765151365e-09,rolling,0.39,0.39269908169872414,0.008453769502155534,-2.389386950286572,9.81,1,1,8
0.7400000000000002,1.768714012267748,0.6172942280769351,1,downhill_step,1.7687140147549252,2.487177130916507e-09,rolling,0.39,0.39269908169872414,0.008453769502155534,-2.389386950286572,9.81,1,1,8
0.7599999999999998,1.7729493087873738,0.6090147250890735,1,downhill_step,1.7729493128655671,4.078193338585834e-09,rolling,0.39,0.39269908169872414,0.008453769502155534,-2.389386950286572,9.81,1,1,8
0.7799999999999994,1.7772870498044593,0.6009702646732333,1,downhill_step,1.777287052220458,2.415998734406344e-09,rolling,0.39,0.39269908169872414,0.008453769502155534,-2.389386950286572,9.81,1,1,8
0.8000000000000007,1.7817264799285528,0.5931491917371753,1,downhill_step,1.781726484618357,4.689804100621586e-09,rolling,0.39,0.39269908169872414,0.008453769502155534,-2.389386950286572,9.81,1,1,8
0.8200000000000003,1.7862668476214907,0.5855407184362414,1,downhill_step,1.786266851842268,4.220777283236998e-09,rolling,0.39,0.39269908169872414,0.008453769502155534,-2.389386950286572,9.81,1,1,8
0.8399999999999999,1.790907381370871,0.5781348347663883,1,downhill_step,1.7909073862124993,4.841628431506706e-09,rolling,0.39,0.39269908169872414,0.008453769502155534,-2.389386950286572,9.81,1,1,8
0.8599999999999994,1.7956473064607363,0.5709222376346591,1,downhill_step,1.79564731113615,4.675413611821e-09,rolling,0.39,0.39269908169872414,0.008453769502155534,-2.389386950286572,9.81,1,1,8
0.8800000000000008,1.8004858376085182,0.563894263505936,1,downhill_step,1.8004858416523266,4.043808399245563e-09,rolling,0.39,0.39269908169872414,0.008453769502155534,-2.389386950286572,9.81,1,1,8
0.9000000000000004,1.8054221824624577,0.5570428311824801,1,downhill_step,1.8054221849723922,2.5099344824752734e-09,rolling,0.39,0.39269908169872414,0.008453769502155534,-2.389386950286572,9.81,1,1,8
0.9199999999999999,1.8104555367711201,0.5503603887557986,1,downhill_step,1.810455541014605,4.2434848968042616e-09,rolling,0.39,0.39269908169872414,0.008453769502155534,-2.389386950286572,9.81,1,1,8
0.9399999999999995,1.8155850984932131,0.5438398700952533,1,downhill_step,1.8155851029325192,4.439306033887647e-09,rolling,0.39,0.39269908169872414,0.008453769502155534,-2.389386950286572,9.81,1,1,8
0.9600000000000009,1.8208100541954715,0.5374746513366702,1,downhill_step,1.8208100576365693,3.4410978511090207e-09,rolling,0.39,0.39269908169872414,0.008453769502155534,-2.389386950286572,9.81,1,1,8
0.9800000000000004,1.8261295811547233,0.5312585139274599,1,downhill_step,1.8261295863082903,5.1535669065572165e-09,rolling,0.39,0.39269908169872414,0.008453769502155534,-2.389386950286572,9.81,1,1,8
1.0,1.8315428616798601,0.5251856142282488,1,downhill_step,1.8315428649066576,3.2267974958699597e-09,rolling,0.39,0.39269908169872414,0.008453769502155534,-2.389386950286572,9.81,1,1,8
1.0199999999999996,1.8370490606664314,0.5192504495382311,1,downhill_step,1.8370490646660709,3.999639508478481e-09,rolling,0.39,0.39269908169872414,0.008453769502155534,-2.389386950286572,9.81,1,1,8
1.040000000000001,1.8426473496889408,0.5134478354454043,1,downhill_step,1.8426473525855367,2.8965958520643653e-09,rolling,0.39,0.39269908169872414,0.008453769502155534,-2.389386950286572,9.81,1,1,8
1.0600000000000005,1.848336887155406,0.5077728778123858,1,downhill_step,1.848336891908639,4.753232918375261e-09,rolling,0.39,0.39269908169872414,0.008453769502155534,-2.389386950286572,9.81,1,1,8
1.08,1.8541168394897358,0.5022209548950197,1,downhill_step,1.8541168425939307,3.104194901126789e-09,rolling,0.39,0.39269908169872414,0.008453769502155534,-2.389386950286572,9.81,1,1,8
1.0999999999999996,1.8599863577559035,0.4967876923084262,1,downhill_step,1.859986361775399,4.019495625229297e-09,rolling,0.39,0.39269908169872414,0.008453769502155534,-2.389386950286572,9.81,1,1,8
1.120000000000001,1.865944600374052,0.4914689499139788,1,downhill_step,1.8659446042126995,3.8386473999452164e-09,rolling,0.39,0.39269908169872414,0.008453769502155534,-2.389386950286572,9.81,1,1,8
1.1400000000000006,1.871990718277692,0.4862608015537265,1,downhill_step,1.8719907227308812,4.453189150765979e-09,rolling,0.39,0.39269908169872414,0.008453769502155534,-2.389386950286572,9.81,1,1,8
1.1600000000000001,1.8781238642304985,0.481159522533417,1,downhill_step,1.8781238686493729,4.418874377520865e-09,rolling,0.39,0.39269908169872414,0.008453769502155534,-2.389386950286572,9.81,1,1,8
1.1799999999999997,1.884343188570079,0.47616157412529014,1,downhill_step,1.8843431922,3.6299210304235885e-09,rolling,0.39,0.39269908169872414,0.008453769502155534,-2.389386950286572,9.81,1,1,8
1.200000000000001,1.8906478389026682,0.47126359164714837,1,downhill_step,1.890647842933868,4.0311998183995e-09,rolling,0.39,0.39269908169872414,0.008453769502155534,-2.389386950286572,9.81,1,1,8
1.2200000000000006,1.897036965573951,0.4664623731374743,1,downhill_step,1.8970369701169472,4.542996201450933e-09,rolling,0.39,0.39269908169872414,0.008453769502155534,-2.389386950286572,9.81,1,1,8
1.2400000000000002,1.903509720278156,0.46175486922264125,1,downhill_step,1.9035097231142495,2.8360935822036026e-09,rolling,0.39,0.39269908169872414,0.008453769502155534,-2.389386950286572,9.81,1,1,8
1.2599999999999998,1.9100652466946921,0.45713817059993767,1,downhill_step,1.9100652517624852,5.067793074076121e-09,rolling,0.39,0.39269908169872414,0.008453769502155534,-2.389386950286572,9.81,1,1,8
1.2799999999999994,1.9167027035210784,0.45260950446128867,1,downhill_step,1.916702706731142,3.2100635483089945e-09,rolling,0.39,0.39269908169872414,0.008453769502155534,-2.389386950286572,9.81,1,1,8
1.3000000000000007,1.9234212355743388,0.44816621959209463,1,downhill_step,1.9234212398719341,4.297595390667652e-09,rolling,0.39,0.39269908169872414,0.008453769502155534,-2.389386950286572,9.81,1,1,8
1.3200000000000003,1.930220000008939,0.44380578458309194,1,downhill_step,1.9302200045566014,4.547662468823432e-09,rolling,0.39,0.39269908169872414,0.008453769502155534,-2.389386950286572,9.81,1,1,8
1.3399999999999999,1.9370981531878377,0.4395257776975634,1,downhill_step,1.937098156003068,2.8152302711248467e-09,rolling,0.39,0.39269908169872414,0.008453769502155534,-2.389386950286572,9.81,1,1,8
1.3599999999999994,1.9440548476590664,0.4353238797187807,1,downhill_step,1.9440548515899663,3.930899827864209e-09,rolling,0.39,0.39269908169872414,0.008453769502155534,-2.389386950286572,9.81,1,1,8
1.3800000000000008,1.951089245848586,0.4311978709697726,1,downhill_step,1.9510892511595894,5.311003414831816e-09,rolling,0.39,0.39269908169872414,0.008453769502155534,-2.389386950286572,9.81,1,1,8
1.4000000000000004,1.9582005127383704,0.42714562356472036,1,downhill_step,1.9582005173093195,4.57094917472034e-09,rolling,0.39,0.39269908169872414,0.008453769502155534,-2.389386950286572,9.81,1,1,8
1.42,1.9653878117463968,0.4231650960445406,1,downhill_step,1.9653878156716265,3.925229696832844e-09,rolling,0.39,0.39269908169872414,0.008453769502155534,-2.389386950286572,9.81,1,1,8
1.4399999999999995,1.9726503114174674,0.4192543292045595,1,downhill_step,1.9726503151827202,3.7652527762332966e-09,rolling,0.39,0.39269908169872414,0.008453769502155534,-2.389386950286572,9.81,1,1,8
1.4600000000000009,1.9799871854782798,0.415411441922188,1,downhill_step,1.979987188339987,2.8617073155601247e-09,rolling,0.39,0.39269908169872414,0.008453769502155534,-2.389386950286572,9.81,1,1,8
1.4800000000000004,1.987397606967494,0.41163462579250354,1,downhill_step,1.9873976114483198,4.480825932517973e-09,rolling,0.39,0.39269908169872414,0.008453769502155534,-2.389386950286572,9.81,1,1,8
1.5,1.99488076088556,0.40792214334011095,1,downhill_step,1.9948807648555054,3.9699452614172515e-09,rolling,0.39,0.39269908169872414,0.008453769502155534,-2.389386950286572,9.81,1,1,8
1.5199999999999996,2.002435830206218,0.40427232205867786,1,downhill_step,2.0024358331768055,2.9705873316743237e-09,rolling,0.39,0.39269908169872414,0.008453769502155534,-2.389386950286572,9.81,1,1,8
1.540000000000001,2.0100620003325953,0.4006835514307024,1,downhill_step,2.0100620055089067,5.176311379528897e-09,rolling,0.39,0.39269908169872414,0.008453769502155534,-2.389386950286572,9.81,1,1,8
1.5600000000000005,2.0177584718560992,0.3971542823314669,1,downhill_step,2.0177584756334164,3.777317125752688e-09,rolling,0.39,0.39269908169872414,0.008453769502155534,-2.389386950286572,9.81,1,1,8
1.58,2.0255244379926216,0.3936830198764803,1,downhill_step,2.0255244422100875,4.217465932043751e-09,rolling,0.39,0.39269908169872414,0.008453769502155534,-2.389386950286572,9.81,1,1,8
1.5999999999999996,2.033359104202617,0.3902683240175249,1,downhill_step,2.0333591089599707,4.7573536221534596e-09,rolling,0.39,0.39269908169872414,0.008453769502155534,-2.389386950286572,9.81,1,1,8
1.620000000000001,2.041261679873503,0.38690880537033095,1,downhill_step,2.04126168483869,4.965187372363289e-09,rolling,0.39,0.39269908169872414,0.008453769502155534,-2.389386950286572,9.81,1,1,8
1.6400000000000006,2.0492313796418316,0.38360312342643754,1,downhill_step,2.0492313842000587,4.5582271290811605e-09,rolling,0.39,0.39269908169872414,0.008453769502155534,-2.389386950286572,9.81,1,1,8
1.6600000000000001,2.057267423298116,0.38034998357296007,1,downhill_step,2.057267426950246,3.652129709763585e-09,rolling,0.39,0.39269908169872414,0.008453769502155534,-2.389386950286572,9.81,1,1,8
1.6799999999999997,2.065369033758746,0.3771481347084047,1,downhill_step,2.065369038692719,4.933972785892138e-09,rolling,0.39,0.39269908169872414,0.008453769502155534,-2.389386950286572,9.81,1,1,8
1.700000000000001,2.0735354452426273,0.3739963692426683,1,downhill_step,2.073535450864173,5.621545451361953e-09,rolling,0.39,0.39269908169872414,0.008453769502155534,-2.389386950286572,9.81,1,1,8
1.7200000000000006,2.0817658952604243,0.3708935189247133,1,downhill_step,2.081765900861691,5.60126656168336e-09,rolling,0.39,0.39269908169872414,0.008453769502155534,-2.389386950286572,9.81,1,1,8
1.7400000000000002,2.090059626718666,0.3678384536504747,1,downhill_step,2.090059632161362,5.442696071611408e-09,rolling,0.39,0.39269908169872414,0.008453769502155534,-2.389386950286572,9.81,1,1,8
1.7599999999999998,2.098415888883055,0.36483008027076735,1,downhill_step,2.0984158944285776,5.545522707706141e-09,rolling,0.39,0.39269908169872414,0.008453769502155534,-2.389386950286572,9.81,1,1,8
1.7799999999999994,2.1068339388275668,0.36186734080314653,1,downhill_step,2.1068339436202574,4.792690688759649e-09,rolling,0.39,0.39269908169872414,0.008453769502155534,-2.389386950286572,9.81,1,1,8
1.8000000000000007,2.1153130367079895,0.358949210047722,1,downhill_step,2.1153130420792303,5.3712407854789035e-09,rolling,0.39,0.39269908169872414,0.008453769502155534,-2.389386950286572,9.81,1,1,8
1.8200000000000003,2.123852454776489,0.3560746961832048,1,downhill_step,2.123852458621005,3.84451581680878e-09,rolling,0.39,0.39269908169872414,0.008453769502155534,-2.389386950286572,9.81,1,1,8
1.8399999999999999,2.1324514642253343,0.3532428365945817,1,downhill_step,2.1324514686131746,4.387840313313518e-09,rolling,0.39,0.39269908169872414,0.008453769502155534,-2.389386950286572,9.81,1,1,8
1.8599999999999994,2.141109348035486,0.3504526990652086,1,downhill_step,2.141109354047683,6.012196962501548e-09,rolling,0.39,0.39269908169872414,0.008453769502155534,-2.389386950286572,9.81,1,1,8
1.8800000000000008,2.149825397990209,0.34770337998867046,1,downhill_step,2.149825403606183,5.6159739081351745e-09,rolling,0.39,0.39269908169872414,0.008453769502155534,-2.389386950286572,9.81,1,1,8
1.9000000000000004,2.158598906938367,0.3449940019845964,1,downhill_step,2.158598912718731,5.780363743213002e-09,rolling,0.39,0.39269908169872414,0.008453769502155534,-2.389386950286572,9.81,1,1,8
1.92,2.1674291795419176,0.34232371449470533,1,downhill_step,2.167429183616038,4.074120596442299e-09,rolling,0.39,0.39269908169872414,0.008453769502155534,-2.389386950286572,9.81,1,1,8
1.9399999999999995,2.1763155217964285,0.3396916908025743,1,downhill_step,2.176315525375511,3.579082363813768e-09,rolling,0.39,0.39269908169872414,0.008453769502155534,-2.389386950286572,9.81,1,1,8
1.9600000000000009,2.1852572488132136,0.33709712862968455,1,downhill_step,2.1852572539613018,5.148088177975296e-09,rolling,0.39,0.39269908169872414,0.008453769502155534,-2.389386950286572,9.81,1,1,8
1.9800000000000004,2.194253688285964,0.3345392501354219,1,downhill_step,2.194253692258598,3.972633777493684e-09,rolling,0.39,0.39269908169872414,0.008453769502155534,-2.389386950286572,9.81,1,1,8
2.0,2.2033041664944184,0.3320172977447511,1,downhill_step,2.2033041701023683,3.6079499388108616e-09,rolling,0.39,0.39269908169872414,0.008453769502155534,-2.389386950286572,9.81,1,1,8
2.0199999999999996,2.21240802016292,0.32953053593635573,1,downhill_step,2.2124080243007813,4.137861164821288e-09,rolling,0.39,0.39269908169872414,0.008453769502155534,-2.389386950286572,9.81,1,1,8
2.040000000000001,2.2215645944890086,0.32707825005054486,1,downhill_step,2.2215645986535004,4.164491862468367e-09,rolling,0.39,0.39269908169872414,0.008453769502155534,-2.389386950286572,9.81,1,1,8
2.0600000000000005,2.230773240373862,0.32465974509716045,1,downhill_step,2.2307732439650803,3.5912184337405506e-09,rolling,0.39,0.39269908169872414,0.008453769502155534,-2.389386950286572,9.81,1,1,8
2.08,2.2400333137645596,0.3222743445634843,1,downhill_step,2.24003331805366,4.2891001861278255e-09,rolling,0.39,0.39269908169872414,0.008453769502155534,-2.389386950286572,9.81,1,1,8
2.0999999999999996,2.249344180995074,0.31992139101028455,1,downhill_step,2.2493441857551475,4.760073668563791e-09,rolling,0.39,0.39269908169872414,0.008453769502155534,-2.389386950286572,9.81,1,1,8
2.120000000000001,2.258705213754923,0.3176002442836763,1,downhill_step,2.258705218923109,5.168185879256271e-09,rolling,0.39,0.39269908169872414,0.008453769502155534,-2.389386950286572,9.81,1,1,8
2.1400000000000006,2.2681157904424216,0.3153102815151216,1,downhill_step,2.268115796424532,5.982110362623416e-09,rolling,0.39,0.39269908169872414,0.008453769502155534,-2.389386950286572,9.81,1,1,8
2.16,2.27757529861847,0.3130508965253831,1,downhill_step,2.2775753041316738,5.513203671370093e-09,rolling,0.39,0.39269908169872414,0.008453769502155534,-2.389386950286572,9.81,1,1,8
2.1799999999999997,2.2870831307380244,0.31082149863243114,1,downhill_step,2.2870831349101604,4.172135970037516e-09,rolling,0.39,0.39269908169872414,0.008453769502155534,-2.389386950286572,9.81,1,1,8
2.200000000000001,2.296638684356282,0.3086215120553971,1,downhill_step,2.2966386886035184,4.24723634040447e-09,rolling,0.39,0.39269908169872414,0.008453769502155534,-2.389386950286572,9.81,1,1,8
2.2200000000000006,2.306241366337268,0.30645037651062024,1,downhill_step,2.306241372014319,5.677050829433483e-09,rolling,0.39,0.39269908169872414,0.008453769502155534,-2.389386950286572,9.81,1,1,8
2.24,2.3158905937127634,0.30430754661560067,1,downhill_step,2.315890598882099,5.1693356262205725e-09,rolling,0.39,0.39269908169872414,0.008453769502155534,-2.389386950286572,9.81,1,1,8
2.26,2.3255857841460594,0.30219248950481425,1,downhill_step,2.3255857898582213,5.712161854631859e-09,rolling,0.39,0.39269908169872414,0.008453769502155534,-2.389386950286572,9.81,1,1,8
2.2799999999999994,2.3353263665834234,0.30010468661785134,1,downhill_step,2.3353263724778355,5.894412069551436e-09,rolling,0.39,0.39269908169872414,0.008453769502155534,-2.389386950286572,9.81,1,1,8
2.3000000000000007,2.3451117751831854,0.29804363191127786,1,downhill_step,2.3451117811290976,5.945912207039328e-09,rolling,0.39,0.39269908169872414,0.008453769502155534,-2.389386950286572,9.81,1,1,8
2.3200000000000003,2.354941452442343,0.29600883245468146,1,downhill_step,2.3549414570197893,4.5774464219050515e-09,rolling,0.39,0.39269908169872414,0.008453769502155534,-2.389386950286572,9.81,1,1,8
2.34,2.3648148417939843,0.293999806046486,1,downhill_step,2.3648148481414957,6.347511405380146e-09,rolling,0.39,0.39269908169872414,0.008453769502155534,-2.389386950286572,9.81,1,1,8
2.3599999999999994,2.3747314030025963,0.29201608419418346,1,downhill_step,2.37473140923147,6.228873861147122e-09,rolling,0.39,0.39269908169872414,0.008453769502155534,-2.389386950286572,9.81,1,1,8
2.380000000000001,2.384690596441469,0.2900572085380555,1,downhill_step,2.384690601732327,5.290857973960783e-09,rolling,0.39,0.39269908169872414,0.008453769502155534,-2.389386950286572,9.81,1,1,8
2.3893719953119428,2.389371989088374,0.28914770185947425,1,downhill_step,2.3893719953119428,6.223568771446253e-09,rolling,0.39,0.39269908169872414,0.008453769502155534,-2.389386950286572,9.81,1,1,8
2.4000000000000004,2.3946918882536856,0.28812273144721995,1,downhill_step,2.3946918937496924,5.496006760807859e-09,rolling,0.39,0.39269908169872414,0.008453769502155534,-2.389386950286572,9.81,1,1,8
2.42,2.4047347560018904,0.2862122172117234,1,downhill_step,2.4047347600079485,4.006058151873049e-09,rolling,0.39,0.39269908169872414,0.008453769502155534,-2.389386950286572,9.81,1,1,8
2.4399999999999995,2.414818675027964,0.2843252384662629,1,downhill_step,2.414818681804182,6.7762178090902125e-09,rolling,0.39,0.39269908169872414,0.008453769502155534,-2.389386950286572,9.81,1,1,8
2.460000000000001,2.424943142252423,0.2824613809585572,1,downhill_step,2.424943146960458,4.708034850864351e-09,rolling,0.39,0.39269908169872414,0.008453769502155534,-2.389386950286572,9.81,1,1,8
2.4800000000000004,2.435107642626731,0.2806202363967896,1,downhill_step,2.4351076497745408,7.147809899521462e-09,rolling,0.39,0.39269908169872414,0.008453769502155534,-2.389386950286572,9.81,1,1,8
2.5,2.4453116859057484,0.2788014096021653,1,downhill_step,2.445311690969167,5.063418573314493e-09,rolling,0.39,0.39269908169872414,0.008453769502155534,-2.389386950286572,9.81,1,1,8
2.5199999999999996,2.455554771770957,0.27700451135635384,1,downhill_step,2.455554777639971,5.869013719461691e-09,rolling,0.39,0.39269908169872414,0.008453769502155534,-2.389386950286572,9.81,1,1,8
2.540000000000001,2.4658364185631343,0.27522916376590734,1,downhill_step,2.4658364232021737,4.639039374865206e-09,rolling,0.39,0.39269908169872414,0.008453769502155534,-2.389386950286572,9.81,1,1,8
2.5600000000000005,2.476156141015662,0.27347499549388893,1,downhill_step,2.4761561473361264,6.320464596143438e-09,rolling,0.39,0.39269908169872414,0.008453769502155534,-2.389386950286572,9.81,1,1,8
2.58,2.486513471574928,0.27174164593219763,1,downhill_step,2.486513475931809,4.356881078138031e-09,rolling,0.39,0.39269908169872414,0.008453769502155534,-2.389386950286572,9.81,1,1,8
2.5999999999999996,2.4969079353025743,0.27002875983715063,1,downhill_step,2.496907941032365,5.729790863995277e-09,rolling,0.39,0.39269908169872414,0.008453769502155534,-2.389386950286572,9.81,1,1,8
2.620000000000001,2.5073390747971254,0.2683359920978547,1,downhill_step,2.5073390807767684,5.979643002973489e-09,rolling,0.39,0.39269908169872414,0.008453769502155534,-2.389386950286572,9.81,1,1,8
2.6400000000000006,2.5178064349064977,0.2666630047559739,1,downhill_step,2.517806439341692,4.43519443393825e-09,rolling,0.39,0.39269908169872414,0.008453769502155534,-2.389386950286572,9.81,1,1,8
2.66,2.5283095600477474,0.2650094658136368,1,downhill_step,2.5283095668826805,6.8349330639705386e-09,rolling,0.39,0.39269908169872414,0.008453769502155534,-2.389386950286572,9.81,1,1,8
2.6799999999999997,2.5388480146473498,0.2633750534057618,1,downhill_step,2.5388480194746763,4.827326538503485e-09,rolling,0.39,0.39269908169872414,0.008453769502155534,-2.389386950286572,9.81,1,1,8
2.700000000000001,2.549421351996524,0.2617594492435456,1,downhill_step,2.5494213590519887,7.055464656957611e-09,rolling,0.39,0.39269908169872414,0.008453769502155534,-2.389386950286572,9.81,1,1,8
2.7200000000000006,2.560029147227686,0.2601623451709748,1,downhill_step,2.560029153347768,6.120081774696473e-09,rolling,0.39,0.39269908169872414,0.008453769502155534,-2.389386950286572,9.81,1,1,8
2.74,2.5706709694844916,0.258583437204361,1,downhill_step,2.570670975833058,6.34856656134275e-09,rolling,0.39,0.39269908169872414,0.008453769502155534,-2.389386950286572,9.81,1,1,8
2.76,2.581346398677387,0.2570224291086197,1,downhill_step,2.581346405655484,6.978096767085162e-09,rolling,0.39,0.39269908169872414,0.008453769502155534,-2.389386950286572,9.81,1,1,8
2.7799999999999994,2.592055022271763,0.25547903120517734,1,downhill_step,2.592055027577633,5.3058699656105546e-09,rolling,0.39,0.39269908169872414,0.008453769502155534,-2.389386950286572,9.81,1,1,8
2.8000000000000007,2.60279642662405,0.2539529585838318,1,downhill_step,2.602796431915199,5.291148852393235e-09,rolling,0.39,0.39269908169872414,0.008453769502155534,-2.389386950286572,9.81,1,1,8
2.8200000000000003,2.6135702093223623,0.25244393348693855,1,downhill_step,2.613570214474922,5.1525597122292766e-09,rolling,0.39,0.39269908169872414,0.008453769502155534,-2.389386950286572,9.81,1,1,8
2.84,2.6243759711606893,0.2509516835212708,1,downhill_step,2.6243759764924093,5.331719954426717e-09,rolling,0.39,0.39269908169872414,0.008453769502155534,-2.389386950286572,9.81,1,1,8
2.8599999999999994,2.6352133170415,0.2494759416580201,1,downhill_step,2.635213324569851,7.5283508316204e-09,rolling,0.39,0.39269908169872414,0.008453769502155534,-2.389386950286572,9.81,1,1,8
2.880000000000001,2.646081864947172,0.24801644802093514,1,downhill_step,2.6460818706136986,5.666526803338456e-09,rolling,0.39,0.39269908169872414,0.008453769502155534,-2.389386950286572,9.81,1,1,8
2.9000000000000004,2.656981226064599,0.24657294571399696,1,downhill_step,2.656981231772345,5.70774583152911e-09,rolling,0.39,0.39269908169872414,0.008453769502155534,-2.389386950286572,9.81,1,1,8
2.92,2.667911023700521,0.24514518439769753,1,downhill_step,2.6679110303738556,6.673334773665829e-09,rolling,0.39,0.39269908169872414,0.008453769502155534,-2.389386950286572,9.81,1,1,8
2.9399999999999995,2.6788708875501794,0.2437329190969468,1,downhill_step,2.678870893863772,6.313592759710218e-09,rolling,0.39,0.39269908169872414,0.008453769502155534,-2.389386950286572,9.81,1,1,8
2.960000000000001,2.6898604484468813,0.24233590900897986,1,downhill_step,2.6898604547430502,6.296168919561751e-09,rolling,0.39,0.39269908169872414,0.008453769502155534,-2.389386950286572,9.81,1,1,8
2.9800000000000004,2.7008793447538304,0.2409539186954499,1,downhill_step,2.7008793505061437,5.752313292362032e-09,rolling,0.39,0.39269908169872414,0.008453769502155534,-2.389386950286572,9.81,1,1,8
3.0,2.7119272172468176,0.23958671689033514,1,downhill_step,2.711927223579292,6.332474544734623e-09,rolling,0.39,0.39269908169872414,0.008453769502155534,-2.389386950286572,9.81,1,1,8
3.0199999999999996,2.723003715171646,0.23823407769203192,1,downhill_step,2.7230037212590226,6.087376380747855e-09,rolling,0.39,0.39269908169872414,0.008453769502155534,-2.389386950286572,9.81,1,1,8
3.040000000000001,2.734108490574318,0.23689577937126166,1,downhill_step,2.7341084956509114,5.076593367903115e-09,rolling,0.39,0.39269908169872414,0.008453769502155534,-2.389386950286572,9.81,1,1,8
3.0600000000000005,2.745241196818532,0.23557160377502448,1,downhill_step,2.745241203608617,6.790084938756991e-09,rolling,0.39,0.39269908169872414,0.008453769502155534,-2.389386950286572,9.81,1,1,8
3.08,2.756401500198978,0.23426133871078497,1,downhill_step,2.756401506673236,6.474258018585033e-09,rolling,0.39,0.39269908169872414,0.008453769502155534,-2.389386950286572,9.81,1,1,8
3.0999999999999996,2.7675890658185516,0.23296477496624,1,downhill_step,2.767589071012979,5.194427554755521e-09,rolling,0.39,0.39269908169872414,0.008453769502155534,-2.389386950286572,9.81,1,1,8
3.120000000000001,2.77880356094437,0.23168170690536505,1,downhill_step,2.778803567363208,6.418837905641794e-09,rolling,0.39,0.39269908169872414,0.008453769502155534,-2.389386950286572,9.81,1,1,8
3.1400000000000006,2.7900446641803622,0.2304119342565537,1,downhill_step,2.7900446709668447,6.786482487086687e-09,rolling,0.39,0.39269908169872414,0.008453769502155534,-2.389386950286572,9.81,1,1,8
3.16,2.801312054554348,0.22915525972843176,1,downhill_step,2.8013120615151905,6.960842569014858e-09,rolling,0.39,0.39269908169872414,0.008453769502155534,-2.389386950286572,9.81,1,1,8
3.1799999999999997,2.8126054167137062,0.22791149020195012,1,downhill_step,2.812605423089148,6.375441952144456e-09,rolling,0.39,0.39269908169872414,0.008453769502155534,-2.389386950286572,9.81,1,1,8
3.200000000000001,2.8239244363972715,0.22668043553829198,1,downhill_step,2.823924444100885,7.703613302822987e-09,rolling,0.39,0.39269908169872414,0.008453769502155534,-2.389386950286572,9.81,1,1,8
3.2200000000000006,2.835268809511456,0.22546191036701207,1,downhill_step,2.835268817235941,7.72448460750752e-09,rolling,0.39,0.39269908169872414,0.008453769502155534,-2.389386950286572,9.81,1,1,8
3.24,2.846638233533803,0.2242557322978974,1,downhill_step,2.846638239395812,5.862009100354726e-09,rolling,0.39,0.39269908169872414,0.008453769502155534,-2.389386950286572,9.81,1,1,8
3.26,2.8580324049467114,0.22306172132492072,1,downhill_step,2.8580324116410027,6.694291343478653e-09,rolling,0.39,0.39269908169872414,0.008453769502155534,-2.389386950286572,9.81,1,1,8
3.2799999999999994,2.869451031238419,0.22187970221042638,1,downhill_step,2.869451039134574,7.89615484109163e-09,rolling,0.39,0.39269908169872414,0.008453769502155534,-2.389386950286572,9.81,1,1,8
3.3000000000000007,2.8808938253988283,0.22070950329303748,1,downhill_step,2.880893831086194,5.6873656895106706e-09,rolling,0.39,0.39269908169872414,0.008453769502155534,-2.389386950286572,9.81,1,1,8
3.3200000000000003,2.8923604947759802,0.2195509541034699,1,downhill_step,2.892360500696704,5.920723911145842e-09,rolling,0.39,0.39269908169872414,0.008453769502155534,-2.389386950286572,9.81,1,1,8
3.34,2.903850758442111,0.2184038889408112,1,downhill_step,2.9038507651032077,6.661096563220781e-09,rolling,0.39,0.39269908169872414,0.008453769502155534,-2.389386950286572,9.81,1,1,8
3.3599999999999994,2.9153643386783887,0.21726814508438114,1,downhill_step,2.915364345324695,6.6463061720867245e-09,rolling,0.39,0.39269908169872414,0.008453769502155534,-2.389386950286572,9.81,1,1,8
3.380000000000001,2.926900959022501,0.2161435621976853,1,downhill_step,2.926900966208199,7.18569825863824e-09,rolling,0.39,0.39269908169872414,0.008453769502155534,-2.389386950286572,9.81,1,1,8
3.4000000000000004,2.938460349979871,0.21502998352050787,1,downhill_step,2.9384603563755096,6.395638685319227e-09,rolling,0.39,0.39269908169872414,0.008453769502155534,-2.389386950286572,9.81,1,1,8
3.42,2.9500422405477136,0.21392725408077246,1,downhill_step,2.9500422481704374,7.622723785516428e-09,rolling,0.39,0.39269908169872414,0.008453769502155534,-2.389386950286572,9.81,1,1,8
3.4399999999999995,2.9616463701406235,0.21283522307872776,1,downhill_step,2.9616463776066317,7.46600825607402e-09,rolling,0.39,0.39269908169872414,0.008453769502155534,-2.389386950286572,9.81,1,1,8
3.460000000000001,2.973272477182438,0.21175374150276188,1,downhill_step,2.9732724843159755,7.133537316406091e-09,rolling,0.39,0.39269908169872414,0.008453769502155534,-2.389386950286572,9.81,1,1,8
3.4800000000000004,2.984920305184522,0.2106826633214951,1,downhill_step,2.9849203114975262,6.313004341507167e-09,rolling,0.39,0.39269908169872414,0.008453769502155534,-2.389386950286572,9.81,1,1,8
3.5,2.9965895973345402,0.20962184429168707,1,downhill_step,2.9965896058670576,8.532517359327585e-09,rolling,0.39,0.39269908169872414,0.008453769502155534,-2.389386950286572,9.81,1,1,8
3.5199999999999996,3.0082801109615493,0.20857114493846898,1,downhill_step,3.00828011760715,6.645600514332273e-09,rolling,0.39,0.39269908169872414,0.008453769502155534,-2.389386950286572,9.81,1,1,8
3.540000000000001,3.01999159424383,0.2075304257869721,1,downhill_step,3.0199916003178706,6.074040825865268e-09,rolling,0.39,0.39269908169872414,0.008453769502155534,-2.389386950286572,9.81,1,1,8
3.5600000000000005,3.03172380466191,0.2064995509386063,1,downhill_step,3.0317238109680256,6.306115629683973e-09,rolling,0.39,0.39269908169872414,0.008453769502155534,-2.389386950286572,9.81,1,1,8
3.58,3.043476502979476,0.20547838687896733,1,downhill_step,3.043476509847002,6.867526103349064e-09,rolling,0.39,0.39269908169872414,0.008453769502155534,-2.389386950286572,9.81,1,1,8
3.5999999999999996,3.0552494534497447,0.20446680247783666,1,downhill_step,3.055249460517175,7.067430196627811e-09,rolling,0.39,0.39269908169872414,0.008453769502155534,-2.389386950286572,9.81,1,1,8
3.620000000000001,3.067042421100073,0.20346466839313512,1,downhill_step,3.0670424297669063,8.666833473114366e-09,rolling,0.39,0.39269908169872414,0.008453769502155534,-2.389386950286572,9.81,1,1,8
3.6400000000000006,3.0788551806734716,0.20247185885906224,1,downhill_step,3.07885518756412,6.8906484962383274e-09,rolling,0.39,0.39269908169872414,0.008453769502155534,-2.389386950286572,9.81,1,1,8
3.66,3.090687499323102,0.20148824810981755,1,downhill_step,3.0906875070104527,7.687350755958278e-09,rolling,0.39,0.39269908169872414,0.008453769502155534,-2.389386950286572,9.81,1,1,8
3.6799999999999997,3.1025391572054497,0.2005137145519257,1,downhill_step,3.102539164295994,7.090544151822087e-09,rolling,0.39,0.39269908169872414,0.008453769502155534,-2.389386950286572,9.81,1,1,8
3.700000000000001,3.11440993038774,0.1995481371879578,1,downhill_step,3.1144099386545907,8.266850759497402e-09,rolling,0.39,0.39269908169872414,0.008453769502155534,-2.389386950286572,9.81,1,1,8
3.7200000000000006,3.126299605061389,0.19859139859676364,1,downhill_step,3.126299612319729,7.258340151139464e-09,rolling,0.39,0.39269908169872414,0.008453769502155534,-2.389386950286572,9.81,1,1,8
3.74,3.1382079632771296,0.19764338195323947,1,downhill_step,3.1382079704810018,7.203872165462144e-09,rolling,0.39,0.39269908169872414,0.008453769502155534,-2.389386950286572,9.81,1,1,8
3.76,3.1501347952336065,0.19670397341251378,1,downhill_step,3.150134801241129,6.007522479478666e-09,rolling,0.39,0.39269908169872414,0.008453769502155534,-2.389386950286572,9.81,1,1,8
3.7799999999999994,3.162079887467379,0.19577305972576145,1,downhill_step,3.162079895573558,8.106178839284439e-09,rolling,0.39,0.39269908169872414,0.008453769502155534,-2.389386950286572,9.81,1,1,8
3.8000000000000007,3.174043040501687,0.19485053181648257,1,downhill_step,3.174043047280627,6.7789400759465934e-09,rolling,0.39,0.39269908169872414,0.008453769502155534,-2.389386950286572,9.81,1,1,8
3.8200000000000003,3.1860240456710067,0.19393628001213076,1,downhill_step,3.1860240529522827,7.28127602656059e-09,rolling,0.39,0.39269908169872414,0.008453769502155534,-2.389386950286572,9.81,1,1,8
3.84,3.1980227027612673,0.19303019762039186,1,downhill_step,3.1980227119253684,9.164101033576344e-09,rolling,0.39,0.39269908169872414,0.008453769502155534,-2.389386950286572,9.81,1,1,8
3.8599999999999994,3.210038817236081,0.19213218033313753,1,downhill_step,3.2100388262434594,9.007378398706578e-09,rolling,0.39,0.39269908169872414,0.008453769502155534,-2.389386950286572,9.81,1,1,8
3.880000000000001,3.2220721916276003,0.19124212443828587,1,downhill_step,3.22207220061725,8.989649913360154e-09,rolling,0.39,0.39269908169872414,0.008453769502155534,-2.389386950286572,9.81,1,1,8
3.9000000000000004,3.2341226344178224,0.1903599286079407,1,downhill_step,3.2341226423854876,7.967665194286155e-09,rolling,0.39,0.39269908169872414,0.008453769502155534,-2.389386950286572,9.81,1,1,8
3.92,3.2461899546032127,0.18948549270629886,1,downhill_step,3.246189961476451,6.8732384228553656e-09,rolling,0.39,0.39269908169872414,0.008453769502155534,-2.389386950286572,9.81,1,1,8
3.9399999999999995,3.2582739610980638,0.18861871778964998,1,downhill_step,3.2582739703699697,9.271905909713496e-09,rolling,0.39,0.39269908169872414,0.008453769502155534,-2.389386950286572,9.81,1,1,8
3.960000000000001,3.2703744749886896,0.18775950849056247,1,downhill_step,3.2703744840599667,9.071277062844274e-09,rolling,0.39,0.39269908169872414,0.008453769502155534,-2.389386950286572,9.81,1,1,8
3.9800000000000004,3.2824913123606465,0.18690776944160464,1,downhill_step,3.2824913200175394,7.656892897500711e-09,rolling,0.39,0.39269908169872414,0.008453769502155534,-2.389386950286572,9.81,1,1,8
4.0,3.29462429002775,0.18606340646743777,1,downhill_step,3.2946242981545693,8.12681921757985e-09,rolling,0.39,0.39269908169872414,0.008453769502155534,-2.389386950286572,9.81,1,1,8
4.02,3.3067732314776435,0.1852263277769089,1,downhill_step,3.3067732407878356,9.3101921727623e-09,rolling,0.39,0.39269908169872414,0.008453769502155534,-2.389386950286572,9.81,1,1,8
4.040000000000001,3.3189379640671697,0.18439644336700442,1,downhill_step,3.31893797260366,8.536490181398904e-09,rolling,0.39,0.39269908169872414,0.008453769502155534,-2.389386950286572,9.81,1,1,8
4.0600000000000005,3.3311183132991133,0.18357366383075716,1,downhill_step,3.331118320623044,7.323930795166689e-09,rolling,0.39,0.39269908169872414,0.008453769502155534,-2.389386950286572,9.81,1,1,8
4.08,3.3433141058431888,0.18275790095329286,1,downhill_step,3.343314114167331,8.324142264370948e-09,rolling,0.39,0.39269908169872414,0.008453769502155534,-2.389386950286572,9.81,1,1,8
4.1,3.3555251754699387,0.18194906890392307,1,downhill_step,3.3555251848243497,9.35441102356549e-09,rolling,0.39,0.39269908169872414,0.008453769502155534,-2.389386950286572,9.81,1,1,8
4.120000000000001,3.3677513573191242,0.18114708304405214,1,downhill_step,3.367751366415058,9.09593378395357e-09,rolling,0.39,0.39269908169872414,0.008453769502155534,-2.389386950286572,9.81,1,1,8
4.140000000000001,3.3799924850812237,0.18035185933113101,1,downhill_step,3.3799924949606757,9.87945192321149e-09,rolling,0.39,0.39269908169872414,0.008453769502155534,-2.389386950286572,9.81,1,1,8
4.16,3.392248400081777,0.17956331610679627,1,downhill_step,3.3922484086502998,8.568522780194598e-09,rolling,0.39,0.39269908169872414,0.008453769502155534,-2.389386950286572,9.81,1,1,8
4.18,3.4045189390810675,0.17878137171268466,1,downhill_step,3.404518947808998,8.727930378427118e-09,rolling,0.39,0.39269908169872414,0.008453769502155534,-2.389386950286572,9.81,1,1,8
4.200000000000001,3.4168039463609543,0.17800594687461854,1,downhill_step,3.4168039548663733,8.505419035742534e-09,rolling,0.39,0.39269908169872414,0.008453769502155534,-2.389386950286572,9.81,1,1,8
4.220000000000001,3.4291032653395135,0.17723696291446686,1,downhill_step,3.429103274325591,8.98607765975612e-09,rolling,0.39,0.39269908169872414,0.008453769502155534,-2.389386950286572,9.81,1,1,8
4.24,3.4414167442607204,0.17647434294223788,1,downhill_step,3.4414167527328754,8.472154977567925e-09,rolling,0.39,0.39269908169872414,0.008453769502155534,-2.389386950286572,9.81,1,1,8
4.26,3.453744230446408,0.1757180106639862,1,downhill_step,3.4537442386474546,8.201046508560239e-09,rolling,0.39,0.39269908169872414,0.008453769502155534,-2.389386950286572,9.81,1,1,8
4.280000000000001,3.4660855732932574,0.1749678909778595,1,downhill_step,3.4660855826119605,9.318703142469076e-09,rolling,0.39,0.39269908169872414,0.008453769502155534,-2.389386950286572,9.81,1,1,8
4.300000000000001,3.4784406272676867,0.17422391057014466,1,downhill_step,3.478440637123263,9.855576355022322e-09,rolling,0.39,0.39269908169872414,0.008453769502155534,-2.389386950286572,9.81,1,1,8
4.32,3.490809249067397,0.1734859973192215,1,downhill_step,3.490809256603759,7.536362200966096e-09,rolling,0.39,0.39269908169872414,0.008453769502155534,-2.389386950286572,9.81,1,1,8
4.34,3.5031912889495005,0.17275407850742341,1,downhill_step,3.5031912973730805,8.423580055705315e-09,rolling,0.39,0.39269908169872414,0.008453769502155534,-2.389386950286572,9.81,1,1,8
4.359999999999999,3.5155866082981873,0.17202808439731598,1,downhill_step,3.515586617620235,9.322047578308457e-09,rolling,0.39,0.39269908169872414,0.008453769502155534,-2.389386950286572,9.81,1,1,8
4.380000000000001,3.5279950680334586,0.1713079458475113,1,downhill_step,3.527995077376171,9.34271238151041e-09,rolling,0.39,0.39269908169872414,0.008453769502155534,-2.389386950286572,9.81,1,1,8
4.4,3.540416528680939,0.17059359431266785,1,downhill_step,3.540416538486749,9.805809941809684e-09,rolling,0.39,0.39269908169872414,0.008453769502155534,-2.389386950286572,9.81,1,1,8
4.42,3.552850856343819,0.1698849630355835,1,downhill_step,3.5528508645861407,8.242321936080543e-09,rolling,0.39,0.39269908169872414,0.008453769502155534,-2.389386950286572,9.81,1,1,8
4.4399999999999995,3.565297911194687,0.16918198466300965,1,downhill_step,3.5652979210706204,9.875933404401849e-09,rolling,0.39,0.39269908169872414,0.008453769502155534,-2.389386950286572,9.81,1,1,8
4.460000000000001,3.5777575671535,0.1684845954179764,1,downhill_step,3.5777575750727566,7.91925680587724e-09,rolling,0.39,0.39269908169872414,0.008453769502155534,-2.389386950286572,9.81,1,1,8
4.48,3.59022968676921,0.16779272973537446,1,downhill_step,3.5902296954360025,8.66679261690706e-09,rolling,0.39,0.39269908169872414,0.008453769502155534,-2.389386950286572,9.81,1,1,8
4.5,3.602714144179308,0.16710632503032685,1,downhill_step,3.6027141526896758,8.510367965897103e-09,rolling,0.39,0.39269908169872414,0.008453769502155534,-2.389386950286572,9.81,1,1,8
4.52,3.615210810591669,0.16642531871795654,1,downhill_step,3.615210819024319,8.432649689638083e-09,rolling,0.39,0.39269908169872414,0.008453769502155534,-2.389386950286572,9.81,1,1,8
4.540000000000001,3.627719560174878,0.16574964940547943,1,downhill_step,3.627719568267439,8.092560843664387e-09,rolling,0.39,0.39269908169872414,0.008453769502155534,-2.389386950286572,9.81,1,1,8
4.5600000000000005,3.6402402672000185,0.16507925629615783,1,downhill_step,3.640240275859616,8.659597483529069e-09,rolling,0.39,0.39269908169872414,0.008453769502155534,-2.389386950286572,9.81,1,1,8
4.58,3.6527728090125127,0.164414079785347,1,downhill_step,3.6527728188309894,9.818476698342238e-09,rolling,0.39,0.39269908169872414,0.008453769502155534,-2.389386950286572,9.81,1,1,8
4.6,3.665317066086917,0.163754061460495,1,downhill_step,3.665317075778095,9.691177638160298e-09,rolling,0.39,0.39269908169872414,0.008453769502155534,-2.389386950286572,9.81,1,1,8
4.620000000000001,3.6778729191647055,0.16309914350509644,1,downhill_step,3.677872926841069,7.676363544817377e-09,rolling,0.39,0.39269908169872414,0.008453769502155534,-2.389386950286572,9.81,1,1,8
4.640000000000001,3.6904402434750807,0.16244926750659944,1,downhill_step,3.690440253681191,1.0206110179211692e-08,rolling,0.39,0.39269908169872414,0.008453769502155534,-2.389386950286572,9.81,1,1,8
4.66,3.703018929195936,0.1618043786287308,1,downhill_step,3.703018939458788,1.0262851901643444e-08,rolling,0.39,0.39269908169872414,0.008453769502155534,-2.389386950286572,9.81,1,1,8
4.68,3.715608858177997,0.1611644208431244,1,downhill_step,3.715608868811475,1.063347765395406e-08,rolling,0.39,0.39269908169872414,0.008453769502155534,-2.389386950286572,9.81,1,1,8
4.700000000000001,3.7282099185720154,0.16052933990955354,1,downhill_step,3.728209927832725,9.260709532554756e-09,rolling,0.39,0.39269908169872414,0.008453769502155534,-2.389386950286572,9.81,1,1,8
4.720000000000001,3.7408219932817666,0.159899080991745,1,downhill_step,3.7408220040507794,1.076901279262188e-08,rolling,0.39,0.39269908169872414,0.008453769502155534,-2.389386950286572,9.81,1,1,8
4.74,3.753444977599693,0.15927359223365783,1,downhill_step,3.753444986407885,8.80819195359095e-09,rolling,0.39,0.39269908169872414,0.008453769502155534,-2.389386950286572,9.81,1,1,8
4.76,3.7660787551466837,0.15865281999111175,1,downhill_step,3.766078765239847,1.0093163194113686e-08,rolling,0.39,0.39269908169872414,0.008453769502155534,-2.389386950286572,9.81,1,1,8
4.780000000000001,3.7787232222598535,0.1580367136001587,1,downhill_step,3.778723232255902,9.996048433436044e-09,rolling,0.39,0.39269908169872414,0.008453769502155534,-2.389386950286572,9.81,1,1,8
4.800000000000001,3.7913782701375913,0.15742522180080412,1,downhill_step,3.7913782805189054,1.0381314030638578e-08,rolling,0.39,0.39269908169872414,0.008453769502155534,-2.389386950286572,9.81,1,1,8
4.82,3.8040437965447973,0.15681829512119294,1,downhill_step,3.804043804425823,7.881025609890457e-09,rolling,0.39,0.39269908169872414,0.008453769502155534,-2.389386950286572,9.81,1,1,8
4.84,3.816719691275799,0.156215882897377,1,downhill_step,3.8167196996885284,8.412729624041049e-09,rolling,0.39,0.39269908169872414,0.008453769502155534,-2.389386950286572,9.81,1,1,8
4.859999999999999,3.8294058536891136,0.1556179368495941,1,downhill_step,3.829405863314894,9.625780617028568e-09,rolling,0.39,0.39269908169872414,0.008453769502155534,-2.389386950286572,9.81,1,1,8
4.880000000000001,3.842102183999918,0.15502440929412842,1,downhill_step,3.8421021935901822,9.590264138381599e-09,rolling,0.39,0.39269908169872414,0.008453769502155534,-2.389386950286572,9.81,1,1,8
4.9,3.854808580403048,0.1544352525472641,1,downhill_step,3.8548085900587195,9.655671373565156e-09,rolling,0.39,0.39269908169872414,0.008453769502155534,-2.389386950286572,9.81,1,1,8
4.92,3.8675249449422697,0.15385042011737823,1,downhill_step,3.867524953505858,8.563588060894745e-09,rolling,0.39,0.39269908169872414,0.008453769502155534,-2.389386950286572,9.81,1,1,8
4.9399999999999995,3.880251177715839,0.1532698655128479,1,downhill_step,3.8802511859402204,8.22438162018102e-09,rolling,0.39,0.39269908169872414,0.008453769502155534,-2.389386950286572,9.81,1,1,8
4.960000000000001,3.8929871798284026,0.1526935428380966,1,downhill_step,3.8929871905762155,1.0747812861922057e-08,rolling,0.39,0.39269908169872414,0.008453769502155534,-2.389386950286572,9.81,1,1,8
4.98,3.9057328621734677,0.1521214085817337,1,downhill_step,3.905732871816823,9.643355447508384e-09,rolling,0.39,0.39269908169872414,0.008453769502155534,-2.389386950286572,9.81,1,1,8
5.0,3.918488125058069,0.15155341744422912,1,downhill_step,3.9184881352366614,1.0178592191323332e-08,rolling,0.39,0.39269908169872414,0.008453769502155534,-2.389386950286572,9.81,1,1,8
5.02,3.931252878646532,0.15098952651023864,1,downhill_step,3.9312528875652966,8.918764393683887e-09,rolling,0.39,0.39269908169872414,0.008453769502155534,-2.389386950286572,9.81,1,1,8
5.040000000000001,3.944027025499323,0.15042969167232512,1,downhill_step,3.94402703667083,1.1171507274809755e-08,rolling,0.39,0.39269908169872414,0.008453769502155534,-2.389386950286572,9.81,1,1,8
5.0600000000000005,3.956810481107079,0.14987387180328368,1,downhill_step,3.9568104915437243,1.0436645325739846e-08,rolling,0.39,0.39269908169872414,0.008453769502155534,-2.389386950286572,9.81,1,1,8
5.08,3.9696031534977325,0.14932202458381652,1,downhill_step,3.969603162280896,8.78316352981301e-09,rolling,0.39,0.39269908169872414,0.008453769502155534,-2.389386950286572,9.81,1,1,8
5.1,3.982404951435578,0.14877410829067228,1,downhill_step,3.9824049600700437,8.634465586965234e-09,rolling,0.39,0.39269908169872414,0.008453769502155534,-2.389386950286572,9.81,1,1,8
5.120000000000001,3.9952157882145856,0.14823008239269256,1,downhill_step,3.995215797174227,8.959641473182955e-09,rolling,0.39,0.39269908169872414,0.008453769502155534,-2.389386950286572,9.81,1,1,8
5.140000000000001,4.008035578425094,0.1476899069547653,1,downhill_step,4.008035586916675,8.491580771874396e-09,rolling,0.39,0.39269908169872414,0.008453769502155534,-2.389386950286572,9.81,1,1,8
5.16,4.020864235067199,0.14715354204177855,1,downhill_step,4.0208642436658435,8.598644463120309e-09,rolling,0.39,0.39269908169872414,0.008453769502155534,-2.389386950286572,9.81,1,1,8
5.18,4.0337016724949155,0.14662094831466674,1,downhill_step,4.033701682820692,1.0325776678143939e-08,rolling,0.39,0.39269908169872414,0.008453769502155534,-2.389386950286572,9.81,1,1,8
5.200000000000001,4.046547812275469,0.14609208822250364,1,downhill_step,4.046547820796203,8.520734340322633e-09,rolling,0.39,0.39269908169872414,0.008453769502155534,-2.389386950286572,9.81,1,1,8
5.220000000000001,4.0594025657222925,0.14556692242622374,1,downhill_step,4.059402575009098,9.286805102703966e-09,rolling,0.39,0.39269908169872414,0.008453769502155534,-2.389386950286572,9.81,1,1,8
5.24,4.072265854331704,0.14504541397094725,1,downhill_step,4.072265863863813,9.532109324084104e-09,rolling,0.39,0.39269908169872414,0.008453769502155534,-2.389386950286572,9.81,1,1,8
5.26,4.08513759814617,0.1445275259017944,1,downhill_step,4.085137606738662,8.592492051207046e-09,rolling,0.39,0.39269908169872414,0.008453769502155534,-2.389386950286572,9.81,1,1,8
5.280000000000001,4.098017712864201,0.14401322066783903,1,downhill_step,4.098017723972225,1.110802383408327e-08,rolling,0.39,0.39269908169872414,0.008453769502155534,-2.389386950286572,9.81,1,1,8
5.300000000000001,4.110906127359623,0.14350246369838712,1,downhill_step,4.110906136849939,9.490316088545114e-09,rolling,0.39,0.39269908169872414,0.008453769502155534,-2.389386950286572,9.81,1,1,8
5.32,4.123802757464734,0.14299521803855894,1,downhill_step,4.123802767590915,1.0126180782776828e-08,rolling,0.39,0.39269908169872414,0.008453769502155534,-2.389386950286572,9.81,1,1,8
5.34,4.1367075293199695,0.1424914491176605,1,downhill_step,4.136707539334934,1.0014964857418818e-08,rolling,0.39,0.39269908169872414,0.008453769502155534,-2.389386950286572,9.81,1,1,8
5.359999999999999,4.14962036481888,0.1419911217689514,1,downhill_step,4.149620376129663,1.1310783420981352e-08,rolling,0.39,0.39269908169872414,0.008453769502155534,-2.389386950286572,9.81,1,1,8
5.380000000000001,4.162541193293975,0.14149420261383056,1,downhill_step,4.162541202918056,9.624081087622471e-09,rolling,0.39,0.39269908169872414,0.008453769502155534,-2.389386950286572,9.81,1,1,8
5.4,4.175469934045039,0.14100065648555754,1,downhill_step,4.1754699455259505,1.1480911332739652e-08,rolling,0.39,0.39269908169872414,0.008453769502155534,-2.389386950286572,9.81,1,1,8
5.42,4.188406519686867,0.1405104511976242,1,downhill_step,4.188406530649871,1.0963003838071472e-08,rolling,0.39,0.39269908169872414,0.008453769502155534,-2.389386950286572,9.81,1,1,8
5.4399999999999995,4.201350875760954,0.14002355337142944,1,downhill_step,4.201350885844991,1.0084036716762057e-08,rolling,0.39,0.39269908169872414,0.008453769502155534,-2.389386950286572,9.81,1,1,8
5.460000000000001,4.21430292984519,0.13953993022441863,1,downhill_step,4.214302939513306,9.668116085492784e-09,rolling,0.39,0.39269908169872414,0.008453769502155534,-2.389386950286572,9.81,1,1,8
5.48,4.2272626105049715,0.1390595495700836,1,downhill_step,4.227262620891975,1.0387003257505967e-08,rolling,0.39,0.39269908169872414,0.008453769502155534,-2.389386950286572,9.81,1,1,8
5.5,4.2402298484191725,0.13858237981796262,1,downhill_step,4.240229860041845,1.1622672602129569e-08,rolling,0.39,0.39269908169872414,0.008453769502155534,-2.389386950286572,9.81,1,1,8
5.52,4.253204578956355,0.13810839056968688,1,downhill_step,4.2532045878361515,8.879796453697963e-09,rolling,0.39,0.39269908169872414,0.008453769502155534,-2.389386950286572,9.81,1,1,8
5.540000000000001,4.266186724680963,0.1376375490427017,1,downhill_step,4.266186735949388,1.1268425303967433e-08,rolling,0.39,0.39269908169872414,0.008453769502155534,-2.389386950286572,9.81,1,1,8
5.5600000000000005,4.27917622744526,0.13716982662677762,1,downhill_step,4.27917623684635,9.40109057268046e-09,rolling,0.39,0.39269908169872414,0.008453769502155534,-2.389386950286572,9.81,1,1,8
5.58,4.2921730134196565,0.13670519173145293,1,downhill_step,4.292173023771349,1.0351692836252369e-08,rolling,0.39,0.39269908169872414,0.008453769502155534,-2.389386950286572,9.81,1,1,8
5.6,4.305177019352499,0.13624361515045164,1,downhill_step,4.3051770307375845,1.1385085763038205e-08,rolling,0.39,0.39269908169872414,0.008453769502155534,-2.389386950286572,9.81,1,1,8
5.620000000000001,4.318188180925282,0.13578506767749784,1,downhill_step,4.318188192516683,1.1591400728150347e-08,rolling,0.39,0.39269908169872414,0.008453769502155534,-2.389386950286572,9.81,1,1,8
5.640000000000001,4.331206435686058,0.13532952070236204,1,downhill_step,4.33120644462839,8.94233220805063e-09,rolling,0.39,0.39269908169872414,0.008453769502155534,-2.389386950286572,9.81,1,1,8
5.66,4.3442317114039675,0.1348769438266754,1,downhill_step,4.344231723330431,1.192646337244696e-08,rolling,0.39,0.39269908169872414,0.008453769502155534,-2.389386950286572,9.81,1,1,8
5.68,4.357263955243303,0.1344273108243942,1,downhill_step,4.35726396560852,1.0365217129049142e-08,rolling,0.39,0.39269908169872414,0.008453769502155534,-2.389386950286572,9.81,1,1,8
5.700000000000001,4.370303098791706,0.13398059248924254,1,downhill_step,4.370303109166513,1.0374806791446645e-08,rolling,0.39,0.39269908169872414,0.008453769502155534,-2.389386950286572,9.81,1,1,8
5.720000000000001,4.383349081402165,0.13353676140308376,1,downhill_step,4.383349092416721,1.1014556378086127e-08,rolling,0.39,0.39269908169872414,0.008453769502155534,-2.389386950286572,9.81,1,1,8
5.74,4.396401844377624,0.1330957907438278,1,downhill_step,4.396401854470367,1.0092743529810377e-08,rolling,0.39,0.39269908169872414,0.008453769502155534,-2.389386950286572,9.81,1,1,8
5.76,4.409461325155297,0.132657653093338,1,downhill_step,4.40946133512819,9.972893622034462e-09,rolling,0.39,0.39269908169872414,0.008453769502155534,-2.389386950286572,9.81,1,1,8
5.780000000000001,4.422527463153481,0.13222232162952421,1,downhill_step,4.422527474871185,1.1717703252145384e-08,rolling,0.39,0.39269908169872414,0.008453769502155534,-2.389386950286572,9.81,1,1,8
5.800000000000001,4.435600202702378,0.1317897707223892,1,downhill_step,4.43560021485148,1.2149101280556351e-08,rolling,0.39,0.39269908169872414,0.008453769502155534,-2.389386950286572,9.81,1,1,8
5.82,4.4486794843118025,0.13135997414588926,1,downhill_step,4.448679496883372,1.2571569563135654e-08,rolling,0.39,0.39269908169872414,0.008453769502155534,-2.389386950286572,9.81,1,1,8
5.84,4.46176525343283,0.1309329068660736,1,downhill_step,4.461765263434472,1.0001642181123316e-08,rolling,0.39,0.39269908169872414,0.008453769502155534,-2.389386950286572,9.81,1,1,8
5.859999999999999,4.4748574458935355,0.13050854206085202,1,downhill_step,4.474857457617,1.1723464865553979e-08,rolling,0.39,0.39269908169872414,0.008453769502155534,-2.389386950286572,9.81,1,1,8
5.880000000000001,4.487956011238614,0.1300868558883667,1,downhill_step,4.487956023179204,1.1940589850212291e-08,rolling,0.39,0.39269908169872414,0.008453769502155534,-2.389386950286572,9.81,1,1,8
5.9,4.501060892609698,0.12966782331466672,1,downhill_step,4.501060904496904,1.1887205886296215e-08,rolling,0.39,0.39269908169872414,0.008453769502155534,-2.389386950286572,9.81,1,1,8
5.92,4.514172034699375,0.12925141990184782,1,downhill_step,4.514172046565182,1.186580700363038e-08,rolling,0.39,0.39269908169872414,0.008453769502155534,-2.389386950286572,9.81,1,1,8
5.9399999999999995,4.527289384476822,0.12883762180805206,1,downhill_step,4.527289394990173,1.0513351078600408e-08,rolling,0.39,0.39269908169872414,0.008453769502155534,-2.389386950286572,9.81,1,1,8
5.960000000000001,4.540412885264444,0.12842640459537505,1,downhill_step,4.5404128959809915,1.0716547649280983e-08,rolling,0.39,0.39269908169872414,0.008453769502155534,-2.389386950286572,9.81,1,1,8
5.98,4.553542485419473,0.12801774501800536,1,downhill_step,4.553542496341775,1.0922302173810294e-08,rolling,0.39,0.39269908169872414,0.008453769502155534,-2.389386950286572,9.81,1,1,8
6.0,4.566678132515068,0.1276116198301315,1,downhill_step,4.566678143463856,1.0948788542464172e-08,rolling,0.39,0.39269908169872414,0.008453769502155534,-2.389386950286572,9.81,1,1,8
