omega_n,omega_next,return_time,impact_count,return_type,omega_next_exact,absolute_error,attractor,gamma,alpha,omega_1,omega_2,gravity,length,mass,num_spokes
-8.0,-5.550117055039411,0.09989462077617645,1,uphill_step,-5.550117047737592,7.301819593408254e-09,rolling,0.16,0.39269908169872414,0.7271916346027661,-1.7091545238103414,9.81,1,1,8
-7.98,-5.535702242912747,0.10015390038490295,1,uphill_step,-5.5357022358132175,7.099529852894193e-09,rolling,0.16,0.39269908169872414,0.7271916346027661,-1.7091545238103414,9.81,1,1,8
-7.96,-5.521286020735615,0.10041455328464508,1,uphill_step,-5.521286013564906,7.170709359627381e-09,rolling,0.16,0.39269908169872414,0.7271916346027661,-1.7091545238103414,9.81,1,1,8
-7.94,-5.50686837770358,0.10067659080028533,1,uphill_step,-5.506868369916559,7.787021694127816e-09,rolling,0.16,0.39269908169872414,0.7271916346027661,-1.7091545238103414,9.81,1,1,8
-7.92,-5.492449300842562,0.10094002306461333,1,uphill_step,-5.492449293674676,7.167885840431154e-09,rolling,0.16,0.39269908169872414,0.7271916346027661,-1.7091545238103414,9.81,1,1,8
-7.9,-5.478028780674791,0.10120486259460448,1,uphill_step,-5.478028773526792,7.1479986374356486e-09,rolling,0.16,0.39269908169872414,0.7271916346027661,-1.7091545238103414,9.81,1,1,8
-7.88,-5.463606805493642,0.10147112071514129,1,uphill_step,-5.4636067980398675,7.45377448652107e-09,rolling,0.16,0.39269908169872414,0.7271916346027661,-1.7091545238103414,9.81,1,1,8
-7.86,-5.449183363266107,0.10173880875110625,1,uphill_step,-5.449183355658667,7.607440011270228e-09,rolling,0.16,0.39269908169872414,0.7271916346027661,-1.7091545238103414,9.81,1,1,8
-7.84,-5.434758442581706,0.10200793862342833,1,uphill_step,-5.434758434704109,7.877597241190415e-09,rolling,0.16,0.39269908169872414,0.7271916346027661,-1.7091545238103414,9.81,1,1,8
-7.82,-5.4203320307409575,0.10227852165699004,1,uphill_step,-5.42033202337158,7.369377108545905e-09,rolling,0.16,0.39269908169872414,0.7271916346027661,-1.7091545238103414,9.81,1,1,8
-7.8,-5.405904117564514,0.10255057096481322,1,uphill_step,-5.405904109729236,7.835278204026963e-09,rolling,0.16,0.39269908169872414,0.7271916346027661,-1.7091545238103414,9.81,1,1,8
-7.78,-5.391474689667637,0.10282409787178039,1,uphill_step,-5.391474681716261,7.951376446158065e-09,rolling,0.16,0.39269908169872414,0.7271916346027661,-1.7091545238103414,9.81,1,1,8
-7.76,-5.377043734269182,0.10309911429882049,1,uphill_step,-5.3770437271411,7.128082124552293e-09,rolling,0.16,0.39269908169872414,0.7271916346027661,-1.7091545238103414,9.81,1,1,8
-7.74,-5.36261124109356,0.10337563395500182,1,uphill_step,-5.362611233679676,7.413883729157078e-09,rolling,0.16,0.39269908169872414,0.7271916346027661,-1.7091545238103414,9.81,1,1,8
-7.72,-5.348177196644977,0.10365366876125334,1,uphill_step,-5.348177188873556,7.771421728364203e-09,rolling,0.16,0.39269908169872414,0.7271916346027661,-1.7091545238103414,9.81,1,1,8
-7.7,-5.333741588016149,0.10393323123455046,1,uphill_step,-5.3337415801281045,7.888044883941348e-09,rolling,0.16,0.39269908169872414,0.7271916346027661,-1.7091545238103414,9.81,1,1,8
-7.68,-5.319304401929643,0.10421433389186859,1,uphill_step,-5.319304394710595,7.21904847011956e-09,rolling,0.16,0.39269908169872414,0.7271916346027661,-1.7091545238103414,9.81,1,1,8
-7.66,-5.304865627592968,0.10449699103832244,1,uphill_step,-5.304865619748294,7.84467424352897e-09,rolling,0.16,0.39269908169872414,0.7271916346027661,-1.7091545238103414,9.81,1,1,8
-7.64,-5.290425250018972,0.104781214594841,1,uphill_step,-5.290425242226512,7.79246001059164e-09,rolling,0.16,0.39269908169872414,0.7271916346027661,-1.7091545238103414,9.81,1,1,8
-7.62,-5.275983256694588,0.10506701827049254,1,uphill_step,-5.275983248986623,7.707964932990308e-09,rolling,0.16,0.39269908169872414,0.7271916346027661,-1.7091545238103414,9.81,1,1,8
-7.6,-5.261539634714876,0.10535441577434539,1,uphill_step,-5.2615396267240495,7.990826667025885e-09,rolling,0.16,0.39269908169872414,0.7271916346027661,-1.7091545238103414,9.81,1,1,8
-7.58,-5.247094369823898,0.10564342021942139,1,uphill_step,-5.247094361986208,7.837690496614869e-09,rolling,0.16,0.39269908169872414,0.7271916346027661,-1.7091545238103414,9.81,1,1,8
-7.56,-5.232647449269319,0.10593404591083526,1,uphill_step,-5.23264744117043,8.09888867081554e-09,rolling,0.16,0.39269908169872414,0.7271916346027661,-1.7091545238103414,9.81,1,1,8
-7.54,-5.218198857982704,0.10622630596160888,1,uphill_step,-5.21819885052184,7.460863926667116e-09,rolling,0.16,0.39269908169872414,0.7271916346027661,-1.7091545238103414,9.81,1,1,8
-7.52,-5.2037485842942885,0.10652021586894989,1,uphill_step,-5.203748576131195,8.163093312418823e-09,rolling,0.16,0.39269908169872414,0.7271916346027661,-1.7091545238103414,9.81,1,1,8
-7.5,-5.1892966113457755,0.10681578814983367,1,uphill_step,-5.189296603932699,7.413076374973571e-09,rolling,0.16,0.39269908169872414,0.7271916346027661,-1.7091545238103414,9.81,1,1,8
-7.48,-5.174842927572171,0.10711303889751433,1,uphill_step,-5.174842919701762,7.870409213239782e-09,rolling,0.16,0.39269908169872414,0.7271916346027661,-1.7091545238103414,9.81,1,1,8
-7.46,-5.160387517160915,0.10741198182106017,1,uphill_step,-5.160387509052731,8.108184346156122e-09,rolling,0.16,0.39269908169872414,0.7271916346027661,-1.7091545238103414,9.81,1,1,8
-7.4399999999999995,-5.145930364812734,0.10771263122558593,1,uphill_step,-5.145930357436587,7.376146804460859e-09,rolling,0.16,0.39269908169872414,0.7271916346027661,-1.7091545238103414,9.81,1,1,8
-7.42,-5.131471457642054,0.10801500320434569,1,uphill_step,-5.13147145013859,7.503464516389613e-09,rolling,0.16,0.39269908169872414,0.7271916346027661,-1.7091545238103414,9.81,1,1,8
-7.4,-5.117010779449567,0.10831911206245422,1,uphill_step,-5.1170107722758855,7.173681204619697e-09,rolling,0.16,0.39269908169872414,0.7271916346027661,-1.7091545238103414,9.81,1,1,8
-7.38,-5.102548316436232,0.10862497389316558,1,uphill_step,-5.102548308795072,7.641160593152563e-09,rolling,0.16,0.39269908169872414,0.7271916346027661,-1.7091545238103414,9.81,1,1,8
-7.36,-5.088084051475618,0.10893260300159453,1,uphill_step,-5.08808404446973,7.0058874257483694e-09,rolling,0.16,0.39269908169872414,0.7271916346027661,-1.7091545238103414,9.81,1,1,8
-7.34,-5.073617970781101,0.10924201607704162,1,uphill_step,-5.073617963897898,6.883203340635191e-09,rolling,0.16,0.39269908169872414,0.7271916346027661,-1.7091545238103414,9.81,1,1,8
-7.32,-5.059150059131409,0.10955322921276092,1,uphill_step,-5.059150051499506,7.631903109484028e-09,rolling,0.16,0.39269908169872414,0.7271916346027661,-1.7091545238103414,9.81,1,1,8
-7.3,-5.044680298909887,0.10986625730991363,1,uphill_step,-5.044680291513769,7.3961174962278164e-09,rolling,0.16,0.39269908169872414,0.7271916346027661,-1.7091545238103414,9.81,1,1,8
-7.28,-5.030208674944182,0.11018111705780027,1,uphill_step,-5.030208667996533,6.947649566768632e-09,rolling,0.16,0.39269908169872414,0.7271916346027661,-1.7091545238103414,9.81,1,1,8
-7.26,-5.0157351724239225,0.11049782574176786,1,uphill_step,-5.015735164817561,7.606361762668712e-09,standing,0.16,0.39269908169872414,0.7271916346027661,-1.7091545238103414,9.81,1,1,8
-7.24,-5.001259773121028,0.11081639885902403,1,uphill_step,-5.001259765657793,7.463234474869296e-09,standing,0.16,0.39269908169872414,0.7271916346027661,-1.7091545238103414,9.81,1,1,8
-7.22,-4.986782461204858,0.11113685369491576,1,uphill_step,-4.986782454006535,7.198322826695858e-09,standing,0.16,0.39269908169872414,0.7271916346027661,-1.7091545238103414,9.81,1,1,8
-7.2,-4.972303220317918,0.11145920753479002,1,uphill_step,-4.972303213158611,7.1593069250752706e-09,standing,0.16,0.39269908169872414,0.7271916346027661,-1.7091545238103414,9.81,1,1,8
-7.18,-4.957822033567717,0.11178347766399382,1,uphill_step,-4.957822026211454,7.3562631541790324e-09,standing,0.16,0.39269908169872414,0.7271916346027661,-1.7091545238103414,9.81,1,1,8
-7.16,-4.9433388835184875,0.11210968136787414,1,uphill_step,-4.943338876062154,7.456333328548226e-09,standing,0.16,0.39269908169872414,0.7271916346027661,-1.7091545238103414,9.81,1,1,8
-7.14,-4.928853753136195,0.1124378365278244,1,uphill_step,-4.928853745404448,7.731747686534618e-09,standing,0.16,0.39269908169872414,0.7271916346027661,-1.7091545238103414,9.81,1,1,8
-7.12,-4.9143666238730175,0.11276796042919157,1,uphill_step,-4.914366616725643,7.147374248006599e-09,standing,0.16,0.39269908169872414,0.7271916346027661,-1.7091545238103414,9.81,1,1,8
-7.1,-4.899877479472401,0.11310007214546203,1,uphill_step,-4.899877472303511,7.168890370223835e-09,standing,0.16,0.39269908169872414,0.7271916346027661,-1.7091545238103414,9.81,1,1,8
-7.08,-4.885386301192849,0.11343418955802916,1,uphill_step,-4.885386294203095,6.989753664754517e-09,standing,0.16,0.39269908169872414,0.7271916346027661,-1.7091545238103414,9.81,1,1,8
-7.06,-4.870893071612633,0.11377033174037932,1,uphill_step,-4.870893064273475,7.339157725994028e-09,standing,0.16,0.39269908169872414,0.7271916346027661,-1.7091545238103414,9.81,1,1,8
-7.04,-4.856397771760135,0.11410851716995238,1,uphill_step,-4.856397764144474,7.615660990722972e-09,standing,0.16,0.39269908169872414,0.7271916346027661,-1.7091545238103414,9.81,1,1,8
-7.02,-4.841900383011309,0.11444876492023467,1,uphill_step,-4.8419003752232905,7.78801823031472e-09,standing,0.16,0.39269908169872414,0.7271916346027661,-1.7091545238103414,9.81,1,1,8
-7.0,-4.827400886126566,0.11479109406471251,1,uphill_step,-4.827400878691083,7.435482451967346e-09,standing,0.16,0.39269908169872414,0.7271916346027661,-1.7091545238103414,9.81,1,1,8
-6.98,-4.8128992631478695,0.11513552486896514,1,uphill_step,-4.81289925549948,7.648389477310502e-09,standing,0.16,0.39269908169872414,0.7271916346027661,-1.7091545238103414,9.81,1,1,8
-6.96,-4.7983954935748585,0.11548207640647887,1,uphill_step,-4.798395486367026,7.207832553035587e-09,standing,0.16,0.39269908169872414,0.7271916346027661,-1.7091545238103414,9.81,1,1,8
-6.9399999999999995,-4.783889559121935,0.11583076953887939,1,uphill_step,-4.783889551775568,7.346367070226734e-09,standing,0.16,0.39269908169872414,0.7271916346027661,-1.7091545238103414,9.81,1,1,8
-6.92,-4.769381438940532,0.11618162393569945,1,uphill_step,-4.769381431966566,6.973966293344347e-09,standing,0.16,0.39269908169872414,0.7271916346027661,-1.7091545238103414,9.81,1,1,8
-6.9,-4.754871114375787,0.11653466105461119,1,uphill_step,-4.754871106937332,7.438454296959662e-09,standing,0.16,0.39269908169872414,0.7271916346027661,-1.7091545238103414,9.81,1,1,8
-6.88,-4.740358564188403,0.11688990116119384,1,uphill_step,-4.740358556437208,7.751195241212372e-09,standing,0.16,0.39269908169872414,0.7271916346027661,-1.7091545238103414,9.81,1,1,8
-6.859999999999999,-4.72584376740397,0.11724736511707305,1,uphill_step,-4.7258437599636585,7.440311478035255e-09,standing,0.16,0.39269908169872414,0.7271916346027661,-1.7091545238103414,9.81,1,1,8
-6.84,-4.711326704255152,0.1176070749759674,1,uphill_step,-4.711326696758297,7.496854692590205e-09,standing,0.16,0.39269908169872414,0.7271916346027661,-1.7091545238103414,9.81,1,1,8
-6.82,-4.6968073533098025,0.117969052195549,1,uphill_step,-4.696807345802832,7.50697015661217e-09,standing,0.16,0.39269908169872414,0.7271916346027661,-1.7091545238103414,9.81,1,1,8
-6.8,-4.682285693366148,0.11833331882953642,1,uphill_step,-4.682285685814936,7.551212100054272e-09,standing,0.16,0.39269908169872414,0.7271916346027661,-1.7091545238103414,9.81,1,1,8
-6.78,-4.667761702487363,0.11869989693164824,1,uphill_step,-4.6677616952440335,7.243329491757322e-09,standing,0.16,0.39269908169872414,0.7271916346027661,-1.7091545238103414,9.81,1,1,8
-6.76,-4.653235358942818,0.11906880915164947,1,uphill_step,-4.653235352267006,6.6758119032783725e-09,standing,0.16,0.39269908169872414,0.7271916346027661,-1.7091545238103414,9.81,1,1,8
-6.74,-4.638706642149069,0.119440079331398,1,uphill_step,-4.638706634783822,7.365247078894299e-09,standing,0.16,0.39269908169872414,0.7271916346027661,-1.7091545238103414,9.81,1,1,8
-6.72,-4.624175526936398,0.11981372892856597,1,uphill_step,-4.624175520413066,6.523332096719514e-09,standing,0.16,0.39269908169872414,0.7271916346027661,-1.7091545238103414,9.81,1,1,8
-6.7,-4.60964199314452,0.12018978297710417,1,uphill_step,-4.609641986487394,6.657126405684721e-09,standing,0.16,0.39269908169872414,0.7271916346027661,-1.7091545238103414,9.81,1,1,8
-6.68,-4.595106016894202,0.12056826472282407,1,uphill_step,-4.595106010048892,6.845310096537105e-09,standing,0.16,0.39269908169872414,0.7271916346027661,-1.7091545238103414,9.81,1,1,8
-6.66,-4.580567574367342,0.1209491980075836,1,uphill_step,-4.580567567844344,6.522998141633707e-09,standing,0.16,0.39269908169872414,0.7271916346027661,-1.7091545238103414,9.81,1,1,8
-6.64,-4.56602664289524,0.12133260786533354,1,uphill_step,-4.566026636320407,6.574833122385826e-09,standing,0.16,0.39269908169872414,0.7271916346027661,-1.7091545238103414,9.81,1,1,8
-6.62,-4.551483198969311,0.1217185193300247,1,uphill_step,-4.551483191618689,7.350622333035517e-09,standing,0.16,0.39269908169872414,0.7271916346027661,-1.7091545238103414,9.81,1,1,8
-6.6,-4.536937216319795,0.122106956243515,1,uphill_step,-4.53693720957073,6.74906530662156e-09,standing,0.16,0.39269908169872414,0.7271916346027661,-1.7091545238103414,9.81,1,1,8
-6.58,-4.522388672575304,0.12249794542789458,1,uphill_step,-4.5223886656928824,6.882421743625855e-09,standing,0.16,0.39269908169872414,0.7271916346027661,-1.7091545238103414,9.81,1,1,8
-6.5600000000000005,-4.507837542573617,0.12289151251316069,1,uphill_step,-4.507837535181082,7.392534584482746e-09,standing,0.16,0.39269908169872414,0.7271916346027661,-1.7091545238103414,9.81,1,1,8
-6.54,-4.493283800253293,0.12328768312931059,1,uphill_step,-4.493283792905523,7.34776950395144e-09,standing,0.16,0.39269908169872414,0.7271916346027661,-1.7091545238103414,9.81,1,1,8
-6.52,-4.478727420544971,0.12368648409843443,1,uphill_step,-4.478727413405223,7.139748348095054e-09,standing,0.16,0.39269908169872414,0.7271916346027661,-1.7091545238103414,9.81,1,1,8
-6.5,-4.46416837744849,0.12408794224262236,1,uphill_step,-4.46416837088247,6.5660197279271415e-09,standing,0.16,0.39269908169872414,0.7271916346027661,-1.7091545238103414,9.81,1,1,8
-6.48,-4.449606645923502,0.12449208557605741,1,uphill_step,-4.44960663919716,6.726342149931952e-09,standing,0.16,0.39269908169872414,0.7271916346027661,-1.7091545238103414,9.81,1,1,8
-6.46,-4.435042199012455,0.12489894151687621,1,uphill_step,-4.435042191861025,7.15142967067095e-09,standing,0.16,0.39269908169872414,0.7271916346027661,-1.7091545238103414,9.81,1,1,8
-6.4399999999999995,-4.420475008777033,0.12530853748321533,1,uphill_step,-4.420475002031733,6.745300318300451e-09,standing,0.16,0.39269908169872414,0.7271916346027661,-1.7091545238103414,9.81,1,1,8
-6.42,-4.405905049141168,0.1257209026813507,1,uphill_step,-4.405905042506868,6.634300220298428e-09,standing,0.16,0.39269908169872414,0.7271916346027661,-1.7091545238103414,9.81,1,1,8
-6.4,-4.3913322930129075,0.12613606631755828,1,uphill_step,-4.391332285717793,7.295114734517938e-09,standing,0.16,0.39269908169872414,0.7271916346027661,-1.7091545238103414,9.81,1,1,8
-6.38,-4.376756710359343,0.1265540564060211,1,uphill_step,-4.376756703723369,6.635974436619563e-09,standing,0.16,0.39269908169872414,0.7271916346027661,-1.7091545238103414,9.81,1,1,8
-6.359999999999999,-4.362178274862308,0.12697490394115446,1,uphill_step,-4.3621782682035635,6.658744666765415e-09,standing,0.16,0.39269908169872414,0.7271916346027661,-1.7091545238103414,9.81,1,1,8
-6.34,-4.347596957225208,0.12739863872528073,1,uphill_step,-4.34759695045291,6.772297389545656e-09,standing,0.16,0.39269908169872414,0.7271916346027661,-1.7091545238103414,9.81,1,1,8
-6.32,-4.333012728014029,0.12782529115676877,1,uphill_step,-4.333012721373831,6.640197725005237e-09,rolling,0.16,0.39269908169872414,0.7271916346027661,-1.7091545238103414,9.81,1,1,8
-6.3,-4.318425558591021,0.1282548928260803,1,uphill_step,-4.318425551469823,7.121197853621197e-09,rolling,0.16,0.39269908169872414,0.7271916346027661,-1.7091545238103414,9.81,1,1,8
-6.28,-4.303835417280617,0.12868747413158416,1,uphill_step,-4.303835410838506,6.442110844773197e-09,rolling,0.16,0.39269908169872414,0.7271916346027661,-1.7091545238103414,9.81,1,1,8
-6.26,-4.289242276022971,0.1291230684518814,1,uphill_step,-4.289242269164502,6.858469348003382e-09,rolling,0.16,0.39269908169872414,0.7271916346027661,-1.7091545238103414,9.81,1,1,8
-6.24,-4.274646102725133,0.12956170737743375,1,uphill_step,-4.274646095712188,7.012944891471307e-09,rolling,0.16,0.39269908169872414,0.7271916346027661,-1.7091545238103414,9.81,1,1,8
-6.22,-4.260046866007877,0.13000342369079587,1,uphill_step,-4.260046859318268,6.689608866849994e-09,rolling,0.16,0.39269908169872414,0.7271916346027661,-1.7091545238103414,9.81,1,1,8
-6.2,-4.245444535341008,0.13044825136661528,1,uphill_step,-4.245444528384213,6.956795139956284e-09,rolling,0.16,0.39269908169872414,0.7271916346027661,-1.7091545238103414,9.81,1,1,8
-6.18,-4.230839077708192,0.13089622378349303,1,uphill_step,-4.230839070868502,6.839690591675662e-09,rolling,0.16,0.39269908169872414,0.7271916346027661,-1.7091545238103414,9.81,1,1,8
-6.16,-4.216230460875277,0.13134737551212308,1,uphill_step,-4.216230454278732,6.596544643855395e-09,rolling,0.16,0.39269908169872414,0.7271916346027661,-1.7091545238103414,9.81,1,1,8
-6.14,-4.201618652275999,0.13180174171924589,1,uphill_step,-4.201618645663531,6.612467906563779e-09,rolling,0.16,0.39269908169872414,0.7271916346027661,-1.7091545238103414,9.81,1,1,8
-6.12,-4.187003618034331,0.13225935757160184,1,uphill_step,-4.1870036116042995,6.430031618265275e-09,rolling,0.16,0.39269908169872414,0.7271916346027661,-1.7091545238103414,9.81,1,1,8
-6.1,-4.172385324846622,0.13272025942802426,1,uphill_step,-4.172385318206774,6.639847782707875e-09,rolling,0.16,0.39269908169872414,0.7271916346027661,-1.7091545238103414,9.81,1,1,8
-6.08,-4.157763738049358,0.13318448364734647,1,uphill_step,-4.157763731092406,6.956951459358152e-09,rolling,0.16,0.39269908169872414,0.7271916346027661,-1.7091545238103414,9.81,1,1,8
-6.0600000000000005,-4.143138822546684,0.13365206718444822,1,uphill_step,-4.143138815389541,7.157142434266461e-09,rolling,0.16,0.39269908169872414,0.7271916346027661,-1.7091545238103414,9.81,1,1,8
-6.04,-4.128510542783871,0.13412304759025573,1,uphill_step,-4.128510535724409,7.059461459846261e-09,rolling,0.16,0.39269908169872414,0.7271916346027661,-1.7091545238103414,9.81,1,1,8
-6.02,-4.113878862720155,0.1345974630117416,1,uphill_step,-4.1138788562119135,6.508241057190389e-09,rolling,0.16,0.39269908169872414,0.7271916346027661,-1.7091545238103414,9.81,1,1,8
-6.0,-4.0992437467544045,0.13507535278797148,1,uphill_step,-4.099243740446211,6.308193079007651e-09,rolling,0.16,0.39269908169872414,0.7271916346027661,-1.7091545238103414,9.81,1,1,8
-5.98,-4.08460515778973,0.13555675625801084,1,uphill_step,-4.084605151491077,6.298653154601652e-09,rolling,0.16,0.39269908169872414,0.7271916346027661,-1.7091545238103414,9.81,1,1,8
-5.96,-4.069963058157817,0.1360417133569717,1,uphill_step,-4.069963051870059,6.287757869927191e-09,rolling,0.16,0.39269908169872414,0.7271916346027661,-1.7091545238103414,9.81,1,1,8
-5.9399999999999995,-4.0553174105425365,0.136530265212059,1,uphill_step,-4.055317403556403,6.986133449515819e-09,rolling,0.16,0.39269908169872414,0.7271916346027661,-1.7091545238103414,9.81,1,1,8
-5.92,-4.040668175089034,0.13702245235443114,1,uphill_step,-4.04066816796275,7.12628445143082e-09,rolling,0.16,0.39269908169872414,0.7271916346027661,-1.7091545238103414,9.81,1,1,8
-5.9,-4.026015312232798,0.13751831650733945,1,uphill_step,-4.026015305930598,6.302199651031515e-09,rolling,0.16,0.39269908169872414,0.7271916346027661,-1.7091545238103414,9.81,1,1,8
-5.88,-4.011358784574543,0.1380179017782211,1,uphill_step,-4.01135877771952,6.855022327556526e-09,rolling,0.16,0.39269908169872414,0.7271916346027661,-1.7091545238103414,9.81,1,1,8
-5.859999999999999,-3.9966985492196923,0.13852124989032744,1,uphill_step,-3.9966985429961364,6.223555892859167e-09,rolling,0.16,0.39269908169872414,0.7271916346027661,-1.7091545238103414,9.81,1,1,8
-5.84,-3.982034567279358,0.13902840614318845,1,uphill_step,-3.9820345608228274,6.456530421417028e-09,rolling,0.16,0.39269908169872414,0.7271916346027661,-1.7091545238103414,9.81,1,1,8
-5.82,-3.9673667962081796,0.1395394146442413,1,uphill_step,-3.9673667896461815,6.561998056042739e-09,rolling,0.16,0.39269908169872414,0.7271916346027661,-1.7091545238103414,9.81,1,1,8
-5.8,-3.952695193599498,0.14005432069301604,1,uphill_step,-3.9526951872851828,6.314315292854644e-09,rolling,0.16,0.39269908169872414,0.7271916346027661,-1.7091545238103414,9.81,1,1,8
-5.779999999999999,-3.9380197172579305,0.14057317078113554,1,uphill_step,-3.9380197109191113,6.338819247275751e-09,rolling,0.16,0.39269908169872414,0.7271916346027661,-1.7091545238103414,9.81,1,1,8
-5.76,-3.923340323817229,0.1410960119962692,1,uphill_step,-3.9233403170751635,6.742065572495903e-09,rolling,0.16,0.39269908169872414,0.7271916346027661,-1.7091545238103414,9.81,1,1,8
-5.74,-3.9086569681444683,0.14162289142608642,1,uphill_step,-3.9086569616157734,6.5286949180176634e-09,rolling,0.16,0.39269908169872414,0.7271916346027661,-1.7091545238103414,9.81,1,1,8
-5.72,-3.8939696060324818,0.14215385794639585,1,uphill_step,-3.893969599725638,6.306843935988127e-09,rolling,0.16,0.39269908169872414,0.7271916346027661,-1.7091545238103414,9.81,1,1,8
-5.699999999999999,-3.879278192252974,0.1426889610290527,1,uphill_step,-3.8792781858984338,6.354540449393653e-09,rolling,0.16,0.39269908169872414,0.7271916346027661,-1.7091545238103414,9.81,1,1,8
-5.68,-3.8645826805155594,0.1432282507419586,1,uphill_step,-3.8645826739232074,6.592351997625201e-09,rolling,0.16,0.39269908169872414,0.7271916346027661,-1.7091545238103414,9.81,1,1,8
-5.66,-3.849883023425717,0.14377177774906158,1,uphill_step,-3.849883016870441,6.555275877673239e-09,rolling,0.16,0.39269908169872414,0.7271916346027661,-1.7091545238103414,9.81,1,1,8
-5.640000000000001,-3.835179173395177,0.1443195939064026,1,uphill_step,-3.835179167077784,6.317392831078905e-09,rolling,0.16,0.39269908169872414,0.7271916346027661,-1.7091545238103414,9.81,1,1,8
-5.62,-3.8204710825976913,0.14487175226211546,1,uphill_step,-3.820471076135435,6.462256507688835e-09,rolling,0.16,0.39269908169872414,0.7271916346027661,-1.7091545238103414,9.81,1,1,8
-5.6,-3.8057587010167673,0.14542830586433408,1,uphill_step,-3.805758694871161,6.145606246121815e-09,rolling,0.16,0.39269908169872414,0.7271916346027661,-1.7091545238103414,9.81,1,1,8
-5.58,-3.791041980212969,0.1459893101453781,1,uphill_step,-3.7910419733349627,6.878006164612316e-09,rolling,0.16,0.39269908169872414,0.7271916346027661,-1.7091545238103414,9.81,1,1,8
-5.5600000000000005,-3.7763208675553934,0.14655481934547424,1,uphill_step,-3.7763208607833425,6.772050920034189e-09,rolling,0.16,0.39269908169872414,0.7271916346027661,-1.7091545238103414,9.81,1,1,8
-5.54,-3.7615953118934318,0.147124890089035,1,uphill_step,-3.761595305663203,6.230228777326374e-09,rolling,0.16,0.39269908169872414,0.7271916346027661,-1.7091545238103414,9.81,1,1,8
-5.52,-3.7468652615995315,0.1476995801925659,1,uphill_step,-3.746865255595328,6.004203356724247e-09,rolling,0.16,0.39269908169872414,0.7271916346027661,-1.7091545238103414,9.81,1,1,8
-5.5,-3.7321306635641065,0.14827894806861877,1,uphill_step,-3.7321306573574624,6.206644087569657e-09,rolling,0.16,0.39269908169872414,0.7271916346027661,-1.7091545238103414,9.81,1,1,8
-5.48,-3.7173914631425067,0.14886305272579192,1,uphill_step,-3.717391456866958,6.275548525280783e-09,rolling,0.16,0.39269908169872414,0.7271916346027661,-1.7091545238103414,9.81,1,1,8
-5.46,-3.7026476050540342,0.1494519543647766,1,uphill_step,-3.702647599162989,5.891045429251562e-09,rolling,0.16,0.39269908169872414,0.7271916346027661,-1.7091545238103414,9.81,1,1,8
-5.4399999999999995,-3.687899034292165,0.1500457149744034,1,uphill_step,-3.6878990283883106,5.903854294331268e-09,rolling,0.16,0.39269908169872414,0.7271916346027661,-1.7091545238103414,9.81,1,1,8
-5.42,-3.6731456942950573,0.15064439713954925,1,uphill_step,-3.673145687770558,6.524499163163e-09,rolling,0.16,0.39269908169872414,0.7271916346027661,-1.7091545238103414,9.81,1,1,8
-5.4,-3.6583875254953426,0.15124806344509123,1,uphill_step,-3.6583875196030626,5.8922799972549456e-09,rolling,0.16,0.39269908169872414,0.7271916346027661,-1.7091545238103414,9.81,1,1,8
-5.38,-3.6436244714081583,0.15185678005218506,1,uphill_step,-3.6436244652251752,6.182983014468846e-09,rolling,0.16,0.39269908169872414,0.7271916346027661,-1.7091545238103414,9.81,1,1,8
-5.359999999999999,-3.628856470804367,0.1524706119298935,1,uphill_step,-3.628856465002087,5.802279989808312e-09,rolling,0.16,0.39269908169872414,0.7271916346027661,-1.7091545238103414,9.81,1,1,8
-5.34,-3.614083464320783,0.15308962702751158,1,uphill_step,-3.6140834583041173,6.016665832220269e-09,rolling,0.16,0.39269908169872414,0.7271916346027661,-1.7091545238103414,9.81,1,1,8
-5.32,-3.5993053896270975,0.1537138932943344,1,uphill_step,-3.5993053834854645,6.141632979961287e-09,rolling,0.16,0.39269908169872414,0.7271916346027661,-1.7091545238103414,9.81,1,1,8
-5.3,-3.584522184218654,0.15434348046779633,1,uphill_step,-3.584522177862406,6.3562479724055265e-09,rolling,0.16,0.39269908169872414,0.7271916346027661,-1.7091545238103414,9.81,1,1,8
-5.279999999999999,-3.5697337843934713,0.1549784594774246,1,uphill_step,-3.5697337776909137,6.702557620030802e-09,rolling,0.16,0.39269908169872414,0.7271916346027661,-1.7091545238103414,9.81,1,1,8
-5.26,-3.5549401242273135,0.155618901848793,1,uphill_step,-3.5549401181436857,6.083627823727511e-09,rolling,0.16,0.39269908169872414,0.7271916346027661,-1.7091545238103414,9.81,1,1,8
-5.24,-3.540141139314012,0.1562648820877075,1,uphill_step,-3.5401411332865593,6.027452759127527e-09,rolling,0.16,0.39269908169872414,0.7271916346027661,-1.7091545238103414,9.81,1,1,8
-5.22,-3.5253367619225564,0.15691647469997405,1,uphill_step,-3.525336756054299,5.868257435537316e-09,rolling,0.16,0.39269908169872414,0.7271916346027661,-1.7091545238103414,9.81,1,1,8
-5.199999999999999,-3.5105269247331714,0.1575737565755844,1,uphill_step,-3.51052691822573,6.507441252523449e-09,rolling,0.16,0.39269908169872414,0.7271916346027661,-1.7091545238103414,9.81,1,1,8
-5.18,-3.4957115569434256,0.15823680460453032,1,uphill_step,-3.4957115503982084,6.545217257070135e-09,rolling,0.16,0.39269908169872414,0.7271916346027661,-1.7091545238103414,9.81,1,1,8
-5.16,-3.480890587999734,0.15890569806098936,1,uphill_step,-3.4808905819613813,6.038352484694087e-09,rolling,0.16,0.39269908169872414,0.7271916346027661,-1.7091545238103414,9.81,1,1,8
-5.140000000000001,-3.466063947512591,0.1595805186033249,1,uphill_step,-3.4660639410702525,6.44233866253785e-09,rolling,0.16,0.39269908169872414,0.7271916346027661,-1.7091545238103414,9.81,1,1,8
-5.12,-3.451231560470663,0.16026134729385377,1,uphill_step,-3.4512315546174883,5.853174833703179e-09,rolling,0.16,0.39269908169872414,0.7271916346027661,-1.7091545238103414,9.81,1,1,8
-5.1,-3.4363933537631497,0.16094826877117158,1,uphill_step,-3.4363933482049815,5.558168147956621e-09,rolling,0.16,0.39269908169872414,0.7271916346027661,-1.7091545238103414,9.81,1,1,8
-5.08,-3.421549252103736,0.1616413688659668,1,uphill_step,-3.421549246114608,5.989127860317467e-09,rolling,0.16,0.39269908169872414,0.7271916346027661,-1.7091545238103414,9.81,1,1,8
-5.0600000000000005,-3.4066991772439494,0.16234073400497437,1,uphill_step,-3.406699171278181,5.965768323790144e-09,rolling,0.16,0.39269908169872414,0.7271916346027661,-1.7091545238103414,9.81,1,1,8
-5.04,-3.3918430515911995,0.16304645359516146,1,uphill_step,-3.391843045246558,6.344641256816885e-09,rolling,0.16,0.39269908169872414,0.7271916346027661,-1.7091545238103414,9.81,1,1,8
-5.02,-3.3769807942938743,0.16375861763954164,1,uphill_step,-3.376980788157884,6.135990382460932e-09,standing,0.16,0.39269908169872414,0.7271916346027661,-1.7091545238103414,9.81,1,1,8
-5.0,-3.362112324951019,0.1644773191213608,1,uphill_step,-3.3621123187049307,6.2460885352777495e-09,standing,0.16,0.39269908169872414,0.7271916346027661,-1.7091545238103414,9.81,1,1,8
-4.98,-3.3472375596911683,0.16520265161991118,1,uphill_step,-3.3472375541015085,5.589659846094719e-09,standing,0.16,0.39269908169872414,0.7271916346027661,-1.7091545238103414,9.81,1,1,8
-4.96,-3.3323564158290284,0.16593471229076387,1,uphill_step,-3.3323564100479177,5.7811107012639695e-09,standing,0.16,0.39269908169872414,0.7271916346027661,-1.7091545238103414,9.81,1,1,8
-4.9399999999999995,-3.317468806984104,0.1666735988855362,1,uphill_step,-3.31746880069541,6.288694009981555e-09,standing,0.16,0.39269908169872414,0.7271916346027661,-1.7091545238103414,9.81,1,1,8
-4.92,-3.3025746448700213,0.167419410943985,1,uphill_step,-3.302574638609617,6.260404195046476e-09,standing,0.16,0.39269908169872414,0.7271916346027661,-1.7091545238103414,9.81,1,1,8
-4.9,-3.2876738410801565,0.16817225098609925,1,uphill_step,-3.2876738347329177,6.347238734605298e-09,standing,0.16,0.39269908169872414,0.7271916346027661,-1.7091545238103414,9.81,1,1,8
-4.88,-3.2727663041021513,0.16893222272396088,1,uphill_step,-3.272766298345705,5.756446430638107e-09,standing,0.16,0.39269908169872414,0.7271916346027661,-1.7091545238103414,9.81,1,1,8
-4.859999999999999,-3.2578519430026724,0.1696994334459305,1,uphill_step,-3.2578519370265187,5.976153794051697e-09,standing,0.16,0.39269908169872414,0.7271916346027661,-1.7091545238103414,9.81,1,1,8
-4.84,-3.2429306626457812,0.1704739910364151,1,uphill_step,-3.242930656610999,6.034782007446893e-09,standing,0.16,0.39269908169872414,0.7271916346027661,-1.7091545238103414,9.81,1,1,8
-4.82,-3.2280023671369653,0.17125600636005403,1,uphill_step,-3.228002361149608,5.987357276637795e-09,standing,0.16,0.39269908169872414,0.7271916346027661,-1.7091545238103414,9.81,1,1,8
-4.8,-3.2130669587841783,0.17204559266567232,1,uphill_step,-3.2130669528641085,5.920069767739733e-09,standing,0.16,0.39269908169872414,0.7271916346027661,-1.7091545238103414,9.81,1,1,8
-4.779999999999999,-3.1981243380760325,0.17284286558628084,1,uphill_step,-3.1981243321027155,5.973316952179175e-09,standing,0.16,0.39269908169872414,0.7271916346027661,-1.7091545238103414,9.81,1,1,8
-4.76,-3.183174403464847,0.17364794313907625,1,uphill_step,-3.1831743972939095,6.170937538740873e-09,standing,0.16,0.39269908169872414,0.7271916346027661,-1.7091545238103414,9.81,1,1,8
-4.74,-3.1682170502569473,0.17446094512939456,1,uphill_step,-3.1682170448988254,5.358121946130723e-09,standing,0.16,0.39269908169872414,0.7271916346027661,-1.7091545238103414,9.81,1,1,8
-4.72,-3.1532521752185154,0.1752819961309433,1,uphill_step,-3.153252169362204,5.8563114357923496e-09,standing,0.16,0.39269908169872414,0.7271916346027661,-1.7091545238103414,9.81,1,1,8
-4.699999999999999,-3.1382796687811028,0.17611122071743013,1,uphill_step,-3.138279663061825,5.719277940130496e-09,standing,0.16,0.39269908169872414,0.7271916346027661,-1.7091545238103414,9.81,1,1,8
-4.68,-3.1232994224969026,0.17694874823093415,1,uphill_step,-3.12329941625638,6.240522765210699e-09,standing,0.16,0.39269908169872414,0.7271916346027661,-1.7091545238103414,9.81,1,1,8
-4.66,-3.108311323139758,0.17779470920562745,1,uphill_step,-3.1083113170317174,6.1080407398605985e-09,standing,0.16,0.39269908169872414,0.7271916346027661,-1.7091545238103414,9.81,1,1,8
-4.640000000000001,-3.0933152572881775,0.17864923834800722,1,uphill_step,-3.093315251245409,6.042768507796836e-09,standing,0.16,0.39269908169872414,0.7271916346027661,-1.7091545238103414,9.81,1,1,8
-4.62,-3.0783111082743533,0.17951247274875642,1,uphill_step,-3.0783111024695744,5.8047788797921385e-09,standing,0.16,0.39269908169872414,0.7271916346027661,-1.7091545238103414,9.81,1,1,8
-4.6,-3.063298757028292,0.18038455247879032,1,uphill_step,-3.0632987519318853,5.096406852089785e-09,standing,0.16,0.39269908169872414,0.7271916346027661,-1.7091545238103414,9.81,1,1,8
-4.58,-3.048278083680103,0.1812656217813492,1,uphill_step,-3.0482780784546946,5.225408550302291e-09,standing,0.16,0.39269908169872414,0.7271916346027661,-1.7091545238103414,9.81,1,1,8
-4.5600000000000005,-3.033248964349641,0.18215582728385926,1,uphill_step,-3.0332489583922135,5.95742744025074e-09,standing,0.16,0.39269908169872414,0.7271916346027661,-1.7091545238103414,9.81,1,1,8
-4.54,-3.0182112711778006,0.18305531799793245,1,uphill_step,-3.018211265565657,5.612143638700218e-09,standing,0.16,0.39269908169872414,0.7271916346027661,-1.7091545238103414,9.81,1,1,8
-4.52,-3.0031648767724195,0.1839642482995987,1,uphill_step,-3.003164871196292,5.576127559692168e-09,standing,0.16,0.39269908169872414,0.7271916346027661,-1.7091545238103414,9.81,1,1,8
-4.5,-2.9881096492066783,0.18488277494907382,1,uphill_step,-2.988109643836291,5.370387246017572e-09,standing,0.16,0.39269908169872414,0.7271916346027661,-1.7091545238103414,9.81,1,1,8
-4.48,-2.9730454546368,0.18581105887889865,1,uphill_step,-2.973045449297311,5.339489295153044e-09,standing,0.16,0.39269908169872414,0.7271916346027661,-1.7091545238103414,9.81,1,1,8
-4.46,-2.9579721560971266,0.1867492645978928,1,uphill_step,-2.9579721505767167,5.52040990697833e-09,standing,0.16,0.39269908169872414,0.7271916346027661,-1.7091545238103414,9.81,1,1,8
-4.4399999999999995,-2.9428896132395086,0.1876975601911545,1,uphill_step,-2.9428896077813453,5.458163254701276e-09,standing,0.16,0.39269908169872414,0.7271916346027661,-1.7091545238103414,9.81,1,1,8
-4.42,-2.927797683970082,0.18865611851215364,1,uphill_step,-2.927797678048715,5.921366952321705e-09,standing,0.16,0.39269908169872414,0.7271916346027661,-1.7091545238103414,9.81,1,1,8
-4.4,-2.912696221308736,0.18962511539459231,1,uphill_step,-2.912696215465569,5.8431672833592074e-09,standing,0.16,0.39269908169872414,0.7271916346027661,-1.7091545238103414,9.81,1,1,8
-4.38,-2.897585076092639,0.19060473144054416,1,uphill_step,-2.897585070983671,5.108968359479604e-09,standing,0.16,0.39269908169872414,0.7271916346027661,-1.7091545238103414,9.81,1,1,8
-4.359999999999999,-2.8824640973813076,0.1915951526165009,1,uphill_step,-2.8824640923327114,5.048596207757328e-09,standing,0.16,0.39269908169872414,0.7271916346027661,-1.7091545238103414,9.81,1,1,8
-4.34,-2.867333129332447,0.19259656846523288,1,uphill_step,-2.867333123930222,5.402224889650142e-09,rolling,0.16,0.39269908169872414,0.7271916346027661,-1.7091545238103414,9.81,1,1,8
-4.32,-2.852192011968771,0.19360917270183567,1,uphill_step,-2.852192006788366,5.180404993865295e-09,rolling,0.16,0.39269908169872414,0.7271916346027661,-1.7091545238103414,9.81,1,1,8
-4.3,-2.837040583631915,0.19463316500186922,1,uphill_step,-2.8370405784174895,5.214425335964279e-09,rolling,0.16,0.39269908169872414,0.7271916346027661,-1.7091545238103414,9.81,1,1,8
-4.279999999999999,-2.8218786777719815,0.19566874921321872,1,uphill_step,-2.821878672726282,5.045699413841476e-09,rolling,0.16,0.39269908169872414,0.7271916346027661,-1.7091545238103414,9.81,1,1,8
-4.26,-2.80670612544426,0.19671613514423372,1,uphill_step,-2.806706119918408,5.525852220245042e-09,rolling,0.16,0.39269908169872414,0.7271916346027661,-1.7091545238103414,9.81,1,1,8
-4.24,-2.7915227520709145,0.197775536775589,1,uphill_step,-2.7915227463854646,5.685449888659377e-09,rolling,0.16,0.39269908169872414,0.7271916346027661,-1.7091545238103414,9.81,1,1,8
-4.22,-2.776328379908534,0.1988471740484238,1,uphill_step,-2.776328374596104,5.31243005141846e-09,rolling,0.16,0.39269908169872414,0.7271916346027661,-1.7091545238103414,9.81,1,1,8
-4.199999999999999,-2.7611228285931317,0.19993127346038822,1,uphill_step,-2.761122822981158,5.611973552532845e-09,rolling,0.16,0.39269908169872414,0.7271916346027661,-1.7091545238103414,9.81,1,1,8
-4.18,-2.745905911131038,0.20102806568145756,1,uphill_step,-2.74590590581459,5.316448170589183e-09,rolling,0.16,0.39269908169872414,0.7271916346027661,-1.7091545238103414,9.81,1,1,8
-4.16,-2.730677438612671,0.2021377891302109,1,uphill_step,-2.730677433090083,5.522588164552644e-09,rolling,0.16,0.39269908169872414,0.7271916346027661,-1.7091545238103414,9.81,1,1,8
-4.140000000000001,-2.7154372154498896,0.20326068699359898,1,uphill_step,-2.7154372103930977,5.0567918741251106e-09,rolling,0.16,0.39269908169872414,0.7271916346027661,-1.7091545238103414,9.81,1,1,8
-4.12,-2.700185044507497,0.2043970108032227,1,uphill_step,-2.7001850387681667,5.739330344312066e-09,rolling,0.16,0.39269908169872414,0.7271916346027661,-1.7091545238103414,9.81,1,1,8
-4.1,-2.684920719917813,0.20554701626300814,1,uphill_step,-2.6849207145812417,5.336571184955119e-09,rolling,0.16,0.39269908169872414,0.7271916346027661,-1.7091545238103414,9.81,1,1,8
-4.08,-2.669644035142334,0.20671096861362462,1,uphill_step,-2.6696440293768466,5.7654871987722345e-09,rolling,0.16,0.39269908169872414,0.7271916346027661,-1.7091545238103414,9.81,1,1,8
-4.0600000000000005,-2.6543547748027296,0.2078891378641129,1,uphill_step,-2.65435476972982,5.072909647907409e-09,rolling,0.16,0.39269908169872414,0.7271916346027661,-1.7091545238103414,9.81,1,1,8
-4.04,-2.6390527226976683,0.20908180415630345,1,uphill_step,-2.6390527170913898,5.606278552505728e-09,rolling,0.16,0.39269908169872414,0.7271916346027661,-1.7091545238103414,9.81,1,1,8
-4.02,-2.623737652686298,0.2102892524003983,1,uphill_step,-2.623737647629321,5.056977059325618e-09,rolling,0.16,0.39269908169872414,0.7271916346027661,-1.7091545238103414,9.81,1,1,8
-4.0,-2.6084093367368064,0.21151177763938908,1,uphill_step,-2.6084093320618686,4.6749377702326456e-09,rolling,0.16,0.39269908169872414,0.7271916346027661,-1.7091545238103414,9.81,1,1,8
-3.9799999999999995,-2.5930675410100252,0.2127496832609177,1,uphill_step,-2.5930675354852295,5.524795732014809e-09,rolling,0.16,0.39269908169872414,0.7271916346027661,-1.7091545238103414,9.81,1,1,8
-3.96,-2.577712022755576,0.214003279209137,1,uphill_step,-2.5777120171942105,5.561365590267542e-09,rolling,0.16,0.39269908169872414,0.7271916346027661,-1.7091545238103414,9.81,1,1,8
-3.9399999999999995,-2.5623425361527428,0.21527288615703588,1,uphill_step,-2.562342530495765,5.6569775530590505e-09,rolling,0.16,0.39269908169872414,0.7271916346027661,-1.7091545238103414,9.81,1,1,8
-3.92,-2.5469588277672264,0.21655883312225346,1,uphill_step,-2.546958822515088,5.252138279843166e-09,rolling,0.16,0.39269908169872414,0.7271916346027661,-1.7091545238103414,9.81,1,1,8
-3.9000000000000004,-2.5315606396026826,0.217861459851265,1,uphill_step,-2.5315606339938705,5.6088120814479225e-09,rolling,0.16,0.39269908169872414,0.7271916346027661,-1.7091545238103414,9.81,1,1,8
-3.88,-2.516147704489889,0.21918111443519597,1,uphill_step,-2.516147699080371,5.4095177226543e-09,rolling,0.16,0.39269908169872414,0.7271916346027661,-1.7091545238103414,9.81,1,1,8
-3.8600000000000003,-2.5007197501140617,0.2205181562900544,1,uphill_step,-2.5007197451108842,5.003177427909122e-09,rolling,0.16,0.39269908169872414,0.7271916346027661,-1.7091545238103414,9.81,1,1,8
-3.84,-2.4852764971545325,0.22187295556068426,1,uphill_step,-2.485276492382175,4.772357620197454e-09,rolling,0.16,0.39269908169872414,0.7271916346027661,-1.7091545238103414,9.81,1,1,8
-3.8200000000000003,-2.4698176590539376,0.2232458937168122,1,uphill_step,-2.4698176539144434,5.139494163586278e-09,rolling,0.16,0.39269908169872414,0.7271916346027661,-1.7091545238103414,9.81,1,1,8
-3.8,-2.45434294044953,0.2246373629570008,1,uphill_step,-2.4543429352043376,5.245192280511901e-09,rolling,0.16,0.39269908169872414,0.7271916346027661,-1.7091545238103414,9.81,1,1,8
-3.7800000000000002,-2.4388520389164348,0.22604776799678808,1,uphill_step,-2.4388520339675073,4.948927490033839e-09,rolling,0.16,0.39269908169872414,0.7271916346027661,-1.7091545238103414,9.81,1,1,8
-3.76,-2.423344644871491,0.22747752666473395,1,uphill_step,-2.423344639870162,5.001329128617726e-09,rolling,0.16,0.39269908169872414,0.7271916346027661,-1.7091545238103414,9.81,1,1,8
-3.74,-2.4078204395191944,0.22892706930637366,1,uphill_step,-2.407820434249084,5.270110570165798e-09,rolling,0.16,0.39269908169872414,0.7271916346027661,-1.7091545238103414,9.81,1,1,8
-3.7199999999999998,-2.392279094717016,0.23039683938026434,1,uphill_step,-2.392279089819464,4.897551697524705e-09,rolling,0.16,0.39269908169872414,0.7271916346027661,-1.7091545238103414,9.81,1,1,8
-3.7,-2.3767202756606793,0.23188729584217077,1,uphill_step,-2.376720270369958,5.290721194484149e-09,rolling,0.16,0.39269908169872414,0.7271916346027661,-1.7091545238103414,9.81,1,1,8
-3.6799999999999997,-2.361143635365548,0.23339891076087957,1,uphill_step,-2.361143630444248,4.921299812110647e-09,rolling,0.16,0.39269908169872414,0.7271916346027661,-1.7091545238103414,9.81,1,1,8
-3.66,-2.345548820441792,0.23493217349052437,1,uphill_step,-2.345548815008429,5.433362648687989e-09,rolling,0.16,0.39269908169872414,0.7271916346027661,-1.7091545238103414,9.81,1,1,8
-3.6399999999999997,-2.329935463832064,0.236487587094307,1,uphill_step,-2.3299354591034156,4.728648583807171e-09,rolling,0.16,0.39269908169872414,0.7271916346027661,-1.7091545238103414,9.81,1,1,8
-3.62,-2.314303192869074,0.23806567430496223,1,uphill_step,-2.314303187481589,5.387484680596799e-09,rolling,0.16,0.39269908169872414,0.7271916346027661,-1.7091545238103414,9.81,1,1,8
-3.5999999999999996,-2.2986516191404402,0.23966697216033941,1,uphill_step,-2.2986516142267934,4.9136468227573005e-09,rolling,0.16,0.39269908169872414,0.7271916346027661,-1.7091545238103414,9.81,1,1,8
-3.58,-2.2829803475837696,0.2412920385599137,1,uphill_step,-2.282980342356772,5.226997501495134e-09,rolling,0.16,0.39269908169872414,0.7271916346027661,-1.7091545238103414,9.81,1,1,8
-3.5599999999999996,-2.2672889685746456,0.24294144868850714,1,uphill_step,-2.267288963407056,5.167589467447442e-09,rolling,0.16,0.39269908169872414,0.7271916346027661,-1.7091545238103414,9.81,1,1,8
-3.54,-2.2515770620970543,0.24461579859256752,1,uphill_step,-2.251577056995262,5.101792321937637e-09,rolling,0.16,0.39269908169872414,0.7271916346027661,-1.7091545238103414,9.81,1,1,8
-3.5199999999999996,-2.235844194907344,0.24631570458412178,1,uphill_step,-2.2358441903646695,4.542674680863001e-09,rolling,0.16,0.39269908169872414,0.7271916346027661,-1.7091545238103414,9.81,1,1,8
-3.5,-2.220089922282711,0.24804180562496192,1,uphill_step,-2.2200899179059044,4.376806472805583e-09,rolling,0.16,0.39269908169872414,0.7271916346027661,-1.7091545238103414,9.81,1,1,8
-3.4799999999999995,-2.204313784936471,0.24979476273059853,1,uphill_step,-2.204313780655432,4.281039078790627e-09,rolling,0.16,0.39269908169872414,0.7271916346027661,-1.7091545238103414,9.81,1,1,8
-3.46,-2.1885153108787976,0.25157526135444647,1,uphill_step,-2.1885153057695175,5.109280110104919e-09,rolling,0.16,0.39269908169872414,0.7271916346027661,-1.7091545238103414,9.81,1,1,8
-3.4399999999999995,-2.1726940105285073,0.25338401019573215,1,uphill_step,-2.172694005972181,4.556326427263002e-09,rolling,0.16,0.39269908169872414,0.7271916346027661,-1.7091545238103414,9.81,1,1,8
-3.42,-2.1568493841506933,0.25522174715995793,1,uphill_step,-2.156849378975603,5.17509013420181e-09,rolling,0.16,0.39269908169872414,0.7271916346027661,-1.7091545238103414,9.81,1,1,8
-3.3999999999999995,-2.1409809115144434,0.25708923459053046,1,uphill_step,-2.1409809068712975,4.6431458677886894e-09,rolling,0.16,0.39269908169872414,0.7271916346027661,-1.7091545238103414,9.81,1,1,8
-3.38,-2.125088060488174,0.2589872664213181,1,uphill_step,-2.1250880554902762,4.997897651293215e-09,rolling,0.16,0.39269908169872414,0.7271916346027661,-1.7091545238103414,9.81,1,1,8
-3.3600000000000003,-2.1091702784796813,0.2609166646003724,1,uphill_step,-2.1091702737302755,4.749405757564773e-09,standing,0.16,0.39269908169872414,0.7271916346027661,-1.7091545238103414,9.81,1,1,8
-3.34,-2.0932269977774833,0.26287828445434575,1,uphill_step,-2.0932269928479914,4.929491925764751e-09,standing,0.16,0.39269908169872414,0.7271916346027661,-1.7091545238103414,9.81,1,1,8
-3.3200000000000003,-2.077257630032887,0.26487301349639897,1,uphill_step,-2.077257625714116,4.318771118505538e-09,standing,0.16,0.39269908169872414,0.7271916346027661,-1.7091545238103414,9.81,1,1,8
-3.3,-2.0612615706581323,0.2669017761945725,1,uphill_step,-2.0612615660287865,4.629345795592599e-09,standing,0.16,0.39269908169872414,0.7271916346027661,-1.7091545238103414,9.81,1,1,8
-3.2800000000000002,-2.0452381920632274,0.2689655321836472,1,uphill_step,-2.0452381874949053,4.568322164999472e-09,standing,0.16,0.39269908169872414,0.7271916346027661,-1.7091545238103414,9.81,1,1,8
-3.26,-2.0291868474227583,0.271065281033516,1,uphill_step,-2.0291868429465643,4.476194082059237e-09,standing,0.16,0.39269908169872414,0.7271916346027661,-1.7091545238103414,9.81,1,1,8
-3.24,-2.013106868200855,0.2732020634412766,1,uphill_step,-2.0131068634296208,4.771234074496533e-09,standing,0.16,0.39269908169872414,0.7271916346027661,-1.7091545238103414,9.81,1,1,8
-3.2199999999999998,-1.9969975622145686,0.2753769630193711,1,uphill_step,-1.996997557231216,4.983352619447601e-09,standing,0.16,0.39269908169872414,0.7271916346027661,-1.7091545238103414,9.81,1,1,8
-3.2,-1.9808582138606632,0.2775911092758179,1,uphill_step,-1.9808582088548,5.0058632794502955e-09,standing,0.16,0.39269908169872414,0.7271916346027661,-1.7091545238103414,9.81,1,1,8
-3.1799999999999997,-1.9646880826266904,0.2798456799983979,1,uphill_step,-1.9646880779369136,4.6897767891351805e-09,standing,0.16,0.39269908169872414,0.7271916346027661,-1.7091545238103414,9.81,1,1,8
-3.16,-1.9484864027138442,0.2821419042348863,1,uphill_step,-1.948486398101728,4.612116244473441e-09,standing,0.16,0.39269908169872414,0.7271916346027661,-1.7091545238103414,9.81,1,1,8
-3.1399999999999997,-1.9322523801980054,0.28448106467723855,1,uphill_step,-1.9322523757489456,4.4490597872481885e-09,standing,0.16,0.39269908169872414,0.7271916346027661,-1.7091545238103414,9.81,1,1,8
-3.12,-1.91598519294296,0.28686450123786933,1,uphill_step,-1.9159851887703738,4.172586276496304e-09,standing,0.16,0.39269908169872414,0.7271916346027661,-1.7091545238103414,9.81,1,1,8
-3.0999999999999996,-1.8996839894404332,0.2892936146259309,1,uphill_step,-1.899683985190022,4.250411134165688e-09,standing,0.16,0.39269908169872414,0.7271916346027661,-1.7091545238103414,9.81,1,1,8
-3.08,-1.8833478865880067,0.2917698693275453,1,uphill_step,-1.8833478817221858,4.865820857347103e-09,standing,0.16,0.39269908169872414,0.7271916346027661,-1.7091545238103414,9.81,1,1,8
-3.0599999999999996,-1.8669759663101009,0.2942947965860368,1,uphill_step,-1.8669759622414648,4.0686360947006506e-09,standing,0.16,0.39269908169872414,0.7271916346027661,-1.7091545238103414,9.81,1,1,8
-3.04,-1.8505672806090032,0.2968700027465821,1,uphill_step,-1.8505672761581635,4.4508396968012676e-09,standing,0.16,0.39269908169872414,0.7271916346027661,-1.7091545238103414,9.81,1,1,8
-3.0199999999999996,-1.8341208408238037,0.2994971680641175,1,uphill_step,-1.834120836691913,4.131890607439459e-09,standing,0.16,0.39269908169872414,0.7271916346027661,-1.7091545238103414,9.81,1,1,8
-3.0,-1.8176356235132387,0.30217805624008187,1,uphill_step,-1.8176356190357421,4.4774965957117274e-09,standing,0.16,0.39269908169872414,0.7271916346027661,-1.7091545238103414,9.81,1,1,8
-2.9799999999999995,-1.8011105623800896,0.30491451621055615,1,uphill_step,-1.8011105584020777,3.978011919869573e-09,standing,0.16,0.39269908169872414,0.7271916346027661,-1.7091545238103414,9.81,1,1,8
-2.96,-1.7845445525407018,0.3077084916830064,1,uphill_step,-1.7845445479414193,4.599282510397984e-09,standing,0.16,0.39269908169872414,0.7271916346027661,-1.7091545238103414,9.81,1,1,8
-2.9399999999999995,-1.7679364404262754,0.3105620223283769,1,uphill_step,-1.7679364365235088,3.902766554375603e-09,standing,0.16,0.39269908169872414,0.7271916346027661,-1.7091545238103414,9.81,1,1,8
-2.92,-1.7512850310256782,0.3134772562980653,1,uphill_step,-1.7512850263699065,4.6557717681139366e-09,standing,0.16,0.39269908169872414,0.7271916346027661,-1.7091545238103414,9.81,1,1,8
-2.8999999999999995,-1.734589074855221,0.31645645141601575,1,uphill_step,-1.7345890705257665,4.329454572626901e-09,standing,0.16,0.39269908169872414,0.7271916346027661,-1.7091545238103414,9.81,1,1,8
-2.88,-1.7178472741642008,0.31950198829174054,1,uphill_step,-1.717847270157462,4.006738718587144e-09,standing,0.16,0.39269908169872414,0.7271916346027661,-1.7091545238103414,9.81,1,1,8
-2.8600000000000003,-1.7010582760678807,0.3226163762807847,1,uphill_step,-1.7010582716613343,4.406546461055427e-09,rolling,0.16,0.39269908169872414,0.7271916346027661,-1.7091545238103414,9.81,1,1,8
-2.84,-1.6842206681670717,0.32580226242542276,1,uphill_step,-1.6842206635674093,4.599662428717011e-09,rolling,0.16,0.39269908169872414,0.7271916346027661,-1.7091545238103414,9.81,1,1,8
-2.8200000000000003,-1.6673329772183505,0.3290624427795411,1,uphill_step,-1.66733297322024,3.998110509328967e-09,rolling,0.16,0.39269908169872414,0.7271916346027661,-1.7091545238103414,9.81,1,1,8
-2.8,-1.6503936671297006,0.3323998743295671,1,uphill_step,-1.6503936632171865,3.912514090487207e-09,rolling,0.16,0.39269908169872414,0.7271916346027661,-1.7091545238103414,9.81,1,1,8
-2.7800000000000002,-1.633401132341897,0.3358176857233049,1,uphill_step,-1.6334011275823968,4.759500349393875e-09,rolling,0.16,0.39269908169872414,0.7271916346027661,-1.7091545238103414,9.81,1,1,8
-2.76,-1.6163536921810921,0.3393191897869111,1,uphill_step,-1.6163536876523787,4.528713404283735e-09,rolling,0.16,0.39269908169872414,0.7271916346027661,-1.7091545238103414,9.81,1,1,8
-2.74,-1.5992495920751442,0.3429079014062883,1,uphill_step,-1.5992495876464827,4.428661437572146e-09,rolling,0.16,0.39269908169872414,0.7271916346027661,-1.7091545238103414,9.81,1,1,8
-2.7199999999999998,-1.5820869941619646,0.3465875512361528,1,uphill_step,-1.5820869898926049,4.2693597546161755e-09,rolling,0.16,0.39269908169872414,0.7271916346027661,-1.7091545238103414,9.81,1,1,8
-2.7,-1.564863974154437,0.3503621047735216,1,uphill_step,-1.5648639696751423,4.47929471292241e-09,rolling,0.16,0.39269908169872414,0.7271916346027661,-1.7091545238103414,9.81,1,1,8
-2.6799999999999997,-1.547578513483213,0.35423578023910535,1,uphill_step,-1.5475785096683927,3.814820237479921e-09,rolling,0.16,0.39269908169872414,0.7271916346027661,-1.7091545238103414,9.81,1,1,8
-2.66,-1.5302284982385106,0.3582130742073061,1,uphill_step,-1.5302284939143713,4.324139268874205e-09,rolling,0.16,0.39269908169872414,0.7271916346027661,-1.7091545238103414,9.81,1,1,8
-2.6399999999999997,-1.5128117052824686,0.3622987806797029,1,uphill_step,-1.5128117012990887,3.9833798481936356e-09,rolling,0.16,0.39269908169872414,0.7271916346027661,-1.7091545238103414,9.81,1,1,8
-2.62,-1.4953258025227012,0.3664980226755144,1,uphill_step,-1.4953257984758521,4.0468490780654065e-09,rolling,0.16,0.39269908169872414,0.7271916346027661,-1.7091545238103414,9.81,1,1,8
-2.5999999999999996,-1.4777683366235015,0.3708162796497347,1,uphill_step,-1.4777683321777617,4.4457397763153494e-09,rolling,0.16,0.39269908169872414,0.7271916346027661,-1.7091545238103414,9.81,1,1,8
-2.58,-1.4601367255086042,0.3752594208717348,1,uphill_step,-1.4601367208544014,4.654202800935536e-09,rolling,0.16,0.39269908169872414,0.7271916346027661,-1.7091545238103414,9.81,1,1,8
-2.5599999999999996,-1.4424282501490224,0.3798337441682817,1,uphill_step,-1.4424282455593564,4.589665980603286e-09,rolling,0.16,0.39269908169872414,0.7271916346027661,-1.7091545238103414,9.81,1,1,8
-2.54,-1.4246400445571743,0.38454601705074326,1,uphill_step,-1.4246400400057007,4.551473642422366e-09,rolling,0.16,0.39269908169872414,0.7271916346027661,-1.7091545238103414,9.81,1,1,8
-2.5199999999999996,-1.4067690834946156,0.38940352380275745,1,uphill_step,-1.4067690796955425,3.799073056143243e-09,rolling,0.16,0.39269908169872414,0.7271916346027661,-1.7091545238103414,9.81,1,1,8
-2.5,-1.3888121741959438,0.39441412031650563,1,uphill_step,-1.3888121700170417,4.1789021132387916e-09,rolling,0.16,0.39269908169872414,0.7271916346027661,-1.7091545238103414,9.81,1,1,8
-2.4799999999999995,-1.3707659376736667,0.3995862913131716,1,uphill_step,-1.3707659331875166,4.486150118054866e-09,rolling,0.16,0.39269908169872414,0.7271916346027661,-1.7091545238103414,9.81,1,1,8
-2.46,-1.3526267984036475,0.4049292206764223,1,uphill_step,-1.352626793904159,4.499488559517317e-09,rolling,0.16,0.39269908169872414,0.7271916346027661,-1.7091545238103414,9.81,1,1,8
-2.4399999999999995,-1.3343909673093683,0.41045286893844624,1,uphill_step,-1.3343909635438347,3.765533662658527e-09,rolling,0.16,0.39269908169872414,0.7271916346027661,-1.7091545238103414,9.81,1,1,8
-2.42,-1.3160544264042902,0.41616806268692036,1,uphill_step,-1.3160544227300952,3.6741949482888003e-09,rolling,0.16,0.39269908169872414,0.7271916346027661,-1.7091545238103414,9.81,1,1,8
-2.3999999999999995,-1.2976129058981776,0.4220865947008135,1,uphill_step,-1.2976129020580225,3.840155082812657e-09,rolling,0.16,0.39269908169872414,0.7271916346027661,-1.7091545238103414,9.81,1,1,8
-2.38,-1.2790618647969312,0.42822134137153645,1,uphill_step,-1.2790618607352202,4.061710967562249e-09,rolling,0.16,0.39269908169872414,0.7271916346027661,-1.7091545238103414,9.81,1,1,8
-2.3600000000000003,-1.2603964667364886,0.43458639800548576,1,uphill_step,-1.2603964628589865,3.877502097182628e-09,rolling,0.16,0.39269908169872414,0.7271916346027661,-1.7091545238103414,9.81,1,1,8
-2.34,-1.2416115554618177,0.4411972361803057,1,uphill_step,-1.2416115510043566,4.457461066920132e-09,rolling,0.16,0.39269908169872414,0.7271916346027661,-1.7091545238103414,9.81,1,1,8
-2.3200000000000003,-1.2227016209081112,0.4480708831548693,1,uphill_step,-1.222701616743613,4.164498079717305e-09,rolling,0.16,0.39269908169872414,0.7271916346027661,-1.7091545238103414,9.81,1,1,8
-2.3,-1.2036607717643357,0.45522613883018515,1,uphill_step,-1.2036607676531805,4.11115519405314e-09,rolling,0.16,0.39269908169872414,0.7271916346027661,-1.7091545238103414,9.81,1,1,8
-2.2800000000000002,-1.184482694766712,0.4626838237047198,1,uphill_step,-1.1844826902861203,4.4805916754597774e-09,rolling,0.16,0.39269908169872414,0.7271916346027661,-1.7091545238103414,9.81,1,1,8
-2.26,-1.1651606130195902,0.47046707510948205,1,uphill_step,-1.1651606084945731,4.525017027745548e-09,rolling,0.16,0.39269908169872414,0.7271916346027661,-1.7091545238103414,9.81,1,1,8
-2.24,-1.1456872404425908,0.4786017000675204,1,uphill_step,-1.1456872363727566,4.069834247388826e-09,rolling,0.16,0.39269908169872414,0.7271916346027661,-1.7091545238103414,9.81,1,1,8
-2.2199999999999998,-1.1260547291983587,0.48711659669876123,1,uphill_step,-1.1260547249523196,4.246039075894714e-09,rolling,0.16,0.39269908169872414,0.7271916346027661,-1.7091545238103414,9.81,1,1,8
-2.2,-1.1062546061508214,0.4960442584753039,1,uphill_step,-1.1062546016118735,4.53894788421394e-09,rolling,0.16,0.39269908169872414,0.7271916346027661,-1.7091545238103414,9.81,1,1,8
-2.1799999999999997,-1.0862777052359653,0.5054213887453082,1,uphill_step,-1.0862777009528657,4.2830996527243315e-09,rolling,0.16,0.39269908169872414,0.7271916346027661,-1.7091545238103414,9.81,1,1,8
-2.16,-1.0661140896556516,0.5152896505594255,1,uphill_step,-1.0661140856341054,4.0215462071557795e-09,rolling,0.16,0.39269908169872414,0.7271916346027661,-1.7091545238103414,9.81,1,1,8
-2.1399999999999997,-1.0457529594859372,0.5256965875625613,1,uphill_step,-1.0457529553328757,4.153061450296036e-09,rolling,0.16,0.39269908169872414,0.7271916346027661,-1.7091545238103414,9.81,1,1,8
-2.12,-1.02518254561468,0.536696767807007,1,uphill_step,-1.0251825415931761,4.021503796636239e-09,standing,0.16,0.39269908169872414,0.7271916346027661,-1.7091545238103414,9.81,1,1,8
-2.0999999999999996,-1.0043899899906494,0.5483532196283343,1,uphill_step,-1.0043899858060332,4.184616209101932e-09,standing,0.16,0.39269908169872414,0.7271916346027661,-1.7091545238103414,9.81,1,1,8
-2.08,-0.9833612011249472,0.5607392472028735,1,uphill_step,-0.9833611969095815,4.215365723148068e-09,standing,0.16,0.39269908169872414,0.7271916346027661,-1.7091545238103414,9.81,1,1,8
-2.0599999999999996,-0.9620806885779472,0.5739407593011859,1,uphill_step,-0.9620806845516874,4.026259770029128e-09,standing,0.16,0.39269908169872414,0.7271916346027661,-1.7091545238103414,9.81,1,1,8
-2.04,-0.9405313665037737,0.5880592906475071,1,uphill_step,-0.9405313623624915,4.141282206049368e-09,standing,0.16,0.39269908169872414,0.7271916346027661,-1.7091545238103414,9.81,1,1,8
-2.0199999999999996,-0.9186943188436805,0.6032159763574604,1,uphill_step,-0.9186943145505165,4.293163935464861e-09,standing,0.16,0.39269908169872414,0.7271916346027661,-1.7091545238103414,9.81,1,1,8
-2.0,-0.8965485217151643,0.6195568674802784,1,uphill_step,-0.8965485171408428,4.574321477157639e-09,standing,0.16,0.39269908169872414,0.7271916346027661,-1.7091545238103414,9.81,1,1,8
-1.9799999999999995,-0.8740705066804706,0.6372601616382603,1,uphill_step,-0.8740705026412019,4.039268697297871e-09,standing,0.16,0.39269908169872414,0.7271916346027661,-1.7091545238103414,9.81,1,1,8
-1.96,-0.851233957474922,0.6565462434291843,1,uphill_step,-0.8512339534977703,3.977151719070093e-09,standing,0.16,0.39269908169872414,0.7271916346027661,-1.7091545238103414,9.81,1,1,8
-1.9399999999999995,-0.828009209212677,0.6776919376850132,1,uphill_step,-0.8280092050137143,4.198962622048441e-09,standing,0.16,0.39269908169872414,0.7271916346027661,-1.7091545238103414,9.81,1,1,8
-1.92,-0.8043626361637888,0.7010512959957127,1,uphill_step,-0.804362631894001,4.2697877455921684e-09,standing,0.16,0.39269908169872414,0.7271916346027661,-1.7091545238103414,9.81,1,1,8
-1.8999999999999995,-0.7802558874824719,0.7270868486166004,1,uphill_step,-0.7802558834045684,4.077903459354104e-09,standing,0.16,0.39269908169872414,0.7271916346027661,-1.7091545238103414,9.81,1,1,8
-1.88,-0.7556449234548587,0.7564183324575429,1,uphill_step,-0.7556449189847333,4.470125380962031e-09,standing,0.16,0.39269908169872414,0.7271916346027661,-1.7091545238103414,9.81,1,1,8
-1.8599999999999994,-0.7304787808352261,0.7899020588397985,1,uphill_step,-0.7304787769589498,3.876276299941139e-09,standing,0.16,0.39269908169872414,0.7271916346027661,-1.7091545238103414,9.81,1,1,8
-1.8399999999999999,-0.7046979849586018,0.8287673294544226,1,uphill_step,-0.704697980405396,4.553205812385386e-09,standing,0.16,0.39269908169872414,0.7271916346027661,-1.7091545238103414,9.81,1,1,8
-1.8200000000000003,-0.6782324454052449,0.8748672789335257,1,uphill_step,-0.6782324406775635,4.727681357508118e-09,standing,0.16,0.39269908169872414,0.7271916346027661,-1.7091545238103414,9.81,1,1,8
-1.7999999999999998,-0.650998655145355,0.9311826330423361,1,uphill_step,-0.6509986509874225,4.157932553816579e-09,standing,0.16,0.39269908169872414,0.7271916346027661,-1.7091545238103414,9.81,1,1,8
-1.7800000000000002,-0.622895857026339,1.0029626297950751,1,uphill_step,-0.6228958529220151,4.104323880760319e-09,standing,0.16,0.39269908169872414,0.7271916346027661,-1.7091545238103414,9.81,1,1,8
-1.7599999999999998,-0.5938006808078253,1.1008066499233253,1,uphill_step,-0.5938006766478495,4.159975808271099e-09,standing,0.16,0.39269908169872414,0.7271916346027661,-1.7091545238103414,9.81,1,1,8
-1.7400000000000002,-0.5635594459052231,1.251802349090577,1,uphill_step,-0.5635594410418875,4.8633356231064795e-09,standing,0.16,0.39269908169872414,0.7271916346027661,-1.7091545238103414,9.81,1,1,8
-1.7199999999999998,-0.5319767368167091,1.5763671135902417,1,uphill_step,-0.5319767321861397,4.630569372388038e-09,standing,0.16,0.39269908169872414,0.7271916346027661,-1.7091545238103414,9.81,1,1,8
-1.7092545238103414,-0.514368313609875,3.0674633324146057,1,uphill_step,-0.5143683088706988,4.739176162615877e-09,standing,0.16,0.39269908169872414,0.7271916346027661,-1.7091545238103414,9.81,1,1,8
-1.7091545238103414,nan,nan,0,upright_asymptote,nan,nan,unresolved,0.16,0.39269908169872414,0.7271916346027661,-1.7091545238103414,9.81,1,1,8
-1.7090545238103414,1.20848404541844,3.3453079324960435,1,rocking_return,1.2084840432038384,2.2146016132040813e-09,rolling,0.16,0.39269908169872414,0.7271916346027661,-1.7091545238103414,9.81,1,1,8
-1.7000000000000002,1.2020815287834365,1.9026478636264816,1,rocking_return,1.202081528017131,7.663054635287381e-10,rolling,0.16,0.39269908169872414,0.7271916346027661,-1.7091545238103414,9.81,1,1,8
-1.6799999999999997,1.1879393928812092,1.531382526755334,1,rocking_return,1.1879393923933996,4.878095705151964e-10,rolling,0.16,0.39269908169872414,0.7271916346027661,-1.7091545238103414,9.81,1,1,8
-1.6600000000000001,1.1737972577937759,1.3630549681186686,1,rocking_return,1.173797256769669,1.0241067993632669e-09,rolling,0.16,0.39269908169872414,0.7271916346027661,-1.7091545238103414,9.81,1,1,8
-1.6399999999999997,1.1596551214973312,1.2524359208345421,1,rocking_return,1.1596551211459378,3.513933588550344e-10,rolling,0.16,0.39269908169872414,0.7271916346027661,-1.7091545238103414,9.81,1,1,8
-1.62,1.1455129862689082,1.1696471089124687,1,rocking_return,1.145512985522207,7.467011453599071e-10,rolling,0.16,0.39269908169872414,0.7271916346027661,-1.7091545238103414,9.81,1,1,8
-1.5999999999999996,1.131370850497615,1.103295850753785,1,rocking_return,1.1313708498984758,5.991391827109283e-10,rolling,0.16,0.39269908169872414,0.7271916346027661,-1.7091545238103414,9.81,1,1,8
-1.58,1.1172287147245084,1.0478053516149528,1,rocking_return,1.1172287142747452,4.4976311563971194e-10,rolling,0.16,0.39269908169872414,0.7271916346027661,-1.7091545238103414,9.81,1,1,8
-1.5599999999999996,1.1030865806234065,1.0000263166427619,1,rocking_return,1.103086578651014,1.972392471571993e-09,rolling,0.16,0.39269908169872414,0.7271916346027661,-1.7091545238103414,9.81,1,1,8
-1.54,1.0889444449078058,0.9580051249265678,1,rocking_return,1.0889444430272832,1.880522626507286e-09,rolling,0.16,0.39269908169872414,0.7271916346027661,-1.7091545238103414,9.81,1,1,8
-1.5199999999999996,1.0748023090785843,0.9204460692405707,1,rocking_return,1.074802307403552,1.6750323350578356e-09,rolling,0.16,0.39269908169872414,0.7271916346027661,-1.7091545238103414,9.81,1,1,8
-1.5,1.0606601726442602,0.886445568799973,1,rocking_return,1.0606601717798214,8.644387428091704e-10,rolling,0.16,0.39269908169872414,0.7271916346027661,-1.7091545238103414,9.81,1,1,8
-1.4799999999999995,1.0465180375343404,0.8553483641147619,1,rocking_return,1.0465180361560902,1.3782501806502978e-09,rolling,0.16,0.39269908169872414,0.7271916346027661,-1.7091545238103414,9.81,1,1,8
-1.46,1.0323759016873235,0.8266641241312032,1,rocking_return,1.0323759005323594,1.1549641243391306e-09,rolling,0.16,0.39269908169872414,0.7271916346027661,-1.7091545238103414,9.81,1,1,8
-1.4399999999999995,1.0182337657237779,0.8000163638591771,1,rocking_return,1.0182337649086282,8.151497254971218e-10,rolling,0.16,0.39269908169872414,0.7271916346027661,-1.7091545238103414,9.81,1,1,8
-1.42,1.0040916299050895,0.7751097208261495,1,rocking_return,1.0040916292848976,6.201918978376852e-10,rolling,0.16,0.39269908169872414,0.7271916346027661,-1.7091545238103414,9.81,1,1,8
-1.3999999999999995,0.9899494946731343,0.7517082041502003,1,rocking_return,0.9899494936611662,1.0119680649012253e-09,rolling,0.16,0.39269908169872414,0.7271916346027661,-1.7091545238103414,9.81,1,1,8
-1.38,0.9758073579986631,0.7296202749013905,1,rocking_return,0.9758073580374356,3.8772429711286804e-11,rolling,0.16,0.39269908169872414,0.7271916346027661,-1.7091545238103414,9.81,1,1,8
-1.3599999999999994,0.9616652242617076,0.7086883395910267,1,rocking_return,0.9616652224137043,1.8480033059375955e-09,rolling,0.16,0.39269908169872414,0.7271916346027661,-1.7091545238103414,9.81,1,1,8
-1.3399999999999999,0.9475230871528818,0.6887811684608464,1,rocking_return,0.9475230867899737,3.629081479772367e-10,rolling,0.16,0.39269908169872414,0.7271916346027661,-1.7091545238103414,9.81,1,1,8
-1.3200000000000003,0.9333809512597824,0.6697883266210559,1,rocking_return,0.933380951166243,9.353939844913839e-11,rolling,0.16,0.39269908169872414,0.7271916346027661,-1.7091545238103414,9.81,1,1,8
-1.2999999999999998,0.9192388156698015,0.6516159939765934,1,rocking_return,0.9192388155425117,1.272897343085333e-10,rolling,0.16,0.39269908169872414,0.7271916346027661,-1.7091545238103414,9.81,1,1,8
-1.2800000000000002,0.9050966807090698,0.6341837894916538,1,rocking_return,0.9050966799187811,7.902887233512956e-10,rolling,0.16,0.39269908169872414,0.7271916346027661,-1.7091545238103414,9.81,1,1,8
-1.2599999999999998,0.8909545447746507,0.6174223172664646,1,rocking_return,0.8909545442950498,4.796009145380253e-10,rolling,0.16,0.39269908169872414,0.7271916346027661,-1.7091545238103414,9.81,1,1,8
-1.2400000000000002,0.8768124104465477,0.6012712502479556,1,rocking_return,0.8768124086713192,1.775228519740324e-09,rolling,0.16,0.39269908169872414,0.7271916346027661,-1.7091545238103414,9.81,1,1,8
-1.2199999999999998,0.8626702748732915,0.5856778103113177,1,rocking_return,0.8626702730475878,1.825703699331882e-09,rolling,0.16,0.39269908169872414,0.7271916346027661,-1.7091545238103414,9.81,1,1,8
-1.2000000000000002,0.8485281385817497,0.5705955582857135,1,rocking_return,0.8485281374238572,1.157892448588882e-09,rolling,0.16,0.39269908169872414,0.7271916346027661,-1.7091545238103414,9.81,1,1,8
-1.1799999999999997,0.8343860037992783,0.5559834140539172,1,rocking_return,0.8343860018001259,1.9991523991791382e-09,rolling,0.16,0.39269908169872414,0.7271916346027661,-1.7091545238103414,9.81,1,1,8
-1.1600000000000001,0.8202438665125521,0.541804857850075,1,rocking_return,0.8202438661763953,3.3615676908738124e-10,rolling,0.16,0.39269908169872414,0.7271916346027661,-1.7091545238103414,9.81,1,1,8
-1.1399999999999997,0.8061017313865312,0.5280272793769839,1,rocking_return,0.806101730552664,8.338671975138823e-10,rolling,0.16,0.39269908169872414,0.7271916346027661,-1.7091545238103414,9.81,1,1,8
-1.12,0.7919595951226214,0.5146214324235918,1,rocking_return,0.7919595949289333,1.936880655861728e-10,rolling,0.16,0.39269908169872414,0.7271916346027661,-1.7091545238103414,9.81,1,1,8
-1.0999999999999996,0.7778174592936911,0.5015609872341158,1,rocking_return,0.7778174593052021,1.1511014363918548e-11,rolling,0.16,0.39269908169872414,0.7271916346027661,-1.7091545238103414,9.81,1,1,8
-1.08,0.7636753240414327,0.4888221508264544,1,rocking_return,0.7636753236814714,3.5996128300297414e-10,rolling,0.16,0.39269908169872414,0.7271916346027661,-1.7091545238103414,9.81,1,1,8
-1.0599999999999996,0.7495331893350959,0.47638334870338467,1,rocking_return,0.7495331880577402,1.2773557767076227e-09,rolling,0.16,0.39269908169872414,0.7271916346027661,-1.7091545238103414,9.81,1,1,8
-1.04,0.7353910524830337,0.46422495365142846,1,rocking_return,0.7353910524340095,4.90242291206755e-11,rolling,0.16,0.39269908169872414,0.7271916346027661,-1.7091545238103414,9.81,1,1,8
-1.0199999999999996,0.7212489187103589,0.45232905805110957,1,rocking_return,0.7212489168102783,1.9000806483759902e-09,standing,0.16,0.39269908169872414,0.7271916346027661,-1.7091545238103414,9.81,1,1,8
-1.0,0.7071067824149209,0.44067927122116113,1,rocking_return,0.7071067811865476,1.228373291972673e-09,standing,0.16,0.39269908169872414,0.7271916346027661,-1.7091545238103414,9.81,1,1,8
-0.9799999999999995,0.6929646454684331,0.4292605543136599,1,rocking_return,0.6929646455628163,9.438327897015597e-11,standing,0.16,0.39269908169872414,0.7271916346027661,-1.7091545238103414,9.81,1,1,8
-0.96,0.6788225099146911,0.41805907130241415,1,rocking_return,0.6788225099390857,2.4394597453181177e-11,standing,0.16,0.39269908169872414,0.7271916346027661,-1.7091545238103414,9.81,1,1,8
-0.9399999999999995,0.6646803744165427,0.40706206023693103,1,rocking_return,0.6646803743153543,1.0118839099959587e-10,standing,0.16,0.39269908169872414,0.7271916346027661,-1.7091545238103414,9.81,1,1,8
-0.9199999999999999,0.6505382403404508,0.39625772356987016,1,rocking_return,0.6505382386916237,1.6488270748737932e-09,standing,0.16,0.39269908169872414,0.7271916346027661,-1.7091545238103414,9.81,1,1,8
-0.8999999999999995,0.6363961038921749,0.3856351286172868,1,rocking_return,0.6363961030678924,8.242825311199908e-10,standing,0.16,0.39269908169872414,0.7271916346027661,-1.7091545238103414,9.81,1,1,8
-0.8799999999999999,0.6222539680588841,0.3751841253042223,1,rocking_return,0.6222539674441618,6.14722273084567e-10,standing,0.16,0.39269908169872414,0.7271916346027661,-1.7091545238103414,9.81,1,1,8
-0.8599999999999994,0.6081118326862478,0.36489526808261885,1,rocking_return,0.6081118318204305,8.658173067388475e-10,standing,0.16,0.39269908169872414,0.7271916346027661,-1.7091545238103414,9.81,1,1,8
-0.8399999999999999,0.5939696960959892,0.3547597497701646,1,rocking_return,0.5939696961966998,1.0071066203209966e-10,standing,0.16,0.39269908169872414,0.7271916346027661,-1.7091545238103414,9.81,1,1,8
-0.8200000000000003,0.5798275617513473,0.34476934432983414,1,rocking_return,0.5798275605729692,1.1783780617946604e-09,standing,0.16,0.39269908169872414,0.7271916346027661,-1.7091545238103414,9.81,1,1,8
-0.7999999999999998,0.565685425433362,0.3349163508415223,1,rocking_return,0.5656854249492379,4.841240741626507e-10,standing,0.16,0.39269908169872414,0.7271916346027661,-1.7091545238103414,9.81,1,1,8
-0.7800000000000002,0.5515432894601336,0.3251935505867006,1,rocking_return,0.5515432893255073,1.3462631009986126e-10,standing,0.16,0.39269908169872414,0.7271916346027661,-1.7091545238103414,9.81,1,1,8
-0.7599999999999998,0.5374011545090179,0.31559416294097914,1,rocking_return,0.537401153701776,8.072419399596242e-10,standing,0.16,0.39269908169872414,0.7271916346027661,-1.7091545238103414,9.81,1,1,8
-0.7400000000000002,0.5232590195267792,0.30611180782318126,1,rocking_return,0.5232590180780453,1.448733910613953e-09,standing,0.16,0.39269908169872414,0.7271916346027661,-1.7091545238103414,9.81,1,1,8
-0.7199999999999998,0.5091168829882692,0.29674047231674205,1,rocking_return,0.5091168824543141,5.339551023553213e-10,standing,0.16,0.39269908169872414,0.7271916346027661,-1.7091545238103414,9.81,1,1,8
-0.7000000000000002,0.494974747174397,0.2874744814634324,1,rocking_return,0.4949747468305834,3.438135887101623e-10,standing,0.16,0.39269908169872414,0.7271916346027661,-1.7091545238103414,9.81,1,1,8
-0.6799999999999997,0.4808326117165701,0.27830846905708323,1,rocking_return,0.48083261120685217,5.09717934527032e-10,standing,0.16,0.39269908169872414,0.7271916346027661,-1.7091545238103414,9.81,1,1,8
-0.6600000000000001,0.46669047719049095,0.26923735380172736,1,rocking_return,0.4666904755831215,1.607369459755148e-09,standing,0.16,0.39269908169872414,0.7271916346027661,-1.7091545238103414,9.81,1,1,8
-0.6399999999999997,0.45254834034473707,0.2602563154697419,1,rocking_return,0.4525483399593902,3.8534686552793573e-10,standing,0.16,0.39269908169872414,0.7271916346027661,-1.7091545238103414,9.81,1,1,8
-0.6200000000000001,0.43840620576764794,0.2513607776165009,1,rocking_return,0.4384062043356596,1.4319883612223805e-09,standing,0.16,0.39269908169872414,0.7271916346027661,-1.7091545238103414,9.81,1,1,8
-0.5999999999999996,0.4242640688654112,0.24254638433456427,1,rocking_return,0.4242640687119283,1.5348289306160723e-10,standing,0.16,0.39269908169872414,0.7271916346027661,-1.7091545238103414,9.81,1,1,8
-0.5800000000000001,0.4101219347452766,0.2338089883327485,1,rocking_return,0.41012193308819767,1.6570789185266221e-09,standing,0.16,0.39269908169872414,0.7271916346027661,-1.7091545238103414,9.81,1,1,8
-0.5599999999999996,0.39597979886872503,0.22514463007450108,1,rocking_return,0.3959797974644664,1.4042586538032253e-09,standing,0.16,0.39269908169872414,0.7271916346027661,-1.7091545238103414,9.81,1,1,8
-0.54,0.3818376621396187,0.21654952764511112,1,rocking_return,0.3818376618407357,2.9888302943703593e-10,standing,0.16,0.39269908169872414,0.7271916346027661,-1.7091545238103414,9.81,1,1,8
-0.5199999999999996,0.3676955265596154,0.20802006244659427,1,rocking_return,0.3676955262170044,3.4261099512988835e-10,standing,0.16,0.39269908169872414,0.7271916346027661,-1.7091545238103414,9.81,1,1,8
-0.5,0.35355339142010755,0.19955276608467104,1,rocking_return,0.3535533905932738,8.268337681194282e-10,standing,0.16,0.39269908169872414,0.7271916346027661,-1.7091545238103414,9.81,1,1,8
-0.47999999999999954,0.33941125495561,0.19114430963993076,1,rocking_return,0.3394112549695425,1.3932521802928477e-11,standing,0.16,0.39269908169872414,0.7271916346027661,-1.7091545238103414,9.81,1,1,8
-0.45999999999999996,0.3252691210749805,0.18279149532318117,1,rocking_return,0.3252691193458119,1.7291686416065488e-09,standing,0.16,0.39269908169872414,0.7271916346027661,-1.7091545238103414,9.81,1,1,8
-0.4399999999999995,0.3111269842354649,0.1744912427663803,1,rocking_return,0.3111269837220806,5.133843350435541e-10,standing,0.16,0.39269908169872414,0.7271916346027661,-1.7091545238103414,9.81,1,1,8
-0.41999999999999993,0.2969848486942591,0.16624058544635772,1,rocking_return,0.2969848480983499,5.959092108653863e-10,standing,0.16,0.39269908169872414,0.7271916346027661,-1.7091545238103414,9.81,1,1,8
-0.39999999999999947,0.28284271278700207,0.15803665816783904,1,rocking_return,0.2828427124746187,3.1238339692762906e-10,standing,0.16,0.39269908169872414,0.7271916346027661,-1.7091545238103414,9.81,1,1,8
-0.3799999999999999,0.2687005772693525,0.149876691699028,1,rocking_return,0.268700576850888,4.1846448528559677e-10,standing,0.16,0.39269908169872414,0.7271916346027661,-1.7091545238103414,9.81,1,1,8
-0.35999999999999943,0.2545584413023156,0.14175800442695616,1,rocking_return,0.2545584412271567,7.515887912035168e-11,standing,0.16,0.39269908169872414,0.7271916346027661,-1.7091545238103414,9.81,1,1,8
-0.33999999999999986,0.24041630660532143,0.13367799699306485,1,rocking_return,0.24041630560342608,1.0018953444657086e-09,standing,0.16,0.39269908169872414,0.7271916346027661,-1.7091545238103414,9.81,1,1,8
-0.3200000000000003,0.22627417043302825,0.125634143948555,1,rocking_return,0.22627416997969543,4.533328157307892e-10,standing,0.16,0.39269908169872414,0.7271916346027661,-1.7091545238103414,9.81,1,1,8
-0.2999999999999998,0.2121320361212946,0.11762399077415465,1,rocking_return,0.21213203435596414,1.7653304651421564e-09,standing,0.16,0.39269908169872414,0.7271916346027661,-1.7091545238103414,9.81,1,1,8
-0.28000000000000025,0.19798989860841804,0.10964514434337616,1,rocking_return,0.1979898987322335,1.2381545788642256e-10,standing,0.16,0.39269908169872414,0.7271916346027661,-1.7091545238103414,9.81,1,1,8
-0.2599999999999998,0.1838477639144659,0.10169527292251586,1,rocking_return,0.1838477631085022,8.059636846802221e-10,standing,0.16,0.39269908169872414,0.7271916346027661,-1.7091545238103414,9.81,1,1,8
-0.2400000000000002,0.1697056276788607,0.09377209544181823,1,rocking_return,0.16970562748477158,1.9408910589824302e-10,standing,0.16,0.39269908169872414,0.7271916346027661,-1.7091545238103414,9.81,1,1,8
-0.21999999999999975,0.15556349272781156,0.08587338149547577,1,rocking_return,0.1555634918610403,8.667712658727567e-10,standing,0.16,0.39269908169872414,0.7271916346027661,-1.7091545238103414,9.81,1,1,8
-0.20000000000000018,0.1414213573280065,0.07799694359302521,1,rocking_return,0.14142135623730964,1.0906968661572591e-09,standing,0.16,0.39269908169872414,0.7271916346027661,-1.7091545238103414,9.81,1,1,8
-0.17999999999999972,0.12727922220408688,0.07014063477516175,1,rocking_return,0.12727922061357835,1.5905085304357414e-09,standing,0.16,0.39269908169872414,0.7271916346027661,-1.7091545238103414,9.81,1,1,8
-0.16000000000000014,0.1131370864799043,0.06230234324932099,1,rocking_return,0.11313708498984772,1.490056578123955e-09,standing,0.16,0.39269908169872414,0.7271916346027661,-1.7091545238103414,9.81,1,1,8
-0.13999999999999968,0.0989949505166577,0.05447998940944672,1,rocking_return,0.09899494936611643,1.1505412733647802e-09,standing,0.16,0.39269908169872414,0.7271916346027661,-1.7091545238103414,9.81,1,1,8
-0.1200000000000001,0.08485281539915183,0.04667152166366577,1,rocking_return,0.08485281374238579,1.656766043800495e-09,standing,0.16,0.39269908169872414,0.7271916346027661,-1.7091545238103414,9.81,1,1,8
-0.09999999999999964,0.07071067896699809,0.038874911665916445,1,rocking_return,0.0707106781186545,8.48343589820999e-10,standing,0.16,0.39269908169872414,0.7271916346027661,-1.7091545238103414,9.81,1,1,8
-0.08000000000000007,0.05656854269177453,0.03108815252780914,1,rocking_return,0.05656854249492386,1.9685067464969563e-10,standing,0.16,0.39269908169872414,0.7271916346027661,-1.7091545238103414,9.81,1,1,8
-0.05999999999999961,0.04242640714594732,0.023309254050254823,1,rocking_return,0.042426406871192576,2.747547467318867e-10,standing,0.16,0.39269908169872414,0.7271916346027661,-1.7091545238103414,9.81,1,1,8
-0.040000000000000036,0.028284271312712987,0.01553623914718628,1,rocking_return,0.02828427124746193,6.525105802901443e-11,standing,0.16,0.39269908169872414,0.7271916346027661,-1.7091545238103414,9.81,1,1,8
-0.019999999999999574,0.01414213670812133,0.007767141461372375,1,rocking_return,0.01414213562373065,1.0843906796814684e-09,standing,0.16,0.39269908169872414,0.7271916346027661,-1.7091545238103414,9.81,1,1,8
0.0,0.0,nan,0,standing_limit,-0.0,0.0,standing,0.16,0.39269908169872414,0.7271916346027661,-1.7091545238103414,9.81,1,1,8
0.019999999999999574,-0.014142136070453283,0.017686051726341245,1,rocking_return,-0.01414213562373065,4.4672263284362135e-10,standing,0.16,0.39269908169872414,0.7271916346027661,-1.7091545238103414,9.81,1,1,8
0.040000000000000924,-0.02828427182514281,0.03539854764938354,1,rocking_return,-0.028284271247462557,5.776802543266957e-10,standing,0.16,0.39269908169872414,0.7271916346027661,-1.7091545238103414,9.81,1,1,8
0.0600000000000005,-0.04242640724332386,0.05316417455673218,1,rocking_return,-0.04242640687119321,3.721306526816015e-10,standing,0.16,0.39269908169872414,0.7271916346027661,-1.7091545238103414,9.81,1,1,8
0.08000000000000007,-0.056568542340458425,0.07101010978221894,1,rocking_return,-0.05656854249492386,1.544654334995066e-10,standing,0.16,0.39269908169872414,0.7271916346027661,-1.7091545238103414,9.81,1,1,8
0.09999999999999964,-0.07071067799151287,0.08896428108215332,1,rocking_return,-0.0707106781186545,1.271416305570483e-10,standing,0.16,0.39269908169872414,0.7271916346027661,-1.7091545238103414,9.81,1,1,8
0.120000000000001,-0.08485281402375904,0.10705564260482787,1,rocking_return,-0.08485281374238642,2.813726196482236e-10,standing,0.16,0.39269908169872414,0.7271916346027661,-1.7091545238103414,9.81,1,1,8
0.14000000000000057,-0.09899494995719911,0.1253144770860672,1,rocking_return,-0.09899494936611707,5.91082044421043e-10,standing,0.16,0.39269908169872414,0.7271916346027661,-1.7091545238103414,9.81,1,1,8
0.16000000000000014,-0.11313708533439938,0.14377273082733152,1,rocking_return,-0.11313708498984772,3.445516649769331e-10,standing,0.16,0.39269908169872414,0.7271916346027661,-1.7091545238103414,9.81,1,1,8
0.17999999999999972,-0.12727922114070683,0.1624643921852112,1,rocking_return,-0.12727922061357835,5.271284797547793e-10,standing,0.16,0.39269908169872414,0.7271916346027661,-1.7091545238103414,9.81,1,1,8
0.1999999999999993,-0.141421356762382,0.1814259219169617,1,rocking_return,-0.141421356237309,5.250729850914126e-10,standing,0.16,0.39269908169872414,0.7271916346027661,-1.7091545238103414,9.81,1,1,8
0.22000000000000064,-0.15556349212002513,0.20069675624370578,1,rocking_return,-0.15556349186104093,2.5898419520054006e-10,standing,0.16,0.39269908169872414,0.7271916346027661,-1.7091545238103414,9.81,1,1,8
0.2400000000000002,-0.16970562804446065,0.22031989693641668,1,rocking_return,-0.16970562748477158,5.596890728654103e-10,standing,0.16,0.39269908169872414,0.7271916346027661,-1.7091545238103414,9.81,1,1,8
0.2599999999999998,-0.18384776299488106,0.2403426110744477,1,rocking_return,-0.1838477631085022,1.1362114027413384e-10,standing,0.16,0.39269908169872414,0.7271916346027661,-1.7091545238103414,9.81,1,1,8
0.27999999999999936,-0.1979898986579807,0.26081727921962744,1,rocking_return,-0.19798989873223286,7.425215997614032e-11,standing,0.16,0.39269908169872414,0.7271916346027661,-1.7091545238103414,9.81,1,1,8
0.3000000000000007,-0.21213203429295982,0.28180242002010353,1,rocking_return,-0.21213203435596478,6.300496235844832e-11,standing,0.16,0.39269908169872414,0.7271916346027661,-1.7091545238103414,9.81,1,1,8
0.3200000000000003,-0.22627417013711285,0.30336395800113686,1,rocking_return,-0.22627416997969543,1.5741741243857632e-10,standing,0.16,0.39269908169872414,0.7271916346027661,-1.7091545238103414,9.81,1,1,8
0.33999999999999986,-0.24041630611144024,0.32557679891586316,1,rocking_return,-0.24041630560342608,5.080141585178666e-10,standing,0.16,0.39269908169872414,0.7271916346027661,-1.7091545238103414,9.81,1,1,8
0.35999999999999943,-0.25455844181814036,0.3485268163681032,1,rocking_return,-0.2545584412271567,5.909836509054855e-10,standing,0.16,0.39269908169872414,0.7271916346027661,-1.7091545238103414,9.81,1,1,8
0.3800000000000008,-0.2687005767215396,0.372313387989998,1,rocking_return,-0.2687005768508886,1.2934903148575927e-10,standing,0.16,0.39269908169872414,0.7271916346027661,-1.7091545238103414,9.81,1,1,8
0.40000000000000036,-0.28284271295339347,0.3970526796579363,1,rocking_return,-0.2828427124746193,4.787741869627382e-10,standing,0.16,0.39269908169872414,0.7271916346027661,-1.7091545238103414,9.81,1,1,8
0.41999999999999993,-0.2969848481791093,0.4228819537162783,1,rocking_return,-0.2969848480983499,8.075939916807329e-11,standing,0.16,0.39269908169872414,0.7271916346027661,-1.7091545238103414,9.81,1,1,8
0.4399999999999995,-0.31112698440997116,0.4499653345346453,1,rocking_return,-0.3111269837220806,6.87890577832917e-10,standing,0.16,0.39269908169872414,0.7271916346027661,-1.7091545238103414,9.81,1,1,8
0.46000000000000085,-0.32526911958484456,0.47850164055824307,1,rocking_return,-0.3252691193458125,2.390320719136696e-10,standing,0.16,0.39269908169872414,0.7271916346027661,-1.7091545238103414,9.81,1,1,8
0.4800000000000004,-0.3394112549315286,0.5087352758646013,1,rocking_return,-0.33941125496954316,3.801453596352644e-11,standing,0.16,0.39269908169872414,0.7271916346027661,-1.7091545238103414,9.81,1,1,8
0.5,-0.35355339057034435,0.5409717124700549,1,rocking_return,-0.3535533905932738,2.2929436127583358e-11,standing,0.16,0.39269908169872414,0.7271916346027661,-1.7091545238103414,9.81,1,1,8
0.5199999999999996,-0.3676955262657872,0.575600126385689,1,rocking_return,-0.3676955262170044,4.878281112397076e-11,standing,0.16,0.39269908169872414,0.7271916346027661,-1.7091545238103414,9.81,1,1,8
0.5400000000000009,-0.381837662221448,0.6131275570392611,1,rocking_return,-0.38183766184073636,3.8071162888897447e-10,standing,0.16,0.39269908169872414,0.7271916346027661,-1.7091545238103414,9.81,1,1,8
0.5600000000000005,-0.39597979813546247,0.654232438206673,1,rocking_return,-0.395979797464467,6.709954813999275e-10,standing,0.16,0.39269908169872414,0.7271916346027661,-1.7091545238103414,9.81,1,1,8
0.5800000000000001,-0.41012193304545214,0.6998523998260502,1,rocking_return,-0.41012193308819767,4.274552933836162e-11,standing,0.16,0.39269908169872414,0.7271916346027661,-1.7091545238103414,9.81,1,1,8
0.5999999999999996,-0.4242640693595297,0.7513365912437443,1,rocking_return,-0.4242640687119283,6.476014169365385e-10,standing,0.16,0.39269908169872414,0.7271916346027661,-1.7091545238103414,9.81,1,1,8
0.620000000000001,-0.43840620453835166,0.8107293760776525,1,rocking_return,-0.4384062043356602,2.0269147471552174e-10,standing,0.16,0.39269908169872414,0.7271916346027661,-1.7091545238103414,9.81,1,1,8
0.6400000000000006,-0.4525483404155462,0.8813503175973898,1,rocking_return,-0.45254833995939087,4.5615533572629374e-10,standing,0.16,0.39269908169872414,0.7271916346027661,-1.7091545238103414,9.81,1,1,8
0.6600000000000001,-0.46669047593223123,0.969142354726792,1,rocking_return,-0.4666904755831215,3.4910974111568294e-10,standing,0.16,0.39269908169872414,0.7271916346027661,-1.7091545238103414,9.81,1,1,8
0.6799999999999997,-0.4808326118682003,1.0864659988880165,1,rocking_return,-0.48083261120685217,6.61348142916296e-10,standing,0.16,0.39269908169872414,0.7271916346027661,-1.7091545238103414,9.81,1,1,8
0.7000000000000011,-0.4949747470345278,1.2669031506776818,1,rocking_return,-0.49497474683058407,2.0394375077614768e-10,standing,0.16,0.39269908169872414,0.7271916346027661,-1.7091545238103414,9.81,1,1,8
0.7200000000000006,-0.5091168828487652,1.6958378142118467,1,rocking_return,-0.5091168824543147,3.944504722852571e-10,standing,0.16,0.39269908169872414,0.7271916346027661,-1.7091545238103414,9.81,1,1,8
0.7270916346027662,-0.51413142573523,3.0623737865686205,1,rocking_return,-0.5141314253716274,3.6360259247913973e-10,standing,0.16,0.39269908169872414,0.7271916346027661,-1.7091545238103414,9.81,1,1,8
0.7271916346027661,nan,nan,0,upright_asymptote,nan,nan,unresolved,0.16,0.39269908169872414,0.7271916346027661,-1.7091545238103414,9.81,1,1,8
0.7272916346027661,1.2085848390130856,3.3402682775258747,1,downhill_step,1.208584840751421,1.7383354755651226e-09,rolling,0.16,0.39269908169872414,0.7271916346027661,-1.7091545238103414,9.81,1,1,8
0.7400000000000002,1.2124358766336754,1.7912605822086347,1,downhill_step,1.2124358772374546,6.037792488200466e-10,rolling,0.16,0.39269908169872414,0.7271916346027661,-1.7091545238103414,9.81,1,1,8
0.7599999999999998,1.2186060712007716,1.491577702164651,1,downhill_step,1.2186060710551856,1.4558598770975095e-10,rolling,0.16,0.39269908169872414,0.7271916346027661,-1.7091545238103414,9.81,1,1,8
0.7799999999999994,1.2249084684442904,1.3402790611982356,1,downhill_step,1.224908468585533,1.4124257319281242e-10,rolling,0.16,0.39269908169872414,0.7271916346027661,-1.7091545238103414,9.81,1,1,8
0.8000000000000007,1.2313410390520445,1.23844603419304,1,downhill_step,1.2313410398474327,7.953881997480039e-10,rolling,0.16,0.39269908169872414,0.7271916346027661,-1.7091545238103414,9.81,1,1,8
0.8200000000000003,1.237901755325273,1.1616892999410637,1,downhill_step,1.237901755557587,2.32314167902814e-10,rolling,0.16,0.39269908169872414,0.7271916346027661,-1.7091545238103414,9.81,1,1,8
0.8399999999999999,1.2445885881915804,1.1001386141777045,1,downhill_step,1.2445885892183632,1.0267828809418234e-09,rolling,0.16,0.39269908169872414,0.7271916346027661,-1.7091545238103414,9.81,1,1,8
0.8599999999999994,1.251399519139925,1.048806017041207,1,downhill_step,1.2513995191035339,3.6391112345768306e-11,rolling,0.16,0.39269908169872414,0.7271916346027661,-1.7091545238103414,9.81,1,1,8
0.8800000000000008,1.2583325295012635,1.0048170274496084,1,downhill_step,1.2583325301415984,6.403348962180644e-10,rolling,0.16,0.39269908169872414,0.7271916346027661,-1.7091545238103414,9.81,1,1,8
0.9000000000000004,1.2653856152274279,0.9663629996776587,1,downhill_step,1.2653856156968737,4.694458155540815e-10,rolling,0.16,0.39269908169872414,0.7271916346027661,-1.7091545238103414,9.81,1,1,8
0.9199999999999999,1.2725567786623928,0.9322316151857382,1,downhill_step,1.2725567792489874,5.865945507110837e-10,rolling,0.16,0.39269908169872414,0.7271916346027661,-1.7091545238103414,9.81,1,1,8
0.9399999999999995,1.2798440345062216,0.9015704470872885,1,downhill_step,1.279844035971788,1.4655663349572023e-09,rolling,0.16,0.39269908169872414,0.7271916346027661,-1.7091545238103414,9.81,1,1,8
0.9600000000000009,1.2872454133548272,0.873757210373879,1,downhill_step,1.2872454142130616,8.582343724583552e-10,rolling,0.16,0.39269908169872414,0.7271916346027661,-1.7091545238103414,9.81,1,1,8
0.9800000000000004,1.2947589566996127,0.8483236801624303,1,downhill_step,1.2947589568767448,1.7713208677605508e-10,rolling,0.16,0.39269908169872414,0.7271916346027661,-1.7091545238103414,9.81,1,1,8
1.0,1.3023827215514396,0.8249086660146718,1,downhill_step,1.3023827227096327,1.1581930969839505e-09,rolling,0.16,0.39269908169872414,0.7271916346027661,-1.7091545238103414,9.81,1,1,8
1.0199999999999996,1.3101147870527499,0.8032276660203939,1,downhill_step,1.310114787494804,4.420541710459247e-10,rolling,0.16,0.39269908169872414,0.7271916346027661,-1.7091545238103414,9.81,1,1,8
1.040000000000001,1.3179532447013795,0.7830525642633442,1,downhill_step,1.3179532451542266,4.528470931575157e-10,rolling,0.16,0.39269908169872414,0.7271916346027661,-1.7091545238103414,9.81,1,1,8
1.0600000000000005,1.3258962079220562,0.7641976362466817,1,downhill_step,1.3258962087631734,8.411171759092895e-10,rolling,0.16,0.39269908169872414,0.7271916346027661,-1.7091545238103414,9.81,1,1,8
1.08,1.333941809901152,0.7465096420049672,1,downhill_step,1.333941811479255,1.5781029816253067e-09,rolling,0.16,0.39269908169872414,0.7271916346027661,-1.7091545238103414,9.81,1,1,8
1.0999999999999996,1.3420882062440642,0.729860655665398,1,downhill_step,1.3420882073889762,1.1449119430295696e-09,rolling,0.16,0.39269908169872414,0.7271916346027661,-1.7091545238103414,9.81,1,1,8
1.120000000000001,1.350333571066134,0.714142768979073,1,downhill_step,1.3503335722748497,1.2087157941209625e-09,rolling,0.16,0.39269908169872414,0.7271916346027661,-1.7091545238103414,9.81,1,1,8
1.1400000000000006,1.3586761045888234,0.699264115095139,1,downhill_step,1.3586761043061575,2.826658906940338e-10,rolling,0.16,0.39269908169872414,0.7271916346027661,-1.7091545238103414,9.81,1,1,8
1.1600000000000001,1.3671140236682817,0.6851458287239078,1,downhill_step,1.367114024656523,9.882412665973561e-10,rolling,0.16,0.39269908169872414,0.7271916346027661,-1.7091545238103414,9.81,1,1,8
1.1799999999999997,1.375645577476059,0.6717197006940845,1,downhill_step,1.3756455780514674,5.754083876041705e-10,rolling,0.16,0.39269908169872414,0.7271916346027661,-1.7091545238103414,9.81,1,1,8
1.200000000000001,1.384269032120843,0.6589263314008716,1,downhill_step,1.3842690332491576,1.1283145529006333e-09,rolling,0.16,0.39269908169872414,0.7271916346027661,-1.7091545238103414,9.81,1,1,8
1.2200000000000006,1.3929826837108075,0.6467136746644977,1,downhill_step,1.3929826834575356,2.532718479386631e-10,rolling,0.16,0.39269908169872414,0.7271916346027661,-1.7091545238103414,9.81,1,1,8
1.2400000000000002,1.4017848460860853,0.6350358647108081,1,downhill_step,1.4017848466910163,6.049309941857928e-10,rolling,0.16,0.39269908169872414,0.7271916346027661,-1.7091545238103414,9.81,1,1,8
1.2599999999999998,1.4106738652053976,0.6238522744178775,1,downhill_step,1.410673866069885,8.64487370577649e-10,rolling,0.16,0.39269908169872414,0.7271916346027661,-1.7091545238103414,9.81,1,1,8
1.2799999999999994,1.4196481081474555,0.6131267410516742,1,downhill_step,1.4196481100655032,1.9180477206504065e-09,rolling,0.16,0.39269908169872414,0.7271916346027661,-1.7091545238103414,9.81,1,1,8
1.3000000000000007,1.4287059718848316,0.6028269344568256,1,downhill_step,1.428705972694367,8.095353276615924e-10,rolling,0.16,0.39269908169872414,0.7271916346027661,-1.7091545238103414,9.81,1,1,8
1.3200000000000003,1.4378458732285953,0.5929238289594654,1,downhill_step,1.4378458736639879,4.3539261085356884e-10,rolling,0.16,0.39269908169872414,0.7271916346027661,-1.7091545238103414,9.81,1,1,8
1.3399999999999999,1.4470662577035922,0.5833912676572802,1,downhill_step,1.4470662584735212,7.699290094365097e-10,rolling,0.16,0.39269908169872414,0.7271916346027661,-1.7091545238103414,9.81,1,1,8
1.3599999999999994,1.4563655974050398,0.5742055940628055,1,downhill_step,1.4563655984719481,1.0669083394532208e-09,rolling,0.16,0.39269908169872414,0.7271916346027661,-1.7091545238103414,9.81,1,1,8
1.3800000000000008,1.4657423909764198,0.565345341563225,1,downhill_step,1.4657423908765679,9.98519045225521e-11,rolling,0.16,0.39269908169872414,0.7271916346027661,-1.7091545238103414,9.81,1,1,8
1.4000000000000004,1.4751951578745917,0.556790968179703,1,downhill_step,1.4751951587544465,8.798548556399055e-10,rolling,0.16,0.39269908169872414,0.7271916346027661,-1.7091545238103414,9.81,1,1,8
1.42,1.4847224504105831,0.5485246348381045,1,downhill_step,1.484722450969391,5.588078888507653e-10,rolling,0.16,0.39269908169872414,0.7271916346027661,-1.7091545238103414,9.81,1,1,8
1.4399999999999995,1.4943228404166367,0.5405300086736682,1,downhill_step,1.4943228420968997,1.6802630398160545e-09,rolling,0.16,0.39269908169872414,0.7271916346027661,-1.7091545238103414,9.81,1,1,8
1.4600000000000009,1.5039949304318725,0.5327920997142794,1,downhill_step,1.5039949323094666,1.87759408021293e-09,rolling,0.16,0.39269908169872414,0.7271916346027661,-1.7091545238103414,9.81,1,1,8
1.4800000000000004,1.5137373472108882,0.5252971154451372,1,downhill_step,1.513737347234505,2.3616886224431255e-11,rolling,0.16,0.39269908169872414,0.7271916346027661,-1.7091545238103414,9.81,1,1,8
1.5,1.5235487376500643,0.5180323344469073,1,downhill_step,1.5235487377870642,1.3699996692650984e-10,rolling,0.16,0.39269908169872414,0.7271916346027661,-1.7091545238103414,9.81,1,1,8
1.5199999999999996,1.533427779479155,0.510986000299454,1,downhill_step,1.5334277799794014,5.002462888370474e-10,rolling,0.16,0.39269908169872414,0.7271916346027661,-1.7091545238103414,9.81,1,1,8
1.540000000000001,1.5433731734222635,0.5041472238302233,1,downhill_step,1.543373174709395,1.2871315124840521e-09,rolling,0.16,0.39269908169872414,0.7271916346027661,-1.7091545238103414,9.81,1,1,8
1.5467389931158755,1.546738992828274,0.5018878573179247,1,downhill_step,1.5467389931158753,2.876012761277025e-10,rolling,0.16,0.39269908169872414,0.7271916346027661,-1.7091545238103414,9.81,1,1,8
1.5600000000000005,1.553383645598551,0.4975059002637866,1,downhill_step,1.5533836475296618,1.931110826802751e-09,rolling,0.16,0.39269908169872414,0.7271916346027661,-1.7091545238103414,9.81,1,1,8
1.58,1.5634579464332412,0.4910526347160342,1,downhill_step,1.5634579483991746,1.965933416059329e-09,rolling,0.16,0.39269908169872414,0.7271916346027661,-1.7091545238103414,9.81,1,1,8
1.5999999999999996,1.5735948503242005,0.4847786766290667,1,downhill_step,1.5735948514190543,1.0948537632060606e-09,rolling,0.16,0.39269908169872414,0.7271916346027661,-1.7091545238103414,9.81,1,1,8
1.620000000000001,1.5837931543334849,0.47867586195468925,1,downhill_step,1.5837931545541413,2.2065638205504e-10,rolling,0.16,0.39269908169872414,0.7271916346027661,-1.7091545238103414,9.81,1,1,8
1.6400000000000006,1.5940516787587036,0.4727365612983706,1,downhill_step,1.5940516793418453,5.831417571044994e-10,rolling,0.16,0.39269908169872414,0.7271916346027661,-1.7091545238103414,9.81,1,1,8
1.6600000000000001,1.6043692687513074,0.46695363461971306,1,downhill_step,1.6043692705897095,1.8384020972206372e-09,rolling,0.16,0.39269908169872414,0.7271916346027661,-1.7091545238103414,9.81,1,1,8
1.6799999999999997,1.6147447956493657,0.4613203907012942,1,downhill_step,1.6147447960630052,4.136395670428783e-10,rolling,0.16,0.39269908169872414,0.7271916346027661,-1.7091545238103414,9.81,1,1,8
1.700000000000001,1.6251771451175425,0.45583054661750816,1,downhill_step,1.6251771461636293,1.0460867727601908e-09,rolling,0.16,0.39269908169872414,0.7271916346027661,-1.7091545238103414,9.81,1,1,8
1.7200000000000006,1.6356652330047754,0.45047819972038294,1,downhill_step,1.6356652336014719,5.96696470012148e-10,rolling,0.16,0.39269908169872414,0.7271916346027661,-1.7091545238103414,9.81,1,1,8
1.7400000000000002,1.6462079929139855,0.44525779366493246,1,downhill_step,1.6462079930593696,1.453841491638741e-10,rolling,0.16,0.39269908169872414,0.7271916346027661,-1.7091545238103414,9.81,1,1,8
1.7599999999999998,1.6568043796260103,0.44016409337520623,1,downhill_step,1.6568043808526571,1.2266467841470785e-09,rolling,0.16,0.39269908169872414,0.7271916346027661,-1.7091545238103414,9.81,1,1,8
1.7799999999999994,1.6674533739747237,0.4351921612024309,1,downhill_step,1.6674533745842959,6.095721705179358e-10,rolling,0.16,0.39269908169872414,0.7271916346027661,-1.7091545238103414,9.81,1,1,8
1.8000000000000007,1.6781539705268727,0.43033733248710654,1,downhill_step,1.6781539727964645,2.269591847792185e-09,rolling,0.16,0.39269908169872414,0.7271916346027661,-1.7091545238103414,9.81,1,1,8
1.8200000000000003,1.6889051928901173,0.4255951988697054,1,downhill_step,1.6889051946194482,1.7293309007015978e-09,rolling,0.16,0.39269908169872414,0.7271916346027661,-1.7091545238103414,9.81,1,1,8
1.8399999999999999,1.699706078234337,0.4209615868330004,1,downhill_step,1.6997060794186023,1.1842653524496427e-09,rolling,0.16,0.39269908169872414,0.7271916346027661,-1.7091545238103414,9.81,1,1,8
1.8599999999999994,1.7105556843904166,0.4164325422048571,1,downhill_step,1.7105556864400981,2.049681535609693e-09,rolling,0.16,0.39269908169872414,0.7271916346027661,-1.7091545238103414,9.81,1,1,8
1.8800000000000008,1.7214530937817811,0.412004317045212,1,downhill_step,1.721453094456122,6.74340805417728e-10,rolling,0.16,0.39269908169872414,0.7271916346027661,-1.7091545238103414,9.81,1,1,8
1.9000000000000004,1.732397399321471,0.4076733511686327,1,downhill_step,1.732397401410126,2.0886550267107395e-09,rolling,0.16,0.39269908169872414,0.7271916346027661,-1.7091545238103414,9.81,1,1,8
1.92,1.743387723866105,0.4034362655878069,1,downhill_step,1.7433877240627103,1.966051765833754e-10,rolling,0.16,0.39269908169872414,0.7271916346027661,-1.7091545238103414,9.81,1,1,8
1.9399999999999995,1.7544231969865414,0.39928984403610246,1,downhill_step,1.75442319763863,6.52088605335166e-10,rolling,0.16,0.39269908169872414,0.7271916346027661,-1.7091545238103414,9.81,1,1,8
1.9600000000000009,1.7655029732428427,0.3952310276031496,1,downhill_step,1.7655029754754188,2.2325761239727626e-09,rolling,0.16,0.39269908169872414,0.7271916346027661,-1.7091545238103414,9.81,1,1,8
1.9800000000000004,1.7766262281410616,0.3912569040060045,1,downhill_step,1.7766262286740442,5.329825469857497e-10,rolling,0.16,0.39269908169872414,0.7271916346027661,-1.7091545238103414,9.81,1,1,8
2.0,1.7877921448666292,0.3873646944761278,1,downhill_step,1.7877921457520043,8.853751065629467e-10,rolling,0.16,0.39269908169872414,0.7271916346027661,-1.7091545238103414,9.81,1,1,8
2.0199999999999996,1.7989999311641534,0.3835517507791521,1,downhill_step,1.798999932299208,1.1350547168831326e-09,rolling,0.16,0.39269908169872414,0.7271916346027661,-1.7091545238103414,9.81,1,1,8
2.040000000000001,1.8102488102904153,0.379815544486046,1,downhill_step,1.8102488106369683,3.4655300851227366e-10,rolling,0.16,0.39269908169872414,0.7271916346027661,-1.7091545238103414,9.81,1,1,8
2.0600000000000005,1.8215380178958989,0.3761536592245104,1,downhill_step,1.8215380194803943,1.5844954237564934e-09,rolling,0.16,0.39269908169872414,0.7271916346027661,-1.7091545238103414,9.81,1,1,8
2.08,1.832866811451372,0.37256378710269944,1,downhill_step,1.8328668136044575,2.153085487677231e-09,rolling,0.16,0.39269908169872414,0.7271916346027661,-1.7091545238103414,9.81,1,1,8
2.0999999999999996,1.8442344621805689,0.36904371976852435,1,downhill_step,1.8442344635139414,1.3333725235042948e-09,rolling,0.16,0.39269908169872414,0.7271916346027661,-1.7091545238103414,9.81,1,1,8
2.120000000000001,1.8556402541527646,0.36559134304523483,1,downhill_step,1.8556402551175046,9.647400656120908e-10,rolling,0.16,0.39269908169872414,0.7271916346027661,-1.7091545238103414,9.81,1,1,8
2.1400000000000006,1.8670834884201872,0.36220463275909437,1,downhill_step,1.8670834894060195,9.858323046785245e-10,rolling,0.16,0.39269908169872414,0.7271916346027661,-1.7091545238103414,9.81,1,1,8
2.16,1.8785634800426416,0.35888164877891554,1,downhill_step,1.8785634821353674,2.09272577045283e-09,rolling,0.16,0.39269908169872414,0.7271916346027661,-1.7091545238103414,9.81,1,1,8
2.1799999999999997,1.8900795622622073,0.3556205320358278,1,downhill_step,1.8900795635138106,1.2516032654730225e-09,rolling,0.16,0.39269908169872414,0.7271916346027661,-1.7091545238103414,9.81,1,1,8
2.200000000000001,1.9016310763015702,0.35241949737072004,1,downhill_step,1.9016310778940688,1.5924985774518063e-09,rolling,0.16,0.39269908169872414,0.7271916346027661,-1.7091545238103414,9.81,1,1,8
2.2200000000000006,1.913217382016623,0.34927683234214796,1,downhill_step,1.9132173834701998,1.4535768144696704e-09,rolling,0.16,0.39269908169872414,0.7271916346027661,-1.7091545238103414,9.81,1,1,8
2.24,1.9248378507216162,0.3461908918619157,1,downhill_step,1.9248378519793705,1.2577543451186557e-09,rolling,0.16,0.39269908169872414,0.7271916346027661,-1.7091545238103414,9.81,1,1,8
2.26,1.9364918666810658,0.34316009521484386,1,downhill_step,1.9364918684085806,1.727514797877916e-09,rolling,0.16,0.39269908169872414,0.7271916346027661,-1.7091545238103414,9.81,1,1,8
2.2799999999999994,1.9481788289781894,0.34018292307853715,1,downhill_step,1.9481788307063996,1.7282102415805412e-09,rolling,0.16,0.39269908169872414,0.7271916346027661,-1.7091545238103414,9.81,1,1,8
2.3000000000000007,1.9598981489948826,0.3372579139471055,1,downhill_step,1.9598981494997534,5.04870811823821e-10,rolling,0.16,0.39269908169872414,0.7271916346027661,-1.7091545238103414,9.81,1,1,8
2.3200000000000003,1.9716492461003678,0.334383660554886,1,downhill_step,1.9716492478157865,1.71541869598002e-09,rolling,0.16,0.39269908169872414,0.7271916346027661,-1.7091545238103414,9.81,1,1,8
2.34,1.9834315594252188,0.3315588098764421,1,downhill_step,1.983431560808831,1.3836123358146324e-09,rolling,0.16,0.39269908169872414,0.7271916346027661,-1.7091545238103414,9.81,1,1,8
2.3599999999999994,1.9952445342493648,0.32878205716609965,1,downhill_step,1.9952445354924682,1.2431033979964923e-09,rolling,0.16,0.39269908169872414,0.7271916346027661,-1.7091545238103414,9.81,1,1,8
2.380000000000001,2.0070876296992335,0.3260521459579469,1,downhill_step,2.007087630476696,7.774625387924061e-10,rolling,0.16,0.39269908169872414,0.7271916346027661,-1.7091545238103414,9.81,1,1,8
2.4000000000000004,2.018960314319741,0.32336786448955546,1,downhill_step,2.018960315710182,1.390440651505287e-09,rolling,0.16,0.39269908169872414,0.7271916346027661,-1.7091545238103414,9.81,1,1,8
2.42,2.0308620716070735,0.3207280451059343,1,downhill_step,2.0308620722275936,6.205200797637644e-10,rolling,0.16,0.39269908169872414,0.7271916346027661,-1.7091545238103414,9.81,1,1,8
2.4399999999999995,2.0427923895394082,0.3181315594911576,1,downhill_step,2.042792391901966,2.362557705026802e-09,rolling,0.16,0.39269908169872414,0.7271916346027661,-1.7091545238103414,9.81,1,1,8
2.460000000000001,2.0547507746597202,0.3155773210525514,1,downhill_step,2.0547507772020817,2.542361432489315e-09,rolling,0.16,0.39269908169872414,0.7271916346027661,-1.7091545238103414,9.81,1,1,8
2.4800000000000004,2.0667367402826238,0.3130642795562745,1,downhill_step,2.0667367409548216,6.721978529355965e-10,rolling,0.16,0.39269908169872414,0.7271916346027661,-1.7091545238103414,9.81,1,1,8
2.5,2.078749805314684,0.3105914193391801,1,downhill_step,2.0787498061124516,7.977676297343805e-10,rolling,0.16,0.39269908169872414,0.7271916346027661,-1.7091545238103414,9.81,1,1,8
2.5199999999999996,2.090789504333047,0.308157760500908,1,downhill_step,2.0907895055247803,1.1917333786470863e-09,rolling,0.16,0.39269908169872414,0.7271916346027661,-1.7091545238103414,9.81,1,1,8
2.540000000000001,2.1028553807147676,0.30576235592365275,1,downhill_step,2.102855381716146,1.0013785356477456e-09,rolling,0.16,0.39269908169872414,0.7271916346027661,-1.7091545238103414,9.81,1,1,8
2.5600000000000005,2.114946984435774,0.3034042888879777,1,downhill_step,2.1149469866671735,2.231399509611265e-09,rolling,0.16,0.39269908169872414,0.7271916346027661,-1.7091545238103414,9.81,1,1,8
2.58,2.127063880515467,0.3010826742649079,1,downhill_step,2.127063881601245,1.0857781340689598e-09,rolling,0.16,0.39269908169872414,0.7271916346027661,-1.7091545238103414,9.81,1,1,8
2.5999999999999996,2.139205634035453,0.2987966531515122,1,downhill_step,2.1392056367756127,2.7401596547349527e-09,rolling,0.16,0.39269908169872414,0.7271916346027661,-1.7091545238103414,9.81,1,1,8
2.620000000000001,2.1513718286833177,0.29654539704322824,1,downhill_step,2.1513718312770944,2.593776748938126e-09,rolling,0.16,0.39269908169872414,0.7271916346027661,-1.7091545238103414,9.81,1,1,8
2.6400000000000006,2.163562051942896,0.29432810246944435,1,downhill_step,2.16356205282228,8.793841210774644e-10,rolling,0.16,0.39269908169872414,0.7271916346027661,-1.7091545238103414,9.81,1,1,8
2.66,2.175775896767234,0.2921439903974534,1,downhill_step,2.1757758975621906,7.949565450360296e-10,rolling,0.16,0.39269908169872414,0.7271916346027661,-1.7091545238103414,9.81,1,1,8
2.6799999999999997,2.188012966953395,0.2899923068284989,1,downhill_step,2.188012969891302,2.9379068067214575e-09,rolling,0.16,0.39269908169872414,0.7271916346027661,-1.7091545238103414,9.81,1,1,8
2.700000000000001,2.200272880960258,0.28787232279777536,1,downhill_step,2.2002728822608706,1.3006125065828655e-09,rolling,0.16,0.39269908169872414,0.7271916346027661,-1.7091545238103414,9.81,1,1,8
2.7200000000000006,2.2125552540671674,0.28578332901000986,1,downhill_step,2.2125552549964844,9.293170677437956e-10,rolling,0.16,0.39269908169872414,0.7271916346027661,-1.7091545238103414,9.81,1,1,8
2.74,2.224859714226878,0.2837246388196946,1,downhill_step,2.224859716119773,1.8928951739383137e-09,rolling,0.16,0.39269908169872414,0.7271916346027661,-1.7091545238103414,9.81,1,1,8
2.76,2.237185899668419,0.28169558703899394,1,downhill_step,2.237185901174186,1.5057670665896694e-09,rolling,0.16,0.39269908169872414,0.7271916346027661,-1.7091545238103414,9.81,1,1,8
2.7799999999999994,2.2495334509020113,0.279695526957512,1,downhill_step,2.249533453054778,2.1527668536691635e-09,rolling,0.16,0.39269908169872414,0.7271916346027661,-1.7091545238103414,9.81,1,1,8
2.8000000000000007,2.261902019873599,0.2777238321304322,1,downhill_step,2.2619020218419186,1.9683197294284582e-09,rolling,0.16,0.39269908169872414,0.7271916346027661,-1.7091545238103414,9.81,1,1,8
2.8200000000000003,2.2742912629803484,0.27577989399433145,1,downhill_step,2.2742912646388453,1.6584968953736734e-09,rolling,0.16,0.39269908169872414,0.7271916346027661,-1.7091545238103414,9.81,1,1,8
2.84,2.2867008425916557,0.2738631212711335,1,downhill_step,2.286700845413006,2.8213502645257904e-09,rolling,0.16,0.39269908169872414,0.7271916346027661,-1.7091545238103414,9.81,1,1,8
2.8599999999999994,2.299130432934126,0.2719729411602021,1,downhill_step,2.299130434841085,1.9069590351250554e-09,rolling,0.16,0.39269908169872414,0.7271916346027661,-1.7091545238103414,9.81,1,1,8
2.880000000000001,2.311579707058836,0.2701087951660157,1,downhill_step,2.311579710157657,3.098821199642998e-09,rolling,0.16,0.39269908169872414,0.7271916346027661,-1.7091545238103414,9.81,1,1,8
2.9000000000000004,2.324048352320808,0.26827014267444615,1,downhill_step,2.3240483550073905,2.686582512012592e-09,rolling,0.16,0.39269908169872414,0.7271916346027661,-1.7091545238103414,9.81,1,1,8
2.92,2.3365360579107652,0.26645645737648016,1,downhill_step,2.336536059300724,1.3899588147125996e-09,rolling,0.16,0.39269908169872414,0.7271916346027661,-1.7091545238103414,9.81,1,1,8
2.9399999999999995,2.349042516249823,0.26466722667217263,1,downhill_step,2.3490425190729427,2.823119515937833e-09,rolling,0.16,0.39269908169872414,0.7271916346027661,-1.7091545238103414,9.81,1,1,8
2.960000000000001,2.3615674348888605,0.26290195465087896,1,downhill_step,2.36156743634658,1.4577197227083616e-09,rolling,0.16,0.39269908169872414,0.7271916346027661,-1.7091545238103414,9.81,1,1,8
2.9800000000000004,2.3741105164733423,0.2611601561307908,1,downhill_step,2.3741105189970746,2.523732334225315e-09,rolling,0.16,0.39269908169872414,0.7271916346027661,-1.7091545238103414,9.81,1,1,8
3.0,2.3866714779030307,0.25944136142730717,1,downhill_step,2.386671480621612,2.718581360028338e-09,rolling,0.16,0.39269908169872414,0.7271916346027661,-1.7091545238103414,9.81,1,1,8
3.0199999999999996,2.3992500385188196,0.2577451127767563,1,downhill_step,2.3992500404110775,1.892257905922179e-09,rolling,0.16,0.39269908169872414,0.7271916346027661,-1.7091545238103414,9.81,1,1,8
3.040000000000001,2.4118459214408863,0.2560709643363953,1,downhill_step,2.4118459230250506,1.5841643552505502e-09,rolling,0.16,0.39269908169872414,0.7271916346027661,-1.7091545238103414,9.81,1,1,8
3.0600000000000005,2.4244588557253066,0.25441848218441016,1,downhill_step,2.4244588584697735,2.7444668759812885e-09,rolling,0.16,0.39269908169872414,0.7271916346027661,-1.7091545238103414,9.81,1,1,8
3.08,2.43708857941615,0.2527872449159623,1,downhill_step,2.4370885819790296,2.5628796862520176e-09,rolling,0.16,0.39269908169872414,0.7271916346027661,-1.7091545238103414,9.81,1,1,8
3.0999999999999996,2.449734832164639,0.25117684125900275,1,downhill_step,2.449734833897856,1.7332171253769957e-09,rolling,0.16,0.39269908169872414,0.7271916346027661,-1.7091545238103414,9.81,1,1,8
3.120000000000001,2.462397356605475,0.24958687007427222,1,downhill_step,2.462397359569036,2.963560952196076e-09,rolling,0.16,0.39269908169872414,0.7271916346027661,-1.7091545238103414,9.81,1,1,8
3.1400000000000006,2.475075908042409,0.24801694273948677,1,downhill_step,2.475075909222293,1.179883746260657e-09,rolling,0.16,0.39269908169872414,0.7271916346027661,-1.7091545238103414,9.81,1,1,8
3.16,2.487770235653824,0.24646667778491982,1,downhill_step,2.4877702378661413,2.2123174403532175e-09,rolling,0.16,0.39269908169872414,0.7271916346027661,-1.7091545238103414,9.81,1,1,8
3.1799999999999997,2.500480104032165,0.2449357062578202,1,downhill_step,2.5004801051823136,1.1501484209475166e-09,rolling,0.16,0.39269908169872414,0.7271916346027661,-1.7091545238103414,9.81,1,1,8
3.200000000000001,2.5132052741918485,0.24342366635799415,1,downhill_step,2.513205275422714,1.230865631640654e-09,rolling,0.16,0.39269908169872414,0.7271916346027661,-1.7091545238103414,9.81,1,1,8
3.2200000000000006,2.525945515428363,0.2419302064180375,1,downhill_step,2.5259455173088274,1.880464228776191e-09,rolling,0.16,0.39269908169872414,0.7271916346027661,-1.7091545238103414,9.81,1,1,8
3.24,2.538700601941556,0.24045498371124274,1,downhill_step,2.5387006039335476,1.991991460670306e-09,rolling,0.16,0.39269908169872414,0.7271916346027661,-1.7091545238103414,9.81,1,1,8
3.26,2.5514703097153184,0.2389976632595063,1,downhill_step,2.5514703126653377,2.950019339920118e-09,rolling,0.16,0.39269908169872414,0.7271916346027661,-1.7091545238103414,9.81,1,1,8
3.2799999999999994,2.5642544229866946,0.23755791962146766,1,downhill_step,2.5642544250546893,2.067994664400885e-09,rolling,0.16,0.39269908169872414,0.7271916346027661,-1.7091545238103414,9.81,1,1,8
3.3000000000000007,2.577052725124209,0.2361354339122773,1,downhill_step,2.5770527267428114,1.6186025852960029e-09,rolling,0.16,0.39269908169872414,0.7271916346027661,-1.7091545238103414,9.81,1,1,8
3.3200000000000003,2.5898650058501076,0.2347298955917359,1,downhill_step,2.5898650073724996,1.5223919902496164e-09,rolling,0.16,0.39269908169872414,0.7271916346027661,-1.7091545238103414,9.81,1,1,8
3.34,2.6026910575085918,0.23334100127220161,1,downhill_step,2.6026910605011415,2.9925497635474585e-09,rolling,0.16,0.39269908169872414,0.7271916346027661,-1.7091545238103414,9.81,1,1,8
3.3599999999999994,2.6155306801628946,0.23196845591068274,1,downhill_step,2.6155306835157863,3.3528917420255766e-09,rolling,0.16,0.39269908169872414,0.7271916346027661,-1.7091545238103414,9.81,1,1,8
3.380000000000001,2.6283836758096837,0.2306119710206986,1,downhill_step,2.6283836775502465,1.7405628049971256e-09,rolling,0.16,0.39269908169872414,0.7271916346027661,-1.7091545238103414,9.81,1,1,8
3.4000000000000004,2.6412498449726423,0.2292712634801865,1,downhill_step,2.6412498474041715,2.4315292002086153e-09,rolling,0.16,0.39269908169872414,0.7271916346027661,-1.7091545238103414,9.81,1,1,8
3.42,2.65412899973264,0.2279460591077805,1,downhill_step,2.65412900146405,1.7314101263821158e-09,rolling,0.16,0.39269908169872414,0.7271916346027661,-1.7091545238103414,9.81,1,1,8
3.4399999999999995,2.6670209496164734,0.2266360884904862,1,downhill_step,2.667020951626094,2.009620470033724e-09,rolling,0.16,0.39269908169872414,0.7271916346027661,-1.7091545238103414,9.81,1,1,8
3.460000000000001,2.6799255111176303,0.22534108936786656,1,downhill_step,2.6799255132209474,2.1033170760631492e-09,rolling,0.16,0.39269908169872414,0.7271916346027661,-1.7091545238103414,9.81,1,1,8
3.4800000000000004,2.6928425015262256,0.22406080484390264,1,downhill_step,2.6928425049401903,3.4139646665209966e-09,rolling,0.16,0.39269908169872414,0.7271916346027661,-1.7091545238103414,9.81,1,1,8
3.5,2.7057717460170574,0.2227949851751328,1,downhill_step,2.7057717487645845,2.7475270947263652e-09,rolling,0.16,0.39269908169872414,0.7271916346027661,-1.7091545238103414,9.81,1,1,8
3.5199999999999996,2.7187130673512323,0.2215433847904206,1,downhill_step,2.718713069894018,2.542785537684722e-09,rolling,0.16,0.39269908169872414,0.7271916346027661,-1.7091545238103414,9.81,1,1,8
3.540000000000001,2.731666295092748,0.22030576467514043,1,downhill_step,2.7316662966791094,1.5863612645716785e-09,rolling,0.16,0.39269908169872414,0.7271916346027661,-1.7091545238103414,9.81,1,1,8
3.5600000000000005,2.744631257742364,0.21908188998699193,1,downhill_step,2.7446312605544225,2.8120585859880975e-09,rolling,0.16,0.39269908169872414,0.7271916346027661,-1.7091545238103414,9.81,1,1,8
3.58,2.757607793134419,0.21787153303623205,1,downhill_step,2.75760779597327,2.8388509321075617e-09,rolling,0.16,0.39269908169872414,0.7271916346027661,-1.7091545238103414,9.81,1,1,8
3.5999999999999996,2.770595738991548,0.21667447030544285,1,downhill_step,2.7705957403440427,1.3524945607912287e-09,rolling,0.16,0.39269908169872414,0.7271916346027661,-1.7091545238103414,9.81,1,1,8
3.620000000000001,2.7835949310400276,0.21549048185348516,1,downhill_step,2.783594933968044,2.928016495928887e-09,rolling,0.16,0.39269908169872414,0.7271916346027661,-1.7091545238103414,9.81,1,1,8
3.6400000000000006,2.79660521852215,0.21431935548782352,1,downhill_step,2.7966052199787796,1.4566294836981797e-09,rolling,0.16,0.39269908169872414,0.7271916346027661,-1.7091545238103414,9.81,1,1,8
3.66,2.80962644074865,0.2131608802080155,1,downhill_step,2.8096264442826837,3.534033510277368e-09,rolling,0.16,0.39269908169872414,0.7271916346027661,-1.7091545238103414,9.81,1,1,8
3.6799999999999997,2.8226584535599892,0.21201485335826878,1,downhill_step,2.822658455501224,1.941234728519703e-09,rolling,0.16,0.39269908169872414,0.7271916346027661,-1.7091545238103414,9.81,1,1,8
3.700000000000001,2.8357011015078233,0.21088107287883764,1,downhill_step,2.8357011049143668,3.4065434917351922e-09,rolling,0.16,0.39269908169872414,0.7271916346027661,-1.7091545238103414,9.81,1,1,8
3.7200000000000006,2.8487542443824947,0.20975934445858005,1,downhill_step,2.848754246405358,2.0228632102714528e-09,rolling,0.16,0.39269908169872414,0.7271916346027661,-1.7091545238103414,9.81,1,1,8
3.74,2.8618177336656596,0.208649474978447,1,downhill_step,2.861817736406803,2.7411433123347706e-09,rolling,0.16,0.39269908169872414,0.7271916346027661,-1.7091545238103414,9.81,1,1,8
3.76,2.8748914318545107,0.2075512778759003,1,downhill_step,2.8748914338479907,1.9934800477017234e-09,rolling,0.16,0.39269908169872414,0.7271916346027661,-1.7091545238103414,9.81,1,1,8
3.7799999999999994,2.8879751985460893,0.20646456897258764,1,downhill_step,2.8879752001034484,1.5573591305440004e-09,rolling,0.16,0.39269908169872414,0.7271916346027661,-1.7091545238103414,9.81,1,1,8
3.8000000000000007,2.9010688968558744,0.20538916826248171,1,downhill_step,2.9010688989426914,2.08681694147117e-09,rolling,0.16,0.39269908169872414,0.7271916346027661,-1.7091545238103414,9.81,1,1,8
3.8200000000000003,2.9141723937422843,0.20432489991188052,1,downhill_step,2.9141723964811277,2.738843374316957e-09,rolling,0.16,0.39269908169872414,0.7271916346027661,-1.7091545238103414,9.81,1,1,8
3.84,2.927285558149647,0.20327159166336065,1,downhill_step,2.9272855611321145,2.9824676062162325e-09,rolling,0.16,0.39269908169872414,0.7271916346027661,-1.7091545238103414,9.81,1,1,8
3.8599999999999994,2.9404082613112905,0.20222907483577732,1,downhill_step,2.9404082635601054,2.248814912064745e-09,rolling,0.16,0.39269908169872414,0.7271916346027661,-1.7091545238103414,9.81,1,1,8
3.880000000000001,2.953540372701329,0.20119718313217166,1,downhill_step,2.9535403766348884,3.9335592560973964e-09,rolling,0.16,0.39269908169872414,0.7271916346027661,-1.7091545238103414,9.81,1,1,8
3.9000000000000004,2.966681773341674,0.20017575621604924,1,downhill_step,2.9666817753868644,2.0451902393858745e-09,rolling,0.16,0.39269908169872414,0.7271916346027661,-1.7091545238103414,9.81,1,1,8
3.92,2.979832334680504,0.19916463375091556,1,downhill_step,2.979832336963366,2.2828623436055295e-09,rolling,0.16,0.39269908169872414,0.7271916346027661,-1.7091545238103414,9.81,1,1,8
3.9399999999999995,2.992991937405887,0.19816366076469424,1,downhill_step,2.9929919405859673,3.1800801991721528e-09,rolling,0.16,0.39269908169872414,0.7271916346027661,-1.7091545238103414,9.81,1,1,8
3.960000000000001,3.0061604640217987,0.1971726852655411,1,downhill_step,3.0061604675087725,3.4869738207987666e-09,rolling,0.16,0.39269908169872414,0.7271916346027661,-1.7091545238103414,9.81,1,1,8
3.9800000000000004,3.0193377988386483,0.1961915582418442,1,downhill_step,3.019337800977651,2.1390027526990707e-09,rolling,0.16,0.39269908169872414,0.7271916346027661,-1.7091545238103414,9.81,1,1,8
4.0,3.0325238237936882,0.19522013247013095,1,downhill_step,3.0325238261904155,2.3967272611002954e-09,rolling,0.16,0.39269908169872414,0.7271916346027661,-1.7091545238103414,9.81,1,1,8
4.02,3.045718427366501,0.19425826489925388,1,downhill_step,3.0457184302578852,2.891384465186775e-09,rolling,0.16,0.39269908169872414,0.7271916346027661,-1.7091545238103414,9.81,1,1,8
4.040000000000001,3.058921498292853,0.19330581486225132,1,downhill_step,3.0589215021658474,3.872994369658045e-09,rolling,0.16,0.39269908169872414,0.7271916346027661,-1.7091545238103414,9.81,1,1,8
4.0600000000000005,3.0721329301244547,0.19236264526844027,1,downhill_step,3.0721329327378655,2.6134108210840168e-09,rolling,0.16,0.39269908169872414,0.7271916346027661,-1.7091545238103414,9.81,1,1,8
4.08,3.085352610587604,0.19142861962318422,1,downhill_step,3.0853526145989463,4.011342369381055e-09,rolling,0.16,0.39269908169872414,0.7271916346027661,-1.7091545238103414,9.81,1,1,8
4.1,3.0985804391531833,0.19050360679626469,1,downhill_step,3.0985804421400065,2.986823233186442e-09,rolling,0.16,0.39269908169872414,0.7271916346027661,-1.7091545238103414,9.81,1,1,8
4.120000000000001,3.111816307876327,0.1895874756574631,1,downhill_step,3.1118163114831443,3.606817511325744e-09,rolling,0.16,0.39269908169872414,0.7271916346027661,-1.7091545238103414,9.81,1,1,8
4.140000000000001,3.1250601185476885,0.1886800998449326,1,downhill_step,3.1250601204476944,1.900005930366433e-09,rolling,0.16,0.39269908169872414,0.7271916346027661,-1.7091545238103414,9.81,1,1,8
4.16,3.138311765576794,0.1877813529968262,1,downhill_step,3.1383117685170414,2.9402476009465772e-09,rolling,0.16,0.39269908169872414,0.7271916346027661,-1.7091545238103414,9.81,1,1,8
4.18,3.151571153954181,0.1868911135196686,1,downhill_step,3.1515711568061664,2.851985314578087e-09,rolling,0.16,0.39269908169872414,0.7271916346027661,-1.7091545238103414,9.81,1,1,8
4.200000000000001,3.164838186147494,0.18600926101207735,1,downhill_step,3.164838188029928,1.8824342085110857e-09,rolling,0.16,0.39269908169872414,0.7271916346027661,-1.7091545238103414,9.81,1,1,8
4.220000000000001,3.178112764442621,0.18513567686080934,1,downhill_step,3.1781127664720397,2.0294188551872594e-09,rolling,0.16,0.39269908169872414,0.7271916346027661,-1.7091545238103414,9.81,1,1,8
4.24,3.1913947954503707,0.18427024543285372,1,downhill_step,3.1913947979547372,2.5043664919621733e-09,rolling,0.16,0.39269908169872414,0.7271916346027661,-1.7091545238103414,9.81,1,1,8
4.26,3.204684185925741,0.18341285288333894,1,downhill_step,3.2046841898091225,3.883381616276438e-09,rolling,0.16,0.39269908169872414,0.7271916346027661,-1.7091545238103414,9.81,1,1,8
4.280000000000001,3.2179808472648546,0.18256338834762575,1,downhill_step,3.217980850846158,3.5813032539522283e-09,rolling,0.16,0.39269908169872414,0.7271916346027661,-1.7091545238103414,9.81,1,1,8
4.300000000000001,3.2312846891442666,0.18172174215316775,1,downhill_step,3.2312846913282898,2.1840231845260405e-09,rolling,0.16,0.39269908169872414,0.7271916346027661,-1.7091545238103414,9.81,1,1,8
4.32,3.244595619667648,0.18088780581951144,1,downhill_step,3.2445956229417185,3.274070348169289e-09,rolling,0.16,0.39269908169872414,0.7271916346027661,-1.7091545238103414,9.81,1,1,8
4.34,3.2579135563612334,0.18006147503852846,1,downhill_step,3.257913558769256,2.4080226701528318e-09,rolling,0.16,0.39269908169872414,0.7271916346027661,-1.7091545238103414,9.81,1,1,8
4.359999999999999,3.2712384092714126,0.17924264490604402,1,downhill_step,3.2712384132637835,3.99237087833626e-09,rolling,0.16,0.39269908169872414,0.7271916346027661,-1.7091545238103414,9.81,1,1,8
4.380000000000001,3.2845700995905887,0.17843121528625489,1,downhill_step,3.284570102222293,2.6317041879053704e-09,rolling,0.16,0.39269908169872414,0.7271916346027661,-1.7091545238103414,9.81,1,1,8
4.4,3.2979085391904674,0.17762708485126497,1,downhill_step,3.2979085427604806,3.57001317397021e-09,rolling,0.16,0.39269908169872414,0.7271916346027661,-1.7091545238103414,9.81,1,1,8
4.42,3.3112536499200464,0.17683015644550326,1,downhill_step,3.3112536532879138,3.3678673183601404e-09,rolling,0.16,0.39269908169872414,0.7271916346027661,-1.7091545238103414,9.81,1,1,8
4.4399999999999995,3.324605350674529,0.1760403335094452,1,downhill_step,3.324605353483712,2.8091831083543184e-09,rolling,0.16,0.39269908169872414,0.7271916346027661,-1.7091545238103414,9.81,1,1,8
4.460000000000001,3.337963561856319,0.17525752127170563,1,downhill_step,3.337963564272768,2.416448818820527e-09,rolling,0.16,0.39269908169872414,0.7271916346027661,-1.7091545238103414,9.81,1,1,8
4.48,3.351328205491436,0.17448162674903872,1,downhill_step,3.351328207802476,2.311040248059726e-09,rolling,0.16,0.39269908169872414,0.7271916346027661,-1.7091545238103414,9.81,1,1,8
4.5,3.364699205342653,0.1737125587463379,1,downhill_step,3.3646992074199673,2.0773143205587985e-09,rolling,0.16,0.39269908169872414,0.7271916346027661,-1.7091545238103414,9.81,1,1,8
4.52,3.3780764848488594,0.17295022726058962,1,downhill_step,3.378076487649822,2.800962572990784e-09,rolling,0.16,0.39269908169872414,0.7271916346027661,-1.7091545238103414,9.81,1,1,8
4.540000000000001,3.391459971573208,0.17219454467296602,1,downhill_step,3.391459974172268,2.599060078267712e-09,rolling,0.16,0.39269908169872414,0.7271916346027661,-1.7091545238103414,9.81,1,1,8
4.5600000000000005,3.4048495907952434,0.17144542396068574,1,downhill_step,3.4048495938018406,3.0065971934334357e-09,rolling,0.16,0.39269908169872414,0.7271916346027661,-1.7091545238103414,9.81,1,1,8
4.58,3.418245269953231,0.17070277988910676,1,downhill_step,3.4182452744665004,4.5132693138327795e-09,rolling,0.16,0.39269908169872414,0.7271916346027661,-1.7091545238103414,9.81,1,1,8
4.6,3.431646940930734,0.16996652960777284,1,downhill_step,3.4316469451871874,4.256453411954908e-09,rolling,0.16,0.39269908169872414,0.7271916346027661,-1.7091545238103414,9.81,1,1,8
4.620000000000001,3.4450545317323233,0.16923659026622773,1,downhill_step,3.4450545360578206,4.325497293677927e-09,rolling,0.16,0.39269908169872414,0.7271916346027661,-1.7091545238103414,9.81,1,1,8
4.640000000000001,3.4584679742791375,0.168512881398201,1,downhill_step,3.4584679782257,3.946562632251016e-09,rolling,0.16,0.39269908169872414,0.7271916346027661,-1.7091545238103414,9.81,1,1,8
4.66,3.471887201278963,0.16779532372951508,1,downhill_step,3.4718872038723494,2.5933863945226676e-09,rolling,0.16,0.39269908169872414,0.7271916346027661,-1.7091545238103414,9.81,1,1,8
4.68,3.4853121437190078,0.16708383858203887,1,downhill_step,3.485312146194736,2.4757280669973625e-09,rolling,0.16,0.39269908169872414,0.7271916346027661,-1.7091545238103414,9.81,1,1,8
4.700000000000001,3.498742735293034,0.16637834906578064,1,downhill_step,3.4987427393869015,4.093867467247492e-09,rolling,0.16,0.39269908169872414,0.7271916346027661,-1.7091545238103414,9.81,1,1,8
4.720000000000001,3.5121789146555673,0.16567878067493438,1,downhill_step,3.5121789186219656,3.966398320898179e-09,rolling,0.16,0.39269908169872414,0.7271916346027661,-1.7091545238103414,9.81,1,1,8
4.74,3.5256206168208903,0.16498505890369417,1,downhill_step,3.5256206200345153,3.213624921727387e-09,rolling,0.16,0.39269908169872414,0.7271916346027661,-1.7091545238103414,9.81,1,1,8
4.76,3.539067777583495,0.16429711043834686,1,downhill_step,3.5390677807033533,3.1198581496028055e-09,rolling,0.16,0.39269908169872414,0.7271916346027661,-1.7091545238103414,9.81,1,1,8
4.780000000000001,3.552520335765894,0.1636148637533188,1,downhill_step,3.55252033863461,2.8687159314699784e-09,rolling,0.16,0.39269908169872414,0.7271916346027661,-1.7091545238103414,9.81,1,1,8
4.800000000000001,3.5659782289525377,0.16293824791908265,1,downhill_step,3.565978232745197,3.792659519774588e-09,rolling,0.16,0.39269908169872414,0.7271916346027661,-1.7091545238103414,9.81,1,1,8
4.82,3.579441400074882,0.16226719439029694,1,downhill_step,3.5794414028466175,2.771735285733712e-09,rolling,0.16,0.39269908169872414,0.7271916346027661,-1.7091545238103414,9.81,1,1,8
4.84,3.592909786629621,0.16160163402557373,1,downhill_step,3.5929097896290907,2.999469561615342e-09,rolling,0.16,0.39269908169872414,0.7271916346027661,-1.7091545238103414,9.81,1,1,8
4.859999999999999,3.606383331601232,0.16094150006771088,1,downhill_step,3.6063833346460212,3.044789309569751e-09,rolling,0.16,0.39269908169872414,0.7271916346027661,-1.7091545238103414,9.81,1,1,8
4.880000000000001,3.6198619770178246,0.1602867263555527,1,downhill_step,3.619861980298774,3.2809492900298665e-09,rolling,0.16,0.39269908169872414,0.7271916346027661,-1.7091545238103414,9.81,1,1,8
4.9,3.633345666381785,0.1596372479200363,1,downhill_step,3.6333456698217637,3.4399785242555936e-09,rolling,0.16,0.39269908169872414,0.7271916346027661,-1.7091545238103414,9.81,1,1,8
4.92,3.646834344241573,0.1589930009841919,1,downhill_step,3.646834347267854,3.02628100357083e-09,rolling,0.16,0.39269908169872414,0.7271916346027661,-1.7091545238103414,9.81,1,1,8
4.9399999999999995,3.6603279543293348,0.15835392236709595,1,downhill_step,3.660327957494049,3.1647142684221308e-09,rolling,0.16,0.39269908169872414,0.7271916346027661,-1.7091545238103414,9.81,1,1,8
4.960000000000001,3.673826442016024,0.1577199500799179,1,downhill_step,3.673826446147472,4.1314480725418434e-09,rolling,0.16,0.39269908169872414,0.7271916346027661,-1.7091545238103414,9.81,1,1,8
4.98,3.68732975636848,0.15709102392196655,1,downhill_step,3.6873297596516315,3.283151528421513e-09,rolling,0.16,0.39269908169872414,0.7271916346027661,-1.7091545238103414,9.81,1,1,8
5.0,3.7008378415251437,0.1564670830965042,1,downhill_step,3.700837845192971,3.6678273751533652e-09,rolling,0.16,0.39269908169872414,0.7271916346027661,-1.7091545238103414,9.81,1,1,8
5.02,3.714350647605804,0.155848069190979,1,downhill_step,3.714350650707678,3.1018738688715075e-09,rolling,0.16,0.39269908169872414,0.7271916346027661,-1.7091545238103414,9.81,1,1,8
5.040000000000001,3.7278681220844625,0.15523392379283904,1,downhill_step,3.7278681248687646,2.784302122194049e-09,rolling,0.16,0.39269908169872414,0.7271916346027661,-1.7091545238103414,9.81,1,1,8
5.0600000000000005,3.741390214184491,0.15462458968162537,1,downhill_step,3.7413902170734024,2.88891133237712e-09,rolling,0.16,0.39269908169872414,0.7271916346027661,-1.7091545238103414,9.81,1,1,8
5.08,3.754916874931244,0.15402001082897185,1,downhill_step,3.754916877430519,2.4992750091712423e-09,rolling,0.16,0.39269908169872414,0.7271916346027661,-1.7091545238103414,9.81,1,1,8
5.1,3.768448052862169,0.15342013120651243,1,downhill_step,3.768448056748634,3.886464927660427e-09,rolling,0.16,0.39269908169872414,0.7271916346027661,-1.7091545238103414,9.81,1,1,8
5.120000000000001,3.781983702759326,0.15282489717006684,1,downhill_step,3.78198370652394,3.764613953904927e-09,rolling,0.16,0.39269908169872414,0.7271916346027661,-1.7091545238103414,9.81,1,1,8
5.140000000000001,3.7955237748451798,0.15223425447940825,1,downhill_step,3.795523778928616,4.083436255797324e-09,rolling,0.16,0.39269908169872414,0.7271916346027661,-1.7091545238103414,9.81,1,1,8
5.16,3.809068223512755,0.15164815068244933,1,downhill_step,3.8090682267993783,3.2866234178641207e-09,rolling,0.16,0.39269908169872414,0.7271916346027661,-1.7091545238103414,9.81,1,1,8
5.18,3.82261699868971,0.15106653273105622,1,downhill_step,3.8226170036262532,4.93654317423875e-09,rolling,0.16,0.39269908169872414,0.7271916346027661,-1.7091545238103414,9.81,1,1,8
5.200000000000001,3.8361700589074355,0.15048935055732726,1,downhill_step,3.8361700635415743,4.6341388504345105e-09,rolling,0.16,0.39269908169872414,0.7271916346027661,-1.7091545238103414,9.81,1,1,8
5.220000000000001,3.849727356202274,0.14991655290126799,1,downhill_step,3.8497273613091822,5.10690822963511e-09,rolling,0.16,0.39269908169872414,0.7271916346027661,-1.7091545238103414,9.81,1,1,8
5.24,3.863288849286306,0.14934809088706968,1,downhill_step,3.8632888523138624,3.0275564277815192e-09,rolling,0.16,0.39269908169872414,0.7271916346027661,-1.7091545238103414,9.81,1,1,8
5.26,3.8768544898838213,0.14878391444683073,1,downhill_step,3.8768544925509594,2.667138065959307e-09,rolling,0.16,0.39269908169872414,0.7271916346027661,-1.7091545238103414,9.81,1,1,8
5.280000000000001,3.890424234484797,0.14822397530078887,1,downhill_step,3.8904242386162156,4.131418762653993e-09,rolling,0.16,0.39269908169872414,0.7271916346027661,-1.7091545238103414,9.81,1,1,8
5.300000000000001,3.903998044051501,0.14766822695732115,1,downhill_step,3.903998047695793,3.6442919792989414e-09,rolling,0.16,0.39269908169872414,0.7271916346027661,-1.7091545238103414,9.81,1,1,8
5.32,3.9175758732048642,0.14711662173271178,1,downhill_step,3.917575877556497,4.351632831856023e-09,rolling,0.16,0.39269908169872414,0.7271916346027661,-1.7091545238103414,9.81,1,1,8
5.34,3.931157683286647,0.14656911432743072,1,downhill_step,3.9311576865361886,3.2495415247524306e-09,rolling,0.16,0.39269908169872414,0.7271916346027661,-1.7091545238103414,9.81,1,1,8
5.359999999999999,3.94474342937338,0.14602565824985503,1,downhill_step,3.944743433534373,4.160993327673168e-09,rolling,0.16,0.39269908169872414,0.7271916346027661,-1.7091545238103414,9.81,1,1,8
5.380000000000001,3.9583330733367763,0.14548620939254758,1,downhill_step,3.958333078002982,4.666205644099364e-09,rolling,0.16,0.39269908169872414,0.7271916346027661,-1.7091545238103414,9.81,1,1,8
5.4,3.9719265751971755,0.14495072364807127,1,downhill_step,3.971926579937318,4.7401425007365106e-09,rolling,0.16,0.39269908169872414,0.7271916346027661,-1.7091545238103414,9.81,1,1,8
5.42,3.9855238953292473,0.1444191575050354,1,downhill_step,3.985523899867188,4.537940689886e-09,rolling,0.16,0.39269908169872414,0.7271916346027661,-1.7091545238103414,9.81,1,1,8
5.4399999999999995,3.9991249944962513,0.1438914680480957,1,downhill_step,3.9991249988481927,4.3519414738568685e-09,rolling,0.16,0.39269908169872414,0.7271916346027661,-1.7091545238103414,9.81,1,1,8
5.460000000000001,4.0127298338835455,0.1433676129579544,1,downhill_step,4.01272983845319,4.569644218577196e-09,rolling,0.16,0.39269908169872414,0.7271916346027661,-1.7091545238103414,9.81,1,1,8
5.48,4.026338377301931,0.1428475511074066,1,downhill_step,4.026338380763912,3.461980924157615e-09,rolling,0.16,0.39269908169872414,0.7271916346027661,-1.7091545238103414,9.81,1,1,8
5.5,4.039950584707823,0.14233124077320097,1,downhill_step,4.039950588362753,3.6549305804101095e-09,rolling,0.16,0.39269908169872414,0.7271916346027661,-1.7091545238103414,9.81,1,1,8
5.52,4.053566420916974,0.1418186420202255,1,downhill_step,4.0535664243247025,3.407728321747072e-09,rolling,0.16,0.39269908169872414,0.7271916346027661,-1.7091545238103414,9.81,1,1,8
5.540000000000001,4.067185846952632,0.14130971431732176,1,downhill_step,4.067185852209432,5.256800328368172e-09,rolling,0.16,0.39269908169872414,0.7271916346027661,-1.7091545238103414,9.81,1,1,8
5.5600000000000005,4.080808830928476,0.14080441951751707,1,downhill_step,4.080808836053529,5.1250532706603735e-09,rolling,0.16,0.39269908169872414,0.7271916346027661,-1.7091545238103414,9.81,1,1,8
5.58,4.0944353350542,0.1403027182817459,1,downhill_step,4.094435340362888,5.308687711647053e-09,rolling,0.16,0.39269908169872414,0.7271916346027661,-1.7091545238103414,9.81,1,1,8
5.6,4.1080653266457725,0.139804573059082,1,downhill_step,4.108065330105226,3.4594531683751484e-09,rolling,0.16,0.39269908169872414,0.7271916346027661,-1.7091545238103414,9.81,1,1,8
5.620000000000001,4.121698767071762,0.13930994510650632,1,downhill_step,4.121698770702751,3.630988842928673e-09,rolling,0.16,0.39269908169872414,0.7271916346027661,-1.7091545238103414,9.81,1,1,8
5.640000000000001,4.135335624666326,0.13881879806518552,1,downhill_step,4.135335628024957,3.358630706884469e-09,rolling,0.16,0.39269908169872414,0.7271916346027661,-1.7091545238103414,9.81,1,1,8
5.66,4.148975864358254,0.13833109498023985,1,downhill_step,4.148975868381565,4.023310573586514e-09,rolling,0.16,0.39269908169872414,0.7271916346027661,-1.7091545238103414,9.81,1,1,8
5.68,4.162619453990565,0.13784680008888242,1,downhill_step,4.162619458515582,4.525016805700943e-09,rolling,0.16,0.39269908169872414,0.7271916346027661,-1.7091545238103414,9.81,1,1,8
5.700000000000001,4.17626636217553,0.13736587822437285,1,downhill_step,4.176266365596495,3.420965732914283e-09,rolling,0.16,0.39269908169872414,0.7271916346027661,-1.7091545238103414,9.81,1,1,8
5.720000000000001,4.18991655397853,0.13688829362392424,1,downhill_step,4.1899165572135875,3.235057555173171e-09,rolling,0.16,0.39269908169872414,0.7271916346027661,-1.7091545238103414,9.81,1,1,8
5.74,4.203569997454445,0.13641401171684261,1,downhill_step,4.203570001369378,3.914933266457865e-09,rolling,0.16,0.39269908169872414,0.7271916346027661,-1.7091545238103414,9.81,1,1,8
5.76,4.217226663671666,0.13594299912452695,1,downhill_step,4.217226666473188,2.801521681305985e-09,rolling,0.16,0.39269908169872414,0.7271916346027661,-1.7091545238103414,9.81,1,1,8
5.780000000000001,4.230886518053149,0.13547522127628325,1,downhill_step,4.230886521334809,3.2816602768548364e-09,rolling,0.16,0.39269908169872414,0.7271916346027661,-1.7091545238103414,9.81,1,1,8
5.800000000000001,4.2445495312524795,0.13501064538955687,1,downhill_step,4.244549535158303,3.905823220407001e-09,rolling,0.16,0.39269908169872414,0.7271916346027661,-1.7091545238103414,9.81,1,1,8
5.82,4.258215672664562,0.1345492386817932,1,downhill_step,4.258215677535905,4.871342440537774e-09,rolling,0.16,0.39269908169872414,0.7271916346027661,-1.7091545238103414,9.81,1,1,8
5.84,4.271884914788864,0.1340909695625305,1,downhill_step,4.27188491844204,3.653175539852782e-09,rolling,0.16,0.39269908169872414,0.7271916346027661,-1.7091545238103414,9.81,1,1,8
5.859999999999999,4.285557224568573,0.13363580524921415,1,downhill_step,4.285557228227451,3.658877645307257e-09,rolling,0.16,0.39269908169872414,0.7271916346027661,-1.7091545238103414,9.81,1,1,8
5.880000000000001,4.299232574264751,0.13318371474742888,1,downhill_step,4.299232577613424,3.348672450442791e-09,rolling,0.16,0.39269908169872414,0.7271916346027661,-1.7091545238103414,9.81,1,1,8
5.9,4.3129109327945905,0.13273466646671292,1,downhill_step,4.3129109376861186,4.891528071482298e-09,rolling,0.16,0.39269908169872414,0.7271916346027661,-1.7091545238103414,9.81,1,1,8
5.92,4.326592274434092,0.13228863060474394,1,downhill_step,4.326592279891018,5.456925578073424e-09,rolling,0.16,0.39269908169872414,0.7271916346027661,-1.7091545238103414,9.81,1,1,8
5.9399999999999995,4.340276572326086,0.1318455773591995,1,downhill_step,4.340276576027448,3.701361883656773e-09,rolling,0.16,0.39269908169872414,0.7271916346027661,-1.7091545238103414,9.81,1,1,8
5.960000000000001,4.353963794158405,0.13140547573566436,1,downhill_step,4.353963798243225,4.0848195936860066e-09,rolling,0.16,0.39269908169872414,0.7271916346027661,-1.7091545238103414,9.81,1,1,8
5.98,4.367653915206588,0.13096829712390898,1,downhill_step,4.3676539190293635,3.82277587362978e-09,rolling,0.16,0.39269908169872414,0.7271916346027661,-1.7091545238103414,9.81,1,1,8
6.0,4.381346907499447,0.13053401231765746,1,downhill_step,4.381346911214925,3.715477703281067e-09,rolling,0.16,0.39269908169872414,0.7271916346027661,-1.7091545238103414,9.81,1,1,8
