theta_index,theta_dot_index,theta0,theta_dot0,relative_angle,classification,final_time,final_theta,final_theta_dot,total_impacts,downhill_impacts,uphill_impacts,rolling_speed,gamma,alpha,gravity,length,mass,num_spokes,num_angles,num_speeds,minimum_speed,maximum_speed,timestep,max_time,retry_time,impact_time_tolerance,remaining_time_tolerance,convergence_impacts,speed_tolerance,cache_version,original_source_csv,original_grid_rolling_percent
0,0,-0.13269908169872413,-3.0,-1.0,settled,0.9600000000000006,-0.13269908169872413,0.0,3,1,2,nan,0.26,0.39269908169872414,9.81,1,1,8,21,41,-3.0,3.0,0.01,30.0,60.0,1e-09,1e-12,6,0.0001,1,rimless_wheel_roa_gamma_0.260.csv,91.23533471359558
0,1,-0.13269908169872413,-2.85,-1.0,settled,1.6600000000000013,-0.13269908169872413,0.0,3,1,2,nan,0.26,0.39269908169872414,9.81,1,1,8,21,41,-3.0,3.0,0.01,30.0,60.0,1e-09,1e-12,6,0.0001,1,rimless_wheel_roa_gamma_0.260.csv,91.23533471359558
0,2,-0.13269908169872413,-2.7,-1.0,rolling,7.629999999999882,-0.12681503841787242,1.9609936826395777,19,18,1,1.964761125532766,0.26,0.39269908169872414,9.81,1,1,8,21,41,-3.0,3.0,0.01,30.0,60.0,1e-09,1e-12,6,0.0001,1,rimless_wheel_roa_gamma_0.260.csv,91.23533471359558
0,3,-0.13269908169872413,-2.55,-1.0,rolling,7.429999999999886,-0.11586283987146272,1.9543503297699887,19,18,1,1.9647571116931264,0.26,0.39269908169872414,9.81,1,1,8,21,41,-3.0,3.0,0.01,30.0,60.0,1e-09,1e-12,6,0.0001,1,rimless_wheel_roa_gamma_0.260.csv,91.23533471359558
0,4,-0.13269908169872413,-2.4,-1.0,rolling,7.319999999999888,-0.1260385199656313,1.9605030693655636,19,18,1,1.9647533283279885,0.26,0.39269908169872414,9.81,1,1,8,21,41,-3.0,3.0,0.01,30.0,60.0,1e-09,1e-12,6,0.0001,1,rimless_wheel_roa_gamma_0.260.csv,91.23533471359558
0,5,-0.13269908169872413,-2.25,-1.0,rolling,7.25999999999989,-0.11956911990812716,1.9565333347985114,19,18,1,1.9647497743821025,0.26,0.39269908169872414,9.81,1,1,8,21,41,-3.0,3.0,0.01,30.0,60.0,1e-09,1e-12,6,0.0001,1,rimless_wheel_roa_gamma_0.260.csv,91.23533471359558
0,6,-0.13269908169872413,-2.1,-1.0,rolling,7.2199999999998905,-0.12111637133899303,1.9574641450041772,19,18,1,1.964746447485738,0.26,0.39269908169872414,9.81,1,1,8,21,41,-3.0,3.0,0.01,30.0,60.0,1e-09,1e-12,6,0.0001,1,rimless_wheel_roa_gamma_0.260.csv,91.23533471359558
0,7,-0.13269908169872413,-1.95,-1.0,rolling,7.199999999999891,-0.11692889852497665,1.9549703616250012,19,18,1,1.9647433512618362,0.26,0.39269908169872414,9.81,1,1,8,21,41,-3.0,3.0,0.01,30.0,60.0,1e-09,1e-12,6,0.0001,1,rimless_wheel_roa_gamma_0.260.csv,91.23533471359558
0,8,-0.13269908169872413,-1.8,-1.0,rolling,7.189999999999891,-0.12087454319160611,1.9573172884108443,19,18,1,1.9647404843228309,0.26,0.39269908169872414,9.81,1,1,8,21,41,-3.0,3.0,0.01,30.0,60.0,1e-09,1e-12,6,0.0001,1,rimless_wheel_roa_gamma_0.260.csv,91.23533471359558
0,9,-0.13269908169872413,-1.6500000000000001,-1.0,rolling,7.189999999999891,-0.13188261605676704,1.9642587121889785,19,18,1,1.9647378480326392,0.26,0.39269908169872414,9.81,1,1,8,21,41,-3.0,3.0,0.01,30.0,60.0,1e-09,1e-12,6,0.0001,1,rimless_wheel_roa_gamma_0.260.csv,91.23533471359558
0,10,-0.13269908169872413,-1.5,-1.0,rolling,7.579999999999883,-0.12328580372775115,1.9587911594508927,20,19,1,1.964769056405129,0.26,0.39269908169872414,9.81,1,1,8,21,41,-3.0,3.0,0.01,30.0,60.0,1e-09,1e-12,6,0.0001,1,rimless_wheel_roa_gamma_0.260.csv,91.23533471359558
0,11,-0.13269908169872413,-1.35,-1.0,rolling,7.619999999999882,-0.12383015240600997,1.9591270120841058,20,19,1,1.9647679659715165,0.26,0.39269908169872414,9.81,1,1,8,21,41,-3.0,3.0,0.01,30.0,60.0,1e-09,1e-12,6,0.0001,1,rimless_wheel_roa_gamma_0.260.csv,91.23533471359558
0,12,-0.13269908169872413,-1.2000000000000002,-1.0,rolling,7.6899999999998805,-0.12456068191218132,1.9595800079809436,20,19,1,1.9647669915327632,0.26,0.39269908169872414,9.81,1,1,8,21,41,-3.0,3.0,0.01,30.0,60.0,1e-09,1e-12,6,0.0001,1,rimless_wheel_roa_gamma_0.260.csv,91.23533471359558
0,13,-0.13269908169872413,-1.05,-1.0,rolling,7.819999999999878,-0.12376015901551976,1.9590835624938003,20,19,1,1.9647661327890322,0.26,0.39269908169872414,9.81,1,1,8,21,41,-3.0,3.0,0.01,30.0,60.0,1e-09,1e-12,6,0.0001,1,rimless_wheel_roa_gamma_0.260.csv,91.23533471359558
0,14,-0.13269908169872413,-0.8999999999999999,-1.0,rolling,8.14999999999987,-0.12781593732570334,1.9616297418937587,20,19,1,1.9647653872733264,0.26,0.39269908169872414,9.81,1,1,8,21,41,-3.0,3.0,0.01,30.0,60.0,1e-09,1e-12,6,0.0001,1,rimless_wheel_roa_gamma_0.260.csv,91.23533471359558
0,15,-0.13269908169872413,-0.75,-1.0,settled,0.19000000000000003,-0.13269908169872413,0.0,2,1,1,nan,0.26,0.39269908169872414,9.81,1,1,8,21,41,-3.0,3.0,0.01,30.0,60.0,1e-09,1e-12,6,0.0001,1,rimless_wheel_roa_gamma_0.260.csv,91.23533471359558
0,16,-0.13269908169872413,-0.6000000000000001,-1.0,settled,0.15,-0.13269908169872413,0.0,2,1,1,nan,0.26,0.39269908169872414,9.81,1,1,8,21,41,-3.0,3.0,0.01,30.0,60.0,1e-09,1e-12,6,0.0001,1,rimless_wheel_roa_gamma_0.260.csv,91.23533471359558
0,17,-0.13269908169872413,-0.4500000000000002,-1.0,settled,0.10999999999999999,-0.13269908169872413,0.0,2,1,1,nan,0.26,0.39269908169872414,9.81,1,1,8,21,41,-3.0,3.0,0.01,30.0,60.0,1e-09,1e-12,6,0.0001,1,rimless_wheel_roa_gamma_0.260.csv,91.23533471359558
0,18,-0.13269908169872413,-0.30000000000000027,-1.0,settled,0.08,-0.13269908169872413,0.0,2,1,1,nan,0.26,0.39269908169872414,9.81,1,1,8,21,41,-3.0,3.0,0.01,30.0,60.0,1e-09,1e-12,6,0.0001,1,rimless_wheel_roa_gamma_0.260.csv,91.23533471359558
0,19,-0.13269908169872413,-0.1499999999999999,-1.0,settled,0.04,-0.13269908169872413,0.0,2,1,1,nan,0.26,0.39269908169872414,9.81,1,1,8,21,41,-3.0,3.0,0.01,30.0,60.0,1e-09,1e-12,6,0.0001,1,rimless_wheel_roa_gamma_0.260.csv,91.23533471359558
0,20,-0.13269908169872413,0.0,-1.0,settled,0.01,-0.13269908169872413,0.0,2,1,1,nan,0.26,0.39269908169872414,9.81,1,1,8,21,41,-3.0,3.0,0.01,30.0,60.0,1e-09,1e-12,6,0.0001,1,rimless_wheel_roa_gamma_0.260.csv,91.23533471359558
0,21,-0.13269908169872413,0.1499999999999999,-1.0,settled,0.2800000000000001,-0.13269908169872413,0.0,2,1,1,nan,0.26,0.39269908169872414,9.81,1,1,8,21,41,-3.0,3.0,0.01,30.0,60.0,1e-09,1e-12,6,0.0001,1,rimless_wheel_roa_gamma_0.260.csv,91.23533471359558
0,22,-0.13269908169872413,0.2999999999999998,-1.0,settled,0.6600000000000004,-0.13269908169872413,0.0,2,1,1,nan,0.26,0.39269908169872414,9.81,1,1,8,21,41,-3.0,3.0,0.01,30.0,60.0,1e-09,1e-12,6,0.0001,1,rimless_wheel_roa_gamma_0.260.csv,91.23533471359558
0,23,-0.13269908169872413,0.44999999999999973,-1.0,rolling,7.929999999999875,-0.12703771925236063,1.9611350982194609,18,18,0,1.9647653876618387,0.26,0.39269908169872414,9.81,1,1,8,21,41,-3.0,3.0,0.01,30.0,60.0,1e-09,1e-12,6,0.0001,1,rimless_wheel_roa_gamma_0.260.csv,91.23533471359558
0,24,-0.13269908169872413,0.5999999999999996,-1.0,rolling,7.389999999999887,-0.12103111298655343,1.9574145038095194,18,18,0,1.9647669921298325,0.26,0.39269908169872414,9.81,1,1,8,21,41,-3.0,3.0,0.01,30.0,60.0,1e-09,1e-12,6,0.0001,1,rimless_wheel_roa_gamma_0.260.csv,91.23533471359558
0,25,-0.13269908169872413,0.75,-1.0,rolling,7.189999999999891,-0.1195994437415144,1.9565533175019092,18,18,0,1.9647690570700933,0.26,0.39269908169872414,9.81,1,1,8,21,41,-3.0,3.0,0.01,30.0,60.0,1e-09,1e-12,6,0.0001,1,rimless_wheel_roa_gamma_0.260.csv,91.23533471359558
0,26,-0.13269908169872413,0.8999999999999999,-1.0,rolling,6.689999999999902,-0.12815086962753833,1.9618411399284064,17,17,0,1.9647404843872076,0.26,0.39269908169872414,9.81,1,1,8,21,41,-3.0,3.0,0.01,30.0,60.0,1e-09,1e-12,6,0.0001,1,rimless_wheel_roa_gamma_0.260.csv,91.23533471359558
0,27,-0.13269908169872413,1.0499999999999998,-1.0,rolling,6.589999999999904,-0.12828893408950323,1.9619299845143419,17,17,0,1.9647464468541695,0.26,0.39269908169872414,9.81,1,1,8,21,41,-3.0,3.0,0.01,30.0,60.0,1e-09,1e-12,6,0.0001,1,rimless_wheel_roa_gamma_0.260.csv,91.23533471359558
0,28,-0.13269908169872413,1.2000000000000002,-1.0,rolling,6.509999999999906,-0.12311082989695425,1.9586819665153137,17,17,0,1.964753328059824,0.26,0.39269908169872414,9.81,1,1,8,21,41,-3.0,3.0,0.01,30.0,60.0,1e-09,1e-12,6,0.0001,1,rimless_wheel_roa_gamma_0.260.csv,91.23533471359558
0,29,-0.13269908169872413,1.3499999999999996,-1.0,rolling,6.439999999999907,-0.12002727372510215,1.9568089388141494,17,17,0,1.9647611254931254,0.26,0.39269908169872414,9.81,1,1,8,21,41,-3.0,3.0,0.01,30.0,60.0,1e-09,1e-12,6,0.0001,1,rimless_wheel_roa_gamma_0.260.csv,91.23533471359558
0,30,-0.13269908169872413,1.5,-1.0,rolling,6.369999999999909,-0.13208238655094248,1.9643930506908178,17,17,0,1.9647698417692212,0.26,0.39269908169872414,9.81,1,1,8,21,41,-3.0,3.0,0.01,30.0,60.0,1e-09,1e-12,6,0.0001,1,rimless_wheel_roa_gamma_0.260.csv,91.23533471359558
0,31,-0.13269908169872413,1.6499999999999995,-1.0,rolling,5.949999999999918,-0.12618755490888647,1.9605971461616276,16,16,0,1.9647562747477652,0.26,0.39269908169872414,9.81,1,1,8,21,41,-3.0,3.0,0.01,30.0,60.0,1e-09,1e-12,6,0.0001,1,rimless_wheel_roa_gamma_0.260.csv,91.23533471359558
0,32,-0.13269908169872413,1.7999999999999998,-1.0,rolling,5.5299999999999265,-0.1290630577511345,1.9624271589439317,15,15,0,1.9647520776340184,0.26,0.39269908169872414,9.81,1,1,8,21,41,-3.0,3.0,0.01,30.0,60.0,1e-09,1e-12,6,0.0001,1,rimless_wheel_roa_gamma_0.260.csv,91.23533471359558
0,33,-0.13269908169872413,1.9500000000000002,-1.0,rolling,4.389999999999951,-0.11984930771796946,1.9567025418728268,12,12,0,1.964764868886325,0.26,0.39269908169872414,9.81,1,1,8,21,41,-3.0,3.0,0.01,30.0,60.0,1e-09,1e-12,6,0.0001,1,rimless_wheel_roa_gamma_0.260.csv,91.23533471359558
0,34,-0.13269908169872413,2.0999999999999996,-1.0,rolling,5.4399999999999284,-0.11524466505303087,1.9540011875109036,15,15,0,1.9648474842841983,0.26,0.39269908169872414,9.81,1,1,8,21,41,-3.0,3.0,0.01,30.0,60.0,1e-09,1e-12,6,0.0001,1,rimless_wheel_roa_gamma_0.260.csv,91.23533471359558
0,35,-0.13269908169872413,2.25,-1.0,rolling,5.759999999999922,-0.11606540800095584,1.9544770280910253,16,16,0,1.9648516802722096,0.26,0.39269908169872414,9.81,1,1,8,21,41,-3.0,3.0,0.01,30.0,60.0,1e-09,1e-12,6,0.0001,1,rimless_wheel_roa_gamma_0.260.csv,91.23533471359558
0,36,-0.13269908169872413,2.3999999999999995,-1.0,rolling,6.079999999999915,-0.12122346889107363,1.9575380965534823,17,17,0,1.9648413965992237,0.26,0.39269908169872414,9.81,1,1,8,21,41,-3.0,3.0,0.01,30.0,60.0,1e-09,1e-12,6,0.0001,1,rimless_wheel_roa_gamma_0.260.csv,91.23533471359558
0,37,-0.13269908169872413,2.55,-1.0,rolling,6.039999999999916,-0.12063485606427116,1.957183667013932,17,17,0,1.9648565310344253,0.26,0.39269908169872414,9.81,1,1,8,21,41,-3.0,3.0,0.01,30.0,60.0,1e-09,1e-12,6,0.0001,1,rimless_wheel_roa_gamma_0.260.csv,91.23533471359558
0,38,-0.13269908169872413,2.7,-1.0,rolling,6.369999999999909,-0.11345353276392811,1.9529739502341084,18,18,0,1.964837629464034,0.26,0.39269908169872414,9.81,1,1,8,21,41,-3.0,3.0,0.01,30.0,60.0,1e-09,1e-12,6,0.0001,1,rimless_wheel_roa_gamma_0.260.csv,91.23533471359558
0,39,-0.13269908169872413,2.8499999999999996,-1.0,rolling,6.3299999999999095,-0.11932070786579672,1.9563941226793922,18,18,0,1.964846114069169,0.26,0.39269908169872414,9.81,1,1,8,21,41,-3.0,3.0,0.01,30.0,60.0,1e-09,1e-12,6,0.0001,1,rimless_wheel_roa_gamma_0.260.csv,91.23533471359558
0,40,-0.13269908169872413,3.0,-1.0,rolling,6.28999999999991,-0.1279807617078953,1.9617434279218593,18,18,0,1.9648550579588184,0.26,0.39269908169872414,9.81,1,1,8,21,41,-3.0,3.0,0.01,30.0,60.0,1e-09,1e-12,6,0.0001,1,rimless_wheel_roa_gamma_0.260.csv,91.23533471359558
1,0,-0.09342917352885172,-3.0,-0.9,settled,0.9600000000000006,-0.13269908169872413,0.0,3,1,2,nan,0.26,0.39269908169872414,9.81,1,1,8,21,41,-3.0,3.0,0.01,30.0,60.0,1e-09,1e-12,6,0.0001,1,rimless_wheel_roa_gamma_0.260.csv,91.23533471359558
1,1,-0.09342917352885172,-2.85,-0.9,settled,1.400000000000001,-0.13269908169872413,0.0,3,1,2,nan,0.26,0.39269908169872414,9.81,1,1,8,21,41,-3.0,3.0,0.01,30.0,60.0,1e-09,1e-12,6,0.0001,1,rimless_wheel_roa_gamma_0.260.csv,91.23533471359558
1,2,-0.09342917352885172,-2.7,-0.9,rolling,7.679999999999881,-0.12787961473556542,1.9616699774787398,19,18,1,1.9647615686985327,0.26,0.39269908169872414,9.81,1,1,8,21,41,-3.0,3.0,0.01,30.0,60.0,1e-09,1e-12,6,0.0001,1,rimless_wheel_roa_gamma_0.260.csv,91.23533471359558
1,3,-0.09342917352885172,-2.55,-0.9,rolling,7.459999999999885,-0.11883404007756469,1.9560957322627657,19,18,1,1.9647575562231776,0.26,0.39269908169872414,9.81,1,1,8,21,41,-3.0,3.0,0.01,30.0,60.0,1e-09,1e-12,6,0.0001,1,rimless_wheel_roa_gamma_0.260.csv,91.23533471359558
1,4,-0.09342917352885172,-2.4,-0.9,rolling,7.349999999999888,-0.11854198121637792,1.9559219261248006,19,18,1,1.9647537711075422,0.26,0.39269908169872414,9.81,1,1,8,21,41,-3.0,3.0,0.01,30.0,60.0,1e-09,1e-12,6,0.0001,1,rimless_wheel_roa_gamma_0.260.csv,91.23533471359558
1,5,-0.09342917352885172,-2.25,-0.9,rolling,7.279999999999889,-0.12727674895744162,1.9612852726632193,19,18,1,1.9647502170818374,0.26,0.39269908169872414,9.81,1,1,8,21,41,-3.0,3.0,0.01,30.0,60.0,1e-09,1e-12,6,0.0001,1,rimless_wheel_roa_gamma_0.260.csv,91.23533471359558
1,6,-0.09342917352885172,-2.1,-0.9,rolling,7.23999999999989,-0.12676846562996053,1.960962861660481,19,18,1,1.9647468916327455,0.26,0.39269908169872414,9.81,1,1,8,21,41,-3.0,3.0,0.01,30.0,60.0,1e-09,1e-12,6,0.0001,1,rimless_wheel_roa_gamma_0.260.csv,91.23533471359558
1,7,-0.09342917352885172,-1.95,-0.9,rolling,7.2199999999998905,-0.12156749379178065,1.9577375344664867,19,18,1,1.964743794481615,0.26,0.39269908169872414,9.81,1,1,8,21,41,-3.0,3.0,0.01,30.0,60.0,1e-09,1e-12,6,0.0001,1,rimless_wheel_roa_gamma_0.260.csv,91.23533471359558
1,8,-0.09342917352885172,-1.8,-0.9,rolling,7.209999999999891,-0.12489521093783437,1.959785851386311,19,18,1,1.964740926893948,0.26,0.39269908169872414,9.81,1,1,8,21,41,-3.0,3.0,0.01,30.0,60.0,1e-09,1e-12,6,0.0001,1,rimless_wheel_roa_gamma_0.260.csv,91.23533471359558
1,9,-0.09342917352885172,-1.6500000000000001,-0.9,rolling,7.2199999999998905,-0.11548597279114038,1.954130180450944,19,18,1,1.964738289541339,0.26,0.39269908169872414,9.81,1,1,8,21,41,-3.0,3.0,0.01,30.0,60.0,1e-09,1e-12,6,0.0001,1,rimless_wheel_roa_gamma_0.260.csv,91.23533471359558
1,10,-0.09342917352885172,-1.5,-0.9,rolling,7.599999999999882,-0.12457708912673843,1.9595904317664288,20,19,1,1.9647692779480115,0.26,0.39269908169872414,9.81,1,1,8,21,41,-3.0,3.0,0.01,30.0,60.0,1e-09,1e-12,6,0.0001,1,rimless_wheel_roa_gamma_0.260.csv,91.23533471359558
1,11,-0.09342917352885172,-1.35,-0.9,rolling,7.6399999999998816,-0.12032460757022881,1.9569883114797775,20,19,1,1.9647681883648762,0.26,0.39269908169872414,9.81,1,1,8,21,41,-3.0,3.0,0.01,30.0,60.0,1e-09,1e-12,6,0.0001,1,rimless_wheel_roa_gamma_0.260.csv,91.23533471359558
1,12,-0.09342917352885172,-1.2000000000000002,-0.9,rolling,7.69999999999988,-0.12809004995252504,1.9618048297647586,20,19,1,1.9647672129910358,0.26,0.39269908169872414,9.81,1,1,8,21,41,-3.0,3.0,0.01,30.0,60.0,1e-09,1e-12,6,0.0001,1,rimless_wheel_roa_gamma_0.260.csv,91.23533471359558
1,13,-0.09342917352885172,-1.05,-0.9,rolling,7.809999999999878,-0.12831380663568054,1.9619477940651564,20,19,1,1.9647663531100585,0.26,0.39269908169872414,9.81,1,1,8,21,41,-3.0,3.0,0.01,30.0,60.0,1e-09,1e-12,6,0.0001,1,rimless_wheel_roa_gamma_0.260.csv,91.23533471359558
1,14,-0.09342917352885172,-0.8999999999999999,-0.9,rolling,8.039999999999873,-0.12443184995193238,1.9594997867867763,20,19,1,1.9647656076457747,0.26,0.39269908169872414,9.81,1,1,8,21,41,-3.0,3.0,0.01,30.0,60.0,1e-09,1e-12,6,0.0001,1,rimless_wheel_roa_gamma_0.260.csv,91.23533471359558
1,15,-0.09342917352885172,-0.75,-0.9,settled,0.25000000000000006,-0.13269908169872413,0.0,2,1,1,nan,0.26,0.39269908169872414,9.81,1,1,8,21,41,-3.0,3.0,0.01,30.0,60.0,1e-09,1e-12,6,0.0001,1,rimless_wheel_roa_gamma_0.260.csv,91.23533471359558
1,16,-0.09342917352885172,-0.6000000000000001,-0.9,settled,0.23000000000000007,-0.13269908169872413,0.0,2,1,1,nan,0.26,0.39269908169872414,9.81,1,1,8,21,41,-3.0,3.0,0.01,30.0,60.0,1e-09,1e-12,6,0.0001,1,rimless_wheel_roa_gamma_0.260.csv,91.23533471359558
1,17,-0.09342917352885172,-0.4500000000000002,-0.9,settled,0.21000000000000005,-0.13269908169872413,0.0,2,1,1,nan,0.26,0.39269908169872414,9.81,1,1,8,21,41,-3.0,3.0,0.01,30.0,60.0,1e-09,1e-12,6,0.0001,1,rimless_wheel_roa_gamma_0.260.csv,91.23533471359558
1,18,-0.09342917352885172,-0.30000000000000027,-0.9,settled,0.22000000000000006,-0.13269908169872413,0.0,2,1,1,nan,0.26,0.39269908169872414,9.81,1,1,8,21,41,-3.0,3.0,0.01,30.0,60.0,1e-09,1e-12,6,0.0001,1,rimless_wheel_roa_gamma_0.260.csv,91.23533471359558
1,19,-0.09342917352885172,-0.1499999999999999,-0.9,settled,0.25000000000000006,-0.13269908169872413,0.0,2,1,1,nan,0.26,0.39269908169872414,9.81,1,1,8,21,41,-3.0,3.0,0.01,30.0,60.0,1e-09,1e-12,6,0.0001,1,rimless_wheel_roa_gamma_0.260.csv,91.23533471359558
1,20,-0.09342917352885172,0.0,-0.9,settled,0.36000000000000015,-0.13269908169872413,0.0,2,1,1,nan,0.26,0.39269908169872414,9.81,1,1,8,21,41,-3.0,3.0,0.01,30.0,60.0,1e-09,1e-12,6,0.0001,1,rimless_wheel_roa_gamma_0.260.csv,91.23533471359558
1,21,-0.09342917352885172,0.1499999999999999,-0.9,settled,0.6100000000000003,-0.13269908169872413,0.0,2,1,1,nan,0.26,0.39269908169872414,9.81,1,1,8,21,41,-3.0,3.0,0.01,30.0,60.0,1e-09,1e-12,6,0.0001,1,rimless_wheel_roa_gamma_0.260.csv,91.23533471359558
1,22,-0.09342917352885172,0.2999999999999998,-0.9,rolling,8.419999999999865,-0.1294987080397314,1.962709143679092,18,18,0,1.964765125029045,0.26,0.39269908169872414,9.81,1,1,8,21,41,-3.0,3.0,0.01,30.0,60.0,1e-09,1e-12,6,0.0001,1,rimless_wheel_roa_gamma_0.260.csv,91.23533471359558
1,23,-0.09342917352885172,0.44999999999999973,-0.9,rolling,7.439999999999886,-0.13029610193177246,1.9632254392948136,18,18,0,1.9647662717565575,0.26,0.39269908169872414,9.81,1,1,8,21,41,-3.0,3.0,0.01,30.0,60.0,1e-09,1e-12,6,0.0001,1,rimless_wheel_roa_gamma_0.260.csv,91.23533471359558
1,24,-0.09342917352885172,0.5999999999999996,-0.9,rolling,7.2199999999998905,-0.12568076147386373,1.9602797292589276,18,18,0,1.9647678779403563,0.26,0.39269908169872414,9.81,1,1,8,21,41,-3.0,3.0,0.01,30.0,60.0,1e-09,1e-12,6,0.0001,1,rimless_wheel_roa_gamma_0.260.csv,91.23533471359558
1,25,-0.09342917352885172,0.75,-0.9,rolling,6.719999999999901,-0.12106611264071325,1.9574328365111024,17,17,0,1.9647372113636135,0.26,0.39269908169872414,9.81,1,1,8,21,41,-3.0,3.0,0.01,30.0,60.0,1e-09,1e-12,6,0.0001,1,rimless_wheel_roa_gamma_0.260.csv,91.23533471359558
1,26,-0.09342917352885172,0.8999999999999999,-0.9,rolling,6.619999999999903,-0.11565412433082303,1.9542278979761696,17,17,0,1.9647422561487324,0.26,0.39269908169872414,9.81,1,1,8,21,41,-3.0,3.0,0.01,30.0,60.0,1e-09,1e-12,6,0.0001,1,rimless_wheel_roa_gamma_0.260.csv,91.23533471359558
1,27,-0.09342917352885172,1.0499999999999998,-0.9,rolling,6.529999999999905,-0.12736374661520267,1.9613403349518805,17,17,0,1.9647482195653314,0.26,0.39269908169872414,9.81,1,1,8,21,41,-3.0,3.0,0.01,30.0,60.0,1e-09,1e-12,6,0.0001,1,rimless_wheel_roa_gamma_0.260.csv,91.23533471359558
1,28,-0.09342917352885172,1.2000000000000002,-0.9,rolling,6.459999999999907,-0.1228208426531608,1.9585039844633594,17,17,0,1.964755100463268,0.26,0.39269908169872414,9.81,1,1,8,21,41,-3.0,3.0,0.01,30.0,60.0,1e-09,1e-12,6,0.0001,1,rimless_wheel_roa_gamma_0.260.csv,91.23533471359558
1,29,-0.09342917352885172,1.3499999999999996,-0.9,rolling,6.399999999999908,-0.1144016340296511,1.9535081148947546,17,17,0,1.9647628981312397,0.26,0.39269908169872414,9.81,1,1,8,21,41,-3.0,3.0,0.01,30.0,60.0,1e-09,1e-12,6,0.0001,1,rimless_wheel_roa_gamma_0.260.csv,91.23533471359558
1,30,-0.09342917352885172,1.5,-0.9,rolling,5.969999999999917,-0.12746318370405557,1.9614028017143308,16,16,0,1.9647405543941356,0.26,0.39269908169872414,9.81,1,1,8,21,41,-3.0,3.0,0.01,30.0,60.0,1e-09,1e-12,6,0.0001,1,rimless_wheel_roa_gamma_0.260.csv,91.23533471359558
1,31,-0.09342917352885172,1.6499999999999995,-0.9,rolling,5.919999999999918,-0.11979732294316539,1.9566709051965587,16,16,0,1.964759819639433,0.26,0.39269908169872414,9.81,1,1,8,21,41,-3.0,3.0,0.01,30.0,60.0,1e-09,1e-12,6,0.0001,1,rimless_wheel_roa_gamma_0.260.csv,91.23533471359558
1,32,-0.09342917352885172,1.7999999999999998,-0.9,rolling,5.499999999999927,-0.12924969574028147,1.9625479972532596,15,15,0,1.9647591660826844,0.26,0.39269908169872414,9.81,1,1,8,21,41,-3.0,3.0,0.01,30.0,60.0,1e-09,1e-12,6,0.0001,1,rimless_wheel_roa_gamma_0.260.csv,91.23533471359558
1,33,-0.09342917352885172,1.9500000000000002,-0.9,rolling,3.9999999999999587,-0.11585222243752577,1.9543521503782844,11,11,0,1.9648404729041014,0.26,0.39269908169872414,9.81,1,1,8,21,41,-3.0,3.0,0.01,30.0,60.0,1e-09,1e-12,6,0.0001,1,rimless_wheel_roa_gamma_0.260.csv,91.23533471359558
1,34,-0.09342917352885172,2.0999999999999996,-0.9,rolling,5.409999999999929,-0.12529903387873925,1.9600488955619888,15,15,0,1.964854571717985,0.26,0.39269908169872414,9.81,1,1,8,21,41,-3.0,3.0,0.01,30.0,60.0,1e-09,1e-12,6,0.0001,1,rimless_wheel_roa_gamma_0.260.csv,91.23533471359558
1,35,-0.09342917352885172,2.25,-0.9,rolling,5.729999999999922,-0.1299351141675087,1.962999862285611,16,16,0,1.9648552252012443,0.26,0.39269908169872414,9.81,1,1,8,21,41,-3.0,3.0,0.01,30.0,60.0,1e-09,1e-12,6,0.0001,1,rimless_wheel_roa_gamma_0.260.csv,91.23533471359558
1,36,-0.09342917352885172,2.3999999999999995,-0.9,rolling,6.059999999999915,-0.11877665418966356,1.9560698103745835,17,17,0,1.9648431682439293,0.26,0.39269908169872414,9.81,1,1,8,21,41,-3.0,3.0,0.01,30.0,60.0,1e-09,1e-12,6,0.0001,1,rimless_wheel_roa_gamma_0.260.csv,91.23533471359558
1,37,-0.09342917352885172,2.55,-0.9,rolling,6.019999999999916,-0.1210213063612372,1.9574172975697446,17,17,0,1.9648583045003603,0.26,0.39269908169872414,9.81,1,1,8,21,41,-3.0,3.0,0.01,30.0,60.0,1e-09,1e-12,6,0.0001,1,rimless_wheel_roa_gamma_0.260.csv,91.23533471359558
1,38,-0.09342917352885172,2.7,-0.9,rolling,6.349999999999909,-0.11631718487372783,1.9546222684137657,18,18,0,1.9648385149698822,0.26,0.39269908169872414,9.81,1,1,8,21,41,-3.0,3.0,0.01,30.0,60.0,1e-09,1e-12,6,0.0001,1,rimless_wheel_roa_gamma_0.260.csv,91.23533471359558
1,39,-0.09342917352885172,2.8499999999999996,-0.9,rolling,6.30999999999991,-0.1243833497625281,1.9594774295362132,18,18,0,1.9648470006279277,0.26,0.39269908169872414,9.81,1,1,8,21,41,-3.0,3.0,0.01,30.0,60.0,1e-09,1e-12,6,0.0001,1,rimless_wheel_roa_gamma_0.260.csv,91.23533471359558
1,40,-0.09342917352885172,3.0,-0.9,rolling,6.2799999999999105,-0.11541508451559634,1.954100453401217,18,18,0,1.9648559437191784,0.26,0.39269908169872414,9.81,1,1,8,21,41,-3.0,3.0,0.01,30.0,60.0,1e-09,1e-12,6,0.0001,1,rimless_wheel_roa_gamma_0.260.csv,91.23533471359558
2,0,-0.0541592653589793,-3.0,-0.8,rolling,9.439999999999843,-0.1168583497308755,1.9549311582303572,21,19,2,1.964765135771269,0.26,0.39269908169872414,9.81,1,1,8,21,41,-3.0,3.0,0.01,30.0,60.0,1e-09,1e-12,6,0.0001,1,rimless_wheel_roa_gamma_0.260.csv,91.23533471359558
2,1,-0.0541592653589793,-2.85,-0.8,settled,1.330000000000001,-0.13269908169872413,0.0,3,1,2,nan,0.26,0.39269908169872414,9.81,1,1,8,21,41,-3.0,3.0,0.01,30.0,60.0,1e-09,1e-12,6,0.0001,1,rimless_wheel_roa_gamma_0.260.csv,91.23533471359558
2,2,-0.0541592653589793,-2.7,-0.8,rolling,7.71999999999988,-0.12925774331710685,1.9625534391622592,19,18,1,1.964761859014135,0.26,0.39269908169872414,9.81,1,1,8,21,41,-3.0,3.0,0.01,30.0,60.0,1e-09,1e-12,6,0.0001,1,rimless_wheel_roa_gamma_0.260.csv,91.23533471359558
2,3,-0.0541592653589793,-2.55,-0.8,rolling,7.479999999999885,-0.1315235248987419,1.9640250900900167,19,18,1,1.9647578451863372,0.26,0.39269908169872414,9.81,1,1,8,21,41,-3.0,3.0,0.01,30.0,60.0,1e-09,1e-12,6,0.0001,1,rimless_wheel_roa_gamma_0.260.csv,91.23533471359558
2,4,-0.0541592653589793,-2.4,-0.8,rolling,7.369999999999887,-0.12437570811670555,1.9594638083055373,19,18,1,1.9647540600596134,0.26,0.39269908169872414,9.81,1,1,8,21,41,-3.0,3.0,0.01,30.0,60.0,1e-09,1e-12,6,0.0001,1,rimless_wheel_roa_gamma_0.260.csv,91.23533471359558
2,5,-0.0541592653589793,-2.25,-0.8,rolling,7.299999999999889,-0.13077025983690893,1.9635323082677902,19,18,1,1.9647505060167385,0.26,0.39269908169872414,9.81,1,1,8,21,41,-3.0,3.0,0.01,30.0,60.0,1e-09,1e-12,6,0.0001,1,rimless_wheel_roa_gamma_0.260.csv,91.23533471359558
2,6,-0.0541592653589793,-2.1,-0.8,rolling,7.25999999999989,-0.12965397690462638,1.9628077096737346,19,18,1,1.9647471814602235,0.26,0.39269908169872414,9.81,1,1,8,21,41,-3.0,3.0,0.01,30.0,60.0,1e-09,1e-12,6,0.0001,1,rimless_wheel_roa_gamma_0.260.csv,91.23533471359558
2,7,-0.0541592653589793,-1.95,-0.8,rolling,7.23999999999989,-0.12470962607862293,1.9596705129164822,19,18,1,1.9647440839237236,0.26,0.39269908169872414,9.81,1,1,8,21,41,-3.0,3.0,0.01,30.0,60.0,1e-09,1e-12,6,0.0001,1,rimless_wheel_roa_gamma_0.260.csv,91.23533471359558
2,8,-0.0541592653589793,-1.8,-0.8,rolling,7.22999999999989,-0.12875428694219299,1.9622276906774545,19,18,1,1.9647412174969745,0.26,0.39269908169872414,9.81,1,1,8,21,41,-3.0,3.0,0.01,30.0,60.0,1e-09,1e-12,6,0.0001,1,rimless_wheel_roa_gamma_0.260.csv,91.23533471359558
2,9,-0.0541592653589793,-1.6500000000000001,-0.8,rolling,7.23999999999989,-0.12017295486945213,1.9568942825223599,19,18,1,1.9647385791798018,0.26,0.39269908169872414,9.81,1,1,8,21,41,-3.0,3.0,0.01,30.0,60.0,1e-09,1e-12,6,0.0001,1,rimless_wheel_roa_gamma_0.260.csv,91.23533471359558
2,10,-0.0541592653589793,-1.5,-0.8,rolling,7.619999999999882,-0.12980262686852168,1.962905935400084,20,19,1,1.9647694224560517,0.26,0.39269908169872414,9.81,1,1,8,21,41,-3.0,3.0,0.01,30.0,60.0,1e-09,1e-12,6,0.0001,1,rimless_wheel_roa_gamma_0.260.csv,91.23533471359558
2,11,-0.0541592653589793,-1.35,-0.8,rolling,7.659999999999881,-0.1248496977484314,1.9597600927731895,20,19,1,1.9647683337432724,0.26,0.39269908169872414,9.81,1,1,8,21,41,-3.0,3.0,0.01,30.0,60.0,1e-09,1e-12,6,0.0001,1,rimless_wheel_roa_gamma_0.260.csv,91.23533471359558
2,12,-0.0541592653589793,-1.2000000000000002,-0.8,rolling,7.71999999999988,-0.12838268205740777,1.9619919699205073,20,19,1,1.9647673582870127,0.26,0.39269908169872414,9.81,1,1,8,21,41,-3.0,3.0,0.01,30.0,60.0,1e-09,1e-12,6,0.0001,1,rimless_wheel_roa_gamma_0.260.csv,91.23533471359558
2,13,-0.0541592653589793,-1.05,-0.8,rolling,7.819999999999878,-0.13267659526990305,1.9647843728394547,20,19,1,1.9647664977634876,0.26,0.39269908169872414,9.81,1,1,8,21,41,-3.0,3.0,0.01,30.0,60.0,1e-09,1e-12,6,0.0001,1,rimless_wheel_roa_gamma_0.260.csv,91.23533471359558
2,14,-0.0541592653589793,-0.8999999999999999,-0.8,rolling,8.019999999999873,-0.11740429475157502,1.9552513505286488,20,19,1,1.964765753296278,0.26,0.39269908169872414,9.81,1,1,8,21,41,-3.0,3.0,0.01,30.0,60.0,1e-09,1e-12,6,0.0001,1,rimless_wheel_roa_gamma_0.260.csv,91.23533471359558
2,15,-0.0541592653589793,-0.75,-0.8,rolling,8.869999999999855,-0.11376136600208482,1.9531422891838766,20,19,1,1.9647651222322136,0.26,0.39269908169872414,9.81,1,1,8,21,41,-3.0,3.0,0.01,30.0,60.0,1e-09,1e-12,6,0.0001,1,rimless_wheel_roa_gamma_0.260.csv,91.23533471359558
2,16,-0.0541592653589793,-0.6000000000000001,-0.8,settled,0.3000000000000001,-0.13269908169872413,0.0,2,1,1,nan,0.26,0.39269908169872414,9.81,1,1,8,21,41,-3.0,3.0,0.01,30.0,60.0,1e-09,1e-12,6,0.0001,1,rimless_wheel_roa_gamma_0.260.csv,91.23533471359558
2,17,-0.0541592653589793,-0.4500000000000002,-0.8,settled,0.3000000000000001,-0.13269908169872413,0.0,2,1,1,nan,0.26,0.39269908169872414,9.81,1,1,8,21,41,-3.0,3.0,0.01,30.0,60.0,1e-09,1e-12,6,0.0001,1,rimless_wheel_roa_gamma_0.260.csv,91.23533471359558
2,18,-0.0541592653589793,-0.30000000000000027,-0.8,settled,0.3300000000000001,-0.13269908169872413,0.0,2,1,1,nan,0.26,0.39269908169872414,9.81,1,1,8,21,41,-3.0,3.0,0.01,30.0,60.0,1e-09,1e-12,6,0.0001,1,rimless_wheel_roa_gamma_0.260.csv,91.23533471359558
2,19,-0.0541592653589793,-0.1499999999999999,-0.8,settled,0.4000000000000002,-0.13269908169872413,0.0,2,1,1,nan,0.26,0.39269908169872414,9.81,1,1,8,21,41,-3.0,3.0,0.01,30.0,60.0,1e-09,1e-12,6,0.0001,1,rimless_wheel_roa_gamma_0.260.csv,91.23533471359558
2,20,-0.0541592653589793,0.0,-0.8,settled,0.5900000000000003,-0.13269908169872413,0.0,2,1,1,nan,0.26,0.39269908169872414,9.81,1,1,8,21,41,-3.0,3.0,0.01,30.0,60.0,1e-09,1e-12,6,0.0001,1,rimless_wheel_roa_gamma_0.260.csv,91.23533471359558
2,21,-0.0541592653589793,0.1499999999999999,-0.8,settled,1.300000000000001,-0.13269908169872413,0.0,2,1,1,nan,0.26,0.39269908169872414,9.81,1,1,8,21,41,-3.0,3.0,0.01,30.0,60.0,1e-09,1e-12,6,0.0001,1,rimless_wheel_roa_gamma_0.260.csv,91.23533471359558
2,22,-0.0541592653589793,0.2999999999999998,-0.8,rolling,7.509999999999884,-0.1173753656757742,1.9552343466702136,18,18,0,1.9647657053604248,0.26,0.39269908169872414,9.81,1,1,8,21,41,-3.0,3.0,0.01,30.0,60.0,1e-09,1e-12,6,0.0001,1,rimless_wheel_roa_gamma_0.260.csv,91.23533471359558
2,23,-0.0541592653589793,0.44999999999999973,-0.8,rolling,7.25999999999989,-0.11571316393685227,1.9542644608700352,18,18,0,1.9647668508149259,0.26,0.39269908169872414,9.81,1,1,8,21,41,-3.0,3.0,0.01,30.0,60.0,1e-09,1e-12,6,0.0001,1,rimless_wheel_roa_gamma_0.260.csv,91.23533471359558
2,24,-0.0541592653589793,0.5999999999999996,-0.8,rolling,7.109999999999893,-0.12480026609540815,1.9597292972256015,18,18,0,1.964768457178814,0.26,0.39269908169872414,9.81,1,1,8,21,41,-3.0,3.0,0.01,30.0,60.0,1e-09,1e-12,6,0.0001,1,rimless_wheel_roa_gamma_0.260.csv,91.23533471359558
2,25,-0.0541592653589793,0.75,-0.8,rolling,6.639999999999903,-0.12324673729485328,1.9587641728393965,17,17,0,1.9647383697618774,0.26,0.39269908169872414,9.81,1,1,8,21,41,-3.0,3.0,0.01,30.0,60.0,1e-09,1e-12,6,0.0001,1,rimless_wheel_roa_gamma_0.260.csv,91.23533471359558
2,26,-0.0541592653589793,0.8999999999999999,-0.8,rolling,6.549999999999905,-0.13218182144864005,1.9644559547130858,17,17,0,1.9647434135787452,0.26,0.39269908169872414,9.81,1,1,8,21,41,-3.0,3.0,0.01,30.0,60.0,1e-09,1e-12,6,0.0001,1,rimless_wheel_roa_gamma_0.260.csv,91.23533471359558
2,27,-0.0541592653589793,1.0499999999999998,-0.8,rolling,6.479999999999906,-0.12624710166773348,1.9606339940108146,17,17,0,1.9647493781264298,0.26,0.39269908169872414,9.81,1,1,8,21,41,-3.0,3.0,0.01,30.0,60.0,1e-09,1e-12,6,0.0001,1,rimless_wheel_roa_gamma_0.260.csv,91.23533471359558
2,28,-0.0541592653589793,1.2000000000000002,-0.8,rolling,6.419999999999908,-0.11705814458404817,1.9550472996612398,17,17,0,1.9647562585056855,0.26,0.39269908169872414,9.81,1,1,8,21,41,-3.0,3.0,0.01,30.0,60.0,1e-09,1e-12,6,0.0001,1,rimless_wheel_roa_gamma_0.260.csv,91.23533471359558
2,29,-0.0541592653589793,1.3499999999999996,-0.8,rolling,6.359999999999909,-0.11961642330694991,1.9565629948713839,17,17,0,1.9647640555617574,0.26,0.39269908169872414,9.81,1,1,8,21,41,-3.0,3.0,0.01,30.0,60.0,1e-09,1e-12,6,0.0001,1,rimless_wheel_roa_gamma_0.260.csv,91.23533471359558
2,30,-0.0541592653589793,1.5,-0.8,rolling,5.939999999999918,-0.12154497082790308,1.9577237594510792,16,16,0,1.9647428694489342,0.26,0.39269908169872414,9.81,1,1,8,21,41,-3.0,3.0,0.01,30.0,60.0,1e-09,1e-12,6,0.0001,1,rimless_wheel_roa_gamma_0.260.csv,91.23533471359558
2,31,-0.0541592653589793,1.6499999999999995,-0.8,rolling,5.889999999999919,-0.12058363883014063,1.9571437540092718,16,16,0,1.9647621359450615,0.26,0.39269908169872414,9.81,1,1,8,21,41,-3.0,3.0,0.01,30.0,60.0,1e-09,1e-12,6,0.0001,1,rimless_wheel_roa_gamma_0.260.csv,91.23533471359558
2,32,-0.0541592653589793,1.7999999999999998,-0.8,rolling,5.479999999999928,-0.1159055218406972,1.954375741977725,15,15,0,1.9647637986950395,0.26,0.39269908169872414,9.81,1,1,8,21,41,-3.0,3.0,0.01,30.0,60.0,1e-09,1e-12,6,0.0001,1,rimless_wheel_roa_gamma_0.260.csv,91.23533471359558
2,33,-0.0541592653589793,1.9500000000000002,-0.8,rolling,4.339999999999952,-0.11660997421562302,1.954794938893617,12,12,0,1.9648586261430285,0.26,0.39269908169872414,9.81,1,1,8,21,41,-3.0,3.0,0.01,30.0,60.0,1e-09,1e-12,6,0.0001,1,rimless_wheel_roa_gamma_0.260.csv,91.23533471359558
2,34,-0.0541592653589793,2.0999999999999996,-0.8,rolling,5.3899999999999295,-0.12029873919110226,1.9569814491947841,15,15,0,1.9648592027637053,0.26,0.39269908169872414,9.81,1,1,8,21,41,-3.0,3.0,0.01,30.0,60.0,1e-09,1e-12,6,0.0001,1,rimless_wheel_roa_gamma_0.260.csv,91.23533471359558
2,35,-0.0541592653589793,2.25,-0.8,rolling,5.709999999999923,-0.1281965811295822,1.9618815209731288,16,16,0,1.9648575403703414,0.26,0.39269908169872414,9.81,1,1,8,21,41,-3.0,3.0,0.01,30.0,60.0,1e-09,1e-12,6,0.0001,1,rimless_wheel_roa_gamma_0.260.csv,91.23533471359558
2,36,-0.0541592653589793,2.3999999999999995,-0.8,rolling,6.039999999999916,-0.11986484444906798,1.9567194557041134,17,17,0,1.964844326244931,0.26,0.39269908169872414,9.81,1,1,8,21,41,-3.0,3.0,0.01,30.0,60.0,1e-09,1e-12,6,0.0001,1,rimless_wheel_roa_gamma_0.260.csv,91.23533471359558
2,37,-0.0541592653589793,2.55,-0.8,rolling,5.9999999999999165,-0.12457782328593019,1.9595995020739756,17,17,0,1.9648594625058762,0.26,0.39269908169872414,9.81,1,1,8,21,41,-3.0,3.0,0.01,30.0,60.0,1e-09,1e-12,6,0.0001,1,rimless_wheel_roa_gamma_0.260.csv,91.23533471359558
2,38,-0.0541592653589793,2.7,-0.8,rolling,6.3299999999999095,-0.12204068856440234,1.9580347206458013,18,18,0,1.9648390945905894,0.26,0.39269908169872414,9.81,1,1,8,21,41,-3.0,3.0,0.01,30.0,60.0,1e-09,1e-12,6,0.0001,1,rimless_wheel_roa_gamma_0.260.csv,91.23533471359558
2,39,-0.0541592653589793,2.8499999999999996,-0.8,rolling,6.28999999999991,-0.13205553855005678,1.9643828012134,18,18,0,1.9648475791457054,0.26,0.39269908169872414,9.81,1,1,8,21,41,-3.0,3.0,0.01,30.0,60.0,1e-09,1e-12,6,0.0001,1,rimless_wheel_roa_gamma_0.260.csv,91.23533471359558
2,40,-0.0541592653589793,3.0,-0.8,rolling,6.259999999999911,-0.12478952442442565,1.9597310138546642,18,18,0,1.9648565231120199,0.26,0.39269908169872414,9.81,1,1,8,21,41,-3.0,3.0,0.01,30.0,60.0,1e-09,1e-12,6,0.0001,1,rimless_wheel_roa_gamma_0.260.csv,91.23533471359558
3,0,-0.014889357189106889,-3.0,-0.7,rolling,9.289999999999846,-0.1300673546646888,1.9630769466831264,21,19,2,1.964765168988844,0.26,0.39269908169872414,9.81,1,1,8,21,41,-3.0,3.0,0.01,30.0,60.0,1e-09,1e-12,6,0.0001,1,rimless_wheel_roa_gamma_0.260.csv,91.23533471359558
3,1,-0.014889357189106889,-2.85,-0.7,settled,1.310000000000001,-0.13269908169872413,0.0,3,1,2,nan,0.26,0.39269908169872414,9.81,1,1,8,21,41,-3.0,3.0,0.01,30.0,60.0,1e-09,1e-12,6,0.0001,1,rimless_wheel_roa_gamma_0.260.csv,91.23533471359558
3,2,-0.014889357189106889,-2.7,-0.7,rolling,7.749999999999879,-0.12460653757438579,1.9596080577023736,19,18,1,1.9647619945620785,0.26,0.39269908169872414,9.81,1,1,8,21,41,-3.0,3.0,0.01,30.0,60.0,1e-09,1e-12,6,0.0001,1,rimless_wheel_roa_gamma_0.260.csv,91.23533471359558
3,3,-0.014889357189106889,-2.55,-0.7,rolling,7.509999999999884,-0.11337484915708626,1.9529215897802832,19,18,1,1.96475798144121,0.26,0.39269908169872414,9.81,1,1,8,21,41,-3.0,3.0,0.01,30.0,60.0,1e-09,1e-12,6,0.0001,1,rimless_wheel_roa_gamma_0.260.csv,91.23533471359558
3,4,-0.014889357189106889,-2.4,-0.7,rolling,7.389999999999887,-0.12340901998113726,1.958865661174457,19,18,1,1.9647541969982119,0.26,0.39269908169872414,9.81,1,1,8,21,41,-3.0,3.0,0.01,30.0,60.0,1e-09,1e-12,6,0.0001,1,rimless_wheel_roa_gamma_0.260.csv,91.23533471359558
3,5,-0.014889357189106889,-2.25,-0.7,rolling,7.319999999999888,-0.12976594727816262,1.9628804224891792,19,18,1,1.9647506416170577,0.26,0.39269908169872414,9.81,1,1,8,21,41,-3.0,3.0,0.01,30.0,60.0,1e-09,1e-12,6,0.0001,1,rimless_wheel_roa_gamma_0.260.csv,91.23533471359558
3,6,-0.014889357189106889,-2.1,-0.7,rolling,7.279999999999889,-0.12962803391969446,1.9627909590558412,19,18,1,1.9647473159954858,0.26,0.39269908169872414,9.81,1,1,8,21,41,-3.0,3.0,0.01,30.0,60.0,1e-09,1e-12,6,0.0001,1,rimless_wheel_roa_gamma_0.260.csv,91.23533471359558
3,7,-0.014889357189106889,-1.95,-0.7,rolling,7.25999999999989,-0.12627889014808533,1.9606535295286194,19,18,1,1.9647442186490218,0.26,0.39269908169872414,9.81,1,1,8,21,41,-3.0,3.0,0.01,30.0,60.0,1e-09,1e-12,6,0.0001,1,rimless_wheel_roa_gamma_0.260.csv,91.23533471359558
3,8,-0.014889357189106889,-1.8,-0.7,rolling,7.24999999999989,-0.1323924715714791,1.9645945050464229,19,18,1,1.9647413520864403,0.26,0.39269908169872414,9.81,1,1,8,21,41,-3.0,3.0,0.01,30.0,60.0,1e-09,1e-12,6,0.0001,1,rimless_wheel_roa_gamma_0.260.csv,91.23533471359558
3,9,-0.014889357189106889,-1.6500000000000001,-0.7,rolling,7.25999999999989,-0.12624955328255794,1.9606345211227303,19,18,1,1.9647387146041595,0.26,0.39269908169872414,9.81,1,1,8,21,41,-3.0,3.0,0.01,30.0,60.0,1e-09,1e-12,6,0.0001,1,rimless_wheel_roa_gamma_0.260.csv,91.23533471359558
3,10,-0.014889357189106889,-1.5,-0.7,rolling,7.649999999999881,-0.11901944260514616,1.9562071876908207,20,19,1,1.9647694900543435,0.26,0.39269908169872414,9.81,1,1,8,21,41,-3.0,3.0,0.01,30.0,60.0,1e-09,1e-12,6,0.0001,1,rimless_wheel_roa_gamma_0.260.csv,91.23533471359558
3,11,-0.014889357189106889,-1.35,-0.7,rolling,7.6899999999998805,-0.11684839617561871,1.9549256465502713,20,19,1,1.9647684004857542,0.26,0.39269908169872414,9.81,1,1,8,21,41,-3.0,3.0,0.01,30.0,60.0,1e-09,1e-12,6,0.0001,1,rimless_wheel_roa_gamma_0.260.csv,91.23533471359558
3,12,-0.014889357189106889,-1.2000000000000002,-0.7,rolling,7.749999999999879,-0.12244410167871717,1.958274311884744,20,19,1,1.9647674254162342,0.26,0.39269908169872414,9.81,1,1,8,21,41,-3.0,3.0,0.01,30.0,60.0,1e-09,1e-12,6,0.0001,1,rimless_wheel_roa_gamma_0.260.csv,91.23533471359558
3,13,-0.014889357189106889,-1.05,-0.7,rolling,7.849999999999877,-0.12547001334098684,1.960147508545139,20,19,1,1.9647665650709427,0.26,0.39269908169872414,9.81,1,1,8,21,41,-3.0,3.0,0.01,30.0,60.0,1e-09,1e-12,6,0.0001,1,rimless_wheel_roa_gamma_0.260.csv,91.23533471359558
3,14,-0.014889357189106889,-0.8999999999999999,-0.7,rolling,8.029999999999873,-0.13113501884386694,1.9637717168315159,20,19,1,1.964765820905112,0.26,0.39269908169872414,9.81,1,1,8,21,41,-3.0,3.0,0.01,30.0,60.0,1e-09,1e-12,6,0.0001,1,rimless_wheel_roa_gamma_0.260.csv,91.23533471359558
3,15,-0.014889357189106889,-0.75,-0.7,rolling,8.60999999999986,-0.12741655571736846,1.9613755110614184,20,19,1,1.9647651899784069,0.26,0.39269908169872414,9.81,1,1,8,21,41,-3.0,3.0,0.01,30.0,60.0,1e-09,1e-12,6,0.0001,1,rimless_wheel_roa_gamma_0.260.csv,91.23533471359558
3,16,-0.014889357189106889,-0.6000000000000001,-0.7,settled,0.36000000000000015,-0.13269908169872413,0.0,2,1,1,nan,0.26,0.39269908169872414,9.81,1,1,8,21,41,-3.0,3.0,0.01,30.0,60.0,1e-09,1e-12,6,0.0001,1,rimless_wheel_roa_gamma_0.260.csv,91.23533471359558
3,17,-0.014889357189106889,-0.4500000000000002,-0.7,settled,0.38000000000000017,-0.13269908169872413,0.0,2,1,1,nan,0.26,0.39269908169872414,9.81,1,1,8,21,41,-3.0,3.0,0.01,30.0,60.0,1e-09,1e-12,6,0.0001,1,rimless_wheel_roa_gamma_0.260.csv,91.23533471359558
3,18,-0.014889357189106889,-0.30000000000000027,-0.7,settled,0.4400000000000002,-0.13269908169872413,0.0,2,1,1,nan,0.26,0.39269908169872414,9.81,1,1,8,21,41,-3.0,3.0,0.01,30.0,60.0,1e-09,1e-12,6,0.0001,1,rimless_wheel_roa_gamma_0.260.csv,91.23533471359558
3,19,-0.014889357189106889,-0.1499999999999999,-0.7,settled,0.5800000000000003,-0.13269908169872413,0.0,2,1,1,nan,0.26,0.39269908169872414,9.81,1,1,8,21,41,-3.0,3.0,0.01,30.0,60.0,1e-09,1e-12,6,0.0001,1,rimless_wheel_roa_gamma_0.260.csv,91.23533471359558
3,20,-0.014889357189106889,0.0,-0.7,settled,1.0200000000000007,-0.13269908169872413,0.0,2,1,1,nan,0.26,0.39269908169872414,9.81,1,1,8,21,41,-3.0,3.0,0.01,30.0,60.0,1e-09,1e-12,6,0.0001,1,rimless_wheel_roa_gamma_0.260.csv,91.23533471359558
3,21,-0.014889357189106889,0.1499999999999999,-0.7,rolling,7.579999999999883,-0.1301849984549997,1.9631532420256996,18,18,0,1.9647652874637898,0.26,0.39269908169872414,9.81,1,1,8,21,41,-3.0,3.0,0.01,30.0,60.0,1e-09,1e-12,6,0.0001,1,rimless_wheel_roa_gamma_0.260.csv,91.23533471359558
3,22,-0.014889357189106889,0.2999999999999998,-0.7,rolling,7.289999999999889,-0.12979899806696166,1.9629032600013268,18,18,0,1.9647659754260598,0.26,0.39269908169872414,9.81,1,1,8,21,41,-3.0,3.0,0.01,30.0,60.0,1e-09,1e-12,6,0.0001,1,rimless_wheel_roa_gamma_0.260.csv,91.23533471359558
3,23,-0.014889357189106889,0.44999999999999973,-0.7,rolling,7.139999999999892,-0.1204148406719007,1.9570425206612518,18,18,0,1.9647671222840295,0.26,0.39269908169872414,9.81,1,1,8,21,41,-3.0,3.0,0.01,30.0,60.0,1e-09,1e-12,6,0.0001,1,rimless_wheel_roa_gamma_0.260.csv,91.23533471359558
3,24,-0.014889357189106889,0.5999999999999996,-0.7,rolling,7.0299999999998946,-0.12155405277577426,1.9577317508438257,18,18,0,1.9647687279866701,0.26,0.39269908169872414,9.81,1,1,8,21,41,-3.0,3.0,0.01,30.0,60.0,1e-09,1e-12,6,0.0001,1,rimless_wheel_roa_gamma_0.260.csv,91.23533471359558
3,25,-0.014889357189106889,0.75,-0.7,rolling,6.579999999999904,-0.11796974958360985,1.955581864028627,17,17,0,1.9647389103726278,0.26,0.39269908169872414,9.81,1,1,8,21,41,-3.0,3.0,0.01,30.0,60.0,1e-09,1e-12,6,0.0001,1,rimless_wheel_roa_gamma_0.260.csv,91.23533471359558
3,26,-0.014889357189106889,0.8999999999999999,-0.7,rolling,6.499999999999906,-0.13032942186138982,1.9632449469287379,17,17,0,1.9647439565355034,0.26,0.39269908169872414,9.81,1,1,8,21,41,-3.0,3.0,0.01,30.0,60.0,1e-09,1e-12,6,0.0001,1,rimless_wheel_roa_gamma_0.260.csv,91.23533471359558
3,27,-0.014889357189106889,1.0499999999999998,-0.7,rolling,6.439999999999907,-0.1205121397605047,1.9570994868268734,17,17,0,1.9647499197021798,0.26,0.39269908169872414,9.81,1,1,8,21,41,-3.0,3.0,0.01,30.0,60.0,1e-09,1e-12,6,0.0001,1,rimless_wheel_roa_gamma_0.260.csv,91.23533471359558
3,28,-0.014889357189106889,1.2000000000000002,-0.7,rolling,6.379999999999908,-0.12272827858242777,1.9584473646220038,17,17,0,1.9647568000889988,0.26,0.39269908169872414,9.81,1,1,8,21,41,-3.0,3.0,0.01,30.0,60.0,1e-09,1e-12,6,0.0001,1,rimless_wheel_roa_gamma_0.260.csv,91.23533471359558
3,29,-0.014889357189106889,1.3499999999999996,-0.7,rolling,6.3299999999999095,-0.11439288218801381,1.9535032623336894,17,17,0,1.964764598051896,0.26,0.39269908169872414,9.81,1,1,8,21,41,-3.0,3.0,0.01,30.0,60.0,1e-09,1e-12,6,0.0001,1,rimless_wheel_roa_gamma_0.260.csv,91.23533471359558
3,30,-0.014889357189106889,1.5,-0.7,rolling,5.909999999999918,-0.12313907886147275,1.9586984476849383,16,16,0,1.964743954573633,0.26,0.39269908169872414,9.81,1,1,8,21,41,-3.0,3.0,0.01,30.0,60.0,1e-09,1e-12,6,0.0001,1,rimless_wheel_roa_gamma_0.260.csv,91.23533471359558
3,31,-0.014889357189106889,1.6499999999999995,-0.7,rolling,5.8599999999999195,-0.12769625973823764,1.9615532795048294,16,16,0,1.9647632195651135,0.26,0.39269908169872414,9.81,1,1,8,21,41,-3.0,3.0,0.01,30.0,60.0,1e-09,1e-12,6,0.0001,1,rimless_wheel_roa_gamma_0.260.csv,91.23533471359558
3,32,-0.014889357189106889,1.7999999999999998,-0.7,rolling,5.449999999999928,-0.1275616254349987,1.9614678365265974,15,15,0,1.9647659656323928,0.26,0.39269908169872414,9.81,1,1,8,21,41,-3.0,3.0,0.01,30.0,60.0,1e-09,1e-12,6,0.0001,1,rimless_wheel_roa_gamma_0.260.csv,91.23533471359558
3,33,-0.014889357189106889,1.9500000000000002,-0.7,rolling,4.679999999999945,-0.1220739888995356,1.9580550563069379,13,13,0,1.9648393237844788,0.26,0.39269908169872414,9.81,1,1,8,21,41,-3.0,3.0,0.01,30.0,60.0,1e-09,1e-12,6,0.0001,1,rimless_wheel_roa_gamma_0.260.csv,91.23533471359558
3,34,-0.014889357189106889,2.0999999999999996,-0.7,rolling,5.36999999999993,-0.1194446709977903,1.9564696115663616,15,15,0,1.9648613713506962,0.26,0.39269908169872414,9.81,1,1,8,21,41,-3.0,3.0,0.01,30.0,60.0,1e-09,1e-12,6,0.0001,1,rimless_wheel_roa_gamma_0.260.csv,91.23533471359558
3,35,-0.014889357189106889,2.25,-0.7,rolling,5.689999999999923,-0.13014723638619738,1.963137648351708,16,16,0,1.9648586258858172,0.26,0.39269908169872414,9.81,1,1,8,21,41,-3.0,3.0,0.01,30.0,60.0,1e-09,1e-12,6,0.0001,1,rimless_wheel_roa_gamma_0.260.csv,91.23533471359558
3,36,-0.014889357189106889,2.3999999999999995,-0.7,rolling,6.019999999999916,-0.12424956832949005,1.9593941758211688,17,17,0,1.9648448683192619,0.26,0.39269908169872414,9.81,1,1,8,21,41,-3.0,3.0,0.01,30.0,60.0,1e-09,1e-12,6,0.0001,1,rimless_wheel_roa_gamma_0.260.csv,91.23533471359558
3,37,-0.014889357189106889,2.55,-0.7,rolling,5.979999999999917,-0.13111671208948908,1.9637687346341295,17,17,0,1.9648600034324293,0.26,0.39269908169872414,9.81,1,1,8,21,41,-3.0,3.0,0.01,30.0,60.0,1e-09,1e-12,6,0.0001,1,rimless_wheel_roa_gamma_0.260.csv,91.23533471359558
3,38,-0.014889357189106889,2.7,-0.7,rolling,6.30999999999991,-0.1304752412260671,1.9633487859633156,18,18,0,1.9648393657980356,0.26,0.39269908169872414,9.81,1,1,8,21,41,-3.0,3.0,0.01,30.0,60.0,1e-09,1e-12,6,0.0001,1,rimless_wheel_roa_gamma_0.260.csv,91.23533471359558
3,39,-0.014889357189106889,2.8499999999999996,-0.7,rolling,6.2799999999999105,-0.12257318522932661,1.9583610155881832,18,18,0,1.9648478495172474,0.26,0.39269908169872414,9.81,1,1,8,21,41,-3.0,3.0,0.01,30.0,60.0,1e-09,1e-12,6,0.0001,1,rimless_wheel_roa_gamma_0.260.csv,91.23533471359558
3,40,-0.014889357189106889,3.0,-0.7,rolling,6.249999999999911,-0.11684264640729637,1.9549307448719657,18,18,0,1.9648567946249944,0.26,0.39269908169872414,9.81,1,1,8,21,41,-3.0,3.0,0.01,30.0,60.0,1e-09,1e-12,6,0.0001,1,rimless_wheel_roa_gamma_0.260.csv,91.23533471359558
4,0,0.024380550980765525,-3.0,-0.6,rolling,9.319999999999846,-0.1313708848933838,1.9639258562690436,21,19,2,1.9647651643179345,0.26,0.39269908169872414,9.81,1,1,8,21,41,-3.0,3.0,0.01,30.0,60.0,1e-09,1e-12,6,0.0001,1,rimless_wheel_roa_gamma_0.260.csv,91.23533471359558
4,1,0.024380550980765525,-2.85,-0.6,settled,1.330000000000001,-0.13269908169872413,0.0,3,1,2,nan,0.26,0.39269908169872414,9.81,1,1,8,21,41,-3.0,3.0,0.01,30.0,60.0,1e-09,1e-12,6,0.0001,1,rimless_wheel_roa_gamma_0.260.csv,91.23533471359558
4,2,0.024380550980765525,-2.7,-0.6,rolling,7.759999999999879,-0.12993476044438712,1.9629907452047486,19,18,1,1.9647619756946224,0.26,0.39269908169872414,9.81,1,1,8,21,41,-3.0,3.0,0.01,30.0,60.0,1e-09,1e-12,6,0.0001,1,rimless_wheel_roa_gamma_0.260.csv,91.23533471359558
4,3,0.024380550980765525,-2.55,-0.6,rolling,7.519999999999884,-0.1225026489410032,1.9583092382063614,19,18,1,1.964757962333233,0.26,0.39269908169872414,9.81,1,1,8,21,41,-3.0,3.0,0.01,30.0,60.0,1e-09,1e-12,6,0.0001,1,rimless_wheel_roa_gamma_0.260.csv,91.23533471359558
4,4,0.024380550980765525,-2.4,-0.6,rolling,7.4099999999998865,-0.11545852734325032,1.954115826963476,19,18,1,1.9647541775520294,0.26,0.39269908169872414,9.81,1,1,8,21,41,-3.0,3.0,0.01,30.0,60.0,1e-09,1e-12,6,0.0001,1,rimless_wheel_roa_gamma_0.260.csv,91.23533471359558
4,5,0.024380550980765525,-2.25,-0.6,rolling,7.339999999999888,-0.12424090274782454,1.9593797996820457,19,18,1,1.9647506235956786,0.26,0.39269908169872414,9.81,1,1,8,21,41,-3.0,3.0,0.01,30.0,60.0,1e-09,1e-12,6,0.0001,1,rimless_wheel_roa_gamma_0.260.csv,91.23533471359558
4,6,0.024380550980765525,-2.1,-0.6,rolling,7.299999999999889,-0.12675432860130895,1.9609539614809335,19,18,1,1.9647472982225942,0.26,0.39269908169872414,9.81,1,1,8,21,41,-3.0,3.0,0.01,30.0,60.0,1e-09,1e-12,6,0.0001,1,rimless_wheel_roa_gamma_0.260.csv,91.23533471359558
4,7,0.024380550980765525,-1.95,-0.6,rolling,7.279999999999889,-0.12640245764875951,1.9607314306662194,19,18,1,1.9647442005592861,0.26,0.39269908169872414,9.81,1,1,8,21,41,-3.0,3.0,0.01,30.0,60.0,1e-09,1e-12,6,0.0001,1,rimless_wheel_roa_gamma_0.260.csv,91.23533471359558
4,8,0.024380550980765525,-1.8,-0.6,rolling,7.279999999999889,-0.11638646868517546,1.9546533316850356,19,18,1,1.9647413341294693,0.26,0.39269908169872414,9.81,1,1,8,21,41,-3.0,3.0,0.01,30.0,60.0,1e-09,1e-12,6,0.0001,1,rimless_wheel_roa_gamma_0.260.csv,91.23533471359558
4,9,0.024380550980765525,-1.6500000000000001,-0.6,rolling,7.289999999999889,-0.11435444493159735,1.953478750999279,19,18,1,1.9647386964250846,0.26,0.39269908169872414,9.81,1,1,8,21,41,-3.0,3.0,0.01,30.0,60.0,1e-09,1e-12,6,0.0001,1,rimless_wheel_roa_gamma_0.260.csv,91.23533471359558
4,10,0.024380550980765525,-1.5,-0.6,rolling,7.669999999999881,-0.13165258190443369,1.9641107750952838,20,19,1,1.9647694807589247,0.26,0.39269908169872414,9.81,1,1,8,21,41,-3.0,3.0,0.01,30.0,60.0,1e-09,1e-12,6,0.0001,1,rimless_wheel_roa_gamma_0.260.csv,91.23533471359558
4,11,0.024380550980765525,-1.35,-0.6,rolling,7.71999999999988,-0.11600854914672616,1.9544360143889277,20,19,1,1.9647683921446584,0.26,0.39269908169872414,9.81,1,1,8,21,41,-3.0,3.0,0.01,30.0,60.0,1e-09,1e-12,6,0.0001,1,rimless_wheel_roa_gamma_0.260.csv,91.23533471359558
4,12,0.024380550980765525,-1.2000000000000002,-0.6,rolling,7.779999999999879,-0.1294529405368304,1.9626798240850467,20,19,1,1.9647674166501448,0.26,0.39269908169872414,9.81,1,1,8,21,41,-3.0,3.0,0.01,30.0,60.0,1e-09,1e-12,6,0.0001,1,rimless_wheel_roa_gamma_0.260.csv,91.23533471359558
4,13,0.024380550980765525,-1.05,-0.6,rolling,7.889999999999876,-0.12349738126306901,1.958921331698704,20,19,1,1.9647665570920616,0.26,0.39269908169872414,9.81,1,1,8,21,41,-3.0,3.0,0.01,30.0,60.0,1e-09,1e-12,6,0.0001,1,rimless_wheel_roa_gamma_0.260.csv,91.23533471359558
4,14,0.024380550980765525,-0.8999999999999999,-0.6,rolling,8.079999999999872,-0.12583772901009488,1.9603780570465732,20,19,1,1.9647658106958046,0.26,0.39269908169872414,9.81,1,1,8,21,41,-3.0,3.0,0.01,30.0,60.0,1e-09,1e-12,6,0.0001,1,rimless_wheel_roa_gamma_0.260.csv,91.23533471359558
4,15,0.024380550980765525,-0.75,-0.6,rolling,8.68999999999986,-0.1285552660478104,1.9621023145131637,20,19,1,1.9647651806717867,0.26,0.39269908169872414,9.81,1,1,8,21,41,-3.0,3.0,0.01,30.0,60.0,1e-09,1e-12,6,0.0001,1,rimless_wheel_roa_gamma_0.260.csv,91.23533471359558
4,16,0.024380550980765525,-0.6000000000000001,-0.6,settled,0.4300000000000002,-0.13269908169872413,0.0,2,1,1,nan,0.26,0.39269908169872414,9.81,1,1,8,21,41,-3.0,3.0,0.01,30.0,60.0,1e-09,1e-12,6,0.0001,1,rimless_wheel_roa_gamma_0.260.csv,91.23533471359558
4,17,0.024380550980765525,-0.4500000000000002,-0.6,settled,0.47000000000000025,-0.13269908169872413,0.0,2,1,1,nan,0.26,0.39269908169872414,9.81,1,1,8,21,41,-3.0,3.0,0.01,30.0,60.0,1e-09,1e-12,6,0.0001,1,rimless_wheel_roa_gamma_0.260.csv,91.23533471359558
4,18,0.024380550980765525,-0.30000000000000027,-0.6,settled,0.5800000000000003,-0.13269908169872413,0.0,2,1,1,nan,0.26,0.39269908169872414,9.81,1,1,8,21,41,-3.0,3.0,0.01,30.0,60.0,1e-09,1e-12,6,0.0001,1,rimless_wheel_roa_gamma_0.260.csv,91.23533471359558
4,19,0.024380550980765525,-0.1499999999999999,-0.6,settled,0.8900000000000006,-0.13269908169872413,0.0,2,1,1,nan,0.26,0.39269908169872414,9.81,1,1,8,21,41,-3.0,3.0,0.01,30.0,60.0,1e-09,1e-12,6,0.0001,1,rimless_wheel_roa_gamma_0.260.csv,91.23533471359558
4,20,0.024380550980765525,0.0,-0.6,rolling,7.679999999999881,-0.1268169822629578,1.9609952839170444,18,18,0,1.9647650217649992,0.26,0.39269908169872414,9.81,1,1,8,21,41,-3.0,3.0,0.01,30.0,60.0,1e-09,1e-12,6,0.0001,1,rimless_wheel_roa_gamma_0.260.csv,91.23533471359558
4,21,0.024380550980765525,0.1499999999999999,-0.6,rolling,7.329999999999888,-0.13008348080891172,1.9630874075135205,18,18,0,1.9647652505755178,0.26,0.39269908169872414,9.81,1,1,8,21,41,-3.0,3.0,0.01,30.0,60.0,1e-09,1e-12,6,0.0001,1,rimless_wheel_roa_gamma_0.260.csv,91.23533471359558
4,22,0.024380550980765525,0.2999999999999998,-0.6,rolling,7.169999999999892,-0.11778188087021205,1.955473616977023,18,18,0,1.9647659385884335,0.26,0.39269908169872414,9.81,1,1,8,21,41,-3.0,3.0,0.01,30.0,60.0,1e-09,1e-12,6,0.0001,1,rimless_wheel_roa_gamma_0.260.csv,91.23533471359558
4,23,0.024380550980765525,0.44999999999999973,-0.6,rolling,7.049999999999894,-0.13066108932401294,1.963462794886136,18,18,0,1.964767085891202,0.26,0.39269908169872414,9.81,1,1,8,21,41,-3.0,3.0,0.01,30.0,60.0,1e-09,1e-12,6,0.0001,1,rimless_wheel_roa_gamma_0.260.csv,91.23533471359558
4,24,0.024380550980765525,0.5999999999999996,-0.6,rolling,6.969999999999896,-0.11394774108621371,1.953248977008239,18,18,0,1.9647686915609768,0.26,0.39269908169872414,9.81,1,1,8,21,41,-3.0,3.0,0.01,30.0,60.0,1e-09,1e-12,6,0.0001,1,rimless_wheel_roa_gamma_0.260.csv,91.23533471359558
4,25,0.024380550980765525,0.75,-0.6,rolling,6.529999999999905,-0.11548470625326454,1.954129499563015,17,17,0,1.9647388366195153,0.26,0.39269908169872414,9.81,1,1,8,21,41,-3.0,3.0,0.01,30.0,60.0,1e-09,1e-12,6,0.0001,1,rimless_wheel_roa_gamma_0.260.csv,91.23533471359558
4,26,0.024380550980765525,0.8999999999999999,-0.6,rolling,6.459999999999907,-0.12480325881264695,1.9597288163122015,17,17,0,1.9647438821894176,0.26,0.39269908169872414,9.81,1,1,8,21,41,-3.0,3.0,0.01,30.0,60.0,1e-09,1e-12,6,0.0001,1,rimless_wheel_roa_gamma_0.260.csv,91.23533471359558
4,27,0.024380550980765525,1.0499999999999998,-0.6,rolling,6.399999999999908,-0.12686389964849382,1.9610235261494489,17,17,0,1.9647498447563514,0.26,0.39269908169872414,9.81,1,1,8,21,41,-3.0,3.0,0.01,30.0,60.0,1e-09,1e-12,6,0.0001,1,rimless_wheel_roa_gamma_0.260.csv,91.23533471359558
4,28,0.024380550980765525,1.2000000000000002,-0.6,rolling,6.349999999999909,-0.11841976498974674,1.9558497509609534,17,17,0,1.9647567264578243,0.26,0.39269908169872414,9.81,1,1,8,21,41,-3.0,3.0,0.01,30.0,60.0,1e-09,1e-12,6,0.0001,1,rimless_wheel_roa_gamma_0.260.csv,91.23533471359558
4,29,0.024380550980765525,1.3499999999999996,-0.6,rolling,6.29999999999991,-0.1170293427175054,1.9550312130984586,17,17,0,1.9647645242926048,0.26,0.39269908169872414,9.81,1,1,8,21,41,-3.0,3.0,0.01,30.0,60.0,1e-09,1e-12,6,0.0001,1,rimless_wheel_roa_gamma_0.260.csv,91.23533471359558
4,30,0.024380550980765525,1.5,-0.6,rolling,5.879999999999919,-0.13136394116901678,1.963919275517267,16,16,0,1.9647438043848107,0.26,0.39269908169872414,9.81,1,1,8,21,41,-3.0,3.0,0.01,30.0,60.0,1e-09,1e-12,6,0.0001,1,rimless_wheel_roa_gamma_0.260.csv,91.23533471359558
4,31,0.024380550980765525,1.6499999999999995,-0.6,rolling,5.83999999999992,-0.12088459028246545,1.9573255206247027,16,16,0,1.9647630717897482,0.26,0.39269908169872414,9.81,1,1,8,21,41,-3.0,3.0,0.01,30.0,60.0,1e-09,1e-12,6,0.0001,1,rimless_wheel_roa_gamma_0.260.csv,91.23533471359558
4,32,0.024380550980765525,1.7999999999999998,-0.6,rolling,5.429999999999929,-0.12455635382589596,1.9595771901640966,15,15,0,1.9647656676495135,0.26,0.39269908169872414,9.81,1,1,8,21,41,-3.0,3.0,0.01,30.0,60.0,1e-09,1e-12,6,0.0001,1,rimless_wheel_roa_gamma_0.260.csv,91.23533471359558
4,33,0.024380550980765525,1.9500000000000002,-0.6,rolling,4.659999999999945,-0.12229492991892091,1.9581898503477857,13,13,0,1.9648381307587526,0.26,0.39269908169872414,9.81,1,1,8,21,41,-3.0,3.0,0.01,30.0,60.0,1e-09,1e-12,6,0.0001,1,rimless_wheel_roa_gamma_0.260.csv,91.23533471359558
4,34,0.024380550980765525,2.0999999999999996,-0.6,rolling,5.34999999999993,-0.12242857531630862,1.9582737600846403,15,15,0,1.9648610730165423,0.26,0.39269908169872414,9.81,1,1,8,21,41,-3.0,3.0,0.01,30.0,60.0,1e-09,1e-12,6,0.0001,1,rimless_wheel_roa_gamma_0.260.csv,91.23533471359558
4,35,0.024380550980765525,2.25,-0.6,rolling,5.679999999999923,-0.1159438889354477,1.954407082083996,16,16,0,1.9648584753278306,0.26,0.39269908169872414,9.81,1,1,8,21,41,-3.0,3.0,0.01,30.0,60.0,1e-09,1e-12,6,0.0001,1,rimless_wheel_roa_gamma_0.260.csv,91.23533471359558
4,36,0.024380550980765525,2.3999999999999995,-0.6,rolling,5.9999999999999165,-0.13174387226221515,1.9641778254274935,17,17,0,1.964844793635858,0.26,0.39269908169872414,9.81,1,1,8,21,41,-3.0,3.0,0.01,30.0,60.0,1e-09,1e-12,6,0.0001,1,rimless_wheel_roa_gamma_0.260.csv,91.23533471359558
4,37,0.024380550980765525,2.55,-0.6,rolling,5.969999999999917,-0.12085586644652756,1.9573174201192967,17,17,0,1.9648599282839638,0.26,0.39269908169872414,9.81,1,1,8,21,41,-3.0,3.0,0.01,30.0,60.0,1e-09,1e-12,6,0.0001,1,rimless_wheel_roa_gamma_0.260.csv,91.23533471359558
4,38,0.024380550980765525,2.7,-0.6,rolling,6.29999999999991,-0.12186325639574284,1.957926597387343,18,18,0,1.9648393281856358,0.26,0.39269908169872414,9.81,1,1,8,21,41,-3.0,3.0,0.01,30.0,60.0,1e-09,1e-12,6,0.0001,1,rimless_wheel_roa_gamma_0.260.csv,91.23533471359558
4,39,0.024380550980765525,2.8499999999999996,-0.6,rolling,6.269999999999911,-0.11545357322306629,1.9541219289843308,18,18,0,1.9648478129241147,0.26,0.39269908169872414,9.81,1,1,8,21,41,-3.0,3.0,0.01,30.0,60.0,1e-09,1e-12,6,0.0001,1,rimless_wheel_roa_gamma_0.260.csv,91.23533471359558
4,40,0.024380550980765525,3.0,-0.6,rolling,6.229999999999912,-0.13063190920338985,1.9634523488931146,18,18,0,1.9648567574422664,0.26,0.39269908169872414,9.81,1,1,8,21,41,-3.0,3.0,0.01,30.0,60.0,1e-09,1e-12,6,0.0001,1,rimless_wheel_roa_gamma_0.260.csv,91.23533471359558
5,0,0.06365045915063794,-3.0,-0.5,rolling,9.56999999999984,-0.12578189877169946,1.9603429343642185,21,19,2,1.9647651216453756,0.26,0.39269908169872414,9.81,1,1,8,21,41,-3.0,3.0,0.01,30.0,60.0,1e-09,1e-12,6,0.0001,1,rimless_wheel_roa_gamma_0.260.csv,91.23533471359558
5,1,0.06365045915063794,-2.85,-0.5,settled,1.380000000000001,-0.13269908169872413,0.0,3,1,2,nan,0.26,0.39269908169872414,9.81,1,1,8,21,41,-3.0,3.0,0.01,30.0,60.0,1e-09,1e-12,6,0.0001,1,rimless_wheel_roa_gamma_0.260.csv,91.23533471359558
5,2,0.06365045915063794,-2.7,-0.5,rolling,7.759999999999879,-0.12629066459523672,1.9606626289833775,19,18,1,1.9647618028987655,0.26,0.39269908169872414,9.81,1,1,8,21,41,-3.0,3.0,0.01,30.0,60.0,1e-09,1e-12,6,0.0001,1,rimless_wheel_roa_gamma_0.260.csv,91.23533471359558
5,3,0.06365045915063794,-2.55,-0.5,rolling,7.529999999999884,-0.12001710289412028,1.9568025155719435,19,18,1,1.9647577896340902,0.26,0.39269908169872414,9.81,1,1,8,21,41,-3.0,3.0,0.01,30.0,60.0,1e-09,1e-12,6,0.0001,1,rimless_wheel_roa_gamma_0.260.csv,91.23533471359558
5,4,0.06365045915063794,-2.4,-0.5,rolling,7.419999999999886,-0.12030433850412806,1.9569747599772855,19,18,1,1.9647540044998026,0.26,0.39269908169872414,9.81,1,1,8,21,41,-3.0,3.0,0.01,30.0,60.0,1e-09,1e-12,6,0.0001,1,rimless_wheel_roa_gamma_0.260.csv,91.23533471359558
5,5,0.06365045915063794,-2.25,-0.5,rolling,7.3599999999998875,-0.11445567280121399,1.9535379070990755,19,18,1,1.96475044982924,0.26,0.39269908169872414,9.81,1,1,8,21,41,-3.0,3.0,0.01,30.0,60.0,1e-09,1e-12,6,0.0001,1,rimless_wheel_roa_gamma_0.260.csv,91.23533471359558
5,6,0.06365045915063794,-2.1,-0.5,rolling,7.319999999999888,-0.12131969921528615,1.957587426538214,19,18,1,1.964747124869654,0.26,0.39269908169872414,9.81,1,1,8,21,41,-3.0,3.0,0.01,30.0,60.0,1e-09,1e-12,6,0.0001,1,rimless_wheel_roa_gamma_0.260.csv,91.23533471359558
5,7,0.06365045915063794,-1.95,-0.5,rolling,7.299999999999889,-0.12542242703420511,1.9601155601975426,19,18,1,1.9647440286024997,0.26,0.39269908169872414,9.81,1,1,8,21,41,-3.0,3.0,0.01,30.0,60.0,1e-09,1e-12,6,0.0001,1,rimless_wheel_roa_gamma_0.260.csv,91.23533471359558
5,8,0.06365045915063794,-1.8,-0.5,rolling,7.299999999999889,-0.12035930852464767,1.9570066095234864,19,18,1,1.9647411615026142,0.26,0.39269908169872414,9.81,1,1,8,21,41,-3.0,3.0,0.01,30.0,60.0,1e-09,1e-12,6,0.0001,1,rimless_wheel_roa_gamma_0.260.csv,91.23533471359558
5,9,0.06365045915063794,-1.6500000000000001,-0.5,rolling,7.309999999999889,-0.12419414962859977,1.9593496406954387,19,18,1,1.9647385232052228,0.26,0.39269908169872414,9.81,1,1,8,21,41,-3.0,3.0,0.01,30.0,60.0,1e-09,1e-12,6,0.0001,1,rimless_wheel_roa_gamma_0.260.csv,91.23533471359558
5,10,0.06365045915063794,-1.5,-0.5,rolling,7.69999999999988,-0.12926284461775464,1.962557443164783,20,19,1,1.964769394769357,0.26,0.39269908169872414,9.81,1,1,8,21,41,-3.0,3.0,0.01,30.0,60.0,1e-09,1e-12,6,0.0001,1,rimless_wheel_roa_gamma_0.260.csv,91.23533471359558
5,11,0.06365045915063794,-1.35,-0.5,rolling,7.749999999999879,-0.12340043778464749,1.9588617187353237,20,19,1,1.9647683046410123,0.26,0.39269908169872414,9.81,1,1,8,21,41,-3.0,3.0,0.01,30.0,60.0,1e-09,1e-12,6,0.0001,1,rimless_wheel_roa_gamma_0.260.csv,91.23533471359558
5,12,0.06365045915063794,-1.2000000000000002,-0.5,rolling,7.819999999999878,-0.13142356650194414,1.9639605379337817,20,19,1,1.9647673304366657,0.26,0.39269908169872414,9.81,1,1,8,21,41,-3.0,3.0,0.01,30.0,60.0,1e-09,1e-12,6,0.0001,1,rimless_wheel_roa_gamma_0.260.csv,91.23533471359558
5,13,0.06365045915063794,-1.05,-0.5,rolling,7.939999999999875,-0.12944805423051808,1.9626765828809765,20,19,1,1.9647664706229648,0.26,0.39269908169872414,9.81,1,1,8,21,41,-3.0,3.0,0.01,30.0,60.0,1e-09,1e-12,6,0.0001,1,rimless_wheel_roa_gamma_0.260.csv,91.23533471359558
5,14,0.06365045915063794,-0.8999999999999999,-0.5,rolling,8.15999999999987,-0.12720806699831727,1.9612431589682555,20,19,1,1.9647657255042255,0.26,0.39269908169872414,9.81,1,1,8,21,41,-3.0,3.0,0.01,30.0,60.0,1e-09,1e-12,6,0.0001,1,rimless_wheel_roa_gamma_0.260.csv,91.23533471359558
5,15,0.06365045915063794,-0.75,-0.5,rolling,9.379999999999844,-0.1284053580237871,1.9620062706596995,20,19,1,1.964765093899999,0.26,0.39269908169872414,9.81,1,1,8,21,41,-3.0,3.0,0.01,30.0,60.0,1e-09,1e-12,6,0.0001,1,rimless_wheel_roa_gamma_0.260.csv,91.23533471359558
5,16,0.06365045915063794,-0.6000000000000001,-0.5,settled,0.5000000000000002,-0.13269908169872413,0.0,2,1,1,nan,0.26,0.39269908169872414,9.81,1,1,8,21,41,-3.0,3.0,0.01,30.0,60.0,1e-09,1e-12,6,0.0001,1,rimless_wheel_roa_gamma_0.260.csv,91.23533471359558
5,17,0.06365045915063794,-0.4500000000000002,-0.5,settled,0.5800000000000003,-0.13269908169872413,0.0,2,1,1,nan,0.26,0.39269908169872414,9.81,1,1,8,21,41,-3.0,3.0,0.01,30.0,60.0,1e-09,1e-12,6,0.0001,1,rimless_wheel_roa_gamma_0.260.csv,91.23533471359558
5,18,0.06365045915063794,-0.30000000000000027,-0.5,settled,0.8100000000000005,-0.13269908169872413,0.0,2,1,1,nan,0.26,0.39269908169872414,9.81,1,1,8,21,41,-3.0,3.0,0.01,30.0,60.0,1e-09,1e-12,6,0.0001,1,rimless_wheel_roa_gamma_0.260.csv,91.23533471359558
5,19,0.06365045915063794,-0.1499999999999999,-0.5,rolling,7.819999999999878,-0.12744513502467272,1.9613936516423511,18,18,0,1.9647649058580108,0.26,0.39269908169872414,9.81,1,1,8,21,41,-3.0,3.0,0.01,30.0,60.0,1e-09,1e-12,6,0.0001,1,rimless_wheel_roa_gamma_0.260.csv,91.23533471359558
5,20,0.06365045915063794,0.0,-0.5,rolling,7.379999999999887,-0.1184212854788584,1.9558514123587134,18,18,0,1.964764675515199,0.26,0.39269908169872414,9.81,1,1,8,21,41,-3.0,3.0,0.01,30.0,60.0,1e-09,1e-12,6,0.0001,1,rimless_wheel_roa_gamma_0.260.csv,91.23533471359558
5,21,0.06365045915063794,0.1499999999999999,-0.5,rolling,7.199999999999891,-0.11727708749520034,1.9551765494362476,18,18,0,1.9647649051451204,0.26,0.39269908169872414,9.81,1,1,8,21,41,-3.0,3.0,0.01,30.0,60.0,1e-09,1e-12,6,0.0001,1,rimless_wheel_roa_gamma_0.260.csv,91.23533471359558
5,22,0.06365045915063794,0.2999999999999998,-0.5,rolling,7.0799999999998935,-0.12104008929008508,1.9574198018986053,18,18,0,1.9647655942078721,0.26,0.39269908169872414,9.81,1,1,8,21,41,-3.0,3.0,0.01,30.0,60.0,1e-09,1e-12,6,0.0001,1,rimless_wheel_roa_gamma_0.260.csv,91.23533471359558
5,23,0.06365045915063794,0.44999999999999973,-0.5,rolling,6.989999999999895,-0.12051792042548864,1.9571045793284798,18,18,0,1.9647667392553867,0.26,0.39269908169872414,9.81,1,1,8,21,41,-3.0,3.0,0.01,30.0,60.0,1e-09,1e-12,6,0.0001,1,rimless_wheel_roa_gamma_0.260.csv,91.23533471359558
5,24,0.06365045915063794,0.5999999999999996,-0.5,rolling,6.909999999999897,-0.13047931197302923,1.9633446617154966,18,18,0,1.9647683446703976,0.26,0.39269908169872414,9.81,1,1,8,21,41,-3.0,3.0,0.01,30.0,60.0,1e-09,1e-12,6,0.0001,1,rimless_wheel_roa_gamma_0.260.csv,91.23533471359558
5,25,0.06365045915063794,0.75,-0.5,rolling,6.479999999999906,-0.12996622363249524,1.9630088478396417,17,17,0,1.964738145408598,0.26,0.39269908169872414,9.81,1,1,8,21,41,-3.0,3.0,0.01,30.0,60.0,1e-09,1e-12,6,0.0001,1,rimless_wheel_roa_gamma_0.260.csv,91.23533471359558
5,26,0.06365045915063794,0.8999999999999999,-0.5,rolling,6.419999999999908,-0.13209481379524649,1.9643986864249026,17,17,0,1.964743190621688,0.26,0.39269908169872414,9.81,1,1,8,21,41,-3.0,3.0,0.01,30.0,60.0,1e-09,1e-12,6,0.0001,1,rimless_wheel_roa_gamma_0.260.csv,91.23533471359558
5,27,0.06365045915063794,1.0499999999999998,-0.5,rolling,6.369999999999909,-0.12374844733641124,1.959074700042945,17,17,0,1.9647491548618838,0.26,0.39269908169872414,9.81,1,1,8,21,41,-3.0,3.0,0.01,30.0,60.0,1e-09,1e-12,6,0.0001,1,rimless_wheel_roa_gamma_0.260.csv,91.23533471359558
5,28,0.06365045915063794,1.2000000000000002,-0.5,rolling,6.31999999999991,-0.12238938845529652,1.958239755072347,17,17,0,1.964756035167577,0.26,0.39269908169872414,9.81,1,1,8,21,41,-3.0,3.0,0.01,30.0,60.0,1e-09,1e-12,6,0.0001,1,rimless_wheel_roa_gamma_0.260.csv,91.23533471359558
5,29,0.06365045915063794,1.3499999999999996,-0.5,rolling,6.269999999999911,-0.126620474557112,1.9608709305477936,17,17,0,1.9647638328161916,0.26,0.39269908169872414,9.81,1,1,8,21,41,-3.0,3.0,0.01,30.0,60.0,1e-09,1e-12,6,0.0001,1,rimless_wheel_roa_gamma_0.260.csv,91.23533471359558
5,30,0.06365045915063794,1.5,-0.5,rolling,5.8599999999999195,-0.12592758330486473,1.9604322770555611,16,16,0,1.9647424224800114,0.26,0.39269908169872414,9.81,1,1,8,21,41,-3.0,3.0,0.01,30.0,60.0,1e-09,1e-12,6,0.0001,1,rimless_wheel_roa_gamma_0.260.csv,91.23533471359558
5,31,0.06365045915063794,1.6499999999999995,-0.5,rolling,5.81999999999992,-0.11923835919820414,1.9563369102922439,16,16,0,1.9647616882290668,0.26,0.39269908169872414,9.81,1,1,8,21,41,-3.0,3.0,0.01,30.0,60.0,1e-09,1e-12,6,0.0001,1,rimless_wheel_roa_gamma_0.260.csv,91.23533471359558
5,32,0.06365045915063794,1.7999999999999998,-0.5,rolling,5.409999999999929,-0.12608831742785437,1.9605353112333634,15,15,0,1.9647629046816497,0.26,0.39269908169872414,9.81,1,1,8,21,41,-3.0,3.0,0.01,30.0,60.0,1e-09,1e-12,6,0.0001,1,rimless_wheel_roa_gamma_0.260.csv,91.23533471359558
5,33,0.06365045915063794,1.9500000000000002,-0.5,rolling,4.279999999999953,-0.11696512765882609,1.95500192296163,12,12,0,1.964851473959538,0.26,0.39269908169872414,9.81,1,1,8,21,41,-3.0,3.0,0.01,30.0,60.0,1e-09,1e-12,6,0.0001,1,rimless_wheel_roa_gamma_0.260.csv,91.23533471359558
5,34,0.06365045915063794,2.0999999999999996,-0.5,rolling,5.329999999999931,-0.12901490258191892,1.9624063093996462,15,15,0,1.964858308308939,0.26,0.39269908169872414,9.81,1,1,8,21,41,-3.0,3.0,0.01,30.0,60.0,1e-09,1e-12,6,0.0001,1,rimless_wheel_roa_gamma_0.260.csv,91.23533471359558
5,35,0.06365045915063794,2.25,-0.5,rolling,5.659999999999924,-0.12455646136034101,1.9595859862992608,16,16,0,1.964857093659143,0.26,0.39269908169872414,9.81,1,1,8,21,41,-3.0,3.0,0.01,30.0,60.0,1e-09,1e-12,6,0.0001,1,rimless_wheel_roa_gamma_0.260.csv,91.23533471359558
5,36,0.06365045915063794,2.3999999999999995,-0.5,rolling,5.989999999999917,-0.1225590875925755,1.9583520253258448,17,17,0,1.9648441029121095,0.26,0.39269908169872414,9.81,1,1,8,21,41,-3.0,3.0,0.01,30.0,60.0,1e-09,1e-12,6,0.0001,1,rimless_wheel_roa_gamma_0.260.csv,91.23533471359558
5,37,0.06365045915063794,2.55,-0.5,rolling,5.959999999999917,-0.1132874290073668,1.9528816301695817,17,17,0,1.964859237885512,0.26,0.39269908169872414,9.81,1,1,8,21,41,-3.0,3.0,0.01,30.0,60.0,1e-09,1e-12,6,0.0001,1,rimless_wheel_roa_gamma_0.260.csv,91.23533471359558
5,38,0.06365045915063794,2.7,-0.5,rolling,6.28999999999991,-0.11570915441826848,1.954269043955819,18,18,0,1.9648389829760557,0.26,0.39269908169872414,9.81,1,1,8,21,41,-3.0,3.0,0.01,30.0,60.0,1e-09,1e-12,6,0.0001,1,rimless_wheel_roa_gamma_0.260.csv,91.23533471359558
5,39,0.06365045915063794,2.8499999999999996,-0.5,rolling,6.249999999999911,-0.13015302168057233,1.963140335206687,18,18,0,1.9648474675537528,0.26,0.39269908169872414,9.81,1,1,8,21,41,-3.0,3.0,0.01,30.0,60.0,1e-09,1e-12,6,0.0001,1,rimless_wheel_roa_gamma_0.260.csv,91.23533471359558
5,40,0.06365045915063794,3.0,-0.5,rolling,6.219999999999912,-0.12689171903116872,1.9610513044707054,18,18,0,1.9648564118408414,0.26,0.39269908169872414,9.81,1,1,8,21,41,-3.0,3.0,0.01,30.0,60.0,1e-09,1e-12,6,0.0001,1,rimless_wheel_roa_gamma_0.260.csv,91.23533471359558
6,0,0.10292036732051035,-3.0,-0.4,settled,1.0300000000000007,-0.13269908169872413,0.0,3,1,2,nan,0.26,0.39269908169872414,9.81,1,1,8,21,41,-3.0,3.0,0.01,30.0,60.0,1e-09,1e-12,6,0.0001,1,rimless_wheel_roa_gamma_0.260.csv,91.23533471359558
6,1,0.10292036732051035,-2.85,-0.4,settled,1.5100000000000011,-0.13269908169872413,0.0,3,1,2,nan,0.26,0.39269908169872414,9.81,1,1,8,21,41,-3.0,3.0,0.01,30.0,60.0,1e-09,1e-12,6,0.0001,1,rimless_wheel_roa_gamma_0.260.csv,91.23533471359558
6,2,0.10292036732051035,-2.7,-0.4,rolling,7.749999999999879,-0.11838289885036066,1.9558283624455237,19,18,1,1.9647614768223622,0.26,0.39269908169872414,9.81,1,1,8,21,41,-3.0,3.0,0.01,30.0,60.0,1e-09,1e-12,6,0.0001,1,rimless_wheel_roa_gamma_0.260.csv,91.23533471359558
6,3,0.10292036732051035,-2.55,-0.4,rolling,7.529999999999884,-0.12660382034157935,1.960859801833807,19,18,1,1.9647574629059685,0.26,0.39269908169872414,9.81,1,1,8,21,41,-3.0,3.0,0.01,30.0,60.0,1e-09,1e-12,6,0.0001,1,rimless_wheel_roa_gamma_0.260.csv,91.23533471359558
6,4,0.10292036732051035,-2.4,-0.4,rolling,7.429999999999886,-0.11901297954816237,1.956201826671455,19,18,1,1.9647536782471393,0.26,0.39269908169872414,9.81,1,1,8,21,41,-3.0,3.0,0.01,30.0,60.0,1e-09,1e-12,6,0.0001,1,rimless_wheel_roa_gamma_0.260.csv,91.23533471359558
6,5,0.10292036732051035,-2.25,-0.4,rolling,7.369999999999887,-0.12046456105223312,1.9570708396096088,19,18,1,1.964750122115767,0.26,0.39269908169872414,9.81,1,1,8,21,41,-3.0,3.0,0.01,30.0,60.0,1e-09,1e-12,6,0.0001,1,rimless_wheel_roa_gamma_0.260.csv,91.23533471359558
6,6,0.10292036732051035,-2.1,-0.4,rolling,7.339999999999888,-0.11383917659635404,1.9531849113855586,19,18,1,1.9647467973647446,0.26,0.39269908169872414,9.81,1,1,8,21,41,-3.0,3.0,0.01,30.0,60.0,1e-09,1e-12,6,0.0001,1,rimless_wheel_roa_gamma_0.260.csv,91.23533471359558
6,7,0.10292036732051035,-1.95,-0.4,rolling,7.319999999999888,-0.12390943164423285,1.9591737422671376,19,18,1,1.9647437016080145,0.26,0.39269908169872414,9.81,1,1,8,21,41,-3.0,3.0,0.01,30.0,60.0,1e-09,1e-12,6,0.0001,1,rimless_wheel_roa_gamma_0.260.csv,91.23533471359558
6,8,0.10292036732051035,-1.8,-0.4,rolling,7.319999999999888,-0.1254346768581629,1.960122922742998,19,18,1,1.9647408344183337,0.26,0.39269908169872414,9.81,1,1,8,21,41,-3.0,3.0,0.01,30.0,60.0,1e-09,1e-12,6,0.0001,1,rimless_wheel_roa_gamma_0.260.csv,91.23533471359558
6,9,0.10292036732051035,-1.6500000000000001,-0.4,rolling,7.339999999999888,-0.11757832384468378,1.955351061923664,19,18,1,1.9647381961937962,0.26,0.39269908169872414,9.81,1,1,8,21,41,-3.0,3.0,0.01,30.0,60.0,1e-09,1e-12,6,0.0001,1,rimless_wheel_roa_gamma_0.260.csv,91.23533471359558
6,10,0.10292036732051035,-1.5,-0.4,rolling,7.739999999999879,-0.11324617699006584,1.9528495835822042,20,19,1,1.964769231043453,0.26,0.39269908169872414,9.81,1,1,8,21,41,-3.0,3.0,0.01,30.0,60.0,1e-09,1e-12,6,0.0001,1,rimless_wheel_roa_gamma_0.260.csv,91.23533471359558
6,11,0.10292036732051035,-1.35,-0.4,rolling,7.789999999999878,-0.12162139438226889,1.9577726204194985,20,19,1,1.9647681411051139,0.26,0.39269908169872414,9.81,1,1,8,21,41,-3.0,3.0,0.01,30.0,60.0,1e-09,1e-12,6,0.0001,1,rimless_wheel_roa_gamma_0.260.csv,91.23533471359558
6,12,0.10292036732051035,-1.2000000000000002,-0.4,rolling,7.869999999999877,-0.13227493879208446,1.9645195225412608,20,19,1,1.9647671660128705,0.26,0.39269908169872414,9.81,1,1,8,21,41,-3.0,3.0,0.01,30.0,60.0,1e-09,1e-12,6,0.0001,1,rimless_wheel_roa_gamma_0.260.csv,91.23533471359558
6,13,0.10292036732051035,-1.05,-0.4,rolling,8.009999999999874,-0.13269644201437233,1.9647974662728476,20,19,1,1.9647663069045407,0.26,0.39269908169872414,9.81,1,1,8,21,41,-3.0,3.0,0.01,30.0,60.0,1e-09,1e-12,6,0.0001,1,rimless_wheel_roa_gamma_0.260.csv,91.23533471359558
6,14,0.10292036732051035,-0.8999999999999999,-0.4,rolling,8.299999999999867,-0.11390845849408233,1.9532262483100624,20,19,1,1.9647655618014508,0.26,0.39269908169872414,9.81,1,1,8,21,41,-3.0,3.0,0.01,30.0,60.0,1e-09,1e-12,6,0.0001,1,rimless_wheel_roa_gamma_0.260.csv,91.23533471359558
6,15,0.10292036732051035,-0.75,-0.4,settled,0.5300000000000002,-0.13269908169872413,0.0,2,1,1,nan,0.26,0.39269908169872414,9.81,1,1,8,21,41,-3.0,3.0,0.01,30.0,60.0,1e-09,1e-12,6,0.0001,1,rimless_wheel_roa_gamma_0.260.csv,91.23533471359558
6,16,0.10292036732051035,-0.6000000000000001,-0.4,settled,0.5900000000000003,-0.13269908169872413,0.0,2,1,1,nan,0.26,0.39269908169872414,9.81,1,1,8,21,41,-3.0,3.0,0.01,30.0,60.0,1e-09,1e-12,6,0.0001,1,rimless_wheel_roa_gamma_0.260.csv,91.23533471359558
6,17,0.10292036732051035,-0.4500000000000002,-0.4,settled,0.7700000000000005,-0.13269908169872413,0.0,2,1,1,nan,0.26,0.39269908169872414,9.81,1,1,8,21,41,-3.0,3.0,0.01,30.0,60.0,1e-09,1e-12,6,0.0001,1,rimless_wheel_roa_gamma_0.260.csv,91.23533471359558
6,18,0.10292036732051035,-0.30000000000000027,-0.4,rolling,8.079999999999872,-0.116942059873357,1.9549801322668188,18,18,0,1.9647649404660805,0.26,0.39269908169872414,9.81,1,1,8,21,41,-3.0,3.0,0.01,30.0,60.0,1e-09,1e-12,6,0.0001,1,rimless_wheel_roa_gamma_0.260.csv,91.23533471359558
6,19,0.10292036732051035,-0.1499999999999999,-0.4,rolling,7.429999999999886,-0.11715859699000947,1.9551069571483366,18,18,0,1.9647642518872723,0.26,0.39269908169872414,9.81,1,1,8,21,41,-3.0,3.0,0.01,30.0,60.0,1e-09,1e-12,6,0.0001,1,rimless_wheel_roa_gamma_0.260.csv,91.23533471359558
6,20,0.10292036732051035,0.0,-0.4,rolling,7.22999999999989,-0.11940458250500277,1.9564363541039422,18,18,0,1.9647640231186287,0.26,0.39269908169872414,9.81,1,1,8,21,41,-3.0,3.0,0.01,30.0,60.0,1e-09,1e-12,6,0.0001,1,rimless_wheel_roa_gamma_0.260.csv,91.23533471359558
6,21,0.10292036732051035,0.1499999999999999,-0.4,rolling,7.099999999999893,-0.1320211321534192,1.9643522420934998,18,18,0,1.9647642517772665,0.26,0.39269908169872414,9.81,1,1,8,21,41,-3.0,3.0,0.01,30.0,60.0,1e-09,1e-12,6,0.0001,1,rimless_wheel_roa_gamma_0.260.csv,91.23533471359558
6,22,0.10292036732051035,0.2999999999999998,-0.4,rolling,7.009999999999895,-0.12772171825545134,1.9615696590337495,18,18,0,1.9647649409080536,0.26,0.39269908169872414,9.81,1,1,8,21,41,-3.0,3.0,0.01,30.0,60.0,1e-09,1e-12,6,0.0001,1,rimless_wheel_roa_gamma_0.260.csv,91.23533471359558
6,23,0.10292036732051035,0.44999999999999973,-0.4,rolling,6.9399999999998965,-0.11697571884574938,1.9549999500363284,18,18,0,1.964766085902425,0.26,0.39269908169872414,9.81,1,1,8,21,41,-3.0,3.0,0.01,30.0,60.0,1e-09,1e-12,6,0.0001,1,rimless_wheel_roa_gamma_0.260.csv,91.23533471359558
6,24,0.10292036732051035,0.5999999999999996,-0.4,rolling,6.869999999999898,-0.12599629817565686,1.9604778860746184,18,18,0,1.9647676926082562,0.26,0.39269908169872414,9.81,1,1,8,21,41,-3.0,3.0,0.01,30.0,60.0,1e-09,1e-12,6,0.0001,1,rimless_wheel_roa_gamma_0.260.csv,91.23533471359558
6,25,0.10292036732051035,0.75,-0.4,rolling,6.809999999999899,-0.12845217856630942,1.962036697475,18,18,0,1.964769755480469,0.26,0.39269908169872414,9.81,1,1,8,21,41,-3.0,3.0,0.01,30.0,60.0,1e-09,1e-12,6,0.0001,1,rimless_wheel_roa_gamma_0.260.csv,91.23533471359558
6,26,0.10292036732051035,0.8999999999999999,-0.4,rolling,6.389999999999908,-0.13049923242352163,1.9633550920041982,17,17,0,1.964741883905939,0.26,0.39269908169872414,9.81,1,1,8,21,41,-3.0,3.0,0.01,30.0,60.0,1e-09,1e-12,6,0.0001,1,rimless_wheel_roa_gamma_0.260.csv,91.23533471359558
6,27,0.10292036732051035,1.0499999999999998,-0.4,rolling,6.339999999999909,-0.12939334750009243,1.9626395177370068,17,17,0,1.964747848823076,0.26,0.39269908169872414,9.81,1,1,8,21,41,-3.0,3.0,0.01,30.0,60.0,1e-09,1e-12,6,0.0001,1,rimless_wheel_roa_gamma_0.260.csv,91.23533471359558
6,28,0.10292036732051035,1.2000000000000002,-0.4,rolling,6.29999999999991,-0.11412318859300474,1.953347903506464,17,17,0,1.9647547289002336,0.26,0.39269908169872414,9.81,1,1,8,21,41,-3.0,3.0,0.01,30.0,60.0,1e-09,1e-12,6,0.0001,1,rimless_wheel_roa_gamma_0.260.csv,91.23533471359558
6,29,0.10292036732051035,1.3499999999999996,-0.4,rolling,6.249999999999911,-0.1228949743072019,1.9585501972411639,17,17,0,1.9647625262794437,0.26,0.39269908169872414,9.81,1,1,8,21,41,-3.0,3.0,0.01,30.0,60.0,1e-09,1e-12,6,0.0001,1,rimless_wheel_roa_gamma_0.260.csv,91.23533471359558
6,30,0.10292036732051035,1.5,-0.4,rolling,5.83999999999992,-0.12593805168052025,1.9604386070730404,16,16,0,1.9647398093051853,0.26,0.39269908169872414,9.81,1,1,8,21,41,-3.0,3.0,0.01,30.0,60.0,1e-09,1e-12,6,0.0001,1,rimless_wheel_roa_gamma_0.260.csv,91.23533471359558
6,31,0.10292036732051035,1.6499999999999995,-0.4,rolling,5.799999999999921,-0.12236072524919576,1.9582225172855008,16,16,0,1.9647590756558069,0.26,0.39269908169872414,9.81,1,1,8,21,41,-3.0,3.0,0.01,30.0,60.0,1e-09,1e-12,6,0.0001,1,rimless_wheel_roa_gamma_0.260.csv,91.23533471359558
6,32,0.10292036732051035,1.7999999999999998,-0.4,rolling,5.3899999999999295,-0.13185945829583692,1.9642453921642837,15,15,0,1.9647576770792412,0.26,0.39269908169872414,9.81,1,1,8,21,41,-3.0,3.0,0.01,30.0,60.0,1e-09,1e-12,6,0.0001,1,rimless_wheel_roa_gamma_0.260.csv,91.23533471359558
6,33,0.10292036732051035,1.9500000000000002,-0.4,rolling,3.1699999999999764,-0.11584063677451484,1.9543471673761965,9,9,0,1.9648586177122491,0.26,0.39269908169872414,9.81,1,1,8,21,41,-3.0,3.0,0.01,30.0,60.0,1e-09,1e-12,6,0.0001,1,rimless_wheel_roa_gamma_0.260.csv,91.23533471359558
6,34,0.10292036732051035,2.0999999999999996,-0.4,rolling,5.319999999999931,-0.11940412617736262,1.9564445982557719,15,15,0,1.9648530825036332,0.26,0.39269908169872414,9.81,1,1,8,21,41,-3.0,3.0,0.01,30.0,60.0,1e-09,1e-12,6,0.0001,1,rimless_wheel_roa_gamma_0.260.csv,91.23533471359558
6,35,0.10292036732051035,2.25,-0.4,rolling,5.649999999999924,-0.11667110636993708,1.9548302429418298,16,16,0,1.9648544807062691,0.26,0.39269908169872414,9.81,1,1,8,21,41,-3.0,3.0,0.01,30.0,60.0,1e-09,1e-12,6,0.0001,1,rimless_wheel_roa_gamma_0.260.csv,91.23533471359558
6,36,0.10292036732051035,2.3999999999999995,-0.4,rolling,5.979999999999917,-0.1161906796817298,1.9545490306305555,17,17,0,1.9648427958074635,0.26,0.39269908169872414,9.81,1,1,8,21,41,-3.0,3.0,0.01,30.0,60.0,1e-09,1e-12,6,0.0001,1,rimless_wheel_roa_gamma_0.260.csv,91.23533471359558
6,37,0.10292036732051035,2.55,-0.4,rolling,5.939999999999918,-0.1278365137553141,1.9616516877685706,17,17,0,1.9648579322312185,0.26,0.39269908169872414,9.81,1,1,8,21,41,-3.0,3.0,0.01,30.0,60.0,1e-09,1e-12,6,0.0001,1,rimless_wheel_roa_gamma_0.260.csv,91.23533471359558
6,38,0.10292036732051035,2.7,-0.4,rolling,6.269999999999911,-0.13148158658163026,1.9640052902930623,18,18,0,1.9648383282241806,0.26,0.39269908169872414,9.81,1,1,8,21,41,-3.0,3.0,0.01,30.0,60.0,1e-09,1e-12,6,0.0001,1,rimless_wheel_roa_gamma_0.260.csv,91.23533471359558
6,39,0.10292036732051035,2.8499999999999996,-0.4,rolling,6.239999999999911,-0.1274214227046216,1.9613863926242538,18,18,0,1.9648468142627509,0.26,0.39269908169872414,9.81,1,1,8,21,41,-3.0,3.0,0.01,30.0,60.0,1e-09,1e-12,6,0.0001,1,rimless_wheel_roa_gamma_0.260.csv,91.23533471359558
6,40,0.10292036732051035,3.0,-0.4,rolling,6.209999999999912,-0.12515248429832987,1.9599573965031183,18,18,0,1.9648557581417412,0.26,0.39269908169872414,9.81,1,1,8,21,41,-3.0,3.0,0.01,30.0,60.0,1e-09,1e-12,6,0.0001,1,rimless_wheel_roa_gamma_0.260.csv,91.23533471359558
7,0,0.14219027549038277,-3.0,-0.3,settled,1.0600000000000007,-0.13269908169872413,0.0,3,1,2,nan,0.26,0.39269908169872414,9.81,1,1,8,21,41,-3.0,3.0,0.01,30.0,60.0,1e-09,1e-12,6,0.0001,1,rimless_wheel_roa_gamma_0.260.csv,91.23533471359558
7,1,0.14219027549038277,-2.85,-0.3,settled,1.9400000000000015,-0.13269908169872413,0.0,3,1,2,nan,0.26,0.39269908169872414,9.81,1,1,8,21,41,-3.0,3.0,0.01,30.0,60.0,1e-09,1e-12,6,0.0001,1,rimless_wheel_roa_gamma_0.260.csv,91.23533471359558
7,2,0.14219027549038277,-2.7,-0.3,rolling,7.72999999999988,-0.11312977043798028,1.9527827465139935,19,18,1,1.9647609958329755,0.26,0.39269908169872414,9.81,1,1,8,21,41,-3.0,3.0,0.01,30.0,60.0,1e-09,1e-12,6,0.0001,1,rimless_wheel_roa_gamma_0.260.csv,91.23533471359558
7,3,0.14219027549038277,-2.55,-0.3,rolling,7.529999999999884,-0.12447543351885032,1.9595260489324122,19,18,1,1.964756982238903,0.26,0.39269908169872414,9.81,1,1,8,21,41,-3.0,3.0,0.01,30.0,60.0,1e-09,1e-12,6,0.0001,1,rimless_wheel_roa_gamma_0.260.csv,91.23533471359558
7,4,0.14219027549038277,-2.4,-0.3,rolling,7.429999999999886,-0.1321586630836586,1.9644416459212735,19,18,1,1.96475319886967,0.26,0.39269908169872414,9.81,1,1,8,21,41,-3.0,3.0,0.01,30.0,60.0,1e-09,1e-12,6,0.0001,1,rimless_wheel_roa_gamma_0.260.csv,91.23533471359558
7,5,0.14219027549038277,-2.25,-0.3,rolling,7.379999999999887,-0.12347558966449022,1.9589062750231108,19,18,1,1.964749643364824,0.26,0.39269908169872414,9.81,1,1,8,21,41,-3.0,3.0,0.01,30.0,60.0,1e-09,1e-12,6,0.0001,1,rimless_wheel_roa_gamma_0.260.csv,91.23533471359558
7,6,0.14219027549038277,-2.1,-0.3,rolling,7.349999999999888,-0.12459247384279969,1.9595978094817248,19,18,1,1.964746317773427,0.26,0.39269908169872414,9.81,1,1,8,21,41,-3.0,3.0,0.01,30.0,60.0,1e-09,1e-12,6,0.0001,1,rimless_wheel_roa_gamma_0.260.csv,91.23533471359558
7,7,0.14219027549038277,-1.95,-0.3,rolling,7.339999999999888,-0.12268155748996924,1.958417421554759,19,18,1,1.9647432210509563,0.26,0.39269908169872414,9.81,1,1,8,21,41,-3.0,3.0,0.01,30.0,60.0,1e-09,1e-12,6,0.0001,1,rimless_wheel_roa_gamma_0.260.csv,91.23533471359558
7,8,0.14219027549038277,-1.8,-0.3,rolling,7.339999999999888,-0.13264439604344966,1.9647606180772041,19,18,1,1.964740354203979,0.26,0.39269908169872414,9.81,1,1,8,21,41,-3.0,3.0,0.01,30.0,60.0,1e-09,1e-12,6,0.0001,1,rimless_wheel_roa_gamma_0.260.csv,91.23533471359558
7,9,0.14219027549038277,-1.6500000000000001,-0.3,rolling,7.369999999999887,-0.11548996137671369,1.9541324338159718,19,18,1,1.9647377171489182,0.26,0.39269908169872414,9.81,1,1,8,21,41,-3.0,3.0,0.01,30.0,60.0,1e-09,1e-12,6,0.0001,1,rimless_wheel_roa_gamma_0.260.csv,91.23533471359558
7,10,0.14219027549038277,-1.5,-0.3,rolling,7.769999999999879,-0.1248890069232182,1.959784660573187,20,19,1,1.9647689906762211,0.26,0.39269908169872414,9.81,1,1,8,21,41,-3.0,3.0,0.01,30.0,60.0,1e-09,1e-12,6,0.0001,1,rimless_wheel_roa_gamma_0.260.csv,91.23533471359558
7,11,0.14219027549038277,-1.35,-0.3,rolling,7.839999999999877,-0.1143515370764797,1.9534798824712125,20,19,1,1.964767901807166,0.26,0.39269908169872414,9.81,1,1,8,21,41,-3.0,3.0,0.01,30.0,60.0,1e-09,1e-12,6,0.0001,1,rimless_wheel_roa_gamma_0.260.csv,91.23533471359558
7,12,0.14219027549038277,-1.2000000000000002,-0.3,rolling,7.939999999999875,-0.11984368260808106,1.956699366957646,20,19,1,1.9647669270513755,0.26,0.39269908169872414,9.81,1,1,8,21,41,-3.0,3.0,0.01,30.0,60.0,1e-09,1e-12,6,0.0001,1,rimless_wheel_roa_gamma_0.260.csv,91.23533471359558
7,13,0.14219027549038277,-1.05,-0.3,rolling,8.119999999999871,-0.11461660497521607,1.9536317611661287,20,19,1,1.9647660674748757,0.26,0.39269908169872414,9.81,1,1,8,21,41,-3.0,3.0,0.01,30.0,60.0,1e-09,1e-12,6,0.0001,1,rimless_wheel_roa_gamma_0.260.csv,91.23533471359558
7,14,0.14219027549038277,-0.8999999999999999,-0.3,rolling,8.559999999999862,-0.11996029189932259,1.9567691415371804,20,19,1,1.9647653216146956,0.26,0.39269908169872414,9.81,1,1,8,21,41,-3.0,3.0,0.01,30.0,60.0,1e-09,1e-12,6,0.0001,1,rimless_wheel_roa_gamma_0.260.csv,91.23533471359558
7,15,0.14219027549038277,-0.75,-0.3,settled,0.6100000000000003,-0.13269908169872413,0.0,2,1,1,nan,0.26,0.39269908169872414,9.81,1,1,8,21,41,-3.0,3.0,0.01,30.0,60.0,1e-09,1e-12,6,0.0001,1,rimless_wheel_roa_gamma_0.260.csv,91.23533471359558
7,16,0.14219027549038277,-0.6000000000000001,-0.3,settled,0.7400000000000004,-0.13269908169872413,0.0,2,1,1,nan,0.26,0.39269908169872414,9.81,1,1,8,21,41,-3.0,3.0,0.01,30.0,60.0,1e-09,1e-12,6,0.0001,1,rimless_wheel_roa_gamma_0.260.csv,91.23533471359558
7,17,0.14219027549038277,-0.4500000000000002,-0.3,settled,1.7400000000000013,-0.13269908169872413,0.0,2,1,1,nan,0.26,0.39269908169872414,9.81,1,1,8,21,41,-3.0,3.0,0.01,30.0,60.0,1e-09,1e-12,6,0.0001,1,rimless_wheel_roa_gamma_0.260.csv,91.23533471359558
7,18,0.14219027549038277,-0.30000000000000027,-0.3,rolling,7.479999999999885,-0.1305520873047568,1.9633915708070802,18,18,0,1.9647639800310053,0.26,0.39269908169872414,9.81,1,1,8,21,41,-3.0,3.0,0.01,30.0,60.0,1e-09,1e-12,6,0.0001,1,rimless_wheel_roa_gamma_0.260.csv,91.23533471359558
7,19,0.14219027549038277,-0.1499999999999999,-0.3,rolling,7.25999999999989,-0.12485092734894569,1.959760378280938,18,18,0,1.964763291528028,0.26,0.39269908169872414,9.81,1,1,8,21,41,-3.0,3.0,0.01,30.0,60.0,1e-09,1e-12,6,0.0001,1,rimless_wheel_roa_gamma_0.260.csv,91.23533471359558
7,20,0.14219027549038277,0.0,-0.3,rolling,7.129999999999892,-0.12454318102484405,1.9595687488504079,18,18,0,1.9647630620317669,0.26,0.39269908169872414,9.81,1,1,8,21,41,-3.0,3.0,0.01,30.0,60.0,1e-09,1e-12,6,0.0001,1,rimless_wheel_roa_gamma_0.260.csv,91.23533471359558
7,21,0.14219027549038277,0.1499999999999999,-0.3,rolling,7.039999999999894,-0.11597551823578617,1.9544163386990903,18,18,0,1.964763291873081,0.26,0.39269908169872414,9.81,1,1,8,21,41,-3.0,3.0,0.01,30.0,60.0,1e-09,1e-12,6,0.0001,1,rimless_wheel_roa_gamma_0.260.csv,91.23533471359558
7,22,0.14219027549038277,0.2999999999999998,-0.3,rolling,6.959999999999896,-0.1237143103642746,1.959055019412091,18,18,0,1.9647639796165748,0.26,0.39269908169872414,9.81,1,1,8,21,41,-3.0,3.0,0.01,30.0,60.0,1e-09,1e-12,6,0.0001,1,rimless_wheel_roa_gamma_0.260.csv,91.23533471359558
7,23,0.14219027549038277,0.44999999999999973,-0.3,rolling,6.899999999999897,-0.11336387030337976,1.9529160342761123,18,18,0,1.9647651261732921,0.26,0.39269908169872414,9.81,1,1,8,21,41,-3.0,3.0,0.01,30.0,60.0,1e-09,1e-12,6,0.0001,1,rimless_wheel_roa_gamma_0.260.csv,91.23533471359558
7,24,0.14219027549038277,0.5999999999999996,-0.3,rolling,6.839999999999899,-0.11645407313043464,1.9546951741790466,18,18,0,1.9647667324658065,0.26,0.39269908169872414,9.81,1,1,8,21,41,-3.0,3.0,0.01,30.0,60.0,1e-09,1e-12,6,0.0001,1,rimless_wheel_roa_gamma_0.260.csv,91.23533471359558
7,25,0.14219027549038277,0.75,-0.3,rolling,6.7799999999999,-0.1287624582140058,1.9622355655429704,18,18,0,1.9647687963589986,0.26,0.39269908169872414,9.81,1,1,8,21,41,-3.0,3.0,0.01,30.0,60.0,1e-09,1e-12,6,0.0001,1,rimless_wheel_roa_gamma_0.260.csv,91.23533471359558
7,26,0.14219027549038277,0.8999999999999999,-0.3,rolling,6.369999999999909,-0.11861267627515588,1.9559625506891993,17,17,0,1.9647399640645975,0.26,0.39269908169872414,9.81,1,1,8,21,41,-3.0,3.0,0.01,30.0,60.0,1e-09,1e-12,6,0.0001,1,rimless_wheel_roa_gamma_0.260.csv,91.23533471359558
7,27,0.14219027549038277,1.0499999999999998,-0.3,rolling,6.31999999999991,-0.12322578284865832,1.9587519929564259,17,17,0,1.9647459266020968,0.26,0.39269908169872414,9.81,1,1,8,21,41,-3.0,3.0,0.01,30.0,60.0,1e-09,1e-12,6,0.0001,1,rimless_wheel_roa_gamma_0.260.csv,91.23533471359558
7,28,0.14219027549038277,1.2000000000000002,-0.3,rolling,6.269999999999911,-0.1320831727126241,1.964391946557974,17,17,0,1.9647528076247844,0.26,0.39269908169872414,9.81,1,1,8,21,41,-3.0,3.0,0.01,30.0,60.0,1e-09,1e-12,6,0.0001,1,rimless_wheel_roa_gamma_0.260.csv,91.23533471359558
7,29,0.14219027549038277,1.3499999999999996,-0.3,rolling,6.229999999999912,-0.1249384068734886,1.9598146680597235,17,17,0,1.9647606058325584,0.26,0.39269908169872414,9.81,1,1,8,21,41,-3.0,3.0,0.01,30.0,60.0,1e-09,1e-12,6,0.0001,1,rimless_wheel_roa_gamma_0.260.csv,91.23533471359558
7,30,0.14219027549038277,1.5,-0.3,rolling,6.1899999999999125,-0.12099941698574243,1.9573955481380687,17,17,0,1.964769321291084,0.26,0.39269908169872414,9.81,1,1,8,21,41,-3.0,3.0,0.01,30.0,60.0,1e-09,1e-12,6,0.0001,1,rimless_wheel_roa_gamma_0.260.csv,91.23533471359558
7,31,0.14219027549038277,1.6499999999999995,-0.3,rolling,5.779999999999921,-0.12997174515602353,1.9630140538731273,16,16,0,1.9647552351674424,0.26,0.39269908169872414,9.81,1,1,8,21,41,-3.0,3.0,0.01,30.0,60.0,1e-09,1e-12,6,0.0001,1,rimless_wheel_roa_gamma_0.260.csv,91.23533471359558
7,32,0.14219027549038277,1.7999999999999998,-0.3,rolling,5.37999999999993,-0.12201816120643666,1.958012466000564,15,15,0,1.9647499967132642,0.26,0.39269908169872414,9.81,1,1,8,21,41,-3.0,3.0,0.01,30.0,60.0,1e-09,1e-12,6,0.0001,1,rimless_wheel_roa_gamma_0.260.csv,91.23533471359558
7,33,0.14219027549038277,1.9500000000000002,-0.3,rolling,4.249999999999954,-0.11700455556085185,1.9550151309335286,12,12,0,1.9647482238140421,0.26,0.39269908169872414,9.81,1,1,8,21,41,-3.0,3.0,0.01,30.0,60.0,1e-09,1e-12,6,0.0001,1,rimless_wheel_roa_gamma_0.260.csv,91.23533471359558
7,34,0.14219027549038277,2.0999999999999996,-0.3,rolling,5.299999999999931,-0.13264166360261181,1.9647688201821536,15,15,0,1.964845404146966,0.26,0.39269908169872414,9.81,1,1,8,21,41,-3.0,3.0,0.01,30.0,60.0,1e-09,1e-12,6,0.0001,1,rimless_wheel_roa_gamma_0.260.csv,91.23533471359558
7,35,0.14219027549038277,2.25,-0.3,rolling,5.629999999999924,-0.13131902478069793,1.9639000735409968,16,16,0,1.964850640534116,0.26,0.39269908169872414,9.81,1,1,8,21,41,-3.0,3.0,0.01,30.0,60.0,1e-09,1e-12,6,0.0001,1,rimless_wheel_roa_gamma_0.260.csv,91.23533471359558
7,36,0.14219027549038277,2.3999999999999995,-0.3,rolling,5.959999999999917,-0.13209746765823605,1.9644097365349609,17,17,0,1.9648408758240619,0.26,0.39269908169872414,9.81,1,1,8,21,41,-3.0,3.0,0.01,30.0,60.0,1e-09,1e-12,6,0.0001,1,rimless_wheel_roa_gamma_0.260.csv,91.23533471359558
7,37,0.14219027549038277,2.55,-0.3,rolling,5.929999999999918,-0.1252718943259515,1.9600320602679961,17,17,0,1.9648560113010365,0.26,0.39269908169872414,9.81,1,1,8,21,41,-3.0,3.0,0.01,30.0,60.0,1e-09,1e-12,6,0.0001,1,rimless_wheel_roa_gamma_0.260.csv,91.23533471359558
7,38,0.14219027549038277,2.7,-0.3,rolling,6.259999999999911,-0.12992735804609537,1.9629931396059268,18,18,0,1.9648373695482355,0.26,0.39269908169872414,9.81,1,1,8,21,41,-3.0,3.0,0.01,30.0,60.0,1e-09,1e-12,6,0.0001,1,rimless_wheel_roa_gamma_0.260.csv,91.23533471359558
7,39,0.14219027549038277,2.8499999999999996,-0.3,rolling,6.229999999999912,-0.12678587732429358,1.9609833177823082,18,18,0,1.9648458534929987,0.26,0.39269908169872414,9.81,1,1,8,21,41,-3.0,3.0,0.01,30.0,60.0,1e-09,1e-12,6,0.0001,1,rimless_wheel_roa_gamma_0.260.csv,91.23533471359558
7,40,0.14219027549038277,3.0,-0.3,rolling,6.199999999999912,-0.12535153791471879,1.960081764672847,18,18,0,1.9648547977488902,0.26,0.39269908169872414,9.81,1,1,8,21,41,-3.0,3.0,0.01,30.0,60.0,1e-09,1e-12,6,0.0001,1,rimless_wheel_roa_gamma_0.260.csv,91.23533471359558
8,0,0.18146018366025518,-3.0,-0.2,settled,1.1000000000000008,-0.13269908169872413,0.0,3,1,2,nan,0.26,0.39269908169872414,9.81,1,1,8,21,41,-3.0,3.0,0.01,30.0,60.0,1e-09,1e-12,6,0.0001,1,rimless_wheel_roa_gamma_0.260.csv,91.23533471359558
8,1,0.18146018366025518,-2.85,-0.2,rolling,8.409999999999865,-0.11578962507337481,1.9543085747210571,19,18,1,1.96476460638027,0.26,0.39269908169872414,9.81,1,1,8,21,41,-3.0,3.0,0.01,30.0,60.0,1e-09,1e-12,6,0.0001,1,rimless_wheel_roa_gamma_0.260.csv,91.23533471359558
8,2,0.18146018366025518,-2.7,-0.2,rolling,7.69999999999988,-0.11758030519624336,1.9553543487716563,19,18,1,1.964760362843461,0.26,0.39269908169872414,9.81,1,1,8,21,41,-3.0,3.0,0.01,30.0,60.0,1e-09,1e-12,6,0.0001,1,rimless_wheel_roa_gamma_0.260.csv,91.23533471359558
8,3,0.18146018366025518,-2.55,-0.2,rolling,7.529999999999884,-0.1158578210171041,1.9543473443719632,19,18,1,1.9647563499792258,0.26,0.39269908169872414,9.81,1,1,8,21,41,-3.0,3.0,0.01,30.0,60.0,1e-09,1e-12,6,0.0001,1,rimless_wheel_roa_gamma_0.260.csv,91.23533471359558
8,4,0.18146018366025518,-2.4,-0.2,rolling,7.439999999999886,-0.12180383175068815,1.9578821206409835,19,18,1,1.9647525658960348,0.26,0.39269908169872414,9.81,1,1,8,21,41,-3.0,3.0,0.01,30.0,60.0,1e-09,1e-12,6,0.0001,1,rimless_wheel_roa_gamma_0.260.csv,91.23533471359558
8,5,0.18146018366025518,-2.25,-0.2,rolling,7.389999999999887,-0.12447642597748228,1.9595259027710792,19,18,1,1.9647490106701024,0.26,0.39269908169872414,9.81,1,1,8,21,41,-3.0,3.0,0.01,30.0,60.0,1e-09,1e-12,6,0.0001,1,rimless_wheel_roa_gamma_0.260.csv,91.23533471359558
8,6,0.18146018366025518,-2.1,-0.2,rolling,7.369999999999887,-0.11541934339376489,1.9540923573805293,19,18,1,1.9647456849445126,0.26,0.39269908169872414,9.81,1,1,8,21,41,-3.0,3.0,0.01,30.0,60.0,1e-09,1e-12,6,0.0001,1,rimless_wheel_roa_gamma_0.260.csv,91.23533471359558
8,7,0.18146018366025518,-1.95,-0.2,rolling,7.3599999999998875,-0.12283638856813398,1.9585123298070988,19,18,1,1.9647425892154182,0.26,0.39269908169872414,9.81,1,1,8,21,41,-3.0,3.0,0.01,30.0,60.0,1e-09,1e-12,6,0.0001,1,rimless_wheel_roa_gamma_0.260.csv,91.23533471359558
8,8,0.18146018366025518,-1.8,-0.2,rolling,7.369999999999887,-0.12377538335299591,1.9590904508324656,19,18,1,1.9647397222734087,0.26,0.39269908169872414,9.81,1,1,8,21,41,-3.0,3.0,0.01,30.0,60.0,1e-09,1e-12,6,0.0001,1,rimless_wheel_roa_gamma_0.260.csv,91.23533471359558
8,9,0.18146018366025518,-1.6500000000000001,-0.2,rolling,7.399999999999887,-0.11995866717368717,1.9567654688860334,19,18,1,1.9647370843216416,0.26,0.39269908169872414,9.81,1,1,8,21,41,-3.0,3.0,0.01,30.0,60.0,1e-09,1e-12,6,0.0001,1,rimless_wheel_roa_gamma_0.260.csv,91.23533471359558
8,10,0.18146018366025518,-1.5,-0.2,rolling,7.809999999999878,-0.12835597660084005,1.9619750022592217,20,19,1,1.9647686751010462,0.26,0.39269908169872414,9.81,1,1,8,21,41,-3.0,3.0,0.01,30.0,60.0,1e-09,1e-12,6,0.0001,1,rimless_wheel_roa_gamma_0.260.csv,91.23533471359558
8,11,0.18146018366025518,-1.35,-0.2,rolling,7.889999999999876,-0.1272771792632044,1.9612872029067807,20,19,1,1.964767585790667,0.26,0.39269908169872414,9.81,1,1,8,21,41,-3.0,3.0,0.01,30.0,60.0,1e-09,1e-12,6,0.0001,1,rimless_wheel_roa_gamma_0.260.csv,91.23533471359558
8,12,0.18146018366025518,-1.2000000000000002,-0.2,rolling,8.019999999999873,-0.1279229543245939,1.9616981054866613,20,19,1,1.9647666108834345,0.26,0.39269908169872414,9.81,1,1,8,21,41,-3.0,3.0,0.01,30.0,60.0,1e-09,1e-12,6,0.0001,1,rimless_wheel_roa_gamma_0.260.csv,91.23533471359558
8,13,0.18146018366025518,-1.05,-0.2,rolling,8.269999999999868,-0.1276648516829145,1.9615335194355177,20,19,1,1.9647657505345846,0.26,0.39269908169872414,9.81,1,1,8,21,41,-3.0,3.0,0.01,30.0,60.0,1e-09,1e-12,6,0.0001,1,rimless_wheel_roa_gamma_0.260.csv,91.23533471359558
8,14,0.18146018366025518,-0.8999999999999999,-0.2,settled,0.6200000000000003,-0.13269908169872413,0.0,2,1,1,nan,0.26,0.39269908169872414,9.81,1,1,8,21,41,-3.0,3.0,0.01,30.0,60.0,1e-09,1e-12,6,0.0001,1,rimless_wheel_roa_gamma_0.260.csv,91.23533471359558
8,15,0.18146018366025518,-0.75,-0.2,settled,0.7200000000000004,-0.13269908169872413,0.0,2,1,1,nan,0.26,0.39269908169872414,9.81,1,1,8,21,41,-3.0,3.0,0.01,30.0,60.0,1e-09,1e-12,6,0.0001,1,rimless_wheel_roa_gamma_0.260.csv,91.23533471359558
8,16,0.18146018366025518,-0.6000000000000001,-0.2,settled,1.1700000000000008,-0.13269908169872413,0.0,2,1,1,nan,0.26,0.39269908169872414,9.81,1,1,8,21,41,-3.0,3.0,0.01,30.0,60.0,1e-09,1e-12,6,0.0001,1,rimless_wheel_roa_gamma_0.260.csv,91.23533471359558
8,17,0.18146018366025518,-0.4500000000000002,-0.2,rolling,7.5499999999998835,-0.1264974464032405,1.9607932408418458,18,18,0,1.9647638613655698,0.26,0.39269908169872414,9.81,1,1,8,21,41,-3.0,3.0,0.01,30.0,60.0,1e-09,1e-12,6,0.0001,1,rimless_wheel_roa_gamma_0.260.csv,91.23533471359558
8,18,0.18146018366025518,-0.30000000000000027,-0.2,rolling,7.299999999999889,-0.11497119600561866,1.9538353759629496,18,18,0,1.964762714209228,0.26,0.39269908169872414,9.81,1,1,8,21,41,-3.0,3.0,0.01,30.0,60.0,1e-09,1e-12,6,0.0001,1,rimless_wheel_roa_gamma_0.260.csv,91.23533471359558
8,19,0.18146018366025518,-0.1499999999999999,-0.2,rolling,7.159999999999892,-0.11844529892966432,1.9558653910782546,18,18,0,1.964762026525386,0.26,0.39269908169872414,9.81,1,1,8,21,41,-3.0,3.0,0.01,30.0,60.0,1e-09,1e-12,6,0.0001,1,rimless_wheel_roa_gamma_0.260.csv,91.23533471359558
8,20,0.18146018366025518,0.0,-0.2,rolling,7.059999999999894,-0.1244597878592367,1.9595167851973945,18,18,0,1.9647617979103018,0.26,0.39269908169872414,9.81,1,1,8,21,41,-3.0,3.0,0.01,30.0,60.0,1e-09,1e-12,6,0.0001,1,rimless_wheel_roa_gamma_0.260.csv,91.23533471359558
8,21,0.18146018366025518,0.1499999999999999,-0.2,rolling,6.979999999999896,-0.13110182513560065,1.963749675234364,18,18,0,1.9647620261983725,0.26,0.39269908169872414,9.81,1,1,8,21,41,-3.0,3.0,0.01,30.0,60.0,1e-09,1e-12,6,0.0001,1,rimless_wheel_roa_gamma_0.260.csv,91.23533471359558
8,22,0.18146018366025518,0.2999999999999998,-0.2,rolling,6.919999999999897,-0.12118527411454558,1.957507432255734,18,18,0,1.9647627142557365,0.26,0.39269908169872414,9.81,1,1,8,21,41,-3.0,3.0,0.01,30.0,60.0,1e-09,1e-12,6,0.0001,1,rimless_wheel_roa_gamma_0.260.csv,91.23533471359558
8,23,0.18146018366025518,0.44999999999999973,-0.2,rolling,6.859999999999898,-0.12530241473161713,1.9600423510115,18,18,0,1.9647638618023324,0.26,0.39269908169872414,9.81,1,1,8,21,41,-3.0,3.0,0.01,30.0,60.0,1e-09,1e-12,6,0.0001,1,rimless_wheel_roa_gamma_0.260.csv,91.23533471359558
8,24,0.18146018366025518,0.5999999999999996,-0.2,rolling,6.809999999999899,-0.11910717204796281,1.9562590599691188,18,18,0,1.9647654670287322,0.26,0.39269908169872414,9.81,1,1,8,21,41,-3.0,3.0,0.01,30.0,60.0,1e-09,1e-12,6,0.0001,1,rimless_wheel_roa_gamma_0.260.csv,91.23533471359558
8,25,0.18146018366025518,0.75,-0.2,rolling,6.7599999999999,-0.1194312251955195,1.9564526036387144,18,18,0,1.9647675309405341,0.26,0.39269908169872414,9.81,1,1,8,21,41,-3.0,3.0,0.01,30.0,60.0,1e-09,1e-12,6,0.0001,1,rimless_wheel_roa_gamma_0.260.csv,91.23533471359558
8,26,0.18146018366025518,0.8999999999999999,-0.2,rolling,6.349999999999909,-0.11507271086780126,1.953891451738155,17,17,0,1.9647374339779742,0.26,0.39269908169872414,9.81,1,1,8,21,41,-3.0,3.0,0.01,30.0,60.0,1e-09,1e-12,6,0.0001,1,rimless_wheel_roa_gamma_0.260.csv,91.23533471359558
8,27,0.18146018366025518,1.0499999999999998,-0.2,rolling,6.29999999999991,-0.12418468676408924,1.9593442380645805,17,17,0,1.9647433969382193,0.26,0.39269908169872414,9.81,1,1,8,21,41,-3.0,3.0,0.01,30.0,60.0,1e-09,1e-12,6,0.0001,1,rimless_wheel_roa_gamma_0.260.csv,91.23533471359558
8,28,0.18146018366025518,1.2000000000000002,-0.2,rolling,6.259999999999911,-0.1170339762758262,1.9550325636062411,17,17,0,1.964750277487722,0.26,0.39269908169872414,9.81,1,1,8,21,41,-3.0,3.0,0.01,30.0,60.0,1e-09,1e-12,6,0.0001,1,rimless_wheel_roa_gamma_0.260.csv,91.23533471359558
8,29,0.18146018366025518,1.3499999999999996,-0.2,rolling,6.209999999999912,-0.13240583352555568,1.9646049073490177,17,17,0,1.9647580755297556,0.26,0.39269908169872414,9.81,1,1,8,21,41,-3.0,3.0,0.01,30.0,60.0,1e-09,1e-12,6,0.0001,1,rimless_wheel_roa_gamma_0.260.csv,91.23533471359558
8,30,0.18146018366025518,1.5,-0.2,rolling,6.169999999999913,-0.13086421840934429,1.963595094064283,17,17,0,1.9647667912090494,0.26,0.39269908169872414,9.81,1,1,8,21,41,-3.0,3.0,0.01,30.0,60.0,1e-09,1e-12,6,0.0001,1,rimless_wheel_roa_gamma_0.260.csv,91.23533471359558
8,31,0.18146018366025518,1.6499999999999995,-0.2,rolling,5.769999999999921,-0.12224812344444082,1.9581528446121574,16,16,0,1.9647501739533688,0.26,0.39269908169872414,9.81,1,1,8,21,41,-3.0,3.0,0.01,30.0,60.0,1e-09,1e-12,6,0.0001,1,rimless_wheel_roa_gamma_0.260.csv,91.23533471359558
8,32,0.18146018366025518,1.7999999999999998,-0.2,rolling,5.36999999999993,-0.11602433736274907,1.9544424568195609,15,15,0,1.9647398747885685,0.26,0.39269908169872414,9.81,1,1,8,21,41,-3.0,3.0,0.01,30.0,60.0,1e-09,1e-12,6,0.0001,1,rimless_wheel_roa_gamma_0.260.csv,91.23533471359558
8,33,0.18146018366025518,1.9500000000000002,-0.2,rolling,4.959999999999939,-0.13164658678290544,1.9641067817413351,14,14,0,1.964768816298802,0.26,0.39269908169872414,9.81,1,1,8,21,41,-3.0,3.0,0.01,30.0,60.0,1e-09,1e-12,6,0.0001,1,rimless_wheel_roa_gamma_0.260.csv,91.23533471359558
8,34,0.18146018366025518,2.0999999999999996,-0.2,rolling,4.929999999999939,-0.11982167822198302,1.9566958350888608,14,14,0,1.9648678895730562,0.26,0.39269908169872414,9.81,1,1,8,21,41,-3.0,3.0,0.01,30.0,60.0,1e-09,1e-12,6,0.0001,1,rimless_wheel_roa_gamma_0.260.csv,91.23533471359558
8,35,0.18146018366025518,2.25,-0.2,rolling,5.619999999999925,-0.12922249584546777,1.9625387121158322,16,16,0,1.9648455799690518,0.26,0.39269908169872414,9.81,1,1,8,21,41,-3.0,3.0,0.01,30.0,60.0,1e-09,1e-12,6,0.0001,1,rimless_wheel_roa_gamma_0.260.csv,91.23533471359558
8,36,0.18146018366025518,2.3999999999999995,-0.2,rolling,5.949999999999918,-0.13101677728198388,1.9637014227513379,17,17,0,1.9648383453169682,0.26,0.39269908169872414,9.81,1,1,8,21,41,-3.0,3.0,0.01,30.0,60.0,1e-09,1e-12,6,0.0001,1,rimless_wheel_roa_gamma_0.260.csv,91.23533471359558
8,37,0.18146018366025518,2.55,-0.2,rolling,5.919999999999918,-0.12510394573680855,1.959926859001797,17,17,0,1.9648534812665457,0.26,0.39269908169872414,9.81,1,1,8,21,41,-3.0,3.0,0.01,30.0,60.0,1e-09,1e-12,6,0.0001,1,rimless_wheel_roa_gamma_0.260.csv,91.23533471359558
8,38,0.18146018366025518,2.7,-0.2,rolling,6.249999999999911,-0.13058364115163693,1.9634189718975066,18,18,0,1.9648361045237968,0.26,0.39269908169872414,9.81,1,1,8,21,41,-3.0,3.0,0.01,30.0,60.0,1e-09,1e-12,6,0.0001,1,rimless_wheel_roa_gamma_0.260.csv,91.23533471359558
8,39,0.18146018366025518,2.8499999999999996,-0.2,rolling,6.219999999999912,-0.12819089847664283,1.9618766535965364,18,18,0,1.9648445889084287,0.26,0.39269908169872414,9.81,1,1,8,21,41,-3.0,3.0,0.01,30.0,60.0,1e-09,1e-12,6,0.0001,1,rimless_wheel_roa_gamma_0.260.csv,91.23533471359558
8,40,0.18146018366025518,3.0,-0.2,rolling,6.1899999999999125,-0.12744133278071043,1.9613996892488426,18,18,0,1.9648535339014463,0.26,0.39269908169872414,9.81,1,1,8,21,41,-3.0,3.0,0.01,30.0,60.0,1e-09,1e-12,6,0.0001,1,rimless_wheel_roa_gamma_0.260.csv,91.23533471359558
9,0,0.2207300918301276,-3.0,-0.1,settled,1.1500000000000008,-0.13269908169872413,0.0,3,1,2,nan,0.26,0.39269908169872414,9.81,1,1,8,21,41,-3.0,3.0,0.01,30.0,60.0,1e-09,1e-12,6,0.0001,1,rimless_wheel_roa_gamma_0.260.csv,91.23533471359558
9,1,0.2207300918301276,-2.85,-0.1,rolling,8.109999999999872,-0.12876038315667782,1.9622337578750928,19,18,1,1.9647638216964876,0.26,0.39269908169872414,9.81,1,1,8,21,41,-3.0,3.0,0.01,30.0,60.0,1e-09,1e-12,6,0.0001,1,rimless_wheel_roa_gamma_0.260.csv,91.23533471359558
9,2,0.2207300918301276,-2.7,-0.1,rolling,7.669999999999881,-0.11813229363048991,1.9556798751979567,19,18,1,1.964759580147458,0.26,0.39269908169872414,9.81,1,1,8,21,41,-3.0,3.0,0.01,30.0,60.0,1e-09,1e-12,6,0.0001,1,rimless_wheel_roa_gamma_0.260.csv,91.23533471359558
9,3,0.2207300918301276,-2.55,-0.1,rolling,7.519999999999884,-0.12267058580783226,1.9584118760425195,19,18,1,1.9647555652241653,0.26,0.39269908169872414,9.81,1,1,8,21,41,-3.0,3.0,0.01,30.0,60.0,1e-09,1e-12,6,0.0001,1,rimless_wheel_roa_gamma_0.260.csv,91.23533471359558
9,4,0.2207300918301276,-2.4,-0.1,rolling,7.439999999999886,-0.12862567949977016,1.962146181927747,19,18,1,1.9647517810652582,0.26,0.39269908169872414,9.81,1,1,8,21,41,-3.0,3.0,0.01,30.0,60.0,1e-09,1e-12,6,0.0001,1,rimless_wheel_roa_gamma_0.260.csv,91.23533471359558
9,5,0.2207300918301276,-2.25,-0.1,rolling,7.399999999999887,-0.12466802915037879,1.9596450099428988,19,18,1,1.964748226910672,0.26,0.39269908169872414,9.81,1,1,8,21,41,-3.0,3.0,0.01,30.0,60.0,1e-09,1e-12,6,0.0001,1,rimless_wheel_roa_gamma_0.260.csv,91.23533471359558
9,6,0.2207300918301276,-2.1,-0.1,rolling,7.379999999999887,-0.12666879977338258,1.9608996585332743,19,18,1,1.964744900239398,0.26,0.39269908169872414,9.81,1,1,8,21,41,-3.0,3.0,0.01,30.0,60.0,1e-09,1e-12,6,0.0001,1,rimless_wheel_roa_gamma_0.260.csv,91.23533471359558
9,7,0.2207300918301276,-1.95,-0.1,rolling,7.379999999999887,-0.12581053736041733,1.9603586896878276,19,18,1,1.96474180482374,0.26,0.39269908169872414,9.81,1,1,8,21,41,-3.0,3.0,0.01,30.0,60.0,1e-09,1e-12,6,0.0001,1,rimless_wheel_roa_gamma_0.260.csv,91.23533471359558
9,8,0.2207300918301276,-1.8,-0.1,rolling,7.399999999999887,-0.1203982374185072,1.9570298307413707,19,18,1,1.9647389373909683,0.26,0.39269908169872414,9.81,1,1,8,21,41,-3.0,3.0,0.01,30.0,60.0,1e-09,1e-12,6,0.0001,1,rimless_wheel_roa_gamma_0.260.csv,91.23533471359558
9,9,0.2207300918301276,-1.6500000000000001,-0.1,rolling,7.799999999999878,-0.12395720107248874,1.9592057725173588,20,19,1,1.964769486402404,0.26,0.39269908169872414,9.81,1,1,8,21,41,-3.0,3.0,0.01,30.0,60.0,1e-09,1e-12,6,0.0001,1,rimless_wheel_roa_gamma_0.260.csv,91.23533471359558
9,10,0.2207300918301276,-1.5,-0.1,rolling,7.859999999999877,-0.12878670855456079,1.9622510847462353,20,19,1,1.9647682826031474,0.26,0.39269908169872414,9.81,1,1,8,21,41,-3.0,3.0,0.01,30.0,60.0,1e-09,1e-12,6,0.0001,1,rimless_wheel_roa_gamma_0.260.csv,91.23533471359558
9,11,0.2207300918301276,-1.35,-0.1,rolling,7.959999999999875,-0.13199386670591354,1.9643345989231351,20,19,1,1.9647671934470015,0.26,0.39269908169872414,9.81,1,1,8,21,41,-3.0,3.0,0.01,30.0,60.0,1e-09,1e-12,6,0.0001,1,rimless_wheel_roa_gamma_0.260.csv,91.23533471359558
9,12,0.2207300918301276,-1.2000000000000002,-0.1,rolling,8.139999999999871,-0.12813264787563697,1.9618319486381135,20,19,1,1.9647662184157806,0.26,0.39269908169872414,9.81,1,1,8,21,41,-3.0,3.0,0.01,30.0,60.0,1e-09,1e-12,6,0.0001,1,rimless_wheel_roa_gamma_0.260.csv,91.23533471359558
9,13,0.2207300918301276,-1.05,-0.1,rolling,8.589999999999861,-0.12966767291172604,1.9628182920689223,20,19,1,1.9647653583848255,0.26,0.39269908169872414,9.81,1,1,8,21,41,-3.0,3.0,0.01,30.0,60.0,1e-09,1e-12,6,0.0001,1,rimless_wheel_roa_gamma_0.260.csv,91.23533471359558
9,14,0.2207300918301276,-0.8999999999999999,-0.1,settled,0.7100000000000004,-0.13269908169872413,0.0,2,1,1,nan,0.26,0.39269908169872414,9.81,1,1,8,21,41,-3.0,3.0,0.01,30.0,60.0,1e-09,1e-12,6,0.0001,1,rimless_wheel_roa_gamma_0.260.csv,91.23533471359558
9,15,0.2207300918301276,-0.75,-0.1,settled,1.0000000000000007,-0.13269908169872413,0.0,2,1,1,nan,0.26,0.39269908169872414,9.81,1,1,8,21,41,-3.0,3.0,0.01,30.0,60.0,1e-09,1e-12,6,0.0001,1,rimless_wheel_roa_gamma_0.260.csv,91.23533471359558
9,16,0.2207300918301276,-0.6000000000000001,-0.1,rolling,7.6399999999998816,-0.11803219780948528,1.9556211348909611,18,18,0,1.964763897802241,0.26,0.39269908169872414,9.81,1,1,8,21,41,-3.0,3.0,0.01,30.0,60.0,1e-09,1e-12,6,0.0001,1,rimless_wheel_roa_gamma_0.260.csv,91.23533471359558
9,17,0.2207300918301276,-0.4500000000000002,-0.1,rolling,7.329999999999888,-0.130216525804512,1.9631734123115847,18,18,0,1.9647622926877888,0.26,0.39269908169872414,9.81,1,1,8,21,41,-3.0,3.0,0.01,30.0,60.0,1e-09,1e-12,6,0.0001,1,rimless_wheel_roa_gamma_0.260.csv,91.23533471359558
9,18,0.2207300918301276,-0.30000000000000027,-0.1,rolling,7.189999999999891,-0.1140073557427484,1.9532823041151053,18,18,0,1.9647611456075114,0.26,0.39269908169872414,9.81,1,1,8,21,41,-3.0,3.0,0.01,30.0,60.0,1e-09,1e-12,6,0.0001,1,rimless_wheel_roa_gamma_0.260.csv,91.23533471359558
9,19,0.2207300918301276,-0.1499999999999999,-0.1,rolling,7.089999999999893,-0.11406583000116971,1.9533156555878566,18,18,0,1.9647604578221498,0.26,0.39269908169872414,9.81,1,1,8,21,41,-3.0,3.0,0.01,30.0,60.0,1e-09,1e-12,6,0.0001,1,rimless_wheel_roa_gamma_0.260.csv,91.23533471359558
9,20,0.2207300918301276,0.0,-0.1,rolling,7.009999999999895,-0.11947895786339456,1.956480428827268,18,18,0,1.964760228184195,0.26,0.39269908169872414,9.81,1,1,8,21,41,-3.0,3.0,0.01,30.0,60.0,1e-09,1e-12,6,0.0001,1,rimless_wheel_roa_gamma_0.260.csv,91.23533471359558
9,21,0.2207300918301276,0.1499999999999999,-0.1,rolling,6.9399999999998965,-0.12989824646144266,1.9629669590843235,18,18,0,1.9647604576794722,0.26,0.39269908169872414,9.81,1,1,8,21,41,-3.0,3.0,0.01,30.0,60.0,1e-09,1e-12,6,0.0001,1,rimless_wheel_roa_gamma_0.260.csv,91.23533471359558
9,22,0.2207300918301276,0.2999999999999998,-0.1,rolling,6.8899999999998975,-0.11588784904315773,1.9543652303641716,18,18,0,1.9647611460865007,0.26,0.39269908169872414,9.81,1,1,8,21,41,-3.0,3.0,0.01,30.0,60.0,1e-09,1e-12,6,0.0001,1,rimless_wheel_roa_gamma_0.260.csv,91.23533471359558
9,23,0.2207300918301276,0.44999999999999973,-0.1,rolling,6.829999999999899,-0.13084461009849901,1.9635818832288399,18,18,0,1.9647622923367225,0.26,0.39269908169872414,9.81,1,1,8,21,41,-3.0,3.0,0.01,30.0,60.0,1e-09,1e-12,6,0.0001,1,rimless_wheel_roa_gamma_0.260.csv,91.23533471359558
9,24,0.2207300918301276,0.5999999999999996,-0.1,rolling,6.7799999999999,-0.13252311335321176,1.964682806842984,18,18,0,1.964763897750231,0.26,0.39269908169872414,9.81,1,1,8,21,41,-3.0,3.0,0.01,30.0,60.0,1e-09,1e-12,6,0.0001,1,rimless_wheel_roa_gamma_0.260.csv,91.23533471359558
9,25,0.2207300918301276,0.75,-0.1,rolling,6.739999999999901,-0.1191206078029664,1.9562671150287558,18,18,0,1.9647659629754337,0.26,0.39269908169872414,9.81,1,1,8,21,41,-3.0,3.0,0.01,30.0,60.0,1e-09,1e-12,6,0.0001,1,rimless_wheel_roa_gamma_0.260.csv,91.23533471359558
9,26,0.2207300918301276,0.8999999999999999,-0.1,rolling,6.689999999999902,-0.1288143671694542,1.962268865922852,18,18,0,1.9647684843877198,0.26,0.39269908169872414,9.81,1,1,8,21,41,-3.0,3.0,0.01,30.0,60.0,1e-09,1e-12,6,0.0001,1,rimless_wheel_roa_gamma_0.260.csv,91.23533471359558
9,27,0.2207300918301276,1.0499999999999998,-0.1,rolling,6.2799999999999105,-0.13184501394979958,1.9642342488457603,17,17,0,1.9647402592865035,0.26,0.39269908169872414,9.81,1,1,8,21,41,-3.0,3.0,0.01,30.0,60.0,1e-09,1e-12,6,0.0001,1,rimless_wheel_roa_gamma_0.260.csv,91.23533471359558
9,28,0.2207300918301276,1.2000000000000002,-0.1,rolling,6.239999999999911,-0.12743906736142785,1.9613880967755988,17,17,0,1.9647471399221923,0.26,0.39269908169872414,9.81,1,1,8,21,41,-3.0,3.0,0.01,30.0,60.0,1e-09,1e-12,6,0.0001,1,rimless_wheel_roa_gamma_0.260.csv,91.23533471359558
9,29,0.2207300918301276,1.3499999999999996,-0.1,rolling,6.199999999999912,-0.12544163394349198,1.9601286251416539,17,17,0,1.964754937700368,0.26,0.39269908169872414,9.81,1,1,8,21,41,-3.0,3.0,0.01,30.0,60.0,1e-09,1e-12,6,0.0001,1,rimless_wheel_roa_gamma_0.260.csv,91.23533471359558
9,30,0.2207300918301276,1.5,-0.1,rolling,6.159999999999913,-0.12573584960646672,1.9603138913762033,17,17,0,1.964763654436749,0.26,0.39269908169872414,9.81,1,1,8,21,41,-3.0,3.0,0.01,30.0,60.0,1e-09,1e-12,6,0.0001,1,rimless_wheel_roa_gamma_0.260.csv,91.23533471359558
9,31,0.2207300918301276,1.6499999999999995,-0.1,rolling,5.759999999999922,-0.1186629277105076,1.9559927563416784,16,16,0,1.9647438981533947,0.26,0.39269908169872414,9.81,1,1,8,21,41,-3.0,3.0,0.01,30.0,60.0,1e-09,1e-12,6,0.0001,1,rimless_wheel_roa_gamma_0.260.csv,91.23533471359558
9,32,0.2207300918301276,1.7999999999999998,-0.1,rolling,5.7199999999999225,-0.12331093327710495,1.958806248124982,16,16,0,1.9647649995127914,0.26,0.39269908169872414,9.81,1,1,8,21,41,-3.0,3.0,0.01,30.0,60.0,1e-09,1e-12,6,0.0001,1,rimless_wheel_roa_gamma_0.260.csv,91.23533471359558
9,33,0.2207300918301276,1.9500000000000002,-0.1,rolling,4.949999999999939,-0.1304809564735339,1.9633433853788425,14,14,0,1.9647437178411318,0.26,0.39269908169872414,9.81,1,1,8,21,41,-3.0,3.0,0.01,30.0,60.0,1e-09,1e-12,6,0.0001,1,rimless_wheel_roa_gamma_0.260.csv,91.23533471359558
9,34,0.2207300918301276,2.0999999999999996,-0.1,rolling,4.9199999999999395,-0.1196426655034049,1.9565862282647877,14,14,0,1.964842793109226,0.26,0.39269908169872414,9.81,1,1,8,21,41,-3.0,3.0,0.01,30.0,60.0,1e-09,1e-12,6,0.0001,1,rimless_wheel_roa_gamma_0.260.csv,91.23533471359558
9,35,0.2207300918301276,2.25,-0.1,rolling,5.609999999999925,-0.1299164682885296,1.962986273022038,16,16,0,1.9648393067334073,0.26,0.39269908169872414,9.81,1,1,8,21,41,-3.0,3.0,0.01,30.0,60.0,1e-09,1e-12,6,0.0001,1,rimless_wheel_roa_gamma_0.260.csv,91.23533471359558
9,36,0.2207300918301276,2.3999999999999995,-0.1,rolling,5.5799999999999255,-0.12290206167105155,1.9585646015767844,16,16,0,1.9648677434088115,0.26,0.39269908169872414,9.81,1,1,8,21,41,-3.0,3.0,0.01,30.0,60.0,1e-09,1e-12,6,0.0001,1,rimless_wheel_roa_gamma_0.260.csv,91.23533471359558
9,37,0.2207300918301276,2.55,-0.1,rolling,5.909999999999918,-0.12728060844945818,1.9612972766222478,17,17,0,1.9648503443731213,0.26,0.39269908169872414,9.81,1,1,8,21,41,-3.0,3.0,0.01,30.0,60.0,1e-09,1e-12,6,0.0001,1,rimless_wheel_roa_gamma_0.260.csv,91.23533471359558
9,38,0.2207300918301276,2.7,-0.1,rolling,5.879999999999919,-0.12381264307715212,1.959125585148914,17,17,0,1.96486639638571,0.26,0.39269908169872414,9.81,1,1,8,21,41,-3.0,3.0,0.01,30.0,60.0,1e-09,1e-12,6,0.0001,1,rimless_wheel_roa_gamma_0.260.csv,91.23533471359558
9,39,0.2207300918301276,2.8499999999999996,-0.1,rolling,6.209999999999912,-0.13159817013277939,1.9640821129954025,18,18,0,1.9648430210118908,0.26,0.39269908169872414,9.81,1,1,8,21,41,-3.0,3.0,0.01,30.0,60.0,1e-09,1e-12,6,0.0001,1,rimless_wheel_roa_gamma_0.260.csv,91.23533471359558
9,40,0.2207300918301276,3.0,-0.1,rolling,6.179999999999913,-0.13138866422240844,1.963945758613116,18,18,0,1.9648519641999203,0.26,0.39269908169872414,9.81,1,1,8,21,41,-3.0,3.0,0.01,30.0,60.0,1e-09,1e-12,6,0.0001,1,rimless_wheel_roa_gamma_0.260.csv,91.23533471359558
10,0,0.26,-3.0,0.0,settled,1.2400000000000009,-0.13269908169872413,0.0,3,1,2,nan,0.26,0.39269908169872414,9.81,1,1,8,21,41,-3.0,3.0,0.01,30.0,60.0,1e-09,1e-12,6,0.0001,1,rimless_wheel_roa_gamma_0.260.csv,91.23533471359558
10,1,0.26,-2.85,0.0,rolling,7.949999999999875,-0.13259771436560364,1.9647319438154132,19,18,1,1.9647628874593375,0.26,0.39269908169872414,9.81,1,1,8,21,41,-3.0,3.0,0.01,30.0,60.0,1e-09,1e-12,6,0.0001,1,rimless_wheel_roa_gamma_0.260.csv,91.23533471359558
10,2,0.26,-2.7,0.0,rolling,7.6399999999998816,-0.11921218190024474,1.9563210077216058,19,18,1,1.9647586457005772,0.26,0.39269908169872414,9.81,1,1,8,21,41,-3.0,3.0,0.01,30.0,60.0,1e-09,1e-12,6,0.0001,1,rimless_wheel_roa_gamma_0.260.csv,91.23533471359558
10,3,0.26,-2.55,0.0,rolling,7.509999999999884,-0.1276540478350268,1.9615255779030867,19,18,1,1.964754630347356,0.26,0.39269908169872414,9.81,1,1,8,21,41,-3.0,3.0,0.01,30.0,60.0,1e-09,1e-12,6,0.0001,1,rimless_wheel_roa_gamma_0.260.csv,91.23533471359558
10,4,0.26,-2.4,0.0,rolling,7.449999999999886,-0.11501792584497128,1.9538611608451613,19,18,1,1.964750846339568,0.26,0.39269908169872414,9.81,1,1,8,21,41,-3.0,3.0,0.01,30.0,60.0,1e-09,1e-12,6,0.0001,1,rimless_wheel_roa_gamma_0.260.csv,91.23533471359558
10,5,0.26,-2.25,0.0,rolling,7.4099999999998865,-0.12544685204831316,1.9601311641487564,19,18,1,1.964747291590288,0.26,0.39269908169872414,9.81,1,1,8,21,41,-3.0,3.0,0.01,30.0,60.0,1e-09,1e-12,6,0.0001,1,rimless_wheel_roa_gamma_0.260.csv,91.23533471359558
10,6,0.26,-2.1,0.0,rolling,7.399999999999887,-0.12068320654921773,1.9572020751319694,19,18,1,1.9647439658159518,0.26,0.39269908169872414,9.81,1,1,8,21,41,-3.0,3.0,0.01,30.0,60.0,1e-09,1e-12,6,0.0001,1,rimless_wheel_roa_gamma_0.260.csv,91.23533471359558
10,7,0.26,-1.95,0.0,rolling,7.4099999999998865,-0.11390102312468506,1.9532196378948627,19,18,1,1.9647408699002027,0.26,0.39269908169872414,9.81,1,1,8,21,41,-3.0,3.0,0.01,30.0,60.0,1e-09,1e-12,6,0.0001,1,rimless_wheel_roa_gamma_0.260.csv,91.23533471359558
10,8,0.26,-1.8,0.0,rolling,7.429999999999886,-0.12519269572180758,1.959971282284205,19,18,1,1.9647380024640366,0.26,0.39269908169872414,9.81,1,1,8,21,41,-3.0,3.0,0.01,30.0,60.0,1e-09,1e-12,6,0.0001,1,rimless_wheel_roa_gamma_0.260.csv,91.23533471359558
10,9,0.26,-1.6500000000000001,0.0,rolling,7.839999999999877,-0.1323576238383787,1.9645741733333388,20,19,1,1.9647690186898146,0.26,0.39269908169872414,9.81,1,1,8,21,41,-3.0,3.0,0.01,30.0,60.0,1e-09,1e-12,6,0.0001,1,rimless_wheel_roa_gamma_0.260.csv,91.23533471359558
10,10,0.26,-1.5,0.0,rolling,7.929999999999875,-0.11514658607909375,1.9539369616441893,20,19,1,1.964767815217047,0.26,0.39269908169872414,9.81,1,1,8,21,41,-3.0,3.0,0.01,30.0,60.0,1e-09,1e-12,6,0.0001,1,rimless_wheel_roa_gamma_0.260.csv,91.23533471359558
10,11,0.26,-1.35,0.0,rolling,8.059999999999873,-0.12975458695539832,1.9628746084020638,20,19,1,1.9647667267656692,0.26,0.39269908169872414,9.81,1,1,8,21,41,-3.0,3.0,0.01,30.0,60.0,1e-09,1e-12,6,0.0001,1,rimless_wheel_roa_gamma_0.260.csv,91.23533471359558
10,12,0.26,-1.2000000000000002,0.0,rolling,8.339999999999867,-0.12733962815802377,1.961326686113136,20,19,1,1.9647657506149976,0.26,0.39269908169872414,9.81,1,1,8,21,41,-3.0,3.0,0.01,30.0,60.0,1e-09,1e-12,6,0.0001,1,rimless_wheel_roa_gamma_0.260.csv,91.23533471359558
10,13,0.26,-1.05,0.0,settled,0.7100000000000004,-0.13269908169872413,0.0,2,1,1,nan,0.26,0.39269908169872414,9.81,1,1,8,21,41,-3.0,3.0,0.01,30.0,60.0,1e-09,1e-12,6,0.0001,1,rimless_wheel_roa_gamma_0.260.csv,91.23533471359558
10,14,0.26,-0.8999999999999999,0.0,settled,0.9100000000000006,-0.13269908169872413,0.0,2,1,1,nan,0.26,0.39269908169872414,9.81,1,1,8,21,41,-3.0,3.0,0.01,30.0,60.0,1e-09,1e-12,6,0.0001,1,rimless_wheel_roa_gamma_0.260.csv,91.23533471359558
10,15,0.26,-0.75,0.0,rolling,7.759999999999879,-0.1136902838762101,1.953101674138396,18,18,0,1.964764091986462,0.26,0.39269908169872414,9.81,1,1,8,21,41,-3.0,3.0,0.01,30.0,60.0,1e-09,1e-12,6,0.0001,1,rimless_wheel_roa_gamma_0.260.csv,91.23533471359558
10,16,0.26,-0.6000000000000001,0.0,rolling,7.379999999999887,-0.1137083847091949,1.9531117906491822,18,18,0,1.9647620277302937,0.26,0.39269908169872414,9.81,1,1,8,21,41,-3.0,3.0,0.01,30.0,60.0,1e-09,1e-12,6,0.0001,1,rimless_wheel_roa_gamma_0.260.csv,91.23533471359558
10,17,0.26,-0.4500000000000002,0.0,rolling,7.209999999999891,-0.13119477966603973,1.9638102471337522,18,18,0,1.9647604237648084,0.26,0.39269908169872414,9.81,1,1,8,21,41,-3.0,3.0,0.01,30.0,60.0,1e-09,1e-12,6,0.0001,1,rimless_wheel_roa_gamma_0.260.csv,91.23533471359558
10,18,0.26,-0.30000000000000027,0.0,rolling,7.109999999999893,-0.12397701563348734,1.9592170659904797,18,18,0,1.9647592760824704,0.26,0.39269908169872414,9.81,1,1,8,21,41,-3.0,3.0,0.01,30.0,60.0,1e-09,1e-12,6,0.0001,1,rimless_wheel_roa_gamma_0.260.csv,91.23533471359558
10,19,0.26,-0.1499999999999999,0.0,rolling,7.0299999999998946,-0.12799682524471698,1.9617444802909534,18,18,0,1.9647585883342351,0.26,0.39269908169872414,9.81,1,1,8,21,41,-3.0,3.0,0.01,30.0,60.0,1e-09,1e-12,6,0.0001,1,rimless_wheel_roa_gamma_0.260.csv,91.23533471359558
10,20,0.26,0.0,0.0,rolling,6.969999999999896,-0.11983494318381392,1.956693308547238,18,18,0,1.9647583589818753,0.26,0.39269908169872414,9.81,1,1,8,21,41,-3.0,3.0,0.01,30.0,60.0,1e-09,1e-12,6,0.0001,1,rimless_wheel_roa_gamma_0.260.csv,91.23533471359558
10,21,0.26,0.1499999999999999,0.0,rolling,6.909999999999897,-0.12738290940692026,1.9613534987457302,18,18,0,1.9647585880284966,0.26,0.39269908169872414,9.81,1,1,8,21,41,-3.0,3.0,0.01,30.0,60.0,1e-09,1e-12,6,0.0001,1,rimless_wheel_roa_gamma_0.260.csv,91.23533471359558
10,22,0.26,0.2999999999999998,0.0,rolling,6.859999999999898,-0.12491581911890409,1.959800453895538,18,18,0,1.9647592759463663,0.26,0.39269908169872414,9.81,1,1,8,21,41,-3.0,3.0,0.01,30.0,60.0,1e-09,1e-12,6,0.0001,1,rimless_wheel_roa_gamma_0.260.csv,91.23533471359558
10,23,0.26,0.44999999999999973,0.0,rolling,6.809999999999899,-0.12853409087318787,1.9620882881825175,18,18,0,1.9647604234138132,0.26,0.39269908169872414,9.81,1,1,8,21,41,-3.0,3.0,0.01,30.0,60.0,1e-09,1e-12,6,0.0001,1,rimless_wheel_roa_gamma_0.260.csv,91.23533471359558
10,24,0.26,0.5999999999999996,0.0,rolling,6.7699999999999,-0.11664138642072872,1.9548040355836742,18,18,0,1.9647620287298715,0.26,0.39269908169872414,9.81,1,1,8,21,41,-3.0,3.0,0.01,30.0,60.0,1e-09,1e-12,6,0.0001,1,rimless_wheel_roa_gamma_0.260.csv,91.23533471359558
10,25,0.26,0.75,0.0,rolling,6.719999999999901,-0.1272990970055514,1.9613007881986388,18,18,0,1.9647640931982628,0.26,0.39269908169872414,9.81,1,1,8,21,41,-3.0,3.0,0.01,30.0,60.0,1e-09,1e-12,6,0.0001,1,rimless_wheel_roa_gamma_0.260.csv,91.23533471359558
10,26,0.26,0.8999999999999999,0.0,rolling,6.679999999999902,-0.12076390800266676,1.9572529519091932,18,18,0,1.9647666153079262,0.26,0.39269908169872414,9.81,1,1,8,21,41,-3.0,3.0,0.01,30.0,60.0,1e-09,1e-12,6,0.0001,1,rimless_wheel_roa_gamma_0.260.csv,91.23533471359558
10,27,0.26,1.0499999999999998,0.0,rolling,6.639999999999903,-0.11635882269537601,1.9546399252876663,18,18,0,1.9647695959827824,0.26,0.39269908169872414,9.81,1,1,8,21,41,-3.0,3.0,0.01,30.0,60.0,1e-09,1e-12,6,0.0001,1,rimless_wheel_roa_gamma_0.260.csv,91.23533471359558
10,28,0.26,1.2000000000000002,0.0,rolling,6.229999999999912,-0.12396388365318135,1.9592074185455381,17,17,0,1.9647434005336015,0.26,0.39269908169872414,9.81,1,1,8,21,41,-3.0,3.0,0.01,30.0,60.0,1e-09,1e-12,6,0.0001,1,rimless_wheel_roa_gamma_0.260.csv,91.23533471359558
10,29,0.26,1.3499999999999996,0.0,rolling,6.1899999999999125,-0.12355747608662339,1.9589569468852641,17,17,0,1.9647511996956541,0.26,0.39269908169872414,9.81,1,1,8,21,41,-3.0,3.0,0.01,30.0,60.0,1e-09,1e-12,6,0.0001,1,rimless_wheel_roa_gamma_0.260.csv,91.23533471359558
10,30,0.26,1.5,0.0,rolling,6.149999999999913,-0.12513992250934491,1.959940397894898,17,17,0,1.964759914220344,0.26,0.39269908169872414,9.81,1,1,8,21,41,-3.0,3.0,0.01,30.0,60.0,1e-09,1e-12,6,0.0001,1,rimless_wheel_roa_gamma_0.260.csv,91.23533471359558
10,31,0.26,1.6499999999999995,0.0,rolling,6.109999999999914,-0.12871558269098857,1.962205549619124,17,17,0,1.964769547523671,0.26,0.39269908169872414,9.81,1,1,8,21,41,-3.0,3.0,0.01,30.0,60.0,1e-09,1e-12,6,0.0001,1,rimless_wheel_roa_gamma_0.260.csv,91.23533471359558
10,32,0.26,1.7999999999999998,0.0,rolling,5.709999999999923,-0.12468339112800221,1.9596554610968966,16,16,0,1.9647575217211906,0.26,0.39269908169872414,9.81,1,1,8,21,41,-3.0,3.0,0.01,30.0,60.0,1e-09,1e-12,6,0.0001,1,rimless_wheel_roa_gamma_0.260.csv,91.23533471359558
10,33,0.26,1.9500000000000002,0.0,rolling,5.309999999999931,-0.1226140629516028,1.9583774939445289,15,15,0,1.964758240034713,0.26,0.39269908169872414,9.81,1,1,8,21,41,-3.0,3.0,0.01,30.0,60.0,1e-09,1e-12,6,0.0001,1,rimless_wheel_roa_gamma_0.260.csv,91.23533471359558
10,34,0.26,2.0999999999999996,0.0,rolling,4.179999999999955,-0.12290242808256828,1.9585625119290495,12,12,0,1.9648435183811583,0.26,0.39269908169872414,9.81,1,1,8,21,41,-3.0,3.0,0.01,30.0,60.0,1e-09,1e-12,6,0.0001,1,rimless_wheel_roa_gamma_0.260.csv,91.23533471359558
10,35,0.26,2.25,0.0,rolling,5.239999999999933,-0.12377016602353091,1.9590988069504687,15,15,0,1.9648609837803068,0.26,0.39269908169872414,9.81,1,1,8,21,41,-3.0,3.0,0.01,30.0,60.0,1e-09,1e-12,6,0.0001,1,rimless_wheel_roa_gamma_0.260.csv,91.23533471359558
10,36,0.26,2.3999999999999995,0.0,rolling,5.569999999999926,-0.1268891475815024,1.9610500451351005,16,16,0,1.964860265841196,0.26,0.39269908169872414,9.81,1,1,8,21,41,-3.0,3.0,0.01,30.0,60.0,1e-09,1e-12,6,0.0001,1,rimless_wheel_roa_gamma_0.260.csv,91.23533471359558
10,37,0.26,2.55,0.0,rolling,5.899999999999919,-0.1317739264293078,1.9641977188738395,17,17,0,1.9648466051787148,0.26,0.39269908169872414,9.81,1,1,8,21,41,-3.0,3.0,0.01,30.0,60.0,1e-09,1e-12,6,0.0001,1,rimless_wheel_roa_gamma_0.260.csv,91.23533471359558
10,38,0.26,2.7,0.0,rolling,5.869999999999919,-0.12876066836242112,1.9622433687932932,17,17,0,1.964862658913172,0.26,0.39269908169872414,9.81,1,1,8,21,41,-3.0,3.0,0.01,30.0,60.0,1e-09,1e-12,6,0.0001,1,rimless_wheel_roa_gamma_0.260.csv,91.23533471359558
10,39,0.26,2.8499999999999996,0.0,rolling,6.209999999999912,-0.11737319076891438,1.955240289173438,18,18,0,1.9648411521371847,0.26,0.39269908169872414,9.81,1,1,8,21,41,-3.0,3.0,0.01,30.0,60.0,1e-09,1e-12,6,0.0001,1,rimless_wheel_roa_gamma_0.260.csv,91.23533471359558
10,40,0.26,3.0,0.0,rolling,6.179999999999913,-0.11756027453042302,1.9553511487052644,18,18,0,1.964850094655888,0.26,0.39269908169872414,9.81,1,1,8,21,41,-3.0,3.0,0.01,30.0,60.0,1e-09,1e-12,6,0.0001,1,rimless_wheel_roa_gamma_0.260.csv,91.23533471359558
11,0,0.2992699081698724,-3.0,0.1,settled,1.410000000000001,-0.13269908169872413,0.0,3,1,2,nan,0.26,0.39269908169872414,9.81,1,1,8,21,41,-3.0,3.0,0.01,30.0,60.0,1e-09,1e-12,6,0.0001,1,rimless_wheel_roa_gamma_0.260.csv,91.23533471359558
11,1,0.2992699081698724,-2.85,0.1,rolling,7.849999999999877,-0.11744026158179736,1.955272114148528,19,18,1,1.9647618043465318,0.26,0.39269908169872414,9.81,1,1,8,21,41,-3.0,3.0,0.01,30.0,60.0,1e-09,1e-12,6,0.0001,1,rimless_wheel_roa_gamma_0.260.csv,91.23533471359558
11,2,0.2992699081698724,-2.7,0.1,rolling,7.609999999999882,-0.12390302524008537,1.9591711032795147,19,18,1,1.964757560887674,0.26,0.39269908169872414,9.81,1,1,8,21,41,-3.0,3.0,0.01,30.0,60.0,1e-09,1e-12,6,0.0001,1,rimless_wheel_roa_gamma_0.260.csv,91.23533471359558
11,3,0.2992699081698724,-2.55,0.1,rolling,7.509999999999884,-0.1133511001821113,1.9529076693014242,19,18,1,1.9647535466006254,0.26,0.39269908169872414,9.81,1,1,8,21,41,-3.0,3.0,0.01,30.0,60.0,1e-09,1e-12,6,0.0001,1,rimless_wheel_roa_gamma_0.260.csv,91.23533471359558
11,4,0.2992699081698724,-2.4,0.1,rolling,7.449999999999886,-0.12180196722417795,1.9578807168213836,19,18,1,1.964749761830593,0.26,0.39269908169872414,9.81,1,1,8,21,41,-3.0,3.0,0.01,30.0,60.0,1e-09,1e-12,6,0.0001,1,rimless_wheel_roa_gamma_0.260.csv,91.23533471359558
11,5,0.2992699081698724,-2.25,0.1,rolling,7.419999999999886,-0.12841667753124536,1.9620117192441395,19,18,1,1.9647462086248353,0.26,0.39269908169872414,9.81,1,1,8,21,41,-3.0,3.0,0.01,30.0,60.0,1e-09,1e-12,6,0.0001,1,rimless_wheel_roa_gamma_0.260.csv,91.23533471359558
11,6,0.2992699081698724,-2.1,0.1,rolling,7.419999999999886,-0.11889576169001986,1.9561310340934075,19,18,1,1.9647428821630903,0.26,0.39269908169872414,9.81,1,1,8,21,41,-3.0,3.0,0.01,30.0,60.0,1e-09,1e-12,6,0.0001,1,rimless_wheel_roa_gamma_0.260.csv,91.23533471359558
11,7,0.2992699081698724,-1.95,0.1,rolling,7.429999999999886,-0.12874768144718537,1.9622233116795391,19,18,1,1.964739785088035,0.26,0.39269908169872414,9.81,1,1,8,21,41,-3.0,3.0,0.01,30.0,60.0,1e-09,1e-12,6,0.0001,1,rimless_wheel_roa_gamma_0.260.csv,91.23533471359558
11,8,0.2992699081698724,-1.8,0.1,rolling,7.8299999999998775,-0.13205178252193409,1.964372921267825,20,19,1,1.9647697965818338,0.26,0.39269908169872414,9.81,1,1,8,21,41,-3.0,3.0,0.01,30.0,60.0,1e-09,1e-12,6,0.0001,1,rimless_wheel_roa_gamma_0.260.csv,91.23533471359558
11,9,0.2992699081698724,-1.6500000000000001,0.1,rolling,7.899999999999876,-0.12255649497926724,1.958343211735994,20,19,1,1.964768477714297,0.26,0.39269908169872414,9.81,1,1,8,21,41,-3.0,3.0,0.01,30.0,60.0,1e-09,1e-12,6,0.0001,1,rimless_wheel_roa_gamma_0.260.csv,91.23533471359558
11,10,0.2992699081698724,-1.5,0.1,rolling,8.009999999999874,-0.12255984096271065,1.9583451434925006,20,19,1,1.9647672732316275,0.26,0.39269908169872414,9.81,1,1,8,21,41,-3.0,3.0,0.01,30.0,60.0,1e-09,1e-12,6,0.0001,1,rimless_wheel_roa_gamma_0.260.csv,91.23533471359558
11,11,0.2992699081698724,-1.35,0.1,rolling,8.20999999999987,-0.13075397289029297,1.963523194245127,20,19,1,1.9647661847604467,0.26,0.39269908169872414,9.81,1,1,8,21,41,-3.0,3.0,0.01,30.0,60.0,1e-09,1e-12,6,0.0001,1,rimless_wheel_roa_gamma_0.260.csv,91.23533471359558
11,12,0.2992699081698724,-1.2000000000000002,0.1,rolling,8.909999999999854,-0.13120613223404995,1.9638181236728902,20,19,1,1.9647652101810786,0.26,0.39269908169872414,9.81,1,1,8,21,41,-3.0,3.0,0.01,30.0,60.0,1e-09,1e-12,6,0.0001,1,rimless_wheel_roa_gamma_0.260.csv,91.23533471359558
11,13,0.2992699081698724,-1.05,0.1,settled,0.8600000000000005,-0.13269908169872413,0.0,2,1,1,nan,0.26,0.39269908169872414,9.81,1,1,8,21,41,-3.0,3.0,0.01,30.0,60.0,1e-09,1e-12,6,0.0001,1,rimless_wheel_roa_gamma_0.260.csv,91.23533471359558
11,14,0.2992699081698724,-0.8999999999999999,0.1,rolling,7.949999999999875,-0.11729219698294727,1.9551853753548403,18,18,0,1.9647644476683634,0.26,0.39269908169872414,9.81,1,1,8,21,41,-3.0,3.0,0.01,30.0,60.0,1e-09,1e-12,6,0.0001,1,rimless_wheel_roa_gamma_0.260.csv,91.23533471359558
11,15,0.2992699081698724,-0.75,0.1,rolling,7.419999999999886,-0.1269431367214788,1.9610748452720321,18,18,0,1.9647619248549744,0.26,0.39269908169872414,9.81,1,1,8,21,41,-3.0,3.0,0.01,30.0,60.0,1e-09,1e-12,6,0.0001,1,rimless_wheel_roa_gamma_0.260.csv,91.23533471359558
11,16,0.2992699081698724,-0.6000000000000001,0.1,rolling,7.23999999999989,-0.131395859892278,1.963941693794401,18,18,0,1.9647598611240047,0.26,0.39269908169872414,9.81,1,1,8,21,41,-3.0,3.0,0.01,30.0,60.0,1e-09,1e-12,6,0.0001,1,rimless_wheel_roa_gamma_0.260.csv,91.23533471359558
11,17,0.2992699081698724,-0.4500000000000002,0.1,rolling,7.139999999999892,-0.11515525214970619,1.9539410459324535,18,18,0,1.9647582562377093,0.26,0.39269908169872414,9.81,1,1,8,21,41,-3.0,3.0,0.01,30.0,60.0,1e-09,1e-12,6,0.0001,1,rimless_wheel_roa_gamma_0.260.csv,91.23533471359558
11,18,0.2992699081698724,-0.30000000000000027,0.1,rolling,7.059999999999894,-0.11741043245494778,1.9552541307816176,18,18,0,1.9647571084405249,0.26,0.39269908169872414,9.81,1,1,8,21,41,-3.0,3.0,0.01,30.0,60.0,1e-09,1e-12,6,0.0001,1,rimless_wheel_roa_gamma_0.260.csv,91.23533471359558
11,19,0.2992699081698724,-0.1499999999999999,0.1,rolling,6.989999999999895,-0.13011596733176845,1.9631076281124544,18,18,0,1.9647564213739557,0.26,0.39269908169872414,9.81,1,1,8,21,41,-3.0,3.0,0.01,30.0,60.0,1e-09,1e-12,6,0.0001,1,rimless_wheel_roa_gamma_0.260.csv,91.23533471359558
11,20,0.2992699081698724,0.0,0.1,rolling,6.9399999999998965,-0.12062841941994273,1.9571701917237532,18,18,0,1.9647561909760494,0.26,0.39269908169872414,9.81,1,1,8,21,41,-3.0,3.0,0.01,30.0,60.0,1e-09,1e-12,6,0.0001,1,rimless_wheel_roa_gamma_0.260.csv,91.23533471359558
11,21,0.2992699081698724,0.1499999999999999,0.1,rolling,6.8899999999998975,-0.12107423268466734,1.9574395875492312,18,18,0,1.9647564211458424,0.26,0.39269908169872414,9.81,1,1,8,21,41,-3.0,3.0,0.01,30.0,60.0,1e-09,1e-12,6,0.0001,1,rimless_wheel_roa_gamma_0.260.csv,91.23533471359558
11,22,0.2992699081698724,0.2999999999999998,0.1,rolling,6.839999999999899,-0.12740033697718542,1.9613644332084827,18,18,0,1.9647571084860012,0.26,0.39269908169872414,9.81,1,1,8,21,41,-3.0,3.0,0.01,30.0,60.0,1e-09,1e-12,6,0.0001,1,rimless_wheel_roa_gamma_0.260.csv,91.23533471359558
11,23,0.2992699081698724,0.44999999999999973,0.1,rolling,6.7999999999998995,-0.11770056451317613,1.9554249586752341,18,18,0,1.9647582544200304,0.26,0.39269908169872414,9.81,1,1,8,21,41,-3.0,3.0,0.01,30.0,60.0,1e-09,1e-12,6,0.0001,1,rimless_wheel_roa_gamma_0.260.csv,91.23533471359558
11,24,0.2992699081698724,0.5999999999999996,0.1,rolling,6.7499999999999005,-0.12989666818629683,1.9629658807743546,18,18,0,1.9647598612683266,0.26,0.39269908169872414,9.81,1,1,8,21,41,-3.0,3.0,0.01,30.0,60.0,1e-09,1e-12,6,0.0001,1,rimless_wheel_roa_gamma_0.260.csv,91.23533471359558
11,25,0.2992699081698724,0.75,0.1,rolling,6.709999999999901,-0.12420478156405512,1.959358471008423,18,18,0,1.96476192495758,0.26,0.39269908169872414,9.81,1,1,8,21,41,-3.0,3.0,0.01,30.0,60.0,1e-09,1e-12,6,0.0001,1,rimless_wheel_roa_gamma_0.260.csv,91.23533471359558
11,26,0.2992699081698724,0.8999999999999999,0.1,rolling,6.669999999999902,-0.12001680139038574,1.9568029688076864,18,18,0,1.9647644475389165,0.26,0.39269908169872414,9.81,1,1,8,21,41,-3.0,3.0,0.01,30.0,60.0,1e-09,1e-12,6,0.0001,1,rimless_wheel_roa_gamma_0.260.csv,91.23533471359558
11,27,0.2992699081698724,1.0499999999999998,0.1,rolling,6.629999999999903,-0.11731954753156319,1.9552017214720472,18,18,0,1.9647674293149153,0.26,0.39269908169872414,9.81,1,1,8,21,41,-3.0,3.0,0.01,30.0,60.0,1e-09,1e-12,6,0.0001,1,rimless_wheel_roa_gamma_0.260.csv,91.23533471359558
11,28,0.2992699081698724,1.2000000000000002,0.1,rolling,6.219999999999912,-0.12619423425988893,1.9605997106632835,17,17,0,1.9647390657466726,0.26,0.39269908169872414,9.81,1,1,8,21,41,-3.0,3.0,0.01,30.0,60.0,1e-09,1e-12,6,0.0001,1,rimless_wheel_roa_gamma_0.260.csv,91.23533471359558
11,29,0.2992699081698724,1.3499999999999996,0.1,rolling,6.179999999999913,-0.12674674543804396,1.9609491232036835,17,17,0,1.9647468643156474,0.26,0.39269908169872414,9.81,1,1,8,21,41,-3.0,3.0,0.01,30.0,60.0,1e-09,1e-12,6,0.0001,1,rimless_wheel_roa_gamma_0.260.csv,91.23533471359558
11,30,0.2992699081698724,1.5,0.1,rolling,6.1399999999999135,-0.12907747720714205,1.962436768803338,17,17,0,1.9647555797544491,0.26,0.39269908169872414,9.81,1,1,8,21,41,-3.0,3.0,0.01,30.0,60.0,1e-09,1e-12,6,0.0001,1,rimless_wheel_roa_gamma_0.260.csv,91.23533471359558
11,31,0.2992699081698724,1.6499999999999995,0.1,rolling,6.109999999999914,-0.11366853794846823,1.9530893917751937,17,17,0,1.9647652127466058,0.26,0.39269908169872414,9.81,1,1,8,21,41,-3.0,3.0,0.01,30.0,60.0,1e-09,1e-12,6,0.0001,1,rimless_wheel_roa_gamma_0.260.csv,91.23533471359558
11,32,0.2992699081698724,1.7999999999999998,0.1,rolling,5.699999999999923,-0.12971794062724412,1.962849208043409,16,16,0,1.9647488506011843,0.26,0.39269908169872414,9.81,1,1,8,21,41,-3.0,3.0,0.01,30.0,60.0,1e-09,1e-12,6,0.0001,1,rimless_wheel_roa_gamma_0.260.csv,91.23533471359558
11,33,0.2992699081698724,1.9500000000000002,0.1,rolling,5.299999999999931,-0.12807188925305737,1.9617907196213336,15,15,0,1.9647408985674168,0.26,0.39269908169872414,9.81,1,1,8,21,41,-3.0,3.0,0.01,30.0,60.0,1e-09,1e-12,6,0.0001,1,rimless_wheel_roa_gamma_0.260.csv,91.23533471359558
11,34,0.2992699081698724,2.0999999999999996,0.1,rolling,4.539999999999948,-0.11872300079427058,1.9560293755937943,13,13,0,1.9647537360581413,0.26,0.39269908169872414,9.81,1,1,8,21,41,-3.0,3.0,0.01,30.0,60.0,1e-09,1e-12,6,0.0001,1,rimless_wheel_roa_gamma_0.260.csv,91.23533471359558
11,35,0.2992699081698724,2.25,0.1,rolling,5.229999999999933,-0.12994877243912686,1.9630076028059575,15,15,0,1.964843645282668,0.26,0.39269908169872414,9.81,1,1,8,21,41,-3.0,3.0,0.01,30.0,60.0,1e-09,1e-12,6,0.0001,1,rimless_wheel_roa_gamma_0.260.csv,91.23533471359558
11,36,0.2992699081698724,2.3999999999999995,0.1,rolling,5.569999999999926,-0.11379901497134016,1.9531720403785378,16,16,0,1.9648515962615651,0.26,0.39269908169872414,9.81,1,1,8,21,41,-3.0,3.0,0.01,30.0,60.0,1e-09,1e-12,6,0.0001,1,rimless_wheel_roa_gamma_0.260.csv,91.23533471359558
11,37,0.2992699081698724,2.55,0.1,rolling,5.899999999999919,-0.11895730210632259,1.956177158975629,17,17,0,1.9648422713166953,0.26,0.39269908169872414,9.81,1,1,8,21,41,-3.0,3.0,0.01,30.0,60.0,1e-09,1e-12,6,0.0001,1,rimless_wheel_roa_gamma_0.260.csv,91.23533471359558
11,38,0.2992699081698724,2.7,0.1,rolling,5.869999999999919,-0.11623309689229866,1.9545752025083782,17,17,0,1.964858323928997,0.26,0.39269908169872414,9.81,1,1,8,21,41,-3.0,3.0,0.01,30.0,60.0,1e-09,1e-12,6,0.0001,1,rimless_wheel_roa_gamma_0.260.csv,91.23533471359558
11,39,0.2992699081698724,2.8499999999999996,0.1,rolling,6.199999999999912,-0.12468995308905939,1.9596673239592182,18,18,0,1.9648389839522382,0.26,0.39269908169872414,9.81,1,1,8,21,41,-3.0,3.0,0.01,30.0,60.0,1e-09,1e-12,6,0.0001,1,rimless_wheel_roa_gamma_0.260.csv,91.23533471359558
11,40,0.2992699081698724,3.0,0.1,rolling,6.169999999999913,-0.12513053278705377,1.9599429351528466,18,18,0,1.964847928559446,0.26,0.39269908169872414,9.81,1,1,8,21,41,-3.0,3.0,0.01,30.0,60.0,1e-09,1e-12,6,0.0001,1,rimless_wheel_roa_gamma_0.260.csv,91.23533471359558
12,0,0.33853981633974484,-3.0,0.2,rolling,9.279999999999847,-0.1288063759301461,1.9622634056858757,19,18,1,1.9647650452465026,0.26,0.39269908169872414,9.81,1,1,8,21,41,-3.0,3.0,0.01,30.0,60.0,1e-09,1e-12,6,0.0001,1,rimless_wheel_roa_gamma_0.260.csv,91.23533471359558
12,1,0.33853981633974484,-2.85,0.2,rolling,7.769999999999879,-0.11736747268357257,1.9552292186000086,19,18,1,1.9647605726679327,0.26,0.39269908169872414,9.81,1,1,8,21,41,-3.0,3.0,0.01,30.0,60.0,1e-09,1e-12,6,0.0001,1,rimless_wheel_roa_gamma_0.260.csv,91.23533471359558
12,2,0.33853981633974484,-2.7,0.2,rolling,7.589999999999883,-0.11471770019230734,1.9536889091970893,19,18,1,1.9647563295328643,0.26,0.39269908169872414,9.81,1,1,8,21,41,-3.0,3.0,0.01,30.0,60.0,1e-09,1e-12,6,0.0001,1,rimless_wheel_roa_gamma_0.260.csv,91.23533471359558
12,3,0.33853981633974484,-2.55,0.2,rolling,7.4999999999998845,-0.12084619736725932,1.9573012896724948,19,18,1,1.964752315567236,0.26,0.39269908169872414,9.81,1,1,8,21,41,-3.0,3.0,0.01,30.0,60.0,1e-09,1e-12,6,0.0001,1,rimless_wheel_roa_gamma_0.260.csv,91.23533471359558
12,4,0.33853981633974484,-2.4,0.2,rolling,7.449999999999886,-0.13116818172134634,1.9637917346477716,19,18,1,1.964748531024707,0.26,0.39269908169872414,9.81,1,1,8,21,41,-3.0,3.0,0.01,30.0,60.0,1e-09,1e-12,6,0.0001,1,rimless_wheel_roa_gamma_0.260.csv,91.23533471359558
12,5,0.33853981633974484,-2.25,0.2,rolling,7.439999999999886,-0.11584668126348668,1.9543397924435404,19,18,1,1.964744977220355,0.26,0.39269908169872414,9.81,1,1,8,21,41,-3.0,3.0,0.01,30.0,60.0,1e-09,1e-12,6,0.0001,1,rimless_wheel_roa_gamma_0.260.csv,91.23533471359558
12,6,0.33853981633974484,-2.1,0.2,rolling,7.439999999999886,-0.12364836402111802,1.9590121462544956,19,18,1,1.9647416505689657,0.26,0.39269908169872414,9.81,1,1,8,21,41,-3.0,3.0,0.01,30.0,60.0,1e-09,1e-12,6,0.0001,1,rimless_wheel_roa_gamma_0.260.csv,91.23533471359558
12,7,0.33853981633974484,-1.95,0.2,rolling,7.469999999999885,-0.11508211414904666,1.9538969798261883,19,18,1,1.9647385543539233,0.26,0.39269908169872414,9.81,1,1,8,21,41,-3.0,3.0,0.01,30.0,60.0,1e-09,1e-12,6,0.0001,1,rimless_wheel_roa_gamma_0.260.csv,91.23533471359558
12,8,0.33853981633974484,-1.8,0.2,rolling,7.879999999999876,-0.12770526798740095,1.9615595843726419,20,19,1,1.9647691805261849,0.26,0.39269908169872414,9.81,1,1,8,21,41,-3.0,3.0,0.01,30.0,60.0,1e-09,1e-12,6,0.0001,1,rimless_wheel_roa_gamma_0.260.csv,91.23533471359558
12,9,0.33853981633974484,-1.6500000000000001,0.2,rolling,7.9699999999998745,-0.12633776652873985,1.9606928959044998,20,19,1,1.9647678623465568,0.26,0.39269908169872414,9.81,1,1,8,21,41,-3.0,3.0,0.01,30.0,60.0,1e-09,1e-12,6,0.0001,1,rimless_wheel_roa_gamma_0.260.csv,91.23533471359558
12,10,0.33853981633974484,-1.5,0.2,rolling,8.129999999999871,-0.12538105608127223,1.9600918210280494,20,19,1,1.964766657129271,0.26,0.39269908169872414,9.81,1,1,8,21,41,-3.0,3.0,0.01,30.0,60.0,1e-09,1e-12,6,0.0001,1,rimless_wheel_roa_gamma_0.260.csv,91.23533471359558
12,11,0.33853981633974484,-1.35,0.2,rolling,8.509999999999863,-0.1191449384496053,1.9562815786725685,20,19,1,1.9647655686282153,0.26,0.39269908169872414,9.81,1,1,8,21,41,-3.0,3.0,0.01,30.0,60.0,1e-09,1e-12,6,0.0001,1,rimless_wheel_roa_gamma_0.260.csv,91.23533471359558
12,12,0.33853981633974484,-1.2000000000000002,0.2,settled,0.8300000000000005,-0.13269908169872413,0.0,2,1,1,nan,0.26,0.39269908169872414,9.81,1,1,8,21,41,-3.0,3.0,0.01,30.0,60.0,1e-09,1e-12,6,0.0001,1,rimless_wheel_roa_gamma_0.260.csv,91.23533471359558
12,13,0.33853981633974484,-1.05,0.2,rolling,8.539999999999862,-0.11806581313647813,1.955641097527497,18,18,0,1.9647649671570262,0.26,0.39269908169872414,9.81,1,1,8,21,41,-3.0,3.0,0.01,30.0,60.0,1e-09,1e-12,6,0.0001,1,rimless_wheel_roa_gamma_0.260.csv,91.23533471359558
12,14,0.33853981633974484,-0.8999999999999999,0.2,rolling,7.479999999999885,-0.11548542183949548,1.9541321303129764,18,18,0,1.9647619857109986,0.26,0.39269908169872414,9.81,1,1,8,21,41,-3.0,3.0,0.01,30.0,60.0,1e-09,1e-12,6,0.0001,1,rimless_wheel_roa_gamma_0.260.csv,91.23533471359558
12,15,0.33853981633974484,-0.75,0.2,rolling,7.279999999999889,-0.11536723382853135,1.9540635557411146,18,18,0,1.9647594621716449,0.26,0.39269908169872414,9.81,1,1,8,21,41,-3.0,3.0,0.01,30.0,60.0,1e-09,1e-12,6,0.0001,1,rimless_wheel_roa_gamma_0.260.csv,91.23533471359558
12,16,0.33853981633974484,-0.6000000000000001,0.2,rolling,7.159999999999892,-0.12687660773378093,1.9610322915429066,18,18,0,1.964757399323444,0.26,0.39269908169872414,9.81,1,1,8,21,41,-3.0,3.0,0.01,30.0,60.0,1e-09,1e-12,6,0.0001,1,rimless_wheel_roa_gamma_0.260.csv,91.23533471359558
12,17,0.33853981633974484,-0.4500000000000002,0.2,rolling,7.0799999999998935,-0.12682376420060532,1.9609986935293555,18,18,0,1.9647557934415294,0.26,0.39269908169872414,9.81,1,1,8,21,41,-3.0,3.0,0.01,30.0,60.0,1e-09,1e-12,6,0.0001,1,rimless_wheel_roa_gamma_0.260.csv,91.23533471359558
12,18,0.33853981633974484,-0.30000000000000027,0.2,rolling,7.019999999999895,-0.12143059910097771,1.9576554297977196,18,18,0,1.9647546456267158,0.26,0.39269908169872414,9.81,1,1,8,21,41,-3.0,3.0,0.01,30.0,60.0,1e-09,1e-12,6,0.0001,1,rimless_wheel_roa_gamma_0.260.csv,91.23533471359558
12,19,0.33853981633974484,-0.1499999999999999,0.2,rolling,6.969999999999896,-0.1151810922749047,1.9539555422602304,18,18,0,1.9647539587330722,0.26,0.39269908169872414,9.81,1,1,8,21,41,-3.0,3.0,0.01,30.0,60.0,1e-09,1e-12,6,0.0001,1,rimless_wheel_roa_gamma_0.260.csv,91.23533471359558
12,20,0.33853981633974484,0.0,0.2,rolling,6.919999999999897,-0.1194475122295261,1.956461013434015,18,18,0,1.9647537290426176,0.26,0.39269908169872414,9.81,1,1,8,21,41,-3.0,3.0,0.01,30.0,60.0,1e-09,1e-12,6,0.0001,1,rimless_wheel_roa_gamma_0.260.csv,91.23533471359558
12,21,0.33853981633974484,0.1499999999999999,0.2,rolling,6.869999999999898,-0.1294948164652118,1.9627055665918431,18,18,0,1.964753958103026,0.26,0.39269908169872414,9.81,1,1,8,21,41,-3.0,3.0,0.01,30.0,60.0,1e-09,1e-12,6,0.0001,1,rimless_wheel_roa_gamma_0.260.csv,91.23533471359558
12,22,0.33853981633974484,0.2999999999999998,0.2,rolling,6.829999999999899,-0.12294037454028783,1.9585773249232168,18,18,0,1.9647546465594605,0.26,0.39269908169872414,9.81,1,1,8,21,41,-3.0,3.0,0.01,30.0,60.0,1e-09,1e-12,6,0.0001,1,rimless_wheel_roa_gamma_0.260.csv,91.23533471359558
12,23,0.33853981633974484,0.44999999999999973,0.2,rolling,6.7899999999999,-0.11788867437574677,1.9555356283950764,18,18,0,1.9647557926508463,0.26,0.39269908169872414,9.81,1,1,8,21,41,-3.0,3.0,0.01,30.0,60.0,1e-09,1e-12,6,0.0001,1,rimless_wheel_roa_gamma_0.260.csv,91.23533471359558
12,24,0.33853981633974484,0.5999999999999996,0.2,rolling,6.7499999999999005,-0.11365372583868619,1.9530802029047052,18,18,0,1.964757398285312,0.26,0.39269908169872414,9.81,1,1,8,21,41,-3.0,3.0,0.01,30.0,60.0,1e-09,1e-12,6,0.0001,1,rimless_wheel_roa_gamma_0.260.csv,91.23533471359558
12,25,0.33853981633974484,0.75,0.2,rolling,6.699999999999902,-0.12962950971354525,1.9627930707842565,18,18,0,1.96475946424951,0.26,0.39269908169872414,9.81,1,1,8,21,41,-3.0,3.0,0.01,30.0,60.0,1e-09,1e-12,6,0.0001,1,rimless_wheel_roa_gamma_0.260.csv,91.23533471359558
12,26,0.33853981633974484,0.8999999999999999,0.2,rolling,6.659999999999902,-0.1267714569871713,1.9609661944424335,18,18,0,1.9647619859081356,0.26,0.39269908169872414,9.81,1,1,8,21,41,-3.0,3.0,0.01,30.0,60.0,1e-09,1e-12,6,0.0001,1,rimless_wheel_roa_gamma_0.260.csv,91.23533471359558
12,27,0.33853981633974484,1.0499999999999998,0.2,rolling,6.619999999999903,-0.12490131697533643,1.959791953295268,18,18,0,1.9647649672961227,0.26,0.39269908169872414,9.81,1,1,8,21,41,-3.0,3.0,0.01,30.0,60.0,1e-09,1e-12,6,0.0001,1,rimless_wheel_roa_gamma_0.260.csv,91.23533471359558
12,28,0.33853981633974484,1.2000000000000002,0.2,rolling,6.579999999999904,-0.12427649154075535,1.9594035800414473,18,18,0,1.96476840803058,0.26,0.39269908169872414,9.81,1,1,8,21,41,-3.0,3.0,0.01,30.0,60.0,1e-09,1e-12,6,0.0001,1,rimless_wheel_roa_gamma_0.260.csv,91.23533471359558
12,29,0.33853981633974484,1.3499999999999996,0.2,rolling,6.179999999999913,-0.11555475140707719,1.9541703271763047,17,17,0,1.9647419401012547,0.26,0.39269908169872414,9.81,1,1,8,21,41,-3.0,3.0,0.01,30.0,60.0,1e-09,1e-12,6,0.0001,1,rimless_wheel_roa_gamma_0.260.csv,91.23533471359558
12,30,0.33853981633974484,1.5,0.2,rolling,6.1399999999999135,-0.11805218870493621,1.9556316787126533,17,17,0,1.964750655722339,0.26,0.39269908169872414,9.81,1,1,8,21,41,-3.0,3.0,0.01,30.0,60.0,1e-09,1e-12,6,0.0001,1,rimless_wheel_roa_gamma_0.260.csv,91.23533471359558
12,31,0.33853981633974484,1.6499999999999995,0.2,rolling,6.099999999999914,-0.12232493524773674,1.958200751364964,17,17,0,1.964760287320603,0.26,0.39269908169872414,9.81,1,1,8,21,41,-3.0,3.0,0.01,30.0,60.0,1e-09,1e-12,6,0.0001,1,rimless_wheel_roa_gamma_0.260.csv,91.23533471359558
12,32,0.33853981633974484,1.7999999999999998,0.2,rolling,5.699999999999923,-0.11886945252263863,1.9561150143762038,16,16,0,1.964739001641095,0.26,0.39269908169872414,9.81,1,1,8,21,41,-3.0,3.0,0.01,30.0,60.0,1e-09,1e-12,6,0.0001,1,rimless_wheel_roa_gamma_0.260.csv,91.23533471359558
12,33,0.33853981633974484,1.9500000000000002,0.2,rolling,5.659999999999924,-0.12686567055765302,1.9610258008733108,16,16,0,1.9647619374661163,0.26,0.39269908169872414,9.81,1,1,8,21,41,-3.0,3.0,0.01,30.0,60.0,1e-09,1e-12,6,0.0001,1,rimless_wheel_roa_gamma_0.260.csv,91.23533471359558
12,34,0.33853981633974484,2.0999999999999996,0.2,rolling,4.89999999999994,-0.11757692948656404,1.955350299159642,14,14,0,1.9647388093003058,0.26,0.39269908169872414,9.81,1,1,8,21,41,-3.0,3.0,0.01,30.0,60.0,1e-09,1e-12,6,0.0001,1,rimless_wheel_roa_gamma_0.260.csv,91.23533471359558
12,35,0.33853981633974484,2.25,0.2,rolling,4.859999999999941,-0.12929544561298828,1.9625856814510068,14,14,0,1.9648452248549255,0.26,0.39269908169872414,9.81,1,1,8,21,41,-3.0,3.0,0.01,30.0,60.0,1e-09,1e-12,6,0.0001,1,rimless_wheel_roa_gamma_0.260.csv,91.23533471359558
12,36,0.33853981633974484,2.3999999999999995,0.2,rolling,5.559999999999926,-0.1227841589115925,1.9584897547795874,16,16,0,1.9648417492140846,0.26,0.39269908169872414,9.81,1,1,8,21,41,-3.0,3.0,0.01,30.0,60.0,1e-09,1e-12,6,0.0001,1,rimless_wheel_roa_gamma_0.260.csv,91.23533471359558
12,37,0.33853981633974484,2.55,0.2,rolling,5.889999999999919,-0.1280394973760548,1.9617792362629696,17,17,0,1.964837347353708,0.26,0.39269908169872414,9.81,1,1,8,21,41,-3.0,3.0,0.01,30.0,60.0,1e-09,1e-12,6,0.0001,1,rimless_wheel_roa_gamma_0.260.csv,91.23533471359558
12,38,0.33853981633974484,2.7,0.2,rolling,5.8599999999999195,-0.12539910142851526,1.9601113970484065,17,17,0,1.9648533991320256,0.26,0.39269908169872414,9.81,1,1,8,21,41,-3.0,3.0,0.01,30.0,60.0,1e-09,1e-12,6,0.0001,1,rimless_wheel_roa_gamma_0.260.csv,91.23533471359558
12,39,0.33853981633974484,2.8499999999999996,0.2,rolling,6.199999999999912,-0.1143867296352048,1.953506623392347,18,18,0,1.9648365214728845,0.26,0.39269908169872414,9.81,1,1,8,21,41,-3.0,3.0,0.01,30.0,60.0,1e-09,1e-12,6,0.0001,1,rimless_wheel_roa_gamma_0.260.csv,91.23533471359558
12,40,0.33853981633974484,3.0,0.2,rolling,6.169999999999913,-0.11493254463977622,1.9538210437629562,18,18,0,1.96484546574374,0.26,0.39269908169872414,9.81,1,1,8,21,41,-3.0,3.0,0.01,30.0,60.0,1e-09,1e-12,6,0.0001,1,rimless_wheel_roa_gamma_0.260.csv,91.23533471359558
13,0,0.37780972450961725,-3.0,0.3,rolling,8.129999999999871,-0.12473620121567977,1.9596889306609644,19,18,1,1.9647636688383205,0.26,0.39269908169872414,9.81,1,1,8,21,41,-3.0,3.0,0.01,30.0,60.0,1e-09,1e-12,6,0.0001,1,rimless_wheel_roa_gamma_0.260.csv,91.23533471359558
13,1,0.37780972450961725,-2.85,0.3,rolling,7.70999999999988,-0.11390895213150011,1.9532259186242789,19,18,1,1.9647591960663393,0.26,0.39269908169872414,9.81,1,1,8,21,41,-3.0,3.0,0.01,30.0,60.0,1e-09,1e-12,6,0.0001,1,rimless_wheel_roa_gamma_0.260.csv,91.23533471359558
13,2,0.37780972450961725,-2.7,0.3,rolling,7.559999999999883,-0.13225429419717918,1.9645047656215509,19,18,1,1.9647549525763688,0.26,0.39269908169872414,9.81,1,1,8,21,41,-3.0,3.0,0.01,30.0,60.0,1e-09,1e-12,6,0.0001,1,rimless_wheel_roa_gamma_0.260.csv,91.23533471359558
13,3,0.37780972450961725,-2.55,0.3,rolling,7.489999999999885,-0.13240499519462978,1.9646036736620613,19,18,1,1.9647509391982687,0.26,0.39269908169872414,9.81,1,1,8,21,41,-3.0,3.0,0.01,30.0,60.0,1e-09,1e-12,6,0.0001,1,rimless_wheel_roa_gamma_0.260.csv,91.23533471359558
13,4,0.37780972450961725,-2.4,0.3,rolling,7.459999999999885,-0.12535961884600075,1.9600765441279813,19,18,1,1.9647471548068711,0.26,0.39269908169872414,9.81,1,1,8,21,41,-3.0,3.0,0.01,30.0,60.0,1e-09,1e-12,6,0.0001,1,rimless_wheel_roa_gamma_0.260.csv,91.23533471359558
13,5,0.37780972450961725,-2.25,0.3,rolling,7.449999999999886,-0.12913861209800892,1.962474974425196,19,18,1,1.9647435998703313,0.26,0.39269908169872414,9.81,1,1,8,21,41,-3.0,3.0,0.01,30.0,60.0,1e-09,1e-12,6,0.0001,1,rimless_wheel_roa_gamma_0.260.csv,91.23533471359558
13,6,0.37780972450961725,-2.1,0.3,rolling,7.469999999999885,-0.11848514796498058,1.9558869308626194,19,18,1,1.964740273607376,0.26,0.39269908169872414,9.81,1,1,8,21,41,-3.0,3.0,0.01,30.0,60.0,1e-09,1e-12,6,0.0001,1,rimless_wheel_roa_gamma_0.260.csv,91.23533471359558
13,7,0.37780972450961725,-1.95,0.3,rolling,7.509999999999884,-0.11713412223551786,1.9550900115871812,19,18,1,1.9647371774028333,0.26,0.39269908169872414,9.81,1,1,8,21,41,-3.0,3.0,0.01,30.0,60.0,1e-09,1e-12,6,0.0001,1,rimless_wheel_roa_gamma_0.260.csv,91.23533471359558
13,8,0.37780972450961725,-1.8,0.3,rolling,7.939999999999875,-0.13156632476221708,1.96405414213577,20,19,1,1.9647684911517336,0.26,0.39269908169872414,9.81,1,1,8,21,41,-3.0,3.0,0.01,30.0,60.0,1e-09,1e-12,6,0.0001,1,rimless_wheel_roa_gamma_0.260.csv,91.23533471359558
13,9,0.37780972450961725,-1.6500000000000001,0.3,rolling,8.069999999999872,-0.12848032005897755,1.9620544779194817,20,19,1,1.9647671738566306,0.26,0.39269908169872414,9.81,1,1,8,21,41,-3.0,3.0,0.01,30.0,60.0,1e-09,1e-12,6,0.0001,1,rimless_wheel_roa_gamma_0.260.csv,91.23533471359558
13,10,0.37780972450961725,-1.5,0.3,rolling,8.339999999999867,-0.120035292904582,1.9568142158305095,20,19,1,1.9647659702637152,0.26,0.39269908169872414,9.81,1,1,8,21,41,-3.0,3.0,0.01,30.0,60.0,1e-09,1e-12,6,0.0001,1,rimless_wheel_roa_gamma_0.260.csv,91.23533471359558
13,11,0.37780972450961725,-1.35,0.3,settled,0.8100000000000005,-0.13269908169872413,0.0,2,1,1,nan,0.26,0.39269908169872414,9.81,1,1,8,21,41,-3.0,3.0,0.01,30.0,60.0,1e-09,1e-12,6,0.0001,1,rimless_wheel_roa_gamma_0.260.csv,91.23533471359558
13,12,0.37780972450961725,-1.2000000000000002,0.3,settled,1.280000000000001,-0.13269908169872413,0.0,2,1,1,nan,0.26,0.39269908169872414,9.81,1,1,8,21,41,-3.0,3.0,0.01,30.0,60.0,1e-09,1e-12,6,0.0001,1,rimless_wheel_roa_gamma_0.260.csv,91.23533471359558
13,13,0.37780972450961725,-1.05,0.3,rolling,7.539999999999884,-0.12561344809306496,1.960236973764224,18,18,0,1.9647622144743293,0.26,0.39269908169872414,9.81,1,1,8,21,41,-3.0,3.0,0.01,30.0,60.0,1e-09,1e-12,6,0.0001,1,rimless_wheel_roa_gamma_0.260.csv,91.23533471359558
13,14,0.37780972450961725,-0.8999999999999999,0.3,rolling,7.309999999999889,-0.12334823432577378,1.9588286789151452,18,18,0,1.964759232153095,0.26,0.39269908169872414,9.81,1,1,8,21,41,-3.0,3.0,0.01,30.0,60.0,1e-09,1e-12,6,0.0001,1,rimless_wheel_roa_gamma_0.260.csv,91.23533471359558
13,15,0.37780972450961725,-0.75,0.3,rolling,7.189999999999891,-0.1202109302300403,1.956918843442837,18,18,0,1.9647567100166519,0.26,0.39269908169872414,9.81,1,1,8,21,41,-3.0,3.0,0.01,30.0,60.0,1e-09,1e-12,6,0.0001,1,rimless_wheel_roa_gamma_0.260.csv,91.23533471359558
13,16,0.37780972450961725,-0.6000000000000001,0.3,rolling,7.109999999999893,-0.11701146660372083,1.9550197944930177,18,18,0,1.9647546455165212,0.26,0.39269908169872414,9.81,1,1,8,21,41,-3.0,3.0,0.01,30.0,60.0,1e-09,1e-12,6,0.0001,1,rimless_wheel_roa_gamma_0.260.csv,91.23533471359558
13,17,0.37780972450961725,-0.4500000000000002,0.3,rolling,7.049999999999894,-0.113251448871122,1.9528510259458567,18,18,0,1.9647530411787972,0.26,0.39269908169872414,9.81,1,1,8,21,41,-3.0,3.0,0.01,30.0,60.0,1e-09,1e-12,6,0.0001,1,rimless_wheel_roa_gamma_0.260.csv,91.23533471359558
13,18,0.37780972450961725,-0.30000000000000027,0.3,rolling,6.989999999999895,-0.13052051596166142,1.9633698869434006,18,18,0,1.9647518943683346,0.26,0.39269908169872414,9.81,1,1,8,21,41,-3.0,3.0,0.01,30.0,60.0,1e-09,1e-12,6,0.0001,1,rimless_wheel_roa_gamma_0.260.csv,91.23533471359558
13,19,0.37780972450961725,-0.1499999999999999,0.3,rolling,6.949999999999896,-0.12015130235892409,1.9568824788557635,18,18,0,1.9647512051875413,0.26,0.39269908169872414,9.81,1,1,8,21,41,-3.0,3.0,0.01,30.0,60.0,1e-09,1e-12,6,0.0001,1,rimless_wheel_roa_gamma_0.260.csv,91.23533471359558
13,20,0.37780972450961725,0.0,0.3,rolling,6.909999999999897,-0.11566652585575088,1.954235917797088,18,18,0,1.9647509753774546,0.26,0.39269908169872414,9.81,1,1,8,21,41,-3.0,3.0,0.01,30.0,60.0,1e-09,1e-12,6,0.0001,1,rimless_wheel_roa_gamma_0.260.csv,91.23533471359558
13,21,0.37780972450961725,0.1499999999999999,0.3,rolling,6.869999999999898,-0.11362485554101798,1.9530631666587517,18,18,0,1.964751205321985,0.26,0.39269908169872414,9.81,1,1,8,21,41,-3.0,3.0,0.01,30.0,60.0,1e-09,1e-12,6,0.0001,1,rimless_wheel_roa_gamma_0.260.csv,91.23533471359558
13,22,0.37780972450961725,0.2999999999999998,0.3,rolling,6.819999999999899,-0.1316801997421354,1.9641272108277004,18,18,0,1.9647518942955167,0.26,0.39269908169872414,9.81,1,1,8,21,41,-3.0,3.0,0.01,30.0,60.0,1e-09,1e-12,6,0.0001,1,rimless_wheel_roa_gamma_0.260.csv,91.23533471359558
13,23,0.37780972450961725,0.44999999999999973,0.3,rolling,6.7799999999999,-0.12978236280458466,1.962891266921947,18,18,0,1.9647530391497725,0.26,0.39269908169872414,9.81,1,1,8,21,41,-3.0,3.0,0.01,30.0,60.0,1e-09,1e-12,6,0.0001,1,rimless_wheel_roa_gamma_0.260.csv,91.23533471359558
13,24,0.37780972450961725,0.5999999999999996,0.3,rolling,6.739999999999901,-0.127341472287768,1.9613267973412047,18,18,0,1.964754645323785,0.26,0.39269908169872414,9.81,1,1,8,21,41,-3.0,3.0,0.01,30.0,60.0,1e-09,1e-12,6,0.0001,1,rimless_wheel_roa_gamma_0.260.csv,91.23533471359558
13,25,0.37780972450961725,0.75,0.3,rolling,6.699999999999902,-0.12459660801626594,1.959601375329613,18,18,0,1.9647567105304897,0.26,0.39269908169872414,9.81,1,1,8,21,41,-3.0,3.0,0.01,30.0,60.0,1e-09,1e-12,6,0.0001,1,rimless_wheel_roa_gamma_0.260.csv,91.23533471359558
13,26,0.37780972450961725,0.8999999999999999,0.3,rolling,6.659999999999902,-0.12198217594481654,1.957991407419072,18,18,0,1.9647592319063019,0.26,0.39269908169872414,9.81,1,1,8,21,41,-3.0,3.0,0.01,30.0,60.0,1e-09,1e-12,6,0.0001,1,rimless_wheel_roa_gamma_0.260.csv,91.23533471359558
13,27,0.37780972450961725,1.0499999999999998,0.3,rolling,6.619999999999903,-0.1199746384810961,1.956777453103649,18,18,0,1.9647622141612358,0.26,0.39269908169872414,9.81,1,1,8,21,41,-3.0,3.0,0.01,30.0,60.0,1e-09,1e-12,6,0.0001,1,rimless_wheel_roa_gamma_0.260.csv,91.23533471359558
13,28,0.37780972450961725,1.2000000000000002,0.3,rolling,6.579999999999904,-0.11900383724022714,1.9561975302135082,18,18,0,1.9647656547309662,0.26,0.39269908169872414,9.81,1,1,8,21,41,-3.0,3.0,0.01,30.0,60.0,1e-09,1e-12,6,0.0001,1,rimless_wheel_roa_gamma_0.260.csv,91.23533471359558
13,29,0.37780972450961725,1.3499999999999996,0.3,rolling,6.539999999999905,-0.11941382167932431,1.9564424005373302,18,18,0,1.9647695539636085,0.26,0.39269908169872414,9.81,1,1,8,21,41,-3.0,3.0,0.01,30.0,60.0,1e-09,1e-12,6,0.0001,1,rimless_wheel_roa_gamma_0.260.csv,91.23533471359558
13,30,0.37780972450961725,1.5,0.3,rolling,6.129999999999914,-0.13147316119402083,1.9639908952899374,17,17,0,1.9647451484817333,0.26,0.39269908169872414,9.81,1,1,8,21,41,-3.0,3.0,0.01,30.0,60.0,1e-09,1e-12,6,0.0001,1,rimless_wheel_roa_gamma_0.260.csv,91.23533471359558
13,31,0.37780972450961725,1.6499999999999995,0.3,rolling,6.099999999999914,-0.1157238961758522,1.9542695277300524,17,17,0,1.9647547817802753,0.26,0.39269908169872414,9.81,1,1,8,21,41,-3.0,3.0,0.01,30.0,60.0,1e-09,1e-12,6,0.0001,1,rimless_wheel_roa_gamma_0.260.csv,91.23533471359558
13,32,0.37780972450961725,1.7999999999999998,0.3,rolling,6.059999999999915,-0.12144577172254895,1.9576656625672575,17,17,0,1.9647653314943332,0.26,0.39269908169872414,9.81,1,1,8,21,41,-3.0,3.0,0.01,30.0,60.0,1e-09,1e-12,6,0.0001,1,rimless_wheel_roa_gamma_0.260.csv,91.23533471359558
13,33,0.37780972450961725,1.9500000000000002,0.3,rolling,5.659999999999924,-0.11952522428050294,1.9565071948390138,16,16,0,1.964750925192625,0.26,0.39269908169872414,9.81,1,1,8,21,41,-3.0,3.0,0.01,30.0,60.0,1e-09,1e-12,6,0.0001,1,rimless_wheel_roa_gamma_0.260.csv,91.23533471359558
13,34,0.37780972450961725,2.0999999999999996,0.3,rolling,5.259999999999932,-0.1195299556867488,1.9565098113007637,15,15,0,1.9647487162830146,0.26,0.39269908169872414,9.81,1,1,8,21,41,-3.0,3.0,0.01,30.0,60.0,1e-09,1e-12,6,0.0001,1,rimless_wheel_roa_gamma_0.260.csv,91.23533471359558
13,35,0.37780972450961725,2.25,0.3,rolling,3.0299999999999794,-0.13231344462191297,1.9645437154582892,9,9,0,1.964754856787068,0.26,0.39269908169872414,9.81,1,1,8,21,41,-3.0,3.0,0.01,30.0,60.0,1e-09,1e-12,6,0.0001,1,rimless_wheel_roa_gamma_0.260.csv,91.23533471359558
13,36,0.37780972450961725,2.3999999999999995,0.3,rolling,5.189999999999934,-0.12475761964419232,1.9597113561304533,15,15,0,1.9648588003392369,0.26,0.39269908169872414,9.81,1,1,8,21,41,-3.0,3.0,0.01,30.0,60.0,1e-09,1e-12,6,0.0001,1,rimless_wheel_roa_gamma_0.260.csv,91.23533471359558
13,37,0.37780972450961725,2.55,0.3,rolling,5.519999999999927,-0.1298760889878439,1.9629622020885846,16,16,0,1.9648610082869205,0.26,0.39269908169872414,9.81,1,1,8,21,41,-3.0,3.0,0.01,30.0,60.0,1e-09,1e-12,6,0.0001,1,rimless_wheel_roa_gamma_0.260.csv,91.23533471359558
13,38,0.37780972450961725,2.7,0.3,rolling,5.8599999999999195,-0.11712327316653498,1.9550942479919922,17,17,0,1.9648478947418149,0.26,0.39269908169872414,9.81,1,1,8,21,41,-3.0,3.0,0.01,30.0,60.0,1e-09,1e-12,6,0.0001,1,rimless_wheel_roa_gamma_0.260.csv,91.23533471359558
13,39,0.37780972450961725,2.8499999999999996,0.3,rolling,5.82999999999992,-0.11604150874889352,1.9544644015274657,17,17,0,1.96486486528494,0.26,0.39269908169872414,9.81,1,1,8,21,41,-3.0,3.0,0.01,30.0,60.0,1e-09,1e-12,6,0.0001,1,rimless_wheel_roa_gamma_0.260.csv,91.23533471359558
13,40,0.37780972450961725,3.0,0.3,rolling,6.159999999999913,-0.12611452994431158,1.9605594236277835,18,18,0,1.964842713430374,0.26,0.39269908169872414,9.81,1,1,8,21,41,-3.0,3.0,0.01,30.0,60.0,1e-09,1e-12,6,0.0001,1,rimless_wheel_roa_gamma_0.260.csv,91.23533471359558
14,0,0.41707963267948966,-3.0,0.4,rolling,7.919999999999876,-0.12443366866951898,1.9595005878105682,19,18,1,1.9647621492069895,0.26,0.39269908169872414,9.81,1,1,8,21,41,-3.0,3.0,0.01,30.0,60.0,1e-09,1e-12,6,0.0001,1,rimless_wheel_roa_gamma_0.260.csv,91.23533471359558
14,1,0.41707963267948966,-2.85,0.4,rolling,7.659999999999881,-0.11723800178892792,1.955152913911741,19,18,1,1.964757676451259,0.26,0.39269908169872414,9.81,1,1,8,21,41,-3.0,3.0,0.01,30.0,60.0,1e-09,1e-12,6,0.0001,1,rimless_wheel_roa_gamma_0.260.csv,91.23533471359558
14,2,0.41707963267948966,-2.7,0.4,rolling,7.5499999999998835,-0.11884787074768162,1.9561035602314205,19,18,1,1.9647534333445897,0.26,0.39269908169872414,9.81,1,1,8,21,41,-3.0,3.0,0.01,30.0,60.0,1e-09,1e-12,6,0.0001,1,rimless_wheel_roa_gamma_0.260.csv,91.23533471359558
14,3,0.41707963267948966,-2.55,0.4,rolling,7.489999999999885,-0.1301479999444863,1.9631277336163369,19,18,1,1.9647494203693803,0.26,0.39269908169872414,9.81,1,1,8,21,41,-3.0,3.0,0.01,30.0,60.0,1e-09,1e-12,6,0.0001,1,rimless_wheel_roa_gamma_0.260.csv,91.23533471359558
14,4,0.41707963267948966,-2.4,0.4,rolling,7.469999999999885,-0.12610004607959305,1.9605410421775111,19,18,1,1.9647456342238616,0.26,0.39269908169872414,9.81,1,1,8,21,41,-3.0,3.0,0.01,30.0,60.0,1e-09,1e-12,6,0.0001,1,rimless_wheel_roa_gamma_0.260.csv,91.23533471359558
14,5,0.41707963267948966,-2.25,0.4,rolling,7.469999999999885,-0.13196638589271725,1.9643141471327041,19,18,1,1.9647420797645019,0.26,0.39269908169872414,9.81,1,1,8,21,41,-3.0,3.0,0.01,30.0,60.0,1e-09,1e-12,6,0.0001,1,rimless_wheel_roa_gamma_0.260.csv,91.23533471359558
14,6,0.41707963267948966,-2.1,0.4,rolling,7.4999999999998845,-0.127390596403341,1.9613564909522325,19,18,1,1.9647387543817973,0.26,0.39269908169872414,9.81,1,1,8,21,41,-3.0,3.0,0.01,30.0,60.0,1e-09,1e-12,6,0.0001,1,rimless_wheel_roa_gamma_0.260.csv,91.23533471359558
14,7,0.41707963267948966,-1.95,0.4,rolling,7.929999999999875,-0.11339430832870835,1.952933718941832,20,19,1,1.9647691647738617,0.26,0.39269908169872414,9.81,1,1,8,21,41,-3.0,3.0,0.01,30.0,60.0,1e-09,1e-12,6,0.0001,1,rimless_wheel_roa_gamma_0.260.csv,91.23533471359558
14,8,0.41707963267948966,-1.8,0.4,rolling,8.029999999999873,-0.122609453369604,1.9583755768306745,20,19,1,1.9647677324654673,0.26,0.39269908169872414,9.81,1,1,8,21,41,-3.0,3.0,0.01,30.0,60.0,1e-09,1e-12,6,0.0001,1,rimless_wheel_roa_gamma_0.260.csv,91.23533471359558
14,9,0.41707963267948966,-1.6500000000000001,0.4,rolling,8.229999999999869,-0.12927602382964948,1.9625656517732517,20,19,1,1.9647664136965597,0.26,0.39269908169872414,9.81,1,1,8,21,41,-3.0,3.0,0.01,30.0,60.0,1e-09,1e-12,6,0.0001,1,rimless_wheel_roa_gamma_0.260.csv,91.23533471359558
14,10,0.41707963267948966,-1.5,0.4,rolling,8.999999999999853,-0.1248025404433418,1.9597304043300017,20,19,1,1.9647652094262904,0.26,0.39269908169872414,9.81,1,1,8,21,41,-3.0,3.0,0.01,30.0,60.0,1e-09,1e-12,6,0.0001,1,rimless_wheel_roa_gamma_0.260.csv,91.23533471359558
14,11,0.41707963267948966,-1.35,0.4,settled,1.0700000000000007,-0.13269908169872413,0.0,2,1,1,nan,0.26,0.39269908169872414,9.81,1,1,8,21,41,-3.0,3.0,0.01,30.0,60.0,1e-09,1e-12,6,0.0001,1,rimless_wheel_roa_gamma_0.260.csv,91.23533471359558
14,12,0.41707963267948966,-1.2000000000000002,0.4,rolling,7.619999999999882,-0.1313182241475426,1.9638911623662134,18,18,0,1.964762614908518,0.26,0.39269908169872414,9.81,1,1,8,21,41,-3.0,3.0,0.01,30.0,60.0,1e-09,1e-12,6,0.0001,1,rimless_wheel_roa_gamma_0.260.csv,91.23533471359558
14,13,0.41707963267948966,-1.05,0.4,rolling,7.349999999999888,-0.1177159511132438,1.9554341137596976,18,18,0,1.9647591745629605,0.26,0.39269908169872414,9.81,1,1,8,21,41,-3.0,3.0,0.01,30.0,60.0,1e-09,1e-12,6,0.0001,1,rimless_wheel_roa_gamma_0.260.csv,91.23533471359558
14,14,0.41707963267948966,-0.8999999999999999,0.4,rolling,7.2199999999998905,-0.11508042898777646,1.9538976972778948,18,18,0,1.9647561925682828,0.26,0.39269908169872414,9.81,1,1,8,21,41,-3.0,3.0,0.01,30.0,60.0,1e-09,1e-12,6,0.0001,1,rimless_wheel_roa_gamma_0.260.csv,91.23533471359558
14,15,0.41707963267948966,-0.75,0.4,rolling,7.129999999999892,-0.1270896700252555,1.961166909274652,18,18,0,1.964753669607311,0.26,0.39269908169872414,9.81,1,1,8,21,41,-3.0,3.0,0.01,30.0,60.0,1e-09,1e-12,6,0.0001,1,rimless_wheel_roa_gamma_0.260.csv,91.23533471359558
14,16,0.41707963267948966,-0.6000000000000001,0.4,rolling,7.069999999999894,-0.1249261763526346,1.9598061811205416,18,18,0,1.964751605959636,0.26,0.39269908169872414,9.81,1,1,8,21,41,-3.0,3.0,0.01,30.0,60.0,1e-09,1e-12,6,0.0001,1,rimless_wheel_roa_gamma_0.260.csv,91.23533471359558
14,17,0.41707963267948966,-0.4500000000000002,0.4,rolling,7.019999999999895,-0.12732577096394174,1.9613163827487592,18,18,0,1.9647500010709396,0.26,0.39269908169872414,9.81,1,1,8,21,41,-3.0,3.0,0.01,30.0,60.0,1e-09,1e-12,6,0.0001,1,rimless_wheel_roa_gamma_0.260.csv,91.23533471359558
14,18,0.41707963267948966,-0.30000000000000027,0.4,rolling,6.979999999999896,-0.12327306706529716,1.9587813862213923,18,18,0,1.964748854155453,0.26,0.39269908169872414,9.81,1,1,8,21,41,-3.0,3.0,0.01,30.0,60.0,1e-09,1e-12,6,0.0001,1,rimless_wheel_roa_gamma_0.260.csv,91.23533471359558
14,19,0.41707963267948966,-0.1499999999999999,0.4,rolling,6.9399999999998965,-0.12560466429022224,1.9602301270592684,18,18,0,1.964748165070131,0.26,0.39269908169872414,9.81,1,1,8,21,41,-3.0,3.0,0.01,30.0,60.0,1e-09,1e-12,6,0.0001,1,rimless_wheel_roa_gamma_0.260.csv,91.23533471359558
14,20,0.41707963267948966,0.0,0.4,rolling,6.899999999999897,-0.12999534723469575,1.9630286459893336,18,18,0,1.9647479357606736,0.26,0.39269908169872414,9.81,1,1,8,21,41,-3.0,3.0,0.01,30.0,60.0,1e-09,1e-12,6,0.0001,1,rimless_wheel_roa_gamma_0.260.csv,91.23533471359558
14,21,0.41707963267948966,0.1499999999999999,0.4,rolling,6.869999999999898,-0.11422456923311822,1.9534052772584771,18,18,0,1.9647481652799883,0.26,0.39269908169872414,9.81,1,1,8,21,41,-3.0,3.0,0.01,30.0,60.0,1e-09,1e-12,6,0.0001,1,rimless_wheel_roa_gamma_0.260.csv,91.23533471359558
14,22,0.41707963267948966,0.2999999999999998,0.4,rolling,6.829999999999899,-0.11614505838104779,1.9545134965889128,18,18,0,1.9647488528913606,0.26,0.39269908169872414,9.81,1,1,8,21,41,-3.0,3.0,0.01,30.0,60.0,1e-09,1e-12,6,0.0001,1,rimless_wheel_roa_gamma_0.260.csv,91.23533471359558
14,23,0.41707963267948966,0.44999999999999973,0.4,rolling,6.7899999999999,-0.11586138959602668,1.9543488063597763,18,18,0,1.9647500007631715,0.26,0.39269908169872414,9.81,1,1,8,21,41,-3.0,3.0,0.01,30.0,60.0,1e-09,1e-12,6,0.0001,1,rimless_wheel_roa_gamma_0.260.csv,91.23533471359558
14,24,0.41707963267948966,0.5999999999999996,0.4,rolling,6.7499999999999005,-0.11371331517569293,1.9531136021954763,18,18,0,1.964751605288842,0.26,0.39269908169872414,9.81,1,1,8,21,41,-3.0,3.0,0.01,30.0,60.0,1e-09,1e-12,6,0.0001,1,rimless_wheel_roa_gamma_0.260.csv,91.23533471359558
14,25,0.41707963267948966,0.75,0.4,rolling,6.699999999999902,-0.12996523990512726,1.963009692057237,18,18,0,1.964753670528965,0.26,0.39269908169872414,9.81,1,1,8,21,41,-3.0,3.0,0.01,30.0,60.0,1e-09,1e-12,6,0.0001,1,rimless_wheel_roa_gamma_0.260.csv,91.23533471359558
14,26,0.41707963267948966,0.8999999999999999,0.4,rolling,6.659999999999902,-0.12625585725452504,1.9606401606123287,18,18,0,1.964756192958016,0.26,0.39269908169872414,9.81,1,1,8,21,41,-3.0,3.0,0.01,30.0,60.0,1e-09,1e-12,6,0.0001,1,rimless_wheel_roa_gamma_0.260.csv,91.23533471359558
14,27,0.41707963267948966,1.0499999999999998,0.4,rolling,6.619999999999903,-0.12292269211532614,1.9585668983675748,18,18,0,1.9647591745616986,0.26,0.39269908169872414,9.81,1,1,8,21,41,-3.0,3.0,0.01,30.0,60.0,1e-09,1e-12,6,0.0001,1,rimless_wheel_roa_gamma_0.260.csv,91.23533471359558
14,28,0.41707963267948966,1.2000000000000002,0.4,rolling,6.579999999999904,-0.1205756255413507,1.9571389674428799,18,18,0,1.9647626141642494,0.26,0.39269908169872414,9.81,1,1,8,21,41,-3.0,3.0,0.01,30.0,60.0,1e-09,1e-12,6,0.0001,1,rimless_wheel_roa_gamma_0.260.csv,91.23533471359558
14,29,0.41707963267948966,1.3499999999999996,0.4,rolling,6.539999999999905,-0.1196665548421261,1.9565932307786973,18,18,0,1.9647665133528418,0.26,0.39269908169872414,9.81,1,1,8,21,41,-3.0,3.0,0.01,30.0,60.0,1e-09,1e-12,6,0.0001,1,rimless_wheel_roa_gamma_0.260.csv,91.23533471359558
14,30,0.41707963267948966,1.5,0.4,rolling,6.129999999999914,-0.13051720197634759,1.9633665081637275,17,17,0,1.9647390692730766,0.26,0.39269908169872414,9.81,1,1,8,21,41,-3.0,3.0,0.01,30.0,60.0,1e-09,1e-12,6,0.0001,1,rimless_wheel_roa_gamma_0.260.csv,91.23533471359558
14,31,0.41707963267948966,1.6499999999999995,0.4,rolling,6.099999999999914,-0.11370790107587728,1.9531102397466562,17,17,0,1.9647487029733088,0.26,0.39269908169872414,9.81,1,1,8,21,41,-3.0,3.0,0.01,30.0,60.0,1e-09,1e-12,6,0.0001,1,rimless_wheel_roa_gamma_0.260.csv,91.23533471359558
14,32,0.41707963267948966,1.7999999999999998,0.4,rolling,6.059999999999915,-0.11850287721653636,1.9558992597594387,17,17,0,1.9647592524637403,0.26,0.39269908169872414,9.81,1,1,8,21,41,-3.0,3.0,0.01,30.0,60.0,1e-09,1e-12,6,0.0001,1,rimless_wheel_roa_gamma_0.260.csv,91.23533471359558
14,33,0.41707963267948966,1.9500000000000002,0.4,rolling,5.659999999999924,-0.1157967531025825,1.9543102358348858,16,16,0,1.9647387657902087,0.26,0.39269908169872414,9.81,1,1,8,21,41,-3.0,3.0,0.01,30.0,60.0,1e-09,1e-12,6,0.0001,1,rimless_wheel_roa_gamma_0.260.csv,91.23533471359558
14,34,0.41707963267948966,2.0999999999999996,0.4,rolling,5.619999999999925,-0.12470827878107371,1.9596715300925664,16,16,0,1.9647635372579852,0.26,0.39269908169872414,9.81,1,1,8,21,41,-3.0,3.0,0.01,30.0,60.0,1e-09,1e-12,6,0.0001,1,rimless_wheel_roa_gamma_0.260.csv,91.23533471359558
14,35,0.41707963267948966,2.25,0.4,rolling,4.859999999999941,-0.11648161896661449,1.9547098818520656,14,14,0,1.9647525446364,0.26,0.39269908169872414,9.81,1,1,8,21,41,-3.0,3.0,0.01,30.0,60.0,1e-09,1e-12,6,0.0001,1,rimless_wheel_roa_gamma_0.260.csv,91.23533471359558
14,36,0.41707963267948966,2.3999999999999995,0.4,rolling,4.819999999999942,-0.12935580640998479,1.9626266025618433,14,14,0,1.9648662970121737,0.26,0.39269908169872414,9.81,1,1,8,21,41,-3.0,3.0,0.01,30.0,60.0,1e-09,1e-12,6,0.0001,1,rimless_wheel_roa_gamma_0.260.csv,91.23533471359558
14,37,0.41707963267948966,2.55,0.4,rolling,5.519999999999927,-0.12407097330825258,1.9592838187195556,16,16,0,1.964848850747442,0.26,0.39269908169872414,9.81,1,1,8,21,41,-3.0,3.0,0.01,30.0,60.0,1e-09,1e-12,6,0.0001,1,rimless_wheel_roa_gamma_0.260.csv,91.23533471359558
14,38,0.41707963267948966,2.7,0.4,rolling,5.84999999999992,-0.1306045537089174,1.9634331208000433,17,17,0,1.9648418153011649,0.26,0.39269908169872414,9.81,1,1,8,21,41,-3.0,3.0,0.01,30.0,60.0,1e-09,1e-12,6,0.0001,1,rimless_wheel_roa_gamma_0.260.csv,91.23533471359558
14,39,0.41707963267948966,2.8499999999999996,0.4,rolling,5.81999999999992,-0.12926473997175858,1.9625671877642876,17,17,0,1.9648587856486543,0.26,0.39269908169872414,9.81,1,1,8,21,41,-3.0,3.0,0.01,30.0,60.0,1e-09,1e-12,6,0.0001,1,rimless_wheel_roa_gamma_0.260.csv,91.23533471359558
14,40,0.41707963267948966,3.0,0.4,rolling,6.159999999999913,-0.11954976686000861,1.9565303567782142,18,18,0,1.9648396734293205,0.26,0.39269908169872414,9.81,1,1,8,21,41,-3.0,3.0,0.01,30.0,60.0,1e-09,1e-12,6,0.0001,1,rimless_wheel_roa_gamma_0.260.csv,91.23533471359558
15,0,0.4563495408493621,-3.0,0.5,rolling,7.799999999999878,-0.12708181051634682,1.9611625776219932,19,18,1,1.9647604882597294,0.26,0.39269908169872414,9.81,1,1,8,21,41,-3.0,3.0,0.01,30.0,60.0,1e-09,1e-12,6,0.0001,1,rimless_wheel_roa_gamma_0.260.csv,91.23533471359558
15,1,0.4563495408493621,-2.85,0.5,rolling,7.619999999999882,-0.12210219032481322,1.9580642999832516,19,18,1,1.964756014393909,0.26,0.39269908169872414,9.81,1,1,8,21,41,-3.0,3.0,0.01,30.0,60.0,1e-09,1e-12,6,0.0001,1,rimless_wheel_roa_gamma_0.260.csv,91.23533471359558
15,2,0.4563495408493621,-2.7,0.5,rolling,7.539999999999884,-0.11469482321789634,1.953675323999911,19,18,1,1.9647517722114347,0.26,0.39269908169872414,9.81,1,1,8,21,41,-3.0,3.0,0.01,30.0,60.0,1e-09,1e-12,6,0.0001,1,rimless_wheel_roa_gamma_0.260.csv,91.23533471359558
15,3,0.4563495408493621,-2.55,0.5,rolling,7.4999999999998845,-0.11594911521812311,1.9543995149602829,19,18,1,1.9647477580168937,0.26,0.39269908169872414,9.81,1,1,8,21,41,-3.0,3.0,0.01,30.0,60.0,1e-09,1e-12,6,0.0001,1,rimless_wheel_roa_gamma_0.260.csv,91.23533471359558
15,4,0.4563495408493621,-2.4,0.5,rolling,7.489999999999885,-0.1163409070715351,1.95462703484926,19,18,1,1.964743974525416,0.26,0.39269908169872414,9.81,1,1,8,21,41,-3.0,3.0,0.01,30.0,60.0,1e-09,1e-12,6,0.0001,1,rimless_wheel_roa_gamma_0.260.csv,91.23533471359558
15,5,0.4563495408493621,-2.25,0.5,rolling,7.4999999999998845,-0.1281516203619803,1.961841614219656,19,18,1,1.964740420174109,0.26,0.39269908169872414,9.81,1,1,8,21,41,-3.0,3.0,0.01,30.0,60.0,1e-09,1e-12,6,0.0001,1,rimless_wheel_roa_gamma_0.260.csv,91.23533471359558
15,6,0.4563495408493621,-2.1,0.5,rolling,7.5499999999998835,-0.11792908040866631,1.955557682406308,19,18,1,1.9647370934864927,0.26,0.39269908169872414,9.81,1,1,8,21,41,-3.0,3.0,0.01,30.0,60.0,1e-09,1e-12,6,0.0001,1,rimless_wheel_roa_gamma_0.260.csv,91.23533471359558
15,7,0.4563495408493621,-1.95,0.5,rolling,7.999999999999874,-0.11848255449148057,1.9558880787087387,20,19,1,1.9647683357770214,0.26,0.39269908169872414,9.81,1,1,8,21,41,-3.0,3.0,0.01,30.0,60.0,1e-09,1e-12,6,0.0001,1,rimless_wheel_roa_gamma_0.260.csv,91.23533471359558
15,8,0.4563495408493621,-1.8,0.5,rolling,8.15999999999987,-0.12175082111396782,1.9578512237646237,20,19,1,1.964766901195831,0.26,0.39269908169872414,9.81,1,1,8,21,41,-3.0,3.0,0.01,30.0,60.0,1e-09,1e-12,6,0.0001,1,rimless_wheel_roa_gamma_0.260.csv,91.23533471359558
15,9,0.4563495408493621,-1.6500000000000001,0.5,rolling,8.579999999999862,-0.11704556861311716,1.9550408208467849,20,19,1,1.9647655835679503,0.26,0.39269908169872414,9.81,1,1,8,21,41,-3.0,3.0,0.01,30.0,60.0,1e-09,1e-12,6,0.0001,1,rimless_wheel_roa_gamma_0.260.csv,91.23533471359558
15,10,0.4563495408493621,-1.5,0.5,settled,0.9800000000000006,-0.13269908169872413,0.0,2,1,1,nan,0.26,0.39269908169872414,9.81,1,1,8,21,41,-3.0,3.0,0.01,30.0,60.0,1e-09,1e-12,6,0.0001,1,rimless_wheel_roa_gamma_0.260.csv,91.23533471359558
15,11,0.4563495408493621,-1.35,0.5,rolling,7.739999999999879,-0.12180244558640817,1.9578822912818308,18,18,0,1.9647631921961544,0.26,0.39269908169872414,9.81,1,1,8,21,41,-3.0,3.0,0.01,30.0,60.0,1e-09,1e-12,6,0.0001,1,rimless_wheel_roa_gamma_0.260.csv,91.23533471359558
15,12,0.4563495408493621,-1.2000000000000002,0.5,rolling,7.389999999999887,-0.12027331495211004,1.9569566028405587,18,18,0,1.9647592935028981,0.26,0.39269908169872414,9.81,1,1,8,21,41,-3.0,3.0,0.01,30.0,60.0,1e-09,1e-12,6,0.0001,1,rimless_wheel_roa_gamma_0.260.csv,91.23533471359558
15,13,0.4563495408493621,-1.05,0.5,rolling,7.23999999999989,-0.13154735486095534,1.9640405092560969,18,18,0,1.9647558516624153,0.26,0.39269908169872414,9.81,1,1,8,21,41,-3.0,3.0,0.01,30.0,60.0,1e-09,1e-12,6,0.0001,1,rimless_wheel_roa_gamma_0.260.csv,91.23533471359558
15,14,0.4563495408493621,-0.8999999999999999,0.5,rolling,7.159999999999892,-0.11789077686321428,1.9555365905283977,18,18,0,1.964752871285192,0.26,0.39269908169872414,9.81,1,1,8,21,41,-3.0,3.0,0.01,30.0,60.0,1e-09,1e-12,6,0.0001,1,rimless_wheel_roa_gamma_0.260.csv,91.23533471359558
15,15,0.4563495408493621,-0.75,0.5,rolling,7.099999999999893,-0.11710584859281405,1.9550746948079691,18,18,0,1.964750348128967,0.26,0.39269908169872414,9.81,1,1,8,21,41,-3.0,3.0,0.01,30.0,60.0,1e-09,1e-12,6,0.0001,1,rimless_wheel_roa_gamma_0.260.csv,91.23533471359558
15,16,0.4563495408493621,-0.6000000000000001,0.5,rolling,7.049999999999894,-0.1249583785868748,1.959825951695108,18,18,0,1.9647482838510613,0.26,0.39269908169872414,9.81,1,1,8,21,41,-3.0,3.0,0.01,30.0,60.0,1e-09,1e-12,6,0.0001,1,rimless_wheel_roa_gamma_0.260.csv,91.23533471359558
15,17,0.4563495408493621,-0.4500000000000002,0.5,rolling,7.009999999999895,-0.12884737645792532,1.9622879886162448,18,18,0,1.9647466796717759,0.26,0.39269908169872414,9.81,1,1,8,21,41,-3.0,3.0,0.01,30.0,60.0,1e-09,1e-12,6,0.0001,1,rimless_wheel_roa_gamma_0.260.csv,91.23533471359558
15,18,0.4563495408493621,-0.30000000000000027,0.5,rolling,6.979999999999896,-0.12077232566648217,1.9572560210363146,18,18,0,1.9647455314774656,0.26,0.39269908169872414,9.81,1,1,8,21,41,-3.0,3.0,0.01,30.0,60.0,1e-09,1e-12,6,0.0001,1,rimless_wheel_roa_gamma_0.260.csv,91.23533471359558
15,19,0.4563495408493621,-0.1499999999999999,0.5,rolling,6.949999999999896,-0.11484032843288253,1.9537583290399465,18,18,0,1.9647448446170275,0.26,0.39269908169872414,9.81,1,1,8,21,41,-3.0,3.0,0.01,30.0,60.0,1e-09,1e-12,6,0.0001,1,rimless_wheel_roa_gamma_0.260.csv,91.23533471359558
15,20,0.4563495408493621,0.0,0.5,rolling,6.909999999999897,-0.12687124275017383,1.9610276757673908,18,18,0,1.9647446141541292,0.26,0.39269908169872414,9.81,1,1,8,21,41,-3.0,3.0,0.01,30.0,60.0,1e-09,1e-12,6,0.0001,1,rimless_wheel_roa_gamma_0.260.csv,91.23533471359558
15,21,0.4563495408493621,0.1499999999999999,0.5,rolling,6.879999999999898,-0.11553792034372018,1.9541608635966956,18,18,0,1.964744843108206,0.26,0.39269908169872414,9.81,1,1,8,21,41,-3.0,3.0,0.01,30.0,60.0,1e-09,1e-12,6,0.0001,1,rimless_wheel_roa_gamma_0.260.csv,91.23533471359558
15,22,0.4563495408493621,0.2999999999999998,0.5,rolling,6.839999999999899,-0.11918773952916731,1.9563051774273303,18,18,0,1.9647455315894968,0.26,0.39269908169872414,9.81,1,1,8,21,41,-3.0,3.0,0.01,30.0,60.0,1e-09,1e-12,6,0.0001,1,rimless_wheel_roa_gamma_0.260.csv,91.23533471359558
15,23,0.4563495408493621,0.44999999999999973,0.5,rolling,6.7999999999998995,-0.11855934518821888,1.955931549444853,18,18,0,1.9647466788186672,0.26,0.39269908169872414,9.81,1,1,8,21,41,-3.0,3.0,0.01,30.0,60.0,1e-09,1e-12,6,0.0001,1,rimless_wheel_roa_gamma_0.260.csv,91.23533471359558
15,24,0.4563495408493621,0.5999999999999996,0.5,rolling,6.7599999999999,-0.11465869492910816,1.953654233618489,18,18,0,1.9647482842514155,0.26,0.39269908169872414,9.81,1,1,8,21,41,-3.0,3.0,0.01,30.0,60.0,1e-09,1e-12,6,0.0001,1,rimless_wheel_roa_gamma_0.260.csv,91.23533471359558
15,25,0.4563495408493621,0.75,0.5,rolling,6.709999999999901,-0.12834796989370403,1.9619681310240116,18,18,0,1.964750348787642,0.26,0.39269908169872414,9.81,1,1,8,21,41,-3.0,3.0,0.01,30.0,60.0,1e-09,1e-12,6,0.0001,1,rimless_wheel_roa_gamma_0.260.csv,91.23533471359558
15,26,0.4563495408493621,0.8999999999999999,0.5,rolling,6.669999999999902,-0.12174305890072866,1.9578451592257125,18,18,0,1.9647528711307365,0.26,0.39269908169872414,9.81,1,1,8,21,41,-3.0,3.0,0.01,30.0,60.0,1e-09,1e-12,6,0.0001,1,rimless_wheel_roa_gamma_0.260.csv,91.23533471359558
15,27,0.4563495408493621,1.0499999999999998,0.5,rolling,6.629999999999903,-0.11551047857897109,1.9541460385291258,18,18,0,1.9647558517342105,0.26,0.39269908169872414,9.81,1,1,8,21,41,-3.0,3.0,0.01,30.0,60.0,1e-09,1e-12,6,0.0001,1,rimless_wheel_roa_gamma_0.260.csv,91.23533471359558
15,28,0.4563495408493621,1.2000000000000002,0.5,rolling,6.579999999999904,-0.13001885462016977,1.963044958007202,18,18,0,1.964759293701767,0.26,0.39269908169872414,9.81,1,1,8,21,41,-3.0,3.0,0.01,30.0,60.0,1e-09,1e-12,6,0.0001,1,rimless_wheel_roa_gamma_0.260.csv,91.23533471359558
15,29,0.4563495408493621,1.3499999999999996,0.5,rolling,6.539999999999905,-0.12665033697034664,1.9608897365277556,18,18,0,1.9647631913545658,0.26,0.39269908169872414,9.81,1,1,8,21,41,-3.0,3.0,0.01,30.0,60.0,1e-09,1e-12,6,0.0001,1,rimless_wheel_roa_gamma_0.260.csv,91.23533471359558
15,30,0.4563495408493621,1.5,0.5,rolling,6.499999999999906,-0.1253411630422,1.9600669435890208,18,18,0,1.964767549905999,0.26,0.39269908169872414,9.81,1,1,8,21,41,-3.0,3.0,0.01,30.0,60.0,1e-09,1e-12,6,0.0001,1,rimless_wheel_roa_gamma_0.260.csv,91.23533471359558
15,31,0.4563495408493621,1.6499999999999995,0.5,rolling,6.099999999999914,-0.11669690568903653,1.9548345560374898,17,17,0,1.9647420591491185,0.26,0.39269908169872414,9.81,1,1,8,21,41,-3.0,3.0,0.01,30.0,60.0,1e-09,1e-12,6,0.0001,1,rimless_wheel_roa_gamma_0.260.csv,91.23533471359558
15,32,0.4563495408493621,1.7999999999999998,0.5,rolling,6.059999999999915,-0.11993314667605426,1.956751641562984,17,17,0,1.9647526099313486,0.26,0.39269908169872414,9.81,1,1,8,21,41,-3.0,3.0,0.01,30.0,60.0,1e-09,1e-12,6,0.0001,1,rimless_wheel_roa_gamma_0.260.csv,91.23533471359558
15,33,0.4563495408493621,1.9500000000000002,0.5,rolling,6.019999999999916,-0.12548294658331435,1.9601553713789592,17,17,0,1.964764076137726,0.26,0.39269908169872414,9.81,1,1,8,21,41,-3.0,3.0,0.01,30.0,60.0,1e-09,1e-12,6,0.0001,1,rimless_wheel_roa_gamma_0.260.csv,91.23533471359558
15,34,0.4563495408493621,2.0999999999999996,0.5,rolling,5.619999999999925,-0.12371462812324885,1.9590539047702715,16,16,0,1.9647502495904963,0.26,0.39269908169872414,9.81,1,1,8,21,41,-3.0,3.0,0.01,30.0,60.0,1e-09,1e-12,6,0.0001,1,rimless_wheel_roa_gamma_0.260.csv,91.23533471359558
15,35,0.4563495408493621,2.25,0.5,rolling,5.219999999999933,-0.12413450220076569,1.959313851276942,15,15,0,1.9647510348869626,0.26,0.39269908169872414,9.81,1,1,8,21,41,-3.0,3.0,0.01,30.0,60.0,1e-09,1e-12,6,0.0001,1,rimless_wheel_roa_gamma_0.260.csv,91.23533471359558
15,36,0.4563495408493621,2.3999999999999995,0.5,rolling,4.089999999999957,-0.1270888468850735,1.9611750630757647,12,12,0,1.964844598737443,0.26,0.39269908169872414,9.81,1,1,8,21,41,-3.0,3.0,0.01,30.0,60.0,1e-09,1e-12,6,0.0001,1,rimless_wheel_roa_gamma_0.260.csv,91.23533471359558
15,37,0.4563495408493621,2.55,0.5,rolling,5.519999999999927,-0.12073227966491236,1.9572404516730502,16,16,0,1.9648355663435864,0.26,0.39269908169872414,9.81,1,1,8,21,41,-3.0,3.0,0.01,30.0,60.0,1e-09,1e-12,6,0.0001,1,rimless_wheel_roa_gamma_0.260.csv,91.23533471359558
15,38,0.4563495408493621,2.7,0.5,rolling,5.489999999999927,-0.11714664759607524,1.9551098452817435,16,16,0,1.9648676703132522,0.26,0.39269908169872414,9.81,1,1,8,21,41,-3.0,3.0,0.01,30.0,60.0,1e-09,1e-12,6,0.0001,1,rimless_wheel_roa_gamma_0.260.csv,91.23533471359558
15,39,0.4563495408493621,2.8499999999999996,0.5,rolling,5.81999999999992,-0.12493161934335066,1.9598191762763713,17,17,0,1.9648521440928082,0.26,0.39269908169872414,9.81,1,1,8,21,41,-3.0,3.0,0.01,30.0,60.0,1e-09,1e-12,6,0.0001,1,rimless_wheel_roa_gamma_0.260.csv,91.23533471359558
15,40,0.4563495408493621,3.0,0.5,rolling,6.159999999999913,-0.11485666083259266,1.9537764898599779,18,18,0,1.964836352227764,0.26,0.39269908169872414,9.81,1,1,8,21,41,-3.0,3.0,0.01,30.0,60.0,1e-09,1e-12,6,0.0001,1,rimless_wheel_roa_gamma_0.260.csv,91.23533471359558
16,0,0.4956194490192345,-3.0,0.6,rolling,7.71999999999988,-0.1289661872370965,1.9623654852383892,19,18,1,1.964758689083746,0.26,0.39269908169872414,9.81,1,1,8,21,41,-3.0,3.0,0.01,30.0,60.0,1e-09,1e-12,6,0.0001,1,rimless_wheel_roa_gamma_0.260.csv,91.23533471359558
16,1,0.4956194490192345,-2.85,0.6,rolling,7.589999999999883,-0.12546608505387938,1.9601438681893022,19,18,1,1.9647542163700242,0.26,0.39269908169872414,9.81,1,1,8,21,41,-3.0,3.0,0.01,30.0,60.0,1e-09,1e-12,6,0.0001,1,rimless_wheel_roa_gamma_0.260.csv,91.23533471359558
16,2,0.4956194490192345,-2.7,0.6,rolling,7.529999999999884,-0.12084236162229545,1.9572987496816847,19,18,1,1.9647499732163434,0.26,0.39269908169872414,9.81,1,1,8,21,41,-3.0,3.0,0.01,30.0,60.0,1e-09,1e-12,6,0.0001,1,rimless_wheel_roa_gamma_0.260.csv,91.23533471359558
16,3,0.4956194490192345,-2.55,0.6,rolling,7.4999999999998845,-0.13112741329211877,1.9637648574625428,19,18,1,1.9647459594743166,0.26,0.39269908169872414,9.81,1,1,8,21,41,-3.0,3.0,0.01,30.0,60.0,1e-09,1e-12,6,0.0001,1,rimless_wheel_roa_gamma_0.260.csv,91.23533471359558
16,4,0.4956194490192345,-2.4,0.6,rolling,7.509999999999884,-0.11898269266820076,1.9561826961507713,19,18,1,1.9647421744987448,0.26,0.39269908169872414,9.81,1,1,8,21,41,-3.0,3.0,0.01,30.0,60.0,1e-09,1e-12,6,0.0001,1,rimless_wheel_roa_gamma_0.260.csv,91.23533471359558
16,5,0.4956194490192345,-2.25,0.6,rolling,7.539999999999884,-0.12338050797184621,1.9588465983092993,19,18,1,1.9647386202561894,0.26,0.39269908169872414,9.81,1,1,8,21,41,-3.0,3.0,0.01,30.0,60.0,1e-09,1e-12,6,0.0001,1,rimless_wheel_roa_gamma_0.260.csv,91.23533471359558
16,6,0.4956194490192345,-2.1,0.6,rolling,7.9699999999998745,-0.13063201864843482,1.963444054058144,20,19,1,1.9647689838519902,0.26,0.39269908169872414,9.81,1,1,8,21,41,-3.0,3.0,0.01,30.0,60.0,1e-09,1e-12,6,0.0001,1,rimless_wheel_roa_gamma_0.260.csv,91.23533471359558
16,7,0.4956194490192345,-1.95,0.6,rolling,8.099999999999872,-0.1321339544967467,1.9644267430150768,20,19,1,1.9647674356453286,0.26,0.39269908169872414,9.81,1,1,8,21,41,-3.0,3.0,0.01,30.0,60.0,1e-09,1e-12,6,0.0001,1,rimless_wheel_roa_gamma_0.260.csv,91.23533471359558
16,8,0.4956194490192345,-1.8,0.6,rolling,8.399999999999865,-0.11955236319111921,1.956524862959035,20,19,1,1.9647660021850928,0.26,0.39269908169872414,9.81,1,1,8,21,41,-3.0,3.0,0.01,30.0,60.0,1e-09,1e-12,6,0.0001,1,rimless_wheel_roa_gamma_0.260.csv,91.23533471359558
16,9,0.4956194490192345,-1.6500000000000001,0.6,settled,0.9200000000000006,-0.13269908169872413,0.0,2,1,1,nan,0.26,0.39269908169872414,9.81,1,1,8,21,41,-3.0,3.0,0.01,30.0,60.0,1e-09,1e-12,6,0.0001,1,rimless_wheel_roa_gamma_0.260.csv,91.23533471359558
16,10,0.4956194490192345,-1.5,0.6,rolling,7.929999999999875,-0.12173825210598584,1.957843293308149,18,18,0,1.9647639511760868,0.26,0.39269908169872414,9.81,1,1,8,21,41,-3.0,3.0,0.01,30.0,60.0,1e-09,1e-12,6,0.0001,1,rimless_wheel_roa_gamma_0.260.csv,91.23533471359558
16,11,0.4956194490192345,-1.35,0.6,rolling,7.439999999999886,-0.11484673338393583,1.9537634249028006,18,18,0,1.964759593433089,0.26,0.39269908169872414,9.81,1,1,8,21,41,-3.0,3.0,0.01,30.0,60.0,1e-09,1e-12,6,0.0001,1,rimless_wheel_roa_gamma_0.260.csv,91.23533471359558
16,12,0.4956194490192345,-1.2000000000000002,0.6,rolling,7.269999999999889,-0.13116035867108572,1.963787306598731,18,18,0,1.9647556957938563,0.26,0.39269908169872414,9.81,1,1,8,21,41,-3.0,3.0,0.01,30.0,60.0,1e-09,1e-12,6,0.0001,1,rimless_wheel_roa_gamma_0.260.csv,91.23533471359558
16,13,0.4956194490192345,-1.05,0.6,rolling,7.179999999999891,-0.12864354169695405,1.9621576818120057,18,18,0,1.9647522549471013,0.26,0.39269908169872414,9.81,1,1,8,21,41,-3.0,3.0,0.01,30.0,60.0,1e-09,1e-12,6,0.0001,1,rimless_wheel_roa_gamma_0.260.csv,91.23533471359558
16,14,0.4956194490192345,-0.8999999999999999,0.6,rolling,7.119999999999893,-0.1286911007012769,1.962187908017628,18,18,0,1.9647492726529772,0.26,0.39269908169872414,9.81,1,1,8,21,41,-3.0,3.0,0.01,30.0,60.0,1e-09,1e-12,6,0.0001,1,rimless_wheel_roa_gamma_0.260.csv,91.23533471359558
16,15,0.4956194490192345,-0.75,0.6,rolling,7.0799999999998935,-0.12308347936564665,1.9586645191515861,18,18,0,1.9647467494955617,0.26,0.39269908169872414,9.81,1,1,8,21,41,-3.0,3.0,0.01,30.0,60.0,1e-09,1e-12,6,0.0001,1,rimless_wheel_roa_gamma_0.260.csv,91.23533471359558
16,16,0.4956194490192345,-0.6000000000000001,0.6,rolling,7.049999999999894,-0.11720713894879703,1.955133559017008,18,18,0,1.9647446850690542,0.26,0.39269908169872414,9.81,1,1,8,21,41,-3.0,3.0,0.01,30.0,60.0,1e-09,1e-12,6,0.0001,1,rimless_wheel_roa_gamma_0.260.csv,91.23533471359558
16,17,0.4956194490192345,-0.4500000000000002,0.6,rolling,7.019999999999895,-0.12147885048505527,1.9576836198547596,18,18,0,1.964743080222476,0.26,0.39269908169872414,9.81,1,1,8,21,41,-3.0,3.0,0.01,30.0,60.0,1e-09,1e-12,6,0.0001,1,rimless_wheel_roa_gamma_0.260.csv,91.23533471359558
16,18,0.4956194490192345,-0.30000000000000027,0.6,rolling,6.989999999999895,-0.12906988005131967,1.9624305814439096,18,18,0,1.964741933557499,0.26,0.39269908169872414,9.81,1,1,8,21,41,-3.0,3.0,0.01,30.0,60.0,1e-09,1e-12,6,0.0001,1,rimless_wheel_roa_gamma_0.260.csv,91.23533471359558
16,19,0.4956194490192345,-0.1499999999999999,0.6,rolling,6.969999999999896,-0.11501306261382788,1.9538574393437382,18,18,0,1.9647412450970594,0.26,0.39269908169872414,9.81,1,1,8,21,41,-3.0,3.0,0.01,30.0,60.0,1e-09,1e-12,6,0.0001,1,rimless_wheel_roa_gamma_0.260.csv,91.23533471359558
16,20,0.4956194490192345,0.0,0.6,rolling,6.9399999999998965,-0.11461501307329622,1.9536284468295253,18,18,0,1.964741015910396,0.26,0.39269908169872414,9.81,1,1,8,21,41,-3.0,3.0,0.01,30.0,60.0,1e-09,1e-12,6,0.0001,1,rimless_wheel_roa_gamma_0.260.csv,91.23533471359558
16,21,0.4956194490192345,0.1499999999999999,0.6,rolling,6.899999999999897,-0.1257858304533061,1.9603431248286207,18,18,0,1.9647412453236681,0.26,0.39269908169872414,9.81,1,1,8,21,41,-3.0,3.0,0.01,30.0,60.0,1e-09,1e-12,6,0.0001,1,rimless_wheel_roa_gamma_0.260.csv,91.23533471359558
16,22,0.4956194490192345,0.2999999999999998,0.6,rolling,6.859999999999898,-0.12873087894336932,1.9622127340211573,18,18,0,1.964741932983741,0.26,0.39269908169872414,9.81,1,1,8,21,41,-3.0,3.0,0.01,30.0,60.0,1e-09,1e-12,6,0.0001,1,rimless_wheel_roa_gamma_0.260.csv,91.23533471359558
16,23,0.4956194490192345,0.44999999999999973,0.6,rolling,6.819999999999899,-0.12468576905203853,1.9596555611677144,18,18,0,1.9647430797395735,0.26,0.39269908169872414,9.81,1,1,8,21,41,-3.0,3.0,0.01,30.0,60.0,1e-09,1e-12,6,0.0001,1,rimless_wheel_roa_gamma_0.260.csv,91.23533471359558
16,24,0.4956194490192345,0.5999999999999996,0.6,rolling,6.7799999999999,-0.11575620669330997,1.954287291427775,18,18,0,1.9647446861882505,0.26,0.39269908169872414,9.81,1,1,8,21,41,-3.0,3.0,0.01,30.0,60.0,1e-09,1e-12,6,0.0001,1,rimless_wheel_roa_gamma_0.260.csv,91.23533471359558
16,25,0.4956194490192345,0.75,0.6,rolling,6.729999999999901,-0.1237432264372792,1.9590712427284063,18,18,0,1.9647467489435828,0.26,0.39269908169872414,9.81,1,1,8,21,41,-3.0,3.0,0.01,30.0,60.0,1e-09,1e-12,6,0.0001,1,rimless_wheel_roa_gamma_0.260.csv,91.23533471359558
16,26,0.4956194490192345,0.8999999999999999,0.6,rolling,6.679999999999902,-0.13104716495685725,1.9637127710683229,18,18,0,1.9647492721742736,0.26,0.39269908169872414,9.81,1,1,8,21,41,-3.0,3.0,0.01,30.0,60.0,1e-09,1e-12,6,0.0001,1,rimless_wheel_roa_gamma_0.260.csv,91.23533471359558
16,27,0.4956194490192345,1.0499999999999998,0.6,rolling,6.639999999999903,-0.1195193062993296,1.956503782800596,18,18,0,1.964752254709418,0.26,0.39269908169872414,9.81,1,1,8,21,41,-3.0,3.0,0.01,30.0,60.0,1e-09,1e-12,6,0.0001,1,rimless_wheel_roa_gamma_0.260.csv,91.23533471359558
16,28,0.4956194490192345,1.2000000000000002,0.6,rolling,6.589999999999904,-0.12935738136139216,1.9626170729648813,18,18,0,1.9647556958259196,0.26,0.39269908169872414,9.81,1,1,8,21,41,-3.0,3.0,0.01,30.0,60.0,1e-09,1e-12,6,0.0001,1,rimless_wheel_roa_gamma_0.260.csv,91.23533471359558
16,29,0.4956194490192345,1.3499999999999996,0.6,rolling,6.549999999999905,-0.12196408881391628,1.9579804147900528,18,18,0,1.9647595930930173,0.26,0.39269908169872414,9.81,1,1,8,21,41,-3.0,3.0,0.01,30.0,60.0,1e-09,1e-12,6,0.0001,1,rimless_wheel_roa_gamma_0.260.csv,91.23533471359558
16,30,0.4956194490192345,1.5,0.6,rolling,6.509999999999906,-0.11725817654624207,1.9551653562274967,18,18,0,1.9647639522362834,0.26,0.39269908169872414,9.81,1,1,8,21,41,-3.0,3.0,0.01,30.0,60.0,1e-09,1e-12,6,0.0001,1,rimless_wheel_roa_gamma_0.260.csv,91.23533471359558
16,31,0.4956194490192345,1.6499999999999995,0.6,rolling,6.4699999999999065,-0.11534418571469009,1.9540511283286315,18,18,0,1.9647687674082128,0.26,0.39269908169872414,9.81,1,1,8,21,41,-3.0,3.0,0.01,30.0,60.0,1e-09,1e-12,6,0.0001,1,rimless_wheel_roa_gamma_0.260.csv,91.23533471359558
16,32,0.4956194490192345,1.7999999999999998,0.6,rolling,6.059999999999915,-0.1262132151961188,1.9606122706071647,17,17,0,1.9647454115277265,0.26,0.39269908169872414,9.81,1,1,8,21,41,-3.0,3.0,0.01,30.0,60.0,1e-09,1e-12,6,0.0001,1,rimless_wheel_roa_gamma_0.260.csv,91.23533471359558
16,33,0.4956194490192345,1.9500000000000002,0.6,rolling,6.019999999999916,-0.12979982301203916,1.9629029271535048,17,17,0,1.9647568793476669,0.26,0.39269908169872414,9.81,1,1,8,21,41,-3.0,3.0,0.01,30.0,60.0,1e-09,1e-12,6,0.0001,1,rimless_wheel_roa_gamma_0.260.csv,91.23533471359558
16,34,0.4956194490192345,2.0999999999999996,0.6,rolling,5.989999999999917,-0.11638899454415744,1.9546574770185547,17,17,0,1.9647692643023902,0.26,0.39269908169872414,9.81,1,1,8,21,41,-3.0,3.0,0.01,30.0,60.0,1e-09,1e-12,6,0.0001,1,rimless_wheel_roa_gamma_0.260.csv,91.23533471359558
16,35,0.4956194490192345,2.25,0.6,rolling,5.589999999999925,-0.11544947966812201,1.9541113877736764,16,16,0,1.964762460616365,0.26,0.39269908169872414,9.81,1,1,8,21,41,-3.0,3.0,0.01,30.0,60.0,1e-09,1e-12,6,0.0001,1,rimless_wheel_roa_gamma_0.260.csv,91.23533471359558
16,36,0.4956194490192345,2.3999999999999995,0.6,rolling,4.819999999999942,-0.126832456983704,1.961004173580745,14,14,0,1.9647555806906205,0.26,0.39269908169872414,9.81,1,1,8,21,41,-3.0,3.0,0.01,30.0,60.0,1e-09,1e-12,6,0.0001,1,rimless_wheel_roa_gamma_0.260.csv,91.23533471359558
16,37,0.4956194490192345,2.55,0.6,rolling,5.149999999999935,-0.12997983310367073,1.9630273398923677,15,15,0,1.964839671704401,0.26,0.39269908169872414,9.81,1,1,8,21,41,-3.0,3.0,0.01,30.0,60.0,1e-09,1e-12,6,0.0001,1,rimless_wheel_roa_gamma_0.260.csv,91.23533471359558
16,38,0.4956194490192345,2.7,0.6,rolling,5.489999999999927,-0.11558711309608581,1.954199723072487,16,16,0,1.9648532797804574,0.26,0.39269908169872414,9.81,1,1,8,21,41,-3.0,3.0,0.01,30.0,60.0,1e-09,1e-12,6,0.0001,1,rimless_wheel_roa_gamma_0.260.csv,91.23533471359558
16,39,0.4956194490192345,2.8499999999999996,0.6,rolling,5.81999999999992,-0.12270231077841864,1.9584398627925315,17,17,0,1.9648449466755882,0.26,0.39269908169872414,9.81,1,1,8,21,41,-3.0,3.0,0.01,30.0,60.0,1e-09,1e-12,6,0.0001,1,rimless_wheel_roa_gamma_0.260.csv,91.23533471359558
16,40,0.4956194490192345,3.0,0.6,rolling,5.789999999999921,-0.12206756592901863,1.9580533855200601,17,17,0,1.9648628358508669,0.26,0.39269908169872414,9.81,1,1,8,21,41,-3.0,3.0,0.01,30.0,60.0,1e-09,1e-12,6,0.0001,1,rimless_wheel_roa_gamma_0.260.csv,91.23533471359558
17,0,0.5348893571891069,-3.0,0.7,rolling,7.669999999999881,-0.11777368903679689,1.9554679096861545,19,18,1,1.9647567541656716,0.26,0.39269908169872414,9.81,1,1,8,21,41,-3.0,3.0,0.01,30.0,60.0,1e-09,1e-12,6,0.0001,1,rimless_wheel_roa_gamma_0.260.csv,91.23533471359558
17,1,0.5348893571891069,-2.85,0.7,rolling,7.569999999999883,-0.12570100616262578,1.960290942671786,19,18,1,1.964752281439625,0.26,0.39269908169872414,9.81,1,1,8,21,41,-3.0,3.0,0.01,30.0,60.0,1e-09,1e-12,6,0.0001,1,rimless_wheel_roa_gamma_0.260.csv,91.23533471359558
17,2,0.5348893571891069,-2.7,0.7,rolling,7.529999999999884,-0.11911882745873215,1.9562643378995919,19,18,1,1.9647480379929636,0.26,0.39269908169872414,9.81,1,1,8,21,41,-3.0,3.0,0.01,30.0,60.0,1e-09,1e-12,6,0.0001,1,rimless_wheel_roa_gamma_0.260.csv,91.23533471359558
17,3,0.5348893571891069,-2.55,0.7,rolling,7.519999999999884,-0.11966982281913621,1.9565930381884378,19,18,1,1.964744024604362,0.26,0.39269908169872414,9.81,1,1,8,21,41,-3.0,3.0,0.01,30.0,60.0,1e-09,1e-12,6,0.0001,1,rimless_wheel_roa_gamma_0.260.csv,91.23533471359558
17,4,0.5348893571891069,-2.4,0.7,rolling,7.539999999999884,-0.11920915638381666,1.9563174427214376,19,18,1,1.9647402407016514,0.26,0.39269908169872414,9.81,1,1,8,21,41,-3.0,3.0,0.01,30.0,60.0,1e-09,1e-12,6,0.0001,1,rimless_wheel_roa_gamma_0.260.csv,91.23533471359558
17,5,0.5348893571891069,-2.25,0.7,rolling,7.959999999999875,-0.11684580722203176,1.9549242545348158,20,19,1,1.9647696791615124,0.26,0.39269908169872414,9.81,1,1,8,21,41,-3.0,3.0,0.01,30.0,60.0,1e-09,1e-12,6,0.0001,1,rimless_wheel_roa_gamma_0.260.csv,91.23533471359558
17,6,0.5348893571891069,-2.1,0.7,rolling,8.059999999999873,-0.12911150775536753,1.9624598544685063,20,19,1,1.964768016255517,0.26,0.39269908169872414,9.81,1,1,8,21,41,-3.0,3.0,0.01,30.0,60.0,1e-09,1e-12,6,0.0001,1,rimless_wheel_roa_gamma_0.260.csv,91.23533471359558
17,7,0.5348893571891069,-1.95,0.7,rolling,8.289999999999868,-0.11528772088929068,1.9540182919345745,20,19,1,1.964766468334676,0.26,0.39269908169872414,9.81,1,1,8,21,41,-3.0,3.0,0.01,30.0,60.0,1e-09,1e-12,6,0.0001,1,rimless_wheel_roa_gamma_0.260.csv,91.23533471359558
17,8,0.5348893571891069,-1.8,0.7,settled,0.8900000000000006,-0.13269908169872413,0.0,2,1,1,nan,0.26,0.39269908169872414,9.81,1,1,8,21,41,-3.0,3.0,0.01,30.0,60.0,1e-09,1e-12,6,0.0001,1,rimless_wheel_roa_gamma_0.260.csv,91.23533471359558
17,9,0.5348893571891069,-1.6500000000000001,0.7,rolling,8.529999999999863,-0.12883860446174608,1.9622840889594986,18,18,0,1.9647648974553036,0.26,0.39269908169872414,9.81,1,1,8,21,41,-3.0,3.0,0.01,30.0,60.0,1e-09,1e-12,6,0.0001,1,rimless_wheel_roa_gamma_0.260.csv,91.23533471359558
17,10,0.5348893571891069,-1.5,0.7,rolling,7.489999999999885,-0.12641871396140514,1.96074320075618,18,18,0,1.964760081491325,0.26,0.39269908169872414,9.81,1,1,8,21,41,-3.0,3.0,0.01,30.0,60.0,1e-09,1e-12,6,0.0001,1,rimless_wheel_roa_gamma_0.260.csv,91.23533471359558
17,11,0.5348893571891069,-1.35,0.7,rolling,7.309999999999889,-0.11496126821525042,1.9538289878484978,18,18,0,1.9647557229818962,0.26,0.39269908169872414,9.81,1,1,8,21,41,-3.0,3.0,0.01,30.0,60.0,1e-09,1e-12,6,0.0001,1,rimless_wheel_roa_gamma_0.260.csv,91.23533471359558
17,12,0.5348893571891069,-1.2000000000000002,0.7,rolling,7.209999999999891,-0.12033656075866482,1.9569939398126681,18,18,0,1.9647518253755945,0.26,0.39269908169872414,9.81,1,1,8,21,41,-3.0,3.0,0.01,30.0,60.0,1e-09,1e-12,6,0.0001,1,rimless_wheel_roa_gamma_0.260.csv,91.23533471359558
17,13,0.5348893571891069,-1.05,0.7,rolling,7.149999999999892,-0.1202593359888575,1.9569471531591736,18,18,0,1.9647483847354108,0.26,0.39269908169872414,9.81,1,1,8,21,41,-3.0,3.0,0.01,30.0,60.0,1e-09,1e-12,6,0.0001,1,rimless_wheel_roa_gamma_0.260.csv,91.23533471359558
17,14,0.5348893571891069,-0.8999999999999999,0.7,rolling,7.109999999999893,-0.12125611183713003,1.9575487048480253,18,18,0,1.9647454030948142,0.26,0.39269908169872414,9.81,1,1,8,21,41,-3.0,3.0,0.01,30.0,60.0,1e-09,1e-12,6,0.0001,1,rimless_wheel_roa_gamma_0.260.csv,91.23533471359558
17,15,0.5348893571891069,-0.75,0.7,rolling,7.0799999999998935,-0.12731114939353957,1.9613064170099592,18,18,0,1.964742879899292,0.26,0.39269908169872414,9.81,1,1,8,21,41,-3.0,3.0,0.01,30.0,60.0,1e-09,1e-12,6,0.0001,1,rimless_wheel_roa_gamma_0.260.csv,91.23533471359558
17,16,0.5348893571891069,-0.6000000000000001,0.7,rolling,7.059999999999894,-0.12857948910273556,1.9621155189904387,18,18,0,1.964740815959896,0.26,0.39269908169872414,9.81,1,1,8,21,41,-3.0,3.0,0.01,30.0,60.0,1e-09,1e-12,6,0.0001,1,rimless_wheel_roa_gamma_0.260.csv,91.23533471359558
17,17,0.5348893571891069,-0.4500000000000002,0.7,rolling,7.049999999999894,-0.11717223750154022,1.9551125622412202,18,18,0,1.9647392113220299,0.26,0.39269908169872414,9.81,1,1,8,21,41,-3.0,3.0,0.01,30.0,60.0,1e-09,1e-12,6,0.0001,1,rimless_wheel_roa_gamma_0.260.csv,91.23533471359558
17,18,0.5348893571891069,-0.30000000000000027,0.7,rolling,7.0299999999998946,-0.12491920186451194,1.9598005381339547,18,18,0,1.9647380637097374,0.26,0.39269908169872414,9.81,1,1,8,21,41,-3.0,3.0,0.01,30.0,60.0,1e-09,1e-12,6,0.0001,1,rimless_wheel_roa_gamma_0.260.csv,91.23533471359558
17,19,0.5348893571891069,-0.1499999999999999,0.7,rolling,7.009999999999895,-0.12541045412937626,1.9601074300490584,18,18,0,1.9647373763719482,0.26,0.39269908169872414,9.81,1,1,8,21,41,-3.0,3.0,0.01,30.0,60.0,1e-09,1e-12,6,0.0001,1,rimless_wheel_roa_gamma_0.260.csv,91.23533471359558
17,20,0.5348893571891069,0.0,0.7,rolling,6.989999999999895,-0.11329623005347203,1.9528749291577492,18,18,0,1.964737146389619,0.26,0.39269908169872414,9.81,1,1,8,21,41,-3.0,3.0,0.01,30.0,60.0,1e-09,1e-12,6,0.0001,1,rimless_wheel_roa_gamma_0.260.csv,91.23533471359558
17,21,0.5348893571891069,0.1499999999999999,0.7,rolling,6.949999999999896,-0.12512554892672367,1.9599292667595674,18,18,0,1.9647373758111668,0.26,0.39269908169872414,9.81,1,1,8,21,41,-3.0,3.0,0.01,30.0,60.0,1e-09,1e-12,6,0.0001,1,rimless_wheel_roa_gamma_0.260.csv,91.23533471359558
17,22,0.5348893571891069,0.2999999999999998,0.7,rolling,6.909999999999897,-0.12251807460082641,1.9583167791629577,18,18,0,1.9647380637112997,0.26,0.39269908169872414,9.81,1,1,8,21,41,-3.0,3.0,0.01,30.0,60.0,1e-09,1e-12,6,0.0001,1,rimless_wheel_roa_gamma_0.260.csv,91.23533471359558
17,23,0.5348893571891069,0.44999999999999973,0.7,rolling,6.859999999999898,-0.1283811852257836,1.9619883268171372,18,18,0,1.9647392094733551,0.26,0.39269908169872414,9.81,1,1,8,21,41,-3.0,3.0,0.01,30.0,60.0,1e-09,1e-12,6,0.0001,1,rimless_wheel_roa_gamma_0.260.csv,91.23533471359558
17,24,0.5348893571891069,0.5999999999999996,0.7,rolling,6.809999999999899,-0.12747222771219469,1.961408575838407,18,18,0,1.9647408161179485,0.26,0.39269908169872414,9.81,1,1,8,21,41,-3.0,3.0,0.01,30.0,60.0,1e-09,1e-12,6,0.0001,1,rimless_wheel_roa_gamma_0.260.csv,91.23533471359558
17,25,0.5348893571891069,0.75,0.7,rolling,6.7599999999999,-0.12381242544275459,1.9591136543570806,18,18,0,1.9647428800473759,0.26,0.39269908169872414,9.81,1,1,8,21,41,-3.0,3.0,0.01,30.0,60.0,1e-09,1e-12,6,0.0001,1,rimless_wheel_roa_gamma_0.260.csv,91.23533471359558
17,26,0.5348893571891069,0.8999999999999999,0.7,rolling,6.709999999999901,-0.12041799380862371,1.9570423437803741,18,18,0,1.9647454032015272,0.26,0.39269908169872414,9.81,1,1,8,21,41,-3.0,3.0,0.01,30.0,60.0,1e-09,1e-12,6,0.0001,1,rimless_wheel_roa_gamma_0.260.csv,91.23533471359558
17,27,0.5348893571891069,1.0499999999999998,0.7,rolling,6.659999999999902,-0.11921730762396895,1.9563230826494176,18,18,0,1.9647483846399023,0.26,0.39269908169872414,9.81,1,1,8,21,41,-3.0,3.0,0.01,30.0,60.0,1e-09,1e-12,6,0.0001,1,rimless_wheel_roa_gamma_0.260.csv,91.23533471359558
17,28,0.5348893571891069,1.2000000000000002,0.7,rolling,6.6099999999999035,-0.12127652248510058,1.957561693950603,18,18,0,1.964751825459605,0.26,0.39269908169872414,9.81,1,1,8,21,41,-3.0,3.0,0.01,30.0,60.0,1e-09,1e-12,6,0.0001,1,rimless_wheel_roa_gamma_0.260.csv,91.23533471359558
17,29,0.5348893571891069,1.3499999999999996,0.7,rolling,6.559999999999905,-0.1270818585711702,1.9611621539875805,18,18,0,1.9647557249098935,0.26,0.39269908169872414,9.81,1,1,8,21,41,-3.0,3.0,0.01,30.0,60.0,1e-09,1e-12,6,0.0001,1,rimless_wheel_roa_gamma_0.260.csv,91.23533471359558
17,30,0.5348893571891069,1.5,0.7,rolling,6.519999999999905,-0.11716011624345032,1.955107448632845,18,18,0,1.9647600816638526,0.26,0.39269908169872414,9.81,1,1,8,21,41,-3.0,3.0,0.01,30.0,60.0,1e-09,1e-12,6,0.0001,1,rimless_wheel_roa_gamma_0.260.csv,91.23533471359558
17,31,0.5348893571891069,1.6499999999999995,0.7,rolling,6.4699999999999065,-0.13059694409136974,1.9634208407522409,18,18,0,1.964764898223059,0.26,0.39269908169872414,9.81,1,1,8,21,41,-3.0,3.0,0.01,30.0,60.0,1e-09,1e-12,6,0.0001,1,rimless_wheel_roa_gamma_0.260.csv,91.23533471359558
17,32,0.5348893571891069,1.7999999999999998,0.7,rolling,6.069999999999915,-0.11843862187628523,1.9558591020933747,17,17,0,1.9647376715522407,0.26,0.39269908169872414,9.81,1,1,8,21,41,-3.0,3.0,0.01,30.0,60.0,1e-09,1e-12,6,0.0001,1,rimless_wheel_roa_gamma_0.260.csv,91.23533471359558
17,33,0.5348893571891069,1.9500000000000002,0.7,rolling,6.029999999999916,-0.11921252745645222,1.9563203038440484,17,17,0,1.9647491394991698,0.26,0.39269908169872414,9.81,1,1,8,21,41,-3.0,3.0,0.01,30.0,60.0,1e-09,1e-12,6,0.0001,1,rimless_wheel_roa_gamma_0.260.csv,91.23533471359558
17,34,0.5348893571891069,2.0999999999999996,0.7,rolling,5.989999999999917,-0.12308924204200784,1.9586694739176325,17,17,0,1.9647615251576915,0.26,0.39269908169872414,9.81,1,1,8,21,41,-3.0,3.0,0.01,30.0,60.0,1e-09,1e-12,6,0.0001,1,rimless_wheel_roa_gamma_0.260.csv,91.23533471359558
17,35,0.5348893571891069,2.25,0.7,rolling,5.589999999999925,-0.12025864398209858,1.9569466019471373,16,16,0,1.9647469816561312,0.26,0.39269908169872414,9.81,1,1,8,21,41,-3.0,3.0,0.01,30.0,60.0,1e-09,1e-12,6,0.0001,1,rimless_wheel_roa_gamma_0.260.csv,91.23533471359558
17,36,0.5348893571891069,2.3999999999999995,0.7,rolling,5.189999999999934,-0.12007748405057098,1.9568378461928908,15,15,0,1.964748168955684,0.26,0.39269908169872414,9.81,1,1,8,21,41,-3.0,3.0,0.01,30.0,60.0,1e-09,1e-12,6,0.0001,1,rimless_wheel_roa_gamma_0.260.csv,91.23533471359558
17,37,0.5348893571891069,2.55,0.7,rolling,4.059999999999958,-0.12278081816295941,1.958488590551802,12,12,0,1.9648510226601301,0.26,0.39269908169872414,9.81,1,1,8,21,41,-3.0,3.0,0.01,30.0,60.0,1e-09,1e-12,6,0.0001,1,rimless_wheel_roa_gamma_0.260.csv,91.23533471359558
17,38,0.5348893571891069,2.7,0.7,rolling,5.489999999999927,-0.1164541311927112,1.9547020116545821,16,16,0,1.9648378015153405,0.26,0.39269908169872414,9.81,1,1,8,21,41,-3.0,3.0,0.01,30.0,60.0,1e-09,1e-12,6,0.0001,1,rimless_wheel_roa_gamma_0.260.csv,91.23533471359558
17,39,0.5348893571891069,2.8499999999999996,0.7,rolling,5.81999999999992,-0.12266033327698085,1.9584133942257749,17,17,0,1.9648372094242774,0.26,0.39269908169872414,9.81,1,1,8,21,41,-3.0,3.0,0.01,30.0,60.0,1e-09,1e-12,6,0.0001,1,rimless_wheel_roa_gamma_0.260.csv,91.23533471359558
17,40,0.5348893571891069,3.0,0.7,rolling,5.789999999999921,-0.12125774272168113,1.9575601807756697,17,17,0,1.9648550956118056,0.26,0.39269908169872414,9.81,1,1,8,21,41,-3.0,3.0,0.01,30.0,60.0,1e-09,1e-12,6,0.0001,1,rimless_wheel_roa_gamma_0.260.csv,91.23533471359558
18,0,0.5741592653589793,-3.0,0.8,rolling,7.629999999999882,-0.11889829554395773,1.9561336694619906,19,18,1,1.96475468601449,0.26,0.39269908169872414,9.81,1,1,8,21,41,-3.0,3.0,0.01,30.0,60.0,1e-09,1e-12,6,0.0001,1,rimless_wheel_roa_gamma_0.260.csv,91.23533471359558
18,1,0.5741592653589793,-2.85,0.8,rolling,7.559999999999883,-0.12225543563216906,1.9581573148278248,19,18,1,1.964750213420383,0.26,0.39269908169872414,9.81,1,1,8,21,41,-3.0,3.0,0.01,30.0,60.0,1e-09,1e-12,6,0.0001,1,rimless_wheel_roa_gamma_0.260.csv,91.23533471359558
18,2,0.5741592653589793,-2.7,0.8,rolling,7.529999999999884,-0.13105844500314148,1.9637198194143577,19,18,1,1.9647459702919932,0.26,0.39269908169872414,9.81,1,1,8,21,41,-3.0,3.0,0.01,30.0,60.0,1e-09,1e-12,6,0.0001,1,rimless_wheel_roa_gamma_0.260.csv,91.23533471359558
18,3,0.5741592653589793,-2.55,0.8,rolling,7.539999999999884,-0.12466409296819335,1.9596419613272689,19,18,1,1.964741956985372,0.26,0.39269908169872414,9.81,1,1,8,21,41,-3.0,3.0,0.01,30.0,60.0,1e-09,1e-12,6,0.0001,1,rimless_wheel_roa_gamma_0.260.csv,91.23533471359558
18,4,0.5741592653589793,-2.4,0.8,rolling,7.579999999999883,-0.12448797334820941,1.9595320460432721,19,18,1,1.9647381722175545,0.26,0.39269908169872414,9.81,1,1,8,21,41,-3.0,3.0,0.01,30.0,60.0,1e-09,1e-12,6,0.0001,1,rimless_wheel_roa_gamma_0.260.csv,91.23533471359558
18,5,0.5741592653589793,-2.25,0.8,rolling,8.029999999999873,-0.12580862496027004,1.960360049891359,20,19,1,1.9647686455069175,0.26,0.39269908169872414,9.81,1,1,8,21,41,-3.0,3.0,0.01,30.0,60.0,1e-09,1e-12,6,0.0001,1,rimless_wheel_roa_gamma_0.260.csv,91.23533471359558
18,6,0.5741592653589793,-2.1,0.8,rolling,8.20999999999987,-0.11663914897045984,1.9548032011079055,20,19,1,1.9647669820354439,0.26,0.39269908169872414,9.81,1,1,8,21,41,-3.0,3.0,0.01,30.0,60.0,1e-09,1e-12,6,0.0001,1,rimless_wheel_roa_gamma_0.260.csv,91.23533471359558
18,7,0.5741592653589793,-1.95,0.8,rolling,8.759999999999858,-0.12219672412212255,1.9581229087364531,20,19,1,1.964765434219465,0.26,0.39269908169872414,9.81,1,1,8,21,41,-3.0,3.0,0.01,30.0,60.0,1e-09,1e-12,6,0.0001,1,rimless_wheel_roa_gamma_0.260.csv,91.23533471359558
18,8,0.5741592653589793,-1.8,0.8,settled,1.270000000000001,-0.13269908169872413,0.0,2,1,1,nan,0.26,0.39269908169872414,9.81,1,1,8,21,41,-3.0,3.0,0.01,30.0,60.0,1e-09,1e-12,6,0.0001,1,rimless_wheel_roa_gamma_0.260.csv,91.23533471359558
18,9,0.5741592653589793,-1.6500000000000001,0.8,rolling,7.559999999999883,-0.1252394020056532,1.9600026490694056,18,18,0,1.9647607622744057,0.26,0.39269908169872414,9.81,1,1,8,21,41,-3.0,3.0,0.01,30.0,60.0,1e-09,1e-12,6,0.0001,1,rimless_wheel_roa_gamma_0.260.csv,91.23533471359558
18,10,0.5741592653589793,-1.5,0.8,rolling,7.339999999999888,-0.12361764484428232,1.9589945423460071,18,18,0,1.9647559458845463,0.26,0.39269908169872414,9.81,1,1,8,21,41,-3.0,3.0,0.01,30.0,60.0,1e-09,1e-12,6,0.0001,1,rimless_wheel_roa_gamma_0.260.csv,91.23533471359558
18,11,0.5741592653589793,-1.35,0.8,rolling,7.22999999999989,-0.13248214251080034,1.964654606438397,18,18,0,1.9647515878197066,0.26,0.39269908169872414,9.81,1,1,8,21,41,-3.0,3.0,0.01,30.0,60.0,1e-09,1e-12,6,0.0001,1,rimless_wheel_roa_gamma_0.260.csv,91.23533471359558
18,12,0.5741592653589793,-1.2000000000000002,0.8,rolling,7.169999999999892,-0.13077630616622166,1.9635359798239838,18,18,0,1.9647476898315686,0.26,0.39269908169872414,9.81,1,1,8,21,41,-3.0,3.0,0.01,30.0,60.0,1e-09,1e-12,6,0.0001,1,rimless_wheel_roa_gamma_0.260.csv,91.23533471359558
18,13,0.5741592653589793,-1.05,0.8,rolling,7.139999999999892,-0.11891932343953346,1.9561451822557903,18,18,0,1.9647442490558944,0.26,0.39269908169872414,9.81,1,1,8,21,41,-3.0,3.0,0.01,30.0,60.0,1e-09,1e-12,6,0.0001,1,rimless_wheel_roa_gamma_0.260.csv,91.23533471359558
18,14,0.5741592653589793,-0.8999999999999999,0.8,rolling,7.119999999999893,-0.11955483845379669,1.956523978365215,18,18,0,1.9647412688784716,0.26,0.39269908169872414,9.81,1,1,8,21,41,-3.0,3.0,0.01,30.0,60.0,1e-09,1e-12,6,0.0001,1,rimless_wheel_roa_gamma_0.260.csv,91.23533471359558
18,15,0.5741592653589793,-0.75,0.8,rolling,7.109999999999893,-0.12343696361081205,1.9588814145746904,18,18,0,1.964738745053272,0.26,0.39269908169872414,9.81,1,1,8,21,41,-3.0,3.0,0.01,30.0,60.0,1e-09,1e-12,6,0.0001,1,rimless_wheel_roa_gamma_0.260.csv,91.23533471359558
18,16,0.5741592653589793,-0.6000000000000001,0.8,rolling,7.479999999999885,-0.11345481046462852,1.9529681670390469,19,19,0,1.964769676870543,0.26,0.39269908169872414,9.81,1,1,8,21,41,-3.0,3.0,0.01,30.0,60.0,1e-09,1e-12,6,0.0001,1,rimless_wheel_roa_gamma_0.260.csv,91.23533471359558
18,17,0.5741592653589793,-0.4500000000000002,0.8,rolling,7.479999999999885,-0.12132212117996488,1.9575909728793968,19,19,0,1.9647688743025482,0.26,0.39269908169872414,9.81,1,1,8,21,41,-3.0,3.0,0.01,30.0,60.0,1e-09,1e-12,6,0.0001,1,rimless_wheel_roa_gamma_0.260.csv,91.23533471359558
18,18,0.5741592653589793,-0.30000000000000027,0.8,rolling,7.479999999999885,-0.1266546120461435,1.960892925526486,19,19,0,1.96476830085809,0.26,0.39269908169872414,9.81,1,1,8,21,41,-3.0,3.0,0.01,30.0,60.0,1e-09,1e-12,6,0.0001,1,rimless_wheel_roa_gamma_0.260.csv,91.23533471359558
18,19,0.5741592653589793,-0.1499999999999999,0.8,rolling,7.479999999999885,-0.11634885578176932,1.9546339624753863,19,19,0,1.9647679564452598,0.26,0.39269908169872414,9.81,1,1,8,21,41,-3.0,3.0,0.01,30.0,60.0,1e-09,1e-12,6,0.0001,1,rimless_wheel_roa_gamma_0.260.csv,91.23533471359558
18,20,0.5741592653589793,0.0,0.8,rolling,7.459999999999885,-0.1171484990036707,1.955101377792427,19,19,0,1.9647678425360195,0.26,0.39269908169872414,9.81,1,1,8,21,41,-3.0,3.0,0.01,30.0,60.0,1e-09,1e-12,6,0.0001,1,rimless_wheel_roa_gamma_0.260.csv,91.23533471359558
18,21,0.5741592653589793,0.1499999999999999,0.8,rolling,7.419999999999886,-0.12333749939807298,1.9588228984902936,19,19,0,1.9647679563679716,0.26,0.39269908169872414,9.81,1,1,8,21,41,-3.0,3.0,0.01,30.0,60.0,1e-09,1e-12,6,0.0001,1,rimless_wheel_roa_gamma_0.260.csv,91.23533471359558
18,22,0.5741592653589793,0.2999999999999998,0.8,rolling,7.369999999999887,-0.11958632105045068,1.9565453933947607,19,19,0,1.964768300945211,0.26,0.39269908169872414,9.81,1,1,8,21,41,-3.0,3.0,0.01,30.0,60.0,1e-09,1e-12,6,0.0001,1,rimless_wheel_roa_gamma_0.260.csv,91.23533471359558
18,23,0.5741592653589793,0.44999999999999973,0.8,rolling,7.309999999999889,-0.11669871533305372,1.9548381788504299,19,19,0,1.9647688744220382,0.26,0.39269908169872414,9.81,1,1,8,21,41,-3.0,3.0,0.01,30.0,60.0,1e-09,1e-12,6,0.0001,1,rimless_wheel_roa_gamma_0.260.csv,91.23533471359558
18,24,0.5741592653589793,0.5999999999999996,0.8,rolling,7.23999999999989,-0.12583365091127088,1.9603758646867129,19,19,0,1.9647696767019944,0.26,0.39269908169872414,9.81,1,1,8,21,41,-3.0,3.0,0.01,30.0,60.0,1e-09,1e-12,6,0.0001,1,rimless_wheel_roa_gamma_0.260.csv,91.23533471359558
18,25,0.5741592653589793,0.75,0.8,rolling,6.809999999999899,-0.12577695454734458,1.9603373145017688,18,18,0,1.9647387454005567,0.26,0.39269908169872414,9.81,1,1,8,21,41,-3.0,3.0,0.01,30.0,60.0,1e-09,1e-12,6,0.0001,1,rimless_wheel_roa_gamma_0.260.csv,91.23533471359558
18,26,0.5741592653589793,0.8999999999999999,0.8,rolling,6.7499999999999005,-0.12046702879910327,1.9570714806854768,18,18,0,1.9647412674394917,0.26,0.39269908169872414,9.81,1,1,8,21,41,-3.0,3.0,0.01,30.0,60.0,1e-09,1e-12,6,0.0001,1,rimless_wheel_roa_gamma_0.260.csv,91.23533471359558
18,27,0.5741592653589793,1.0499999999999998,0.8,rolling,6.689999999999902,-0.12175832626680234,1.957853627344977,18,18,0,1.9647442490832308,0.26,0.39269908169872414,9.81,1,1,8,21,41,-3.0,3.0,0.01,30.0,60.0,1e-09,1e-12,6,0.0001,1,rimless_wheel_roa_gamma_0.260.csv,91.23533471359558
18,28,0.5741592653589793,1.2000000000000002,0.8,rolling,6.629999999999903,-0.13007436921417703,1.9630798294239185,18,18,0,1.9647476905922687,0.26,0.39269908169872414,9.81,1,1,8,21,41,-3.0,3.0,0.01,30.0,60.0,1e-09,1e-12,6,0.0001,1,rimless_wheel_roa_gamma_0.260.csv,91.23533471359558
18,29,0.5741592653589793,1.3499999999999996,0.8,rolling,6.579999999999904,-0.12552218065013598,1.9601787583876364,18,18,0,1.9647515889785705,0.26,0.39269908169872414,9.81,1,1,8,21,41,-3.0,3.0,0.01,30.0,60.0,1e-09,1e-12,6,0.0001,1,rimless_wheel_roa_gamma_0.260.csv,91.23533471359558
18,30,0.5741592653589793,1.5,0.8,rolling,6.529999999999905,-0.12714525682583044,1.961202376944225,18,18,0,1.9647559462474167,0.26,0.39269908169872414,9.81,1,1,8,21,41,-3.0,3.0,0.01,30.0,60.0,1e-09,1e-12,6,0.0001,1,rimless_wheel_roa_gamma_0.260.csv,91.23533471359558
18,31,0.5741592653589793,1.6499999999999995,0.8,rolling,6.489999999999906,-0.11471671581587674,1.9536887680953172,18,18,0,1.9647607637995865,0.26,0.39269908169872414,9.81,1,1,8,21,41,-3.0,3.0,0.01,30.0,60.0,1e-09,1e-12,6,0.0001,1,rimless_wheel_roa_gamma_0.260.csv,91.23533471359558
18,32,0.5741592653589793,1.7999999999999998,0.8,rolling,6.439999999999907,-0.12677258841247854,1.9609672977258672,18,18,0,1.9647660381404528,0.26,0.39269908169872414,9.81,1,1,8,21,41,-3.0,3.0,0.01,30.0,60.0,1e-09,1e-12,6,0.0001,1,rimless_wheel_roa_gamma_0.260.csv,91.23533471359558
18,33,0.5741592653589793,1.9500000000000002,0.8,rolling,6.039999999999916,-0.1140432133182224,1.9533008537591283,17,17,0,1.9647408698779503,0.26,0.39269908169872414,9.81,1,1,8,21,41,-3.0,3.0,0.01,30.0,60.0,1e-09,1e-12,6,0.0001,1,rimless_wheel_roa_gamma_0.260.csv,91.23533471359558
18,34,0.5741592653589793,2.0999999999999996,0.8,rolling,5.9999999999999165,-0.11476328012200462,1.9537148179433104,17,17,0,1.9647532551843117,0.26,0.39269908169872414,9.81,1,1,8,21,41,-3.0,3.0,0.01,30.0,60.0,1e-09,1e-12,6,0.0001,1,rimless_wheel_roa_gamma_0.260.csv,91.23533471359558
18,35,0.5741592653589793,2.25,0.8,rolling,5.959999999999917,-0.1189463820914482,1.956163415861954,17,17,0,1.9647665574457671,0.26,0.39269908169872414,9.81,1,1,8,21,41,-3.0,3.0,0.01,30.0,60.0,1e-09,1e-12,6,0.0001,1,rimless_wheel_roa_gamma_0.260.csv,91.23533471359558
18,36,0.5741592653589793,2.3999999999999995,0.8,rolling,5.559999999999926,-0.11667926009937579,1.9548258553125548,16,16,0,1.964758880449531,0.26,0.39269908169872414,9.81,1,1,8,21,41,-3.0,3.0,0.01,30.0,60.0,1e-09,1e-12,6,0.0001,1,rimless_wheel_roa_gamma_0.260.csv,91.23533471359558
18,37,0.5741592653589793,2.55,0.8,rolling,4.789999999999942,-0.1272309277611662,1.9612560319513155,14,14,0,1.9647486010433683,0.26,0.39269908169872414,9.81,1,1,8,21,41,-3.0,3.0,0.01,30.0,60.0,1e-09,1e-12,6,0.0001,1,rimless_wheel_roa_gamma_0.260.csv,91.23533471359558
18,38,0.5741592653589793,2.7,0.8,rolling,5.119999999999935,-0.12991927511953866,1.9629881430563634,15,15,0,1.964839852946968,0.26,0.39269908169872414,9.81,1,1,8,21,41,-3.0,3.0,0.01,30.0,60.0,1e-09,1e-12,6,0.0001,1,rimless_wheel_roa_gamma_0.260.csv,91.23533471359558
18,39,0.5741592653589793,2.8499999999999996,0.8,rolling,5.459999999999928,-0.11535456490327944,1.9540654039370415,16,16,0,1.9648552047960564,0.26,0.39269908169872414,9.81,1,1,8,21,41,-3.0,3.0,0.01,30.0,60.0,1e-09,1e-12,6,0.0001,1,rimless_wheel_roa_gamma_0.260.csv,91.23533471359558
18,40,0.5741592653589793,3.0,0.8,rolling,5.789999999999921,-0.12251518090230043,1.9583254012020663,17,17,0,1.9648468260819365,0.26,0.39269908169872414,9.81,1,1,8,21,41,-3.0,3.0,0.01,30.0,60.0,1e-09,1e-12,6,0.0001,1,rimless_wheel_roa_gamma_0.260.csv,91.23533471359558
19,0,0.6134291735288517,-3.0,0.9,rolling,7.599999999999882,-0.1256170383953392,1.9602382983041775,19,18,1,1.964752489162387,0.26,0.39269908169872414,9.81,1,1,8,21,41,-3.0,3.0,0.01,30.0,60.0,1e-09,1e-12,6,0.0001,1,rimless_wheel_roa_gamma_0.260.csv,91.23533471359558
19,1,0.6134291735288517,-2.85,0.9,rolling,7.559999999999883,-0.11558418386986878,1.9541879466148135,19,18,1,1.9647480168373905,0.26,0.39269908169872414,9.81,1,1,8,21,41,-3.0,3.0,0.01,30.0,60.0,1e-09,1e-12,6,0.0001,1,rimless_wheel_roa_gamma_0.260.csv,91.23533471359558
19,2,0.6134291735288517,-2.7,0.9,rolling,7.5499999999998835,-0.12040203726209167,1.9570325804519866,19,18,1,1.9647437737379378,0.26,0.39269908169872414,9.81,1,1,8,21,41,-3.0,3.0,0.01,30.0,60.0,1e-09,1e-12,6,0.0001,1,rimless_wheel_roa_gamma_0.260.csv,91.23533471359558
19,3,0.6134291735288517,-2.55,0.9,rolling,7.569999999999883,-0.13255378913184587,1.9647007494359419,19,18,1,1.9647397606258983,0.26,0.39269908169872414,9.81,1,1,8,21,41,-3.0,3.0,0.01,30.0,60.0,1e-09,1e-12,6,0.0001,1,rimless_wheel_roa_gamma_0.260.csv,91.23533471359558
19,4,0.6134291735288517,-2.4,0.9,rolling,8.009999999999874,-0.11836005147799772,1.9558155789201366,20,19,1,1.9647693250014233,0.26,0.39269908169872414,9.81,1,1,8,21,41,-3.0,3.0,0.01,30.0,60.0,1e-09,1e-12,6,0.0001,1,rimless_wheel_roa_gamma_0.260.csv,91.23533471359558
19,5,0.6134291735288517,-2.25,0.9,rolling,8.14999999999987,-0.11838637443177719,1.9558310029957195,20,19,1,1.9647675470517523,0.26,0.39269908169872414,9.81,1,1,8,21,41,-3.0,3.0,0.01,30.0,60.0,1e-09,1e-12,6,0.0001,1,rimless_wheel_roa_gamma_0.260.csv,91.23533471359558
19,6,0.6134291735288517,-2.1,0.9,rolling,8.499999999999863,-0.13157101225963078,1.964056967862314,20,19,1,1.9647658841957742,0.26,0.39269908169872414,9.81,1,1,8,21,41,-3.0,3.0,0.01,30.0,60.0,1e-09,1e-12,6,0.0001,1,rimless_wheel_roa_gamma_0.260.csv,91.23533471359558
19,7,0.6134291735288517,-1.95,0.9,settled,1.0800000000000007,-0.13269908169872413,0.0,2,1,1,nan,0.26,0.39269908169872414,9.81,1,1,8,21,41,-3.0,3.0,0.01,30.0,60.0,1e-09,1e-12,6,0.0001,1,rimless_wheel_roa_gamma_0.260.csv,91.23533471359558
19,8,0.6134291735288517,-1.8,0.9,rolling,7.649999999999881,-0.1297354073488315,1.9628617223973461,18,18,0,1.9647616447368874,0.26,0.39269908169872414,9.81,1,1,8,21,41,-3.0,3.0,0.01,30.0,60.0,1e-09,1e-12,6,0.0001,1,rimless_wheel_roa_gamma_0.260.csv,91.23533471359558
19,9,0.6134291735288517,-1.6500000000000001,0.9,rolling,7.379999999999887,-0.1201868079035754,1.956904311431033,18,18,0,1.964756369597567,0.26,0.39269908169872414,9.81,1,1,8,21,41,-3.0,3.0,0.01,30.0,60.0,1e-09,1e-12,6,0.0001,1,rimless_wheel_roa_gamma_0.260.csv,91.23533471359558
19,10,0.6134291735288517,-1.5,0.9,rolling,7.25999999999989,-0.12639608489085882,1.9607281137996704,18,18,0,1.9647515530317294,0.26,0.39269908169872414,9.81,1,1,8,21,41,-3.0,3.0,0.01,30.0,60.0,1e-09,1e-12,6,0.0001,1,rimless_wheel_roa_gamma_0.260.csv,91.23533471359558
19,11,0.6134291735288517,-1.35,0.9,rolling,7.199999999999891,-0.120891548012864,1.9573282065323045,18,18,0,1.9647471945877368,0.26,0.39269908169872414,9.81,1,1,8,21,41,-3.0,3.0,0.01,30.0,60.0,1e-09,1e-12,6,0.0001,1,rimless_wheel_roa_gamma_0.260.csv,91.23533471359558
19,12,0.6134291735288517,-1.2000000000000002,0.9,rolling,7.169999999999892,-0.11542204059303054,1.954093687212046,18,18,0,1.9647432945318097,0.26,0.39269908169872414,9.81,1,1,8,21,41,-3.0,3.0,0.01,30.0,60.0,1e-09,1e-12,6,0.0001,1,rimless_wheel_roa_gamma_0.260.csv,91.23533471359558
19,13,0.6134291735288517,-1.05,0.9,rolling,7.149999999999892,-0.13238462714532173,1.9645891926941896,18,18,0,1.9647398557713567,0.26,0.39269908169872414,9.81,1,1,8,21,41,-3.0,3.0,0.01,30.0,60.0,1e-09,1e-12,6,0.0001,1,rimless_wheel_roa_gamma_0.260.csv,91.23533471359558
19,14,0.6134291735288517,-0.8999999999999999,0.9,rolling,7.529999999999884,-0.11668225540159213,1.954828650365229,19,19,0,1.964769774380579,0.26,0.39269908169872414,9.81,1,1,8,21,41,-3.0,3.0,0.01,30.0,60.0,1e-09,1e-12,6,0.0001,1,rimless_wheel_roa_gamma_0.260.csv,91.23533471359558
19,15,0.6134291735288517,-0.75,0.9,rolling,7.5499999999998835,-0.12717621371958482,1.961223214681036,19,19,0,1.9647685127704957,0.26,0.39269908169872414,9.81,1,1,8,21,41,-3.0,3.0,0.01,30.0,60.0,1e-09,1e-12,6,0.0001,1,rimless_wheel_roa_gamma_0.260.csv,91.23533471359558
19,16,0.6134291735288517,-0.6000000000000001,0.9,rolling,7.599999999999882,-0.11778194503310746,1.9554738010787525,19,19,0,1.9647674809172802,0.26,0.39269908169872414,9.81,1,1,8,21,41,-3.0,3.0,0.01,30.0,60.0,1e-09,1e-12,6,0.0001,1,rimless_wheel_roa_gamma_0.260.csv,91.23533471359558
19,17,0.6134291735288517,-0.4500000000000002,0.9,rolling,7.659999999999881,-0.13150997414485327,1.964017054837799,19,19,0,1.9647666775748627,0.26,0.39269908169872414,9.81,1,1,8,21,41,-3.0,3.0,0.01,30.0,60.0,1e-09,1e-12,6,0.0001,1,rimless_wheel_roa_gamma_0.260.csv,91.23533471359558
19,18,0.6134291735288517,-0.30000000000000027,0.9,rolling,7.749999999999879,-0.12478107066974153,1.9597171133429871,19,19,0,1.9647661038167046,0.26,0.39269908169872414,9.81,1,1,8,21,41,-3.0,3.0,0.01,30.0,60.0,1e-09,1e-12,6,0.0001,1,rimless_wheel_roa_gamma_0.260.csv,91.23533471359558
19,19,0.6134291735288517,-0.1499999999999999,0.9,rolling,7.839999999999877,-0.11563977768744095,1.9542218397937943,19,19,0,1.9647657609945473,0.26,0.39269908169872414,9.81,1,1,8,21,41,-3.0,3.0,0.01,30.0,60.0,1e-09,1e-12,6,0.0001,1,rimless_wheel_roa_gamma_0.260.csv,91.23533471359558
19,20,0.6134291735288517,0.0,0.9,rolling,7.859999999999877,-0.1270911945821974,1.961169017889792,19,19,0,1.9647656449457587,0.26,0.39269908169872414,9.81,1,1,8,21,41,-3.0,3.0,0.01,30.0,60.0,1e-09,1e-12,6,0.0001,1,rimless_wheel_roa_gamma_0.260.csv,91.23533471359558
19,21,0.6134291735288517,0.1499999999999999,0.9,rolling,7.779999999999879,-0.12891114452885652,1.962330777892785,19,19,0,1.9647657595571608,0.26,0.39269908169872414,9.81,1,1,8,21,41,-3.0,3.0,0.01,30.0,60.0,1e-09,1e-12,6,0.0001,1,rimless_wheel_roa_gamma_0.260.csv,91.23533471359558
19,22,0.6134291735288517,0.2999999999999998,0.9,rolling,7.6399999999998816,-0.1305505107278849,1.9633907467075522,19,19,0,1.9647661041360154,0.26,0.39269908169872414,9.81,1,1,8,21,41,-3.0,3.0,0.01,30.0,60.0,1e-09,1e-12,6,0.0001,1,rimless_wheel_roa_gamma_0.260.csv,91.23533471359558
19,23,0.6134291735288517,0.44999999999999973,0.9,rolling,7.4999999999998845,-0.12724670217329653,1.9612677704323227,19,19,0,1.9647666781436695,0.26,0.39269908169872414,9.81,1,1,8,21,41,-3.0,3.0,0.01,30.0,60.0,1e-09,1e-12,6,0.0001,1,rimless_wheel_roa_gamma_0.260.csv,91.23533471359558
19,24,0.6134291735288517,0.5999999999999996,0.9,rolling,7.379999999999887,-0.11907433805028482,1.956239690656296,19,19,0,1.9647674796874057,0.26,0.39269908169872414,9.81,1,1,8,21,41,-3.0,3.0,0.01,30.0,60.0,1e-09,1e-12,6,0.0001,1,rimless_wheel_roa_gamma_0.260.csv,91.23533471359558
19,25,0.6134291735288517,0.75,0.9,rolling,7.269999999999889,-0.12808999002414959,1.9618049163566096,19,19,0,1.9647685126824868,0.26,0.39269908169872414,9.81,1,1,8,21,41,-3.0,3.0,0.01,30.0,60.0,1e-09,1e-12,6,0.0001,1,rimless_wheel_roa_gamma_0.260.csv,91.23533471359558
19,26,0.6134291735288517,0.8999999999999999,0.9,rolling,7.179999999999891,-0.12829930523210578,1.9619388419101602,19,19,0,1.9647697730583575,0.26,0.39269908169872414,9.81,1,1,8,21,41,-3.0,3.0,0.01,30.0,60.0,1e-09,1e-12,6,0.0001,1,rimless_wheel_roa_gamma_0.260.csv,91.23533471359558
19,27,0.6134291735288517,1.0499999999999998,0.9,rolling,6.739999999999901,-0.12290589433420612,1.9585547368455318,18,18,0,1.9647398555965943,0.26,0.39269908169872414,9.81,1,1,8,21,41,-3.0,3.0,0.01,30.0,60.0,1e-09,1e-12,6,0.0001,1,rimless_wheel_roa_gamma_0.260.csv,91.23533471359558
19,28,0.6134291735288517,1.2000000000000002,0.9,rolling,6.669999999999902,-0.1256352229650584,1.9602488229990984,18,18,0,1.964743296307432,0.26,0.39269908169872414,9.81,1,1,8,21,41,-3.0,3.0,0.01,30.0,60.0,1e-09,1e-12,6,0.0001,1,rimless_wheel_roa_gamma_0.260.csv,91.23533471359558
19,29,0.6134291735288517,1.3499999999999996,0.9,rolling,6.6099999999999035,-0.1228384806266931,1.9585140515624222,18,18,0,1.9647471952628948,0.26,0.39269908169872414,9.81,1,1,8,21,41,-3.0,3.0,0.01,30.0,60.0,1e-09,1e-12,6,0.0001,1,rimless_wheel_roa_gamma_0.260.csv,91.23533471359558
19,30,0.6134291735288517,1.5,0.9,rolling,6.549999999999905,-0.13113582991006717,1.9637708880109608,18,18,0,1.9647515535842583,0.26,0.39269908169872414,9.81,1,1,8,21,41,-3.0,3.0,0.01,30.0,60.0,1e-09,1e-12,6,0.0001,1,rimless_wheel_roa_gamma_0.260.csv,91.23533471359558
19,31,0.6134291735288517,1.6499999999999995,0.9,rolling,6.499999999999906,-0.12872132429697844,1.962207977873836,18,18,0,1.9647563692077548,0.26,0.39269908169872414,9.81,1,1,8,21,41,-3.0,3.0,0.01,30.0,60.0,1e-09,1e-12,6,0.0001,1,rimless_wheel_roa_gamma_0.260.csv,91.23533471359558
19,32,0.6134291735288517,1.7999999999999998,0.9,rolling,6.459999999999907,-0.11399408405403874,1.9532747707014777,18,18,0,1.9647616441773474,0.26,0.39269908169872414,9.81,1,1,8,21,41,-3.0,3.0,0.01,30.0,60.0,1e-09,1e-12,6,0.0001,1,rimless_wheel_roa_gamma_0.260.csv,91.23533471359558
19,33,0.6134291735288517,1.9500000000000002,0.9,rolling,6.409999999999908,-0.12486701535965863,1.9597707973580285,18,18,0,1.9647673775564451,0.26,0.39269908169872414,9.81,1,1,8,21,41,-3.0,3.0,0.01,30.0,60.0,1e-09,1e-12,6,0.0001,1,rimless_wheel_roa_gamma_0.260.csv,91.23533471359558
19,34,0.6134291735288517,2.0999999999999996,0.9,rolling,5.9999999999999165,-0.13127728380906162,1.9638626590783967,17,17,0,1.9647444670073657,0.26,0.39269908169872414,9.81,1,1,8,21,41,-3.0,3.0,0.01,30.0,60.0,1e-09,1e-12,6,0.0001,1,rimless_wheel_roa_gamma_0.260.csv,91.23533471359558
19,35,0.6134291735288517,2.25,0.9,rolling,5.959999999999917,-0.13203918567784345,1.964363491561993,17,17,0,1.964757768339276,0.26,0.39269908169872414,9.81,1,1,8,21,41,-3.0,3.0,0.01,30.0,60.0,1e-09,1e-12,6,0.0001,1,rimless_wheel_roa_gamma_0.260.csv,91.23533471359558
19,36,0.6134291735288517,2.3999999999999995,0.9,rolling,5.559999999999926,-0.12700091776942557,1.961109479666649,16,16,0,1.9647413046579045,0.26,0.39269908169872414,9.81,1,1,8,21,41,-3.0,3.0,0.01,30.0,60.0,1e-09,1e-12,6,0.0001,1,rimless_wheel_roa_gamma_0.260.csv,91.23533471359558
19,37,0.6134291735288517,2.55,0.9,rolling,5.159999999999934,-0.12530570481060155,1.9600421769117051,15,15,0,1.964740485295953,0.26,0.39269908169872414,9.81,1,1,8,21,41,-3.0,3.0,0.01,30.0,60.0,1e-09,1e-12,6,0.0001,1,rimless_wheel_roa_gamma_0.260.csv,91.23533471359558
19,38,0.6134291735288517,2.7,0.9,rolling,3.2999999999999736,-0.12744431970718145,1.961402933425471,10,10,0,1.964867641630936,0.26,0.39269908169872414,9.81,1,1,8,21,41,-3.0,3.0,0.01,30.0,60.0,1e-09,1e-12,6,0.0001,1,rimless_wheel_roa_gamma_0.260.csv,91.23533471359558
19,39,0.6134291735288517,2.8499999999999996,0.9,rolling,5.459999999999928,-0.12006411742664658,1.956838375446343,16,16,0,1.9648376294581016,0.26,0.39269908169872414,9.81,1,1,8,21,41,-3.0,3.0,0.01,30.0,60.0,1e-09,1e-12,6,0.0001,1,rimless_wheel_roa_gamma_0.260.csv,91.23533471359558
19,40,0.6134291735288517,3.0,0.9,rolling,5.789999999999921,-0.12595792521947063,1.960460475228456,17,17,0,1.9648380392776363,0.26,0.39269908169872414,9.81,1,1,8,21,41,-3.0,3.0,0.01,30.0,60.0,1e-09,1e-12,6,0.0001,1,rimless_wheel_roa_gamma_0.260.csv,91.23533471359558
20,0,0.6526990816987241,-3.0,1.0,rolling,7.589999999999883,-0.11520277085149462,1.9539676872367757,19,18,1,1.9647501661700197,0.26,0.39269908169872414,9.81,1,1,8,21,41,-3.0,3.0,0.01,30.0,60.0,1e-09,1e-12,6,0.0001,1,rimless_wheel_roa_gamma_0.260.csv,91.23533471359558
20,1,0.6526990816987241,-2.85,1.0,rolling,7.559999999999883,-0.1268425691832018,1.9610096313816905,19,18,1,1.9647456944373876,0.26,0.39269908169872414,9.81,1,1,8,21,41,-3.0,3.0,0.01,30.0,60.0,1e-09,1e-12,6,0.0001,1,rimless_wheel_roa_gamma_0.260.csv,91.23533471359558
20,2,0.6526990816987241,-2.7,1.0,rolling,7.569999999999883,-0.13102988490730139,1.963700747807551,19,18,1,1.9647414510540067,0.26,0.39269908169872414,9.81,1,1,8,21,41,-3.0,3.0,0.01,30.0,60.0,1e-09,1e-12,6,0.0001,1,rimless_wheel_roa_gamma_0.260.csv,91.23533471359558
20,3,0.6526990816987241,-2.55,1.0,rolling,7.629999999999882,-0.11440458276900903,1.9535073664691278,19,18,1,1.9647374364814876,0.26,0.39269908169872414,9.81,1,1,8,21,41,-3.0,3.0,0.01,30.0,60.0,1e-09,1e-12,6,0.0001,1,rimless_wheel_roa_gamma_0.260.csv,91.23533471359558
20,4,0.6526990816987241,-2.4,1.0,rolling,8.099999999999872,-0.1280364611256154,1.9617706972641547,20,19,1,1.9647681630524385,0.26,0.39269908169872414,9.81,1,1,8,21,41,-3.0,3.0,0.01,30.0,60.0,1e-09,1e-12,6,0.0001,1,rimless_wheel_roa_gamma_0.260.csv,91.23533471359558
20,5,0.6526990816987241,-2.25,1.0,rolling,8.359999999999866,-0.12720580950316313,1.9612417881540165,20,19,1,1.9647663859236388,0.26,0.39269908169872414,9.81,1,1,8,21,41,-3.0,3.0,0.01,30.0,60.0,1e-09,1e-12,6,0.0001,1,rimless_wheel_roa_gamma_0.260.csv,91.23533471359558
20,6,0.6526990816987241,-2.1,1.0,settled,1.0000000000000007,-0.13269908169872413,0.0,2,1,1,nan,0.26,0.39269908169872414,9.81,1,1,8,21,41,-3.0,3.0,0.01,30.0,60.0,1e-09,1e-12,6,0.0001,1,rimless_wheel_roa_gamma_0.260.csv,91.23533471359558
20,7,0.6526990816987241,-1.95,1.0,rolling,7.789999999999878,-0.1258008227657731,1.9603545870174501,18,18,0,1.964762731512158,0.26,0.39269908169872414,9.81,1,1,8,21,41,-3.0,3.0,0.01,30.0,60.0,1e-09,1e-12,6,0.0001,1,rimless_wheel_roa_gamma_0.260.csv,91.23533471359558
20,8,0.6526990816987241,-1.8,1.0,rolling,7.419999999999886,-0.12758080255762436,1.9614791827028426,18,18,0,1.9647569971450667,0.26,0.39269908169872414,9.81,1,1,8,21,41,-3.0,3.0,0.01,30.0,60.0,1e-09,1e-12,6,0.0001,1,rimless_wheel_roa_gamma_0.260.csv,91.23533471359558
20,9,0.6526990816987241,-1.6500000000000001,1.0,rolling,7.289999999999889,-0.12252562579873605,1.9583227060137736,18,18,0,1.9647517219487636,0.26,0.39269908169872414,9.81,1,1,8,21,41,-3.0,3.0,0.01,30.0,60.0,1e-09,1e-12,6,0.0001,1,rimless_wheel_roa_gamma_0.260.csv,91.23533471359558
20,10,0.6526990816987241,-1.5,1.0,rolling,7.2199999999998905,-0.12979461098301265,1.962898605946616,18,18,0,1.9647469064749847,0.26,0.39269908169872414,9.81,1,1,8,21,41,-3.0,3.0,0.01,30.0,60.0,1e-09,1e-12,6,0.0001,1,rimless_wheel_roa_gamma_0.260.csv,91.23533471359558
20,11,0.6526990816987241,-1.35,1.0,rolling,7.189999999999891,-0.12963390877776504,1.9627942985115856,18,18,0,1.9647425486794108,0.26,0.39269908169872414,9.81,1,1,8,21,41,-3.0,3.0,0.01,30.0,60.0,1e-09,1e-12,6,0.0001,1,rimless_wheel_roa_gamma_0.260.csv,91.23533471359558
20,12,0.6526990816987241,-1.2000000000000002,1.0,rolling,7.189999999999891,-0.12546292432342065,1.9601404043053061,18,18,0,1.964738649244653,0.26,0.39269908169872414,9.81,1,1,8,21,41,-3.0,3.0,0.01,30.0,60.0,1e-09,1e-12,6,0.0001,1,rimless_wheel_roa_gamma_0.260.csv,91.23533471359558
20,13,0.6526990816987241,-1.05,1.0,rolling,7.579999999999883,-0.12927538003397465,1.96256547612056,19,19,0,1.9647689406165387,0.26,0.39269908169872414,9.81,1,1,8,21,41,-3.0,3.0,0.01,30.0,60.0,1e-09,1e-12,6,0.0001,1,rimless_wheel_roa_gamma_0.260.csv,91.23533471359558
20,14,0.6526990816987241,-0.8999999999999999,1.0,rolling,7.649999999999881,-0.12648421539562937,1.9607852323421242,19,19,0,1.964767450575166,0.26,0.39269908169872414,9.81,1,1,8,21,41,-3.0,3.0,0.01,30.0,60.0,1e-09,1e-12,6,0.0001,1,rimless_wheel_roa_gamma_0.260.csv,91.23533471359558
20,15,0.6526990816987241,-0.75,1.0,rolling,7.809999999999878,-0.11870546332009117,1.956020147461505,19,19,0,1.9647661886554426,0.26,0.39269908169872414,9.81,1,1,8,21,41,-3.0,3.0,0.01,30.0,60.0,1e-09,1e-12,6,0.0001,1,rimless_wheel_roa_gamma_0.260.csv,91.23533471359558
20,16,0.6526990816987241,-0.6000000000000001,1.0,rolling,8.569999999999862,-0.1292506048229721,1.9625491520738976,19,19,0,1.9647651562556998,0.26,0.39269908169872414,9.81,1,1,8,21,41,-3.0,3.0,0.01,30.0,60.0,1e-09,1e-12,6,0.0001,1,rimless_wheel_roa_gamma_0.260.csv,91.23533471359558
20,17,0.6526990816987241,-0.4500000000000002,1.0,settled,0.16,-0.13269908169872413,0.0,1,1,0,nan,0.26,0.39269908169872414,9.81,1,1,8,21,41,-3.0,3.0,0.01,30.0,60.0,1e-09,1e-12,6,0.0001,1,rimless_wheel_roa_gamma_0.260.csv,91.23533471359558
20,18,0.6526990816987241,-0.30000000000000027,1.0,settled,0.10999999999999999,-0.13269908169872413,0.0,1,1,0,nan,0.26,0.39269908169872414,9.81,1,1,8,21,41,-3.0,3.0,0.01,30.0,60.0,1e-09,1e-12,6,0.0001,1,rimless_wheel_roa_gamma_0.260.csv,91.23533471359558
20,19,0.6526990816987241,-0.1499999999999999,1.0,settled,0.060000000000000005,-0.13269908169872413,0.0,1,1,0,nan,0.26,0.39269908169872414,9.81,1,1,8,21,41,-3.0,3.0,0.01,30.0,60.0,1e-09,1e-12,6,0.0001,1,rimless_wheel_roa_gamma_0.260.csv,91.23533471359558
20,20,0.6526990816987241,0.0,1.0,settled,0.01,-0.13269908169872413,0.0,1,1,0,nan,0.26,0.39269908169872414,9.81,1,1,8,21,41,-3.0,3.0,0.01,30.0,60.0,1e-09,1e-12,6,0.0001,1,rimless_wheel_roa_gamma_0.260.csv,91.23533471359558
20,21,0.6526990816987241,0.1499999999999999,1.0,settled,0.01,-0.13269908169872413,0.0,1,1,0,nan,0.26,0.39269908169872414,9.81,1,1,8,21,41,-3.0,3.0,0.01,30.0,60.0,1e-09,1e-12,6,0.0001,1,rimless_wheel_roa_gamma_0.260.csv,91.23533471359558
20,22,0.6526990816987241,0.2999999999999998,1.0,settled,0.01,-0.13269908169872413,0.0,1,1,0,nan,0.26,0.39269908169872414,9.81,1,1,8,21,41,-3.0,3.0,0.01,30.0,60.0,1e-09,1e-12,6,0.0001,1,rimless_wheel_roa_gamma_0.260.csv,91.23533471359558
20,23,0.6526990816987241,0.44999999999999973,1.0,settled,0.01,-0.13269908169872413,0.0,1,1,0,nan,0.26,0.39269908169872414,9.81,1,1,8,21,41,-3.0,3.0,0.01,30.0,60.0,1e-09,1e-12,6,0.0001,1,rimless_wheel_roa_gamma_0.260.csv,91.23533471359558
20,24,0.6526990816987241,0.5999999999999996,1.0,rolling,8.369999999999866,-0.11546466682404218,1.9541204300580681,19,19,0,1.9647651575197858,0.26,0.39269908169872414,9.81,1,1,8,21,41,-3.0,3.0,0.01,30.0,60.0,1e-09,1e-12,6,0.0001,1,rimless_wheel_roa_gamma_0.260.csv,91.23533471359558
20,25,0.6526990816987241,0.75,1.0,rolling,7.539999999999884,-0.13213308338880592,1.9644260526057127,19,19,0,1.9647661893806765,0.26,0.39269908169872414,9.81,1,1,8,21,41,-3.0,3.0,0.01,30.0,60.0,1e-09,1e-12,6,0.0001,1,rimless_wheel_roa_gamma_0.260.csv,91.23533471359558
20,26,0.6526990816987241,0.8999999999999999,1.0,rolling,7.329999999999888,-0.12119399188562972,1.9575131664253795,19,19,0,1.9647674494093252,0.26,0.39269908169872414,9.81,1,1,8,21,41,-3.0,3.0,0.01,30.0,60.0,1e-09,1e-12,6,0.0001,1,rimless_wheel_roa_gamma_0.260.csv,91.23533471359558
20,27,0.6526990816987241,1.0499999999999998,1.0,rolling,7.199999999999891,-0.1154185306753812,1.9540941145893167,19,19,0,1.9647689420702845,0.26,0.39269908169872414,9.81,1,1,8,21,41,-3.0,3.0,0.01,30.0,60.0,1e-09,1e-12,6,0.0001,1,rimless_wheel_roa_gamma_0.260.csv,91.23533471359558
20,28,0.6526990816987241,1.2000000000000002,1.0,rolling,6.729999999999901,-0.12874459983223802,1.9622212258234422,18,18,0,1.9647386485826626,0.26,0.39269908169872414,9.81,1,1,8,21,41,-3.0,3.0,0.01,30.0,60.0,1e-09,1e-12,6,0.0001,1,rimless_wheel_roa_gamma_0.260.csv,91.23533471359558
20,29,0.6526990816987241,1.3499999999999996,1.0,rolling,6.649999999999903,-0.1301592807249463,1.9631343936998022,18,18,0,1.9647425486079915,0.26,0.39269908169872414,9.81,1,1,8,21,41,-3.0,3.0,0.01,30.0,60.0,1e-09,1e-12,6,0.0001,1,rimless_wheel_roa_gamma_0.260.csv,91.23533471359558
20,30,0.6526990816987241,1.5,1.0,rolling,6.589999999999904,-0.1158643206407877,1.954350211349102,18,18,0,1.9647469064881091,0.26,0.39269908169872414,9.81,1,1,8,21,41,-3.0,3.0,0.01,30.0,60.0,1e-09,1e-12,6,0.0001,1,rimless_wheel_roa_gamma_0.260.csv,91.23533471359558
20,31,0.6526990816987241,1.6499999999999995,1.0,rolling,6.529999999999905,-0.11766897206588467,1.9554057256652573,18,18,0,1.9647517219075403,0.26,0.39269908169872414,9.81,1,1,8,21,41,-3.0,3.0,0.01,30.0,60.0,1e-09,1e-12,6,0.0001,1,rimless_wheel_roa_gamma_0.260.csv,91.23533471359558
20,32,0.6526990816987241,1.7999999999999998,1.0,rolling,6.4699999999999065,-0.13121786035533645,1.963825005737296,18,18,0,1.9647569979541764,0.26,0.39269908169872414,9.81,1,1,8,21,41,-3.0,3.0,0.01,30.0,60.0,1e-09,1e-12,6,0.0001,1,rimless_wheel_roa_gamma_0.260.csv,91.23533471359558
20,33,0.6526990816987241,1.9500000000000002,1.0,rolling,6.429999999999907,-0.1145344635964611,1.9535842843607834,18,18,0,1.9647627313069653,0.26,0.39269908169872414,9.81,1,1,8,21,41,-3.0,3.0,0.01,30.0,60.0,1e-09,1e-12,6,0.0001,1,rimless_wheel_roa_gamma_0.260.csv,91.23533471359558
20,34,0.6526990816987241,2.0999999999999996,1.0,rolling,6.379999999999908,-0.12449376592296221,1.9595385844856301,18,18,0,1.9647689237796013,0.26,0.39269908169872414,9.81,1,1,8,21,41,-3.0,3.0,0.01,30.0,60.0,1e-09,1e-12,6,0.0001,1,rimless_wheel_roa_gamma_0.260.csv,91.23533471359558
20,35,0.6526990816987241,2.25,1.0,rolling,5.969999999999917,-0.13063996004879838,1.9634472672709482,17,17,0,1.9647484762218854,0.26,0.39269908169872414,9.81,1,1,8,21,41,-3.0,3.0,0.01,30.0,60.0,1e-09,1e-12,6,0.0001,1,rimless_wheel_roa_gamma_0.260.csv,91.23533471359558
20,36,0.6526990816987241,2.3999999999999995,1.0,rolling,5.929999999999918,-0.13155894637361096,1.9640487568269562,17,17,0,1.9647626971421515,0.26,0.39269908169872414,9.81,1,1,8,21,41,-3.0,3.0,0.01,30.0,60.0,1e-09,1e-12,6,0.0001,1,rimless_wheel_roa_gamma_0.260.csv,91.23533471359558
20,37,0.6526990816987241,2.55,1.0,rolling,5.5299999999999265,-0.12695269140752563,1.9610800449640193,16,16,0,1.964752995088025,0.26,0.39269908169872414,9.81,1,1,8,21,41,-3.0,3.0,0.01,30.0,60.0,1e-09,1e-12,6,0.0001,1,rimless_wheel_roa_gamma_0.260.csv,91.23533471359558
20,38,0.6526990816987241,2.7,1.0,rolling,5.129999999999935,-0.12586862193632253,1.9603976267522611,15,15,0,1.9647675347531839,0.26,0.39269908169872414,9.81,1,1,8,21,41,-3.0,3.0,0.01,30.0,60.0,1e-09,1e-12,6,0.0001,1,rimless_wheel_roa_gamma_0.260.csv,91.23533471359558
20,39,0.6526990816987241,2.8499999999999996,1.0,rolling,4.729999999999944,-0.12787179909264795,1.961675161894289,14,14,0,1.9648681660082612,0.26,0.39269908169872414,9.81,1,1,8,21,41,-3.0,3.0,0.01,30.0,60.0,1e-09,1e-12,6,0.0001,1,rimless_wheel_roa_gamma_0.260.csv,91.23533471359558
20,40,0.6526990816987241,3.0,1.0,rolling,5.429999999999929,-0.12215406781256452,1.9581054049622528,16,16,0,1.9648548218650908,0.26,0.39269908169872414,9.81,1,1,8,21,41,-3.0,3.0,0.01,30.0,60.0,1e-09,1e-12,6,0.0001,1,rimless_wheel_roa_gamma_0.260.csv,91.23533471359558
