theta_index,theta_dot_index,theta0,theta_dot0,relative_angle,classification,final_time,final_theta,final_theta_dot,total_impacts,downhill_impacts,uphill_impacts,rolling_speed,gamma,alpha,gravity,length,mass,num_spokes,num_angles,num_speeds,minimum_speed,maximum_speed,timestep,max_time,retry_time,impact_time_tolerance,remaining_time_tolerance,convergence_impacts,speed_tolerance,cache_version,original_source_csv,original_grid_rolling_percent
0,0,-0.4087989505128276,-3.0,-1.0,settled,1.2400000000000009,-0.4087989505128276,0.0,3,1,2,nan,0.04,0.4487989505128276,9.81,1,1,7,21,41,-3.0,3.0,0.01,30.0,60.0,1e-09,1e-12,6,0.0001,1,new simulation,nan
0,1,-0.4087989505128276,-2.85,-1.0,settled,1.280000000000001,-0.4087989505128276,0.0,3,1,2,nan,0.04,0.4487989505128276,9.81,1,1,7,21,41,-3.0,3.0,0.01,30.0,60.0,1e-09,1e-12,6,0.0001,1,new simulation,nan
0,2,-0.4087989505128276,-2.7,-1.0,settled,1.360000000000001,-0.4087989505128276,0.0,3,1,2,nan,0.04,0.4487989505128276,9.81,1,1,7,21,41,-3.0,3.0,0.01,30.0,60.0,1e-09,1e-12,6,0.0001,1,new simulation,nan
0,3,-0.4087989505128276,-2.55,-1.0,settled,1.5600000000000012,-0.4087989505128276,0.0,3,1,2,nan,0.04,0.4487989505128276,9.81,1,1,7,21,41,-3.0,3.0,0.01,30.0,60.0,1e-09,1e-12,6,0.0001,1,new simulation,nan
0,4,-0.4087989505128276,-2.4,-1.0,settled,1.6300000000000012,-0.4087989505128276,0.0,2,1,1,nan,0.04,0.4487989505128276,9.81,1,1,7,21,41,-3.0,3.0,0.01,30.0,60.0,1e-09,1e-12,6,0.0001,1,new simulation,nan
0,5,-0.4087989505128276,-2.25,-1.0,settled,1.0500000000000007,-0.4087989505128276,0.0,2,1,1,nan,0.04,0.4487989505128276,9.81,1,1,7,21,41,-3.0,3.0,0.01,30.0,60.0,1e-09,1e-12,6,0.0001,1,new simulation,nan
0,6,-0.4087989505128276,-2.1,-1.0,settled,0.8500000000000005,-0.4087989505128276,0.0,2,1,1,nan,0.04,0.4487989505128276,9.81,1,1,7,21,41,-3.0,3.0,0.01,30.0,60.0,1e-09,1e-12,6,0.0001,1,new simulation,nan
0,7,-0.4087989505128276,-1.95,-1.0,settled,0.7200000000000004,-0.4087989505128276,0.0,2,1,1,nan,0.04,0.4487989505128276,9.81,1,1,7,21,41,-3.0,3.0,0.01,30.0,60.0,1e-09,1e-12,6,0.0001,1,new simulation,nan
0,8,-0.4087989505128276,-1.8,-1.0,settled,0.6200000000000003,-0.4087989505128276,0.0,2,1,1,nan,0.04,0.4487989505128276,9.81,1,1,7,21,41,-3.0,3.0,0.01,30.0,60.0,1e-09,1e-12,6,0.0001,1,new simulation,nan
0,9,-0.4087989505128276,-1.6500000000000001,-1.0,settled,0.5400000000000003,-0.4087989505128276,0.0,2,1,1,nan,0.04,0.4487989505128276,9.81,1,1,7,21,41,-3.0,3.0,0.01,30.0,60.0,1e-09,1e-12,6,0.0001,1,new simulation,nan
0,10,-0.4087989505128276,-1.5,-1.0,settled,0.48000000000000026,-0.4087989505128276,0.0,2,1,1,nan,0.04,0.4487989505128276,9.81,1,1,7,21,41,-3.0,3.0,0.01,30.0,60.0,1e-09,1e-12,6,0.0001,1,new simulation,nan
0,11,-0.4087989505128276,-1.35,-1.0,settled,0.4100000000000002,-0.4087989505128276,0.0,2,1,1,nan,0.04,0.4487989505128276,9.81,1,1,7,21,41,-3.0,3.0,0.01,30.0,60.0,1e-09,1e-12,6,0.0001,1,new simulation,nan
0,12,-0.4087989505128276,-1.2000000000000002,-1.0,settled,0.36000000000000015,-0.4087989505128276,0.0,2,1,1,nan,0.04,0.4487989505128276,9.81,1,1,7,21,41,-3.0,3.0,0.01,30.0,60.0,1e-09,1e-12,6,0.0001,1,new simulation,nan
0,13,-0.4087989505128276,-1.05,-1.0,settled,0.3100000000000001,-0.4087989505128276,0.0,2,1,1,nan,0.04,0.4487989505128276,9.81,1,1,7,21,41,-3.0,3.0,0.01,30.0,60.0,1e-09,1e-12,6,0.0001,1,new simulation,nan
0,14,-0.4087989505128276,-0.8999999999999999,-1.0,settled,0.26000000000000006,-0.4087989505128276,0.0,2,1,1,nan,0.04,0.4487989505128276,9.81,1,1,7,21,41,-3.0,3.0,0.01,30.0,60.0,1e-09,1e-12,6,0.0001,1,new simulation,nan
0,15,-0.4087989505128276,-0.75,-1.0,settled,0.21000000000000005,-0.4087989505128276,0.0,2,1,1,nan,0.04,0.4487989505128276,9.81,1,1,7,21,41,-3.0,3.0,0.01,30.0,60.0,1e-09,1e-12,6,0.0001,1,new simulation,nan
0,16,-0.4087989505128276,-0.6000000000000001,-1.0,settled,0.17,-0.4087989505128276,0.0,2,1,1,nan,0.04,0.4487989505128276,9.81,1,1,7,21,41,-3.0,3.0,0.01,30.0,60.0,1e-09,1e-12,6,0.0001,1,new simulation,nan
0,17,-0.4087989505128276,-0.4500000000000002,-1.0,settled,0.12999999999999998,-0.4087989505128276,0.0,2,1,1,nan,0.04,0.4487989505128276,9.81,1,1,7,21,41,-3.0,3.0,0.01,30.0,60.0,1e-09,1e-12,6,0.0001,1,new simulation,nan
0,18,-0.4087989505128276,-0.30000000000000027,-1.0,settled,0.09,-0.4087989505128276,0.0,2,1,1,nan,0.04,0.4487989505128276,9.81,1,1,7,21,41,-3.0,3.0,0.01,30.0,60.0,1e-09,1e-12,6,0.0001,1,new simulation,nan
0,19,-0.4087989505128276,-0.1499999999999999,-1.0,settled,0.05,-0.4087989505128276,0.0,2,1,1,nan,0.04,0.4487989505128276,9.81,1,1,7,21,41,-3.0,3.0,0.01,30.0,60.0,1e-09,1e-12,6,0.0001,1,new simulation,nan
0,20,-0.4087989505128276,0.0,-1.0,settled,0.01,-0.4087989505128276,0.0,2,1,1,nan,0.04,0.4487989505128276,9.81,1,1,7,21,41,-3.0,3.0,0.01,30.0,60.0,1e-09,1e-12,6,0.0001,1,new simulation,nan
0,21,-0.4087989505128276,0.1499999999999999,-1.0,settled,0.11999999999999998,-0.4087989505128276,0.0,2,1,1,nan,0.04,0.4487989505128276,9.81,1,1,7,21,41,-3.0,3.0,0.01,30.0,60.0,1e-09,1e-12,6,0.0001,1,new simulation,nan
0,22,-0.4087989505128276,0.2999999999999998,-1.0,settled,0.24000000000000007,-0.4087989505128276,0.0,2,1,1,nan,0.04,0.4487989505128276,9.81,1,1,7,21,41,-3.0,3.0,0.01,30.0,60.0,1e-09,1e-12,6,0.0001,1,new simulation,nan
0,23,-0.4087989505128276,0.44999999999999973,-1.0,settled,0.37000000000000016,-0.4087989505128276,0.0,2,1,1,nan,0.04,0.4487989505128276,9.81,1,1,7,21,41,-3.0,3.0,0.01,30.0,60.0,1e-09,1e-12,6,0.0001,1,new simulation,nan
0,24,-0.4087989505128276,0.5999999999999996,-1.0,settled,0.5000000000000002,-0.4087989505128276,0.0,2,1,1,nan,0.04,0.4487989505128276,9.81,1,1,7,21,41,-3.0,3.0,0.01,30.0,60.0,1e-09,1e-12,6,0.0001,1,new simulation,nan
0,25,-0.4087989505128276,0.75,-1.0,settled,0.6500000000000004,-0.4087989505128276,0.0,2,1,1,nan,0.04,0.4487989505128276,9.81,1,1,7,21,41,-3.0,3.0,0.01,30.0,60.0,1e-09,1e-12,6,0.0001,1,new simulation,nan
0,26,-0.4087989505128276,0.8999999999999999,-1.0,settled,0.8300000000000005,-0.4087989505128276,0.0,2,1,1,nan,0.04,0.4487989505128276,9.81,1,1,7,21,41,-3.0,3.0,0.01,30.0,60.0,1e-09,1e-12,6,0.0001,1,new simulation,nan
0,27,-0.4087989505128276,1.0499999999999998,-1.0,settled,1.0700000000000007,-0.4087989505128276,0.0,2,1,1,nan,0.04,0.4487989505128276,9.81,1,1,7,21,41,-3.0,3.0,0.01,30.0,60.0,1e-09,1e-12,6,0.0001,1,new simulation,nan
0,28,-0.4087989505128276,1.2000000000000002,-1.0,settled,1.500000000000001,-0.4087989505128276,0.0,2,1,1,nan,0.04,0.4487989505128276,9.81,1,1,7,21,41,-3.0,3.0,0.01,30.0,60.0,1e-09,1e-12,6,0.0001,1,new simulation,nan
0,29,-0.4087989505128276,1.3499999999999996,-1.0,settled,1.1900000000000008,-0.4087989505128276,0.0,1,1,0,nan,0.04,0.4487989505128276,9.81,1,1,7,21,41,-3.0,3.0,0.01,30.0,60.0,1e-09,1e-12,6,0.0001,1,new simulation,nan
0,30,-0.4087989505128276,1.5,-1.0,settled,0.8600000000000005,-0.4087989505128276,0.0,1,1,0,nan,0.04,0.4487989505128276,9.81,1,1,7,21,41,-3.0,3.0,0.01,30.0,60.0,1e-09,1e-12,6,0.0001,1,new simulation,nan
0,31,-0.4087989505128276,1.6499999999999995,-1.0,settled,0.7100000000000004,-0.4087989505128276,0.0,1,1,0,nan,0.04,0.4487989505128276,9.81,1,1,7,21,41,-3.0,3.0,0.01,30.0,60.0,1e-09,1e-12,6,0.0001,1,new simulation,nan
0,32,-0.4087989505128276,1.7999999999999998,-1.0,settled,0.6100000000000003,-0.4087989505128276,0.0,1,1,0,nan,0.04,0.4487989505128276,9.81,1,1,7,21,41,-3.0,3.0,0.01,30.0,60.0,1e-09,1e-12,6,0.0001,1,new simulation,nan
0,33,-0.4087989505128276,1.9500000000000002,-1.0,settled,1.8800000000000014,-0.4087989505128276,0.0,2,2,0,nan,0.04,0.4487989505128276,9.81,1,1,7,21,41,-3.0,3.0,0.01,30.0,60.0,1e-09,1e-12,6,0.0001,1,new simulation,nan
0,34,-0.4087989505128276,2.0999999999999996,-1.0,settled,1.500000000000001,-0.4087989505128276,0.0,2,2,0,nan,0.04,0.4487989505128276,9.81,1,1,7,21,41,-3.0,3.0,0.01,30.0,60.0,1e-09,1e-12,6,0.0001,1,new simulation,nan
0,35,-0.4087989505128276,2.25,-1.0,settled,1.310000000000001,-0.4087989505128276,0.0,2,2,0,nan,0.04,0.4487989505128276,9.81,1,1,7,21,41,-3.0,3.0,0.01,30.0,60.0,1e-09,1e-12,6,0.0001,1,new simulation,nan
0,36,-0.4087989505128276,2.3999999999999995,-1.0,settled,1.1800000000000008,-0.4087989505128276,0.0,2,2,0,nan,0.04,0.4487989505128276,9.81,1,1,7,21,41,-3.0,3.0,0.01,30.0,60.0,1e-09,1e-12,6,0.0001,1,new simulation,nan
0,37,-0.4087989505128276,2.55,-1.0,settled,1.0700000000000007,-0.4087989505128276,0.0,2,2,0,nan,0.04,0.4487989505128276,9.81,1,1,7,21,41,-3.0,3.0,0.01,30.0,60.0,1e-09,1e-12,6,0.0001,1,new simulation,nan
0,38,-0.4087989505128276,2.7,-1.0,settled,0.9900000000000007,-0.4087989505128276,0.0,2,2,0,nan,0.04,0.4487989505128276,9.81,1,1,7,21,41,-3.0,3.0,0.01,30.0,60.0,1e-09,1e-12,6,0.0001,1,new simulation,nan
0,39,-0.4087989505128276,2.8499999999999996,-1.0,settled,0.9200000000000006,-0.4087989505128276,0.0,2,2,0,nan,0.04,0.4487989505128276,9.81,1,1,7,21,41,-3.0,3.0,0.01,30.0,60.0,1e-09,1e-12,6,0.0001,1,new simulation,nan
0,40,-0.4087989505128276,3.0,-1.0,settled,2.239999999999996,-0.4087989505128276,0.0,3,3,0,nan,0.04,0.4487989505128276,9.81,1,1,7,21,41,-3.0,3.0,0.01,30.0,60.0,1e-09,1e-12,6,0.0001,1,new simulation,nan
1,0,-0.36391905546154485,-3.0,-0.9,settled,1.2500000000000009,-0.4087989505128276,0.0,3,1,2,nan,0.04,0.4487989505128276,9.81,1,1,7,21,41,-3.0,3.0,0.01,30.0,60.0,1e-09,1e-12,6,0.0001,1,new simulation,nan
1,1,-0.36391905546154485,-2.85,-0.9,settled,1.270000000000001,-0.4087989505128276,0.0,3,1,2,nan,0.04,0.4487989505128276,9.81,1,1,7,21,41,-3.0,3.0,0.01,30.0,60.0,1e-09,1e-12,6,0.0001,1,new simulation,nan
1,2,-0.36391905546154485,-2.7,-0.9,settled,1.330000000000001,-0.4087989505128276,0.0,3,1,2,nan,0.04,0.4487989505128276,9.81,1,1,7,21,41,-3.0,3.0,0.01,30.0,60.0,1e-09,1e-12,6,0.0001,1,new simulation,nan
1,3,-0.36391905546154485,-2.55,-0.9,settled,1.470000000000001,-0.4087989505128276,0.0,3,1,2,nan,0.04,0.4487989505128276,9.81,1,1,7,21,41,-3.0,3.0,0.01,30.0,60.0,1e-09,1e-12,6,0.0001,1,new simulation,nan
1,4,-0.36391905546154485,-2.4,-0.9,settled,1.9300000000000015,-0.4087989505128276,0.0,3,1,2,nan,0.04,0.4487989505128276,9.81,1,1,7,21,41,-3.0,3.0,0.01,30.0,60.0,1e-09,1e-12,6,0.0001,1,new simulation,nan
1,5,-0.36391905546154485,-2.25,-0.9,settled,1.2400000000000009,-0.4087989505128276,0.0,2,1,1,nan,0.04,0.4487989505128276,9.81,1,1,7,21,41,-3.0,3.0,0.01,30.0,60.0,1e-09,1e-12,6,0.0001,1,new simulation,nan
1,6,-0.36391905546154485,-2.1,-0.9,settled,0.9600000000000006,-0.4087989505128276,0.0,2,1,1,nan,0.04,0.4487989505128276,9.81,1,1,7,21,41,-3.0,3.0,0.01,30.0,60.0,1e-09,1e-12,6,0.0001,1,new simulation,nan
1,7,-0.36391905546154485,-1.95,-0.9,settled,0.8100000000000005,-0.4087989505128276,0.0,2,1,1,nan,0.04,0.4487989505128276,9.81,1,1,7,21,41,-3.0,3.0,0.01,30.0,60.0,1e-09,1e-12,6,0.0001,1,new simulation,nan
1,8,-0.36391905546154485,-1.8,-0.9,settled,0.7000000000000004,-0.4087989505128276,0.0,2,1,1,nan,0.04,0.4487989505128276,9.81,1,1,7,21,41,-3.0,3.0,0.01,30.0,60.0,1e-09,1e-12,6,0.0001,1,new simulation,nan
1,9,-0.36391905546154485,-1.6500000000000001,-0.9,settled,0.6200000000000003,-0.4087989505128276,0.0,2,1,1,nan,0.04,0.4487989505128276,9.81,1,1,7,21,41,-3.0,3.0,0.01,30.0,60.0,1e-09,1e-12,6,0.0001,1,new simulation,nan
1,10,-0.36391905546154485,-1.5,-0.9,settled,0.5500000000000003,-0.4087989505128276,0.0,2,1,1,nan,0.04,0.4487989505128276,9.81,1,1,7,21,41,-3.0,3.0,0.01,30.0,60.0,1e-09,1e-12,6,0.0001,1,new simulation,nan
1,11,-0.36391905546154485,-1.35,-0.9,settled,0.49000000000000027,-0.4087989505128276,0.0,2,1,1,nan,0.04,0.4487989505128276,9.81,1,1,7,21,41,-3.0,3.0,0.01,30.0,60.0,1e-09,1e-12,6,0.0001,1,new simulation,nan
1,12,-0.36391905546154485,-1.2000000000000002,-0.9,settled,0.4400000000000002,-0.4087989505128276,0.0,2,1,1,nan,0.04,0.4487989505128276,9.81,1,1,7,21,41,-3.0,3.0,0.01,30.0,60.0,1e-09,1e-12,6,0.0001,1,new simulation,nan
1,13,-0.36391905546154485,-1.05,-0.9,settled,0.4000000000000002,-0.4087989505128276,0.0,2,1,1,nan,0.04,0.4487989505128276,9.81,1,1,7,21,41,-3.0,3.0,0.01,30.0,60.0,1e-09,1e-12,6,0.0001,1,new simulation,nan
1,14,-0.36391905546154485,-0.8999999999999999,-0.9,settled,0.36000000000000015,-0.4087989505128276,0.0,2,1,1,nan,0.04,0.4487989505128276,9.81,1,1,7,21,41,-3.0,3.0,0.01,30.0,60.0,1e-09,1e-12,6,0.0001,1,new simulation,nan
1,15,-0.36391905546154485,-0.75,-0.9,settled,0.3300000000000001,-0.4087989505128276,0.0,2,1,1,nan,0.04,0.4487989505128276,9.81,1,1,7,21,41,-3.0,3.0,0.01,30.0,60.0,1e-09,1e-12,6,0.0001,1,new simulation,nan
1,16,-0.36391905546154485,-0.6000000000000001,-0.9,settled,0.3000000000000001,-0.4087989505128276,0.0,2,1,1,nan,0.04,0.4487989505128276,9.81,1,1,7,21,41,-3.0,3.0,0.01,30.0,60.0,1e-09,1e-12,6,0.0001,1,new simulation,nan
1,17,-0.36391905546154485,-0.4500000000000002,-0.9,settled,0.2900000000000001,-0.4087989505128276,0.0,2,1,1,nan,0.04,0.4487989505128276,9.81,1,1,7,21,41,-3.0,3.0,0.01,30.0,60.0,1e-09,1e-12,6,0.0001,1,new simulation,nan
1,18,-0.36391905546154485,-0.30000000000000027,-0.9,settled,0.2800000000000001,-0.4087989505128276,0.0,2,1,1,nan,0.04,0.4487989505128276,9.81,1,1,7,21,41,-3.0,3.0,0.01,30.0,60.0,1e-09,1e-12,6,0.0001,1,new simulation,nan
1,19,-0.36391905546154485,-0.1499999999999999,-0.9,settled,0.2900000000000001,-0.4087989505128276,0.0,2,1,1,nan,0.04,0.4487989505128276,9.81,1,1,7,21,41,-3.0,3.0,0.01,30.0,60.0,1e-09,1e-12,6,0.0001,1,new simulation,nan
1,20,-0.36391905546154485,0.0,-0.9,settled,0.3200000000000001,-0.4087989505128276,0.0,2,1,1,nan,0.04,0.4487989505128276,9.81,1,1,7,21,41,-3.0,3.0,0.01,30.0,60.0,1e-09,1e-12,6,0.0001,1,new simulation,nan
1,21,-0.36391905546154485,0.1499999999999999,-0.9,settled,0.38000000000000017,-0.4087989505128276,0.0,2,1,1,nan,0.04,0.4487989505128276,9.81,1,1,7,21,41,-3.0,3.0,0.01,30.0,60.0,1e-09,1e-12,6,0.0001,1,new simulation,nan
1,22,-0.36391905546154485,0.2999999999999998,-0.9,settled,0.46000000000000024,-0.4087989505128276,0.0,2,1,1,nan,0.04,0.4487989505128276,9.81,1,1,7,21,41,-3.0,3.0,0.01,30.0,60.0,1e-09,1e-12,6,0.0001,1,new simulation,nan
1,23,-0.36391905546154485,0.44999999999999973,-0.9,settled,0.5600000000000003,-0.4087989505128276,0.0,2,1,1,nan,0.04,0.4487989505128276,9.81,1,1,7,21,41,-3.0,3.0,0.01,30.0,60.0,1e-09,1e-12,6,0.0001,1,new simulation,nan
1,24,-0.36391905546154485,0.5999999999999996,-0.9,settled,0.6800000000000004,-0.4087989505128276,0.0,2,1,1,nan,0.04,0.4487989505128276,9.81,1,1,7,21,41,-3.0,3.0,0.01,30.0,60.0,1e-09,1e-12,6,0.0001,1,new simulation,nan
1,25,-0.36391905546154485,0.75,-0.9,settled,0.8400000000000005,-0.4087989505128276,0.0,2,1,1,nan,0.04,0.4487989505128276,9.81,1,1,7,21,41,-3.0,3.0,0.01,30.0,60.0,1e-09,1e-12,6,0.0001,1,new simulation,nan
1,26,-0.36391905546154485,0.8999999999999999,-0.9,settled,1.0600000000000007,-0.4087989505128276,0.0,2,1,1,nan,0.04,0.4487989505128276,9.81,1,1,7,21,41,-3.0,3.0,0.01,30.0,60.0,1e-09,1e-12,6,0.0001,1,new simulation,nan
1,27,-0.36391905546154485,1.0499999999999998,-0.9,settled,1.450000000000001,-0.4087989505128276,0.0,2,1,1,nan,0.04,0.4487989505128276,9.81,1,1,7,21,41,-3.0,3.0,0.01,30.0,60.0,1e-09,1e-12,6,0.0001,1,new simulation,nan
1,28,-0.36391905546154485,1.2000000000000002,-0.9,settled,1.2400000000000009,-0.4087989505128276,0.0,1,1,0,nan,0.04,0.4487989505128276,9.81,1,1,7,21,41,-3.0,3.0,0.01,30.0,60.0,1e-09,1e-12,6,0.0001,1,new simulation,nan
1,29,-0.36391905546154485,1.3499999999999996,-0.9,settled,0.8700000000000006,-0.4087989505128276,0.0,1,1,0,nan,0.04,0.4487989505128276,9.81,1,1,7,21,41,-3.0,3.0,0.01,30.0,60.0,1e-09,1e-12,6,0.0001,1,new simulation,nan
1,30,-0.36391905546154485,1.5,-0.9,settled,0.7100000000000004,-0.4087989505128276,0.0,1,1,0,nan,0.04,0.4487989505128276,9.81,1,1,7,21,41,-3.0,3.0,0.01,30.0,60.0,1e-09,1e-12,6,0.0001,1,new simulation,nan
1,31,-0.36391905546154485,1.6499999999999995,-0.9,settled,0.6200000000000003,-0.4087989505128276,0.0,1,1,0,nan,0.04,0.4487989505128276,9.81,1,1,7,21,41,-3.0,3.0,0.01,30.0,60.0,1e-09,1e-12,6,0.0001,1,new simulation,nan
1,32,-0.36391905546154485,1.7999999999999998,-0.9,settled,2.2699999999999956,-0.4087989505128276,0.0,2,2,0,nan,0.04,0.4487989505128276,9.81,1,1,7,21,41,-3.0,3.0,0.01,30.0,60.0,1e-09,1e-12,6,0.0001,1,new simulation,nan
1,33,-0.36391905546154485,1.9500000000000002,-0.9,settled,1.6100000000000012,-0.4087989505128276,0.0,2,2,0,nan,0.04,0.4487989505128276,9.81,1,1,7,21,41,-3.0,3.0,0.01,30.0,60.0,1e-09,1e-12,6,0.0001,1,new simulation,nan
1,34,-0.36391905546154485,2.0999999999999996,-0.9,settled,1.370000000000001,-0.4087989505128276,0.0,2,2,0,nan,0.04,0.4487989505128276,9.81,1,1,7,21,41,-3.0,3.0,0.01,30.0,60.0,1e-09,1e-12,6,0.0001,1,new simulation,nan
1,35,-0.36391905546154485,2.25,-0.9,settled,1.2200000000000009,-0.4087989505128276,0.0,2,2,0,nan,0.04,0.4487989505128276,9.81,1,1,7,21,41,-3.0,3.0,0.01,30.0,60.0,1e-09,1e-12,6,0.0001,1,new simulation,nan
1,36,-0.36391905546154485,2.3999999999999995,-0.9,settled,1.1100000000000008,-0.4087989505128276,0.0,2,2,0,nan,0.04,0.4487989505128276,9.81,1,1,7,21,41,-3.0,3.0,0.01,30.0,60.0,1e-09,1e-12,6,0.0001,1,new simulation,nan
1,37,-0.36391905546154485,2.55,-0.9,settled,1.0200000000000007,-0.4087989505128276,0.0,2,2,0,nan,0.04,0.4487989505128276,9.81,1,1,7,21,41,-3.0,3.0,0.01,30.0,60.0,1e-09,1e-12,6,0.0001,1,new simulation,nan
1,38,-0.36391905546154485,2.7,-0.9,settled,0.9500000000000006,-0.4087989505128276,0.0,2,2,0,nan,0.04,0.4487989505128276,9.81,1,1,7,21,41,-3.0,3.0,0.01,30.0,60.0,1e-09,1e-12,6,0.0001,1,new simulation,nan
1,39,-0.36391905546154485,2.8499999999999996,-0.9,settled,2.679999999999987,-0.4087989505128276,0.0,3,3,0,nan,0.04,0.4487989505128276,9.81,1,1,7,21,41,-3.0,3.0,0.01,30.0,60.0,1e-09,1e-12,6,0.0001,1,new simulation,nan
1,40,-0.36391905546154485,3.0,-0.9,settled,2.0899999999999994,-0.4087989505128276,0.0,3,3,0,nan,0.04,0.4487989505128276,9.81,1,1,7,21,41,-3.0,3.0,0.01,30.0,60.0,1e-09,1e-12,6,0.0001,1,new simulation,nan
2,0,-0.3190391604102621,-3.0,-0.8,settled,1.260000000000001,-0.4087989505128276,0.0,3,1,2,nan,0.04,0.4487989505128276,9.81,1,1,7,21,41,-3.0,3.0,0.01,30.0,60.0,1e-09,1e-12,6,0.0001,1,new simulation,nan
2,1,-0.3190391604102621,-2.85,-0.8,settled,1.280000000000001,-0.4087989505128276,0.0,3,1,2,nan,0.04,0.4487989505128276,9.81,1,1,7,21,41,-3.0,3.0,0.01,30.0,60.0,1e-09,1e-12,6,0.0001,1,new simulation,nan
2,2,-0.3190391604102621,-2.7,-0.8,settled,1.320000000000001,-0.4087989505128276,0.0,3,1,2,nan,0.04,0.4487989505128276,9.81,1,1,7,21,41,-3.0,3.0,0.01,30.0,60.0,1e-09,1e-12,6,0.0001,1,new simulation,nan
2,3,-0.3190391604102621,-2.55,-0.8,settled,1.420000000000001,-0.4087989505128276,0.0,3,1,2,nan,0.04,0.4487989505128276,9.81,1,1,7,21,41,-3.0,3.0,0.01,30.0,60.0,1e-09,1e-12,6,0.0001,1,new simulation,nan
2,4,-0.3190391604102621,-2.4,-0.8,settled,1.6600000000000013,-0.4087989505128276,0.0,3,1,2,nan,0.04,0.4487989505128276,9.81,1,1,7,21,41,-3.0,3.0,0.01,30.0,60.0,1e-09,1e-12,6,0.0001,1,new simulation,nan
2,5,-0.3190391604102621,-2.25,-0.8,settled,1.5400000000000011,-0.4087989505128276,0.0,2,1,1,nan,0.04,0.4487989505128276,9.81,1,1,7,21,41,-3.0,3.0,0.01,30.0,60.0,1e-09,1e-12,6,0.0001,1,new simulation,nan
2,6,-0.3190391604102621,-2.1,-0.8,settled,1.0900000000000007,-0.4087989505128276,0.0,2,1,1,nan,0.04,0.4487989505128276,9.81,1,1,7,21,41,-3.0,3.0,0.01,30.0,60.0,1e-09,1e-12,6,0.0001,1,new simulation,nan
2,7,-0.3190391604102621,-1.95,-0.8,settled,0.9000000000000006,-0.4087989505128276,0.0,2,1,1,nan,0.04,0.4487989505128276,9.81,1,1,7,21,41,-3.0,3.0,0.01,30.0,60.0,1e-09,1e-12,6,0.0001,1,new simulation,nan
2,8,-0.3190391604102621,-1.8,-0.8,settled,0.7800000000000005,-0.4087989505128276,0.0,2,1,1,nan,0.04,0.4487989505128276,9.81,1,1,7,21,41,-3.0,3.0,0.01,30.0,60.0,1e-09,1e-12,6,0.0001,1,new simulation,nan
2,9,-0.3190391604102621,-1.6500000000000001,-0.8,settled,0.6900000000000004,-0.4087989505128276,0.0,2,1,1,nan,0.04,0.4487989505128276,9.81,1,1,7,21,41,-3.0,3.0,0.01,30.0,60.0,1e-09,1e-12,6,0.0001,1,new simulation,nan
2,10,-0.3190391604102621,-1.5,-0.8,settled,0.6200000000000003,-0.4087989505128276,0.0,2,1,1,nan,0.04,0.4487989505128276,9.81,1,1,7,21,41,-3.0,3.0,0.01,30.0,60.0,1e-09,1e-12,6,0.0001,1,new simulation,nan
2,11,-0.3190391604102621,-1.35,-0.8,settled,0.5700000000000003,-0.4087989505128276,0.0,2,1,1,nan,0.04,0.4487989505128276,9.81,1,1,7,21,41,-3.0,3.0,0.01,30.0,60.0,1e-09,1e-12,6,0.0001,1,new simulation,nan
2,12,-0.3190391604102621,-1.2000000000000002,-0.8,settled,0.5200000000000002,-0.4087989505128276,0.0,2,1,1,nan,0.04,0.4487989505128276,9.81,1,1,7,21,41,-3.0,3.0,0.01,30.0,60.0,1e-09,1e-12,6,0.0001,1,new simulation,nan
2,13,-0.3190391604102621,-1.05,-0.8,settled,0.48000000000000026,-0.4087989505128276,0.0,2,1,1,nan,0.04,0.4487989505128276,9.81,1,1,7,21,41,-3.0,3.0,0.01,30.0,60.0,1e-09,1e-12,6,0.0001,1,new simulation,nan
2,14,-0.3190391604102621,-0.8999999999999999,-0.8,settled,0.4400000000000002,-0.4087989505128276,0.0,2,1,1,nan,0.04,0.4487989505128276,9.81,1,1,7,21,41,-3.0,3.0,0.01,30.0,60.0,1e-09,1e-12,6,0.0001,1,new simulation,nan
2,15,-0.3190391604102621,-0.75,-0.8,settled,0.4200000000000002,-0.4087989505128276,0.0,2,1,1,nan,0.04,0.4487989505128276,9.81,1,1,7,21,41,-3.0,3.0,0.01,30.0,60.0,1e-09,1e-12,6,0.0001,1,new simulation,nan
2,16,-0.3190391604102621,-0.6000000000000001,-0.8,settled,0.4000000000000002,-0.4087989505128276,0.0,2,1,1,nan,0.04,0.4487989505128276,9.81,1,1,7,21,41,-3.0,3.0,0.01,30.0,60.0,1e-09,1e-12,6,0.0001,1,new simulation,nan
2,17,-0.3190391604102621,-0.4500000000000002,-0.8,settled,0.4000000000000002,-0.4087989505128276,0.0,2,1,1,nan,0.04,0.4487989505128276,9.81,1,1,7,21,41,-3.0,3.0,0.01,30.0,60.0,1e-09,1e-12,6,0.0001,1,new simulation,nan
2,18,-0.3190391604102621,-0.30000000000000027,-0.8,settled,0.4000000000000002,-0.4087989505128276,0.0,2,1,1,nan,0.04,0.4487989505128276,9.81,1,1,7,21,41,-3.0,3.0,0.01,30.0,60.0,1e-09,1e-12,6,0.0001,1,new simulation,nan
2,19,-0.3190391604102621,-0.1499999999999999,-0.8,settled,0.4200000000000002,-0.4087989505128276,0.0,2,1,1,nan,0.04,0.4487989505128276,9.81,1,1,7,21,41,-3.0,3.0,0.01,30.0,60.0,1e-09,1e-12,6,0.0001,1,new simulation,nan
2,20,-0.3190391604102621,0.0,-0.8,settled,0.46000000000000024,-0.4087989505128276,0.0,2,1,1,nan,0.04,0.4487989505128276,9.81,1,1,7,21,41,-3.0,3.0,0.01,30.0,60.0,1e-09,1e-12,6,0.0001,1,new simulation,nan
2,21,-0.3190391604102621,0.1499999999999999,-0.8,settled,0.5200000000000002,-0.4087989505128276,0.0,2,1,1,nan,0.04,0.4487989505128276,9.81,1,1,7,21,41,-3.0,3.0,0.01,30.0,60.0,1e-09,1e-12,6,0.0001,1,new simulation,nan
2,22,-0.3190391604102621,0.2999999999999998,-0.8,settled,0.6000000000000003,-0.4087989505128276,0.0,2,1,1,nan,0.04,0.4487989505128276,9.81,1,1,7,21,41,-3.0,3.0,0.01,30.0,60.0,1e-09,1e-12,6,0.0001,1,new simulation,nan
2,23,-0.3190391604102621,0.44999999999999973,-0.8,settled,0.7100000000000004,-0.4087989505128276,0.0,2,1,1,nan,0.04,0.4487989505128276,9.81,1,1,7,21,41,-3.0,3.0,0.01,30.0,60.0,1e-09,1e-12,6,0.0001,1,new simulation,nan
2,24,-0.3190391604102621,0.5999999999999996,-0.8,settled,0.8500000000000005,-0.4087989505128276,0.0,2,1,1,nan,0.04,0.4487989505128276,9.81,1,1,7,21,41,-3.0,3.0,0.01,30.0,60.0,1e-09,1e-12,6,0.0001,1,new simulation,nan
2,25,-0.3190391604102621,0.75,-0.8,settled,1.0500000000000007,-0.4087989505128276,0.0,2,1,1,nan,0.04,0.4487989505128276,9.81,1,1,7,21,41,-3.0,3.0,0.01,30.0,60.0,1e-09,1e-12,6,0.0001,1,new simulation,nan
2,26,-0.3190391604102621,0.8999999999999999,-0.8,settled,1.400000000000001,-0.4087989505128276,0.0,2,1,1,nan,0.04,0.4487989505128276,9.81,1,1,7,21,41,-3.0,3.0,0.01,30.0,60.0,1e-09,1e-12,6,0.0001,1,new simulation,nan
2,27,-0.3190391604102621,1.0499999999999998,-0.8,settled,1.300000000000001,-0.4087989505128276,0.0,1,1,0,nan,0.04,0.4487989505128276,9.81,1,1,7,21,41,-3.0,3.0,0.01,30.0,60.0,1e-09,1e-12,6,0.0001,1,new simulation,nan
2,28,-0.3190391604102621,1.2000000000000002,-0.8,settled,0.8800000000000006,-0.4087989505128276,0.0,1,1,0,nan,0.04,0.4487989505128276,9.81,1,1,7,21,41,-3.0,3.0,0.01,30.0,60.0,1e-09,1e-12,6,0.0001,1,new simulation,nan
2,29,-0.3190391604102621,1.3499999999999996,-0.8,settled,0.7200000000000004,-0.4087989505128276,0.0,1,1,0,nan,0.04,0.4487989505128276,9.81,1,1,7,21,41,-3.0,3.0,0.01,30.0,60.0,1e-09,1e-12,6,0.0001,1,new simulation,nan
2,30,-0.3190391604102621,1.5,-0.8,settled,0.6200000000000003,-0.4087989505128276,0.0,1,1,0,nan,0.04,0.4487989505128276,9.81,1,1,7,21,41,-3.0,3.0,0.01,30.0,60.0,1e-09,1e-12,6,0.0001,1,new simulation,nan
2,31,-0.3190391604102621,1.6499999999999995,-0.8,settled,0.5500000000000003,-0.4087989505128276,0.0,1,1,0,nan,0.04,0.4487989505128276,9.81,1,1,7,21,41,-3.0,3.0,0.01,30.0,60.0,1e-09,1e-12,6,0.0001,1,new simulation,nan
2,32,-0.3190391604102621,1.7999999999999998,-0.8,settled,1.7700000000000014,-0.4087989505128276,0.0,2,2,0,nan,0.04,0.4487989505128276,9.81,1,1,7,21,41,-3.0,3.0,0.01,30.0,60.0,1e-09,1e-12,6,0.0001,1,new simulation,nan
2,33,-0.3190391604102621,1.9500000000000002,-0.8,settled,1.450000000000001,-0.4087989505128276,0.0,2,2,0,nan,0.04,0.4487989505128276,9.81,1,1,7,21,41,-3.0,3.0,0.01,30.0,60.0,1e-09,1e-12,6,0.0001,1,new simulation,nan
2,34,-0.3190391604102621,2.0999999999999996,-0.8,settled,1.270000000000001,-0.4087989505128276,0.0,2,2,0,nan,0.04,0.4487989505128276,9.81,1,1,7,21,41,-3.0,3.0,0.01,30.0,60.0,1e-09,1e-12,6,0.0001,1,new simulation,nan
2,35,-0.3190391604102621,2.25,-0.8,settled,1.1500000000000008,-0.4087989505128276,0.0,2,2,0,nan,0.04,0.4487989505128276,9.81,1,1,7,21,41,-3.0,3.0,0.01,30.0,60.0,1e-09,1e-12,6,0.0001,1,new simulation,nan
2,36,-0.3190391604102621,2.3999999999999995,-0.8,settled,1.0500000000000007,-0.4087989505128276,0.0,2,2,0,nan,0.04,0.4487989505128276,9.81,1,1,7,21,41,-3.0,3.0,0.01,30.0,60.0,1e-09,1e-12,6,0.0001,1,new simulation,nan
2,37,-0.3190391604102621,2.55,-0.8,settled,0.9700000000000006,-0.4087989505128276,0.0,2,2,0,nan,0.04,0.4487989505128276,9.81,1,1,7,21,41,-3.0,3.0,0.01,30.0,60.0,1e-09,1e-12,6,0.0001,1,new simulation,nan
2,38,-0.3190391604102621,2.7,-0.8,settled,0.9100000000000006,-0.4087989505128276,0.0,2,2,0,nan,0.04,0.4487989505128276,9.81,1,1,7,21,41,-3.0,3.0,0.01,30.0,60.0,1e-09,1e-12,6,0.0001,1,new simulation,nan
2,39,-0.3190391604102621,2.8499999999999996,-0.8,settled,2.349999999999994,-0.4087989505128276,0.0,3,3,0,nan,0.04,0.4487989505128276,9.81,1,1,7,21,41,-3.0,3.0,0.01,30.0,60.0,1e-09,1e-12,6,0.0001,1,new simulation,nan
2,40,-0.3190391604102621,3.0,-0.8,settled,1.9800000000000015,-0.4087989505128276,0.0,3,3,0,nan,0.04,0.4487989505128276,9.81,1,1,7,21,41,-3.0,3.0,0.01,30.0,60.0,1e-09,1e-12,6,0.0001,1,new simulation,nan
3,0,-0.27415926535897933,-3.0,-0.7,settled,1.270000000000001,-0.4087989505128276,0.0,3,1,2,nan,0.04,0.4487989505128276,9.81,1,1,7,21,41,-3.0,3.0,0.01,30.0,60.0,1e-09,1e-12,6,0.0001,1,new simulation,nan
3,1,-0.27415926535897933,-2.85,-0.7,settled,1.290000000000001,-0.4087989505128276,0.0,3,1,2,nan,0.04,0.4487989505128276,9.81,1,1,7,21,41,-3.0,3.0,0.01,30.0,60.0,1e-09,1e-12,6,0.0001,1,new simulation,nan
3,2,-0.27415926535897933,-2.7,-0.7,settled,1.320000000000001,-0.4087989505128276,0.0,3,1,2,nan,0.04,0.4487989505128276,9.81,1,1,7,21,41,-3.0,3.0,0.01,30.0,60.0,1e-09,1e-12,6,0.0001,1,new simulation,nan
3,3,-0.27415926535897933,-2.55,-0.7,settled,1.400000000000001,-0.4087989505128276,0.0,3,1,2,nan,0.04,0.4487989505128276,9.81,1,1,7,21,41,-3.0,3.0,0.01,30.0,60.0,1e-09,1e-12,6,0.0001,1,new simulation,nan
3,4,-0.27415926535897933,-2.4,-0.7,settled,1.5600000000000012,-0.4087989505128276,0.0,3,1,2,nan,0.04,0.4487989505128276,9.81,1,1,7,21,41,-3.0,3.0,0.01,30.0,60.0,1e-09,1e-12,6,0.0001,1,new simulation,nan
3,5,-0.27415926535897933,-2.25,-0.7,settled,2.4699999999999913,-0.4087989505128276,0.0,3,1,2,nan,0.04,0.4487989505128276,9.81,1,1,7,21,41,-3.0,3.0,0.01,30.0,60.0,1e-09,1e-12,6,0.0001,1,new simulation,nan
3,6,-0.27415926535897933,-2.1,-0.7,settled,1.2200000000000009,-0.4087989505128276,0.0,2,1,1,nan,0.04,0.4487989505128276,9.81,1,1,7,21,41,-3.0,3.0,0.01,30.0,60.0,1e-09,1e-12,6,0.0001,1,new simulation,nan
3,7,-0.27415926535897933,-1.95,-0.7,settled,0.9900000000000007,-0.4087989505128276,0.0,2,1,1,nan,0.04,0.4487989505128276,9.81,1,1,7,21,41,-3.0,3.0,0.01,30.0,60.0,1e-09,1e-12,6,0.0001,1,new simulation,nan
3,8,-0.27415926535897933,-1.8,-0.7,settled,0.8600000000000005,-0.4087989505128276,0.0,2,1,1,nan,0.04,0.4487989505128276,9.81,1,1,7,21,41,-3.0,3.0,0.01,30.0,60.0,1e-09,1e-12,6,0.0001,1,new simulation,nan
3,9,-0.27415926535897933,-1.6500000000000001,-0.7,settled,0.7600000000000005,-0.4087989505128276,0.0,2,1,1,nan,0.04,0.4487989505128276,9.81,1,1,7,21,41,-3.0,3.0,0.01,30.0,60.0,1e-09,1e-12,6,0.0001,1,new simulation,nan
3,10,-0.27415926535897933,-1.5,-0.7,settled,0.6900000000000004,-0.4087989505128276,0.0,2,1,1,nan,0.04,0.4487989505128276,9.81,1,1,7,21,41,-3.0,3.0,0.01,30.0,60.0,1e-09,1e-12,6,0.0001,1,new simulation,nan
3,11,-0.27415926535897933,-1.35,-0.7,settled,0.6300000000000003,-0.4087989505128276,0.0,2,1,1,nan,0.04,0.4487989505128276,9.81,1,1,7,21,41,-3.0,3.0,0.01,30.0,60.0,1e-09,1e-12,6,0.0001,1,new simulation,nan
3,12,-0.27415926535897933,-1.2000000000000002,-0.7,settled,0.5900000000000003,-0.4087989505128276,0.0,2,1,1,nan,0.04,0.4487989505128276,9.81,1,1,7,21,41,-3.0,3.0,0.01,30.0,60.0,1e-09,1e-12,6,0.0001,1,new simulation,nan
3,13,-0.27415926535897933,-1.05,-0.7,settled,0.5500000000000003,-0.4087989505128276,0.0,2,1,1,nan,0.04,0.4487989505128276,9.81,1,1,7,21,41,-3.0,3.0,0.01,30.0,60.0,1e-09,1e-12,6,0.0001,1,new simulation,nan
3,14,-0.27415926535897933,-0.8999999999999999,-0.7,settled,0.5200000000000002,-0.4087989505128276,0.0,2,1,1,nan,0.04,0.4487989505128276,9.81,1,1,7,21,41,-3.0,3.0,0.01,30.0,60.0,1e-09,1e-12,6,0.0001,1,new simulation,nan
3,15,-0.27415926535897933,-0.75,-0.7,settled,0.5000000000000002,-0.4087989505128276,0.0,2,1,1,nan,0.04,0.4487989505128276,9.81,1,1,7,21,41,-3.0,3.0,0.01,30.0,60.0,1e-09,1e-12,6,0.0001,1,new simulation,nan
3,16,-0.27415926535897933,-0.6000000000000001,-0.7,settled,0.49000000000000027,-0.4087989505128276,0.0,2,1,1,nan,0.04,0.4487989505128276,9.81,1,1,7,21,41,-3.0,3.0,0.01,30.0,60.0,1e-09,1e-12,6,0.0001,1,new simulation,nan
3,17,-0.27415926535897933,-0.4500000000000002,-0.7,settled,0.49000000000000027,-0.4087989505128276,0.0,2,1,1,nan,0.04,0.4487989505128276,9.81,1,1,7,21,41,-3.0,3.0,0.01,30.0,60.0,1e-09,1e-12,6,0.0001,1,new simulation,nan
3,18,-0.27415926535897933,-0.30000000000000027,-0.7,settled,0.5000000000000002,-0.4087989505128276,0.0,2,1,1,nan,0.04,0.4487989505128276,9.81,1,1,7,21,41,-3.0,3.0,0.01,30.0,60.0,1e-09,1e-12,6,0.0001,1,new simulation,nan
3,19,-0.27415926535897933,-0.1499999999999999,-0.7,settled,0.5300000000000002,-0.4087989505128276,0.0,2,1,1,nan,0.04,0.4487989505128276,9.81,1,1,7,21,41,-3.0,3.0,0.01,30.0,60.0,1e-09,1e-12,6,0.0001,1,new simulation,nan
3,20,-0.27415926535897933,0.0,-0.7,settled,0.5800000000000003,-0.4087989505128276,0.0,2,1,1,nan,0.04,0.4487989505128276,9.81,1,1,7,21,41,-3.0,3.0,0.01,30.0,60.0,1e-09,1e-12,6,0.0001,1,new simulation,nan
3,21,-0.27415926535897933,0.1499999999999999,-0.7,settled,0.6500000000000004,-0.4087989505128276,0.0,2,1,1,nan,0.04,0.4487989505128276,9.81,1,1,7,21,41,-3.0,3.0,0.01,30.0,60.0,1e-09,1e-12,6,0.0001,1,new simulation,nan
3,22,-0.27415926535897933,0.2999999999999998,-0.7,settled,0.7400000000000004,-0.4087989505128276,0.0,2,1,1,nan,0.04,0.4487989505128276,9.81,1,1,7,21,41,-3.0,3.0,0.01,30.0,60.0,1e-09,1e-12,6,0.0001,1,new simulation,nan
3,23,-0.27415926535897933,0.44999999999999973,-0.7,settled,0.8700000000000006,-0.4087989505128276,0.0,2,1,1,nan,0.04,0.4487989505128276,9.81,1,1,7,21,41,-3.0,3.0,0.01,30.0,60.0,1e-09,1e-12,6,0.0001,1,new simulation,nan
3,24,-0.27415926535897933,0.5999999999999996,-0.7,settled,1.0500000000000007,-0.4087989505128276,0.0,2,1,1,nan,0.04,0.4487989505128276,9.81,1,1,7,21,41,-3.0,3.0,0.01,30.0,60.0,1e-09,1e-12,6,0.0001,1,new simulation,nan
3,25,-0.27415926535897933,0.75,-0.7,settled,1.370000000000001,-0.4087989505128276,0.0,2,1,1,nan,0.04,0.4487989505128276,9.81,1,1,7,21,41,-3.0,3.0,0.01,30.0,60.0,1e-09,1e-12,6,0.0001,1,new simulation,nan
3,26,-0.27415926535897933,0.8999999999999999,-0.7,settled,1.360000000000001,-0.4087989505128276,0.0,1,1,0,nan,0.04,0.4487989505128276,9.81,1,1,7,21,41,-3.0,3.0,0.01,30.0,60.0,1e-09,1e-12,6,0.0001,1,new simulation,nan
3,27,-0.27415926535897933,1.0499999999999998,-0.7,settled,0.9000000000000006,-0.4087989505128276,0.0,1,1,0,nan,0.04,0.4487989505128276,9.81,1,1,7,21,41,-3.0,3.0,0.01,30.0,60.0,1e-09,1e-12,6,0.0001,1,new simulation,nan
3,28,-0.27415926535897933,1.2000000000000002,-0.7,settled,0.7300000000000004,-0.4087989505128276,0.0,1,1,0,nan,0.04,0.4487989505128276,9.81,1,1,7,21,41,-3.0,3.0,0.01,30.0,60.0,1e-09,1e-12,6,0.0001,1,new simulation,nan
3,29,-0.27415926535897933,1.3499999999999996,-0.7,settled,0.6200000000000003,-0.4087989505128276,0.0,1,1,0,nan,0.04,0.4487989505128276,9.81,1,1,7,21,41,-3.0,3.0,0.01,30.0,60.0,1e-09,1e-12,6,0.0001,1,new simulation,nan
3,30,-0.27415926535897933,1.5,-0.7,settled,0.5500000000000003,-0.4087989505128276,0.0,1,1,0,nan,0.04,0.4487989505128276,9.81,1,1,7,21,41,-3.0,3.0,0.01,30.0,60.0,1e-09,1e-12,6,0.0001,1,new simulation,nan
3,31,-0.27415926535897933,1.6499999999999995,-0.7,settled,2.109999999999999,-0.4087989505128276,0.0,2,2,0,nan,0.04,0.4487989505128276,9.81,1,1,7,21,41,-3.0,3.0,0.01,30.0,60.0,1e-09,1e-12,6,0.0001,1,new simulation,nan
3,32,-0.27415926535897933,1.7999999999999998,-0.7,settled,1.5600000000000012,-0.4087989505128276,0.0,2,2,0,nan,0.04,0.4487989505128276,9.81,1,1,7,21,41,-3.0,3.0,0.01,30.0,60.0,1e-09,1e-12,6,0.0001,1,new simulation,nan
3,33,-0.27415926535897933,1.9500000000000002,-0.7,settled,1.340000000000001,-0.4087989505128276,0.0,2,2,0,nan,0.04,0.4487989505128276,9.81,1,1,7,21,41,-3.0,3.0,0.01,30.0,60.0,1e-09,1e-12,6,0.0001,1,new simulation,nan
3,34,-0.27415926535897933,2.0999999999999996,-0.7,settled,1.2000000000000008,-0.4087989505128276,0.0,2,2,0,nan,0.04,0.4487989505128276,9.81,1,1,7,21,41,-3.0,3.0,0.01,30.0,60.0,1e-09,1e-12,6,0.0001,1,new simulation,nan
3,35,-0.27415926535897933,2.25,-0.7,settled,1.0900000000000007,-0.4087989505128276,0.0,2,2,0,nan,0.04,0.4487989505128276,9.81,1,1,7,21,41,-3.0,3.0,0.01,30.0,60.0,1e-09,1e-12,6,0.0001,1,new simulation,nan
3,36,-0.27415926535897933,2.3999999999999995,-0.7,settled,1.0000000000000007,-0.4087989505128276,0.0,2,2,0,nan,0.04,0.4487989505128276,9.81,1,1,7,21,41,-3.0,3.0,0.01,30.0,60.0,1e-09,1e-12,6,0.0001,1,new simulation,nan
3,37,-0.27415926535897933,2.55,-0.7,settled,0.9300000000000006,-0.4087989505128276,0.0,2,2,0,nan,0.04,0.4487989505128276,9.81,1,1,7,21,41,-3.0,3.0,0.01,30.0,60.0,1e-09,1e-12,6,0.0001,1,new simulation,nan
3,38,-0.27415926535897933,2.7,-0.7,settled,0.8700000000000006,-0.4087989505128276,0.0,2,2,0,nan,0.04,0.4487989505128276,9.81,1,1,7,21,41,-3.0,3.0,0.01,30.0,60.0,1e-09,1e-12,6,0.0001,1,new simulation,nan
3,39,-0.27415926535897933,2.8499999999999996,-0.7,settled,2.1899999999999973,-0.4087989505128276,0.0,3,3,0,nan,0.04,0.4487989505128276,9.81,1,1,7,21,41,-3.0,3.0,0.01,30.0,60.0,1e-09,1e-12,6,0.0001,1,new simulation,nan
3,40,-0.27415926535897933,3.0,-0.7,settled,1.9000000000000015,-0.4087989505128276,0.0,3,3,0,nan,0.04,0.4487989505128276,9.81,1,1,7,21,41,-3.0,3.0,0.01,30.0,60.0,1e-09,1e-12,6,0.0001,1,new simulation,nan
4,0,-0.22927937030769657,-3.0,-0.6,settled,1.290000000000001,-0.4087989505128276,0.0,3,1,2,nan,0.04,0.4487989505128276,9.81,1,1,7,21,41,-3.0,3.0,0.01,30.0,60.0,1e-09,1e-12,6,0.0001,1,new simulation,nan
4,1,-0.22927937030769657,-2.85,-0.6,settled,1.300000000000001,-0.4087989505128276,0.0,3,1,2,nan,0.04,0.4487989505128276,9.81,1,1,7,21,41,-3.0,3.0,0.01,30.0,60.0,1e-09,1e-12,6,0.0001,1,new simulation,nan
4,2,-0.22927937030769657,-2.7,-0.6,settled,1.320000000000001,-0.4087989505128276,0.0,3,1,2,nan,0.04,0.4487989505128276,9.81,1,1,7,21,41,-3.0,3.0,0.01,30.0,60.0,1e-09,1e-12,6,0.0001,1,new simulation,nan
4,3,-0.22927937030769657,-2.55,-0.6,settled,1.390000000000001,-0.4087989505128276,0.0,3,1,2,nan,0.04,0.4487989505128276,9.81,1,1,7,21,41,-3.0,3.0,0.01,30.0,60.0,1e-09,1e-12,6,0.0001,1,new simulation,nan
4,4,-0.22927937030769657,-2.4,-0.6,settled,1.5100000000000011,-0.4087989505128276,0.0,3,1,2,nan,0.04,0.4487989505128276,9.81,1,1,7,21,41,-3.0,3.0,0.01,30.0,60.0,1e-09,1e-12,6,0.0001,1,new simulation,nan
4,5,-0.22927937030769657,-2.25,-0.6,settled,1.8800000000000014,-0.4087989505128276,0.0,3,1,2,nan,0.04,0.4487989505128276,9.81,1,1,7,21,41,-3.0,3.0,0.01,30.0,60.0,1e-09,1e-12,6,0.0001,1,new simulation,nan
4,6,-0.22927937030769657,-2.1,-0.6,settled,1.390000000000001,-0.4087989505128276,0.0,2,1,1,nan,0.04,0.4487989505128276,9.81,1,1,7,21,41,-3.0,3.0,0.01,30.0,60.0,1e-09,1e-12,6,0.0001,1,new simulation,nan
4,7,-0.22927937030769657,-1.95,-0.6,settled,1.0800000000000007,-0.4087989505128276,0.0,2,1,1,nan,0.04,0.4487989505128276,9.81,1,1,7,21,41,-3.0,3.0,0.01,30.0,60.0,1e-09,1e-12,6,0.0001,1,new simulation,nan
4,8,-0.22927937030769657,-1.8,-0.6,settled,0.9300000000000006,-0.4087989505128276,0.0,2,1,1,nan,0.04,0.4487989505128276,9.81,1,1,7,21,41,-3.0,3.0,0.01,30.0,60.0,1e-09,1e-12,6,0.0001,1,new simulation,nan
4,9,-0.22927937030769657,-1.6500000000000001,-0.6,settled,0.8300000000000005,-0.4087989505128276,0.0,2,1,1,nan,0.04,0.4487989505128276,9.81,1,1,7,21,41,-3.0,3.0,0.01,30.0,60.0,1e-09,1e-12,6,0.0001,1,new simulation,nan
4,10,-0.22927937030769657,-1.5,-0.6,settled,0.7500000000000004,-0.4087989505128276,0.0,2,1,1,nan,0.04,0.4487989505128276,9.81,1,1,7,21,41,-3.0,3.0,0.01,30.0,60.0,1e-09,1e-12,6,0.0001,1,new simulation,nan
4,11,-0.22927937030769657,-1.35,-0.6,settled,0.6900000000000004,-0.4087989505128276,0.0,2,1,1,nan,0.04,0.4487989505128276,9.81,1,1,7,21,41,-3.0,3.0,0.01,30.0,60.0,1e-09,1e-12,6,0.0001,1,new simulation,nan
4,12,-0.22927937030769657,-1.2000000000000002,-0.6,settled,0.6500000000000004,-0.4087989505128276,0.0,2,1,1,nan,0.04,0.4487989505128276,9.81,1,1,7,21,41,-3.0,3.0,0.01,30.0,60.0,1e-09,1e-12,6,0.0001,1,new simulation,nan
4,13,-0.22927937030769657,-1.05,-0.6,settled,0.6100000000000003,-0.4087989505128276,0.0,2,1,1,nan,0.04,0.4487989505128276,9.81,1,1,7,21,41,-3.0,3.0,0.01,30.0,60.0,1e-09,1e-12,6,0.0001,1,new simulation,nan
4,14,-0.22927937030769657,-0.8999999999999999,-0.6,settled,0.5900000000000003,-0.4087989505128276,0.0,2,1,1,nan,0.04,0.4487989505128276,9.81,1,1,7,21,41,-3.0,3.0,0.01,30.0,60.0,1e-09,1e-12,6,0.0001,1,new simulation,nan
4,15,-0.22927937030769657,-0.75,-0.6,settled,0.5700000000000003,-0.4087989505128276,0.0,2,1,1,nan,0.04,0.4487989505128276,9.81,1,1,7,21,41,-3.0,3.0,0.01,30.0,60.0,1e-09,1e-12,6,0.0001,1,new simulation,nan
4,16,-0.22927937030769657,-0.6000000000000001,-0.6,settled,0.5700000000000003,-0.4087989505128276,0.0,2,1,1,nan,0.04,0.4487989505128276,9.81,1,1,7,21,41,-3.0,3.0,0.01,30.0,60.0,1e-09,1e-12,6,0.0001,1,new simulation,nan
4,17,-0.22927937030769657,-0.4500000000000002,-0.6,settled,0.5700000000000003,-0.4087989505128276,0.0,2,1,1,nan,0.04,0.4487989505128276,9.81,1,1,7,21,41,-3.0,3.0,0.01,30.0,60.0,1e-09,1e-12,6,0.0001,1,new simulation,nan
4,18,-0.22927937030769657,-0.30000000000000027,-0.6,settled,0.5900000000000003,-0.4087989505128276,0.0,2,1,1,nan,0.04,0.4487989505128276,9.81,1,1,7,21,41,-3.0,3.0,0.01,30.0,60.0,1e-09,1e-12,6,0.0001,1,new simulation,nan
4,19,-0.22927937030769657,-0.1499999999999999,-0.6,settled,0.6300000000000003,-0.4087989505128276,0.0,2,1,1,nan,0.04,0.4487989505128276,9.81,1,1,7,21,41,-3.0,3.0,0.01,30.0,60.0,1e-09,1e-12,6,0.0001,1,new simulation,nan
4,20,-0.22927937030769657,0.0,-0.6,settled,0.6900000000000004,-0.4087989505128276,0.0,2,1,1,nan,0.04,0.4487989505128276,9.81,1,1,7,21,41,-3.0,3.0,0.01,30.0,60.0,1e-09,1e-12,6,0.0001,1,new simulation,nan
4,21,-0.22927937030769657,0.1499999999999999,-0.6,settled,0.7700000000000005,-0.4087989505128276,0.0,2,1,1,nan,0.04,0.4487989505128276,9.81,1,1,7,21,41,-3.0,3.0,0.01,30.0,60.0,1e-09,1e-12,6,0.0001,1,new simulation,nan
4,22,-0.22927937030769657,0.2999999999999998,-0.6,settled,0.8800000000000006,-0.4087989505128276,0.0,2,1,1,nan,0.04,0.4487989505128276,9.81,1,1,7,21,41,-3.0,3.0,0.01,30.0,60.0,1e-09,1e-12,6,0.0001,1,new simulation,nan
4,23,-0.22927937030769657,0.44999999999999973,-0.6,settled,1.0500000000000007,-0.4087989505128276,0.0,2,1,1,nan,0.04,0.4487989505128276,9.81,1,1,7,21,41,-3.0,3.0,0.01,30.0,60.0,1e-09,1e-12,6,0.0001,1,new simulation,nan
4,24,-0.22927937030769657,0.5999999999999996,-0.6,settled,1.340000000000001,-0.4087989505128276,0.0,2,1,1,nan,0.04,0.4487989505128276,9.81,1,1,7,21,41,-3.0,3.0,0.01,30.0,60.0,1e-09,1e-12,6,0.0001,1,new simulation,nan
4,25,-0.22927937030769657,0.75,-0.6,settled,1.450000000000001,-0.4087989505128276,0.0,1,1,0,nan,0.04,0.4487989505128276,9.81,1,1,7,21,41,-3.0,3.0,0.01,30.0,60.0,1e-09,1e-12,6,0.0001,1,new simulation,nan
4,26,-0.22927937030769657,0.8999999999999999,-0.6,settled,0.9200000000000006,-0.4087989505128276,0.0,1,1,0,nan,0.04,0.4487989505128276,9.81,1,1,7,21,41,-3.0,3.0,0.01,30.0,60.0,1e-09,1e-12,6,0.0001,1,new simulation,nan
4,27,-0.22927937030769657,1.0499999999999998,-0.6,settled,0.7300000000000004,-0.4087989505128276,0.0,1,1,0,nan,0.04,0.4487989505128276,9.81,1,1,7,21,41,-3.0,3.0,0.01,30.0,60.0,1e-09,1e-12,6,0.0001,1,new simulation,nan
4,28,-0.22927937030769657,1.2000000000000002,-0.6,settled,0.6200000000000003,-0.4087989505128276,0.0,1,1,0,nan,0.04,0.4487989505128276,9.81,1,1,7,21,41,-3.0,3.0,0.01,30.0,60.0,1e-09,1e-12,6,0.0001,1,new simulation,nan
4,29,-0.22927937030769657,1.3499999999999996,-0.6,settled,0.5500000000000003,-0.4087989505128276,0.0,1,1,0,nan,0.04,0.4487989505128276,9.81,1,1,7,21,41,-3.0,3.0,0.01,30.0,60.0,1e-09,1e-12,6,0.0001,1,new simulation,nan
4,30,-0.22927937030769657,1.5,-0.6,settled,0.49000000000000027,-0.4087989505128276,0.0,1,1,0,nan,0.04,0.4487989505128276,9.81,1,1,7,21,41,-3.0,3.0,0.01,30.0,60.0,1e-09,1e-12,6,0.0001,1,new simulation,nan
4,31,-0.22927937030769657,1.6499999999999995,-0.6,settled,1.7500000000000013,-0.4087989505128276,0.0,2,2,0,nan,0.04,0.4487989505128276,9.81,1,1,7,21,41,-3.0,3.0,0.01,30.0,60.0,1e-09,1e-12,6,0.0001,1,new simulation,nan
4,32,-0.22927937030769657,1.7999999999999998,-0.6,settled,1.440000000000001,-0.4087989505128276,0.0,2,2,0,nan,0.04,0.4487989505128276,9.81,1,1,7,21,41,-3.0,3.0,0.01,30.0,60.0,1e-09,1e-12,6,0.0001,1,new simulation,nan
4,33,-0.22927937030769657,1.9500000000000002,-0.6,settled,1.260000000000001,-0.4087989505128276,0.0,2,2,0,nan,0.04,0.4487989505128276,9.81,1,1,7,21,41,-3.0,3.0,0.01,30.0,60.0,1e-09,1e-12,6,0.0001,1,new simulation,nan
4,34,-0.22927937030769657,2.0999999999999996,-0.6,settled,1.1400000000000008,-0.4087989505128276,0.0,2,2,0,nan,0.04,0.4487989505128276,9.81,1,1,7,21,41,-3.0,3.0,0.01,30.0,60.0,1e-09,1e-12,6,0.0001,1,new simulation,nan
4,35,-0.22927937030769657,2.25,-0.6,settled,1.0400000000000007,-0.4087989505128276,0.0,2,2,0,nan,0.04,0.4487989505128276,9.81,1,1,7,21,41,-3.0,3.0,0.01,30.0,60.0,1e-09,1e-12,6,0.0001,1,new simulation,nan
4,36,-0.22927937030769657,2.3999999999999995,-0.6,settled,0.9600000000000006,-0.4087989505128276,0.0,2,2,0,nan,0.04,0.4487989505128276,9.81,1,1,7,21,41,-3.0,3.0,0.01,30.0,60.0,1e-09,1e-12,6,0.0001,1,new simulation,nan
4,37,-0.22927937030769657,2.55,-0.6,settled,0.9000000000000006,-0.4087989505128276,0.0,2,2,0,nan,0.04,0.4487989505128276,9.81,1,1,7,21,41,-3.0,3.0,0.01,30.0,60.0,1e-09,1e-12,6,0.0001,1,new simulation,nan
4,38,-0.22927937030769657,2.7,-0.6,settled,2.759999999999985,-0.4087989505128276,0.0,3,3,0,nan,0.04,0.4487989505128276,9.81,1,1,7,21,41,-3.0,3.0,0.01,30.0,60.0,1e-09,1e-12,6,0.0001,1,new simulation,nan
4,39,-0.22927937030769657,2.8499999999999996,-0.6,settled,2.0799999999999996,-0.4087989505128276,0.0,3,3,0,nan,0.04,0.4487989505128276,9.81,1,1,7,21,41,-3.0,3.0,0.01,30.0,60.0,1e-09,1e-12,6,0.0001,1,new simulation,nan
4,40,-0.22927937030769657,3.0,-0.6,settled,1.8400000000000014,-0.4087989505128276,0.0,3,3,0,nan,0.04,0.4487989505128276,9.81,1,1,7,21,41,-3.0,3.0,0.01,30.0,60.0,1e-09,1e-12,6,0.0001,1,new simulation,nan
5,0,-0.18439947525641381,-3.0,-0.5000000000000001,settled,1.310000000000001,-0.4087989505128276,0.0,3,1,2,nan,0.04,0.4487989505128276,9.81,1,1,7,21,41,-3.0,3.0,0.01,30.0,60.0,1e-09,1e-12,6,0.0001,1,new simulation,nan
5,1,-0.18439947525641381,-2.85,-0.5000000000000001,settled,1.310000000000001,-0.4087989505128276,0.0,3,1,2,nan,0.04,0.4487989505128276,9.81,1,1,7,21,41,-3.0,3.0,0.01,30.0,60.0,1e-09,1e-12,6,0.0001,1,new simulation,nan
5,2,-0.18439947525641381,-2.7,-0.5000000000000001,settled,1.330000000000001,-0.4087989505128276,0.0,3,1,2,nan,0.04,0.4487989505128276,9.81,1,1,7,21,41,-3.0,3.0,0.01,30.0,60.0,1e-09,1e-12,6,0.0001,1,new simulation,nan
5,3,-0.18439947525641381,-2.55,-0.5000000000000001,settled,1.390000000000001,-0.4087989505128276,0.0,3,1,2,nan,0.04,0.4487989505128276,9.81,1,1,7,21,41,-3.0,3.0,0.01,30.0,60.0,1e-09,1e-12,6,0.0001,1,new simulation,nan
5,4,-0.18439947525641381,-2.4,-0.5000000000000001,settled,1.490000000000001,-0.4087989505128276,0.0,3,1,2,nan,0.04,0.4487989505128276,9.81,1,1,7,21,41,-3.0,3.0,0.01,30.0,60.0,1e-09,1e-12,6,0.0001,1,new simulation,nan
5,5,-0.18439947525641381,-2.25,-0.5000000000000001,settled,1.7400000000000013,-0.4087989505128276,0.0,3,1,2,nan,0.04,0.4487989505128276,9.81,1,1,7,21,41,-3.0,3.0,0.01,30.0,60.0,1e-09,1e-12,6,0.0001,1,new simulation,nan
5,6,-0.18439947525641381,-2.1,-0.5000000000000001,settled,1.6100000000000012,-0.4087989505128276,0.0,2,1,1,nan,0.04,0.4487989505128276,9.81,1,1,7,21,41,-3.0,3.0,0.01,30.0,60.0,1e-09,1e-12,6,0.0001,1,new simulation,nan
5,7,-0.18439947525641381,-1.95,-0.5000000000000001,settled,1.1700000000000008,-0.4087989505128276,0.0,2,1,1,nan,0.04,0.4487989505128276,9.81,1,1,7,21,41,-3.0,3.0,0.01,30.0,60.0,1e-09,1e-12,6,0.0001,1,new simulation,nan
5,8,-0.18439947525641381,-1.8,-0.5000000000000001,settled,1.0000000000000007,-0.4087989505128276,0.0,2,1,1,nan,0.04,0.4487989505128276,9.81,1,1,7,21,41,-3.0,3.0,0.01,30.0,60.0,1e-09,1e-12,6,0.0001,1,new simulation,nan
5,9,-0.18439947525641381,-1.6500000000000001,-0.5000000000000001,settled,0.8900000000000006,-0.4087989505128276,0.0,2,1,1,nan,0.04,0.4487989505128276,9.81,1,1,7,21,41,-3.0,3.0,0.01,30.0,60.0,1e-09,1e-12,6,0.0001,1,new simulation,nan
5,10,-0.18439947525641381,-1.5,-0.5000000000000001,settled,0.8100000000000005,-0.4087989505128276,0.0,2,1,1,nan,0.04,0.4487989505128276,9.81,1,1,7,21,41,-3.0,3.0,0.01,30.0,60.0,1e-09,1e-12,6,0.0001,1,new simulation,nan
5,11,-0.18439947525641381,-1.35,-0.5000000000000001,settled,0.7500000000000004,-0.4087989505128276,0.0,2,1,1,nan,0.04,0.4487989505128276,9.81,1,1,7,21,41,-3.0,3.0,0.01,30.0,60.0,1e-09,1e-12,6,0.0001,1,new simulation,nan
5,12,-0.18439947525641381,-1.2000000000000002,-0.5000000000000001,settled,0.7000000000000004,-0.4087989505128276,0.0,2,1,1,nan,0.04,0.4487989505128276,9.81,1,1,7,21,41,-3.0,3.0,0.01,30.0,60.0,1e-09,1e-12,6,0.0001,1,new simulation,nan
5,13,-0.18439947525641381,-1.05,-0.5000000000000001,settled,0.6700000000000004,-0.4087989505128276,0.0,2,1,1,nan,0.04,0.4487989505128276,9.81,1,1,7,21,41,-3.0,3.0,0.01,30.0,60.0,1e-09,1e-12,6,0.0001,1,new simulation,nan
5,14,-0.18439947525641381,-0.8999999999999999,-0.5000000000000001,settled,0.6500000000000004,-0.4087989505128276,0.0,2,1,1,nan,0.04,0.4487989505128276,9.81,1,1,7,21,41,-3.0,3.0,0.01,30.0,60.0,1e-09,1e-12,6,0.0001,1,new simulation,nan
5,15,-0.18439947525641381,-0.75,-0.5000000000000001,settled,0.6400000000000003,-0.4087989505128276,0.0,2,1,1,nan,0.04,0.4487989505128276,9.81,1,1,7,21,41,-3.0,3.0,0.01,30.0,60.0,1e-09,1e-12,6,0.0001,1,new simulation,nan
5,16,-0.18439947525641381,-0.6000000000000001,-0.5000000000000001,settled,0.6400000000000003,-0.4087989505128276,0.0,2,1,1,nan,0.04,0.4487989505128276,9.81,1,1,7,21,41,-3.0,3.0,0.01,30.0,60.0,1e-09,1e-12,6,0.0001,1,new simulation,nan
5,17,-0.18439947525641381,-0.4500000000000002,-0.5000000000000001,settled,0.6500000000000004,-0.4087989505128276,0.0,2,1,1,nan,0.04,0.4487989505128276,9.81,1,1,7,21,41,-3.0,3.0,0.01,30.0,60.0,1e-09,1e-12,6,0.0001,1,new simulation,nan
5,18,-0.18439947525641381,-0.30000000000000027,-0.5000000000000001,settled,0.6800000000000004,-0.4087989505128276,0.0,2,1,1,nan,0.04,0.4487989505128276,9.81,1,1,7,21,41,-3.0,3.0,0.01,30.0,60.0,1e-09,1e-12,6,0.0001,1,new simulation,nan
5,19,-0.18439947525641381,-0.1499999999999999,-0.5000000000000001,settled,0.7300000000000004,-0.4087989505128276,0.0,2,1,1,nan,0.04,0.4487989505128276,9.81,1,1,7,21,41,-3.0,3.0,0.01,30.0,60.0,1e-09,1e-12,6,0.0001,1,new simulation,nan
5,20,-0.18439947525641381,0.0,-0.5000000000000001,settled,0.8000000000000005,-0.4087989505128276,0.0,2,1,1,nan,0.04,0.4487989505128276,9.81,1,1,7,21,41,-3.0,3.0,0.01,30.0,60.0,1e-09,1e-12,6,0.0001,1,new simulation,nan
5,21,-0.18439947525641381,0.1499999999999999,-0.5000000000000001,settled,0.9000000000000006,-0.4087989505128276,0.0,2,1,1,nan,0.04,0.4487989505128276,9.81,1,1,7,21,41,-3.0,3.0,0.01,30.0,60.0,1e-09,1e-12,6,0.0001,1,new simulation,nan
5,22,-0.18439947525641381,0.2999999999999998,-0.5000000000000001,settled,1.0500000000000007,-0.4087989505128276,0.0,2,1,1,nan,0.04,0.4487989505128276,9.81,1,1,7,21,41,-3.0,3.0,0.01,30.0,60.0,1e-09,1e-12,6,0.0001,1,new simulation,nan
5,23,-0.18439947525641381,0.44999999999999973,-0.5000000000000001,settled,1.320000000000001,-0.4087989505128276,0.0,2,1,1,nan,0.04,0.4487989505128276,9.81,1,1,7,21,41,-3.0,3.0,0.01,30.0,60.0,1e-09,1e-12,6,0.0001,1,new simulation,nan
5,24,-0.18439947525641381,0.5999999999999996,-0.5000000000000001,settled,1.5700000000000012,-0.4087989505128276,0.0,1,1,0,nan,0.04,0.4487989505128276,9.81,1,1,7,21,41,-3.0,3.0,0.01,30.0,60.0,1e-09,1e-12,6,0.0001,1,new simulation,nan
5,25,-0.18439947525641381,0.75,-0.5000000000000001,settled,0.9300000000000006,-0.4087989505128276,0.0,1,1,0,nan,0.04,0.4487989505128276,9.81,1,1,7,21,41,-3.0,3.0,0.01,30.0,60.0,1e-09,1e-12,6,0.0001,1,new simulation,nan
5,26,-0.18439947525641381,0.8999999999999999,-0.5000000000000001,settled,0.7400000000000004,-0.4087989505128276,0.0,1,1,0,nan,0.04,0.4487989505128276,9.81,1,1,7,21,41,-3.0,3.0,0.01,30.0,60.0,1e-09,1e-12,6,0.0001,1,new simulation,nan
5,27,-0.18439947525641381,1.0499999999999998,-0.5000000000000001,settled,0.6300000000000003,-0.4087989505128276,0.0,1,1,0,nan,0.04,0.4487989505128276,9.81,1,1,7,21,41,-3.0,3.0,0.01,30.0,60.0,1e-09,1e-12,6,0.0001,1,new simulation,nan
5,28,-0.18439947525641381,1.2000000000000002,-0.5000000000000001,settled,0.5500000000000003,-0.4087989505128276,0.0,1,1,0,nan,0.04,0.4487989505128276,9.81,1,1,7,21,41,-3.0,3.0,0.01,30.0,60.0,1e-09,1e-12,6,0.0001,1,new simulation,nan
5,29,-0.18439947525641381,1.3499999999999996,-0.5000000000000001,settled,0.49000000000000027,-0.4087989505128276,0.0,1,1,0,nan,0.04,0.4487989505128276,9.81,1,1,7,21,41,-3.0,3.0,0.01,30.0,60.0,1e-09,1e-12,6,0.0001,1,new simulation,nan
5,30,-0.18439947525641381,1.5,-0.5000000000000001,settled,2.3199999999999945,-0.4087989505128276,0.0,2,2,0,nan,0.04,0.4487989505128276,9.81,1,1,7,21,41,-3.0,3.0,0.01,30.0,60.0,1e-09,1e-12,6,0.0001,1,new simulation,nan
5,31,-0.18439947525641381,1.6499999999999995,-0.5000000000000001,settled,1.5800000000000012,-0.4087989505128276,0.0,2,2,0,nan,0.04,0.4487989505128276,9.81,1,1,7,21,41,-3.0,3.0,0.01,30.0,60.0,1e-09,1e-12,6,0.0001,1,new simulation,nan
5,32,-0.18439947525641381,1.7999999999999998,-0.5000000000000001,settled,1.350000000000001,-0.4087989505128276,0.0,2,2,0,nan,0.04,0.4487989505128276,9.81,1,1,7,21,41,-3.0,3.0,0.01,30.0,60.0,1e-09,1e-12,6,0.0001,1,new simulation,nan
5,33,-0.18439947525641381,1.9500000000000002,-0.5000000000000001,settled,1.2000000000000008,-0.4087989505128276,0.0,2,2,0,nan,0.04,0.4487989505128276,9.81,1,1,7,21,41,-3.0,3.0,0.01,30.0,60.0,1e-09,1e-12,6,0.0001,1,new simulation,nan
5,34,-0.18439947525641381,2.0999999999999996,-0.5000000000000001,settled,1.0900000000000007,-0.4087989505128276,0.0,2,2,0,nan,0.04,0.4487989505128276,9.81,1,1,7,21,41,-3.0,3.0,0.01,30.0,60.0,1e-09,1e-12,6,0.0001,1,new simulation,nan
5,35,-0.18439947525641381,2.25,-0.5000000000000001,settled,1.0000000000000007,-0.4087989505128276,0.0,2,2,0,nan,0.04,0.4487989505128276,9.81,1,1,7,21,41,-3.0,3.0,0.01,30.0,60.0,1e-09,1e-12,6,0.0001,1,new simulation,nan
5,36,-0.18439947525641381,2.3999999999999995,-0.5000000000000001,settled,0.9300000000000006,-0.4087989505128276,0.0,2,2,0,nan,0.04,0.4487989505128276,9.81,1,1,7,21,41,-3.0,3.0,0.01,30.0,60.0,1e-09,1e-12,6,0.0001,1,new simulation,nan
5,37,-0.18439947525641381,2.55,-0.5000000000000001,settled,0.8700000000000006,-0.4087989505128276,0.0,2,2,0,nan,0.04,0.4487989505128276,9.81,1,1,7,21,41,-3.0,3.0,0.01,30.0,60.0,1e-09,1e-12,6,0.0001,1,new simulation,nan
5,38,-0.18439947525641381,2.7,-0.5000000000000001,settled,2.4599999999999915,-0.4087989505128276,0.0,3,3,0,nan,0.04,0.4487989505128276,9.81,1,1,7,21,41,-3.0,3.0,0.01,30.0,60.0,1e-09,1e-12,6,0.0001,1,new simulation,nan
5,39,-0.18439947525641381,2.8499999999999996,-0.5000000000000001,settled,2.0000000000000013,-0.4087989505128276,0.0,3,3,0,nan,0.04,0.4487989505128276,9.81,1,1,7,21,41,-3.0,3.0,0.01,30.0,60.0,1e-09,1e-12,6,0.0001,1,new simulation,nan
5,40,-0.18439947525641381,3.0,-0.5000000000000001,settled,1.7900000000000014,-0.4087989505128276,0.0,3,3,0,nan,0.04,0.4487989505128276,9.81,1,1,7,21,41,-3.0,3.0,0.01,30.0,60.0,1e-09,1e-12,6,0.0001,1,new simulation,nan
6,0,-0.13951958020513106,-3.0,-0.4000000000000001,settled,1.320000000000001,-0.4087989505128276,0.0,3,1,2,nan,0.04,0.4487989505128276,9.81,1,1,7,21,41,-3.0,3.0,0.01,30.0,60.0,1e-09,1e-12,6,0.0001,1,new simulation,nan
6,1,-0.13951958020513106,-2.85,-0.4000000000000001,settled,1.320000000000001,-0.4087989505128276,0.0,3,1,2,nan,0.04,0.4487989505128276,9.81,1,1,7,21,41,-3.0,3.0,0.01,30.0,60.0,1e-09,1e-12,6,0.0001,1,new simulation,nan
6,2,-0.13951958020513106,-2.7,-0.4000000000000001,settled,1.340000000000001,-0.4087989505128276,0.0,3,1,2,nan,0.04,0.4487989505128276,9.81,1,1,7,21,41,-3.0,3.0,0.01,30.0,60.0,1e-09,1e-12,6,0.0001,1,new simulation,nan
6,3,-0.13951958020513106,-2.55,-0.4000000000000001,settled,1.390000000000001,-0.4087989505128276,0.0,3,1,2,nan,0.04,0.4487989505128276,9.81,1,1,7,21,41,-3.0,3.0,0.01,30.0,60.0,1e-09,1e-12,6,0.0001,1,new simulation,nan
6,4,-0.13951958020513106,-2.4,-0.4000000000000001,settled,1.480000000000001,-0.4087989505128276,0.0,3,1,2,nan,0.04,0.4487989505128276,9.81,1,1,7,21,41,-3.0,3.0,0.01,30.0,60.0,1e-09,1e-12,6,0.0001,1,new simulation,nan
6,5,-0.13951958020513106,-2.25,-0.4000000000000001,settled,1.6800000000000013,-0.4087989505128276,0.0,3,1,2,nan,0.04,0.4487989505128276,9.81,1,1,7,21,41,-3.0,3.0,0.01,30.0,60.0,1e-09,1e-12,6,0.0001,1,new simulation,nan
6,6,-0.13951958020513106,-2.1,-0.4000000000000001,settled,1.9700000000000015,-0.4087989505128276,0.0,2,1,1,nan,0.04,0.4487989505128276,9.81,1,1,7,21,41,-3.0,3.0,0.01,30.0,60.0,1e-09,1e-12,6,0.0001,1,new simulation,nan
6,7,-0.13951958020513106,-1.95,-0.4000000000000001,settled,1.260000000000001,-0.4087989505128276,0.0,2,1,1,nan,0.04,0.4487989505128276,9.81,1,1,7,21,41,-3.0,3.0,0.01,30.0,60.0,1e-09,1e-12,6,0.0001,1,new simulation,nan
6,8,-0.13951958020513106,-1.8,-0.4000000000000001,settled,1.0600000000000007,-0.4087989505128276,0.0,2,1,1,nan,0.04,0.4487989505128276,9.81,1,1,7,21,41,-3.0,3.0,0.01,30.0,60.0,1e-09,1e-12,6,0.0001,1,new simulation,nan
6,9,-0.13951958020513106,-1.6500000000000001,-0.4000000000000001,settled,0.9400000000000006,-0.4087989505128276,0.0,2,1,1,nan,0.04,0.4487989505128276,9.81,1,1,7,21,41,-3.0,3.0,0.01,30.0,60.0,1e-09,1e-12,6,0.0001,1,new simulation,nan
6,10,-0.13951958020513106,-1.5,-0.4000000000000001,settled,0.8600000000000005,-0.4087989505128276,0.0,2,1,1,nan,0.04,0.4487989505128276,9.81,1,1,7,21,41,-3.0,3.0,0.01,30.0,60.0,1e-09,1e-12,6,0.0001,1,new simulation,nan
6,11,-0.13951958020513106,-1.35,-0.4000000000000001,settled,0.8000000000000005,-0.4087989505128276,0.0,2,1,1,nan,0.04,0.4487989505128276,9.81,1,1,7,21,41,-3.0,3.0,0.01,30.0,60.0,1e-09,1e-12,6,0.0001,1,new simulation,nan
6,12,-0.13951958020513106,-1.2000000000000002,-0.4000000000000001,settled,0.7600000000000005,-0.4087989505128276,0.0,2,1,1,nan,0.04,0.4487989505128276,9.81,1,1,7,21,41,-3.0,3.0,0.01,30.0,60.0,1e-09,1e-12,6,0.0001,1,new simulation,nan
6,13,-0.13951958020513106,-1.05,-0.4000000000000001,settled,0.7300000000000004,-0.4087989505128276,0.0,2,1,1,nan,0.04,0.4487989505128276,9.81,1,1,7,21,41,-3.0,3.0,0.01,30.0,60.0,1e-09,1e-12,6,0.0001,1,new simulation,nan
6,14,-0.13951958020513106,-0.8999999999999999,-0.4000000000000001,settled,0.7100000000000004,-0.4087989505128276,0.0,2,1,1,nan,0.04,0.4487989505128276,9.81,1,1,7,21,41,-3.0,3.0,0.01,30.0,60.0,1e-09,1e-12,6,0.0001,1,new simulation,nan
6,15,-0.13951958020513106,-0.75,-0.4000000000000001,settled,0.7000000000000004,-0.4087989505128276,0.0,2,1,1,nan,0.04,0.4487989505128276,9.81,1,1,7,21,41,-3.0,3.0,0.01,30.0,60.0,1e-09,1e-12,6,0.0001,1,new simulation,nan
6,16,-0.13951958020513106,-0.6000000000000001,-0.4000000000000001,settled,0.7100000000000004,-0.4087989505128276,0.0,2,1,1,nan,0.04,0.4487989505128276,9.81,1,1,7,21,41,-3.0,3.0,0.01,30.0,60.0,1e-09,1e-12,6,0.0001,1,new simulation,nan
6,17,-0.13951958020513106,-0.4500000000000002,-0.4000000000000001,settled,0.7300000000000004,-0.4087989505128276,0.0,2,1,1,nan,0.04,0.4487989505128276,9.81,1,1,7,21,41,-3.0,3.0,0.01,30.0,60.0,1e-09,1e-12,6,0.0001,1,new simulation,nan
6,18,-0.13951958020513106,-0.30000000000000027,-0.4000000000000001,settled,0.7600000000000005,-0.4087989505128276,0.0,2,1,1,nan,0.04,0.4487989505128276,9.81,1,1,7,21,41,-3.0,3.0,0.01,30.0,60.0,1e-09,1e-12,6,0.0001,1,new simulation,nan
6,19,-0.13951958020513106,-0.1499999999999999,-0.4000000000000001,settled,0.8200000000000005,-0.4087989505128276,0.0,2,1,1,nan,0.04,0.4487989505128276,9.81,1,1,7,21,41,-3.0,3.0,0.01,30.0,60.0,1e-09,1e-12,6,0.0001,1,new simulation,nan
6,20,-0.13951958020513106,0.0,-0.4000000000000001,settled,0.9100000000000006,-0.4087989505128276,0.0,2,1,1,nan,0.04,0.4487989505128276,9.81,1,1,7,21,41,-3.0,3.0,0.01,30.0,60.0,1e-09,1e-12,6,0.0001,1,new simulation,nan
6,21,-0.13951958020513106,0.1499999999999999,-0.4000000000000001,settled,1.0500000000000007,-0.4087989505128276,0.0,2,1,1,nan,0.04,0.4487989505128276,9.81,1,1,7,21,41,-3.0,3.0,0.01,30.0,60.0,1e-09,1e-12,6,0.0001,1,new simulation,nan
6,22,-0.13951958020513106,0.2999999999999998,-0.4000000000000001,settled,1.300000000000001,-0.4087989505128276,0.0,2,1,1,nan,0.04,0.4487989505128276,9.81,1,1,7,21,41,-3.0,3.0,0.01,30.0,60.0,1e-09,1e-12,6,0.0001,1,new simulation,nan
6,23,-0.13951958020513106,0.44999999999999973,-0.4000000000000001,settled,1.7400000000000013,-0.4087989505128276,0.0,1,1,0,nan,0.04,0.4487989505128276,9.81,1,1,7,21,41,-3.0,3.0,0.01,30.0,60.0,1e-09,1e-12,6,0.0001,1,new simulation,nan
6,24,-0.13951958020513106,0.5999999999999996,-0.4000000000000001,settled,0.9500000000000006,-0.4087989505128276,0.0,1,1,0,nan,0.04,0.4487989505128276,9.81,1,1,7,21,41,-3.0,3.0,0.01,30.0,60.0,1e-09,1e-12,6,0.0001,1,new simulation,nan
6,25,-0.13951958020513106,0.75,-0.4000000000000001,settled,0.7500000000000004,-0.4087989505128276,0.0,1,1,0,nan,0.04,0.4487989505128276,9.81,1,1,7,21,41,-3.0,3.0,0.01,30.0,60.0,1e-09,1e-12,6,0.0001,1,new simulation,nan
6,26,-0.13951958020513106,0.8999999999999999,-0.4000000000000001,settled,0.6300000000000003,-0.4087989505128276,0.0,1,1,0,nan,0.04,0.4487989505128276,9.81,1,1,7,21,41,-3.0,3.0,0.01,30.0,60.0,1e-09,1e-12,6,0.0001,1,new simulation,nan
6,27,-0.13951958020513106,1.0499999999999998,-0.4000000000000001,settled,0.5500000000000003,-0.4087989505128276,0.0,1,1,0,nan,0.04,0.4487989505128276,9.81,1,1,7,21,41,-3.0,3.0,0.01,30.0,60.0,1e-09,1e-12,6,0.0001,1,new simulation,nan
6,28,-0.13951958020513106,1.2000000000000002,-0.4000000000000001,settled,0.48000000000000026,-0.4087989505128276,0.0,1,1,0,nan,0.04,0.4487989505128276,9.81,1,1,7,21,41,-3.0,3.0,0.01,30.0,60.0,1e-09,1e-12,6,0.0001,1,new simulation,nan
6,29,-0.13951958020513106,1.3499999999999996,-0.4000000000000001,settled,0.4400000000000002,-0.4087989505128276,0.0,1,1,0,nan,0.04,0.4487989505128276,9.81,1,1,7,21,41,-3.0,3.0,0.01,30.0,60.0,1e-09,1e-12,6,0.0001,1,new simulation,nan
6,30,-0.13951958020513106,1.5,-0.4000000000000001,settled,1.8800000000000014,-0.4087989505128276,0.0,2,2,0,nan,0.04,0.4487989505128276,9.81,1,1,7,21,41,-3.0,3.0,0.01,30.0,60.0,1e-09,1e-12,6,0.0001,1,new simulation,nan
6,31,-0.13951958020513106,1.6499999999999995,-0.4000000000000001,settled,1.470000000000001,-0.4087989505128276,0.0,2,2,0,nan,0.04,0.4487989505128276,9.81,1,1,7,21,41,-3.0,3.0,0.01,30.0,60.0,1e-09,1e-12,6,0.0001,1,new simulation,nan
6,32,-0.13951958020513106,1.7999999999999998,-0.4000000000000001,settled,1.280000000000001,-0.4087989505128276,0.0,2,2,0,nan,0.04,0.4487989505128276,9.81,1,1,7,21,41,-3.0,3.0,0.01,30.0,60.0,1e-09,1e-12,6,0.0001,1,new simulation,nan
6,33,-0.13951958020513106,1.9500000000000002,-0.4000000000000001,settled,1.1400000000000008,-0.4087989505128276,0.0,2,2,0,nan,0.04,0.4487989505128276,9.81,1,1,7,21,41,-3.0,3.0,0.01,30.0,60.0,1e-09,1e-12,6,0.0001,1,new simulation,nan
6,34,-0.13951958020513106,2.0999999999999996,-0.4000000000000001,settled,1.0400000000000007,-0.4087989505128276,0.0,2,2,0,nan,0.04,0.4487989505128276,9.81,1,1,7,21,41,-3.0,3.0,0.01,30.0,60.0,1e-09,1e-12,6,0.0001,1,new simulation,nan
6,35,-0.13951958020513106,2.25,-0.4000000000000001,settled,0.9600000000000006,-0.4087989505128276,0.0,2,2,0,nan,0.04,0.4487989505128276,9.81,1,1,7,21,41,-3.0,3.0,0.01,30.0,60.0,1e-09,1e-12,6,0.0001,1,new simulation,nan
6,36,-0.13951958020513106,2.3999999999999995,-0.4000000000000001,settled,0.8900000000000006,-0.4087989505128276,0.0,2,2,0,nan,0.04,0.4487989505128276,9.81,1,1,7,21,41,-3.0,3.0,0.01,30.0,60.0,1e-09,1e-12,6,0.0001,1,new simulation,nan
6,37,-0.13951958020513106,2.55,-0.4000000000000001,settled,0.8400000000000005,-0.4087989505128276,0.0,2,2,0,nan,0.04,0.4487989505128276,9.81,1,1,7,21,41,-3.0,3.0,0.01,30.0,60.0,1e-09,1e-12,6,0.0001,1,new simulation,nan
6,38,-0.13951958020513106,2.7,-0.4000000000000001,settled,2.3099999999999947,-0.4087989505128276,0.0,3,3,0,nan,0.04,0.4487989505128276,9.81,1,1,7,21,41,-3.0,3.0,0.01,30.0,60.0,1e-09,1e-12,6,0.0001,1,new simulation,nan
6,39,-0.13951958020513106,2.8499999999999996,-0.4000000000000001,settled,1.9400000000000015,-0.4087989505128276,0.0,3,3,0,nan,0.04,0.4487989505128276,9.81,1,1,7,21,41,-3.0,3.0,0.01,30.0,60.0,1e-09,1e-12,6,0.0001,1,new simulation,nan
6,40,-0.13951958020513106,3.0,-0.4000000000000001,settled,1.7500000000000013,-0.4087989505128276,0.0,3,3,0,nan,0.04,0.4487989505128276,9.81,1,1,7,21,41,-3.0,3.0,0.01,30.0,60.0,1e-09,1e-12,6,0.0001,1,new simulation,nan
7,0,-0.0946396851538483,-3.0,-0.30000000000000004,settled,1.340000000000001,-0.4087989505128276,0.0,3,1,2,nan,0.04,0.4487989505128276,9.81,1,1,7,21,41,-3.0,3.0,0.01,30.0,60.0,1e-09,1e-12,6,0.0001,1,new simulation,nan
7,1,-0.0946396851538483,-2.85,-0.30000000000000004,settled,1.340000000000001,-0.4087989505128276,0.0,3,1,2,nan,0.04,0.4487989505128276,9.81,1,1,7,21,41,-3.0,3.0,0.01,30.0,60.0,1e-09,1e-12,6,0.0001,1,new simulation,nan
7,2,-0.0946396851538483,-2.7,-0.30000000000000004,settled,1.360000000000001,-0.4087989505128276,0.0,3,1,2,nan,0.04,0.4487989505128276,9.81,1,1,7,21,41,-3.0,3.0,0.01,30.0,60.0,1e-09,1e-12,6,0.0001,1,new simulation,nan
7,3,-0.0946396851538483,-2.55,-0.30000000000000004,settled,1.400000000000001,-0.4087989505128276,0.0,3,1,2,nan,0.04,0.4487989505128276,9.81,1,1,7,21,41,-3.0,3.0,0.01,30.0,60.0,1e-09,1e-12,6,0.0001,1,new simulation,nan
7,4,-0.0946396851538483,-2.4,-0.30000000000000004,settled,1.480000000000001,-0.4087989505128276,0.0,3,1,2,nan,0.04,0.4487989505128276,9.81,1,1,7,21,41,-3.0,3.0,0.01,30.0,60.0,1e-09,1e-12,6,0.0001,1,new simulation,nan
7,5,-0.0946396851538483,-2.25,-0.30000000000000004,settled,1.6600000000000013,-0.4087989505128276,0.0,3,1,2,nan,0.04,0.4487989505128276,9.81,1,1,7,21,41,-3.0,3.0,0.01,30.0,60.0,1e-09,1e-12,6,0.0001,1,new simulation,nan
7,6,-0.0946396851538483,-2.1,-0.30000000000000004,settled,2.619999999999988,-0.4087989505128276,0.0,3,1,2,nan,0.04,0.4487989505128276,9.81,1,1,7,21,41,-3.0,3.0,0.01,30.0,60.0,1e-09,1e-12,6,0.0001,1,new simulation,nan
7,7,-0.0946396851538483,-1.95,-0.30000000000000004,settled,1.330000000000001,-0.4087989505128276,0.0,2,1,1,nan,0.04,0.4487989505128276,9.81,1,1,7,21,41,-3.0,3.0,0.01,30.0,60.0,1e-09,1e-12,6,0.0001,1,new simulation,nan
7,8,-0.0946396851538483,-1.8,-0.30000000000000004,settled,1.1100000000000008,-0.4087989505128276,0.0,2,1,1,nan,0.04,0.4487989505128276,9.81,1,1,7,21,41,-3.0,3.0,0.01,30.0,60.0,1e-09,1e-12,6,0.0001,1,new simulation,nan
7,9,-0.0946396851538483,-1.6500000000000001,-0.30000000000000004,settled,0.9900000000000007,-0.4087989505128276,0.0,2,1,1,nan,0.04,0.4487989505128276,9.81,1,1,7,21,41,-3.0,3.0,0.01,30.0,60.0,1e-09,1e-12,6,0.0001,1,new simulation,nan
7,10,-0.0946396851538483,-1.5,-0.30000000000000004,settled,0.9000000000000006,-0.4087989505128276,0.0,2,1,1,nan,0.04,0.4487989505128276,9.81,1,1,7,21,41,-3.0,3.0,0.01,30.0,60.0,1e-09,1e-12,6,0.0001,1,new simulation,nan
7,11,-0.0946396851538483,-1.35,-0.30000000000000004,settled,0.8500000000000005,-0.4087989505128276,0.0,2,1,1,nan,0.04,0.4487989505128276,9.81,1,1,7,21,41,-3.0,3.0,0.01,30.0,60.0,1e-09,1e-12,6,0.0001,1,new simulation,nan
7,12,-0.0946396851538483,-1.2000000000000002,-0.30000000000000004,settled,0.8000000000000005,-0.4087989505128276,0.0,2,1,1,nan,0.04,0.4487989505128276,9.81,1,1,7,21,41,-3.0,3.0,0.01,30.0,60.0,1e-09,1e-12,6,0.0001,1,new simulation,nan
7,13,-0.0946396851538483,-1.05,-0.30000000000000004,settled,0.7800000000000005,-0.4087989505128276,0.0,2,1,1,nan,0.04,0.4487989505128276,9.81,1,1,7,21,41,-3.0,3.0,0.01,30.0,60.0,1e-09,1e-12,6,0.0001,1,new simulation,nan
7,14,-0.0946396851538483,-0.8999999999999999,-0.30000000000000004,settled,0.7600000000000005,-0.4087989505128276,0.0,2,1,1,nan,0.04,0.4487989505128276,9.81,1,1,7,21,41,-3.0,3.0,0.01,30.0,60.0,1e-09,1e-12,6,0.0001,1,new simulation,nan
7,15,-0.0946396851538483,-0.75,-0.30000000000000004,settled,0.7600000000000005,-0.4087989505128276,0.0,2,1,1,nan,0.04,0.4487989505128276,9.81,1,1,7,21,41,-3.0,3.0,0.01,30.0,60.0,1e-09,1e-12,6,0.0001,1,new simulation,nan
7,16,-0.0946396851538483,-0.6000000000000001,-0.30000000000000004,settled,0.7700000000000005,-0.4087989505128276,0.0,2,1,1,nan,0.04,0.4487989505128276,9.81,1,1,7,21,41,-3.0,3.0,0.01,30.0,60.0,1e-09,1e-12,6,0.0001,1,new simulation,nan
7,17,-0.0946396851538483,-0.4500000000000002,-0.30000000000000004,settled,0.8000000000000005,-0.4087989505128276,0.0,2,1,1,nan,0.04,0.4487989505128276,9.81,1,1,7,21,41,-3.0,3.0,0.01,30.0,60.0,1e-09,1e-12,6,0.0001,1,new simulation,nan
7,18,-0.0946396851538483,-0.30000000000000027,-0.30000000000000004,settled,0.8500000000000005,-0.4087989505128276,0.0,2,1,1,nan,0.04,0.4487989505128276,9.81,1,1,7,21,41,-3.0,3.0,0.01,30.0,60.0,1e-09,1e-12,6,0.0001,1,new simulation,nan
7,19,-0.0946396851538483,-0.1499999999999999,-0.30000000000000004,settled,0.9300000000000006,-0.4087989505128276,0.0,2,1,1,nan,0.04,0.4487989505128276,9.81,1,1,7,21,41,-3.0,3.0,0.01,30.0,60.0,1e-09,1e-12,6,0.0001,1,new simulation,nan
7,20,-0.0946396851538483,0.0,-0.30000000000000004,settled,1.0600000000000007,-0.4087989505128276,0.0,2,1,1,nan,0.04,0.4487989505128276,9.81,1,1,7,21,41,-3.0,3.0,0.01,30.0,60.0,1e-09,1e-12,6,0.0001,1,new simulation,nan
7,21,-0.0946396851538483,0.1499999999999999,-0.30000000000000004,settled,1.290000000000001,-0.4087989505128276,0.0,2,1,1,nan,0.04,0.4487989505128276,9.81,1,1,7,21,41,-3.0,3.0,0.01,30.0,60.0,1e-09,1e-12,6,0.0001,1,new simulation,nan
7,22,-0.0946396851538483,0.2999999999999998,-0.30000000000000004,settled,2.149999999999998,-0.4087989505128276,0.0,1,1,0,nan,0.04,0.4487989505128276,9.81,1,1,7,21,41,-3.0,3.0,0.01,30.0,60.0,1e-09,1e-12,6,0.0001,1,new simulation,nan
7,23,-0.0946396851538483,0.44999999999999973,-0.30000000000000004,settled,0.9700000000000006,-0.4087989505128276,0.0,1,1,0,nan,0.04,0.4487989505128276,9.81,1,1,7,21,41,-3.0,3.0,0.01,30.0,60.0,1e-09,1e-12,6,0.0001,1,new simulation,nan
7,24,-0.0946396851538483,0.5999999999999996,-0.30000000000000004,settled,0.7500000000000004,-0.4087989505128276,0.0,1,1,0,nan,0.04,0.4487989505128276,9.81,1,1,7,21,41,-3.0,3.0,0.01,30.0,60.0,1e-09,1e-12,6,0.0001,1,new simulation,nan
7,25,-0.0946396851538483,0.75,-0.30000000000000004,settled,0.6300000000000003,-0.4087989505128276,0.0,1,1,0,nan,0.04,0.4487989505128276,9.81,1,1,7,21,41,-3.0,3.0,0.01,30.0,60.0,1e-09,1e-12,6,0.0001,1,new simulation,nan
7,26,-0.0946396851538483,0.8999999999999999,-0.30000000000000004,settled,0.5500000000000003,-0.4087989505128276,0.0,1,1,0,nan,0.04,0.4487989505128276,9.81,1,1,7,21,41,-3.0,3.0,0.01,30.0,60.0,1e-09,1e-12,6,0.0001,1,new simulation,nan
7,27,-0.0946396851538483,1.0499999999999998,-0.30000000000000004,settled,0.48000000000000026,-0.4087989505128276,0.0,1,1,0,nan,0.04,0.4487989505128276,9.81,1,1,7,21,41,-3.0,3.0,0.01,30.0,60.0,1e-09,1e-12,6,0.0001,1,new simulation,nan
7,28,-0.0946396851538483,1.2000000000000002,-0.30000000000000004,settled,0.4300000000000002,-0.4087989505128276,0.0,1,1,0,nan,0.04,0.4487989505128276,9.81,1,1,7,21,41,-3.0,3.0,0.01,30.0,60.0,1e-09,1e-12,6,0.0001,1,new simulation,nan
7,29,-0.0946396851538483,1.3499999999999996,-0.30000000000000004,settled,0.3900000000000002,-0.4087989505128276,0.0,1,1,0,nan,0.04,0.4487989505128276,9.81,1,1,7,21,41,-3.0,3.0,0.01,30.0,60.0,1e-09,1e-12,6,0.0001,1,new simulation,nan
7,30,-0.0946396851538483,1.5,-0.30000000000000004,settled,1.7100000000000013,-0.4087989505128276,0.0,2,2,0,nan,0.04,0.4487989505128276,9.81,1,1,7,21,41,-3.0,3.0,0.01,30.0,60.0,1e-09,1e-12,6,0.0001,1,new simulation,nan
7,31,-0.0946396851538483,1.6499999999999995,-0.30000000000000004,settled,1.400000000000001,-0.4087989505128276,0.0,2,2,0,nan,0.04,0.4487989505128276,9.81,1,1,7,21,41,-3.0,3.0,0.01,30.0,60.0,1e-09,1e-12,6,0.0001,1,new simulation,nan
7,32,-0.0946396851538483,1.7999999999999998,-0.30000000000000004,settled,1.2200000000000009,-0.4087989505128276,0.0,2,2,0,nan,0.04,0.4487989505128276,9.81,1,1,7,21,41,-3.0,3.0,0.01,30.0,60.0,1e-09,1e-12,6,0.0001,1,new simulation,nan
7,33,-0.0946396851538483,1.9500000000000002,-0.30000000000000004,settled,1.1000000000000008,-0.4087989505128276,0.0,2,2,0,nan,0.04,0.4487989505128276,9.81,1,1,7,21,41,-3.0,3.0,0.01,30.0,60.0,1e-09,1e-12,6,0.0001,1,new simulation,nan
7,34,-0.0946396851538483,2.0999999999999996,-0.30000000000000004,settled,1.0100000000000007,-0.4087989505128276,0.0,2,2,0,nan,0.04,0.4487989505128276,9.81,1,1,7,21,41,-3.0,3.0,0.01,30.0,60.0,1e-09,1e-12,6,0.0001,1,new simulation,nan
7,35,-0.0946396851538483,2.25,-0.30000000000000004,settled,0.9300000000000006,-0.4087989505128276,0.0,2,2,0,nan,0.04,0.4487989505128276,9.81,1,1,7,21,41,-3.0,3.0,0.01,30.0,60.0,1e-09,1e-12,6,0.0001,1,new simulation,nan
7,36,-0.0946396851538483,2.3999999999999995,-0.30000000000000004,settled,0.8700000000000006,-0.4087989505128276,0.0,2,2,0,nan,0.04,0.4487989505128276,9.81,1,1,7,21,41,-3.0,3.0,0.01,30.0,60.0,1e-09,1e-12,6,0.0001,1,new simulation,nan
7,37,-0.0946396851538483,2.55,-0.30000000000000004,settled,0.8100000000000005,-0.4087989505128276,0.0,2,2,0,nan,0.04,0.4487989505128276,9.81,1,1,7,21,41,-3.0,3.0,0.01,30.0,60.0,1e-09,1e-12,6,0.0001,1,new simulation,nan
7,38,-0.0946396851538483,2.7,-0.30000000000000004,settled,2.2199999999999966,-0.4087989505128276,0.0,3,3,0,nan,0.04,0.4487989505128276,9.81,1,1,7,21,41,-3.0,3.0,0.01,30.0,60.0,1e-09,1e-12,6,0.0001,1,new simulation,nan
7,39,-0.0946396851538483,2.8499999999999996,-0.30000000000000004,settled,1.9000000000000015,-0.4087989505128276,0.0,3,3,0,nan,0.04,0.4487989505128276,9.81,1,1,7,21,41,-3.0,3.0,0.01,30.0,60.0,1e-09,1e-12,6,0.0001,1,new simulation,nan
7,40,-0.0946396851538483,3.0,-0.30000000000000004,settled,1.7100000000000013,-0.4087989505128276,0.0,3,3,0,nan,0.04,0.4487989505128276,9.81,1,1,7,21,41,-3.0,3.0,0.01,30.0,60.0,1e-09,1e-12,6,0.0001,1,new simulation,nan
8,0,-0.04975979010256554,-3.0,-0.20000000000000007,settled,1.350000000000001,-0.4087989505128276,0.0,3,1,2,nan,0.04,0.4487989505128276,9.81,1,1,7,21,41,-3.0,3.0,0.01,30.0,60.0,1e-09,1e-12,6,0.0001,1,new simulation,nan
8,1,-0.04975979010256554,-2.85,-0.20000000000000007,settled,1.350000000000001,-0.4087989505128276,0.0,3,1,2,nan,0.04,0.4487989505128276,9.81,1,1,7,21,41,-3.0,3.0,0.01,30.0,60.0,1e-09,1e-12,6,0.0001,1,new simulation,nan
8,2,-0.04975979010256554,-2.7,-0.20000000000000007,settled,1.370000000000001,-0.4087989505128276,0.0,3,1,2,nan,0.04,0.4487989505128276,9.81,1,1,7,21,41,-3.0,3.0,0.01,30.0,60.0,1e-09,1e-12,6,0.0001,1,new simulation,nan
8,3,-0.04975979010256554,-2.55,-0.20000000000000007,settled,1.410000000000001,-0.4087989505128276,0.0,3,1,2,nan,0.04,0.4487989505128276,9.81,1,1,7,21,41,-3.0,3.0,0.01,30.0,60.0,1e-09,1e-12,6,0.0001,1,new simulation,nan
8,4,-0.04975979010256554,-2.4,-0.20000000000000007,settled,1.490000000000001,-0.4087989505128276,0.0,3,1,2,nan,0.04,0.4487989505128276,9.81,1,1,7,21,41,-3.0,3.0,0.01,30.0,60.0,1e-09,1e-12,6,0.0001,1,new simulation,nan
8,5,-0.04975979010256554,-2.25,-0.20000000000000007,settled,1.6600000000000013,-0.4087989505128276,0.0,3,1,2,nan,0.04,0.4487989505128276,9.81,1,1,7,21,41,-3.0,3.0,0.01,30.0,60.0,1e-09,1e-12,6,0.0001,1,new simulation,nan
8,6,-0.04975979010256554,-2.1,-0.20000000000000007,settled,2.2799999999999954,-0.4087989505128276,0.0,3,1,2,nan,0.04,0.4487989505128276,9.81,1,1,7,21,41,-3.0,3.0,0.01,30.0,60.0,1e-09,1e-12,6,0.0001,1,new simulation,nan
8,7,-0.04975979010256554,-1.95,-0.20000000000000007,settled,1.390000000000001,-0.4087989505128276,0.0,2,1,1,nan,0.04,0.4487989505128276,9.81,1,1,7,21,41,-3.0,3.0,0.01,30.0,60.0,1e-09,1e-12,6,0.0001,1,new simulation,nan
8,8,-0.04975979010256554,-1.8,-0.20000000000000007,settled,1.1600000000000008,-0.4087989505128276,0.0,2,1,1,nan,0.04,0.4487989505128276,9.81,1,1,7,21,41,-3.0,3.0,0.01,30.0,60.0,1e-09,1e-12,6,0.0001,1,new simulation,nan
8,9,-0.04975979010256554,-1.6500000000000001,-0.20000000000000007,settled,1.0300000000000007,-0.4087989505128276,0.0,2,1,1,nan,0.04,0.4487989505128276,9.81,1,1,7,21,41,-3.0,3.0,0.01,30.0,60.0,1e-09,1e-12,6,0.0001,1,new simulation,nan
8,10,-0.04975979010256554,-1.5,-0.20000000000000007,settled,0.9400000000000006,-0.4087989505128276,0.0,2,1,1,nan,0.04,0.4487989505128276,9.81,1,1,7,21,41,-3.0,3.0,0.01,30.0,60.0,1e-09,1e-12,6,0.0001,1,new simulation,nan
8,11,-0.04975979010256554,-1.35,-0.20000000000000007,settled,0.8900000000000006,-0.4087989505128276,0.0,2,1,1,nan,0.04,0.4487989505128276,9.81,1,1,7,21,41,-3.0,3.0,0.01,30.0,60.0,1e-09,1e-12,6,0.0001,1,new simulation,nan
8,12,-0.04975979010256554,-1.2000000000000002,-0.20000000000000007,settled,0.8500000000000005,-0.4087989505128276,0.0,2,1,1,nan,0.04,0.4487989505128276,9.81,1,1,7,21,41,-3.0,3.0,0.01,30.0,60.0,1e-09,1e-12,6,0.0001,1,new simulation,nan
8,13,-0.04975979010256554,-1.05,-0.20000000000000007,settled,0.8200000000000005,-0.4087989505128276,0.0,2,1,1,nan,0.04,0.4487989505128276,9.81,1,1,7,21,41,-3.0,3.0,0.01,30.0,60.0,1e-09,1e-12,6,0.0001,1,new simulation,nan
8,14,-0.04975979010256554,-0.8999999999999999,-0.20000000000000007,settled,0.8100000000000005,-0.4087989505128276,0.0,2,1,1,nan,0.04,0.4487989505128276,9.81,1,1,7,21,41,-3.0,3.0,0.01,30.0,60.0,1e-09,1e-12,6,0.0001,1,new simulation,nan
8,15,-0.04975979010256554,-0.75,-0.20000000000000007,settled,0.8200000000000005,-0.4087989505128276,0.0,2,1,1,nan,0.04,0.4487989505128276,9.81,1,1,7,21,41,-3.0,3.0,0.01,30.0,60.0,1e-09,1e-12,6,0.0001,1,new simulation,nan
8,16,-0.04975979010256554,-0.6000000000000001,-0.20000000000000007,settled,0.8400000000000005,-0.4087989505128276,0.0,2,1,1,nan,0.04,0.4487989505128276,9.81,1,1,7,21,41,-3.0,3.0,0.01,30.0,60.0,1e-09,1e-12,6,0.0001,1,new simulation,nan
8,17,-0.04975979010256554,-0.4500000000000002,-0.20000000000000007,settled,0.8800000000000006,-0.4087989505128276,0.0,2,1,1,nan,0.04,0.4487989505128276,9.81,1,1,7,21,41,-3.0,3.0,0.01,30.0,60.0,1e-09,1e-12,6,0.0001,1,new simulation,nan
8,18,-0.04975979010256554,-0.30000000000000027,-0.20000000000000007,settled,0.9500000000000006,-0.4087989505128276,0.0,2,1,1,nan,0.04,0.4487989505128276,9.81,1,1,7,21,41,-3.0,3.0,0.01,30.0,60.0,1e-09,1e-12,6,0.0001,1,new simulation,nan
8,19,-0.04975979010256554,-0.1499999999999999,-0.20000000000000007,settled,1.0600000000000007,-0.4087989505128276,0.0,2,1,1,nan,0.04,0.4487989505128276,9.81,1,1,7,21,41,-3.0,3.0,0.01,30.0,60.0,1e-09,1e-12,6,0.0001,1,new simulation,nan
8,20,-0.04975979010256554,0.0,-0.20000000000000007,settled,1.280000000000001,-0.4087989505128276,0.0,2,1,1,nan,0.04,0.4487989505128276,9.81,1,1,7,21,41,-3.0,3.0,0.01,30.0,60.0,1e-09,1e-12,6,0.0001,1,new simulation,nan
8,21,-0.04975979010256554,0.1499999999999999,-0.20000000000000007,settled,2.3299999999999943,-0.4087989505128276,0.0,2,1,1,nan,0.04,0.4487989505128276,9.81,1,1,7,21,41,-3.0,3.0,0.01,30.0,60.0,1e-09,1e-12,6,0.0001,1,new simulation,nan
8,22,-0.04975979010256554,0.2999999999999998,-0.20000000000000007,settled,0.9800000000000006,-0.4087989505128276,0.0,1,1,0,nan,0.04,0.4487989505128276,9.81,1,1,7,21,41,-3.0,3.0,0.01,30.0,60.0,1e-09,1e-12,6,0.0001,1,new simulation,nan
8,23,-0.04975979010256554,0.44999999999999973,-0.20000000000000007,settled,0.7600000000000005,-0.4087989505128276,0.0,1,1,0,nan,0.04,0.4487989505128276,9.81,1,1,7,21,41,-3.0,3.0,0.01,30.0,60.0,1e-09,1e-12,6,0.0001,1,new simulation,nan
8,24,-0.04975979010256554,0.5999999999999996,-0.20000000000000007,settled,0.6300000000000003,-0.4087989505128276,0.0,1,1,0,nan,0.04,0.4487989505128276,9.81,1,1,7,21,41,-3.0,3.0,0.01,30.0,60.0,1e-09,1e-12,6,0.0001,1,new simulation,nan
8,25,-0.04975979010256554,0.75,-0.20000000000000007,settled,0.5500000000000003,-0.4087989505128276,0.0,1,1,0,nan,0.04,0.4487989505128276,9.81,1,1,7,21,41,-3.0,3.0,0.01,30.0,60.0,1e-09,1e-12,6,0.0001,1,new simulation,nan
8,26,-0.04975979010256554,0.8999999999999999,-0.20000000000000007,settled,0.48000000000000026,-0.4087989505128276,0.0,1,1,0,nan,0.04,0.4487989505128276,9.81,1,1,7,21,41,-3.0,3.0,0.01,30.0,60.0,1e-09,1e-12,6,0.0001,1,new simulation,nan
8,27,-0.04975979010256554,1.0499999999999998,-0.20000000000000007,settled,0.4300000000000002,-0.4087989505128276,0.0,1,1,0,nan,0.04,0.4487989505128276,9.81,1,1,7,21,41,-3.0,3.0,0.01,30.0,60.0,1e-09,1e-12,6,0.0001,1,new simulation,nan
8,28,-0.04975979010256554,1.2000000000000002,-0.20000000000000007,settled,0.3900000000000002,-0.4087989505128276,0.0,1,1,0,nan,0.04,0.4487989505128276,9.81,1,1,7,21,41,-3.0,3.0,0.01,30.0,60.0,1e-09,1e-12,6,0.0001,1,new simulation,nan
8,29,-0.04975979010256554,1.3499999999999996,-0.20000000000000007,settled,0.35000000000000014,-0.4087989505128276,0.0,1,1,0,nan,0.04,0.4487989505128276,9.81,1,1,7,21,41,-3.0,3.0,0.01,30.0,60.0,1e-09,1e-12,6,0.0001,1,new simulation,nan
8,30,-0.04975979010256554,1.5,-0.20000000000000007,settled,1.6200000000000012,-0.4087989505128276,0.0,2,2,0,nan,0.04,0.4487989505128276,9.81,1,1,7,21,41,-3.0,3.0,0.01,30.0,60.0,1e-09,1e-12,6,0.0001,1,new simulation,nan
8,31,-0.04975979010256554,1.6499999999999995,-0.20000000000000007,settled,1.340000000000001,-0.4087989505128276,0.0,2,2,0,nan,0.04,0.4487989505128276,9.81,1,1,7,21,41,-3.0,3.0,0.01,30.0,60.0,1e-09,1e-12,6,0.0001,1,new simulation,nan
8,32,-0.04975979010256554,1.7999999999999998,-0.20000000000000007,settled,1.1800000000000008,-0.4087989505128276,0.0,2,2,0,nan,0.04,0.4487989505128276,9.81,1,1,7,21,41,-3.0,3.0,0.01,30.0,60.0,1e-09,1e-12,6,0.0001,1,new simulation,nan
8,33,-0.04975979010256554,1.9500000000000002,-0.20000000000000007,settled,1.0700000000000007,-0.4087989505128276,0.0,2,2,0,nan,0.04,0.4487989505128276,9.81,1,1,7,21,41,-3.0,3.0,0.01,30.0,60.0,1e-09,1e-12,6,0.0001,1,new simulation,nan
8,34,-0.04975979010256554,2.0999999999999996,-0.20000000000000007,settled,0.9800000000000006,-0.4087989505128276,0.0,2,2,0,nan,0.04,0.4487989505128276,9.81,1,1,7,21,41,-3.0,3.0,0.01,30.0,60.0,1e-09,1e-12,6,0.0001,1,new simulation,nan
8,35,-0.04975979010256554,2.25,-0.20000000000000007,settled,0.9100000000000006,-0.4087989505128276,0.0,2,2,0,nan,0.04,0.4487989505128276,9.81,1,1,7,21,41,-3.0,3.0,0.01,30.0,60.0,1e-09,1e-12,6,0.0001,1,new simulation,nan
8,36,-0.04975979010256554,2.3999999999999995,-0.20000000000000007,settled,0.8400000000000005,-0.4087989505128276,0.0,2,2,0,nan,0.04,0.4487989505128276,9.81,1,1,7,21,41,-3.0,3.0,0.01,30.0,60.0,1e-09,1e-12,6,0.0001,1,new simulation,nan
8,37,-0.04975979010256554,2.55,-0.20000000000000007,settled,0.7900000000000005,-0.4087989505128276,0.0,2,2,0,nan,0.04,0.4487989505128276,9.81,1,1,7,21,41,-3.0,3.0,0.01,30.0,60.0,1e-09,1e-12,6,0.0001,1,new simulation,nan
8,38,-0.04975979010256554,2.7,-0.20000000000000007,settled,2.1699999999999977,-0.4087989505128276,0.0,3,3,0,nan,0.04,0.4487989505128276,9.81,1,1,7,21,41,-3.0,3.0,0.01,30.0,60.0,1e-09,1e-12,6,0.0001,1,new simulation,nan
8,39,-0.04975979010256554,2.8499999999999996,-0.20000000000000007,settled,1.8700000000000014,-0.4087989505128276,0.0,3,3,0,nan,0.04,0.4487989505128276,9.81,1,1,7,21,41,-3.0,3.0,0.01,30.0,60.0,1e-09,1e-12,6,0.0001,1,new simulation,nan
8,40,-0.04975979010256554,3.0,-0.20000000000000007,settled,1.6900000000000013,-0.4087989505128276,0.0,3,3,0,nan,0.04,0.4487989505128276,9.81,1,1,7,21,41,-3.0,3.0,0.01,30.0,60.0,1e-09,1e-12,6,0.0001,1,new simulation,nan
9,0,-0.004879895051282779,-3.0,-0.10000000000000005,settled,1.370000000000001,-0.4087989505128276,0.0,3,1,2,nan,0.04,0.4487989505128276,9.81,1,1,7,21,41,-3.0,3.0,0.01,30.0,60.0,1e-09,1e-12,6,0.0001,1,new simulation,nan
9,1,-0.004879895051282779,-2.85,-0.10000000000000005,settled,1.370000000000001,-0.4087989505128276,0.0,3,1,2,nan,0.04,0.4487989505128276,9.81,1,1,7,21,41,-3.0,3.0,0.01,30.0,60.0,1e-09,1e-12,6,0.0001,1,new simulation,nan
9,2,-0.004879895051282779,-2.7,-0.10000000000000005,settled,1.390000000000001,-0.4087989505128276,0.0,3,1,2,nan,0.04,0.4487989505128276,9.81,1,1,7,21,41,-3.0,3.0,0.01,30.0,60.0,1e-09,1e-12,6,0.0001,1,new simulation,nan
9,3,-0.004879895051282779,-2.55,-0.10000000000000005,settled,1.430000000000001,-0.4087989505128276,0.0,3,1,2,nan,0.04,0.4487989505128276,9.81,1,1,7,21,41,-3.0,3.0,0.01,30.0,60.0,1e-09,1e-12,6,0.0001,1,new simulation,nan
9,4,-0.004879895051282779,-2.4,-0.10000000000000005,settled,1.5100000000000011,-0.4087989505128276,0.0,3,1,2,nan,0.04,0.4487989505128276,9.81,1,1,7,21,41,-3.0,3.0,0.01,30.0,60.0,1e-09,1e-12,6,0.0001,1,new simulation,nan
9,5,-0.004879895051282779,-2.25,-0.10000000000000005,settled,1.6700000000000013,-0.4087989505128276,0.0,3,1,2,nan,0.04,0.4487989505128276,9.81,1,1,7,21,41,-3.0,3.0,0.01,30.0,60.0,1e-09,1e-12,6,0.0001,1,new simulation,nan
9,6,-0.004879895051282779,-2.1,-0.10000000000000005,settled,2.2299999999999964,-0.4087989505128276,0.0,3,1,2,nan,0.04,0.4487989505128276,9.81,1,1,7,21,41,-3.0,3.0,0.01,30.0,60.0,1e-09,1e-12,6,0.0001,1,new simulation,nan
9,7,-0.004879895051282779,-1.95,-0.10000000000000005,settled,1.430000000000001,-0.4087989505128276,0.0,2,1,1,nan,0.04,0.4487989505128276,9.81,1,1,7,21,41,-3.0,3.0,0.01,30.0,60.0,1e-09,1e-12,6,0.0001,1,new simulation,nan
9,8,-0.004879895051282779,-1.8,-0.10000000000000005,settled,1.1900000000000008,-0.4087989505128276,0.0,2,1,1,nan,0.04,0.4487989505128276,9.81,1,1,7,21,41,-3.0,3.0,0.01,30.0,60.0,1e-09,1e-12,6,0.0001,1,new simulation,nan
9,9,-0.004879895051282779,-1.6500000000000001,-0.10000000000000005,settled,1.0600000000000007,-0.4087989505128276,0.0,2,1,1,nan,0.04,0.4487989505128276,9.81,1,1,7,21,41,-3.0,3.0,0.01,30.0,60.0,1e-09,1e-12,6,0.0001,1,new simulation,nan
9,10,-0.004879895051282779,-1.5,-0.10000000000000005,settled,0.9800000000000006,-0.4087989505128276,0.0,2,1,1,nan,0.04,0.4487989505128276,9.81,1,1,7,21,41,-3.0,3.0,0.01,30.0,60.0,1e-09,1e-12,6,0.0001,1,new simulation,nan
9,11,-0.004879895051282779,-1.35,-0.10000000000000005,settled,0.9200000000000006,-0.4087989505128276,0.0,2,1,1,nan,0.04,0.4487989505128276,9.81,1,1,7,21,41,-3.0,3.0,0.01,30.0,60.0,1e-09,1e-12,6,0.0001,1,new simulation,nan
9,12,-0.004879895051282779,-1.2000000000000002,-0.10000000000000005,settled,0.8900000000000006,-0.4087989505128276,0.0,2,1,1,nan,0.04,0.4487989505128276,9.81,1,1,7,21,41,-3.0,3.0,0.01,30.0,60.0,1e-09,1e-12,6,0.0001,1,new simulation,nan
9,13,-0.004879895051282779,-1.05,-0.10000000000000005,settled,0.8700000000000006,-0.4087989505128276,0.0,2,1,1,nan,0.04,0.4487989505128276,9.81,1,1,7,21,41,-3.0,3.0,0.01,30.0,60.0,1e-09,1e-12,6,0.0001,1,new simulation,nan
9,14,-0.004879895051282779,-0.8999999999999999,-0.10000000000000005,settled,0.8600000000000005,-0.4087989505128276,0.0,2,1,1,nan,0.04,0.4487989505128276,9.81,1,1,7,21,41,-3.0,3.0,0.01,30.0,60.0,1e-09,1e-12,6,0.0001,1,new simulation,nan
9,15,-0.004879895051282779,-0.75,-0.10000000000000005,settled,0.8800000000000006,-0.4087989505128276,0.0,2,1,1,nan,0.04,0.4487989505128276,9.81,1,1,7,21,41,-3.0,3.0,0.01,30.0,60.0,1e-09,1e-12,6,0.0001,1,new simulation,nan
9,16,-0.004879895051282779,-0.6000000000000001,-0.10000000000000005,settled,0.9100000000000006,-0.4087989505128276,0.0,2,1,1,nan,0.04,0.4487989505128276,9.81,1,1,7,21,41,-3.0,3.0,0.01,30.0,60.0,1e-09,1e-12,6,0.0001,1,new simulation,nan
9,17,-0.004879895051282779,-0.4500000000000002,-0.10000000000000005,settled,0.9700000000000006,-0.4087989505128276,0.0,2,1,1,nan,0.04,0.4487989505128276,9.81,1,1,7,21,41,-3.0,3.0,0.01,30.0,60.0,1e-09,1e-12,6,0.0001,1,new simulation,nan
9,18,-0.004879895051282779,-0.30000000000000027,-0.10000000000000005,settled,1.0700000000000007,-0.4087989505128276,0.0,2,1,1,nan,0.04,0.4487989505128276,9.81,1,1,7,21,41,-3.0,3.0,0.01,30.0,60.0,1e-09,1e-12,6,0.0001,1,new simulation,nan
9,19,-0.004879895051282779,-0.1499999999999999,-0.10000000000000005,settled,1.270000000000001,-0.4087989505128276,0.0,2,1,1,nan,0.04,0.4487989505128276,9.81,1,1,7,21,41,-3.0,3.0,0.01,30.0,60.0,1e-09,1e-12,6,0.0001,1,new simulation,nan
9,20,-0.004879895051282779,0.0,-0.10000000000000005,settled,2.020000000000001,-0.4087989505128276,0.0,2,1,1,nan,0.04,0.4487989505128276,9.81,1,1,7,21,41,-3.0,3.0,0.01,30.0,60.0,1e-09,1e-12,6,0.0001,1,new simulation,nan
9,21,-0.004879895051282779,0.1499999999999999,-0.10000000000000005,settled,1.0000000000000007,-0.4087989505128276,0.0,1,1,0,nan,0.04,0.4487989505128276,9.81,1,1,7,21,41,-3.0,3.0,0.01,30.0,60.0,1e-09,1e-12,6,0.0001,1,new simulation,nan
9,22,-0.004879895051282779,0.2999999999999998,-0.10000000000000005,settled,0.7700000000000005,-0.4087989505128276,0.0,1,1,0,nan,0.04,0.4487989505128276,9.81,1,1,7,21,41,-3.0,3.0,0.01,30.0,60.0,1e-09,1e-12,6,0.0001,1,new simulation,nan
9,23,-0.004879895051282779,0.44999999999999973,-0.10000000000000005,settled,0.6400000000000003,-0.4087989505128276,0.0,1,1,0,nan,0.04,0.4487989505128276,9.81,1,1,7,21,41,-3.0,3.0,0.01,30.0,60.0,1e-09,1e-12,6,0.0001,1,new simulation,nan
9,24,-0.004879895051282779,0.5999999999999996,-0.10000000000000005,settled,0.5500000000000003,-0.4087989505128276,0.0,1,1,0,nan,0.04,0.4487989505128276,9.81,1,1,7,21,41,-3.0,3.0,0.01,30.0,60.0,1e-09,1e-12,6,0.0001,1,new simulation,nan
9,25,-0.004879895051282779,0.75,-0.10000000000000005,settled,0.48000000000000026,-0.4087989505128276,0.0,1,1,0,nan,0.04,0.4487989505128276,9.81,1,1,7,21,41,-3.0,3.0,0.01,30.0,60.0,1e-09,1e-12,6,0.0001,1,new simulation,nan
9,26,-0.004879895051282779,0.8999999999999999,-0.10000000000000005,settled,0.4300000000000002,-0.4087989505128276,0.0,1,1,0,nan,0.04,0.4487989505128276,9.81,1,1,7,21,41,-3.0,3.0,0.01,30.0,60.0,1e-09,1e-12,6,0.0001,1,new simulation,nan
9,27,-0.004879895051282779,1.0499999999999998,-0.10000000000000005,settled,0.38000000000000017,-0.4087989505128276,0.0,1,1,0,nan,0.04,0.4487989505128276,9.81,1,1,7,21,41,-3.0,3.0,0.01,30.0,60.0,1e-09,1e-12,6,0.0001,1,new simulation,nan
9,28,-0.004879895051282779,1.2000000000000002,-0.10000000000000005,settled,0.35000000000000014,-0.4087989505128276,0.0,1,1,0,nan,0.04,0.4487989505128276,9.81,1,1,7,21,41,-3.0,3.0,0.01,30.0,60.0,1e-09,1e-12,6,0.0001,1,new simulation,nan
9,29,-0.004879895051282779,1.3499999999999996,-0.10000000000000005,settled,0.3200000000000001,-0.4087989505128276,0.0,1,1,0,nan,0.04,0.4487989505128276,9.81,1,1,7,21,41,-3.0,3.0,0.01,30.0,60.0,1e-09,1e-12,6,0.0001,1,new simulation,nan
9,30,-0.004879895051282779,1.5,-0.10000000000000005,settled,1.5700000000000012,-0.4087989505128276,0.0,2,2,0,nan,0.04,0.4487989505128276,9.81,1,1,7,21,41,-3.0,3.0,0.01,30.0,60.0,1e-09,1e-12,6,0.0001,1,new simulation,nan
9,31,-0.004879895051282779,1.6499999999999995,-0.10000000000000005,settled,1.310000000000001,-0.4087989505128276,0.0,2,2,0,nan,0.04,0.4487989505128276,9.81,1,1,7,21,41,-3.0,3.0,0.01,30.0,60.0,1e-09,1e-12,6,0.0001,1,new simulation,nan
9,32,-0.004879895051282779,1.7999999999999998,-0.10000000000000005,settled,1.1500000000000008,-0.4087989505128276,0.0,2,2,0,nan,0.04,0.4487989505128276,9.81,1,1,7,21,41,-3.0,3.0,0.01,30.0,60.0,1e-09,1e-12,6,0.0001,1,new simulation,nan
9,33,-0.004879895051282779,1.9500000000000002,-0.10000000000000005,settled,1.0400000000000007,-0.4087989505128276,0.0,2,2,0,nan,0.04,0.4487989505128276,9.81,1,1,7,21,41,-3.0,3.0,0.01,30.0,60.0,1e-09,1e-12,6,0.0001,1,new simulation,nan
9,34,-0.004879895051282779,2.0999999999999996,-0.10000000000000005,settled,0.9500000000000006,-0.4087989505128276,0.0,2,2,0,nan,0.04,0.4487989505128276,9.81,1,1,7,21,41,-3.0,3.0,0.01,30.0,60.0,1e-09,1e-12,6,0.0001,1,new simulation,nan
9,35,-0.004879895051282779,2.25,-0.10000000000000005,settled,0.8800000000000006,-0.4087989505128276,0.0,2,2,0,nan,0.04,0.4487989505128276,9.81,1,1,7,21,41,-3.0,3.0,0.01,30.0,60.0,1e-09,1e-12,6,0.0001,1,new simulation,nan
9,36,-0.004879895051282779,2.3999999999999995,-0.10000000000000005,settled,0.8200000000000005,-0.4087989505128276,0.0,2,2,0,nan,0.04,0.4487989505128276,9.81,1,1,7,21,41,-3.0,3.0,0.01,30.0,60.0,1e-09,1e-12,6,0.0001,1,new simulation,nan
9,37,-0.004879895051282779,2.55,-0.10000000000000005,settled,0.7700000000000005,-0.4087989505128276,0.0,2,2,0,nan,0.04,0.4487989505128276,9.81,1,1,7,21,41,-3.0,3.0,0.01,30.0,60.0,1e-09,1e-12,6,0.0001,1,new simulation,nan
9,38,-0.004879895051282779,2.7,-0.10000000000000005,settled,2.1399999999999983,-0.4087989505128276,0.0,3,3,0,nan,0.04,0.4487989505128276,9.81,1,1,7,21,41,-3.0,3.0,0.01,30.0,60.0,1e-09,1e-12,6,0.0001,1,new simulation,nan
9,39,-0.004879895051282779,2.8499999999999996,-0.10000000000000005,settled,1.8400000000000014,-0.4087989505128276,0.0,3,3,0,nan,0.04,0.4487989505128276,9.81,1,1,7,21,41,-3.0,3.0,0.01,30.0,60.0,1e-09,1e-12,6,0.0001,1,new simulation,nan
9,40,-0.004879895051282779,3.0,-0.10000000000000005,settled,1.6700000000000013,-0.4087989505128276,0.0,3,3,0,nan,0.04,0.4487989505128276,9.81,1,1,7,21,41,-3.0,3.0,0.01,30.0,60.0,1e-09,1e-12,6,0.0001,1,new simulation,nan
10,0,0.03999999999999998,-3.0,-4.638308910467629e-17,settled,1.380000000000001,-0.4087989505128276,0.0,3,1,2,nan,0.04,0.4487989505128276,9.81,1,1,7,21,41,-3.0,3.0,0.01,30.0,60.0,1e-09,1e-12,6,0.0001,1,new simulation,nan
10,1,0.03999999999999998,-2.85,-4.638308910467629e-17,settled,1.380000000000001,-0.4087989505128276,0.0,3,1,2,nan,0.04,0.4487989505128276,9.81,1,1,7,21,41,-3.0,3.0,0.01,30.0,60.0,1e-09,1e-12,6,0.0001,1,new simulation,nan
10,2,0.03999999999999998,-2.7,-4.638308910467629e-17,settled,1.400000000000001,-0.4087989505128276,0.0,3,1,2,nan,0.04,0.4487989505128276,9.81,1,1,7,21,41,-3.0,3.0,0.01,30.0,60.0,1e-09,1e-12,6,0.0001,1,new simulation,nan
10,3,0.03999999999999998,-2.55,-4.638308910467629e-17,settled,1.450000000000001,-0.4087989505128276,0.0,3,1,2,nan,0.04,0.4487989505128276,9.81,1,1,7,21,41,-3.0,3.0,0.01,30.0,60.0,1e-09,1e-12,6,0.0001,1,new simulation,nan
10,4,0.03999999999999998,-2.4,-4.638308910467629e-17,settled,1.5300000000000011,-0.4087989505128276,0.0,3,1,2,nan,0.04,0.4487989505128276,9.81,1,1,7,21,41,-3.0,3.0,0.01,30.0,60.0,1e-09,1e-12,6,0.0001,1,new simulation,nan
10,5,0.03999999999999998,-2.25,-4.638308910467629e-17,settled,1.6900000000000013,-0.4087989505128276,0.0,3,1,2,nan,0.04,0.4487989505128276,9.81,1,1,7,21,41,-3.0,3.0,0.01,30.0,60.0,1e-09,1e-12,6,0.0001,1,new simulation,nan
10,6,0.03999999999999998,-2.1,-4.638308910467629e-17,settled,2.289999999999995,-0.4087989505128276,0.0,3,1,2,nan,0.04,0.4487989505128276,9.81,1,1,7,21,41,-3.0,3.0,0.01,30.0,60.0,1e-09,1e-12,6,0.0001,1,new simulation,nan
10,7,0.03999999999999998,-1.95,-4.638308910467629e-17,settled,1.450000000000001,-0.4087989505128276,0.0,2,1,1,nan,0.04,0.4487989505128276,9.81,1,1,7,21,41,-3.0,3.0,0.01,30.0,60.0,1e-09,1e-12,6,0.0001,1,new simulation,nan
10,8,0.03999999999999998,-1.8,-4.638308910467629e-17,settled,1.2100000000000009,-0.4087989505128276,0.0,2,1,1,nan,0.04,0.4487989505128276,9.81,1,1,7,21,41,-3.0,3.0,0.01,30.0,60.0,1e-09,1e-12,6,0.0001,1,new simulation,nan
10,9,0.03999999999999998,-1.6500000000000001,-4.638308910467629e-17,settled,1.0800000000000007,-0.4087989505128276,0.0,2,1,1,nan,0.04,0.4487989505128276,9.81,1,1,7,21,41,-3.0,3.0,0.01,30.0,60.0,1e-09,1e-12,6,0.0001,1,new simulation,nan
10,10,0.03999999999999998,-1.5,-4.638308910467629e-17,settled,1.0100000000000007,-0.4087989505128276,0.0,2,1,1,nan,0.04,0.4487989505128276,9.81,1,1,7,21,41,-3.0,3.0,0.01,30.0,60.0,1e-09,1e-12,6,0.0001,1,new simulation,nan
10,11,0.03999999999999998,-1.35,-4.638308910467629e-17,settled,0.9500000000000006,-0.4087989505128276,0.0,2,1,1,nan,0.04,0.4487989505128276,9.81,1,1,7,21,41,-3.0,3.0,0.01,30.0,60.0,1e-09,1e-12,6,0.0001,1,new simulation,nan
10,12,0.03999999999999998,-1.2000000000000002,-4.638308910467629e-17,settled,0.9200000000000006,-0.4087989505128276,0.0,2,1,1,nan,0.04,0.4487989505128276,9.81,1,1,7,21,41,-3.0,3.0,0.01,30.0,60.0,1e-09,1e-12,6,0.0001,1,new simulation,nan
10,13,0.03999999999999998,-1.05,-4.638308910467629e-17,settled,0.9100000000000006,-0.4087989505128276,0.0,2,1,1,nan,0.04,0.4487989505128276,9.81,1,1,7,21,41,-3.0,3.0,0.01,30.0,60.0,1e-09,1e-12,6,0.0001,1,new simulation,nan
10,14,0.03999999999999998,-0.8999999999999999,-4.638308910467629e-17,settled,0.9100000000000006,-0.4087989505128276,0.0,2,1,1,nan,0.04,0.4487989505128276,9.81,1,1,7,21,41,-3.0,3.0,0.01,30.0,60.0,1e-09,1e-12,6,0.0001,1,new simulation,nan
10,15,0.03999999999999998,-0.75,-4.638308910467629e-17,settled,0.9400000000000006,-0.4087989505128276,0.0,2,1,1,nan,0.04,0.4487989505128276,9.81,1,1,7,21,41,-3.0,3.0,0.01,30.0,60.0,1e-09,1e-12,6,0.0001,1,new simulation,nan
10,16,0.03999999999999998,-0.6000000000000001,-4.638308910467629e-17,settled,0.9900000000000007,-0.4087989505128276,0.0,2,1,1,nan,0.04,0.4487989505128276,9.81,1,1,7,21,41,-3.0,3.0,0.01,30.0,60.0,1e-09,1e-12,6,0.0001,1,new simulation,nan
10,17,0.03999999999999998,-0.4500000000000002,-4.638308910467629e-17,settled,1.0800000000000007,-0.4087989505128276,0.0,2,1,1,nan,0.04,0.4487989505128276,9.81,1,1,7,21,41,-3.0,3.0,0.01,30.0,60.0,1e-09,1e-12,6,0.0001,1,new simulation,nan
10,18,0.03999999999999998,-0.30000000000000027,-4.638308910467629e-17,settled,1.260000000000001,-0.4087989505128276,0.0,2,1,1,nan,0.04,0.4487989505128276,9.81,1,1,7,21,41,-3.0,3.0,0.01,30.0,60.0,1e-09,1e-12,6,0.0001,1,new simulation,nan
10,19,0.03999999999999998,-0.1499999999999999,-4.638308910467629e-17,settled,1.8700000000000014,-0.4087989505128276,0.0,2,1,1,nan,0.04,0.4487989505128276,9.81,1,1,7,21,41,-3.0,3.0,0.01,30.0,60.0,1e-09,1e-12,6,0.0001,1,new simulation,nan
10,20,0.03999999999999998,0.0,-4.638308910467629e-17,settled,1.0300000000000007,-0.4087989505128276,0.0,1,1,0,nan,0.04,0.4487989505128276,9.81,1,1,7,21,41,-3.0,3.0,0.01,30.0,60.0,1e-09,1e-12,6,0.0001,1,new simulation,nan
10,21,0.03999999999999998,0.1499999999999999,-4.638308910467629e-17,settled,0.7800000000000005,-0.4087989505128276,0.0,1,1,0,nan,0.04,0.4487989505128276,9.81,1,1,7,21,41,-3.0,3.0,0.01,30.0,60.0,1e-09,1e-12,6,0.0001,1,new simulation,nan
10,22,0.03999999999999998,0.2999999999999998,-4.638308910467629e-17,settled,0.6400000000000003,-0.4087989505128276,0.0,1,1,0,nan,0.04,0.4487989505128276,9.81,1,1,7,21,41,-3.0,3.0,0.01,30.0,60.0,1e-09,1e-12,6,0.0001,1,new simulation,nan
10,23,0.03999999999999998,0.44999999999999973,-4.638308910467629e-17,settled,0.5500000000000003,-0.4087989505128276,0.0,1,1,0,nan,0.04,0.4487989505128276,9.81,1,1,7,21,41,-3.0,3.0,0.01,30.0,60.0,1e-09,1e-12,6,0.0001,1,new simulation,nan
10,24,0.03999999999999998,0.5999999999999996,-4.638308910467629e-17,settled,0.48000000000000026,-0.4087989505128276,0.0,1,1,0,nan,0.04,0.4487989505128276,9.81,1,1,7,21,41,-3.0,3.0,0.01,30.0,60.0,1e-09,1e-12,6,0.0001,1,new simulation,nan
10,25,0.03999999999999998,0.75,-4.638308910467629e-17,settled,0.4200000000000002,-0.4087989505128276,0.0,1,1,0,nan,0.04,0.4487989505128276,9.81,1,1,7,21,41,-3.0,3.0,0.01,30.0,60.0,1e-09,1e-12,6,0.0001,1,new simulation,nan
10,26,0.03999999999999998,0.8999999999999999,-4.638308910467629e-17,settled,0.38000000000000017,-0.4087989505128276,0.0,1,1,0,nan,0.04,0.4487989505128276,9.81,1,1,7,21,41,-3.0,3.0,0.01,30.0,60.0,1e-09,1e-12,6,0.0001,1,new simulation,nan
10,27,0.03999999999999998,1.0499999999999998,-4.638308910467629e-17,settled,0.34000000000000014,-0.4087989505128276,0.0,1,1,0,nan,0.04,0.4487989505128276,9.81,1,1,7,21,41,-3.0,3.0,0.01,30.0,60.0,1e-09,1e-12,6,0.0001,1,new simulation,nan
10,28,0.03999999999999998,1.2000000000000002,-4.638308910467629e-17,settled,0.3100000000000001,-0.4087989505128276,0.0,1,1,0,nan,0.04,0.4487989505128276,9.81,1,1,7,21,41,-3.0,3.0,0.01,30.0,60.0,1e-09,1e-12,6,0.0001,1,new simulation,nan
10,29,0.03999999999999998,1.3499999999999996,-4.638308910467629e-17,settled,0.2900000000000001,-0.4087989505128276,0.0,1,1,0,nan,0.04,0.4487989505128276,9.81,1,1,7,21,41,-3.0,3.0,0.01,30.0,60.0,1e-09,1e-12,6,0.0001,1,new simulation,nan
10,30,0.03999999999999998,1.5,-4.638308910467629e-17,settled,1.5500000000000012,-0.4087989505128276,0.0,2,2,0,nan,0.04,0.4487989505128276,9.81,1,1,7,21,41,-3.0,3.0,0.01,30.0,60.0,1e-09,1e-12,6,0.0001,1,new simulation,nan
10,31,0.03999999999999998,1.6499999999999995,-4.638308910467629e-17,settled,1.290000000000001,-0.4087989505128276,0.0,2,2,0,nan,0.04,0.4487989505128276,9.81,1,1,7,21,41,-3.0,3.0,0.01,30.0,60.0,1e-09,1e-12,6,0.0001,1,new simulation,nan
10,32,0.03999999999999998,1.7999999999999998,-4.638308910467629e-17,settled,1.1300000000000008,-0.4087989505128276,0.0,2,2,0,nan,0.04,0.4487989505128276,9.81,1,1,7,21,41,-3.0,3.0,0.01,30.0,60.0,1e-09,1e-12,6,0.0001,1,new simulation,nan
10,33,0.03999999999999998,1.9500000000000002,-4.638308910467629e-17,settled,1.0200000000000007,-0.4087989505128276,0.0,2,2,0,nan,0.04,0.4487989505128276,9.81,1,1,7,21,41,-3.0,3.0,0.01,30.0,60.0,1e-09,1e-12,6,0.0001,1,new simulation,nan
10,34,0.03999999999999998,2.0999999999999996,-4.638308910467629e-17,settled,0.9300000000000006,-0.4087989505128276,0.0,2,2,0,nan,0.04,0.4487989505128276,9.81,1,1,7,21,41,-3.0,3.0,0.01,30.0,60.0,1e-09,1e-12,6,0.0001,1,new simulation,nan
10,35,0.03999999999999998,2.25,-4.638308910467629e-17,settled,0.8600000000000005,-0.4087989505128276,0.0,2,2,0,nan,0.04,0.4487989505128276,9.81,1,1,7,21,41,-3.0,3.0,0.01,30.0,60.0,1e-09,1e-12,6,0.0001,1,new simulation,nan
10,36,0.03999999999999998,2.3999999999999995,-4.638308910467629e-17,settled,0.8100000000000005,-0.4087989505128276,0.0,2,2,0,nan,0.04,0.4487989505128276,9.81,1,1,7,21,41,-3.0,3.0,0.01,30.0,60.0,1e-09,1e-12,6,0.0001,1,new simulation,nan
10,37,0.03999999999999998,2.55,-4.638308910467629e-17,settled,0.7600000000000005,-0.4087989505128276,0.0,2,2,0,nan,0.04,0.4487989505128276,9.81,1,1,7,21,41,-3.0,3.0,0.01,30.0,60.0,1e-09,1e-12,6,0.0001,1,new simulation,nan
10,38,0.03999999999999998,2.7,-4.638308910467629e-17,settled,2.1299999999999986,-0.4087989505128276,0.0,3,3,0,nan,0.04,0.4487989505128276,9.81,1,1,7,21,41,-3.0,3.0,0.01,30.0,60.0,1e-09,1e-12,6,0.0001,1,new simulation,nan
10,39,0.03999999999999998,2.8499999999999996,-4.638308910467629e-17,settled,1.8300000000000014,-0.4087989505128276,0.0,3,3,0,nan,0.04,0.4487989505128276,9.81,1,1,7,21,41,-3.0,3.0,0.01,30.0,60.0,1e-09,1e-12,6,0.0001,1,new simulation,nan
10,40,0.03999999999999998,3.0,-4.638308910467629e-17,settled,1.6600000000000013,-0.4087989505128276,0.0,3,3,0,nan,0.04,0.4487989505128276,9.81,1,1,7,21,41,-3.0,3.0,0.01,30.0,60.0,1e-09,1e-12,6,0.0001,1,new simulation,nan
11,0,0.08487989505128274,-3.0,0.09999999999999995,settled,1.400000000000001,-0.4087989505128276,0.0,3,1,2,nan,0.04,0.4487989505128276,9.81,1,1,7,21,41,-3.0,3.0,0.01,30.0,60.0,1e-09,1e-12,6,0.0001,1,new simulation,nan
11,1,0.08487989505128274,-2.85,0.09999999999999995,settled,1.400000000000001,-0.4087989505128276,0.0,3,1,2,nan,0.04,0.4487989505128276,9.81,1,1,7,21,41,-3.0,3.0,0.01,30.0,60.0,1e-09,1e-12,6,0.0001,1,new simulation,nan
11,2,0.08487989505128274,-2.7,0.09999999999999995,settled,1.420000000000001,-0.4087989505128276,0.0,3,1,2,nan,0.04,0.4487989505128276,9.81,1,1,7,21,41,-3.0,3.0,0.01,30.0,60.0,1e-09,1e-12,6,0.0001,1,new simulation,nan
11,3,0.08487989505128274,-2.55,0.09999999999999995,settled,1.470000000000001,-0.4087989505128276,0.0,3,1,2,nan,0.04,0.4487989505128276,9.81,1,1,7,21,41,-3.0,3.0,0.01,30.0,60.0,1e-09,1e-12,6,0.0001,1,new simulation,nan
11,4,0.08487989505128274,-2.4,0.09999999999999995,settled,1.5600000000000012,-0.4087989505128276,0.0,3,1,2,nan,0.04,0.4487989505128276,9.81,1,1,7,21,41,-3.0,3.0,0.01,30.0,60.0,1e-09,1e-12,6,0.0001,1,new simulation,nan
11,5,0.08487989505128274,-2.25,0.09999999999999995,settled,1.7300000000000013,-0.4087989505128276,0.0,3,1,2,nan,0.04,0.4487989505128276,9.81,1,1,7,21,41,-3.0,3.0,0.01,30.0,60.0,1e-09,1e-12,6,0.0001,1,new simulation,nan
11,6,0.08487989505128274,-2.1,0.09999999999999995,settled,2.5599999999999894,-0.4087989505128276,0.0,3,1,2,nan,0.04,0.4487989505128276,9.81,1,1,7,21,41,-3.0,3.0,0.01,30.0,60.0,1e-09,1e-12,6,0.0001,1,new simulation,nan
11,7,0.08487989505128274,-1.95,0.09999999999999995,settled,1.440000000000001,-0.4087989505128276,0.0,2,1,1,nan,0.04,0.4487989505128276,9.81,1,1,7,21,41,-3.0,3.0,0.01,30.0,60.0,1e-09,1e-12,6,0.0001,1,new simulation,nan
11,8,0.08487989505128274,-1.8,0.09999999999999995,settled,1.2200000000000009,-0.4087989505128276,0.0,2,1,1,nan,0.04,0.4487989505128276,9.81,1,1,7,21,41,-3.0,3.0,0.01,30.0,60.0,1e-09,1e-12,6,0.0001,1,new simulation,nan
11,9,0.08487989505128274,-1.6500000000000001,0.09999999999999995,settled,1.1000000000000008,-0.4087989505128276,0.0,2,1,1,nan,0.04,0.4487989505128276,9.81,1,1,7,21,41,-3.0,3.0,0.01,30.0,60.0,1e-09,1e-12,6,0.0001,1,new simulation,nan
11,10,0.08487989505128274,-1.5,0.09999999999999995,settled,1.0300000000000007,-0.4087989505128276,0.0,2,1,1,nan,0.04,0.4487989505128276,9.81,1,1,7,21,41,-3.0,3.0,0.01,30.0,60.0,1e-09,1e-12,6,0.0001,1,new simulation,nan
11,11,0.08487989505128274,-1.35,0.09999999999999995,settled,0.9800000000000006,-0.4087989505128276,0.0,2,1,1,nan,0.04,0.4487989505128276,9.81,1,1,7,21,41,-3.0,3.0,0.01,30.0,60.0,1e-09,1e-12,6,0.0001,1,new simulation,nan
11,12,0.08487989505128274,-1.2000000000000002,0.09999999999999995,settled,0.9600000000000006,-0.4087989505128276,0.0,2,1,1,nan,0.04,0.4487989505128276,9.81,1,1,7,21,41,-3.0,3.0,0.01,30.0,60.0,1e-09,1e-12,6,0.0001,1,new simulation,nan
11,13,0.08487989505128274,-1.05,0.09999999999999995,settled,0.9500000000000006,-0.4087989505128276,0.0,2,1,1,nan,0.04,0.4487989505128276,9.81,1,1,7,21,41,-3.0,3.0,0.01,30.0,60.0,1e-09,1e-12,6,0.0001,1,new simulation,nan
11,14,0.08487989505128274,-0.8999999999999999,0.09999999999999995,settled,0.9700000000000006,-0.4087989505128276,0.0,2,1,1,nan,0.04,0.4487989505128276,9.81,1,1,7,21,41,-3.0,3.0,0.01,30.0,60.0,1e-09,1e-12,6,0.0001,1,new simulation,nan
11,15,0.08487989505128274,-0.75,0.09999999999999995,settled,1.0100000000000007,-0.4087989505128276,0.0,2,1,1,nan,0.04,0.4487989505128276,9.81,1,1,7,21,41,-3.0,3.0,0.01,30.0,60.0,1e-09,1e-12,6,0.0001,1,new simulation,nan
11,16,0.08487989505128274,-0.6000000000000001,0.09999999999999995,settled,1.0900000000000007,-0.4087989505128276,0.0,2,1,1,nan,0.04,0.4487989505128276,9.81,1,1,7,21,41,-3.0,3.0,0.01,30.0,60.0,1e-09,1e-12,6,0.0001,1,new simulation,nan
11,17,0.08487989505128274,-0.4500000000000002,0.09999999999999995,settled,1.2500000000000009,-0.4087989505128276,0.0,2,1,1,nan,0.04,0.4487989505128276,9.81,1,1,7,21,41,-3.0,3.0,0.01,30.0,60.0,1e-09,1e-12,6,0.0001,1,new simulation,nan
11,18,0.08487989505128274,-0.30000000000000027,0.09999999999999995,settled,1.7700000000000014,-0.4087989505128276,0.0,2,1,1,nan,0.04,0.4487989505128276,9.81,1,1,7,21,41,-3.0,3.0,0.01,30.0,60.0,1e-09,1e-12,6,0.0001,1,new simulation,nan
11,19,0.08487989505128274,-0.1499999999999999,0.09999999999999995,settled,1.0500000000000007,-0.4087989505128276,0.0,1,1,0,nan,0.04,0.4487989505128276,9.81,1,1,7,21,41,-3.0,3.0,0.01,30.0,60.0,1e-09,1e-12,6,0.0001,1,new simulation,nan
11,20,0.08487989505128274,0.0,0.09999999999999995,settled,0.7800000000000005,-0.4087989505128276,0.0,1,1,0,nan,0.04,0.4487989505128276,9.81,1,1,7,21,41,-3.0,3.0,0.01,30.0,60.0,1e-09,1e-12,6,0.0001,1,new simulation,nan
11,21,0.08487989505128274,0.1499999999999999,0.09999999999999995,settled,0.6400000000000003,-0.4087989505128276,0.0,1,1,0,nan,0.04,0.4487989505128276,9.81,1,1,7,21,41,-3.0,3.0,0.01,30.0,60.0,1e-09,1e-12,6,0.0001,1,new simulation,nan
11,22,0.08487989505128274,0.2999999999999998,0.09999999999999995,settled,0.5500000000000003,-0.4087989505128276,0.0,1,1,0,nan,0.04,0.4487989505128276,9.81,1,1,7,21,41,-3.0,3.0,0.01,30.0,60.0,1e-09,1e-12,6,0.0001,1,new simulation,nan
11,23,0.08487989505128274,0.44999999999999973,0.09999999999999995,settled,0.47000000000000025,-0.4087989505128276,0.0,1,1,0,nan,0.04,0.4487989505128276,9.81,1,1,7,21,41,-3.0,3.0,0.01,30.0,60.0,1e-09,1e-12,6,0.0001,1,new simulation,nan
11,24,0.08487989505128274,0.5999999999999996,0.09999999999999995,settled,0.4200000000000002,-0.4087989505128276,0.0,1,1,0,nan,0.04,0.4487989505128276,9.81,1,1,7,21,41,-3.0,3.0,0.01,30.0,60.0,1e-09,1e-12,6,0.0001,1,new simulation,nan
11,25,0.08487989505128274,0.75,0.09999999999999995,settled,0.37000000000000016,-0.4087989505128276,0.0,1,1,0,nan,0.04,0.4487989505128276,9.81,1,1,7,21,41,-3.0,3.0,0.01,30.0,60.0,1e-09,1e-12,6,0.0001,1,new simulation,nan
11,26,0.08487989505128274,0.8999999999999999,0.09999999999999995,settled,0.34000000000000014,-0.4087989505128276,0.0,1,1,0,nan,0.04,0.4487989505128276,9.81,1,1,7,21,41,-3.0,3.0,0.01,30.0,60.0,1e-09,1e-12,6,0.0001,1,new simulation,nan
11,27,0.08487989505128274,1.0499999999999998,0.09999999999999995,settled,0.3100000000000001,-0.4087989505128276,0.0,1,1,0,nan,0.04,0.4487989505128276,9.81,1,1,7,21,41,-3.0,3.0,0.01,30.0,60.0,1e-09,1e-12,6,0.0001,1,new simulation,nan
11,28,0.08487989505128274,1.2000000000000002,0.09999999999999995,settled,0.2800000000000001,-0.4087989505128276,0.0,1,1,0,nan,0.04,0.4487989505128276,9.81,1,1,7,21,41,-3.0,3.0,0.01,30.0,60.0,1e-09,1e-12,6,0.0001,1,new simulation,nan
11,29,0.08487989505128274,1.3499999999999996,0.09999999999999995,settled,0.26000000000000006,-0.4087989505128276,0.0,1,1,0,nan,0.04,0.4487989505128276,9.81,1,1,7,21,41,-3.0,3.0,0.01,30.0,60.0,1e-09,1e-12,6,0.0001,1,new simulation,nan
11,30,0.08487989505128274,1.5,0.09999999999999995,settled,1.5700000000000012,-0.4087989505128276,0.0,2,2,0,nan,0.04,0.4487989505128276,9.81,1,1,7,21,41,-3.0,3.0,0.01,30.0,60.0,1e-09,1e-12,6,0.0001,1,new simulation,nan
11,31,0.08487989505128274,1.6499999999999995,0.09999999999999995,settled,1.280000000000001,-0.4087989505128276,0.0,2,2,0,nan,0.04,0.4487989505128276,9.81,1,1,7,21,41,-3.0,3.0,0.01,30.0,60.0,1e-09,1e-12,6,0.0001,1,new simulation,nan
11,32,0.08487989505128274,1.7999999999999998,0.09999999999999995,settled,1.1200000000000008,-0.4087989505128276,0.0,2,2,0,nan,0.04,0.4487989505128276,9.81,1,1,7,21,41,-3.0,3.0,0.01,30.0,60.0,1e-09,1e-12,6,0.0001,1,new simulation,nan
11,33,0.08487989505128274,1.9500000000000002,0.09999999999999995,settled,1.0100000000000007,-0.4087989505128276,0.0,2,2,0,nan,0.04,0.4487989505128276,9.81,1,1,7,21,41,-3.0,3.0,0.01,30.0,60.0,1e-09,1e-12,6,0.0001,1,new simulation,nan
11,34,0.08487989505128274,2.0999999999999996,0.09999999999999995,settled,0.9200000000000006,-0.4087989505128276,0.0,2,2,0,nan,0.04,0.4487989505128276,9.81,1,1,7,21,41,-3.0,3.0,0.01,30.0,60.0,1e-09,1e-12,6,0.0001,1,new simulation,nan
11,35,0.08487989505128274,2.25,0.09999999999999995,settled,0.8500000000000005,-0.4087989505128276,0.0,2,2,0,nan,0.04,0.4487989505128276,9.81,1,1,7,21,41,-3.0,3.0,0.01,30.0,60.0,1e-09,1e-12,6,0.0001,1,new simulation,nan
11,36,0.08487989505128274,2.3999999999999995,0.09999999999999995,settled,0.7900000000000005,-0.4087989505128276,0.0,2,2,0,nan,0.04,0.4487989505128276,9.81,1,1,7,21,41,-3.0,3.0,0.01,30.0,60.0,1e-09,1e-12,6,0.0001,1,new simulation,nan
11,37,0.08487989505128274,2.55,0.09999999999999995,settled,0.7400000000000004,-0.4087989505128276,0.0,2,2,0,nan,0.04,0.4487989505128276,9.81,1,1,7,21,41,-3.0,3.0,0.01,30.0,60.0,1e-09,1e-12,6,0.0001,1,new simulation,nan
11,38,0.08487989505128274,2.7,0.09999999999999995,settled,2.149999999999998,-0.4087989505128276,0.0,3,3,0,nan,0.04,0.4487989505128276,9.81,1,1,7,21,41,-3.0,3.0,0.01,30.0,60.0,1e-09,1e-12,6,0.0001,1,new simulation,nan
11,39,0.08487989505128274,2.8499999999999996,0.09999999999999995,settled,1.8300000000000014,-0.4087989505128276,0.0,3,3,0,nan,0.04,0.4487989505128276,9.81,1,1,7,21,41,-3.0,3.0,0.01,30.0,60.0,1e-09,1e-12,6,0.0001,1,new simulation,nan
11,40,0.08487989505128274,3.0,0.09999999999999995,settled,1.6500000000000012,-0.4087989505128276,0.0,3,3,0,nan,0.04,0.4487989505128276,9.81,1,1,7,21,41,-3.0,3.0,0.01,30.0,60.0,1e-09,1e-12,6,0.0001,1,new simulation,nan
12,0,0.1297597901025655,-3.0,0.19999999999999993,settled,1.410000000000001,-0.4087989505128276,0.0,3,1,2,nan,0.04,0.4487989505128276,9.81,1,1,7,21,41,-3.0,3.0,0.01,30.0,60.0,1e-09,1e-12,6,0.0001,1,new simulation,nan
12,1,0.1297597901025655,-2.85,0.19999999999999993,settled,1.420000000000001,-0.4087989505128276,0.0,3,1,2,nan,0.04,0.4487989505128276,9.81,1,1,7,21,41,-3.0,3.0,0.01,30.0,60.0,1e-09,1e-12,6,0.0001,1,new simulation,nan
12,2,0.1297597901025655,-2.7,0.19999999999999993,settled,1.440000000000001,-0.4087989505128276,0.0,3,1,2,nan,0.04,0.4487989505128276,9.81,1,1,7,21,41,-3.0,3.0,0.01,30.0,60.0,1e-09,1e-12,6,0.0001,1,new simulation,nan
12,3,0.1297597901025655,-2.55,0.19999999999999993,settled,1.490000000000001,-0.4087989505128276,0.0,3,1,2,nan,0.04,0.4487989505128276,9.81,1,1,7,21,41,-3.0,3.0,0.01,30.0,60.0,1e-09,1e-12,6,0.0001,1,new simulation,nan
12,4,0.1297597901025655,-2.4,0.19999999999999993,settled,1.5900000000000012,-0.4087989505128276,0.0,3,1,2,nan,0.04,0.4487989505128276,9.81,1,1,7,21,41,-3.0,3.0,0.01,30.0,60.0,1e-09,1e-12,6,0.0001,1,new simulation,nan
12,5,0.1297597901025655,-2.25,0.19999999999999993,settled,1.7900000000000014,-0.4087989505128276,0.0,3,1,2,nan,0.04,0.4487989505128276,9.81,1,1,7,21,41,-3.0,3.0,0.01,30.0,60.0,1e-09,1e-12,6,0.0001,1,new simulation,nan
12,6,0.1297597901025655,-2.1,0.19999999999999993,settled,2.239999999999996,-0.4087989505128276,0.0,2,1,1,nan,0.04,0.4487989505128276,9.81,1,1,7,21,41,-3.0,3.0,0.01,30.0,60.0,1e-09,1e-12,6,0.0001,1,new simulation,nan
12,7,0.1297597901025655,-1.95,0.19999999999999993,settled,1.410000000000001,-0.4087989505128276,0.0,2,1,1,nan,0.04,0.4487989505128276,9.81,1,1,7,21,41,-3.0,3.0,0.01,30.0,60.0,1e-09,1e-12,6,0.0001,1,new simulation,nan
12,8,0.1297597901025655,-1.8,0.19999999999999993,settled,1.2200000000000009,-0.4087989505128276,0.0,2,1,1,nan,0.04,0.4487989505128276,9.81,1,1,7,21,41,-3.0,3.0,0.01,30.0,60.0,1e-09,1e-12,6,0.0001,1,new simulation,nan
12,9,0.1297597901025655,-1.6500000000000001,0.19999999999999993,settled,1.1100000000000008,-0.4087989505128276,0.0,2,1,1,nan,0.04,0.4487989505128276,9.81,1,1,7,21,41,-3.0,3.0,0.01,30.0,60.0,1e-09,1e-12,6,0.0001,1,new simulation,nan
12,10,0.1297597901025655,-1.5,0.19999999999999993,settled,1.0500000000000007,-0.4087989505128276,0.0,2,1,1,nan,0.04,0.4487989505128276,9.81,1,1,7,21,41,-3.0,3.0,0.01,30.0,60.0,1e-09,1e-12,6,0.0001,1,new simulation,nan
12,11,0.1297597901025655,-1.35,0.19999999999999993,settled,1.0100000000000007,-0.4087989505128276,0.0,2,1,1,nan,0.04,0.4487989505128276,9.81,1,1,7,21,41,-3.0,3.0,0.01,30.0,60.0,1e-09,1e-12,6,0.0001,1,new simulation,nan
12,12,0.1297597901025655,-1.2000000000000002,0.19999999999999993,settled,0.9900000000000007,-0.4087989505128276,0.0,2,1,1,nan,0.04,0.4487989505128276,9.81,1,1,7,21,41,-3.0,3.0,0.01,30.0,60.0,1e-09,1e-12,6,0.0001,1,new simulation,nan
12,13,0.1297597901025655,-1.05,0.19999999999999993,settled,1.0000000000000007,-0.4087989505128276,0.0,2,1,1,nan,0.04,0.4487989505128276,9.81,1,1,7,21,41,-3.0,3.0,0.01,30.0,60.0,1e-09,1e-12,6,0.0001,1,new simulation,nan
12,14,0.1297597901025655,-0.8999999999999999,0.19999999999999993,settled,1.0300000000000007,-0.4087989505128276,0.0,2,1,1,nan,0.04,0.4487989505128276,9.81,1,1,7,21,41,-3.0,3.0,0.01,30.0,60.0,1e-09,1e-12,6,0.0001,1,new simulation,nan
12,15,0.1297597901025655,-0.75,0.19999999999999993,settled,1.1000000000000008,-0.4087989505128276,0.0,2,1,1,nan,0.04,0.4487989505128276,9.81,1,1,7,21,41,-3.0,3.0,0.01,30.0,60.0,1e-09,1e-12,6,0.0001,1,new simulation,nan
12,16,0.1297597901025655,-0.6000000000000001,0.19999999999999993,settled,1.2500000000000009,-0.4087989505128276,0.0,2,1,1,nan,0.04,0.4487989505128276,9.81,1,1,7,21,41,-3.0,3.0,0.01,30.0,60.0,1e-09,1e-12,6,0.0001,1,new simulation,nan
12,17,0.1297597901025655,-0.4500000000000002,0.19999999999999993,settled,1.6900000000000013,-0.4087989505128276,0.0,2,1,1,nan,0.04,0.4487989505128276,9.81,1,1,7,21,41,-3.0,3.0,0.01,30.0,60.0,1e-09,1e-12,6,0.0001,1,new simulation,nan
12,18,0.1297597901025655,-0.30000000000000027,0.19999999999999993,settled,1.0800000000000007,-0.4087989505128276,0.0,1,1,0,nan,0.04,0.4487989505128276,9.81,1,1,7,21,41,-3.0,3.0,0.01,30.0,60.0,1e-09,1e-12,6,0.0001,1,new simulation,nan
12,19,0.1297597901025655,-0.1499999999999999,0.19999999999999993,settled,0.7900000000000005,-0.4087989505128276,0.0,1,1,0,nan,0.04,0.4487989505128276,9.81,1,1,7,21,41,-3.0,3.0,0.01,30.0,60.0,1e-09,1e-12,6,0.0001,1,new simulation,nan
12,20,0.1297597901025655,0.0,0.19999999999999993,settled,0.6500000000000004,-0.4087989505128276,0.0,1,1,0,nan,0.04,0.4487989505128276,9.81,1,1,7,21,41,-3.0,3.0,0.01,30.0,60.0,1e-09,1e-12,6,0.0001,1,new simulation,nan
12,21,0.1297597901025655,0.1499999999999999,0.19999999999999993,settled,0.5500000000000003,-0.4087989505128276,0.0,1,1,0,nan,0.04,0.4487989505128276,9.81,1,1,7,21,41,-3.0,3.0,0.01,30.0,60.0,1e-09,1e-12,6,0.0001,1,new simulation,nan
12,22,0.1297597901025655,0.2999999999999998,0.19999999999999993,settled,0.47000000000000025,-0.4087989505128276,0.0,1,1,0,nan,0.04,0.4487989505128276,9.81,1,1,7,21,41,-3.0,3.0,0.01,30.0,60.0,1e-09,1e-12,6,0.0001,1,new simulation,nan
12,23,0.1297597901025655,0.44999999999999973,0.19999999999999993,settled,0.4100000000000002,-0.4087989505128276,0.0,1,1,0,nan,0.04,0.4487989505128276,9.81,1,1,7,21,41,-3.0,3.0,0.01,30.0,60.0,1e-09,1e-12,6,0.0001,1,new simulation,nan
12,24,0.1297597901025655,0.5999999999999996,0.19999999999999993,settled,0.37000000000000016,-0.4087989505128276,0.0,1,1,0,nan,0.04,0.4487989505128276,9.81,1,1,7,21,41,-3.0,3.0,0.01,30.0,60.0,1e-09,1e-12,6,0.0001,1,new simulation,nan
12,25,0.1297597901025655,0.75,0.19999999999999993,settled,0.3300000000000001,-0.4087989505128276,0.0,1,1,0,nan,0.04,0.4487989505128276,9.81,1,1,7,21,41,-3.0,3.0,0.01,30.0,60.0,1e-09,1e-12,6,0.0001,1,new simulation,nan
12,26,0.1297597901025655,0.8999999999999999,0.19999999999999993,settled,0.3000000000000001,-0.4087989505128276,0.0,1,1,0,nan,0.04,0.4487989505128276,9.81,1,1,7,21,41,-3.0,3.0,0.01,30.0,60.0,1e-09,1e-12,6,0.0001,1,new simulation,nan
12,27,0.1297597901025655,1.0499999999999998,0.19999999999999993,settled,0.2700000000000001,-0.4087989505128276,0.0,1,1,0,nan,0.04,0.4487989505128276,9.81,1,1,7,21,41,-3.0,3.0,0.01,30.0,60.0,1e-09,1e-12,6,0.0001,1,new simulation,nan
12,28,0.1297597901025655,1.2000000000000002,0.19999999999999993,settled,0.25000000000000006,-0.4087989505128276,0.0,1,1,0,nan,0.04,0.4487989505128276,9.81,1,1,7,21,41,-3.0,3.0,0.01,30.0,60.0,1e-09,1e-12,6,0.0001,1,new simulation,nan
12,29,0.1297597901025655,1.3499999999999996,0.19999999999999993,settled,0.23000000000000007,-0.4087989505128276,0.0,1,1,0,nan,0.04,0.4487989505128276,9.81,1,1,7,21,41,-3.0,3.0,0.01,30.0,60.0,1e-09,1e-12,6,0.0001,1,new simulation,nan
12,30,0.1297597901025655,1.5,0.19999999999999993,settled,1.6600000000000013,-0.4087989505128276,0.0,2,2,0,nan,0.04,0.4487989505128276,9.81,1,1,7,21,41,-3.0,3.0,0.01,30.0,60.0,1e-09,1e-12,6,0.0001,1,new simulation,nan
12,31,0.1297597901025655,1.6499999999999995,0.19999999999999993,settled,1.290000000000001,-0.4087989505128276,0.0,2,2,0,nan,0.04,0.4487989505128276,9.81,1,1,7,21,41,-3.0,3.0,0.01,30.0,60.0,1e-09,1e-12,6,0.0001,1,new simulation,nan
12,32,0.1297597901025655,1.7999999999999998,0.19999999999999993,settled,1.1200000000000008,-0.4087989505128276,0.0,2,2,0,nan,0.04,0.4487989505128276,9.81,1,1,7,21,41,-3.0,3.0,0.01,30.0,60.0,1e-09,1e-12,6,0.0001,1,new simulation,nan
12,33,0.1297597901025655,1.9500000000000002,0.19999999999999993,settled,1.0000000000000007,-0.4087989505128276,0.0,2,2,0,nan,0.04,0.4487989505128276,9.81,1,1,7,21,41,-3.0,3.0,0.01,30.0,60.0,1e-09,1e-12,6,0.0001,1,new simulation,nan
12,34,0.1297597901025655,2.0999999999999996,0.19999999999999993,settled,0.9100000000000006,-0.4087989505128276,0.0,2,2,0,nan,0.04,0.4487989505128276,9.81,1,1,7,21,41,-3.0,3.0,0.01,30.0,60.0,1e-09,1e-12,6,0.0001,1,new simulation,nan
12,35,0.1297597901025655,2.25,0.19999999999999993,settled,0.8400000000000005,-0.4087989505128276,0.0,2,2,0,nan,0.04,0.4487989505128276,9.81,1,1,7,21,41,-3.0,3.0,0.01,30.0,60.0,1e-09,1e-12,6,0.0001,1,new simulation,nan
12,36,0.1297597901025655,2.3999999999999995,0.19999999999999993,settled,0.7800000000000005,-0.4087989505128276,0.0,2,2,0,nan,0.04,0.4487989505128276,9.81,1,1,7,21,41,-3.0,3.0,0.01,30.0,60.0,1e-09,1e-12,6,0.0001,1,new simulation,nan
12,37,0.1297597901025655,2.55,0.19999999999999993,settled,0.7300000000000004,-0.4087989505128276,0.0,2,2,0,nan,0.04,0.4487989505128276,9.81,1,1,7,21,41,-3.0,3.0,0.01,30.0,60.0,1e-09,1e-12,6,0.0001,1,new simulation,nan
12,38,0.1297597901025655,2.7,0.19999999999999993,settled,2.1899999999999973,-0.4087989505128276,0.0,3,3,0,nan,0.04,0.4487989505128276,9.81,1,1,7,21,41,-3.0,3.0,0.01,30.0,60.0,1e-09,1e-12,6,0.0001,1,new simulation,nan
12,39,0.1297597901025655,2.8499999999999996,0.19999999999999993,settled,1.8400000000000014,-0.4087989505128276,0.0,3,3,0,nan,0.04,0.4487989505128276,9.81,1,1,7,21,41,-3.0,3.0,0.01,30.0,60.0,1e-09,1e-12,6,0.0001,1,new simulation,nan
12,40,0.1297597901025655,3.0,0.19999999999999993,settled,1.6500000000000012,-0.4087989505128276,0.0,3,3,0,nan,0.04,0.4487989505128276,9.81,1,1,7,21,41,-3.0,3.0,0.01,30.0,60.0,1e-09,1e-12,6,0.0001,1,new simulation,nan
13,0,0.17463968515384826,-3.0,0.29999999999999993,settled,1.430000000000001,-0.4087989505128276,0.0,3,1,2,nan,0.04,0.4487989505128276,9.81,1,1,7,21,41,-3.0,3.0,0.01,30.0,60.0,1e-09,1e-12,6,0.0001,1,new simulation,nan
13,1,0.17463968515384826,-2.85,0.29999999999999993,settled,1.440000000000001,-0.4087989505128276,0.0,3,1,2,nan,0.04,0.4487989505128276,9.81,1,1,7,21,41,-3.0,3.0,0.01,30.0,60.0,1e-09,1e-12,6,0.0001,1,new simulation,nan
13,2,0.17463968515384826,-2.7,0.29999999999999993,settled,1.470000000000001,-0.4087989505128276,0.0,3,1,2,nan,0.04,0.4487989505128276,9.81,1,1,7,21,41,-3.0,3.0,0.01,30.0,60.0,1e-09,1e-12,6,0.0001,1,new simulation,nan
13,3,0.17463968515384826,-2.55,0.29999999999999993,settled,1.5300000000000011,-0.4087989505128276,0.0,3,1,2,nan,0.04,0.4487989505128276,9.81,1,1,7,21,41,-3.0,3.0,0.01,30.0,60.0,1e-09,1e-12,6,0.0001,1,new simulation,nan
13,4,0.17463968515384826,-2.4,0.29999999999999993,settled,1.6400000000000012,-0.4087989505128276,0.0,3,1,2,nan,0.04,0.4487989505128276,9.81,1,1,7,21,41,-3.0,3.0,0.01,30.0,60.0,1e-09,1e-12,6,0.0001,1,new simulation,nan
13,5,0.17463968515384826,-2.25,0.29999999999999993,settled,1.8800000000000014,-0.4087989505128276,0.0,3,1,2,nan,0.04,0.4487989505128276,9.81,1,1,7,21,41,-3.0,3.0,0.01,30.0,60.0,1e-09,1e-12,6,0.0001,1,new simulation,nan
13,6,0.17463968515384826,-2.1,0.29999999999999993,settled,1.8400000000000014,-0.4087989505128276,0.0,2,1,1,nan,0.04,0.4487989505128276,9.81,1,1,7,21,41,-3.0,3.0,0.01,30.0,60.0,1e-09,1e-12,6,0.0001,1,new simulation,nan
13,7,0.17463968515384826,-1.95,0.29999999999999993,settled,1.380000000000001,-0.4087989505128276,0.0,2,1,1,nan,0.04,0.4487989505128276,9.81,1,1,7,21,41,-3.0,3.0,0.01,30.0,60.0,1e-09,1e-12,6,0.0001,1,new simulation,nan
13,8,0.17463968515384826,-1.8,0.29999999999999993,settled,1.2100000000000009,-0.4087989505128276,0.0,2,1,1,nan,0.04,0.4487989505128276,9.81,1,1,7,21,41,-3.0,3.0,0.01,30.0,60.0,1e-09,1e-12,6,0.0001,1,new simulation,nan
13,9,0.17463968515384826,-1.6500000000000001,0.29999999999999993,settled,1.1200000000000008,-0.4087989505128276,0.0,2,1,1,nan,0.04,0.4487989505128276,9.81,1,1,7,21,41,-3.0,3.0,0.01,30.0,60.0,1e-09,1e-12,6,0.0001,1,new simulation,nan
13,10,0.17463968515384826,-1.5,0.29999999999999993,settled,1.0600000000000007,-0.4087989505128276,0.0,2,1,1,nan,0.04,0.4487989505128276,9.81,1,1,7,21,41,-3.0,3.0,0.01,30.0,60.0,1e-09,1e-12,6,0.0001,1,new simulation,nan
13,11,0.17463968515384826,-1.35,0.29999999999999993,settled,1.0300000000000007,-0.4087989505128276,0.0,2,1,1,nan,0.04,0.4487989505128276,9.81,1,1,7,21,41,-3.0,3.0,0.01,30.0,60.0,1e-09,1e-12,6,0.0001,1,new simulation,nan
13,12,0.17463968515384826,-1.2000000000000002,0.29999999999999993,settled,1.0300000000000007,-0.4087989505128276,0.0,2,1,1,nan,0.04,0.4487989505128276,9.81,1,1,7,21,41,-3.0,3.0,0.01,30.0,60.0,1e-09,1e-12,6,0.0001,1,new simulation,nan
13,13,0.17463968515384826,-1.05,0.29999999999999993,settled,1.0500000000000007,-0.4087989505128276,0.0,2,1,1,nan,0.04,0.4487989505128276,9.81,1,1,7,21,41,-3.0,3.0,0.01,30.0,60.0,1e-09,1e-12,6,0.0001,1,new simulation,nan
13,14,0.17463968515384826,-0.8999999999999999,0.29999999999999993,settled,1.1100000000000008,-0.4087989505128276,0.0,2,1,1,nan,0.04,0.4487989505128276,9.81,1,1,7,21,41,-3.0,3.0,0.01,30.0,60.0,1e-09,1e-12,6,0.0001,1,new simulation,nan
13,15,0.17463968515384826,-0.75,0.29999999999999993,settled,1.2400000000000009,-0.4087989505128276,0.0,2,1,1,nan,0.04,0.4487989505128276,9.81,1,1,7,21,41,-3.0,3.0,0.01,30.0,60.0,1e-09,1e-12,6,0.0001,1,new simulation,nan
13,16,0.17463968515384826,-0.6000000000000001,0.29999999999999993,settled,1.6300000000000012,-0.4087989505128276,0.0,2,1,1,nan,0.04,0.4487989505128276,9.81,1,1,7,21,41,-3.0,3.0,0.01,30.0,60.0,1e-09,1e-12,6,0.0001,1,new simulation,nan
13,17,0.17463968515384826,-0.4500000000000002,0.29999999999999993,settled,1.1100000000000008,-0.4087989505128276,0.0,1,1,0,nan,0.04,0.4487989505128276,9.81,1,1,7,21,41,-3.0,3.0,0.01,30.0,60.0,1e-09,1e-12,6,0.0001,1,new simulation,nan
13,18,0.17463968515384826,-0.30000000000000027,0.29999999999999993,settled,0.8000000000000005,-0.4087989505128276,0.0,1,1,0,nan,0.04,0.4487989505128276,9.81,1,1,7,21,41,-3.0,3.0,0.01,30.0,60.0,1e-09,1e-12,6,0.0001,1,new simulation,nan
13,19,0.17463968515384826,-0.1499999999999999,0.29999999999999993,settled,0.6500000000000004,-0.4087989505128276,0.0,1,1,0,nan,0.04,0.4487989505128276,9.81,1,1,7,21,41,-3.0,3.0,0.01,30.0,60.0,1e-09,1e-12,6,0.0001,1,new simulation,nan
13,20,0.17463968515384826,0.0,0.29999999999999993,settled,0.5500000000000003,-0.4087989505128276,0.0,1,1,0,nan,0.04,0.4487989505128276,9.81,1,1,7,21,41,-3.0,3.0,0.01,30.0,60.0,1e-09,1e-12,6,0.0001,1,new simulation,nan
13,21,0.17463968515384826,0.1499999999999999,0.29999999999999993,settled,0.47000000000000025,-0.4087989505128276,0.0,1,1,0,nan,0.04,0.4487989505128276,9.81,1,1,7,21,41,-3.0,3.0,0.01,30.0,60.0,1e-09,1e-12,6,0.0001,1,new simulation,nan
13,22,0.17463968515384826,0.2999999999999998,0.29999999999999993,settled,0.4100000000000002,-0.4087989505128276,0.0,1,1,0,nan,0.04,0.4487989505128276,9.81,1,1,7,21,41,-3.0,3.0,0.01,30.0,60.0,1e-09,1e-12,6,0.0001,1,new simulation,nan
13,23,0.17463968515384826,0.44999999999999973,0.29999999999999993,settled,0.36000000000000015,-0.4087989505128276,0.0,1,1,0,nan,0.04,0.4487989505128276,9.81,1,1,7,21,41,-3.0,3.0,0.01,30.0,60.0,1e-09,1e-12,6,0.0001,1,new simulation,nan
13,24,0.17463968515384826,0.5999999999999996,0.29999999999999993,settled,0.3200000000000001,-0.4087989505128276,0.0,1,1,0,nan,0.04,0.4487989505128276,9.81,1,1,7,21,41,-3.0,3.0,0.01,30.0,60.0,1e-09,1e-12,6,0.0001,1,new simulation,nan
13,25,0.17463968515384826,0.75,0.29999999999999993,settled,0.2900000000000001,-0.4087989505128276,0.0,1,1,0,nan,0.04,0.4487989505128276,9.81,1,1,7,21,41,-3.0,3.0,0.01,30.0,60.0,1e-09,1e-12,6,0.0001,1,new simulation,nan
13,26,0.17463968515384826,0.8999999999999999,0.29999999999999993,settled,0.26000000000000006,-0.4087989505128276,0.0,1,1,0,nan,0.04,0.4487989505128276,9.81,1,1,7,21,41,-3.0,3.0,0.01,30.0,60.0,1e-09,1e-12,6,0.0001,1,new simulation,nan
13,27,0.17463968515384826,1.0499999999999998,0.29999999999999993,settled,0.24000000000000007,-0.4087989505128276,0.0,1,1,0,nan,0.04,0.4487989505128276,9.81,1,1,7,21,41,-3.0,3.0,0.01,30.0,60.0,1e-09,1e-12,6,0.0001,1,new simulation,nan
13,28,0.17463968515384826,1.2000000000000002,0.29999999999999993,settled,0.22000000000000006,-0.4087989505128276,0.0,1,1,0,nan,0.04,0.4487989505128276,9.81,1,1,7,21,41,-3.0,3.0,0.01,30.0,60.0,1e-09,1e-12,6,0.0001,1,new simulation,nan
13,29,0.17463968515384826,1.3499999999999996,0.29999999999999993,settled,0.20000000000000004,-0.4087989505128276,0.0,1,1,0,nan,0.04,0.4487989505128276,9.81,1,1,7,21,41,-3.0,3.0,0.01,30.0,60.0,1e-09,1e-12,6,0.0001,1,new simulation,nan
13,30,0.17463968515384826,1.5,0.29999999999999993,settled,1.9200000000000015,-0.4087989505128276,0.0,2,2,0,nan,0.04,0.4487989505128276,9.81,1,1,7,21,41,-3.0,3.0,0.01,30.0,60.0,1e-09,1e-12,6,0.0001,1,new simulation,nan
13,31,0.17463968515384826,1.6499999999999995,0.29999999999999993,settled,1.330000000000001,-0.4087989505128276,0.0,2,2,0,nan,0.04,0.4487989505128276,9.81,1,1,7,21,41,-3.0,3.0,0.01,30.0,60.0,1e-09,1e-12,6,0.0001,1,new simulation,nan
13,32,0.17463968515384826,1.7999999999999998,0.29999999999999993,settled,1.1300000000000008,-0.4087989505128276,0.0,2,2,0,nan,0.04,0.4487989505128276,9.81,1,1,7,21,41,-3.0,3.0,0.01,30.0,60.0,1e-09,1e-12,6,0.0001,1,new simulation,nan
13,33,0.17463968515384826,1.9500000000000002,0.29999999999999993,settled,1.0000000000000007,-0.4087989505128276,0.0,2,2,0,nan,0.04,0.4487989505128276,9.81,1,1,7,21,41,-3.0,3.0,0.01,30.0,60.0,1e-09,1e-12,6,0.0001,1,new simulation,nan
13,34,0.17463968515384826,2.0999999999999996,0.29999999999999993,settled,0.9100000000000006,-0.4087989505128276,0.0,2,2,0,nan,0.04,0.4487989505128276,9.81,1,1,7,21,41,-3.0,3.0,0.01,30.0,60.0,1e-09,1e-12,6,0.0001,1,new simulation,nan
13,35,0.17463968515384826,2.25,0.29999999999999993,settled,0.8300000000000005,-0.4087989505128276,0.0,2,2,0,nan,0.04,0.4487989505128276,9.81,1,1,7,21,41,-3.0,3.0,0.01,30.0,60.0,1e-09,1e-12,6,0.0001,1,new simulation,nan
13,36,0.17463968515384826,2.3999999999999995,0.29999999999999993,settled,0.7700000000000005,-0.4087989505128276,0.0,2,2,0,nan,0.04,0.4487989505128276,9.81,1,1,7,21,41,-3.0,3.0,0.01,30.0,60.0,1e-09,1e-12,6,0.0001,1,new simulation,nan
13,37,0.17463968515384826,2.55,0.29999999999999993,settled,0.7200000000000004,-0.4087989505128276,0.0,2,2,0,nan,0.04,0.4487989505128276,9.81,1,1,7,21,41,-3.0,3.0,0.01,30.0,60.0,1e-09,1e-12,6,0.0001,1,new simulation,nan
13,38,0.17463968515384826,2.7,0.29999999999999993,settled,2.289999999999995,-0.4087989505128276,0.0,3,3,0,nan,0.04,0.4487989505128276,9.81,1,1,7,21,41,-3.0,3.0,0.01,30.0,60.0,1e-09,1e-12,6,0.0001,1,new simulation,nan
13,39,0.17463968515384826,2.8499999999999996,0.29999999999999993,settled,1.8600000000000014,-0.4087989505128276,0.0,3,3,0,nan,0.04,0.4487989505128276,9.81,1,1,7,21,41,-3.0,3.0,0.01,30.0,60.0,1e-09,1e-12,6,0.0001,1,new simulation,nan
13,40,0.17463968515384826,3.0,0.29999999999999993,settled,1.6600000000000013,-0.4087989505128276,0.0,3,3,0,nan,0.04,0.4487989505128276,9.81,1,1,7,21,41,-3.0,3.0,0.01,30.0,60.0,1e-09,1e-12,6,0.0001,1,new simulation,nan
14,0,0.21951958020513102,-3.0,0.3999999999999999,settled,1.440000000000001,-0.4087989505128276,0.0,3,1,2,nan,0.04,0.4487989505128276,9.81,1,1,7,21,41,-3.0,3.0,0.01,30.0,60.0,1e-09,1e-12,6,0.0001,1,new simulation,nan
14,1,0.21951958020513102,-2.85,0.3999999999999999,settled,1.460000000000001,-0.4087989505128276,0.0,3,1,2,nan,0.04,0.4487989505128276,9.81,1,1,7,21,41,-3.0,3.0,0.01,30.0,60.0,1e-09,1e-12,6,0.0001,1,new simulation,nan
14,2,0.21951958020513102,-2.7,0.3999999999999999,settled,1.490000000000001,-0.4087989505128276,0.0,3,1,2,nan,0.04,0.4487989505128276,9.81,1,1,7,21,41,-3.0,3.0,0.01,30.0,60.0,1e-09,1e-12,6,0.0001,1,new simulation,nan
14,3,0.21951958020513102,-2.55,0.3999999999999999,settled,1.5600000000000012,-0.4087989505128276,0.0,3,1,2,nan,0.04,0.4487989505128276,9.81,1,1,7,21,41,-3.0,3.0,0.01,30.0,60.0,1e-09,1e-12,6,0.0001,1,new simulation,nan
14,4,0.21951958020513102,-2.4,0.3999999999999999,settled,1.7000000000000013,-0.4087989505128276,0.0,3,1,2,nan,0.04,0.4487989505128276,9.81,1,1,7,21,41,-3.0,3.0,0.01,30.0,60.0,1e-09,1e-12,6,0.0001,1,new simulation,nan
14,5,0.21951958020513102,-2.25,0.3999999999999999,settled,2.0400000000000005,-0.4087989505128276,0.0,3,1,2,nan,0.04,0.4487989505128276,9.81,1,1,7,21,41,-3.0,3.0,0.01,30.0,60.0,1e-09,1e-12,6,0.0001,1,new simulation,nan
14,6,0.21951958020513102,-2.1,0.3999999999999999,settled,1.6500000000000012,-0.4087989505128276,0.0,2,1,1,nan,0.04,0.4487989505128276,9.81,1,1,7,21,41,-3.0,3.0,0.01,30.0,60.0,1e-09,1e-12,6,0.0001,1,new simulation,nan
14,7,0.21951958020513102,-1.95,0.3999999999999999,settled,1.340000000000001,-0.4087989505128276,0.0,2,1,1,nan,0.04,0.4487989505128276,9.81,1,1,7,21,41,-3.0,3.0,0.01,30.0,60.0,1e-09,1e-12,6,0.0001,1,new simulation,nan
14,8,0.21951958020513102,-1.8,0.3999999999999999,settled,1.2000000000000008,-0.4087989505128276,0.0,2,1,1,nan,0.04,0.4487989505128276,9.81,1,1,7,21,41,-3.0,3.0,0.01,30.0,60.0,1e-09,1e-12,6,0.0001,1,new simulation,nan
14,9,0.21951958020513102,-1.6500000000000001,0.3999999999999999,settled,1.1200000000000008,-0.4087989505128276,0.0,2,1,1,nan,0.04,0.4487989505128276,9.81,1,1,7,21,41,-3.0,3.0,0.01,30.0,60.0,1e-09,1e-12,6,0.0001,1,new simulation,nan
14,10,0.21951958020513102,-1.5,0.3999999999999999,settled,1.0800000000000007,-0.4087989505128276,0.0,2,1,1,nan,0.04,0.4487989505128276,9.81,1,1,7,21,41,-3.0,3.0,0.01,30.0,60.0,1e-09,1e-12,6,0.0001,1,new simulation,nan
14,11,0.21951958020513102,-1.35,0.3999999999999999,settled,1.0600000000000007,-0.4087989505128276,0.0,2,1,1,nan,0.04,0.4487989505128276,9.81,1,1,7,21,41,-3.0,3.0,0.01,30.0,60.0,1e-09,1e-12,6,0.0001,1,new simulation,nan
14,12,0.21951958020513102,-1.2000000000000002,0.3999999999999999,settled,1.0800000000000007,-0.4087989505128276,0.0,2,1,1,nan,0.04,0.4487989505128276,9.81,1,1,7,21,41,-3.0,3.0,0.01,30.0,60.0,1e-09,1e-12,6,0.0001,1,new simulation,nan
14,13,0.21951958020513102,-1.05,0.3999999999999999,settled,1.1300000000000008,-0.4087989505128276,0.0,2,1,1,nan,0.04,0.4487989505128276,9.81,1,1,7,21,41,-3.0,3.0,0.01,30.0,60.0,1e-09,1e-12,6,0.0001,1,new simulation,nan
14,14,0.21951958020513102,-0.8999999999999999,0.3999999999999999,settled,1.2400000000000009,-0.4087989505128276,0.0,2,1,1,nan,0.04,0.4487989505128276,9.81,1,1,7,21,41,-3.0,3.0,0.01,30.0,60.0,1e-09,1e-12,6,0.0001,1,new simulation,nan
14,15,0.21951958020513102,-0.75,0.3999999999999999,settled,1.5800000000000012,-0.4087989505128276,0.0,2,1,1,nan,0.04,0.4487989505128276,9.81,1,1,7,21,41,-3.0,3.0,0.01,30.0,60.0,1e-09,1e-12,6,0.0001,1,new simulation,nan
14,16,0.21951958020513102,-0.6000000000000001,0.3999999999999999,settled,1.1400000000000008,-0.4087989505128276,0.0,1,1,0,nan,0.04,0.4487989505128276,9.81,1,1,7,21,41,-3.0,3.0,0.01,30.0,60.0,1e-09,1e-12,6,0.0001,1,new simulation,nan
14,17,0.21951958020513102,-0.4500000000000002,0.3999999999999999,settled,0.8200000000000005,-0.4087989505128276,0.0,1,1,0,nan,0.04,0.4487989505128276,9.81,1,1,7,21,41,-3.0,3.0,0.01,30.0,60.0,1e-09,1e-12,6,0.0001,1,new simulation,nan
14,18,0.21951958020513102,-0.30000000000000027,0.3999999999999999,settled,0.6600000000000004,-0.4087989505128276,0.0,1,1,0,nan,0.04,0.4487989505128276,9.81,1,1,7,21,41,-3.0,3.0,0.01,30.0,60.0,1e-09,1e-12,6,0.0001,1,new simulation,nan
14,19,0.21951958020513102,-0.1499999999999999,0.3999999999999999,settled,0.5500000000000003,-0.4087989505128276,0.0,1,1,0,nan,0.04,0.4487989505128276,9.81,1,1,7,21,41,-3.0,3.0,0.01,30.0,60.0,1e-09,1e-12,6,0.0001,1,new simulation,nan
14,20,0.21951958020513102,0.0,0.3999999999999999,settled,0.47000000000000025,-0.4087989505128276,0.0,1,1,0,nan,0.04,0.4487989505128276,9.81,1,1,7,21,41,-3.0,3.0,0.01,30.0,60.0,1e-09,1e-12,6,0.0001,1,new simulation,nan
14,21,0.21951958020513102,0.1499999999999999,0.3999999999999999,settled,0.4000000000000002,-0.4087989505128276,0.0,1,1,0,nan,0.04,0.4487989505128276,9.81,1,1,7,21,41,-3.0,3.0,0.01,30.0,60.0,1e-09,1e-12,6,0.0001,1,new simulation,nan
14,22,0.21951958020513102,0.2999999999999998,0.3999999999999999,settled,0.35000000000000014,-0.4087989505128276,0.0,1,1,0,nan,0.04,0.4487989505128276,9.81,1,1,7,21,41,-3.0,3.0,0.01,30.0,60.0,1e-09,1e-12,6,0.0001,1,new simulation,nan
14,23,0.21951958020513102,0.44999999999999973,0.3999999999999999,settled,0.3100000000000001,-0.4087989505128276,0.0,1,1,0,nan,0.04,0.4487989505128276,9.81,1,1,7,21,41,-3.0,3.0,0.01,30.0,60.0,1e-09,1e-12,6,0.0001,1,new simulation,nan
14,24,0.21951958020513102,0.5999999999999996,0.3999999999999999,settled,0.2800000000000001,-0.4087989505128276,0.0,1,1,0,nan,0.04,0.4487989505128276,9.81,1,1,7,21,41,-3.0,3.0,0.01,30.0,60.0,1e-09,1e-12,6,0.0001,1,new simulation,nan
14,25,0.21951958020513102,0.75,0.3999999999999999,settled,0.25000000000000006,-0.4087989505128276,0.0,1,1,0,nan,0.04,0.4487989505128276,9.81,1,1,7,21,41,-3.0,3.0,0.01,30.0,60.0,1e-09,1e-12,6,0.0001,1,new simulation,nan
14,26,0.21951958020513102,0.8999999999999999,0.3999999999999999,settled,0.23000000000000007,-0.4087989505128276,0.0,1,1,0,nan,0.04,0.4487989505128276,9.81,1,1,7,21,41,-3.0,3.0,0.01,30.0,60.0,1e-09,1e-12,6,0.0001,1,new simulation,nan
14,27,0.21951958020513102,1.0499999999999998,0.3999999999999999,settled,0.21000000000000005,-0.4087989505128276,0.0,1,1,0,nan,0.04,0.4487989505128276,9.81,1,1,7,21,41,-3.0,3.0,0.01,30.0,60.0,1e-09,1e-12,6,0.0001,1,new simulation,nan
14,28,0.21951958020513102,1.2000000000000002,0.3999999999999999,settled,0.19000000000000003,-0.4087989505128276,0.0,1,1,0,nan,0.04,0.4487989505128276,9.81,1,1,7,21,41,-3.0,3.0,0.01,30.0,60.0,1e-09,1e-12,6,0.0001,1,new simulation,nan
14,29,0.21951958020513102,1.3499999999999996,0.3999999999999999,settled,0.17,-0.4087989505128276,0.0,1,1,0,nan,0.04,0.4487989505128276,9.81,1,1,7,21,41,-3.0,3.0,0.01,30.0,60.0,1e-09,1e-12,6,0.0001,1,new simulation,nan
14,30,0.21951958020513102,1.5,0.3999999999999999,settled,0.16,-0.4087989505128276,0.0,1,1,0,nan,0.04,0.4487989505128276,9.81,1,1,7,21,41,-3.0,3.0,0.01,30.0,60.0,1e-09,1e-12,6,0.0001,1,new simulation,nan
14,31,0.21951958020513102,1.6499999999999995,0.3999999999999999,settled,1.420000000000001,-0.4087989505128276,0.0,2,2,0,nan,0.04,0.4487989505128276,9.81,1,1,7,21,41,-3.0,3.0,0.01,30.0,60.0,1e-09,1e-12,6,0.0001,1,new simulation,nan
14,32,0.21951958020513102,1.7999999999999998,0.3999999999999999,settled,1.1600000000000008,-0.4087989505128276,0.0,2,2,0,nan,0.04,0.4487989505128276,9.81,1,1,7,21,41,-3.0,3.0,0.01,30.0,60.0,1e-09,1e-12,6,0.0001,1,new simulation,nan
14,33,0.21951958020513102,1.9500000000000002,0.3999999999999999,settled,1.0100000000000007,-0.4087989505128276,0.0,2,2,0,nan,0.04,0.4487989505128276,9.81,1,1,7,21,41,-3.0,3.0,0.01,30.0,60.0,1e-09,1e-12,6,0.0001,1,new simulation,nan
14,34,0.21951958020513102,2.0999999999999996,0.3999999999999999,settled,0.9100000000000006,-0.4087989505128276,0.0,2,2,0,nan,0.04,0.4487989505128276,9.81,1,1,7,21,41,-3.0,3.0,0.01,30.0,60.0,1e-09,1e-12,6,0.0001,1,new simulation,nan
14,35,0.21951958020513102,2.25,0.3999999999999999,settled,0.8300000000000005,-0.4087989505128276,0.0,2,2,0,nan,0.04,0.4487989505128276,9.81,1,1,7,21,41,-3.0,3.0,0.01,30.0,60.0,1e-09,1e-12,6,0.0001,1,new simulation,nan
14,36,0.21951958020513102,2.3999999999999995,0.3999999999999999,settled,0.7700000000000005,-0.4087989505128276,0.0,2,2,0,nan,0.04,0.4487989505128276,9.81,1,1,7,21,41,-3.0,3.0,0.01,30.0,60.0,1e-09,1e-12,6,0.0001,1,new simulation,nan
14,37,0.21951958020513102,2.55,0.3999999999999999,settled,0.7100000000000004,-0.4087989505128276,0.0,2,2,0,nan,0.04,0.4487989505128276,9.81,1,1,7,21,41,-3.0,3.0,0.01,30.0,60.0,1e-09,1e-12,6,0.0001,1,new simulation,nan
14,38,0.21951958020513102,2.7,0.3999999999999999,settled,2.4999999999999907,-0.4087989505128276,0.0,3,3,0,nan,0.04,0.4487989505128276,9.81,1,1,7,21,41,-3.0,3.0,0.01,30.0,60.0,1e-09,1e-12,6,0.0001,1,new simulation,nan
14,39,0.21951958020513102,2.8499999999999996,0.3999999999999999,settled,1.9000000000000015,-0.4087989505128276,0.0,3,3,0,nan,0.04,0.4487989505128276,9.81,1,1,7,21,41,-3.0,3.0,0.01,30.0,60.0,1e-09,1e-12,6,0.0001,1,new simulation,nan
14,40,0.21951958020513102,3.0,0.3999999999999999,settled,1.6800000000000013,-0.4087989505128276,0.0,3,3,0,nan,0.04,0.4487989505128276,9.81,1,1,7,21,41,-3.0,3.0,0.01,30.0,60.0,1e-09,1e-12,6,0.0001,1,new simulation,nan
15,0,0.2643994752564138,-3.0,0.49999999999999994,settled,1.460000000000001,-0.4087989505128276,0.0,3,1,2,nan,0.04,0.4487989505128276,9.81,1,1,7,21,41,-3.0,3.0,0.01,30.0,60.0,1e-09,1e-12,6,0.0001,1,new simulation,nan
15,1,0.2643994752564138,-2.85,0.49999999999999994,settled,1.480000000000001,-0.4087989505128276,0.0,3,1,2,nan,0.04,0.4487989505128276,9.81,1,1,7,21,41,-3.0,3.0,0.01,30.0,60.0,1e-09,1e-12,6,0.0001,1,new simulation,nan
15,2,0.2643994752564138,-2.7,0.49999999999999994,settled,1.5200000000000011,-0.4087989505128276,0.0,3,1,2,nan,0.04,0.4487989505128276,9.81,1,1,7,21,41,-3.0,3.0,0.01,30.0,60.0,1e-09,1e-12,6,0.0001,1,new simulation,nan
15,3,0.2643994752564138,-2.55,0.49999999999999994,settled,1.6100000000000012,-0.4087989505128276,0.0,3,1,2,nan,0.04,0.4487989505128276,9.81,1,1,7,21,41,-3.0,3.0,0.01,30.0,60.0,1e-09,1e-12,6,0.0001,1,new simulation,nan
15,4,0.2643994752564138,-2.4,0.49999999999999994,settled,1.7800000000000014,-0.4087989505128276,0.0,3,1,2,nan,0.04,0.4487989505128276,9.81,1,1,7,21,41,-3.0,3.0,0.01,30.0,60.0,1e-09,1e-12,6,0.0001,1,new simulation,nan
15,5,0.2643994752564138,-2.25,0.49999999999999994,settled,2.439999999999992,-0.4087989505128276,0.0,3,1,2,nan,0.04,0.4487989505128276,9.81,1,1,7,21,41,-3.0,3.0,0.01,30.0,60.0,1e-09,1e-12,6,0.0001,1,new simulation,nan
15,6,0.2643994752564138,-2.1,0.49999999999999994,settled,1.5200000000000011,-0.4087989505128276,0.0,2,1,1,nan,0.04,0.4487989505128276,9.81,1,1,7,21,41,-3.0,3.0,0.01,30.0,60.0,1e-09,1e-12,6,0.0001,1,new simulation,nan
15,7,0.2643994752564138,-1.95,0.49999999999999994,settled,1.300000000000001,-0.4087989505128276,0.0,2,1,1,nan,0.04,0.4487989505128276,9.81,1,1,7,21,41,-3.0,3.0,0.01,30.0,60.0,1e-09,1e-12,6,0.0001,1,new simulation,nan
15,8,0.2643994752564138,-1.8,0.49999999999999994,settled,1.1900000000000008,-0.4087989505128276,0.0,2,1,1,nan,0.04,0.4487989505128276,9.81,1,1,7,21,41,-3.0,3.0,0.01,30.0,60.0,1e-09,1e-12,6,0.0001,1,new simulation,nan
15,9,0.2643994752564138,-1.6500000000000001,0.49999999999999994,settled,1.1300000000000008,-0.4087989505128276,0.0,2,1,1,nan,0.04,0.4487989505128276,9.81,1,1,7,21,41,-3.0,3.0,0.01,30.0,60.0,1e-09,1e-12,6,0.0001,1,new simulation,nan
15,10,0.2643994752564138,-1.5,0.49999999999999994,settled,1.1000000000000008,-0.4087989505128276,0.0,2,1,1,nan,0.04,0.4487989505128276,9.81,1,1,7,21,41,-3.0,3.0,0.01,30.0,60.0,1e-09,1e-12,6,0.0001,1,new simulation,nan
15,11,0.2643994752564138,-1.35,0.49999999999999994,settled,1.1000000000000008,-0.4087989505128276,0.0,2,1,1,nan,0.04,0.4487989505128276,9.81,1,1,7,21,41,-3.0,3.0,0.01,30.0,60.0,1e-09,1e-12,6,0.0001,1,new simulation,nan
15,12,0.2643994752564138,-1.2000000000000002,0.49999999999999994,settled,1.1400000000000008,-0.4087989505128276,0.0,2,1,1,nan,0.04,0.4487989505128276,9.81,1,1,7,21,41,-3.0,3.0,0.01,30.0,60.0,1e-09,1e-12,6,0.0001,1,new simulation,nan
15,13,0.2643994752564138,-1.05,0.49999999999999994,settled,1.2400000000000009,-0.4087989505128276,0.0,2,1,1,nan,0.04,0.4487989505128276,9.81,1,1,7,21,41,-3.0,3.0,0.01,30.0,60.0,1e-09,1e-12,6,0.0001,1,new simulation,nan
15,14,0.2643994752564138,-0.8999999999999999,0.49999999999999994,settled,1.5400000000000011,-0.4087989505128276,0.0,2,1,1,nan,0.04,0.4487989505128276,9.81,1,1,7,21,41,-3.0,3.0,0.01,30.0,60.0,1e-09,1e-12,6,0.0001,1,new simulation,nan
15,15,0.2643994752564138,-0.75,0.49999999999999994,settled,1.1900000000000008,-0.4087989505128276,0.0,1,1,0,nan,0.04,0.4487989505128276,9.81,1,1,7,21,41,-3.0,3.0,0.01,30.0,60.0,1e-09,1e-12,6,0.0001,1,new simulation,nan
15,16,0.2643994752564138,-0.6000000000000001,0.49999999999999994,settled,0.8300000000000005,-0.4087989505128276,0.0,1,1,0,nan,0.04,0.4487989505128276,9.81,1,1,7,21,41,-3.0,3.0,0.01,30.0,60.0,1e-09,1e-12,6,0.0001,1,new simulation,nan
15,17,0.2643994752564138,-0.4500000000000002,0.49999999999999994,settled,0.6600000000000004,-0.4087989505128276,0.0,1,1,0,nan,0.04,0.4487989505128276,9.81,1,1,7,21,41,-3.0,3.0,0.01,30.0,60.0,1e-09,1e-12,6,0.0001,1,new simulation,nan
15,18,0.2643994752564138,-0.30000000000000027,0.49999999999999994,settled,0.5500000000000003,-0.4087989505128276,0.0,1,1,0,nan,0.04,0.4487989505128276,9.81,1,1,7,21,41,-3.0,3.0,0.01,30.0,60.0,1e-09,1e-12,6,0.0001,1,new simulation,nan
15,19,0.2643994752564138,-0.1499999999999999,0.49999999999999994,settled,0.46000000000000024,-0.4087989505128276,0.0,1,1,0,nan,0.04,0.4487989505128276,9.81,1,1,7,21,41,-3.0,3.0,0.01,30.0,60.0,1e-09,1e-12,6,0.0001,1,new simulation,nan
15,20,0.2643994752564138,0.0,0.49999999999999994,settled,0.4000000000000002,-0.4087989505128276,0.0,1,1,0,nan,0.04,0.4487989505128276,9.81,1,1,7,21,41,-3.0,3.0,0.01,30.0,60.0,1e-09,1e-12,6,0.0001,1,new simulation,nan
15,21,0.2643994752564138,0.1499999999999999,0.49999999999999994,settled,0.35000000000000014,-0.4087989505128276,0.0,1,1,0,nan,0.04,0.4487989505128276,9.81,1,1,7,21,41,-3.0,3.0,0.01,30.0,60.0,1e-09,1e-12,6,0.0001,1,new simulation,nan
15,22,0.2643994752564138,0.2999999999999998,0.49999999999999994,settled,0.3000000000000001,-0.4087989505128276,0.0,1,1,0,nan,0.04,0.4487989505128276,9.81,1,1,7,21,41,-3.0,3.0,0.01,30.0,60.0,1e-09,1e-12,6,0.0001,1,new simulation,nan
15,23,0.2643994752564138,0.44999999999999973,0.49999999999999994,settled,0.2700000000000001,-0.4087989505128276,0.0,1,1,0,nan,0.04,0.4487989505128276,9.81,1,1,7,21,41,-3.0,3.0,0.01,30.0,60.0,1e-09,1e-12,6,0.0001,1,new simulation,nan
15,24,0.2643994752564138,0.5999999999999996,0.49999999999999994,settled,0.24000000000000007,-0.4087989505128276,0.0,1,1,0,nan,0.04,0.4487989505128276,9.81,1,1,7,21,41,-3.0,3.0,0.01,30.0,60.0,1e-09,1e-12,6,0.0001,1,new simulation,nan
15,25,0.2643994752564138,0.75,0.49999999999999994,settled,0.21000000000000005,-0.4087989505128276,0.0,1,1,0,nan,0.04,0.4487989505128276,9.81,1,1,7,21,41,-3.0,3.0,0.01,30.0,60.0,1e-09,1e-12,6,0.0001,1,new simulation,nan
15,26,0.2643994752564138,0.8999999999999999,0.49999999999999994,settled,0.19000000000000003,-0.4087989505128276,0.0,1,1,0,nan,0.04,0.4487989505128276,9.81,1,1,7,21,41,-3.0,3.0,0.01,30.0,60.0,1e-09,1e-12,6,0.0001,1,new simulation,nan
15,27,0.2643994752564138,1.0499999999999998,0.49999999999999994,settled,0.17,-0.4087989505128276,0.0,1,1,0,nan,0.04,0.4487989505128276,9.81,1,1,7,21,41,-3.0,3.0,0.01,30.0,60.0,1e-09,1e-12,6,0.0001,1,new simulation,nan
15,28,0.2643994752564138,1.2000000000000002,0.49999999999999994,settled,0.16,-0.4087989505128276,0.0,1,1,0,nan,0.04,0.4487989505128276,9.81,1,1,7,21,41,-3.0,3.0,0.01,30.0,60.0,1e-09,1e-12,6,0.0001,1,new simulation,nan
15,29,0.2643994752564138,1.3499999999999996,0.49999999999999994,settled,0.15,-0.4087989505128276,0.0,1,1,0,nan,0.04,0.4487989505128276,9.81,1,1,7,21,41,-3.0,3.0,0.01,30.0,60.0,1e-09,1e-12,6,0.0001,1,new simulation,nan
15,30,0.2643994752564138,1.5,0.49999999999999994,settled,0.13999999999999999,-0.4087989505128276,0.0,1,1,0,nan,0.04,0.4487989505128276,9.81,1,1,7,21,41,-3.0,3.0,0.01,30.0,60.0,1e-09,1e-12,6,0.0001,1,new simulation,nan
15,31,0.2643994752564138,1.6499999999999995,0.49999999999999994,settled,1.6400000000000012,-0.4087989505128276,0.0,2,2,0,nan,0.04,0.4487989505128276,9.81,1,1,7,21,41,-3.0,3.0,0.01,30.0,60.0,1e-09,1e-12,6,0.0001,1,new simulation,nan
15,32,0.2643994752564138,1.7999999999999998,0.49999999999999994,settled,1.2200000000000009,-0.4087989505128276,0.0,2,2,0,nan,0.04,0.4487989505128276,9.81,1,1,7,21,41,-3.0,3.0,0.01,30.0,60.0,1e-09,1e-12,6,0.0001,1,new simulation,nan
15,33,0.2643994752564138,1.9500000000000002,0.49999999999999994,settled,1.0300000000000007,-0.4087989505128276,0.0,2,2,0,nan,0.04,0.4487989505128276,9.81,1,1,7,21,41,-3.0,3.0,0.01,30.0,60.0,1e-09,1e-12,6,0.0001,1,new simulation,nan
15,34,0.2643994752564138,2.0999999999999996,0.49999999999999994,settled,0.9200000000000006,-0.4087989505128276,0.0,2,2,0,nan,0.04,0.4487989505128276,9.81,1,1,7,21,41,-3.0,3.0,0.01,30.0,60.0,1e-09,1e-12,6,0.0001,1,new simulation,nan
15,35,0.2643994752564138,2.25,0.49999999999999994,settled,0.8300000000000005,-0.4087989505128276,0.0,2,2,0,nan,0.04,0.4487989505128276,9.81,1,1,7,21,41,-3.0,3.0,0.01,30.0,60.0,1e-09,1e-12,6,0.0001,1,new simulation,nan
15,36,0.2643994752564138,2.3999999999999995,0.49999999999999994,settled,0.7600000000000005,-0.4087989505128276,0.0,2,2,0,nan,0.04,0.4487989505128276,9.81,1,1,7,21,41,-3.0,3.0,0.01,30.0,60.0,1e-09,1e-12,6,0.0001,1,new simulation,nan
15,37,0.2643994752564138,2.55,0.49999999999999994,settled,0.7100000000000004,-0.4087989505128276,0.0,2,2,0,nan,0.04,0.4487989505128276,9.81,1,1,7,21,41,-3.0,3.0,0.01,30.0,60.0,1e-09,1e-12,6,0.0001,1,new simulation,nan
15,38,0.2643994752564138,2.7,0.49999999999999994,settled,0.6600000000000004,-0.4087989505128276,0.0,2,2,0,nan,0.04,0.4487989505128276,9.81,1,1,7,21,41,-3.0,3.0,0.01,30.0,60.0,1e-09,1e-12,6,0.0001,1,new simulation,nan
15,39,0.2643994752564138,2.8499999999999996,0.49999999999999994,settled,1.9700000000000015,-0.4087989505128276,0.0,3,3,0,nan,0.04,0.4487989505128276,9.81,1,1,7,21,41,-3.0,3.0,0.01,30.0,60.0,1e-09,1e-12,6,0.0001,1,new simulation,nan
15,40,0.2643994752564138,3.0,0.49999999999999994,settled,1.7100000000000013,-0.4087989505128276,0.0,3,3,0,nan,0.04,0.4487989505128276,9.81,1,1,7,21,41,-3.0,3.0,0.01,30.0,60.0,1e-09,1e-12,6,0.0001,1,new simulation,nan
16,0,0.30927937030769653,-3.0,0.6,settled,1.480000000000001,-0.4087989505128276,0.0,3,1,2,nan,0.04,0.4487989505128276,9.81,1,1,7,21,41,-3.0,3.0,0.01,30.0,60.0,1e-09,1e-12,6,0.0001,1,new simulation,nan
16,1,0.30927937030769653,-2.85,0.6,settled,1.500000000000001,-0.4087989505128276,0.0,3,1,2,nan,0.04,0.4487989505128276,9.81,1,1,7,21,41,-3.0,3.0,0.01,30.0,60.0,1e-09,1e-12,6,0.0001,1,new simulation,nan
16,2,0.30927937030769653,-2.7,0.6,settled,1.5600000000000012,-0.4087989505128276,0.0,3,1,2,nan,0.04,0.4487989505128276,9.81,1,1,7,21,41,-3.0,3.0,0.01,30.0,60.0,1e-09,1e-12,6,0.0001,1,new simulation,nan
16,3,0.30927937030769653,-2.55,0.6,settled,1.6700000000000013,-0.4087989505128276,0.0,3,1,2,nan,0.04,0.4487989505128276,9.81,1,1,7,21,41,-3.0,3.0,0.01,30.0,60.0,1e-09,1e-12,6,0.0001,1,new simulation,nan
16,4,0.30927937030769653,-2.4,0.6,settled,1.9100000000000015,-0.4087989505128276,0.0,3,1,2,nan,0.04,0.4487989505128276,9.81,1,1,7,21,41,-3.0,3.0,0.01,30.0,60.0,1e-09,1e-12,6,0.0001,1,new simulation,nan
16,5,0.30927937030769653,-2.25,0.6,settled,1.9400000000000015,-0.4087989505128276,0.0,2,1,1,nan,0.04,0.4487989505128276,9.81,1,1,7,21,41,-3.0,3.0,0.01,30.0,60.0,1e-09,1e-12,6,0.0001,1,new simulation,nan
16,6,0.30927937030769653,-2.1,0.6,settled,1.430000000000001,-0.4087989505128276,0.0,2,1,1,nan,0.04,0.4487989505128276,9.81,1,1,7,21,41,-3.0,3.0,0.01,30.0,60.0,1e-09,1e-12,6,0.0001,1,new simulation,nan
16,7,0.30927937030769653,-1.95,0.6,settled,1.270000000000001,-0.4087989505128276,0.0,2,1,1,nan,0.04,0.4487989505128276,9.81,1,1,7,21,41,-3.0,3.0,0.01,30.0,60.0,1e-09,1e-12,6,0.0001,1,new simulation,nan
16,8,0.30927937030769653,-1.8,0.6,settled,1.1800000000000008,-0.4087989505128276,0.0,2,1,1,nan,0.04,0.4487989505128276,9.81,1,1,7,21,41,-3.0,3.0,0.01,30.0,60.0,1e-09,1e-12,6,0.0001,1,new simulation,nan
16,9,0.30927937030769653,-1.6500000000000001,0.6,settled,1.1400000000000008,-0.4087989505128276,0.0,2,1,1,nan,0.04,0.4487989505128276,9.81,1,1,7,21,41,-3.0,3.0,0.01,30.0,60.0,1e-09,1e-12,6,0.0001,1,new simulation,nan
16,10,0.30927937030769653,-1.5,0.6,settled,1.1300000000000008,-0.4087989505128276,0.0,2,1,1,nan,0.04,0.4487989505128276,9.81,1,1,7,21,41,-3.0,3.0,0.01,30.0,60.0,1e-09,1e-12,6,0.0001,1,new simulation,nan
16,11,0.30927937030769653,-1.35,0.6,settled,1.1600000000000008,-0.4087989505128276,0.0,2,1,1,nan,0.04,0.4487989505128276,9.81,1,1,7,21,41,-3.0,3.0,0.01,30.0,60.0,1e-09,1e-12,6,0.0001,1,new simulation,nan
16,12,0.30927937030769653,-1.2000000000000002,0.6,settled,1.2400000000000009,-0.4087989505128276,0.0,2,1,1,nan,0.04,0.4487989505128276,9.81,1,1,7,21,41,-3.0,3.0,0.01,30.0,60.0,1e-09,1e-12,6,0.0001,1,new simulation,nan
16,13,0.30927937030769653,-1.05,0.6,settled,1.5100000000000011,-0.4087989505128276,0.0,2,1,1,nan,0.04,0.4487989505128276,9.81,1,1,7,21,41,-3.0,3.0,0.01,30.0,60.0,1e-09,1e-12,6,0.0001,1,new simulation,nan
16,14,0.30927937030769653,-0.8999999999999999,0.6,settled,1.2400000000000009,-0.4087989505128276,0.0,1,1,0,nan,0.04,0.4487989505128276,9.81,1,1,7,21,41,-3.0,3.0,0.01,30.0,60.0,1e-09,1e-12,6,0.0001,1,new simulation,nan
16,15,0.30927937030769653,-0.75,0.6,settled,0.8400000000000005,-0.4087989505128276,0.0,1,1,0,nan,0.04,0.4487989505128276,9.81,1,1,7,21,41,-3.0,3.0,0.01,30.0,60.0,1e-09,1e-12,6,0.0001,1,new simulation,nan
16,16,0.30927937030769653,-0.6000000000000001,0.6,settled,0.6700000000000004,-0.4087989505128276,0.0,1,1,0,nan,0.04,0.4487989505128276,9.81,1,1,7,21,41,-3.0,3.0,0.01,30.0,60.0,1e-09,1e-12,6,0.0001,1,new simulation,nan
16,17,0.30927937030769653,-0.4500000000000002,0.6,settled,0.5500000000000003,-0.4087989505128276,0.0,1,1,0,nan,0.04,0.4487989505128276,9.81,1,1,7,21,41,-3.0,3.0,0.01,30.0,60.0,1e-09,1e-12,6,0.0001,1,new simulation,nan
16,18,0.30927937030769653,-0.30000000000000027,0.6,settled,0.46000000000000024,-0.4087989505128276,0.0,1,1,0,nan,0.04,0.4487989505128276,9.81,1,1,7,21,41,-3.0,3.0,0.01,30.0,60.0,1e-09,1e-12,6,0.0001,1,new simulation,nan
16,19,0.30927937030769653,-0.1499999999999999,0.6,settled,0.3900000000000002,-0.4087989505128276,0.0,1,1,0,nan,0.04,0.4487989505128276,9.81,1,1,7,21,41,-3.0,3.0,0.01,30.0,60.0,1e-09,1e-12,6,0.0001,1,new simulation,nan
16,20,0.30927937030769653,0.0,0.6,settled,0.34000000000000014,-0.4087989505128276,0.0,1,1,0,nan,0.04,0.4487989505128276,9.81,1,1,7,21,41,-3.0,3.0,0.01,30.0,60.0,1e-09,1e-12,6,0.0001,1,new simulation,nan
16,21,0.30927937030769653,0.1499999999999999,0.6,settled,0.2900000000000001,-0.4087989505128276,0.0,1,1,0,nan,0.04,0.4487989505128276,9.81,1,1,7,21,41,-3.0,3.0,0.01,30.0,60.0,1e-09,1e-12,6,0.0001,1,new simulation,nan
16,22,0.30927937030769653,0.2999999999999998,0.6,settled,0.25000000000000006,-0.4087989505128276,0.0,1,1,0,nan,0.04,0.4487989505128276,9.81,1,1,7,21,41,-3.0,3.0,0.01,30.0,60.0,1e-09,1e-12,6,0.0001,1,new simulation,nan
16,23,0.30927937030769653,0.44999999999999973,0.6,settled,0.22000000000000006,-0.4087989505128276,0.0,1,1,0,nan,0.04,0.4487989505128276,9.81,1,1,7,21,41,-3.0,3.0,0.01,30.0,60.0,1e-09,1e-12,6,0.0001,1,new simulation,nan
16,24,0.30927937030769653,0.5999999999999996,0.6,settled,0.20000000000000004,-0.4087989505128276,0.0,1,1,0,nan,0.04,0.4487989505128276,9.81,1,1,7,21,41,-3.0,3.0,0.01,30.0,60.0,1e-09,1e-12,6,0.0001,1,new simulation,nan
16,25,0.30927937030769653,0.75,0.6,settled,0.18000000000000002,-0.4087989505128276,0.0,1,1,0,nan,0.04,0.4487989505128276,9.81,1,1,7,21,41,-3.0,3.0,0.01,30.0,60.0,1e-09,1e-12,6,0.0001,1,new simulation,nan
16,26,0.30927937030769653,0.8999999999999999,0.6,settled,0.16,-0.4087989505128276,0.0,1,1,0,nan,0.04,0.4487989505128276,9.81,1,1,7,21,41,-3.0,3.0,0.01,30.0,60.0,1e-09,1e-12,6,0.0001,1,new simulation,nan
16,27,0.30927937030769653,1.0499999999999998,0.6,settled,0.13999999999999999,-0.4087989505128276,0.0,1,1,0,nan,0.04,0.4487989505128276,9.81,1,1,7,21,41,-3.0,3.0,0.01,30.0,60.0,1e-09,1e-12,6,0.0001,1,new simulation,nan
16,28,0.30927937030769653,1.2000000000000002,0.6,settled,0.12999999999999998,-0.4087989505128276,0.0,1,1,0,nan,0.04,0.4487989505128276,9.81,1,1,7,21,41,-3.0,3.0,0.01,30.0,60.0,1e-09,1e-12,6,0.0001,1,new simulation,nan
16,29,0.30927937030769653,1.3499999999999996,0.6,settled,0.11999999999999998,-0.4087989505128276,0.0,1,1,0,nan,0.04,0.4487989505128276,9.81,1,1,7,21,41,-3.0,3.0,0.01,30.0,60.0,1e-09,1e-12,6,0.0001,1,new simulation,nan
16,30,0.30927937030769653,1.5,0.6,settled,0.10999999999999999,-0.4087989505128276,0.0,1,1,0,nan,0.04,0.4487989505128276,9.81,1,1,7,21,41,-3.0,3.0,0.01,30.0,60.0,1e-09,1e-12,6,0.0001,1,new simulation,nan
16,31,0.30927937030769653,1.6499999999999995,0.6,settled,0.09999999999999999,-0.4087989505128276,0.0,1,1,0,nan,0.04,0.4487989505128276,9.81,1,1,7,21,41,-3.0,3.0,0.01,30.0,60.0,1e-09,1e-12,6,0.0001,1,new simulation,nan
16,32,0.30927937030769653,1.7999999999999998,0.6,settled,1.330000000000001,-0.4087989505128276,0.0,2,2,0,nan,0.04,0.4487989505128276,9.81,1,1,7,21,41,-3.0,3.0,0.01,30.0,60.0,1e-09,1e-12,6,0.0001,1,new simulation,nan
16,33,0.30927937030769653,1.9500000000000002,0.6,settled,1.0800000000000007,-0.4087989505128276,0.0,2,2,0,nan,0.04,0.4487989505128276,9.81,1,1,7,21,41,-3.0,3.0,0.01,30.0,60.0,1e-09,1e-12,6,0.0001,1,new simulation,nan
16,34,0.30927937030769653,2.0999999999999996,0.6,settled,0.9400000000000006,-0.4087989505128276,0.0,2,2,0,nan,0.04,0.4487989505128276,9.81,1,1,7,21,41,-3.0,3.0,0.01,30.0,60.0,1e-09,1e-12,6,0.0001,1,new simulation,nan
16,35,0.30927937030769653,2.25,0.6,settled,0.8400000000000005,-0.4087989505128276,0.0,2,2,0,nan,0.04,0.4487989505128276,9.81,1,1,7,21,41,-3.0,3.0,0.01,30.0,60.0,1e-09,1e-12,6,0.0001,1,new simulation,nan
16,36,0.30927937030769653,2.3999999999999995,0.6,settled,0.7700000000000005,-0.4087989505128276,0.0,2,2,0,nan,0.04,0.4487989505128276,9.81,1,1,7,21,41,-3.0,3.0,0.01,30.0,60.0,1e-09,1e-12,6,0.0001,1,new simulation,nan
16,37,0.30927937030769653,2.55,0.6,settled,0.7100000000000004,-0.4087989505128276,0.0,2,2,0,nan,0.04,0.4487989505128276,9.81,1,1,7,21,41,-3.0,3.0,0.01,30.0,60.0,1e-09,1e-12,6,0.0001,1,new simulation,nan
16,38,0.30927937030769653,2.7,0.6,settled,0.6600000000000004,-0.4087989505128276,0.0,2,2,0,nan,0.04,0.4487989505128276,9.81,1,1,7,21,41,-3.0,3.0,0.01,30.0,60.0,1e-09,1e-12,6,0.0001,1,new simulation,nan
16,39,0.30927937030769653,2.8499999999999996,0.6,settled,2.0799999999999996,-0.4087989505128276,0.0,3,3,0,nan,0.04,0.4487989505128276,9.81,1,1,7,21,41,-3.0,3.0,0.01,30.0,60.0,1e-09,1e-12,6,0.0001,1,new simulation,nan
16,40,0.30927937030769653,3.0,0.6,settled,1.7500000000000013,-0.4087989505128276,0.0,3,3,0,nan,0.04,0.4487989505128276,9.81,1,1,7,21,41,-3.0,3.0,0.01,30.0,60.0,1e-09,1e-12,6,0.0001,1,new simulation,nan
17,0,0.3541592653589793,-3.0,0.7,settled,1.500000000000001,-0.4087989505128276,0.0,3,1,2,nan,0.04,0.4487989505128276,9.81,1,1,7,21,41,-3.0,3.0,0.01,30.0,60.0,1e-09,1e-12,6,0.0001,1,new simulation,nan
17,1,0.3541592653589793,-2.85,0.7,settled,1.5400000000000011,-0.4087989505128276,0.0,3,1,2,nan,0.04,0.4487989505128276,9.81,1,1,7,21,41,-3.0,3.0,0.01,30.0,60.0,1e-09,1e-12,6,0.0001,1,new simulation,nan
17,2,0.3541592653589793,-2.7,0.7,settled,1.6100000000000012,-0.4087989505128276,0.0,3,1,2,nan,0.04,0.4487989505128276,9.81,1,1,7,21,41,-3.0,3.0,0.01,30.0,60.0,1e-09,1e-12,6,0.0001,1,new simulation,nan
17,3,0.3541592653589793,-2.55,0.7,settled,1.7500000000000013,-0.4087989505128276,0.0,3,1,2,nan,0.04,0.4487989505128276,9.81,1,1,7,21,41,-3.0,3.0,0.01,30.0,60.0,1e-09,1e-12,6,0.0001,1,new simulation,nan
17,4,0.3541592653589793,-2.4,0.7,settled,2.149999999999998,-0.4087989505128276,0.0,3,1,2,nan,0.04,0.4487989505128276,9.81,1,1,7,21,41,-3.0,3.0,0.01,30.0,60.0,1e-09,1e-12,6,0.0001,1,new simulation,nan
17,5,0.3541592653589793,-2.25,0.7,settled,1.6400000000000012,-0.4087989505128276,0.0,2,1,1,nan,0.04,0.4487989505128276,9.81,1,1,7,21,41,-3.0,3.0,0.01,30.0,60.0,1e-09,1e-12,6,0.0001,1,new simulation,nan
17,6,0.3541592653589793,-2.1,0.7,settled,1.360000000000001,-0.4087989505128276,0.0,2,1,1,nan,0.04,0.4487989505128276,9.81,1,1,7,21,41,-3.0,3.0,0.01,30.0,60.0,1e-09,1e-12,6,0.0001,1,new simulation,nan
17,7,0.3541592653589793,-1.95,0.7,settled,1.2400000000000009,-0.4087989505128276,0.0,2,1,1,nan,0.04,0.4487989505128276,9.81,1,1,7,21,41,-3.0,3.0,0.01,30.0,60.0,1e-09,1e-12,6,0.0001,1,new simulation,nan
17,8,0.3541592653589793,-1.8,0.7,settled,1.1800000000000008,-0.4087989505128276,0.0,2,1,1,nan,0.04,0.4487989505128276,9.81,1,1,7,21,41,-3.0,3.0,0.01,30.0,60.0,1e-09,1e-12,6,0.0001,1,new simulation,nan
17,9,0.3541592653589793,-1.6500000000000001,0.7,settled,1.1600000000000008,-0.4087989505128276,0.0,2,1,1,nan,0.04,0.4487989505128276,9.81,1,1,7,21,41,-3.0,3.0,0.01,30.0,60.0,1e-09,1e-12,6,0.0001,1,new simulation,nan
17,10,0.3541592653589793,-1.5,0.7,settled,1.1700000000000008,-0.4087989505128276,0.0,2,1,1,nan,0.04,0.4487989505128276,9.81,1,1,7,21,41,-3.0,3.0,0.01,30.0,60.0,1e-09,1e-12,6,0.0001,1,new simulation,nan
17,11,0.3541592653589793,-1.35,0.7,settled,1.2500000000000009,-0.4087989505128276,0.0,2,1,1,nan,0.04,0.4487989505128276,9.81,1,1,7,21,41,-3.0,3.0,0.01,30.0,60.0,1e-09,1e-12,6,0.0001,1,new simulation,nan
17,12,0.3541592653589793,-1.2000000000000002,0.7,settled,1.480000000000001,-0.4087989505128276,0.0,2,1,1,nan,0.04,0.4487989505128276,9.81,1,1,7,21,41,-3.0,3.0,0.01,30.0,60.0,1e-09,1e-12,6,0.0001,1,new simulation,nan
17,13,0.3541592653589793,-1.05,0.7,settled,1.300000000000001,-0.4087989505128276,0.0,1,1,0,nan,0.04,0.4487989505128276,9.81,1,1,7,21,41,-3.0,3.0,0.01,30.0,60.0,1e-09,1e-12,6,0.0001,1,new simulation,nan
17,14,0.3541592653589793,-0.8999999999999999,0.7,settled,0.8600000000000005,-0.4087989505128276,0.0,1,1,0,nan,0.04,0.4487989505128276,9.81,1,1,7,21,41,-3.0,3.0,0.01,30.0,60.0,1e-09,1e-12,6,0.0001,1,new simulation,nan
17,15,0.3541592653589793,-0.75,0.7,settled,0.6700000000000004,-0.4087989505128276,0.0,1,1,0,nan,0.04,0.4487989505128276,9.81,1,1,7,21,41,-3.0,3.0,0.01,30.0,60.0,1e-09,1e-12,6,0.0001,1,new simulation,nan
17,16,0.3541592653589793,-0.6000000000000001,0.7,settled,0.5500000000000003,-0.4087989505128276,0.0,1,1,0,nan,0.04,0.4487989505128276,9.81,1,1,7,21,41,-3.0,3.0,0.01,30.0,60.0,1e-09,1e-12,6,0.0001,1,new simulation,nan
17,17,0.3541592653589793,-0.4500000000000002,0.7,settled,0.46000000000000024,-0.4087989505128276,0.0,1,1,0,nan,0.04,0.4487989505128276,9.81,1,1,7,21,41,-3.0,3.0,0.01,30.0,60.0,1e-09,1e-12,6,0.0001,1,new simulation,nan
17,18,0.3541592653589793,-0.30000000000000027,0.7,settled,0.3900000000000002,-0.4087989505128276,0.0,1,1,0,nan,0.04,0.4487989505128276,9.81,1,1,7,21,41,-3.0,3.0,0.01,30.0,60.0,1e-09,1e-12,6,0.0001,1,new simulation,nan
17,19,0.3541592653589793,-0.1499999999999999,0.7,settled,0.3300000000000001,-0.4087989505128276,0.0,1,1,0,nan,0.04,0.4487989505128276,9.81,1,1,7,21,41,-3.0,3.0,0.01,30.0,60.0,1e-09,1e-12,6,0.0001,1,new simulation,nan
17,20,0.3541592653589793,0.0,0.7,settled,0.2800000000000001,-0.4087989505128276,0.0,1,1,0,nan,0.04,0.4487989505128276,9.81,1,1,7,21,41,-3.0,3.0,0.01,30.0,60.0,1e-09,1e-12,6,0.0001,1,new simulation,nan
17,21,0.3541592653589793,0.1499999999999999,0.7,settled,0.24000000000000007,-0.4087989505128276,0.0,1,1,0,nan,0.04,0.4487989505128276,9.81,1,1,7,21,41,-3.0,3.0,0.01,30.0,60.0,1e-09,1e-12,6,0.0001,1,new simulation,nan
17,22,0.3541592653589793,0.2999999999999998,0.7,settled,0.21000000000000005,-0.4087989505128276,0.0,1,1,0,nan,0.04,0.4487989505128276,9.81,1,1,7,21,41,-3.0,3.0,0.01,30.0,60.0,1e-09,1e-12,6,0.0001,1,new simulation,nan
17,23,0.3541592653589793,0.44999999999999973,0.7,settled,0.18000000000000002,-0.4087989505128276,0.0,1,1,0,nan,0.04,0.4487989505128276,9.81,1,1,7,21,41,-3.0,3.0,0.01,30.0,60.0,1e-09,1e-12,6,0.0001,1,new simulation,nan
17,24,0.3541592653589793,0.5999999999999996,0.7,settled,0.16,-0.4087989505128276,0.0,1,1,0,nan,0.04,0.4487989505128276,9.81,1,1,7,21,41,-3.0,3.0,0.01,30.0,60.0,1e-09,1e-12,6,0.0001,1,new simulation,nan
17,25,0.3541592653589793,0.75,0.7,settled,0.13999999999999999,-0.4087989505128276,0.0,1,1,0,nan,0.04,0.4487989505128276,9.81,1,1,7,21,41,-3.0,3.0,0.01,30.0,60.0,1e-09,1e-12,6,0.0001,1,new simulation,nan
17,26,0.3541592653589793,0.8999999999999999,0.7,settled,0.11999999999999998,-0.4087989505128276,0.0,1,1,0,nan,0.04,0.4487989505128276,9.81,1,1,7,21,41,-3.0,3.0,0.01,30.0,60.0,1e-09,1e-12,6,0.0001,1,new simulation,nan
17,27,0.3541592653589793,1.0499999999999998,0.7,settled,0.10999999999999999,-0.4087989505128276,0.0,1,1,0,nan,0.04,0.4487989505128276,9.81,1,1,7,21,41,-3.0,3.0,0.01,30.0,60.0,1e-09,1e-12,6,0.0001,1,new simulation,nan
17,28,0.3541592653589793,1.2000000000000002,0.7,settled,0.09999999999999999,-0.4087989505128276,0.0,1,1,0,nan,0.04,0.4487989505128276,9.81,1,1,7,21,41,-3.0,3.0,0.01,30.0,60.0,1e-09,1e-12,6,0.0001,1,new simulation,nan
17,29,0.3541592653589793,1.3499999999999996,0.7,settled,0.09,-0.4087989505128276,0.0,1,1,0,nan,0.04,0.4487989505128276,9.81,1,1,7,21,41,-3.0,3.0,0.01,30.0,60.0,1e-09,1e-12,6,0.0001,1,new simulation,nan
17,30,0.3541592653589793,1.5,0.7,settled,0.09,-0.4087989505128276,0.0,1,1,0,nan,0.04,0.4487989505128276,9.81,1,1,7,21,41,-3.0,3.0,0.01,30.0,60.0,1e-09,1e-12,6,0.0001,1,new simulation,nan
17,31,0.3541592653589793,1.6499999999999995,0.7,settled,0.08,-0.4087989505128276,0.0,1,1,0,nan,0.04,0.4487989505128276,9.81,1,1,7,21,41,-3.0,3.0,0.01,30.0,60.0,1e-09,1e-12,6,0.0001,1,new simulation,nan
17,32,0.3541592653589793,1.7999999999999998,0.7,settled,1.6200000000000012,-0.4087989505128276,0.0,2,2,0,nan,0.04,0.4487989505128276,9.81,1,1,7,21,41,-3.0,3.0,0.01,30.0,60.0,1e-09,1e-12,6,0.0001,1,new simulation,nan
17,33,0.3541592653589793,1.9500000000000002,0.7,settled,1.1600000000000008,-0.4087989505128276,0.0,2,2,0,nan,0.04,0.4487989505128276,9.81,1,1,7,21,41,-3.0,3.0,0.01,30.0,60.0,1e-09,1e-12,6,0.0001,1,new simulation,nan
17,34,0.3541592653589793,2.0999999999999996,0.7,settled,0.9700000000000006,-0.4087989505128276,0.0,2,2,0,nan,0.04,0.4487989505128276,9.81,1,1,7,21,41,-3.0,3.0,0.01,30.0,60.0,1e-09,1e-12,6,0.0001,1,new simulation,nan
17,35,0.3541592653589793,2.25,0.7,settled,0.8600000000000005,-0.4087989505128276,0.0,2,2,0,nan,0.04,0.4487989505128276,9.81,1,1,7,21,41,-3.0,3.0,0.01,30.0,60.0,1e-09,1e-12,6,0.0001,1,new simulation,nan
17,36,0.3541592653589793,2.3999999999999995,0.7,settled,0.7800000000000005,-0.4087989505128276,0.0,2,2,0,nan,0.04,0.4487989505128276,9.81,1,1,7,21,41,-3.0,3.0,0.01,30.0,60.0,1e-09,1e-12,6,0.0001,1,new simulation,nan
17,37,0.3541592653589793,2.55,0.7,settled,0.7100000000000004,-0.4087989505128276,0.0,2,2,0,nan,0.04,0.4487989505128276,9.81,1,1,7,21,41,-3.0,3.0,0.01,30.0,60.0,1e-09,1e-12,6,0.0001,1,new simulation,nan
17,38,0.3541592653589793,2.7,0.7,settled,0.6600000000000004,-0.4087989505128276,0.0,2,2,0,nan,0.04,0.4487989505128276,9.81,1,1,7,21,41,-3.0,3.0,0.01,30.0,60.0,1e-09,1e-12,6,0.0001,1,new simulation,nan
17,39,0.3541592653589793,2.8499999999999996,0.7,settled,2.3199999999999945,-0.4087989505128276,0.0,3,3,0,nan,0.04,0.4487989505128276,9.81,1,1,7,21,41,-3.0,3.0,0.01,30.0,60.0,1e-09,1e-12,6,0.0001,1,new simulation,nan
17,40,0.3541592653589793,3.0,0.7,settled,1.8100000000000014,-0.4087989505128276,0.0,3,3,0,nan,0.04,0.4487989505128276,9.81,1,1,7,21,41,-3.0,3.0,0.01,30.0,60.0,1e-09,1e-12,6,0.0001,1,new simulation,nan
18,0,0.39903916041026205,-3.0,0.8,settled,1.5200000000000011,-0.4087989505128276,0.0,3,1,2,nan,0.04,0.4487989505128276,9.81,1,1,7,21,41,-3.0,3.0,0.01,30.0,60.0,1e-09,1e-12,6,0.0001,1,new simulation,nan
18,1,0.39903916041026205,-2.85,0.8,settled,1.5700000000000012,-0.4087989505128276,0.0,3,1,2,nan,0.04,0.4487989505128276,9.81,1,1,7,21,41,-3.0,3.0,0.01,30.0,60.0,1e-09,1e-12,6,0.0001,1,new simulation,nan
18,2,0.39903916041026205,-2.7,0.8,settled,1.6700000000000013,-0.4087989505128276,0.0,3,1,2,nan,0.04,0.4487989505128276,9.81,1,1,7,21,41,-3.0,3.0,0.01,30.0,60.0,1e-09,1e-12,6,0.0001,1,new simulation,nan
18,3,0.39903916041026205,-2.55,0.8,settled,1.8800000000000014,-0.4087989505128276,0.0,3,1,2,nan,0.04,0.4487989505128276,9.81,1,1,7,21,41,-3.0,3.0,0.01,30.0,60.0,1e-09,1e-12,6,0.0001,1,new simulation,nan
18,4,0.39903916041026205,-2.4,0.8,settled,2.2199999999999966,-0.4087989505128276,0.0,2,1,1,nan,0.04,0.4487989505128276,9.81,1,1,7,21,41,-3.0,3.0,0.01,30.0,60.0,1e-09,1e-12,6,0.0001,1,new simulation,nan
18,5,0.39903916041026205,-2.25,0.8,settled,1.490000000000001,-0.4087989505128276,0.0,2,1,1,nan,0.04,0.4487989505128276,9.81,1,1,7,21,41,-3.0,3.0,0.01,30.0,60.0,1e-09,1e-12,6,0.0001,1,new simulation,nan
18,6,0.39903916041026205,-2.1,0.8,settled,1.310000000000001,-0.4087989505128276,0.0,2,1,1,nan,0.04,0.4487989505128276,9.81,1,1,7,21,41,-3.0,3.0,0.01,30.0,60.0,1e-09,1e-12,6,0.0001,1,new simulation,nan
18,7,0.39903916041026205,-1.95,0.8,settled,1.2200000000000009,-0.4087989505128276,0.0,2,1,1,nan,0.04,0.4487989505128276,9.81,1,1,7,21,41,-3.0,3.0,0.01,30.0,60.0,1e-09,1e-12,6,0.0001,1,new simulation,nan
18,8,0.39903916041026205,-1.8,0.8,settled,1.1900000000000008,-0.4087989505128276,0.0,2,1,1,nan,0.04,0.4487989505128276,9.81,1,1,7,21,41,-3.0,3.0,0.01,30.0,60.0,1e-09,1e-12,6,0.0001,1,new simulation,nan
18,9,0.39903916041026205,-1.6500000000000001,0.8,settled,1.1900000000000008,-0.4087989505128276,0.0,2,1,1,nan,0.04,0.4487989505128276,9.81,1,1,7,21,41,-3.0,3.0,0.01,30.0,60.0,1e-09,1e-12,6,0.0001,1,new simulation,nan
18,10,0.39903916041026205,-1.5,0.8,settled,1.2500000000000009,-0.4087989505128276,0.0,2,1,1,nan,0.04,0.4487989505128276,9.81,1,1,7,21,41,-3.0,3.0,0.01,30.0,60.0,1e-09,1e-12,6,0.0001,1,new simulation,nan
18,11,0.39903916041026205,-1.35,0.8,settled,1.450000000000001,-0.4087989505128276,0.0,2,1,1,nan,0.04,0.4487989505128276,9.81,1,1,7,21,41,-3.0,3.0,0.01,30.0,60.0,1e-09,1e-12,6,0.0001,1,new simulation,nan
18,12,0.39903916041026205,-1.2000000000000002,0.8,settled,1.380000000000001,-0.4087989505128276,0.0,1,1,0,nan,0.04,0.4487989505128276,9.81,1,1,7,21,41,-3.0,3.0,0.01,30.0,60.0,1e-09,1e-12,6,0.0001,1,new simulation,nan
18,13,0.39903916041026205,-1.05,0.8,settled,0.8800000000000006,-0.4087989505128276,0.0,1,1,0,nan,0.04,0.4487989505128276,9.81,1,1,7,21,41,-3.0,3.0,0.01,30.0,60.0,1e-09,1e-12,6,0.0001,1,new simulation,nan
18,14,0.39903916041026205,-0.8999999999999999,0.8,settled,0.6800000000000004,-0.4087989505128276,0.0,1,1,0,nan,0.04,0.4487989505128276,9.81,1,1,7,21,41,-3.0,3.0,0.01,30.0,60.0,1e-09,1e-12,6,0.0001,1,new simulation,nan
18,15,0.39903916041026205,-0.75,0.8,settled,0.5500000000000003,-0.4087989505128276,0.0,1,1,0,nan,0.04,0.4487989505128276,9.81,1,1,7,21,41,-3.0,3.0,0.01,30.0,60.0,1e-09,1e-12,6,0.0001,1,new simulation,nan
18,16,0.39903916041026205,-0.6000000000000001,0.8,settled,0.46000000000000024,-0.4087989505128276,0.0,1,1,0,nan,0.04,0.4487989505128276,9.81,1,1,7,21,41,-3.0,3.0,0.01,30.0,60.0,1e-09,1e-12,6,0.0001,1,new simulation,nan
18,17,0.39903916041026205,-0.4500000000000002,0.8,settled,0.38000000000000017,-0.4087989505128276,0.0,1,1,0,nan,0.04,0.4487989505128276,9.81,1,1,7,21,41,-3.0,3.0,0.01,30.0,60.0,1e-09,1e-12,6,0.0001,1,new simulation,nan
18,18,0.39903916041026205,-0.30000000000000027,0.8,settled,0.3200000000000001,-0.4087989505128276,0.0,1,1,0,nan,0.04,0.4487989505128276,9.81,1,1,7,21,41,-3.0,3.0,0.01,30.0,60.0,1e-09,1e-12,6,0.0001,1,new simulation,nan
18,19,0.39903916041026205,-0.1499999999999999,0.8,settled,0.26000000000000006,-0.4087989505128276,0.0,1,1,0,nan,0.04,0.4487989505128276,9.81,1,1,7,21,41,-3.0,3.0,0.01,30.0,60.0,1e-09,1e-12,6,0.0001,1,new simulation,nan
18,20,0.39903916041026205,0.0,0.8,settled,0.22000000000000006,-0.4087989505128276,0.0,1,1,0,nan,0.04,0.4487989505128276,9.81,1,1,7,21,41,-3.0,3.0,0.01,30.0,60.0,1e-09,1e-12,6,0.0001,1,new simulation,nan
18,21,0.39903916041026205,0.1499999999999999,0.8,settled,0.18000000000000002,-0.4087989505128276,0.0,1,1,0,nan,0.04,0.4487989505128276,9.81,1,1,7,21,41,-3.0,3.0,0.01,30.0,60.0,1e-09,1e-12,6,0.0001,1,new simulation,nan
18,22,0.39903916041026205,0.2999999999999998,0.8,settled,0.15,-0.4087989505128276,0.0,1,1,0,nan,0.04,0.4487989505128276,9.81,1,1,7,21,41,-3.0,3.0,0.01,30.0,60.0,1e-09,1e-12,6,0.0001,1,new simulation,nan
18,23,0.39903916041026205,0.44999999999999973,0.8,settled,0.12999999999999998,-0.4087989505128276,0.0,1,1,0,nan,0.04,0.4487989505128276,9.81,1,1,7,21,41,-3.0,3.0,0.01,30.0,60.0,1e-09,1e-12,6,0.0001,1,new simulation,nan
18,24,0.39903916041026205,0.5999999999999996,0.8,settled,0.10999999999999999,-0.4087989505128276,0.0,1,1,0,nan,0.04,0.4487989505128276,9.81,1,1,7,21,41,-3.0,3.0,0.01,30.0,60.0,1e-09,1e-12,6,0.0001,1,new simulation,nan
18,25,0.39903916041026205,0.75,0.8,settled,0.09999999999999999,-0.4087989505128276,0.0,1,1,0,nan,0.04,0.4487989505128276,9.81,1,1,7,21,41,-3.0,3.0,0.01,30.0,60.0,1e-09,1e-12,6,0.0001,1,new simulation,nan
18,26,0.39903916041026205,0.8999999999999999,0.8,settled,0.09,-0.4087989505128276,0.0,1,1,0,nan,0.04,0.4487989505128276,9.81,1,1,7,21,41,-3.0,3.0,0.01,30.0,60.0,1e-09,1e-12,6,0.0001,1,new simulation,nan
18,27,0.39903916041026205,1.0499999999999998,0.8,settled,0.08,-0.4087989505128276,0.0,1,1,0,nan,0.04,0.4487989505128276,9.81,1,1,7,21,41,-3.0,3.0,0.01,30.0,60.0,1e-09,1e-12,6,0.0001,1,new simulation,nan
18,28,0.39903916041026205,1.2000000000000002,0.8,settled,0.07,-0.4087989505128276,0.0,1,1,0,nan,0.04,0.4487989505128276,9.81,1,1,7,21,41,-3.0,3.0,0.01,30.0,60.0,1e-09,1e-12,6,0.0001,1,new simulation,nan
18,29,0.39903916041026205,1.3499999999999996,0.8,settled,0.07,-0.4087989505128276,0.0,1,1,0,nan,0.04,0.4487989505128276,9.81,1,1,7,21,41,-3.0,3.0,0.01,30.0,60.0,1e-09,1e-12,6,0.0001,1,new simulation,nan
18,30,0.39903916041026205,1.5,0.8,settled,0.060000000000000005,-0.4087989505128276,0.0,1,1,0,nan,0.04,0.4487989505128276,9.81,1,1,7,21,41,-3.0,3.0,0.01,30.0,60.0,1e-09,1e-12,6,0.0001,1,new simulation,nan
18,31,0.39903916041026205,1.6499999999999995,0.8,settled,0.060000000000000005,-0.4087989505128276,0.0,1,1,0,nan,0.04,0.4487989505128276,9.81,1,1,7,21,41,-3.0,3.0,0.01,30.0,60.0,1e-09,1e-12,6,0.0001,1,new simulation,nan
18,32,0.39903916041026205,1.7999999999999998,0.8,settled,0.05,-0.4087989505128276,0.0,1,1,0,nan,0.04,0.4487989505128276,9.81,1,1,7,21,41,-3.0,3.0,0.01,30.0,60.0,1e-09,1e-12,6,0.0001,1,new simulation,nan
18,33,0.39903916041026205,1.9500000000000002,0.8,settled,1.320000000000001,-0.4087989505128276,0.0,2,2,0,nan,0.04,0.4487989505128276,9.81,1,1,7,21,41,-3.0,3.0,0.01,30.0,60.0,1e-09,1e-12,6,0.0001,1,new simulation,nan
18,34,0.39903916041026205,2.0999999999999996,0.8,settled,1.0300000000000007,-0.4087989505128276,0.0,2,2,0,nan,0.04,0.4487989505128276,9.81,1,1,7,21,41,-3.0,3.0,0.01,30.0,60.0,1e-09,1e-12,6,0.0001,1,new simulation,nan
18,35,0.39903916041026205,2.25,0.8,settled,0.8900000000000006,-0.4087989505128276,0.0,2,2,0,nan,0.04,0.4487989505128276,9.81,1,1,7,21,41,-3.0,3.0,0.01,30.0,60.0,1e-09,1e-12,6,0.0001,1,new simulation,nan
18,36,0.39903916041026205,2.3999999999999995,0.8,settled,0.7900000000000005,-0.4087989505128276,0.0,2,2,0,nan,0.04,0.4487989505128276,9.81,1,1,7,21,41,-3.0,3.0,0.01,30.0,60.0,1e-09,1e-12,6,0.0001,1,new simulation,nan
18,37,0.39903916041026205,2.55,0.8,settled,0.7200000000000004,-0.4087989505128276,0.0,2,2,0,nan,0.04,0.4487989505128276,9.81,1,1,7,21,41,-3.0,3.0,0.01,30.0,60.0,1e-09,1e-12,6,0.0001,1,new simulation,nan
18,38,0.39903916041026205,2.7,0.8,settled,0.6600000000000004,-0.4087989505128276,0.0,2,2,0,nan,0.04,0.4487989505128276,9.81,1,1,7,21,41,-3.0,3.0,0.01,30.0,60.0,1e-09,1e-12,6,0.0001,1,new simulation,nan
18,39,0.39903916041026205,2.8499999999999996,0.8,settled,0.6200000000000003,-0.4087989505128276,0.0,2,2,0,nan,0.04,0.4487989505128276,9.81,1,1,7,21,41,-3.0,3.0,0.01,30.0,60.0,1e-09,1e-12,6,0.0001,1,new simulation,nan
18,40,0.39903916041026205,3.0,0.8,settled,1.9200000000000015,-0.4087989505128276,0.0,3,3,0,nan,0.04,0.4487989505128276,9.81,1,1,7,21,41,-3.0,3.0,0.01,30.0,60.0,1e-09,1e-12,6,0.0001,1,new simulation,nan
19,0,0.4439190554615448,-3.0,0.9,settled,1.5600000000000012,-0.4087989505128276,0.0,3,1,2,nan,0.04,0.4487989505128276,9.81,1,1,7,21,41,-3.0,3.0,0.01,30.0,60.0,1e-09,1e-12,6,0.0001,1,new simulation,nan
19,1,0.4439190554615448,-2.85,0.9,settled,1.6200000000000012,-0.4087989505128276,0.0,3,1,2,nan,0.04,0.4487989505128276,9.81,1,1,7,21,41,-3.0,3.0,0.01,30.0,60.0,1e-09,1e-12,6,0.0001,1,new simulation,nan
19,2,0.4439190554615448,-2.7,0.9,settled,1.7600000000000013,-0.4087989505128276,0.0,3,1,2,nan,0.04,0.4487989505128276,9.81,1,1,7,21,41,-3.0,3.0,0.01,30.0,60.0,1e-09,1e-12,6,0.0001,1,new simulation,nan
19,3,0.4439190554615448,-2.55,0.9,settled,2.1299999999999986,-0.4087989505128276,0.0,3,1,2,nan,0.04,0.4487989505128276,9.81,1,1,7,21,41,-3.0,3.0,0.01,30.0,60.0,1e-09,1e-12,6,0.0001,1,new simulation,nan
19,4,0.4439190554615448,-2.4,0.9,settled,1.6900000000000013,-0.4087989505128276,0.0,2,1,1,nan,0.04,0.4487989505128276,9.81,1,1,7,21,41,-3.0,3.0,0.01,30.0,60.0,1e-09,1e-12,6,0.0001,1,new simulation,nan
19,5,0.4439190554615448,-2.25,0.9,settled,1.400000000000001,-0.4087989505128276,0.0,2,1,1,nan,0.04,0.4487989505128276,9.81,1,1,7,21,41,-3.0,3.0,0.01,30.0,60.0,1e-09,1e-12,6,0.0001,1,new simulation,nan
19,6,0.4439190554615448,-2.1,0.9,settled,1.280000000000001,-0.4087989505128276,0.0,2,1,1,nan,0.04,0.4487989505128276,9.81,1,1,7,21,41,-3.0,3.0,0.01,30.0,60.0,1e-09,1e-12,6,0.0001,1,new simulation,nan
19,7,0.4439190554615448,-1.95,0.9,settled,1.2200000000000009,-0.4087989505128276,0.0,2,1,1,nan,0.04,0.4487989505128276,9.81,1,1,7,21,41,-3.0,3.0,0.01,30.0,60.0,1e-09,1e-12,6,0.0001,1,new simulation,nan
19,8,0.4439190554615448,-1.8,0.9,settled,1.2100000000000009,-0.4087989505128276,0.0,2,1,1,nan,0.04,0.4487989505128276,9.81,1,1,7,21,41,-3.0,3.0,0.01,30.0,60.0,1e-09,1e-12,6,0.0001,1,new simulation,nan
19,9,0.4439190554615448,-1.6500000000000001,0.9,settled,1.260000000000001,-0.4087989505128276,0.0,2,1,1,nan,0.04,0.4487989505128276,9.81,1,1,7,21,41,-3.0,3.0,0.01,30.0,60.0,1e-09,1e-12,6,0.0001,1,new simulation,nan
19,10,0.4439190554615448,-1.5,0.9,settled,1.430000000000001,-0.4087989505128276,0.0,2,1,1,nan,0.04,0.4487989505128276,9.81,1,1,7,21,41,-3.0,3.0,0.01,30.0,60.0,1e-09,1e-12,6,0.0001,1,new simulation,nan
19,11,0.4439190554615448,-1.35,0.9,settled,1.500000000000001,-0.4087989505128276,0.0,1,1,0,nan,0.04,0.4487989505128276,9.81,1,1,7,21,41,-3.0,3.0,0.01,30.0,60.0,1e-09,1e-12,6,0.0001,1,new simulation,nan
19,12,0.4439190554615448,-1.2000000000000002,0.9,settled,0.9000000000000006,-0.4087989505128276,0.0,1,1,0,nan,0.04,0.4487989505128276,9.81,1,1,7,21,41,-3.0,3.0,0.01,30.0,60.0,1e-09,1e-12,6,0.0001,1,new simulation,nan
19,13,0.4439190554615448,-1.05,0.9,settled,0.6900000000000004,-0.4087989505128276,0.0,1,1,0,nan,0.04,0.4487989505128276,9.81,1,1,7,21,41,-3.0,3.0,0.01,30.0,60.0,1e-09,1e-12,6,0.0001,1,new simulation,nan
19,14,0.4439190554615448,-0.8999999999999999,0.9,settled,0.5600000000000003,-0.4087989505128276,0.0,1,1,0,nan,0.04,0.4487989505128276,9.81,1,1,7,21,41,-3.0,3.0,0.01,30.0,60.0,1e-09,1e-12,6,0.0001,1,new simulation,nan
19,15,0.4439190554615448,-0.75,0.9,settled,0.45000000000000023,-0.4087989505128276,0.0,1,1,0,nan,0.04,0.4487989505128276,9.81,1,1,7,21,41,-3.0,3.0,0.01,30.0,60.0,1e-09,1e-12,6,0.0001,1,new simulation,nan
19,16,0.4439190554615448,-0.6000000000000001,0.9,settled,0.37000000000000016,-0.4087989505128276,0.0,1,1,0,nan,0.04,0.4487989505128276,9.81,1,1,7,21,41,-3.0,3.0,0.01,30.0,60.0,1e-09,1e-12,6,0.0001,1,new simulation,nan
19,17,0.4439190554615448,-0.4500000000000002,0.9,settled,0.3000000000000001,-0.4087989505128276,0.0,1,1,0,nan,0.04,0.4487989505128276,9.81,1,1,7,21,41,-3.0,3.0,0.01,30.0,60.0,1e-09,1e-12,6,0.0001,1,new simulation,nan
19,18,0.4439190554615448,-0.30000000000000027,0.9,settled,0.24000000000000007,-0.4087989505128276,0.0,1,1,0,nan,0.04,0.4487989505128276,9.81,1,1,7,21,41,-3.0,3.0,0.01,30.0,60.0,1e-09,1e-12,6,0.0001,1,new simulation,nan
19,19,0.4439190554615448,-0.1499999999999999,0.9,settled,0.19000000000000003,-0.4087989505128276,0.0,1,1,0,nan,0.04,0.4487989505128276,9.81,1,1,7,21,41,-3.0,3.0,0.01,30.0,60.0,1e-09,1e-12,6,0.0001,1,new simulation,nan
19,20,0.4439190554615448,0.0,0.9,settled,0.15,-0.4087989505128276,0.0,1,1,0,nan,0.04,0.4487989505128276,9.81,1,1,7,21,41,-3.0,3.0,0.01,30.0,60.0,1e-09,1e-12,6,0.0001,1,new simulation,nan
19,21,0.4439190554615448,0.1499999999999999,0.9,settled,0.11999999999999998,-0.4087989505128276,0.0,1,1,0,nan,0.04,0.4487989505128276,9.81,1,1,7,21,41,-3.0,3.0,0.01,30.0,60.0,1e-09,1e-12,6,0.0001,1,new simulation,nan
19,22,0.4439190554615448,0.2999999999999998,0.9,settled,0.09999999999999999,-0.4087989505128276,0.0,1,1,0,nan,0.04,0.4487989505128276,9.81,1,1,7,21,41,-3.0,3.0,0.01,30.0,60.0,1e-09,1e-12,6,0.0001,1,new simulation,nan
19,23,0.4439190554615448,0.44999999999999973,0.9,settled,0.08,-0.4087989505128276,0.0,1,1,0,nan,0.04,0.4487989505128276,9.81,1,1,7,21,41,-3.0,3.0,0.01,30.0,60.0,1e-09,1e-12,6,0.0001,1,new simulation,nan
19,24,0.4439190554615448,0.5999999999999996,0.9,settled,0.07,-0.4087989505128276,0.0,1,1,0,nan,0.04,0.4487989505128276,9.81,1,1,7,21,41,-3.0,3.0,0.01,30.0,60.0,1e-09,1e-12,6,0.0001,1,new simulation,nan
19,25,0.4439190554615448,0.75,0.9,settled,0.060000000000000005,-0.4087989505128276,0.0,1,1,0,nan,0.04,0.4487989505128276,9.81,1,1,7,21,41,-3.0,3.0,0.01,30.0,60.0,1e-09,1e-12,6,0.0001,1,new simulation,nan
19,26,0.4439190554615448,0.8999999999999999,0.9,settled,0.05,-0.4087989505128276,0.0,1,1,0,nan,0.04,0.4487989505128276,9.81,1,1,7,21,41,-3.0,3.0,0.01,30.0,60.0,1e-09,1e-12,6,0.0001,1,new simulation,nan
19,27,0.4439190554615448,1.0499999999999998,0.9,settled,0.04,-0.4087989505128276,0.0,1,1,0,nan,0.04,0.4487989505128276,9.81,1,1,7,21,41,-3.0,3.0,0.01,30.0,60.0,1e-09,1e-12,6,0.0001,1,new simulation,nan
19,28,0.4439190554615448,1.2000000000000002,0.9,settled,0.04,-0.4087989505128276,0.0,1,1,0,nan,0.04,0.4487989505128276,9.81,1,1,7,21,41,-3.0,3.0,0.01,30.0,60.0,1e-09,1e-12,6,0.0001,1,new simulation,nan
19,29,0.4439190554615448,1.3499999999999996,0.9,settled,0.04,-0.4087989505128276,0.0,1,1,0,nan,0.04,0.4487989505128276,9.81,1,1,7,21,41,-3.0,3.0,0.01,30.0,60.0,1e-09,1e-12,6,0.0001,1,new simulation,nan
19,30,0.4439190554615448,1.5,0.9,settled,0.03,-0.4087989505128276,0.0,1,1,0,nan,0.04,0.4487989505128276,9.81,1,1,7,21,41,-3.0,3.0,0.01,30.0,60.0,1e-09,1e-12,6,0.0001,1,new simulation,nan
19,31,0.4439190554615448,1.6499999999999995,0.9,settled,0.03,-0.4087989505128276,0.0,1,1,0,nan,0.04,0.4487989505128276,9.81,1,1,7,21,41,-3.0,3.0,0.01,30.0,60.0,1e-09,1e-12,6,0.0001,1,new simulation,nan
19,32,0.4439190554615448,1.7999999999999998,0.9,settled,0.03,-0.4087989505128276,0.0,1,1,0,nan,0.04,0.4487989505128276,9.81,1,1,7,21,41,-3.0,3.0,0.01,30.0,60.0,1e-09,1e-12,6,0.0001,1,new simulation,nan
19,33,0.4439190554615448,1.9500000000000002,0.9,settled,2.020000000000001,-0.4087989505128276,0.0,2,2,0,nan,0.04,0.4487989505128276,9.81,1,1,7,21,41,-3.0,3.0,0.01,30.0,60.0,1e-09,1e-12,6,0.0001,1,new simulation,nan
19,34,0.4439190554615448,2.0999999999999996,0.9,settled,1.1500000000000008,-0.4087989505128276,0.0,2,2,0,nan,0.04,0.4487989505128276,9.81,1,1,7,21,41,-3.0,3.0,0.01,30.0,60.0,1e-09,1e-12,6,0.0001,1,new simulation,nan
19,35,0.4439190554615448,2.25,0.9,settled,0.9400000000000006,-0.4087989505128276,0.0,2,2,0,nan,0.04,0.4487989505128276,9.81,1,1,7,21,41,-3.0,3.0,0.01,30.0,60.0,1e-09,1e-12,6,0.0001,1,new simulation,nan
19,36,0.4439190554615448,2.3999999999999995,0.9,settled,0.8200000000000005,-0.4087989505128276,0.0,2,2,0,nan,0.04,0.4487989505128276,9.81,1,1,7,21,41,-3.0,3.0,0.01,30.0,60.0,1e-09,1e-12,6,0.0001,1,new simulation,nan
19,37,0.4439190554615448,2.55,0.9,settled,0.7300000000000004,-0.4087989505128276,0.0,2,2,0,nan,0.04,0.4487989505128276,9.81,1,1,7,21,41,-3.0,3.0,0.01,30.0,60.0,1e-09,1e-12,6,0.0001,1,new simulation,nan
19,38,0.4439190554615448,2.7,0.9,settled,0.6700000000000004,-0.4087989505128276,0.0,2,2,0,nan,0.04,0.4487989505128276,9.81,1,1,7,21,41,-3.0,3.0,0.01,30.0,60.0,1e-09,1e-12,6,0.0001,1,new simulation,nan
19,39,0.4439190554615448,2.8499999999999996,0.9,settled,0.6200000000000003,-0.4087989505128276,0.0,2,2,0,nan,0.04,0.4487989505128276,9.81,1,1,7,21,41,-3.0,3.0,0.01,30.0,60.0,1e-09,1e-12,6,0.0001,1,new simulation,nan
19,40,0.4439190554615448,3.0,0.9,settled,2.099999999999999,-0.4087989505128276,0.0,3,3,0,nan,0.04,0.4487989505128276,9.81,1,1,7,21,41,-3.0,3.0,0.01,30.0,60.0,1e-09,1e-12,6,0.0001,1,new simulation,nan
20,0,0.48879895051282757,-3.0,1.0,settled,1.6000000000000012,-0.4087989505128276,0.0,3,1,2,nan,0.04,0.4487989505128276,9.81,1,1,7,21,41,-3.0,3.0,0.01,30.0,60.0,1e-09,1e-12,6,0.0001,1,new simulation,nan
20,1,0.48879895051282757,-2.85,1.0,settled,1.6900000000000013,-0.4087989505128276,0.0,3,1,2,nan,0.04,0.4487989505128276,9.81,1,1,7,21,41,-3.0,3.0,0.01,30.0,60.0,1e-09,1e-12,6,0.0001,1,new simulation,nan
20,2,0.48879895051282757,-2.7,1.0,settled,1.9000000000000015,-0.4087989505128276,0.0,3,1,2,nan,0.04,0.4487989505128276,9.81,1,1,7,21,41,-3.0,3.0,0.01,30.0,60.0,1e-09,1e-12,6,0.0001,1,new simulation,nan
20,3,0.48879895051282757,-2.55,1.0,settled,2.209999999999997,-0.4087989505128276,0.0,2,1,1,nan,0.04,0.4487989505128276,9.81,1,1,7,21,41,-3.0,3.0,0.01,30.0,60.0,1e-09,1e-12,6,0.0001,1,new simulation,nan
20,4,0.48879895051282757,-2.4,1.0,settled,1.5100000000000011,-0.4087989505128276,0.0,2,1,1,nan,0.04,0.4487989505128276,9.81,1,1,7,21,41,-3.0,3.0,0.01,30.0,60.0,1e-09,1e-12,6,0.0001,1,new simulation,nan
20,5,0.48879895051282757,-2.25,1.0,settled,1.330000000000001,-0.4087989505128276,0.0,2,1,1,nan,0.04,0.4487989505128276,9.81,1,1,7,21,41,-3.0,3.0,0.01,30.0,60.0,1e-09,1e-12,6,0.0001,1,new simulation,nan
20,6,0.48879895051282757,-2.1,1.0,settled,1.260000000000001,-0.4087989505128276,0.0,2,1,1,nan,0.04,0.4487989505128276,9.81,1,1,7,21,41,-3.0,3.0,0.01,30.0,60.0,1e-09,1e-12,6,0.0001,1,new simulation,nan
20,7,0.48879895051282757,-1.95,1.0,settled,1.2300000000000009,-0.4087989505128276,0.0,2,1,1,nan,0.04,0.4487989505128276,9.81,1,1,7,21,41,-3.0,3.0,0.01,30.0,60.0,1e-09,1e-12,6,0.0001,1,new simulation,nan
20,8,0.48879895051282757,-1.8,1.0,settled,1.260000000000001,-0.4087989505128276,0.0,2,1,1,nan,0.04,0.4487989505128276,9.81,1,1,7,21,41,-3.0,3.0,0.01,30.0,60.0,1e-09,1e-12,6,0.0001,1,new simulation,nan
20,9,0.48879895051282757,-1.6500000000000001,1.0,settled,1.410000000000001,-0.4087989505128276,0.0,2,1,1,nan,0.04,0.4487989505128276,9.81,1,1,7,21,41,-3.0,3.0,0.01,30.0,60.0,1e-09,1e-12,6,0.0001,1,new simulation,nan
20,10,0.48879895051282757,-1.5,1.0,settled,1.6900000000000013,-0.4087989505128276,0.0,1,1,0,nan,0.04,0.4487989505128276,9.81,1,1,7,21,41,-3.0,3.0,0.01,30.0,60.0,1e-09,1e-12,6,0.0001,1,new simulation,nan
20,11,0.48879895051282757,-1.35,1.0,settled,0.9300000000000006,-0.4087989505128276,0.0,1,1,0,nan,0.04,0.4487989505128276,9.81,1,1,7,21,41,-3.0,3.0,0.01,30.0,60.0,1e-09,1e-12,6,0.0001,1,new simulation,nan
20,12,0.48879895051282757,-1.2000000000000002,1.0,settled,0.7000000000000004,-0.4087989505128276,0.0,1,1,0,nan,0.04,0.4487989505128276,9.81,1,1,7,21,41,-3.0,3.0,0.01,30.0,60.0,1e-09,1e-12,6,0.0001,1,new simulation,nan
20,13,0.48879895051282757,-1.05,1.0,settled,0.5600000000000003,-0.4087989505128276,0.0,1,1,0,nan,0.04,0.4487989505128276,9.81,1,1,7,21,41,-3.0,3.0,0.01,30.0,60.0,1e-09,1e-12,6,0.0001,1,new simulation,nan
20,14,0.48879895051282757,-0.8999999999999999,1.0,settled,0.45000000000000023,-0.4087989505128276,0.0,1,1,0,nan,0.04,0.4487989505128276,9.81,1,1,7,21,41,-3.0,3.0,0.01,30.0,60.0,1e-09,1e-12,6,0.0001,1,new simulation,nan
20,15,0.48879895051282757,-0.75,1.0,settled,0.36000000000000015,-0.4087989505128276,0.0,1,1,0,nan,0.04,0.4487989505128276,9.81,1,1,7,21,41,-3.0,3.0,0.01,30.0,60.0,1e-09,1e-12,6,0.0001,1,new simulation,nan
20,16,0.48879895051282757,-0.6000000000000001,1.0,settled,0.2800000000000001,-0.4087989505128276,0.0,1,1,0,nan,0.04,0.4487989505128276,9.81,1,1,7,21,41,-3.0,3.0,0.01,30.0,60.0,1e-09,1e-12,6,0.0001,1,new simulation,nan
20,17,0.48879895051282757,-0.4500000000000002,1.0,settled,0.21000000000000005,-0.4087989505128276,0.0,1,1,0,nan,0.04,0.4487989505128276,9.81,1,1,7,21,41,-3.0,3.0,0.01,30.0,60.0,1e-09,1e-12,6,0.0001,1,new simulation,nan
20,18,0.48879895051282757,-0.30000000000000027,1.0,settled,0.13999999999999999,-0.4087989505128276,0.0,1,1,0,nan,0.04,0.4487989505128276,9.81,1,1,7,21,41,-3.0,3.0,0.01,30.0,60.0,1e-09,1e-12,6,0.0001,1,new simulation,nan
20,19,0.48879895051282757,-0.1499999999999999,1.0,settled,0.07,-0.4087989505128276,0.0,1,1,0,nan,0.04,0.4487989505128276,9.81,1,1,7,21,41,-3.0,3.0,0.01,30.0,60.0,1e-09,1e-12,6,0.0001,1,new simulation,nan
20,20,0.48879895051282757,0.0,1.0,settled,0.01,-0.4087989505128276,0.0,1,1,0,nan,0.04,0.4487989505128276,9.81,1,1,7,21,41,-3.0,3.0,0.01,30.0,60.0,1e-09,1e-12,6,0.0001,1,new simulation,nan
20,21,0.48879895051282757,0.1499999999999999,1.0,settled,0.01,-0.4087989505128276,0.0,1,1,0,nan,0.04,0.4487989505128276,9.81,1,1,7,21,41,-3.0,3.0,0.01,30.0,60.0,1e-09,1e-12,6,0.0001,1,new simulation,nan
20,22,0.48879895051282757,0.2999999999999998,1.0,settled,0.01,-0.4087989505128276,0.0,1,1,0,nan,0.04,0.4487989505128276,9.81,1,1,7,21,41,-3.0,3.0,0.01,30.0,60.0,1e-09,1e-12,6,0.0001,1,new simulation,nan
20,23,0.48879895051282757,0.44999999999999973,1.0,settled,0.01,-0.4087989505128276,0.0,1,1,0,nan,0.04,0.4487989505128276,9.81,1,1,7,21,41,-3.0,3.0,0.01,30.0,60.0,1e-09,1e-12,6,0.0001,1,new simulation,nan
20,24,0.48879895051282757,0.5999999999999996,1.0,settled,0.01,-0.4087989505128276,0.0,1,1,0,nan,0.04,0.4487989505128276,9.81,1,1,7,21,41,-3.0,3.0,0.01,30.0,60.0,1e-09,1e-12,6,0.0001,1,new simulation,nan
20,25,0.48879895051282757,0.75,1.0,settled,0.01,-0.4087989505128276,0.0,1,1,0,nan,0.04,0.4487989505128276,9.81,1,1,7,21,41,-3.0,3.0,0.01,30.0,60.0,1e-09,1e-12,6,0.0001,1,new simulation,nan
20,26,0.48879895051282757,0.8999999999999999,1.0,settled,0.01,-0.4087989505128276,0.0,1,1,0,nan,0.04,0.4487989505128276,9.81,1,1,7,21,41,-3.0,3.0,0.01,30.0,60.0,1e-09,1e-12,6,0.0001,1,new simulation,nan
20,27,0.48879895051282757,1.0499999999999998,1.0,settled,0.01,-0.4087989505128276,0.0,1,1,0,nan,0.04,0.4487989505128276,9.81,1,1,7,21,41,-3.0,3.0,0.01,30.0,60.0,1e-09,1e-12,6,0.0001,1,new simulation,nan
20,28,0.48879895051282757,1.2000000000000002,1.0,settled,0.01,-0.4087989505128276,0.0,1,1,0,nan,0.04,0.4487989505128276,9.81,1,1,7,21,41,-3.0,3.0,0.01,30.0,60.0,1e-09,1e-12,6,0.0001,1,new simulation,nan
20,29,0.48879895051282757,1.3499999999999996,1.0,settled,0.01,-0.4087989505128276,0.0,1,1,0,nan,0.04,0.4487989505128276,9.81,1,1,7,21,41,-3.0,3.0,0.01,30.0,60.0,1e-09,1e-12,6,0.0001,1,new simulation,nan
20,30,0.48879895051282757,1.5,1.0,settled,0.01,-0.4087989505128276,0.0,1,1,0,nan,0.04,0.4487989505128276,9.81,1,1,7,21,41,-3.0,3.0,0.01,30.0,60.0,1e-09,1e-12,6,0.0001,1,new simulation,nan
20,31,0.48879895051282757,1.6499999999999995,1.0,settled,0.01,-0.4087989505128276,0.0,1,1,0,nan,0.04,0.4487989505128276,9.81,1,1,7,21,41,-3.0,3.0,0.01,30.0,60.0,1e-09,1e-12,6,0.0001,1,new simulation,nan
20,32,0.48879895051282757,1.7999999999999998,1.0,settled,0.01,-0.4087989505128276,0.0,1,1,0,nan,0.04,0.4487989505128276,9.81,1,1,7,21,41,-3.0,3.0,0.01,30.0,60.0,1e-09,1e-12,6,0.0001,1,new simulation,nan
20,33,0.48879895051282757,1.9500000000000002,1.0,settled,0.01,-0.4087989505128276,0.0,1,1,0,nan,0.04,0.4487989505128276,9.81,1,1,7,21,41,-3.0,3.0,0.01,30.0,60.0,1e-09,1e-12,6,0.0001,1,new simulation,nan
20,34,0.48879895051282757,2.0999999999999996,1.0,settled,1.420000000000001,-0.4087989505128276,0.0,2,2,0,nan,0.04,0.4487989505128276,9.81,1,1,7,21,41,-3.0,3.0,0.01,30.0,60.0,1e-09,1e-12,6,0.0001,1,new simulation,nan
20,35,0.48879895051282757,2.25,1.0,settled,1.0300000000000007,-0.4087989505128276,0.0,2,2,0,nan,0.04,0.4487989505128276,9.81,1,1,7,21,41,-3.0,3.0,0.01,30.0,60.0,1e-09,1e-12,6,0.0001,1,new simulation,nan
20,36,0.48879895051282757,2.3999999999999995,1.0,settled,0.8600000000000005,-0.4087989505128276,0.0,2,2,0,nan,0.04,0.4487989505128276,9.81,1,1,7,21,41,-3.0,3.0,0.01,30.0,60.0,1e-09,1e-12,6,0.0001,1,new simulation,nan
20,37,0.48879895051282757,2.55,1.0,settled,0.7600000000000005,-0.4087989505128276,0.0,2,2,0,nan,0.04,0.4487989505128276,9.81,1,1,7,21,41,-3.0,3.0,0.01,30.0,60.0,1e-09,1e-12,6,0.0001,1,new simulation,nan
20,38,0.48879895051282757,2.7,1.0,settled,0.6800000000000004,-0.4087989505128276,0.0,2,2,0,nan,0.04,0.4487989505128276,9.81,1,1,7,21,41,-3.0,3.0,0.01,30.0,60.0,1e-09,1e-12,6,0.0001,1,new simulation,nan
20,39,0.48879895051282757,2.8499999999999996,1.0,settled,0.6300000000000003,-0.4087989505128276,0.0,2,2,0,nan,0.04,0.4487989505128276,9.81,1,1,7,21,41,-3.0,3.0,0.01,30.0,60.0,1e-09,1e-12,6,0.0001,1,new simulation,nan
20,40,0.48879895051282757,3.0,1.0,settled,2.7799999999999847,-0.4087989505128276,0.0,3,3,0,nan,0.04,0.4487989505128276,9.81,1,1,7,21,41,-3.0,3.0,0.01,30.0,60.0,1e-09,1e-12,6,0.0001,1,new simulation,nan
