theta_index,theta_dot_index,theta0,theta_dot0,relative_angle,classification,final_time,final_theta,final_theta_dot,total_impacts,downhill_impacts,uphill_impacts,rolling_speed,gamma,alpha,gravity,length,mass,num_spokes,num_angles,num_speeds,minimum_speed,maximum_speed,timestep,max_time,retry_time,impact_time_tolerance,remaining_time_tolerance,convergence_impacts,speed_tolerance,cache_version,original_source_csv,original_grid_rolling_percent
0,0,-0.20559933214452664,-3.0,-1.0,rolling,13.76999999999975,-0.19400810390652276,1.447002882181879,32,28,4,1.4624336403388412,0.08,0.28559933214452665,9.81,1,1,11,21,41,-3.0,3.0,0.01,30.0,60.0,1e-09,1e-12,6,0.0001,1,new simulation,nan
0,1,-0.20559933214452664,-2.85,-1.0,rolling,14.23999999999974,-0.2055637262587988,1.4624631023228938,32,28,4,1.4624204281076032,0.08,0.28559933214452665,9.81,1,1,11,21,41,-3.0,3.0,0.01,30.0,60.0,1e-09,1e-12,6,0.0001,1,new simulation,nan
0,2,-0.20559933214452664,-2.7,-1.0,settled,2.0000000000000013,-0.20559933214452664,0.0,5,1,4,nan,0.08,0.28559933214452665,9.81,1,1,11,21,41,-3.0,3.0,0.01,30.0,60.0,1e-09,1e-12,6,0.0001,1,new simulation,nan
0,3,-0.20559933214452664,-2.55,-1.0,rolling,13.32999999999976,-0.19340912312769035,1.446212817405564,30,27,3,1.4624110094682072,0.08,0.28559933214452665,9.81,1,1,11,21,41,-3.0,3.0,0.01,30.0,60.0,1e-09,1e-12,6,0.0001,1,new simulation,nan
0,4,-0.20559933214452664,-2.4,-1.0,rolling,13.459999999999757,-0.20275241542572428,1.458641592875859,31,28,3,1.4624394721852372,0.08,0.28559933214452665,9.81,1,1,11,21,41,-3.0,3.0,0.01,30.0,60.0,1e-09,1e-12,6,0.0001,1,new simulation,nan
0,5,-0.20559933214452664,-2.25,-1.0,rolling,13.749999999999751,-0.19633846228325713,1.4500603600584987,31,28,3,1.462424633169805,0.08,0.28559933214452665,9.81,1,1,11,21,41,-3.0,3.0,0.01,30.0,60.0,1e-09,1e-12,6,0.0001,1,new simulation,nan
0,6,-0.20559933214452664,-2.1,-1.0,settled,1.6700000000000013,-0.20559933214452664,0.0,4,1,3,nan,0.08,0.28559933214452665,9.81,1,1,11,21,41,-3.0,3.0,0.01,30.0,60.0,1e-09,1e-12,6,0.0001,1,new simulation,nan
0,7,-0.20559933214452664,-1.95,-1.0,rolling,13.389999999999759,-0.19347773495631138,1.4463035705817924,29,27,2,1.462414581390201,0.08,0.28559933214452665,9.81,1,1,11,21,41,-3.0,3.0,0.01,30.0,60.0,1e-09,1e-12,6,0.0001,1,new simulation,nan
0,8,-0.20559933214452664,-1.8,-1.0,rolling,13.129999999999765,-0.20466587709667203,1.4612431886350203,30,28,2,1.4624408864127991,0.08,0.28559933214452665,9.81,1,1,11,21,41,-3.0,3.0,0.01,30.0,60.0,1e-09,1e-12,6,0.0001,1,new simulation,nan
0,9,-0.20559933214452664,-1.6500000000000001,-1.0,rolling,13.36999999999976,-0.19527357708052903,1.4486583056128717,30,28,2,1.4624253314015554,0.08,0.28559933214452665,9.81,1,1,11,21,41,-3.0,3.0,0.01,30.0,60.0,1e-09,1e-12,6,0.0001,1,new simulation,nan
0,10,-0.20559933214452664,-1.5,-1.0,settled,1.270000000000001,-0.20559933214452664,0.0,3,1,2,nan,0.08,0.28559933214452665,9.81,1,1,11,21,41,-3.0,3.0,0.01,30.0,60.0,1e-09,1e-12,6,0.0001,1,new simulation,nan
0,11,-0.20559933214452664,-1.35,-1.0,rolling,13.239999999999762,-0.19300377059176418,1.445686389222331,28,27,1,1.4624154775952452,0.08,0.28559933214452665,9.81,1,1,11,21,41,-3.0,3.0,0.01,30.0,60.0,1e-09,1e-12,6,0.0001,1,new simulation,nan
0,12,-0.20559933214452664,-1.2000000000000002,-1.0,rolling,12.229999999999784,-0.19907835117294437,1.4536851911234994,28,27,1,1.4623925202263033,0.08,0.28559933214452665,9.81,1,1,11,21,41,-3.0,3.0,0.01,30.0,60.0,1e-09,1e-12,6,0.0001,1,new simulation,nan
0,13,-0.20559933214452664,-1.05,-1.0,rolling,12.709999999999773,-0.19138715473251514,1.443593926580458,29,28,1,1.4624278470748926,0.08,0.28559933214452665,9.81,1,1,11,21,41,-3.0,3.0,0.01,30.0,60.0,1e-09,1e-12,6,0.0001,1,new simulation,nan
0,14,-0.20559933214452664,-0.8999999999999999,-1.0,settled,0.5200000000000002,-0.20559933214452664,0.0,2,1,1,nan,0.08,0.28559933214452665,9.81,1,1,11,21,41,-3.0,3.0,0.01,30.0,60.0,1e-09,1e-12,6,0.0001,1,new simulation,nan
0,15,-0.20559933214452664,-0.75,-1.0,settled,0.4100000000000002,-0.20559933214452664,0.0,2,1,1,nan,0.08,0.28559933214452665,9.81,1,1,11,21,41,-3.0,3.0,0.01,30.0,60.0,1e-09,1e-12,6,0.0001,1,new simulation,nan
0,16,-0.20559933214452664,-0.6000000000000001,-1.0,settled,0.3100000000000001,-0.20559933214452664,0.0,2,1,1,nan,0.08,0.28559933214452665,9.81,1,1,11,21,41,-3.0,3.0,0.01,30.0,60.0,1e-09,1e-12,6,0.0001,1,new simulation,nan
0,17,-0.20559933214452664,-0.4500000000000002,-1.0,settled,0.23000000000000007,-0.20559933214452664,0.0,2,1,1,nan,0.08,0.28559933214452665,9.81,1,1,11,21,41,-3.0,3.0,0.01,30.0,60.0,1e-09,1e-12,6,0.0001,1,new simulation,nan
0,18,-0.20559933214452664,-0.30000000000000027,-1.0,settled,0.15,-0.20559933214452664,0.0,2,1,1,nan,0.08,0.28559933214452665,9.81,1,1,11,21,41,-3.0,3.0,0.01,30.0,60.0,1e-09,1e-12,6,0.0001,1,new simulation,nan
0,19,-0.20559933214452664,-0.1499999999999999,-1.0,settled,0.08,-0.20559933214452664,0.0,2,1,1,nan,0.08,0.28559933214452665,9.81,1,1,11,21,41,-3.0,3.0,0.01,30.0,60.0,1e-09,1e-12,6,0.0001,1,new simulation,nan
0,20,-0.20559933214452664,0.0,-1.0,settled,0.01,-0.20559933214452664,0.0,2,1,1,nan,0.08,0.28559933214452665,9.81,1,1,11,21,41,-3.0,3.0,0.01,30.0,60.0,1e-09,1e-12,6,0.0001,1,new simulation,nan
0,21,-0.20559933214452664,0.1499999999999999,-1.0,settled,0.23000000000000007,-0.20559933214452664,0.0,2,1,1,nan,0.08,0.28559933214452665,9.81,1,1,11,21,41,-3.0,3.0,0.01,30.0,60.0,1e-09,1e-12,6,0.0001,1,new simulation,nan
0,22,-0.20559933214452664,0.2999999999999998,-1.0,settled,0.48000000000000026,-0.20559933214452664,0.0,2,1,1,nan,0.08,0.28559933214452665,9.81,1,1,11,21,41,-3.0,3.0,0.01,30.0,60.0,1e-09,1e-12,6,0.0001,1,new simulation,nan
0,23,-0.20559933214452664,0.44999999999999973,-1.0,settled,0.7800000000000005,-0.20559933214452664,0.0,2,1,1,nan,0.08,0.28559933214452665,9.81,1,1,11,21,41,-3.0,3.0,0.01,30.0,60.0,1e-09,1e-12,6,0.0001,1,new simulation,nan
0,24,-0.20559933214452664,0.5999999999999996,-1.0,settled,1.390000000000001,-0.20559933214452664,0.0,2,1,1,nan,0.08,0.28559933214452665,9.81,1,1,11,21,41,-3.0,3.0,0.01,30.0,60.0,1e-09,1e-12,6,0.0001,1,new simulation,nan
0,25,-0.20559933214452664,0.75,-1.0,rolling,12.009999999999788,-0.20101453598437255,1.4562922443878168,27,27,0,1.4624287204172972,0.08,0.28559933214452665,9.81,1,1,11,21,41,-3.0,3.0,0.01,30.0,60.0,1e-09,1e-12,6,0.0001,1,new simulation,nan
0,26,-0.20559933214452664,0.8999999999999999,-1.0,rolling,11.219999999999805,-0.19758581583428414,1.4517030848104207,26,26,0,1.4624031584773514,0.08,0.28559933214452665,9.81,1,1,11,21,41,-3.0,3.0,0.01,30.0,60.0,1e-09,1e-12,6,0.0001,1,new simulation,nan
0,27,-0.20559933214452664,1.0499999999999998,-1.0,rolling,10.96999999999981,-0.1920495511587458,1.444455120024948,26,26,0,1.462438208962415,0.08,0.28559933214452665,9.81,1,1,11,21,41,-3.0,3.0,0.01,30.0,60.0,1e-09,1e-12,6,0.0001,1,new simulation,nan
0,28,-0.20559933214452664,1.2000000000000002,-1.0,rolling,9.959999999999832,-0.19464441356895837,1.4478218379412724,24,24,0,1.4623951644138302,0.08,0.28559933214452665,9.81,1,1,11,21,41,-3.0,3.0,0.01,30.0,60.0,1e-09,1e-12,6,0.0001,1,new simulation,nan
0,29,-0.20559933214452664,1.3499999999999996,-1.0,rolling,8.979999999999853,-0.19456300652367034,1.44772093252487,22,22,0,1.4624111909764552,0.08,0.28559933214452665,9.81,1,1,11,21,41,-3.0,3.0,0.01,30.0,60.0,1e-09,1e-12,6,0.0001,1,new simulation,nan
0,30,-0.20559933214452664,1.5,-1.0,rolling,7.609999999999882,-0.2037800820639826,1.4601333019906984,19,19,0,1.462711856524771,0.08,0.28559933214452665,9.81,1,1,11,21,41,-3.0,3.0,0.01,30.0,60.0,1e-09,1e-12,6,0.0001,1,new simulation,nan
0,31,-0.20559933214452664,1.6499999999999995,-1.0,rolling,9.479999999999842,-0.20307240284043976,1.4591689072573932,24,24,0,1.4627019693769412,0.08,0.28559933214452665,9.81,1,1,11,21,41,-3.0,3.0,0.01,30.0,60.0,1e-09,1e-12,6,0.0001,1,new simulation,nan
0,32,-0.20559933214452664,1.7999999999999998,-1.0,rolling,10.159999999999828,-0.19292073127703155,1.4456787777171483,26,26,0,1.4626943101911223,0.08,0.28559933214452665,9.81,1,1,11,21,41,-3.0,3.0,0.01,30.0,60.0,1e-09,1e-12,6,0.0001,1,new simulation,nan
0,33,-0.20559933214452664,1.9500000000000002,-1.0,rolling,10.439999999999822,-0.19206929985458726,1.4445763473019868,27,27,0,1.462703449677601,0.08,0.28559933214452665,9.81,1,1,11,21,41,-3.0,3.0,0.01,30.0,60.0,1e-09,1e-12,6,0.0001,1,new simulation,nan
0,34,-0.20559933214452664,2.0999999999999996,-1.0,rolling,10.719999999999816,-0.20199526239762594,1.457710337446525,28,28,0,1.462698679435716,0.08,0.28559933214452665,9.81,1,1,11,21,41,-3.0,3.0,0.01,30.0,60.0,1e-09,1e-12,6,0.0001,1,new simulation,nan
0,35,-0.20559933214452664,2.25,-1.0,rolling,11.01999999999981,-0.19217548641161164,1.444707941898658,29,29,0,1.4626865596516845,0.08,0.28559933214452665,9.81,1,1,11,21,41,-3.0,3.0,0.01,30.0,60.0,1e-09,1e-12,6,0.0001,1,new simulation,nan
0,36,-0.20559933214452664,2.3999999999999995,-1.0,rolling,10.909999999999812,-0.2014660769069778,1.4570028613728474,29,29,0,1.4627161775328343,0.08,0.28559933214452665,9.81,1,1,11,21,41,-3.0,3.0,0.01,30.0,60.0,1e-09,1e-12,6,0.0001,1,new simulation,nan
0,37,-0.20559933214452664,2.55,-1.0,rolling,11.219999999999805,-0.19243641168836448,1.4450490451249416,30,30,0,1.4626935493963475,0.08,0.28559933214452665,9.81,1,1,11,21,41,-3.0,3.0,0.01,30.0,60.0,1e-09,1e-12,6,0.0001,1,new simulation,nan
0,38,-0.20559933214452664,2.7,-1.0,rolling,11.119999999999807,-0.20083623000450768,1.4561556928719366,30,30,0,1.4627172158056718,0.08,0.28559933214452665,9.81,1,1,11,21,41,-3.0,3.0,0.01,30.0,60.0,1e-09,1e-12,6,0.0001,1,new simulation,nan
0,39,-0.20559933214452664,2.8499999999999996,-1.0,rolling,11.4299999999998,-0.20406279468247676,1.4605099964960297,31,31,0,1.4626896760882626,0.08,0.28559933214452665,9.81,1,1,11,21,41,-3.0,3.0,0.01,30.0,60.0,1e-09,1e-12,6,0.0001,1,new simulation,nan
0,40,-0.20559933214452664,3.0,-1.0,rolling,11.349999999999802,-0.19451027407035956,1.4477587490623494,31,31,0,1.4627083379742043,0.08,0.28559933214452665,9.81,1,1,11,21,41,-3.0,3.0,0.01,30.0,60.0,1e-09,1e-12,6,0.0001,1,new simulation,nan
1,0,-0.17703939893007398,-3.0,-0.9,rolling,13.749999999999751,-0.2031607289054829,1.4591934959325255,32,28,4,1.4624352445633653,0.08,0.28559933214452665,9.81,1,1,11,21,41,-3.0,3.0,0.01,30.0,60.0,1e-09,1e-12,6,0.0001,1,new simulation,nan
1,1,-0.17703939893007398,-2.85,-0.9,rolling,14.139999999999743,-0.20418331356785863,1.4605786521259458,32,28,4,1.462422033112242,0.08,0.28559933214452665,9.81,1,1,11,21,41,-3.0,3.0,0.01,30.0,60.0,1e-09,1e-12,6,0.0001,1,new simulation,nan
1,2,-0.17703939893007398,-2.7,-0.9,settled,1.9800000000000015,-0.20559933214452664,0.0,5,1,4,nan,0.08,0.28559933214452665,9.81,1,1,11,21,41,-3.0,3.0,0.01,30.0,60.0,1e-09,1e-12,6,0.0001,1,new simulation,nan
1,3,-0.17703939893007398,-2.55,-0.9,rolling,13.629999999999754,-0.19449545963228204,1.447633539543778,30,27,3,1.462414212452719,0.08,0.28559933214452665,9.81,1,1,11,21,41,-3.0,3.0,0.01,30.0,60.0,1e-09,1e-12,6,0.0001,1,new simulation,nan
1,4,-0.17703939893007398,-2.4,-0.9,rolling,13.059999999999766,-0.20543290781251627,1.4622738691968338,30,27,3,1.4623918929995605,0.08,0.28559933214452665,9.81,1,1,11,21,41,-3.0,3.0,0.01,30.0,60.0,1e-09,1e-12,6,0.0001,1,new simulation,nan
1,5,-0.17703939893007398,-2.25,-0.9,rolling,13.679999999999753,-0.20036542161490178,1.455419669465995,31,28,3,1.462426899674292,0.08,0.28559933214452665,9.81,1,1,11,21,41,-3.0,3.0,0.01,30.0,60.0,1e-09,1e-12,6,0.0001,1,new simulation,nan
1,6,-0.17703939893007398,-2.1,-0.9,settled,1.6600000000000013,-0.20559933214452664,0.0,4,1,3,nan,0.08,0.28559933214452665,9.81,1,1,11,21,41,-3.0,3.0,0.01,30.0,60.0,1e-09,1e-12,6,0.0001,1,new simulation,nan
1,7,-0.17703939893007398,-1.95,-0.9,settled,2.2199999999999966,-0.20559933214452664,0.0,4,1,3,nan,0.08,0.28559933214452665,9.81,1,1,11,21,41,-3.0,3.0,0.01,30.0,60.0,1e-09,1e-12,6,0.0001,1,new simulation,nan
1,8,-0.17703939893007398,-1.8,-0.9,rolling,12.749999999999773,-0.2025476181328007,1.458348550620322,29,27,2,1.4623952152227326,0.08,0.28559933214452665,9.81,1,1,11,21,41,-3.0,3.0,0.01,30.0,60.0,1e-09,1e-12,6,0.0001,1,new simulation,nan
1,9,-0.17703939893007398,-1.6500000000000001,-0.9,rolling,13.289999999999761,-0.202692564536921,1.4585566401075327,30,28,2,1.46242853267558,0.08,0.28559933214452665,9.81,1,1,11,21,41,-3.0,3.0,0.01,30.0,60.0,1e-09,1e-12,6,0.0001,1,new simulation,nan
1,10,-0.17703939893007398,-1.5,-0.9,settled,1.270000000000001,-0.20559933214452664,0.0,3,1,2,nan,0.08,0.28559933214452665,9.81,1,1,11,21,41,-3.0,3.0,0.01,30.0,60.0,1e-09,1e-12,6,0.0001,1,new simulation,nan
1,11,-0.17703939893007398,-1.35,-0.9,settled,1.6100000000000012,-0.20559933214452664,0.0,3,1,2,nan,0.08,0.28559933214452665,9.81,1,1,11,21,41,-3.0,3.0,0.01,30.0,60.0,1e-09,1e-12,6,0.0001,1,new simulation,nan
1,12,-0.17703939893007398,-1.2000000000000002,-0.9,rolling,12.299999999999782,-0.196494252096288,1.450256797881342,28,27,1,1.4623989161065147,0.08,0.28559933214452665,9.81,1,1,11,21,41,-3.0,3.0,0.01,30.0,60.0,1e-09,1e-12,6,0.0001,1,new simulation,nan
1,13,-0.17703939893007398,-1.05,-0.9,rolling,12.669999999999774,-0.20328360149725988,1.4593591827538832,29,28,1,1.4624323723473085,0.08,0.28559933214452665,9.81,1,1,11,21,41,-3.0,3.0,0.01,30.0,60.0,1e-09,1e-12,6,0.0001,1,new simulation,nan
1,14,-0.17703939893007398,-0.8999999999999999,-0.9,rolling,13.029999999999767,-0.19238527083348478,1.4448840429999787,29,28,1,1.4624199491014753,0.08,0.28559933214452665,9.81,1,1,11,21,41,-3.0,3.0,0.01,30.0,60.0,1e-09,1e-12,6,0.0001,1,new simulation,nan
1,15,-0.17703939893007398,-0.75,-0.9,settled,0.49000000000000027,-0.20559933214452664,0.0,2,1,1,nan,0.08,0.28559933214452665,9.81,1,1,11,21,41,-3.0,3.0,0.01,30.0,60.0,1e-09,1e-12,6,0.0001,1,new simulation,nan
1,16,-0.17703939893007398,-0.6000000000000001,-0.9,settled,0.4100000000000002,-0.20559933214452664,0.0,2,1,1,nan,0.08,0.28559933214452665,9.81,1,1,11,21,41,-3.0,3.0,0.01,30.0,60.0,1e-09,1e-12,6,0.0001,1,new simulation,nan
1,17,-0.17703939893007398,-0.4500000000000002,-0.9,settled,0.34000000000000014,-0.20559933214452664,0.0,2,1,1,nan,0.08,0.28559933214452665,9.81,1,1,11,21,41,-3.0,3.0,0.01,30.0,60.0,1e-09,1e-12,6,0.0001,1,new simulation,nan
1,18,-0.17703939893007398,-0.30000000000000027,-0.9,settled,0.3000000000000001,-0.20559933214452664,0.0,2,1,1,nan,0.08,0.28559933214452665,9.81,1,1,11,21,41,-3.0,3.0,0.01,30.0,60.0,1e-09,1e-12,6,0.0001,1,new simulation,nan
1,19,-0.17703939893007398,-0.1499999999999999,-0.9,settled,0.2900000000000001,-0.20559933214452664,0.0,2,1,1,nan,0.08,0.28559933214452665,9.81,1,1,11,21,41,-3.0,3.0,0.01,30.0,60.0,1e-09,1e-12,6,0.0001,1,new simulation,nan
1,20,-0.17703939893007398,0.0,-0.9,settled,0.34000000000000014,-0.20559933214452664,0.0,2,1,1,nan,0.08,0.28559933214452665,9.81,1,1,11,21,41,-3.0,3.0,0.01,30.0,60.0,1e-09,1e-12,6,0.0001,1,new simulation,nan
1,21,-0.17703939893007398,0.1499999999999999,-0.9,settled,0.47000000000000025,-0.20559933214452664,0.0,2,1,1,nan,0.08,0.28559933214452665,9.81,1,1,11,21,41,-3.0,3.0,0.01,30.0,60.0,1e-09,1e-12,6,0.0001,1,new simulation,nan
1,22,-0.17703939893007398,0.2999999999999998,-0.9,settled,0.6900000000000004,-0.20559933214452664,0.0,2,1,1,nan,0.08,0.28559933214452665,9.81,1,1,11,21,41,-3.0,3.0,0.01,30.0,60.0,1e-09,1e-12,6,0.0001,1,new simulation,nan
1,23,-0.17703939893007398,0.44999999999999973,-0.9,settled,1.0700000000000007,-0.20559933214452664,0.0,2,1,1,nan,0.08,0.28559933214452665,9.81,1,1,11,21,41,-3.0,3.0,0.01,30.0,60.0,1e-09,1e-12,6,0.0001,1,new simulation,nan
1,24,-0.17703939893007398,0.5999999999999996,-0.9,rolling,12.329999999999782,-0.19862026809269948,1.4530844562468987,27,27,0,1.4624205838922222,0.08,0.28559933214452665,9.81,1,1,11,21,41,-3.0,3.0,0.01,30.0,60.0,1e-09,1e-12,6,0.0001,1,new simulation,nan
1,25,-0.17703939893007398,0.75,-0.9,rolling,11.769999999999794,-0.1957480539525726,1.449286827605483,27,27,0,1.4624377569748628,0.08,0.28559933214452665,9.81,1,1,11,21,41,-3.0,3.0,0.01,30.0,60.0,1e-09,1e-12,6,0.0001,1,new simulation,nan
1,26,-0.17703939893007398,0.8999999999999999,-0.9,rolling,11.079999999999808,-0.20271822264213152,1.4585868832635007,26,26,0,1.462415927186622,0.08,0.28559933214452665,9.81,1,1,11,21,41,-3.0,3.0,0.01,30.0,60.0,1e-09,1e-12,6,0.0001,1,new simulation,nan
1,27,-0.17703939893007398,1.0499999999999998,-0.9,rolling,10.469999999999821,-0.19167185751857513,1.4439539135296444,25,25,0,1.4624049473829268,0.08,0.28559933214452665,9.81,1,1,11,21,41,-3.0,3.0,0.01,30.0,60.0,1e-09,1e-12,6,0.0001,1,new simulation,nan
1,28,-0.17703939893007398,1.2000000000000002,-0.9,rolling,9.879999999999834,-0.19949880393755884,1.4542568767361483,24,24,0,1.4624206568468985,0.08,0.28559933214452665,9.81,1,1,11,21,41,-3.0,3.0,0.01,30.0,60.0,1e-09,1e-12,6,0.0001,1,new simulation,nan
1,29,-0.17703939893007398,1.3499999999999996,-0.9,rolling,8.509999999999863,-0.20120896509582345,1.4565509646353545,21,21,0,1.462420648779549,0.08,0.28559933214452665,9.81,1,1,11,21,41,-3.0,3.0,0.01,30.0,60.0,1e-09,1e-12,6,0.0001,1,new simulation,nan
1,30,-0.17703939893007398,1.5,-0.9,rolling,8.369999999999866,-0.19151947378481246,1.443866489061192,21,21,0,1.462709166165199,0.08,0.28559933214452665,9.81,1,1,11,21,41,-3.0,3.0,0.01,30.0,60.0,1e-09,1e-12,6,0.0001,1,new simulation,nan
1,31,-0.17703939893007398,1.6499999999999995,-0.9,rolling,9.439999999999843,-0.19424170495154802,1.4474140786059901,24,24,0,1.46272745333085,0.08,0.28559933214452665,9.81,1,1,11,21,41,-3.0,3.0,0.01,30.0,60.0,1e-09,1e-12,6,0.0001,1,new simulation,nan
1,32,-0.17703939893007398,1.7999999999999998,-0.9,rolling,10.119999999999829,-0.19225500366858903,1.4448184809070446,26,26,0,1.46270707432138,0.08,0.28559933214452665,9.81,1,1,11,21,41,-3.0,3.0,0.01,30.0,60.0,1e-09,1e-12,6,0.0001,1,new simulation,nan
1,33,-0.17703939893007398,1.9500000000000002,-0.9,rolling,10.399999999999823,-0.19790753564920693,1.4522410679356121,27,27,0,1.4627124834792475,0.08,0.28559933214452665,9.81,1,1,11,21,41,-3.0,3.0,0.01,30.0,60.0,1e-09,1e-12,6,0.0001,1,new simulation,nan
1,34,-0.17703939893007398,2.0999999999999996,-0.9,rolling,10.689999999999817,-0.19864836002823888,1.4532238355348357,28,28,0,1.462705073264706,0.08,0.28559933214452665,9.81,1,1,11,21,41,-3.0,3.0,0.01,30.0,60.0,1e-09,1e-12,6,0.0001,1,new simulation,nan
1,35,-0.17703939893007398,2.25,-0.9,rolling,10.98999999999981,-0.1932615820344314,1.4461213826672044,29,29,0,1.462691083827476,0.08,0.28559933214452665,9.81,1,1,11,21,41,-3.0,3.0,0.01,30.0,60.0,1e-09,1e-12,6,0.0001,1,new simulation,nan
1,36,-0.17703939893007398,2.3999999999999995,-0.9,rolling,10.889999999999812,-0.19178394658046238,1.4442128851814118,29,29,0,1.4627207033448333,0.08,0.28559933214452665,9.81,1,1,11,21,41,-3.0,3.0,0.01,30.0,60.0,1e-09,1e-12,6,0.0001,1,new simulation,nan
1,37,-0.17703939893007398,2.55,-0.9,rolling,11.189999999999806,-0.20044499987247813,1.4556229914756895,30,30,0,1.4626967511031876,0.08,0.28559933214452665,9.81,1,1,11,21,41,-3.0,3.0,0.01,30.0,60.0,1e-09,1e-12,6,0.0001,1,new simulation,nan
1,38,-0.17703939893007398,2.7,-0.9,rolling,11.099999999999808,-0.1970819975815121,1.4511493040867267,30,30,0,1.462720416831079,0.08,0.28559933214452665,9.81,1,1,11,21,41,-3.0,3.0,0.01,30.0,60.0,1e-09,1e-12,6,0.0001,1,new simulation,nan
1,39,-0.17703939893007398,2.8499999999999996,-0.9,rolling,11.409999999999801,-0.20270056960170224,1.4586615279067503,31,31,0,1.4626919417068889,0.08,0.28559933214452665,9.81,1,1,11,21,41,-3.0,3.0,0.01,30.0,60.0,1e-09,1e-12,6,0.0001,1,new simulation,nan
1,40,-0.17703939893007398,3.0,-0.9,rolling,11.329999999999803,-0.19525458860614134,1.4487359101324746,31,31,0,1.4627106053389323,0.08,0.28559933214452665,9.81,1,1,11,21,41,-3.0,3.0,0.01,30.0,60.0,1e-09,1e-12,6,0.0001,1,new simulation,nan
2,0,-0.14847946571562132,-3.0,-0.8,rolling,13.749999999999751,-0.19316769743312043,1.4459074326527401,32,28,4,1.4624366110844316,0.08,0.28559933214452665,9.81,1,1,11,21,41,-3.0,3.0,0.01,30.0,60.0,1e-09,1e-12,6,0.0001,1,new simulation,nan
2,1,-0.14847946571562132,-2.85,-0.8,rolling,14.079999999999744,-0.19888930739143587,1.4534440545445333,32,28,4,1.4624234011617745,0.08,0.28559933214452665,9.81,1,1,11,21,41,-3.0,3.0,0.01,30.0,60.0,1e-09,1e-12,6,0.0001,1,new simulation,nan
2,2,-0.14847946571562132,-2.7,-0.8,settled,1.9600000000000015,-0.20559933214452664,0.0,5,1,4,nan,0.08,0.28559933214452665,9.81,1,1,11,21,41,-3.0,3.0,0.01,30.0,60.0,1e-09,1e-12,6,0.0001,1,new simulation,nan
2,3,-0.14847946571562132,-2.55,-0.8,settled,2.909999999999982,-0.20559933214452664,0.0,5,1,4,nan,0.08,0.28559933214452665,9.81,1,1,11,21,41,-3.0,3.0,0.01,30.0,60.0,1e-09,1e-12,6,0.0001,1,new simulation,nan
2,4,-0.14847946571562132,-2.4,-0.8,rolling,13.079999999999766,-0.19435559808711267,1.447443365516161,30,27,3,1.4623946224874167,0.08,0.28559933214452665,9.81,1,1,11,21,41,-3.0,3.0,0.01,30.0,60.0,1e-09,1e-12,6,0.0001,1,new simulation,nan
2,5,-0.14847946571562132,-2.25,-0.8,rolling,13.639999999999754,-0.19859523767112722,1.4530540697205299,31,28,3,1.462428830462781,0.08,0.28559933214452665,9.81,1,1,11,21,41,-3.0,3.0,0.01,30.0,60.0,1e-09,1e-12,6,0.0001,1,new simulation,nan
2,6,-0.14847946571562132,-2.1,-0.8,settled,1.6500000000000012,-0.20559933214452664,0.0,4,1,3,nan,0.08,0.28559933214452665,9.81,1,1,11,21,41,-3.0,3.0,0.01,30.0,60.0,1e-09,1e-12,6,0.0001,1,new simulation,nan
2,7,-0.14847946571562132,-1.95,-0.8,settled,2.0000000000000013,-0.20559933214452664,0.0,4,1,3,nan,0.08,0.28559933214452665,9.81,1,1,11,21,41,-3.0,3.0,0.01,30.0,60.0,1e-09,1e-12,6,0.0001,1,new simulation,nan
2,8,-0.14847946571562132,-1.8,-0.8,rolling,12.789999999999772,-0.197077556866051,1.451028097074813,29,27,2,1.4623990716087558,0.08,0.28559933214452665,9.81,1,1,11,21,41,-3.0,3.0,0.01,30.0,60.0,1e-09,1e-12,6,0.0001,1,new simulation,nan
2,9,-0.14847946571562132,-1.6500000000000001,-0.8,rolling,13.249999999999762,-0.2046059471256821,1.4611579966454136,30,28,2,1.4624312629343603,0.08,0.28559933214452665,9.81,1,1,11,21,41,-3.0,3.0,0.01,30.0,60.0,1e-09,1e-12,6,0.0001,1,new simulation,nan
2,10,-0.14847946571562132,-1.5,-0.8,rolling,14.139999999999743,-0.20397296400724543,1.4602905241310087,30,28,2,1.462417059701232,0.08,0.28559933214452665,9.81,1,1,11,21,41,-3.0,3.0,0.01,30.0,60.0,1e-09,1e-12,6,0.0001,1,new simulation,nan
2,11,-0.14847946571562132,-1.35,-0.8,settled,1.460000000000001,-0.20559933214452664,0.0,3,1,2,nan,0.08,0.28559933214452665,9.81,1,1,11,21,41,-3.0,3.0,0.01,30.0,60.0,1e-09,1e-12,6,0.0001,1,new simulation,nan
2,12,-0.14847946571562132,-1.2000000000000002,-0.8,rolling,12.39999999999978,-0.20001196642931113,1.4549377758996218,28,27,1,1.4624043646106901,0.08,0.28559933214452665,9.81,1,1,11,21,41,-3.0,3.0,0.01,30.0,60.0,1e-09,1e-12,6,0.0001,1,new simulation,nan
2,13,-0.14847946571562132,-1.05,-0.8,rolling,12.679999999999774,-0.19428403706291403,1.4473646785884648,29,28,1,1.4624362286132249,0.08,0.28559933214452665,9.81,1,1,11,21,41,-3.0,3.0,0.01,30.0,60.0,1e-09,1e-12,6,0.0001,1,new simulation,nan
2,14,-0.14847946571562132,-0.8999999999999999,-0.8,rolling,12.85999999999977,-0.20513454192735853,1.4618771518327964,29,28,1,1.4624238047030984,0.08,0.28559933214452665,9.81,1,1,11,21,41,-3.0,3.0,0.01,30.0,60.0,1e-09,1e-12,6,0.0001,1,new simulation,nan
2,15,-0.14847946571562132,-0.75,-0.8,settled,0.5700000000000003,-0.20559933214452664,0.0,2,1,1,nan,0.08,0.28559933214452665,9.81,1,1,11,21,41,-3.0,3.0,0.01,30.0,60.0,1e-09,1e-12,6,0.0001,1,new simulation,nan
2,16,-0.14847946571562132,-0.6000000000000001,-0.8,settled,0.49000000000000027,-0.20559933214452664,0.0,2,1,1,nan,0.08,0.28559933214452665,9.81,1,1,11,21,41,-3.0,3.0,0.01,30.0,60.0,1e-09,1e-12,6,0.0001,1,new simulation,nan
2,17,-0.14847946571562132,-0.4500000000000002,-0.8,settled,0.4400000000000002,-0.20559933214452664,0.0,2,1,1,nan,0.08,0.28559933214452665,9.81,1,1,11,21,41,-3.0,3.0,0.01,30.0,60.0,1e-09,1e-12,6,0.0001,1,new simulation,nan
2,18,-0.14847946571562132,-0.30000000000000027,-0.8,settled,0.4200000000000002,-0.20559933214452664,0.0,2,1,1,nan,0.08,0.28559933214452665,9.81,1,1,11,21,41,-3.0,3.0,0.01,30.0,60.0,1e-09,1e-12,6,0.0001,1,new simulation,nan
2,19,-0.14847946571562132,-0.1499999999999999,-0.8,settled,0.4300000000000002,-0.20559933214452664,0.0,2,1,1,nan,0.08,0.28559933214452665,9.81,1,1,11,21,41,-3.0,3.0,0.01,30.0,60.0,1e-09,1e-12,6,0.0001,1,new simulation,nan
2,20,-0.14847946571562132,0.0,-0.8,settled,0.5000000000000002,-0.20559933214452664,0.0,2,1,1,nan,0.08,0.28559933214452665,9.81,1,1,11,21,41,-3.0,3.0,0.01,30.0,60.0,1e-09,1e-12,6,0.0001,1,new simulation,nan
2,21,-0.14847946571562132,0.1499999999999999,-0.8,settled,0.6400000000000003,-0.20559933214452664,0.0,2,1,1,nan,0.08,0.28559933214452665,9.81,1,1,11,21,41,-3.0,3.0,0.01,30.0,60.0,1e-09,1e-12,6,0.0001,1,new simulation,nan
2,22,-0.14847946571562132,0.2999999999999998,-0.8,settled,0.9100000000000006,-0.20559933214452664,0.0,2,1,1,nan,0.08,0.28559933214452665,9.81,1,1,11,21,41,-3.0,3.0,0.01,30.0,60.0,1e-09,1e-12,6,0.0001,1,new simulation,nan
2,23,-0.14847946571562132,0.44999999999999973,-0.8,settled,1.7600000000000013,-0.20559933214452664,0.0,2,1,1,nan,0.08,0.28559933214452665,9.81,1,1,11,21,41,-3.0,3.0,0.01,30.0,60.0,1e-09,1e-12,6,0.0001,1,new simulation,nan
2,24,-0.14847946571562132,0.5999999999999996,-0.8,rolling,11.93999999999979,-0.1976125727142196,1.451747592177179,27,27,0,1.4624282835690627,0.08,0.28559933214452665,9.81,1,1,11,21,41,-3.0,3.0,0.01,30.0,60.0,1e-09,1e-12,6,0.0001,1,new simulation,nan
2,25,-0.14847946571562132,0.75,-0.8,rolling,11.209999999999805,-0.19342219381084225,1.446224868720783,26,26,0,1.4623971485726728,0.08,0.28559933214452665,9.81,1,1,11,21,41,-3.0,3.0,0.01,30.0,60.0,1e-09,1e-12,6,0.0001,1,new simulation,nan
2,26,-0.14847946571562132,0.8999999999999999,-0.8,rolling,10.97999999999981,-0.19359450796010697,1.4464602990570279,26,26,0,1.4624268071844062,0.08,0.28559933214452665,9.81,1,1,11,21,41,-3.0,3.0,0.01,30.0,60.0,1e-09,1e-12,6,0.0001,1,new simulation,nan
2,27,-0.14847946571562132,1.0499999999999998,-0.8,rolling,10.379999999999823,-0.2050972084136087,1.4618248821931854,25,25,0,1.4624203211429376,0.08,0.28559933214452665,9.81,1,1,11,21,41,-3.0,3.0,0.01,30.0,60.0,1e-09,1e-12,6,0.0001,1,new simulation,nan
2,28,-0.14847946571562132,1.2000000000000002,-0.8,rolling,9.409999999999844,-0.20293609380089553,1.458873772585801,23,23,0,1.4623927986428216,0.08,0.28559933214452665,9.81,1,1,11,21,41,-3.0,3.0,0.01,30.0,60.0,1e-09,1e-12,6,0.0001,1,new simulation,nan
2,29,-0.14847946571562132,1.3499999999999996,-0.8,rolling,7.649999999999881,-0.20205480673173848,1.4576846486365758,19,19,0,1.462401719120909,0.08,0.28559933214452665,9.81,1,1,11,21,41,-3.0,3.0,0.01,30.0,60.0,1e-09,1e-12,6,0.0001,1,new simulation,nan
2,30,-0.14847946571562132,1.5,-0.8,rolling,8.719999999999859,-0.19977793120698226,1.4547336961925146,22,22,0,1.4627096365264383,0.08,0.28559933214452665,9.81,1,1,11,21,41,-3.0,3.0,0.01,30.0,60.0,1e-09,1e-12,6,0.0001,1,new simulation,nan
2,31,-0.14847946571562132,1.6499999999999995,-0.8,rolling,9.799999999999836,-0.19663911760664285,1.4505543218595287,25,25,0,1.4626945865801364,0.08,0.28559933214452665,9.81,1,1,11,21,41,-3.0,3.0,0.01,30.0,60.0,1e-09,1e-12,6,0.0001,1,new simulation,nan
2,32,-0.14847946571562132,1.7999999999999998,-0.8,rolling,10.07999999999983,-0.19797415123100154,1.4523315181170602,26,26,0,1.462717951526712,0.08,0.28559933214452665,9.81,1,1,11,21,41,-3.0,3.0,0.01,30.0,60.0,1e-09,1e-12,6,0.0001,1,new simulation,nan
2,33,-0.14847946571562132,1.9500000000000002,-0.8,rolling,10.369999999999823,-0.19466442186636068,1.4479649632101077,27,27,0,1.4627201816725715,0.08,0.28559933214452665,9.81,1,1,11,21,41,-3.0,3.0,0.01,30.0,60.0,1e-09,1e-12,6,0.0001,1,new simulation,nan
2,34,-0.14847946571562132,2.0999999999999996,-0.8,rolling,10.659999999999817,-0.19997356458307944,1.4549959226100437,28,28,0,1.4627105203989073,0.08,0.28559933214452665,9.81,1,1,11,21,41,-3.0,3.0,0.01,30.0,60.0,1e-09,1e-12,6,0.0001,1,new simulation,nan
2,35,-0.14847946571562132,2.25,-0.8,rolling,10.95999999999981,-0.19840615939818024,1.4528977086016155,29,29,0,1.4626949398204179,0.08,0.28559933214452665,9.81,1,1,11,21,41,-3.0,3.0,0.01,30.0,60.0,1e-09,1e-12,6,0.0001,1,new simulation,nan
2,36,-0.14847946571562132,2.3999999999999995,-0.8,rolling,10.859999999999813,-0.20017648124393037,1.455272826048129,29,29,0,1.4627245575986005,0.08,0.28559933214452665,9.81,1,1,11,21,41,-3.0,3.0,0.01,30.0,60.0,1e-09,1e-12,6,0.0001,1,new simulation,nan
2,37,-0.14847946571562132,2.55,-0.8,rolling,11.169999999999806,-0.19711889548528497,1.4511906366516631,30,30,0,1.4626994811387022,0.08,0.28559933214452665,9.81,1,1,11,21,41,-3.0,3.0,0.01,30.0,60.0,1e-09,1e-12,6,0.0001,1,new simulation,nan
2,38,-0.14847946571562132,2.7,-0.8,rolling,11.079999999999808,-0.19617965915171298,1.4499580712498241,30,30,0,1.4627231459019558,0.08,0.28559933214452665,9.81,1,1,11,21,41,-3.0,3.0,0.01,30.0,60.0,1e-09,1e-12,6,0.0001,1,new simulation,nan
2,39,-0.14847946571562132,2.8499999999999996,-0.8,rolling,11.389999999999802,-0.2039179105622825,1.460314337173588,31,31,0,1.4626938732375632,0.08,0.28559933214452665,9.81,1,1,11,21,41,-3.0,3.0,0.01,30.0,60.0,1e-09,1e-12,6,0.0001,1,new simulation,nan
2,40,-0.14847946571562132,3.0,-0.8,rolling,11.309999999999803,-0.1983250671272386,1.4527961103413758,31,31,0,1.4627125349209456,0.08,0.28559933214452665,9.81,1,1,11,21,41,-3.0,3.0,0.01,30.0,60.0,1e-09,1e-12,6,0.0001,1,new simulation,nan
3,0,-0.11991953250116863,-3.0,-0.6999999999999998,rolling,13.739999999999752,-0.2051467680695361,1.4618988284960779,32,28,4,1.4624377400274622,0.08,0.28559933214452665,9.81,1,1,11,21,41,-3.0,3.0,0.01,30.0,60.0,1e-09,1e-12,6,0.0001,1,new simulation,nan
3,1,-0.11991953250116863,-2.85,-0.6999999999999998,rolling,14.039999999999745,-0.19731136962565693,1.451346895356052,32,28,4,1.4624245282011161,0.08,0.28559933214452665,9.81,1,1,11,21,41,-3.0,3.0,0.01,30.0,60.0,1e-09,1e-12,6,0.0001,1,new simulation,nan
3,2,-0.11991953250116863,-2.7,-0.6999999999999998,settled,1.9600000000000015,-0.20559933214452664,0.0,5,1,4,nan,0.08,0.28559933214452665,9.81,1,1,11,21,41,-3.0,3.0,0.01,30.0,60.0,1e-09,1e-12,6,0.0001,1,new simulation,nan
3,3,-0.11991953250116863,-2.55,-0.6999999999999998,settled,2.5199999999999902,-0.20559933214452664,0.0,5,1,4,nan,0.08,0.28559933214452665,9.81,1,1,11,21,41,-3.0,3.0,0.01,30.0,60.0,1e-09,1e-12,6,0.0001,1,new simulation,nan
3,4,-0.11991953250116863,-2.4,-0.6999999999999998,rolling,13.089999999999765,-0.20557678534473042,1.4624725983171352,30,27,3,1.4623968765060351,0.08,0.28559933214452665,9.81,1,1,11,21,41,-3.0,3.0,0.01,30.0,60.0,1e-09,1e-12,6,0.0001,1,new simulation,nan
3,5,-0.11991953250116863,-2.25,-0.6999999999999998,rolling,13.619999999999754,-0.19235473465117342,1.4448481795475983,31,28,3,1.4624304264159793,0.08,0.28559933214452665,9.81,1,1,11,21,41,-3.0,3.0,0.01,30.0,60.0,1e-09,1e-12,6,0.0001,1,new simulation,nan
3,6,-0.11991953250116863,-2.1,-0.6999999999999998,rolling,14.75999999999973,-0.1947136811134372,1.4479203156978802,31,28,3,1.4624165437466645,0.08,0.28559933214452665,9.81,1,1,11,21,41,-3.0,3.0,0.01,30.0,60.0,1e-09,1e-12,6,0.0001,1,new simulation,nan
3,7,-0.11991953250116863,-1.95,-0.6999999999999998,settled,1.9100000000000015,-0.20559933214452664,0.0,4,1,3,nan,0.08,0.28559933214452665,9.81,1,1,11,21,41,-3.0,3.0,0.01,30.0,60.0,1e-09,1e-12,6,0.0001,1,new simulation,nan
3,8,-0.11991953250116863,-1.8,-0.6999999999999998,rolling,12.83999999999977,-0.19328947794193782,1.446053714847731,29,27,2,1.4624022568257447,0.08,0.28559933214452665,9.81,1,1,11,21,41,-3.0,3.0,0.01,30.0,60.0,1e-09,1e-12,6,0.0001,1,new simulation,nan
3,9,-0.11991953250116863,-1.6500000000000001,-0.6999999999999998,rolling,13.239999999999762,-0.1939228840840355,1.4468914700643367,30,28,2,1.4624335170699236,0.08,0.28559933214452665,9.81,1,1,11,21,41,-3.0,3.0,0.01,30.0,60.0,1e-09,1e-12,6,0.0001,1,new simulation,nan
3,10,-0.11991953250116863,-1.5,-0.6999999999999998,rolling,13.76999999999975,-0.2014380344478869,1.45685896373408,30,28,2,1.4624193129582868,0.08,0.28559933214452665,9.81,1,1,11,21,41,-3.0,3.0,0.01,30.0,60.0,1e-09,1e-12,6,0.0001,1,new simulation,nan
3,11,-0.11991953250116863,-1.35,-0.6999999999999998,settled,1.410000000000001,-0.20559933214452664,0.0,3,1,2,nan,0.08,0.28559933214452665,9.81,1,1,11,21,41,-3.0,3.0,0.01,30.0,60.0,1e-09,1e-12,6,0.0001,1,new simulation,nan
3,12,-0.11991953250116863,-1.2000000000000002,-0.6999999999999998,rolling,12.549999999999777,-0.19337563664621116,1.4461683903450022,28,27,1,1.4624088642003386,0.08,0.28559933214452665,9.81,1,1,11,21,41,-3.0,3.0,0.01,30.0,60.0,1e-09,1e-12,6,0.0001,1,new simulation,nan
3,13,-0.11991953250116863,-1.05,-0.6999999999999998,rolling,12.699999999999774,-0.19887020228495023,1.4534243122223853,29,28,1,1.4624394123129882,0.08,0.28559933214452665,9.81,1,1,11,21,41,-3.0,3.0,0.01,30.0,60.0,1e-09,1e-12,6,0.0001,1,new simulation,nan
3,14,-0.11991953250116863,-0.8999999999999999,-0.6999999999999998,rolling,12.809999999999771,-0.19893523222498122,1.4535065875731263,29,28,1,1.4624269886873815,0.08,0.28559933214452665,9.81,1,1,11,21,41,-3.0,3.0,0.01,30.0,60.0,1e-09,1e-12,6,0.0001,1,new simulation,nan
3,15,-0.11991953250116863,-0.75,-0.6999999999999998,rolling,13.78999999999975,-0.19703730771574615,1.4509810658919426,29,28,1,1.462416476646634,0.08,0.28559933214452665,9.81,1,1,11,21,41,-3.0,3.0,0.01,30.0,60.0,1e-09,1e-12,6,0.0001,1,new simulation,nan
3,16,-0.11991953250116863,-0.6000000000000001,-0.6999999999999998,settled,0.5700000000000003,-0.20559933214452664,0.0,2,1,1,nan,0.08,0.28559933214452665,9.81,1,1,11,21,41,-3.0,3.0,0.01,30.0,60.0,1e-09,1e-12,6,0.0001,1,new simulation,nan
3,17,-0.11991953250116863,-0.4500000000000002,-0.6999999999999998,settled,0.5200000000000002,-0.20559933214452664,0.0,2,1,1,nan,0.08,0.28559933214452665,9.81,1,1,11,21,41,-3.0,3.0,0.01,30.0,60.0,1e-09,1e-12,6,0.0001,1,new simulation,nan
3,18,-0.11991953250116863,-0.30000000000000027,-0.6999999999999998,settled,0.5100000000000002,-0.20559933214452664,0.0,2,1,1,nan,0.08,0.28559933214452665,9.81,1,1,11,21,41,-3.0,3.0,0.01,30.0,60.0,1e-09,1e-12,6,0.0001,1,new simulation,nan
3,19,-0.11991953250116863,-0.1499999999999999,-0.6999999999999998,settled,0.5400000000000003,-0.20559933214452664,0.0,2,1,1,nan,0.08,0.28559933214452665,9.81,1,1,11,21,41,-3.0,3.0,0.01,30.0,60.0,1e-09,1e-12,6,0.0001,1,new simulation,nan
3,20,-0.11991953250116863,0.0,-0.6999999999999998,settled,0.6300000000000003,-0.20559933214452664,0.0,2,1,1,nan,0.08,0.28559933214452665,9.81,1,1,11,21,41,-3.0,3.0,0.01,30.0,60.0,1e-09,1e-12,6,0.0001,1,new simulation,nan
3,21,-0.11991953250116863,0.1499999999999999,-0.6999999999999998,settled,0.8100000000000005,-0.20559933214452664,0.0,2,1,1,nan,0.08,0.28559933214452665,9.81,1,1,11,21,41,-3.0,3.0,0.01,30.0,60.0,1e-09,1e-12,6,0.0001,1,new simulation,nan
3,22,-0.11991953250116863,0.2999999999999998,-0.6999999999999998,settled,1.2100000000000009,-0.20559933214452664,0.0,2,1,1,nan,0.08,0.28559933214452665,9.81,1,1,11,21,41,-3.0,3.0,0.01,30.0,60.0,1e-09,1e-12,6,0.0001,1,new simulation,nan
3,23,-0.11991953250116863,0.44999999999999973,-0.6999999999999998,rolling,12.169999999999785,-0.20187208658969577,1.4574449546501256,27,27,0,1.462421285123711,0.08,0.28559933214452665,9.81,1,1,11,21,41,-3.0,3.0,0.01,30.0,60.0,1e-09,1e-12,6,0.0001,1,new simulation,nan
3,24,-0.11991953250116863,0.5999999999999996,-0.6999999999999998,rolling,11.739999999999794,-0.20071104991260594,1.455886424171298,27,27,0,1.4624346422887855,0.08,0.28559933214452665,9.81,1,1,11,21,41,-3.0,3.0,0.01,30.0,60.0,1e-09,1e-12,6,0.0001,1,new simulation,nan
3,25,-0.11991953250116863,0.75,-0.6999999999999998,rolling,11.089999999999808,-0.19705138067278227,1.4509959802232897,26,26,0,1.4624061322464703,0.08,0.28559933214452665,9.81,1,1,11,21,41,-3.0,3.0,0.01,30.0,60.0,1e-09,1e-12,6,0.0001,1,new simulation,nan
3,26,-0.11991953250116863,0.8999999999999999,-0.6999999999999998,rolling,10.889999999999812,-0.20012060953307506,1.455094593389685,26,26,0,1.4624357895029905,0.08,0.28559933214452665,9.81,1,1,11,21,41,-3.0,3.0,0.01,30.0,60.0,1e-09,1e-12,6,0.0001,1,new simulation,nan
3,27,-0.11991953250116863,1.0499999999999998,-0.6999999999999998,rolling,10.319999999999824,-0.19423065414010596,1.447293675630649,25,25,0,1.462433015289176,0.08,0.28559933214452665,9.81,1,1,11,21,41,-3.0,3.0,0.01,30.0,60.0,1e-09,1e-12,6,0.0001,1,new simulation,nan
3,28,-0.11991953250116863,1.2000000000000002,-0.6999999999999998,rolling,9.359999999999845,-0.19473464774517632,1.4479483810537748,23,23,0,1.4624181456508225,0.08,0.28559933214452665,9.81,1,1,11,21,41,-3.0,3.0,0.01,30.0,60.0,1e-09,1e-12,6,0.0001,1,new simulation,nan
3,29,-0.11991953250116863,1.3499999999999996,-0.6999999999999998,rolling,6.399999999999908,-0.19545962665879146,1.4488916323225745,16,16,0,1.4623940875810673,0.08,0.28559933214452665,9.81,1,1,11,21,41,-3.0,3.0,0.01,30.0,60.0,1e-09,1e-12,6,0.0001,1,new simulation,nan
3,30,-0.11991953250116863,1.5,-0.6999999999999998,rolling,9.07999999999985,-0.20202331640988339,1.4577458080297505,23,23,0,1.46269194461716,0.08,0.28559933214452665,9.81,1,1,11,21,41,-3.0,3.0,0.01,30.0,60.0,1e-09,1e-12,6,0.0001,1,new simulation,nan
3,31,-0.11991953250116863,1.6499999999999995,-0.6999999999999998,rolling,9.759999999999836,-0.20253353270837546,1.4584409261462654,25,25,0,1.4627072773286318,0.08,0.28559933214452665,9.81,1,1,11,21,41,-3.0,3.0,0.01,30.0,60.0,1e-09,1e-12,6,0.0001,1,new simulation,nan
3,32,-0.11991953250116863,1.7999999999999998,-0.6999999999999998,rolling,10.04999999999983,-0.195080739256059,1.4485134655589282,26,26,0,1.4627269332045811,0.08,0.28559933214452665,9.81,1,1,11,21,41,-3.0,3.0,0.01,30.0,60.0,1e-09,1e-12,6,0.0001,1,new simulation,nan
3,33,-0.11991953250116863,1.9500000000000002,-0.6999999999999998,rolling,10.339999999999824,-0.19645858143475056,1.4503273411686037,27,27,0,1.4627265375685286,0.08,0.28559933214452665,9.81,1,1,11,21,41,-3.0,3.0,0.01,30.0,60.0,1e-09,1e-12,6,0.0001,1,new simulation,nan
3,34,-0.11991953250116863,2.0999999999999996,-0.6999999999999998,rolling,10.639999999999818,-0.19117401403621603,1.4434221502901656,28,28,0,1.4627150183888584,0.08,0.28559933214452665,9.81,1,1,11,21,41,-3.0,3.0,0.01,30.0,60.0,1e-09,1e-12,6,0.0001,1,new simulation,nan
3,35,-0.11991953250116863,2.25,-0.6999999999999998,rolling,10.939999999999811,-0.19289530668496205,1.4456470765213927,29,29,0,1.4626981243165516,0.08,0.28559933214452665,9.81,1,1,11,21,41,-3.0,3.0,0.01,30.0,60.0,1e-09,1e-12,6,0.0001,1,new simulation,nan
3,36,-0.11991953250116863,2.3999999999999995,-0.6999999999999998,rolling,10.839999999999813,-0.19746701501240455,1.45166198100479,29,29,0,1.4627277407636807,0.08,0.28559933214452665,9.81,1,1,11,21,41,-3.0,3.0,0.01,30.0,60.0,1e-09,1e-12,6,0.0001,1,new simulation,nan
3,37,-0.11991953250116863,2.55,-0.6999999999999998,rolling,11.149999999999807,-0.19683997451241345,1.4508223911655715,30,30,0,1.4627017336340284,0.08,0.28559933214452665,9.81,1,1,11,21,41,-3.0,3.0,0.01,30.0,60.0,1e-09,1e-12,6,0.0001,1,new simulation,nan
3,38,-0.11991953250116863,2.7,-0.6999999999999998,rolling,11.059999999999809,-0.19801305719668646,1.452385880122815,30,30,0,1.4627253989873232,0.08,0.28559933214452665,9.81,1,1,11,21,41,-3.0,3.0,0.01,30.0,60.0,1e-09,1e-12,6,0.0001,1,new simulation,nan
3,39,-0.11991953250116863,2.8499999999999996,-0.6999999999999998,rolling,11.379999999999802,-0.19307861380224844,1.4458846671811316,31,31,0,1.4626954670064556,0.08,0.28559933214452665,9.81,1,1,11,21,41,-3.0,3.0,0.01,30.0,60.0,1e-09,1e-12,6,0.0001,1,new simulation,nan
3,40,-0.11991953250116863,3.0,-0.6999999999999998,rolling,11.289999999999804,-0.20366785638225948,1.459981559435518,31,31,0,1.4627141296707755,0.08,0.28559933214452665,9.81,1,1,11,21,41,-3.0,3.0,0.01,30.0,60.0,1e-09,1e-12,6,0.0001,1,new simulation,nan
4,0,-0.09135959928671597,-3.0,-0.5999999999999999,rolling,13.749999999999751,-0.19358225044216884,1.4464485614797566,32,28,4,1.4624386299221575,0.08,0.28559933214452665,9.81,1,1,11,21,41,-3.0,3.0,0.01,30.0,60.0,1e-09,1e-12,6,0.0001,1,new simulation,nan
4,1,-0.09135959928671597,-2.85,-0.5999999999999999,rolling,14.009999999999746,-0.2038375554589442,1.4601092924407233,32,28,4,1.4624254177495477,0.08,0.28559933214452665,9.81,1,1,11,21,41,-3.0,3.0,0.01,30.0,60.0,1e-09,1e-12,6,0.0001,1,new simulation,nan
4,2,-0.09135959928671597,-2.7,-0.5999999999999999,settled,1.9600000000000015,-0.20559933214452664,0.0,5,1,4,nan,0.08,0.28559933214452665,9.81,1,1,11,21,41,-3.0,3.0,0.01,30.0,60.0,1e-09,1e-12,6,0.0001,1,new simulation,nan
4,3,-0.09135959928671597,-2.55,-0.5999999999999999,settled,2.399999999999993,-0.20559933214452664,0.0,5,1,4,nan,0.08,0.28559933214452665,9.81,1,1,11,21,41,-3.0,3.0,0.01,30.0,60.0,1e-09,1e-12,6,0.0001,1,new simulation,nan
4,4,-0.09135959928671597,-2.4,-0.5999999999999999,rolling,13.119999999999765,-0.1916605949199131,1.4439370671573897,30,27,3,1.462398652088287,0.08,0.28559933214452665,9.81,1,1,11,21,41,-3.0,3.0,0.01,30.0,60.0,1e-09,1e-12,6,0.0001,1,new simulation,nan
4,5,-0.09135959928671597,-2.25,-0.5999999999999999,rolling,13.599999999999755,-0.20331299002514647,1.4593988224942005,31,28,3,1.4624316827031019,0.08,0.28559933214452665,9.81,1,1,11,21,41,-3.0,3.0,0.01,30.0,60.0,1e-09,1e-12,6,0.0001,1,new simulation,nan
4,6,-0.09135959928671597,-2.1,-0.5999999999999999,rolling,14.349999999999739,-0.19847946619684792,1.4528959491436073,31,28,3,1.4624178021629792,0.08,0.28559933214452665,9.81,1,1,11,21,41,-3.0,3.0,0.01,30.0,60.0,1e-09,1e-12,6,0.0001,1,new simulation,nan
4,7,-0.09135959928671597,-1.95,-0.5999999999999999,settled,1.8700000000000014,-0.20559933214452664,0.0,4,1,3,nan,0.08,0.28559933214452665,9.81,1,1,11,21,41,-3.0,3.0,0.01,30.0,60.0,1e-09,1e-12,6,0.0001,1,new simulation,nan
4,8,-0.09135959928671597,-1.8,-0.5999999999999999,rolling,12.88999999999977,-0.19881855007280314,1.4533430298670311,29,27,2,1.4624047655743724,0.08,0.28559933214452665,9.81,1,1,11,21,41,-3.0,3.0,0.01,30.0,60.0,1e-09,1e-12,6,0.0001,1,new simulation,nan
4,9,-0.09135959928671597,-1.6500000000000001,-0.5999999999999999,rolling,13.229999999999762,-0.20296591968328825,1.4589293642682661,30,28,2,1.4624352911808591,0.08,0.28559933214452665,9.81,1,1,11,21,41,-3.0,3.0,0.01,30.0,60.0,1e-09,1e-12,6,0.0001,1,new simulation,nan
4,10,-0.09135959928671597,-1.5,-0.5999999999999999,rolling,13.639999999999754,-0.20446977573987185,1.4609686642587827,30,28,2,1.4624210882319322,0.08,0.28559933214452665,9.81,1,1,11,21,41,-3.0,3.0,0.01,30.0,60.0,1e-09,1e-12,6,0.0001,1,new simulation,nan
4,11,-0.09135959928671597,-1.35,-0.5999999999999999,settled,1.390000000000001,-0.20559933214452664,0.0,3,1,2,nan,0.08,0.28559933214452665,9.81,1,1,11,21,41,-3.0,3.0,0.01,30.0,60.0,1e-09,1e-12,6,0.0001,1,new simulation,nan
4,12,-0.09135959928671597,-1.2000000000000002,-0.5999999999999999,rolling,12.759999999999772,-0.2010690382546771,1.4563597262518666,28,27,1,1.4624124109923733,0.08,0.28559933214452665,9.81,1,1,11,21,41,-3.0,3.0,0.01,30.0,60.0,1e-09,1e-12,6,0.0001,1,new simulation,nan
4,13,-0.09135959928671597,-1.05,-0.5999999999999999,rolling,12.329999999999782,-0.20065398568218445,1.4557945763735753,28,27,1,1.4623921533298574,0.08,0.28559933214452665,9.81,1,1,11,21,41,-3.0,3.0,0.01,30.0,60.0,1e-09,1e-12,6,0.0001,1,new simulation,nan
4,14,-0.09135959928671597,-0.8999999999999999,-0.5999999999999999,rolling,12.799999999999772,-0.1930521145336105,1.4457543671632795,29,28,1,1.4624294975265224,0.08,0.28559933214452665,9.81,1,1,11,21,41,-3.0,3.0,0.01,30.0,60.0,1e-09,1e-12,6,0.0001,1,new simulation,nan
4,15,-0.09135959928671597,-0.75,-0.5999999999999999,rolling,13.219999999999763,-0.1923160514378292,1.4447938496696997,29,28,1,1.4624189857840086,0.08,0.28559933214452665,9.81,1,1,11,21,41,-3.0,3.0,0.01,30.0,60.0,1e-09,1e-12,6,0.0001,1,new simulation,nan
4,16,-0.09135959928671597,-0.6000000000000001,-0.5999999999999999,settled,0.6300000000000003,-0.20559933214452664,0.0,2,1,1,nan,0.08,0.28559933214452665,9.81,1,1,11,21,41,-3.0,3.0,0.01,30.0,60.0,1e-09,1e-12,6,0.0001,1,new simulation,nan
4,17,-0.09135959928671597,-0.4500000000000002,-0.5999999999999999,settled,0.6000000000000003,-0.20559933214452664,0.0,2,1,1,nan,0.08,0.28559933214452665,9.81,1,1,11,21,41,-3.0,3.0,0.01,30.0,60.0,1e-09,1e-12,6,0.0001,1,new simulation,nan
4,18,-0.09135959928671597,-0.30000000000000027,-0.5999999999999999,settled,0.6000000000000003,-0.20559933214452664,0.0,2,1,1,nan,0.08,0.28559933214452665,9.81,1,1,11,21,41,-3.0,3.0,0.01,30.0,60.0,1e-09,1e-12,6,0.0001,1,new simulation,nan
4,19,-0.09135959928671597,-0.1499999999999999,-0.5999999999999999,settled,0.6400000000000003,-0.20559933214452664,0.0,2,1,1,nan,0.08,0.28559933214452665,9.81,1,1,11,21,41,-3.0,3.0,0.01,30.0,60.0,1e-09,1e-12,6,0.0001,1,new simulation,nan
4,20,-0.09135959928671597,0.0,-0.5999999999999999,settled,0.7600000000000005,-0.20559933214452664,0.0,2,1,1,nan,0.08,0.28559933214452665,9.81,1,1,11,21,41,-3.0,3.0,0.01,30.0,60.0,1e-09,1e-12,6,0.0001,1,new simulation,nan
4,21,-0.09135959928671597,0.1499999999999999,-0.5999999999999999,settled,1.0200000000000007,-0.20559933214452664,0.0,2,1,1,nan,0.08,0.28559933214452665,9.81,1,1,11,21,41,-3.0,3.0,0.01,30.0,60.0,1e-09,1e-12,6,0.0001,1,new simulation,nan
4,22,-0.09135959928671597,0.2999999999999998,-0.5999999999999999,rolling,12.739999999999773,-0.19483008150710035,1.4480730205915804,27,27,0,1.4624167553312766,0.08,0.28559933214452665,9.81,1,1,11,21,41,-3.0,3.0,0.01,30.0,60.0,1e-09,1e-12,6,0.0001,1,new simulation,nan
4,23,-0.09135959928671597,0.44999999999999973,-0.5999999999999999,rolling,11.889999999999791,-0.1983026658846366,1.4526636927797714,27,27,0,1.462426295122608,0.08,0.28559933214452665,9.81,1,1,11,21,41,-3.0,3.0,0.01,30.0,60.0,1e-09,1e-12,6,0.0001,1,new simulation,nan
4,24,-0.09135959928671597,0.5999999999999996,-0.5999999999999999,rolling,11.609999999999797,-0.19527073031760322,1.448659711937798,27,27,0,1.462439652168464,0.08,0.28559933214452665,9.81,1,1,11,21,41,-3.0,3.0,0.01,30.0,60.0,1e-09,1e-12,6,0.0001,1,new simulation,nan
4,25,-0.09135959928671597,0.75,-0.5999999999999999,rolling,10.99999999999981,-0.19523490874782073,1.4486031424482178,26,26,0,1.462413211899354,0.08,0.28559933214452665,9.81,1,1,11,21,41,-3.0,3.0,0.01,30.0,60.0,1e-09,1e-12,6,0.0001,1,new simulation,nan
4,26,-0.09135959928671597,0.8999999999999999,-0.5999999999999999,rolling,10.419999999999822,-0.19675213947901557,1.4505956013011654,25,25,0,1.4623934931853417,0.08,0.28559933214452665,9.81,1,1,11,21,41,-3.0,3.0,0.01,30.0,60.0,1e-09,1e-12,6,0.0001,1,new simulation,nan
4,27,-0.09135959928671597,1.0499999999999998,-0.5999999999999999,rolling,9.859999999999834,-0.19559200919022718,1.4490656229404353,24,24,0,1.4623937036225492,0.08,0.28559933214452665,9.81,1,1,11,21,41,-3.0,3.0,0.01,30.0,60.0,1e-09,1e-12,6,0.0001,1,new simulation,nan
4,28,-0.09135959928671597,1.2000000000000002,-0.5999999999999999,rolling,9.309999999999846,-0.19841744710598808,1.4528206707439004,23,23,0,1.4624381189330158,0.08,0.28559933214452665,9.81,1,1,11,21,41,-3.0,3.0,0.01,30.0,60.0,1e-09,1e-12,6,0.0001,1,new simulation,nan
4,29,-0.09135959928671597,1.3499999999999996,-0.5999999999999999,rolling,5.149999999999935,-0.19844165702169064,1.4529543787037846,13,13,0,1.462721231413962,0.08,0.28559933214452665,9.81,1,1,11,21,41,-3.0,3.0,0.01,30.0,60.0,1e-09,1e-12,6,0.0001,1,new simulation,nan
4,30,-0.09135959928671597,1.5,-0.5999999999999999,rolling,9.049999999999851,-0.19390320025180025,1.4469659564141122,23,23,0,1.4627119140464562,0.08,0.28559933214452665,9.81,1,1,11,21,41,-3.0,3.0,0.01,30.0,60.0,1e-09,1e-12,6,0.0001,1,new simulation,nan
4,31,-0.09135959928671597,1.6499999999999995,-0.5999999999999999,rolling,9.729999999999837,-0.20031974419336765,1.4554623061589478,25,25,0,1.4627172782695705,0.08,0.28559933214452665,9.81,1,1,11,21,41,-3.0,3.0,0.01,30.0,60.0,1e-09,1e-12,6,0.0001,1,new simulation,nan
4,32,-0.09135959928671597,1.7999999999999998,-0.5999999999999999,rolling,10.419999999999822,-0.20118009192731368,1.4566062123887298,27,27,0,1.4626838572520982,0.08,0.28559933214452665,9.81,1,1,11,21,41,-3.0,3.0,0.01,30.0,60.0,1e-09,1e-12,6,0.0001,1,new simulation,nan
4,33,-0.09135959928671597,1.9500000000000002,-0.5999999999999999,rolling,10.309999999999825,-0.20300819634120137,1.4590924181802152,27,27,0,1.4627315466058974,0.08,0.28559933214452665,9.81,1,1,11,21,41,-3.0,3.0,0.01,30.0,60.0,1e-09,1e-12,6,0.0001,1,new simulation,nan
4,34,-0.09135959928671597,2.0999999999999996,-0.5999999999999999,rolling,10.609999999999818,-0.20100992604684761,1.4563896925814042,28,28,0,1.4627185634410385,0.08,0.28559933214452665,9.81,1,1,11,21,41,-3.0,3.0,0.01,30.0,60.0,1e-09,1e-12,6,0.0001,1,new simulation,nan
4,35,-0.09135959928671597,2.25,-0.5999999999999999,rolling,10.909999999999812,-0.20557599908808102,1.462579684315778,29,29,0,1.4627006320221365,0.08,0.28559933214452665,9.81,1,1,11,21,41,-3.0,3.0,0.01,30.0,60.0,1e-09,1e-12,6,0.0001,1,new simulation,nan
4,36,-0.09135959928671597,2.3999999999999995,-0.5999999999999999,rolling,10.819999999999814,-0.19802475326886973,1.4524031609916628,29,29,0,1.4627302499488002,0.08,0.28559933214452665,9.81,1,1,11,21,41,-3.0,3.0,0.01,30.0,60.0,1e-09,1e-12,6,0.0001,1,new simulation,nan
4,37,-0.09135959928671597,2.55,-0.5999999999999999,rolling,11.129999999999807,-0.19949109923793693,1.4543478668890286,30,30,0,1.4627035093195087,0.08,0.28559933214452665,9.81,1,1,11,21,41,-3.0,3.0,0.01,30.0,60.0,1e-09,1e-12,6,0.0001,1,new simulation,nan
4,38,-0.09135959928671597,2.7,-0.5999999999999999,rolling,11.039999999999809,-0.202502622388705,1.4584062123202786,30,30,0,1.4627271745618462,0.08,0.28559933214452665,9.81,1,1,11,21,41,-3.0,3.0,0.01,30.0,60.0,1e-09,1e-12,6,0.0001,1,new simulation,nan
4,39,-0.09135959928671597,2.8499999999999996,-0.5999999999999999,rolling,11.359999999999802,-0.19915915358674455,1.4539020153072264,31,31,0,1.4626967239685396,0.08,0.28559933214452665,9.81,1,1,11,21,41,-3.0,3.0,0.01,30.0,60.0,1e-09,1e-12,6,0.0001,1,new simulation,nan
4,40,-0.09135959928671597,3.0,-0.5999999999999999,rolling,11.279999999999804,-0.19664938679038477,1.45057535932984,31,31,0,1.462715386449356,0.08,0.28559933214452665,9.81,1,1,11,21,41,-3.0,3.0,0.01,30.0,60.0,1e-09,1e-12,6,0.0001,1,new simulation,nan
5,0,-0.06279966607226331,-3.0,-0.4999999999999999,rolling,13.749999999999751,-0.20061553152279368,1.455759789958737,32,28,4,1.4624392782247266,0.08,0.28559933214452665,9.81,1,1,11,21,41,-3.0,3.0,0.01,30.0,60.0,1e-09,1e-12,6,0.0001,1,new simulation,nan
5,1,-0.06279966607226331,-2.85,-0.4999999999999999,rolling,13.999999999999746,-0.19840392147172767,1.452798348966202,32,28,4,1.462426067062606,0.08,0.28559933214452665,9.81,1,1,11,21,41,-3.0,3.0,0.01,30.0,60.0,1e-09,1e-12,6,0.0001,1,new simulation,nan
5,2,-0.06279966607226331,-2.7,-0.4999999999999999,settled,1.9600000000000015,-0.20559933214452664,0.0,5,1,4,nan,0.08,0.28559933214452665,9.81,1,1,11,21,41,-3.0,3.0,0.01,30.0,60.0,1e-09,1e-12,6,0.0001,1,new simulation,nan
5,3,-0.06279966607226331,-2.55,-0.4999999999999999,settled,2.339999999999994,-0.20559933214452664,0.0,5,1,4,nan,0.08,0.28559933214452665,9.81,1,1,11,21,41,-3.0,3.0,0.01,30.0,60.0,1e-09,1e-12,6,0.0001,1,new simulation,nan
5,4,-0.06279966607226331,-2.4,-0.4999999999999999,rolling,13.139999999999764,-0.1925723931476555,1.4451198449621796,30,27,3,1.4623999492999589,0.08,0.28559933214452665,9.81,1,1,11,21,41,-3.0,3.0,0.01,30.0,60.0,1e-09,1e-12,6,0.0001,1,new simulation,nan
5,5,-0.06279966607226331,-2.25,-0.4999999999999999,rolling,13.599999999999755,-0.19795191357889683,1.4521996461895823,31,28,3,1.4624326006417405,0.08,0.28559933214452665,9.81,1,1,11,21,41,-3.0,3.0,0.01,30.0,60.0,1e-09,1e-12,6,0.0001,1,new simulation,nan
5,6,-0.06279966607226331,-2.1,-0.4999999999999999,rolling,14.219999999999741,-0.19918648833799854,1.4538389259357496,31,28,3,1.4624187207404902,0.08,0.28559933214452665,9.81,1,1,11,21,41,-3.0,3.0,0.01,30.0,60.0,1e-09,1e-12,6,0.0001,1,new simulation,nan
5,7,-0.06279966607226331,-1.95,-0.4999999999999999,settled,1.8500000000000014,-0.20559933214452664,0.0,4,1,3,nan,0.08,0.28559933214452665,9.81,1,1,11,21,41,-3.0,3.0,0.01,30.0,60.0,1e-09,1e-12,6,0.0001,1,new simulation,nan
5,8,-0.06279966607226331,-1.8,-0.4999999999999999,rolling,12.939999999999769,-0.20455293410395786,1.4610768987548806,29,27,2,1.4624065990803417,0.08,0.28559933214452665,9.81,1,1,11,21,41,-3.0,3.0,0.01,30.0,60.0,1e-09,1e-12,6,0.0001,1,new simulation,nan
5,9,-0.06279966607226331,-1.6500000000000001,-0.4999999999999999,rolling,13.239999999999762,-0.1957984959365614,1.4493528229073784,30,28,2,1.4624365884355592,0.08,0.28559933214452665,9.81,1,1,11,21,41,-3.0,3.0,0.01,30.0,60.0,1e-09,1e-12,6,0.0001,1,new simulation,nan
5,10,-0.06279966607226331,-1.5,-0.4999999999999999,rolling,13.589999999999755,-0.1920717322752752,1.4444781707269652,30,28,2,1.4624223862727248,0.08,0.28559933214452665,9.81,1,1,11,21,41,-3.0,3.0,0.01,30.0,60.0,1e-09,1e-12,6,0.0001,1,new simulation,nan
5,11,-0.06279966607226331,-1.35,-0.4999999999999999,settled,1.390000000000001,-0.20559933214452664,0.0,3,1,2,nan,0.08,0.28559933214452665,9.81,1,1,11,21,41,-3.0,3.0,0.01,30.0,60.0,1e-09,1e-12,6,0.0001,1,new simulation,nan
5,12,-0.06279966607226331,-1.2000000000000002,-0.4999999999999999,rolling,13.159999999999764,-0.20128551613261836,1.4566520019964446,28,27,1,1.4624149988847817,0.08,0.28559933214452665,9.81,1,1,11,21,41,-3.0,3.0,0.01,30.0,60.0,1e-09,1e-12,6,0.0001,1,new simulation,nan
5,13,-0.06279966607226331,-1.05,-0.4999999999999999,rolling,12.36999999999978,-0.19745365223129813,1.4515247941105598,28,27,1,1.4623947439892675,0.08,0.28559933214452665,9.81,1,1,11,21,41,-3.0,3.0,0.01,30.0,60.0,1e-09,1e-12,6,0.0001,1,new simulation,nan
5,14,-0.06279966607226331,-0.8999999999999999,-0.4999999999999999,rolling,12.799999999999772,-0.20245297916686938,1.4582334061540492,29,28,1,1.4624313319094988,0.08,0.28559933214452665,9.81,1,1,11,21,41,-3.0,3.0,0.01,30.0,60.0,1e-09,1e-12,6,0.0001,1,new simulation,nan
5,15,-0.06279966607226331,-0.75,-0.4999999999999999,rolling,13.109999999999765,-0.19408581953307455,1.4470998616899517,29,28,1,1.4624208190130519,0.08,0.28559933214452665,9.81,1,1,11,21,41,-3.0,3.0,0.01,30.0,60.0,1e-09,1e-12,6,0.0001,1,new simulation,nan
5,16,-0.06279966607226331,-0.6000000000000001,-0.4999999999999999,settled,0.6900000000000004,-0.20559933214452664,0.0,2,1,1,nan,0.08,0.28559933214452665,9.81,1,1,11,21,41,-3.0,3.0,0.01,30.0,60.0,1e-09,1e-12,6,0.0001,1,new simulation,nan
5,17,-0.06279966607226331,-0.4500000000000002,-0.4999999999999999,settled,0.6600000000000004,-0.20559933214452664,0.0,2,1,1,nan,0.08,0.28559933214452665,9.81,1,1,11,21,41,-3.0,3.0,0.01,30.0,60.0,1e-09,1e-12,6,0.0001,1,new simulation,nan
5,18,-0.06279966607226331,-0.30000000000000027,-0.4999999999999999,settled,0.6800000000000004,-0.20559933214452664,0.0,2,1,1,nan,0.08,0.28559933214452665,9.81,1,1,11,21,41,-3.0,3.0,0.01,30.0,60.0,1e-09,1e-12,6,0.0001,1,new simulation,nan
5,19,-0.06279966607226331,-0.1499999999999999,-0.4999999999999999,settled,0.7500000000000004,-0.20559933214452664,0.0,2,1,1,nan,0.08,0.28559933214452665,9.81,1,1,11,21,41,-3.0,3.0,0.01,30.0,60.0,1e-09,1e-12,6,0.0001,1,new simulation,nan
5,20,-0.06279966607226331,0.0,-0.4999999999999999,settled,0.9100000000000006,-0.20559933214452664,0.0,2,1,1,nan,0.08,0.28559933214452665,9.81,1,1,11,21,41,-3.0,3.0,0.01,30.0,60.0,1e-09,1e-12,6,0.0001,1,new simulation,nan
5,21,-0.06279966607226331,0.1499999999999999,-0.4999999999999999,settled,1.390000000000001,-0.20559933214452664,0.0,2,1,1,nan,0.08,0.28559933214452665,9.81,1,1,11,21,41,-3.0,3.0,0.01,30.0,60.0,1e-09,1e-12,6,0.0001,1,new simulation,nan
5,22,-0.06279966607226331,0.2999999999999998,-0.4999999999999999,rolling,12.069999999999787,-0.204078452715753,1.4604352952532342,27,27,0,1.4624204136142103,0.08,0.28559933214452665,9.81,1,1,11,21,41,-3.0,3.0,0.01,30.0,60.0,1e-09,1e-12,6,0.0001,1,new simulation,nan
5,23,-0.06279966607226331,0.44999999999999973,-0.4999999999999999,rolling,11.729999999999794,-0.19755261120162548,1.451668654724087,27,27,0,1.4624299554350524,0.08,0.28559933214452665,9.81,1,1,11,21,41,-3.0,3.0,0.01,30.0,60.0,1e-09,1e-12,6,0.0001,1,new simulation,nan
5,24,-0.06279966607226331,0.5999999999999996,-0.4999999999999999,rolling,11.109999999999808,-0.1935005887849245,1.4463260093290793,26,26,0,1.4623941165107548,0.08,0.28559933214452665,9.81,1,1,11,21,41,-3.0,3.0,0.01,30.0,60.0,1e-09,1e-12,6,0.0001,1,new simulation,nan
5,25,-0.06279966607226331,0.75,-0.4999999999999999,rolling,10.929999999999811,-0.19169959173322101,1.44399465571234,26,26,0,1.462418382582795,0.08,0.28559933214452665,9.81,1,1,11,21,41,-3.0,3.0,0.01,30.0,60.0,1e-09,1e-12,6,0.0001,1,new simulation,nan
5,26,-0.06279966607226331,0.8999999999999999,-0.4999999999999999,rolling,10.359999999999824,-0.20061706814342747,1.4557480906328086,25,25,0,1.4624007987821852,0.08,0.28559933214452665,9.81,1,1,11,21,41,-3.0,3.0,0.01,30.0,60.0,1e-09,1e-12,6,0.0001,1,new simulation,nan
5,27,-0.06279966607226331,1.0499999999999998,-0.4999999999999999,rolling,9.809999999999835,-0.19940310254139743,1.4541230063665127,24,24,0,1.462404026483779,0.08,0.28559933214452665,9.81,1,1,11,21,41,-3.0,3.0,0.01,30.0,60.0,1e-09,1e-12,6,0.0001,1,new simulation,nan
5,28,-0.06279966607226331,1.2000000000000002,-0.4999999999999999,rolling,8.869999999999855,-0.19448979024742874,1.4476236597665422,22,22,0,1.4624073900653,0.08,0.28559933214452665,9.81,1,1,11,21,41,-3.0,3.0,0.01,30.0,60.0,1e-09,1e-12,6,0.0001,1,new simulation,nan
5,29,-0.06279966607226331,1.3499999999999996,-0.4999999999999999,rolling,6.719999999999901,-0.20549710155955284,1.462477977353293,17,17,0,1.4627183283275802,0.08,0.28559933214452665,9.81,1,1,11,21,41,-3.0,3.0,0.01,30.0,60.0,1e-09,1e-12,6,0.0001,1,new simulation,nan
5,30,-0.06279966607226331,1.5,-0.4999999999999999,rolling,9.019999999999852,-0.19284275632349054,1.4455889457530124,23,23,0,1.4627264970626632,0.08,0.28559933214452665,9.81,1,1,11,21,41,-3.0,3.0,0.01,30.0,60.0,1e-09,1e-12,6,0.0001,1,new simulation,nan
5,31,-0.06279966607226331,1.6499999999999995,-0.4999999999999999,rolling,9.699999999999838,-0.20411299984378548,1.4605907880097915,25,25,0,1.4627245818357946,0.08,0.28559933214452665,9.81,1,1,11,21,41,-3.0,3.0,0.01,30.0,60.0,1e-09,1e-12,6,0.0001,1,new simulation,nan
5,32,-0.06279966607226331,1.7999999999999998,-0.4999999999999999,rolling,10.399999999999823,-0.19439645942521594,1.4476022283131136,27,27,0,1.4626875143461486,0.08,0.28559933214452665,9.81,1,1,11,21,41,-3.0,3.0,0.01,30.0,60.0,1e-09,1e-12,6,0.0001,1,new simulation,nan
5,33,-0.06279966607226331,1.9500000000000002,-0.4999999999999999,rolling,10.689999999999817,-0.20303110041337596,1.459106746227361,28,28,0,1.4626847015041404,0.08,0.28559933214452665,9.81,1,1,11,21,41,-3.0,3.0,0.01,30.0,60.0,1e-09,1e-12,6,0.0001,1,new simulation,nan
5,34,-0.06279966607226331,2.0999999999999996,-0.4999999999999999,rolling,10.589999999999819,-0.2002952718349204,1.4554308715813231,28,28,0,1.4627211527597017,0.08,0.28559933214452665,9.81,1,1,11,21,41,-3.0,3.0,0.01,30.0,60.0,1e-09,1e-12,6,0.0001,1,new simulation,nan
5,35,-0.06279966607226331,2.25,-0.4999999999999999,rolling,10.899999999999812,-0.19269714313598024,1.445390963081529,29,29,0,1.4627024644858133,0.08,0.28559933214452665,9.81,1,1,11,21,41,-3.0,3.0,0.01,30.0,60.0,1e-09,1e-12,6,0.0001,1,new simulation,nan
5,36,-0.06279966607226331,2.3999999999999995,-0.4999999999999999,rolling,10.799999999999814,-0.20173522800847757,1.4573713707840719,29,29,0,1.4627320828200174,0.08,0.28559933214452665,9.81,1,1,11,21,41,-3.0,3.0,0.01,30.0,60.0,1e-09,1e-12,6,0.0001,1,new simulation,nan
5,37,-0.06279966607226331,2.55,-0.4999999999999999,rolling,11.109999999999808,-0.20499709729896992,1.4617894393969972,30,30,0,1.4627048053916347,0.08,0.28559933214452665,9.81,1,1,11,21,41,-3.0,3.0,0.01,30.0,60.0,1e-09,1e-12,6,0.0001,1,new simulation,nan
5,38,-0.06279966607226331,2.7,-0.4999999999999999,rolling,11.02999999999981,-0.19502078629870392,1.4484353211028747,30,30,0,1.462728471138404,0.08,0.28559933214452665,9.81,1,1,11,21,41,-3.0,3.0,0.01,30.0,60.0,1e-09,1e-12,6,0.0001,1,new simulation,nan
5,39,-0.06279966607226331,2.8499999999999996,-0.4999999999999999,rolling,11.349999999999802,-0.19307382664797157,1.4458792193985741,31,31,0,1.4626976417586663,0.08,0.28559933214452665,9.81,1,1,11,21,41,-3.0,3.0,0.01,30.0,60.0,1e-09,1e-12,6,0.0001,1,new simulation,nan
5,40,-0.06279966607226331,3.0,-0.4999999999999999,rolling,11.269999999999804,-0.19179858772295358,1.4442302546669818,31,31,0,1.4627163044306017,0.08,0.28559933214452665,9.81,1,1,11,21,41,-3.0,3.0,0.01,30.0,60.0,1e-09,1e-12,6,0.0001,1,new simulation,nan
6,0,-0.03423973285781062,-3.0,-0.39999999999999986,rolling,13.759999999999751,-0.1961330449415849,1.4497947807896503,32,28,4,1.4624396881682786,0.08,0.28559933214452665,9.81,1,1,11,21,41,-3.0,3.0,0.01,30.0,60.0,1e-09,1e-12,6,0.0001,1,new simulation,nan
6,1,-0.03423973285781062,-2.85,-0.39999999999999986,rolling,13.999999999999746,-0.1924694336404484,1.444995670265189,32,28,4,1.4624264770036814,0.08,0.28559933214452665,9.81,1,1,11,21,41,-3.0,3.0,0.01,30.0,60.0,1e-09,1e-12,6,0.0001,1,new simulation,nan
6,2,-0.03423973285781062,-2.7,-0.39999999999999986,settled,1.9700000000000015,-0.20559933214452664,0.0,5,1,4,nan,0.08,0.28559933214452665,9.81,1,1,11,21,41,-3.0,3.0,0.01,30.0,60.0,1e-09,1e-12,6,0.0001,1,new simulation,nan
6,3,-0.03423973285781062,-2.55,-0.39999999999999986,settled,2.3199999999999945,-0.20559933214452664,0.0,5,1,4,nan,0.08,0.28559933214452665,9.81,1,1,11,21,41,-3.0,3.0,0.01,30.0,60.0,1e-09,1e-12,6,0.0001,1,new simulation,nan
6,4,-0.03423973285781062,-2.4,-0.39999999999999986,rolling,13.149999999999764,-0.2050905635901348,1.4618088365630444,30,27,3,1.4624007666965697,0.08,0.28559933214452665,9.81,1,1,11,21,41,-3.0,3.0,0.01,30.0,60.0,1e-09,1e-12,6,0.0001,1,new simulation,nan
6,5,-0.03423973285781062,-2.25,-0.39999999999999986,rolling,13.599999999999755,-0.20257064268631045,1.4583932631134096,31,28,3,1.4624331786677989,0.08,0.28559933214452665,9.81,1,1,11,21,41,-3.0,3.0,0.01,30.0,60.0,1e-09,1e-12,6,0.0001,1,new simulation,nan
6,6,-0.03423973285781062,-2.1,-0.39999999999999986,rolling,14.169999999999742,-0.19365592154286904,1.44653773780989,31,28,3,1.4624192975667094,0.08,0.28559933214452665,9.81,1,1,11,21,41,-3.0,3.0,0.01,30.0,60.0,1e-09,1e-12,6,0.0001,1,new simulation,nan
6,7,-0.03423973285781062,-1.95,-0.39999999999999986,settled,1.8500000000000014,-0.20559933214452664,0.0,4,1,3,nan,0.08,0.28559933214452665,9.81,1,1,11,21,41,-3.0,3.0,0.01,30.0,60.0,1e-09,1e-12,6,0.0001,1,new simulation,nan
6,8,-0.03423973285781062,-1.8,-0.39999999999999986,rolling,12.989999999999768,-0.19872910911575384,1.453224881092545,29,27,2,1.4624077534611768,0.08,0.28559933214452665,9.81,1,1,11,21,41,-3.0,3.0,0.01,30.0,60.0,1e-09,1e-12,6,0.0001,1,new simulation,nan
6,9,-0.03423973285781062,-1.6500000000000001,-0.39999999999999986,rolling,13.249999999999762,-0.19709774759107454,1.451068582684293,30,28,2,1.4624374065850525,0.08,0.28559933214452665,9.81,1,1,11,21,41,-3.0,3.0,0.01,30.0,60.0,1e-09,1e-12,6,0.0001,1,new simulation,nan
6,10,-0.03423973285781062,-1.5,-0.39999999999999986,rolling,13.559999999999755,-0.20381010251443213,1.4600711666187307,30,28,2,1.4624232027267554,0.08,0.28559933214452665,9.81,1,1,11,21,41,-3.0,3.0,0.01,30.0,60.0,1e-09,1e-12,6,0.0001,1,new simulation,nan
6,11,-0.03423973285781062,-1.35,-0.39999999999999986,settled,1.400000000000001,-0.20559933214452664,0.0,3,1,2,nan,0.08,0.28559933214452665,9.81,1,1,11,21,41,-3.0,3.0,0.01,30.0,60.0,1e-09,1e-12,6,0.0001,1,new simulation,nan
6,12,-0.03423973285781062,-1.2000000000000002,-0.39999999999999986,settled,2.4199999999999924,-0.20559933214452664,0.0,3,1,2,nan,0.08,0.28559933214452665,9.81,1,1,11,21,41,-3.0,3.0,0.01,30.0,60.0,1e-09,1e-12,6,0.0001,1,new simulation,nan
6,13,-0.03423973285781062,-1.05,-0.39999999999999986,rolling,12.40999999999978,-0.19265728685378267,1.44522886908757,28,27,1,1.4623963749706734,0.08,0.28559933214452665,9.81,1,1,11,21,41,-3.0,3.0,0.01,30.0,60.0,1e-09,1e-12,6,0.0001,1,new simulation,nan
6,14,-0.03423973285781062,-0.8999999999999999,-0.39999999999999986,rolling,12.819999999999771,-0.2003627937681007,1.45541814295531,29,28,1,1.462432485735848,0.08,0.28559933214452665,9.81,1,1,11,21,41,-3.0,3.0,0.01,30.0,60.0,1e-09,1e-12,6,0.0001,1,new simulation,nan
6,15,-0.03423973285781062,-0.75,-0.39999999999999986,rolling,13.079999999999766,-0.19953622605525567,1.4543073799883972,29,28,1,1.462421973738196,0.08,0.28559933214452665,9.81,1,1,11,21,41,-3.0,3.0,0.01,30.0,60.0,1e-09,1e-12,6,0.0001,1,new simulation,nan
6,16,-0.03423973285781062,-0.6000000000000001,-0.39999999999999986,settled,0.7400000000000004,-0.20559933214452664,0.0,2,1,1,nan,0.08,0.28559933214452665,9.81,1,1,11,21,41,-3.0,3.0,0.01,30.0,60.0,1e-09,1e-12,6,0.0001,1,new simulation,nan
6,17,-0.03423973285781062,-0.4500000000000002,-0.39999999999999986,settled,0.7300000000000004,-0.20559933214452664,0.0,2,1,1,nan,0.08,0.28559933214452665,9.81,1,1,11,21,41,-3.0,3.0,0.01,30.0,60.0,1e-09,1e-12,6,0.0001,1,new simulation,nan
6,18,-0.03423973285781062,-0.30000000000000027,-0.39999999999999986,settled,0.7600000000000005,-0.20559933214452664,0.0,2,1,1,nan,0.08,0.28559933214452665,9.81,1,1,11,21,41,-3.0,3.0,0.01,30.0,60.0,1e-09,1e-12,6,0.0001,1,new simulation,nan
6,19,-0.03423973285781062,-0.1499999999999999,-0.39999999999999986,settled,0.8600000000000005,-0.20559933214452664,0.0,2,1,1,nan,0.08,0.28559933214452665,9.81,1,1,11,21,41,-3.0,3.0,0.01,30.0,60.0,1e-09,1e-12,6,0.0001,1,new simulation,nan
6,20,-0.03423973285781062,0.0,-0.39999999999999986,settled,1.1300000000000008,-0.20559933214452664,0.0,2,1,1,nan,0.08,0.28559933214452665,9.81,1,1,11,21,41,-3.0,3.0,0.01,30.0,60.0,1e-09,1e-12,6,0.0001,1,new simulation,nan
6,21,-0.03423973285781062,0.1499999999999999,-0.39999999999999986,rolling,12.37999999999978,-0.19578141061759166,1.4493232859795138,27,27,0,1.462416994972946,0.08,0.28559933214452665,9.81,1,1,11,21,41,-3.0,3.0,0.01,30.0,60.0,1e-09,1e-12,6,0.0001,1,new simulation,nan
6,22,-0.03423973285781062,0.2999999999999998,-0.39999999999999986,rolling,11.859999999999792,-0.19859816856680737,1.4530557849529029,27,27,0,1.462422719583727,0.08,0.28559933214452665,9.81,1,1,11,21,41,-3.0,3.0,0.01,30.0,60.0,1e-09,1e-12,6,0.0001,1,new simulation,nan
6,23,-0.03423973285781062,0.44999999999999973,-0.39999999999999986,rolling,11.619999999999797,-0.19804827811285153,1.4523275689737705,27,27,0,1.4624322599893882,0.08,0.28559933214452665,9.81,1,1,11,21,41,-3.0,3.0,0.01,30.0,60.0,1e-09,1e-12,6,0.0001,1,new simulation,nan
6,24,-0.03423973285781062,0.5999999999999996,-0.39999999999999986,rolling,11.02999999999981,-0.20013010406182885,1.455093570523808,26,26,0,1.4623973721969836,0.08,0.28559933214452665,9.81,1,1,11,21,41,-3.0,3.0,0.01,30.0,60.0,1e-09,1e-12,6,0.0001,1,new simulation,nan
6,25,-0.03423973285781062,0.75,-0.39999999999999986,rolling,10.869999999999813,-0.194896273635143,1.4481616030828433,26,26,0,1.4624216396268197,0.08,0.28559933214452665,9.81,1,1,11,21,41,-3.0,3.0,0.01,30.0,60.0,1e-09,1e-12,6,0.0001,1,new simulation,nan
6,26,-0.03423973285781062,0.8999999999999999,-0.39999999999999986,rolling,10.309999999999825,-0.20524967811526137,1.4620280161671668,25,25,0,1.462405399846711,0.08,0.28559933214452665,9.81,1,1,11,21,41,-3.0,3.0,0.01,30.0,60.0,1e-09,1e-12,6,0.0001,1,new simulation,nan
6,27,-0.03423973285781062,1.0499999999999998,-0.39999999999999986,rolling,9.769999999999836,-0.20044737611552713,1.4555237731016466,24,24,0,1.4624105287285598,0.08,0.28559933214452665,9.81,1,1,11,21,41,-3.0,3.0,0.01,30.0,60.0,1e-09,1e-12,6,0.0001,1,new simulation,nan
6,28,-0.03423973285781062,1.2000000000000002,-0.39999999999999986,rolling,8.829999999999856,-0.20356569718960946,1.4597379470456244,22,22,0,1.4624203717049715,0.08,0.28559933214452665,9.81,1,1,11,21,41,-3.0,3.0,0.01,30.0,60.0,1e-09,1e-12,6,0.0001,1,new simulation,nan
6,29,-0.03423973285781062,1.3499999999999996,-0.39999999999999986,rolling,7.099999999999893,-0.19516412708528802,1.448622081227822,18,18,0,1.4627244968271726,0.08,0.28559933214452665,9.81,1,1,11,21,41,-3.0,3.0,0.01,30.0,60.0,1e-09,1e-12,6,0.0001,1,new simulation,nan
6,30,-0.03423973285781062,1.5,-0.39999999999999986,rolling,9.389999999999844,-0.20186194994184553,1.4575255193325638,24,24,0,1.4626850395093276,0.08,0.28559933214452665,9.81,1,1,11,21,41,-3.0,3.0,0.01,30.0,60.0,1e-09,1e-12,6,0.0001,1,new simulation,nan
6,31,-0.03423973285781062,1.6499999999999995,-0.39999999999999986,rolling,9.679999999999838,-0.19898918418713535,1.4536868262835947,25,25,0,1.4627291832168652,0.08,0.28559933214452665,9.81,1,1,11,21,41,-3.0,3.0,0.01,30.0,60.0,1e-09,1e-12,6,0.0001,1,new simulation,nan
6,32,-0.03423973285781062,1.7999999999999998,-0.39999999999999986,rolling,10.379999999999823,-0.19251524981206358,1.4451500755434314,27,27,0,1.4626898190275694,0.08,0.28559933214452665,9.81,1,1,11,21,41,-3.0,3.0,0.01,30.0,60.0,1e-09,1e-12,6,0.0001,1,new simulation,nan
6,33,-0.03423973285781062,1.9500000000000002,-0.39999999999999986,rolling,10.669999999999817,-0.20384039219489433,1.4602062085956564,28,28,0,1.4626863320442016,0.08,0.28559933214452665,9.81,1,1,11,21,41,-3.0,3.0,0.01,30.0,60.0,1e-09,1e-12,6,0.0001,1,new simulation,nan
6,34,-0.03423973285781062,2.0999999999999996,-0.39999999999999986,rolling,10.569999999999819,-0.20339738062294702,1.459617249331554,28,28,0,1.462722782513576,0.08,0.28559933214452665,9.81,1,1,11,21,41,-3.0,3.0,0.01,30.0,60.0,1e-09,1e-12,6,0.0001,1,new simulation,nan
6,35,-0.03423973285781062,2.25,-0.39999999999999986,rolling,10.879999999999812,-0.1977368249268956,1.4520112339026294,29,29,0,1.4627036186352569,0.08,0.28559933214452665,9.81,1,1,11,21,41,-3.0,3.0,0.01,30.0,60.0,1e-09,1e-12,6,0.0001,1,new simulation,nan
6,36,-0.03423973285781062,2.3999999999999995,-0.39999999999999986,rolling,11.189999999999806,-0.19747174366699302,1.4516523074783116,30,30,0,1.4626833084160256,0.08,0.28559933214452665,9.81,1,1,11,21,41,-3.0,3.0,0.01,30.0,60.0,1e-09,1e-12,6,0.0001,1,new simulation,nan
6,37,-0.03423973285781062,2.55,-0.39999999999999986,rolling,11.099999999999808,-0.19869008161326066,1.453279618999978,30,30,0,1.4627056228309696,0.08,0.28559933214452665,9.81,1,1,11,21,41,-3.0,3.0,0.01,30.0,60.0,1e-09,1e-12,6,0.0001,1,new simulation,nan
6,38,-0.03423973285781062,2.7,-0.39999999999999986,rolling,11.00999999999981,-0.204585347920562,1.4612361203797455,30,30,0,1.4627292873786832,0.08,0.28559933214452665,9.81,1,1,11,21,41,-3.0,3.0,0.01,30.0,60.0,1e-09,1e-12,6,0.0001,1,new simulation,nan
6,39,-0.03423973285781062,2.8499999999999996,-0.39999999999999986,rolling,11.329999999999803,-0.20378864497317264,1.460140082748615,31,31,0,1.4626982204835197,0.08,0.28559933214452665,9.81,1,1,11,21,41,-3.0,3.0,0.01,30.0,60.0,1e-09,1e-12,6,0.0001,1,new simulation,nan
6,40,-0.03423973285781062,3.0,-0.39999999999999986,rolling,11.249999999999805,-0.20354305575436196,1.4598129720641457,31,31,0,1.4627168822283076,0.08,0.28559933214452665,9.81,1,1,11,21,41,-3.0,3.0,0.01,30.0,60.0,1e-09,1e-12,6,0.0001,1,new simulation,nan
7,0,-0.005679799643357963,-3.0,-0.2999999999999999,rolling,13.76999999999975,-0.19399212875132477,1.446984237879446,32,28,4,1.4624398563306151,0.08,0.28559933214452665,9.81,1,1,11,21,41,-3.0,3.0,0.01,30.0,60.0,1e-09,1e-12,6,0.0001,1,new simulation,nan
7,1,-0.005679799643357963,-2.85,-0.2999999999999999,rolling,13.999999999999746,-0.19882504722653618,1.4533595310840086,32,28,4,1.4624266443237142,0.08,0.28559933214452665,9.81,1,1,11,21,41,-3.0,3.0,0.01,30.0,60.0,1e-09,1e-12,6,0.0001,1,new simulation,nan
7,2,-0.005679799643357963,-2.7,-0.2999999999999999,settled,1.9800000000000015,-0.20559933214452664,0.0,5,1,4,nan,0.08,0.28559933214452665,9.81,1,1,11,21,41,-3.0,3.0,0.01,30.0,60.0,1e-09,1e-12,6,0.0001,1,new simulation,nan
7,3,-0.005679799643357963,-2.55,-0.2999999999999999,settled,2.3199999999999945,-0.20559933214452664,0.0,5,1,4,nan,0.08,0.28559933214452665,9.81,1,1,11,21,41,-3.0,3.0,0.01,30.0,60.0,1e-09,1e-12,6,0.0001,1,new simulation,nan
7,4,-0.005679799643357963,-2.4,-0.2999999999999999,rolling,13.169999999999764,-0.19773947098477995,1.4519062407288728,30,27,3,1.4624011014701528,0.08,0.28559933214452665,9.81,1,1,11,21,41,-3.0,3.0,0.01,30.0,60.0,1e-09,1e-12,6,0.0001,1,new simulation,nan
7,5,-0.005679799643357963,-2.25,-0.2999999999999999,rolling,13.609999999999754,-0.20102916649317332,1.456313602800544,31,28,3,1.4624334161360588,0.08,0.28559933214452665,9.81,1,1,11,21,41,-3.0,3.0,0.01,30.0,60.0,1e-09,1e-12,6,0.0001,1,new simulation,nan
7,6,-0.005679799643357963,-2.1,-0.2999999999999999,rolling,14.159999999999743,-0.19241361091119866,1.4449206855043553,31,28,3,1.4624195366086727,0.08,0.28559933214452665,9.81,1,1,11,21,41,-3.0,3.0,0.01,30.0,60.0,1e-09,1e-12,6,0.0001,1,new simulation,nan
7,7,-0.005679799643357963,-1.95,-0.2999999999999999,settled,1.8500000000000014,-0.20559933214452664,0.0,4,1,3,nan,0.08,0.28559933214452665,9.81,1,1,11,21,41,-3.0,3.0,0.01,30.0,60.0,1e-09,1e-12,6,0.0001,1,new simulation,nan
7,8,-0.005679799643357963,-1.8,-0.2999999999999999,rolling,13.019999999999767,-0.19874261143512498,1.4532430458682155,29,27,2,1.462408227955274,0.08,0.28559933214452665,9.81,1,1,11,21,41,-3.0,3.0,0.01,30.0,60.0,1e-09,1e-12,6,0.0001,1,new simulation,nan
7,9,-0.005679799643357963,-1.6500000000000001,-0.2999999999999999,rolling,13.259999999999762,-0.20429463970992126,1.460735900329872,30,28,2,1.4624377423567683,0.08,0.28559933214452665,9.81,1,1,11,21,41,-3.0,3.0,0.01,30.0,60.0,1e-09,1e-12,6,0.0001,1,new simulation,nan
7,10,-0.005679799643357963,-1.5,-0.2999999999999999,rolling,13.569999999999755,-0.19444449830909363,1.4475701577777824,30,28,2,1.4624235400675332,0.08,0.28559933214452665,9.81,1,1,11,21,41,-3.0,3.0,0.01,30.0,60.0,1e-09,1e-12,6,0.0001,1,new simulation,nan
7,11,-0.005679799643357963,-1.35,-0.2999999999999999,settled,1.420000000000001,-0.20559933214452664,0.0,3,1,2,nan,0.08,0.28559933214452665,9.81,1,1,11,21,41,-3.0,3.0,0.01,30.0,60.0,1e-09,1e-12,6,0.0001,1,new simulation,nan
7,12,-0.005679799643357963,-1.2000000000000002,-0.2999999999999999,settled,2.199999999999997,-0.20559933214452664,0.0,3,1,2,nan,0.08,0.28559933214452665,9.81,1,1,11,21,41,-3.0,3.0,0.01,30.0,60.0,1e-09,1e-12,6,0.0001,1,new simulation,nan
7,13,-0.005679799643357963,-1.05,-0.2999999999999999,rolling,12.43999999999978,-0.19520224084713853,1.4485544174725486,28,27,1,1.4623970454071176,0.08,0.28559933214452665,9.81,1,1,11,21,41,-3.0,3.0,0.01,30.0,60.0,1e-09,1e-12,6,0.0001,1,new simulation,nan
7,14,-0.005679799643357963,-0.8999999999999999,-0.2999999999999999,rolling,12.84999999999977,-0.1956945743051165,1.4492147035157885,29,28,1,1.462432961165212,0.08,0.28559933214452665,9.81,1,1,11,21,41,-3.0,3.0,0.01,30.0,60.0,1e-09,1e-12,6,0.0001,1,new simulation,nan
7,15,-0.005679799643357963,-0.75,-0.2999999999999999,rolling,13.099999999999765,-0.19268836166273762,1.4452786523490464,29,28,1,1.4624224483816854,0.08,0.28559933214452665,9.81,1,1,11,21,41,-3.0,3.0,0.01,30.0,60.0,1e-09,1e-12,6,0.0001,1,new simulation,nan
7,16,-0.005679799643357963,-0.6000000000000001,-0.2999999999999999,settled,0.7900000000000005,-0.20559933214452664,0.0,2,1,1,nan,0.08,0.28559933214452665,9.81,1,1,11,21,41,-3.0,3.0,0.01,30.0,60.0,1e-09,1e-12,6,0.0001,1,new simulation,nan
7,17,-0.005679799643357963,-0.4500000000000002,-0.2999999999999999,settled,0.7900000000000005,-0.20559933214452664,0.0,2,1,1,nan,0.08,0.28559933214452665,9.81,1,1,11,21,41,-3.0,3.0,0.01,30.0,60.0,1e-09,1e-12,6,0.0001,1,new simulation,nan
7,18,-0.005679799643357963,-0.30000000000000027,-0.2999999999999999,settled,0.8400000000000005,-0.20559933214452664,0.0,2,1,1,nan,0.08,0.28559933214452665,9.81,1,1,11,21,41,-3.0,3.0,0.01,30.0,60.0,1e-09,1e-12,6,0.0001,1,new simulation,nan
7,19,-0.005679799643357963,-0.1499999999999999,-0.2999999999999999,settled,1.0100000000000007,-0.20559933214452664,0.0,2,1,1,nan,0.08,0.28559933214452665,9.81,1,1,11,21,41,-3.0,3.0,0.01,30.0,60.0,1e-09,1e-12,6,0.0001,1,new simulation,nan
7,20,-0.005679799643357963,0.0,-0.2999999999999999,settled,1.7100000000000013,-0.20559933214452664,0.0,2,1,1,nan,0.08,0.28559933214452665,9.81,1,1,11,21,41,-3.0,3.0,0.01,30.0,60.0,1e-09,1e-12,6,0.0001,1,new simulation,nan
7,21,-0.005679799643357963,0.1499999999999999,-0.2999999999999999,rolling,12.009999999999788,-0.2004809757715856,1.4555715183090094,27,27,0,1.4624179430407507,0.08,0.28559933214452665,9.81,1,1,11,21,41,-3.0,3.0,0.01,30.0,60.0,1e-09,1e-12,6,0.0001,1,new simulation,nan
7,22,-0.005679799643357963,0.2999999999999998,-0.2999999999999999,rolling,11.729999999999794,-0.2020523428103377,1.4576891624553843,27,27,0,1.4624236663279275,0.08,0.28559933214452665,9.81,1,1,11,21,41,-3.0,3.0,0.01,30.0,60.0,1e-09,1e-12,6,0.0001,1,new simulation,nan
7,23,-0.005679799643357963,0.44999999999999973,-0.2999999999999999,rolling,11.539999999999798,-0.19900954608689359,1.453607952059128,27,27,0,1.4624332077501043,0.08,0.28559933214452665,9.81,1,1,11,21,41,-3.0,3.0,0.01,30.0,60.0,1e-09,1e-12,6,0.0001,1,new simulation,nan
7,24,-0.005679799643357963,0.5999999999999996,-0.2999999999999999,rolling,10.96999999999981,-0.2031707100495757,1.4591939986172713,26,26,0,1.4623987138192958,0.08,0.28559933214452665,9.81,1,1,11,21,41,-3.0,3.0,0.01,30.0,60.0,1e-09,1e-12,6,0.0001,1,new simulation,nan
7,25,-0.005679799643357963,0.75,-0.2999999999999999,rolling,10.819999999999814,-0.2012217725560077,1.4565690392430504,26,26,0,1.462422979115966,0.08,0.28559933214452665,9.81,1,1,11,21,41,-3.0,3.0,0.01,30.0,60.0,1e-09,1e-12,6,0.0001,1,new simulation,nan
7,26,-0.005679799643357963,0.8999999999999999,-0.2999999999999999,rolling,10.279999999999825,-0.19414008402386623,1.4471659521721734,25,25,0,1.4624072929866854,0.08,0.28559933214452665,9.81,1,1,11,21,41,-3.0,3.0,0.01,30.0,60.0,1e-09,1e-12,6,0.0001,1,new simulation,nan
7,27,-0.005679799643357963,1.0499999999999998,-0.2999999999999999,rolling,9.739999999999837,-0.19756449737781717,1.4516784119260278,24,24,0,1.4624132051159722,0.08,0.28559933214452665,9.81,1,1,11,21,41,-3.0,3.0,0.01,30.0,60.0,1e-09,1e-12,6,0.0001,1,new simulation,nan
7,28,-0.005679799643357963,1.2000000000000002,-0.2999999999999999,rolling,8.809999999999857,-0.1922786969221565,1.4447478002044811,22,22,0,1.462425713277508,0.08,0.28559933214452665,9.81,1,1,11,21,41,-3.0,3.0,0.01,30.0,60.0,1e-09,1e-12,6,0.0001,1,new simulation,nan
7,29,-0.005679799643357963,1.3499999999999996,-0.2999999999999999,rolling,7.479999999999885,-0.19213628443734923,1.444659134901736,19,19,0,1.462692191207896,0.08,0.28559933214452665,9.81,1,1,11,21,41,-3.0,3.0,0.01,30.0,60.0,1e-09,1e-12,6,0.0001,1,new simulation,nan
7,30,-0.005679799643357963,1.5,-0.2999999999999999,rolling,9.369999999999845,-0.1990576149334513,1.4537632678248174,24,24,0,1.462687714085222,0.08,0.28559933214452665,9.81,1,1,11,21,41,-3.0,3.0,0.01,30.0,60.0,1e-09,1e-12,6,0.0001,1,new simulation,nan
7,31,-0.005679799643357963,1.6499999999999995,-0.2999999999999999,rolling,9.659999999999838,-0.19925539786043064,1.4540428239375958,25,25,0,1.4627310749236377,0.08,0.28559933214452665,9.81,1,1,11,21,41,-3.0,3.0,0.01,30.0,60.0,1e-09,1e-12,6,0.0001,1,new simulation,nan
7,32,-0.005679799643357963,1.7999999999999998,-0.2999999999999999,rolling,10.359999999999824,-0.1953119108659718,1.4488040938011706,27,27,0,1.462690766689679,0.08,0.28559933214452665,9.81,1,1,11,21,41,-3.0,3.0,0.01,30.0,60.0,1e-09,1e-12,6,0.0001,1,new simulation,nan
7,33,-0.005679799643357963,1.9500000000000002,-0.2999999999999999,rolling,10.659999999999817,-0.19425515251476402,1.447417115421018,28,28,0,1.4626870032591581,0.08,0.28559933214452665,9.81,1,1,11,21,41,-3.0,3.0,0.01,30.0,60.0,1e-09,1e-12,6,0.0001,1,new simulation,nan
7,34,-0.005679799643357963,2.0999999999999996,-0.2999999999999999,rolling,10.55999999999982,-0.1956370385392222,1.4492433763948083,28,28,0,1.4627234547828134,0.08,0.28559933214452665,9.81,1,1,11,21,41,-3.0,3.0,0.01,30.0,60.0,1e-09,1e-12,6,0.0001,1,new simulation,nan
7,35,-0.005679799643357963,2.25,-0.2999999999999999,rolling,10.869999999999813,-0.19158191826064644,1.4439454300689543,29,29,0,1.4627040935830262,0.08,0.28559933214452665,9.81,1,1,11,21,41,-3.0,3.0,0.01,30.0,60.0,1e-09,1e-12,6,0.0001,1,new simulation,nan
7,36,-0.005679799643357963,2.3999999999999995,-0.2999999999999999,rolling,11.179999999999806,-0.1926838000916692,1.4453668387537688,30,30,0,1.4626836447764842,0.08,0.28559933214452665,9.81,1,1,11,21,41,-3.0,3.0,0.01,30.0,60.0,1e-09,1e-12,6,0.0001,1,new simulation,nan
7,37,-0.005679799643357963,2.55,-0.2999999999999999,rolling,11.089999999999808,-0.1950993352840601,1.4485303365976154,30,30,0,1.4627059573609609,0.08,0.28559933214452665,9.81,1,1,11,21,41,-3.0,3.0,0.01,30.0,60.0,1e-09,1e-12,6,0.0001,1,new simulation,nan
7,38,-0.005679799643357963,2.7,-0.2999999999999999,rolling,10.99999999999981,-0.20204646844636007,1.4577905348614109,30,30,0,1.4627296236276672,0.08,0.28559933214452665,9.81,1,1,11,21,41,-3.0,3.0,0.01,30.0,60.0,1e-09,1e-12,6,0.0001,1,new simulation,nan
7,39,-0.005679799643357963,2.8499999999999996,-0.2999999999999999,rolling,11.319999999999803,-0.20220662292154107,1.4579957444459162,31,31,0,1.462698457158913,0.08,0.28559933214452665,9.81,1,1,11,21,41,-3.0,3.0,0.01,30.0,60.0,1e-09,1e-12,6,0.0001,1,new simulation,nan
7,40,-0.005679799643357963,3.0,-0.2999999999999999,rolling,11.239999999999805,-0.2028181363131808,1.4588297311108647,31,31,0,1.4627171204081169,0.08,0.28559933214452665,9.81,1,1,11,21,41,-3.0,3.0,0.01,30.0,60.0,1e-09,1e-12,6,0.0001,1,new simulation,nan
8,0,0.022880133571094696,-3.0,-0.1999999999999999,rolling,13.77999999999975,-0.19391676544818287,1.4468857323725544,32,28,4,1.4624397838578627,0.08,0.28559933214452665,9.81,1,1,11,21,41,-3.0,3.0,0.01,30.0,60.0,1e-09,1e-12,6,0.0001,1,new simulation,nan
8,1,0.022880133571094696,-2.85,-0.1999999999999999,rolling,14.009999999999746,-0.20237830425410352,1.458130708341214,32,28,4,1.4624265722960352,0.08,0.28559933214452665,9.81,1,1,11,21,41,-3.0,3.0,0.01,30.0,60.0,1e-09,1e-12,6,0.0001,1,new simulation,nan
8,2,0.022880133571094696,-2.7,-0.1999999999999999,settled,1.9900000000000015,-0.20559933214452664,0.0,5,1,4,nan,0.08,0.28559933214452665,9.81,1,1,11,21,41,-3.0,3.0,0.01,30.0,60.0,1e-09,1e-12,6,0.0001,1,new simulation,nan
8,3,0.022880133571094696,-2.55,-0.1999999999999999,settled,2.3299999999999943,-0.20559933214452664,0.0,5,1,4,nan,0.08,0.28559933214452665,9.81,1,1,11,21,41,-3.0,3.0,0.01,30.0,60.0,1e-09,1e-12,6,0.0001,1,new simulation,nan
8,4,0.022880133571094696,-2.4,-0.1999999999999999,rolling,13.179999999999763,-0.1985652439843087,1.4530041332731354,30,27,3,1.4624009574208185,0.08,0.28559933214452665,9.81,1,1,11,21,41,-3.0,3.0,0.01,30.0,60.0,1e-09,1e-12,6,0.0001,1,new simulation,nan
8,5,0.022880133571094696,-2.25,-0.1999999999999999,rolling,13.629999999999754,-0.19276736692071392,1.4453852773712397,31,28,3,1.4624333141517842,0.08,0.28559933214452665,9.81,1,1,11,21,41,-3.0,3.0,0.01,30.0,60.0,1e-09,1e-12,6,0.0001,1,new simulation,nan
8,6,0.022880133571094696,-2.1,-0.1999999999999999,rolling,14.179999999999742,-0.19813166031333543,1.452433806310791,31,28,3,1.4624194340862189,0.08,0.28559933214452665,9.81,1,1,11,21,41,-3.0,3.0,0.01,30.0,60.0,1e-09,1e-12,6,0.0001,1,new simulation,nan
8,7,0.022880133571094696,-1.95,-0.1999999999999999,settled,1.8700000000000014,-0.20559933214452664,0.0,4,1,3,nan,0.08,0.28559933214452665,9.81,1,1,11,21,41,-3.0,3.0,0.01,30.0,60.0,1e-09,1e-12,6,0.0001,1,new simulation,nan
8,8,0.022880133571094696,-1.8,-0.1999999999999999,rolling,13.029999999999767,-0.19823211741535093,1.4525632981904997,29,27,2,1.4624080234902765,0.08,0.28559933214452665,9.81,1,1,11,21,41,-3.0,3.0,0.01,30.0,60.0,1e-09,1e-12,6,0.0001,1,new simulation,nan
8,9,0.022880133571094696,-1.6500000000000001,-0.1999999999999999,rolling,13.279999999999761,-0.2018550191522843,1.4574277495680654,30,28,2,1.4624375972118926,0.08,0.28559933214452665,9.81,1,1,11,21,41,-3.0,3.0,0.01,30.0,60.0,1e-09,1e-12,6,0.0001,1,new simulation,nan
8,10,0.022880133571094696,-1.5,-0.1999999999999999,rolling,13.589999999999755,-0.2026496484091292,1.4584967057907336,30,28,2,1.4624233949446686,0.08,0.28559933214452665,9.81,1,1,11,21,41,-3.0,3.0,0.01,30.0,60.0,1e-09,1e-12,6,0.0001,1,new simulation,nan
8,11,0.022880133571094696,-1.35,-0.1999999999999999,settled,1.440000000000001,-0.20559933214452664,0.0,3,1,2,nan,0.08,0.28559933214452665,9.81,1,1,11,21,41,-3.0,3.0,0.01,30.0,60.0,1e-09,1e-12,6,0.0001,1,new simulation,nan
8,12,0.022880133571094696,-1.2000000000000002,-0.1999999999999999,settled,2.3099999999999947,-0.20559933214452664,0.0,3,1,2,nan,0.08,0.28559933214452665,9.81,1,1,11,21,41,-3.0,3.0,0.01,30.0,60.0,1e-09,1e-12,6,0.0001,1,new simulation,nan
8,13,0.022880133571094696,-1.05,-0.1999999999999999,rolling,12.459999999999779,-0.2028481295288382,1.458755992486682,28,27,1,1.4623967561560596,0.08,0.28559933214452665,9.81,1,1,11,21,41,-3.0,3.0,0.01,30.0,60.0,1e-09,1e-12,6,0.0001,1,new simulation,nan
8,14,0.022880133571094696,-0.8999999999999999,-0.1999999999999999,rolling,12.87999999999977,-0.20143448572138795,1.4568589875333098,29,28,1,1.4624327560088128,0.08,0.28559933214452665,9.81,1,1,11,21,41,-3.0,3.0,0.01,30.0,60.0,1e-09,1e-12,6,0.0001,1,new simulation,nan
8,15,0.022880133571094696,-0.75,-0.1999999999999999,rolling,13.139999999999764,-0.20415115414820398,1.4605349331010895,29,28,1,1.4624222432014466,0.08,0.28559933214452665,9.81,1,1,11,21,41,-3.0,3.0,0.01,30.0,60.0,1e-09,1e-12,6,0.0001,1,new simulation,nan
8,16,0.022880133571094696,-0.6000000000000001,-0.1999999999999999,settled,0.8400000000000005,-0.20559933214452664,0.0,2,1,1,nan,0.08,0.28559933214452665,9.81,1,1,11,21,41,-3.0,3.0,0.01,30.0,60.0,1e-09,1e-12,6,0.0001,1,new simulation,nan
8,17,0.022880133571094696,-0.4500000000000002,-0.1999999999999999,settled,0.8500000000000005,-0.20559933214452664,0.0,2,1,1,nan,0.08,0.28559933214452665,9.81,1,1,11,21,41,-3.0,3.0,0.01,30.0,60.0,1e-09,1e-12,6,0.0001,1,new simulation,nan
8,18,0.022880133571094696,-0.30000000000000027,-0.1999999999999999,settled,0.9500000000000006,-0.20559933214452664,0.0,2,1,1,nan,0.08,0.28559933214452665,9.81,1,1,11,21,41,-3.0,3.0,0.01,30.0,60.0,1e-09,1e-12,6,0.0001,1,new simulation,nan
8,19,0.022880133571094696,-0.1499999999999999,-0.1999999999999999,settled,1.2500000000000009,-0.20559933214452664,0.0,2,1,1,nan,0.08,0.28559933214452665,9.81,1,1,11,21,41,-3.0,3.0,0.01,30.0,60.0,1e-09,1e-12,6,0.0001,1,new simulation,nan
8,20,0.022880133571094696,0.0,-0.1999999999999999,rolling,12.219999999999784,-0.20237044915982078,1.4581161772446138,27,27,0,1.4624156257339598,0.08,0.28559933214452665,9.81,1,1,11,21,41,-3.0,3.0,0.01,30.0,60.0,1e-09,1e-12,6,0.0001,1,new simulation,nan
8,21,0.022880133571094696,0.1499999999999999,-0.1999999999999999,rolling,11.849999999999792,-0.1972076712962479,1.451207010255911,27,27,0,1.462417534107548,0.08,0.28559933214452665,9.81,1,1,11,21,41,-3.0,3.0,0.01,30.0,60.0,1e-09,1e-12,6,0.0001,1,new simulation,nan
8,22,0.022880133571094696,0.2999999999999998,-0.1999999999999999,rolling,11.649999999999796,-0.19425705719108505,1.4473247097485809,27,27,0,1.4624232587727903,0.08,0.28559933214452665,9.81,1,1,11,21,41,-3.0,3.0,0.01,30.0,60.0,1e-09,1e-12,6,0.0001,1,new simulation,nan
8,23,0.022880133571094696,0.44999999999999973,-0.1999999999999999,rolling,11.4799999999998,-0.2022413894234792,1.457947834785884,27,27,0,1.4624327976406823,0.08,0.28559933214452665,9.81,1,1,11,21,41,-3.0,3.0,0.01,30.0,60.0,1e-09,1e-12,6,0.0001,1,new simulation,nan
8,24,0.022880133571094696,0.5999999999999996,-0.1999999999999999,rolling,10.929999999999811,-0.19788438329025104,1.452097584936106,26,26,0,1.462398135411661,0.08,0.28559933214452665,9.81,1,1,11,21,41,-3.0,3.0,0.01,30.0,60.0,1e-09,1e-12,6,0.0001,1,new simulation,nan
8,25,0.022880133571094696,0.75,-0.1999999999999999,rolling,10.789999999999814,-0.19387404059330657,1.4468236573635849,26,26,0,1.4624224019148484,0.08,0.28559933214452665,9.81,1,1,11,21,41,-3.0,3.0,0.01,30.0,60.0,1e-09,1e-12,6,0.0001,1,new simulation,nan
8,26,0.022880133571094696,0.8999999999999999,-0.1999999999999999,rolling,10.249999999999826,-0.1951131349074025,1.4484407822539551,25,25,0,1.4624064776426071,0.08,0.28559933214452665,9.81,1,1,11,21,41,-3.0,3.0,0.01,30.0,60.0,1e-09,1e-12,6,0.0001,1,new simulation,nan
8,27,0.022880133571094696,1.0499999999999998,-0.1999999999999999,rolling,9.709999999999837,-0.20451690452241814,1.4610297058191317,24,24,0,1.4624120530253524,0.08,0.28559933214452665,9.81,1,1,11,21,41,-3.0,3.0,0.01,30.0,60.0,1e-09,1e-12,6,0.0001,1,new simulation,nan
8,28,0.022880133571094696,1.2000000000000002,-0.1999999999999999,rolling,8.779999999999857,-0.20368392064469404,1.4598996896401184,22,22,0,1.4624234133256007,0.08,0.28559933214452665,9.81,1,1,11,21,41,-3.0,3.0,0.01,30.0,60.0,1e-09,1e-12,6,0.0001,1,new simulation,nan
8,29,0.022880133571094696,1.3499999999999996,-0.1999999999999999,rolling,7.459999999999885,-0.19249820101217407,1.4451264496610237,19,19,0,1.4626856988451624,0.08,0.28559933214452665,9.81,1,1,11,21,41,-3.0,3.0,0.01,30.0,60.0,1e-09,1e-12,6,0.0001,1,new simulation,nan
8,30,0.022880133571094696,1.5,-0.1999999999999999,rolling,9.349999999999845,-0.20222282639904957,1.458013392457522,24,24,0,1.4626865617276268,0.08,0.28559933214452665,9.81,1,1,11,21,41,-3.0,3.0,0.01,30.0,60.0,1e-09,1e-12,6,0.0001,1,new simulation,nan
8,31,0.022880133571094696,1.6499999999999995,-0.1999999999999999,rolling,9.639999999999839,-0.2047207076478102,1.46142113384449,25,25,0,1.46273025922937,0.08,0.28559933214452665,9.81,1,1,11,21,41,-3.0,3.0,0.01,30.0,60.0,1e-09,1e-12,6,0.0001,1,new simulation,nan
8,32,0.022880133571094696,1.7999999999999998,-0.1999999999999999,rolling,10.339999999999824,-0.20267397084500174,1.458624953375199,27,27,0,1.4626903597059997,0.08,0.28559933214452665,9.81,1,1,11,21,41,-3.0,3.0,0.01,30.0,60.0,1e-09,1e-12,6,0.0001,1,new simulation,nan
8,33,0.022880133571094696,1.9500000000000002,-0.1999999999999999,rolling,10.639999999999818,-0.20323611120453272,1.4593855050484283,28,28,0,1.4626867149397613,0.08,0.28559933214452665,9.81,1,1,11,21,41,-3.0,3.0,0.01,30.0,60.0,1e-09,1e-12,6,0.0001,1,new simulation,nan
8,34,0.022880133571094696,2.0999999999999996,-0.1999999999999999,rolling,10.54999999999982,-0.19149589048544918,1.4438410419878638,28,28,0,1.4627231655334996,0.08,0.28559933214452665,9.81,1,1,11,21,41,-3.0,3.0,0.01,30.0,60.0,1e-09,1e-12,6,0.0001,1,new simulation,nan
8,35,0.022880133571094696,2.25,-0.1999999999999999,rolling,10.849999999999813,-0.20314924269116416,1.459273793833542,29,29,0,1.462703887780391,0.08,0.28559933214452665,9.81,1,1,11,21,41,-3.0,3.0,0.01,30.0,60.0,1e-09,1e-12,6,0.0001,1,new simulation,nan
8,36,0.022880133571094696,2.3999999999999995,-0.1999999999999999,rolling,11.159999999999807,-0.20532881705831935,1.4622353085548896,30,30,0,1.462683499974485,0.08,0.28559933214452665,9.81,1,1,11,21,41,-3.0,3.0,0.01,30.0,60.0,1e-09,1e-12,6,0.0001,1,new simulation,nan
8,37,0.022880133571094696,2.55,-0.1999999999999999,rolling,11.079999999999808,-0.19414856924539234,1.4472844713869981,30,30,0,1.4627058133264947,0.08,0.28559933214452665,9.81,1,1,11,21,41,-3.0,3.0,0.01,30.0,60.0,1e-09,1e-12,6,0.0001,1,new simulation,nan
8,38,0.022880133571094696,2.7,-0.1999999999999999,rolling,10.98999999999981,-0.20192664285877227,1.4576287075996797,30,30,0,1.4627294783000246,0.08,0.28559933214452665,9.81,1,1,11,21,41,-3.0,3.0,0.01,30.0,60.0,1e-09,1e-12,6,0.0001,1,new simulation,nan
8,39,0.022880133571094696,2.8499999999999996,-0.1999999999999999,rolling,11.309999999999803,-0.20283785703380108,1.4588497430326863,31,31,0,1.462698354595313,0.08,0.28559933214452665,9.81,1,1,11,21,41,-3.0,3.0,0.01,30.0,60.0,1e-09,1e-12,6,0.0001,1,new simulation,nan
8,40,0.022880133571094696,3.0,-0.1999999999999999,rolling,11.229999999999805,-0.2041278382101,1.4606082935150024,31,31,0,1.4627170176675408,0.08,0.28559933214452665,9.81,1,1,11,21,41,-3.0,3.0,0.01,30.0,60.0,1e-09,1e-12,6,0.0001,1,new simulation,nan
9,0,0.051440066785547356,-3.0,-0.09999999999999994,rolling,13.78999999999975,-0.19605517663928101,1.4496920395361423,32,28,4,1.462439470456805,0.08,0.28559933214452665,9.81,1,1,11,21,41,-3.0,3.0,0.01,30.0,60.0,1e-09,1e-12,6,0.0001,1,new simulation,nan
9,1,0.051440066785547356,-2.85,-0.09999999999999994,rolling,14.029999999999745,-0.20340775459107815,1.4595255312526858,32,28,4,1.4624262602349845,0.08,0.28559933214452665,9.81,1,1,11,21,41,-3.0,3.0,0.01,30.0,60.0,1e-09,1e-12,6,0.0001,1,new simulation,nan
9,2,0.051440066785547356,-2.7,-0.09999999999999994,settled,2.0000000000000013,-0.20559933214452664,0.0,5,1,4,nan,0.08,0.28559933214452665,9.81,1,1,11,21,41,-3.0,3.0,0.01,30.0,60.0,1e-09,1e-12,6,0.0001,1,new simulation,nan
9,3,0.051440066785547356,-2.55,-0.09999999999999994,settled,2.3699999999999934,-0.20559933214452664,0.0,5,1,4,nan,0.08,0.28559933214452665,9.81,1,1,11,21,41,-3.0,3.0,0.01,30.0,60.0,1e-09,1e-12,6,0.0001,1,new simulation,nan
9,4,0.051440066785547356,-2.4,-0.09999999999999994,rolling,13.189999999999763,-0.19356240470115893,1.446408882384637,30,27,3,1.4624003313316505,0.08,0.28559933214452665,9.81,1,1,11,21,41,-3.0,3.0,0.01,30.0,60.0,1e-09,1e-12,6,0.0001,1,new simulation,nan
9,5,0.051440066785547356,-2.25,-0.09999999999999994,rolling,13.649999999999753,-0.19262229492754931,1.4451965462884884,31,28,3,1.4624328712906156,0.08,0.28559933214452665,9.81,1,1,11,21,41,-3.0,3.0,0.01,30.0,60.0,1e-09,1e-12,6,0.0001,1,new simulation,nan
9,6,0.051440066785547356,-2.1,-0.09999999999999994,rolling,14.23999999999974,-0.2011604788308595,1.456485114818921,31,28,3,1.4624189903906524,0.08,0.28559933214452665,9.81,1,1,11,21,41,-3.0,3.0,0.01,30.0,60.0,1e-09,1e-12,6,0.0001,1,new simulation,nan
9,7,0.051440066785547356,-1.95,-0.09999999999999994,settled,1.9000000000000015,-0.20559933214452664,0.0,4,1,3,nan,0.08,0.28559933214452665,9.81,1,1,11,21,41,-3.0,3.0,0.01,30.0,60.0,1e-09,1e-12,6,0.0001,1,new simulation,nan
9,8,0.051440066785547356,-1.8,-0.09999999999999994,rolling,13.019999999999767,-0.20023688585490668,1.4552402120608365,29,27,2,1.4624071387493538,0.08,0.28559933214452665,9.81,1,1,11,21,41,-3.0,3.0,0.01,30.0,60.0,1e-09,1e-12,6,0.0001,1,new simulation,nan
9,9,0.051440066785547356,-1.6500000000000001,-0.09999999999999994,rolling,13.299999999999761,-0.2049850438702882,1.461677547809852,30,28,2,1.4624369712924181,0.08,0.28559933214452665,9.81,1,1,11,21,41,-3.0,3.0,0.01,30.0,60.0,1e-09,1e-12,6,0.0001,1,new simulation,nan
9,10,0.051440066785547356,-1.5,-0.09999999999999994,rolling,13.639999999999754,-0.20166842695115048,1.457170740335041,30,28,2,1.462422768514248,0.08,0.28559933214452665,9.81,1,1,11,21,41,-3.0,3.0,0.01,30.0,60.0,1e-09,1e-12,6,0.0001,1,new simulation,nan
9,11,0.051440066785547356,-1.35,-0.09999999999999994,settled,1.470000000000001,-0.20559933214452664,0.0,3,1,2,nan,0.08,0.28559933214452665,9.81,1,1,11,21,41,-3.0,3.0,0.01,30.0,60.0,1e-09,1e-12,6,0.0001,1,new simulation,nan
9,12,0.051440066785547356,-1.2000000000000002,-0.09999999999999994,rolling,13.659999999999753,-0.19496353894057228,1.4482477491168728,28,27,1,1.4624157636805135,0.08,0.28559933214452665,9.81,1,1,11,21,41,-3.0,3.0,0.01,30.0,60.0,1e-09,1e-12,6,0.0001,1,new simulation,nan
9,13,0.051440066785547356,-1.05,-0.09999999999999994,rolling,12.479999999999778,-0.20289474974128344,1.4588187130356327,28,27,1,1.4623955068484555,0.08,0.28559933214452665,9.81,1,1,11,21,41,-3.0,3.0,0.01,30.0,60.0,1e-09,1e-12,6,0.0001,1,new simulation,nan
9,14,0.051440066785547356,-0.8999999999999999,-0.09999999999999994,rolling,12.919999999999769,-0.20505421877854849,1.4617702466947098,29,28,1,1.4624318710244006,0.08,0.28559933214452665,9.81,1,1,11,21,41,-3.0,3.0,0.01,30.0,60.0,1e-09,1e-12,6,0.0001,1,new simulation,nan
9,15,0.051440066785547356,-0.75,-0.09999999999999994,rolling,13.229999999999762,-0.19777153832141725,1.4519560725461826,29,28,1,1.462421358951825,0.08,0.28559933214452665,9.81,1,1,11,21,41,-3.0,3.0,0.01,30.0,60.0,1e-09,1e-12,6,0.0001,1,new simulation,nan
9,16,0.051440066785547356,-0.6000000000000001,-0.09999999999999994,settled,0.8900000000000006,-0.20559933214452664,0.0,2,1,1,nan,0.08,0.28559933214452665,9.81,1,1,11,21,41,-3.0,3.0,0.01,30.0,60.0,1e-09,1e-12,6,0.0001,1,new simulation,nan
9,17,0.051440066785547356,-0.4500000000000002,-0.09999999999999994,settled,0.9300000000000006,-0.20559933214452664,0.0,2,1,1,nan,0.08,0.28559933214452665,9.81,1,1,11,21,41,-3.0,3.0,0.01,30.0,60.0,1e-09,1e-12,6,0.0001,1,new simulation,nan
9,18,0.051440066785547356,-0.30000000000000027,-0.09999999999999994,settled,1.0900000000000007,-0.20559933214452664,0.0,2,1,1,nan,0.08,0.28559933214452665,9.81,1,1,11,21,41,-3.0,3.0,0.01,30.0,60.0,1e-09,1e-12,6,0.0001,1,new simulation,nan
9,19,0.051440066785547356,-0.1499999999999999,-0.09999999999999994,rolling,12.819999999999771,-0.19453048019058572,1.4476799700602179,27,27,0,1.4624157682490313,0.08,0.28559933214452665,9.81,1,1,11,21,41,-3.0,3.0,0.01,30.0,60.0,1e-09,1e-12,6,0.0001,1,new simulation,nan
9,20,0.051440066785547356,0.0,-0.09999999999999994,rolling,11.979999999999789,-0.19321829567384413,1.4459651477326303,27,27,0,1.4624138609834363,0.08,0.28559933214452665,9.81,1,1,11,21,41,-3.0,3.0,0.01,30.0,60.0,1e-09,1e-12,6,0.0001,1,new simulation,nan
9,21,0.051440066785547356,0.1499999999999999,-0.09999999999999994,rolling,11.749999999999794,-0.20267212109656738,1.4585244061685056,27,27,0,1.4624157691144692,0.08,0.28559933214452665,9.81,1,1,11,21,41,-3.0,3.0,0.01,30.0,60.0,1e-09,1e-12,6,0.0001,1,new simulation,nan
9,22,0.051440066785547356,0.2999999999999998,-0.09999999999999994,rolling,11.589999999999797,-0.1975376295298315,1.45164574813886,27,27,0,1.4624214927950507,0.08,0.28559933214452665,9.81,1,1,11,21,41,-3.0,3.0,0.01,30.0,60.0,1e-09,1e-12,6,0.0001,1,new simulation,nan
9,23,0.051440066785547356,0.44999999999999973,-0.09999999999999994,rolling,11.4399999999998,-0.20140477362910428,1.4568183455806623,27,27,0,1.4624310331409751,0.08,0.28559933214452665,9.81,1,1,11,21,41,-3.0,3.0,0.01,30.0,60.0,1e-09,1e-12,6,0.0001,1,new simulation,nan
9,24,0.051440066785547356,0.5999999999999996,-0.09999999999999994,rolling,10.899999999999812,-0.19615447137893477,1.449807216795558,26,26,0,1.4623956417839838,0.08,0.28559933214452665,9.81,1,1,11,21,41,-3.0,3.0,0.01,30.0,60.0,1e-09,1e-12,6,0.0001,1,new simulation,nan
9,25,0.051440066785547356,0.75,-0.09999999999999994,rolling,10.759999999999815,-0.20051811976030154,1.4556220774330755,26,26,0,1.4624199067498063,0.08,0.28559933214452665,9.81,1,1,11,21,41,-3.0,3.0,0.01,30.0,60.0,1e-09,1e-12,6,0.0001,1,new simulation,nan
9,26,0.051440066785547356,0.8999999999999999,-0.09999999999999994,rolling,10.229999999999826,-0.19285126201585368,1.445483444679706,25,25,0,1.462402953466525,0.08,0.28559933214452665,9.81,1,1,11,21,41,-3.0,3.0,0.01,30.0,60.0,1e-09,1e-12,6,0.0001,1,new simulation,nan
9,27,0.051440066785547356,1.0499999999999998,-0.09999999999999994,rolling,9.699999999999838,-0.19171779948686415,1.4440141446508423,24,24,0,1.4624070712178072,0.08,0.28559933214452665,9.81,1,1,11,21,41,-3.0,3.0,0.01,30.0,60.0,1e-09,1e-12,6,0.0001,1,new simulation,nan
9,28,0.051440066785547356,1.2000000000000002,-0.09999999999999994,rolling,8.769999999999857,-0.1938729891268323,1.4468190693797225,22,22,0,1.4624134684862222,0.08,0.28559933214452665,9.81,1,1,11,21,41,-3.0,3.0,0.01,30.0,60.0,1e-09,1e-12,6,0.0001,1,new simulation,nan
9,29,0.051440066785547356,1.3499999999999996,-0.09999999999999994,rolling,7.039999999999894,-0.19601411387865084,1.4497304246388263,18,18,0,1.4626969817819224,0.08,0.28559933214452665,9.81,1,1,11,21,41,-3.0,3.0,0.01,30.0,60.0,1e-09,1e-12,6,0.0001,1,new simulation,nan
9,30,0.051440066785547356,1.5,-0.09999999999999994,rolling,8.939999999999854,-0.1931287594306763,1.4459626837485378,23,23,0,1.4627307966057261,0.08,0.28559933214452665,9.81,1,1,11,21,41,-3.0,3.0,0.01,30.0,60.0,1e-09,1e-12,6,0.0001,1,new simulation,nan
9,31,0.051440066785547356,1.6499999999999995,-0.09999999999999994,rolling,9.62999999999984,-0.20067442298852217,1.455941710139305,25,25,0,1.4627267359460998,0.08,0.28559933214452665,9.81,1,1,11,21,41,-3.0,3.0,0.01,30.0,60.0,1e-09,1e-12,6,0.0001,1,new simulation,nan
9,32,0.051440066785547356,1.7999999999999998,-0.09999999999999994,rolling,10.329999999999824,-0.1999454444325513,1.4549504142111205,27,27,0,1.4626885932781286,0.08,0.28559933214452665,9.81,1,1,11,21,41,-3.0,3.0,0.01,30.0,60.0,1e-09,1e-12,6,0.0001,1,new simulation,nan
9,33,0.051440066785547356,1.9500000000000002,-0.09999999999999994,rolling,10.629999999999818,-0.20162875798108615,1.4572111377377381,28,28,0,1.4626854664307365,0.08,0.28559933214452665,9.81,1,1,11,21,41,-3.0,3.0,0.01,30.0,60.0,1e-09,1e-12,6,0.0001,1,new simulation,nan
9,34,0.051440066785547356,2.0999999999999996,-0.09999999999999994,rolling,10.52999999999982,-0.20539558310400152,1.4623403293370052,28,28,0,1.4627219158927576,0.08,0.28559933214452665,9.81,1,1,11,21,41,-3.0,3.0,0.01,30.0,60.0,1e-09,1e-12,6,0.0001,1,new simulation,nan
9,35,0.051440066785547356,2.25,-0.09999999999999994,rolling,10.839999999999813,-0.20337252096301783,1.4595764440722065,29,29,0,1.4627030044241778,0.08,0.28559933214452665,9.81,1,1,11,21,41,-3.0,3.0,0.01,30.0,60.0,1e-09,1e-12,6,0.0001,1,new simulation,nan
9,36,0.051440066785547356,2.3999999999999995,-0.09999999999999994,rolling,10.749999999999815,-0.20277771151165513,1.4587805127091324,29,29,0,1.4627326224213721,0.08,0.28559933214452665,9.81,1,1,11,21,41,-3.0,3.0,0.01,30.0,60.0,1e-09,1e-12,6,0.0001,1,new simulation,nan
9,37,0.051440066785547356,2.55,-0.09999999999999994,rolling,11.069999999999808,-0.19579496042835653,1.4494446800378429,30,30,0,1.4627051878734127,0.08,0.28559933214452665,9.81,1,1,11,21,41,-3.0,3.0,0.01,30.0,60.0,1e-09,1e-12,6,0.0001,1,new simulation,nan
9,38,0.051440066785547356,2.7,-0.09999999999999994,rolling,10.97999999999981,-0.20419436848300473,1.4607031038602019,30,30,0,1.4627288527524123,0.08,0.28559933214452665,9.81,1,1,11,21,41,-3.0,3.0,0.01,30.0,60.0,1e-09,1e-12,6,0.0001,1,new simulation,nan
9,39,0.051440066785547356,2.8499999999999996,-0.09999999999999994,rolling,11.309999999999803,-0.19113091884016528,1.4433603295702802,31,31,0,1.4626979117993242,0.08,0.28559933214452665,9.81,1,1,11,21,41,-3.0,3.0,0.01,30.0,60.0,1e-09,1e-12,6,0.0001,1,new simulation,nan
9,40,0.051440066785547356,3.0,-0.09999999999999994,rolling,11.229999999999805,-0.1929040065455765,1.445665039338322,31,31,0,1.4627165747124689,0.08,0.28559933214452665,9.81,1,1,11,21,41,-3.0,3.0,0.01,30.0,60.0,1e-09,1e-12,6,0.0001,1,new simulation,nan
10,0,0.08000000000000002,-3.0,4.8591807633470396e-17,rolling,13.79999999999975,-0.20097989721475615,1.4562493037850108,32,28,4,1.4624389159128652,0.08,0.28559933214452665,9.81,1,1,11,21,41,-3.0,3.0,0.01,30.0,60.0,1e-09,1e-12,6,0.0001,1,new simulation,nan
10,1,0.08000000000000002,-2.85,4.8591807633470396e-17,rolling,14.059999999999745,-0.2031951413700975,1.4592367743293257,32,28,4,1.4624257062738117,0.08,0.28559933214452665,9.81,1,1,11,21,41,-3.0,3.0,0.01,30.0,60.0,1e-09,1e-12,6,0.0001,1,new simulation,nan
10,2,0.08000000000000002,-2.7,4.8591807633470396e-17,settled,2.020000000000001,-0.20559933214452664,0.0,5,1,4,nan,0.08,0.28559933214452665,9.81,1,1,11,21,41,-3.0,3.0,0.01,30.0,60.0,1e-09,1e-12,6,0.0001,1,new simulation,nan
10,3,0.08000000000000002,-2.55,4.8591807633470396e-17,settled,2.429999999999992,-0.20559933214452664,0.0,5,1,4,nan,0.08,0.28559933214452665,9.81,1,1,11,21,41,-3.0,3.0,0.01,30.0,60.0,1e-09,1e-12,6,0.0001,1,new simulation,nan
10,4,0.08000000000000002,-2.4,4.8591807633470396e-17,rolling,13.189999999999763,-0.19923043744305122,1.4538906282674524,30,27,3,1.462399225343061,0.08,0.28559933214452665,9.81,1,1,11,21,41,-3.0,3.0,0.01,30.0,60.0,1e-09,1e-12,6,0.0001,1,new simulation,nan
10,5,0.08000000000000002,-2.25,4.8591807633470396e-17,rolling,13.669999999999753,-0.20188350901798177,1.457464229811157,31,28,3,1.4624320885726367,0.08,0.28559933214452665,9.81,1,1,11,21,41,-3.0,3.0,0.01,30.0,60.0,1e-09,1e-12,6,0.0001,1,new simulation,nan
10,6,0.08000000000000002,-2.1,4.8591807633470396e-17,rolling,14.359999999999738,-0.20063323399077498,1.4557760266968676,31,28,3,1.4624182082438295,0.08,0.28559933214452665,9.81,1,1,11,21,41,-3.0,3.0,0.01,30.0,60.0,1e-09,1e-12,6,0.0001,1,new simulation,nan
10,7,0.08000000000000002,-1.95,4.8591807633470396e-17,settled,1.9400000000000015,-0.20559933214452664,0.0,4,1,3,nan,0.08,0.28559933214452665,9.81,1,1,11,21,41,-3.0,3.0,0.01,30.0,60.0,1e-09,1e-12,6,0.0001,1,new simulation,nan
10,8,0.08000000000000002,-1.8,4.8591807633470396e-17,rolling,12.999999999999767,-0.20074608837854543,1.4559231004075484,29,27,2,1.4624055763484678,0.08,0.28559933214452665,9.81,1,1,11,21,41,-3.0,3.0,0.01,30.0,60.0,1e-09,1e-12,6,0.0001,1,new simulation,nan
10,9,0.08000000000000002,-1.6500000000000001,4.8591807633470396e-17,rolling,13.32999999999976,-0.20133593469434083,1.4567273528297402,30,28,2,1.4624358648028843,0.08,0.28559933214452665,9.81,1,1,11,21,41,-3.0,3.0,0.01,30.0,60.0,1e-09,1e-12,6,0.0001,1,new simulation,nan
10,10,0.08000000000000002,-1.5,4.8591807633470396e-17,rolling,13.719999999999752,-0.202619562515663,1.4584553609921787,30,28,2,1.4624216624705297,0.08,0.28559933214452665,9.81,1,1,11,21,41,-3.0,3.0,0.01,30.0,60.0,1e-09,1e-12,6,0.0001,1,new simulation,nan
10,11,0.08000000000000002,-1.35,4.8591807633470396e-17,settled,1.5100000000000011,-0.20559933214452664,0.0,3,1,2,nan,0.08,0.28559933214452665,9.81,1,1,11,21,41,-3.0,3.0,0.01,30.0,60.0,1e-09,1e-12,6,0.0001,1,new simulation,nan
10,12,0.08000000000000002,-1.2000000000000002,4.8591807633470396e-17,rolling,13.019999999999767,-0.19658239770330205,1.45037848113631,28,27,1,1.4624135542300734,0.08,0.28559933214452665,9.81,1,1,11,21,41,-3.0,3.0,0.01,30.0,60.0,1e-09,1e-12,6,0.0001,1,new simulation,nan
10,13,0.08000000000000002,-1.05,4.8591807633470396e-17,rolling,12.499999999999778,-0.2009908323120587,1.4562476988579316,28,27,1,1.4623932984561607,0.08,0.28559933214452665,9.81,1,1,11,21,41,-3.0,3.0,0.01,30.0,60.0,1e-09,1e-12,6,0.0001,1,new simulation,nan
10,14,0.08000000000000002,-0.8999999999999999,4.8591807633470396e-17,rolling,12.979999999999768,-0.19786463906288518,1.4520829002195874,29,28,1,1.4624303095702602,0.08,0.28559933214452665,9.81,1,1,11,21,41,-3.0,3.0,0.01,30.0,60.0,1e-09,1e-12,6,0.0001,1,new simulation,nan
10,15,0.08000000000000002,-0.75,4.8591807633470396e-17,rolling,13.37999999999976,-0.19624122969206337,1.4499303266558698,29,28,1,1.4624197968045296,0.08,0.28559933214452665,9.81,1,1,11,21,41,-3.0,3.0,0.01,30.0,60.0,1e-09,1e-12,6,0.0001,1,new simulation,nan
10,16,0.08000000000000002,-0.6000000000000001,4.8591807633470396e-17,settled,0.9400000000000006,-0.20559933214452664,0.0,2,1,1,nan,0.08,0.28559933214452665,9.81,1,1,11,21,41,-3.0,3.0,0.01,30.0,60.0,1e-09,1e-12,6,0.0001,1,new simulation,nan
10,17,0.08000000000000002,-0.4500000000000002,4.8591807633470396e-17,settled,1.0200000000000007,-0.20559933214452664,0.0,2,1,1,nan,0.08,0.28559933214452665,9.81,1,1,11,21,41,-3.0,3.0,0.01,30.0,60.0,1e-09,1e-12,6,0.0001,1,new simulation,nan
10,18,0.08000000000000002,-0.30000000000000027,4.8591807633470396e-17,settled,1.400000000000001,-0.20559933214452664,0.0,2,1,1,nan,0.08,0.28559933214452665,9.81,1,1,11,21,41,-3.0,3.0,0.01,30.0,60.0,1e-09,1e-12,6,0.0001,1,new simulation,nan
10,19,0.08000000000000002,-0.1499999999999999,4.8591807633470396e-17,rolling,12.139999999999786,-0.19237635766132413,1.4448698412441154,27,27,0,1.4624126488951574,0.08,0.28559933214452665,9.81,1,1,11,21,41,-3.0,3.0,0.01,30.0,60.0,1e-09,1e-12,6,0.0001,1,new simulation,nan
10,20,0.08000000000000002,0.0,4.8591807633470396e-17,rolling,11.859999999999792,-0.19550958261433665,1.448963314849983,27,27,0,1.4624107402657402,0.08,0.28559933214452665,9.81,1,1,11,21,41,-3.0,3.0,0.01,30.0,60.0,1e-09,1e-12,6,0.0001,1,new simulation,nan
10,21,0.08000000000000002,0.1499999999999999,4.8591807633470396e-17,rolling,11.689999999999795,-0.20446220035711143,1.4609553285630366,27,27,0,1.4624126491924796,0.08,0.28559933214452665,9.81,1,1,11,21,41,-3.0,3.0,0.01,30.0,60.0,1e-09,1e-12,6,0.0001,1,new simulation,nan
10,22,0.08000000000000002,0.2999999999999998,4.8591807633470396e-17,rolling,11.549999999999798,-0.20285107826194032,1.458767703153113,27,27,0,1.4624183733283405,0.08,0.28559933214452665,9.81,1,1,11,21,41,-3.0,3.0,0.01,30.0,60.0,1e-09,1e-12,6,0.0001,1,new simulation,nan
10,23,0.08000000000000002,0.44999999999999973,4.8591807633470396e-17,rolling,11.419999999999801,-0.1933543128925574,1.4461474514348405,27,27,0,1.4624279132626983,0.08,0.28559933214452665,9.81,1,1,11,21,41,-3.0,3.0,0.01,30.0,60.0,1e-09,1e-12,6,0.0001,1,new simulation,nan
10,24,0.08000000000000002,0.5999999999999996,4.8591807633470396e-17,rolling,11.279999999999804,-0.20014708221918348,1.4551320352270298,27,27,0,1.4624412694681752,0.08,0.28559933214452665,9.81,1,1,11,21,41,-3.0,3.0,0.01,30.0,60.0,1e-09,1e-12,6,0.0001,1,new simulation,nan
10,25,0.08000000000000002,0.75,4.8591807633470396e-17,rolling,10.749999999999815,-0.19143302949731106,1.4436487789781742,26,26,0,1.4624154980144388,0.08,0.28559933214452665,9.81,1,1,11,21,41,-3.0,3.0,0.01,30.0,60.0,1e-09,1e-12,6,0.0001,1,new simulation,nan
10,26,0.08000000000000002,0.8999999999999999,4.8591807633470396e-17,rolling,10.209999999999827,-0.20144776211027687,1.4568639953675082,25,25,0,1.4623967221040461,0.08,0.28559933214452665,9.81,1,1,11,21,41,-3.0,3.0,0.01,30.0,60.0,1e-09,1e-12,6,0.0001,1,new simulation,nan
10,27,0.08000000000000002,1.0499999999999998,4.8591807633470396e-17,rolling,9.679999999999838,-0.20249621694739606,1.4582800900854174,24,24,0,1.4623982670299531,0.08,0.28559933214452665,9.81,1,1,11,21,41,-3.0,3.0,0.01,30.0,60.0,1e-09,1e-12,6,0.0001,1,new simulation,nan
10,28,0.08000000000000002,1.2000000000000002,4.8591807633470396e-17,rolling,8.759999999999858,-0.19174518392097403,1.4440455639559917,22,22,0,1.4623958898174614,0.08,0.28559933214452665,9.81,1,1,11,21,41,-3.0,3.0,0.01,30.0,60.0,1e-09,1e-12,6,0.0001,1,new simulation,nan
10,29,0.08000000000000002,1.3499999999999996,4.8591807633470396e-17,rolling,6.219999999999912,-0.20257443192239008,1.4584905296127952,16,16,0,1.462691209769446,0.08,0.28559933214452665,9.81,1,1,11,21,41,-3.0,3.0,0.01,30.0,60.0,1e-09,1e-12,6,0.0001,1,new simulation,nan
10,30,0.08000000000000002,1.5,4.8591807633470396e-17,rolling,8.929999999999854,-0.19323703916581897,1.4460992306072253,23,23,0,1.4627183594818716,0.08,0.28559933214452665,9.81,1,1,11,21,41,-3.0,3.0,0.01,30.0,60.0,1e-09,1e-12,6,0.0001,1,new simulation,nan
10,31,0.08000000000000002,1.6499999999999995,4.8591807633470396e-17,rolling,9.61999999999984,-0.20162817423824367,1.4572228744874902,25,25,0,1.4627205073296545,0.08,0.28559933214452665,9.81,1,1,11,21,41,-3.0,3.0,0.01,30.0,60.0,1e-09,1e-12,6,0.0001,1,new simulation,nan
10,32,0.08000000000000002,1.7999999999999998,4.8591807633470396e-17,rolling,10.319999999999824,-0.2016220048996385,1.4572020354630584,27,27,0,1.4626854731657433,0.08,0.28559933214452665,9.81,1,1,11,21,41,-3.0,3.0,0.01,30.0,60.0,1e-09,1e-12,6,0.0001,1,new simulation,nan
10,33,0.08000000000000002,1.9500000000000002,4.8591807633470396e-17,rolling,10.619999999999818,-0.20394106640255028,1.4603420547922987,28,28,0,1.4626832579760267,0.08,0.28559933214452665,9.81,1,1,11,21,41,-3.0,3.0,0.01,30.0,60.0,1e-09,1e-12,6,0.0001,1,new simulation,nan
10,34,0.08000000000000002,2.0999999999999996,4.8591807633470396e-17,rolling,10.52999999999982,-0.19371594407640172,1.4467242306893404,28,28,0,1.4627197079692527,0.08,0.28559933214452665,9.81,1,1,11,21,41,-3.0,3.0,0.01,30.0,60.0,1e-09,1e-12,6,0.0001,1,new simulation,nan
10,35,0.08000000000000002,2.25,4.8591807633470396e-17,rolling,10.839999999999813,-0.1922137113021528,1.4447628838837694,29,29,0,1.4627014413430457,0.08,0.28559933214452665,9.81,1,1,11,21,41,-3.0,3.0,0.01,30.0,60.0,1e-09,1e-12,6,0.0001,1,new simulation,nan
10,36,0.08000000000000002,2.3999999999999995,4.8591807633470396e-17,rolling,10.749999999999815,-0.19207694048951,1.4445962068638953,29,29,0,1.4627310600105012,0.08,0.28559933214452665,9.81,1,1,11,21,41,-3.0,3.0,0.01,30.0,60.0,1e-09,1e-12,6,0.0001,1,new simulation,nan
10,37,0.08000000000000002,2.55,4.8591807633470396e-17,rolling,11.059999999999809,-0.20002728923005014,1.4550655801097614,30,30,0,1.4627040825366973,0.08,0.28559933214452665,9.81,1,1,11,21,41,-3.0,3.0,0.01,30.0,60.0,1e-09,1e-12,6,0.0001,1,new simulation,nan
10,38,0.08000000000000002,2.7,4.8591807633470396e-17,rolling,10.97999999999981,-0.1942732501565753,1.4474554563145279,30,30,0,1.4627277476377742,0.08,0.28559933214452665,9.81,1,1,11,21,41,-3.0,3.0,0.01,30.0,60.0,1e-09,1e-12,6,0.0001,1,new simulation,nan
10,39,0.08000000000000002,2.8499999999999996,4.8591807633470396e-17,rolling,11.299999999999804,-0.1960769929139519,1.4498133576539836,31,31,0,1.4626971304871266,0.08,0.28559933214452665,9.81,1,1,11,21,41,-3.0,3.0,0.01,30.0,60.0,1e-09,1e-12,6,0.0001,1,new simulation,nan
10,40,0.08000000000000002,3.0,4.8591807633470396e-17,rolling,11.219999999999805,-0.19818425645174903,1.4526099935823977,31,31,0,1.4627157919536395,0.08,0.28559933214452665,9.81,1,1,11,21,41,-3.0,3.0,0.01,30.0,60.0,1e-09,1e-12,6,0.0001,1,new simulation,nan
11,0,0.10855993321445268,-3.0,0.10000000000000003,rolling,13.81999999999975,-0.19511505841339577,1.4484546840032078,32,28,4,1.462438122097405,0.08,0.28559933214452665,9.81,1,1,11,21,41,-3.0,3.0,0.01,30.0,60.0,1e-09,1e-12,6,0.0001,1,new simulation,nan
11,1,0.10855993321445268,-2.85,0.10000000000000003,rolling,14.099999999999744,-0.20428809990025215,1.460722414997582,32,28,4,1.462424911089428,0.08,0.28559933214452665,9.81,1,1,11,21,41,-3.0,3.0,0.01,30.0,60.0,1e-09,1e-12,6,0.0001,1,new simulation,nan
11,2,0.10855993321445268,-2.7,0.10000000000000003,settled,2.0400000000000005,-0.20559933214452664,0.0,5,1,4,nan,0.08,0.28559933214452665,9.81,1,1,11,21,41,-3.0,3.0,0.01,30.0,60.0,1e-09,1e-12,6,0.0001,1,new simulation,nan
11,3,0.10855993321445268,-2.55,0.10000000000000003,settled,2.5499999999999896,-0.20559933214452664,0.0,5,1,4,nan,0.08,0.28559933214452665,9.81,1,1,11,21,41,-3.0,3.0,0.01,30.0,60.0,1e-09,1e-12,6,0.0001,1,new simulation,nan
11,4,0.10855993321445268,-2.4,0.10000000000000003,rolling,13.189999999999763,-0.20414479744754097,1.4605175058410556,30,27,3,1.4623976401481553,0.08,0.28559933214452665,9.81,1,1,11,21,41,-3.0,3.0,0.01,30.0,60.0,1e-09,1e-12,6,0.0001,1,new simulation,nan
11,5,0.10855993321445268,-2.25,0.10000000000000003,rolling,13.709999999999752,-0.19390615119090443,1.4468686890471887,31,28,3,1.4624309663921204,0.08,0.28559933214452665,9.81,1,1,11,21,41,-3.0,3.0,0.01,30.0,60.0,1e-09,1e-12,6,0.0001,1,new simulation,nan
11,6,0.10855993321445268,-2.1,0.10000000000000003,rolling,14.619999999999733,-0.20163527030523176,1.4571240008591237,31,28,3,1.4624170858687908,0.08,0.28559933214452665,9.81,1,1,11,21,41,-3.0,3.0,0.01,30.0,60.0,1e-09,1e-12,6,0.0001,1,new simulation,nan
11,7,0.10855993321445268,-1.95,0.10000000000000003,settled,2.0000000000000013,-0.20559933214452664,0.0,4,1,3,nan,0.08,0.28559933214452665,9.81,1,1,11,21,41,-3.0,3.0,0.01,30.0,60.0,1e-09,1e-12,6,0.0001,1,new simulation,nan
11,8,0.10855993321445268,-1.8,0.10000000000000003,rolling,12.979999999999768,-0.19767938421265596,1.4518272938947314,29,27,2,1.462403335058685,0.08,0.28559933214452665,9.81,1,1,11,21,41,-3.0,3.0,0.01,30.0,60.0,1e-09,1e-12,6,0.0001,1,new simulation,nan
11,9,0.10855993321445268,-1.6500000000000001,0.10000000000000003,rolling,13.36999999999976,-0.1949085494740845,1.4481822521814738,30,28,2,1.4624342792706386,0.08,0.28559933214452665,9.81,1,1,11,21,41,-3.0,3.0,0.01,30.0,60.0,1e-09,1e-12,6,0.0001,1,new simulation,nan
11,10,0.10855993321445268,-1.5,0.10000000000000003,rolling,13.859999999999749,-0.19253609285469933,1.4450799387914501,30,28,2,1.4624200759503985,0.08,0.28559933214452665,9.81,1,1,11,21,41,-3.0,3.0,0.01,30.0,60.0,1e-09,1e-12,6,0.0001,1,new simulation,nan
11,11,0.10855993321445268,-1.35,0.10000000000000003,settled,1.5700000000000012,-0.20559933214452664,0.0,3,1,2,nan,0.08,0.28559933214452665,9.81,1,1,11,21,41,-3.0,3.0,0.01,30.0,60.0,1e-09,1e-12,6,0.0001,1,new simulation,nan
11,12,0.10855993321445268,-1.2000000000000002,0.10000000000000003,rolling,12.809999999999771,-0.1941973511932796,1.4472419674720087,28,27,1,1.462410388693791,0.08,0.28559933214452665,9.81,1,1,11,21,41,-3.0,3.0,0.01,30.0,60.0,1e-09,1e-12,6,0.0001,1,new simulation,nan
11,13,0.10855993321445268,-1.05,0.10000000000000003,rolling,12.929999999999769,-0.19454272327550137,1.4477049002669737,29,28,1,1.4624404926477856,0.08,0.28559933214452665,9.81,1,1,11,21,41,-3.0,3.0,0.01,30.0,60.0,1e-09,1e-12,6,0.0001,1,new simulation,nan
11,14,0.10855993321445268,-0.8999999999999999,0.10000000000000003,rolling,13.059999999999766,-0.19154008173273634,1.4437917509895888,29,28,1,1.4624280678841555,0.08,0.28559933214452665,9.81,1,1,11,21,41,-3.0,3.0,0.01,30.0,60.0,1e-09,1e-12,6,0.0001,1,new simulation,nan
11,15,0.10855993321445268,-0.75,0.10000000000000003,rolling,13.709999999999752,-0.20228079098000715,1.4579956482672043,29,28,1,1.4624175561138053,0.08,0.28559933214452665,9.81,1,1,11,21,41,-3.0,3.0,0.01,30.0,60.0,1e-09,1e-12,6,0.0001,1,new simulation,nan
11,16,0.10855993321445268,-0.6000000000000001,0.10000000000000003,settled,1.0000000000000007,-0.20559933214452664,0.0,2,1,1,nan,0.08,0.28559933214452665,9.81,1,1,11,21,41,-3.0,3.0,0.01,30.0,60.0,1e-09,1e-12,6,0.0001,1,new simulation,nan
11,17,0.10855993321445268,-0.4500000000000002,0.10000000000000003,settled,1.1800000000000008,-0.20559933214452664,0.0,2,1,1,nan,0.08,0.28559933214452665,9.81,1,1,11,21,41,-3.0,3.0,0.01,30.0,60.0,1e-09,1e-12,6,0.0001,1,new simulation,nan
11,18,0.10855993321445268,-0.30000000000000027,0.10000000000000003,rolling,12.41999999999978,-0.20189654150114247,1.4574753199664172,27,27,0,1.4624138992242575,0.08,0.28559933214452665,9.81,1,1,11,21,41,-3.0,3.0,0.01,30.0,60.0,1e-09,1e-12,6,0.0001,1,new simulation,nan
11,19,0.10855993321445268,-0.1499999999999999,0.10000000000000003,rolling,11.96999999999979,-0.1926275685338689,1.4451945012766823,27,27,0,1.4624081751825526,0.08,0.28559933214452665,9.81,1,1,11,21,41,-3.0,3.0,0.01,30.0,60.0,1e-09,1e-12,6,0.0001,1,new simulation,nan
11,20,0.10855993321445268,0.0,0.10000000000000003,rolling,11.789999999999793,-0.20538239303132907,1.4622098644178305,27,27,0,1.4624062661553587,0.08,0.28559933214452665,9.81,1,1,11,21,41,-3.0,3.0,0.01,30.0,60.0,1e-09,1e-12,6,0.0001,1,new simulation,nan
11,21,0.10855993321445268,0.1499999999999999,0.10000000000000003,rolling,11.659999999999796,-0.20276944731892776,1.458653485449959,27,27,0,1.4624081746876547,0.08,0.28559933214452665,9.81,1,1,11,21,41,-3.0,3.0,0.01,30.0,60.0,1e-09,1e-12,6,0.0001,1,new simulation,nan
11,22,0.10855993321445268,0.2999999999999998,0.10000000000000003,rolling,11.539999999999798,-0.19191067602211104,1.444266383850746,27,27,0,1.4624138995257425,0.08,0.28559933214452665,9.81,1,1,11,21,41,-3.0,3.0,0.01,30.0,60.0,1e-09,1e-12,6,0.0001,1,new simulation,nan
11,23,0.10855993321445268,0.44999999999999973,0.10000000000000003,rolling,11.409999999999801,-0.19143396051320288,1.4436528462007434,27,27,0,1.4624234390736384,0.08,0.28559933214452665,9.81,1,1,11,21,41,-3.0,3.0,0.01,30.0,60.0,1e-09,1e-12,6,0.0001,1,new simulation,nan
11,24,0.10855993321445268,0.5999999999999996,0.10000000000000003,rolling,11.269999999999804,-0.20234264133812147,1.458086136855698,27,27,0,1.4624367962102685,0.08,0.28559933214452665,9.81,1,1,11,21,41,-3.0,3.0,0.01,30.0,60.0,1e-09,1e-12,6,0.0001,1,new simulation,nan
11,25,0.10855993321445268,0.75,0.10000000000000003,rolling,10.739999999999815,-0.1954709526744467,1.4489119484757855,26,26,0,1.4624091760882125,0.08,0.28559933214452665,9.81,1,1,11,21,41,-3.0,3.0,0.01,30.0,60.0,1e-09,1e-12,6,0.0001,1,new simulation,nan
11,26,0.10855993321445268,0.8999999999999999,0.10000000000000003,rolling,10.609999999999818,-0.19539217725576782,1.44881903222766,26,26,0,1.4624388336517935,0.08,0.28559933214452665,9.81,1,1,11,21,41,-3.0,3.0,0.01,30.0,60.0,1e-09,1e-12,6,0.0001,1,new simulation,nan
11,27,0.10855993321445268,1.0499999999999998,0.10000000000000003,rolling,10.07999999999983,-0.19683623192613642,1.4507225212878039,25,25,0,1.4624373167614122,0.08,0.28559933214452665,9.81,1,1,11,21,41,-3.0,3.0,0.01,30.0,60.0,1e-09,1e-12,6,0.0001,1,new simulation,nan
11,28,0.10855993321445268,1.2000000000000002,0.10000000000000003,rolling,9.14999999999985,-0.20081468956398385,1.4560228498726417,23,23,0,1.4624267340127606,0.08,0.28559933214452665,9.81,1,1,11,21,41,-3.0,3.0,0.01,30.0,60.0,1e-09,1e-12,6,0.0001,1,new simulation,nan
11,29,0.10855993321445268,1.3499999999999996,0.10000000000000003,rolling,5.409999999999929,-0.20102045090870943,1.4562967908413165,14,14,0,1.4624191884852884,0.08,0.28559933214452665,9.81,1,1,11,21,41,-3.0,3.0,0.01,30.0,60.0,1e-09,1e-12,6,0.0001,1,new simulation,nan
11,30,0.10855993321445268,1.5,0.10000000000000003,rolling,8.919999999999854,-0.19901702073482724,1.4537136957309593,23,23,0,1.4627005315465043,0.08,0.28559933214452665,9.81,1,1,11,21,41,-3.0,3.0,0.01,30.0,60.0,1e-09,1e-12,6,0.0001,1,new simulation,nan
11,31,0.10855993321445268,1.6499999999999995,0.10000000000000003,rolling,9.61999999999984,-0.19302906268326847,1.4458259687902486,25,25,0,1.4627115772983437,0.08,0.28559933214452665,9.81,1,1,11,21,41,-3.0,3.0,0.01,30.0,60.0,1e-09,1e-12,6,0.0001,1,new simulation,nan
11,32,0.10855993321445268,1.7999999999999998,0.10000000000000003,rolling,9.909999999999833,-0.2041724393313992,1.4606736434493268,26,26,0,1.4627299770822935,0.08,0.28559933214452665,9.81,1,1,11,21,41,-3.0,3.0,0.01,30.0,60.0,1e-09,1e-12,6,0.0001,1,new simulation,nan
11,33,0.10855993321445268,1.9500000000000002,0.10000000000000003,rolling,10.219999999999827,-0.192096137766049,1.4446202410389997,27,27,0,1.4627286919119697,0.08,0.28559933214452665,9.81,1,1,11,21,41,-3.0,3.0,0.01,30.0,60.0,1e-09,1e-12,6,0.0001,1,new simulation,nan
11,34,0.10855993321445268,2.0999999999999996,0.10000000000000003,rolling,10.51999999999982,-0.2000497257593937,1.4551000995301886,28,28,0,1.4627165440071517,0.08,0.28559933214452665,9.81,1,1,11,21,41,-3.0,3.0,0.01,30.0,60.0,1e-09,1e-12,6,0.0001,1,new simulation,nan
11,35,0.10855993321445268,2.25,0.10000000000000003,rolling,10.829999999999814,-0.19869118735729066,1.4532787902586428,29,29,0,1.462699202631451,0.08,0.28559933214452665,9.81,1,1,11,21,41,-3.0,3.0,0.01,30.0,60.0,1e-09,1e-12,6,0.0001,1,new simulation,nan
11,36,0.10855993321445268,2.3999999999999995,0.10000000000000003,rolling,10.739999999999815,-0.19870882242565047,1.4533129043598474,29,29,0,1.462728820790912,0.08,0.28559933214452665,9.81,1,1,11,21,41,-3.0,3.0,0.01,30.0,60.0,1e-09,1e-12,6,0.0001,1,new simulation,nan
11,37,0.10855993321445268,2.55,0.10000000000000003,rolling,11.059999999999809,-0.19232099973721647,1.4449024622608322,30,30,0,1.4627024966512154,0.08,0.28559933214452665,9.81,1,1,11,21,41,-3.0,3.0,0.01,30.0,60.0,1e-09,1e-12,6,0.0001,1,new simulation,nan
11,38,0.10855993321445268,2.7,0.10000000000000003,rolling,10.96999999999981,-0.2012329122850042,1.4566924310102196,30,30,0,1.4627261626914627,0.08,0.28559933214452665,9.81,1,1,11,21,41,-3.0,3.0,0.01,30.0,60.0,1e-09,1e-12,6,0.0001,1,new simulation,nan
11,39,0.10855993321445268,2.8499999999999996,0.10000000000000003,rolling,11.289999999999804,-0.2032047146754754,1.4593462262109596,31,31,0,1.46269600780304,0.08,0.28559933214452665,9.81,1,1,11,21,41,-3.0,3.0,0.01,30.0,60.0,1e-09,1e-12,6,0.0001,1,new simulation,nan
11,40,0.10855993321445268,3.0,0.10000000000000003,rolling,11.209999999999805,-0.20548058298685057,1.4624540671313586,31,31,0,1.462714671009695,0.08,0.28559933214452665,9.81,1,1,11,21,41,-3.0,3.0,0.01,30.0,60.0,1e-09,1e-12,6,0.0001,1,new simulation,nan
12,0,0.1371198664289054,-3.0,0.2000000000000002,rolling,13.83999999999975,-0.19434192057046593,1.4474407395652351,32,28,4,1.4624370881095619,0.08,0.28559933214452665,9.81,1,1,11,21,41,-3.0,3.0,0.01,30.0,60.0,1e-09,1e-12,6,0.0001,1,new simulation,nan
12,1,0.1371198664289054,-2.85,0.2000000000000002,rolling,14.159999999999743,-0.19658036154175154,1.450379496944404,32,28,4,1.4624238773964378,0.08,0.28559933214452665,9.81,1,1,11,21,41,-3.0,3.0,0.01,30.0,60.0,1e-09,1e-12,6,0.0001,1,new simulation,nan
12,2,0.1371198664289054,-2.7,0.2000000000000002,settled,2.06,-0.20559933214452664,0.0,5,1,4,nan,0.08,0.28559933214452665,9.81,1,1,11,21,41,-3.0,3.0,0.01,30.0,60.0,1e-09,1e-12,6,0.0001,1,new simulation,nan
12,3,0.1371198664289054,-2.55,0.2000000000000002,settled,2.7899999999999845,-0.20559933214452664,0.0,5,1,4,nan,0.08,0.28559933214452665,9.81,1,1,11,21,41,-3.0,3.0,0.01,30.0,60.0,1e-09,1e-12,6,0.0001,1,new simulation,nan
12,4,0.1371198664289054,-2.4,0.2000000000000002,rolling,13.199999999999763,-0.19734575628101136,1.4513820744652535,30,27,3,1.4623955758255534,0.08,0.28559933214452665,9.81,1,1,11,21,41,-3.0,3.0,0.01,30.0,60.0,1e-09,1e-12,6,0.0001,1,new simulation,nan
12,5,0.1371198664289054,-2.25,0.2000000000000002,rolling,13.749999999999751,-0.20156739717668212,1.4570369369978762,31,28,3,1.462429505926863,0.08,0.28559933214452665,9.81,1,1,11,21,41,-3.0,3.0,0.01,30.0,60.0,1e-09,1e-12,6,0.0001,1,new simulation,nan
12,6,0.1371198664289054,-2.1,0.2000000000000002,settled,1.7900000000000014,-0.20559933214452664,0.0,4,1,3,nan,0.08,0.28559933214452665,9.81,1,1,11,21,41,-3.0,3.0,0.01,30.0,60.0,1e-09,1e-12,6,0.0001,1,new simulation,nan
12,7,0.1371198664289054,-1.95,0.2000000000000002,settled,2.099999999999999,-0.20559933214452664,0.0,4,1,3,nan,0.08,0.28559933214452665,9.81,1,1,11,21,41,-3.0,3.0,0.01,30.0,60.0,1e-09,1e-12,6,0.0001,1,new simulation,nan
12,8,0.1371198664289054,-1.8,0.2000000000000002,rolling,12.959999999999768,-0.20157480159684535,1.4570365237054717,29,27,2,1.4624004199239848,0.08,0.28559933214452665,9.81,1,1,11,21,41,-3.0,3.0,0.01,30.0,60.0,1e-09,1e-12,6,0.0001,1,new simulation,nan
12,9,0.1371198664289054,-1.6500000000000001,0.2000000000000002,rolling,13.419999999999758,-0.19180051426058997,1.4441303014754336,30,28,2,1.4624322153361315,0.08,0.28559933214452665,9.81,1,1,11,21,41,-3.0,3.0,0.01,30.0,60.0,1e-09,1e-12,6,0.0001,1,new simulation,nan
12,10,0.1371198664289054,-1.5,0.2000000000000002,rolling,14.119999999999743,-0.1969945089807121,1.4509249752934243,30,28,2,1.4624180125433879,0.08,0.28559933214452665,9.81,1,1,11,21,41,-3.0,3.0,0.01,30.0,60.0,1e-09,1e-12,6,0.0001,1,new simulation,nan
12,11,0.1371198664289054,-1.35,0.2000000000000002,settled,1.6500000000000012,-0.20559933214452664,0.0,3,1,2,nan,0.08,0.28559933214452665,9.81,1,1,11,21,41,-3.0,3.0,0.01,30.0,60.0,1e-09,1e-12,6,0.0001,1,new simulation,nan
12,12,0.1371198664289054,-1.2000000000000002,0.2000000000000002,rolling,12.689999999999774,-0.20132298750511382,1.4566993382524587,28,27,1,1.4624062687860662,0.08,0.28559933214452665,9.81,1,1,11,21,41,-3.0,3.0,0.01,30.0,60.0,1e-09,1e-12,6,0.0001,1,new simulation,nan
12,13,0.1371198664289054,-1.05,0.2000000000000002,rolling,12.959999999999768,-0.20132263011771412,1.456710047186617,29,28,1,1.4624375754671208,0.08,0.28559933214452665,9.81,1,1,11,21,41,-3.0,3.0,0.01,30.0,60.0,1e-09,1e-12,6,0.0001,1,new simulation,nan
12,14,0.1371198664289054,-0.8999999999999999,0.2000000000000002,rolling,13.169999999999764,-0.19483682539630914,1.4480848860349238,29,28,1,1.4624251523058363,0.08,0.28559933214452665,9.81,1,1,11,21,41,-3.0,3.0,0.01,30.0,60.0,1e-09,1e-12,6,0.0001,1,new simulation,nan
12,15,0.1371198664289054,-0.75,0.2000000000000002,settled,1.0100000000000007,-0.20559933214452664,0.0,2,1,1,nan,0.08,0.28559933214452665,9.81,1,1,11,21,41,-3.0,3.0,0.01,30.0,60.0,1e-09,1e-12,6,0.0001,1,new simulation,nan
12,16,0.1371198664289054,-0.6000000000000001,0.2000000000000002,settled,1.1000000000000008,-0.20559933214452664,0.0,2,1,1,nan,0.08,0.28559933214452665,9.81,1,1,11,21,41,-3.0,3.0,0.01,30.0,60.0,1e-09,1e-12,6,0.0001,1,new simulation,nan
12,17,0.1371198664289054,-0.4500000000000002,0.2000000000000002,settled,1.6700000000000013,-0.20559933214452664,0.0,2,1,1,nan,0.08,0.28559933214452665,9.81,1,1,11,21,41,-3.0,3.0,0.01,30.0,60.0,1e-09,1e-12,6,0.0001,1,new simulation,nan
12,18,0.1371198664289054,-0.30000000000000027,0.2000000000000002,rolling,12.089999999999787,-0.19847159482679666,1.452881983381542,27,27,0,1.4624080763533531,0.08,0.28559933214452665,9.81,1,1,11,21,41,-3.0,3.0,0.01,30.0,60.0,1e-09,1e-12,6,0.0001,1,new simulation,nan
12,19,0.1371198664289054,-0.1499999999999999,0.2000000000000002,rolling,11.889999999999791,-0.1982625113517615,1.4526016927210137,27,27,0,1.4624023526607903,0.08,0.28559933214452665,9.81,1,1,11,21,41,-3.0,3.0,0.01,30.0,60.0,1e-09,1e-12,6,0.0001,1,new simulation,nan
12,20,0.1371198664289054,0.0,0.2000000000000002,rolling,11.769999999999794,-0.1966196772640518,1.450423025944172,27,27,0,1.4624004439039393,0.08,0.28559933214452665,9.81,1,1,11,21,41,-3.0,3.0,0.01,30.0,60.0,1e-09,1e-12,6,0.0001,1,new simulation,nan
12,21,0.1371198664289054,0.1499999999999999,0.2000000000000002,rolling,11.659999999999796,-0.19315672308431225,1.4458808006091552,27,27,0,1.4624023522411083,0.08,0.28559933214452665,9.81,1,1,11,21,41,-3.0,3.0,0.01,30.0,60.0,1e-09,1e-12,6,0.0001,1,new simulation,nan
12,22,0.1371198664289054,0.2999999999999998,0.2000000000000002,rolling,11.539999999999798,-0.19336648220232847,1.4461561721042353,27,27,0,1.4624080761163898,0.08,0.28559933214452665,9.81,1,1,11,21,41,-3.0,3.0,0.01,30.0,60.0,1e-09,1e-12,6,0.0001,1,new simulation,nan
12,23,0.1371198664289054,0.44999999999999973,0.2000000000000002,rolling,11.409999999999801,-0.19608859111470553,1.4497282399201605,27,27,0,1.4624176173160413,0.08,0.28559933214452665,9.81,1,1,11,21,41,-3.0,3.0,0.01,30.0,60.0,1e-09,1e-12,6,0.0001,1,new simulation,nan
12,24,0.1371198664289054,0.5999999999999996,0.2000000000000002,rolling,11.279999999999804,-0.19232058005469801,1.444804048573269,27,27,0,1.4624309737994796,0.08,0.28559933214452665,9.81,1,1,11,21,41,-3.0,3.0,0.01,30.0,60.0,1e-09,1e-12,6,0.0001,1,new simulation,nan
12,25,0.1371198664289054,0.75,0.2000000000000002,rolling,10.739999999999815,-0.19858802330015052,1.4530344682106957,26,26,0,1.4624009488894674,0.08,0.28559933214452665,9.81,1,1,11,21,41,-3.0,3.0,0.01,30.0,60.0,1e-09,1e-12,6,0.0001,1,new simulation,nan
12,26,0.1371198664289054,0.8999999999999999,0.2000000000000002,rolling,10.609999999999818,-0.19690391348200867,1.450809632433585,26,26,0,1.4624306076773594,0.08,0.28559933214452665,9.81,1,1,11,21,41,-3.0,3.0,0.01,30.0,60.0,1e-09,1e-12,6,0.0001,1,new simulation,nan
12,27,0.1371198664289054,1.0499999999999998,0.2000000000000002,rolling,10.07999999999983,-0.19687569370768684,1.450770539388879,25,25,0,1.4624256912807436,0.08,0.28559933214452665,9.81,1,1,11,21,41,-3.0,3.0,0.01,30.0,60.0,1e-09,1e-12,6,0.0001,1,new simulation,nan
12,28,0.1371198664289054,1.2000000000000002,0.2000000000000002,rolling,9.14999999999985,-0.1996098203209007,1.454399188037934,23,23,0,1.462403522894759,0.08,0.28559933214452665,9.81,1,1,11,21,41,-3.0,3.0,0.01,30.0,60.0,1e-09,1e-12,6,0.0001,1,new simulation,nan
12,29,0.1371198664289054,1.3499999999999996,0.2000000000000002,rolling,7.019999999999895,-0.19845484320062,1.4528552646040425,18,18,0,1.4623957485418615,0.08,0.28559933214452665,9.81,1,1,11,21,41,-3.0,3.0,0.01,30.0,60.0,1e-09,1e-12,6,0.0001,1,new simulation,nan
12,30,0.1371198664289054,1.5,0.2000000000000002,rolling,8.519999999999863,-0.19253228112801019,1.4451847981695027,22,22,0,1.4627247829299375,0.08,0.28559933214452665,9.81,1,1,11,21,41,-3.0,3.0,0.01,30.0,60.0,1e-09,1e-12,6,0.0001,1,new simulation,nan
12,31,0.1371198664289054,1.6499999999999995,0.2000000000000002,rolling,9.60999999999984,-0.20396988624586287,1.4603872227844956,25,25,0,1.4626999559873104,0.08,0.28559933214452665,9.81,1,1,11,21,41,-3.0,3.0,0.01,30.0,60.0,1e-09,1e-12,6,0.0001,1,new simulation,nan
12,32,0.1371198664289054,1.7999999999999998,0.2000000000000002,rolling,9.909999999999833,-0.20009918503312077,1.4551682302574789,26,26,0,1.4627217513226576,0.08,0.28559933214452665,9.81,1,1,11,21,41,-3.0,3.0,0.01,30.0,60.0,1e-09,1e-12,6,0.0001,1,new simulation,nan
12,33,0.1371198664289054,1.9500000000000002,0.2000000000000002,rolling,10.209999999999827,-0.20219488119458795,1.457988601036293,27,27,0,1.4627228712544882,0.08,0.28559933214452665,9.81,1,1,11,21,41,-3.0,3.0,0.01,30.0,60.0,1e-09,1e-12,6,0.0001,1,new simulation,nan
12,34,0.1371198664289054,2.0999999999999996,0.2000000000000002,rolling,10.51999999999982,-0.19536192319637186,1.4488776066488573,28,28,0,1.462712424657133,0.08,0.28559933214452665,9.81,1,1,11,21,41,-3.0,3.0,0.01,30.0,60.0,1e-09,1e-12,6,0.0001,1,new simulation,nan
12,35,0.1371198664289054,2.25,0.2000000000000002,rolling,10.829999999999814,-0.19380726733251083,1.4468350314189569,29,29,0,1.462696287957776,0.08,0.28559933214452665,9.81,1,1,11,21,41,-3.0,3.0,0.01,30.0,60.0,1e-09,1e-12,6,0.0001,1,new simulation,nan
12,36,0.1371198664289054,2.3999999999999995,0.2000000000000002,rolling,10.739999999999815,-0.19367709232768107,1.4466757494888178,29,29,0,1.46272590368362,0.08,0.28559933214452665,9.81,1,1,11,21,41,-3.0,3.0,0.01,30.0,60.0,1e-09,1e-12,6,0.0001,1,new simulation,nan
12,37,0.1371198664289054,2.55,0.2000000000000002,rolling,11.049999999999809,-0.2016920527042945,1.457301831902029,30,30,0,1.4627004340025163,0.08,0.28559933214452665,9.81,1,1,11,21,41,-3.0,3.0,0.01,30.0,60.0,1e-09,1e-12,6,0.0001,1,new simulation,nan
12,38,0.1371198664289054,2.7,0.2000000000000002,rolling,10.96999999999981,-0.1960159686464823,1.4497426102657616,30,30,0,1.4627240984086611,0.08,0.28559933214452665,9.81,1,1,11,21,41,-3.0,3.0,0.01,30.0,60.0,1e-09,1e-12,6,0.0001,1,new simulation,nan
12,39,0.1371198664289054,2.8499999999999996,0.2000000000000002,rolling,11.289999999999804,-0.19793656819227703,1.4522731969531222,31,31,0,1.4626945472454436,0.08,0.28559933214452665,9.81,1,1,11,21,41,-3.0,3.0,0.01,30.0,60.0,1e-09,1e-12,6,0.0001,1,new simulation,nan
12,40,0.1371198664289054,3.0,0.2000000000000002,rolling,11.209999999999805,-0.20018129130756515,1.4552752115675243,31,31,0,1.4627132095773072,0.08,0.28559933214452665,9.81,1,1,11,21,41,-3.0,3.0,0.01,30.0,60.0,1e-09,1e-12,6,0.0001,1,new simulation,nan
13,0,0.16567979964335805,-3.0,0.3000000000000002,rolling,13.859999999999749,-0.20042619849543394,1.4555044018070107,32,28,4,1.4624358154075547,0.08,0.28559933214452665,9.81,1,1,11,21,41,-3.0,3.0,0.01,30.0,60.0,1e-09,1e-12,6,0.0001,1,new simulation,nan
13,1,0.16567979964335805,-2.85,0.3000000000000002,rolling,14.229999999999741,-0.20256323566435802,1.4583794637924734,32,28,4,1.4624226049061833,0.08,0.28559933214452665,9.81,1,1,11,21,41,-3.0,3.0,0.01,30.0,60.0,1e-09,1e-12,6,0.0001,1,new simulation,nan
13,2,0.16567979964335805,-2.7,0.3000000000000002,settled,2.099999999999999,-0.20559933214452664,0.0,5,1,4,nan,0.08,0.28559933214452665,9.81,1,1,11,21,41,-3.0,3.0,0.01,30.0,60.0,1e-09,1e-12,6,0.0001,1,new simulation,nan
13,3,0.16567979964335805,-2.55,0.3000000000000002,rolling,14.059999999999745,-0.19797768052155534,1.4522276931671574,30,27,3,1.462415354175702,0.08,0.28559933214452665,9.81,1,1,11,21,41,-3.0,3.0,0.01,30.0,60.0,1e-09,1e-12,6,0.0001,1,new simulation,nan
13,4,0.16567979964335805,-2.4,0.3000000000000002,rolling,13.209999999999763,-0.1972617643267608,1.4512698737469256,30,27,3,1.4623930357513937,0.08,0.28559933214452665,9.81,1,1,11,21,41,-3.0,3.0,0.01,30.0,60.0,1e-09,1e-12,6,0.0001,1,new simulation,nan
13,5,0.16567979964335805,-2.25,0.3000000000000002,rolling,13.80999999999975,-0.20195384734881638,1.4575576097211984,31,28,3,1.46242770820935,0.08,0.28559933214452665,9.81,1,1,11,21,41,-3.0,3.0,0.01,30.0,60.0,1e-09,1e-12,6,0.0001,1,new simulation,nan
13,6,0.16567979964335805,-2.1,0.3000000000000002,settled,1.8100000000000014,-0.20559933214452664,0.0,4,1,3,nan,0.08,0.28559933214452665,9.81,1,1,11,21,41,-3.0,3.0,0.01,30.0,60.0,1e-09,1e-12,6,0.0001,1,new simulation,nan
13,7,0.16567979964335805,-1.95,0.3000000000000002,settled,2.2699999999999956,-0.20559933214452664,0.0,4,1,3,nan,0.08,0.28559933214452665,9.81,1,1,11,21,41,-3.0,3.0,0.01,30.0,60.0,1e-09,1e-12,6,0.0001,1,new simulation,nan
13,8,0.16567979964335805,-1.8,0.3000000000000002,rolling,12.959999999999768,-0.1913193157042415,1.443495057743927,29,27,2,1.4623968299205468,0.08,0.28559933214452665,9.81,1,1,11,21,41,-3.0,3.0,0.01,30.0,60.0,1e-09,1e-12,6,0.0001,1,new simulation,nan
13,9,0.16567979964335805,-1.6500000000000001,0.3000000000000002,rolling,13.479999999999757,-0.2015198558577995,1.4569729193335783,30,28,2,1.462429675840735,0.08,0.28559933214452665,9.81,1,1,11,21,41,-3.0,3.0,0.01,30.0,60.0,1e-09,1e-12,6,0.0001,1,new simulation,nan
13,10,0.16567979964335805,-1.5,0.3000000000000002,settled,1.500000000000001,-0.20559933214452664,0.0,3,1,2,nan,0.08,0.28559933214452665,9.81,1,1,11,21,41,-3.0,3.0,0.01,30.0,60.0,1e-09,1e-12,6,0.0001,1,new simulation,nan
13,11,0.16567979964335805,-1.35,0.3000000000000002,settled,1.7900000000000014,-0.20559933214452664,0.0,3,1,2,nan,0.08,0.28559933214452665,9.81,1,1,11,21,41,-3.0,3.0,0.01,30.0,60.0,1e-09,1e-12,6,0.0001,1,new simulation,nan
13,12,0.16567979964335805,-1.2000000000000002,0.3000000000000002,rolling,12.629999999999775,-0.1992477315884984,1.4539144294950084,28,27,1,1.4624011954120872,0.08,0.28559933214452665,9.81,1,1,11,21,41,-3.0,3.0,0.01,30.0,60.0,1e-09,1e-12,6,0.0001,1,new simulation,nan
13,13,0.16567979964335805,-1.05,0.3000000000000002,rolling,13.019999999999767,-0.19483263928179367,1.4480825714360717,29,28,1,1.462433986252374,0.08,0.28559933214452665,9.81,1,1,11,21,41,-3.0,3.0,0.01,30.0,60.0,1e-09,1e-12,6,0.0001,1,new simulation,nan
13,14,0.16567979964335805,-0.8999999999999999,0.3000000000000002,rolling,13.35999999999976,-0.19586327117988925,1.449432733089894,29,28,1,1.4624215620920678,0.08,0.28559933214452665,9.81,1,1,11,21,41,-3.0,3.0,0.01,30.0,60.0,1e-09,1e-12,6,0.0001,1,new simulation,nan
13,15,0.16567979964335805,-0.75,0.3000000000000002,settled,1.0700000000000007,-0.20559933214452664,0.0,2,1,1,nan,0.08,0.28559933214452665,9.81,1,1,11,21,41,-3.0,3.0,0.01,30.0,60.0,1e-09,1e-12,6,0.0001,1,new simulation,nan
13,16,0.16567979964335805,-0.6000000000000001,0.3000000000000002,settled,1.280000000000001,-0.20559933214452664,0.0,2,1,1,nan,0.08,0.28559933214452665,9.81,1,1,11,21,41,-3.0,3.0,0.01,30.0,60.0,1e-09,1e-12,6,0.0001,1,new simulation,nan
13,17,0.16567979964335805,-0.4500000000000002,0.3000000000000002,rolling,12.279999999999783,-0.1919910628137044,1.4443693015369166,27,27,0,1.4624104490361793,0.08,0.28559933214452665,9.81,1,1,11,21,41,-3.0,3.0,0.01,30.0,60.0,1e-09,1e-12,6,0.0001,1,new simulation,nan
13,18,0.16567979964335805,-0.30000000000000027,0.3000000000000002,rolling,11.979999999999789,-0.19988683824455458,1.4547689578230847,27,27,0,1.4624009094035346,0.08,0.28559933214452665,9.81,1,1,11,21,41,-3.0,3.0,0.01,30.0,60.0,1e-09,1e-12,6,0.0001,1,new simulation,nan
13,19,0.16567979964335805,-0.1499999999999999,0.3000000000000002,rolling,11.869999999999791,-0.19321700004067802,1.445956734325096,27,27,0,1.462395185284085,0.08,0.28559933214452665,9.81,1,1,11,21,41,-3.0,3.0,0.01,30.0,60.0,1e-09,1e-12,6,0.0001,1,new simulation,nan
13,20,0.16567979964335805,0.0,0.3000000000000002,rolling,11.779999999999793,-0.19264188679328528,1.4452077381443826,27,27,0,1.46239327664744,0.08,0.28559933214452665,9.81,1,1,11,21,41,-3.0,3.0,0.01,30.0,60.0,1e-09,1e-12,6,0.0001,1,new simulation,nan
13,21,0.16567979964335805,0.1499999999999999,0.3000000000000002,rolling,11.679999999999795,-0.19199956439308521,1.4443748188825438,27,27,0,1.4623951851660413,0.08,0.28559933214452665,9.81,1,1,11,21,41,-3.0,3.0,0.01,30.0,60.0,1e-09,1e-12,6,0.0001,1,new simulation,nan
13,22,0.16567979964335805,0.2999999999999998,0.3000000000000002,rolling,11.559999999999798,-0.19558720400559698,1.4490618903841361,27,27,0,1.4624009097515065,0.08,0.28559933214452665,9.81,1,1,11,21,41,-3.0,3.0,0.01,30.0,60.0,1e-09,1e-12,6,0.0001,1,new simulation,nan
13,23,0.16567979964335805,0.44999999999999973,0.3000000000000002,rolling,11.4299999999998,-0.19520865642306567,1.4485676647976427,27,27,0,1.462410451157834,0.08,0.28559933214452665,9.81,1,1,11,21,41,-3.0,3.0,0.01,30.0,60.0,1e-09,1e-12,6,0.0001,1,new simulation,nan
13,24,0.16567979964335805,0.5999999999999996,0.3000000000000002,rolling,11.289999999999804,-0.20076961571148813,1.455961232354134,27,27,0,1.4624238072361109,0.08,0.28559933214452665,9.81,1,1,11,21,41,-3.0,3.0,0.01,30.0,60.0,1e-09,1e-12,6,0.0001,1,new simulation,nan
13,25,0.16567979964335805,0.75,0.3000000000000002,rolling,11.149999999999807,-0.20547072057934745,1.4623431005021772,27,27,0,1.4624409797569655,0.08,0.28559933214452665,9.81,1,1,11,21,41,-3.0,3.0,0.01,30.0,60.0,1e-09,1e-12,6,0.0001,1,new simulation,nan
13,26,0.16567979964335805,0.8999999999999999,0.3000000000000002,rolling,10.619999999999818,-0.1957597591904725,1.449296030967563,26,26,0,1.462420480250663,0.08,0.28559933214452665,9.81,1,1,11,21,41,-3.0,3.0,0.01,30.0,60.0,1e-09,1e-12,6,0.0001,1,new simulation,nan
13,27,0.16567979964335805,1.0499999999999998,0.3000000000000002,rolling,10.08999999999983,-0.19214890776633678,1.444574273843116,25,25,0,1.4624113836747024,0.08,0.28559933214452665,9.81,1,1,11,21,41,-3.0,3.0,0.01,30.0,60.0,1e-09,1e-12,6,0.0001,1,new simulation,nan
13,28,0.16567979964335805,1.2000000000000002,0.3000000000000002,rolling,9.55999999999984,-0.19558452582326513,1.449068730919164,24,24,0,1.4624297490540414,0.08,0.28559933214452665,9.81,1,1,11,21,41,-3.0,3.0,0.01,30.0,60.0,1e-09,1e-12,6,0.0001,1,new simulation,nan
13,29,0.16567979964335805,1.3499999999999996,0.3000000000000002,rolling,7.8299999999998775,-0.19571872626830705,1.4492340565775477,20,20,0,1.4623983412306296,0.08,0.28559933214452665,9.81,1,1,11,21,41,-3.0,3.0,0.01,30.0,60.0,1e-09,1e-12,6,0.0001,1,new simulation,nan
13,30,0.16567979964335805,1.5,0.3000000000000002,rolling,8.519999999999863,-0.19544141732929152,1.448972041542515,22,22,0,1.4626844239230203,0.08,0.28559933214452665,9.81,1,1,11,21,41,-3.0,3.0,0.01,30.0,60.0,1e-09,1e-12,6,0.0001,1,new simulation,nan
13,31,0.16567979964335805,1.6499999999999995,0.3000000000000002,rolling,9.60999999999984,-0.205519730145791,1.4624973140935096,25,25,0,1.462685649364789,0.08,0.28559933214452665,9.81,1,1,11,21,41,-3.0,3.0,0.01,30.0,60.0,1e-09,1e-12,6,0.0001,1,new simulation,nan
13,32,0.16567979964335805,1.7999999999999998,0.3000000000000002,rolling,9.909999999999833,-0.20053615558040327,1.4557506546715944,26,26,0,1.4627116277434944,0.08,0.28559933214452665,9.81,1,1,11,21,41,-3.0,3.0,0.01,30.0,60.0,1e-09,1e-12,6,0.0001,1,new simulation,nan
13,33,0.16567979964335805,1.9500000000000002,0.3000000000000002,rolling,10.209999999999827,-0.20174778085246137,1.4573824483989781,27,27,0,1.4627157061144507,0.08,0.28559933214452665,9.81,1,1,11,21,41,-3.0,3.0,0.01,30.0,60.0,1e-09,1e-12,6,0.0001,1,new simulation,nan
13,34,0.16567979964335805,2.0999999999999996,0.3000000000000002,rolling,10.51999999999982,-0.19421292127922998,1.4473691925060501,28,28,0,1.462707352899541,0.08,0.28559933214452665,9.81,1,1,11,21,41,-3.0,3.0,0.01,30.0,60.0,1e-09,1e-12,6,0.0001,1,new simulation,nan
13,35,0.16567979964335805,2.25,0.3000000000000002,rolling,10.829999999999814,-0.19209374345557087,1.444604158616371,29,29,0,1.4626926982388326,0.08,0.28559933214452665,9.81,1,1,11,21,41,-3.0,3.0,0.01,30.0,60.0,1e-09,1e-12,6,0.0001,1,new simulation,nan
13,36,0.16567979964335805,2.3999999999999995,0.3000000000000002,rolling,10.739999999999815,-0.19150645988664164,1.4438544021289674,29,29,0,1.4627223155232745,0.08,0.28559933214452665,9.81,1,1,11,21,41,-3.0,3.0,0.01,30.0,60.0,1e-09,1e-12,6,0.0001,1,new simulation,nan
13,37,0.16567979964335805,2.55,0.3000000000000002,rolling,11.049999999999809,-0.19913378511789184,1.4538685716155246,30,30,0,1.4626978943942,0.08,0.28559933214452665,9.81,1,1,11,21,41,-3.0,3.0,0.01,30.0,60.0,1e-09,1e-12,6,0.0001,1,new simulation,nan
13,38,0.16567979964335805,2.7,0.3000000000000002,rolling,10.96999999999981,-0.19317132033136358,1.446014781842146,30,30,0,1.4627215598555177,0.08,0.28559933214452665,9.81,1,1,11,21,41,-3.0,3.0,0.01,30.0,60.0,1e-09,1e-12,6,0.0001,1,new simulation,nan
13,39,0.16567979964335805,2.8499999999999996,0.3000000000000002,rolling,11.289999999999804,-0.19484480688280764,1.4481915871610287,31,31,0,1.4626927498568147,0.08,0.28559933214452665,9.81,1,1,11,21,41,-3.0,3.0,0.01,30.0,60.0,1e-09,1e-12,6,0.0001,1,new simulation,nan
13,40,0.16567979964335805,3.0,0.3000000000000002,rolling,11.209999999999805,-0.19688715425018474,1.4508882606996436,31,31,0,1.4627114119041995,0.08,0.28559933214452665,9.81,1,1,11,21,41,-3.0,3.0,0.01,30.0,60.0,1e-09,1e-12,6,0.0001,1,new simulation,nan
14,0,0.1942397328578107,-3.0,0.4000000000000002,rolling,13.889999999999748,-0.20113638736836686,1.4564581693750687,32,28,4,1.462434305213731,0.08,0.28559933214452665,9.81,1,1,11,21,41,-3.0,3.0,0.01,30.0,60.0,1e-09,1e-12,6,0.0001,1,new simulation,nan
14,1,0.1942397328578107,-2.85,0.4000000000000002,rolling,14.339999999999739,-0.19424072084795355,1.447302558189076,32,28,4,1.4624210961172832,0.08,0.28559933214452665,9.81,1,1,11,21,41,-3.0,3.0,0.01,30.0,60.0,1e-09,1e-12,6,0.0001,1,new simulation,nan
14,2,0.1942397328578107,-2.7,0.4000000000000002,settled,2.1399999999999983,-0.20559933214452664,0.0,5,1,4,nan,0.08,0.28559933214452665,9.81,1,1,11,21,41,-3.0,3.0,0.01,30.0,60.0,1e-09,1e-12,6,0.0001,1,new simulation,nan
14,3,0.1942397328578107,-2.55,0.4000000000000002,rolling,13.569999999999755,-0.19948875538959707,1.454240465759697,30,27,3,1.4624123396339357,0.08,0.28559933214452665,9.81,1,1,11,21,41,-3.0,3.0,0.01,30.0,60.0,1e-09,1e-12,6,0.0001,1,new simulation,nan
14,4,0.1942397328578107,-2.4,0.4000000000000002,rolling,13.629999999999754,-0.19694429459846513,1.4508665731782564,31,28,3,1.462440412602293,0.08,0.28559933214452665,9.81,1,1,11,21,41,-3.0,3.0,0.01,30.0,60.0,1e-09,1e-12,6,0.0001,1,new simulation,nan
14,5,0.1942397328578107,-2.25,0.4000000000000002,rolling,13.889999999999748,-0.20552400894910636,1.4624105589489522,31,28,3,1.462425574499204,0.08,0.28559933214452665,9.81,1,1,11,21,41,-3.0,3.0,0.01,30.0,60.0,1e-09,1e-12,6,0.0001,1,new simulation,nan
14,6,0.1942397328578107,-2.1,0.4000000000000002,settled,1.8500000000000014,-0.20559933214452664,0.0,4,1,3,nan,0.08,0.28559933214452665,9.81,1,1,11,21,41,-3.0,3.0,0.01,30.0,60.0,1e-09,1e-12,6,0.0001,1,new simulation,nan
14,7,0.1942397328578107,-1.95,0.4000000000000002,settled,3.049999999999979,-0.20559933214452664,0.0,4,1,3,nan,0.08,0.28559933214452665,9.81,1,1,11,21,41,-3.0,3.0,0.01,30.0,60.0,1e-09,1e-12,6,0.0001,1,new simulation,nan
14,8,0.1942397328578107,-1.8,0.4000000000000002,rolling,12.959999999999768,-0.20236075950646687,1.4580948410121186,29,27,2,1.462392569173429,0.08,0.28559933214452665,9.81,1,1,11,21,41,-3.0,3.0,0.01,30.0,60.0,1e-09,1e-12,6,0.0001,1,new simulation,nan
14,9,0.1942397328578107,-1.6500000000000001,0.4000000000000002,rolling,13.579999999999755,-0.197268172315821,1.4512904277032577,30,28,2,1.4624266614229764,0.08,0.28559933214452665,9.81,1,1,11,21,41,-3.0,3.0,0.01,30.0,60.0,1e-09,1e-12,6,0.0001,1,new simulation,nan
14,10,0.1942397328578107,-1.5,0.4000000000000002,settled,1.5400000000000011,-0.20559933214452664,0.0,3,1,2,nan,0.08,0.28559933214452665,9.81,1,1,11,21,41,-3.0,3.0,0.01,30.0,60.0,1e-09,1e-12,6,0.0001,1,new simulation,nan
14,11,0.1942397328578107,-1.35,0.4000000000000002,settled,2.209999999999997,-0.20559933214452664,0.0,3,1,2,nan,0.08,0.28559933214452665,9.81,1,1,11,21,41,-3.0,3.0,0.01,30.0,60.0,1e-09,1e-12,6,0.0001,1,new simulation,nan
14,12,0.1942397328578107,-1.2000000000000002,0.4000000000000002,rolling,12.609999999999776,-0.19879331743084888,1.453305954767113,28,27,1,1.4623951760745133,0.08,0.28559933214452665,9.81,1,1,11,21,41,-3.0,3.0,0.01,30.0,60.0,1e-09,1e-12,6,0.0001,1,new simulation,nan
14,13,0.1942397328578107,-1.05,0.4000000000000002,rolling,13.109999999999765,-0.1965485426198446,1.4503395635198058,29,28,1,1.46242972593738,0.08,0.28559933214452665,9.81,1,1,11,21,41,-3.0,3.0,0.01,30.0,60.0,1e-09,1e-12,6,0.0001,1,new simulation,nan
14,14,0.1942397328578107,-0.8999999999999999,0.4000000000000002,rolling,13.879999999999749,-0.19508274819535112,1.44840477555218,29,28,1,1.462417303178989,0.08,0.28559933214452665,9.81,1,1,11,21,41,-3.0,3.0,0.01,30.0,60.0,1e-09,1e-12,6,0.0001,1,new simulation,nan
14,15,0.1942397328578107,-0.75,0.4000000000000002,settled,1.1600000000000008,-0.20559933214452664,0.0,2,1,1,nan,0.08,0.28559933214452665,9.81,1,1,11,21,41,-3.0,3.0,0.01,30.0,60.0,1e-09,1e-12,6,0.0001,1,new simulation,nan
14,16,0.1942397328578107,-0.6000000000000001,0.4000000000000002,rolling,12.949999999999768,-0.19807196875726182,1.4523529770741301,27,27,0,1.4624153026058415,0.08,0.28559933214452665,9.81,1,1,11,21,41,-3.0,3.0,0.01,30.0,60.0,1e-09,1e-12,6,0.0001,1,new simulation,nan
14,17,0.1942397328578107,-0.4500000000000002,0.4000000000000002,rolling,12.079999999999787,-0.1938605343117593,1.4467986525467535,27,27,0,1.4624019451842898,0.08,0.28559933214452665,9.81,1,1,11,21,41,-3.0,3.0,0.01,30.0,60.0,1e-09,1e-12,6,0.0001,1,new simulation,nan
14,18,0.1942397328578107,-0.30000000000000027,0.4000000000000002,rolling,11.94999999999979,-0.20197637301671467,1.4575754101667642,27,27,0,1.462392404851362,0.08,0.28559933214452665,9.81,1,1,11,21,41,-3.0,3.0,0.01,30.0,60.0,1e-09,1e-12,6,0.0001,1,new simulation,nan
14,19,0.1942397328578107,-0.1499999999999999,0.4000000000000002,rolling,12.289999999999782,-0.20059815312039697,1.4557360150496617,28,28,0,1.4624380486035007,0.08,0.28559933214452665,9.81,1,1,11,21,41,-3.0,3.0,0.01,30.0,60.0,1e-09,1e-12,6,0.0001,1,new simulation,nan
14,20,0.1942397328578107,0.0,0.4000000000000002,rolling,12.219999999999784,-0.20443896442613296,1.4609322206611135,28,28,0,1.462436697467863,0.08,0.28559933214452665,9.81,1,1,11,21,41,-3.0,3.0,0.01,30.0,60.0,1e-09,1e-12,6,0.0001,1,new simulation,nan
14,21,0.1942397328578107,0.1499999999999999,0.4000000000000002,rolling,12.129999999999786,-0.1980586752714836,1.452343461422061,28,28,0,1.4624380480671373,0.08,0.28559933214452665,9.81,1,1,11,21,41,-3.0,3.0,0.01,30.0,60.0,1e-09,1e-12,6,0.0001,1,new simulation,nan
14,22,0.1942397328578107,0.2999999999999998,0.4000000000000002,rolling,11.609999999999797,-0.19190193740153993,1.4442473129575812,27,27,0,1.4623924042811733,0.08,0.28559933214452665,9.81,1,1,11,21,41,-3.0,3.0,0.01,30.0,60.0,1e-09,1e-12,6,0.0001,1,new simulation,nan
14,23,0.1942397328578107,0.44999999999999973,0.4000000000000002,rolling,11.4699999999998,-0.1940369577417031,1.4470291899523746,27,27,0,1.462401945423829,0.08,0.28559933214452665,9.81,1,1,11,21,41,-3.0,3.0,0.01,30.0,60.0,1e-09,1e-12,6,0.0001,1,new simulation,nan
14,24,0.1942397328578107,0.5999999999999996,0.4000000000000002,rolling,11.319999999999803,-0.20197304445330683,1.4575790944573843,27,27,0,1.462415301015857,0.08,0.28559933214452665,9.81,1,1,11,21,41,-3.0,3.0,0.01,30.0,60.0,1e-09,1e-12,6,0.0001,1,new simulation,nan
14,25,0.1942397328578107,0.75,0.4000000000000002,rolling,11.179999999999806,-0.19642683709784337,1.4501798301526665,27,27,0,1.4624324739384467,0.08,0.28559933214452665,9.81,1,1,11,21,41,-3.0,3.0,0.01,30.0,60.0,1e-09,1e-12,6,0.0001,1,new simulation,nan
14,26,0.1942397328578107,0.8999999999999999,0.4000000000000002,rolling,10.639999999999818,-0.19324136016807675,1.4459932525194217,26,26,0,1.4624084630599576,0.08,0.28559933214452665,9.81,1,1,11,21,41,-3.0,3.0,0.01,30.0,60.0,1e-09,1e-12,6,0.0001,1,new simulation,nan
14,27,0.1942397328578107,1.0499999999999998,0.4000000000000002,rolling,10.09999999999983,-0.19795642967653343,1.4521919464792037,25,25,0,1.462394400243845,0.08,0.28559933214452665,9.81,1,1,11,21,41,-3.0,3.0,0.01,30.0,60.0,1e-09,1e-12,6,0.0001,1,new simulation,nan
14,28,0.1942397328578107,1.2000000000000002,0.4000000000000002,rolling,9.56999999999984,-0.19666750403235134,1.4504881317174192,24,24,0,1.4624057533550363,0.08,0.28559933214452665,9.81,1,1,11,21,41,-3.0,3.0,0.01,30.0,60.0,1e-09,1e-12,6,0.0001,1,new simulation,nan
14,29,0.1942397328578107,1.3499999999999996,0.4000000000000002,rolling,8.63999999999986,-0.20025583427672783,1.4552746343685408,22,22,0,1.4624323337605853,0.08,0.28559933214452665,9.81,1,1,11,21,41,-3.0,3.0,0.01,30.0,60.0,1e-09,1e-12,6,0.0001,1,new simulation,nan
14,30,0.1942397328578107,1.5,0.4000000000000002,rolling,7.71999999999988,-0.19748196401470597,1.4516755706240028,20,20,0,1.462710380976073,0.08,0.28559933214452665,9.81,1,1,11,21,41,-3.0,3.0,0.01,30.0,60.0,1e-09,1e-12,6,0.0001,1,new simulation,nan
14,31,0.1942397328578107,1.6499999999999995,0.4000000000000002,rolling,9.219999999999848,-0.1943104462576919,1.4474986606435416,24,24,0,1.4627125552030982,0.08,0.28559933214452665,9.81,1,1,11,21,41,-3.0,3.0,0.01,30.0,60.0,1e-09,1e-12,6,0.0001,1,new simulation,nan
14,32,0.1942397328578107,1.7999999999999998,0.4000000000000002,rolling,9.919999999999833,-0.19109302279987536,1.443312018820884,26,26,0,1.4626996125641345,0.08,0.28559933214452665,9.81,1,1,11,21,41,-3.0,3.0,0.01,30.0,60.0,1e-09,1e-12,6,0.0001,1,new simulation,nan
14,33,0.1942397328578107,1.9500000000000002,0.4000000000000002,rolling,10.209999999999827,-0.20538922625911618,1.4623263922666243,27,27,0,1.462707202576242,0.08,0.28559933214452665,9.81,1,1,11,21,41,-3.0,3.0,0.01,30.0,60.0,1e-09,1e-12,6,0.0001,1,new simulation,nan
14,34,0.1942397328578107,2.0999999999999996,0.4000000000000002,rolling,10.51999999999982,-0.196663068039429,1.450588392998688,28,28,0,1.4627013356427099,0.08,0.28559933214452665,9.81,1,1,11,21,41,-3.0,3.0,0.01,30.0,60.0,1e-09,1e-12,6,0.0001,1,new simulation,nan
14,35,0.1942397328578107,2.25,0.4000000000000002,rolling,10.829999999999814,-0.193589175220245,1.4465475378230157,29,29,0,1.462688440469109,0.08,0.28559933214452665,9.81,1,1,11,21,41,-3.0,3.0,0.01,30.0,60.0,1e-09,1e-12,6,0.0001,1,new simulation,nan
14,36,0.1942397328578107,2.3999999999999995,0.4000000000000002,rolling,10.739999999999815,-0.19222019811014468,1.4447772888869324,29,29,0,1.4627180573865795,0.08,0.28559933214452665,9.81,1,1,11,21,41,-3.0,3.0,0.01,30.0,60.0,1e-09,1e-12,6,0.0001,1,new simulation,nan
14,37,0.1942397328578107,2.55,0.4000000000000002,rolling,11.049999999999809,-0.19920327041771668,1.4539602528468119,30,30,0,1.4626948799681712,0.08,0.28559933214452665,9.81,1,1,11,21,41,-3.0,3.0,0.01,30.0,60.0,1e-09,1e-12,6,0.0001,1,new simulation,nan
14,38,0.1942397328578107,2.7,0.4000000000000002,rolling,10.96999999999981,-0.19270362094626595,1.445405178741391,30,30,0,1.4627185457588858,0.08,0.28559933214452665,9.81,1,1,11,21,41,-3.0,3.0,0.01,30.0,60.0,1e-09,1e-12,6,0.0001,1,new simulation,nan
14,39,0.1942397328578107,2.8499999999999996,0.4000000000000002,rolling,11.289999999999804,-0.19392849089358483,1.4469913324133945,31,31,0,1.4626906170397953,0.08,0.28559933214452665,9.81,1,1,11,21,41,-3.0,3.0,0.01,30.0,60.0,1e-09,1e-12,6,0.0001,1,new simulation,nan
14,40,0.1942397328578107,3.0,0.4000000000000002,rolling,11.209999999999805,-0.19559320347665213,1.449180605601791,31,31,0,1.4627092786157896,0.08,0.28559933214452665,9.81,1,1,11,21,41,-3.0,3.0,0.01,30.0,60.0,1e-09,1e-12,6,0.0001,1,new simulation,nan
15,0,0.22279966607226337,-3.0,0.5000000000000001,rolling,13.929999999999747,-0.19944810343757605,1.454193367555904,32,28,4,1.4624325606386581,0.08,0.28559933214452665,9.81,1,1,11,21,41,-3.0,3.0,0.01,30.0,60.0,1e-09,1e-12,6,0.0001,1,new simulation,nan
15,1,0.22279966607226337,-2.85,0.5000000000000001,rolling,14.499999999999735,-0.19527188771538204,1.448653934866896,32,28,4,1.4624193496769096,0.08,0.28559933214452665,9.81,1,1,11,21,41,-3.0,3.0,0.01,30.0,60.0,1e-09,1e-12,6,0.0001,1,new simulation,nan
15,2,0.22279966607226337,-2.7,0.5000000000000001,settled,2.1899999999999973,-0.20559933214452664,0.0,5,1,4,nan,0.08,0.28559933214452665,9.81,1,1,11,21,41,-3.0,3.0,0.01,30.0,60.0,1e-09,1e-12,6,0.0001,1,new simulation,nan
15,3,0.22279966607226337,-2.55,0.5000000000000001,rolling,13.409999999999759,-0.19477236562752465,1.4479944901408421,30,27,3,1.4624088530111858,0.08,0.28559933214452665,9.81,1,1,11,21,41,-3.0,3.0,0.01,30.0,60.0,1e-09,1e-12,6,0.0001,1,new simulation,nan
15,4,0.22279966607226337,-2.4,0.5000000000000001,rolling,13.659999999999753,-0.19370521225836004,1.4466087872983815,31,28,3,1.4624379449700513,0.08,0.28559933214452665,9.81,1,1,11,21,41,-3.0,3.0,0.01,30.0,60.0,1e-09,1e-12,6,0.0001,1,new simulation,nan
15,5,0.22279966607226337,-2.25,0.5000000000000001,rolling,14.009999999999746,-0.20375311007165586,1.459993637301821,31,28,3,1.4624231072910099,0.08,0.28559933214452665,9.81,1,1,11,21,41,-3.0,3.0,0.01,30.0,60.0,1e-09,1e-12,6,0.0001,1,new simulation,nan
15,6,0.22279966607226337,-2.1,0.5000000000000001,settled,1.9100000000000015,-0.20559933214452664,0.0,4,1,3,nan,0.08,0.28559933214452665,9.81,1,1,11,21,41,-3.0,3.0,0.01,30.0,60.0,1e-09,1e-12,6,0.0001,1,new simulation,nan
15,7,0.22279966607226337,-1.95,0.5000000000000001,rolling,13.289999999999761,-0.19322659646135137,1.445975123050198,29,27,2,1.4624115350099656,0.08,0.28559933214452665,9.81,1,1,11,21,41,-3.0,3.0,0.01,30.0,60.0,1e-09,1e-12,6,0.0001,1,new simulation,nan
15,8,0.22279966607226337,-1.8,0.5000000000000001,rolling,13.389999999999759,-0.20138675320461544,1.4567968223077052,30,28,2,1.462438730398193,0.08,0.28559933214452665,9.81,1,1,11,21,41,-3.0,3.0,0.01,30.0,60.0,1e-09,1e-12,6,0.0001,1,new simulation,nan
15,9,0.22279966607226337,-1.6500000000000001,0.5000000000000001,rolling,13.729999999999752,-0.20125720434445948,1.4566168049190953,30,28,2,1.4624231740108027,0.08,0.28559933214452665,9.81,1,1,11,21,41,-3.0,3.0,0.01,30.0,60.0,1e-09,1e-12,6,0.0001,1,new simulation,nan
15,10,0.22279966607226337,-1.5,0.5000000000000001,settled,1.6100000000000012,-0.20559933214452664,0.0,3,1,2,nan,0.08,0.28559933214452665,9.81,1,1,11,21,41,-3.0,3.0,0.01,30.0,60.0,1e-09,1e-12,6,0.0001,1,new simulation,nan
15,11,0.22279966607226337,-1.35,0.5000000000000001,rolling,12.939999999999769,-0.19564047799651213,1.4491356780142461,28,27,1,1.4624111723781452,0.08,0.28559933214452665,9.81,1,1,11,21,41,-3.0,3.0,0.01,30.0,60.0,1e-09,1e-12,6,0.0001,1,new simulation,nan
15,12,0.22279966607226337,-1.2000000000000002,0.5000000000000001,rolling,13.029999999999767,-0.2014492848292604,1.4568812058676748,29,28,1,1.4624391352845272,0.08,0.28559933214452665,9.81,1,1,11,21,41,-3.0,3.0,0.01,30.0,60.0,1e-09,1e-12,6,0.0001,1,new simulation,nan
15,13,0.22279966607226337,-1.05,0.5000000000000001,rolling,13.269999999999762,-0.19582610732866657,1.4493849498769882,29,28,1,1.462424799960341,0.08,0.28559933214452665,9.81,1,1,11,21,41,-3.0,3.0,0.01,30.0,60.0,1e-09,1e-12,6,0.0001,1,new simulation,nan
15,14,0.22279966607226337,-0.8999999999999999,0.5000000000000001,settled,1.1300000000000008,-0.20559933214452664,0.0,2,1,1,nan,0.08,0.28559933214452665,9.81,1,1,11,21,41,-3.0,3.0,0.01,30.0,60.0,1e-09,1e-12,6,0.0001,1,new simulation,nan
15,15,0.22279966607226337,-0.75,0.5000000000000001,settled,1.410000000000001,-0.20559933214452664,0.0,2,1,1,nan,0.08,0.28559933214452665,9.81,1,1,11,21,41,-3.0,3.0,0.01,30.0,60.0,1e-09,1e-12,6,0.0001,1,new simulation,nan
15,16,0.22279966607226337,-0.6000000000000001,0.5000000000000001,rolling,12.199999999999784,-0.20524658974307433,1.4620238147503668,27,27,0,1.4624054652630853,0.08,0.28559933214452665,9.81,1,1,11,21,41,-3.0,3.0,0.01,30.0,60.0,1e-09,1e-12,6,0.0001,1,new simulation,nan
15,17,0.22279966607226337,-0.4500000000000002,0.5000000000000001,rolling,12.029999999999788,-0.1934814990300573,1.4463003888459784,27,27,0,1.4623921077337283,0.08,0.28559933214452665,9.81,1,1,11,21,41,-3.0,3.0,0.01,30.0,60.0,1e-09,1e-12,6,0.0001,1,new simulation,nan
15,18,0.22279966607226337,-0.30000000000000027,0.5000000000000001,rolling,12.38999999999978,-0.19866437068904122,1.4531484274994642,28,28,0,1.462435137653803,0.08,0.28559933214452665,9.81,1,1,11,21,41,-3.0,3.0,0.01,30.0,60.0,1e-09,1e-12,6,0.0001,1,new simulation,nan
15,19,0.22279966607226337,-0.1499999999999999,0.5000000000000001,rolling,12.36999999999978,-0.20383753823128903,1.460111290099104,28,28,0,1.4624310862281031,0.08,0.28559933214452665,9.81,1,1,11,21,41,-3.0,3.0,0.01,30.0,60.0,1e-09,1e-12,6,0.0001,1,new simulation,nan
15,20,0.22279966607226337,0.0,0.5000000000000001,rolling,12.329999999999782,-0.19749083367684628,1.4515866482431827,28,28,0,1.4624297371419852,0.08,0.28559933214452665,9.81,1,1,11,21,41,-3.0,3.0,0.01,30.0,60.0,1e-09,1e-12,6,0.0001,1,new simulation,nan
15,21,0.22279966607226337,0.1499999999999999,0.5000000000000001,rolling,12.229999999999784,-0.2029983654901087,1.4589718433138053,28,28,0,1.4624310860166814,0.08,0.28559933214452665,9.81,1,1,11,21,41,-3.0,3.0,0.01,30.0,60.0,1e-09,1e-12,6,0.0001,1,new simulation,nan
15,22,0.22279966607226337,0.2999999999999998,0.5000000000000001,rolling,12.089999999999787,-0.20464727818236825,1.461215762027598,28,28,0,1.462435137408323,0.08,0.28559933214452665,9.81,1,1,11,21,41,-3.0,3.0,0.01,30.0,60.0,1e-09,1e-12,6,0.0001,1,new simulation,nan
15,23,0.22279966607226337,0.44999999999999973,0.5000000000000001,rolling,11.529999999999799,-0.20358129592482918,1.459749057768707,27,27,0,1.4623921081031532,0.08,0.28559933214452665,9.81,1,1,11,21,41,-3.0,3.0,0.01,30.0,60.0,1e-09,1e-12,6,0.0001,1,new simulation,nan
15,24,0.22279966607226337,0.5999999999999996,0.5000000000000001,rolling,11.369999999999802,-0.20209394756347784,1.457738855250694,27,27,0,1.4624054652195013,0.08,0.28559933214452665,9.81,1,1,11,21,41,-3.0,3.0,0.01,30.0,60.0,1e-09,1e-12,6,0.0001,1,new simulation,nan
15,25,0.22279966607226337,0.75,0.5000000000000001,rolling,11.219999999999805,-0.19314921002553836,1.4458783225640053,27,27,0,1.4624226377018459,0.08,0.28559933214452665,9.81,1,1,11,21,41,-3.0,3.0,0.01,30.0,60.0,1e-09,1e-12,6,0.0001,1,new simulation,nan
15,26,0.22279966607226337,0.8999999999999999,0.5000000000000001,rolling,10.669999999999817,-0.19142582171739236,1.4436319078871345,26,26,0,1.4623945627869859,0.08,0.28559933214452665,9.81,1,1,11,21,41,-3.0,3.0,0.01,30.0,60.0,1e-09,1e-12,6,0.0001,1,new simulation,nan
15,27,0.22279966607226337,1.0499999999999998,0.5000000000000001,rolling,10.51999999999982,-0.20469549205745982,1.4612795798695168,26,26,0,1.4624296124686378,0.08,0.28559933214452665,9.81,1,1,11,21,41,-3.0,3.0,0.01,30.0,60.0,1e-09,1e-12,6,0.0001,1,new simulation,nan
15,28,0.22279966607226337,1.2000000000000002,0.5000000000000001,rolling,9.989999999999831,-0.19629896680217435,1.4500108522421005,25,25,0,1.4624319061104014,0.08,0.28559933214452665,9.81,1,1,11,21,41,-3.0,3.0,0.01,30.0,60.0,1e-09,1e-12,6,0.0001,1,new simulation,nan
15,29,0.22279966607226337,1.3499999999999996,0.5000000000000001,rolling,9.059999999999851,-0.19452378656802963,1.4476767315257508,23,23,0,1.462431143534257,0.08,0.28559933214452665,9.81,1,1,11,21,41,-3.0,3.0,0.01,30.0,60.0,1e-09,1e-12,6,0.0001,1,new simulation,nan
15,30,0.22279966607226337,1.5,0.5000000000000001,rolling,6.119999999999914,-0.19897847672854216,1.453666149176032,16,16,0,1.462711341558175,0.08,0.28559933214452665,9.81,1,1,11,21,41,-3.0,3.0,0.01,30.0,60.0,1e-09,1e-12,6,0.0001,1,new simulation,nan
15,31,0.22279966607226337,1.6499999999999995,0.5000000000000001,rolling,9.229999999999848,-0.19221886898707796,1.444763578591711,24,24,0,1.4626848104033263,0.08,0.28559933214452665,9.81,1,1,11,21,41,-3.0,3.0,0.01,30.0,60.0,1e-09,1e-12,6,0.0001,1,new simulation,nan
15,32,0.22279966607226337,1.7999999999999998,0.5000000000000001,rolling,9.919999999999833,-0.20095347905499794,1.4563020401273474,26,26,0,1.4626857159174131,0.08,0.28559933214452665,9.81,1,1,11,21,41,-3.0,3.0,0.01,30.0,60.0,1e-09,1e-12,6,0.0001,1,new simulation,nan
15,33,0.22279966607226337,1.9500000000000002,0.5000000000000001,rolling,10.219999999999827,-0.19867143819386957,1.4532518186536363,27,27,0,1.462697367006202,0.08,0.28559933214452665,9.81,1,1,11,21,41,-3.0,3.0,0.01,30.0,60.0,1e-09,1e-12,6,0.0001,1,new simulation,nan
15,34,0.22279966607226337,2.0999999999999996,0.5000000000000001,rolling,10.51999999999982,-0.2028408978931183,1.4588524423899971,28,28,0,1.462694375841642,0.08,0.28559933214452665,9.81,1,1,11,21,41,-3.0,3.0,0.01,30.0,60.0,1e-09,1e-12,6,0.0001,1,new simulation,nan
15,35,0.22279966607226337,2.25,0.5000000000000001,rolling,10.829999999999814,-0.19838473252727848,1.4528650973167636,29,29,0,1.4626835139104317,0.08,0.28559933214452665,9.81,1,1,11,21,41,-3.0,3.0,0.01,30.0,60.0,1e-09,1e-12,6,0.0001,1,new simulation,nan
15,36,0.22279966607226337,2.3999999999999995,0.5000000000000001,rolling,10.739999999999815,-0.19588308386514483,1.4495635885725318,29,29,0,1.4627131314435118,0.08,0.28559933214452665,9.81,1,1,11,21,41,-3.0,3.0,0.01,30.0,60.0,1e-09,1e-12,6,0.0001,1,new simulation,nan
15,37,0.22279966607226337,2.55,0.5000000000000001,rolling,11.049999999999809,-0.20194659106467763,1.4576420263597611,30,30,0,1.4626913943574795,0.08,0.28559933214452665,9.81,1,1,11,21,41,-3.0,3.0,0.01,30.0,60.0,1e-09,1e-12,6,0.0001,1,new simulation,nan
15,38,0.22279966607226337,2.7,0.5000000000000001,rolling,10.96999999999981,-0.19464472878515923,1.4479373139131735,30,30,0,1.4627150600759042,0.08,0.28559933214452665,9.81,1,1,11,21,41,-3.0,3.0,0.01,30.0,60.0,1e-09,1e-12,6,0.0001,1,new simulation,nan
15,39,0.22279966607226337,2.8499999999999996,0.5000000000000001,rolling,11.289999999999804,-0.19520915240157521,1.4486681496468348,31,31,0,1.4626881499296143,0.08,0.28559933214452665,9.81,1,1,11,21,41,-3.0,3.0,0.01,30.0,60.0,1e-09,1e-12,6,0.0001,1,new simulation,nan
15,40,0.22279966607226337,3.0,0.5000000000000001,rolling,11.209999999999805,-0.19631326956331752,1.4501284570959503,31,31,0,1.4627068126268503,0.08,0.28559933214452665,9.81,1,1,11,21,41,-3.0,3.0,0.01,30.0,60.0,1e-09,1e-12,6,0.0001,1,new simulation,nan
16,0,0.25135959928671603,-3.0,0.6000000000000001,rolling,13.979999999999746,-0.19948113765017864,1.4542368131068444,32,28,4,1.4624305786343887,0.08,0.28559933214452665,9.81,1,1,11,21,41,-3.0,3.0,0.01,30.0,60.0,1e-09,1e-12,6,0.0001,1,new simulation,nan
16,1,0.25135959928671603,-2.85,0.6000000000000001,rolling,14.819999999999729,-0.20248705413536794,1.4582745139476483,32,28,4,1.462417367946344,0.08,0.28559933214452665,9.81,1,1,11,21,41,-3.0,3.0,0.01,30.0,60.0,1e-09,1e-12,6,0.0001,1,new simulation,nan
16,2,0.25135959928671603,-2.7,0.6000000000000001,settled,2.2699999999999956,-0.20559933214452664,0.0,5,1,4,nan,0.08,0.28559933214452665,9.81,1,1,11,21,41,-3.0,3.0,0.01,30.0,60.0,1e-09,1e-12,6,0.0001,1,new simulation,nan
16,3,0.25135959928671603,-2.55,0.6000000000000001,rolling,13.31999999999976,-0.202946516357529,1.4588922172135588,30,27,3,1.4624048983646007,0.08,0.28559933214452665,9.81,1,1,11,21,41,-3.0,3.0,0.01,30.0,60.0,1e-09,1e-12,6,0.0001,1,new simulation,nan
16,4,0.25135959928671603,-2.4,0.6000000000000001,rolling,13.699999999999752,-0.19655065982252973,1.4503443057424612,31,28,3,1.4624351443009591,0.08,0.28559933214452665,9.81,1,1,11,21,41,-3.0,3.0,0.01,30.0,60.0,1e-09,1e-12,6,0.0001,1,new simulation,nan
16,5,0.25135959928671603,-2.25,0.6000000000000001,rolling,14.209999999999742,-0.19201723214239325,1.4444067729454746,31,28,3,1.4624203074697422,0.08,0.28559933214452665,9.81,1,1,11,21,41,-3.0,3.0,0.01,30.0,60.0,1e-09,1e-12,6,0.0001,1,new simulation,nan
16,6,0.25135959928671603,-2.1,0.6000000000000001,settled,1.9900000000000015,-0.20559933214452664,0.0,4,1,3,nan,0.08,0.28559933214452665,9.81,1,1,11,21,41,-3.0,3.0,0.01,30.0,60.0,1e-09,1e-12,6,0.0001,1,new simulation,nan
16,7,0.25135959928671603,-1.95,0.6000000000000001,rolling,13.099999999999765,-0.20011972663282815,1.4550827311378864,29,27,2,1.4624059455233354,0.08,0.28559933214452665,9.81,1,1,11,21,41,-3.0,3.0,0.01,30.0,60.0,1e-09,1e-12,6,0.0001,1,new simulation,nan
16,8,0.25135959928671603,-1.8,0.6000000000000001,rolling,13.439999999999758,-0.20502210249114178,1.4617273969315825,30,28,2,1.4624347741691637,0.08,0.28559933214452665,9.81,1,1,11,21,41,-3.0,3.0,0.01,30.0,60.0,1e-09,1e-12,6,0.0001,1,new simulation,nan
16,9,0.25135959928671603,-1.6500000000000001,0.6000000000000001,rolling,14.029999999999745,-0.19759153855327818,1.4517164364336297,30,28,2,1.4624192181617008,0.08,0.28559933214452665,9.81,1,1,11,21,41,-3.0,3.0,0.01,30.0,60.0,1e-09,1e-12,6,0.0001,1,new simulation,nan
16,10,0.25135959928671603,-1.5,0.6000000000000001,settled,1.7300000000000013,-0.20559933214452664,0.0,3,1,2,nan,0.08,0.28559933214452665,9.81,1,1,11,21,41,-3.0,3.0,0.01,30.0,60.0,1e-09,1e-12,6,0.0001,1,new simulation,nan
16,11,0.25135959928671603,-1.35,0.6000000000000001,rolling,12.729999999999773,-0.19167404501061125,1.4439561414874151,28,27,1,1.46240327383844,0.08,0.28559933214452665,9.81,1,1,11,21,41,-3.0,3.0,0.01,30.0,60.0,1e-09,1e-12,6,0.0001,1,new simulation,nan
16,12,0.25135959928671603,-1.2000000000000002,0.6000000000000001,rolling,13.099999999999765,-0.19726110393605686,1.4512835337719137,29,28,1,1.462433545493437,0.08,0.28559933214452665,9.81,1,1,11,21,41,-3.0,3.0,0.01,30.0,60.0,1e-09,1e-12,6,0.0001,1,new simulation,nan
16,13,0.25135959928671603,-1.05,0.6000000000000001,rolling,13.629999999999754,-0.19947224319979243,1.4542208523130167,29,28,1,1.4624192100868278,0.08,0.28559933214452665,9.81,1,1,11,21,41,-3.0,3.0,0.01,30.0,60.0,1e-09,1e-12,6,0.0001,1,new simulation,nan
16,14,0.25135959928671603,-0.8999999999999999,0.6000000000000001,settled,1.2300000000000009,-0.20559933214452664,0.0,2,1,1,nan,0.08,0.28559933214452665,9.81,1,1,11,21,41,-3.0,3.0,0.01,30.0,60.0,1e-09,1e-12,6,0.0001,1,new simulation,nan
16,15,0.25135959928671603,-0.75,0.6000000000000001,rolling,12.479999999999778,-0.19907381103318394,1.4536859216187303,27,27,0,1.4624114778305815,0.08,0.28559933214452665,9.81,1,1,11,21,41,-3.0,3.0,0.01,30.0,60.0,1e-09,1e-12,6,0.0001,1,new simulation,nan
16,16,0.25135959928671603,-0.6000000000000001,0.6000000000000001,rolling,12.099999999999786,-0.19227807261769916,1.4447356706260284,27,27,0,1.4623943046936,0.08,0.28559933214452665,9.81,1,1,11,21,41,-3.0,3.0,0.01,30.0,60.0,1e-09,1e-12,6,0.0001,1,new simulation,nan
16,17,0.25135959928671603,-0.4500000000000002,0.6000000000000001,rolling,12.469999999999779,-0.19379847519735607,1.4467291327081233,28,28,0,1.4624339916061224,0.08,0.28559933214452665,9.81,1,1,11,21,41,-3.0,3.0,0.01,30.0,60.0,1e-09,1e-12,6,0.0001,1,new simulation,nan
16,18,0.25135959928671603,-0.30000000000000027,0.6000000000000001,rolling,12.519999999999778,-0.1932690666781562,1.4460361131785369,28,28,0,1.4624272396378455,0.08,0.28559933214452665,9.81,1,1,11,21,41,-3.0,3.0,0.01,30.0,60.0,1e-09,1e-12,6,0.0001,1,new simulation,nan
16,19,0.25135959928671603,-0.1499999999999999,0.6000000000000001,rolling,12.579999999999776,-0.204731044353571,1.4613258104154612,28,28,0,1.462423189352185,0.08,0.28559933214452665,9.81,1,1,11,21,41,-3.0,3.0,0.01,30.0,60.0,1e-09,1e-12,6,0.0001,1,new simulation,nan
16,20,0.25135959928671603,0.0,0.6000000000000001,rolling,12.589999999999776,-0.19383194795469524,1.446768472443922,28,28,0,1.4624218374217668,0.08,0.28559933214452665,9.81,1,1,11,21,41,-3.0,3.0,0.01,30.0,60.0,1e-09,1e-12,6,0.0001,1,new simulation,nan
16,21,0.25135959928671603,0.1499999999999999,0.6000000000000001,rolling,12.459999999999779,-0.19823575850753494,1.4525735790146992,28,28,0,1.462423189603932,0.08,0.28559933214452665,9.81,1,1,11,21,41,-3.0,3.0,0.01,30.0,60.0,1e-09,1e-12,6,0.0001,1,new simulation,nan
16,22,0.25135959928671603,0.2999999999999998,0.6000000000000001,rolling,12.259999999999783,-0.194948097162618,1.4482316116742557,28,28,0,1.462427240353507,0.08,0.28559933214452665,9.81,1,1,11,21,41,-3.0,3.0,0.01,30.0,60.0,1e-09,1e-12,6,0.0001,1,new simulation,nan
16,23,0.25135959928671603,0.44999999999999973,0.6000000000000001,rolling,12.049999999999788,-0.1952882757339423,1.4486807320181578,28,28,0,1.4624339921736589,0.08,0.28559933214452665,9.81,1,1,11,21,41,-3.0,3.0,0.01,30.0,60.0,1e-09,1e-12,6,0.0001,1,new simulation,nan
16,24,0.25135959928671603,0.5999999999999996,0.6000000000000001,rolling,11.4499999999998,-0.19893246285059038,1.4534911845715615,27,27,0,1.4623943045171,0.08,0.28559933214452665,9.81,1,1,11,21,41,-3.0,3.0,0.01,30.0,60.0,1e-09,1e-12,6,0.0001,1,new simulation,nan
16,25,0.25135959928671603,0.75,0.6000000000000001,rolling,11.269999999999804,-0.20181359603623789,1.4573625215706523,27,27,0,1.462411477893985,0.08,0.28559933214452665,9.81,1,1,11,21,41,-3.0,3.0,0.01,30.0,60.0,1e-09,1e-12,6,0.0001,1,new simulation,nan
16,26,0.25135959928671603,0.8999999999999999,0.6000000000000001,rolling,11.109999999999808,-0.1972318900672945,1.4512444467809515,27,27,0,1.462432466209289,0.08,0.28559933214452665,9.81,1,1,11,21,41,-3.0,3.0,0.01,30.0,60.0,1e-09,1e-12,6,0.0001,1,new simulation,nan
16,27,0.25135959928671603,1.0499999999999998,0.6000000000000001,rolling,10.55999999999982,-0.19261198420444714,1.4451762918004845,26,26,0,1.4624138428704514,0.08,0.28559933214452665,9.81,1,1,11,21,41,-3.0,3.0,0.01,30.0,60.0,1e-09,1e-12,6,0.0001,1,new simulation,nan
16,28,0.25135959928671603,1.2000000000000002,0.6000000000000001,rolling,10.009999999999831,-0.20308986426205755,1.4590882414029036,25,25,0,1.462409623934783,0.08,0.28559933214452665,9.81,1,1,11,21,41,-3.0,3.0,0.01,30.0,60.0,1e-09,1e-12,6,0.0001,1,new simulation,nan
16,29,0.25135959928671603,1.3499999999999996,0.6000000000000001,rolling,9.479999999999842,-0.19737916957067553,1.4514415877390614,24,24,0,1.4624380292048034,0.08,0.28559933214452665,9.81,1,1,11,21,41,-3.0,3.0,0.01,30.0,60.0,1e-09,1e-12,6,0.0001,1,new simulation,nan
16,30,0.25135959928671603,1.5,0.6000000000000001,rolling,7.339999999999888,-0.20314727069799918,1.459176175222015,19,19,0,1.4624378646085416,0.08,0.28559933214452665,9.81,1,1,11,21,41,-3.0,3.0,0.01,30.0,60.0,1e-09,1e-12,6,0.0001,1,new simulation,nan
16,31,0.25135959928671603,1.6499999999999995,0.6000000000000001,rolling,8.839999999999856,-0.1925372711638394,1.4451790610319966,23,23,0,1.4626908801700464,0.08,0.28559933214452665,9.81,1,1,11,21,41,-3.0,3.0,0.01,30.0,60.0,1e-09,1e-12,6,0.0001,1,new simulation,nan
16,32,0.25135959928671603,1.7999999999999998,0.6000000000000001,rolling,9.529999999999841,-0.1978640649755961,1.4521840092997143,25,25,0,1.4627143612608575,0.08,0.28559933214452665,9.81,1,1,11,21,41,-3.0,3.0,0.01,30.0,60.0,1e-09,1e-12,6,0.0001,1,new simulation,nan
16,33,0.25135959928671603,1.9500000000000002,0.6000000000000001,rolling,10.229999999999826,-0.1963768358994753,1.4502049468763782,27,27,0,1.462686210656062,0.08,0.28559933214452665,9.81,1,1,11,21,41,-3.0,3.0,0.01,30.0,60.0,1e-09,1e-12,6,0.0001,1,new simulation,nan
16,34,0.25135959928671603,2.0999999999999996,0.6000000000000001,rolling,10.52999999999982,-0.19832677255855044,1.4527890367464544,28,28,0,1.4626864782934386,0.08,0.28559933214452665,9.81,1,1,11,21,41,-3.0,3.0,0.01,30.0,60.0,1e-09,1e-12,6,0.0001,1,new simulation,nan
16,35,0.25135959928671603,2.25,0.6000000000000001,rolling,10.429999999999822,-0.20309332479091052,1.4592057213350178,28,28,0,1.4627256299152283,0.08,0.28559933214452665,9.81,1,1,11,21,41,-3.0,3.0,0.01,30.0,60.0,1e-09,1e-12,6,0.0001,1,new simulation,nan
16,36,0.25135959928671603,2.3999999999999995,0.6000000000000001,rolling,10.739999999999815,-0.20260532418768562,1.4585381692137953,29,29,0,1.4627075427464504,0.08,0.28559933214452665,9.81,1,1,11,21,41,-3.0,3.0,0.01,30.0,60.0,1e-09,1e-12,6,0.0001,1,new simulation,nan
16,37,0.25135959928671603,2.55,0.6000000000000001,rolling,11.059999999999809,-0.19289364676082474,1.4456410665454789,30,30,0,1.462687439720763,0.08,0.28559933214452665,9.81,1,1,11,21,41,-3.0,3.0,0.01,30.0,60.0,1e-09,1e-12,6,0.0001,1,new simulation,nan
16,38,0.25135959928671603,2.7,0.6000000000000001,rolling,10.96999999999981,-0.19905515912146016,1.4537683711488738,30,30,0,1.4627111046872239,0.08,0.28559933214452665,9.81,1,1,11,21,41,-3.0,3.0,0.01,30.0,60.0,1e-09,1e-12,6,0.0001,1,new simulation,nan
16,39,0.25135959928671603,2.8499999999999996,0.6000000000000001,rolling,11.289999999999804,-0.19873170634016454,1.4533278186587288,31,31,0,1.462685351055314,0.08,0.28559933214452665,9.81,1,1,11,21,41,-3.0,3.0,0.01,30.0,60.0,1e-09,1e-12,6,0.0001,1,new simulation,nan
16,40,0.25135959928671603,3.0,0.6000000000000001,rolling,11.209999999999805,-0.19908047549997387,1.453799613190008,31,31,0,1.462704013179928,0.08,0.28559933214452665,9.81,1,1,11,21,41,-3.0,3.0,0.01,30.0,60.0,1e-09,1e-12,6,0.0001,1,new simulation,nan
17,0,0.2799195325011687,-3.0,0.7000000000000001,rolling,14.049999999999745,-0.19284226448891398,1.4454808959788394,32,28,4,1.4624283648273726,0.08,0.28559933214452665,9.81,1,1,11,21,41,-3.0,3.0,0.01,30.0,60.0,1e-09,1e-12,6,0.0001,1,new simulation,nan
17,1,0.2799195325011687,-2.85,0.7000000000000001,settled,2.07,-0.20559933214452664,0.0,5,1,4,nan,0.08,0.28559933214452665,9.81,1,1,11,21,41,-3.0,3.0,0.01,30.0,60.0,1e-09,1e-12,6,0.0001,1,new simulation,nan
17,2,0.2799195325011687,-2.7,0.7000000000000001,settled,2.399999999999993,-0.20559933214452664,0.0,5,1,4,nan,0.08,0.28559933214452665,9.81,1,1,11,21,41,-3.0,3.0,0.01,30.0,60.0,1e-09,1e-12,6,0.0001,1,new simulation,nan
17,3,0.2799195325011687,-2.55,0.7000000000000001,rolling,13.279999999999761,-0.19952919930006566,1.454290288103464,30,27,3,1.462400476560757,0.08,0.28559933214452665,9.81,1,1,11,21,41,-3.0,3.0,0.01,30.0,60.0,1e-09,1e-12,6,0.0001,1,new simulation,nan
17,4,0.2799195325011687,-2.4,0.7000000000000001,rolling,13.759999999999751,-0.19874928211428378,1.4532604596939085,31,28,3,1.4624320162276716,0.08,0.28559933214452665,9.81,1,1,11,21,41,-3.0,3.0,0.01,30.0,60.0,1e-09,1e-12,6,0.0001,1,new simulation,nan
17,5,0.2799195325011687,-2.25,0.7000000000000001,rolling,14.669999999999732,-0.20255672285248655,1.4583687129086698,31,28,3,1.462417178711674,0.08,0.28559933214452665,9.81,1,1,11,21,41,-3.0,3.0,0.01,30.0,60.0,1e-09,1e-12,6,0.0001,1,new simulation,nan
17,6,0.2799195325011687,-2.1,0.7000000000000001,settled,2.1299999999999986,-0.20559933214452664,0.0,4,1,3,nan,0.08,0.28559933214452665,9.81,1,1,11,21,41,-3.0,3.0,0.01,30.0,60.0,1e-09,1e-12,6,0.0001,1,new simulation,nan
17,7,0.2799195325011687,-1.95,0.7000000000000001,rolling,13.029999999999767,-0.2024459093083124,1.4582125458793826,29,27,2,1.462399697894808,0.08,0.28559933214452665,9.81,1,1,11,21,41,-3.0,3.0,0.01,30.0,60.0,1e-09,1e-12,6,0.0001,1,new simulation,nan
17,8,0.2799195325011687,-1.8,0.7000000000000001,rolling,13.529999999999756,-0.2040910929661519,1.4604560467840733,30,28,2,1.46243035225743,0.08,0.28559933214452665,9.81,1,1,11,21,41,-3.0,3.0,0.01,30.0,60.0,1e-09,1e-12,6,0.0001,1,new simulation,nan
17,9,0.2799195325011687,-1.6500000000000001,0.7000000000000001,settled,1.5800000000000012,-0.20559933214452664,0.0,3,1,2,nan,0.08,0.28559933214452665,9.81,1,1,11,21,41,-3.0,3.0,0.01,30.0,60.0,1e-09,1e-12,6,0.0001,1,new simulation,nan
17,10,0.2799195325011687,-1.5,0.7000000000000001,settled,2.07,-0.20559933214452664,0.0,3,1,2,nan,0.08,0.28559933214452665,9.81,1,1,11,21,41,-3.0,3.0,0.01,30.0,60.0,1e-09,1e-12,6,0.0001,1,new simulation,nan
17,11,0.2799195325011687,-1.35,0.7000000000000001,rolling,12.679999999999774,-0.19162305362745116,1.443886968555087,28,27,1,1.462394444239063,0.08,0.28559933214452665,9.81,1,1,11,21,41,-3.0,3.0,0.01,30.0,60.0,1e-09,1e-12,6,0.0001,1,new simulation,nan
17,12,0.2799195325011687,-1.2000000000000002,0.7000000000000001,rolling,13.239999999999762,-0.20024941075239916,1.4552642188309026,29,28,1,1.462427297851513,0.08,0.28559933214452665,9.81,1,1,11,21,41,-3.0,3.0,0.01,30.0,60.0,1e-09,1e-12,6,0.0001,1,new simulation,nan
17,13,0.2799195325011687,-1.05,0.7000000000000001,settled,1.1800000000000008,-0.20559933214452664,0.0,2,1,1,nan,0.08,0.28559933214452665,9.81,1,1,11,21,41,-3.0,3.0,0.01,30.0,60.0,1e-09,1e-12,6,0.0001,1,new simulation,nan
17,14,0.2799195325011687,-0.8999999999999999,0.7000000000000001,settled,1.6200000000000012,-0.20559933214452664,0.0,2,1,1,nan,0.08,0.28559933214452665,9.81,1,1,11,21,41,-3.0,3.0,0.01,30.0,60.0,1e-09,1e-12,6,0.0001,1,new simulation,nan
17,15,0.2799195325011687,-0.75,0.7000000000000001,rolling,12.179999999999785,-0.19863268153428898,1.4530932598680142,27,27,0,1.462399002554548,0.08,0.28559933214452665,9.81,1,1,11,21,41,-3.0,3.0,0.01,30.0,60.0,1e-09,1e-12,6,0.0001,1,new simulation,nan
17,16,0.2799195325011687,-0.6000000000000001,0.7000000000000001,rolling,12.519999999999778,-0.19747215198889329,1.451563626251314,28,28,0,1.4624346157654389,0.08,0.28559933214452665,9.81,1,1,11,21,41,-3.0,3.0,0.01,30.0,60.0,1e-09,1e-12,6,0.0001,1,new simulation,nan
17,17,0.2799195325011687,-0.4500000000000002,0.7000000000000001,rolling,12.629999999999775,-0.20013830208959946,1.4551145050526626,28,28,0,1.4624251630330054,0.08,0.28559933214452665,9.81,1,1,11,21,41,-3.0,3.0,0.01,30.0,60.0,1e-09,1e-12,6,0.0001,1,new simulation,nan
17,18,0.2799195325011687,-0.30000000000000027,0.7000000000000001,rolling,12.979999999999768,-0.20488515243593147,1.4615344963852421,28,28,0,1.462418411255802,0.08,0.28559933214452665,9.81,1,1,11,21,41,-3.0,3.0,0.01,30.0,60.0,1e-09,1e-12,6,0.0001,1,new simulation,nan
17,19,0.2799195325011687,-0.1499999999999999,0.7000000000000001,settled,0.3100000000000001,-0.20559933214452664,0.0,1,1,0,nan,0.08,0.28559933214452665,9.81,1,1,11,21,41,-3.0,3.0,0.01,30.0,60.0,1e-09,1e-12,6,0.0001,1,new simulation,nan
17,20,0.2799195325011687,0.0,0.7000000000000001,settled,0.25000000000000006,-0.20559933214452664,0.0,1,1,0,nan,0.08,0.28559933214452665,9.81,1,1,11,21,41,-3.0,3.0,0.01,30.0,60.0,1e-09,1e-12,6,0.0001,1,new simulation,nan
17,21,0.2799195325011687,0.1499999999999999,0.7000000000000001,settled,0.20000000000000004,-0.20559933214452664,0.0,1,1,0,nan,0.08,0.28559933214452665,9.81,1,1,11,21,41,-3.0,3.0,0.01,30.0,60.0,1e-09,1e-12,6,0.0001,1,new simulation,nan
17,22,0.2799195325011687,0.2999999999999998,0.7000000000000001,rolling,12.749999999999773,-0.20405807729526806,1.460406844464109,28,28,0,1.4624184112006813,0.08,0.28559933214452665,9.81,1,1,11,21,41,-3.0,3.0,0.01,30.0,60.0,1e-09,1e-12,6,0.0001,1,new simulation,nan
17,23,0.2799195325011687,0.44999999999999973,0.7000000000000001,rolling,12.259999999999783,-0.20516720907021532,1.461922293283499,28,28,0,1.4624251635077445,0.08,0.28559933214452665,9.81,1,1,11,21,41,-3.0,3.0,0.01,30.0,60.0,1e-09,1e-12,6,0.0001,1,new simulation,nan
17,24,0.2799195325011687,0.5999999999999996,0.7000000000000001,rolling,11.979999999999789,-0.19618717848660633,1.4498643495105696,28,28,0,1.4624346160991306,0.08,0.28559933214452665,9.81,1,1,11,21,41,-3.0,3.0,0.01,30.0,60.0,1e-09,1e-12,6,0.0001,1,new simulation,nan
17,25,0.2799195325011687,0.75,0.7000000000000001,rolling,11.349999999999802,-0.20542175740001584,1.4622611427212662,27,27,0,1.4623990029236262,0.08,0.28559933214452665,9.81,1,1,11,21,41,-3.0,3.0,0.01,30.0,60.0,1e-09,1e-12,6,0.0001,1,new simulation,nan
17,26,0.2799195325011687,0.8999999999999999,0.7000000000000001,rolling,11.169999999999806,-0.1947915491745601,1.448023651889729,27,27,0,1.4624199913179525,0.08,0.28559933214452665,9.81,1,1,11,21,41,-3.0,3.0,0.01,30.0,60.0,1e-09,1e-12,6,0.0001,1,new simulation,nan
17,27,0.2799195325011687,1.0499999999999998,0.7000000000000001,rolling,10.599999999999818,-0.1974016119025313,1.4514563332632946,26,26,0,1.4623962149453187,0.08,0.28559933214452665,9.81,1,1,11,21,41,-3.0,3.0,0.01,30.0,60.0,1e-09,1e-12,6,0.0001,1,new simulation,nan
17,28,0.2799195325011687,1.2000000000000002,0.7000000000000001,rolling,10.449999999999822,-0.19687507624184955,1.450773660751865,26,26,0,1.4624366589535882,0.08,0.28559933214452665,9.81,1,1,11,21,41,-3.0,3.0,0.01,30.0,60.0,1e-09,1e-12,6,0.0001,1,new simulation,nan
17,29,0.2799195325011687,1.3499999999999996,0.7000000000000001,rolling,9.509999999999842,-0.1918702927732716,1.4442100807503166,24,24,0,1.4624028351218825,0.08,0.28559933214452665,9.81,1,1,11,21,41,-3.0,3.0,0.01,30.0,60.0,1e-09,1e-12,6,0.0001,1,new simulation,nan
17,30,0.2799195325011687,1.5,0.7000000000000001,rolling,8.16999999999987,-0.19714843435071797,1.4511225386466557,21,21,0,1.4624007474459384,0.08,0.28559933214452665,9.81,1,1,11,21,41,-3.0,3.0,0.01,30.0,60.0,1e-09,1e-12,6,0.0001,1,new simulation,nan
17,31,0.2799195325011687,1.6499999999999995,0.7000000000000001,rolling,8.049999999999873,-0.1957520397914808,1.4493933640328502,21,21,0,1.4627196369859545,0.08,0.28559933214452665,9.81,1,1,11,21,41,-3.0,3.0,0.01,30.0,60.0,1e-09,1e-12,6,0.0001,1,new simulation,nan
17,32,0.2799195325011687,1.7999999999999998,0.7000000000000001,rolling,9.539999999999841,-0.20372797432085143,1.4600544713247645,25,25,0,1.4626894601721017,0.08,0.28559933214452665,9.81,1,1,11,21,41,-3.0,3.0,0.01,30.0,60.0,1e-09,1e-12,6,0.0001,1,new simulation,nan
17,33,0.2799195325011687,1.9500000000000002,0.7000000000000001,rolling,9.839999999999835,-0.19521314262017977,1.448684738326351,26,26,0,1.4627197150626536,0.08,0.28559933214452665,9.81,1,1,11,21,41,-3.0,3.0,0.01,30.0,60.0,1e-09,1e-12,6,0.0001,1,new simulation,nan
17,34,0.2799195325011687,2.0999999999999996,0.7000000000000001,rolling,10.139999999999828,-0.1943490686934634,1.4475537715837674,27,27,0,1.4627252439494882,0.08,0.28559933214452665,9.81,1,1,11,21,41,-3.0,3.0,0.01,30.0,60.0,1e-09,1e-12,6,0.0001,1,new simulation,nan
17,35,0.2799195325011687,2.25,0.7000000000000001,rolling,10.439999999999822,-0.2003144355814534,1.455455015403661,28,28,0,1.462716803027383,0.08,0.28559933214452665,9.81,1,1,11,21,41,-3.0,3.0,0.01,30.0,60.0,1e-09,1e-12,6,0.0001,1,new simulation,nan
17,36,0.2799195325011687,2.3999999999999995,0.7000000000000001,rolling,10.749999999999815,-0.19792861434630243,1.4522650533853725,29,29,0,1.4627012976340552,0.08,0.28559933214452665,9.81,1,1,11,21,41,-3.0,3.0,0.01,30.0,60.0,1e-09,1e-12,6,0.0001,1,new simulation,nan
17,37,0.2799195325011687,2.55,0.7000000000000001,rolling,10.659999999999817,-0.19764239398277803,1.4518964028019679,29,29,0,1.4627328258013252,0.08,0.28559933214452665,9.81,1,1,11,21,41,-3.0,3.0,0.01,30.0,60.0,1e-09,1e-12,6,0.0001,1,new simulation,nan
17,38,0.2799195325011687,2.7,0.7000000000000001,rolling,10.97999999999981,-0.1914933020066734,1.4438317483634129,30,30,0,1.4627066842146403,0.08,0.28559933214452665,9.81,1,1,11,21,41,-3.0,3.0,0.01,30.0,60.0,1e-09,1e-12,6,0.0001,1,new simulation,nan
17,39,0.2799195325011687,2.8499999999999996,0.7000000000000001,rolling,10.889999999999812,-0.20103690284057252,1.4564306736957855,30,30,0,1.4627317019270747,0.08,0.28559933214452665,9.81,1,1,11,21,41,-3.0,3.0,0.01,30.0,60.0,1e-09,1e-12,6,0.0001,1,new simulation,nan
17,40,0.2799195325011687,3.0,0.7000000000000001,rolling,11.209999999999805,-0.2039485737760315,1.4603585552788736,31,31,0,1.462700885026339,0.08,0.28559933214452665,9.81,1,1,11,21,41,-3.0,3.0,0.01,30.0,60.0,1e-09,1e-12,6,0.0001,1,new simulation,nan
18,0,0.30847946571562135,-3.0,0.8,rolling,14.129999999999743,-0.20422941531027528,1.4606428292687295,32,28,4,1.4624259186811484,0.08,0.28559933214452665,9.81,1,1,11,21,41,-3.0,3.0,0.01,30.0,60.0,1e-09,1e-12,6,0.0001,1,new simulation,nan
18,1,0.30847946571562135,-2.85,0.8,settled,2.109999999999999,-0.20559933214452664,0.0,5,1,4,nan,0.08,0.28559933214452665,9.81,1,1,11,21,41,-3.0,3.0,0.01,30.0,60.0,1e-09,1e-12,6,0.0001,1,new simulation,nan
18,2,0.30847946571562135,-2.7,0.8,settled,2.679999999999987,-0.20559933214452664,0.0,5,1,4,nan,0.08,0.28559933214452665,9.81,1,1,11,21,41,-3.0,3.0,0.01,30.0,60.0,1e-09,1e-12,6,0.0001,1,new simulation,nan
18,3,0.30847946571562135,-2.55,0.8,rolling,13.269999999999762,-0.19666840461809787,1.4504856727111688,30,27,3,1.4623955899593402,0.08,0.28559933214452665,9.81,1,1,11,21,41,-3.0,3.0,0.01,30.0,60.0,1e-09,1e-12,6,0.0001,1,new simulation,nan
18,4,0.30847946571562135,-2.4,0.8,rolling,13.84999999999975,-0.1987867633910939,1.4533091789567105,31,28,3,1.4624285584579073,0.08,0.28559933214452665,9.81,1,1,11,21,41,-3.0,3.0,0.01,30.0,60.0,1e-09,1e-12,6,0.0001,1,new simulation,nan
18,5,0.30847946571562135,-2.25,0.8,settled,1.8800000000000014,-0.20559933214452664,0.0,4,1,3,nan,0.08,0.28559933214452665,9.81,1,1,11,21,41,-3.0,3.0,0.01,30.0,60.0,1e-09,1e-12,6,0.0001,1,new simulation,nan
18,6,0.30847946571562135,-2.1,0.8,settled,2.52999999999999,-0.20559933214452664,0.0,4,1,3,nan,0.08,0.28559933214452665,9.81,1,1,11,21,41,-3.0,3.0,0.01,30.0,60.0,1e-09,1e-12,6,0.0001,1,new simulation,nan
18,7,0.30847946571562135,-1.95,0.8,rolling,13.019999999999767,-0.2039370582106614,1.460233013852925,29,27,2,1.4623927952425901,0.08,0.28559933214452665,9.81,1,1,11,21,41,-3.0,3.0,0.01,30.0,60.0,1e-09,1e-12,6,0.0001,1,new simulation,nan
18,8,0.30847946571562135,-1.8,0.8,rolling,13.689999999999753,-0.19224004281486404,1.4446975611049424,30,28,2,1.4624254677908157,0.08,0.28559933214452665,9.81,1,1,11,21,41,-3.0,3.0,0.01,30.0,60.0,1e-09,1e-12,6,0.0001,1,new simulation,nan
18,9,0.30847946571562135,-1.6500000000000001,0.8,settled,1.6500000000000012,-0.20559933214452664,0.0,3,1,2,nan,0.08,0.28559933214452665,9.81,1,1,11,21,41,-3.0,3.0,0.01,30.0,60.0,1e-09,1e-12,6,0.0001,1,new simulation,nan
18,10,0.30847946571562135,-1.5,0.8,rolling,12.959999999999768,-0.19269023136070226,1.4452767245105473,28,27,1,1.4624103499086443,0.08,0.28559933214452665,9.81,1,1,11,21,41,-3.0,3.0,0.01,30.0,60.0,1e-09,1e-12,6,0.0001,1,new simulation,nan
18,11,0.30847946571562135,-1.35,0.8,rolling,13.109999999999765,-0.20297379472079904,1.4589405207361767,29,28,1,1.462436642505865,0.08,0.28559933214452665,9.81,1,1,11,21,41,-3.0,3.0,0.01,30.0,60.0,1e-09,1e-12,6,0.0001,1,new simulation,nan
18,12,0.30847946571562135,-1.2000000000000002,0.8,rolling,13.579999999999755,-0.1913693884953874,1.4435682742286082,29,28,1,1.4624203964710043,0.08,0.28559933214452665,9.81,1,1,11,21,41,-3.0,3.0,0.01,30.0,60.0,1e-09,1e-12,6,0.0001,1,new simulation,nan
18,13,0.30847946571562135,-1.05,0.8,settled,1.310000000000001,-0.20559933214452664,0.0,2,1,1,nan,0.08,0.28559933214452665,9.81,1,1,11,21,41,-3.0,3.0,0.01,30.0,60.0,1e-09,1e-12,6,0.0001,1,new simulation,nan
18,14,0.30847946571562135,-0.8999999999999999,0.8,rolling,12.339999999999781,-0.19660251522177727,1.4504024240707665,27,27,0,1.4624062135839868,0.08,0.28559933214452665,9.81,1,1,11,21,41,-3.0,3.0,0.01,30.0,60.0,1e-09,1e-12,6,0.0001,1,new simulation,nan
18,15,0.30847946571562135,-0.75,0.8,rolling,12.559999999999777,-0.1929767909701124,1.4456590349090288,28,28,0,1.4624370181454343,0.08,0.28559933214452665,9.81,1,1,11,21,41,-3.0,3.0,0.01,30.0,60.0,1e-09,1e-12,6,0.0001,1,new simulation,nan
18,16,0.30847946571562135,-0.6000000000000001,0.8,rolling,12.689999999999774,-0.20317509726724067,1.4592092829225178,28,28,0,1.4624248651036147,0.08,0.28559933214452665,9.81,1,1,11,21,41,-3.0,3.0,0.01,30.0,60.0,1e-09,1e-12,6,0.0001,1,new simulation,nan
18,17,0.30847946571562135,-0.4500000000000002,0.8,settled,0.4300000000000002,-0.20559933214452664,0.0,1,1,0,nan,0.08,0.28559933214452665,9.81,1,1,11,21,41,-3.0,3.0,0.01,30.0,60.0,1e-09,1e-12,6,0.0001,1,new simulation,nan
18,18,0.30847946571562135,-0.30000000000000027,0.8,settled,0.3300000000000001,-0.20559933214452664,0.0,1,1,0,nan,0.08,0.28559933214452665,9.81,1,1,11,21,41,-3.0,3.0,0.01,30.0,60.0,1e-09,1e-12,6,0.0001,1,new simulation,nan
18,19,0.30847946571562135,-0.1499999999999999,0.8,settled,0.26000000000000006,-0.20559933214452664,0.0,1,1,0,nan,0.08,0.28559933214452665,9.81,1,1,11,21,41,-3.0,3.0,0.01,30.0,60.0,1e-09,1e-12,6,0.0001,1,new simulation,nan
18,20,0.30847946571562135,0.0,0.8,settled,0.20000000000000004,-0.20559933214452664,0.0,1,1,0,nan,0.08,0.28559933214452665,9.81,1,1,11,21,41,-3.0,3.0,0.01,30.0,60.0,1e-09,1e-12,6,0.0001,1,new simulation,nan
18,21,0.30847946571562135,0.1499999999999999,0.8,settled,0.15,-0.20559933214452664,0.0,1,1,0,nan,0.08,0.28559933214452665,9.81,1,1,11,21,41,-3.0,3.0,0.01,30.0,60.0,1e-09,1e-12,6,0.0001,1,new simulation,nan
18,22,0.30847946571562135,0.2999999999999998,0.8,settled,0.11999999999999998,-0.20559933214452664,0.0,1,1,0,nan,0.08,0.28559933214452665,9.81,1,1,11,21,41,-3.0,3.0,0.01,30.0,60.0,1e-09,1e-12,6,0.0001,1,new simulation,nan
18,23,0.30847946571562135,0.44999999999999973,0.8,settled,0.09999999999999999,-0.20559933214452664,0.0,1,1,0,nan,0.08,0.28559933214452665,9.81,1,1,11,21,41,-3.0,3.0,0.01,30.0,60.0,1e-09,1e-12,6,0.0001,1,new simulation,nan
18,24,0.30847946571562135,0.5999999999999996,0.8,rolling,12.219999999999784,-0.20222954017901137,1.4579289859371043,28,28,0,1.4624248640130553,0.08,0.28559933214452665,9.81,1,1,11,21,41,-3.0,3.0,0.01,30.0,60.0,1e-09,1e-12,6,0.0001,1,new simulation,nan
18,25,0.30847946571562135,0.75,0.8,rolling,11.889999999999791,-0.19157733565161067,1.4438431715605644,28,28,0,1.4624370183687398,0.08,0.28559933214452665,9.81,1,1,11,21,41,-3.0,3.0,0.01,30.0,60.0,1e-09,1e-12,6,0.0001,1,new simulation,nan
18,26,0.30847946571562135,0.8999999999999999,0.8,rolling,11.249999999999805,-0.19828407739367146,1.4526317639051918,27,27,0,1.4624062118750338,0.08,0.28559933214452665,9.81,1,1,11,21,41,-3.0,3.0,0.01,30.0,60.0,1e-09,1e-12,6,0.0001,1,new simulation,nan
18,27,0.30847946571562135,1.0499999999999998,0.8,rolling,11.059999999999809,-0.19860994972701307,1.4530744514928522,27,27,0,1.4624310189709908,0.08,0.28559933214452665,9.81,1,1,11,21,41,-3.0,3.0,0.01,30.0,60.0,1e-09,1e-12,6,0.0001,1,new simulation,nan
18,28,0.30847946571562135,1.2000000000000002,0.8,rolling,10.48999999999982,-0.20229291088135565,1.4580119002448737,26,26,0,1.462417188026934,0.08,0.28559933214452665,9.81,1,1,11,21,41,-3.0,3.0,0.01,30.0,60.0,1e-09,1e-12,6,0.0001,1,new simulation,nan
18,29,0.30847946571562135,1.3499999999999996,0.8,rolling,9.939999999999833,-0.20117397603210546,1.456504344452177,25,25,0,1.4624219704107693,0.08,0.28559933214452665,9.81,1,1,11,21,41,-3.0,3.0,0.01,30.0,60.0,1e-09,1e-12,6,0.0001,1,new simulation,nan
18,30,0.30847946571562135,1.5,0.8,rolling,8.999999999999853,-0.19998112188909423,1.4549043891721922,23,23,0,1.4624265188056118,0.08,0.28559933214452665,9.81,1,1,11,21,41,-3.0,3.0,0.01,30.0,60.0,1e-09,1e-12,6,0.0001,1,new simulation,nan
18,31,0.30847946571562135,1.6499999999999995,0.8,rolling,6.859999999999898,-0.20250760204833518,1.4584020405685372,18,18,0,1.462696632330343,0.08,0.28559933214452665,9.81,1,1,11,21,41,-3.0,3.0,0.01,30.0,60.0,1e-09,1e-12,6,0.0001,1,new simulation,nan
18,32,0.30847946571562135,1.7999999999999998,0.8,rolling,9.15999999999985,-0.19739177841499383,1.4515533940348002,24,24,0,1.462703065665098,0.08,0.28559933214452665,9.81,1,1,11,21,41,-3.0,3.0,0.01,30.0,60.0,1e-09,1e-12,6,0.0001,1,new simulation,nan
18,33,0.30847946571562135,1.9500000000000002,0.8,rolling,9.849999999999834,-0.20253128474687798,1.4584353744745506,26,26,0,1.4627002507676454,0.08,0.28559933214452665,9.81,1,1,11,21,41,-3.0,3.0,0.01,30.0,60.0,1e-09,1e-12,6,0.0001,1,new simulation,nan
18,34,0.30847946571562135,2.0999999999999996,0.8,rolling,10.149999999999828,-0.19813966669852867,1.4525491591094513,27,27,0,1.462711469032861,0.08,0.28559933214452665,9.81,1,1,11,21,41,-3.0,3.0,0.01,30.0,60.0,1e-09,1e-12,6,0.0001,1,new simulation,nan
18,35,0.30847946571562135,2.25,0.8,rolling,10.449999999999822,-0.2012638272351682,1.4567272147964623,28,28,0,1.4627070544218235,0.08,0.28559933214452665,9.81,1,1,11,21,41,-3.0,3.0,0.01,30.0,60.0,1e-09,1e-12,6,0.0001,1,new simulation,nan
18,36,0.30847946571562135,2.3999999999999995,0.8,rolling,10.759999999999815,-0.1965350219267485,1.4504167425152075,29,29,0,1.4626943985854084,0.08,0.28559933214452665,9.81,1,1,11,21,41,-3.0,3.0,0.01,30.0,60.0,1e-09,1e-12,6,0.0001,1,new simulation,nan
18,37,0.30847946571562135,2.55,0.8,rolling,10.669999999999817,-0.19430659065127368,1.4474984271062117,29,29,0,1.4627259269050998,0.08,0.28559933214452665,9.81,1,1,11,21,41,-3.0,3.0,0.01,30.0,60.0,1e-09,1e-12,6,0.0001,1,new simulation,nan
18,38,0.30847946571562135,2.7,0.8,rolling,10.97999999999981,-0.20102631504558707,1.4564057409718825,30,30,0,1.4627018018445987,0.08,0.28559933214452665,9.81,1,1,11,21,41,-3.0,3.0,0.01,30.0,60.0,1e-09,1e-12,6,0.0001,1,new simulation,nan
18,39,0.30847946571562135,2.8499999999999996,0.8,rolling,10.899999999999812,-0.1946781354170559,1.447985322023277,30,30,0,1.4627268185931748,0.08,0.28559933214452665,9.81,1,1,11,21,41,-3.0,3.0,0.01,30.0,60.0,1e-09,1e-12,6,0.0001,1,new simulation,nan
18,40,0.30847946571562135,3.0,0.8,rolling,11.219999999999805,-0.19639405449013592,1.4502317029777057,31,31,0,1.4626974299527375,0.08,0.28559933214452665,9.81,1,1,11,21,41,-3.0,3.0,0.01,30.0,60.0,1e-09,1e-12,6,0.0001,1,new simulation,nan
19,0,0.33703939893007406,-3.0,0.9000000000000002,rolling,14.25999999999974,-0.19552350673957108,1.4489861216706448,32,28,4,1.4624232417981906,0.08,0.28559933214452665,9.81,1,1,11,21,41,-3.0,3.0,0.01,30.0,60.0,1e-09,1e-12,6,0.0001,1,new simulation,nan
19,1,0.33703939893007406,-2.85,0.9000000000000002,settled,2.159999999999998,-0.20559933214452664,0.0,5,1,4,nan,0.08,0.28559933214452665,9.81,1,1,11,21,41,-3.0,3.0,0.01,30.0,60.0,1e-09,1e-12,6,0.0001,1,new simulation,nan
19,2,0.33703939893007406,-2.7,0.9000000000000002,rolling,13.78999999999975,-0.19225974236703475,1.444718958587961,30,27,3,1.4624139216316652,0.08,0.28559933214452665,9.81,1,1,11,21,41,-3.0,3.0,0.01,30.0,60.0,1e-09,1e-12,6,0.0001,1,new simulation,nan
19,3,0.33703939893007406,-2.55,0.9000000000000002,rolling,13.689999999999753,-0.19280699533282827,1.445439423275843,31,28,3,1.462440574325533,0.08,0.28559933214452665,9.81,1,1,11,21,41,-3.0,3.0,0.01,30.0,60.0,1e-09,1e-12,6,0.0001,1,new simulation,nan
19,4,0.33703939893007406,-2.4,0.9000000000000002,rolling,13.989999999999746,-0.19443863295994745,1.447562921669555,31,28,3,1.462424778775936,0.08,0.28559933214452665,9.81,1,1,11,21,41,-3.0,3.0,0.01,30.0,60.0,1e-09,1e-12,6,0.0001,1,new simulation,nan
19,5,0.33703939893007406,-2.25,0.9000000000000002,settled,1.9500000000000015,-0.20559933214452664,0.0,4,1,3,nan,0.08,0.28559933214452665,9.81,1,1,11,21,41,-3.0,3.0,0.01,30.0,60.0,1e-09,1e-12,6,0.0001,1,new simulation,nan
19,6,0.33703939893007406,-2.1,0.9000000000000002,rolling,13.31999999999976,-0.19156838355402359,1.4438222237884646,29,27,2,1.4624110498485603,0.08,0.28559933214452665,9.81,1,1,11,21,41,-3.0,3.0,0.01,30.0,60.0,1e-09,1e-12,6,0.0001,1,new simulation,nan
19,7,0.33703939893007406,-1.95,0.9000000000000002,rolling,13.469999999999757,-0.19254594401767894,1.4450988470367099,30,28,2,1.4624370342272337,0.08,0.28559933214452665,9.81,1,1,11,21,41,-3.0,3.0,0.01,30.0,60.0,1e-09,1e-12,6,0.0001,1,new simulation,nan
19,8,0.33703939893007406,-1.8,0.9000000000000002,rolling,13.989999999999746,-0.20191157967792117,1.457497844078665,30,28,2,1.4624201267437982,0.08,0.28559933214452665,9.81,1,1,11,21,41,-3.0,3.0,0.01,30.0,60.0,1e-09,1e-12,6,0.0001,1,new simulation,nan
19,9,0.33703939893007406,-1.6500000000000001,0.9000000000000002,settled,1.8100000000000014,-0.20559933214452664,0.0,3,1,2,nan,0.08,0.28559933214452665,9.81,1,1,11,21,41,-3.0,3.0,0.01,30.0,60.0,1e-09,1e-12,6,0.0001,1,new simulation,nan
19,10,0.33703939893007406,-1.5,0.9000000000000002,rolling,12.739999999999773,-0.20436896159149168,1.460823608961509,28,27,1,1.462399682743812,0.08,0.28559933214452665,9.81,1,1,11,21,41,-3.0,3.0,0.01,30.0,60.0,1e-09,1e-12,6,0.0001,1,new simulation,nan
19,11,0.33703939893007406,-1.35,0.9000000000000002,rolling,13.239999999999762,-0.20175225241654052,1.4572860565044448,29,28,1,1.4624290932635169,0.08,0.28559933214452665,9.81,1,1,11,21,41,-3.0,3.0,0.01,30.0,60.0,1e-09,1e-12,6,0.0001,1,new simulation,nan
19,12,0.33703939893007406,-1.2000000000000002,0.9000000000000002,settled,1.2300000000000009,-0.20559933214452664,0.0,2,1,1,nan,0.08,0.28559933214452665,9.81,1,1,11,21,41,-3.0,3.0,0.01,30.0,60.0,1e-09,1e-12,6,0.0001,1,new simulation,nan
19,13,0.33703939893007406,-1.05,0.9000000000000002,rolling,13.719999999999752,-0.2053442734749701,1.4621611587461707,27,27,0,1.4624159457756407,0.08,0.28559933214452665,9.81,1,1,11,21,41,-3.0,3.0,0.01,30.0,60.0,1e-09,1e-12,6,0.0001,1,new simulation,nan
19,14,0.33703939893007406,-0.8999999999999999,0.9000000000000002,rolling,12.599999999999776,-0.19547676153310928,1.4489310986708104,28,28,0,1.462441204890945,0.08,0.28559933214452665,9.81,1,1,11,21,41,-3.0,3.0,0.01,30.0,60.0,1e-09,1e-12,6,0.0001,1,new simulation,nan
19,15,0.33703939893007406,-0.75,0.9000000000000002,rolling,12.699999999999774,-0.19803208582816695,1.4523039320509255,28,28,0,1.4624263508980038,0.08,0.28559933214452665,9.81,1,1,11,21,41,-3.0,3.0,0.01,30.0,60.0,1e-09,1e-12,6,0.0001,1,new simulation,nan
19,16,0.33703939893007406,-0.6000000000000001,0.9000000000000002,settled,0.47000000000000025,-0.20559933214452664,0.0,1,1,0,nan,0.08,0.28559933214452665,9.81,1,1,11,21,41,-3.0,3.0,0.01,30.0,60.0,1e-09,1e-12,6,0.0001,1,new simulation,nan
19,17,0.33703939893007406,-0.4500000000000002,0.9000000000000002,settled,0.35000000000000014,-0.20559933214452664,0.0,1,1,0,nan,0.08,0.28559933214452665,9.81,1,1,11,21,41,-3.0,3.0,0.01,30.0,60.0,1e-09,1e-12,6,0.0001,1,new simulation,nan
19,18,0.33703939893007406,-0.30000000000000027,0.9000000000000002,settled,0.26000000000000006,-0.20559933214452664,0.0,1,1,0,nan,0.08,0.28559933214452665,9.81,1,1,11,21,41,-3.0,3.0,0.01,30.0,60.0,1e-09,1e-12,6,0.0001,1,new simulation,nan
19,19,0.33703939893007406,-0.1499999999999999,0.9000000000000002,settled,0.19000000000000003,-0.20559933214452664,0.0,1,1,0,nan,0.08,0.28559933214452665,9.81,1,1,11,21,41,-3.0,3.0,0.01,30.0,60.0,1e-09,1e-12,6,0.0001,1,new simulation,nan
19,20,0.33703939893007406,0.0,0.9000000000000002,settled,0.13999999999999999,-0.20559933214452664,0.0,1,1,0,nan,0.08,0.28559933214452665,9.81,1,1,11,21,41,-3.0,3.0,0.01,30.0,60.0,1e-09,1e-12,6,0.0001,1,new simulation,nan
19,21,0.33703939893007406,0.1499999999999999,0.9000000000000002,settled,0.09999999999999999,-0.20559933214452664,0.0,1,1,0,nan,0.08,0.28559933214452665,9.81,1,1,11,21,41,-3.0,3.0,0.01,30.0,60.0,1e-09,1e-12,6,0.0001,1,new simulation,nan
19,22,0.33703939893007406,0.2999999999999998,0.9000000000000002,settled,0.07,-0.20559933214452664,0.0,1,1,0,nan,0.08,0.28559933214452665,9.81,1,1,11,21,41,-3.0,3.0,0.01,30.0,60.0,1e-09,1e-12,6,0.0001,1,new simulation,nan
19,23,0.33703939893007406,0.44999999999999973,0.9000000000000002,settled,0.060000000000000005,-0.20559933214452664,0.0,1,1,0,nan,0.08,0.28559933214452665,9.81,1,1,11,21,41,-3.0,3.0,0.01,30.0,60.0,1e-09,1e-12,6,0.0001,1,new simulation,nan
19,24,0.33703939893007406,0.5999999999999996,0.9000000000000002,settled,0.05,-0.20559933214452664,0.0,1,1,0,nan,0.08,0.28559933214452665,9.81,1,1,11,21,41,-3.0,3.0,0.01,30.0,60.0,1e-09,1e-12,6,0.0001,1,new simulation,nan
19,25,0.33703939893007406,0.75,0.9000000000000002,rolling,12.119999999999786,-0.20277400276844743,1.4586661448507798,28,28,0,1.4624263520558598,0.08,0.28559933214452665,9.81,1,1,11,21,41,-3.0,3.0,0.01,30.0,60.0,1e-09,1e-12,6,0.0001,1,new simulation,nan
19,26,0.33703939893007406,0.8999999999999999,0.9000000000000002,rolling,11.769999999999794,-0.20552772110265846,1.4624212065801108,28,28,0,1.4624412059918248,0.08,0.28559933214452665,9.81,1,1,11,21,41,-3.0,3.0,0.01,30.0,60.0,1e-09,1e-12,6,0.0001,1,new simulation,nan
19,27,0.33703939893007406,1.0499999999999998,0.9000000000000002,rolling,11.139999999999807,-0.19798078950408068,1.4522320368519743,27,27,0,1.462415944800133,0.08,0.28559933214452665,9.81,1,1,11,21,41,-3.0,3.0,0.01,30.0,60.0,1e-09,1e-12,6,0.0001,1,new simulation,nan
19,28,0.33703939893007406,1.2000000000000002,0.9000000000000002,rolling,10.54999999999982,-0.1980527409687106,1.4523204610097364,26,26,0,1.4623958918091013,0.08,0.28559933214452665,9.81,1,1,11,21,41,-3.0,3.0,0.01,30.0,60.0,1e-09,1e-12,6,0.0001,1,new simulation,nan
19,29,0.33703939893007406,1.3499999999999996,0.9000000000000002,rolling,9.989999999999831,-0.19147069691747745,1.4436889620993423,25,25,0,1.4623918774421079,0.08,0.28559933214452665,9.81,1,1,11,21,41,-3.0,3.0,0.01,30.0,60.0,1e-09,1e-12,6,0.0001,1,new simulation,nan
19,30,0.33703939893007406,1.5,0.9000000000000002,rolling,9.439999999999843,-0.19489838296041814,1.4481651183835453,24,24,0,1.462423719866669,0.08,0.28559933214452665,9.81,1,1,11,21,41,-3.0,3.0,0.01,30.0,60.0,1e-09,1e-12,6,0.0001,1,new simulation,nan
19,31,0.33703939893007406,1.6499999999999995,0.9000000000000002,rolling,7.289999999999889,-0.20220075049031172,1.4578875961094109,19,19,0,1.4624179087760913,0.08,0.28559933214452665,9.81,1,1,11,21,41,-3.0,3.0,0.01,30.0,60.0,1e-09,1e-12,6,0.0001,1,new simulation,nan
19,32,0.33703939893007406,1.7999999999999998,0.9000000000000002,rolling,8.779999999999857,-0.19752390011162332,1.4517278422412048,23,23,0,1.4627010847071757,0.08,0.28559933214452665,9.81,1,1,11,21,41,-3.0,3.0,0.01,30.0,60.0,1e-09,1e-12,6,0.0001,1,new simulation,nan
19,33,0.33703939893007406,1.9500000000000002,0.9000000000000002,rolling,9.469999999999843,-0.19717074711035903,1.451269197928751,25,25,0,1.4627270887594273,0.08,0.28559933214452665,9.81,1,1,11,21,41,-3.0,3.0,0.01,30.0,60.0,1e-09,1e-12,6,0.0001,1,new simulation,nan
19,34,0.33703939893007406,2.0999999999999996,0.9000000000000002,rolling,10.169999999999828,-0.19199006707459543,1.4444711129492893,27,27,0,1.4626964023249922,0.08,0.28559933214452665,9.81,1,1,11,21,41,-3.0,3.0,0.01,30.0,60.0,1e-09,1e-12,6,0.0001,1,new simulation,nan
19,35,0.33703939893007406,2.25,0.9000000000000002,rolling,10.469999999999821,-0.1916327797085485,1.4440084563203215,28,28,0,1.4626963915949496,0.08,0.28559933214452665,9.81,1,1,11,21,41,-3.0,3.0,0.01,30.0,60.0,1e-09,1e-12,6,0.0001,1,new simulation,nan
19,36,0.33703939893007406,2.3999999999999995,0.9000000000000002,rolling,10.769999999999815,-0.19857342349387794,1.4531174912490057,29,29,0,1.4626868509270692,0.08,0.28559933214452665,9.81,1,1,11,21,41,-3.0,3.0,0.01,30.0,60.0,1e-09,1e-12,6,0.0001,1,new simulation,nan
19,37,0.33703939893007406,2.55,0.9000000000000002,rolling,10.679999999999817,-0.19399663152735755,1.4470903644558446,29,29,0,1.462718379801226,0.08,0.28559933214452665,9.81,1,1,11,21,41,-3.0,3.0,0.01,30.0,60.0,1e-09,1e-12,6,0.0001,1,new simulation,nan
19,38,0.33703939893007406,2.7,0.9000000000000002,rolling,10.98999999999981,-0.19874647301471576,1.4533514791143445,30,30,0,1.4626964602338415,0.08,0.28559933214452665,9.81,1,1,11,21,41,-3.0,3.0,0.01,30.0,60.0,1e-09,1e-12,6,0.0001,1,new simulation,nan
19,39,0.33703939893007406,2.8499999999999996,0.9000000000000002,rolling,10.899999999999812,-0.20528477773622616,1.4621886009538965,30,30,0,1.4627214781083915,0.08,0.28559933214452665,9.81,1,1,11,21,41,-3.0,3.0,0.01,30.0,60.0,1e-09,1e-12,6,0.0001,1,new simulation,nan
19,40,0.33703939893007406,3.0,0.9000000000000002,rolling,11.219999999999805,-0.2055931616823771,1.4626006963843186,31,31,0,1.4626936492407205,0.08,0.28559933214452665,9.81,1,1,11,21,41,-3.0,3.0,0.01,30.0,60.0,1e-09,1e-12,6,0.0001,1,new simulation,nan
20,0,0.36559933214452667,-3.0,1.0,rolling,14.449999999999736,-0.20413745076903828,1.4605155938838041,32,28,4,1.4624203392035762,0.08,0.28559933214452665,9.81,1,1,11,21,41,-3.0,3.0,0.01,30.0,60.0,1e-09,1e-12,6,0.0001,1,new simulation,nan
20,1,0.36559933214452667,-2.85,1.0,settled,2.2299999999999964,-0.20559933214452664,0.0,5,1,4,nan,0.08,0.28559933214452665,9.81,1,1,11,21,41,-3.0,3.0,0.01,30.0,60.0,1e-09,1e-12,6,0.0001,1,new simulation,nan
20,2,0.36559933214452667,-2.7,1.0,rolling,13.439999999999758,-0.19729462933720707,1.4513188292803374,30,27,3,1.4624081252255465,0.08,0.28559933214452665,9.81,1,1,11,21,41,-3.0,3.0,0.01,30.0,60.0,1e-09,1e-12,6,0.0001,1,new simulation,nan
20,3,0.36559933214452667,-2.55,1.0,rolling,13.729999999999752,-0.19690006584928027,1.4508066480499473,31,28,3,1.4624364722115868,0.08,0.28559933214452665,9.81,1,1,11,21,41,-3.0,3.0,0.01,30.0,60.0,1e-09,1e-12,6,0.0001,1,new simulation,nan
20,4,0.36559933214452667,-2.4,1.0,rolling,14.229999999999741,-0.19180709165848064,1.4441346601191414,31,28,3,1.4624206778254545,0.08,0.28559933214452665,9.81,1,1,11,21,41,-3.0,3.0,0.01,30.0,60.0,1e-09,1e-12,6,0.0001,1,new simulation,nan
20,5,0.36559933214452667,-2.25,1.0,settled,2.06,-0.20559933214452664,0.0,4,1,3,nan,0.08,0.28559933214452665,9.81,1,1,11,21,41,-3.0,3.0,0.01,30.0,60.0,1e-09,1e-12,6,0.0001,1,new simulation,nan
20,6,0.36559933214452667,-2.1,1.0,rolling,13.109999999999765,-0.19373184152339107,1.4466309200712664,29,27,2,1.4624028594648193,0.08,0.28559933214452665,9.81,1,1,11,21,41,-3.0,3.0,0.01,30.0,60.0,1e-09,1e-12,6,0.0001,1,new simulation,nan
20,7,0.36559933214452667,-1.95,1.0,rolling,13.559999999999755,-0.20092572464621167,1.4561737147963014,30,28,2,1.4624312376293174,0.08,0.28559933214452665,9.81,1,1,11,21,41,-3.0,3.0,0.01,30.0,60.0,1e-09,1e-12,6,0.0001,1,new simulation,nan
20,8,0.36559933214452667,-1.8,1.0,settled,1.6300000000000012,-0.20559933214452664,0.0,3,1,2,nan,0.08,0.28559933214452665,9.81,1,1,11,21,41,-3.0,3.0,0.01,30.0,60.0,1e-09,1e-12,6,0.0001,1,new simulation,nan
20,9,0.36559933214452667,-1.6500000000000001,1.0,settled,2.8299999999999836,-0.20559933214452664,0.0,3,1,2,nan,0.08,0.28559933214452665,9.81,1,1,11,21,41,-3.0,3.0,0.01,30.0,60.0,1e-09,1e-12,6,0.0001,1,new simulation,nan
20,10,0.36559933214452667,-1.5,1.0,rolling,13.139999999999764,-0.19707571093326973,1.451040003251894,29,28,1,1.462439061123921,0.08,0.28559933214452665,9.81,1,1,11,21,41,-3.0,3.0,0.01,30.0,60.0,1e-09,1e-12,6,0.0001,1,new simulation,nan
20,11,0.36559933214452667,-1.35,1.0,rolling,13.579999999999755,-0.20267347448861492,1.4585280711748265,29,28,1,1.4624209036112772,0.08,0.28559933214452665,9.81,1,1,11,21,41,-3.0,3.0,0.01,30.0,60.0,1e-09,1e-12,6,0.0001,1,new simulation,nan
20,12,0.36559933214452667,-1.2000000000000002,1.0,settled,1.410000000000001,-0.20559933214452664,0.0,2,1,1,nan,0.08,0.28559933214452665,9.81,1,1,11,21,41,-3.0,3.0,0.01,30.0,60.0,1e-09,1e-12,6,0.0001,1,new simulation,nan
20,13,0.36559933214452667,-1.05,1.0,rolling,12.279999999999783,-0.2022609953014135,1.4579624759481356,27,27,0,1.4623995938879535,0.08,0.28559933214452665,9.81,1,1,11,21,41,-3.0,3.0,0.01,30.0,60.0,1e-09,1e-12,6,0.0001,1,new simulation,nan
20,14,0.36559933214452667,-0.8999999999999999,1.0,rolling,12.679999999999774,-0.19418957526288966,1.4472387214027214,28,28,0,1.462429632335911,0.08,0.28559933214452665,9.81,1,1,11,21,41,-3.0,3.0,0.01,30.0,60.0,1e-09,1e-12,6,0.0001,1,new simulation,nan
20,15,0.36559933214452667,-0.75,1.0,settled,0.5200000000000002,-0.20559933214452664,0.0,1,1,0,nan,0.08,0.28559933214452665,9.81,1,1,11,21,41,-3.0,3.0,0.01,30.0,60.0,1e-09,1e-12,6,0.0001,1,new simulation,nan
20,16,0.36559933214452667,-0.6000000000000001,1.0,settled,0.38000000000000017,-0.20559933214452664,0.0,1,1,0,nan,0.08,0.28559933214452665,9.81,1,1,11,21,41,-3.0,3.0,0.01,30.0,60.0,1e-09,1e-12,6,0.0001,1,new simulation,nan
20,17,0.36559933214452667,-0.4500000000000002,1.0,settled,0.2800000000000001,-0.20559933214452664,0.0,1,1,0,nan,0.08,0.28559933214452665,9.81,1,1,11,21,41,-3.0,3.0,0.01,30.0,60.0,1e-09,1e-12,6,0.0001,1,new simulation,nan
20,18,0.36559933214452667,-0.30000000000000027,1.0,settled,0.18000000000000002,-0.20559933214452664,0.0,1,1,0,nan,0.08,0.28559933214452665,9.81,1,1,11,21,41,-3.0,3.0,0.01,30.0,60.0,1e-09,1e-12,6,0.0001,1,new simulation,nan
20,19,0.36559933214452667,-0.1499999999999999,1.0,settled,0.09,-0.20559933214452664,0.0,1,1,0,nan,0.08,0.28559933214452665,9.81,1,1,11,21,41,-3.0,3.0,0.01,30.0,60.0,1e-09,1e-12,6,0.0001,1,new simulation,nan
20,20,0.36559933214452667,0.0,1.0,settled,0.01,-0.20559933214452664,0.0,1,1,0,nan,0.08,0.28559933214452665,9.81,1,1,11,21,41,-3.0,3.0,0.01,30.0,60.0,1e-09,1e-12,6,0.0001,1,new simulation,nan
20,21,0.36559933214452667,0.1499999999999999,1.0,settled,0.01,-0.20559933214452664,0.0,1,1,0,nan,0.08,0.28559933214452665,9.81,1,1,11,21,41,-3.0,3.0,0.01,30.0,60.0,1e-09,1e-12,6,0.0001,1,new simulation,nan
20,22,0.36559933214452667,0.2999999999999998,1.0,settled,0.01,-0.20559933214452664,0.0,1,1,0,nan,0.08,0.28559933214452665,9.81,1,1,11,21,41,-3.0,3.0,0.01,30.0,60.0,1e-09,1e-12,6,0.0001,1,new simulation,nan
20,23,0.36559933214452667,0.44999999999999973,1.0,settled,0.01,-0.20559933214452664,0.0,1,1,0,nan,0.08,0.28559933214452665,9.81,1,1,11,21,41,-3.0,3.0,0.01,30.0,60.0,1e-09,1e-12,6,0.0001,1,new simulation,nan
20,24,0.36559933214452667,0.5999999999999996,1.0,settled,0.01,-0.20559933214452664,0.0,1,1,0,nan,0.08,0.28559933214452665,9.81,1,1,11,21,41,-3.0,3.0,0.01,30.0,60.0,1e-09,1e-12,6,0.0001,1,new simulation,nan
20,25,0.36559933214452667,0.75,1.0,settled,0.01,-0.20559933214452664,0.0,1,1,0,nan,0.08,0.28559933214452665,9.81,1,1,11,21,41,-3.0,3.0,0.01,30.0,60.0,1e-09,1e-12,6,0.0001,1,new simulation,nan
20,26,0.36559933214452667,0.8999999999999999,1.0,rolling,11.989999999999789,-0.19250803299812674,1.4450469363769063,28,28,0,1.4624296322367905,0.08,0.28559933214452665,9.81,1,1,11,21,41,-3.0,3.0,0.01,30.0,60.0,1e-09,1e-12,6,0.0001,1,new simulation,nan
20,27,0.36559933214452667,1.0499999999999998,1.0,rolling,11.249999999999805,-0.2027562467778181,1.4586325441317478,27,27,0,1.462399593466514,0.08,0.28559933214452665,9.81,1,1,11,21,41,-3.0,3.0,0.01,30.0,60.0,1e-09,1e-12,6,0.0001,1,new simulation,nan
20,28,0.36559933214452667,1.2000000000000002,1.0,rolling,11.02999999999981,-0.19492837642308194,1.4482060844546802,27,27,0,1.462428214406745,0.08,0.28559933214452665,9.81,1,1,11,21,41,-3.0,3.0,0.01,30.0,60.0,1e-09,1e-12,6,0.0001,1,new simulation,nan
20,29,0.36559933214452667,1.3499999999999996,1.0,rolling,10.439999999999822,-0.20239608571955625,1.4581519166320143,26,26,0,1.462418619836967,0.08,0.28559933214452665,9.81,1,1,11,21,41,-3.0,3.0,0.01,30.0,60.0,1e-09,1e-12,6,0.0001,1,new simulation,nan
20,30,0.36559933214452667,1.5,1.0,rolling,9.879999999999834,-0.20193819044461228,1.4575378670542942,25,25,0,1.4624316117378588,0.08,0.28559933214452665,9.81,1,1,11,21,41,-3.0,3.0,0.01,30.0,60.0,1e-09,1e-12,6,0.0001,1,new simulation,nan
20,31,0.36559933214452667,1.6499999999999995,1.0,rolling,8.529999999999863,-0.20376414114599173,1.4600072010873737,22,22,0,1.4624190856466772,0.08,0.28559933214452665,9.81,1,1,11,21,41,-3.0,3.0,0.01,30.0,60.0,1e-09,1e-12,6,0.0001,1,new simulation,nan
20,32,0.36559933214452667,1.7999999999999998,1.0,rolling,7.999999999999874,-0.20136065965617977,1.4568583500207215,21,21,0,1.462709152644153,0.08,0.28559933214452665,9.81,1,1,11,21,41,-3.0,3.0,0.01,30.0,60.0,1e-09,1e-12,6,0.0001,1,new simulation,nan
20,33,0.36559933214452667,1.9500000000000002,1.0,rolling,9.489999999999842,-0.20123313014281483,1.4566813832070782,25,25,0,1.462694447618923,0.08,0.28559933214452665,9.81,1,1,11,21,41,-3.0,3.0,0.01,30.0,60.0,1e-09,1e-12,6,0.0001,1,new simulation,nan
20,34,0.36559933214452667,2.0999999999999996,1.0,rolling,9.779999999999836,-0.20175366438622172,1.4573950057399967,26,26,0,1.4627286356389089,0.08,0.28559933214452665,9.81,1,1,11,21,41,-3.0,3.0,0.01,30.0,60.0,1e-09,1e-12,6,0.0001,1,new simulation,nan
20,35,0.36559933214452667,2.25,1.0,rolling,10.479999999999821,-0.20069630482858886,1.455956105764277,28,28,0,1.4626848201574336,0.08,0.28559933214452665,9.81,1,1,11,21,41,-3.0,3.0,0.01,30.0,60.0,1e-09,1e-12,6,0.0001,1,new simulation,nan
20,36,0.36559933214452667,2.3999999999999995,1.0,rolling,10.379999999999823,-0.2007331926762976,1.4560206279320593,28,28,0,1.462726671301801,0.08,0.28559933214452665,9.81,1,1,11,21,41,-3.0,3.0,0.01,30.0,60.0,1e-09,1e-12,6,0.0001,1,new simulation,nan
20,37,0.36559933214452667,2.55,1.0,rolling,10.689999999999817,-0.19685934793227128,1.450851048116366,29,29,0,1.4627101921126953,0.08,0.28559933214452665,9.81,1,1,11,21,41,-3.0,3.0,0.01,30.0,60.0,1e-09,1e-12,6,0.0001,1,new simulation,nan
20,38,0.36559933214452667,2.7,1.0,rolling,10.99999999999981,-0.19928523612510318,1.45406820042495,30,30,0,1.4626906655270744,0.08,0.28559933214452665,9.81,1,1,11,21,41,-3.0,3.0,0.01,30.0,60.0,1e-09,1e-12,6,0.0001,1,new simulation,nan
20,39,0.36559933214452667,2.8499999999999996,1.0,rolling,10.909999999999812,-0.20385163513007026,1.4602319681433178,30,30,0,1.4627156823225216,0.08,0.28559933214452665,9.81,1,1,11,21,41,-3.0,3.0,0.01,30.0,60.0,1e-09,1e-12,6,0.0001,1,new simulation,nan
20,40,0.36559933214452667,3.0,1.0,rolling,11.229999999999805,-0.20248521164892455,1.4583692206593917,31,31,0,1.4626895489735101,0.08,0.28559933214452665,9.81,1,1,11,21,41,-3.0,3.0,0.01,30.0,60.0,1e-09,1e-12,6,0.0001,1,new simulation,nan
