theta_index,theta_dot_index,theta0,theta_dot0,relative_angle,classification,final_time,final_theta,final_theta_dot,total_impacts,downhill_impacts,uphill_impacts,rolling_speed,gamma,alpha,gravity,length,mass,num_spokes,num_angles,num_speeds,minimum_speed,maximum_speed,timestep,max_time,retry_time,impact_time_tolerance,remaining_time_tolerance,convergence_impacts,speed_tolerance,cache_version,original_source_csv,original_grid_rolling_percent
0,0,-0.19269908169872413,-3.0,-1.0,rolling,9.859999999999834,-0.1894968093158127,1.7237645550199692,20,18,2,1.727167900146098,0.2,0.39269908169872414,9.81,1,1,8,21,41,-3.0,3.0,0.01,30.0,60.0,1e-09,1e-12,6,0.0001,1,new simulation,nan
0,1,-0.19269908169872413,-2.85,-1.0,settled,0.9900000000000007,-0.19269908169872418,0.0,3,1,2,nan,0.2,0.39269908169872414,9.81,1,1,8,21,41,-3.0,3.0,0.01,30.0,60.0,1e-09,1e-12,6,0.0001,1,new simulation,nan
0,2,-0.19269908169872413,-2.7,-1.0,settled,1.1500000000000008,-0.19269908169872418,0.0,3,1,2,nan,0.2,0.39269908169872414,9.81,1,1,8,21,41,-3.0,3.0,0.01,30.0,60.0,1e-09,1e-12,6,0.0001,1,new simulation,nan
0,3,-0.19269908169872413,-2.55,-1.0,rolling,8.729999999999858,-0.17744577840164488,1.7112061369292384,18,17,1,1.7271653210464202,0.2,0.39269908169872414,9.81,1,1,8,21,41,-3.0,3.0,0.01,30.0,60.0,1e-09,1e-12,6,0.0001,1,new simulation,nan
0,4,-0.19269908169872413,-2.4,-1.0,rolling,8.67999999999986,-0.18863203121610586,1.7228417125695419,19,18,1,1.727192502193617,0.2,0.39269908169872414,9.81,1,1,8,21,41,-3.0,3.0,0.01,30.0,60.0,1e-09,1e-12,6,0.0001,1,new simulation,nan
0,5,-0.19269908169872413,-2.25,-1.0,rolling,8.539999999999862,-0.18635753099637872,1.720425554035857,19,18,1,1.7271884586014885,0.2,0.39269908169872414,9.81,1,1,8,21,41,-3.0,3.0,0.01,30.0,60.0,1e-09,1e-12,6,0.0001,1,new simulation,nan
0,6,-0.19269908169872413,-2.1,-1.0,rolling,8.479999999999864,-0.17735684126815288,1.7111180184077799,19,18,1,1.727184675835251,0.2,0.39269908169872414,9.81,1,1,8,21,41,-3.0,3.0,0.01,30.0,60.0,1e-09,1e-12,6,0.0001,1,new simulation,nan
0,7,-0.19269908169872413,-1.95,-1.0,rolling,8.449999999999864,-0.18539606304996611,1.7194113703230127,19,18,1,1.7271811526304353,0.2,0.39269908169872414,9.81,1,1,8,21,41,-3.0,3.0,0.01,30.0,60.0,1e-09,1e-12,6,0.0001,1,new simulation,nan
0,8,-0.19269908169872413,-1.8,-1.0,rolling,8.459999999999864,-0.1770269153179505,1.71078392692575,19,18,1,1.727177891804476,0.2,0.39269908169872414,9.81,1,1,8,21,41,-3.0,3.0,0.01,30.0,60.0,1e-09,1e-12,6,0.0001,1,new simulation,nan
0,9,-0.19269908169872413,-1.6500000000000001,-1.0,rolling,8.489999999999863,-0.18882373867327007,1.7230448125971676,19,18,1,1.7271748916882828,0.2,0.39269908169872414,9.81,1,1,8,21,41,-3.0,3.0,0.01,30.0,60.0,1e-09,1e-12,6,0.0001,1,new simulation,nan
0,10,-0.19269908169872413,-1.5,-1.0,rolling,8.579999999999862,-0.17613173507415475,1.7098814314856068,19,18,1,1.727172151781767,0.2,0.39269908169872414,9.81,1,1,8,21,41,-3.0,3.0,0.01,30.0,60.0,1e-09,1e-12,6,0.0001,1,new simulation,nan
0,11,-0.19269908169872413,-1.35,-1.0,rolling,8.759999999999858,-0.18172083070618958,1.7155785778460293,19,18,1,1.7271696734214819,0.2,0.39269908169872414,9.81,1,1,8,21,41,-3.0,3.0,0.01,30.0,60.0,1e-09,1e-12,6,0.0001,1,new simulation,nan
0,12,-0.19269908169872413,-1.2000000000000002,-1.0,settled,0.34000000000000014,-0.19269908169872418,0.0,2,1,1,nan,0.2,0.39269908169872414,9.81,1,1,8,21,41,-3.0,3.0,0.01,30.0,60.0,1e-09,1e-12,6,0.0001,1,new simulation,nan
0,13,-0.19269908169872413,-1.05,-1.0,settled,0.2900000000000001,-0.19269908169872418,0.0,2,1,1,nan,0.2,0.39269908169872414,9.81,1,1,8,21,41,-3.0,3.0,0.01,30.0,60.0,1e-09,1e-12,6,0.0001,1,new simulation,nan
0,14,-0.19269908169872413,-0.8999999999999999,-1.0,settled,0.25000000000000006,-0.19269908169872418,0.0,2,1,1,nan,0.2,0.39269908169872414,9.81,1,1,8,21,41,-3.0,3.0,0.01,30.0,60.0,1e-09,1e-12,6,0.0001,1,new simulation,nan
0,15,-0.19269908169872413,-0.75,-1.0,settled,0.20000000000000004,-0.19269908169872418,0.0,2,1,1,nan,0.2,0.39269908169872414,9.81,1,1,8,21,41,-3.0,3.0,0.01,30.0,60.0,1e-09,1e-12,6,0.0001,1,new simulation,nan
0,16,-0.19269908169872413,-0.6000000000000001,-1.0,settled,0.16,-0.19269908169872418,0.0,2,1,1,nan,0.2,0.39269908169872414,9.81,1,1,8,21,41,-3.0,3.0,0.01,30.0,60.0,1e-09,1e-12,6,0.0001,1,new simulation,nan
0,17,-0.19269908169872413,-0.4500000000000002,-1.0,settled,0.11999999999999998,-0.19269908169872418,0.0,2,1,1,nan,0.2,0.39269908169872414,9.81,1,1,8,21,41,-3.0,3.0,0.01,30.0,60.0,1e-09,1e-12,6,0.0001,1,new simulation,nan
0,18,-0.19269908169872413,-0.30000000000000027,-1.0,settled,0.08,-0.19269908169872418,0.0,2,1,1,nan,0.2,0.39269908169872414,9.81,1,1,8,21,41,-3.0,3.0,0.01,30.0,60.0,1e-09,1e-12,6,0.0001,1,new simulation,nan
0,19,-0.19269908169872413,-0.1499999999999999,-1.0,settled,0.04,-0.19269908169872418,0.0,2,1,1,nan,0.2,0.39269908169872414,9.81,1,1,8,21,41,-3.0,3.0,0.01,30.0,60.0,1e-09,1e-12,6,0.0001,1,new simulation,nan
0,20,-0.19269908169872413,0.0,-1.0,settled,0.01,-0.19269908169872418,0.0,2,1,1,nan,0.2,0.39269908169872414,9.81,1,1,8,21,41,-3.0,3.0,0.01,30.0,60.0,1e-09,1e-12,6,0.0001,1,new simulation,nan
0,21,-0.19269908169872413,0.1499999999999999,-1.0,settled,0.21000000000000005,-0.19269908169872418,0.0,2,1,1,nan,0.2,0.39269908169872414,9.81,1,1,8,21,41,-3.0,3.0,0.01,30.0,60.0,1e-09,1e-12,6,0.0001,1,new simulation,nan
0,22,-0.19269908169872413,0.2999999999999998,-1.0,settled,0.4300000000000002,-0.19269908169872418,0.0,2,1,1,nan,0.2,0.39269908169872414,9.81,1,1,8,21,41,-3.0,3.0,0.01,30.0,60.0,1e-09,1e-12,6,0.0001,1,new simulation,nan
0,23,-0.19269908169872413,0.44999999999999973,-1.0,settled,0.7400000000000004,-0.19269908169872418,0.0,2,1,1,nan,0.2,0.39269908169872414,9.81,1,1,8,21,41,-3.0,3.0,0.01,30.0,60.0,1e-09,1e-12,6,0.0001,1,new simulation,nan
0,24,-0.19269908169872413,0.5999999999999996,-1.0,settled,2.1199999999999988,-0.19269908169872418,0.0,2,1,1,nan,0.2,0.39269908169872414,9.81,1,1,8,21,41,-3.0,3.0,0.01,30.0,60.0,1e-09,1e-12,6,0.0001,1,new simulation,nan
0,25,-0.19269908169872413,0.75,-1.0,rolling,8.139999999999871,-0.18050773192676933,1.7143288768196714,17,17,0,1.7271721514274896,0.2,0.39269908169872414,9.81,1,1,8,21,41,-3.0,3.0,0.01,30.0,60.0,1e-09,1e-12,6,0.0001,1,new simulation,nan
0,26,-0.19269908169872413,0.8999999999999999,-1.0,rolling,7.889999999999876,-0.1859860482727444,1.7200324199961765,17,17,0,1.7271778923061387,0.2,0.39269908169872414,9.81,1,1,8,21,41,-3.0,3.0,0.01,30.0,60.0,1e-09,1e-12,6,0.0001,1,new simulation,nan
0,27,-0.19269908169872413,1.0499999999999998,-1.0,rolling,7.739999999999879,-0.17761624258053735,1.711380568080187,17,17,0,1.7271846749975026,0.2,0.39269908169872414,9.81,1,1,8,21,41,-3.0,3.0,0.01,30.0,60.0,1e-09,1e-12,6,0.0001,1,new simulation,nan
0,28,-0.19269908169872413,1.2000000000000002,-1.0,rolling,7.619999999999882,-0.18090009243443492,1.7147342986040746,17,17,0,1.7271925022940018,0.2,0.39269908169872414,9.81,1,1,8,21,41,-3.0,3.0,0.01,30.0,60.0,1e-09,1e-12,6,0.0001,1,new simulation,nan
0,29,-0.19269908169872413,1.3499999999999996,-1.0,rolling,7.089999999999893,-0.1834993222076815,1.7174248361972932,16,16,0,1.7271744524113917,0.2,0.39269908169872414,9.81,1,1,8,21,41,-3.0,3.0,0.01,30.0,60.0,1e-09,1e-12,6,0.0001,1,new simulation,nan
0,30,-0.19269908169872413,1.5,-1.0,rolling,6.999999999999895,-0.1913130106592009,1.725722126439011,16,16,0,1.7271942810159195,0.2,0.39269908169872414,9.81,1,1,8,21,41,-3.0,3.0,0.01,30.0,60.0,1e-09,1e-12,6,0.0001,1,new simulation,nan
0,31,-0.19269908169872413,1.6499999999999995,-1.0,rolling,6.069999999999915,-0.17869978913246035,1.7124804713670223,14,14,0,1.7271799036783742,0.2,0.39269908169872414,9.81,1,1,8,21,41,-3.0,3.0,0.01,30.0,60.0,1e-09,1e-12,6,0.0001,1,new simulation,nan
0,32,-0.19269908169872413,1.7999999999999998,-1.0,rolling,5.9999999999999165,-0.17875052503046251,1.7125413611933578,14,14,0,1.7272759104275475,0.2,0.39269908169872414,9.81,1,1,8,21,41,-3.0,3.0,0.01,30.0,60.0,1e-09,1e-12,6,0.0001,1,new simulation,nan
0,33,-0.19269908169872413,1.9500000000000002,-1.0,rolling,6.7899999999999,-0.18901285696330158,1.723255730468482,16,16,0,1.7272662846705107,0.2,0.39269908169872414,9.81,1,1,8,21,41,-3.0,3.0,0.01,30.0,60.0,1e-09,1e-12,6,0.0001,1,new simulation,nan
0,34,-0.19269908169872413,2.0999999999999996,-1.0,rolling,7.159999999999892,-0.18878894668850063,1.7230158903829615,17,17,0,1.727261376574492,0.2,0.39269908169872414,9.81,1,1,8,21,41,-3.0,3.0,0.01,30.0,60.0,1e-09,1e-12,6,0.0001,1,new simulation,nan
0,35,-0.19269908169872413,2.25,-1.0,rolling,7.109999999999893,-0.1769142265970605,1.710679646271852,17,17,0,1.7272765070372635,0.2,0.39269908169872414,9.81,1,1,8,21,41,-3.0,3.0,0.01,30.0,60.0,1e-09,1e-12,6,0.0001,1,new simulation,nan
0,36,-0.19269908169872413,2.3999999999999995,-1.0,rolling,7.049999999999894,-0.18747138338106228,1.721615352265504,17,17,0,1.7272926810385592,0.2,0.39269908169872414,9.81,1,1,8,21,41,-3.0,3.0,0.01,30.0,60.0,1e-09,1e-12,6,0.0001,1,new simulation,nan
0,37,-0.19269908169872413,2.55,-1.0,rolling,7.429999999999886,-0.18608163480177928,1.7201419733287917,18,18,0,1.7272690957537467,0.2,0.39269908169872414,9.81,1,1,8,21,41,-3.0,3.0,0.01,30.0,60.0,1e-09,1e-12,6,0.0001,1,new simulation,nan
0,38,-0.19269908169872413,2.7,-1.0,rolling,7.379999999999887,-0.18814127525373447,1.7223265004606707,18,18,0,1.727278226770401,0.2,0.39269908169872414,9.81,1,1,8,21,41,-3.0,3.0,0.01,30.0,60.0,1e-09,1e-12,6,0.0001,1,new simulation,nan
0,39,-0.19269908169872413,2.8499999999999996,-1.0,rolling,7.339999999999888,-0.17666519474529735,1.710429565532273,18,18,0,1.72728787978982,0.2,0.39269908169872414,9.81,1,1,8,21,41,-3.0,3.0,0.01,30.0,60.0,1e-09,1e-12,6,0.0001,1,new simulation,nan
0,40,-0.19269908169872413,3.0,-1.0,rolling,7.71999999999988,-0.18624836899996147,1.720317400774286,19,19,0,1.7272631733853734,0.2,0.39269908169872414,9.81,1,1,8,21,41,-3.0,3.0,0.01,30.0,60.0,1e-09,1e-12,6,0.0001,1,new simulation,nan
1,0,-0.15342917352885171,-3.0,-0.9,rolling,9.649999999999839,-0.1802707975685338,1.7140852360324939,20,18,2,1.727168284627906,0.2,0.39269908169872414,9.81,1,1,8,21,41,-3.0,3.0,0.01,30.0,60.0,1e-09,1e-12,6,0.0001,1,new simulation,nan
1,1,-0.15342917352885171,-2.85,-0.9,settled,0.9900000000000007,-0.19269908169872418,0.0,3,1,2,nan,0.2,0.39269908169872414,9.81,1,1,8,21,41,-3.0,3.0,0.01,30.0,60.0,1e-09,1e-12,6,0.0001,1,new simulation,nan
1,2,-0.15342917352885171,-2.7,-0.9,settled,1.1200000000000008,-0.19269908169872418,0.0,3,1,2,nan,0.2,0.39269908169872414,9.81,1,1,8,21,41,-3.0,3.0,0.01,30.0,60.0,1e-09,1e-12,6,0.0001,1,new simulation,nan
1,3,-0.15342917352885171,-2.55,-0.9,rolling,9.11999999999985,-0.1784015098804205,1.712175719283825,18,17,1,1.7271668586967375,0.2,0.39269908169872414,9.81,1,1,8,21,41,-3.0,3.0,0.01,30.0,60.0,1e-09,1e-12,6,0.0001,1,new simulation,nan
1,4,-0.15342917352885171,-2.4,-0.9,rolling,8.739999999999858,-0.1867569515572503,1.7208483917127715,19,18,1,1.727193272151544,0.2,0.39269908169872414,9.81,1,1,8,21,41,-3.0,3.0,0.01,30.0,60.0,1e-09,1e-12,6,0.0001,1,new simulation,nan
1,5,-0.15342917352885171,-2.25,-0.9,rolling,8.579999999999862,-0.18099408495621905,1.7148307502964215,19,18,1,1.7271892271556517,0.2,0.39269908169872414,9.81,1,1,8,21,41,-3.0,3.0,0.01,30.0,60.0,1e-09,1e-12,6,0.0001,1,new simulation,nan
1,6,-0.15342917352885171,-2.1,-0.9,rolling,8.499999999999863,-0.1916376510518433,1.7260724509583887,19,18,1,1.7271854439475829,0.2,0.39269908169872414,9.81,1,1,8,21,41,-3.0,3.0,0.01,30.0,60.0,1e-09,1e-12,6,0.0001,1,new simulation,nan
1,7,-0.15342917352885171,-1.95,-0.9,rolling,8.469999999999864,-0.19034647232834295,1.724678497708143,19,18,1,1.7271819226372933,0.2,0.39269908169872414,9.81,1,1,8,21,41,-3.0,3.0,0.01,30.0,60.0,1e-09,1e-12,6,0.0001,1,new simulation,nan
1,8,-0.15342917352885171,-1.8,-0.9,rolling,8.469999999999864,-0.19015954295038404,1.724477104628554,19,18,1,1.727178660975836,0.2,0.39269908169872414,9.81,1,1,8,21,41,-3.0,3.0,0.01,30.0,60.0,1e-09,1e-12,6,0.0001,1,new simulation,nan
1,9,-0.15342917352885171,-1.6500000000000001,-0.9,rolling,8.499999999999863,-0.18918078482635642,1.723426767467392,19,18,1,1.7271756613475546,0.2,0.39269908169872414,9.81,1,1,8,21,41,-3.0,3.0,0.01,30.0,60.0,1e-09,1e-12,6,0.0001,1,new simulation,nan
1,10,-0.15342917352885171,-1.5,-0.9,rolling,8.569999999999862,-0.1853136993089661,1.7193239782893532,19,18,1,1.7271729215815947,0.2,0.39269908169872414,9.81,1,1,8,21,41,-3.0,3.0,0.01,30.0,60.0,1e-09,1e-12,6,0.0001,1,new simulation,nan
1,11,-0.15342917352885171,-1.35,-0.9,rolling,8.709999999999859,-0.18233386360107137,1.7162131002380894,19,18,1,1.727170442064333,0.2,0.39269908169872414,9.81,1,1,8,21,41,-3.0,3.0,0.01,30.0,60.0,1e-09,1e-12,6,0.0001,1,new simulation,nan
1,12,-0.15342917352885171,-1.2000000000000002,-0.9,rolling,9.10999999999985,-0.186840127023573,1.7209340531658792,19,18,1,1.7271682248594453,0.2,0.39269908169872414,9.81,1,1,8,21,41,-3.0,3.0,0.01,30.0,60.0,1e-09,1e-12,6,0.0001,1,new simulation,nan
1,13,-0.15342917352885171,-1.05,-0.9,settled,0.35000000000000014,-0.19269908169872418,0.0,2,1,1,nan,0.2,0.39269908169872414,9.81,1,1,8,21,41,-3.0,3.0,0.01,30.0,60.0,1e-09,1e-12,6,0.0001,1,new simulation,nan
1,14,-0.15342917352885171,-0.8999999999999999,-0.9,settled,0.3100000000000001,-0.19269908169872418,0.0,2,1,1,nan,0.2,0.39269908169872414,9.81,1,1,8,21,41,-3.0,3.0,0.01,30.0,60.0,1e-09,1e-12,6,0.0001,1,new simulation,nan
1,15,-0.15342917352885171,-0.75,-0.9,settled,0.2800000000000001,-0.19269908169872418,0.0,2,1,1,nan,0.2,0.39269908169872414,9.81,1,1,8,21,41,-3.0,3.0,0.01,30.0,60.0,1e-09,1e-12,6,0.0001,1,new simulation,nan
1,16,-0.15342917352885171,-0.6000000000000001,-0.9,settled,0.25000000000000006,-0.19269908169872418,0.0,2,1,1,nan,0.2,0.39269908169872414,9.81,1,1,8,21,41,-3.0,3.0,0.01,30.0,60.0,1e-09,1e-12,6,0.0001,1,new simulation,nan
1,17,-0.15342917352885171,-0.4500000000000002,-0.9,settled,0.23000000000000007,-0.19269908169872418,0.0,2,1,1,nan,0.2,0.39269908169872414,9.81,1,1,8,21,41,-3.0,3.0,0.01,30.0,60.0,1e-09,1e-12,6,0.0001,1,new simulation,nan
1,18,-0.15342917352885171,-0.30000000000000027,-0.9,settled,0.23000000000000007,-0.19269908169872418,0.0,2,1,1,nan,0.2,0.39269908169872414,9.81,1,1,8,21,41,-3.0,3.0,0.01,30.0,60.0,1e-09,1e-12,6,0.0001,1,new simulation,nan
1,19,-0.15342917352885171,-0.1499999999999999,-0.9,settled,0.25000000000000006,-0.19269908169872418,0.0,2,1,1,nan,0.2,0.39269908169872414,9.81,1,1,8,21,41,-3.0,3.0,0.01,30.0,60.0,1e-09,1e-12,6,0.0001,1,new simulation,nan
1,20,-0.15342917352885171,0.0,-0.9,settled,0.3200000000000001,-0.19269908169872418,0.0,2,1,1,nan,0.2,0.39269908169872414,9.81,1,1,8,21,41,-3.0,3.0,0.01,30.0,60.0,1e-09,1e-12,6,0.0001,1,new simulation,nan
1,21,-0.15342917352885171,0.1499999999999999,-0.9,settled,0.46000000000000024,-0.19269908169872418,0.0,2,1,1,nan,0.2,0.39269908169872414,9.81,1,1,8,21,41,-3.0,3.0,0.01,30.0,60.0,1e-09,1e-12,6,0.0001,1,new simulation,nan
1,22,-0.15342917352885171,0.2999999999999998,-0.9,settled,0.7000000000000004,-0.19269908169872418,0.0,2,1,1,nan,0.2,0.39269908169872414,9.81,1,1,8,21,41,-3.0,3.0,0.01,30.0,60.0,1e-09,1e-12,6,0.0001,1,new simulation,nan
1,23,-0.15342917352885171,0.44999999999999973,-0.9,settled,1.330000000000001,-0.19269908169872418,0.0,2,1,1,nan,0.2,0.39269908169872414,9.81,1,1,8,21,41,-3.0,3.0,0.01,30.0,60.0,1e-09,1e-12,6,0.0001,1,new simulation,nan
1,24,-0.15342917352885171,0.5999999999999996,-0.9,rolling,8.20999999999987,-0.18466385295127966,1.7186416078078037,17,17,0,1.7271705329882874,0.2,0.39269908169872414,9.81,1,1,8,21,41,-3.0,3.0,0.01,30.0,60.0,1e-09,1e-12,6,0.0001,1,new simulation,nan
1,25,-0.15342917352885171,0.75,-0.9,rolling,7.929999999999875,-0.18774754349189357,1.7218976004117268,17,17,0,1.7271752284788267,0.2,0.39269908169872414,9.81,1,1,8,21,41,-3.0,3.0,0.01,30.0,60.0,1e-09,1e-12,6,0.0001,1,new simulation,nan
1,26,-0.15342917352885171,0.8999999999999999,-0.9,rolling,7.769999999999879,-0.18305608225537445,1.7169639671847081,17,17,0,1.7271809681708437,0.2,0.39269908169872414,9.81,1,1,8,21,41,-3.0,3.0,0.01,30.0,60.0,1e-09,1e-12,6,0.0001,1,new simulation,nan
1,27,-0.15342917352885171,1.0499999999999998,-0.9,rolling,7.649999999999881,-0.18131223030517674,1.7151584785077068,17,17,0,1.7271877522757217,0.2,0.39269908169872414,9.81,1,1,8,21,41,-3.0,3.0,0.01,30.0,60.0,1e-09,1e-12,6,0.0001,1,new simulation,nan
1,28,-0.15342917352885171,1.2000000000000002,-0.9,rolling,7.119999999999893,-0.18164301340541555,1.7154975226417963,16,16,0,1.727162864171148,0.2,0.39269908169872414,9.81,1,1,8,21,41,-3.0,3.0,0.01,30.0,60.0,1e-09,1e-12,6,0.0001,1,new simulation,nan
1,29,-0.15342917352885171,1.3499999999999996,-0.9,rolling,7.0299999999998946,-0.18822292842151184,1.722404179259177,16,16,0,1.7271806055356578,0.2,0.39269908169872414,9.81,1,1,8,21,41,-3.0,3.0,0.01,30.0,60.0,1e-09,1e-12,6,0.0001,1,new simulation,nan
1,30,-0.15342917352885171,1.5,-0.9,rolling,6.519999999999905,-0.19262534304708906,1.7271427927916108,15,15,0,1.7271725739113724,0.2,0.39269908169872414,9.81,1,1,8,21,41,-3.0,3.0,0.01,30.0,60.0,1e-09,1e-12,6,0.0001,1,new simulation,nan
1,31,-0.15342917352885171,1.6499999999999995,-0.9,rolling,5.589999999999925,-0.19072980897015956,1.72509128162581,13,13,0,1.727180743277663,0.2,0.39269908169872414,9.81,1,1,8,21,41,-3.0,3.0,0.01,30.0,60.0,1e-09,1e-12,6,0.0001,1,new simulation,nan
1,32,-0.15342917352885171,1.7999999999999998,-0.9,rolling,6.389999999999908,-0.18315928003516171,1.7170793228928678,15,15,0,1.7272644088036984,0.2,0.39269908169872414,9.81,1,1,8,21,41,-3.0,3.0,0.01,30.0,60.0,1e-09,1e-12,6,0.0001,1,new simulation,nan
1,33,-0.15342917352885171,1.9500000000000002,-0.9,rolling,6.7599999999999,-0.18227680023736492,1.7161637418647337,16,16,0,1.7272724377844562,0.2,0.39269908169872414,9.81,1,1,8,21,41,-3.0,3.0,0.01,30.0,60.0,1e-09,1e-12,6,0.0001,1,new simulation,nan
1,34,-0.15342917352885171,2.0999999999999996,-0.9,rolling,7.129999999999892,-0.18751407628974637,1.7216579995498063,17,17,0,1.7272644527628105,0.2,0.39269908169872414,9.81,1,1,8,21,41,-3.0,3.0,0.01,30.0,60.0,1e-09,1e-12,6,0.0001,1,new simulation,nan
1,35,-0.15342917352885171,2.25,-0.9,rolling,7.0799999999998935,-0.18018944111433535,1.7140124518068829,17,17,0,1.7272795833002885,0.2,0.39269908169872414,9.81,1,1,8,21,41,-3.0,3.0,0.01,30.0,60.0,1e-09,1e-12,6,0.0001,1,new simulation,nan
1,36,-0.15342917352885171,2.3999999999999995,-0.9,rolling,7.459999999999885,-0.17807300824377761,1.7118511348895686,18,18,0,1.7272620263548848,0.2,0.39269908169872414,9.81,1,1,8,21,41,-3.0,3.0,0.01,30.0,60.0,1e-09,1e-12,6,0.0001,1,new simulation,nan
1,37,-0.15342917352885171,2.55,-0.9,rolling,7.4099999999998865,-0.1793740906526209,1.7131769345113976,18,18,0,1.7272706356246286,0.2,0.39269908169872414,9.81,1,1,8,21,41,-3.0,3.0,0.01,30.0,60.0,1e-09,1e-12,6,0.0001,1,new simulation,nan
1,38,-0.15342917352885171,2.7,-0.9,rolling,7.3599999999998875,-0.18430159121188475,1.7182727114839735,18,18,0,1.7272797642305815,0.2,0.39269908169872414,9.81,1,1,8,21,41,-3.0,3.0,0.01,30.0,60.0,1e-09,1e-12,6,0.0001,1,new simulation,nan
1,39,-0.15342917352885171,2.8499999999999996,-0.9,rolling,7.309999999999889,-0.19253671231536465,1.727057569795885,18,18,0,1.7272894168385842,0.2,0.39269908169872414,9.81,1,1,8,21,41,-3.0,3.0,0.01,30.0,60.0,1e-09,1e-12,6,0.0001,1,new simulation,nan
1,40,-0.15342917352885171,3.0,-0.9,rolling,7.69999999999988,-0.18715995501609878,1.721282110852146,19,19,0,1.7272639424160434,0.2,0.39269908169872414,9.81,1,1,8,21,41,-3.0,3.0,0.01,30.0,60.0,1e-09,1e-12,6,0.0001,1,new simulation,nan
2,0,-0.1141592653589793,-3.0,-0.8,rolling,9.54999999999984,-0.19083823196914024,1.7252070366012855,20,18,2,1.7271685827307044,0.2,0.39269908169872414,9.81,1,1,8,21,41,-3.0,3.0,0.01,30.0,60.0,1e-09,1e-12,6,0.0001,1,new simulation,nan
2,1,-0.1141592653589793,-2.85,-0.8,settled,1.0000000000000007,-0.19269908169872418,0.0,3,1,2,nan,0.2,0.39269908169872414,9.81,1,1,8,21,41,-3.0,3.0,0.01,30.0,60.0,1e-09,1e-12,6,0.0001,1,new simulation,nan
2,2,-0.1141592653589793,-2.7,-0.8,settled,1.1100000000000008,-0.19269908169872418,0.0,3,1,2,nan,0.2,0.39269908169872414,9.81,1,1,8,21,41,-3.0,3.0,0.01,30.0,60.0,1e-09,1e-12,6,0.0001,1,new simulation,nan
2,3,-0.1141592653589793,-2.55,-0.8,settled,1.9000000000000015,-0.19269908169872418,0.0,3,1,2,nan,0.2,0.39269908169872414,9.81,1,1,8,21,41,-3.0,3.0,0.01,30.0,60.0,1e-09,1e-12,6,0.0001,1,new simulation,nan
2,4,-0.1141592653589793,-2.4,-0.8,rolling,8.799999999999857,-0.1786025086579673,1.712382782389598,19,18,1,1.7271938672237155,0.2,0.39269908169872414,9.81,1,1,8,21,41,-3.0,3.0,0.01,30.0,60.0,1e-09,1e-12,6,0.0001,1,new simulation,nan
2,5,-0.1141592653589793,-2.25,-0.8,rolling,8.60999999999986,-0.18825811747001403,1.7224425626310544,19,18,1,1.7271898228089781,0.2,0.39269908169872414,9.81,1,1,8,21,41,-3.0,3.0,0.01,30.0,60.0,1e-09,1e-12,6,0.0001,1,new simulation,nan
2,6,-0.1141592653589793,-2.1,-0.8,rolling,8.529999999999863,-0.18658499945374207,1.7206657675415056,19,18,1,1.727186040480654,0.2,0.39269908169872414,9.81,1,1,8,21,41,-3.0,3.0,0.01,30.0,60.0,1e-09,1e-12,6,0.0001,1,new simulation,nan
2,7,-0.1141592653589793,-1.95,-0.8,rolling,8.499999999999863,-0.17832498545980272,1.7120994333918509,19,18,1,1.7271825181119655,0.2,0.39269908169872414,9.81,1,1,8,21,41,-3.0,3.0,0.01,30.0,60.0,1e-09,1e-12,6,0.0001,1,new simulation,nan
2,8,-0.1141592653589793,-1.8,-0.8,rolling,8.489999999999863,-0.1892901203523077,1.7235441769848514,19,18,1,1.7271792579648013,0.2,0.39269908169872414,9.81,1,1,8,21,41,-3.0,3.0,0.01,30.0,60.0,1e-09,1e-12,6,0.0001,1,new simulation,nan
2,9,-0.1141592653589793,-1.6500000000000001,-0.8,rolling,8.519999999999863,-0.18038037439486784,1.7141984723430237,19,18,1,1.727176256601154,0.2,0.39269908169872414,9.81,1,1,8,21,41,-3.0,3.0,0.01,30.0,60.0,1e-09,1e-12,6,0.0001,1,new simulation,nan
2,10,-0.1141592653589793,-1.5,-0.8,rolling,8.579999999999862,-0.17886741446437587,1.7126506126846321,19,18,1,1.727173516730061,0.2,0.39269908169872414,9.81,1,1,8,21,41,-3.0,3.0,0.01,30.0,60.0,1e-09,1e-12,6,0.0001,1,new simulation,nan
2,11,-0.1141592653589793,-1.35,-0.8,rolling,8.68999999999986,-0.18833439918520753,1.7225220915709587,19,18,1,1.727171038807982,0.2,0.39269908169872414,9.81,1,1,8,21,41,-3.0,3.0,0.01,30.0,60.0,1e-09,1e-12,6,0.0001,1,new simulation,nan
2,12,-0.1141592653589793,-1.2000000000000002,-0.8,rolling,8.959999999999853,-0.18633004572824574,1.7203946407651258,19,18,1,1.7271688204093758,0.2,0.39269908169872414,9.81,1,1,8,21,41,-3.0,3.0,0.01,30.0,60.0,1e-09,1e-12,6,0.0001,1,new simulation,nan
2,13,-0.1141592653589793,-1.05,-0.8,settled,0.4000000000000002,-0.19269908169872418,0.0,2,1,1,nan,0.2,0.39269908169872414,9.81,1,1,8,21,41,-3.0,3.0,0.01,30.0,60.0,1e-09,1e-12,6,0.0001,1,new simulation,nan
2,14,-0.1141592653589793,-0.8999999999999999,-0.8,settled,0.36000000000000015,-0.19269908169872418,0.0,2,1,1,nan,0.2,0.39269908169872414,9.81,1,1,8,21,41,-3.0,3.0,0.01,30.0,60.0,1e-09,1e-12,6,0.0001,1,new simulation,nan
2,15,-0.1141592653589793,-0.75,-0.8,settled,0.34000000000000014,-0.19269908169872418,0.0,2,1,1,nan,0.2,0.39269908169872414,9.81,1,1,8,21,41,-3.0,3.0,0.01,30.0,60.0,1e-09,1e-12,6,0.0001,1,new simulation,nan
2,16,-0.1141592653589793,-0.6000000000000001,-0.8,settled,0.3300000000000001,-0.19269908169872418,0.0,2,1,1,nan,0.2,0.39269908169872414,9.81,1,1,8,21,41,-3.0,3.0,0.01,30.0,60.0,1e-09,1e-12,6,0.0001,1,new simulation,nan
2,17,-0.1141592653589793,-0.4500000000000002,-0.8,settled,0.3200000000000001,-0.19269908169872418,0.0,2,1,1,nan,0.2,0.39269908169872414,9.81,1,1,8,21,41,-3.0,3.0,0.01,30.0,60.0,1e-09,1e-12,6,0.0001,1,new simulation,nan
2,18,-0.1141592653589793,-0.30000000000000027,-0.8,settled,0.34000000000000014,-0.19269908169872418,0.0,2,1,1,nan,0.2,0.39269908169872414,9.81,1,1,8,21,41,-3.0,3.0,0.01,30.0,60.0,1e-09,1e-12,6,0.0001,1,new simulation,nan
2,19,-0.1141592653589793,-0.1499999999999999,-0.8,settled,0.3900000000000002,-0.19269908169872418,0.0,2,1,1,nan,0.2,0.39269908169872414,9.81,1,1,8,21,41,-3.0,3.0,0.01,30.0,60.0,1e-09,1e-12,6,0.0001,1,new simulation,nan
2,20,-0.1141592653589793,0.0,-0.8,settled,0.49000000000000027,-0.19269908169872418,0.0,2,1,1,nan,0.2,0.39269908169872414,9.81,1,1,8,21,41,-3.0,3.0,0.01,30.0,60.0,1e-09,1e-12,6,0.0001,1,new simulation,nan
2,21,-0.1141592653589793,0.1499999999999999,-0.8,settled,0.6700000000000004,-0.19269908169872418,0.0,2,1,1,nan,0.2,0.39269908169872414,9.81,1,1,8,21,41,-3.0,3.0,0.01,30.0,60.0,1e-09,1e-12,6,0.0001,1,new simulation,nan
2,22,-0.1141592653589793,0.2999999999999998,-0.8,settled,1.1200000000000008,-0.19269908169872418,0.0,2,1,1,nan,0.2,0.39269908169872414,9.81,1,1,8,21,41,-3.0,3.0,0.01,30.0,60.0,1e-09,1e-12,6,0.0001,1,new simulation,nan
2,23,-0.1141592653589793,0.44999999999999973,-0.8,rolling,8.299999999999867,-0.18072560104045018,1.7145525410086981,17,17,0,1.7271692630609132,0.2,0.39269908169872414,9.81,1,1,8,21,41,-3.0,3.0,0.01,30.0,60.0,1e-09,1e-12,6,0.0001,1,new simulation,nan
2,24,-0.1141592653589793,0.5999999999999996,-0.8,rolling,7.979999999999874,-0.17596737281147667,1.7097163411144942,17,17,0,1.7271729157173368,0.2,0.39269908169872414,9.81,1,1,8,21,41,-3.0,3.0,0.01,30.0,60.0,1e-09,1e-12,6,0.0001,1,new simulation,nan
2,25,-0.1141592653589793,0.75,-0.8,rolling,7.799999999999878,-0.18953048757651908,1.7238015869648566,17,17,0,1.7271776120405462,0.2,0.39269908169872414,9.81,1,1,8,21,41,-3.0,3.0,0.01,30.0,60.0,1e-09,1e-12,6,0.0001,1,new simulation,nan
2,26,-0.1141592653589793,0.8999999999999999,-0.8,rolling,7.679999999999881,-0.18229868368566382,1.7161778776715328,17,17,0,1.7271833513964794,0.2,0.39269908169872414,9.81,1,1,8,21,41,-3.0,3.0,0.01,30.0,60.0,1e-09,1e-12,6,0.0001,1,new simulation,nan
2,27,-0.1141592653589793,1.0499999999999998,-0.8,rolling,7.579999999999883,-0.18105922220166654,1.7148979250804182,17,17,0,1.7271901354360628,0.2,0.39269908169872414,9.81,1,1,8,21,41,-3.0,3.0,0.01,30.0,60.0,1e-09,1e-12,6,0.0001,1,new simulation,nan
2,28,-0.1141592653589793,1.2000000000000002,-0.8,rolling,7.059999999999894,-0.18597982593880252,1.7200248762296664,16,16,0,1.7271676308587647,0.2,0.39269908169872414,9.81,1,1,8,21,41,-3.0,3.0,0.01,30.0,60.0,1e-09,1e-12,6,0.0001,1,new simulation,nan
2,29,-0.1141592653589793,1.3499999999999996,-0.8,rolling,6.979999999999896,-0.19039554984094423,1.7247316475526033,16,16,0,1.727185371730692,0.2,0.39269908169872414,9.81,1,1,8,21,41,-3.0,3.0,0.01,30.0,60.0,1e-09,1e-12,6,0.0001,1,new simulation,nan
2,30,-0.1141592653589793,1.5,-0.8,rolling,6.479999999999906,-0.18862969634175827,1.722838227682305,15,15,0,1.7271821096761384,0.2,0.39269908169872414,9.81,1,1,8,21,41,-3.0,3.0,0.01,30.0,60.0,1e-09,1e-12,6,0.0001,1,new simulation,nan
2,31,-0.1141592653589793,1.6499999999999995,-0.8,rolling,4.699999999999944,-0.1768041974656879,1.7105603726587784,11,11,0,1.7271906262342103,0.2,0.39269908169872414,9.81,1,1,8,21,41,-3.0,3.0,0.01,30.0,60.0,1e-09,1e-12,6,0.0001,1,new simulation,nan
2,32,-0.1141592653589793,1.7999999999999998,-0.8,rolling,6.359999999999909,-0.17724309808144012,1.711011585830346,15,15,0,1.72727394158103,0.2,0.39269908169872414,9.81,1,1,8,21,41,-3.0,3.0,0.01,30.0,60.0,1e-09,1e-12,6,0.0001,1,new simulation,nan
2,33,-0.1141592653589793,1.9500000000000002,-0.8,rolling,6.729999999999901,-0.1818426480140206,1.715714810440053,16,16,0,1.7272772049897027,0.2,0.39269908169872414,9.81,1,1,8,21,41,-3.0,3.0,0.01,30.0,60.0,1e-09,1e-12,6,0.0001,1,new simulation,nan
2,34,-0.1141592653589793,2.0999999999999996,-0.8,rolling,7.099999999999893,-0.19166081557147988,1.7261052835989175,17,17,0,1.727266836248117,0.2,0.39269908169872414,9.81,1,1,8,21,41,-3.0,3.0,0.01,30.0,60.0,1e-09,1e-12,6,0.0001,1,new simulation,nan
2,35,-0.1141592653589793,2.25,-0.8,rolling,7.049999999999894,-0.18817981694799202,1.7223679194222885,17,17,0,1.7272819670860022,0.2,0.39269908169872414,9.81,1,1,8,21,41,-3.0,3.0,0.01,30.0,60.0,1e-09,1e-12,6,0.0001,1,new simulation,nan
2,36,-0.1141592653589793,2.3999999999999995,-0.8,rolling,7.429999999999886,-0.1893606951222133,1.723627783461497,18,18,0,1.72726321744069,0.2,0.39269908169872414,9.81,1,1,8,21,41,-3.0,3.0,0.01,30.0,60.0,1e-09,1e-12,6,0.0001,1,new simulation,nan
2,37,-0.1141592653589793,2.55,-0.8,rolling,7.389999999999887,-0.17635045907347144,1.7101110218664097,18,18,0,1.727271825344512,0.2,0.39269908169872414,9.81,1,1,8,21,41,-3.0,3.0,0.01,30.0,60.0,1e-09,1e-12,6,0.0001,1,new simulation,nan
2,38,-0.1141592653589793,2.7,-0.8,rolling,7.339999999999888,-0.18376071797047425,1.7177076545000696,18,18,0,1.7272809562767282,0.2,0.39269908169872414,9.81,1,1,8,21,41,-3.0,3.0,0.01,30.0,60.0,1e-09,1e-12,6,0.0001,1,new simulation,nan
2,39,-0.1141592653589793,2.8499999999999996,-0.8,rolling,7.299999999999889,-0.17700499367248623,1.7107726292103098,18,18,0,1.727290608514866,0.2,0.39269908169872414,9.81,1,1,8,21,41,-3.0,3.0,0.01,30.0,60.0,1e-09,1e-12,6,0.0001,1,new simulation,nan
2,40,-0.1141592653589793,3.0,-0.8,rolling,7.679999999999881,-0.19077474689355187,1.7251477212628927,19,19,0,1.727264538629128,0.2,0.39269908169872414,9.81,1,1,8,21,41,-3.0,3.0,0.01,30.0,60.0,1e-09,1e-12,6,0.0001,1,new simulation,nan
3,0,-0.07488935718910689,-3.0,-0.7,rolling,9.509999999999842,-0.1812199432314378,1.7150615010073758,20,18,2,1.7271687928995212,0.2,0.39269908169872414,9.81,1,1,8,21,41,-3.0,3.0,0.01,30.0,60.0,1e-09,1e-12,6,0.0001,1,new simulation,nan
3,1,-0.07488935718910689,-2.85,-0.7,settled,1.0100000000000007,-0.19269908169872418,0.0,3,1,2,nan,0.2,0.39269908169872414,9.81,1,1,8,21,41,-3.0,3.0,0.01,30.0,60.0,1e-09,1e-12,6,0.0001,1,new simulation,nan
3,2,-0.07488935718910689,-2.7,-0.7,settled,1.1100000000000008,-0.19269908169872418,0.0,3,1,2,nan,0.2,0.39269908169872414,9.81,1,1,8,21,41,-3.0,3.0,0.01,30.0,60.0,1e-09,1e-12,6,0.0001,1,new simulation,nan
3,3,-0.07488935718910689,-2.55,-0.7,settled,1.6200000000000012,-0.19269908169872418,0.0,3,1,2,nan,0.2,0.39269908169872414,9.81,1,1,8,21,41,-3.0,3.0,0.01,30.0,60.0,1e-09,1e-12,6,0.0001,1,new simulation,nan
3,4,-0.07488935718910689,-2.4,-0.7,rolling,8.839999999999856,-0.19225411003349183,1.7267415444963246,19,18,1,1.7271942896352621,0.2,0.39269908169872414,9.81,1,1,8,21,41,-3.0,3.0,0.01,30.0,60.0,1e-09,1e-12,6,0.0001,1,new simulation,nan
3,5,-0.07488935718910689,-2.25,-0.7,rolling,8.63999999999986,-0.18883027954181175,1.723053270056601,19,18,1,1.7271902449308094,0.2,0.39269908169872414,9.81,1,1,8,21,41,-3.0,3.0,0.01,30.0,60.0,1e-09,1e-12,6,0.0001,1,new simulation,nan
3,6,-0.07488935718910689,-2.1,-0.7,rolling,8.559999999999862,-0.17818646348941483,1.7119590742231996,19,18,1,1.7271864617468455,0.2,0.39269908169872414,9.81,1,1,8,21,41,-3.0,3.0,0.01,30.0,60.0,1e-09,1e-12,6,0.0001,1,new simulation,nan
3,7,-0.07488935718910689,-1.95,-0.7,rolling,8.519999999999863,-0.18263626612511552,1.7165279589482825,19,18,1,1.727182940111571,0.2,0.39269908169872414,9.81,1,1,8,21,41,-3.0,3.0,0.01,30.0,60.0,1e-09,1e-12,6,0.0001,1,new simulation,nan
3,8,-0.07488935718910689,-1.8,-0.7,rolling,8.509999999999863,-0.1902597836769447,1.724585010817224,19,18,1,1.7271796778614998,0.2,0.39269908169872414,9.81,1,1,8,21,41,-3.0,3.0,0.01,30.0,60.0,1e-09,1e-12,6,0.0001,1,new simulation,nan
3,9,-0.07488935718910689,-1.6500000000000001,-0.7,rolling,8.539999999999862,-0.17720323179849176,1.7109619359515809,19,18,1,1.727176678089929,0.2,0.39269908169872414,9.81,1,1,8,21,41,-3.0,3.0,0.01,30.0,60.0,1e-09,1e-12,6,0.0001,1,new simulation,nan
3,10,-0.07488935718910689,-1.5,-0.7,rolling,8.589999999999861,-0.1850670498799339,1.719064920486887,19,18,1,1.7271739378186197,0.2,0.39269908169872414,9.81,1,1,8,21,41,-3.0,3.0,0.01,30.0,60.0,1e-09,1e-12,6,0.0001,1,new simulation,nan
3,11,-0.07488935718910689,-1.35,-0.7,rolling,8.68999999999986,-0.1918134012574419,1.7262614451390903,19,18,1,1.727171460446711,0.2,0.39269908169872414,9.81,1,1,8,21,41,-3.0,3.0,0.01,30.0,60.0,1e-09,1e-12,6,0.0001,1,new simulation,nan
3,12,-0.07488935718910689,-1.2000000000000002,-0.7,rolling,8.909999999999854,-0.18951848109840166,1.723787915446729,19,18,1,1.7271692426300247,0.2,0.39269908169872414,9.81,1,1,8,21,41,-3.0,3.0,0.01,30.0,60.0,1e-09,1e-12,6,0.0001,1,new simulation,nan
3,13,-0.07488935718910689,-1.05,-0.7,settled,0.4400000000000002,-0.19269908169872418,0.0,2,1,1,nan,0.2,0.39269908169872414,9.81,1,1,8,21,41,-3.0,3.0,0.01,30.0,60.0,1e-09,1e-12,6,0.0001,1,new simulation,nan
3,14,-0.07488935718910689,-0.8999999999999999,-0.7,settled,0.4200000000000002,-0.19269908169872418,0.0,2,1,1,nan,0.2,0.39269908169872414,9.81,1,1,8,21,41,-3.0,3.0,0.01,30.0,60.0,1e-09,1e-12,6,0.0001,1,new simulation,nan
3,15,-0.07488935718910689,-0.75,-0.7,settled,0.4000000000000002,-0.19269908169872418,0.0,2,1,1,nan,0.2,0.39269908169872414,9.81,1,1,8,21,41,-3.0,3.0,0.01,30.0,60.0,1e-09,1e-12,6,0.0001,1,new simulation,nan
3,16,-0.07488935718910689,-0.6000000000000001,-0.7,settled,0.3900000000000002,-0.19269908169872418,0.0,2,1,1,nan,0.2,0.39269908169872414,9.81,1,1,8,21,41,-3.0,3.0,0.01,30.0,60.0,1e-09,1e-12,6,0.0001,1,new simulation,nan
3,17,-0.07488935718910689,-0.4500000000000002,-0.7,settled,0.4000000000000002,-0.19269908169872418,0.0,2,1,1,nan,0.2,0.39269908169872414,9.81,1,1,8,21,41,-3.0,3.0,0.01,30.0,60.0,1e-09,1e-12,6,0.0001,1,new simulation,nan
3,18,-0.07488935718910689,-0.30000000000000027,-0.7,settled,0.4400000000000002,-0.19269908169872418,0.0,2,1,1,nan,0.2,0.39269908169872414,9.81,1,1,8,21,41,-3.0,3.0,0.01,30.0,60.0,1e-09,1e-12,6,0.0001,1,new simulation,nan
3,19,-0.07488935718910689,-0.1499999999999999,-0.7,settled,0.5100000000000002,-0.19269908169872418,0.0,2,1,1,nan,0.2,0.39269908169872414,9.81,1,1,8,21,41,-3.0,3.0,0.01,30.0,60.0,1e-09,1e-12,6,0.0001,1,new simulation,nan
3,20,-0.07488935718910689,0.0,-0.7,settled,0.6600000000000004,-0.19269908169872418,0.0,2,1,1,nan,0.2,0.39269908169872414,9.81,1,1,8,21,41,-3.0,3.0,0.01,30.0,60.0,1e-09,1e-12,6,0.0001,1,new simulation,nan
3,21,-0.07488935718910689,0.1499999999999999,-0.7,settled,1.0000000000000007,-0.19269908169872418,0.0,2,1,1,nan,0.2,0.39269908169872414,9.81,1,1,8,21,41,-3.0,3.0,0.01,30.0,60.0,1e-09,1e-12,6,0.0001,1,new simulation,nan
3,22,-0.07488935718910689,0.2999999999999998,-0.7,rolling,8.409999999999865,-0.18870709908285804,1.722919570840165,17,17,0,1.727168341113045,0.2,0.39269908169872414,9.81,1,1,8,21,41,-3.0,3.0,0.01,30.0,60.0,1e-09,1e-12,6,0.0001,1,new simulation,nan
3,23,-0.07488935718910689,0.44999999999999973,-0.7,rolling,8.019999999999873,-0.18612206101986983,1.7201752480006383,17,17,0,1.7271709498376755,0.2,0.39269908169872414,9.81,1,1,8,21,41,-3.0,3.0,0.01,30.0,60.0,1e-09,1e-12,6,0.0001,1,new simulation,nan
3,24,-0.07488935718910689,0.5999999999999996,-0.7,rolling,7.839999999999877,-0.18000246370882966,1.7138106756205425,17,17,0,1.7271746026636379,0.2,0.39269908169872414,9.81,1,1,8,21,41,-3.0,3.0,0.01,30.0,60.0,1e-09,1e-12,6,0.0001,1,new simulation,nan
3,25,-0.07488935718910689,0.75,-0.7,rolling,7.70999999999988,-0.18387085796549188,1.7178128875677758,17,17,0,1.7271792980164082,0.2,0.39269908169872414,9.81,1,1,8,21,41,-3.0,3.0,0.01,30.0,60.0,1e-09,1e-12,6,0.0001,1,new simulation,nan
3,26,-0.07488935718910689,0.8999999999999999,-0.7,rolling,7.609999999999882,-0.18048812687892185,1.7143099728963975,17,17,0,1.7271850380591232,0.2,0.39269908169872414,9.81,1,1,8,21,41,-3.0,3.0,0.01,30.0,60.0,1e-09,1e-12,6,0.0001,1,new simulation,nan
3,27,-0.07488935718910689,1.0499999999999998,-0.7,rolling,7.519999999999884,-0.18524168472541142,1.719250089099445,17,17,0,1.7271918225582557,0.2,0.39269908169872414,9.81,1,1,8,21,41,-3.0,3.0,0.01,30.0,60.0,1e-09,1e-12,6,0.0001,1,new simulation,nan
3,28,-0.07488935718910689,1.2000000000000002,-0.7,rolling,7.009999999999895,-0.18866299920500088,1.722872726401656,16,16,0,1.7271710037347379,0.2,0.39269908169872414,9.81,1,1,8,21,41,-3.0,3.0,0.01,30.0,60.0,1e-09,1e-12,6,0.0001,1,new simulation,nan
3,29,-0.07488935718910689,1.3499999999999996,-0.7,rolling,6.9399999999998965,-0.18724672216685775,1.7213669557204538,16,16,0,1.727188745700065,0.2,0.39269908169872414,9.81,1,1,8,21,41,-3.0,3.0,0.01,30.0,60.0,1e-09,1e-12,6,0.0001,1,new simulation,nan
3,30,-0.07488935718910689,1.5,-0.7,rolling,6.449999999999907,-0.17696415418461153,1.7107216125500881,15,15,0,1.7271888529716666,0.2,0.39269908169872414,9.81,1,1,8,21,41,-3.0,3.0,0.01,30.0,60.0,1e-09,1e-12,6,0.0001,1,new simulation,nan
3,31,-0.07488935718910689,1.6499999999999995,-0.7,rolling,5.089999999999936,-0.18974926370854267,1.7240444548904263,12,12,0,1.7272634202553518,0.2,0.39269908169872414,9.81,1,1,8,21,41,-3.0,3.0,0.01,30.0,60.0,1e-09,1e-12,6,0.0001,1,new simulation,nan
3,32,-0.07488935718910689,1.7999999999999998,-0.7,rolling,6.3299999999999095,-0.17789423938936463,1.7116715414063888,15,15,0,1.7272806849542561,0.2,0.39269908169872414,9.81,1,1,8,21,41,-3.0,3.0,0.01,30.0,60.0,1e-09,1e-12,6,0.0001,1,new simulation,nan
3,33,-0.07488935718910689,1.9500000000000002,-0.7,rolling,6.699999999999902,-0.18705556030980303,1.7211730235619096,16,16,0,1.7272805762034957,0.2,0.39269908169872414,9.81,1,1,8,21,41,-3.0,3.0,0.01,30.0,60.0,1e-09,1e-12,6,0.0001,1,new simulation,nan
3,34,-0.07488935718910689,2.0999999999999996,-0.7,rolling,7.0799999999998935,-0.18350611145501797,1.717440923317231,17,17,0,1.7272685221387472,0.2,0.39269908169872414,9.81,1,1,8,21,41,-3.0,3.0,0.01,30.0,60.0,1e-09,1e-12,6,0.0001,1,new simulation,nan
3,35,-0.07488935718910689,2.25,-0.7,rolling,7.0299999999998946,-0.1833035288017165,1.7172313204650467,17,17,0,1.727283652963746,0.2,0.39269908169872414,9.81,1,1,8,21,41,-3.0,3.0,0.01,30.0,60.0,1e-09,1e-12,6,0.0001,1,new simulation,nan
3,36,-0.07488935718910689,2.3999999999999995,-0.7,rolling,7.4099999999998865,-0.18730019083239843,1.7214308858265202,18,18,0,1.7272640612384569,0.2,0.39269908169872414,9.81,1,1,8,21,41,-3.0,3.0,0.01,30.0,60.0,1e-09,1e-12,6,0.0001,1,new simulation,nan
3,37,-0.07488935718910689,2.55,-0.7,rolling,7.369999999999887,-0.17674642622048375,1.710509997334492,18,18,0,1.7272726689956368,0.2,0.39269908169872414,9.81,1,1,8,21,41,-3.0,3.0,0.01,30.0,60.0,1e-09,1e-12,6,0.0001,1,new simulation,nan
3,38,-0.07488935718910689,2.7,-0.7,rolling,7.319999999999888,-0.1863148961528301,1.7203894430027658,18,18,0,1.7272818005084825,0.2,0.39269908169872414,9.81,1,1,8,21,41,-3.0,3.0,0.01,30.0,60.0,1e-09,1e-12,6,0.0001,1,new simulation,nan
3,39,-0.07488935718910689,2.8499999999999996,-0.7,rolling,7.279999999999889,-0.18145220722835823,1.7153128389180594,18,18,0,1.7272914509754103,0.2,0.39269908169872414,9.81,1,1,8,21,41,-3.0,3.0,0.01,30.0,60.0,1e-09,1e-12,6,0.0001,1,new simulation,nan
3,40,-0.07488935718910689,3.0,-0.7,rolling,7.669999999999881,-0.17974633599208584,1.7135570340338584,19,19,0,1.727264959479773,0.2,0.39269908169872414,9.81,1,1,8,21,41,-3.0,3.0,0.01,30.0,60.0,1e-09,1e-12,6,0.0001,1,new simulation,nan
4,0,-0.03561944901923447,-3.0,-0.6,rolling,9.489999999999842,-0.18662762134039776,1.7207092152956858,20,18,2,1.727168917504131,0.2,0.39269908169872414,9.81,1,1,8,21,41,-3.0,3.0,0.01,30.0,60.0,1e-09,1e-12,6,0.0001,1,new simulation,nan
4,1,-0.03561944901923447,-2.85,-0.6,settled,1.0200000000000007,-0.19269908169872418,0.0,3,1,2,nan,0.2,0.39269908169872414,9.81,1,1,8,21,41,-3.0,3.0,0.01,30.0,60.0,1e-09,1e-12,6,0.0001,1,new simulation,nan
4,2,-0.03561944901923447,-2.7,-0.6,settled,1.1100000000000008,-0.19269908169872418,0.0,3,1,2,nan,0.2,0.39269908169872414,9.81,1,1,8,21,41,-3.0,3.0,0.01,30.0,60.0,1e-09,1e-12,6,0.0001,1,new simulation,nan
4,3,-0.03561944901923447,-2.55,-0.6,settled,1.5500000000000012,-0.19269908169872418,0.0,3,1,2,nan,0.2,0.39269908169872414,9.81,1,1,8,21,41,-3.0,3.0,0.01,30.0,60.0,1e-09,1e-12,6,0.0001,1,new simulation,nan
4,4,-0.03561944901923447,-2.4,-0.6,rolling,8.879999999999855,-0.18666000741156286,1.7207459241827294,19,18,1,1.7271945355308267,0.2,0.39269908169872414,9.81,1,1,8,21,41,-3.0,3.0,0.01,30.0,60.0,1e-09,1e-12,6,0.0001,1,new simulation,nan
4,5,-0.03561944901923447,-2.25,-0.6,rolling,8.66999999999986,-0.1809185962330863,1.7147531510210763,19,18,1,1.727190491973271,0.2,0.39269908169872414,9.81,1,1,8,21,41,-3.0,3.0,0.01,30.0,60.0,1e-09,1e-12,6,0.0001,1,new simulation,nan
4,6,-0.03561944901923447,-2.1,-0.6,rolling,8.579999999999862,-0.18267481604763924,1.7165683360782305,19,18,1,1.7271867085566803,0.2,0.39269908169872414,9.81,1,1,8,21,41,-3.0,3.0,0.01,30.0,60.0,1e-09,1e-12,6,0.0001,1,new simulation,nan
4,7,-0.03561944901923447,-1.95,-0.6,rolling,8.539999999999862,-0.1854351883624538,1.71945271769332,19,18,1,1.727183187068208,0.2,0.39269908169872414,9.81,1,1,8,21,41,-3.0,3.0,0.01,30.0,60.0,1e-09,1e-12,6,0.0001,1,new simulation,nan
4,8,-0.03561944901923447,-1.8,-0.6,rolling,8.529999999999863,-0.19229573350993487,1.726785361067492,19,18,1,1.7271799253971036,0.2,0.39269908169872414,9.81,1,1,8,21,41,-3.0,3.0,0.01,30.0,60.0,1e-09,1e-12,6,0.0001,1,new simulation,nan
4,9,-0.03561944901923447,-1.6500000000000001,-0.6,rolling,8.559999999999862,-0.17833198437309286,1.7121060090747424,19,18,1,1.7271769238699752,0.2,0.39269908169872414,9.81,1,1,8,21,41,-3.0,3.0,0.01,30.0,60.0,1e-09,1e-12,6,0.0001,1,new simulation,nan
4,10,-0.03561944901923447,-1.5,-0.6,rolling,8.60999999999986,-0.18378168972163098,1.717719315626087,19,18,1,1.7271741851711164,0.2,0.39269908169872414,9.81,1,1,8,21,41,-3.0,3.0,0.01,30.0,60.0,1e-09,1e-12,6,0.0001,1,new simulation,nan
4,11,-0.03561944901923447,-1.35,-0.6,rolling,8.709999999999859,-0.1826542795747041,1.7165455782070742,19,18,1,1.7271717064188141,0.2,0.39269908169872414,9.81,1,1,8,21,41,-3.0,3.0,0.01,30.0,60.0,1e-09,1e-12,6,0.0001,1,new simulation,nan
4,12,-0.03561944901923447,-1.2000000000000002,-0.6,rolling,8.909999999999854,-0.18048242549929325,1.714302623674842,19,18,1,1.7271694879117134,0.2,0.39269908169872414,9.81,1,1,8,21,41,-3.0,3.0,0.01,30.0,60.0,1e-09,1e-12,6,0.0001,1,new simulation,nan
4,13,-0.03561944901923447,-1.05,-0.6,rolling,10.889999999999812,-0.18163330382356052,1.7154879412402007,19,18,1,1.7271675326395324,0.2,0.39269908169872414,9.81,1,1,8,21,41,-3.0,3.0,0.01,30.0,60.0,1e-09,1e-12,6,0.0001,1,new simulation,nan
4,14,-0.03561944901923447,-0.8999999999999999,-0.6,settled,0.46000000000000024,-0.19269908169872418,0.0,2,1,1,nan,0.2,0.39269908169872414,9.81,1,1,8,21,41,-3.0,3.0,0.01,30.0,60.0,1e-09,1e-12,6,0.0001,1,new simulation,nan
4,15,-0.03561944901923447,-0.75,-0.6,settled,0.45000000000000023,-0.19269908169872418,0.0,2,1,1,nan,0.2,0.39269908169872414,9.81,1,1,8,21,41,-3.0,3.0,0.01,30.0,60.0,1e-09,1e-12,6,0.0001,1,new simulation,nan
4,16,-0.03561944901923447,-0.6000000000000001,-0.6,settled,0.46000000000000024,-0.19269908169872418,0.0,2,1,1,nan,0.2,0.39269908169872414,9.81,1,1,8,21,41,-3.0,3.0,0.01,30.0,60.0,1e-09,1e-12,6,0.0001,1,new simulation,nan
4,17,-0.03561944901923447,-0.4500000000000002,-0.6,settled,0.48000000000000026,-0.19269908169872418,0.0,2,1,1,nan,0.2,0.39269908169872414,9.81,1,1,8,21,41,-3.0,3.0,0.01,30.0,60.0,1e-09,1e-12,6,0.0001,1,new simulation,nan
4,18,-0.03561944901923447,-0.30000000000000027,-0.6,settled,0.5400000000000003,-0.19269908169872418,0.0,2,1,1,nan,0.2,0.39269908169872414,9.81,1,1,8,21,41,-3.0,3.0,0.01,30.0,60.0,1e-09,1e-12,6,0.0001,1,new simulation,nan
4,19,-0.03561944901923447,-0.1499999999999999,-0.6,settled,0.6600000000000004,-0.19269908169872418,0.0,2,1,1,nan,0.2,0.39269908169872414,9.81,1,1,8,21,41,-3.0,3.0,0.01,30.0,60.0,1e-09,1e-12,6,0.0001,1,new simulation,nan
4,20,-0.03561944901923447,0.0,-0.6,settled,0.9200000000000006,-0.19269908169872418,0.0,2,1,1,nan,0.2,0.39269908169872414,9.81,1,1,8,21,41,-3.0,3.0,0.01,30.0,60.0,1e-09,1e-12,6,0.0001,1,new simulation,nan
4,21,-0.03561944901923447,0.1499999999999999,-0.6,rolling,8.589999999999861,-0.17607811231254508,1.709827111117818,17,17,0,1.7271677624373585,0.2,0.39269908169872414,9.81,1,1,8,21,41,-3.0,3.0,0.01,30.0,60.0,1e-09,1e-12,6,0.0001,1,new simulation,nan
4,22,-0.03561944901923447,0.2999999999999998,-0.6,rolling,8.069999999999872,-0.18561383186290126,1.719639387856239,17,17,0,1.7271693277262254,0.2,0.39269908169872414,9.81,1,1,8,21,41,-3.0,3.0,0.01,30.0,60.0,1e-09,1e-12,6,0.0001,1,new simulation,nan
4,23,-0.03561944901923447,0.44999999999999973,-0.6,rolling,7.869999999999877,-0.18909981933031975,1.723339759120217,17,17,0,1.7271719364852975,0.2,0.39269908169872414,9.81,1,1,8,21,41,-3.0,3.0,0.01,30.0,60.0,1e-09,1e-12,6,0.0001,1,new simulation,nan
4,24,-0.03561944901923447,0.5999999999999996,-0.6,rolling,7.739999999999879,-0.18604368694246903,1.720092994913791,17,17,0,1.7271755878759054,0.2,0.39269908169872414,9.81,1,1,8,21,41,-3.0,3.0,0.01,30.0,60.0,1e-09,1e-12,6,0.0001,1,new simulation,nan
4,25,-0.03561944901923447,0.75,-0.6,rolling,7.6399999999998816,-0.18054496198210596,1.7143679076070686,17,17,0,1.7271802850917928,0.2,0.39269908169872414,9.81,1,1,8,21,41,-3.0,3.0,0.01,30.0,60.0,1e-09,1e-12,6,0.0001,1,new simulation,nan
4,26,-0.03561944901923447,0.8999999999999999,-0.6,rolling,7.5499999999998835,-0.18476852886068518,1.7187528275195625,17,17,0,1.7271860253867182,0.2,0.39269908169872414,9.81,1,1,8,21,41,-3.0,3.0,0.01,30.0,60.0,1e-09,1e-12,6,0.0001,1,new simulation,nan
4,27,-0.03561944901923447,1.0499999999999998,-0.6,rolling,7.469999999999885,-0.18876250429344066,1.72298109403009,17,17,0,1.7271928093298754,0.2,0.39269908169872414,9.81,1,1,8,21,41,-3.0,3.0,0.01,30.0,60.0,1e-09,1e-12,6,0.0001,1,new simulation,nan
4,28,-0.03561944901923447,1.2000000000000002,-0.6,rolling,6.969999999999896,-0.18670243473504633,1.720788755810779,16,16,0,1.727172978097635,0.2,0.39269908169872414,9.81,1,1,8,21,41,-3.0,3.0,0.01,30.0,60.0,1e-09,1e-12,6,0.0001,1,new simulation,nan
4,29,-0.03561944901923447,1.3499999999999996,-0.6,rolling,6.909999999999897,-0.17692165630273707,1.7106788968337652,16,16,0,1.7271907186351114,0.2,0.39269908169872414,9.81,1,1,8,21,41,-3.0,3.0,0.01,30.0,60.0,1e-09,1e-12,6,0.0001,1,new simulation,nan
4,30,-0.03561944901923447,1.5,-0.6,rolling,6.409999999999908,-0.190671211665175,1.725029268346091,15,15,0,1.7271928011877329,0.2,0.39269908169872414,9.81,1,1,8,21,41,-3.0,3.0,0.01,30.0,60.0,1e-09,1e-12,6,0.0001,1,new simulation,nan
4,31,-0.03561944901923447,1.6499999999999995,-0.6,rolling,5.489999999999927,-0.1924288489972216,1.7269377162592061,13,13,0,1.7272616427779728,0.2,0.39269908169872414,9.81,1,1,8,21,41,-3.0,3.0,0.01,30.0,60.0,1e-09,1e-12,6,0.0001,1,new simulation,nan
4,32,-0.03561944901923447,1.7999999999999998,-0.6,rolling,6.29999999999991,-0.18445037592784339,1.7184289032741116,15,15,0,1.7272846312246726,0.2,0.39269908169872414,9.81,1,1,8,21,41,-3.0,3.0,0.01,30.0,60.0,1e-09,1e-12,6,0.0001,1,new simulation,nan
4,33,-0.03561944901923447,1.9500000000000002,-0.6,rolling,6.679999999999902,-0.180228030609283,1.7140523215436887,16,16,0,1.7272825500708173,0.2,0.39269908169872414,9.81,1,1,8,21,41,-3.0,3.0,0.01,30.0,60.0,1e-09,1e-12,6,0.0001,1,new simulation,nan
4,34,-0.03561944901923447,2.0999999999999996,-0.6,rolling,7.059999999999894,-0.17989182867989603,1.713706438404535,17,17,0,1.7272695086959793,0.2,0.39269908169872414,9.81,1,1,8,21,41,-3.0,3.0,0.01,30.0,60.0,1e-09,1e-12,6,0.0001,1,new simulation,nan
4,35,-0.03561944901923447,2.25,-0.6,rolling,7.009999999999895,-0.18244182507413936,1.7163359738313664,17,17,0,1.727284638959077,0.2,0.39269908169872414,9.81,1,1,8,21,41,-3.0,3.0,0.01,30.0,60.0,1e-09,1e-12,6,0.0001,1,new simulation,nan
4,36,-0.03561944901923447,2.3999999999999995,-0.6,rolling,7.389999999999887,-0.1888349890198802,1.7230653951107198,18,18,0,1.7272645534910425,0.2,0.39269908169872414,9.81,1,1,8,21,41,-3.0,3.0,0.01,30.0,60.0,1e-09,1e-12,6,0.0001,1,new simulation,nan
4,37,-0.03561944901923447,2.55,-0.6,rolling,7.349999999999888,-0.18036216933053262,1.7141890817023302,18,18,0,1.7272731626562818,0.2,0.39269908169872414,9.81,1,1,8,21,41,-3.0,3.0,0.01,30.0,60.0,1e-09,1e-12,6,0.0001,1,new simulation,nan
4,38,-0.03561944901923447,2.7,-0.6,rolling,7.299999999999889,-0.1918110097378472,1.7262694143899866,18,18,0,1.7272822935634806,0.2,0.39269908169872414,9.81,1,1,8,21,41,-3.0,3.0,0.01,30.0,60.0,1e-09,1e-12,6,0.0001,1,new simulation,nan
4,39,-0.03561944901923447,2.8499999999999996,-0.6,rolling,7.25999999999989,-0.1885821557484693,1.7227979604262915,18,18,0,1.7272919454525957,0.2,0.39269908169872414,9.81,1,1,8,21,41,-3.0,3.0,0.01,30.0,60.0,1e-09,1e-12,6,0.0001,1,new simulation,nan
4,40,-0.03561944901923447,3.0,-0.6,rolling,7.649999999999881,-0.18834550707758818,1.722542928079336,19,19,0,1.7272652073633765,0.2,0.39269908169872414,9.81,1,1,8,21,41,-3.0,3.0,0.01,30.0,60.0,1e-09,1e-12,6,0.0001,1,new simulation,nan
5,0,0.0036504591506379414,-3.0,-0.5,rolling,9.499999999999842,-0.17790599432520873,1.7116727262739873,20,18,2,1.7271689528669916,0.2,0.39269908169872414,9.81,1,1,8,21,41,-3.0,3.0,0.01,30.0,60.0,1e-09,1e-12,6,0.0001,1,new simulation,nan
5,1,0.0036504591506379414,-2.85,-0.5,settled,1.0300000000000007,-0.19269908169872418,0.0,3,1,2,nan,0.2,0.39269908169872414,9.81,1,1,8,21,41,-3.0,3.0,0.01,30.0,60.0,1e-09,1e-12,6,0.0001,1,new simulation,nan
5,2,0.0036504591506379414,-2.7,-0.5,settled,1.1200000000000008,-0.19269908169872418,0.0,3,1,2,nan,0.2,0.39269908169872414,9.81,1,1,8,21,41,-3.0,3.0,0.01,30.0,60.0,1e-09,1e-12,6,0.0001,1,new simulation,nan
5,3,0.0036504591506379414,-2.55,-0.5,settled,1.5400000000000011,-0.19269908169872418,0.0,3,1,2,nan,0.2,0.39269908169872414,9.81,1,1,8,21,41,-3.0,3.0,0.01,30.0,60.0,1e-09,1e-12,6,0.0001,1,new simulation,nan
5,4,0.0036504591506379414,-2.4,-0.5,rolling,8.899999999999855,-0.19107210866525307,1.7254619080740314,19,18,1,1.7271946078519127,0.2,0.39269908169872414,9.81,1,1,8,21,41,-3.0,3.0,0.01,30.0,60.0,1e-09,1e-12,6,0.0001,1,new simulation,nan
5,5,0.0036504591506379414,-2.25,-0.5,rolling,8.68999999999986,-0.18058326748658182,1.7144082567131562,19,18,1,1.7271905627134547,0.2,0.39269908169872414,9.81,1,1,8,21,41,-3.0,3.0,0.01,30.0,60.0,1e-09,1e-12,6,0.0001,1,new simulation,nan
5,6,0.0036504591506379414,-2.1,-0.5,rolling,8.599999999999861,-0.18241453372034294,1.7162982939968372,19,18,1,1.7271867801283005,0.2,0.39269908169872414,9.81,1,1,8,21,41,-3.0,3.0,0.01,30.0,60.0,1e-09,1e-12,6,0.0001,1,new simulation,nan
5,7,0.0036504591506379414,-1.95,-0.5,rolling,8.559999999999862,-0.18641789724170324,1.720488842123039,19,18,1,1.727183257387864,0.2,0.39269908169872414,9.81,1,1,8,21,41,-3.0,3.0,0.01,30.0,60.0,1e-09,1e-12,6,0.0001,1,new simulation,nan
5,8,0.0036504591506379414,-1.8,-0.5,rolling,8.559999999999862,-0.17790538944946266,1.711673174925616,19,18,1,1.7271799966928019,0.2,0.39269908169872414,9.81,1,1,8,21,41,-3.0,3.0,0.01,30.0,60.0,1e-09,1e-12,6,0.0001,1,new simulation,nan
5,9,0.0036504591506379414,-1.6500000000000001,-0.5,rolling,8.579999999999862,-0.18329050748672565,1.7172075435435228,19,18,1,1.7271769968447561,0.2,0.39269908169872414,9.81,1,1,8,21,41,-3.0,3.0,0.01,30.0,60.0,1e-09,1e-12,6,0.0001,1,new simulation,nan
5,10,0.0036504591506379414,-1.5,-0.5,rolling,8.62999999999986,-0.19101224117568943,1.7253953357012475,19,18,1,1.7271742570957498,0.2,0.39269908169872414,9.81,1,1,8,21,41,-3.0,3.0,0.01,30.0,60.0,1e-09,1e-12,6,0.0001,1,new simulation,nan
5,11,0.0036504591506379414,-1.35,-0.5,rolling,8.729999999999858,-0.1913462944069524,1.725755962461954,19,18,1,1.7271717788155756,0.2,0.39269908169872414,9.81,1,1,8,21,41,-3.0,3.0,0.01,30.0,60.0,1e-09,1e-12,6,0.0001,1,new simulation,nan
5,12,0.0036504591506379414,-1.2000000000000002,-0.5,rolling,8.929999999999854,-0.18498258444840274,1.7189758226325622,19,18,1,1.7271695610160114,0.2,0.39269908169872414,9.81,1,1,8,21,41,-3.0,3.0,0.01,30.0,60.0,1e-09,1e-12,6,0.0001,1,new simulation,nan
5,13,0.0036504591506379414,-1.05,-0.5,rolling,9.949999999999832,-0.188123395526448,1.7222968885046939,19,18,1,1.727167604451256,0.2,0.39269908169872414,9.81,1,1,8,21,41,-3.0,3.0,0.01,30.0,60.0,1e-09,1e-12,6,0.0001,1,new simulation,nan
5,14,0.0036504591506379414,-0.8999999999999999,-0.5,settled,0.5100000000000002,-0.19269908169872418,0.0,2,1,1,nan,0.2,0.39269908169872414,9.81,1,1,8,21,41,-3.0,3.0,0.01,30.0,60.0,1e-09,1e-12,6,0.0001,1,new simulation,nan
5,15,0.0036504591506379414,-0.75,-0.5,settled,0.5000000000000002,-0.19269908169872418,0.0,2,1,1,nan,0.2,0.39269908169872414,9.81,1,1,8,21,41,-3.0,3.0,0.01,30.0,60.0,1e-09,1e-12,6,0.0001,1,new simulation,nan
5,16,0.0036504591506379414,-0.6000000000000001,-0.5,settled,0.5200000000000002,-0.19269908169872418,0.0,2,1,1,nan,0.2,0.39269908169872414,9.81,1,1,8,21,41,-3.0,3.0,0.01,30.0,60.0,1e-09,1e-12,6,0.0001,1,new simulation,nan
5,17,0.0036504591506379414,-0.4500000000000002,-0.5,settled,0.5600000000000003,-0.19269908169872418,0.0,2,1,1,nan,0.2,0.39269908169872414,9.81,1,1,8,21,41,-3.0,3.0,0.01,30.0,60.0,1e-09,1e-12,6,0.0001,1,new simulation,nan
5,18,0.0036504591506379414,-0.30000000000000027,-0.5,settled,0.6600000000000004,-0.19269908169872418,0.0,2,1,1,nan,0.2,0.39269908169872414,9.81,1,1,8,21,41,-3.0,3.0,0.01,30.0,60.0,1e-09,1e-12,6,0.0001,1,new simulation,nan
5,19,0.0036504591506379414,-0.1499999999999999,-0.5,settled,0.8600000000000005,-0.19269908169872418,0.0,2,1,1,nan,0.2,0.39269908169872414,9.81,1,1,8,21,41,-3.0,3.0,0.01,30.0,60.0,1e-09,1e-12,6,0.0001,1,new simulation,nan
5,20,0.0036504591506379414,0.0,-0.5,rolling,8.969999999999853,-0.19019723583791845,1.7245165758888115,17,17,0,1.727167525171237,0.2,0.39269908169872414,9.81,1,1,8,21,41,-3.0,3.0,0.01,30.0,60.0,1e-09,1e-12,6,0.0001,1,new simulation,nan
5,21,0.0036504591506379414,0.1499999999999999,-0.5,rolling,8.129999999999871,-0.17704497175377976,1.7108012135420803,17,17,0,1.7271680469215278,0.2,0.39269908169872414,9.81,1,1,8,21,41,-3.0,3.0,0.01,30.0,60.0,1e-09,1e-12,6,0.0001,1,new simulation,nan
5,22,0.0036504591506379414,0.2999999999999998,-0.5,rolling,7.909999999999876,-0.18279541060810095,1.7166919320657317,17,17,0,1.7271696125156757,0.2,0.39269908169872414,9.81,1,1,8,21,41,-3.0,3.0,0.01,30.0,60.0,1e-09,1e-12,6,0.0001,1,new simulation,nan
5,23,0.0036504591506379414,0.44999999999999973,-0.5,rolling,7.769999999999879,-0.18884089355843015,1.7230628922972315,17,17,0,1.7271722220198533,0.2,0.39269908169872414,9.81,1,1,8,21,41,-3.0,3.0,0.01,30.0,60.0,1e-09,1e-12,6,0.0001,1,new simulation,nan
5,24,0.0036504591506379414,0.5999999999999996,-0.5,rolling,7.669999999999881,-0.18120352342434382,1.7150452524380646,17,17,0,1.727175874154731,0.2,0.39269908169872414,9.81,1,1,8,21,41,-3.0,3.0,0.01,30.0,60.0,1e-09,1e-12,6,0.0001,1,new simulation,nan
5,25,0.0036504591506379414,0.75,-0.5,rolling,7.579999999999883,-0.18519912273374742,1.719204286143941,17,17,0,1.7271805711514947,0.2,0.39269908169872414,9.81,1,1,8,21,41,-3.0,3.0,0.01,30.0,60.0,1e-09,1e-12,6,0.0001,1,new simulation,nan
5,26,0.0036504591506379414,0.8999999999999999,-0.5,rolling,7.4999999999998845,-0.1895027868300619,1.723772719245304,17,17,0,1.7271863099554776,0.2,0.39269908169872414,9.81,1,1,8,21,41,-3.0,3.0,0.01,30.0,60.0,1e-09,1e-12,6,0.0001,1,new simulation,nan
5,27,0.0036504591506379414,1.0499999999999998,-0.5,rolling,7.429999999999886,-0.1883938134307747,1.7225875564018611,17,17,0,1.7271930938368838,0.2,0.39269908169872414,9.81,1,1,8,21,41,-3.0,3.0,0.01,30.0,60.0,1e-09,1e-12,6,0.0001,1,new simulation,nan
5,28,0.0036504591506379414,1.2000000000000002,-0.5,rolling,6.9399999999998965,-0.17811487552002142,1.7118851366092602,16,16,0,1.7271735483946655,0.2,0.39269908169872414,9.81,1,1,8,21,41,-3.0,3.0,0.01,30.0,60.0,1e-09,1e-12,6,0.0001,1,new simulation,nan
5,29,0.0036504591506379414,1.3499999999999996,-0.5,rolling,6.869999999999898,-0.1924132917819801,1.7269141157208419,16,16,0,1.7271912906510611,0.2,0.39269908169872414,9.81,1,1,8,21,41,-3.0,3.0,0.01,30.0,60.0,1e-09,1e-12,6,0.0001,1,new simulation,nan
5,30,0.0036504591506379414,1.5,-0.5,rolling,6.389999999999908,-0.17728310901849897,1.7110443454023951,15,15,0,1.7271939431073757,0.2,0.39269908169872414,9.81,1,1,8,21,41,-3.0,3.0,0.01,30.0,60.0,1e-09,1e-12,6,0.0001,1,new simulation,nan
5,31,0.0036504591506379414,1.6499999999999995,-0.5,rolling,5.469999999999928,-0.18348582865047874,1.7174195611325398,13,13,0,1.727266212263978,0.2,0.39269908169872414,9.81,1,1,8,21,41,-3.0,3.0,0.01,30.0,60.0,1e-09,1e-12,6,0.0001,1,new simulation,nan
5,32,0.0036504591506379414,1.7999999999999998,-0.5,rolling,6.2799999999999105,-0.17924328039708565,1.7130447911536018,15,15,0,1.7272857737937357,0.2,0.39269908169872414,9.81,1,1,8,21,41,-3.0,3.0,0.01,30.0,60.0,1e-09,1e-12,6,0.0001,1,new simulation,nan
5,33,0.0036504591506379414,1.9500000000000002,-0.5,rolling,6.659999999999902,-0.17814727485566534,1.7119285621626767,16,16,0,1.7272831213876392,0.2,0.39269908169872414,9.81,1,1,8,21,41,-3.0,3.0,0.01,30.0,60.0,1e-09,1e-12,6,0.0001,1,new simulation,nan
5,34,0.0036504591506379414,2.0999999999999996,-0.5,rolling,7.039999999999894,-0.18047660488144934,1.7143062711076793,17,17,0,1.7272697951768914,0.2,0.39269908169872414,9.81,1,1,8,21,41,-3.0,3.0,0.01,30.0,60.0,1e-09,1e-12,6,0.0001,1,new simulation,nan
5,35,0.0036504591506379414,2.25,-0.5,rolling,6.989999999999895,-0.18533860467609845,1.7193608770340245,17,17,0,1.727284925234776,0.2,0.39269908169872414,9.81,1,1,8,21,41,-3.0,3.0,0.01,30.0,60.0,1e-09,1e-12,6,0.0001,1,new simulation,nan
5,36,0.0036504591506379414,2.3999999999999995,-0.5,rolling,7.379999999999887,-0.17657932923377412,1.71034080166799,18,18,0,1.7272646961570566,0.2,0.39269908169872414,9.81,1,1,8,21,41,-3.0,3.0,0.01,30.0,60.0,1e-09,1e-12,6,0.0001,1,new simulation,nan
5,37,0.0036504591506379414,2.55,-0.5,rolling,7.329999999999888,-0.18705196168161808,1.721168512684398,18,18,0,1.7272733050451066,0.2,0.39269908169872414,9.81,1,1,8,21,41,-3.0,3.0,0.01,30.0,60.0,1e-09,1e-12,6,0.0001,1,new simulation,nan
5,38,0.0036504591506379414,2.7,-0.5,rolling,7.289999999999889,-0.1828801760960584,1.7167908132956555,18,18,0,1.7272824360458507,0.2,0.39269908169872414,9.81,1,1,8,21,41,-3.0,3.0,0.01,30.0,60.0,1e-09,1e-12,6,0.0001,1,new simulation,nan
5,39,0.0036504591506379414,2.8499999999999996,-0.5,rolling,7.24999999999989,-0.18107353740761456,1.7149224530848648,18,18,0,1.7272920882731582,0.2,0.39269908169872414,9.81,1,1,8,21,41,-3.0,3.0,0.01,30.0,60.0,1e-09,1e-12,6,0.0001,1,new simulation,nan
5,40,0.0036504591506379414,3.0,-0.5,rolling,7.6399999999998816,-0.1821008481522816,1.715980813776082,19,19,0,1.7272652775301767,0.2,0.39269908169872414,9.81,1,1,8,21,41,-3.0,3.0,0.01,30.0,60.0,1e-09,1e-12,6,0.0001,1,new simulation,nan
6,0,0.042920367320510355,-3.0,-0.4,rolling,9.519999999999841,-0.18662861517887738,1.7207102637930565,20,18,2,1.727168900645541,0.2,0.39269908169872414,9.81,1,1,8,21,41,-3.0,3.0,0.01,30.0,60.0,1e-09,1e-12,6,0.0001,1,new simulation,nan
6,1,0.042920367320510355,-2.85,-0.4,settled,1.0400000000000007,-0.19269908169872418,0.0,3,1,2,nan,0.2,0.39269908169872414,9.81,1,1,8,21,41,-3.0,3.0,0.01,30.0,60.0,1e-09,1e-12,6,0.0001,1,new simulation,nan
6,2,0.042920367320510355,-2.7,-0.4,settled,1.1400000000000008,-0.19269908169872418,0.0,3,1,2,nan,0.2,0.39269908169872414,9.81,1,1,8,21,41,-3.0,3.0,0.01,30.0,60.0,1e-09,1e-12,6,0.0001,1,new simulation,nan
6,3,0.042920367320510355,-2.55,-0.4,settled,1.5900000000000012,-0.19269908169872418,0.0,3,1,2,nan,0.2,0.39269908169872414,9.81,1,1,8,21,41,-3.0,3.0,0.01,30.0,60.0,1e-09,1e-12,6,0.0001,1,new simulation,nan
6,4,0.042920367320510355,-2.4,-0.4,rolling,8.909999999999854,-0.1866205831570514,1.720704213162696,19,18,1,1.7271945025860134,0.2,0.39269908169872414,9.81,1,1,8,21,41,-3.0,3.0,0.01,30.0,60.0,1e-09,1e-12,6,0.0001,1,new simulation,nan
6,5,0.042920367320510355,-2.25,-0.4,rolling,8.699999999999859,-0.18759428034390113,1.721736139120944,19,18,1,1.727190458529946,0.2,0.39269908169872414,9.81,1,1,8,21,41,-3.0,3.0,0.01,30.0,60.0,1e-09,1e-12,6,0.0001,1,new simulation,nan
6,6,0.042920367320510355,-2.1,-0.4,rolling,8.61999999999986,-0.17741718644551677,1.7111792569071416,19,18,1,1.7271866760554844,0.2,0.39269908169872414,9.81,1,1,8,21,41,-3.0,3.0,0.01,30.0,60.0,1e-09,1e-12,6,0.0001,1,new simulation,nan
6,7,0.042920367320510355,-1.95,-0.4,rolling,8.579999999999862,-0.1856890313757995,1.7197198963499143,19,18,1,1.7271831541698008,0.2,0.39269908169872414,9.81,1,1,8,21,41,-3.0,3.0,0.01,30.0,60.0,1e-09,1e-12,6,0.0001,1,new simulation,nan
6,8,0.042920367320510355,-1.8,-0.4,rolling,8.579999999999862,-0.1816338944311416,1.7154897354992706,19,18,1,1.7271798928278665,0.2,0.39269908169872414,9.81,1,1,8,21,41,-3.0,3.0,0.01,30.0,60.0,1e-09,1e-12,6,0.0001,1,new simulation,nan
6,9,0.042920367320510355,-1.6500000000000001,-0.4,rolling,8.599999999999861,-0.19230604560754347,1.7267962685482703,19,18,1,1.727176892051893,0.2,0.39269908169872414,9.81,1,1,8,21,41,-3.0,3.0,0.01,30.0,60.0,1e-09,1e-12,6,0.0001,1,new simulation,nan
6,10,0.042920367320510355,-1.5,-0.4,rolling,8.65999999999986,-0.18966325557818445,1.7239436484800954,19,18,1,1.727174152157172,0.2,0.39269908169872414,9.81,1,1,8,21,41,-3.0,3.0,0.01,30.0,60.0,1e-09,1e-12,6,0.0001,1,new simulation,nan
6,11,0.042920367320510355,-1.35,-0.4,rolling,8.769999999999857,-0.18307846069968603,1.716986355144988,19,18,1,1.7271716744749384,0.2,0.39269908169872414,9.81,1,1,8,21,41,-3.0,3.0,0.01,30.0,60.0,1e-09,1e-12,6,0.0001,1,new simulation,nan
6,12,0.042920367320510355,-1.2000000000000002,-0.4,rolling,8.979999999999853,-0.18130554773862198,1.7151498321975431,19,18,1,1.7271694558271946,0.2,0.39269908169872414,9.81,1,1,8,21,41,-3.0,3.0,0.01,30.0,60.0,1e-09,1e-12,6,0.0001,1,new simulation,nan
6,13,0.042920367320510355,-1.05,-0.4,settled,0.5600000000000003,-0.19269908169872418,0.0,2,1,1,nan,0.2,0.39269908169872414,9.81,1,1,8,21,41,-3.0,3.0,0.01,30.0,60.0,1e-09,1e-12,6,0.0001,1,new simulation,nan
6,14,0.042920367320510355,-0.8999999999999999,-0.4,settled,0.5500000000000003,-0.19269908169872418,0.0,2,1,1,nan,0.2,0.39269908169872414,9.81,1,1,8,21,41,-3.0,3.0,0.01,30.0,60.0,1e-09,1e-12,6,0.0001,1,new simulation,nan
6,15,0.042920367320510355,-0.75,-0.4,settled,0.5600000000000003,-0.19269908169872418,0.0,2,1,1,nan,0.2,0.39269908169872414,9.81,1,1,8,21,41,-3.0,3.0,0.01,30.0,60.0,1e-09,1e-12,6,0.0001,1,new simulation,nan
6,16,0.042920367320510355,-0.6000000000000001,-0.4,settled,0.5900000000000003,-0.19269908169872418,0.0,2,1,1,nan,0.2,0.39269908169872414,9.81,1,1,8,21,41,-3.0,3.0,0.01,30.0,60.0,1e-09,1e-12,6,0.0001,1,new simulation,nan
6,17,0.042920367320510355,-0.4500000000000002,-0.4,settled,0.6600000000000004,-0.19269908169872418,0.0,2,1,1,nan,0.2,0.39269908169872414,9.81,1,1,8,21,41,-3.0,3.0,0.01,30.0,60.0,1e-09,1e-12,6,0.0001,1,new simulation,nan
6,18,0.042920367320510355,-0.30000000000000027,-0.4,settled,0.8300000000000005,-0.19269908169872418,0.0,2,1,1,nan,0.2,0.39269908169872414,9.81,1,1,8,21,41,-3.0,3.0,0.01,30.0,60.0,1e-09,1e-12,6,0.0001,1,new simulation,nan
6,19,0.042920367320510355,-0.1499999999999999,-0.4,settled,1.5500000000000012,-0.19269908169872418,0.0,2,1,1,nan,0.2,0.39269908169872414,9.81,1,1,8,21,41,-3.0,3.0,0.01,30.0,60.0,1e-09,1e-12,6,0.0001,1,new simulation,nan
6,20,0.042920367320510355,0.0,-0.4,rolling,8.18999999999987,-0.181720944747094,1.7155784496369761,17,17,0,1.7271671098211698,0.2,0.39269908169872414,9.81,1,1,8,21,41,-3.0,3.0,0.01,30.0,60.0,1e-09,1e-12,6,0.0001,1,new simulation,nan
6,21,0.042920367320510355,0.1499999999999999,-0.4,rolling,7.949999999999875,-0.178794362580248,1.712575615315844,17,17,0,1.7271676320324651,0.2,0.39269908169872414,9.81,1,1,8,21,41,-3.0,3.0,0.01,30.0,60.0,1e-09,1e-12,6,0.0001,1,new simulation,nan
6,22,0.042920367320510355,0.2999999999999998,-0.4,rolling,7.799999999999878,-0.19230350455724596,1.7267927765575148,17,17,0,1.7271691968609995,0.2,0.39269908169872414,9.81,1,1,8,21,41,-3.0,3.0,0.01,30.0,60.0,1e-09,1e-12,6,0.0001,1,new simulation,nan
6,23,0.042920367320510355,0.44999999999999973,-0.4,rolling,7.69999999999988,-0.1824232131401962,1.7163058597529968,17,17,0,1.727171805121406,0.2,0.39269908169872414,9.81,1,1,8,21,41,-3.0,3.0,0.01,30.0,60.0,1e-09,1e-12,6,0.0001,1,new simulation,nan
6,24,0.042920367320510355,0.5999999999999996,-0.4,rolling,7.609999999999882,-0.18652622306682037,1.7206026038153566,17,17,0,1.7271754582188512,0.2,0.39269908169872414,9.81,1,1,8,21,41,-3.0,3.0,0.01,30.0,60.0,1e-09,1e-12,6,0.0001,1,new simulation,nan
6,25,0.042920367320510355,0.75,-0.4,rolling,7.529999999999884,-0.19158296542166423,1.726012758049417,17,17,0,1.7271801553607107,0.2,0.39269908169872414,9.81,1,1,8,21,41,-3.0,3.0,0.01,30.0,60.0,1e-09,1e-12,6,0.0001,1,new simulation,nan
6,26,0.042920367320510355,0.8999999999999999,-0.4,rolling,7.459999999999885,-0.19121152671341968,1.7256116568588677,17,17,0,1.7271858941346745,0.2,0.39269908169872414,9.81,1,1,8,21,41,-3.0,3.0,0.01,30.0,60.0,1e-09,1e-12,6,0.0001,1,new simulation,nan
6,27,0.042920367320510355,1.0499999999999998,-0.4,rolling,7.399999999999887,-0.18202278028886187,1.7158930459197195,17,17,0,1.7271926777683244,0.2,0.39269908169872414,9.81,1,1,8,21,41,-3.0,3.0,0.01,30.0,60.0,1e-09,1e-12,6,0.0001,1,new simulation,nan
6,28,0.042920367320510355,1.2000000000000002,-0.4,rolling,6.909999999999897,-0.17866792412068688,1.71244733750802,16,16,0,1.7271727161021453,0.2,0.39269908169872414,9.81,1,1,8,21,41,-3.0,3.0,0.01,30.0,60.0,1e-09,1e-12,6,0.0001,1,new simulation,nan
6,29,0.042920367320510355,1.3499999999999996,-0.4,rolling,6.849999999999898,-0.181201142539932,1.71504419613148,16,16,0,1.7271904566237872,0.2,0.39269908169872414,9.81,1,1,8,21,41,-3.0,3.0,0.01,30.0,60.0,1e-09,1e-12,6,0.0001,1,new simulation,nan
6,30,0.042920367320510355,1.5,-0.4,rolling,6.359999999999909,-0.18763453849928782,1.7217790945363,15,15,0,1.7271922795290988,0.2,0.39269908169872414,9.81,1,1,8,21,41,-3.0,3.0,0.01,30.0,60.0,1e-09,1e-12,6,0.0001,1,new simulation,nan
6,31,0.042920367320510355,1.6499999999999995,-0.4,rolling,5.019999999999937,-0.17964559180579975,1.7134564304353606,12,12,0,1.727290818751823,0.2,0.39269908169872414,9.81,1,1,8,21,41,-3.0,3.0,0.01,30.0,60.0,1e-09,1e-12,6,0.0001,1,new simulation,nan
6,32,0.042920367320510355,1.7999999999999998,-0.4,rolling,6.259999999999911,-0.17903385812253697,1.7128309259973953,15,15,0,1.7272841093065008,0.2,0.39269908169872414,9.81,1,1,8,21,41,-3.0,3.0,0.01,30.0,60.0,1e-09,1e-12,6,0.0001,1,new simulation,nan
6,33,0.042920367320510355,1.9500000000000002,-0.4,rolling,6.639999999999903,-0.18048772804097216,1.7143188940384415,16,16,0,1.7272822884938874,0.2,0.39269908169872414,9.81,1,1,8,21,41,-3.0,3.0,0.01,30.0,60.0,1e-09,1e-12,6,0.0001,1,new simulation,nan
6,34,0.042920367320510355,2.0999999999999996,-0.4,rolling,7.019999999999895,-0.18501923917439575,1.719023854944888,17,17,0,1.72726937929636,0.2,0.39269908169872414,9.81,1,1,8,21,41,-3.0,3.0,0.01,30.0,60.0,1e-09,1e-12,6,0.0001,1,new simulation,nan
6,35,0.042920367320510355,2.25,-0.4,rolling,6.969999999999896,-0.19181446788992024,1.726273371933536,17,17,0,1.7272845090212379,0.2,0.39269908169872414,9.81,1,1,8,21,41,-3.0,3.0,0.01,30.0,60.0,1e-09,1e-12,6,0.0001,1,new simulation,nan
6,36,0.042920367320510355,2.3999999999999995,-0.4,rolling,7.3599999999998875,-0.1846979700389065,1.718686361737764,18,18,0,1.7272644887890607,0.2,0.39269908169872414,9.81,1,1,8,21,41,-3.0,3.0,0.01,30.0,60.0,1e-09,1e-12,6,0.0001,1,new simulation,nan
6,37,0.042920367320510355,2.55,-0.4,rolling,7.319999999999888,-0.17949485648785504,1.7133005844759068,18,18,0,1.7272730964144738,0.2,0.39269908169872414,9.81,1,1,8,21,41,-3.0,3.0,0.01,30.0,60.0,1e-09,1e-12,6,0.0001,1,new simulation,nan
6,38,0.042920367320510355,2.7,-0.4,rolling,7.279999999999889,-0.17665822033610298,1.7104219900812767,18,18,0,1.727282227355383,0.2,0.39269908169872414,9.81,1,1,8,21,41,-3.0,3.0,0.01,30.0,60.0,1e-09,1e-12,6,0.0001,1,new simulation,nan
6,39,0.042920367320510355,2.8499999999999996,-0.4,rolling,7.23999999999989,-0.17603850662620726,1.7097992503425623,18,18,0,1.7272918802332091,0.2,0.39269908169872414,9.81,1,1,8,21,41,-3.0,3.0,0.01,30.0,60.0,1e-09,1e-12,6,0.0001,1,new simulation,nan
6,40,0.042920367320510355,3.0,-0.4,rolling,7.629999999999882,-0.17812886733854733,1.7119081465417267,19,19,0,1.727265173890632,0.2,0.39269908169872414,9.81,1,1,8,21,41,-3.0,3.0,0.01,30.0,60.0,1e-09,1e-12,6,0.0001,1,new simulation,nan
7,0,0.08219027549038277,-3.0,-0.3,rolling,9.56999999999984,-0.1827521464940074,1.71664691252571,20,18,2,1.7271687601374668,0.2,0.39269908169872414,9.81,1,1,8,21,41,-3.0,3.0,0.01,30.0,60.0,1e-09,1e-12,6,0.0001,1,new simulation,nan
7,1,0.08219027549038277,-2.85,-0.3,settled,1.0600000000000007,-0.19269908169872418,0.0,3,1,2,nan,0.2,0.39269908169872414,9.81,1,1,8,21,41,-3.0,3.0,0.01,30.0,60.0,1e-09,1e-12,6,0.0001,1,new simulation,nan
7,2,0.08219027549038277,-2.7,-0.3,settled,1.1700000000000008,-0.19269908169872418,0.0,3,1,2,nan,0.2,0.39269908169872414,9.81,1,1,8,21,41,-3.0,3.0,0.01,30.0,60.0,1e-09,1e-12,6,0.0001,1,new simulation,nan
7,3,0.08219027549038277,-2.55,-0.3,settled,1.7100000000000013,-0.19269908169872418,0.0,3,1,2,nan,0.2,0.39269908169872414,9.81,1,1,8,21,41,-3.0,3.0,0.01,30.0,60.0,1e-09,1e-12,6,0.0001,1,new simulation,nan
7,4,0.08219027549038277,-2.4,-0.3,rolling,8.909999999999854,-0.17606568407038264,1.7098171646877935,19,18,1,1.7271942236171975,0.2,0.39269908169872414,9.81,1,1,8,21,41,-3.0,3.0,0.01,30.0,60.0,1e-09,1e-12,6,0.0001,1,new simulation,nan
7,5,0.08219027549038277,-2.25,-0.3,rolling,8.709999999999859,-0.18553630275981697,1.7195597754172012,19,18,1,1.7271901797254638,0.2,0.39269908169872414,9.81,1,1,8,21,41,-3.0,3.0,0.01,30.0,60.0,1e-09,1e-12,6,0.0001,1,new simulation,nan
7,6,0.08219027549038277,-2.1,-0.3,rolling,8.62999999999986,-0.18535731490690868,1.7193711252702568,19,18,1,1.7271863975121067,0.2,0.39269908169872414,9.81,1,1,8,21,41,-3.0,3.0,0.01,30.0,60.0,1e-09,1e-12,6,0.0001,1,new simulation,nan
7,7,0.08219027549038277,-1.95,-0.3,rolling,8.599999999999861,-0.18377736073531561,1.7177156302835863,19,18,1,1.7271828750569604,0.2,0.39269908169872414,9.81,1,1,8,21,41,-3.0,3.0,0.01,30.0,60.0,1e-09,1e-12,6,0.0001,1,new simulation,nan
7,8,0.08219027549038277,-1.8,-0.3,rolling,8.599999999999861,-0.18694064861246637,1.7210416053409576,19,18,1,1.727179613547549,0.2,0.39269908169872414,9.81,1,1,8,21,41,-3.0,3.0,0.01,30.0,60.0,1e-09,1e-12,6,0.0001,1,new simulation,nan
7,9,0.08219027549038277,-1.6500000000000001,-0.3,rolling,8.62999999999986,-0.18899106105696947,1.7232238590005062,19,18,1,1.7271766121269663,0.2,0.39269908169872414,9.81,1,1,8,21,41,-3.0,3.0,0.01,30.0,60.0,1e-09,1e-12,6,0.0001,1,new simulation,nan
7,10,0.08219027549038277,-1.5,-0.3,rolling,8.699999999999859,-0.1810989562482256,1.714937299315994,19,18,1,1.7271738737079414,0.2,0.39269908169872414,9.81,1,1,8,21,41,-3.0,3.0,0.01,30.0,60.0,1e-09,1e-12,6,0.0001,1,new simulation,nan
7,11,0.08219027549038277,-1.35,-0.3,rolling,8.819999999999856,-0.1777637304164817,1.711528719998595,19,18,1,1.7271713946704434,0.2,0.39269908169872414,9.81,1,1,8,21,41,-3.0,3.0,0.01,30.0,60.0,1e-09,1e-12,6,0.0001,1,new simulation,nan
7,12,0.08219027549038277,-1.2000000000000002,-0.3,rolling,9.059999999999851,-0.17931004812748896,1.7131017729521254,19,18,1,1.7271691769633672,0.2,0.39269908169872414,9.81,1,1,8,21,41,-3.0,3.0,0.01,30.0,60.0,1e-09,1e-12,6,0.0001,1,new simulation,nan
7,13,0.08219027549038277,-1.05,-0.3,settled,0.5900000000000003,-0.19269908169872418,0.0,2,1,1,nan,0.2,0.39269908169872414,9.81,1,1,8,21,41,-3.0,3.0,0.01,30.0,60.0,1e-09,1e-12,6,0.0001,1,new simulation,nan
7,14,0.08219027549038277,-0.8999999999999999,-0.3,settled,0.5900000000000003,-0.19269908169872418,0.0,2,1,1,nan,0.2,0.39269908169872414,9.81,1,1,8,21,41,-3.0,3.0,0.01,30.0,60.0,1e-09,1e-12,6,0.0001,1,new simulation,nan
7,15,0.08219027549038277,-0.75,-0.3,settled,0.6200000000000003,-0.19269908169872418,0.0,2,1,1,nan,0.2,0.39269908169872414,9.81,1,1,8,21,41,-3.0,3.0,0.01,30.0,60.0,1e-09,1e-12,6,0.0001,1,new simulation,nan
7,16,0.08219027549038277,-0.6000000000000001,-0.3,settled,0.6700000000000004,-0.19269908169872418,0.0,2,1,1,nan,0.2,0.39269908169872414,9.81,1,1,8,21,41,-3.0,3.0,0.01,30.0,60.0,1e-09,1e-12,6,0.0001,1,new simulation,nan
7,17,0.08219027549038277,-0.4500000000000002,-0.3,settled,0.8000000000000005,-0.19269908169872418,0.0,2,1,1,nan,0.2,0.39269908169872414,9.81,1,1,8,21,41,-3.0,3.0,0.01,30.0,60.0,1e-09,1e-12,6,0.0001,1,new simulation,nan
7,18,0.08219027549038277,-0.30000000000000027,-0.3,settled,1.2400000000000009,-0.19269908169872418,0.0,2,1,1,nan,0.2,0.39269908169872414,9.81,1,1,8,21,41,-3.0,3.0,0.01,30.0,60.0,1e-09,1e-12,6,0.0001,1,new simulation,nan
7,19,0.08219027549038277,-0.1499999999999999,-0.3,rolling,8.259999999999868,-0.18966785926049023,1.7239478590229576,17,17,0,1.7271665153195084,0.2,0.39269908169872414,9.81,1,1,8,21,41,-3.0,3.0,0.01,30.0,60.0,1e-09,1e-12,6,0.0001,1,new simulation,nan
7,20,0.08219027549038277,0.0,-0.3,rolling,7.989999999999874,-0.17779750831210112,1.7115624395830316,17,17,0,1.7271659926043972,0.2,0.39269908169872414,9.81,1,1,8,21,41,-3.0,3.0,0.01,30.0,60.0,1e-09,1e-12,6,0.0001,1,new simulation,nan
7,21,0.08219027549038277,0.1499999999999999,-0.3,rolling,7.839999999999877,-0.17928208171384286,1.713072956370684,17,17,0,1.7271665138938668,0.2,0.39269908169872414,9.81,1,1,8,21,41,-3.0,3.0,0.01,30.0,60.0,1e-09,1e-12,6,0.0001,1,new simulation,nan
7,22,0.08219027549038277,0.2999999999999998,-0.3,rolling,7.72999999999988,-0.18414824888729472,1.7181016401689901,17,17,0,1.727168080298631,0.2,0.39269908169872414,9.81,1,1,8,21,41,-3.0,3.0,0.01,30.0,60.0,1e-09,1e-12,6,0.0001,1,new simulation,nan
7,23,0.08219027549038277,0.44999999999999973,-0.3,rolling,7.6399999999998816,-0.18872133818173004,1.722935004126152,17,17,0,1.7271706891658984,0.2,0.39269908169872414,9.81,1,1,8,21,41,-3.0,3.0,0.01,30.0,60.0,1e-09,1e-12,6,0.0001,1,new simulation,nan
7,24,0.08219027549038277,0.5999999999999996,-0.3,rolling,7.569999999999883,-0.17785853630618703,1.7116251153498643,17,17,0,1.7271743414647691,0.2,0.39269908169872414,9.81,1,1,8,21,41,-3.0,3.0,0.01,30.0,60.0,1e-09,1e-12,6,0.0001,1,new simulation,nan
7,25,0.08219027549038277,0.75,-0.3,rolling,7.4999999999998845,-0.1787404740469758,1.7125218222324563,17,17,0,1.7271790388307302,0.2,0.39269908169872414,9.81,1,1,8,21,41,-3.0,3.0,0.01,30.0,60.0,1e-09,1e-12,6,0.0001,1,new simulation,nan
7,26,0.08219027549038277,0.8999999999999999,-0.3,rolling,7.429999999999886,-0.18765953021032,1.7218049434792069,17,17,0,1.7271847789519874,0.2,0.39269908169872414,9.81,1,1,8,21,41,-3.0,3.0,0.01,30.0,60.0,1e-09,1e-12,6,0.0001,1,new simulation,nan
7,27,0.08219027549038277,1.0499999999999998,-0.3,rolling,7.369999999999887,-0.1854123601826014,1.7194295081186364,17,17,0,1.7271915609800725,0.2,0.39269908169872414,9.81,1,1,8,21,41,-3.0,3.0,0.01,30.0,60.0,1e-09,1e-12,6,0.0001,1,new simulation,nan
7,28,0.08219027549038277,1.2000000000000002,-0.3,rolling,6.879999999999898,-0.18740106899980413,1.7215290153432838,16,16,0,1.7271704825402423,0.2,0.39269908169872414,9.81,1,1,8,21,41,-3.0,3.0,0.01,30.0,60.0,1e-09,1e-12,6,0.0001,1,new simulation,nan
7,29,0.08219027549038277,1.3499999999999996,-0.3,rolling,6.829999999999899,-0.17701524399215862,1.7107731349752127,16,16,0,1.7271882233995708,0.2,0.39269908169872414,9.81,1,1,8,21,41,-3.0,3.0,0.01,30.0,60.0,1e-09,1e-12,6,0.0001,1,new simulation,nan
7,30,0.08219027549038277,1.5,-0.3,rolling,6.339999999999909,-0.18687928048435598,1.7209773875385304,15,15,0,1.7271878113843944,0.2,0.39269908169872414,9.81,1,1,8,21,41,-3.0,3.0,0.01,30.0,60.0,1e-09,1e-12,6,0.0001,1,new simulation,nan
7,31,0.08219027549038277,1.6499999999999995,-0.3,rolling,4.569999999999947,-0.18111270695190146,1.7149618274508358,11,11,0,1.7272818682083713,0.2,0.39269908169872414,9.81,1,1,8,21,41,-3.0,3.0,0.01,30.0,60.0,1e-09,1e-12,6,0.0001,1,new simulation,nan
7,32,0.08219027549038277,1.7999999999999998,-0.3,rolling,6.239999999999911,-0.1835239424183068,1.717460573980815,15,15,0,1.727279642398224,0.2,0.39269908169872414,9.81,1,1,8,21,41,-3.0,3.0,0.01,30.0,60.0,1e-09,1e-12,6,0.0001,1,new simulation,nan
7,33,0.08219027549038277,1.9500000000000002,-0.3,rolling,6.619999999999903,-0.18703316525498873,1.7211492363737118,16,16,0,1.7272800547918161,0.2,0.39269908169872414,9.81,1,1,8,21,41,-3.0,3.0,0.01,30.0,60.0,1e-09,1e-12,6,0.0001,1,new simulation,nan
7,34,0.08219027549038277,2.0999999999999996,-0.3,rolling,7.009999999999895,-0.17617490009898606,1.7099340753859742,17,17,0,1.7272682620629702,0.2,0.39269908169872414,9.81,1,1,8,21,41,-3.0,3.0,0.01,30.0,60.0,1e-09,1e-12,6,0.0001,1,new simulation,nan
7,35,0.08219027549038277,2.25,-0.3,rolling,6.959999999999896,-0.18448006708571538,1.7184598734433116,17,17,0,1.7272833920996706,0.2,0.39269908169872414,9.81,1,1,8,21,41,-3.0,3.0,0.01,30.0,60.0,1e-09,1e-12,6,0.0001,1,new simulation,nan
7,36,0.08219027549038277,2.3999999999999995,-0.3,rolling,7.349999999999888,-0.1787542406358304,1.7125439960001365,18,18,0,1.727263929955998,0.2,0.39269908169872414,9.81,1,1,8,21,41,-3.0,3.0,0.01,30.0,60.0,1e-09,1e-12,6,0.0001,1,new simulation,nan
7,37,0.08219027549038277,2.55,-0.3,rolling,7.299999999999889,-0.19194809408076277,1.7264170398520637,18,18,0,1.7272725384540406,0.2,0.39269908169872414,9.81,1,1,8,21,41,-3.0,3.0,0.01,30.0,60.0,1e-09,1e-12,6,0.0001,1,new simulation,nan
7,38,0.08219027549038277,2.7,-0.3,rolling,7.25999999999989,-0.19017912608364573,1.7245079896541347,18,18,0,1.727281669507026,0.2,0.39269908169872414,9.81,1,1,8,21,41,-3.0,3.0,0.01,30.0,60.0,1e-09,1e-12,6,0.0001,1,new simulation,nan
7,39,0.08219027549038277,2.8499999999999996,-0.3,rolling,7.2199999999998905,-0.19053606343423168,1.7248930521054036,18,18,0,1.7272913218343333,0.2,0.39269908169872414,9.81,1,1,8,21,41,-3.0,3.0,0.01,30.0,60.0,1e-09,1e-12,6,0.0001,1,new simulation,nan
7,40,0.08219027549038277,3.0,-0.3,rolling,7.619999999999882,-0.1763464594803386,1.7101063309855857,19,19,0,1.7272648951565988,0.2,0.39269908169872414,9.81,1,1,8,21,41,-3.0,3.0,0.01,30.0,60.0,1e-09,1e-12,6,0.0001,1,new simulation,nan
8,0,0.12146018366025518,-3.0,-0.2,rolling,9.649999999999839,-0.18093339385312485,1.7147662777601675,20,18,2,1.7271685340491107,0.2,0.39269908169872414,9.81,1,1,8,21,41,-3.0,3.0,0.01,30.0,60.0,1e-09,1e-12,6,0.0001,1,new simulation,nan
8,1,0.12146018366025518,-2.85,-0.2,settled,1.0800000000000007,-0.19269908169872418,0.0,3,1,2,nan,0.2,0.39269908169872414,9.81,1,1,8,21,41,-3.0,3.0,0.01,30.0,60.0,1e-09,1e-12,6,0.0001,1,new simulation,nan
8,2,0.12146018366025518,-2.7,-0.2,settled,1.2000000000000008,-0.19269908169872418,0.0,3,1,2,nan,0.2,0.39269908169872414,9.81,1,1,8,21,41,-3.0,3.0,0.01,30.0,60.0,1e-09,1e-12,6,0.0001,1,new simulation,nan
8,3,0.12146018366025518,-2.55,-0.2,settled,2.1399999999999983,-0.19269908169872418,0.0,3,1,2,nan,0.2,0.39269908169872414,9.81,1,1,8,21,41,-3.0,3.0,0.01,30.0,60.0,1e-09,1e-12,6,0.0001,1,new simulation,nan
8,4,0.12146018366025518,-2.4,-0.2,rolling,8.889999999999855,-0.1824436034860491,1.716329107500679,19,18,1,1.727193769621131,0.2,0.39269908169872414,9.81,1,1,8,21,41,-3.0,3.0,0.01,30.0,60.0,1e-09,1e-12,6,0.0001,1,new simulation,nan
8,5,0.12146018366025518,-2.25,-0.2,rolling,8.719999999999859,-0.17608395315546757,1.7098350935932662,19,18,1,1.7271897257160038,0.2,0.39269908169872414,9.81,1,1,8,21,41,-3.0,3.0,0.01,30.0,60.0,1e-09,1e-12,6,0.0001,1,new simulation,nan
8,6,0.12146018366025518,-2.1,-0.2,rolling,8.63999999999986,-0.1901371550997419,1.724453729652991,19,18,1,1.7271859433146923,0.2,0.39269908169872414,9.81,1,1,8,21,41,-3.0,3.0,0.01,30.0,60.0,1e-09,1e-12,6,0.0001,1,new simulation,nan
8,7,0.12146018366025518,-1.95,-0.2,rolling,8.61999999999986,-0.18164013021874334,1.7154964190126938,19,18,1,1.7271824209518432,0.2,0.39269908169872414,9.81,1,1,8,21,41,-3.0,3.0,0.01,30.0,60.0,1e-09,1e-12,6,0.0001,1,new simulation,nan
8,8,0.12146018366025518,-1.8,-0.2,rolling,8.62999999999986,-0.17777258604718615,1.7115384442500308,19,18,1,1.7271791602537183,0.2,0.39269908169872414,9.81,1,1,8,21,41,-3.0,3.0,0.01,30.0,60.0,1e-09,1e-12,6,0.0001,1,new simulation,nan
8,9,0.12146018366025518,-1.6500000000000001,-0.2,rolling,8.65999999999986,-0.19220031215023667,1.7266814248123894,19,18,1,1.727176158870502,0.2,0.39269908169872414,9.81,1,1,8,21,41,-3.0,3.0,0.01,30.0,60.0,1e-09,1e-12,6,0.0001,1,new simulation,nan
8,10,0.12146018366025518,-1.5,-0.2,rolling,8.739999999999858,-0.18532181141735968,1.7193325547396807,19,18,1,1.7271734198770197,0.2,0.39269908169872414,9.81,1,1,8,21,41,-3.0,3.0,0.01,30.0,60.0,1e-09,1e-12,6,0.0001,1,new simulation,nan
8,11,0.12146018366025518,-1.35,-0.2,rolling,8.879999999999855,-0.1820391122157189,1.7159078654157822,19,18,1,1.7271709409686957,0.2,0.39269908169872414,9.81,1,1,8,21,41,-3.0,3.0,0.01,30.0,60.0,1e-09,1e-12,6,0.0001,1,new simulation,nan
8,12,0.12146018366025518,-1.2000000000000002,-0.2,rolling,9.189999999999849,-0.18010976358945108,1.7139201003494917,19,18,1,1.7271687226151526,0.2,0.39269908169872414,9.81,1,1,8,21,41,-3.0,3.0,0.01,30.0,60.0,1e-09,1e-12,6,0.0001,1,new simulation,nan
8,13,0.12146018366025518,-1.05,-0.2,settled,0.6300000000000003,-0.19269908169872418,0.0,2,1,1,nan,0.2,0.39269908169872414,9.81,1,1,8,21,41,-3.0,3.0,0.01,30.0,60.0,1e-09,1e-12,6,0.0001,1,new simulation,nan
8,14,0.12146018366025518,-0.8999999999999999,-0.2,settled,0.6400000000000003,-0.19269908169872418,0.0,2,1,1,nan,0.2,0.39269908169872414,9.81,1,1,8,21,41,-3.0,3.0,0.01,30.0,60.0,1e-09,1e-12,6,0.0001,1,new simulation,nan
8,15,0.12146018366025518,-0.75,-0.2,settled,0.6900000000000004,-0.19269908169872418,0.0,2,1,1,nan,0.2,0.39269908169872414,9.81,1,1,8,21,41,-3.0,3.0,0.01,30.0,60.0,1e-09,1e-12,6,0.0001,1,new simulation,nan
8,16,0.12146018366025518,-0.6000000000000001,-0.2,settled,0.7900000000000005,-0.19269908169872418,0.0,2,1,1,nan,0.2,0.39269908169872414,9.81,1,1,8,21,41,-3.0,3.0,0.01,30.0,60.0,1e-09,1e-12,6,0.0001,1,new simulation,nan
8,17,0.12146018366025518,-0.4500000000000002,-0.2,settled,1.1000000000000008,-0.19269908169872418,0.0,2,1,1,nan,0.2,0.39269908169872414,9.81,1,1,8,21,41,-3.0,3.0,0.01,30.0,60.0,1e-09,1e-12,6,0.0001,1,new simulation,nan
8,18,0.12146018366025518,-0.30000000000000027,-0.2,rolling,8.359999999999866,-0.18020829307498804,1.714020913228835,17,17,0,1.727166263900849,0.2,0.39269908169872414,9.81,1,1,8,21,41,-3.0,3.0,0.01,30.0,60.0,1e-09,1e-12,6,0.0001,1,new simulation,nan
8,19,0.12146018366025518,-0.1499999999999999,-0.2,rolling,8.029999999999873,-0.1808484013114787,1.7146784315992885,17,17,0,1.727164697950106,0.2,0.39269908169872414,9.81,1,1,8,21,41,-3.0,3.0,0.01,30.0,60.0,1e-09,1e-12,6,0.0001,1,new simulation,nan
8,20,0.12146018366025518,0.0,-0.2,rolling,7.869999999999877,-0.18428625994976164,1.7182456073279155,17,17,0,1.7271641769228931,0.2,0.39269908169872414,9.81,1,1,8,21,41,-3.0,3.0,0.01,30.0,60.0,1e-09,1e-12,6,0.0001,1,new simulation,nan
8,21,0.12146018366025518,0.1499999999999999,-0.2,rolling,7.759999999999879,-0.18630855214746006,1.720371544974661,17,17,0,1.7271646993193865,0.2,0.39269908169872414,9.81,1,1,8,21,41,-3.0,3.0,0.01,30.0,60.0,1e-09,1e-12,6,0.0001,1,new simulation,nan
8,22,0.12146018366025518,0.2999999999999998,-0.2,rolling,7.669999999999881,-0.19172830495777318,1.7261687769328167,17,17,0,1.7271662638709018,0.2,0.39269908169872414,9.81,1,1,8,21,41,-3.0,3.0,0.01,30.0,60.0,1e-09,1e-12,6,0.0001,1,new simulation,nan
8,23,0.12146018366025518,0.44999999999999973,-0.2,rolling,7.599999999999882,-0.18273736737810134,1.7166315749919463,17,17,0,1.7271688725719263,0.2,0.39269908169872414,9.81,1,1,8,21,41,-3.0,3.0,0.01,30.0,60.0,1e-09,1e-12,6,0.0001,1,new simulation,nan
8,24,0.12146018366025518,0.5999999999999996,-0.2,rolling,7.529999999999884,-0.18552738154817938,1.7195486985864685,17,17,0,1.7271725258139934,0.2,0.39269908169872414,9.81,1,1,8,21,41,-3.0,3.0,0.01,30.0,60.0,1e-09,1e-12,6,0.0001,1,new simulation,nan
8,25,0.12146018366025518,0.75,-0.2,rolling,7.469999999999885,-0.1787637638708923,1.7125453662320054,17,17,0,1.7271772213342373,0.2,0.39269908169872414,9.81,1,1,8,21,41,-3.0,3.0,0.01,30.0,60.0,1e-09,1e-12,6,0.0001,1,new simulation,nan
8,26,0.12146018366025518,0.8999999999999999,-0.2,rolling,7.4099999999998865,-0.17745194242166543,1.7112140699184972,17,17,0,1.7271829617414933,0.2,0.39269908169872414,9.81,1,1,8,21,41,-3.0,3.0,0.01,30.0,60.0,1e-09,1e-12,6,0.0001,1,new simulation,nan
8,27,0.12146018366025518,1.0499999999999998,-0.2,rolling,7.349999999999888,-0.18043441931892862,1.7142552621807565,17,17,0,1.7271897445634339,0.2,0.39269908169872414,9.81,1,1,8,21,41,-3.0,3.0,0.01,30.0,60.0,1e-09,1e-12,6,0.0001,1,new simulation,nan
8,28,0.12146018366025518,1.2000000000000002,-0.2,rolling,6.859999999999898,-0.1864837171592955,1.7205568415401642,16,16,0,1.7271668503661228,0.2,0.39269908169872414,9.81,1,1,8,21,41,-3.0,3.0,0.01,30.0,60.0,1e-09,1e-12,6,0.0001,1,new simulation,nan
8,29,0.12146018366025518,1.3499999999999996,-0.2,rolling,6.809999999999899,-0.17932901781832544,1.713122629784812,16,16,0,1.7271845921516829,0.2,0.39269908169872414,9.81,1,1,8,21,41,-3.0,3.0,0.01,30.0,60.0,1e-09,1e-12,6,0.0001,1,new simulation,nan
8,30,0.12146018366025518,1.5,-0.2,rolling,6.31999999999991,-0.1918529740493111,1.7263051872912616,15,15,0,1.727180547076365,0.2,0.39269908169872414,9.81,1,1,8,21,41,-3.0,3.0,0.01,30.0,60.0,1e-09,1e-12,6,0.0001,1,new simulation,nan
8,31,0.12146018366025518,1.6499999999999995,-0.2,rolling,4.549999999999947,-0.18825249631767232,1.7224342614492194,11,11,0,1.7271656370340407,0.2,0.39269908169872414,9.81,1,1,8,21,41,-3.0,3.0,0.01,30.0,60.0,1e-09,1e-12,6,0.0001,1,new simulation,nan
8,32,0.12146018366025518,1.7999999999999998,-0.2,rolling,6.219999999999912,-0.19253836363519541,1.7270577428260674,15,15,0,1.727272378179568,0.2,0.39269908169872414,9.81,1,1,8,21,41,-3.0,3.0,0.01,30.0,60.0,1e-09,1e-12,6,0.0001,1,new simulation,nan
8,33,0.12146018366025518,1.9500000000000002,-0.2,rolling,6.6099999999999035,-0.18042972058614815,1.7142587526121549,16,16,0,1.7272764228995212,0.2,0.39269908169872414,9.81,1,1,8,21,41,-3.0,3.0,0.01,30.0,60.0,1e-09,1e-12,6,0.0001,1,new simulation,nan
8,34,0.12146018366025518,2.0999999999999996,-0.2,rolling,6.989999999999895,-0.18811058564396163,1.7222926839408363,17,17,0,1.7272664464508072,0.2,0.39269908169872414,9.81,1,1,8,21,41,-3.0,3.0,0.01,30.0,60.0,1e-09,1e-12,6,0.0001,1,new simulation,nan
8,35,0.12146018366025518,2.25,-0.2,rolling,6.949999999999896,-0.18045900252172206,1.7142893204155691,17,17,0,1.7272815758839208,0.2,0.39269908169872414,9.81,1,1,8,21,41,-3.0,3.0,0.01,30.0,60.0,1e-09,1e-12,6,0.0001,1,new simulation,nan
8,36,0.12146018366025518,2.3999999999999995,-0.2,rolling,7.339999999999888,-0.17581009290278513,1.7095670920025803,18,18,0,1.727263021475034,0.2,0.39269908169872414,9.81,1,1,8,21,41,-3.0,3.0,0.01,30.0,60.0,1e-09,1e-12,6,0.0001,1,new simulation,nan
8,37,0.12146018366025518,2.55,-0.2,rolling,7.289999999999889,-0.18993865711707297,1.7242485874099391,18,18,0,1.7272716309042135,0.2,0.39269908169872414,9.81,1,1,8,21,41,-3.0,3.0,0.01,30.0,60.0,1e-09,1e-12,6,0.0001,1,new simulation,nan
8,38,0.12146018366025518,2.7,-0.2,rolling,7.24999999999989,-0.18903435941854715,1.7232801122316745,18,18,0,1.7272807621763226,0.2,0.39269908169872414,9.81,1,1,8,21,41,-3.0,3.0,0.01,30.0,60.0,1e-09,1e-12,6,0.0001,1,new simulation,nan
8,39,0.12146018366025518,2.8499999999999996,-0.2,rolling,7.209999999999891,-0.19017317546647006,1.724502425065325,18,18,0,1.72729041430415,0.2,0.39269908169872414,9.81,1,1,8,21,41,-3.0,3.0,0.01,30.0,60.0,1e-09,1e-12,6,0.0001,1,new simulation,nan
8,40,0.12146018366025518,3.0,-0.2,rolling,7.609999999999882,-0.17669374024681428,1.7104560859137456,19,19,0,1.7272644407919777,0.2,0.39269908169872414,9.81,1,1,8,21,41,-3.0,3.0,0.01,30.0,60.0,1e-09,1e-12,6,0.0001,1,new simulation,nan
9,0,0.1607300918301276,-3.0,-0.1,rolling,9.779999999999836,-0.18826223862536587,1.7224448942918358,20,18,2,1.7271682203976406,0.2,0.39269908169872414,9.81,1,1,8,21,41,-3.0,3.0,0.01,30.0,60.0,1e-09,1e-12,6,0.0001,1,new simulation,nan
9,1,0.1607300918301276,-2.85,-0.1,settled,1.1000000000000008,-0.19269908169872418,0.0,3,1,2,nan,0.2,0.39269908169872414,9.81,1,1,8,21,41,-3.0,3.0,0.01,30.0,60.0,1e-09,1e-12,6,0.0001,1,new simulation,nan
9,2,0.1607300918301276,-2.7,-0.1,settled,1.2400000000000009,-0.19269908169872418,0.0,3,1,2,nan,0.2,0.39269908169872414,9.81,1,1,8,21,41,-3.0,3.0,0.01,30.0,60.0,1e-09,1e-12,6,0.0001,1,new simulation,nan
9,3,0.1607300918301276,-2.55,-0.1,rolling,9.13999999999985,-0.18043716215907663,1.7142558567760942,18,17,1,1.7271665990201477,0.2,0.39269908169872414,9.81,1,1,8,21,41,-3.0,3.0,0.01,30.0,60.0,1e-09,1e-12,6,0.0001,1,new simulation,nan
9,4,0.1607300918301276,-2.4,-0.1,rolling,8.869999999999855,-0.17848491498540386,1.7122630642023087,19,18,1,1.7271931418735829,0.2,0.39269908169872414,9.81,1,1,8,21,41,-3.0,3.0,0.01,30.0,60.0,1e-09,1e-12,6,0.0001,1,new simulation,nan
9,5,0.1607300918301276,-2.25,-0.1,rolling,8.719999999999859,-0.17864426195904695,1.7124248224021894,19,18,1,1.7271890977065223,0.2,0.39269908169872414,9.81,1,1,8,21,41,-3.0,3.0,0.01,30.0,60.0,1e-09,1e-12,6,0.0001,1,new simulation,nan
9,6,0.1607300918301276,-2.1,-0.1,rolling,8.65999999999986,-0.17602698311393586,1.7097774184657295,19,18,1,1.7271853141752949,0.2,0.39269908169872414,9.81,1,1,8,21,41,-3.0,3.0,0.01,30.0,60.0,1e-09,1e-12,6,0.0001,1,new simulation,nan
9,7,0.1607300918301276,-1.95,-0.1,rolling,8.63999999999986,-0.18066987471739474,1.7144964398303717,19,18,1,1.7271817921862074,0.2,0.39269908169872414,9.81,1,1,8,21,41,-3.0,3.0,0.01,30.0,60.0,1e-09,1e-12,6,0.0001,1,new simulation,nan
9,8,0.1607300918301276,-1.8,-0.1,rolling,8.64999999999986,-0.19018242656718948,1.7245016990142799,19,18,1,1.7271785310973715,0.2,0.39269908169872414,9.81,1,1,8,21,41,-3.0,3.0,0.01,30.0,60.0,1e-09,1e-12,6,0.0001,1,new simulation,nan
9,9,0.1607300918301276,-1.6500000000000001,-0.1,rolling,8.699999999999859,-0.18729748691719428,1.7214195580023093,19,18,1,1.7271755315236321,0.2,0.39269908169872414,9.81,1,1,8,21,41,-3.0,3.0,0.01,30.0,60.0,1e-09,1e-12,6,0.0001,1,new simulation,nan
9,10,0.1607300918301276,-1.5,-0.1,rolling,8.789999999999857,-0.19015583419886056,1.7244725585207403,19,18,1,1.7271727912396908,0.2,0.39269908169872414,9.81,1,1,8,21,41,-3.0,3.0,0.01,30.0,60.0,1e-09,1e-12,6,0.0001,1,new simulation,nan
9,11,0.1607300918301276,-1.35,-0.1,rolling,8.969999999999853,-0.17577432842569943,1.7095222787994413,19,18,1,1.7271703122201456,0.2,0.39269908169872414,9.81,1,1,8,21,41,-3.0,3.0,0.01,30.0,60.0,1e-09,1e-12,6,0.0001,1,new simulation,nan
9,12,0.1607300918301276,-1.2000000000000002,-0.1,rolling,9.449999999999843,-0.19027852249126687,1.7246040655925767,19,18,1,1.7271680954536128,0.2,0.39269908169872414,9.81,1,1,8,21,41,-3.0,3.0,0.01,30.0,60.0,1e-09,1e-12,6,0.0001,1,new simulation,nan
9,13,0.1607300918301276,-1.05,-0.1,settled,0.6700000000000004,-0.19269908169872418,0.0,2,1,1,nan,0.2,0.39269908169872414,9.81,1,1,8,21,41,-3.0,3.0,0.01,30.0,60.0,1e-09,1e-12,6,0.0001,1,new simulation,nan
9,14,0.1607300918301276,-0.8999999999999999,-0.1,settled,0.7000000000000004,-0.19269908169872418,0.0,2,1,1,nan,0.2,0.39269908169872414,9.81,1,1,8,21,41,-3.0,3.0,0.01,30.0,60.0,1e-09,1e-12,6,0.0001,1,new simulation,nan
9,15,0.1607300918301276,-0.75,-0.1,settled,0.7800000000000005,-0.19269908169872418,0.0,2,1,1,nan,0.2,0.39269908169872414,9.81,1,1,8,21,41,-3.0,3.0,0.01,30.0,60.0,1e-09,1e-12,6,0.0001,1,new simulation,nan
9,16,0.1607300918301276,-0.6000000000000001,-0.1,settled,1.0100000000000007,-0.19269908169872418,0.0,2,1,1,nan,0.2,0.39269908169872414,9.81,1,1,8,21,41,-3.0,3.0,0.01,30.0,60.0,1e-09,1e-12,6,0.0001,1,new simulation,nan
9,17,0.1607300918301276,-0.4500000000000002,-0.1,rolling,8.489999999999863,-0.1849502695623982,1.718941599257741,17,17,0,1.7271663607482635,0.2,0.39269908169872414,9.81,1,1,8,21,41,-3.0,3.0,0.01,30.0,60.0,1e-09,1e-12,6,0.0001,1,new simulation,nan
9,18,0.1607300918301276,-0.30000000000000027,-0.1,rolling,8.069999999999872,-0.18953522148336693,1.7238053401699658,17,17,0,1.7271637511228768,0.2,0.39269908169872414,9.81,1,1,8,21,41,-3.0,3.0,0.01,30.0,60.0,1e-09,1e-12,6,0.0001,1,new simulation,nan
9,19,0.1607300918301276,-0.1499999999999999,-0.1,rolling,8.329999999999867,-0.19097001298098157,1.7253517576289386,18,18,0,1.7271952398761907,0.2,0.39269908169872414,9.81,1,1,8,21,41,-3.0,3.0,0.01,30.0,60.0,1e-09,1e-12,6,0.0001,1,new simulation,nan
9,20,0.1607300918301276,0.0,-0.1,rolling,8.21999999999987,-0.18945487092397856,1.7237221864585808,18,18,0,1.7271949790892702,0.2,0.39269908169872414,9.81,1,1,8,21,41,-3.0,3.0,0.01,30.0,60.0,1e-09,1e-12,6,0.0001,1,new simulation,nan
9,21,0.1607300918301276,0.1499999999999999,-0.1,rolling,8.139999999999871,-0.1788736074676598,1.7126590128822414,18,18,0,1.7271952400709896,0.2,0.39269908169872414,9.81,1,1,8,21,41,-3.0,3.0,0.01,30.0,60.0,1e-09,1e-12,6,0.0001,1,new simulation,nan
9,22,0.1607300918301276,0.2999999999999998,-0.1,rolling,7.629999999999882,-0.1890764936417082,1.7233140185135885,17,17,0,1.7271637509777158,0.2,0.39269908169872414,9.81,1,1,8,21,41,-3.0,3.0,0.01,30.0,60.0,1e-09,1e-12,6,0.0001,1,new simulation,nan
9,23,0.1607300918301276,0.44999999999999973,-0.1,rolling,7.569999999999883,-0.17741251294334437,1.7111725755453118,17,17,0,1.72716636007715,0.2,0.39269908169872414,9.81,1,1,8,21,41,-3.0,3.0,0.01,30.0,60.0,1e-09,1e-12,6,0.0001,1,new simulation,nan
9,24,0.1607300918301276,0.5999999999999996,-0.1,rolling,7.4999999999998845,-0.19004640352989227,1.7243546587612983,17,17,0,1.727170012597752,0.2,0.39269908169872414,9.81,1,1,8,21,41,-3.0,3.0,0.01,30.0,60.0,1e-09,1e-12,6,0.0001,1,new simulation,nan
9,25,0.1607300918301276,0.75,-0.1,rolling,7.439999999999886,-0.19024870635546923,1.7245726209449415,17,17,0,1.7271747085814981,0.2,0.39269908169872414,9.81,1,1,8,21,41,-3.0,3.0,0.01,30.0,60.0,1e-09,1e-12,6,0.0001,1,new simulation,nan
9,26,0.1607300918301276,0.8999999999999999,-0.1,rolling,7.389999999999887,-0.17685533571184123,1.7106109841632862,17,17,0,1.7271804490437521,0.2,0.39269908169872414,9.81,1,1,8,21,41,-3.0,3.0,0.01,30.0,60.0,1e-09,1e-12,6,0.0001,1,new simulation,nan
9,27,0.1607300918301276,1.0499999999999998,-0.1,rolling,7.329999999999888,-0.18366710203739012,1.7176010037480405,17,17,0,1.727187232208686,0.2,0.39269908169872414,9.81,1,1,8,21,41,-3.0,3.0,0.01,30.0,60.0,1e-09,1e-12,6,0.0001,1,new simulation,nan
9,28,0.1607300918301276,1.2000000000000002,-0.1,rolling,7.279999999999889,-0.17614869554413437,1.7099006850871228,17,17,0,1.727195058746536,0.2,0.39269908169872414,9.81,1,1,8,21,41,-3.0,3.0,0.01,30.0,60.0,1e-09,1e-12,6,0.0001,1,new simulation,nan
9,29,0.1607300918301276,1.3499999999999996,-0.1,rolling,6.7899999999999,-0.18787043781598498,1.7220287328016113,16,16,0,1.7271795663228293,0.2,0.39269908169872414,9.81,1,1,8,21,41,-3.0,3.0,0.01,30.0,60.0,1e-09,1e-12,6,0.0001,1,new simulation,nan
9,30,0.1607300918301276,1.5,-0.1,rolling,6.30999999999991,-0.18509895183012687,1.7190980939789737,15,15,0,1.7271704964188233,0.2,0.39269908169872414,9.81,1,1,8,21,41,-3.0,3.0,0.01,30.0,60.0,1e-09,1e-12,6,0.0001,1,new simulation,nan
9,31,0.1607300918301276,1.6499999999999995,-0.1,rolling,5.399999999999929,-0.1843413360849298,1.7183040231239812,13,13,0,1.727172427109563,0.2,0.39269908169872414,9.81,1,1,8,21,41,-3.0,3.0,0.01,30.0,60.0,1e-09,1e-12,6,0.0001,1,new simulation,nan
9,32,0.1607300918301276,1.7999999999999998,-0.1,rolling,6.209999999999912,-0.18869149762513773,1.7229118823667806,15,15,0,1.7272623297892438,0.2,0.39269908169872414,9.81,1,1,8,21,41,-3.0,3.0,0.01,30.0,60.0,1e-09,1e-12,6,0.0001,1,new simulation,nan
9,33,0.1607300918301276,1.9500000000000002,-0.1,rolling,6.599999999999904,-0.1777492063943622,1.7115236121043336,16,16,0,1.7272713986113812,0.2,0.39269908169872414,9.81,1,1,8,21,41,-3.0,3.0,0.01,30.0,60.0,1e-09,1e-12,6,0.0001,1,new simulation,nan
9,34,0.1607300918301276,2.0999999999999996,-0.1,rolling,6.979999999999896,-0.18641496606239827,1.7204934597748454,17,17,0,1.727263933948655,0.2,0.39269908169872414,9.81,1,1,8,21,41,-3.0,3.0,0.01,30.0,60.0,1e-09,1e-12,6,0.0001,1,new simulation,nan
9,35,0.1607300918301276,2.25,-0.1,rolling,6.9399999999998965,-0.17964818825983753,1.713457960120797,17,17,0,1.7272790636997513,0.2,0.39269908169872414,9.81,1,1,8,21,41,-3.0,3.0,0.01,30.0,60.0,1e-09,1e-12,6,0.0001,1,new simulation,nan
9,36,0.1607300918301276,2.3999999999999995,-0.1,rolling,7.329999999999888,-0.17578258077903075,1.7095393610529932,18,18,0,1.7272617655973432,0.2,0.39269908169872414,9.81,1,1,8,21,41,-3.0,3.0,0.01,30.0,60.0,1e-09,1e-12,6,0.0001,1,new simulation,nan
9,37,0.1607300918301276,2.55,-0.1,rolling,7.279999999999889,-0.1906207560804231,1.7249822919939894,18,18,0,1.7272703744105622,0.2,0.39269908169872414,9.81,1,1,8,21,41,-3.0,3.0,0.01,30.0,60.0,1e-09,1e-12,6,0.0001,1,new simulation,nan
9,38,0.1607300918301276,2.7,-0.1,rolling,7.23999999999989,-0.19036041062640163,1.7247028066164196,18,18,0,1.7272795057042085,0.2,0.39269908169872414,9.81,1,1,8,21,41,-3.0,3.0,0.01,30.0,60.0,1e-09,1e-12,6,0.0001,1,new simulation,nan
9,39,0.1607300918301276,2.8499999999999996,-0.1,rolling,7.199999999999891,-0.19208966686495418,1.7265721423586629,18,18,0,1.7272891576625637,0.2,0.39269908169872414,9.81,1,1,8,21,41,-3.0,3.0,0.01,30.0,60.0,1e-09,1e-12,6,0.0001,1,new simulation,nan
9,40,0.1607300918301276,3.0,-0.1,rolling,7.599999999999882,-0.17913215475579597,1.7129292543627843,19,19,0,1.7272638121683481,0.2,0.39269908169872414,9.81,1,1,8,21,41,-3.0,3.0,0.01,30.0,60.0,1e-09,1e-12,6,0.0001,1,new simulation,nan
10,0,0.2,-3.0,0.0,rolling,10.06999999999983,-0.1926275821370504,1.727144775748942,20,18,2,1.727167819355459,0.2,0.39269908169872414,9.81,1,1,8,21,41,-3.0,3.0,0.01,30.0,60.0,1e-09,1e-12,6,0.0001,1,new simulation,nan
10,1,0.2,-2.85,0.0,settled,1.1300000000000008,-0.19269908169872418,0.0,3,1,2,nan,0.2,0.39269908169872414,9.81,1,1,8,21,41,-3.0,3.0,0.01,30.0,60.0,1e-09,1e-12,6,0.0001,1,new simulation,nan
10,2,0.2,-2.7,0.0,settled,1.310000000000001,-0.19269908169872418,0.0,3,1,2,nan,0.2,0.39269908169872414,9.81,1,1,8,21,41,-3.0,3.0,0.01,30.0,60.0,1e-09,1e-12,6,0.0001,1,new simulation,nan
10,3,0.2,-2.55,0.0,rolling,8.839999999999856,-0.18556146997641226,1.7195838545898536,18,17,1,1.7271649967954634,0.2,0.39269908169872414,9.81,1,1,8,21,41,-3.0,3.0,0.01,30.0,60.0,1e-09,1e-12,6,0.0001,1,new simulation,nan
10,4,0.2,-2.4,0.0,rolling,8.839999999999856,-0.18774874475301356,1.7219005125539433,19,18,1,1.7271923408544465,0.2,0.39269908169872414,9.81,1,1,8,21,41,-3.0,3.0,0.01,30.0,60.0,1e-09,1e-12,6,0.0001,1,new simulation,nan
10,5,0.2,-2.25,0.0,rolling,8.719999999999859,-0.1786904604320949,1.7124717786196415,19,18,1,1.7271882958903195,0.2,0.39269908169872414,9.81,1,1,8,21,41,-3.0,3.0,0.01,30.0,60.0,1e-09,1e-12,6,0.0001,1,new simulation,nan
10,6,0.2,-2.1,0.0,rolling,8.66999999999986,-0.179223516989145,1.7130148907430176,19,18,1,1.7271845135314126,0.2,0.39269908169872414,9.81,1,1,8,21,41,-3.0,3.0,0.01,30.0,60.0,1e-09,1e-12,6,0.0001,1,new simulation,nan
10,7,0.2,-1.95,0.0,rolling,8.65999999999986,-0.18273386137421802,1.7166290972026599,19,18,1,1.727180991713601,0.2,0.39269908169872414,9.81,1,1,8,21,41,-3.0,3.0,0.01,30.0,60.0,1e-09,1e-12,6,0.0001,1,new simulation,nan
10,8,0.2,-1.8,0.0,rolling,8.67999999999986,-0.19228738538097978,1.726776089777194,19,18,1,1.72717773022943,0.2,0.39269908169872414,9.81,1,1,8,21,41,-3.0,3.0,0.01,30.0,60.0,1e-09,1e-12,6,0.0001,1,new simulation,nan
10,9,0.2,-1.6500000000000001,0.0,rolling,8.749999999999858,-0.17840244661671711,1.7121774287045046,19,18,1,1.7271747293979203,0.2,0.39269908169872414,9.81,1,1,8,21,41,-3.0,3.0,0.01,30.0,60.0,1e-09,1e-12,6,0.0001,1,new simulation,nan
10,10,0.2,-1.5,0.0,rolling,8.859999999999856,-0.18727839645802652,1.7213989608455726,19,18,1,1.7271719908113052,0.2,0.39269908169872414,9.81,1,1,8,21,41,-3.0,3.0,0.01,30.0,60.0,1e-09,1e-12,6,0.0001,1,new simulation,nan
10,11,0.2,-1.35,0.0,rolling,9.08999999999985,-0.19233702135851816,1.7268292021664473,19,18,1,1.7271695110029706,0.2,0.39269908169872414,9.81,1,1,8,21,41,-3.0,3.0,0.01,30.0,60.0,1e-09,1e-12,6,0.0001,1,new simulation,nan
10,12,0.2,-1.2000000000000002,0.0,settled,0.7000000000000004,-0.19269908169872418,0.0,2,1,1,nan,0.2,0.39269908169872414,9.81,1,1,8,21,41,-3.0,3.0,0.01,30.0,60.0,1e-09,1e-12,6,0.0001,1,new simulation,nan
10,13,0.2,-1.05,0.0,settled,0.7200000000000004,-0.19269908169872418,0.0,2,1,1,nan,0.2,0.39269908169872414,9.81,1,1,8,21,41,-3.0,3.0,0.01,30.0,60.0,1e-09,1e-12,6,0.0001,1,new simulation,nan
10,14,0.2,-0.8999999999999999,0.0,settled,0.7800000000000005,-0.19269908169872418,0.0,2,1,1,nan,0.2,0.39269908169872414,9.81,1,1,8,21,41,-3.0,3.0,0.01,30.0,60.0,1e-09,1e-12,6,0.0001,1,new simulation,nan
10,15,0.2,-0.75,0.0,settled,0.9600000000000006,-0.19269908169872418,0.0,2,1,1,nan,0.2,0.39269908169872414,9.81,1,1,8,21,41,-3.0,3.0,0.01,30.0,60.0,1e-09,1e-12,6,0.0001,1,new simulation,nan
10,16,0.2,-0.6000000000000001,0.0,rolling,8.719999999999859,-0.18956095718113486,1.7238332259344584,17,17,0,1.727166807485616,0.2,0.39269908169872414,9.81,1,1,8,21,41,-3.0,3.0,0.01,30.0,60.0,1e-09,1e-12,6,0.0001,1,new simulation,nan
10,17,0.2,-0.4500000000000002,0.0,rolling,8.119999999999871,-0.18903627007971086,1.7232709314684667,17,17,0,1.7271631556555533,0.2,0.39269908169872414,9.81,1,1,8,21,41,-3.0,3.0,0.01,30.0,60.0,1e-09,1e-12,6,0.0001,1,new simulation,nan
10,18,0.2,-0.30000000000000027,0.0,rolling,8.369999999999866,-0.18115152399421958,1.7149934353649297,18,18,0,1.7271944189437507,0.2,0.39269908169872414,9.81,1,1,8,21,41,-3.0,3.0,0.01,30.0,60.0,1e-09,1e-12,6,0.0001,1,new simulation,nan
10,19,0.2,-0.1499999999999999,0.0,rolling,8.249999999999869,-0.19224183770054823,1.7267281583694225,18,18,0,1.7271936374019354,0.2,0.39269908169872414,9.81,1,1,8,21,41,-3.0,3.0,0.01,30.0,60.0,1e-09,1e-12,6,0.0001,1,new simulation,nan
10,20,0.2,0.0,0.0,rolling,8.16999999999987,-0.18314467706117452,1.7170573213877163,18,18,0,1.7271933758918177,0.2,0.39269908169872414,9.81,1,1,8,21,41,-3.0,3.0,0.01,30.0,60.0,1e-09,1e-12,6,0.0001,1,new simulation,nan
10,21,0.2,0.1499999999999999,0.0,rolling,8.099999999999872,-0.18027323010081286,1.7140901660176349,18,18,0,1.7271936362109352,0.2,0.39269908169872414,9.81,1,1,8,21,41,-3.0,3.0,0.01,30.0,60.0,1e-09,1e-12,6,0.0001,1,new simulation,nan
10,22,0.2,0.2999999999999998,0.0,rolling,8.029999999999873,-0.1895321511892703,1.723804974381319,18,18,0,1.7271944202996832,0.2,0.39269908169872414,9.81,1,1,8,21,41,-3.0,3.0,0.01,30.0,60.0,1e-09,1e-12,6,0.0001,1,new simulation,nan
10,23,0.2,0.44999999999999973,0.0,rolling,7.539999999999884,-0.1875627224395272,1.7217000005901513,17,17,0,1.7271631549809447,0.2,0.39269908169872414,9.81,1,1,8,21,41,-3.0,3.0,0.01,30.0,60.0,1e-09,1e-12,6,0.0001,1,new simulation,nan
10,24,0.2,0.5999999999999996,0.0,rolling,7.479999999999885,-0.19010150504942766,1.7244135785109769,17,17,0,1.7271668076298672,0.2,0.39269908169872414,9.81,1,1,8,21,41,-3.0,3.0,0.01,30.0,60.0,1e-09,1e-12,6,0.0001,1,new simulation,nan
10,25,0.2,0.75,0.0,rolling,7.429999999999886,-0.1780810269886995,1.7118505744869332,17,17,0,1.7271715027474677,0.2,0.39269908169872414,9.81,1,1,8,21,41,-3.0,3.0,0.01,30.0,60.0,1e-09,1e-12,6,0.0001,1,new simulation,nan
10,26,0.2,0.8999999999999999,0.0,rolling,7.369999999999887,-0.18540321808283183,1.7194185227912724,17,17,0,1.727177244333453,0.2,0.39269908169872414,9.81,1,1,8,21,41,-3.0,3.0,0.01,30.0,60.0,1e-09,1e-12,6,0.0001,1,new simulation,nan
10,27,0.2,1.0499999999999998,0.0,rolling,7.319999999999888,-0.17766188438065772,1.7114267369356726,17,17,0,1.7271840274842518,0.2,0.39269908169872414,9.81,1,1,8,21,41,-3.0,3.0,0.01,30.0,60.0,1e-09,1e-12,6,0.0001,1,new simulation,nan
10,28,0.2,1.2000000000000002,0.0,rolling,7.25999999999989,-0.18925393847609737,1.723506632631853,17,17,0,1.7271918550984309,0.2,0.39269908169872414,9.81,1,1,8,21,41,-3.0,3.0,0.01,30.0,60.0,1e-09,1e-12,6,0.0001,1,new simulation,nan
10,29,0.2,1.3499999999999996,0.0,rolling,6.7799999999999,-0.18531147335666323,1.7193216603634165,16,16,0,1.7271731560147614,0.2,0.39269908169872414,9.81,1,1,8,21,41,-3.0,3.0,0.01,30.0,60.0,1e-09,1e-12,6,0.0001,1,new simulation,nan
10,30,0.2,1.5,0.0,rolling,6.729999999999901,-0.18437410304275248,1.7183402845382856,16,16,0,1.7271929852964838,0.2,0.39269908169872414,9.81,1,1,8,21,41,-3.0,3.0,0.01,30.0,60.0,1e-09,1e-12,6,0.0001,1,new simulation,nan
10,31,0.2,1.6499999999999995,0.0,rolling,5.81999999999992,-0.18459914673993283,1.7185742026635407,14,14,0,1.727174720337999,0.2,0.39269908169872414,9.81,1,1,8,21,41,-3.0,3.0,0.01,30.0,60.0,1e-09,1e-12,6,0.0001,1,new simulation,nan
10,32,0.2,1.7999999999999998,0.0,rolling,5.769999999999921,-0.18852270199384363,1.722732477918276,14,14,0,1.727270726971093,0.2,0.39269908169872414,9.81,1,1,8,21,41,-3.0,3.0,0.01,30.0,60.0,1e-09,1e-12,6,0.0001,1,new simulation,nan
10,33,0.2,1.9500000000000002,0.0,rolling,6.589999999999904,-0.17891532279977646,1.712708228239221,16,16,0,1.7272649896821994,0.2,0.39269908169872414,9.81,1,1,8,21,41,-3.0,3.0,0.01,30.0,60.0,1e-09,1e-12,6,0.0001,1,new simulation,nan
10,34,0.2,2.0999999999999996,0.0,rolling,6.539999999999905,-0.18758887697249452,1.721740211219209,16,16,0,1.7272931629597474,0.2,0.39269908169872414,9.81,1,1,8,21,41,-3.0,3.0,0.01,30.0,60.0,1e-09,1e-12,6,0.0001,1,new simulation,nan
10,35,0.2,2.25,0.0,rolling,6.929999999999897,-0.181998993148519,1.715876403315962,17,17,0,1.7272758585428172,0.2,0.39269908169872414,9.81,1,1,8,21,41,-3.0,3.0,0.01,30.0,60.0,1e-09,1e-12,6,0.0001,1,new simulation,nan
10,36,0.2,2.3999999999999995,0.0,rolling,6.8899999999998975,-0.17800989314263865,1.711789959865063,17,17,0,1.727292032855264,0.2,0.39269908169872414,9.81,1,1,8,21,41,-3.0,3.0,0.01,30.0,60.0,1e-09,1e-12,6,0.0001,1,new simulation,nan
10,37,0.2,2.55,0.0,rolling,7.279999999999889,-0.17676779331412926,1.7105311694730914,18,18,0,1.7272687718600725,0.2,0.39269908169872414,9.81,1,1,8,21,41,-3.0,3.0,0.01,30.0,60.0,1e-09,1e-12,6,0.0001,1,new simulation,nan
10,38,0.2,2.7,0.0,rolling,7.23999999999989,-0.176934814156875,1.71070056022543,18,18,0,1.7272779025912122,0.2,0.39269908169872414,9.81,1,1,8,21,41,-3.0,3.0,0.01,30.0,60.0,1e-09,1e-12,6,0.0001,1,new simulation,nan
10,39,0.2,2.8499999999999996,0.0,rolling,7.199999999999891,-0.17904545125633511,1.7128430797248237,18,18,0,1.7272875542221318,0.2,0.39269908169872414,9.81,1,1,8,21,41,-3.0,3.0,0.01,30.0,60.0,1e-09,1e-12,6,0.0001,1,new simulation,nan
10,40,0.2,3.0,0.0,rolling,7.589999999999883,-0.18364367009052107,1.7175838203739178,19,19,0,1.727263010900401,0.2,0.39269908169872414,9.81,1,1,8,21,41,-3.0,3.0,0.01,30.0,60.0,1e-09,1e-12,6,0.0001,1,new simulation,nan
11,0,0.23926990816987243,-3.0,0.1,settled,1.0900000000000007,-0.19269908169872418,0.0,3,1,2,nan,0.2,0.39269908169872414,9.81,1,1,8,21,41,-3.0,3.0,0.01,30.0,60.0,1e-09,1e-12,6,0.0001,1,new simulation,nan
11,1,0.23926990816987243,-2.85,0.1,settled,1.1700000000000008,-0.19269908169872418,0.0,3,1,2,nan,0.2,0.39269908169872414,9.81,1,1,8,21,41,-3.0,3.0,0.01,30.0,60.0,1e-09,1e-12,6,0.0001,1,new simulation,nan
11,2,0.23926990816987243,-2.7,0.1,settled,1.400000000000001,-0.19269908169872418,0.0,3,1,2,nan,0.2,0.39269908169872414,9.81,1,1,8,21,41,-3.0,3.0,0.01,30.0,60.0,1e-09,1e-12,6,0.0001,1,new simulation,nan
11,3,0.23926990816987243,-2.55,0.1,rolling,8.67999999999986,-0.19046216454664291,1.7248012351762751,18,17,1,1.7271630497844956,0.2,0.39269908169872414,9.81,1,1,8,21,41,-3.0,3.0,0.01,30.0,60.0,1e-09,1e-12,6,0.0001,1,new simulation,nan
11,4,0.23926990816987243,-2.4,0.1,rolling,8.819999999999856,-0.18096594895261722,1.7148019856103836,19,18,1,1.7271913665549317,0.2,0.39269908169872414,9.81,1,1,8,21,41,-3.0,3.0,0.01,30.0,60.0,1e-09,1e-12,6,0.0001,1,new simulation,nan
11,5,0.23926990816987243,-2.25,0.1,rolling,8.719999999999859,-0.1789364341849165,1.7127222876217865,19,18,1,1.727187322259476,0.2,0.39269908169872414,9.81,1,1,8,21,41,-3.0,3.0,0.01,30.0,60.0,1e-09,1e-12,6,0.0001,1,new simulation,nan
11,6,0.23926990816987243,-2.1,0.1,rolling,8.67999999999986,-0.18476896125625822,1.7187530409133807,19,18,1,1.7271835399229873,0.2,0.39269908169872414,9.81,1,1,8,21,41,-3.0,3.0,0.01,30.0,60.0,1e-09,1e-12,6,0.0001,1,new simulation,nan
11,7,0.23926990816987243,-1.95,0.1,rolling,8.67999999999986,-0.19029708774633686,1.7246251760606488,19,18,1,1.727180017393648,0.2,0.39269908169872414,9.81,1,1,8,21,41,-3.0,3.0,0.01,30.0,60.0,1e-09,1e-12,6,0.0001,1,new simulation,nan
11,8,0.23926990816987243,-1.8,0.1,rolling,8.719999999999859,-0.18758362474911952,1.7217235079310846,19,18,1,1.7271767565521232,0.2,0.39269908169872414,9.81,1,1,8,21,41,-3.0,3.0,0.01,30.0,60.0,1e-09,1e-12,6,0.0001,1,new simulation,nan
11,9,0.23926990816987243,-1.6500000000000001,0.1,rolling,8.799999999999857,-0.18921999037432302,1.7234685571123987,19,18,1,1.727173757282978,0.2,0.39269908169872414,9.81,1,1,8,21,41,-3.0,3.0,0.01,30.0,60.0,1e-09,1e-12,6,0.0001,1,new simulation,nan
11,10,0.23926990816987243,-1.5,0.1,rolling,8.959999999999853,-0.17687025677891322,1.7106251316746068,19,18,1,1.7271710164569065,0.2,0.39269908169872414,9.81,1,1,8,21,41,-3.0,3.0,0.01,30.0,60.0,1e-09,1e-12,6,0.0001,1,new simulation,nan
11,11,0.23926990816987243,-1.35,0.1,rolling,9.329999999999846,-0.18949831852090576,1.723766232549529,19,18,1,1.7271685379903159,0.2,0.39269908169872414,9.81,1,1,8,21,41,-3.0,3.0,0.01,30.0,60.0,1e-09,1e-12,6,0.0001,1,new simulation,nan
11,12,0.23926990816987243,-1.2000000000000002,0.1,settled,0.7400000000000004,-0.19269908169872418,0.0,2,1,1,nan,0.2,0.39269908169872414,9.81,1,1,8,21,41,-3.0,3.0,0.01,30.0,60.0,1e-09,1e-12,6,0.0001,1,new simulation,nan
11,13,0.23926990816987243,-1.05,0.1,settled,0.7900000000000005,-0.19269908169872418,0.0,2,1,1,nan,0.2,0.39269908169872414,9.81,1,1,8,21,41,-3.0,3.0,0.01,30.0,60.0,1e-09,1e-12,6,0.0001,1,new simulation,nan
11,14,0.23926990816987243,-0.8999999999999999,0.1,settled,0.9200000000000006,-0.19269908169872418,0.0,2,1,1,nan,0.2,0.39269908169872414,9.81,1,1,8,21,41,-3.0,3.0,0.01,30.0,60.0,1e-09,1e-12,6,0.0001,1,new simulation,nan
11,15,0.23926990816987243,-0.75,0.1,settled,2.159999999999998,-0.19269908169872418,0.0,2,1,1,nan,0.2,0.39269908169872414,9.81,1,1,8,21,41,-3.0,3.0,0.01,30.0,60.0,1e-09,1e-12,6,0.0001,1,new simulation,nan
11,16,0.23926990816987243,-0.6000000000000001,0.1,rolling,8.17999999999987,-0.1831339828459093,1.7170432764505275,17,17,0,1.7271629148852288,0.2,0.39269908169872414,9.81,1,1,8,21,41,-3.0,3.0,0.01,30.0,60.0,1e-09,1e-12,6,0.0001,1,new simulation,nan
11,17,0.23926990816987243,-0.4500000000000002,0.1,rolling,8.399999999999865,-0.19034726748023761,1.7246804848140362,18,18,0,1.7271937786680176,0.2,0.39269908169872414,9.81,1,1,8,21,41,-3.0,3.0,0.01,30.0,60.0,1e-09,1e-12,6,0.0001,1,new simulation,nan
11,18,0.23926990816987243,-0.30000000000000027,0.1,rolling,8.289999999999868,-0.17802007719684987,1.7117907281155291,18,18,0,1.7271924735530995,0.2,0.39269908169872414,9.81,1,1,8,21,41,-3.0,3.0,0.01,30.0,60.0,1e-09,1e-12,6,0.0001,1,new simulation,nan
11,19,0.23926990816987243,-0.1499999999999999,0.1,rolling,8.19999999999987,-0.18781571041717954,1.721971670030285,18,18,0,1.7271916906047828,0.2,0.39269908169872414,9.81,1,1,8,21,41,-3.0,3.0,0.01,30.0,60.0,1e-09,1e-12,6,0.0001,1,new simulation,nan
11,20,0.23926990816987243,0.0,0.1,rolling,8.129999999999871,-0.18937118332721067,1.7236321692502237,18,18,0,1.727191430431014,0.2,0.39269908169872414,9.81,1,1,8,21,41,-3.0,3.0,0.01,30.0,60.0,1e-09,1e-12,6,0.0001,1,new simulation,nan
11,21,0.23926990816987243,0.1499999999999999,0.1,rolling,8.069999999999872,-0.18646179928105724,1.7205360492931467,18,18,0,1.7271916916644106,0.2,0.39269908169872414,9.81,1,1,8,21,41,-3.0,3.0,0.01,30.0,60.0,1e-09,1e-12,6,0.0001,1,new simulation,nan
11,22,0.23926990816987243,0.2999999999999998,0.1,rolling,8.009999999999874,-0.18965555513768606,1.7239371360988123,18,18,0,1.7271924733717408,0.2,0.39269908169872414,9.81,1,1,8,21,41,-3.0,3.0,0.01,30.0,60.0,1e-09,1e-12,6,0.0001,1,new simulation,nan
11,23,0.23926990816987243,0.44999999999999973,0.1,rolling,7.959999999999875,-0.1784740381073834,1.712252062323791,18,18,0,1.7271937784524638,0.2,0.39269908169872414,9.81,1,1,8,21,41,-3.0,3.0,0.01,30.0,60.0,1e-09,1e-12,6,0.0001,1,new simulation,nan
11,24,0.23926990816987243,0.5999999999999996,0.1,rolling,7.469999999999885,-0.1852247084016133,1.719229482702522,17,17,0,1.7271629143862623,0.2,0.39269908169872414,9.81,1,1,8,21,41,-3.0,3.0,0.01,30.0,60.0,1e-09,1e-12,6,0.0001,1,new simulation,nan
11,25,0.23926990816987243,0.75,0.1,rolling,7.419999999999886,-0.1764362349492173,1.7101873394296638,17,17,0,1.7271676104354092,0.2,0.39269908169872414,9.81,1,1,8,21,41,-3.0,3.0,0.01,30.0,60.0,1e-09,1e-12,6,0.0001,1,new simulation,nan
11,26,0.23926990816987243,0.8999999999999999,0.1,rolling,7.3599999999998875,-0.18588081257691333,1.7199210266333025,17,17,0,1.727173350108335,0.2,0.39269908169872414,9.81,1,1,8,21,41,-3.0,3.0,0.01,30.0,60.0,1e-09,1e-12,6,0.0001,1,new simulation,nan
11,27,0.23926990816987243,1.0499999999999998,0.1,rolling,7.309999999999889,-0.17955338108626556,1.7133514940897876,17,17,0,1.7271801341794044,0.2,0.39269908169872414,9.81,1,1,8,21,41,-3.0,3.0,0.01,30.0,60.0,1e-09,1e-12,6,0.0001,1,new simulation,nan
11,28,0.23926990816987243,1.2000000000000002,0.1,rolling,7.24999999999989,-0.19212938108532648,1.7266055821276625,17,17,0,1.7271879608759828,0.2,0.39269908169872414,9.81,1,1,8,21,41,-3.0,3.0,0.01,30.0,60.0,1e-09,1e-12,6,0.0001,1,new simulation,nan
11,29,0.23926990816987243,1.3499999999999996,0.1,rolling,6.7699999999999,-0.1888599526064891,1.7230826096105136,16,16,0,1.727165370754552,0.2,0.39269908169872414,9.81,1,1,8,21,41,-3.0,3.0,0.01,30.0,60.0,1e-09,1e-12,6,0.0001,1,new simulation,nan
11,30,0.23926990816987243,1.5,0.1,rolling,6.719999999999901,-0.18842080138715955,1.7226155879984029,16,16,0,1.7271851989687663,0.2,0.39269908169872414,9.81,1,1,8,21,41,-3.0,3.0,0.01,30.0,60.0,1e-09,1e-12,6,0.0001,1,new simulation,nan
11,31,0.23926990816987243,1.6499999999999995,0.1,rolling,6.239999999999911,-0.18966607423225962,1.7239477978600115,15,15,0,1.7271859358594936,0.2,0.39269908169872414,9.81,1,1,8,21,41,-3.0,3.0,0.01,30.0,60.0,1e-09,1e-12,6,0.0001,1,new simulation,nan
11,32,0.23926990816987243,1.7999999999999998,0.1,rolling,4.89999999999994,-0.19203167774545277,1.7265077529268957,12,12,0,1.7272734706454245,0.2,0.39269908169872414,9.81,1,1,8,21,41,-3.0,3.0,0.01,30.0,60.0,1e-09,1e-12,6,0.0001,1,new simulation,nan
11,33,0.23926990816987243,1.9500000000000002,0.1,rolling,6.149999999999913,-0.18330941090018546,1.717237680838346,15,15,0,1.7272861152026466,0.2,0.39269908169872414,9.81,1,1,8,21,41,-3.0,3.0,0.01,30.0,60.0,1e-09,1e-12,6,0.0001,1,new simulation,nan
11,34,0.23926990816987243,2.0999999999999996,0.1,rolling,6.539999999999905,-0.17570466046574373,1.7094634525494625,16,16,0,1.727285378786628,0.2,0.39269908169872414,9.81,1,1,8,21,41,-3.0,3.0,0.01,30.0,60.0,1e-09,1e-12,6,0.0001,1,new simulation,nan
11,35,0.23926990816987243,2.25,0.1,rolling,6.919999999999897,-0.18751601774314614,1.721660778763421,17,17,0,1.7272719672678765,0.2,0.39269908169872414,9.81,1,1,8,21,41,-3.0,3.0,0.01,30.0,60.0,1e-09,1e-12,6,0.0001,1,new simulation,nan
11,36,0.23926990816987243,2.3999999999999995,0.1,rolling,6.879999999999898,-0.1837382997793836,1.7176849478775018,17,17,0,1.72728814157555,0.2,0.39269908169872414,9.81,1,1,8,21,41,-3.0,3.0,0.01,30.0,60.0,1e-09,1e-12,6,0.0001,1,new simulation,nan
11,37,0.23926990816987243,2.55,0.1,rolling,7.269999999999889,-0.18270897414314988,1.7166114771799115,18,18,0,1.7272668259700517,0.2,0.39269908169872414,9.81,1,1,8,21,41,-3.0,3.0,0.01,30.0,60.0,1e-09,1e-12,6,0.0001,1,new simulation,nan
11,38,0.23926990816987243,2.7,0.1,rolling,7.22999999999989,-0.1830876333189226,1.717005887835805,18,18,0,1.7272759566738696,0.2,0.39269908169872414,9.81,1,1,8,21,41,-3.0,3.0,0.01,30.0,60.0,1e-09,1e-12,6,0.0001,1,new simulation,nan
11,39,0.23926990816987243,2.8499999999999996,0.1,rolling,7.189999999999891,-0.18541242684193854,1.7194385764365334,18,18,0,1.7272856094510514,0.2,0.39269908169872414,9.81,1,1,8,21,41,-3.0,3.0,0.01,30.0,60.0,1e-09,1e-12,6,0.0001,1,new simulation,nan
11,40,0.23926990816987243,3.0,0.1,rolling,7.579999999999883,-0.19023098340345507,1.7245618884742213,19,19,0,1.727262038542819,0.2,0.39269908169872414,9.81,1,1,8,21,41,-3.0,3.0,0.01,30.0,60.0,1e-09,1e-12,6,0.0001,1,new simulation,nan
12,0,0.27853981633974484,-3.0,0.2,settled,1.1200000000000008,-0.19269908169872418,0.0,3,1,2,nan,0.2,0.39269908169872414,9.81,1,1,8,21,41,-3.0,3.0,0.01,30.0,60.0,1e-09,1e-12,6,0.0001,1,new simulation,nan
12,1,0.27853981633974484,-2.85,0.2,settled,1.2100000000000009,-0.19269908169872418,0.0,3,1,2,nan,0.2,0.39269908169872414,9.81,1,1,8,21,41,-3.0,3.0,0.01,30.0,60.0,1e-09,1e-12,6,0.0001,1,new simulation,nan
12,2,0.27853981633974484,-2.7,0.2,settled,1.6000000000000012,-0.19269908169872418,0.0,3,1,2,nan,0.2,0.39269908169872414,9.81,1,1,8,21,41,-3.0,3.0,0.01,30.0,60.0,1e-09,1e-12,6,0.0001,1,new simulation,nan
12,3,0.27853981633974484,-2.55,0.2,rolling,9.009999999999852,-0.18324642035082428,1.7171633234811472,19,18,1,1.7271945290470645,0.2,0.39269908169872414,9.81,1,1,8,21,41,-3.0,3.0,0.01,30.0,60.0,1e-09,1e-12,6,0.0001,1,new simulation,nan
12,4,0.27853981633974484,-2.4,0.2,rolling,8.799999999999857,-0.17905981687668907,1.712848386955845,19,18,1,1.7271902229280502,0.2,0.39269908169872414,9.81,1,1,8,21,41,-3.0,3.0,0.01,30.0,60.0,1e-09,1e-12,6,0.0001,1,new simulation,nan
12,5,0.27853981633974484,-2.25,0.2,rolling,8.719999999999859,-0.18210417464699813,1.715976676143237,19,18,1,1.7271861798902737,0.2,0.39269908169872414,9.81,1,1,8,21,41,-3.0,3.0,0.01,30.0,60.0,1e-09,1e-12,6,0.0001,1,new simulation,nan
12,6,0.27853981633974484,-2.1,0.2,rolling,8.699999999999859,-0.1780676925361446,1.711838085925854,19,18,1,1.7271823964843493,0.2,0.39269908169872414,9.81,1,1,8,21,41,-3.0,3.0,0.01,30.0,60.0,1e-09,1e-12,6,0.0001,1,new simulation,nan
12,7,0.27853981633974484,-1.95,0.2,rolling,8.709999999999859,-0.18939111148221255,1.7236523233631431,19,18,1,1.7271788744838716,0.2,0.39269908169872414,9.81,1,1,8,21,41,-3.0,3.0,0.01,30.0,60.0,1e-09,1e-12,6,0.0001,1,new simulation,nan
12,8,0.27853981633974484,-1.8,0.2,rolling,8.769999999999857,-0.18139116854595685,1.7152387453725817,19,18,1,1.7271756136302565,0.2,0.39269908169872414,9.81,1,1,8,21,41,-3.0,3.0,0.01,30.0,60.0,1e-09,1e-12,6,0.0001,1,new simulation,nan
12,9,0.27853981633974484,-1.6500000000000001,0.2,rolling,8.879999999999855,-0.17966499203524053,1.7134649303443992,19,18,1,1.7271726116700457,0.2,0.39269908169872414,9.81,1,1,8,21,41,-3.0,3.0,0.01,30.0,60.0,1e-09,1e-12,6,0.0001,1,new simulation,nan
12,10,0.27853981633974484,-1.5,0.2,rolling,9.09999999999985,-0.18276535340944977,1.7166607371480973,19,18,1,1.7271698730522014,0.2,0.39269908169872414,9.81,1,1,8,21,41,-3.0,3.0,0.01,30.0,60.0,1e-09,1e-12,6,0.0001,1,new simulation,nan
12,11,0.27853981633974484,-1.35,0.2,settled,0.7600000000000005,-0.19269908169872418,0.0,2,1,1,nan,0.2,0.39269908169872414,9.81,1,1,8,21,41,-3.0,3.0,0.01,30.0,60.0,1e-09,1e-12,6,0.0001,1,new simulation,nan
12,12,0.27853981633974484,-1.2000000000000002,0.2,settled,0.7900000000000005,-0.19269908169872418,0.0,2,1,1,nan,0.2,0.39269908169872414,9.81,1,1,8,21,41,-3.0,3.0,0.01,30.0,60.0,1e-09,1e-12,6,0.0001,1,new simulation,nan
12,13,0.27853981633974484,-1.05,0.2,settled,0.9000000000000006,-0.19269908169872418,0.0,2,1,1,nan,0.2,0.39269908169872414,9.81,1,1,8,21,41,-3.0,3.0,0.01,30.0,60.0,1e-09,1e-12,6,0.0001,1,new simulation,nan
12,14,0.27853981633974484,-0.8999999999999999,0.2,settled,1.360000000000001,-0.19269908169872418,0.0,2,1,1,nan,0.2,0.39269908169872414,9.81,1,1,8,21,41,-3.0,3.0,0.01,30.0,60.0,1e-09,1e-12,6,0.0001,1,new simulation,nan
12,15,0.27853981633974484,-0.75,0.2,rolling,8.249999999999869,-0.17823938507143564,1.7120105806223085,17,17,0,1.7271630370585533,0.2,0.39269908169872414,9.81,1,1,8,21,41,-3.0,3.0,0.01,30.0,60.0,1e-09,1e-12,6,0.0001,1,new simulation,nan
12,16,0.27853981633974484,-0.6000000000000001,0.2,rolling,8.439999999999864,-0.18488998364213402,1.7188809171089519,18,18,0,1.7271933165831932,0.2,0.39269908169872414,9.81,1,1,8,21,41,-3.0,3.0,0.01,30.0,60.0,1e-09,1e-12,6,0.0001,1,new simulation,nan
12,17,0.27853981633974484,-0.4500000000000002,0.2,rolling,8.319999999999867,-0.18113297273683968,1.7149740402079605,18,18,0,1.7271914907531318,0.2,0.39269908169872414,9.81,1,1,8,21,41,-3.0,3.0,0.01,30.0,60.0,1e-09,1e-12,6,0.0001,1,new simulation,nan
12,18,0.27853981633974484,-0.30000000000000027,0.2,rolling,8.229999999999869,-0.19265391173037352,1.7271755374501767,18,18,0,1.7271901867178752,0.2,0.39269908169872414,9.81,1,1,8,21,41,-3.0,3.0,0.01,30.0,60.0,1e-09,1e-12,6,0.0001,1,new simulation,nan
12,19,0.27853981633974484,-0.1499999999999999,0.2,rolling,8.16999999999987,-0.1824728837941032,1.7163590548555738,18,18,0,1.727189403029172,0.2,0.39269908169872414,9.81,1,1,8,21,41,-3.0,3.0,0.01,30.0,60.0,1e-09,1e-12,6,0.0001,1,new simulation,nan
12,20,0.27853981633974484,0.0,0.2,rolling,8.109999999999872,-0.18618615981301653,1.7202446422761493,18,18,0,1.7271891424503059,0.2,0.39269908169872414,9.81,1,1,8,21,41,-3.0,3.0,0.01,30.0,60.0,1e-09,1e-12,6,0.0001,1,new simulation,nan
12,21,0.27853981633974484,0.1499999999999999,0.2,rolling,8.059999999999873,-0.17848799907797494,1.7122658432000535,18,18,0,1.727189403663118,0.2,0.39269908169872414,9.81,1,1,8,21,41,-3.0,3.0,0.01,30.0,60.0,1e-09,1e-12,6,0.0001,1,new simulation,nan
12,22,0.27853981633974484,0.2999999999999998,0.2,rolling,7.999999999999874,-0.18958511875598558,1.7238613672085095,18,18,0,1.7271901864088184,0.2,0.39269908169872414,9.81,1,1,8,21,41,-3.0,3.0,0.01,30.0,60.0,1e-09,1e-12,6,0.0001,1,new simulation,nan
12,23,0.27853981633974484,0.44999999999999973,0.2,rolling,7.949999999999875,-0.1832951467982816,1.7172137641515854,18,18,0,1.7271914906377912,0.2,0.39269908169872414,9.81,1,1,8,21,41,-3.0,3.0,0.01,30.0,60.0,1e-09,1e-12,6,0.0001,1,new simulation,nan
12,24,0.27853981633974484,0.5999999999999996,0.2,rolling,7.899999999999876,-0.17638765967673178,1.710140912558879,18,18,0,1.7271933183425559,0.2,0.39269908169872414,9.81,1,1,8,21,41,-3.0,3.0,0.01,30.0,60.0,1e-09,1e-12,6,0.0001,1,new simulation,nan
12,25,0.27853981633974484,0.75,0.2,rolling,7.4099999999998865,-0.18564389022365774,1.719670434261074,17,17,0,1.7271630370427464,0.2,0.39269908169872414,9.81,1,1,8,21,41,-3.0,3.0,0.01,30.0,60.0,1e-09,1e-12,6,0.0001,1,new simulation,nan
12,26,0.27853981633974484,0.8999999999999999,0.2,rolling,7.3599999999998875,-0.17862159834559535,1.7123998003011178,17,17,0,1.7271687762427728,0.2,0.39269908169872414,9.81,1,1,8,21,41,-3.0,3.0,0.01,30.0,60.0,1e-09,1e-12,6,0.0001,1,new simulation,nan
12,27,0.27853981633974484,1.0499999999999998,0.2,rolling,7.299999999999889,-0.18966233671375682,1.7239427962508274,17,17,0,1.7271755599598169,0.2,0.39269908169872414,9.81,1,1,8,21,41,-3.0,3.0,0.01,30.0,60.0,1e-09,1e-12,6,0.0001,1,new simulation,nan
12,28,0.27853981633974484,1.2000000000000002,0.2,rolling,7.24999999999989,-0.18495822524521943,1.718951578736105,17,17,0,1.7271833868126123,0.2,0.39269908169872414,9.81,1,1,8,21,41,-3.0,3.0,0.01,30.0,60.0,1e-09,1e-12,6,0.0001,1,new simulation,nan
12,29,0.27853981633974484,1.3499999999999996,0.2,rolling,7.199999999999891,-0.18212798619348203,1.7160019106413582,17,17,0,1.7271922576297014,0.2,0.39269908169872414,9.81,1,1,8,21,41,-3.0,3.0,0.01,30.0,60.0,1e-09,1e-12,6,0.0001,1,new simulation,nan
12,30,0.27853981633974484,1.5,0.2,rolling,6.719999999999901,-0.18081537142347792,1.7146455348011311,16,16,0,1.7271760495395434,0.2,0.39269908169872414,9.81,1,1,8,21,41,-3.0,3.0,0.01,30.0,60.0,1e-09,1e-12,6,0.0001,1,new simulation,nan
12,31,0.27853981633974484,1.6499999999999995,0.2,rolling,6.239999999999911,-0.18181131296717432,1.715671905407103,15,15,0,1.727167637708497,0.2,0.39269908169872414,9.81,1,1,8,21,41,-3.0,3.0,0.01,30.0,60.0,1e-09,1e-12,6,0.0001,1,new simulation,nan
12,32,0.27853981633974484,1.7999999999999998,0.2,rolling,5.329999999999931,-0.18457100880601252,1.7185450058142877,13,13,0,1.7271776940831198,0.2,0.39269908169872414,9.81,1,1,8,21,41,-3.0,3.0,0.01,30.0,60.0,1e-09,1e-12,6,0.0001,1,new simulation,nan
12,33,0.27853981633974484,1.9500000000000002,0.2,rolling,6.1399999999999135,-0.19226952605498704,1.726765282245126,15,15,0,1.7272678205162346,0.2,0.39269908169872414,9.81,1,1,8,21,41,-3.0,3.0,0.01,30.0,60.0,1e-09,1e-12,6,0.0001,1,new simulation,nan
12,34,0.27853981633974484,2.0999999999999996,0.2,rolling,6.529999999999905,-0.18448554616255847,1.7184649244292545,16,16,0,1.7272762297713193,0.2,0.39269908169872414,9.81,1,1,8,21,41,-3.0,3.0,0.01,30.0,60.0,1e-09,1e-12,6,0.0001,1,new simulation,nan
12,35,0.27853981633974484,2.25,0.2,rolling,6.919999999999897,-0.17904157368184742,1.7128371892353738,17,17,0,1.7272673929288418,0.2,0.39269908169872414,9.81,1,1,8,21,41,-3.0,3.0,0.01,30.0,60.0,1e-09,1e-12,6,0.0001,1,new simulation,nan
12,36,0.27853981633974484,2.3999999999999995,0.2,rolling,6.869999999999898,-0.19239538735687783,1.726903456690092,17,17,0,1.7272835670886233,0.2,0.39269908169872414,9.81,1,1,8,21,41,-3.0,3.0,0.01,30.0,60.0,1e-09,1e-12,6,0.0001,1,new simulation,nan
12,37,0.27853981633974484,2.55,0.2,rolling,7.25999999999989,-0.19132464615989164,1.7257414012912602,18,18,0,1.7272645396445343,0.2,0.39269908169872414,9.81,1,1,8,21,41,-3.0,3.0,0.01,30.0,60.0,1e-09,1e-12,6,0.0001,1,new simulation,nan
12,38,0.27853981633974484,2.7,0.2,rolling,7.2199999999998905,-0.191695120137181,1.726143078241526,18,18,0,1.7272736701129914,0.2,0.39269908169872414,9.81,1,1,8,21,41,-3.0,3.0,0.01,30.0,60.0,1e-09,1e-12,6,0.0001,1,new simulation,nan
12,39,0.27853981633974484,2.8499999999999996,0.2,rolling,7.189999999999891,-0.17684877701047877,1.7106142581072294,18,18,0,1.7272833214404149,0.2,0.39269908169872414,9.81,1,1,8,21,41,-3.0,3.0,0.01,30.0,60.0,1e-09,1e-12,6,0.0001,1,new simulation,nan
12,40,0.27853981633974484,3.0,0.2,rolling,7.149999999999892,-0.18104842801763962,1.714896723597043,18,18,0,1.7272934965252205,0.2,0.39269908169872414,9.81,1,1,8,21,41,-3.0,3.0,0.01,30.0,60.0,1e-09,1e-12,6,0.0001,1,new simulation,nan
13,0,0.31780972450961725,-3.0,0.3,settled,1.1500000000000008,-0.19269908169872418,0.0,3,1,2,nan,0.2,0.39269908169872414,9.81,1,1,8,21,41,-3.0,3.0,0.01,30.0,60.0,1e-09,1e-12,6,0.0001,1,new simulation,nan
13,1,0.31780972450961725,-2.85,0.3,settled,1.270000000000001,-0.19269908169872418,0.0,3,1,2,nan,0.2,0.39269908169872414,9.81,1,1,8,21,41,-3.0,3.0,0.01,30.0,60.0,1e-09,1e-12,6,0.0001,1,new simulation,nan
13,2,0.31780972450961725,-2.7,0.3,rolling,9.59999999999984,-0.18927937902047728,1.7235315282764314,18,17,1,1.727167270280263,0.2,0.39269908169872414,9.81,1,1,8,21,41,-3.0,3.0,0.01,30.0,60.0,1e-09,1e-12,6,0.0001,1,new simulation,nan
13,3,0.31780972450961725,-2.55,0.3,rolling,8.929999999999854,-0.19204707572494695,1.726516804623945,19,18,1,1.7271932160586925,0.2,0.39269908169872414,9.81,1,1,8,21,41,-3.0,3.0,0.01,30.0,60.0,1e-09,1e-12,6,0.0001,1,new simulation,nan
13,4,0.31780972450961725,-2.4,0.3,rolling,8.779999999999857,-0.18477744961958784,1.7187624567952966,19,18,1,1.7271889117684627,0.2,0.39269908169872414,9.81,1,1,8,21,41,-3.0,3.0,0.01,30.0,60.0,1e-09,1e-12,6,0.0001,1,new simulation,nan
13,5,0.31780972450961725,-2.25,0.3,rolling,8.719999999999859,-0.1909758799141269,1.7253570995975318,19,18,1,1.7271848673868053,0.2,0.39269908169872414,9.81,1,1,8,21,41,-3.0,3.0,0.01,30.0,60.0,1e-09,1e-12,6,0.0001,1,new simulation,nan
13,6,0.31780972450961725,-2.1,0.3,rolling,8.719999999999859,-0.1793659060471253,1.7131599725329392,19,18,1,1.7271810837149009,0.2,0.39269908169872414,9.81,1,1,8,21,41,-3.0,3.0,0.01,30.0,60.0,1e-09,1e-12,6,0.0001,1,new simulation,nan
13,7,0.31780972450961725,-1.95,0.3,rolling,8.749999999999858,-0.18452510813278356,1.7184969130818784,19,18,1,1.7271775627718042,0.2,0.39269908169872414,9.81,1,1,8,21,41,-3.0,3.0,0.01,30.0,60.0,1e-09,1e-12,6,0.0001,1,new simulation,nan
13,8,0.31780972450961725,-1.8,0.3,rolling,8.829999999999856,-0.18219475108148103,1.7160693330592025,19,18,1,1.7271743004707687,0.2,0.39269908169872414,9.81,1,1,8,21,41,-3.0,3.0,0.01,30.0,60.0,1e-09,1e-12,6,0.0001,1,new simulation,nan
13,9,0.31780972450961725,-1.6500000000000001,0.3,rolling,8.979999999999853,-0.18995965562931888,1.724261573911396,19,18,1,1.7271713001280127,0.2,0.39269908169872414,9.81,1,1,8,21,41,-3.0,3.0,0.01,30.0,60.0,1e-09,1e-12,6,0.0001,1,new simulation,nan
13,10,0.31780972450961725,-1.5,0.3,rolling,9.379999999999844,-0.1864150781435139,1.7204844578438232,19,18,1,1.7271685601118902,0.2,0.39269908169872414,9.81,1,1,8,21,41,-3.0,3.0,0.01,30.0,60.0,1e-09,1e-12,6,0.0001,1,new simulation,nan
13,11,0.31780972450961725,-1.35,0.3,settled,0.8000000000000005,-0.19269908169872418,0.0,2,1,1,nan,0.2,0.39269908169872414,9.81,1,1,8,21,41,-3.0,3.0,0.01,30.0,60.0,1e-09,1e-12,6,0.0001,1,new simulation,nan
13,12,0.31780972450961725,-1.2000000000000002,0.3,settled,0.8800000000000006,-0.19269908169872418,0.0,2,1,1,nan,0.2,0.39269908169872414,9.81,1,1,8,21,41,-3.0,3.0,0.01,30.0,60.0,1e-09,1e-12,6,0.0001,1,new simulation,nan
13,13,0.31780972450961725,-1.05,0.3,settled,1.1800000000000008,-0.19269908169872418,0.0,2,1,1,nan,0.2,0.39269908169872414,9.81,1,1,8,21,41,-3.0,3.0,0.01,30.0,60.0,1e-09,1e-12,6,0.0001,1,new simulation,nan
13,14,0.31780972450961725,-0.8999999999999999,0.3,rolling,8.329999999999867,-0.1862176986738206,1.7202754883260984,17,17,0,1.7271635283532287,0.2,0.39269908169872414,9.81,1,1,8,21,41,-3.0,3.0,0.01,30.0,60.0,1e-09,1e-12,6,0.0001,1,new simulation,nan
13,15,0.31780972450961725,-0.75,0.3,rolling,8.479999999999864,-0.1831154693730531,1.7170269006343208,18,18,0,1.7271930413791396,0.2,0.39269908169872414,9.81,1,1,8,21,41,-3.0,3.0,0.01,30.0,60.0,1e-09,1e-12,6,0.0001,1,new simulation,nan
13,16,0.31780972450961725,-0.6000000000000001,0.3,rolling,8.349999999999866,-0.18443331580004899,1.7184020477593582,18,18,0,1.7271906920152036,0.2,0.39269908169872414,9.81,1,1,8,21,41,-3.0,3.0,0.01,30.0,60.0,1e-09,1e-12,6,0.0001,1,new simulation,nan
13,17,0.31780972450961725,-0.4500000000000002,0.3,rolling,8.269999999999868,-0.18014605169091713,1.7139592439014908,18,18,0,1.7271888659887706,0.2,0.39269908169872414,9.81,1,1,8,21,41,-3.0,3.0,0.01,30.0,60.0,1e-09,1e-12,6,0.0001,1,new simulation,nan
13,18,0.31780972450961725,-0.30000000000000027,0.3,rolling,8.20999999999987,-0.1765539307270393,1.7103077947264607,18,18,0,1.7271875618750483,0.2,0.39269908169872414,9.81,1,1,8,21,41,-3.0,3.0,0.01,30.0,60.0,1e-09,1e-12,6,0.0001,1,new simulation,nan
13,19,0.31780972450961725,-0.1499999999999999,0.3,rolling,8.14999999999987,-0.18883122616896744,1.7230539501326816,18,18,0,1.727186778966656,0.2,0.39269908169872414,9.81,1,1,8,21,41,-3.0,3.0,0.01,30.0,60.0,1e-09,1e-12,6,0.0001,1,new simulation,nan
13,20,0.31780972450961725,0.0,0.3,rolling,8.099999999999872,-0.18982200362274138,1.724115196236509,18,18,0,1.7271865183604953,0.2,0.39269908169872414,9.81,1,1,8,21,41,-3.0,3.0,0.01,30.0,60.0,1e-09,1e-12,6,0.0001,1,new simulation,nan
13,21,0.31780972450961725,0.1499999999999999,0.3,rolling,8.049999999999873,-0.19124256430854336,1.725645277247004,18,18,0,1.7271867785307826,0.2,0.39269908169872414,9.81,1,1,8,21,41,-3.0,3.0,0.01,30.0,60.0,1e-09,1e-12,6,0.0001,1,new simulation,nan
13,22,0.31780972450961725,0.2999999999999998,0.3,rolling,7.999999999999874,-0.19047305799962627,1.7248153016172967,18,18,0,1.727187562067518,0.2,0.39269908169872414,9.81,1,1,8,21,41,-3.0,3.0,0.01,30.0,60.0,1e-09,1e-12,6,0.0001,1,new simulation,nan
13,23,0.31780972450961725,0.44999999999999973,0.3,rolling,7.949999999999875,-0.1867976955586879,1.7208910996302769,18,18,0,1.7271888663192796,0.2,0.39269908169872414,9.81,1,1,8,21,41,-3.0,3.0,0.01,30.0,60.0,1e-09,1e-12,6,0.0001,1,new simulation,nan
13,24,0.31780972450961725,0.5999999999999996,0.3,rolling,7.899999999999876,-0.18066922088500986,1.7144966228762104,18,18,0,1.7271906926809415,0.2,0.39269908169872414,9.81,1,1,8,21,41,-3.0,3.0,0.01,30.0,60.0,1e-09,1e-12,6,0.0001,1,new simulation,nan
13,25,0.31780972450961725,0.75,0.3,rolling,7.839999999999877,-0.19024873779991128,1.724574402184897,18,18,0,1.7271930398421382,0.2,0.39269908169872414,9.81,1,1,8,21,41,-3.0,3.0,0.01,30.0,60.0,1e-09,1e-12,6,0.0001,1,new simulation,nan
13,26,0.31780972450961725,0.8999999999999999,0.3,rolling,7.3599999999998875,-0.18163131342175334,1.7154854984964218,17,17,0,1.727163527226416,0.2,0.39269908169872414,9.81,1,1,8,21,41,-3.0,3.0,0.01,30.0,60.0,1e-09,1e-12,6,0.0001,1,new simulation,nan
13,27,0.31780972450961725,1.0499999999999998,0.3,rolling,7.299999999999889,-0.1914691475722889,1.725888672400998,17,17,0,1.727170310830684,0.2,0.39269908169872414,9.81,1,1,8,21,41,-3.0,3.0,0.01,30.0,60.0,1e-09,1e-12,6,0.0001,1,new simulation,nan
13,28,0.31780972450961725,1.2000000000000002,0.3,rolling,7.24999999999989,-0.18548492210541392,1.719504555633277,17,17,0,1.7271781380924878,0.2,0.39269908169872414,9.81,1,1,8,21,41,-3.0,3.0,0.01,30.0,60.0,1e-09,1e-12,6,0.0001,1,new simulation,nan
13,29,0.31780972450961725,1.3499999999999996,0.3,rolling,7.199999999999891,-0.1814454242027671,1.7152958230398136,17,17,0,1.7271870089663206,0.2,0.39269908169872414,9.81,1,1,8,21,41,-3.0,3.0,0.01,30.0,60.0,1e-09,1e-12,6,0.0001,1,new simulation,nan
13,30,0.31780972450961725,1.5,0.3,rolling,6.719999999999901,-0.17904702791961696,1.712832972653973,16,16,0,1.727165552453748,0.2,0.39269908169872414,9.81,1,1,8,21,41,-3.0,3.0,0.01,30.0,60.0,1e-09,1e-12,6,0.0001,1,new simulation,nan
13,31,0.31780972450961725,1.6499999999999995,0.3,rolling,6.669999999999902,-0.1797244581014763,1.7135272045637537,16,16,0,1.7271874678417563,0.2,0.39269908169872414,9.81,1,1,8,21,41,-3.0,3.0,0.01,30.0,60.0,1e-09,1e-12,6,0.0001,1,new simulation,nan
13,32,0.31780972450961725,1.7999999999999998,0.3,rolling,6.1899999999999125,-0.18230108924544697,1.7161814522172525,15,15,0,1.7271946472419482,0.2,0.39269908169872414,9.81,1,1,8,21,41,-3.0,3.0,0.01,30.0,60.0,1e-09,1e-12,6,0.0001,1,new simulation,nan
13,33,0.31780972450961725,1.9500000000000002,0.3,rolling,5.709999999999923,-0.18742286072981193,1.721561216828623,14,14,0,1.727265359092078,0.2,0.39269908169872414,9.81,1,1,8,21,41,-3.0,3.0,0.01,30.0,60.0,1e-09,1e-12,6,0.0001,1,new simulation,nan
13,34,0.31780972450961725,2.0999999999999996,0.3,rolling,6.529999999999905,-0.1797278050049277,1.7135381436217645,16,16,0,1.7272657337510688,0.2,0.39269908169872414,9.81,1,1,8,21,41,-3.0,3.0,0.01,30.0,60.0,1e-09,1e-12,6,0.0001,1,new simulation,nan
13,35,0.31780972450961725,2.25,0.3,rolling,6.909999999999897,-0.19100581772106237,1.7253967811991537,17,17,0,1.7272621446262821,0.2,0.39269908169872414,9.81,1,1,8,21,41,-3.0,3.0,0.01,30.0,60.0,1e-09,1e-12,6,0.0001,1,new simulation,nan
13,36,0.31780972450961725,2.3999999999999995,0.3,rolling,6.869999999999898,-0.18677845037118043,1.7208792767547554,17,17,0,1.7272783183496285,0.2,0.39269908169872414,9.81,1,1,8,21,41,-3.0,3.0,0.01,30.0,60.0,1e-09,1e-12,6,0.0001,1,new simulation,nan
13,37,0.31780972450961725,2.55,0.3,rolling,7.25999999999989,-0.18540881965463116,1.7194325128667882,18,18,0,1.7272619147026027,0.2,0.39269908169872414,9.81,1,1,8,21,41,-3.0,3.0,0.01,30.0,60.0,1e-09,1e-12,6,0.0001,1,new simulation,nan
13,38,0.31780972450961725,2.7,0.3,rolling,7.2199999999998905,-0.1855358125976767,1.7195669960520514,18,18,0,1.7272710453709081,0.2,0.39269908169872414,9.81,1,1,8,21,41,-3.0,3.0,0.01,30.0,60.0,1e-09,1e-12,6,0.0001,1,new simulation,nan
13,39,0.31780972450961725,2.8499999999999996,0.3,rolling,7.179999999999891,-0.1876841631862755,1.7218402915931077,18,18,0,1.7272806990182854,0.2,0.39269908169872414,9.81,1,1,8,21,41,-3.0,3.0,0.01,30.0,60.0,1e-09,1e-12,6,0.0001,1,new simulation,nan
13,40,0.31780972450961725,3.0,0.3,rolling,7.139999999999892,-0.19176241541029432,1.726217593771176,18,18,0,1.7272908727463463,0.2,0.39269908169872414,9.81,1,1,8,21,41,-3.0,3.0,0.01,30.0,60.0,1e-09,1e-12,6,0.0001,1,new simulation,nan
14,0,0.35707963267948967,-3.0,0.4,settled,1.1800000000000008,-0.19269908169872418,0.0,3,1,2,nan,0.2,0.39269908169872414,9.81,1,1,8,21,41,-3.0,3.0,0.01,30.0,60.0,1e-09,1e-12,6,0.0001,1,new simulation,nan
14,1,0.35707963267948967,-2.85,0.4,settled,1.370000000000001,-0.19269908169872418,0.0,3,1,2,nan,0.2,0.39269908169872414,9.81,1,1,8,21,41,-3.0,3.0,0.01,30.0,60.0,1e-09,1e-12,6,0.0001,1,new simulation,nan
14,2,0.35707963267948967,-2.7,0.4,rolling,8.829999999999856,-0.18050989939554024,1.7143303502076883,18,17,1,1.7271643116532152,0.2,0.39269908169872414,9.81,1,1,8,21,41,-3.0,3.0,0.01,30.0,60.0,1e-09,1e-12,6,0.0001,1,new simulation,nan
14,3,0.35707963267948967,-2.55,0.4,rolling,8.879999999999855,-0.18410647974472574,1.7180602388758868,19,18,1,1.7271917373554488,0.2,0.39269908169872414,9.81,1,1,8,21,41,-3.0,3.0,0.01,30.0,60.0,1e-09,1e-12,6,0.0001,1,new simulation,nan
14,4,0.35707963267948967,-2.4,0.4,rolling,8.769999999999857,-0.18318110605845603,1.7170946596311214,19,18,1,1.727187432300896,0.2,0.39269908169872414,9.81,1,1,8,21,41,-3.0,3.0,0.01,30.0,60.0,1e-09,1e-12,6,0.0001,1,new simulation,nan
14,5,0.35707963267948967,-2.25,0.4,rolling,8.729999999999858,-0.19128509423348042,1.7256909156757623,19,18,1,1.7271833888770063,0.2,0.39269908169872414,9.81,1,1,8,21,41,-3.0,3.0,0.01,30.0,60.0,1e-09,1e-12,6,0.0001,1,new simulation,nan
14,6,0.35707963267948967,-2.1,0.4,rolling,8.739999999999858,-0.19266934779851644,1.7271913174132019,19,18,1,1.7271796066357064,0.2,0.39269908169872414,9.81,1,1,8,21,41,-3.0,3.0,0.01,30.0,60.0,1e-09,1e-12,6,0.0001,1,new simulation,nan
14,7,0.35707963267948967,-1.95,0.4,rolling,8.799999999999857,-0.18246197871444075,1.716346468346471,19,18,1,1.727176082990412,0.2,0.39269908169872414,9.81,1,1,8,21,41,-3.0,3.0,0.01,30.0,60.0,1e-09,1e-12,6,0.0001,1,new simulation,nan
14,8,0.35707963267948967,-1.8,0.4,rolling,8.909999999999854,-0.1882115419524999,1.7223913012077148,19,18,1,1.727172821955369,0.2,0.39269908169872414,9.81,1,1,8,21,41,-3.0,3.0,0.01,30.0,60.0,1e-09,1e-12,6,0.0001,1,new simulation,nan
14,9,0.35707963267948967,-1.6500000000000001,0.4,rolling,9.15999999999985,-0.17723495719178553,1.7109933460753783,19,18,1,1.727169822324532,0.2,0.39269908169872414,9.81,1,1,8,21,41,-3.0,3.0,0.01,30.0,60.0,1e-09,1e-12,6,0.0001,1,new simulation,nan
14,10,0.35707963267948967,-1.5,0.4,settled,0.8200000000000005,-0.19269908169872418,0.0,2,1,1,nan,0.2,0.39269908169872414,9.81,1,1,8,21,41,-3.0,3.0,0.01,30.0,60.0,1e-09,1e-12,6,0.0001,1,new simulation,nan
14,11,0.35707963267948967,-1.35,0.4,settled,0.8700000000000006,-0.19269908169872418,0.0,2,1,1,nan,0.2,0.39269908169872414,9.81,1,1,8,21,41,-3.0,3.0,0.01,30.0,60.0,1e-09,1e-12,6,0.0001,1,new simulation,nan
14,12,0.35707963267948967,-1.2000000000000002,0.4,settled,1.0800000000000007,-0.19269908169872418,0.0,2,1,1,nan,0.2,0.39269908169872414,9.81,1,1,8,21,41,-3.0,3.0,0.01,30.0,60.0,1e-09,1e-12,6,0.0001,1,new simulation,nan
14,13,0.35707963267948967,-1.05,0.4,rolling,8.449999999999864,-0.18165010465948964,1.7155049945419658,17,17,0,1.7271643952840818,0.2,0.39269908169872414,9.81,1,1,8,21,41,-3.0,3.0,0.01,30.0,60.0,1e-09,1e-12,6,0.0001,1,new simulation,nan
14,14,0.35707963267948967,-0.8999999999999999,0.4,rolling,8.519999999999863,-0.18672849781200626,1.720818246339272,18,18,0,1.7271929524559058,0.2,0.39269908169872414,9.81,1,1,8,21,41,-3.0,3.0,0.01,30.0,60.0,1e-09,1e-12,6,0.0001,1,new simulation,nan
14,15,0.35707963267948967,-0.75,0.4,rolling,8.379999999999866,-0.18806519771006427,1.7222370496808783,18,18,0,1.7271900833713607,0.2,0.39269908169872414,9.81,1,1,8,21,41,-3.0,3.0,0.01,30.0,60.0,1e-09,1e-12,6,0.0001,1,new simulation,nan
14,16,0.35707963267948967,-0.6000000000000001,0.4,rolling,8.299999999999867,-0.184384817707977,1.7183509969831823,18,18,0,1.7271877347215492,0.2,0.39269908169872414,9.81,1,1,8,21,41,-3.0,3.0,0.01,30.0,60.0,1e-09,1e-12,6,0.0001,1,new simulation,nan
14,17,0.35707963267948967,-0.4500000000000002,0.4,rolling,8.239999999999869,-0.18838358881895503,1.7225759670324772,18,18,0,1.7271859090626451,0.2,0.39269908169872414,9.81,1,1,8,21,41,-3.0,3.0,0.01,30.0,60.0,1e-09,1e-12,6,0.0001,1,new simulation,nan
14,18,0.35707963267948967,-0.30000000000000027,0.4,rolling,8.19999999999987,-0.17726668304428422,1.7110268381653013,18,18,0,1.7271846039055785,0.2,0.39269908169872414,9.81,1,1,8,21,41,-3.0,3.0,0.01,30.0,60.0,1e-09,1e-12,6,0.0001,1,new simulation,nan
14,19,0.35707963267948967,-0.1499999999999999,0.4,rolling,8.14999999999987,-0.19024913788022035,1.7245739542866405,18,18,0,1.7271838216999378,0.2,0.39269908169872414,9.81,1,1,8,21,41,-3.0,3.0,0.01,30.0,60.0,1e-09,1e-12,6,0.0001,1,new simulation,nan
14,20,0.35707963267948967,0.0,0.4,rolling,8.109999999999872,-0.1856118091111867,1.7196386217806314,18,18,0,1.7271835614304536,0.2,0.39269908169872414,9.81,1,1,8,21,41,-3.0,3.0,0.01,30.0,60.0,1e-09,1e-12,6,0.0001,1,new simulation,nan
14,21,0.35707963267948967,0.1499999999999999,0.4,rolling,8.069999999999872,-0.17649653237638752,1.710249618462413,18,18,0,1.7271838213313175,0.2,0.39269908169872414,9.81,1,1,8,21,41,-3.0,3.0,0.01,30.0,60.0,1e-09,1e-12,6,0.0001,1,new simulation,nan
14,22,0.35707963267948967,0.2999999999999998,0.4,rolling,8.019999999999873,-0.17850989158594593,1.7122876518673156,18,18,0,1.7271846045843617,0.2,0.39269908169872414,9.81,1,1,8,21,41,-3.0,3.0,0.01,30.0,60.0,1e-09,1e-12,6,0.0001,1,new simulation,nan
14,23,0.35707963267948967,0.44999999999999973,0.4,rolling,7.959999999999875,-0.19204160641686807,1.7265101766282318,18,18,0,1.727185908724232,0.2,0.39269908169872414,9.81,1,1,8,21,41,-3.0,3.0,0.01,30.0,60.0,1e-09,1e-12,6,0.0001,1,new simulation,nan
14,24,0.35707963267948967,0.5999999999999996,0.4,rolling,7.909999999999876,-0.18412245782654946,1.7180765581872905,18,18,0,1.727187735137921,0.2,0.39269908169872414,9.81,1,1,8,21,41,-3.0,3.0,0.01,30.0,60.0,1e-09,1e-12,6,0.0001,1,new simulation,nan
14,25,0.35707963267948967,0.75,0.4,rolling,7.849999999999877,-0.19099677547665644,1.7253801506318989,18,18,0,1.7271900838480612,0.2,0.39269908169872414,9.81,1,1,8,21,41,-3.0,3.0,0.01,30.0,60.0,1e-09,1e-12,6,0.0001,1,new simulation,nan
14,26,0.35707963267948967,0.8999999999999999,0.4,rolling,7.799999999999878,-0.1799578981702043,1.7137667709830748,18,18,0,1.7271929528027357,0.2,0.39269908169872414,9.81,1,1,8,21,41,-3.0,3.0,0.01,30.0,60.0,1e-09,1e-12,6,0.0001,1,new simulation,nan
14,27,0.35707963267948967,1.0499999999999998,0.4,rolling,7.309999999999889,-0.18613458139033198,1.720187833469855,17,17,0,1.7271643953536768,0.2,0.39269908169872414,9.81,1,1,8,21,41,-3.0,3.0,0.01,30.0,60.0,1e-09,1e-12,6,0.0001,1,new simulation,nan
14,28,0.35707963267948967,1.2000000000000002,0.4,rolling,7.25999999999989,-0.1774075928852784,1.7111681629934878,17,17,0,1.7271722231213127,0.2,0.39269908169872414,9.81,1,1,8,21,41,-3.0,3.0,0.01,30.0,60.0,1e-09,1e-12,6,0.0001,1,new simulation,nan
14,29,0.35707963267948967,1.3499999999999996,0.4,rolling,7.199999999999891,-0.1880945406302664,1.7222674435310947,17,17,0,1.7271810949218134,0.2,0.39269908169872414,9.81,1,1,8,21,41,-3.0,3.0,0.01,30.0,60.0,1e-09,1e-12,6,0.0001,1,new simulation,nan
14,30,0.35707963267948967,1.5,0.4,rolling,7.149999999999892,-0.18421454073690213,1.7181731536913483,17,17,0,1.7271910071699015,0.2,0.39269908169872414,9.81,1,1,8,21,41,-3.0,3.0,0.01,30.0,60.0,1e-09,1e-12,6,0.0001,1,new simulation,nan
14,31,0.35707963267948967,1.6499999999999995,0.4,rolling,6.669999999999902,-0.18248754550693844,1.716372943606636,16,16,0,1.7271756370891003,0.2,0.39269908169872414,9.81,1,1,8,21,41,-3.0,3.0,0.01,30.0,60.0,1e-09,1e-12,6,0.0001,1,new simulation,nan
14,32,0.35707963267948967,1.7999999999999998,0.4,rolling,6.1899999999999125,-0.1835776392549225,1.717506148722642,15,15,0,1.7271709870105765,0.2,0.39269908169872414,9.81,1,1,8,21,41,-3.0,3.0,0.01,30.0,60.0,1e-09,1e-12,6,0.0001,1,new simulation,nan
14,33,0.35707963267948967,1.9500000000000002,0.4,rolling,4.849999999999941,-0.18619800634990955,1.7202569685923816,12,12,0,1.7271872786176488,0.2,0.39269908169872414,9.81,1,1,8,21,41,-3.0,3.0,0.01,30.0,60.0,1e-09,1e-12,6,0.0001,1,new simulation,nan
14,34,0.35707963267948967,2.0999999999999996,0.4,rolling,6.099999999999914,-0.1781113267981797,1.711891714129556,15,15,0,1.7272795150001847,0.2,0.39269908169872414,9.81,1,1,8,21,41,-3.0,3.0,0.01,30.0,60.0,1e-09,1e-12,6,0.0001,1,new simulation,nan
14,35,0.35707963267948967,2.25,0.4,rolling,6.479999999999906,-0.18851878360360974,1.722729577860655,16,16,0,1.7272841654639055,0.2,0.39269908169872414,9.81,1,1,8,21,41,-3.0,3.0,0.01,30.0,60.0,1e-09,1e-12,6,0.0001,1,new simulation,nan
14,36,0.35707963267948967,2.3999999999999995,0.4,rolling,6.869999999999898,-0.18421114959214174,1.7181774023489809,17,17,0,1.7272724049174482,0.2,0.39269908169872414,9.81,1,1,8,21,41,-3.0,3.0,0.01,30.0,60.0,1e-09,1e-12,6,0.0001,1,new simulation,nan
14,37,0.35707963267948967,2.55,0.4,rolling,6.829999999999899,-0.18163004598519616,1.715496281451785,17,17,0,1.7272896214578388,0.2,0.39269908169872414,9.81,1,1,8,21,41,-3.0,3.0,0.01,30.0,60.0,1e-09,1e-12,6,0.0001,1,new simulation,nan
14,38,0.35707963267948967,2.7,0.4,rolling,7.2199999999998905,-0.18189144052572961,1.715764393079235,18,18,0,1.7272680878795328,0.2,0.39269908169872414,9.81,1,1,8,21,41,-3.0,3.0,0.01,30.0,60.0,1e-09,1e-12,6,0.0001,1,new simulation,nan
14,39,0.35707963267948967,2.8499999999999996,0.4,rolling,7.179999999999891,-0.18362900355414502,1.717569934148438,18,18,0,1.7272777407048325,0.2,0.39269908169872414,9.81,1,1,8,21,41,-3.0,3.0,0.01,30.0,60.0,1e-09,1e-12,6,0.0001,1,new simulation,nan
14,40,0.35707963267948967,3.0,0.4,rolling,7.139999999999892,-0.1873601094639574,1.7214967567974675,18,18,0,1.7272879154185905,0.2,0.39269908169872414,9.81,1,1,8,21,41,-3.0,3.0,0.01,30.0,60.0,1e-09,1e-12,6,0.0001,1,new simulation,nan
15,0,0.3963495408493621,-3.0,0.5,settled,1.2300000000000009,-0.19269908169872418,0.0,3,1,2,nan,0.2,0.39269908169872414,9.81,1,1,8,21,41,-3.0,3.0,0.01,30.0,60.0,1e-09,1e-12,6,0.0001,1,new simulation,nan
15,1,0.3963495408493621,-2.85,0.5,settled,1.5600000000000012,-0.19269908169872418,0.0,3,1,2,nan,0.2,0.39269908169872414,9.81,1,1,8,21,41,-3.0,3.0,0.01,30.0,60.0,1e-09,1e-12,6,0.0001,1,new simulation,nan
15,2,0.3963495408493621,-2.7,0.5,rolling,9.069999999999851,-0.17670326626222302,1.7104589779642039,19,18,1,1.7271946598882286,0.2,0.39269908169872414,9.81,1,1,8,21,41,-3.0,3.0,0.01,30.0,60.0,1e-09,1e-12,6,0.0001,1,new simulation,nan
15,3,0.3963495408493621,-2.55,0.5,rolling,8.839999999999856,-0.1859935237623623,1.720041472558084,19,18,1,1.7271900940958929,0.2,0.39269908169872414,9.81,1,1,8,21,41,-3.0,3.0,0.01,30.0,60.0,1e-09,1e-12,6,0.0001,1,new simulation,nan
15,4,0.3963495408493621,-2.4,0.5,rolling,8.769999999999857,-0.176384135564665,1.7101366397509499,19,18,1,1.7271857894889706,0.2,0.39269908169872414,9.81,1,1,8,21,41,-3.0,3.0,0.01,30.0,60.0,1e-09,1e-12,6,0.0001,1,new simulation,nan
15,5,0.3963495408493621,-2.25,0.5,rolling,8.749999999999858,-0.18648854641264606,1.7205633707105135,19,18,1,1.7271817452591194,0.2,0.39269908169872414,9.81,1,1,8,21,41,-3.0,3.0,0.01,30.0,60.0,1e-09,1e-12,6,0.0001,1,new simulation,nan
15,6,0.3963495408493621,-2.1,0.5,rolling,8.779999999999857,-0.1891253399216101,1.7233676430272782,19,18,1,1.7271779627370571,0.2,0.39269908169872414,9.81,1,1,8,21,41,-3.0,3.0,0.01,30.0,60.0,1e-09,1e-12,6,0.0001,1,new simulation,nan
15,7,0.3963495408493621,-1.95,0.5,rolling,8.869999999999855,-0.17730203911855932,1.7110616098022955,19,18,1,1.7271744394588244,0.2,0.39269908169872414,9.81,1,1,8,21,41,-3.0,3.0,0.01,30.0,60.0,1e-09,1e-12,6,0.0001,1,new simulation,nan
15,8,0.3963495408493621,-1.8,0.5,rolling,9.039999999999852,-0.1815644819143315,1.715417211644347,19,18,1,1.7271711786746478,0.2,0.39269908169872414,9.81,1,1,8,21,41,-3.0,3.0,0.01,30.0,60.0,1e-09,1e-12,6,0.0001,1,new simulation,nan
15,9,0.3963495408493621,-1.6500000000000001,0.5,rolling,9.57999999999984,-0.1823131463562358,1.716191410445652,19,18,1,1.7271681772229703,0.2,0.39269908169872414,9.81,1,1,8,21,41,-3.0,3.0,0.01,30.0,60.0,1e-09,1e-12,6,0.0001,1,new simulation,nan
15,10,0.3963495408493621,-1.5,0.5,settled,0.8700000000000006,-0.19269908169872418,0.0,2,1,1,nan,0.2,0.39269908169872414,9.81,1,1,8,21,41,-3.0,3.0,0.01,30.0,60.0,1e-09,1e-12,6,0.0001,1,new simulation,nan
15,11,0.3963495408493621,-1.35,0.5,settled,1.0200000000000007,-0.19269908169872418,0.0,2,1,1,nan,0.2,0.39269908169872414,9.81,1,1,8,21,41,-3.0,3.0,0.01,30.0,60.0,1e-09,1e-12,6,0.0001,1,new simulation,nan
15,12,0.3963495408493621,-1.2000000000000002,0.5,rolling,8.63999999999986,-0.1914216366173841,1.7258368411299585,17,17,0,1.7271656498020025,0.2,0.39269908169872414,9.81,1,1,8,21,41,-3.0,3.0,0.01,30.0,60.0,1e-09,1e-12,6,0.0001,1,new simulation,nan
15,13,0.3963495408493621,-1.05,0.5,rolling,8.569999999999862,-0.18120950287153278,1.715053064809509,18,18,0,1.7271930577007606,0.2,0.39269908169872414,9.81,1,1,8,21,41,-3.0,3.0,0.01,30.0,60.0,1e-09,1e-12,6,0.0001,1,new simulation,nan
15,14,0.3963495408493621,-0.8999999999999999,0.5,rolling,8.409999999999865,-0.19235416356612164,1.7268497387859267,18,18,0,1.727189666376403,0.2,0.39269908169872414,9.81,1,1,8,21,41,-3.0,3.0,0.01,30.0,60.0,1e-09,1e-12,6,0.0001,1,new simulation,nan
15,15,0.3963495408493621,-0.75,0.5,rolling,8.329999999999867,-0.1878583489324674,1.7220165624092147,18,18,0,1.727186796895834,0.2,0.39269908169872414,9.81,1,1,8,21,41,-3.0,3.0,0.01,30.0,60.0,1e-09,1e-12,6,0.0001,1,new simulation,nan
15,16,0.3963495408493621,-0.6000000000000001,0.5,rolling,8.279999999999868,-0.18313421810397304,1.7170455840511658,18,18,0,1.7271844491409007,0.2,0.39269908169872414,9.81,1,1,8,21,41,-3.0,3.0,0.01,30.0,60.0,1e-09,1e-12,6,0.0001,1,new simulation,nan
15,17,0.3963495408493621,-0.4500000000000002,0.5,rolling,8.239999999999869,-0.18575968043284483,1.7197942622200102,18,18,0,1.7271826226017062,0.2,0.39269908169872414,9.81,1,1,8,21,41,-3.0,3.0,0.01,30.0,60.0,1e-09,1e-12,6,0.0001,1,new simulation,nan
15,18,0.3963495408493621,-0.30000000000000027,0.5,rolling,8.20999999999987,-0.18095481563352425,1.7147895591551148,18,18,0,1.7271813177605597,0.2,0.39269908169872414,9.81,1,1,8,21,41,-3.0,3.0,0.01,30.0,60.0,1e-09,1e-12,6,0.0001,1,new simulation,nan
15,19,0.3963495408493621,-0.1499999999999999,0.5,rolling,8.17999999999987,-0.17604197153029869,1.709792017841516,18,18,0,1.7271805343322162,0.2,0.39269908169872414,9.81,1,1,8,21,41,-3.0,3.0,0.01,30.0,60.0,1e-09,1e-12,6,0.0001,1,new simulation,nan
15,20,0.3963495408493621,0.0,0.5,rolling,8.139999999999871,-0.18151657843356855,1.715368622145205,18,18,0,1.7271802736448028,0.2,0.39269908169872414,9.81,1,1,8,21,41,-3.0,3.0,0.01,30.0,60.0,1e-09,1e-12,6,0.0001,1,new simulation,nan
15,21,0.3963495408493621,0.1499999999999999,0.5,rolling,8.099999999999872,-0.17673836259053294,1.7104930070847486,18,18,0,1.7271805354441512,0.2,0.39269908169872414,9.81,1,1,8,21,41,-3.0,3.0,0.01,30.0,60.0,1e-09,1e-12,6,0.0001,1,new simulation,nan
15,22,0.3963495408493621,0.2999999999999998,0.5,rolling,8.049999999999873,-0.17831478459558603,1.7120889512026758,18,18,0,1.7271813176879018,0.2,0.39269908169872414,9.81,1,1,8,21,41,-3.0,3.0,0.01,30.0,60.0,1e-09,1e-12,6,0.0001,1,new simulation,nan
15,23,0.3963495408493621,0.44999999999999973,0.5,rolling,7.989999999999874,-0.18804339312788249,1.7222131182022329,18,18,0,1.7271826225676605,0.2,0.39269908169872414,9.81,1,1,8,21,41,-3.0,3.0,0.01,30.0,60.0,1e-09,1e-12,6,0.0001,1,new simulation,nan
15,24,0.3963495408493621,0.5999999999999996,0.5,rolling,7.929999999999875,-0.1916915436330338,1.7261307025920056,18,18,0,1.7271844489394184,0.2,0.39269908169872414,9.81,1,1,8,21,41,-3.0,3.0,0.01,30.0,60.0,1e-09,1e-12,6,0.0001,1,new simulation,nan
15,25,0.3963495408493621,0.75,0.5,rolling,7.869999999999877,-0.1922631858854646,1.7267506821485596,18,18,0,1.7271867975205397,0.2,0.39269908169872414,9.81,1,1,8,21,41,-3.0,3.0,0.01,30.0,60.0,1e-09,1e-12,6,0.0001,1,new simulation,nan
15,26,0.3963495408493621,0.8999999999999999,0.5,rolling,7.809999999999878,-0.19227594927192287,1.7267648105276592,18,18,0,1.727189666184853,0.2,0.39269908169872414,9.81,1,1,8,21,41,-3.0,3.0,0.01,30.0,60.0,1e-09,1e-12,6,0.0001,1,new simulation,nan
15,27,0.3963495408493621,1.0499999999999998,0.5,rolling,7.759999999999879,-0.17634083996983457,1.7100937657263096,18,18,0,1.7271930597030176,0.2,0.39269908169872414,9.81,1,1,8,21,41,-3.0,3.0,0.01,30.0,60.0,1e-09,1e-12,6,0.0001,1,new simulation,nan
15,28,0.3963495408493621,1.2000000000000002,0.5,rolling,7.269999999999889,-0.1793165009473219,1.7131080274140067,17,17,0,1.7271656506274062,0.2,0.39269908169872414,9.81,1,1,8,21,41,-3.0,3.0,0.01,30.0,60.0,1e-09,1e-12,6,0.0001,1,new simulation,nan
15,29,0.3963495408493621,1.3499999999999996,0.5,rolling,7.209999999999891,-0.18592765922360785,1.7199705251757387,17,17,0,1.7271745204793454,0.2,0.39269908169872414,9.81,1,1,8,21,41,-3.0,3.0,0.01,30.0,60.0,1e-09,1e-12,6,0.0001,1,new simulation,nan
15,30,0.3963495408493621,1.5,0.5,rolling,7.159999999999892,-0.17866232464857365,1.7124427634282704,17,17,0,1.7271844352870322,0.2,0.39269908169872414,9.81,1,1,8,21,41,-3.0,3.0,0.01,30.0,60.0,1e-09,1e-12,6,0.0001,1,new simulation,nan
15,31,0.3963495408493621,1.6499999999999995,0.5,rolling,7.099999999999893,-0.19194340494978598,1.7264046067671601,17,17,0,1.7271953932493889,0.2,0.39269908169872414,9.81,1,1,8,21,41,-3.0,3.0,0.01,30.0,60.0,1e-09,1e-12,6,0.0001,1,new simulation,nan
15,32,0.3963495408493621,1.7999999999999998,0.5,rolling,6.619999999999903,-0.19070993680163,1.7250704079699248,16,16,0,1.7271864948740099,0.2,0.39269908169872414,9.81,1,1,8,21,41,-3.0,3.0,0.01,30.0,60.0,1e-09,1e-12,6,0.0001,1,new simulation,nan
15,33,0.3963495408493621,1.9500000000000002,0.5,rolling,5.709999999999923,-0.1920464675057195,1.7265135017940556,14,14,0,1.727165457983607,0.2,0.39269908169872414,9.81,1,1,8,21,41,-3.0,3.0,0.01,30.0,60.0,1e-09,1e-12,6,0.0001,1,new simulation,nan
15,34,0.3963495408493621,2.0999999999999996,0.5,rolling,5.6699999999999235,-0.18047433490382378,1.7143047416272261,14,14,0,1.727278162212679,0.2,0.39269908169872414,9.81,1,1,8,21,41,-3.0,3.0,0.01,30.0,60.0,1e-09,1e-12,6,0.0001,1,new simulation,nan
15,35,0.3963495408493621,2.25,0.5,rolling,6.479999999999906,-0.19020971466977038,1.7245398677337527,16,16,0,1.7272710220517122,0.2,0.39269908169872414,9.81,1,1,8,21,41,-3.0,3.0,0.01,30.0,60.0,1e-09,1e-12,6,0.0001,1,new simulation,nan
15,36,0.3963495408493621,2.3999999999999995,0.5,rolling,6.869999999999898,-0.18480744435009536,1.7188012751940573,17,17,0,1.7272658320167091,0.2,0.39269908169872414,9.81,1,1,8,21,41,-3.0,3.0,0.01,30.0,60.0,1e-09,1e-12,6,0.0001,1,new simulation,nan
15,37,0.3963495408493621,2.55,0.5,rolling,6.829999999999899,-0.18131740146623226,1.7151729526186041,17,17,0,1.727283049735082,0.2,0.39269908169872414,9.81,1,1,8,21,41,-3.0,3.0,0.01,30.0,60.0,1e-09,1e-12,6,0.0001,1,new simulation,nan
15,38,0.3963495408493621,2.7,0.5,rolling,7.2199999999998905,-0.1808192723366792,1.7146580624216172,18,18,0,1.7272648019072256,0.2,0.39269908169872414,9.81,1,1,8,21,41,-3.0,3.0,0.01,30.0,60.0,1e-09,1e-12,6,0.0001,1,new simulation,nan
15,39,0.3963495408493621,2.8499999999999996,0.5,rolling,7.179999999999891,-0.1819176123074562,1.7157920734606449,18,18,0,1.7272744539563112,0.2,0.39269908169872414,9.81,1,1,8,21,41,-3.0,3.0,0.01,30.0,60.0,1e-09,1e-12,6,0.0001,1,new simulation,nan
15,40,0.3963495408493621,3.0,0.5,rolling,7.139999999999892,-0.18510687582510496,1.7191173381214213,18,18,0,1.7272846287457941,0.2,0.39269908169872414,9.81,1,1,8,21,41,-3.0,3.0,0.01,30.0,60.0,1e-09,1e-12,6,0.0001,1,new simulation,nan
16,0,0.4356194490192345,-3.0,0.6,settled,1.300000000000001,-0.19269908169872418,0.0,3,1,2,nan,0.2,0.39269908169872414,9.81,1,1,8,21,41,-3.0,3.0,0.01,30.0,60.0,1e-09,1e-12,6,0.0001,1,new simulation,nan
16,1,0.4356194490192345,-2.85,0.6,rolling,9.459999999999843,-0.18966029023008052,1.723939791696236,18,17,1,1.727167069562238,0.2,0.39269908169872414,9.81,1,1,8,21,41,-3.0,3.0,0.01,30.0,60.0,1e-09,1e-12,6,0.0001,1,new simulation,nan
16,2,0.4356194490192345,-2.7,0.6,rolling,8.959999999999853,-0.1843104117471358,1.7182736215783085,19,18,1,1.7271928552390792,0.2,0.39269908169872414,9.81,1,1,8,21,41,-3.0,3.0,0.01,30.0,60.0,1e-09,1e-12,6,0.0001,1,new simulation,nan
16,3,0.4356194490192345,-2.55,0.6,rolling,8.819999999999856,-0.17660573795140322,1.7103600620517458,19,18,1,1.7271882889480803,0.2,0.39269908169872414,9.81,1,1,8,21,41,-3.0,3.0,0.01,30.0,60.0,1e-09,1e-12,6,0.0001,1,new simulation,nan
16,4,0.4356194490192345,-2.4,0.6,rolling,8.769999999999857,-0.1839310291235145,1.7178761733179486,19,18,1,1.7271839837721192,0.2,0.39269908169872414,9.81,1,1,8,21,41,-3.0,3.0,0.01,30.0,60.0,1e-09,1e-12,6,0.0001,1,new simulation,nan
16,5,0.4356194490192345,-2.25,0.6,rolling,8.779999999999857,-0.18117701725432353,1.7150183212690413,19,18,1,1.7271799400888144,0.2,0.39269908169872414,9.81,1,1,8,21,41,-3.0,3.0,0.01,30.0,60.0,1e-09,1e-12,6,0.0001,1,new simulation,nan
16,6,0.4356194490192345,-2.1,0.6,rolling,8.839999999999856,-0.17747637849549927,1.7112381452923227,19,18,1,1.727176157453796,0.2,0.39269908169872414,9.81,1,1,8,21,41,-3.0,3.0,0.01,30.0,60.0,1e-09,1e-12,6,0.0001,1,new simulation,nan
16,7,0.4356194490192345,-1.95,0.6,rolling,8.959999999999853,-0.19101799429587535,1.7254013895929674,19,18,1,1.7271726348332639,0.2,0.39269908169872414,9.81,1,1,8,21,41,-3.0,3.0,0.01,30.0,60.0,1e-09,1e-12,6,0.0001,1,new simulation,nan
16,8,0.4356194490192345,-1.8,0.6,rolling,9.269999999999847,-0.18299522754643835,1.7168995741546786,19,18,1,1.7271693739121308,0.2,0.39269908169872414,9.81,1,1,8,21,41,-3.0,3.0,0.01,30.0,60.0,1e-09,1e-12,6,0.0001,1,new simulation,nan
16,9,0.4356194490192345,-1.6500000000000001,0.6,settled,0.8800000000000006,-0.19269908169872418,0.0,2,1,1,nan,0.2,0.39269908169872414,9.81,1,1,8,21,41,-3.0,3.0,0.01,30.0,60.0,1e-09,1e-12,6,0.0001,1,new simulation,nan
16,10,0.4356194490192345,-1.5,0.6,settled,0.9900000000000007,-0.19269908169872418,0.0,2,1,1,nan,0.2,0.39269908169872414,9.81,1,1,8,21,41,-3.0,3.0,0.01,30.0,60.0,1e-09,1e-12,6,0.0001,1,new simulation,nan
16,11,0.4356194490192345,-1.35,0.6,rolling,9.339999999999845,-0.19110095230797017,1.7254904512499196,17,17,0,1.727167302236582,0.2,0.39269908169872414,9.81,1,1,8,21,41,-3.0,3.0,0.01,30.0,60.0,1e-09,1e-12,6,0.0001,1,new simulation,nan
16,12,0.4356194490192345,-1.2000000000000002,0.6,rolling,8.61999999999986,-0.188031867726993,1.7222018711283664,18,18,0,1.7271933616272597,0.2,0.39269908169872414,9.81,1,1,8,21,41,-3.0,3.0,0.01,30.0,60.0,1e-09,1e-12,6,0.0001,1,new simulation,nan
16,13,0.4356194490192345,-1.05,0.6,rolling,8.449999999999864,-0.18066386890890831,1.714491000799721,18,18,0,1.7271894484333064,0.2,0.39269908169872414,9.81,1,1,8,21,41,-3.0,3.0,0.01,30.0,60.0,1e-09,1e-12,6,0.0001,1,new simulation,nan
16,14,0.4356194490192345,-0.8999999999999999,0.6,rolling,8.359999999999866,-0.19026564821628217,1.7245919275127886,18,18,0,1.7271860567238655,0.2,0.39269908169872414,9.81,1,1,8,21,41,-3.0,3.0,0.01,30.0,60.0,1e-09,1e-12,6,0.0001,1,new simulation,nan
16,15,0.4356194490192345,-0.75,0.6,rolling,8.319999999999867,-0.17734250474656327,1.711103376205836,18,18,0,1.7271831872887606,0.2,0.39269908169872414,9.81,1,1,8,21,41,-3.0,3.0,0.01,30.0,60.0,1e-09,1e-12,6,0.0001,1,new simulation,nan
16,16,0.4356194490192345,-0.6000000000000001,0.6,rolling,8.289999999999868,-0.17971134684512943,1.713513151011063,18,18,0,1.7271808378549682,0.2,0.39269908169872414,9.81,1,1,8,21,41,-3.0,3.0,0.01,30.0,60.0,1e-09,1e-12,6,0.0001,1,new simulation,nan
16,17,0.4356194490192345,-0.4500000000000002,0.6,rolling,8.269999999999868,-0.18065717311806442,1.7144831172404644,18,18,0,1.7271790128485238,0.2,0.39269908169872414,9.81,1,1,8,21,41,-3.0,3.0,0.01,30.0,60.0,1e-09,1e-12,6,0.0001,1,new simulation,nan
16,18,0.4356194490192345,-0.30000000000000027,0.6,rolling,8.249999999999869,-0.18491601471924693,1.7189067377992684,18,18,0,1.7271777077209383,0.2,0.39269908169872414,9.81,1,1,8,21,41,-3.0,3.0,0.01,30.0,60.0,1e-09,1e-12,6,0.0001,1,new simulation,nan
16,19,0.4356194490192345,-0.1499999999999999,0.6,rolling,8.229999999999869,-0.18190670118316365,1.7157714378737916,18,18,0,1.7271769251556115,0.2,0.39269908169872414,9.81,1,1,8,21,41,-3.0,3.0,0.01,30.0,60.0,1e-09,1e-12,6,0.0001,1,new simulation,nan
16,20,0.4356194490192345,0.0,0.6,rolling,8.19999999999987,-0.18065590548767163,1.714481586131039,18,18,0,1.7271766640516903,0.2,0.39269908169872414,9.81,1,1,8,21,41,-3.0,3.0,0.01,30.0,60.0,1e-09,1e-12,6,0.0001,1,new simulation,nan
16,21,0.4356194490192345,0.1499999999999999,0.6,rolling,8.15999999999987,-0.17718478632829396,1.7109433181577955,18,18,0,1.727176925161156,0.2,0.39269908169872414,9.81,1,1,8,21,41,-3.0,3.0,0.01,30.0,60.0,1e-09,1e-12,6,0.0001,1,new simulation,nan
16,22,0.4356194490192345,0.2999999999999998,0.6,rolling,8.099999999999872,-0.18961440493724874,1.7238915864187725,18,18,0,1.7271777082699662,0.2,0.39269908169872414,9.81,1,1,8,21,41,-3.0,3.0,0.01,30.0,60.0,1e-09,1e-12,6,0.0001,1,new simulation,nan
16,23,0.4356194490192345,0.44999999999999973,0.6,rolling,8.039999999999873,-0.18823259767030076,1.722414332583869,18,18,0,1.7271790129707447,0.2,0.39269908169872414,9.81,1,1,8,21,41,-3.0,3.0,0.01,30.0,60.0,1e-09,1e-12,6,0.0001,1,new simulation,nan
16,24,0.4356194490192345,0.5999999999999996,0.6,rolling,7.979999999999874,-0.1789011911779339,1.7126857408735339,18,18,0,1.727180838704335,0.2,0.39269908169872414,9.81,1,1,8,21,41,-3.0,3.0,0.01,30.0,60.0,1e-09,1e-12,6,0.0001,1,new simulation,nan
16,25,0.4356194490192345,0.75,0.6,rolling,7.909999999999876,-0.18391394832925728,1.7178582586293403,18,18,0,1.727183187146449,0.2,0.39269908169872414,9.81,1,1,8,21,41,-3.0,3.0,0.01,30.0,60.0,1e-09,1e-12,6,0.0001,1,new simulation,nan
16,26,0.4356194490192345,0.8999999999999999,0.6,rolling,7.839999999999877,-0.18974237800066932,1.7240296819038454,18,18,0,1.7271860560263814,0.2,0.39269908169872414,9.81,1,1,8,21,41,-3.0,3.0,0.01,30.0,60.0,1e-09,1e-12,6,0.0001,1,new simulation,nan
16,27,0.4356194490192345,1.0499999999999998,0.6,rolling,7.779999999999879,-0.18134474629558586,1.7151921804993435,18,18,0,1.7271894484357038,0.2,0.39269908169872414,9.81,1,1,8,21,41,-3.0,3.0,0.01,30.0,60.0,1e-09,1e-12,6,0.0001,1,new simulation,nan
16,28,0.4356194490192345,1.2000000000000002,0.6,rolling,7.71999999999988,-0.17704422883056792,1.7108028998850653,18,18,0,1.7271933620817634,0.2,0.39269908169872414,9.81,1,1,8,21,41,-3.0,3.0,0.01,30.0,60.0,1e-09,1e-12,6,0.0001,1,new simulation,nan
16,29,0.4356194490192345,1.3499999999999996,0.6,rolling,7.22999999999989,-0.1766057709289549,1.7103580782676182,17,17,0,1.7271673006908717,0.2,0.39269908169872414,9.81,1,1,8,21,41,-3.0,3.0,0.01,30.0,60.0,1e-09,1e-12,6,0.0001,1,new simulation,nan
16,30,0.4356194490192345,1.5,0.6,rolling,7.169999999999892,-0.18131782490821097,1.7151632398313836,17,17,0,1.7271772152797606,0.2,0.39269908169872414,9.81,1,1,8,21,41,-3.0,3.0,0.01,30.0,60.0,1e-09,1e-12,6,0.0001,1,new simulation,nan
16,31,0.4356194490192345,1.6499999999999995,0.6,rolling,7.109999999999893,-0.19042397141383405,1.724762510859765,17,17,0,1.7271881730221574,0.2,0.39269908169872414,9.81,1,1,8,21,41,-3.0,3.0,0.01,30.0,60.0,1e-09,1e-12,6,0.0001,1,new simulation,nan
16,32,0.4356194490192345,1.7999999999999998,0.6,rolling,6.629999999999903,-0.18580888583408084,1.7198450956959925,16,16,0,1.7271720538351,0.2,0.39269908169872414,9.81,1,1,8,21,41,-3.0,3.0,0.01,30.0,60.0,1e-09,1e-12,6,0.0001,1,new simulation,nan
16,33,0.4356194490192345,1.9500000000000002,0.6,rolling,6.149999999999913,-0.18502453540582844,1.7190197136677838,15,15,0,1.727167996309744,0.2,0.39269908169872414,9.81,1,1,8,21,41,-3.0,3.0,0.01,30.0,60.0,1e-09,1e-12,6,0.0001,1,new simulation,nan
16,34,0.4356194490192345,2.0999999999999996,0.6,rolling,4.379999999999951,-0.18589025630188674,1.7199302024783956,11,11,0,1.7271652071986194,0.2,0.39269908169872414,9.81,1,1,8,21,41,-3.0,3.0,0.01,30.0,60.0,1e-09,1e-12,6,0.0001,1,new simulation,nan
16,35,0.4356194490192345,2.25,0.6,rolling,6.059999999999915,-0.17786768655522567,1.711645017077517,15,15,0,1.727284873534827,0.2,0.39269908169872414,9.81,1,1,8,21,41,-3.0,3.0,0.01,30.0,60.0,1e-09,1e-12,6,0.0001,1,new simulation,nan
16,36,0.4356194490192345,2.3999999999999995,0.6,rolling,6.439999999999907,-0.18812453824831343,1.7223096935980917,16,16,0,1.7272889319100375,0.2,0.39269908169872414,9.81,1,1,8,21,41,-3.0,3.0,0.01,30.0,60.0,1e-09,1e-12,6,0.0001,1,new simulation,nan
16,37,0.4356194490192345,2.55,0.6,rolling,6.829999999999899,-0.18398075902823452,1.717936914695858,17,17,0,1.7272758309540805,0.2,0.39269908169872414,9.81,1,1,8,21,41,-3.0,3.0,0.01,30.0,60.0,1e-09,1e-12,6,0.0001,1,new simulation,nan
16,38,0.4356194490192345,2.7,0.6,rolling,7.2199999999998905,-0.18241829078885885,1.716309323943963,18,18,0,1.7272611934836484,0.2,0.39269908169872414,9.81,1,1,8,21,41,-3.0,3.0,0.01,30.0,60.0,1e-09,1e-12,6,0.0001,1,new simulation,nan
16,39,0.4356194490192345,2.8499999999999996,0.6,rolling,7.179999999999891,-0.18262235786742279,1.716521946018487,18,18,0,1.7272708448036747,0.2,0.39269908169872414,9.81,1,1,8,21,41,-3.0,3.0,0.01,30.0,60.0,1e-09,1e-12,6,0.0001,1,new simulation,nan
16,40,0.4356194490192345,3.0,0.6,rolling,7.139999999999892,-0.18505499894492336,1.7190625130032997,18,18,0,1.7272810186534955,0.2,0.39269908169872414,9.81,1,1,8,21,41,-3.0,3.0,0.01,30.0,60.0,1e-09,1e-12,6,0.0001,1,new simulation,nan
17,0,0.4748893571891069,-3.0,0.7,settled,1.430000000000001,-0.19269908169872418,0.0,3,1,2,nan,0.2,0.39269908169872414,9.81,1,1,8,21,41,-3.0,3.0,0.01,30.0,60.0,1e-09,1e-12,6,0.0001,1,new simulation,nan
17,1,0.4748893571891069,-2.85,0.7,rolling,8.779999999999857,-0.17992030146997862,1.7137253927015061,18,17,1,1.7271631410159325,0.2,0.39269908169872414,9.81,1,1,8,21,41,-3.0,3.0,0.01,30.0,60.0,1e-09,1e-12,6,0.0001,1,new simulation,nan
17,2,0.4748893571891069,-2.7,0.7,rolling,8.889999999999855,-0.19225821155634562,1.7267456708921967,19,18,1,1.7271908900272896,0.2,0.39269908169872414,9.81,1,1,8,21,41,-3.0,3.0,0.01,30.0,60.0,1e-09,1e-12,6,0.0001,1,new simulation,nan
17,3,0.4748893571891069,-2.55,0.7,rolling,8.799999999999857,-0.18873494086712736,1.7229510278779616,19,18,1,1.7271863248736394,0.2,0.39269908169872414,9.81,1,1,8,21,41,-3.0,3.0,0.01,30.0,60.0,1e-09,1e-12,6,0.0001,1,new simulation,nan
17,4,0.4748893571891069,-2.4,0.7,rolling,8.779999999999857,-0.191988413270155,1.726452126344156,19,18,1,1.7271820207938422,0.2,0.39269908169872414,9.81,1,1,8,21,41,-3.0,3.0,0.01,30.0,60.0,1e-09,1e-12,6,0.0001,1,new simulation,nan
17,5,0.4748893571891069,-2.25,0.7,rolling,8.819999999999856,-0.18212638462198283,1.7159988852783632,19,18,1,1.7271779763889052,0.2,0.39269908169872414,9.81,1,1,8,21,41,-3.0,3.0,0.01,30.0,60.0,1e-09,1e-12,6,0.0001,1,new simulation,nan
17,6,0.4748893571891069,-2.1,0.7,rolling,8.909999999999854,-0.1904831388633805,1.7248248827687853,19,18,1,1.7271741935795613,0.2,0.39269908169872414,9.81,1,1,8,21,41,-3.0,3.0,0.01,30.0,60.0,1e-09,1e-12,6,0.0001,1,new simulation,nan
17,7,0.4748893571891069,-1.95,0.7,rolling,9.12999999999985,-0.17588768546854905,1.709636098420252,19,18,1,1.7271706714322688,0.2,0.39269908169872414,9.81,1,1,8,21,41,-3.0,3.0,0.01,30.0,60.0,1e-09,1e-12,6,0.0001,1,new simulation,nan
17,8,0.4748893571891069,-1.8,0.7,settled,0.8900000000000006,-0.19269908169872418,0.0,2,1,1,nan,0.2,0.39269908169872414,9.81,1,1,8,21,41,-3.0,3.0,0.01,30.0,60.0,1e-09,1e-12,6,0.0001,1,new simulation,nan
17,9,0.4748893571891069,-1.6500000000000001,0.7,settled,0.9600000000000006,-0.19269908169872418,0.0,2,1,1,nan,0.2,0.39269908169872414,9.81,1,1,8,21,41,-3.0,3.0,0.01,30.0,60.0,1e-09,1e-12,6,0.0001,1,new simulation,nan
17,10,0.4748893571891069,-1.5,0.7,settled,1.420000000000001,-0.19269908169872418,0.0,2,1,1,nan,0.2,0.39269908169872414,9.81,1,1,8,21,41,-3.0,3.0,0.01,30.0,60.0,1e-09,1e-12,6,0.0001,1,new simulation,nan
17,11,0.4748893571891069,-1.35,0.7,rolling,8.68999999999986,-0.1801912280403857,1.7140060588441335,18,18,0,1.7271938694609912,0.2,0.39269908169872414,9.81,1,1,8,21,41,-3.0,3.0,0.01,30.0,60.0,1e-09,1e-12,6,0.0001,1,new simulation,nan
17,12,0.4748893571891069,-1.2000000000000002,0.7,rolling,8.479999999999864,-0.18838812821190692,1.7225811441020442,18,18,0,1.7271894340855622,0.2,0.39269908169872414,9.81,1,1,8,21,41,-3.0,3.0,0.01,30.0,60.0,1e-09,1e-12,6,0.0001,1,new simulation,nan
17,13,0.4748893571891069,-1.05,0.7,rolling,8.389999999999866,-0.1913999806186768,1.7258153188134964,18,18,0,1.7271855208928046,0.2,0.39269908169872414,9.81,1,1,8,21,41,-3.0,3.0,0.01,30.0,60.0,1e-09,1e-12,6,0.0001,1,new simulation,nan
17,14,0.4748893571891069,-0.8999999999999999,0.7,rolling,8.349999999999866,-0.18733929175391767,1.721464551437262,18,18,0,1.7271821294237852,0.2,0.39269908169872414,9.81,1,1,8,21,41,-3.0,3.0,0.01,30.0,60.0,1e-09,1e-12,6,0.0001,1,new simulation,nan
17,15,0.4748893571891069,-0.75,0.7,rolling,8.339999999999867,-0.17570343584339446,1.7094520137434097,18,18,0,1.7271792588471933,0.2,0.39269908169872414,9.81,1,1,8,21,41,-3.0,3.0,0.01,30.0,60.0,1e-09,1e-12,6,0.0001,1,new simulation,nan
17,16,0.4748893571891069,-0.6000000000000001,0.7,rolling,8.329999999999867,-0.19130030459572095,1.7257067365919534,18,18,0,1.727176911250081,0.2,0.39269908169872414,9.81,1,1,8,21,41,-3.0,3.0,0.01,30.0,60.0,1e-09,1e-12,6,0.0001,1,new simulation,nan
17,17,0.4748893571891069,-0.4500000000000002,0.7,rolling,8.339999999999867,-0.18717240866118345,1.7212868275060365,18,18,0,1.7271750845165859,0.2,0.39269908169872414,9.81,1,1,8,21,41,-3.0,3.0,0.01,30.0,60.0,1e-09,1e-12,6,0.0001,1,new simulation,nan
17,18,0.4748893571891069,-0.30000000000000027,0.7,rolling,8.349999999999866,-0.18360977254168734,1.7175399209693736,18,18,0,1.7271737792977706,0.2,0.39269908169872414,9.81,1,1,8,21,41,-3.0,3.0,0.01,30.0,60.0,1e-09,1e-12,6,0.0001,1,new simulation,nan
17,19,0.4748893571891069,-0.1499999999999999,0.7,rolling,8.349999999999866,-0.18048508696886845,1.7143056947169484,18,18,0,1.7271729965855556,0.2,0.39269908169872414,9.81,1,1,8,21,41,-3.0,3.0,0.01,30.0,60.0,1e-09,1e-12,6,0.0001,1,new simulation,nan
17,20,0.4748893571891069,0.0,0.7,rolling,8.329999999999867,-0.17806601067830521,1.7118354521800148,18,18,0,1.727172737430885,0.2,0.39269908169872414,9.81,1,1,8,21,41,-3.0,3.0,0.01,30.0,60.0,1e-09,1e-12,6,0.0001,1,new simulation,nan
17,21,0.4748893571891069,0.1499999999999999,0.7,rolling,8.279999999999868,-0.1854628232594082,1.7194808156936796,18,18,0,1.727172997405659,0.2,0.39269908169872414,9.81,1,1,8,21,41,-3.0,3.0,0.01,30.0,60.0,1e-09,1e-12,6,0.0001,1,new simulation,nan
17,22,0.4748893571891069,0.2999999999999998,0.7,rolling,8.20999999999987,-0.19127184883736398,1.7256756855616535,18,18,0,1.7271737801387517,0.2,0.39269908169872414,9.81,1,1,8,21,41,-3.0,3.0,0.01,30.0,60.0,1e-09,1e-12,6,0.0001,1,new simulation,nan
17,23,0.4748893571891069,0.44999999999999973,0.7,rolling,8.129999999999871,-0.19255328058950805,1.7270646901135076,18,18,0,1.7271750852755676,0.2,0.39269908169872414,9.81,1,1,8,21,41,-3.0,3.0,0.01,30.0,60.0,1e-09,1e-12,6,0.0001,1,new simulation,nan
17,24,0.4748893571891069,0.5999999999999996,0.7,rolling,8.049999999999873,-0.1860277981448684,1.7200763619519432,18,18,0,1.7271769111173476,0.2,0.39269908169872414,9.81,1,1,8,21,41,-3.0,3.0,0.01,30.0,60.0,1e-09,1e-12,6,0.0001,1,new simulation,nan
17,25,0.4748893571891069,0.75,0.7,rolling,7.9699999999998745,-0.180947717531358,1.7147820522990866,18,18,0,1.7271792580402632,0.2,0.39269908169872414,9.81,1,1,8,21,41,-3.0,3.0,0.01,30.0,60.0,1e-09,1e-12,6,0.0001,1,new simulation,nan
17,26,0.4748893571891069,0.8999999999999999,0.7,rolling,7.889999999999876,-0.18194912346750555,1.715815819740023,18,18,0,1.7271821283089144,0.2,0.39269908169872414,9.81,1,1,8,21,41,-3.0,3.0,0.01,30.0,60.0,1e-09,1e-12,6,0.0001,1,new simulation,nan
17,27,0.4748893571891069,1.0499999999999998,0.7,rolling,7.809999999999878,-0.19078992944246992,1.7251565577854602,18,18,0,1.7271855205913889,0.2,0.39269908169872414,9.81,1,1,8,21,41,-3.0,3.0,0.01,30.0,60.0,1e-09,1e-12,6,0.0001,1,new simulation,nan
17,28,0.4748893571891069,1.2000000000000002,0.7,rolling,7.739999999999879,-0.19047061713103386,1.724812853421769,18,18,0,1.7271894341902698,0.2,0.39269908169872414,9.81,1,1,8,21,41,-3.0,3.0,0.01,30.0,60.0,1e-09,1e-12,6,0.0001,1,new simulation,nan
17,29,0.4748893571891069,1.3499999999999996,0.7,rolling,7.679999999999881,-0.18052264409918867,1.7143462806729581,18,18,0,1.7271938695998594,0.2,0.39269908169872414,9.81,1,1,8,21,41,-3.0,3.0,0.01,30.0,60.0,1e-09,1e-12,6,0.0001,1,new simulation,nan
17,30,0.4748893571891069,1.5,0.7,rolling,7.189999999999891,-0.1768104447728926,1.7105646296583785,17,17,0,1.7271693586893788,0.2,0.39269908169872414,9.81,1,1,8,21,41,-3.0,3.0,0.01,30.0,60.0,1e-09,1e-12,6,0.0001,1,new simulation,nan
17,31,0.4748893571891069,1.6499999999999995,0.7,rolling,7.129999999999892,-0.17980314411152604,1.7136070620375679,17,17,0,1.7271803169646385,0.2,0.39269908169872414,9.81,1,1,8,21,41,-3.0,3.0,0.01,30.0,60.0,1e-09,1e-12,6,0.0001,1,new simulation,nan
17,32,0.4748893571891069,1.7999999999999998,0.7,rolling,7.069999999999894,-0.1882123502117064,1.7223940237762703,17,17,0,1.7271923186310045,0.2,0.39269908169872414,9.81,1,1,8,21,41,-3.0,3.0,0.01,30.0,60.0,1e-09,1e-12,6,0.0001,1,new simulation,nan
17,33,0.4748893571891069,1.9500000000000002,0.7,rolling,6.589999999999904,-0.1836061697664785,1.7175369935530684,16,16,0,1.7271824327314913,0.2,0.39269908169872414,9.81,1,1,8,21,41,-3.0,3.0,0.01,30.0,60.0,1e-09,1e-12,6,0.0001,1,new simulation,nan
17,34,0.4748893571891069,2.0999999999999996,0.7,rolling,6.109999999999914,-0.1832831471576384,1.717201404867525,15,15,0,1.72719292666606,0.2,0.39269908169872414,9.81,1,1,8,21,41,-3.0,3.0,0.01,30.0,60.0,1e-09,1e-12,6,0.0001,1,new simulation,nan
17,35,0.4748893571891069,2.25,0.7,rolling,5.629999999999924,-0.18679979675356836,1.7209019035878865,14,14,0,1.727278612373835,0.2,0.39269908169872414,9.81,1,1,8,21,41,-3.0,3.0,0.01,30.0,60.0,1e-09,1e-12,6,0.0001,1,new simulation,nan
17,36,0.4748893571891069,2.3999999999999995,0.7,rolling,6.449999999999907,-0.17846987479841103,1.712255460599666,16,16,0,1.727273221349398,0.2,0.39269908169872414,9.81,1,1,8,21,41,-3.0,3.0,0.01,30.0,60.0,1e-09,1e-12,6,0.0001,1,new simulation,nan
17,37,0.4748893571891069,2.55,0.7,rolling,6.829999999999899,-0.18981930336619354,1.7241200695219077,17,17,0,1.727267976024028,0.2,0.39269908169872414,9.81,1,1,8,21,41,-3.0,3.0,0.01,30.0,60.0,1e-09,1e-12,6,0.0001,1,new simulation,nan
17,38,0.4748893571891069,2.7,0.7,rolling,6.7899999999999,-0.18621070580222776,1.7202798400689345,17,17,0,1.7272862358366756,0.2,0.39269908169872414,9.81,1,1,8,21,41,-3.0,3.0,0.01,30.0,60.0,1e-09,1e-12,6,0.0001,1,new simulation,nan
17,39,0.4748893571891069,2.8499999999999996,0.7,rolling,7.179999999999891,-0.18585362213351064,1.7199013162332646,18,18,0,1.7272669169842565,0.2,0.39269908169872414,9.81,1,1,8,21,41,-3.0,3.0,0.01,30.0,60.0,1e-09,1e-12,6,0.0001,1,new simulation,nan
17,40,0.4748893571891069,3.0,0.7,rolling,7.139999999999892,-0.18728686780175863,1.7214179934850753,18,18,0,1.7272770917345095,0.2,0.39269908169872414,9.81,1,1,8,21,41,-3.0,3.0,0.01,30.0,60.0,1e-09,1e-12,6,0.0001,1,new simulation,nan
18,0,0.5141592653589793,-3.0,0.7999999999999998,settled,1.8000000000000014,-0.19269908169872418,0.0,3,1,2,nan,0.2,0.39269908169872414,9.81,1,1,8,21,41,-3.0,3.0,0.01,30.0,60.0,1e-09,1e-12,6,0.0001,1,new simulation,nan
18,1,0.5141592653589793,-2.85,0.7999999999999998,rolling,9.029999999999852,-0.18447105228728689,1.7184418364484013,19,18,1,1.7271935978953348,0.2,0.39269908169872414,9.81,1,1,8,21,41,-3.0,3.0,0.01,30.0,60.0,1e-09,1e-12,6,0.0001,1,new simulation,nan
18,2,0.5141592653589793,-2.7,0.7999999999999998,rolling,8.849999999999856,-0.19238052372913836,1.7268782823680602,19,18,1,1.7271887713319545,0.2,0.39269908169872414,9.81,1,1,8,21,41,-3.0,3.0,0.01,30.0,60.0,1e-09,1e-12,6,0.0001,1,new simulation,nan
18,3,0.5141592653589793,-2.55,0.7999999999999998,rolling,8.799999999999857,-0.1884391755740798,1.7226350941964579,19,18,1,1.7271842051273802,0.2,0.39269908169872414,9.81,1,1,8,21,41,-3.0,3.0,0.01,30.0,60.0,1e-09,1e-12,6,0.0001,1,new simulation,nan
18,4,0.5141592653589793,-2.4,0.7999999999999998,rolling,8.809999999999857,-0.18831091856567966,1.722497900707412,19,18,1,1.7271798993452478,0.2,0.39269908169872414,9.81,1,1,8,21,41,-3.0,3.0,0.01,30.0,60.0,1e-09,1e-12,6,0.0001,1,new simulation,nan
18,5,0.5141592653589793,-2.25,0.7999999999999998,rolling,8.879999999999855,-0.18369029318125987,1.7176241076757273,19,18,1,1.7271758567594093,0.2,0.39269908169872414,9.81,1,1,8,21,41,-3.0,3.0,0.01,30.0,60.0,1e-09,1e-12,6,0.0001,1,new simulation,nan
18,6,0.5141592653589793,-2.1,0.7999999999999998,rolling,9.039999999999852,-0.17639848169775169,1.7101497622677206,19,18,1,1.7271720721730865,0.2,0.39269908169872414,9.81,1,1,8,21,41,-3.0,3.0,0.01,30.0,60.0,1e-09,1e-12,6,0.0001,1,new simulation,nan
18,7,0.5141592653589793,-1.95,0.7999999999999998,rolling,9.499999999999842,-0.1830282999906775,1.7169338840036938,19,18,1,1.7271685501591951,0.2,0.39269908169872414,9.81,1,1,8,21,41,-3.0,3.0,0.01,30.0,60.0,1e-09,1e-12,6,0.0001,1,new simulation,nan
18,8,0.5141592653589793,-1.8,0.7999999999999998,settled,0.9500000000000006,-0.19269908169872418,0.0,2,1,1,nan,0.2,0.39269908169872414,9.81,1,1,8,21,41,-3.0,3.0,0.01,30.0,60.0,1e-09,1e-12,6,0.0001,1,new simulation,nan
18,9,0.5141592653589793,-1.6500000000000001,0.7999999999999998,settled,1.2100000000000009,-0.19269908169872418,0.0,2,1,1,nan,0.2,0.39269908169872414,9.81,1,1,8,21,41,-3.0,3.0,0.01,30.0,60.0,1e-09,1e-12,6,0.0001,1,new simulation,nan
18,10,0.5141592653589793,-1.5,0.7999999999999998,rolling,8.769999999999857,-0.1889275783493883,1.7231576905617252,18,18,0,1.7271945870938978,0.2,0.39269908169872414,9.81,1,1,8,21,41,-3.0,3.0,0.01,30.0,60.0,1e-09,1e-12,6,0.0001,1,new simulation,nan
18,11,0.5141592653589793,-1.35,0.7999999999999998,rolling,8.519999999999863,-0.18269312798115098,1.7165876264846895,18,18,0,1.7271896280891375,0.2,0.39269908169872414,9.81,1,1,8,21,41,-3.0,3.0,0.01,30.0,60.0,1e-09,1e-12,6,0.0001,1,new simulation,nan
18,12,0.5141592653589793,-1.2000000000000002,0.7999999999999998,rolling,8.419999999999865,-0.19123333617954502,1.7256351559300513,18,18,0,1.7271851939684877,0.2,0.39269908169872414,9.81,1,1,8,21,41,-3.0,3.0,0.01,30.0,60.0,1e-09,1e-12,6,0.0001,1,new simulation,nan
18,13,0.5141592653589793,-1.05,0.7999999999999998,rolling,8.389999999999866,-0.17788853418288178,1.7116562021093116,18,18,0,1.7271812807370963,0.2,0.39269908169872414,9.81,1,1,8,21,41,-3.0,3.0,0.01,30.0,60.0,1e-09,1e-12,6,0.0001,1,new simulation,nan
18,14,0.5141592653589793,-0.8999999999999999,0.7999999999999998,rolling,8.379999999999866,-0.189835116862742,1.724128450827636,18,18,0,1.727177887681081,0.2,0.39269908169872414,9.81,1,1,8,21,41,-3.0,3.0,0.01,30.0,60.0,1e-09,1e-12,6,0.0001,1,new simulation,nan
18,15,0.5141592653589793,-0.75,0.7999999999999998,rolling,8.409999999999865,-0.1809796925583335,1.7148145703452342,18,18,0,1.7271750195859872,0.2,0.39269908169872414,9.81,1,1,8,21,41,-3.0,3.0,0.01,30.0,60.0,1e-09,1e-12,6,0.0001,1,new simulation,nan
18,16,0.5141592653589793,-0.6000000000000001,0.7999999999999998,rolling,8.459999999999864,-0.18414508542914573,1.718098770455998,18,18,0,1.7271726699303358,0.2,0.39269908169872414,9.81,1,1,8,21,41,-3.0,3.0,0.01,30.0,60.0,1e-09,1e-12,6,0.0001,1,new simulation,nan
18,17,0.5141592653589793,-0.4500000000000002,0.7999999999999998,rolling,8.539999999999862,-0.18489881662914204,1.7188880349689313,18,18,0,1.72717084371851,0.2,0.39269908169872414,9.81,1,1,8,21,41,-3.0,3.0,0.01,30.0,60.0,1e-09,1e-12,6,0.0001,1,new simulation,nan
18,18,0.5141592653589793,-0.30000000000000027,0.7999999999999998,rolling,8.64999999999986,-0.18147703249435215,1.7153267715074154,18,18,0,1.7271695392760387,0.2,0.39269908169872414,9.81,1,1,8,21,41,-3.0,3.0,0.01,30.0,60.0,1e-09,1e-12,6,0.0001,1,new simulation,nan
18,19,0.5141592653589793,-0.1499999999999999,0.7999999999999998,rolling,8.759999999999858,-0.1881871228165962,1.7223648917463075,18,18,0,1.7271687569478698,0.2,0.39269908169872414,9.81,1,1,8,21,41,-3.0,3.0,0.01,30.0,60.0,1e-09,1e-12,6,0.0001,1,new simulation,nan
18,20,0.5141592653589793,0.0,0.7999999999999998,rolling,8.799999999999857,-0.18995400143991,1.7242552315890762,18,18,0,1.727168496776681,0.2,0.39269908169872414,9.81,1,1,8,21,41,-3.0,3.0,0.01,30.0,60.0,1e-09,1e-12,6,0.0001,1,new simulation,nan
18,21,0.5141592653589793,0.1499999999999999,0.7999999999999998,rolling,8.699999999999859,-0.18413847591666885,1.7180914863684846,18,18,0,1.7271687570955685,0.2,0.39269908169872414,9.81,1,1,8,21,41,-3.0,3.0,0.01,30.0,60.0,1e-09,1e-12,6,0.0001,1,new simulation,nan
18,22,0.5141592653589793,0.2999999999999998,0.7999999999999998,rolling,8.519999999999863,-0.1887612174162934,1.7229774974480088,18,18,0,1.7271695396792852,0.2,0.39269908169872414,9.81,1,1,8,21,41,-3.0,3.0,0.01,30.0,60.0,1e-09,1e-12,6,0.0001,1,new simulation,nan
18,23,0.5141592653589793,0.44999999999999973,0.7999999999999998,rolling,8.349999999999866,-0.1824821762482837,1.7163669157699057,18,18,0,1.7271708442609095,0.2,0.39269908169872414,9.81,1,1,8,21,41,-3.0,3.0,0.01,30.0,60.0,1e-09,1e-12,6,0.0001,1,new simulation,nan
18,24,0.5141592653589793,0.5999999999999996,0.7999999999999998,rolling,8.19999999999987,-0.18285877662438046,1.7167580589782618,18,18,0,1.7271726705190726,0.2,0.39269908169872414,9.81,1,1,8,21,41,-3.0,3.0,0.01,30.0,60.0,1e-09,1e-12,6,0.0001,1,new simulation,nan
18,25,0.5141592653589793,0.75,0.7999999999999998,rolling,8.069999999999872,-0.18820724806599473,1.7223869355239014,18,18,0,1.7271750189923634,0.2,0.39269908169872414,9.81,1,1,8,21,41,-3.0,3.0,0.01,30.0,60.0,1e-09,1e-12,6,0.0001,1,new simulation,nan
18,26,0.5141592653589793,0.8999999999999999,0.7999999999999998,rolling,7.959999999999875,-0.19055990359793418,1.7249079134114038,18,18,0,1.7271778893094571,0.2,0.39269908169872414,9.81,1,1,8,21,41,-3.0,3.0,0.01,30.0,60.0,1e-09,1e-12,6,0.0001,1,new simulation,nan
18,27,0.5141592653589793,1.0499999999999998,0.7999999999999998,rolling,7.869999999999877,-0.1826114921384688,1.7165020858894249,18,18,0,1.7271812813179512,0.2,0.39269908169872414,9.81,1,1,8,21,41,-3.0,3.0,0.01,30.0,60.0,1e-09,1e-12,6,0.0001,1,new simulation,nan
18,28,0.5141592653589793,1.2000000000000002,0.7999999999999998,rolling,7.789999999999878,-0.17600759584261283,1.7097579289361389,18,18,0,1.7271851937782154,0.2,0.39269908169872414,9.81,1,1,8,21,41,-3.0,3.0,0.01,30.0,60.0,1e-09,1e-12,6,0.0001,1,new simulation,nan
18,29,0.5141592653589793,1.3499999999999996,0.7999999999999998,rolling,7.70999999999988,-0.18375645791813355,1.7176944623756072,18,18,0,1.7271896294788425,0.2,0.39269908169872414,9.81,1,1,8,21,41,-3.0,3.0,0.01,30.0,60.0,1e-09,1e-12,6,0.0001,1,new simulation,nan
18,30,0.5141592653589793,1.5,0.7999999999999998,rolling,7.6399999999998816,-0.18574515465777222,1.7197801033124347,18,18,0,1.72719458685848,0.2,0.39269908169872414,9.81,1,1,8,21,41,-3.0,3.0,0.01,30.0,60.0,1e-09,1e-12,6,0.0001,1,new simulation,nan
18,31,0.5141592653589793,1.6499999999999995,0.7999999999999998,rolling,7.149999999999892,-0.1791344516249947,1.7129227669017701,17,17,0,1.7271718370420288,0.2,0.39269908169872414,9.81,1,1,8,21,41,-3.0,3.0,0.01,30.0,60.0,1e-09,1e-12,6,0.0001,1,new simulation,nan
18,32,0.5141592653589793,1.7999999999999998,0.7999999999999998,rolling,7.089999999999893,-0.18071638871604928,1.7145444649908497,17,17,0,1.7271838375359838,0.2,0.39269908169872414,9.81,1,1,8,21,41,-3.0,3.0,0.01,30.0,60.0,1e-09,1e-12,6,0.0001,1,new simulation,nan
18,33,0.5141592653589793,1.9500000000000002,0.7999999999999998,rolling,6.599999999999904,-0.18801826138408118,1.7221847211498096,16,16,0,1.727165472676818,0.2,0.39269908169872414,9.81,1,1,8,21,41,-3.0,3.0,0.01,30.0,60.0,1e-09,1e-12,6,0.0001,1,new simulation,nan
18,34,0.5141592653589793,2.0999999999999996,0.7999999999999998,rolling,6.549999999999905,-0.18416617246240974,1.7181228270941693,16,16,0,1.7271936496339162,0.2,0.39269908169872414,9.81,1,1,8,21,41,-3.0,3.0,0.01,30.0,60.0,1e-09,1e-12,6,0.0001,1,new simulation,nan
18,35,0.5141592653589793,2.25,0.7999999999999998,rolling,5.209999999999933,-0.18310371728253064,1.7170146945410396,13,13,0,1.7271932626700497,0.2,0.39269908169872414,9.81,1,1,8,21,41,-3.0,3.0,0.01,30.0,60.0,1e-09,1e-12,6,0.0001,1,new simulation,nan
18,36,0.5141592653589793,2.3999999999999995,0.7999999999999998,rolling,6.019999999999916,-0.18927746566188985,1.7235406428650812,15,15,0,1.7272842331090887,0.2,0.39269908169872414,9.81,1,1,8,21,41,-3.0,3.0,0.01,30.0,60.0,1e-09,1e-12,6,0.0001,1,new simulation,nan
18,37,0.5141592653589793,2.55,0.7999999999999998,rolling,6.409999999999908,-0.18124211856949424,1.7150960542592806,16,16,0,1.727290698039667,0.2,0.39269908169872414,9.81,1,1,8,21,41,-3.0,3.0,0.01,30.0,60.0,1e-09,1e-12,6,0.0001,1,new simulation,nan
18,38,0.5141592653589793,2.7,0.7999999999999998,rolling,6.7999999999998995,-0.17646230684958059,1.7102241855629112,17,17,0,1.7272777571342024,0.2,0.39269908169872414,9.81,1,1,8,21,41,-3.0,3.0,0.01,30.0,60.0,1e-09,1e-12,6,0.0001,1,new simulation,nan
18,39,0.5141592653589793,2.8499999999999996,0.7999999999999998,rolling,7.179999999999891,-0.1917674698238464,1.7262203813424042,18,18,0,1.727262678156707,0.2,0.39269908169872414,9.81,1,1,8,21,41,-3.0,3.0,0.01,30.0,60.0,1e-09,1e-12,6,0.0001,1,new simulation,nan
18,40,0.5141592653589793,3.0,0.7999999999999998,rolling,7.139999999999892,-0.19192010483920788,1.7263867329667484,18,18,0,1.7272728522078016,0.2,0.39269908169872414,9.81,1,1,8,21,41,-3.0,3.0,0.01,30.0,60.0,1e-09,1e-12,6,0.0001,1,new simulation,nan
19,0,0.5534291735288517,-3.0,0.8999999999999999,rolling,8.919999999999854,-0.1812767710562802,1.7151196841702658,18,17,1,1.7271645314079054,0.2,0.39269908169872414,9.81,1,1,8,21,41,-3.0,3.0,0.01,30.0,60.0,1e-09,1e-12,6,0.0001,1,new simulation,nan
19,1,0.5534291735288517,-2.85,0.8999999999999999,rolling,8.939999999999854,-0.18006659800409464,1.7138780136098537,19,18,1,1.7271913250821134,0.2,0.39269908169872414,9.81,1,1,8,21,41,-3.0,3.0,0.01,30.0,60.0,1e-09,1e-12,6,0.0001,1,new simulation,nan
19,2,0.5534291735288517,-2.7,0.8999999999999999,rolling,8.829999999999856,-0.19188585859348115,1.7263413880983909,19,18,1,1.727186498411748,0.2,0.39269908169872414,9.81,1,1,8,21,41,-3.0,3.0,0.01,30.0,60.0,1e-09,1e-12,6,0.0001,1,new simulation,nan
19,3,0.5534291735288517,-2.55,0.8999999999999999,rolling,8.819999999999856,-0.17818856816130288,1.7119607752607882,19,18,1,1.7271819327477058,0.2,0.39269908169872414,9.81,1,1,8,21,41,-3.0,3.0,0.01,30.0,60.0,1e-09,1e-12,6,0.0001,1,new simulation,nan
19,4,0.5534291735288517,-2.4,0.8999999999999999,rolling,8.859999999999856,-0.18141593318541008,1.7152644885508057,19,18,1,1.7271776268351386,0.2,0.39269908169872414,9.81,1,1,8,21,41,-3.0,3.0,0.01,30.0,60.0,1e-09,1e-12,6,0.0001,1,new simulation,nan
19,5,0.5534291735288517,-2.25,0.8999999999999999,rolling,8.969999999999853,-0.19173016374769655,1.7261714879924135,19,18,1,1.7271735836712712,0.2,0.39269908169872414,9.81,1,1,8,21,41,-3.0,3.0,0.01,30.0,60.0,1e-09,1e-12,6,0.0001,1,new simulation,nan
19,6,0.5534291735288517,-2.1,0.8999999999999999,rolling,9.259999999999847,-0.1917621407752867,1.7262057596774845,19,18,1,1.7271698010877177,0.2,0.39269908169872414,9.81,1,1,8,21,41,-3.0,3.0,0.01,30.0,60.0,1e-09,1e-12,6,0.0001,1,new simulation,nan
19,7,0.5534291735288517,-1.95,0.8999999999999999,settled,0.9400000000000006,-0.19269908169872418,0.0,2,1,1,nan,0.2,0.39269908169872414,9.81,1,1,8,21,41,-3.0,3.0,0.01,30.0,60.0,1e-09,1e-12,6,0.0001,1,new simulation,nan
19,8,0.5534291735288517,-1.8,0.8999999999999999,settled,1.1200000000000008,-0.19269908169872418,0.0,2,1,1,nan,0.2,0.39269908169872414,9.81,1,1,8,21,41,-3.0,3.0,0.01,30.0,60.0,1e-09,1e-12,6,0.0001,1,new simulation,nan
19,9,0.5534291735288517,-1.6500000000000001,0.8999999999999999,rolling,8.469999999999864,-0.17720545267696874,1.710962840961549,17,17,0,1.7271627453121956,0.2,0.39269908169872414,9.81,1,1,8,21,41,-3.0,3.0,0.01,30.0,60.0,1e-09,1e-12,6,0.0001,1,new simulation,nan
19,10,0.5534291735288517,-1.5,0.8999999999999999,rolling,8.559999999999862,-0.18319540669217524,1.7171097929051566,18,18,0,1.7271900408766447,0.2,0.39269908169872414,9.81,1,1,8,21,41,-3.0,3.0,0.01,30.0,60.0,1e-09,1e-12,6,0.0001,1,new simulation,nan
19,11,0.5534291735288517,-1.35,0.8999999999999999,rolling,8.449999999999864,-0.1900181155896076,1.7243256980694874,18,18,0,1.7271850847481058,0.2,0.39269908169872414,9.81,1,1,8,21,41,-3.0,3.0,0.01,30.0,60.0,1e-09,1e-12,6,0.0001,1,new simulation,nan
19,12,0.5534291735288517,-1.2000000000000002,0.8999999999999999,rolling,8.419999999999865,-0.18237015626479958,1.7162516982534493,18,18,0,1.727180648610095,0.2,0.39269908169872414,9.81,1,1,8,21,41,-3.0,3.0,0.01,30.0,60.0,1e-09,1e-12,6,0.0001,1,new simulation,nan
19,13,0.5534291735288517,-1.05,0.8999999999999999,rolling,8.429999999999865,-0.1861272305676919,1.7201812554401914,18,18,0,1.7271767350036684,0.2,0.39269908169872414,9.81,1,1,8,21,41,-3.0,3.0,0.01,30.0,60.0,1e-09,1e-12,6,0.0001,1,new simulation,nan
19,14,0.5534291735288517,-0.8999999999999999,0.8999999999999999,rolling,8.489999999999863,-0.187286003081114,1.7214071626303904,18,18,0,1.7271733435975636,0.2,0.39269908169872414,9.81,1,1,8,21,41,-3.0,3.0,0.01,30.0,60.0,1e-09,1e-12,6,0.0001,1,new simulation,nan
19,15,0.5534291735288517,-0.75,0.8999999999999999,rolling,8.62999999999986,-0.18857884195364835,1.7227828261328102,18,18,0,1.7271704746412961,0.2,0.39269908169872414,9.81,1,1,8,21,41,-3.0,3.0,0.01,30.0,60.0,1e-09,1e-12,6,0.0001,1,new simulation,nan
19,16,0.5534291735288517,-0.6000000000000001,0.8999999999999999,rolling,9.069999999999851,-0.18947238506823777,1.7237383956338301,18,18,0,1.727168124830081,0.2,0.39269908169872414,9.81,1,1,8,21,41,-3.0,3.0,0.01,30.0,60.0,1e-09,1e-12,6,0.0001,1,new simulation,nan
19,17,0.5534291735288517,-0.4500000000000002,0.8999999999999999,settled,0.25000000000000006,-0.19269908169872418,0.0,1,1,0,nan,0.2,0.39269908169872414,9.81,1,1,8,21,41,-3.0,3.0,0.01,30.0,60.0,1e-09,1e-12,6,0.0001,1,new simulation,nan
19,18,0.5534291735288517,-0.30000000000000027,0.8999999999999999,settled,0.20000000000000004,-0.19269908169872418,0.0,1,1,0,nan,0.2,0.39269908169872414,9.81,1,1,8,21,41,-3.0,3.0,0.01,30.0,60.0,1e-09,1e-12,6,0.0001,1,new simulation,nan
19,19,0.5534291735288517,-0.1499999999999999,0.8999999999999999,settled,0.16,-0.19269908169872418,0.0,1,1,0,nan,0.2,0.39269908169872414,9.81,1,1,8,21,41,-3.0,3.0,0.01,30.0,60.0,1e-09,1e-12,6,0.0001,1,new simulation,nan
19,20,0.5534291735288517,0.0,0.8999999999999999,settled,0.12999999999999998,-0.19269908169872418,0.0,1,1,0,nan,0.2,0.39269908169872414,9.81,1,1,8,21,41,-3.0,3.0,0.01,30.0,60.0,1e-09,1e-12,6,0.0001,1,new simulation,nan
19,21,0.5534291735288517,0.1499999999999999,0.8999999999999999,settled,0.09999999999999999,-0.19269908169872418,0.0,1,1,0,nan,0.2,0.39269908169872414,9.81,1,1,8,21,41,-3.0,3.0,0.01,30.0,60.0,1e-09,1e-12,6,0.0001,1,new simulation,nan
19,22,0.5534291735288517,0.2999999999999998,0.8999999999999999,settled,0.08,-0.19269908169872418,0.0,1,1,0,nan,0.2,0.39269908169872414,9.81,1,1,8,21,41,-3.0,3.0,0.01,30.0,60.0,1e-09,1e-12,6,0.0001,1,new simulation,nan
19,23,0.5534291735288517,0.44999999999999973,0.8999999999999999,settled,0.07,-0.19269908169872418,0.0,1,1,0,nan,0.2,0.39269908169872414,9.81,1,1,8,21,41,-3.0,3.0,0.01,30.0,60.0,1e-09,1e-12,6,0.0001,1,new simulation,nan
19,24,0.5534291735288517,0.5999999999999996,0.8999999999999999,rolling,8.829999999999856,-0.18563144371683818,1.719657815835732,18,18,0,1.727168125054068,0.2,0.39269908169872414,9.81,1,1,8,21,41,-3.0,3.0,0.01,30.0,60.0,1e-09,1e-12,6,0.0001,1,new simulation,nan
19,25,0.5534291735288517,0.75,0.8999999999999999,rolling,8.319999999999867,-0.18787350715351023,1.7220311295185082,18,18,0,1.727170473303697,0.2,0.39269908169872414,9.81,1,1,8,21,41,-3.0,3.0,0.01,30.0,60.0,1e-09,1e-12,6,0.0001,1,new simulation,nan
19,26,0.5534291735288517,0.8999999999999999,0.8999999999999999,rolling,8.109999999999872,-0.17860223891460303,1.7123805341873928,18,18,0,1.727173342667082,0.2,0.39269908169872414,9.81,1,1,8,21,41,-3.0,3.0,0.01,30.0,60.0,1e-09,1e-12,6,0.0001,1,new simulation,nan
19,27,0.5534291735288517,1.0499999999999998,0.8999999999999999,rolling,7.959999999999875,-0.18701200306588175,1.7211169353177838,18,18,0,1.7271767355478553,0.2,0.39269908169872414,9.81,1,1,8,21,41,-3.0,3.0,0.01,30.0,60.0,1e-09,1e-12,6,0.0001,1,new simulation,nan
19,28,0.5534291735288517,1.2000000000000002,0.8999999999999999,rolling,7.849999999999877,-0.1832452956095497,1.7171608225100983,18,18,0,1.7271806483539205,0.2,0.39269908169872414,9.81,1,1,8,21,41,-3.0,3.0,0.01,30.0,60.0,1e-09,1e-12,6,0.0001,1,new simulation,nan
19,29,0.5534291735288517,1.3499999999999996,0.8999999999999999,rolling,7.759999999999879,-0.17811227651941106,1.7118836063308143,18,18,0,1.7271850842572372,0.2,0.39269908169872414,9.81,1,1,8,21,41,-3.0,3.0,0.01,30.0,60.0,1e-09,1e-12,6,0.0001,1,new simulation,nan
19,30,0.5534291735288517,1.5,0.8999999999999999,rolling,7.679999999999881,-0.17742086251528097,1.711183301807687,18,18,0,1.7271900408350624,0.2,0.39269908169872414,9.81,1,1,8,21,41,-3.0,3.0,0.01,30.0,60.0,1e-09,1e-12,6,0.0001,1,new simulation,nan
19,31,0.5534291735288517,1.6499999999999995,0.8999999999999999,rolling,7.169999999999892,-0.19139726966495207,1.7258102152735484,17,17,0,1.7271627462344623,0.2,0.39269908169872414,9.81,1,1,8,21,41,-3.0,3.0,0.01,30.0,60.0,1e-09,1e-12,6,0.0001,1,new simulation,nan
19,32,0.5534291735288517,1.7999999999999998,0.8999999999999999,rolling,7.109999999999893,-0.18304407920761237,1.7169508872610748,17,17,0,1.7271747467174403,0.2,0.39269908169872414,9.81,1,1,8,21,41,-3.0,3.0,0.01,30.0,60.0,1e-09,1e-12,6,0.0001,1,new simulation,nan
19,33,0.5534291735288517,1.9500000000000002,0.8999999999999999,rolling,7.049999999999894,-0.18359386287742724,1.7175246741399361,17,17,0,1.7271877927680521,0.2,0.39269908169872414,9.81,1,1,8,21,41,-3.0,3.0,0.01,30.0,60.0,1e-09,1e-12,6,0.0001,1,new simulation,nan
19,34,0.5534291735288517,2.0999999999999996,0.8999999999999999,rolling,6.559999999999905,-0.19067616951948288,1.7250329591376725,16,16,0,1.7271754689906365,0.2,0.39269908169872414,9.81,1,1,8,21,41,-3.0,3.0,0.01,30.0,60.0,1e-09,1e-12,6,0.0001,1,new simulation,nan
19,35,0.5534291735288517,2.25,0.8999999999999999,rolling,6.079999999999915,-0.18646038187616237,1.720533735902296,15,15,0,1.727183173058046,0.2,0.39269908169872414,9.81,1,1,8,21,41,-3.0,3.0,0.01,30.0,60.0,1e-09,1e-12,6,0.0001,1,new simulation,nan
19,36,0.5534291735288517,2.3999999999999995,0.8999999999999999,rolling,5.599999999999925,-0.1872515022889096,1.7213795494134412,14,14,0,1.7272674542172872,0.2,0.39269908169872414,9.81,1,1,8,21,41,-3.0,3.0,0.01,30.0,60.0,1e-09,1e-12,6,0.0001,1,new simulation,nan
19,37,0.5534291735288517,2.55,0.8999999999999999,rolling,6.419999999999908,-0.17703898711988134,1.710805217287796,16,16,0,1.7272725185596443,0.2,0.39269908169872414,9.81,1,1,8,21,41,-3.0,3.0,0.01,30.0,60.0,1e-09,1e-12,6,0.0001,1,new simulation,nan
19,38,0.5534291735288517,2.7,0.8999999999999999,rolling,6.7999999999998995,-0.1871034546941822,1.721222655137316,17,17,0,1.7272686677717617,0.2,0.39269908169872414,9.81,1,1,8,21,41,-3.0,3.0,0.01,30.0,60.0,1e-09,1e-12,6,0.0001,1,new simulation,nan
19,39,0.5534291735288517,2.8499999999999996,0.8999999999999999,rolling,6.7599999999999,-0.18268850611274337,1.7165922530981916,17,17,0,1.727287971890491,0.2,0.39269908169872414,9.81,1,1,8,21,41,-3.0,3.0,0.01,30.0,60.0,1e-09,1e-12,6,0.0001,1,new simulation,nan
19,40,0.5534291735288517,3.0,0.8999999999999999,rolling,7.149999999999892,-0.18186651593053604,1.7157386388581988,18,18,0,1.7272683068699033,0.2,0.39269908169872414,9.81,1,1,8,21,41,-3.0,3.0,0.01,30.0,60.0,1e-09,1e-12,6,0.0001,1,new simulation,nan
20,0,0.5926990816987241,-3.0,0.9999999999999999,rolling,9.07999999999985,-0.18896800698308183,1.723200862738018,19,18,1,1.72719399056379,0.2,0.39269908169872414,9.81,1,1,8,21,41,-3.0,3.0,0.01,30.0,60.0,1e-09,1e-12,6,0.0001,1,new simulation,nan
20,1,0.5926990816987241,-2.85,0.9999999999999999,rolling,8.889999999999855,-0.1768893946189609,1.7106461641450537,19,18,1,1.72718890333449,0.2,0.39269908169872414,9.81,1,1,8,21,41,-3.0,3.0,0.01,30.0,60.0,1e-09,1e-12,6,0.0001,1,new simulation,nan
20,2,0.5926990816987241,-2.7,0.9999999999999999,rolling,8.829999999999856,-0.1875264412623078,1.7216634548467549,19,18,1,1.7271840763980864,0.2,0.39269908169872414,9.81,1,1,8,21,41,-3.0,3.0,0.01,30.0,60.0,1e-09,1e-12,6,0.0001,1,new simulation,nan
20,3,0.5926990816987241,-2.55,0.9999999999999999,rolling,8.849999999999856,-0.1806764001725229,1.7145029315688571,19,18,1,1.7271795102102325,0.2,0.39269908169872414,9.81,1,1,8,21,41,-3.0,3.0,0.01,30.0,60.0,1e-09,1e-12,6,0.0001,1,new simulation,nan
20,4,0.5926990816987241,-2.4,0.9999999999999999,rolling,8.929999999999854,-0.18746911152107618,1.7216017173134794,19,18,1,1.727175206930676,0.2,0.39269908169872414,9.81,1,1,8,21,41,-3.0,3.0,0.01,30.0,60.0,1e-09,1e-12,6,0.0001,1,new simulation,nan
20,5,0.5926990816987241,-2.25,0.9999999999999999,rolling,9.13999999999985,-0.17989624569211882,1.7137015206107156,19,18,1,1.7271711615763874,0.2,0.39269908169872414,9.81,1,1,8,21,41,-3.0,3.0,0.01,30.0,60.0,1e-09,1e-12,6,0.0001,1,new simulation,nan
20,6,0.5926990816987241,-2.1,0.9999999999999999,settled,0.9500000000000006,-0.19269908169872418,0.0,2,1,1,nan,0.2,0.39269908169872414,9.81,1,1,8,21,41,-3.0,3.0,0.01,30.0,60.0,1e-09,1e-12,6,0.0001,1,new simulation,nan
20,7,0.5926990816987241,-1.95,0.9999999999999999,settled,1.0600000000000007,-0.19269908169872418,0.0,2,1,1,nan,0.2,0.39269908169872414,9.81,1,1,8,21,41,-3.0,3.0,0.01,30.0,60.0,1e-09,1e-12,6,0.0001,1,new simulation,nan
20,8,0.5926990816987241,-1.8,0.9999999999999999,rolling,8.68999999999986,-0.18654566824048327,1.7206221706403757,17,17,0,1.727165060167083,0.2,0.39269908169872414,9.81,1,1,8,21,41,-3.0,3.0,0.01,30.0,60.0,1e-09,1e-12,6,0.0001,1,new simulation,nan
20,9,0.5926990816987241,-1.6500000000000001,0.9999999999999999,rolling,8.60999999999986,-0.17656007812694044,1.7103142878089352,18,18,0,1.7271906758378337,0.2,0.39269908169872414,9.81,1,1,8,21,41,-3.0,3.0,0.01,30.0,60.0,1e-09,1e-12,6,0.0001,1,new simulation,nan
20,10,0.5926990816987241,-1.5,0.9999999999999999,rolling,8.479999999999864,-0.1884029851621053,1.7225965856120415,18,18,0,1.7271851976444266,0.2,0.39269908169872414,9.81,1,1,8,21,41,-3.0,3.0,0.01,30.0,60.0,1e-09,1e-12,6,0.0001,1,new simulation,nan
20,11,0.5926990816987241,-1.35,0.9999999999999999,rolling,8.449999999999864,-0.1828055890225702,1.7167035221077847,18,18,0,1.7271802393299678,0.2,0.39269908169872414,9.81,1,1,8,21,41,-3.0,3.0,0.01,30.0,60.0,1e-09,1e-12,6,0.0001,1,new simulation,nan
20,12,0.5926990816987241,-1.2000000000000002,0.9999999999999999,rolling,8.479999999999864,-0.17941828616551,1.713212986247188,18,18,0,1.7271758046008516,0.2,0.39269908169872414,9.81,1,1,8,21,41,-3.0,3.0,0.01,30.0,60.0,1e-09,1e-12,6,0.0001,1,new simulation,nan
20,13,0.5926990816987241,-1.05,0.9999999999999999,rolling,8.589999999999861,-0.17984169677722073,1.713645725612915,18,18,0,1.7271718905906333,0.2,0.39269908169872414,9.81,1,1,8,21,41,-3.0,3.0,0.01,30.0,60.0,1e-09,1e-12,6,0.0001,1,new simulation,nan
20,14,0.5926990816987241,-0.8999999999999999,0.9999999999999999,rolling,8.979999999999853,-0.18560133561701408,1.7196261534918609,18,18,0,1.7271684993330438,0.2,0.39269908169872414,9.81,1,1,8,21,41,-3.0,3.0,0.01,30.0,60.0,1e-09,1e-12,6,0.0001,1,new simulation,nan
20,15,0.5926990816987241,-0.75,0.9999999999999999,settled,0.2900000000000001,-0.19269908169872418,0.0,1,1,0,nan,0.2,0.39269908169872414,9.81,1,1,8,21,41,-3.0,3.0,0.01,30.0,60.0,1e-09,1e-12,6,0.0001,1,new simulation,nan
20,16,0.5926990816987241,-0.6000000000000001,0.9999999999999999,settled,0.23000000000000007,-0.19269908169872418,0.0,1,1,0,nan,0.2,0.39269908169872414,9.81,1,1,8,21,41,-3.0,3.0,0.01,30.0,60.0,1e-09,1e-12,6,0.0001,1,new simulation,nan
20,17,0.5926990816987241,-0.4500000000000002,0.9999999999999999,settled,0.17,-0.19269908169872418,0.0,1,1,0,nan,0.2,0.39269908169872414,9.81,1,1,8,21,41,-3.0,3.0,0.01,30.0,60.0,1e-09,1e-12,6,0.0001,1,new simulation,nan
20,18,0.5926990816987241,-0.30000000000000027,0.9999999999999999,settled,0.11999999999999998,-0.19269908169872418,0.0,1,1,0,nan,0.2,0.39269908169872414,9.81,1,1,8,21,41,-3.0,3.0,0.01,30.0,60.0,1e-09,1e-12,6,0.0001,1,new simulation,nan
20,19,0.5926990816987241,-0.1499999999999999,0.9999999999999999,settled,0.060000000000000005,-0.19269908169872418,0.0,1,1,0,nan,0.2,0.39269908169872414,9.81,1,1,8,21,41,-3.0,3.0,0.01,30.0,60.0,1e-09,1e-12,6,0.0001,1,new simulation,nan
20,20,0.5926990816987241,0.0,0.9999999999999999,settled,0.01,-0.19269908169872418,0.0,1,1,0,nan,0.2,0.39269908169872414,9.81,1,1,8,21,41,-3.0,3.0,0.01,30.0,60.0,1e-09,1e-12,6,0.0001,1,new simulation,nan
20,21,0.5926990816987241,0.1499999999999999,0.9999999999999999,settled,0.01,-0.19269908169872418,0.0,1,1,0,nan,0.2,0.39269908169872414,9.81,1,1,8,21,41,-3.0,3.0,0.01,30.0,60.0,1e-09,1e-12,6,0.0001,1,new simulation,nan
20,22,0.5926990816987241,0.2999999999999998,0.9999999999999999,settled,0.01,-0.19269908169872418,0.0,1,1,0,nan,0.2,0.39269908169872414,9.81,1,1,8,21,41,-3.0,3.0,0.01,30.0,60.0,1e-09,1e-12,6,0.0001,1,new simulation,nan
20,23,0.5926990816987241,0.44999999999999973,0.9999999999999999,settled,0.01,-0.19269908169872418,0.0,1,1,0,nan,0.2,0.39269908169872414,9.81,1,1,8,21,41,-3.0,3.0,0.01,30.0,60.0,1e-09,1e-12,6,0.0001,1,new simulation,nan
20,24,0.5926990816987241,0.5999999999999996,0.9999999999999999,settled,0.01,-0.19269908169872418,0.0,1,1,0,nan,0.2,0.39269908169872414,9.81,1,1,8,21,41,-3.0,3.0,0.01,30.0,60.0,1e-09,1e-12,6,0.0001,1,new simulation,nan
20,25,0.5926990816987241,0.75,0.9999999999999999,settled,0.01,-0.19269908169872418,0.0,1,1,0,nan,0.2,0.39269908169872414,9.81,1,1,8,21,41,-3.0,3.0,0.01,30.0,60.0,1e-09,1e-12,6,0.0001,1,new simulation,nan
20,26,0.5926990816987241,0.8999999999999999,0.9999999999999999,rolling,8.61999999999986,-0.19089207485820156,1.7252651080568755,18,18,0,1.7271684991527356,0.2,0.39269908169872414,9.81,1,1,8,21,41,-3.0,3.0,0.01,30.0,60.0,1e-09,1e-12,6,0.0001,1,new simulation,nan
20,27,0.5926990816987241,1.0499999999999998,0.9999999999999999,rolling,8.15999999999987,-0.17681593910218504,1.710570413828802,18,18,0,1.7271718909648701,0.2,0.39269908169872414,9.81,1,1,8,21,41,-3.0,3.0,0.01,30.0,60.0,1e-09,1e-12,6,0.0001,1,new simulation,nan
20,28,0.5926990816987241,1.2000000000000002,0.9999999999999999,rolling,7.959999999999875,-0.18374002937106332,1.7176759956758407,18,18,0,1.7271758041456093,0.2,0.39269908169872414,9.81,1,1,8,21,41,-3.0,3.0,0.01,30.0,60.0,1e-09,1e-12,6,0.0001,1,new simulation,nan
20,29,0.5926990816987241,1.3499999999999996,0.9999999999999999,rolling,7.8299999999998775,-0.18161417314888367,1.7154693992341328,18,18,0,1.727180240420137,0.2,0.39269908169872414,9.81,1,1,8,21,41,-3.0,3.0,0.01,30.0,60.0,1e-09,1e-12,6,0.0001,1,new simulation,nan
20,30,0.5926990816987241,1.5,0.9999999999999999,rolling,7.72999999999988,-0.1787919971909682,1.7125748924954254,18,18,0,1.727185196514487,0.2,0.39269908169872414,9.81,1,1,8,21,41,-3.0,3.0,0.01,30.0,60.0,1e-09,1e-12,6,0.0001,1,new simulation,nan
20,31,0.5926990816987241,1.6499999999999995,0.9999999999999999,rolling,7.6399999999998816,-0.1879446254489907,1.7221087413951335,18,18,0,1.7271906763681582,0.2,0.39269908169872414,9.81,1,1,8,21,41,-3.0,3.0,0.01,30.0,60.0,1e-09,1e-12,6,0.0001,1,new simulation,nan
20,32,0.5926990816987241,1.7999999999999998,0.9999999999999999,rolling,7.139999999999892,-0.1810648786192056,1.7149013479344304,17,17,0,1.7271650602320114,0.2,0.39269908169872414,9.81,1,1,8,21,41,-3.0,3.0,0.01,30.0,60.0,1e-09,1e-12,6,0.0001,1,new simulation,nan
20,33,0.5926990816987241,1.9500000000000002,0.9999999999999999,rolling,7.069999999999894,-0.1881844081874471,1.722362891579062,17,17,0,1.7271781048414419,0.2,0.39269908169872414,9.81,1,1,8,21,41,-3.0,3.0,0.01,30.0,60.0,1e-09,1e-12,6,0.0001,1,new simulation,nan
20,34,0.5926990816987241,2.0999999999999996,0.9999999999999999,rolling,7.009999999999895,-0.18810994335123715,1.7222849079739888,17,17,0,1.7271921939163228,0.2,0.39269908169872414,9.81,1,1,8,21,41,-3.0,3.0,0.01,30.0,60.0,1e-09,1e-12,6,0.0001,1,new simulation,nan
20,35,0.5926990816987241,2.25,0.9999999999999999,rolling,6.529999999999905,-0.1780340338885697,1.7118043055703238,16,16,0,1.7271863578625812,0.2,0.39269908169872414,9.81,1,1,8,21,41,-3.0,3.0,0.01,30.0,60.0,1e-09,1e-12,6,0.0001,1,new simulation,nan
20,36,0.5926990816987241,2.3999999999999995,0.9999999999999999,rolling,5.609999999999925,-0.19081419230408214,1.7251831469787233,14,14,0,1.7271899571958922,0.2,0.39269908169872414,9.81,1,1,8,21,41,-3.0,3.0,0.01,30.0,60.0,1e-09,1e-12,6,0.0001,1,new simulation,nan
20,37,0.5926990816987241,2.55,0.9999999999999999,rolling,5.9999999999999165,-0.1763596914809325,1.7101209066283445,15,15,0,1.727277997238894,0.2,0.39269908169872414,9.81,1,1,8,21,41,-3.0,3.0,0.01,30.0,60.0,1e-09,1e-12,6,0.0001,1,new simulation,nan
20,38,0.5926990816987241,2.7,0.9999999999999999,rolling,6.379999999999908,-0.1835052397959512,1.7174420397938903,16,16,0,1.7272896680481618,0.2,0.39269908169872414,9.81,1,1,8,21,41,-3.0,3.0,0.01,30.0,60.0,1e-09,1e-12,6,0.0001,1,new simulation,nan
20,39,0.5926990816987241,2.8499999999999996,0.9999999999999999,rolling,6.7699999999999,-0.17734519084710032,1.7111152329233896,17,17,0,1.7272782848290094,0.2,0.39269908169872414,9.81,1,1,8,21,41,-3.0,3.0,0.01,30.0,60.0,1e-09,1e-12,6,0.0001,1,new simulation,nan
20,40,0.5926990816987241,3.0,0.9999999999999999,rolling,7.149999999999892,-0.19172999432350063,1.7261798688187084,18,18,0,1.7272634639718847,0.2,0.39269908169872414,9.81,1,1,8,21,41,-3.0,3.0,0.01,30.0,60.0,1e-09,1e-12,6,0.0001,1,new simulation,nan
