theta_index,theta_dot_index,theta0,theta_dot0,relative_angle,classification,final_time,final_theta,final_theta_dot,total_impacts,downhill_impacts,uphill_impacts,rolling_speed,gamma,alpha,gravity,length,mass,num_spokes,num_angles,num_speeds,minimum_speed,maximum_speed,timestep,max_time,retry_time,impact_time_tolerance,remaining_time_tolerance,convergence_impacts,speed_tolerance,cache_version,original_source_csv,original_grid_rolling_percent
0,0,-0.14906585039886588,-3.0,-1.0,rolling,8.65999999999986,-0.1320252721687935,1.9339160456276334,24,22,2,1.9459405182315608,0.2,0.3490658503988659,9.81,1,1,9,21,41,-3.0,3.0,0.01,30.0,60.0,1e-09,1e-12,6,0.0001,1,new simulation,nan
0,1,-0.14906585039886588,-2.85,-1.0,rolling,8.68999999999986,-0.14097589828371362,1.9400838714876862,24,22,2,1.945937032440738,0.2,0.3490658503988659,9.81,1,1,9,21,41,-3.0,3.0,0.01,30.0,60.0,1e-09,1e-12,6,0.0001,1,new simulation,nan
0,2,-0.14906585039886588,-2.7,-1.0,rolling,8.779999999999857,-0.13648367055659355,1.9369395992142258,24,22,2,1.9459337249211421,0.2,0.3490658503988659,9.81,1,1,9,21,41,-3.0,3.0,0.01,30.0,60.0,1e-09,1e-12,6,0.0001,1,new simulation,nan
0,3,-0.14906585039886588,-2.55,-1.0,rolling,8.959999999999853,-0.1480813808605799,1.945250493793633,24,22,2,1.9459305960824105,0.2,0.3490658503988659,9.81,1,1,9,21,41,-3.0,3.0,0.01,30.0,60.0,1e-09,1e-12,6,0.0001,1,new simulation,nan
0,4,-0.14906585039886588,-2.4,-1.0,rolling,9.57999999999984,-0.14672777783040747,1.944247116348447,24,22,2,1.945927644591081,0.2,0.3490658503988659,9.81,1,1,9,21,41,-3.0,3.0,0.01,30.0,60.0,1e-09,1e-12,6,0.0001,1,new simulation,nan
0,5,-0.14906585039886588,-2.25,-1.0,settled,1.360000000000001,-0.14906585039886588,0.0,3,1,2,nan,0.2,0.3490658503988659,9.81,1,1,9,21,41,-3.0,3.0,0.01,30.0,60.0,1e-09,1e-12,6,0.0001,1,new simulation,nan
0,6,-0.14906585039886588,-2.1,-1.0,rolling,8.279999999999868,-0.1469159594435369,1.944384871977023,22,21,1,1.9459212721366477,0.2,0.3490658503988659,9.81,1,1,9,21,41,-3.0,3.0,0.01,30.0,60.0,1e-09,1e-12,6,0.0001,1,new simulation,nan
0,7,-0.14906585039886588,-1.95,-1.0,rolling,8.059999999999873,-0.14486023928144393,1.9428752764980526,22,21,1,1.9459142632108877,0.2,0.3490658503988659,9.81,1,1,9,21,41,-3.0,3.0,0.01,30.0,60.0,1e-09,1e-12,6,0.0001,1,new simulation,nan
0,8,-0.14906585039886588,-1.8,-1.0,rolling,7.9699999999998745,-0.13371765564118362,1.9350471097285842,22,21,1,1.9459077723645581,0.2,0.3490658503988659,9.81,1,1,9,21,41,-3.0,3.0,0.01,30.0,60.0,1e-09,1e-12,6,0.0001,1,new simulation,nan
0,9,-0.14906585039886588,-1.6500000000000001,-1.0,rolling,8.259999999999868,-0.14059402135367183,1.9398136601391087,23,22,1,1.9459412445340083,0.2,0.3490658503988659,9.81,1,1,9,21,41,-3.0,3.0,0.01,30.0,60.0,1e-09,1e-12,6,0.0001,1,new simulation,nan
0,10,-0.14906585039886588,-1.5,-1.0,rolling,8.249999999999869,-0.13338265102133084,1.9348264331421043,23,22,1,1.9459380472245227,0.2,0.3490658503988659,9.81,1,1,9,21,41,-3.0,3.0,0.01,30.0,60.0,1e-09,1e-12,6,0.0001,1,new simulation,nan
0,11,-0.14906585039886588,-1.35,-1.0,rolling,8.259999999999868,-0.14104835710134378,1.9401350263816584,23,22,1,1.9459351528983688,0.2,0.3490658503988659,9.81,1,1,9,21,41,-3.0,3.0,0.01,30.0,60.0,1e-09,1e-12,6,0.0001,1,new simulation,nan
0,12,-0.14906585039886588,-1.2000000000000002,-1.0,rolling,8.309999999999867,-0.13398327007541827,1.9352312886814365,23,22,1,1.9459325627371076,0.2,0.3490658503988659,9.81,1,1,9,21,41,-3.0,3.0,0.01,30.0,60.0,1e-09,1e-12,6,0.0001,1,new simulation,nan
0,13,-0.14906585039886588,-1.05,-1.0,rolling,8.409999999999865,-0.1316779721657463,1.9336825673702747,23,22,1,1.9459302778673937,0.2,0.3490658503988659,9.81,1,1,9,21,41,-3.0,3.0,0.01,30.0,60.0,1e-09,1e-12,6,0.0001,1,new simulation,nan
0,14,-0.14906585039886588,-0.8999999999999999,-1.0,rolling,8.63999999999986,-0.14677356007385986,1.9442810130928248,23,22,1,1.945928296874479,0.2,0.3490658503988659,9.81,1,1,9,21,41,-3.0,3.0,0.01,30.0,60.0,1e-09,1e-12,6,0.0001,1,new simulation,nan
0,15,-0.14906585039886588,-0.75,-1.0,settled,0.24000000000000007,-0.14906585039886588,0.0,2,1,1,nan,0.2,0.3490658503988659,9.81,1,1,9,21,41,-3.0,3.0,0.01,30.0,60.0,1e-09,1e-12,6,0.0001,1,new simulation,nan
0,16,-0.14906585039886588,-0.6000000000000001,-1.0,settled,0.19000000000000003,-0.14906585039886588,0.0,2,1,1,nan,0.2,0.3490658503988659,9.81,1,1,9,21,41,-3.0,3.0,0.01,30.0,60.0,1e-09,1e-12,6,0.0001,1,new simulation,nan
0,17,-0.14906585039886588,-0.4500000000000002,-1.0,settled,0.13999999999999999,-0.14906585039886588,0.0,2,1,1,nan,0.2,0.3490658503988659,9.81,1,1,9,21,41,-3.0,3.0,0.01,30.0,60.0,1e-09,1e-12,6,0.0001,1,new simulation,nan
0,18,-0.14906585039886588,-0.30000000000000027,-1.0,settled,0.09999999999999999,-0.14906585039886588,0.0,2,1,1,nan,0.2,0.3490658503988659,9.81,1,1,9,21,41,-3.0,3.0,0.01,30.0,60.0,1e-09,1e-12,6,0.0001,1,new simulation,nan
0,19,-0.14906585039886588,-0.1499999999999999,-1.0,settled,0.05,-0.14906585039886588,0.0,2,1,1,nan,0.2,0.3490658503988659,9.81,1,1,9,21,41,-3.0,3.0,0.01,30.0,60.0,1e-09,1e-12,6,0.0001,1,new simulation,nan
0,20,-0.14906585039886588,0.0,-1.0,settled,0.01,-0.14906585039886588,0.0,2,1,1,nan,0.2,0.3490658503988659,9.81,1,1,9,21,41,-3.0,3.0,0.01,30.0,60.0,1e-09,1e-12,6,0.0001,1,new simulation,nan
0,21,-0.14906585039886588,0.1499999999999999,-1.0,settled,0.26000000000000006,-0.14906585039886588,0.0,2,1,1,nan,0.2,0.3490658503988659,9.81,1,1,9,21,41,-3.0,3.0,0.01,30.0,60.0,1e-09,1e-12,6,0.0001,1,new simulation,nan
0,22,-0.14906585039886588,0.2999999999999998,-1.0,settled,0.5800000000000003,-0.14906585039886588,0.0,2,1,1,nan,0.2,0.3490658503988659,9.81,1,1,9,21,41,-3.0,3.0,0.01,30.0,60.0,1e-09,1e-12,6,0.0001,1,new simulation,nan
0,23,-0.14906585039886588,0.44999999999999973,-1.0,settled,1.430000000000001,-0.14906585039886588,0.0,2,1,1,nan,0.2,0.3490658503988659,9.81,1,1,9,21,41,-3.0,3.0,0.01,30.0,60.0,1e-09,1e-12,6,0.0001,1,new simulation,nan
0,24,-0.14906585039886588,0.5999999999999996,-1.0,rolling,8.099999999999872,-0.14888825295388983,1.945852256261559,21,21,0,1.9459298911177616,0.2,0.3490658503988659,9.81,1,1,9,21,41,-3.0,3.0,0.01,30.0,60.0,1e-09,1e-12,6,0.0001,1,new simulation,nan
0,25,-0.14906585039886588,0.75,-1.0,rolling,7.849999999999877,-0.13205013157709009,1.9339314469310296,21,21,0,1.9459338727082602,0.2,0.3490658503988659,9.81,1,1,9,21,41,-3.0,3.0,0.01,30.0,60.0,1e-09,1e-12,6,0.0001,1,new simulation,nan
0,26,-0.14906585039886588,0.8999999999999999,-1.0,rolling,7.6899999999998805,-0.1393984182984692,1.9389693151189273,21,21,0,1.945938738760413,0.2,0.3490658503988659,9.81,1,1,9,21,41,-3.0,3.0,0.01,30.0,60.0,1e-09,1e-12,6,0.0001,1,new simulation,nan
0,27,-0.14906585039886588,1.0499999999999998,-1.0,rolling,7.22999999999989,-0.14637707673894657,1.943985042741439,20,20,0,1.9459073295913105,0.2,0.3490658503988659,9.81,1,1,9,21,41,-3.0,3.0,0.01,30.0,60.0,1e-09,1e-12,6,0.0001,1,new simulation,nan
0,28,-0.14906585039886588,1.2000000000000002,-1.0,rolling,7.139999999999892,-0.1332491378181249,1.9347329386126721,20,20,0,1.945918636754344,0.2,0.3490658503988659,9.81,1,1,9,21,41,-3.0,3.0,0.01,30.0,60.0,1e-09,1e-12,6,0.0001,1,new simulation,nan
0,29,-0.14906585039886588,1.3499999999999996,-1.0,rolling,7.049999999999894,-0.14484319316223376,1.9428659499893592,20,20,0,1.9459314521464695,0.2,0.3490658503988659,9.81,1,1,9,21,41,-3.0,3.0,0.01,30.0,60.0,1e-09,1e-12,6,0.0001,1,new simulation,nan
0,30,-0.14906585039886588,1.5,-1.0,rolling,6.639999999999903,-0.13640527098467628,1.9368812153930377,19,19,0,1.9459095212930688,0.2,0.3490658503988659,9.81,1,1,9,21,41,-3.0,3.0,0.01,30.0,60.0,1e-09,1e-12,6,0.0001,1,new simulation,nan
0,31,-0.14906585039886588,1.6499999999999995,-1.0,rolling,6.569999999999904,-0.13885433298179617,1.9385871301983024,19,19,0,1.9459364965485528,0.2,0.3490658503988659,9.81,1,1,9,21,41,-3.0,3.0,0.01,30.0,60.0,1e-09,1e-12,6,0.0001,1,new simulation,nan
0,32,-0.14906585039886588,1.7999999999999998,-1.0,rolling,5.82999999999992,-0.1352015476126896,1.9360551024986152,17,17,0,1.9459065939430762,0.2,0.3490658503988659,9.81,1,1,9,21,41,-3.0,3.0,0.01,30.0,60.0,1e-09,1e-12,6,0.0001,1,new simulation,nan
0,33,-0.14906585039886588,1.9500000000000002,-1.0,rolling,3.7299999999999645,-0.1464700184297319,1.944081059866086,11,11,0,1.9460605689165442,0.2,0.3490658503988659,9.81,1,1,9,21,41,-3.0,3.0,0.01,30.0,60.0,1e-09,1e-12,6,0.0001,1,new simulation,nan
0,34,-0.14906585039886588,2.0999999999999996,-1.0,rolling,6.0499999999999154,-0.14193387551508743,1.94078846887029,18,18,0,1.9460578784504101,0.2,0.3490658503988659,9.81,1,1,9,21,41,-3.0,3.0,0.01,30.0,60.0,1e-09,1e-12,6,0.0001,1,new simulation,nan
0,35,-0.14906585039886588,2.25,-1.0,rolling,6.339999999999909,-0.13410399051062716,1.9353379386449705,19,19,0,1.94607008158182,0.2,0.3490658503988659,9.81,1,1,9,21,41,-3.0,3.0,0.01,30.0,60.0,1e-09,1e-12,6,0.0001,1,new simulation,nan
0,36,-0.14906585039886588,2.3999999999999995,-1.0,rolling,6.629999999999903,-0.13126171215062757,1.9334298027977321,20,20,0,1.9460633600137893,0.2,0.3490658503988659,9.81,1,1,9,21,41,-3.0,3.0,0.01,30.0,60.0,1e-09,1e-12,6,0.0001,1,new simulation,nan
0,37,-0.14906585039886588,2.55,-1.0,rolling,6.579999999999904,-0.134546965317865,1.9356419052269909,20,20,0,1.9460882333429679,0.2,0.3490658503988659,9.81,1,1,9,21,41,-3.0,3.0,0.01,30.0,60.0,1e-09,1e-12,6,0.0001,1,new simulation,nan
0,38,-0.14906585039886588,2.7,-1.0,rolling,6.869999999999898,-0.1400483839974759,1.9394502287323105,21,21,0,1.9460661277913072,0.2,0.3490658503988659,9.81,1,1,9,21,41,-3.0,3.0,0.01,30.0,60.0,1e-09,1e-12,6,0.0001,1,new simulation,nan
0,39,-0.14906585039886588,2.8499999999999996,-1.0,rolling,6.829999999999899,-0.13147072942327706,1.9335721773944095,21,21,0,1.9460824929788396,0.2,0.3490658503988659,9.81,1,1,9,21,41,-3.0,3.0,0.01,30.0,60.0,1e-09,1e-12,6,0.0001,1,new simulation,nan
0,40,-0.14906585039886588,3.0,-1.0,rolling,7.119999999999893,-0.14377476526144992,1.9421126821856147,22,22,0,1.9460574022999226,0.2,0.3490658503988659,9.81,1,1,9,21,41,-3.0,3.0,0.01,30.0,60.0,1e-09,1e-12,6,0.0001,1,new simulation,nan
1,0,-0.1141592653589793,-3.0,-0.9,rolling,8.66999999999986,-0.13305671753366805,1.9346074288759436,24,22,2,1.9459408749634124,0.2,0.3490658503988659,9.81,1,1,9,21,41,-3.0,3.0,0.01,30.0,60.0,1e-09,1e-12,6,0.0001,1,new simulation,nan
1,1,-0.1141592653589793,-2.85,-0.9,rolling,8.699999999999859,-0.134062357957237,1.9352857311013074,24,22,2,1.945937389072727,0.2,0.3490658503988659,9.81,1,1,9,21,41,-3.0,3.0,0.01,30.0,60.0,1e-09,1e-12,6,0.0001,1,new simulation,nan
1,2,-0.1141592653589793,-2.7,-0.9,rolling,8.779999999999857,-0.13596426772856815,1.9365823856986941,24,22,2,1.945934082154231,0.2,0.3490658503988659,9.81,1,1,9,21,41,-3.0,3.0,0.01,30.0,60.0,1e-09,1e-12,6,0.0001,1,new simulation,nan
1,3,-0.1141592653589793,-2.55,-0.9,rolling,8.949999999999854,-0.13465574943854283,1.9356874510569944,24,22,2,1.9459309538884444,0.2,0.3490658503988659,9.81,1,1,9,21,41,-3.0,3.0,0.01,30.0,60.0,1e-09,1e-12,6,0.0001,1,new simulation,nan
1,4,-0.1141592653589793,-2.4,-0.9,rolling,9.429999999999843,-0.14085761926828266,1.9399982415176935,24,22,2,1.9459280034097304,0.2,0.3490658503988659,9.81,1,1,9,21,41,-3.0,3.0,0.01,30.0,60.0,1e-09,1e-12,6,0.0001,1,new simulation,nan
1,5,-0.1141592653589793,-2.25,-0.9,settled,1.2500000000000009,-0.14906585039886588,0.0,3,1,2,nan,0.2,0.3490658503988659,9.81,1,1,9,21,41,-3.0,3.0,0.01,30.0,60.0,1e-09,1e-12,6,0.0001,1,new simulation,nan
1,6,-0.1141592653589793,-2.1,-0.9,rolling,8.359999999999866,-0.13711492257434363,1.937373485914963,22,21,1,1.945922308801519,0.2,0.3490658503988659,9.81,1,1,9,21,41,-3.0,3.0,0.01,30.0,60.0,1e-09,1e-12,6,0.0001,1,new simulation,nan
1,7,-0.1141592653589793,-1.95,-0.9,rolling,8.099999999999872,-0.14433686473564103,1.9424946347836591,22,21,1,1.9459152991150408,0.2,0.3490658503988659,9.81,1,1,9,21,41,-3.0,3.0,0.01,30.0,60.0,1e-09,1e-12,6,0.0001,1,new simulation,nan
1,8,-0.1141592653589793,-1.8,-0.9,rolling,7.999999999999874,-0.13522770442991539,1.9360733702188107,22,21,1,1.945908810227073,0.2,0.3490658503988659,9.81,1,1,9,21,41,-3.0,3.0,0.01,30.0,60.0,1e-09,1e-12,6,0.0001,1,new simulation,nan
1,9,-0.1141592653589793,-1.6500000000000001,-0.9,rolling,8.289999999999868,-0.13395093421632098,1.9352110741461979,23,22,1,1.9459418543656433,0.2,0.3490658503988659,9.81,1,1,9,21,41,-3.0,3.0,0.01,30.0,60.0,1e-09,1e-12,6,0.0001,1,new simulation,nan
1,10,-0.1141592653589793,-1.5,-0.9,rolling,8.269999999999868,-0.1402899396954683,1.9395979197213256,23,22,1,1.9459386543434185,0.2,0.3490658503988659,9.81,1,1,9,21,41,-3.0,3.0,0.01,30.0,60.0,1e-09,1e-12,6,0.0001,1,new simulation,nan
1,11,-0.1141592653589793,-1.35,-0.9,rolling,8.279999999999868,-0.14112697983645736,1.9401910364001924,23,22,1,1.9459357601635174,0.2,0.3490658503988659,9.81,1,1,9,21,41,-3.0,3.0,0.01,30.0,60.0,1e-09,1e-12,6,0.0001,1,new simulation,nan
1,12,-0.1141592653589793,-1.2000000000000002,-0.9,rolling,8.319999999999867,-0.14094846272981937,1.9400636856637954,23,22,1,1.9459331714059172,0.2,0.3490658503988659,9.81,1,1,9,21,41,-3.0,3.0,0.01,30.0,60.0,1e-09,1e-12,6,0.0001,1,new simulation,nan
1,13,-0.1141592653589793,-1.05,-0.9,rolling,8.399999999999865,-0.14572618772690982,1.9435112068476499,23,22,1,1.9459308858859607,0.2,0.3490658503988659,9.81,1,1,9,21,41,-3.0,3.0,0.01,30.0,60.0,1e-09,1e-12,6,0.0001,1,new simulation,nan
1,14,-0.1141592653589793,-0.8999999999999999,-0.9,rolling,8.569999999999862,-0.14836308339822238,1.9454599779732276,23,22,1,1.9459289046639574,0.2,0.3490658503988659,9.81,1,1,9,21,41,-3.0,3.0,0.01,30.0,60.0,1e-09,1e-12,6,0.0001,1,new simulation,nan
1,15,-0.1141592653589793,-0.75,-0.9,rolling,9.329999999999846,-0.14712825529222653,1.944542845865344,23,22,1,1.9459272302060258,0.2,0.3490658503988659,9.81,1,1,9,21,41,-3.0,3.0,0.01,30.0,60.0,1e-09,1e-12,6,0.0001,1,new simulation,nan
1,16,-0.1141592653589793,-0.6000000000000001,-0.9,settled,0.2700000000000001,-0.14906585039886588,0.0,2,1,1,nan,0.2,0.3490658503988659,9.81,1,1,9,21,41,-3.0,3.0,0.01,30.0,60.0,1e-09,1e-12,6,0.0001,1,new simulation,nan
1,17,-0.1141592653589793,-0.4500000000000002,-0.9,settled,0.24000000000000007,-0.14906585039886588,0.0,2,1,1,nan,0.2,0.3490658503988659,9.81,1,1,9,21,41,-3.0,3.0,0.01,30.0,60.0,1e-09,1e-12,6,0.0001,1,new simulation,nan
1,18,-0.1141592653589793,-0.30000000000000027,-0.9,settled,0.23000000000000007,-0.14906585039886588,0.0,2,1,1,nan,0.2,0.3490658503988659,9.81,1,1,9,21,41,-3.0,3.0,0.01,30.0,60.0,1e-09,1e-12,6,0.0001,1,new simulation,nan
1,19,-0.1141592653589793,-0.1499999999999999,-0.9,settled,0.25000000000000006,-0.14906585039886588,0.0,2,1,1,nan,0.2,0.3490658503988659,9.81,1,1,9,21,41,-3.0,3.0,0.01,30.0,60.0,1e-09,1e-12,6,0.0001,1,new simulation,nan
1,20,-0.1141592653589793,0.0,-0.9,settled,0.34000000000000014,-0.14906585039886588,0.0,2,1,1,nan,0.2,0.3490658503988659,9.81,1,1,9,21,41,-3.0,3.0,0.01,30.0,60.0,1e-09,1e-12,6,0.0001,1,new simulation,nan
1,21,-0.1141592653589793,0.1499999999999999,-0.9,settled,0.5400000000000003,-0.14906585039886588,0.0,2,1,1,nan,0.2,0.3490658503988659,9.81,1,1,9,21,41,-3.0,3.0,0.01,30.0,60.0,1e-09,1e-12,6,0.0001,1,new simulation,nan
1,22,-0.1141592653589793,0.2999999999999998,-0.9,settled,1.0100000000000007,-0.14906585039886588,0.0,2,1,1,nan,0.2,0.3490658503988659,9.81,1,1,9,21,41,-3.0,3.0,0.01,30.0,60.0,1e-09,1e-12,6,0.0001,1,new simulation,nan
1,23,-0.1141592653589793,0.44999999999999973,-0.9,rolling,8.229999999999869,-0.13546957993809866,1.9362423087855212,21,21,0,1.9459285633117676,0.2,0.3490658503988659,9.81,1,1,9,21,41,-3.0,3.0,0.01,30.0,60.0,1e-09,1e-12,6,0.0001,1,new simulation,nan
1,24,-0.1141592653589793,0.5999999999999996,-0.9,rolling,7.909999999999876,-0.13130868977142512,1.9334371639477912,21,21,0,1.9459316578007977,0.2,0.3490658503988659,9.81,1,1,9,21,41,-3.0,3.0,0.01,30.0,60.0,1e-09,1e-12,6,0.0001,1,new simulation,nan
1,25,-0.1141592653589793,0.75,-0.9,rolling,7.72999999999988,-0.14811654938430147,1.945277572016986,21,21,0,1.9459356395251737,0.2,0.3490658503988659,9.81,1,1,9,21,41,-3.0,3.0,0.01,30.0,60.0,1e-09,1e-12,6,0.0001,1,new simulation,nan
1,26,-0.1141592653589793,0.8999999999999999,-0.9,rolling,7.609999999999882,-0.14164795234543132,1.9405630519306616,21,21,0,1.9459405051604575,0.2,0.3490658503988659,9.81,1,1,9,21,41,-3.0,3.0,0.01,30.0,60.0,1e-09,1e-12,6,0.0001,1,new simulation,nan
1,27,-0.1141592653589793,1.0499999999999998,-0.9,rolling,7.169999999999892,-0.14382008603096563,1.942118983146394,20,20,0,1.945910341273951,0.2,0.3490658503988659,9.81,1,1,9,21,41,-3.0,3.0,0.01,30.0,60.0,1e-09,1e-12,6,0.0001,1,new simulation,nan
1,28,-0.1141592653589793,1.2000000000000002,-0.9,rolling,7.089999999999893,-0.13264219345533845,1.93432550574119,20,20,0,1.9459216479669283,0.2,0.3490658503988659,9.81,1,1,9,21,41,-3.0,3.0,0.01,30.0,60.0,1e-09,1e-12,6,0.0001,1,new simulation,nan
1,29,-0.1141592653589793,1.3499999999999996,-0.9,rolling,7.009999999999895,-0.13958671306768122,1.9391009975077496,20,20,0,1.9459344634030495,0.2,0.3490658503988659,9.81,1,1,9,21,41,-3.0,3.0,0.01,30.0,60.0,1e-09,1e-12,6,0.0001,1,new simulation,nan
1,30,-0.1141592653589793,1.5,-0.9,rolling,6.599999999999904,-0.14201242547979345,1.9408188207956223,19,19,0,1.9459146506200027,0.2,0.3490658503988659,9.81,1,1,9,21,41,-3.0,3.0,0.01,30.0,60.0,1e-09,1e-12,6,0.0001,1,new simulation,nan
1,31,-0.1141592653589793,1.6499999999999995,-0.9,rolling,6.539999999999905,-0.1334353081697062,1.9348625917440607,19,19,0,1.945941626570563,0.2,0.3490658503988659,9.81,1,1,9,21,41,-3.0,3.0,0.01,30.0,60.0,1e-09,1e-12,6,0.0001,1,new simulation,nan
1,32,-0.1141592653589793,1.7999999999999998,-0.9,rolling,5.799999999999921,-0.13642051219470333,1.936893874370293,17,17,0,1.9459214941052505,0.2,0.3490658503988659,9.81,1,1,9,21,41,-3.0,3.0,0.01,30.0,60.0,1e-09,1e-12,6,0.0001,1,new simulation,nan
1,33,-0.1141592653589793,1.9500000000000002,-0.9,rolling,4.719999999999944,-0.14793146835173945,1.9451665675010177,14,14,0,1.946083780836726,0.2,0.3490658503988659,9.81,1,1,9,21,41,-3.0,3.0,0.01,30.0,60.0,1e-09,1e-12,6,0.0001,1,new simulation,nan
1,34,-0.1141592653589793,2.0999999999999996,-0.9,rolling,6.029999999999916,-0.13368784749554455,1.9350556993052406,18,18,0,1.9460666205884625,0.2,0.3490658503988659,9.81,1,1,9,21,41,-3.0,3.0,0.01,30.0,60.0,1e-09,1e-12,6,0.0001,1,new simulation,nan
1,35,-0.1141592653589793,2.25,-0.9,rolling,6.30999999999991,-0.14905859863220863,1.946005852188705,19,19,0,1.9460752115055395,0.2,0.3490658503988659,9.81,1,1,9,21,41,-3.0,3.0,0.01,30.0,60.0,1e-09,1e-12,6,0.0001,1,new simulation,nan
1,36,-0.1141592653589793,2.3999999999999995,-0.9,rolling,6.6099999999999035,-0.1300731013619719,1.9326443890471379,20,20,0,1.9460663703216092,0.2,0.3490658503988659,9.81,1,1,9,21,41,-3.0,3.0,0.01,30.0,60.0,1e-09,1e-12,6,0.0001,1,new simulation,nan
1,37,-0.1141592653589793,2.55,-0.9,rolling,6.899999999999897,-0.13444032908129108,1.9355629590907273,21,21,0,1.9460524150290806,0.2,0.3490658503988659,9.81,1,1,9,21,41,-3.0,3.0,0.01,30.0,60.0,1e-09,1e-12,6,0.0001,1,new simulation,nan
1,38,-0.1141592653589793,2.7,-0.9,rolling,6.849999999999898,-0.14413948960090506,1.942378851435935,21,21,0,1.9460678946788097,0.2,0.3490658503988659,9.81,1,1,9,21,41,-3.0,3.0,0.01,30.0,60.0,1e-09,1e-12,6,0.0001,1,new simulation,nan
1,39,-0.1141592653589793,2.8499999999999996,-0.9,rolling,6.809999999999899,-0.13771607865385888,1.9378196678961324,21,21,0,1.946084258270619,0.2,0.3490658503988659,9.81,1,1,9,21,41,-3.0,3.0,0.01,30.0,60.0,1e-09,1e-12,6,0.0001,1,new simulation,nan
1,40,-0.1141592653589793,3.0,-0.9,rolling,7.109999999999893,-0.13257042512468833,1.9343021318867977,22,22,0,1.9460584378608516,0.2,0.3490658503988659,9.81,1,1,9,21,41,-3.0,3.0,0.01,30.0,60.0,1e-09,1e-12,6,0.0001,1,new simulation,nan
2,0,-0.0792526803190927,-3.0,-0.8,rolling,8.67999999999986,-0.13509021303464178,1.9359853380371226,24,22,2,1.9459411380491394,0.2,0.3490658503988659,9.81,1,1,9,21,41,-3.0,3.0,0.01,30.0,60.0,1e-09,1e-12,6,0.0001,1,new simulation,nan
2,1,-0.0792526803190927,-2.85,-0.8,rolling,8.709999999999859,-0.13074112390185125,1.9330619704143246,24,22,2,1.945937651513958,0.2,0.3490658503988659,9.81,1,1,9,21,41,-3.0,3.0,0.01,30.0,60.0,1e-09,1e-12,6,0.0001,1,new simulation,nan
2,2,-0.0792526803190927,-2.7,-0.8,rolling,8.779999999999857,-0.1434371238895041,1.9418464082393634,24,22,2,1.9459343442555666,0.2,0.3490658503988659,9.81,1,1,9,21,41,-3.0,3.0,0.01,30.0,60.0,1e-09,1e-12,6,0.0001,1,new simulation,nan
2,3,-0.0792526803190927,-2.55,-0.8,rolling,8.939999999999854,-0.14087932468803308,1.9400142307436186,24,22,2,1.9459312166024505,0.2,0.3490658503988659,9.81,1,1,9,21,41,-3.0,3.0,0.01,30.0,60.0,1e-09,1e-12,6,0.0001,1,new simulation,nan
2,4,-0.0792526803190927,-2.4,-0.8,rolling,9.359999999999845,-0.13771498484799802,1.9377907307815267,24,22,2,1.9459282653780885,0.2,0.3490658503988659,9.81,1,1,9,21,41,-3.0,3.0,0.01,30.0,60.0,1e-09,1e-12,6,0.0001,1,new simulation,nan
2,5,-0.0792526803190927,-2.25,-0.8,settled,1.2100000000000009,-0.14906585039886588,0.0,3,1,2,nan,0.2,0.3490658503988659,9.81,1,1,9,21,41,-3.0,3.0,0.01,30.0,60.0,1e-09,1e-12,6,0.0001,1,new simulation,nan
2,6,-0.0792526803190927,-2.1,-0.8,rolling,8.429999999999865,-0.1348900507245529,1.9358455682511178,22,21,1,1.945923071843988,0.2,0.3490658503988659,9.81,1,1,9,21,41,-3.0,3.0,0.01,30.0,60.0,1e-09,1e-12,6,0.0001,1,new simulation,nan
2,7,-0.0792526803190927,-1.95,-0.8,rolling,8.139999999999871,-0.13552382686033912,1.9362771737800324,22,21,1,1.9459160626165513,0.2,0.3490658503988659,9.81,1,1,9,21,41,-3.0,3.0,0.01,30.0,60.0,1e-09,1e-12,6,0.0001,1,new simulation,nan
2,8,-0.0792526803190927,-1.8,-0.8,rolling,8.029999999999873,-0.13207549738378105,1.9339439919793946,22,21,1,1.945909573155312,0.2,0.3490658503988659,9.81,1,1,9,21,41,-3.0,3.0,0.01,30.0,60.0,1e-09,1e-12,6,0.0001,1,new simulation,nan
2,9,-0.0792526803190927,-1.6500000000000001,-0.8,rolling,8.309999999999867,-0.1446089498214345,1.9426973186858976,23,22,1,1.9459423012739119,0.2,0.3490658503988659,9.81,1,1,9,21,41,-3.0,3.0,0.01,30.0,60.0,1e-09,1e-12,6,0.0001,1,new simulation,nan
2,10,-0.0792526803190927,-1.5,-0.8,rolling,8.289999999999868,-0.14770873281365607,1.9449750796725844,23,22,1,1.9459391020547399,0.2,0.3490658503988659,9.81,1,1,9,21,41,-3.0,3.0,0.01,30.0,60.0,1e-09,1e-12,6,0.0001,1,new simulation,nan
2,11,-0.0792526803190927,-1.35,-0.8,rolling,8.299999999999867,-0.14522143481007846,1.9431428026467825,23,22,1,1.9459362075555404,0.2,0.3490658503988659,9.81,1,1,9,21,41,-3.0,3.0,0.01,30.0,60.0,1e-09,1e-12,6,0.0001,1,new simulation,nan
2,12,-0.0792526803190927,-1.2000000000000002,-0.8,rolling,8.339999999999867,-0.13893992169876918,1.9386465721668078,23,22,1,1.9459336186367882,0.2,0.3490658503988659,9.81,1,1,9,21,41,-3.0,3.0,0.01,30.0,60.0,1e-09,1e-12,6,0.0001,1,new simulation,nan
2,13,-0.0792526803190927,-1.05,-0.8,rolling,8.409999999999865,-0.14749116291899808,1.94481229061358,23,22,1,1.9459313334985389,0.2,0.3490658503988659,9.81,1,1,9,21,41,-3.0,3.0,0.01,30.0,60.0,1e-09,1e-12,6,0.0001,1,new simulation,nan
2,14,-0.0792526803190927,-0.8999999999999999,-0.8,rolling,8.559999999999862,-0.13435065855907155,1.9354798078014952,23,22,1,1.9459293532078814,0.2,0.3490658503988659,9.81,1,1,9,21,41,-3.0,3.0,0.01,30.0,60.0,1e-09,1e-12,6,0.0001,1,new simulation,nan
2,15,-0.0792526803190927,-0.75,-0.8,rolling,8.939999999999854,-0.13284321706726035,1.9344615265443843,23,22,1,1.9459276775520724,0.2,0.3490658503988659,9.81,1,1,9,21,41,-3.0,3.0,0.01,30.0,60.0,1e-09,1e-12,6,0.0001,1,new simulation,nan
2,16,-0.0792526803190927,-0.6000000000000001,-0.8,settled,0.3300000000000001,-0.14906585039886588,0.0,2,1,1,nan,0.2,0.3490658503988659,9.81,1,1,9,21,41,-3.0,3.0,0.01,30.0,60.0,1e-09,1e-12,6,0.0001,1,new simulation,nan
2,17,-0.0792526803190927,-0.4500000000000002,-0.8,settled,0.3200000000000001,-0.14906585039886588,0.0,2,1,1,nan,0.2,0.3490658503988659,9.81,1,1,9,21,41,-3.0,3.0,0.01,30.0,60.0,1e-09,1e-12,6,0.0001,1,new simulation,nan
2,18,-0.0792526803190927,-0.30000000000000027,-0.8,settled,0.34000000000000014,-0.14906585039886588,0.0,2,1,1,nan,0.2,0.3490658503988659,9.81,1,1,9,21,41,-3.0,3.0,0.01,30.0,60.0,1e-09,1e-12,6,0.0001,1,new simulation,nan
2,19,-0.0792526803190927,-0.1499999999999999,-0.8,settled,0.3900000000000002,-0.14906585039886588,0.0,2,1,1,nan,0.2,0.3490658503988659,9.81,1,1,9,21,41,-3.0,3.0,0.01,30.0,60.0,1e-09,1e-12,6,0.0001,1,new simulation,nan
2,20,-0.0792526803190927,0.0,-0.8,settled,0.5200000000000002,-0.14906585039886588,0.0,2,1,1,nan,0.2,0.3490658503988659,9.81,1,1,9,21,41,-3.0,3.0,0.01,30.0,60.0,1e-09,1e-12,6,0.0001,1,new simulation,nan
2,21,-0.0792526803190927,0.1499999999999999,-0.8,settled,0.8400000000000005,-0.14906585039886588,0.0,2,1,1,nan,0.2,0.3490658503988659,9.81,1,1,9,21,41,-3.0,3.0,0.01,30.0,60.0,1e-09,1e-12,6,0.0001,1,new simulation,nan
2,22,-0.0792526803190927,0.2999999999999998,-0.8,rolling,8.419999999999865,-0.1350913601971678,1.935983683899515,21,21,0,1.9459276504547038,0.2,0.3490658503988659,9.81,1,1,9,21,41,-3.0,3.0,0.01,30.0,60.0,1e-09,1e-12,6,0.0001,1,new simulation,nan
2,23,-0.0792526803190927,0.44999999999999973,-0.8,rolling,7.9699999999998745,-0.14509524808295388,1.9430495091320552,21,21,0,1.9459298618370342,0.2,0.3490658503988659,9.81,1,1,9,21,41,-3.0,3.0,0.01,30.0,60.0,1e-09,1e-12,6,0.0001,1,new simulation,nan
2,24,-0.0792526803190927,0.5999999999999996,-0.8,rolling,7.779999999999879,-0.14173272618910937,1.9406222094631094,21,21,0,1.9459329587014647,0.2,0.3490658503988659,9.81,1,1,9,21,41,-3.0,3.0,0.01,30.0,60.0,1e-09,1e-12,6,0.0001,1,new simulation,nan
2,25,-0.0792526803190927,0.75,-0.8,rolling,7.649999999999881,-0.140528119911081,1.9397661906231873,21,21,0,1.9459369386237049,0.2,0.3490658503988659,9.81,1,1,9,21,41,-3.0,3.0,0.01,30.0,60.0,1e-09,1e-12,6,0.0001,1,new simulation,nan
2,26,-0.0792526803190927,0.8999999999999999,-0.8,rolling,7.5499999999998835,-0.13450700522381218,1.9355882648208653,21,21,0,1.9459418060662366,0.2,0.3490658503988659,9.81,1,1,9,21,41,-3.0,3.0,0.01,30.0,60.0,1e-09,1e-12,6,0.0001,1,new simulation,nan
2,27,-0.0792526803190927,1.0499999999999998,-0.8,rolling,7.119999999999893,-0.1409452716243299,1.940057698699195,20,20,0,1.9459125557560961,0.2,0.3490658503988659,9.81,1,1,9,21,41,-3.0,3.0,0.01,30.0,60.0,1e-09,1e-12,6,0.0001,1,new simulation,nan
2,28,-0.0792526803190927,1.2000000000000002,-0.8,rolling,7.039999999999894,-0.1457088020346244,1.943497200493754,20,20,0,1.9459238635896738,0.2,0.3490658503988659,9.81,1,1,9,21,41,-3.0,3.0,0.01,30.0,60.0,1e-09,1e-12,6,0.0001,1,new simulation,nan
2,29,-0.0792526803190927,1.3499999999999996,-0.8,rolling,6.969999999999896,-0.14479225411013272,1.9428297726115025,20,20,0,1.945936678327505,0.2,0.3490658503988659,9.81,1,1,9,21,41,-3.0,3.0,0.01,30.0,60.0,1e-09,1e-12,6,0.0001,1,new simulation,nan
2,30,-0.0792526803190927,1.5,-0.8,rolling,6.569999999999904,-0.13657039069480734,1.9369966117832391,19,19,0,1.9459184258538749,0.2,0.3490658503988659,9.81,1,1,9,21,41,-3.0,3.0,0.01,30.0,60.0,1e-09,1e-12,6,0.0001,1,new simulation,nan
2,31,-0.0792526803190927,1.6499999999999995,-0.8,rolling,6.169999999999913,-0.13659145482352178,1.93700941498057,18,18,0,1.9459088872625918,0.2,0.3490658503988659,9.81,1,1,9,21,41,-3.0,3.0,0.01,30.0,60.0,1e-09,1e-12,6,0.0001,1,new simulation,nan
2,32,-0.0792526803190927,1.7999999999999998,-0.8,rolling,5.769999999999921,-0.1434238132984249,1.941836456050698,17,17,0,1.9459324567247689,0.2,0.3490658503988659,9.81,1,1,9,21,41,-3.0,3.0,0.01,30.0,60.0,1e-09,1e-12,6,0.0001,1,new simulation,nan
2,33,-0.0792526803190927,1.9500000000000002,-0.8,rolling,5.039999999999937,-0.1383934891546601,1.9382907484185068,15,15,0,1.94607986596957,0.2,0.3490658503988659,9.81,1,1,9,21,41,-3.0,3.0,0.01,30.0,60.0,1e-09,1e-12,6,0.0001,1,new simulation,nan
2,34,-0.0792526803190927,2.0999999999999996,-0.8,rolling,6.009999999999916,-0.1297588991552401,1.9324389716060464,18,18,0,1.9460730526647392,0.2,0.3490658503988659,9.81,1,1,9,21,41,-3.0,3.0,0.01,30.0,60.0,1e-09,1e-12,6,0.0001,1,new simulation,nan
2,35,-0.0792526803190927,2.25,-0.8,rolling,6.28999999999991,-0.14840140104863944,1.9455155439941836,19,19,0,1.9460789868087118,0.2,0.3490658503988659,9.81,1,1,9,21,41,-3.0,3.0,0.01,30.0,60.0,1e-09,1e-12,6,0.0001,1,new simulation,nan
2,36,-0.0792526803190927,2.3999999999999995,-0.8,rolling,6.589999999999904,-0.13224306493571356,1.9340847729761506,20,20,0,1.9460685870921435,0.2,0.3490658503988659,9.81,1,1,9,21,41,-3.0,3.0,0.01,30.0,60.0,1e-09,1e-12,6,0.0001,1,new simulation,nan
2,37,-0.0792526803190927,2.55,-0.8,rolling,6.879999999999898,-0.13907726122368091,1.9387645472883066,21,21,0,1.946053713440105,0.2,0.3490658503988659,9.81,1,1,9,21,41,-3.0,3.0,0.01,30.0,60.0,1e-09,1e-12,6,0.0001,1,new simulation,nan
2,38,-0.0792526803190927,2.7,-0.8,rolling,6.839999999999899,-0.13156286708421866,1.9336310716254452,21,21,0,1.9460691946180244,0.2,0.3490658503988659,9.81,1,1,9,21,41,-3.0,3.0,0.01,30.0,60.0,1e-09,1e-12,6,0.0001,1,new simulation,nan
2,39,-0.0792526803190927,2.8499999999999996,-0.8,rolling,6.7899999999999,-0.1464473922687918,1.944068898521047,21,21,0,1.9460855589353943,0.2,0.3490658503988659,9.81,1,1,9,21,41,-3.0,3.0,0.01,30.0,60.0,1e-09,1e-12,6,0.0001,1,new simulation,nan
2,40,-0.0792526803190927,3.0,-0.8,rolling,7.089999999999893,-0.14299445277782247,1.9415497062013534,22,22,0,1.946059200773643,0.2,0.3490658503988659,9.81,1,1,9,21,41,-3.0,3.0,0.01,30.0,60.0,1e-09,1e-12,6,0.0001,1,new simulation,nan
3,0,-0.044346095279206105,-3.0,-0.7,rolling,8.68999999999986,-0.13771131435051667,1.937790537421604,24,22,2,1.9459413057541246,0.2,0.3490658503988659,9.81,1,1,9,21,41,-3.0,3.0,0.01,30.0,60.0,1e-09,1e-12,6,0.0001,1,new simulation,nan
3,1,-0.044346095279206105,-2.85,-0.7,rolling,8.719999999999859,-0.13042533676067675,1.932853316269284,24,22,2,1.9459378206577032,0.2,0.3490658503988659,9.81,1,1,9,21,41,-3.0,3.0,0.01,30.0,60.0,1e-09,1e-12,6,0.0001,1,new simulation,nan
3,2,-0.044346095279206105,-2.7,-0.7,rolling,8.789999999999857,-0.13834537076791034,1.9382309095893577,24,22,2,1.9459345129040437,0.2,0.3490658503988659,9.81,1,1,9,21,41,-3.0,3.0,0.01,30.0,60.0,1e-09,1e-12,6,0.0001,1,new simulation,nan
3,3,-0.044346095279206105,-2.55,-0.7,rolling,8.939999999999854,-0.1435473891394105,1.941925529930371,24,22,2,1.9459313842411678,0.2,0.3490658503988659,9.81,1,1,9,21,41,-3.0,3.0,0.01,30.0,60.0,1e-09,1e-12,6,0.0001,1,new simulation,nan
3,4,-0.044346095279206105,-2.4,-0.7,rolling,9.329999999999846,-0.13555853879134294,1.936303174053143,24,22,2,1.9459284339716607,0.2,0.3490658503988659,9.81,1,1,9,21,41,-3.0,3.0,0.01,30.0,60.0,1e-09,1e-12,6,0.0001,1,new simulation,nan
3,5,-0.044346095279206105,-2.25,-0.7,settled,1.2000000000000008,-0.14906585039886588,0.0,3,1,2,nan,0.2,0.3490658503988659,9.81,1,1,9,21,41,-3.0,3.0,0.01,30.0,60.0,1e-09,1e-12,6,0.0001,1,new simulation,nan
3,6,-0.044346095279206105,-2.1,-0.7,rolling,8.479999999999864,-0.14615074634115843,1.94382149939944,22,21,1,1.9459235588020631,0.2,0.3490658503988659,9.81,1,1,9,21,41,-3.0,3.0,0.01,30.0,60.0,1e-09,1e-12,6,0.0001,1,new simulation,nan
3,7,-0.044346095279206105,-1.95,-0.7,rolling,8.16999999999987,-0.13525522424341985,1.936093568938778,22,21,1,1.945916550109046,0.2,0.3490658503988659,9.81,1,1,9,21,41,-3.0,3.0,0.01,30.0,60.0,1e-09,1e-12,6,0.0001,1,new simulation,nan
3,8,-0.044346095279206105,-1.8,-0.7,rolling,8.049999999999873,-0.14251810909475054,1.941180363640746,22,21,1,1.9459100612240958,0.2,0.3490658503988659,9.81,1,1,9,21,41,-3.0,3.0,0.01,30.0,60.0,1e-09,1e-12,6,0.0001,1,new simulation,nan
3,9,-0.044346095279206105,-1.6500000000000001,-0.7,rolling,7.999999999999874,-0.13479447256896646,1.9357770225713677,22,21,1,1.9459040901105513,0.2,0.3490658503988659,9.81,1,1,9,21,41,-3.0,3.0,0.01,30.0,60.0,1e-09,1e-12,6,0.0001,1,new simulation,nan
3,10,-0.044346095279206105,-1.5,-0.7,rolling,8.319999999999867,-0.13548854194176907,1.9362572404268819,23,22,1,1.945939389883662,0.2,0.3490658503988659,9.81,1,1,9,21,41,-3.0,3.0,0.01,30.0,60.0,1e-09,1e-12,6,0.0001,1,new simulation,nan
3,11,-0.044346095279206105,-1.35,-0.7,rolling,8.329999999999867,-0.13278359738418807,1.9344230851688655,23,22,1,1.9459364955307865,0.2,0.3490658503988659,9.81,1,1,9,21,41,-3.0,3.0,0.01,30.0,60.0,1e-09,1e-12,6,0.0001,1,new simulation,nan
3,12,-0.044346095279206105,-1.2000000000000002,-0.7,rolling,8.359999999999866,-0.14468834030897412,1.942753590114692,23,22,1,1.9459339041829888,0.2,0.3490658503988659,9.81,1,1,9,21,41,-3.0,3.0,0.01,30.0,60.0,1e-09,1e-12,6,0.0001,1,new simulation,nan
3,13,-0.044346095279206105,-1.05,-0.7,rolling,8.429999999999865,-0.14782592947267667,1.945060762489237,23,22,1,1.9459316207015191,0.2,0.3490658503988659,9.81,1,1,9,21,41,-3.0,3.0,0.01,30.0,60.0,1e-09,1e-12,6,0.0001,1,new simulation,nan
3,14,-0.044346095279206105,-0.8999999999999999,-0.7,rolling,8.569999999999862,-0.13207569978364903,1.933947757386635,23,22,1,1.9459296389438443,0.2,0.3490658503988659,9.81,1,1,9,21,41,-3.0,3.0,0.01,30.0,60.0,1e-09,1e-12,6,0.0001,1,new simulation,nan
3,15,-0.044346095279206105,-0.75,-0.7,rolling,8.859999999999856,-0.14818675489123628,1.9453284503333388,23,22,1,1.9459279642304654,0.2,0.3490658503988659,9.81,1,1,9,21,41,-3.0,3.0,0.01,30.0,60.0,1e-09,1e-12,6,0.0001,1,new simulation,nan
3,16,-0.044346095279206105,-0.6000000000000001,-0.7,settled,0.4000000000000002,-0.14906585039886588,0.0,2,1,1,nan,0.2,0.3490658503988659,9.81,1,1,9,21,41,-3.0,3.0,0.01,30.0,60.0,1e-09,1e-12,6,0.0001,1,new simulation,nan
3,17,-0.044346095279206105,-0.4500000000000002,-0.7,settled,0.4000000000000002,-0.14906585039886588,0.0,2,1,1,nan,0.2,0.3490658503988659,9.81,1,1,9,21,41,-3.0,3.0,0.01,30.0,60.0,1e-09,1e-12,6,0.0001,1,new simulation,nan
3,18,-0.044346095279206105,-0.30000000000000027,-0.7,settled,0.4300000000000002,-0.14906585039886588,0.0,2,1,1,nan,0.2,0.3490658503988659,9.81,1,1,9,21,41,-3.0,3.0,0.01,30.0,60.0,1e-09,1e-12,6,0.0001,1,new simulation,nan
3,19,-0.044346095279206105,-0.1499999999999999,-0.7,settled,0.5200000000000002,-0.14906585039886588,0.0,2,1,1,nan,0.2,0.3490658503988659,9.81,1,1,9,21,41,-3.0,3.0,0.01,30.0,60.0,1e-09,1e-12,6,0.0001,1,new simulation,nan
3,20,-0.044346095279206105,0.0,-0.7,settled,0.7400000000000004,-0.14906585039886588,0.0,2,1,1,nan,0.2,0.3490658503988659,9.81,1,1,9,21,41,-3.0,3.0,0.01,30.0,60.0,1e-09,1e-12,6,0.0001,1,new simulation,nan
3,21,-0.044346095279206105,0.1499999999999999,-0.7,rolling,8.909999999999854,-0.14302814497962063,1.9415501659417351,21,21,0,1.9459271548165706,0.2,0.3490658503988659,9.81,1,1,9,21,41,-3.0,3.0,0.01,30.0,60.0,1e-09,1e-12,6,0.0001,1,new simulation,nan
3,22,-0.044346095279206105,0.2999999999999998,-0.7,rolling,8.049999999999873,-0.1423438458767357,1.9410586720361698,21,21,0,1.9459284811025255,0.2,0.3490658503988659,9.81,1,1,9,21,41,-3.0,3.0,0.01,30.0,60.0,1e-09,1e-12,6,0.0001,1,new simulation,nan
3,23,-0.044346095279206105,0.44999999999999973,-0.7,rolling,7.8299999999998775,-0.14098842433186048,1.9400916288075947,21,21,0,1.9459306932220939,0.2,0.3490658503988659,9.81,1,1,9,21,41,-3.0,3.0,0.01,30.0,60.0,1e-09,1e-12,6,0.0001,1,new simulation,nan
3,24,-0.044346095279206105,0.5999999999999996,-0.7,rolling,7.6899999999998805,-0.1415667776316584,1.9405039251691798,21,21,0,1.9459337899535596,0.2,0.3490658503988659,9.81,1,1,9,21,41,-3.0,3.0,0.01,30.0,60.0,1e-09,1e-12,6,0.0001,1,new simulation,nan
3,25,-0.044346095279206105,0.75,-0.7,rolling,7.579999999999883,-0.14755869895241458,1.9448635232658262,21,21,0,1.945937771470695,0.2,0.3490658503988659,9.81,1,1,9,21,41,-3.0,3.0,0.01,30.0,60.0,1e-09,1e-12,6,0.0001,1,new simulation,nan
3,26,-0.044346095279206105,0.8999999999999999,-0.7,rolling,7.159999999999892,-0.1309790718568544,1.9332134735856992,20,20,0,1.9459041730438045,0.2,0.3490658503988659,9.81,1,1,9,21,41,-3.0,3.0,0.01,30.0,60.0,1e-09,1e-12,6,0.0001,1,new simulation,nan
3,27,-0.044346095279206105,1.0499999999999998,-0.7,rolling,7.0799999999998935,-0.13363925390359213,1.9349952554210743,20,20,0,1.9459139727877375,0.2,0.3490658503988659,9.81,1,1,9,21,41,-3.0,3.0,0.01,30.0,60.0,1e-09,1e-12,6,0.0001,1,new simulation,nan
3,28,-0.044346095279206105,1.2000000000000002,-0.7,rolling,7.009999999999895,-0.13128543881552077,1.9334205646226204,20,20,0,1.9459252813504382,0.2,0.3490658503988659,9.81,1,1,9,21,41,-3.0,3.0,0.01,30.0,60.0,1e-09,1e-12,6,0.0001,1,new simulation,nan
3,29,-0.044346095279206105,1.3499999999999996,-0.7,rolling,6.9399999999998965,-0.1395309676271628,1.9390624213941423,20,20,0,1.9459380949214962,0.2,0.3490658503988659,9.81,1,1,9,21,41,-3.0,3.0,0.01,30.0,60.0,1e-09,1e-12,6,0.0001,1,new simulation,nan
3,30,-0.044346095279206105,1.5,-0.7,rolling,6.539999999999905,-0.13844076309681896,1.938295046065022,19,19,0,1.9459208409079478,0.2,0.3490658503988659,9.81,1,1,9,21,41,-3.0,3.0,0.01,30.0,60.0,1e-09,1e-12,6,0.0001,1,new simulation,nan
3,31,-0.044346095279206105,1.6499999999999995,-0.7,rolling,6.1399999999999135,-0.1441707589212237,1.9423736276211854,18,18,0,1.9459130020336575,0.2,0.3490658503988659,9.81,1,1,9,21,41,-3.0,3.0,0.01,30.0,60.0,1e-09,1e-12,6,0.0001,1,new simulation,nan
3,32,-0.044346095279206105,1.7999999999999998,-0.7,rolling,5.749999999999922,-0.13628215657468007,1.936801870308228,17,17,0,1.9459394688248306,0.2,0.3490658503988659,9.81,1,1,9,21,41,-3.0,3.0,0.01,30.0,60.0,1e-09,1e-12,6,0.0001,1,new simulation,nan
3,33,-0.044346095279206105,1.9500000000000002,-0.7,rolling,5.35999999999993,-0.1334263577696377,1.9348775502380315,16,16,0,1.9460576852395726,0.2,0.3490658503988659,9.81,1,1,9,21,41,-3.0,3.0,0.01,30.0,60.0,1e-09,1e-12,6,0.0001,1,new simulation,nan
3,34,-0.044346095279206105,2.0999999999999996,-0.7,rolling,5.989999999999917,-0.12981762041525516,1.9324782970792922,18,18,0,1.9460771661249412,0.2,0.3490658503988659,9.81,1,1,9,21,41,-3.0,3.0,0.01,30.0,60.0,1e-09,1e-12,6,0.0001,1,new simulation,nan
3,35,-0.044346095279206105,2.25,-0.7,rolling,6.2799999999999105,-0.13189761004894796,1.9338563353496871,19,19,0,1.9460814001530284,0.2,0.3490658503988659,9.81,1,1,9,21,41,-3.0,3.0,0.01,30.0,60.0,1e-09,1e-12,6,0.0001,1,new simulation,nan
3,36,-0.044346095279206105,2.3999999999999995,-0.7,rolling,6.569999999999904,-0.13758150136382055,1.9377236080123386,20,20,0,1.9460700030709142,0.2,0.3490658503988659,9.81,1,1,9,21,41,-3.0,3.0,0.01,30.0,60.0,1e-09,1e-12,6,0.0001,1,new simulation,nan
3,37,-0.044346095279206105,2.55,-0.7,rolling,6.859999999999898,-0.14658326926976964,1.9441634113395794,21,21,0,1.9460545456819787,0.2,0.3490658503988659,9.81,1,1,9,21,41,-3.0,3.0,0.01,30.0,60.0,1e-09,1e-12,6,0.0001,1,new simulation,nan
3,38,-0.044346095279206105,2.7,-0.7,rolling,6.819999999999899,-0.14094567362578275,1.9400863921087057,21,21,0,1.9460700252221403,0.2,0.3490658503988659,9.81,1,1,9,21,41,-3.0,3.0,0.01,30.0,60.0,1e-09,1e-12,6,0.0001,1,new simulation,nan
3,39,-0.044346095279206105,2.8499999999999996,-0.7,rolling,6.7799999999999,-0.13812760961441028,1.9381064583066412,21,21,0,1.9460863918972144,0.2,0.3490658503988659,9.81,1,1,9,21,41,-3.0,3.0,0.01,30.0,60.0,1e-09,1e-12,6,0.0001,1,new simulation,nan
3,40,-0.044346095279206105,3.0,-0.7,rolling,7.0799999999998935,-0.13619060736364413,1.936760616922119,22,22,0,1.9460596882573735,0.2,0.3490658503988659,9.81,1,1,9,21,41,-3.0,3.0,0.01,30.0,60.0,1e-09,1e-12,6,0.0001,1,new simulation,nan
4,0,-0.00943951023931952,-3.0,-0.6,rolling,8.699999999999859,-0.14067832363330038,1.9398734439628904,24,22,2,1.9459413796953393,0.2,0.3490658503988659,9.81,1,1,9,21,41,-3.0,3.0,0.01,30.0,60.0,1e-09,1e-12,6,0.0001,1,new simulation,nan
4,1,-0.00943951023931952,-2.85,-0.6,rolling,8.729999999999858,-0.13278899250814633,1.9344269595836363,24,22,2,1.9459378933705291,0.2,0.3490658503988659,9.81,1,1,9,21,41,-3.0,3.0,0.01,30.0,60.0,1e-09,1e-12,6,0.0001,1,new simulation,nan
4,2,-0.00943951023931952,-2.7,-0.6,rolling,8.799999999999857,-0.13943668108064186,1.9389954674694934,24,22,2,1.9459345855041725,0.2,0.3490658503988659,9.81,1,1,9,21,41,-3.0,3.0,0.01,30.0,60.0,1e-09,1e-12,6,0.0001,1,new simulation,nan
4,3,-0.00943951023931952,-2.55,-0.6,rolling,8.949999999999854,-0.14062859901123156,1.9398364008885292,24,22,2,1.9459314564178705,0.2,0.3490658503988659,9.81,1,1,9,21,41,-3.0,3.0,0.01,30.0,60.0,1e-09,1e-12,6,0.0001,1,new simulation,nan
4,4,-0.00943951023931952,-2.4,-0.6,rolling,9.319999999999846,-0.14797965785736997,1.9451744536807176,24,22,2,1.9459285065490846,0.2,0.3490658503988659,9.81,1,1,9,21,41,-3.0,3.0,0.01,30.0,60.0,1e-09,1e-12,6,0.0001,1,new simulation,nan
4,5,-0.00943951023931952,-2.25,-0.6,settled,1.2000000000000008,-0.14906585039886588,0.0,3,1,2,nan,0.2,0.3490658503988659,9.81,1,1,9,21,41,-3.0,3.0,0.01,30.0,60.0,1e-09,1e-12,6,0.0001,1,new simulation,nan
4,6,-0.00943951023931952,-2.1,-0.6,rolling,8.519999999999863,-0.1373645148527032,1.93754664575345,22,21,1,1.9459237719203515,0.2,0.3490658503988659,9.81,1,1,9,21,41,-3.0,3.0,0.01,30.0,60.0,1e-09,1e-12,6,0.0001,1,new simulation,nan
4,7,-0.00943951023931952,-1.95,-0.6,rolling,8.18999999999987,-0.14162796422505863,1.9405445071555065,22,21,1,1.945916763867008,0.2,0.3490658503988659,9.81,1,1,9,21,41,-3.0,3.0,0.01,30.0,60.0,1e-09,1e-12,6,0.0001,1,new simulation,nan
4,8,-0.00943951023931952,-1.8,-0.6,rolling,8.069999999999872,-0.14649802795330974,1.944074631530117,22,21,1,1.9459102736857605,0.2,0.3490658503988659,9.81,1,1,9,21,41,-3.0,3.0,0.01,30.0,60.0,1e-09,1e-12,6,0.0001,1,new simulation,nan
4,9,-0.00943951023931952,-1.6500000000000001,-0.6,rolling,8.019999999999873,-0.13948105603343658,1.9390212100081476,22,21,1,1.9459043027453058,0.2,0.3490658503988659,9.81,1,1,9,21,41,-3.0,3.0,0.01,30.0,60.0,1e-09,1e-12,6,0.0001,1,new simulation,nan
4,10,-0.00943951023931952,-1.5,-0.6,rolling,8.339999999999867,-0.14216129502162198,1.9409298576551612,23,22,1,1.945939513289038,0.2,0.3490658503988659,9.81,1,1,9,21,41,-3.0,3.0,0.01,30.0,60.0,1e-09,1e-12,6,0.0001,1,new simulation,nan
4,11,-0.00943951023931952,-1.35,-0.6,rolling,8.349999999999866,-0.1421718684971655,1.940936907965826,23,22,1,1.9459366192561245,0.2,0.3490658503988659,9.81,1,1,9,21,41,-3.0,3.0,0.01,30.0,60.0,1e-09,1e-12,6,0.0001,1,new simulation,nan
4,12,-0.00943951023931952,-1.2000000000000002,-0.6,rolling,8.389999999999866,-0.13775048413102042,1.9378164477003355,23,22,1,1.945934029917611,0.2,0.3490658503988659,9.81,1,1,9,21,41,-3.0,3.0,0.01,30.0,60.0,1e-09,1e-12,6,0.0001,1,new simulation,nan
4,13,-0.00943951023931952,-1.05,-0.6,rolling,8.459999999999864,-0.14334393403617146,1.941778663557124,23,22,1,1.9459317451699871,0.2,0.3490658503988659,9.81,1,1,9,21,41,-3.0,3.0,0.01,30.0,60.0,1e-09,1e-12,6,0.0001,1,new simulation,nan
4,14,-0.00943951023931952,-0.8999999999999999,-0.6,rolling,8.589999999999861,-0.14494484024746934,1.9429397483360324,23,22,1,1.945929764038289,0.2,0.3490658503988659,9.81,1,1,9,21,41,-3.0,3.0,0.01,30.0,60.0,1e-09,1e-12,6,0.0001,1,new simulation,nan
4,15,-0.00943951023931952,-0.75,-0.6,rolling,8.869999999999855,-0.1420318559784367,1.9408351443267873,23,22,1,1.9459280885396,0.2,0.3490658503988659,9.81,1,1,9,21,41,-3.0,3.0,0.01,30.0,60.0,1e-09,1e-12,6,0.0001,1,new simulation,nan
4,16,-0.00943951023931952,-0.6000000000000001,-0.6,settled,0.45000000000000023,-0.14906585039886588,0.0,2,1,1,nan,0.2,0.3490658503988659,9.81,1,1,9,21,41,-3.0,3.0,0.01,30.0,60.0,1e-09,1e-12,6,0.0001,1,new simulation,nan
4,17,-0.00943951023931952,-0.4500000000000002,-0.6,settled,0.47000000000000025,-0.14906585039886588,0.0,2,1,1,nan,0.2,0.3490658503988659,9.81,1,1,9,21,41,-3.0,3.0,0.01,30.0,60.0,1e-09,1e-12,6,0.0001,1,new simulation,nan
4,18,-0.00943951023931952,-0.30000000000000027,-0.6,settled,0.5400000000000003,-0.14906585039886588,0.0,2,1,1,nan,0.2,0.3490658503988659,9.81,1,1,9,21,41,-3.0,3.0,0.01,30.0,60.0,1e-09,1e-12,6,0.0001,1,new simulation,nan
4,19,-0.00943951023931952,-0.1499999999999999,-0.6,settled,0.6900000000000004,-0.14906585039886588,0.0,2,1,1,nan,0.2,0.3490658503988659,9.81,1,1,9,21,41,-3.0,3.0,0.01,30.0,60.0,1e-09,1e-12,6,0.0001,1,new simulation,nan
4,20,-0.00943951023931952,0.0,-0.6,settled,1.2500000000000009,-0.14906585039886588,0.0,2,1,1,nan,0.2,0.3490658503988659,9.81,1,1,9,21,41,-3.0,3.0,0.01,30.0,60.0,1e-09,1e-12,6,0.0001,1,new simulation,nan
4,21,-0.00943951023931952,0.1499999999999999,-0.6,rolling,8.14999999999987,-0.13789628239034696,1.9379166734427684,21,21,0,1.9459275171746226,0.2,0.3490658503988659,9.81,1,1,9,21,41,-3.0,3.0,0.01,30.0,60.0,1e-09,1e-12,6,0.0001,1,new simulation,nan
4,22,-0.00943951023931952,0.2999999999999998,-0.6,rolling,7.879999999999876,-0.14790233414373405,1.945117033098043,21,21,0,1.9459288438442737,0.2,0.3490658503988659,9.81,1,1,9,21,41,-3.0,3.0,0.01,30.0,60.0,1e-09,1e-12,6,0.0001,1,new simulation,nan
4,23,-0.00943951023931952,0.44999999999999973,-0.6,rolling,7.72999999999988,-0.14518555807839584,1.9431156663322575,21,21,0,1.945931054319514,0.2,0.3490658503988659,9.81,1,1,9,21,41,-3.0,3.0,0.01,30.0,60.0,1e-09,1e-12,6,0.0001,1,new simulation,nan
4,24,-0.00943951023931952,0.5999999999999996,-0.6,rolling,7.619999999999882,-0.14248745171681707,1.9411627055627358,21,21,0,1.9459341518932363,0.2,0.3490658503988659,9.81,1,1,9,21,41,-3.0,3.0,0.01,30.0,60.0,1e-09,1e-12,6,0.0001,1,new simulation,nan
4,25,-0.00943951023931952,0.75,-0.6,rolling,7.529999999999884,-0.1397159133815857,1.9391926418341117,21,21,0,1.9459381331636598,0.2,0.3490658503988659,9.81,1,1,9,21,41,-3.0,3.0,0.01,30.0,60.0,1e-09,1e-12,6,0.0001,1,new simulation,nan
4,26,-0.00943951023931952,0.8999999999999999,-0.6,rolling,7.109999999999893,-0.1421398513815355,1.9409082394164952,20,20,0,1.9459047902732245,0.2,0.3490658503988659,9.81,1,1,9,21,41,-3.0,3.0,0.01,30.0,60.0,1e-09,1e-12,6,0.0001,1,new simulation,nan
4,27,-0.00943951023931952,1.0499999999999998,-0.6,rolling,7.039999999999894,-0.13855467277390923,1.938373503880216,20,20,0,1.9459145887426892,0.2,0.3490658503988659,9.81,1,1,9,21,41,-3.0,3.0,0.01,30.0,60.0,1e-09,1e-12,6,0.0001,1,new simulation,nan
4,28,-0.00943951023931952,1.2000000000000002,-0.6,rolling,6.969999999999896,-0.14584562878143958,1.9435978898969044,20,20,0,1.9459258971219853,0.2,0.3490658503988659,9.81,1,1,9,21,41,-3.0,3.0,0.01,30.0,60.0,1e-09,1e-12,6,0.0001,1,new simulation,nan
4,29,-0.00943951023931952,1.3499999999999996,-0.6,rolling,6.909999999999897,-0.14209422252964052,1.9408816923566903,20,20,0,1.9459387131136365,0.2,0.3490658503988659,9.81,1,1,9,21,41,-3.0,3.0,0.01,30.0,60.0,1e-09,1e-12,6,0.0001,1,new simulation,nan
4,30,-0.00943951023931952,1.5,-0.6,rolling,6.509999999999906,-0.1468573672522559,1.9443417173274398,19,19,0,1.945921891928542,0.2,0.3490658503988659,9.81,1,1,9,21,41,-3.0,3.0,0.01,30.0,60.0,1e-09,1e-12,6,0.0001,1,new simulation,nan
4,31,-0.00943951023931952,1.6499999999999995,-0.6,rolling,6.119999999999914,-0.13792538888792866,1.9379346298719042,18,18,0,1.945914793525871,0.2,0.3490658503988659,9.81,1,1,9,21,41,-3.0,3.0,0.01,30.0,60.0,1e-09,1e-12,6,0.0001,1,new simulation,nan
4,32,-0.00943951023931952,1.7999999999999998,-0.6,rolling,5.3899999999999295,-0.13568779732251696,1.9363872934782047,16,16,0,1.9459039761839734,0.2,0.3490658503988659,9.81,1,1,9,21,41,-3.0,3.0,0.01,30.0,60.0,1e-09,1e-12,6,0.0001,1,new simulation,nan
4,33,-0.00943951023931952,1.9500000000000002,-0.6,rolling,5.339999999999931,-0.13441002039417366,1.9355442649893073,16,16,0,1.9460628862810079,0.2,0.3490658503988659,9.81,1,1,9,21,41,-3.0,3.0,0.01,30.0,60.0,1e-09,1e-12,6,0.0001,1,new simulation,nan
4,34,-0.00943951023931952,2.0999999999999996,-0.6,rolling,5.969999999999917,-0.1336094504409465,1.935004970064412,18,18,0,1.9460789581069238,0.2,0.3490658503988659,9.81,1,1,9,21,41,-3.0,3.0,0.01,30.0,60.0,1e-09,1e-12,6,0.0001,1,new simulation,nan
4,35,-0.00943951023931952,2.25,-0.6,rolling,6.259999999999911,-0.1381211248559026,1.9381012262651658,19,19,0,1.9460824514502653,0.2,0.3490658503988659,9.81,1,1,9,21,41,-3.0,3.0,0.01,30.0,60.0,1e-09,1e-12,6,0.0001,1,new simulation,nan
4,36,-0.00943951023931952,2.3999999999999995,-0.6,rolling,6.549999999999905,-0.1459413377787674,1.9436941774087961,20,20,0,1.9460706204440106,0.2,0.3490658503988659,9.81,1,1,9,21,41,-3.0,3.0,0.01,30.0,60.0,1e-09,1e-12,6,0.0001,1,new simulation,nan
4,37,-0.00943951023931952,2.55,-0.6,rolling,6.849999999999898,-0.1374008037051997,1.937595494564665,21,21,0,1.946054906630074,0.2,0.3490658503988659,9.81,1,1,9,21,41,-3.0,3.0,0.01,30.0,60.0,1e-09,1e-12,6,0.0001,1,new simulation,nan
4,38,-0.00943951023931952,2.7,-0.6,rolling,6.809999999999899,-0.13342934711193,1.9348818633342817,21,21,0,1.9460703876581313,0.2,0.3490658503988659,9.81,1,1,9,21,41,-3.0,3.0,0.01,30.0,60.0,1e-09,1e-12,6,0.0001,1,new simulation,nan
4,39,-0.00943951023931952,2.8499999999999996,-0.6,rolling,6.7699999999999,-0.13208788802735566,1.9339843343466476,21,21,0,1.9460867533991129,0.2,0.3490658503988659,9.81,1,1,9,21,41,-3.0,3.0,0.01,30.0,60.0,1e-09,1e-12,6,0.0001,1,new simulation,nan
4,40,-0.00943951023931952,3.0,-0.6,rolling,7.069999999999894,-0.13147334672578634,1.933569828961621,22,22,0,1.9460599008283523,0.2,0.3490658503988659,9.81,1,1,9,21,41,-3.0,3.0,0.01,30.0,60.0,1e-09,1e-12,6,0.0001,1,new simulation,nan
5,0,0.025467074800567063,-3.0,-0.5,rolling,8.709999999999859,-0.14392037627224114,1.942197201689067,24,22,2,1.9459413578679916,0.2,0.3490658503988659,9.81,1,1,9,21,41,-3.0,3.0,0.01,30.0,60.0,1e-09,1e-12,6,0.0001,1,new simulation,nan
5,1,0.025467074800567063,-2.85,-0.5,rolling,8.739999999999858,-0.1377401911308124,1.9378099857039912,24,22,2,1.945937871423215,0.2,0.3490658503988659,9.81,1,1,9,21,41,-3.0,3.0,0.01,30.0,60.0,1e-09,1e-12,6,0.0001,1,new simulation,nan
5,2,0.025467074800567063,-2.7,-0.5,rolling,8.809999999999857,-0.1464965389722606,1.9440779072225518,24,22,2,1.945934563703352,0.2,0.3490658503988659,9.81,1,1,9,21,41,-3.0,3.0,0.01,30.0,60.0,1e-09,1e-12,6,0.0001,1,new simulation,nan
5,3,0.025467074800567063,-2.55,-0.5,rolling,8.969999999999853,-0.13139747724548334,1.9334961278656804,24,22,2,1.9459314362592632,0.2,0.3490658503988659,9.81,1,1,9,21,41,-3.0,3.0,0.01,30.0,60.0,1e-09,1e-12,6,0.0001,1,new simulation,nan
5,4,0.025467074800567063,-2.4,-0.5,rolling,9.339999999999845,-0.1477110098415726,1.944974859290505,24,22,2,1.9459284848903902,0.2,0.3490658503988659,9.81,1,1,9,21,41,-3.0,3.0,0.01,30.0,60.0,1e-09,1e-12,6,0.0001,1,new simulation,nan
5,5,0.025467074800567063,-2.25,-0.5,settled,1.2200000000000009,-0.14906585039886588,0.0,3,1,2,nan,0.2,0.3490658503988659,9.81,1,1,9,21,41,-3.0,3.0,0.01,30.0,60.0,1e-09,1e-12,6,0.0001,1,new simulation,nan
5,6,0.025467074800567063,-2.1,-0.5,rolling,8.529999999999863,-0.13908875818367444,1.938749141847872,22,21,1,1.9459237085263184,0.2,0.3490658503988659,9.81,1,1,9,21,41,-3.0,3.0,0.01,30.0,60.0,1e-09,1e-12,6,0.0001,1,new simulation,nan
5,7,0.025467074800567063,-1.95,-0.5,rolling,8.20999999999987,-0.13445700020229337,1.9355497451642305,22,21,1,1.9459167004416251,0.2,0.3490658503988659,9.81,1,1,9,21,41,-3.0,3.0,0.01,30.0,60.0,1e-09,1e-12,6,0.0001,1,new simulation,nan
5,8,0.025467074800567063,-1.8,-0.5,rolling,8.089999999999872,-0.14381430045067123,1.9421147710016542,22,21,1,1.9459102093898977,0.2,0.3490658503988659,9.81,1,1,9,21,41,-3.0,3.0,0.01,30.0,60.0,1e-09,1e-12,6,0.0001,1,new simulation,nan
5,9,0.025467074800567063,-1.6500000000000001,-0.5,rolling,8.039999999999873,-0.1410440365819259,1.9401263784753557,22,21,1,1.9459042400619182,0.2,0.3490658503988659,9.81,1,1,9,21,41,-3.0,3.0,0.01,30.0,60.0,1e-09,1e-12,6,0.0001,1,new simulation,nan
5,10,0.025467074800567063,-1.5,-0.5,rolling,8.359999999999866,-0.14849086869974953,1.945557165757378,23,22,1,1.9459394754119916,0.2,0.3490658503988659,9.81,1,1,9,21,41,-3.0,3.0,0.01,30.0,60.0,1e-09,1e-12,6,0.0001,1,new simulation,nan
5,11,0.025467074800567063,-1.35,-0.5,rolling,8.379999999999866,-0.13482394437547487,1.935802970148752,23,22,1,1.9459365822483832,0.2,0.3490658503988659,9.81,1,1,9,21,41,-3.0,3.0,0.01,30.0,60.0,1e-09,1e-12,6,0.0001,1,new simulation,nan
5,12,0.025467074800567063,-1.2000000000000002,-0.5,rolling,8.419999999999865,-0.1376604037989248,1.93775383985403,23,22,1,1.9459339920636587,0.2,0.3490658503988659,9.81,1,1,9,21,41,-3.0,3.0,0.01,30.0,60.0,1e-09,1e-12,6,0.0001,1,new simulation,nan
5,13,0.025467074800567063,-1.05,-0.5,rolling,8.499999999999863,-0.13364460198630818,1.9350020776652688,23,22,1,1.945931708154218,0.2,0.3490658503988659,9.81,1,1,9,21,41,-3.0,3.0,0.01,30.0,60.0,1e-09,1e-12,6,0.0001,1,new simulation,nan
5,14,0.025467074800567063,-0.8999999999999999,-0.5,rolling,8.63999999999986,-0.13045511347011726,1.93287150782678,23,22,1,1.9459297272371237,0.2,0.3490658503988659,9.81,1,1,9,21,41,-3.0,3.0,0.01,30.0,60.0,1e-09,1e-12,6,0.0001,1,new simulation,nan
5,15,0.025467074800567063,-0.75,-0.5,rolling,8.929999999999854,-0.13839455536731873,1.9382640775853168,23,22,1,1.9459280517541921,0.2,0.3490658503988659,9.81,1,1,9,21,41,-3.0,3.0,0.01,30.0,60.0,1e-09,1e-12,6,0.0001,1,new simulation,nan
5,16,0.025467074800567063,-0.6000000000000001,-0.5,settled,0.5100000000000002,-0.14906585039886588,0.0,2,1,1,nan,0.2,0.3490658503988659,9.81,1,1,9,21,41,-3.0,3.0,0.01,30.0,60.0,1e-09,1e-12,6,0.0001,1,new simulation,nan
5,17,0.025467074800567063,-0.4500000000000002,-0.5,settled,0.5500000000000003,-0.14906585039886588,0.0,2,1,1,nan,0.2,0.3490658503988659,9.81,1,1,9,21,41,-3.0,3.0,0.01,30.0,60.0,1e-09,1e-12,6,0.0001,1,new simulation,nan
5,18,0.025467074800567063,-0.30000000000000027,-0.5,settled,0.6600000000000004,-0.14906585039886588,0.0,2,1,1,nan,0.2,0.3490658503988659,9.81,1,1,9,21,41,-3.0,3.0,0.01,30.0,60.0,1e-09,1e-12,6,0.0001,1,new simulation,nan
5,19,0.025467074800567063,-0.1499999999999999,-0.5,settled,0.9800000000000006,-0.14906585039886588,0.0,2,1,1,nan,0.2,0.3490658503988659,9.81,1,1,9,21,41,-3.0,3.0,0.01,30.0,60.0,1e-09,1e-12,6,0.0001,1,new simulation,nan
5,20,0.025467074800567063,0.0,-0.5,rolling,8.279999999999868,-0.1464183801015485,1.9440189826422358,21,21,0,1.945926965354177,0.2,0.3490658503988659,9.81,1,1,9,21,41,-3.0,3.0,0.01,30.0,60.0,1e-09,1e-12,6,0.0001,1,new simulation,nan
5,21,0.025467074800567063,0.1499999999999999,-0.5,rolling,7.939999999999875,-0.14625963123894964,1.9439022458476918,21,21,0,1.9459274078203475,0.2,0.3490658503988659,9.81,1,1,9,21,41,-3.0,3.0,0.01,30.0,60.0,1e-09,1e-12,6,0.0001,1,new simulation,nan
5,22,0.025467074800567063,0.2999999999999998,-0.5,rolling,7.779999999999879,-0.1326263861476829,1.934316187499333,21,21,0,1.9459287365736453,0.2,0.3490658503988659,9.81,1,1,9,21,41,-3.0,3.0,0.01,30.0,60.0,1e-09,1e-12,6,0.0001,1,new simulation,nan
5,23,0.025467074800567063,0.44999999999999973,-0.5,rolling,7.659999999999881,-0.13878610292517388,1.9385383498226443,21,21,0,1.9459309474096624,0.2,0.3490658503988659,9.81,1,1,9,21,41,-3.0,3.0,0.01,30.0,60.0,1e-09,1e-12,6,0.0001,1,new simulation,nan
5,24,0.025467074800567063,0.5999999999999996,-0.5,rolling,7.569999999999883,-0.13181052216915495,1.9337715824411785,21,21,0,1.945934042866995,0.2,0.3490658503988659,9.81,1,1,9,21,41,-3.0,3.0,0.01,30.0,60.0,1e-09,1e-12,6,0.0001,1,new simulation,nan
5,25,0.025467074800567063,0.75,-0.5,rolling,7.489999999999885,-0.13068116249802714,1.9330223779865443,21,21,0,1.9459380246049236,0.2,0.3490658503988659,9.81,1,1,9,21,41,-3.0,3.0,0.01,30.0,60.0,1e-09,1e-12,6,0.0001,1,new simulation,nan
5,26,0.025467074800567063,0.8999999999999999,-0.5,rolling,7.069999999999894,-0.14725925215723948,1.9446356959306748,20,20,0,1.9459046060637515,0.2,0.3490658503988659,9.81,1,1,9,21,41,-3.0,3.0,0.01,30.0,60.0,1e-09,1e-12,6,0.0001,1,new simulation,nan
5,27,0.025467074800567063,1.0499999999999998,-0.5,rolling,7.009999999999895,-0.1344571002211945,1.9355493977889984,20,20,0,1.945914406823462,0.2,0.3490658503988659,9.81,1,1,9,21,41,-3.0,3.0,0.01,30.0,60.0,1e-09,1e-12,6,0.0001,1,new simulation,nan
5,28,0.025467074800567063,1.2000000000000002,-0.5,rolling,6.949999999999896,-0.13002985489071883,1.9325904481737413,20,20,0,1.9459257138096937,0.2,0.3490658503988659,9.81,1,1,9,21,41,-3.0,3.0,0.01,30.0,60.0,1e-09,1e-12,6,0.0001,1,new simulation,nan
5,29,0.025467074800567063,1.3499999999999996,-0.5,rolling,6.8899999999998975,-0.13226093668872899,1.934073189909461,20,20,0,1.9459385279345929,0.2,0.3490658503988659,9.81,1,1,9,21,41,-3.0,3.0,0.01,30.0,60.0,1e-09,1e-12,6,0.0001,1,new simulation,nan
5,30,0.025467074800567063,1.5,-0.5,rolling,6.489999999999906,-0.1418045948382324,1.9406714880817204,19,19,0,1.94592157935643,0.2,0.3490658503988659,9.81,1,1,9,21,41,-3.0,3.0,0.01,30.0,60.0,1e-09,1e-12,6,0.0001,1,new simulation,nan
5,31,0.025467074800567063,1.6499999999999995,-0.5,rolling,6.099999999999914,-0.13681505656599333,1.937164702557296,18,18,0,1.9459142579905375,0.2,0.3490658503988659,9.81,1,1,9,21,41,-3.0,3.0,0.01,30.0,60.0,1e-09,1e-12,6,0.0001,1,new simulation,nan
5,32,0.025467074800567063,1.7999999999999998,-0.5,rolling,5.709999999999923,-0.13613624900790366,1.936701902359059,17,17,0,1.9459416121163688,0.2,0.3490658503988659,9.81,1,1,9,21,41,-3.0,3.0,0.01,30.0,60.0,1e-09,1e-12,6,0.0001,1,new simulation,nan
5,33,0.025467074800567063,1.9500000000000002,-0.5,rolling,5.319999999999931,-0.13935708516555892,1.9389623925865742,16,16,0,1.9460613350200073,0.2,0.3490658503988659,9.81,1,1,9,21,41,-3.0,3.0,0.01,30.0,60.0,1e-09,1e-12,6,0.0001,1,new simulation,nan
5,34,0.025467074800567063,2.0999999999999996,-0.5,rolling,5.949999999999918,-0.1409417807125731,1.9400851423862786,18,18,0,1.9460784241740088,0.2,0.3490658503988659,9.81,1,1,9,21,41,-3.0,3.0,0.01,30.0,60.0,1e-09,1e-12,6,0.0001,1,new simulation,nan
5,35,0.025467074800567063,2.25,-0.5,rolling,6.239999999999911,-0.14754119053256654,1.9448765206698735,19,19,0,1.9460821383910318,0.2,0.3490658503988659,9.81,1,1,9,21,41,-3.0,3.0,0.01,30.0,60.0,1e-09,1e-12,6,0.0001,1,new simulation,nan
5,36,0.025467074800567063,2.3999999999999995,-0.5,rolling,6.539999999999905,-0.1377653452179086,1.937851415235051,20,20,0,1.946070435834877,0.2,0.3490658503988659,9.81,1,1,9,21,41,-3.0,3.0,0.01,30.0,60.0,1e-09,1e-12,6,0.0001,1,new simulation,nan
5,37,0.025467074800567063,2.55,-0.5,rolling,6.839999999999899,-0.13084580633036863,1.9331524656827501,21,21,0,1.946054799155118,0.2,0.3490658503988659,9.81,1,1,9,21,41,-3.0,3.0,0.01,30.0,60.0,1e-09,1e-12,6,0.0001,1,new simulation,nan
5,38,0.025467074800567063,2.7,-0.5,rolling,6.7899999999999,-0.14768279779943203,1.944979436424617,21,21,0,1.9460702798146319,0.2,0.3490658503988659,9.81,1,1,9,21,41,-3.0,3.0,0.01,30.0,60.0,1e-09,1e-12,6,0.0001,1,new simulation,nan
5,39,0.025467074800567063,2.8499999999999996,-0.5,rolling,6.7499999999999005,-0.14761362699560582,1.9449310550518373,21,21,0,1.9460866440287832,0.2,0.3490658503988659,9.81,1,1,9,21,41,-3.0,3.0,0.01,30.0,60.0,1e-09,1e-12,6,0.0001,1,new simulation,nan
5,40,0.025467074800567063,3.0,-0.5,rolling,7.049999999999894,-0.1481480327184769,1.9453233497249045,22,22,0,1.9460598372821984,0.2,0.3490658503988659,9.81,1,1,9,21,41,-3.0,3.0,0.01,30.0,60.0,1e-09,1e-12,6,0.0001,1,new simulation,nan
6,0,0.060373659840453675,-3.0,-0.3999999999999999,rolling,8.719999999999859,-0.14753827060993227,1.9448489974025003,24,22,2,1.9459412412874653,0.2,0.3490658503988659,9.81,1,1,9,21,41,-3.0,3.0,0.01,30.0,60.0,1e-09,1e-12,6,0.0001,1,new simulation,nan
6,1,0.060373659840453675,-2.85,-0.3999999999999999,rolling,8.749999999999858,-0.14541335434992908,1.9432833826484723,24,22,2,1.9459377550538361,0.2,0.3490658503988659,9.81,1,1,9,21,41,-3.0,3.0,0.01,30.0,60.0,1e-09,1e-12,6,0.0001,1,new simulation,nan
6,2,0.060373659840453675,-2.7,-0.3999999999999999,rolling,8.829999999999856,-0.14027958687741487,1.939589839377879,24,22,2,1.9459344470333166,0.2,0.3490658503988659,9.81,1,1,9,21,41,-3.0,3.0,0.01,30.0,60.0,1e-09,1e-12,6,0.0001,1,new simulation,nan
6,3,0.060373659840453675,-2.55,-0.3999999999999999,rolling,8.989999999999853,-0.13555435840778868,1.9363008319145896,24,22,2,1.945931317578423,0.2,0.3490658503988659,9.81,1,1,9,21,41,-3.0,3.0,0.01,30.0,60.0,1e-09,1e-12,6,0.0001,1,new simulation,nan
6,4,0.060373659840453675,-2.4,-0.3999999999999999,rolling,9.389999999999844,-0.13709937739710037,1.9373638206430335,24,22,2,1.9459283674597672,0.2,0.3490658503988659,9.81,1,1,9,21,41,-3.0,3.0,0.01,30.0,60.0,1e-09,1e-12,6,0.0001,1,new simulation,nan
6,5,0.060373659840453675,-2.25,-0.3999999999999999,settled,1.2500000000000009,-0.14906585039886588,0.0,3,1,2,nan,0.2,0.3490658503988659,9.81,1,1,9,21,41,-3.0,3.0,0.01,30.0,60.0,1e-09,1e-12,6,0.0001,1,new simulation,nan
6,6,0.060373659840453675,-2.1,-0.3999999999999999,rolling,8.519999999999863,-0.13478869877414845,1.9357765754407539,22,21,1,1.9459233698979617,0.2,0.3490658503988659,9.81,1,1,9,21,41,-3.0,3.0,0.01,30.0,60.0,1e-09,1e-12,6,0.0001,1,new simulation,nan
6,7,0.060373659840453675,-1.95,-0.3999999999999999,rolling,8.21999999999987,-0.133656001736275,1.935007003495034,22,21,1,1.9459163612483856,0.2,0.3490658503988659,9.81,1,1,9,21,41,-3.0,3.0,0.01,30.0,60.0,1e-09,1e-12,6,0.0001,1,new simulation,nan
6,8,0.060373659840453675,-1.8,-0.3999999999999999,rolling,8.109999999999872,-0.13490211778452854,1.9358514040997639,22,21,1,1.945909870583268,0.2,0.3490658503988659,9.81,1,1,9,21,41,-3.0,3.0,0.01,30.0,60.0,1e-09,1e-12,6,0.0001,1,new simulation,nan
6,9,0.060373659840453675,-1.6500000000000001,-0.3999999999999999,rolling,8.059999999999873,-0.13994029363318117,1.939344658230353,22,21,1,1.9459038998971658,0.2,0.3490658503988659,9.81,1,1,9,21,41,-3.0,3.0,0.01,30.0,60.0,1e-09,1e-12,6,0.0001,1,new simulation,nan
6,10,0.060373659840453675,-1.5,-0.3999999999999999,rolling,8.389999999999866,-0.1356320914319236,1.9363555078545898,23,22,1,1.9459392775607383,0.2,0.3490658503988659,9.81,1,1,9,21,41,-3.0,3.0,0.01,30.0,60.0,1e-09,1e-12,6,0.0001,1,new simulation,nan
6,11,0.060373659840453675,-1.35,-0.3999999999999999,rolling,8.409999999999865,-0.13093382542874396,1.9331893222179457,23,22,1,1.9459363820160487,0.2,0.3490658503988659,9.81,1,1,9,21,41,-3.0,3.0,0.01,30.0,60.0,1e-09,1e-12,6,0.0001,1,new simulation,nan
6,12,0.060373659840453675,-1.2000000000000002,-0.3999999999999999,rolling,8.449999999999864,-0.1456173853082269,1.9434320136943266,23,22,1,1.9459337949138957,0.2,0.3490658503988659,9.81,1,1,9,21,41,-3.0,3.0,0.01,30.0,60.0,1e-09,1e-12,6,0.0001,1,new simulation,nan
6,13,0.060373659840453675,-1.05,-0.3999999999999999,rolling,8.539999999999862,-0.14006914819968241,1.9394405949140365,23,22,1,1.9459315081651127,0.2,0.3490658503988659,9.81,1,1,9,21,41,-3.0,3.0,0.01,30.0,60.0,1e-09,1e-12,6,0.0001,1,new simulation,nan
6,14,0.060373659840453675,-0.8999999999999999,-0.3999999999999999,rolling,8.699999999999859,-0.13136549192588032,1.933474519922608,23,22,1,1.945929527462523,0.2,0.3490658503988659,9.81,1,1,9,21,41,-3.0,3.0,0.01,30.0,60.0,1e-09,1e-12,6,0.0001,1,new simulation,nan
6,15,0.060373659840453675,-0.75,-0.3999999999999999,rolling,9.049999999999851,-0.13605981538421963,1.9366468864696522,23,22,1,1.9459278531561965,0.2,0.3490658503988659,9.81,1,1,9,21,41,-3.0,3.0,0.01,30.0,60.0,1e-09,1e-12,6,0.0001,1,new simulation,nan
6,16,0.060373659840453675,-0.6000000000000001,-0.3999999999999999,settled,0.5800000000000003,-0.14906585039886588,0.0,2,1,1,nan,0.2,0.3490658503988659,9.81,1,1,9,21,41,-3.0,3.0,0.01,30.0,60.0,1e-09,1e-12,6,0.0001,1,new simulation,nan
6,17,0.060373659840453675,-0.4500000000000002,-0.3999999999999999,settled,0.6500000000000004,-0.14906585039886588,0.0,2,1,1,nan,0.2,0.3490658503988659,9.81,1,1,9,21,41,-3.0,3.0,0.01,30.0,60.0,1e-09,1e-12,6,0.0001,1,new simulation,nan
6,18,0.060373659840453675,-0.30000000000000027,-0.3999999999999999,settled,0.8600000000000005,-0.14906585039886588,0.0,2,1,1,nan,0.2,0.3490658503988659,9.81,1,1,9,21,41,-3.0,3.0,0.01,30.0,60.0,1e-09,1e-12,6,0.0001,1,new simulation,nan
6,19,0.060373659840453675,-0.1499999999999999,-0.3999999999999999,rolling,8.509999999999863,-0.14384792064165433,1.9421421089466793,21,21,0,1.9459268313825389,0.2,0.3490658503988659,9.81,1,1,9,21,41,-3.0,3.0,0.01,30.0,60.0,1e-09,1e-12,6,0.0001,1,new simulation,nan
6,20,0.060373659840453675,0.0,-0.3999999999999999,rolling,8.009999999999874,-0.14141448434594206,1.94039401687955,21,21,0,1.945926387443915,0.2,0.3490658503988659,9.81,1,1,9,21,41,-3.0,3.0,0.01,30.0,60.0,1e-09,1e-12,6,0.0001,1,new simulation,nan
6,21,0.060373659840453675,0.1499999999999999,-0.3999999999999999,rolling,7.819999999999878,-0.14365133725117168,1.941999855879953,21,21,0,1.9459268309084001,0.2,0.3490658503988659,9.81,1,1,9,21,41,-3.0,3.0,0.01,30.0,60.0,1e-09,1e-12,6,0.0001,1,new simulation,nan
6,22,0.060373659840453675,0.2999999999999998,-0.3999999999999999,rolling,7.69999999999988,-0.13659128593970107,1.9370127781029354,21,21,0,1.9459281578151384,0.2,0.3490658503988659,9.81,1,1,9,21,41,-3.0,3.0,0.01,30.0,60.0,1e-09,1e-12,6,0.0001,1,new simulation,nan
6,23,0.060373659840453675,0.44999999999999973,-0.3999999999999999,rolling,7.599999999999882,-0.14421218134882585,1.942406816334654,21,21,0,1.9459303686534346,0.2,0.3490658503988659,9.81,1,1,9,21,41,-3.0,3.0,0.01,30.0,60.0,1e-09,1e-12,6,0.0001,1,new simulation,nan
6,24,0.060373659840453675,0.5999999999999996,-0.3999999999999999,rolling,7.519999999999884,-0.1413637019492121,1.9403591129456428,21,21,0,1.9459334663615138,0.2,0.3490658503988659,9.81,1,1,9,21,41,-3.0,3.0,0.01,30.0,60.0,1e-09,1e-12,6,0.0001,1,new simulation,nan
6,25,0.060373659840453675,0.75,-0.3999999999999999,rolling,7.449999999999886,-0.136227146594827,1.9367636586674037,21,21,0,1.9459374477351596,0.2,0.3490658503988659,9.81,1,1,9,21,41,-3.0,3.0,0.01,30.0,60.0,1e-09,1e-12,6,0.0001,1,new simulation,nan
6,26,0.060373659840453675,0.8999999999999999,-0.3999999999999999,rolling,7.379999999999887,-0.14250054197774142,1.9411735717412015,21,21,0,1.9459423137501197,0.2,0.3490658503988659,9.81,1,1,9,21,41,-3.0,3.0,0.01,30.0,60.0,1e-09,1e-12,6,0.0001,1,new simulation,nan
6,27,0.060373659840453675,1.0499999999999998,-0.3999999999999999,rolling,6.979999999999896,-0.13940613917755823,1.9389701729437416,20,20,0,1.9459134213579585,0.2,0.3490658503988659,9.81,1,1,9,21,41,-3.0,3.0,0.01,30.0,60.0,1e-09,1e-12,6,0.0001,1,new simulation,nan
6,28,0.060373659840453675,1.2000000000000002,-0.3999999999999999,rolling,6.919999999999897,-0.14109069206280467,1.940163243646092,20,20,0,1.945924729742938,0.2,0.3490658503988659,9.81,1,1,9,21,41,-3.0,3.0,0.01,30.0,60.0,1e-09,1e-12,6,0.0001,1,new simulation,nan
6,29,0.060373659840453675,1.3499999999999996,-0.3999999999999999,rolling,6.859999999999898,-0.1481808174424466,1.9453257543323874,20,20,0,1.9459375440189965,0.2,0.3490658503988659,9.81,1,1,9,21,41,-3.0,3.0,0.01,30.0,60.0,1e-09,1e-12,6,0.0001,1,new simulation,nan
6,30,0.060373659840453675,1.5,-0.3999999999999999,rolling,6.4699999999999065,-0.14224756143962622,1.9409881144739674,19,19,0,1.945919901196845,0.2,0.3490658503988659,9.81,1,1,9,21,41,-3.0,3.0,0.01,30.0,60.0,1e-09,1e-12,6,0.0001,1,new simulation,nan
6,31,0.060373659840453675,1.6499999999999995,-0.3999999999999999,rolling,6.079999999999915,-0.14049204297673548,1.9397360330048696,18,18,0,1.945911400870836,0.2,0.3490658503988659,9.81,1,1,9,21,41,-3.0,3.0,0.01,30.0,60.0,1e-09,1e-12,6,0.0001,1,new simulation,nan
6,32,0.060373659840453675,1.7999999999999998,-0.3999999999999999,rolling,5.689999999999923,-0.14253132598919688,1.9411946609976225,17,17,0,1.945936738958216,0.2,0.3490658503988659,9.81,1,1,9,21,41,-3.0,3.0,0.01,30.0,60.0,1e-09,1e-12,6,0.0001,1,new simulation,nan
6,33,0.060373659840453675,1.9500000000000002,-0.3999999999999999,rolling,5.299999999999931,-0.14808090129057597,1.9452721673984474,16,16,0,1.946053035380551,0.2,0.3490658503988659,9.81,1,1,9,21,41,-3.0,3.0,0.01,30.0,60.0,1e-09,1e-12,6,0.0001,1,new simulation,nan
6,34,0.060373659840453675,2.0999999999999996,-0.3999999999999999,rolling,5.939999999999918,-0.13226768037275521,1.9341025007351333,18,18,0,1.9460755670251022,0.2,0.3490658503988659,9.81,1,1,9,21,41,-3.0,3.0,0.01,30.0,60.0,1e-09,1e-12,6,0.0001,1,new simulation,nan
6,35,0.060373659840453675,2.25,-0.3999999999999999,rolling,6.229999999999912,-0.14058672618281434,1.9398336093838304,19,19,0,1.9460804619358136,0.2,0.3490658503988659,9.81,1,1,9,21,41,-3.0,3.0,0.01,30.0,60.0,1e-09,1e-12,6,0.0001,1,new simulation,nan
6,36,0.060373659840453675,2.3999999999999995,-0.3999999999999999,rolling,6.529999999999905,-0.13236194668167456,1.9341644721616604,20,20,0,1.9460694517097787,0.2,0.3490658503988659,9.81,1,1,9,21,41,-3.0,3.0,0.01,30.0,60.0,1e-09,1e-12,6,0.0001,1,new simulation,nan
6,37,0.060373659840453675,2.55,-0.3999999999999999,rolling,6.819999999999899,-0.14617675474840464,1.9438641429798975,21,21,0,1.9460542211807874,0.2,0.3490658503988659,9.81,1,1,9,21,41,-3.0,3.0,0.01,30.0,60.0,1e-09,1e-12,6,0.0001,1,new simulation,nan
6,38,0.060373659840453675,2.7,-0.3999999999999999,rolling,6.7799999999999,-0.14483349028040765,1.9428837842905988,21,21,0,1.9460697023743974,0.2,0.3490658503988659,9.81,1,1,9,21,41,-3.0,3.0,0.01,30.0,60.0,1e-09,1e-12,6,0.0001,1,new simulation,nan
6,39,0.060373659840453675,2.8499999999999996,-0.3999999999999999,rolling,6.739999999999901,-0.1458564408068437,1.94363466295338,21,21,0,1.9460860662303434,0.2,0.3490658503988659,9.81,1,1,9,21,41,-3.0,3.0,0.01,30.0,60.0,1e-09,1e-12,6,0.0001,1,new simulation,nan
6,40,0.060373659840453675,3.0,-0.3999999999999999,rolling,7.039999999999894,-0.14737828694655433,1.9447517144806397,22,22,0,1.946059499350272,0.2,0.3490658503988659,9.81,1,1,9,21,41,-3.0,3.0,0.01,30.0,60.0,1e-09,1e-12,6,0.0001,1,new simulation,nan
7,0,0.09528024488034026,-3.0,-0.29999999999999993,rolling,8.739999999999858,-0.13239715980117747,1.9341648064141446,24,22,2,1.9459410295387976,0.2,0.3490658503988659,9.81,1,1,9,21,41,-3.0,3.0,0.01,30.0,60.0,1e-09,1e-12,6,0.0001,1,new simulation,nan
7,1,0.09528024488034026,-2.85,-0.29999999999999993,rolling,8.769999999999857,-0.1367365767353516,1.9371147190820952,24,22,2,1.9459375419737206,0.2,0.3490658503988659,9.81,1,1,9,21,41,-3.0,3.0,0.01,30.0,60.0,1e-09,1e-12,6,0.0001,1,new simulation,nan
7,2,0.09528024488034026,-2.7,-0.29999999999999993,rolling,8.849999999999856,-0.14078049421995295,1.9399446248061947,24,22,2,1.945934234358159,0.2,0.3490658503988659,9.81,1,1,9,21,41,-3.0,3.0,0.01,30.0,60.0,1e-09,1e-12,6,0.0001,1,new simulation,nan
7,3,0.09528024488034026,-2.55,-0.29999999999999993,rolling,9.019999999999852,-0.135228100490423,1.9360776736336378,24,22,2,1.945931108050085,0.2,0.3490658503988659,9.81,1,1,9,21,41,-3.0,3.0,0.01,30.0,60.0,1e-09,1e-12,6,0.0001,1,new simulation,nan
7,4,0.09528024488034026,-2.4,-0.29999999999999993,rolling,9.469999999999843,-0.13054485890861106,1.9329304950653619,24,22,2,1.94592815646493,0.2,0.3490658503988659,9.81,1,1,9,21,41,-3.0,3.0,0.01,30.0,60.0,1e-09,1e-12,6,0.0001,1,new simulation,nan
7,5,0.09528024488034026,-2.25,-0.29999999999999993,settled,1.310000000000001,-0.14906585039886588,0.0,3,1,2,nan,0.2,0.3490658503988659,9.81,1,1,9,21,41,-3.0,3.0,0.01,30.0,60.0,1e-09,1e-12,6,0.0001,1,new simulation,nan
7,6,0.09528024488034026,-2.1,-0.29999999999999993,rolling,8.489999999999863,-0.13665433126403737,1.9370552889584898,22,21,1,1.9459227548346714,0.2,0.3490658503988659,9.81,1,1,9,21,41,-3.0,3.0,0.01,30.0,60.0,1e-09,1e-12,6,0.0001,1,new simulation,nan
7,7,0.09528024488034026,-1.95,-0.29999999999999993,rolling,8.21999999999987,-0.14102205062266462,1.9401128263109988,22,21,1,1.9459157463744807,0.2,0.3490658503988659,9.81,1,1,9,21,41,-3.0,3.0,0.01,30.0,60.0,1e-09,1e-12,6,0.0001,1,new simulation,nan
7,8,0.09528024488034026,-1.8,-0.29999999999999993,rolling,8.119999999999871,-0.1401426808611608,1.9394885198472385,22,21,1,1.945909256558649,0.2,0.3490658503988659,9.81,1,1,9,21,41,-3.0,3.0,0.01,30.0,60.0,1e-09,1e-12,6,0.0001,1,new simulation,nan
7,9,0.09528024488034026,-1.6500000000000001,-0.29999999999999993,rolling,8.419999999999865,-0.13535570362326244,1.93616686672598,23,22,1,1.9459421163710588,0.2,0.3490658503988659,9.81,1,1,9,21,41,-3.0,3.0,0.01,30.0,60.0,1e-09,1e-12,6,0.0001,1,new simulation,nan
7,10,0.09528024488034026,-1.5,-0.29999999999999993,rolling,8.409999999999865,-0.1434653687681042,1.9418676296452695,23,22,1,1.9459389161552751,0.2,0.3490658503988659,9.81,1,1,9,21,41,-3.0,3.0,0.01,30.0,60.0,1e-09,1e-12,6,0.0001,1,new simulation,nan
7,11,0.09528024488034026,-1.35,-0.29999999999999993,rolling,8.439999999999864,-0.13196709946237478,1.9338763944092308,23,22,1,1.9459360230238019,0.2,0.3490658503988659,9.81,1,1,9,21,41,-3.0,3.0,0.01,30.0,60.0,1e-09,1e-12,6,0.0001,1,new simulation,nan
7,12,0.09528024488034026,-1.2000000000000002,-0.29999999999999993,rolling,8.489999999999863,-0.1446359520737601,1.9427153704838251,23,22,1,1.9459334335008516,0.2,0.3490658503988659,9.81,1,1,9,21,41,-3.0,3.0,0.01,30.0,60.0,1e-09,1e-12,6,0.0001,1,new simulation,nan
7,13,0.09528024488034026,-1.05,-0.29999999999999993,rolling,8.589999999999861,-0.14803394542566276,1.9452153028201482,23,22,1,1.9459311475045977,0.2,0.3490658503988659,9.81,1,1,9,21,41,-3.0,3.0,0.01,30.0,60.0,1e-09,1e-12,6,0.0001,1,new simulation,nan
7,14,0.09528024488034026,-0.8999999999999999,-0.29999999999999993,rolling,8.779999999999857,-0.14175538283858882,1.9406377051062802,23,22,1,1.9459291674853352,0.2,0.3490658503988659,9.81,1,1,9,21,41,-3.0,3.0,0.01,30.0,60.0,1e-09,1e-12,6,0.0001,1,new simulation,nan
7,15,0.09528024488034026,-0.75,-0.29999999999999993,rolling,9.299999999999846,-0.13817890068372415,1.9381135152046463,23,22,1,1.9459274925017753,0.2,0.3490658503988659,9.81,1,1,9,21,41,-3.0,3.0,0.01,30.0,60.0,1e-09,1e-12,6,0.0001,1,new simulation,nan
7,16,0.09528024488034026,-0.6000000000000001,-0.29999999999999993,settled,0.6500000000000004,-0.14906585039886588,0.0,2,1,1,nan,0.2,0.3490658503988659,9.81,1,1,9,21,41,-3.0,3.0,0.01,30.0,60.0,1e-09,1e-12,6,0.0001,1,new simulation,nan
7,17,0.09528024488034026,-0.4500000000000002,-0.29999999999999993,settled,0.8000000000000005,-0.14906585039886588,0.0,2,1,1,nan,0.2,0.3490658503988659,9.81,1,1,9,21,41,-3.0,3.0,0.01,30.0,60.0,1e-09,1e-12,6,0.0001,1,new simulation,nan
7,18,0.09528024488034026,-0.30000000000000027,-0.29999999999999993,settled,2.159999999999998,-0.14906585039886588,0.0,2,1,1,nan,0.2,0.3490658503988659,9.81,1,1,9,21,41,-3.0,3.0,0.01,30.0,60.0,1e-09,1e-12,6,0.0001,1,new simulation,nan
7,19,0.09528024488034026,-0.1499999999999999,-0.29999999999999993,rolling,8.089999999999872,-0.14294855678566926,1.94149261197035,21,21,0,1.945925784357578,0.2,0.3490658503988659,9.81,1,1,9,21,41,-3.0,3.0,0.01,30.0,60.0,1e-09,1e-12,6,0.0001,1,new simulation,nan
7,20,0.09528024488034026,0.0,-0.29999999999999993,rolling,7.869999999999877,-0.14102676274025094,1.9401179071665584,21,21,0,1.9459253412974462,0.2,0.3490658503988659,9.81,1,1,9,21,41,-3.0,3.0,0.01,30.0,60.0,1e-09,1e-12,6,0.0001,1,new simulation,nan
7,21,0.09528024488034026,0.1499999999999999,-0.29999999999999993,rolling,7.739999999999879,-0.13615575714220587,1.9367124534046793,21,21,0,1.9459257838825827,0.2,0.3490658503988659,9.81,1,1,9,21,41,-3.0,3.0,0.01,30.0,60.0,1e-09,1e-12,6,0.0001,1,new simulation,nan
7,22,0.09528024488034026,0.2999999999999998,-0.29999999999999993,rolling,7.6399999999998816,-0.13808809068547034,1.9380501537892496,21,21,0,1.9459271102872417,0.2,0.3490658503988659,9.81,1,1,9,21,41,-3.0,3.0,0.01,30.0,60.0,1e-09,1e-12,6,0.0001,1,new simulation,nan
7,23,0.09528024488034026,0.44999999999999973,-0.29999999999999993,rolling,7.559999999999883,-0.13361182389811657,1.9349795054943377,21,21,0,1.945929322785749,0.2,0.3490658503988659,9.81,1,1,9,21,41,-3.0,3.0,0.01,30.0,60.0,1e-09,1e-12,6,0.0001,1,new simulation,nan
7,24,0.09528024488034026,0.5999999999999996,-0.29999999999999993,rolling,7.479999999999885,-0.1476694013940595,1.944944685274201,21,21,0,1.9459324192353902,0.2,0.3490658503988659,9.81,1,1,9,21,41,-3.0,3.0,0.01,30.0,60.0,1e-09,1e-12,6,0.0001,1,new simulation,nan
7,25,0.09528024488034026,0.75,-0.29999999999999993,rolling,7.419999999999886,-0.13469521951194818,1.9357152918593779,21,21,0,1.9459364012209333,0.2,0.3490658503988659,9.81,1,1,9,21,41,-3.0,3.0,0.01,30.0,60.0,1e-09,1e-12,6,0.0001,1,new simulation,nan
7,26,0.09528024488034026,0.8999999999999999,-0.29999999999999993,rolling,7.3599999999998875,-0.12993716076541148,1.9325322749941733,21,21,0,1.9459412659115138,0.2,0.3490658503988659,9.81,1,1,9,21,41,-3.0,3.0,0.01,30.0,60.0,1e-09,1e-12,6,0.0001,1,new simulation,nan
7,27,0.09528024488034026,1.0499999999999998,-0.29999999999999993,rolling,6.959999999999896,-0.13310710165086975,1.9346360406202068,20,20,0,1.9459116376758734,0.2,0.3490658503988659,9.81,1,1,9,21,41,-3.0,3.0,0.01,30.0,60.0,1e-09,1e-12,6,0.0001,1,new simulation,nan
7,28,0.09528024488034026,1.2000000000000002,-0.29999999999999993,rolling,6.899999999999897,-0.13964926153287172,1.9391429554539659,20,20,0,1.9459229457327236,0.2,0.3490658503988659,9.81,1,1,9,21,41,-3.0,3.0,0.01,30.0,60.0,1e-09,1e-12,6,0.0001,1,new simulation,nan
7,29,0.09528024488034026,1.3499999999999996,-0.29999999999999993,rolling,6.849999999999898,-0.13122288901630536,1.933380923340081,20,20,0,1.9459357597298454,0.2,0.3490658503988659,9.81,1,1,9,21,41,-3.0,3.0,0.01,30.0,60.0,1e-09,1e-12,6,0.0001,1,new simulation,nan
7,30,0.09528024488034026,1.5,-0.29999999999999993,rolling,6.449999999999907,-0.14784883644353783,1.9450751241841941,19,19,0,1.9459168625924708,0.2,0.3490658503988659,9.81,1,1,9,21,41,-3.0,3.0,0.01,30.0,60.0,1e-09,1e-12,6,0.0001,1,new simulation,nan
7,31,0.09528024488034026,1.6499999999999995,-0.29999999999999993,rolling,6.059999999999915,-0.1487163198104054,1.9457194867401755,18,18,0,1.94590622003152,0.2,0.3490658503988659,9.81,1,1,9,21,41,-3.0,3.0,0.01,30.0,60.0,1e-09,1e-12,6,0.0001,1,new simulation,nan
7,32,0.09528024488034026,1.7999999999999998,-0.29999999999999993,rolling,5.679999999999923,-0.1335635626022947,1.9349466626184053,17,17,0,1.945927911784291,0.2,0.3490658503988659,9.81,1,1,9,21,41,-3.0,3.0,0.01,30.0,60.0,1e-09,1e-12,6,0.0001,1,new simulation,nan
7,33,0.09528024488034026,1.9500000000000002,-0.29999999999999993,rolling,4.949999999999939,-0.1427173396839796,1.9413517004219103,15,15,0,1.9460666722697038,0.2,0.3490658503988659,9.81,1,1,9,21,41,-3.0,3.0,0.01,30.0,60.0,1e-09,1e-12,6,0.0001,1,new simulation,nan
7,34,0.09528024488034026,2.0999999999999996,-0.29999999999999993,rolling,5.919999999999918,-0.14621319438591346,1.9438938438251039,18,18,0,1.9460703855910484,0.2,0.3490658503988659,9.81,1,1,9,21,41,-3.0,3.0,0.01,30.0,60.0,1e-09,1e-12,6,0.0001,1,new simulation,nan
7,35,0.09528024488034026,2.25,-0.29999999999999993,rolling,6.219999999999912,-0.13657740414358416,1.9370301773177983,19,19,0,1.9460774220354553,0.2,0.3490658503988659,9.81,1,1,9,21,41,-3.0,3.0,0.01,30.0,60.0,1e-09,1e-12,6,0.0001,1,new simulation,nan
7,36,0.09528024488034026,2.3999999999999995,-0.29999999999999993,rolling,6.509999999999906,-0.14901575310928777,1.945972425433618,20,20,0,1.9460676682052043,0.2,0.3490658503988659,9.81,1,1,9,21,41,-3.0,3.0,0.01,30.0,60.0,1e-09,1e-12,6,0.0001,1,new simulation,nan
7,37,0.09528024488034026,2.55,-0.29999999999999993,rolling,6.809999999999899,-0.14455633603105378,1.9426790124208202,21,21,0,1.9460531743068692,0.2,0.3490658503988659,9.81,1,1,9,21,41,-3.0,3.0,0.01,30.0,60.0,1e-09,1e-12,6,0.0001,1,new simulation,nan
7,38,0.09528024488034026,2.7,-0.29999999999999993,rolling,6.7699999999999,-0.14422670037186217,1.9424422718529575,21,21,0,1.9460686553053688,0.2,0.3490658503988659,9.81,1,1,9,21,41,-3.0,3.0,0.01,30.0,60.0,1e-09,1e-12,6,0.0001,1,new simulation,nan
7,39,0.09528024488034026,2.8499999999999996,-0.29999999999999993,rolling,6.729999999999901,-0.14616426455666676,1.9438605078651947,21,21,0,1.9460850205972469,0.2,0.3490658503988659,9.81,1,1,9,21,41,-3.0,3.0,0.01,30.0,60.0,1e-09,1e-12,6,0.0001,1,new simulation,nan
7,40,0.09528024488034026,3.0,-0.29999999999999993,rolling,7.0299999999998946,-0.14851749397139344,1.9455985121987298,22,22,0,1.9460588848658664,0.2,0.3490658503988659,9.81,1,1,9,21,41,-3.0,3.0,0.01,30.0,60.0,1e-09,1e-12,6,0.0001,1,new simulation,nan
8,0,0.13018682992022684,-3.0,-0.19999999999999996,rolling,8.749999999999858,-0.13773015907232344,1.9378035281727448,24,22,2,1.9459407238563964,0.2,0.3490658503988659,9.81,1,1,9,21,41,-3.0,3.0,0.01,30.0,60.0,1e-09,1e-12,6,0.0001,1,new simulation,nan
8,1,0.13018682992022684,-2.85,-0.19999999999999996,rolling,8.789999999999857,-0.131707884012727,1.9337037520458944,24,22,2,1.9459372369045778,0.2,0.3490658503988659,9.81,1,1,9,21,41,-3.0,3.0,0.01,30.0,60.0,1e-09,1e-12,6,0.0001,1,new simulation,nan
8,2,0.13018682992022684,-2.7,-0.19999999999999996,rolling,8.869999999999855,-0.14904823740791076,1.9459726871679126,24,22,2,1.9459339300137604,0.2,0.3490658503988659,9.81,1,1,9,21,41,-3.0,3.0,0.01,30.0,60.0,1e-09,1e-12,6,0.0001,1,new simulation,nan
8,3,0.13018682992022684,-2.55,-0.19999999999999996,rolling,9.059999999999851,-0.13336871308464196,1.9348157247931228,24,22,2,1.9459308008646943,0.2,0.3490658503988659,9.81,1,1,9,21,41,-3.0,3.0,0.01,30.0,60.0,1e-09,1e-12,6,0.0001,1,new simulation,nan
8,4,0.13018682992022684,-2.4,-0.19999999999999996,rolling,9.59999999999984,-0.1306807028492595,1.9330202318366545,24,22,2,1.9459278513948426,0.2,0.3490658503988659,9.81,1,1,9,21,41,-3.0,3.0,0.01,30.0,60.0,1e-09,1e-12,6,0.0001,1,new simulation,nan
8,5,0.13018682992022684,-2.25,-0.19999999999999996,settled,1.410000000000001,-0.14906585039886588,0.0,3,1,2,nan,0.2,0.3490658503988659,9.81,1,1,9,21,41,-3.0,3.0,0.01,30.0,60.0,1e-09,1e-12,6,0.0001,1,new simulation,nan
8,6,0.13018682992022684,-2.1,-0.19999999999999996,rolling,8.449999999999864,-0.14015910456044303,1.939502401253109,22,21,1,1.9459218667780382,0.2,0.3490658503988659,9.81,1,1,9,21,41,-3.0,3.0,0.01,30.0,60.0,1e-09,1e-12,6,0.0001,1,new simulation,nan
8,7,0.13018682992022684,-1.95,-0.19999999999999996,rolling,8.21999999999987,-0.13991656110251618,1.939329893192062,22,21,1,1.9459148574584566,0.2,0.3490658503988659,9.81,1,1,9,21,41,-3.0,3.0,0.01,30.0,60.0,1e-09,1e-12,6,0.0001,1,new simulation,nan
8,8,0.13018682992022684,-1.8,-0.19999999999999996,rolling,8.129999999999871,-0.14167562109041892,1.9405770044015225,22,21,1,1.9459083678744655,0.2,0.3490658503988659,9.81,1,1,9,21,41,-3.0,3.0,0.01,30.0,60.0,1e-09,1e-12,6,0.0001,1,new simulation,nan
8,9,0.13018682992022684,-1.6500000000000001,-0.19999999999999996,rolling,8.439999999999864,-0.1320859471319507,1.9339567659273647,23,22,1,1.9459415942133116,0.2,0.3490658503988659,9.81,1,1,9,21,41,-3.0,3.0,0.01,30.0,60.0,1e-09,1e-12,6,0.0001,1,new simulation,nan
8,10,0.13018682992022684,-1.5,-0.19999999999999996,rolling,8.439999999999864,-0.13480065436468483,1.9357874332077338,23,22,1,1.9459383948780544,0.2,0.3490658503988659,9.81,1,1,9,21,41,-3.0,3.0,0.01,30.0,60.0,1e-09,1e-12,6,0.0001,1,new simulation,nan
8,11,0.13018682992022684,-1.35,-0.19999999999999996,rolling,8.469999999999864,-0.14026503903365958,1.9395797417357514,23,22,1,1.945935501034927,0.2,0.3490658503988659,9.81,1,1,9,21,41,-3.0,3.0,0.01,30.0,60.0,1e-09,1e-12,6,0.0001,1,new simulation,nan
8,12,0.13018682992022684,-1.2000000000000002,-0.19999999999999996,rolling,8.539999999999862,-0.1388333597427582,1.9385717918567351,23,22,1,1.945932910719904,0.2,0.3490658503988659,9.81,1,1,9,21,41,-3.0,3.0,0.01,30.0,60.0,1e-09,1e-12,6,0.0001,1,new simulation,nan
8,13,0.13018682992022684,-1.05,-0.19999999999999996,rolling,8.65999999999986,-0.14732748931390904,1.9446908990986218,23,22,1,1.945930626323763,0.2,0.3490658503988659,9.81,1,1,9,21,41,-3.0,3.0,0.01,30.0,60.0,1e-09,1e-12,6,0.0001,1,new simulation,nan
8,14,0.13018682992022684,-0.8999999999999999,-0.19999999999999996,rolling,8.909999999999854,-0.13710351458535547,1.9373667352457082,23,22,1,1.9459286464939696,0.2,0.3490658503988659,9.81,1,1,9,21,41,-3.0,3.0,0.01,30.0,60.0,1e-09,1e-12,6,0.0001,1,new simulation,nan
8,15,0.13018682992022684,-0.75,-0.19999999999999996,settled,0.6600000000000004,-0.14906585039886588,0.0,2,1,1,nan,0.2,0.3490658503988659,9.81,1,1,9,21,41,-3.0,3.0,0.01,30.0,60.0,1e-09,1e-12,6,0.0001,1,new simulation,nan
8,16,0.13018682992022684,-0.6000000000000001,-0.19999999999999996,settled,0.7600000000000005,-0.14906585039886588,0.0,2,1,1,nan,0.2,0.3490658503988659,9.81,1,1,9,21,41,-3.0,3.0,0.01,30.0,60.0,1e-09,1e-12,6,0.0001,1,new simulation,nan
8,17,0.13018682992022684,-0.4500000000000002,-0.19999999999999996,settled,1.1600000000000008,-0.14906585039886588,0.0,2,1,1,nan,0.2,0.3490658503988659,9.81,1,1,9,21,41,-3.0,3.0,0.01,30.0,60.0,1e-09,1e-12,6,0.0001,1,new simulation,nan
8,18,0.13018682992022684,-0.30000000000000027,-0.19999999999999996,rolling,8.19999999999987,-0.13141172655863256,1.9335045433434046,21,21,0,1.945925597500221,0.2,0.3490658503988659,9.81,1,1,9,21,41,-3.0,3.0,0.01,30.0,60.0,1e-09,1e-12,6,0.0001,1,new simulation,nan
8,19,0.13018682992022684,-0.1499999999999999,-0.19999999999999996,rolling,7.919999999999876,-0.14658451359730781,1.944140874163365,21,21,0,1.9459242681253828,0.2,0.3490658503988659,9.81,1,1,9,21,41,-3.0,3.0,0.01,30.0,60.0,1e-09,1e-12,6,0.0001,1,new simulation,nan
8,20,0.13018682992022684,0.0,-0.19999999999999996,rolling,7.779999999999879,-0.1379219073346898,1.9379338388859575,21,21,0,1.9459238263800127,0.2,0.3490658503988659,9.81,1,1,9,21,41,-3.0,3.0,0.01,30.0,60.0,1e-09,1e-12,6,0.0001,1,new simulation,nan
8,21,0.13018682992022684,0.1499999999999999,-0.19999999999999996,rolling,7.679999999999881,-0.13278108386065465,1.9344191834784836,21,21,0,1.9459242692184675,0.2,0.3490658503988659,9.81,1,1,9,21,41,-3.0,3.0,0.01,30.0,60.0,1e-09,1e-12,6,0.0001,1,new simulation,nan
8,22,0.13018682992022684,0.2999999999999998,-0.19999999999999996,rolling,7.589999999999883,-0.14602507107927962,1.9437295362593283,21,21,0,1.9459255961836943,0.2,0.3490658503988659,9.81,1,1,9,21,41,-3.0,3.0,0.01,30.0,60.0,1e-09,1e-12,6,0.0001,1,new simulation,nan
8,23,0.13018682992022684,0.44999999999999973,-0.19999999999999996,rolling,7.519999999999884,-0.1409418662322592,1.94005802994816,21,21,0,1.9459278080680678,0.2,0.3490658503988659,9.81,1,1,9,21,41,-3.0,3.0,0.01,30.0,60.0,1e-09,1e-12,6,0.0001,1,new simulation,nan
8,24,0.13018682992022684,0.5999999999999996,-0.19999999999999996,rolling,7.449999999999886,-0.14812528646049522,1.9452832229007209,21,21,0,1.9459309049159739,0.2,0.3490658503988659,9.81,1,1,9,21,41,-3.0,3.0,0.01,30.0,60.0,1e-09,1e-12,6,0.0001,1,new simulation,nan
8,25,0.13018682992022684,0.75,-0.19999999999999996,rolling,7.389999999999887,-0.143946506234508,1.9422149670265316,21,21,0,1.9459348865757917,0.2,0.3490658503988659,9.81,1,1,9,21,41,-3.0,3.0,0.01,30.0,60.0,1e-09,1e-12,6,0.0001,1,new simulation,nan
8,26,0.13018682992022684,0.8999999999999999,-0.19999999999999996,rolling,7.329999999999888,-0.1456246105301389,1.9434383777776927,21,21,0,1.9459397520125734,0.2,0.3490658503988659,9.81,1,1,9,21,41,-3.0,3.0,0.01,30.0,60.0,1e-09,1e-12,6,0.0001,1,new simulation,nan
8,27,0.13018682992022684,1.0499999999999998,-0.19999999999999996,rolling,6.9399999999998965,-0.13429078098476105,1.9354354940772507,20,20,0,1.9459090563663235,0.2,0.3490658503988659,9.81,1,1,9,21,41,-3.0,3.0,0.01,30.0,60.0,1e-09,1e-12,6,0.0001,1,new simulation,nan
8,28,0.13018682992022684,1.2000000000000002,-0.19999999999999996,rolling,6.879999999999898,-0.14464042710405067,1.942716275243234,20,20,0,1.945920364678537,0.2,0.3490658503988659,9.81,1,1,9,21,41,-3.0,3.0,0.01,30.0,60.0,1e-09,1e-12,6,0.0001,1,new simulation,nan
8,29,0.13018682992022684,1.3499999999999996,-0.19999999999999996,rolling,6.829999999999899,-0.13923043825234574,1.938850290874055,20,20,0,1.9459331798073831,0.2,0.3490658503988659,9.81,1,1,9,21,41,-3.0,3.0,0.01,30.0,60.0,1e-09,1e-12,6,0.0001,1,new simulation,nan
8,30,0.13018682992022684,1.5,-0.19999999999999996,rolling,6.439999999999907,-0.13893998428286639,1.9386427982005352,19,19,0,1.9459124636209888,0.2,0.3490658503988659,9.81,1,1,9,21,41,-3.0,3.0,0.01,30.0,60.0,1e-09,1e-12,6,0.0001,1,new simulation,nan
8,31,0.13018682992022684,1.6499999999999995,-0.19999999999999996,rolling,6.389999999999908,-0.14014101552841748,1.9394927885980493,19,19,0,1.945939437653348,0.2,0.3490658503988659,9.81,1,1,9,21,41,-3.0,3.0,0.01,30.0,60.0,1e-09,1e-12,6,0.0001,1,new simulation,nan
8,32,0.13018682992022684,1.7999999999999998,-0.19999999999999996,rolling,5.659999999999924,-0.1478628382035932,1.9450852186491616,17,17,0,1.9459151410626692,0.2,0.3490658503988659,9.81,1,1,9,21,41,-3.0,3.0,0.01,30.0,60.0,1e-09,1e-12,6,0.0001,1,new simulation,nan
8,33,0.13018682992022684,1.9500000000000002,-0.19999999999999996,rolling,4.599999999999946,-0.14083952869166402,1.9400078320049607,14,14,0,1.946052344423709,0.2,0.3490658503988659,9.81,1,1,9,21,41,-3.0,3.0,0.01,30.0,60.0,1e-09,1e-12,6,0.0001,1,new simulation,nan
8,34,0.13018682992022684,2.0999999999999996,-0.19999999999999996,rolling,5.909999999999918,-0.14390561394714588,1.942208411263245,18,18,0,1.9460628920726866,0.2,0.3490658503988659,9.81,1,1,9,21,41,-3.0,3.0,0.01,30.0,60.0,1e-09,1e-12,6,0.0001,1,new simulation,nan
8,35,0.13018682992022684,2.25,-0.19999999999999996,rolling,6.209999999999912,-0.1354188877966662,1.936233739644278,19,19,0,1.9460730243504003,0.2,0.3490658503988659,9.81,1,1,9,21,41,-3.0,3.0,0.01,30.0,60.0,1e-09,1e-12,6,0.0001,1,new simulation,nan
8,36,0.13018682992022684,2.3999999999999995,-0.19999999999999996,rolling,6.499999999999906,-0.14886954269850994,1.9458625827467375,20,20,0,1.9460650874133074,0.2,0.3490658503988659,9.81,1,1,9,21,41,-3.0,3.0,0.01,30.0,60.0,1e-09,1e-12,6,0.0001,1,new simulation,nan
8,37,0.13018682992022684,2.55,-0.19999999999999996,rolling,6.459999999999907,-0.1470563830758279,1.9445189961303755,20,20,0,1.946089959438111,0.2,0.3490658503988659,9.81,1,1,9,21,41,-3.0,3.0,0.01,30.0,60.0,1e-09,1e-12,6,0.0001,1,new simulation,nan
8,38,0.13018682992022684,2.7,-0.19999999999999996,rolling,6.7599999999999,-0.14581017192325066,1.9435973187877402,21,21,0,1.9460671414698423,0.2,0.3490658503988659,9.81,1,1,9,21,41,-3.0,3.0,0.01,30.0,60.0,1e-09,1e-12,6,0.0001,1,new simulation,nan
8,39,0.13018682992022684,2.8499999999999996,-0.19999999999999996,rolling,6.719999999999901,-0.14849365930003247,1.9455851604762193,21,21,0,1.9460835065889686,0.2,0.3490658503988659,9.81,1,1,9,21,41,-3.0,3.0,0.01,30.0,60.0,1e-09,1e-12,6,0.0001,1,new simulation,nan
8,40,0.13018682992022684,3.0,-0.19999999999999996,rolling,7.0299999999998946,-0.13212162697683447,1.9340016721340463,22,22,0,1.9460579959516178,0.2,0.3490658503988659,9.81,1,1,9,21,41,-3.0,3.0,0.01,30.0,60.0,1e-09,1e-12,6,0.0001,1,new simulation,nan
9,0,0.16509341496011343,-3.0,-0.09999999999999998,rolling,8.759999999999858,-0.1447928073591013,1.9428308325133845,24,22,2,1.9459403221932725,0.2,0.3490658503988659,9.81,1,1,9,21,41,-3.0,3.0,0.01,30.0,60.0,1e-09,1e-12,6,0.0001,1,new simulation,nan
9,1,0.16509341496011343,-2.85,-0.09999999999999998,rolling,8.809999999999857,-0.1311605807602297,1.9333397592943886,24,22,2,1.9459368358829954,0.2,0.3490658503988659,9.81,1,1,9,21,41,-3.0,3.0,0.01,30.0,60.0,1e-09,1e-12,6,0.0001,1,new simulation,nan
9,2,0.16509341496011343,-2.7,-0.09999999999999998,rolling,8.899999999999855,-0.1472845922474473,1.9446596601531647,24,22,2,1.94593352891259,0.2,0.3490658503988659,9.81,1,1,9,21,41,-3.0,3.0,0.01,30.0,60.0,1e-09,1e-12,6,0.0001,1,new simulation,nan
9,3,0.16509341496011343,-2.55,-0.09999999999999998,rolling,9.10999999999985,-0.13515563508673406,1.9360280557114626,24,22,2,1.9459304010322036,0.2,0.3490658503988659,9.81,1,1,9,21,41,-3.0,3.0,0.01,30.0,60.0,1e-09,1e-12,6,0.0001,1,new simulation,nan
9,4,0.16509341496011343,-2.4,-0.09999999999999998,rolling,9.859999999999834,-0.14209759393322693,1.9408820740475603,24,22,2,1.9459274509195092,0.2,0.3490658503988659,9.81,1,1,9,21,41,-3.0,3.0,0.01,30.0,60.0,1e-09,1e-12,6,0.0001,1,new simulation,nan
9,5,0.16509341496011343,-2.25,-0.09999999999999998,settled,1.6100000000000012,-0.14906585039886588,0.0,3,1,2,nan,0.2,0.3490658503988659,9.81,1,1,9,21,41,-3.0,3.0,0.01,30.0,60.0,1e-09,1e-12,6,0.0001,1,new simulation,nan
9,6,0.16509341496011343,-2.1,-0.09999999999999998,rolling,8.409999999999865,-0.13820626176528378,1.9381313661264428,22,21,1,1.9459207042492663,0.2,0.3490658503988659,9.81,1,1,9,21,41,-3.0,3.0,0.01,30.0,60.0,1e-09,1e-12,6,0.0001,1,new simulation,nan
9,7,0.16509341496011343,-1.95,-0.09999999999999998,rolling,8.21999999999987,-0.13357271155172534,1.934950267647075,22,21,1,1.9459136955331395,0.2,0.3490658503988659,9.81,1,1,9,21,41,-3.0,3.0,0.01,30.0,60.0,1e-09,1e-12,6,0.0001,1,new simulation,nan
9,8,0.16509341496011343,-1.8,-0.09999999999999998,rolling,8.139999999999871,-0.14144346535907046,1.9404112099331061,22,21,1,1.945907205215048,0.2,0.3490658503988659,9.81,1,1,9,21,41,-3.0,3.0,0.01,30.0,60.0,1e-09,1e-12,6,0.0001,1,new simulation,nan
9,9,0.16509341496011343,-1.6500000000000001,-0.09999999999999998,rolling,8.459999999999864,-0.13022055802542876,1.9327188043329073,23,22,1,1.9459409120547353,0.2,0.3490658503988659,9.81,1,1,9,21,41,-3.0,3.0,0.01,30.0,60.0,1e-09,1e-12,6,0.0001,1,new simulation,nan
9,10,0.16509341496011343,-1.5,-0.09999999999999998,rolling,8.469999999999864,-0.13130132738000416,1.9334333686908087,23,22,1,1.9459377135336966,0.2,0.3490658503988659,9.81,1,1,9,21,41,-3.0,3.0,0.01,30.0,60.0,1e-09,1e-12,6,0.0001,1,new simulation,nan
9,11,0.16509341496011343,-1.35,-0.09999999999999998,rolling,8.509999999999863,-0.13999152248763272,1.9393863905742132,23,22,1,1.9459348196652249,0.2,0.3490658503988659,9.81,1,1,9,21,41,-3.0,3.0,0.01,30.0,60.0,1e-09,1e-12,6,0.0001,1,new simulation,nan
9,12,0.16509341496011343,-1.2000000000000002,-0.09999999999999998,rolling,8.599999999999861,-0.13508104270934976,1.935977470525414,23,22,1,1.9459322296641381,0.2,0.3490658503988659,9.81,1,1,9,21,41,-3.0,3.0,0.01,30.0,60.0,1e-09,1e-12,6,0.0001,1,new simulation,nan
9,13,0.16509341496011343,-1.05,-0.09999999999999998,rolling,8.759999999999858,-0.13672091278111986,1.9371025349779976,23,22,1,1.9459299442423037,0.2,0.3490658503988659,9.81,1,1,9,21,41,-3.0,3.0,0.01,30.0,60.0,1e-09,1e-12,6,0.0001,1,new simulation,nan
9,14,0.16509341496011343,-0.8999999999999999,-0.09999999999999998,rolling,9.12999999999985,-0.14544280608988003,1.9433031631035367,23,22,1,1.9459279639805735,0.2,0.3490658503988659,9.81,1,1,9,21,41,-3.0,3.0,0.01,30.0,60.0,1e-09,1e-12,6,0.0001,1,new simulation,nan
9,15,0.16509341496011343,-0.75,-0.09999999999999998,settled,0.7500000000000004,-0.14906585039886588,0.0,2,1,1,nan,0.2,0.3490658503988659,9.81,1,1,9,21,41,-3.0,3.0,0.01,30.0,60.0,1e-09,1e-12,6,0.0001,1,new simulation,nan
9,16,0.16509341496011343,-0.6000000000000001,-0.09999999999999998,settled,0.9800000000000006,-0.14906585039886588,0.0,2,1,1,nan,0.2,0.3490658503988659,9.81,1,1,9,21,41,-3.0,3.0,0.01,30.0,60.0,1e-09,1e-12,6,0.0001,1,new simulation,nan
9,17,0.16509341496011343,-0.4500000000000002,-0.09999999999999998,rolling,8.349999999999866,-0.13587968556918684,1.9365228337925868,21,21,0,1.9459258275431797,0.2,0.3490658503988659,9.81,1,1,9,21,41,-3.0,3.0,0.01,30.0,60.0,1e-09,1e-12,6,0.0001,1,new simulation,nan
9,18,0.16509341496011343,-0.30000000000000027,-0.09999999999999998,rolling,7.979999999999874,-0.14487153586902307,1.9428851955455388,21,21,0,1.9459236152602222,0.2,0.3490658503988659,9.81,1,1,9,21,41,-3.0,3.0,0.01,30.0,60.0,1e-09,1e-12,6,0.0001,1,new simulation,nan
9,19,0.16509341496011343,-0.1499999999999999,-0.09999999999999998,rolling,7.819999999999878,-0.14263542294990847,1.9412668080849156,21,21,0,1.9459222875469095,0.2,0.3490658503988659,9.81,1,1,9,21,41,-3.0,3.0,0.01,30.0,60.0,1e-09,1e-12,6,0.0001,1,new simulation,nan
9,20,0.16509341496011343,0.0,-0.09999999999999998,rolling,7.70999999999988,-0.14765761526538415,1.9449340354058207,21,21,0,1.945921845814535,0.2,0.3490658503988659,9.81,1,1,9,21,41,-3.0,3.0,0.01,30.0,60.0,1e-09,1e-12,6,0.0001,1,new simulation,nan
9,21,0.16509341496011343,0.1499999999999999,-0.09999999999999998,rolling,7.629999999999882,-0.1396183926676539,1.939121100154274,21,21,0,1.9459222880278382,0.2,0.3490658503988659,9.81,1,1,9,21,41,-3.0,3.0,0.01,30.0,60.0,1e-09,1e-12,6,0.0001,1,new simulation,nan
9,22,0.16509341496011343,0.2999999999999998,-0.09999999999999998,rolling,7.559999999999883,-0.13531157031354168,1.936133351911055,21,21,0,1.9459236159130715,0.2,0.3490658503988659,9.81,1,1,9,21,41,-3.0,3.0,0.01,30.0,60.0,1e-09,1e-12,6,0.0001,1,new simulation,nan
9,23,0.16509341496011343,0.44999999999999973,-0.09999999999999998,rolling,7.489999999999885,-0.14396681692717692,1.9422280526047733,21,21,0,1.945925827695672,0.2,0.3490658503988659,9.81,1,1,9,21,41,-3.0,3.0,0.01,30.0,60.0,1e-09,1e-12,6,0.0001,1,new simulation,nan
9,24,0.16509341496011343,0.5999999999999996,-0.09999999999999998,rolling,7.429999999999886,-0.14112972099738652,1.9401917549025762,21,21,0,1.9459289243203983,0.2,0.3490658503988659,9.81,1,1,9,21,41,-3.0,3.0,0.01,30.0,60.0,1e-09,1e-12,6,0.0001,1,new simulation,nan
9,25,0.16509341496011343,0.75,-0.09999999999999998,rolling,7.369999999999887,-0.14363476084964538,1.9419889634271672,21,21,0,1.945932905652959,0.2,0.3490658503988659,9.81,1,1,9,21,41,-3.0,3.0,0.01,30.0,60.0,1e-09,1e-12,6,0.0001,1,new simulation,nan
9,26,0.16509341496011343,0.8999999999999999,-0.09999999999999998,rolling,7.319999999999888,-0.13082173235478775,1.933115338170613,21,21,0,1.945937770939248,0.2,0.3490658503988659,9.81,1,1,9,21,41,-3.0,3.0,0.01,30.0,60.0,1e-09,1e-12,6,0.0001,1,new simulation,nan
9,27,0.16509341496011343,1.0499999999999998,-0.09999999999999998,rolling,6.919999999999897,-0.14255824721404786,1.9412083887482077,20,20,0,1.9459056809149606,0.2,0.3490658503988659,9.81,1,1,9,21,41,-3.0,3.0,0.01,30.0,60.0,1e-09,1e-12,6,0.0001,1,new simulation,nan
9,28,0.16509341496011343,1.2000000000000002,-0.09999999999999998,rolling,6.869999999999898,-0.13637510642906597,1.9368617910479475,20,20,0,1.9459169888069896,0.2,0.3490658503988659,9.81,1,1,9,21,41,-3.0,3.0,0.01,30.0,60.0,1e-09,1e-12,6,0.0001,1,new simulation,nan
9,29,0.16509341496011343,1.3499999999999996,-0.09999999999999998,rolling,6.819999999999899,-0.13324432530647054,1.9347317189149857,20,20,0,1.9459298042247484,0.2,0.3490658503988659,9.81,1,1,9,21,41,-3.0,3.0,0.01,30.0,60.0,1e-09,1e-12,6,0.0001,1,new simulation,nan
9,30,0.16509341496011343,1.5,-0.09999999999999998,rolling,6.429999999999907,-0.13479517293951027,1.9357779719259873,19,19,0,1.9459067118024942,0.2,0.3490658503988659,9.81,1,1,9,21,41,-3.0,3.0,0.01,30.0,60.0,1e-09,1e-12,6,0.0001,1,new simulation,nan
9,31,0.16509341496011343,1.6499999999999995,-0.09999999999999998,rolling,6.379999999999908,-0.13752498698959753,1.9376597528576323,19,19,0,1.9459336868428856,0.2,0.3490658503988659,9.81,1,1,9,21,41,-3.0,3.0,0.01,30.0,60.0,1e-09,1e-12,6,0.0001,1,new simulation,nan
9,32,0.16509341496011343,1.7999999999999998,-0.09999999999999998,rolling,5.989999999999917,-0.1448124107653165,1.9428449254111473,18,18,0,1.9459392708916472,0.2,0.3490658503988659,9.81,1,1,9,21,41,-3.0,3.0,0.01,30.0,60.0,1e-09,1e-12,6,0.0001,1,new simulation,nan
9,33,0.16509341496011343,1.9500000000000002,-0.09999999999999998,rolling,3.9099999999999606,-0.14407653672495843,1.9423060378992523,12,12,0,1.945917222293847,0.2,0.3490658503988659,9.81,1,1,9,21,41,-3.0,3.0,0.01,30.0,60.0,1e-09,1e-12,6,0.0001,1,new simulation,nan
9,34,0.16509341496011343,2.0999999999999996,-0.09999999999999998,rolling,5.899999999999919,-0.14467812264373656,1.9427676259686322,18,18,0,1.9460530920829395,0.2,0.3490658503988659,9.81,1,1,9,21,41,-3.0,3.0,0.01,30.0,60.0,1e-09,1e-12,6,0.0001,1,new simulation,nan
9,35,0.16509341496011343,2.25,-0.09999999999999998,rolling,6.199999999999912,-0.13705059630803113,1.937355163505519,19,19,0,1.946067273432462,0.2,0.3490658503988659,9.81,1,1,9,21,41,-3.0,3.0,0.01,30.0,60.0,1e-09,1e-12,6,0.0001,1,new simulation,nan
9,36,0.16509341496011343,2.3999999999999995,-0.09999999999999998,rolling,6.499999999999906,-0.13187702027594533,1.9338390359883282,20,20,0,1.9460617127008009,0.2,0.3490658503988659,9.81,1,1,9,21,41,-3.0,3.0,0.01,30.0,60.0,1e-09,1e-12,6,0.0001,1,new simulation,nan
9,37,0.16509341496011343,2.55,-0.09999999999999998,rolling,6.459999999999907,-0.13076681173997187,1.933105933863907,20,20,0,1.9460865851642708,0.2,0.3490658503988659,9.81,1,1,9,21,41,-3.0,3.0,0.01,30.0,60.0,1e-09,1e-12,6,0.0001,1,new simulation,nan
9,38,0.16509341496011343,2.7,-0.09999999999999998,rolling,6.7599999999999,-0.13015634657196073,1.9326989938114012,21,21,0,1.9460651610783761,0.2,0.3490658503988659,9.81,1,1,9,21,41,-3.0,3.0,0.01,30.0,60.0,1e-09,1e-12,6,0.0001,1,new simulation,nan
9,39,0.16509341496011343,2.8499999999999996,-0.09999999999999998,rolling,6.719999999999901,-0.13339959378939786,1.9348638106713079,21,21,0,1.9460815257207111,0.2,0.3490658503988659,9.81,1,1,9,21,41,-3.0,3.0,0.01,30.0,60.0,1e-09,1e-12,6,0.0001,1,new simulation,nan
9,40,0.16509341496011343,3.0,-0.09999999999999998,rolling,7.019999999999895,-0.13694782413692963,1.9372822046628755,22,22,0,1.9460568333508483,0.2,0.3490658503988659,9.81,1,1,9,21,41,-3.0,3.0,0.01,30.0,60.0,1e-09,1e-12,6,0.0001,1,new simulation,nan
10,0,0.2,-3.0,0.0,rolling,8.779999999999857,-0.1349967623700411,1.9359213471861783,24,22,2,1.945939828502791,0.2,0.3490658503988659,9.81,1,1,9,21,41,-3.0,3.0,0.01,30.0,60.0,1e-09,1e-12,6,0.0001,1,new simulation,nan
10,1,0.2,-2.85,0.0,rolling,8.829999999999856,-0.1362796632601526,1.9367995896885049,24,22,2,1.9459363423761455,0.2,0.3490658503988659,9.81,1,1,9,21,41,-3.0,3.0,0.01,30.0,60.0,1e-09,1e-12,6,0.0001,1,new simulation,nan
10,2,0.2,-2.7,0.0,rolling,8.939999999999854,-0.1379583622641766,1.9379608741503813,24,22,2,1.9459330338859635,0.2,0.3490658503988659,9.81,1,1,9,21,41,-3.0,3.0,0.01,30.0,60.0,1e-09,1e-12,6,0.0001,1,new simulation,nan
10,3,0.2,-2.55,0.0,rolling,9.179999999999849,-0.13037396169334928,1.9328179766920857,24,22,2,1.9459299065689601,0.2,0.3490658503988659,9.81,1,1,9,21,41,-3.0,3.0,0.01,30.0,60.0,1e-09,1e-12,6,0.0001,1,new simulation,nan
10,4,0.2,-2.4,0.0,settled,1.1700000000000008,-0.14906585039886588,0.0,3,1,2,nan,0.2,0.3490658503988659,9.81,1,1,9,21,41,-3.0,3.0,0.01,30.0,60.0,1e-09,1e-12,6,0.0001,1,new simulation,nan
10,5,0.2,-2.25,0.0,rolling,9.379999999999844,-0.13070499825642232,1.9330361081437315,22,21,1,1.9459267980942523,0.2,0.3490658503988659,9.81,1,1,9,21,41,-3.0,3.0,0.01,30.0,60.0,1e-09,1e-12,6,0.0001,1,new simulation,nan
10,6,0.2,-2.1,0.0,rolling,8.369999999999866,-0.1390651087282253,1.9387317528233265,22,21,1,1.9459192702589672,0.2,0.3490658503988659,9.81,1,1,9,21,41,-3.0,3.0,0.01,30.0,60.0,1e-09,1e-12,6,0.0001,1,new simulation,nan
10,7,0.2,-1.95,0.0,rolling,8.20999999999987,-0.1447068002122858,1.9427631332745297,22,21,1,1.945912261323272,0.2,0.3490658503988659,9.81,1,1,9,21,41,-3.0,3.0,0.01,30.0,60.0,1e-09,1e-12,6,0.0001,1,new simulation,nan
10,8,0.2,-1.8,0.0,rolling,8.14999999999987,-0.14174158876869075,1.9406236350558168,22,21,1,1.9459057706689797,0.2,0.3490658503988659,9.81,1,1,9,21,41,-3.0,3.0,0.01,30.0,60.0,1e-09,1e-12,6,0.0001,1,new simulation,nan
10,9,0.2,-1.6500000000000001,0.0,rolling,8.479999999999864,-0.13208706766285963,1.9339572404187506,23,22,1,1.9459400709643495,0.2,0.3490658503988659,9.81,1,1,9,21,41,-3.0,3.0,0.01,30.0,60.0,1e-09,1e-12,6,0.0001,1,new simulation,nan
10,10,0.2,-1.5,0.0,rolling,8.499999999999863,-0.13611210087611322,1.9366844475747154,23,22,1,1.9459368718255396,0.2,0.3490658503988659,9.81,1,1,9,21,41,-3.0,3.0,0.01,30.0,60.0,1e-09,1e-12,6,0.0001,1,new simulation,nan
10,11,0.2,-1.35,0.0,rolling,8.559999999999862,-0.13657484769840633,1.937002494972392,23,22,1,1.945933978776415,0.2,0.3490658503988659,9.81,1,1,9,21,41,-3.0,3.0,0.01,30.0,60.0,1e-09,1e-12,6,0.0001,1,new simulation,nan
10,12,0.2,-1.2000000000000002,0.0,rolling,8.66999999999986,-0.14542070236837024,1.9432876085587325,23,22,1,1.9459313873413768,0.2,0.3490658503988659,9.81,1,1,9,21,41,-3.0,3.0,0.01,30.0,60.0,1e-09,1e-12,6,0.0001,1,new simulation,nan
10,13,0.2,-1.05,0.0,rolling,8.899999999999855,-0.13833046041912858,1.9382195268220384,23,22,1,1.9459291030933406,0.2,0.3490658503988659,9.81,1,1,9,21,41,-3.0,3.0,0.01,30.0,60.0,1e-09,1e-12,6,0.0001,1,new simulation,nan
10,14,0.2,-0.8999999999999999,0.0,rolling,10.249999999999826,-0.1328157770967679,1.9344429970350947,23,22,1,1.945927122661705,0.2,0.3490658503988659,9.81,1,1,9,21,41,-3.0,3.0,0.01,30.0,60.0,1e-09,1e-12,6,0.0001,1,new simulation,nan
10,15,0.2,-0.75,0.0,settled,0.8900000000000006,-0.14906585039886588,0.0,2,1,1,nan,0.2,0.3490658503988659,9.81,1,1,9,21,41,-3.0,3.0,0.01,30.0,60.0,1e-09,1e-12,6,0.0001,1,new simulation,nan
10,16,0.2,-0.6000000000000001,0.0,rolling,8.64999999999986,-0.14458607562502063,1.942677823896535,21,21,0,1.9459264803231555,0.2,0.3490658503988659,9.81,1,1,9,21,41,-3.0,3.0,0.01,30.0,60.0,1e-09,1e-12,6,0.0001,1,new simulation,nan
10,17,0.2,-0.4500000000000002,0.0,rolling,8.049999999999873,-0.1426819259546551,1.9413004168128278,21,21,0,1.9459233837528356,0.2,0.3490658503988659,9.81,1,1,9,21,41,-3.0,3.0,0.01,30.0,60.0,1e-09,1e-12,6,0.0001,1,new simulation,nan
10,18,0.2,-0.30000000000000027,0.0,rolling,7.869999999999877,-0.1321177647210387,1.9339743288704614,21,21,0,1.945921171161442,0.2,0.3490658503988659,9.81,1,1,9,21,41,-3.0,3.0,0.01,30.0,60.0,1e-09,1e-12,6,0.0001,1,new simulation,nan
10,19,0.2,-0.1499999999999999,0.0,rolling,7.749999999999879,-0.14401620587235578,1.9422627703670166,21,21,0,1.9459198455066804,0.2,0.3490658503988659,9.81,1,1,9,21,41,-3.0,3.0,0.01,30.0,60.0,1e-09,1e-12,6,0.0001,1,new simulation,nan
10,20,0.2,0.0,0.0,rolling,7.669999999999881,-0.13357494656787666,1.9349528086451988,21,21,0,1.945919402446098,0.2,0.3490658503988659,9.81,1,1,9,21,41,-3.0,3.0,0.01,30.0,60.0,1e-09,1e-12,6,0.0001,1,new simulation,nan
10,21,0.2,0.1499999999999999,0.0,rolling,7.599999999999882,-0.13053668626292075,1.9329235912746123,21,21,0,1.9459198442634547,0.2,0.3490658503988659,9.81,1,1,9,21,41,-3.0,3.0,0.01,30.0,60.0,1e-09,1e-12,6,0.0001,1,new simulation,nan
10,22,0.2,0.2999999999999998,0.0,rolling,7.529999999999884,-0.14156016122784038,1.940496929630283,21,21,0,1.9459211712085995,0.2,0.3490658503988659,9.81,1,1,9,21,41,-3.0,3.0,0.01,30.0,60.0,1e-09,1e-12,6,0.0001,1,new simulation,nan
10,23,0.2,0.44999999999999973,0.0,rolling,7.469999999999885,-0.14102169222604927,1.9401139514246915,21,21,0,1.9459233838871353,0.2,0.3490658503988659,9.81,1,1,9,21,41,-3.0,3.0,0.01,30.0,60.0,1e-09,1e-12,6,0.0001,1,new simulation,nan
10,24,0.2,0.5999999999999996,0.0,rolling,7.4099999999998865,-0.14519521553735043,1.9431218979459537,21,21,0,1.945926480364135,0.2,0.3490658503988659,9.81,1,1,9,21,41,-3.0,3.0,0.01,30.0,60.0,1e-09,1e-12,6,0.0001,1,new simulation,nan
10,25,0.2,0.75,0.0,rolling,7.3599999999998875,-0.13323481055437741,1.9347254270523884,21,21,0,1.945930461167056,0.2,0.3490658503988659,9.81,1,1,9,21,41,-3.0,3.0,0.01,30.0,60.0,1e-09,1e-12,6,0.0001,1,new simulation,nan
10,26,0.2,0.8999999999999999,0.0,rolling,7.299999999999889,-0.14334366594144038,1.9417791151967014,21,21,0,1.9459353258618834,0.2,0.3490658503988659,9.81,1,1,9,21,41,-3.0,3.0,0.01,30.0,60.0,1e-09,1e-12,6,0.0001,1,new simulation,nan
10,27,0.2,1.0499999999999998,0.0,rolling,7.24999999999989,-0.13659380178258537,1.9370168478889358,21,21,0,1.9459410766788665,0.2,0.3490658503988659,9.81,1,1,9,21,41,-3.0,3.0,0.01,30.0,60.0,1e-09,1e-12,6,0.0001,1,new simulation,nan
10,28,0.2,1.2000000000000002,0.0,rolling,6.859999999999898,-0.1341174454396062,1.9353186178818231,20,20,0,1.9459128247707014,0.2,0.3490658503988659,9.81,1,1,9,21,41,-3.0,3.0,0.01,30.0,60.0,1e-09,1e-12,6,0.0001,1,new simulation,nan
10,29,0.2,1.3499999999999996,0.0,rolling,6.809999999999899,-0.13252937473549087,1.934250589414811,20,20,0,1.945925639569394,0.2,0.3490658503988659,9.81,1,1,9,21,41,-3.0,3.0,0.01,30.0,60.0,1e-09,1e-12,6,0.0001,1,new simulation,nan
10,30,0.2,1.5,0.0,rolling,6.7599999999999,-0.13359770911097985,1.9349718993270226,20,20,0,1.9459399617941822,0.2,0.3490658503988659,9.81,1,1,9,21,41,-3.0,3.0,0.01,30.0,60.0,1e-09,1e-12,6,0.0001,1,new simulation,nan
10,31,0.2,1.6499999999999995,0.0,rolling,6.369999999999909,-0.13906769391146762,1.9387348863161322,19,19,0,1.945926590031043,0.2,0.3490658503988659,9.81,1,1,9,21,41,-3.0,3.0,0.01,30.0,60.0,1e-09,1e-12,6,0.0001,1,new simulation,nan
10,32,0.2,1.7999999999999998,0.0,rolling,5.979999999999917,-0.14722424625107927,1.9446138499599717,18,18,0,1.9459271762739097,0.2,0.3490658503988659,9.81,1,1,9,21,41,-3.0,3.0,0.01,30.0,60.0,1e-09,1e-12,6,0.0001,1,new simulation,nan
10,33,0.2,1.9500000000000002,0.0,rolling,4.9199999999999395,-0.14204659961490737,1.9408444578862385,15,15,0,1.9459212362430438,0.2,0.3490658503988659,9.81,1,1,9,21,41,-3.0,3.0,0.01,30.0,60.0,1e-09,1e-12,6,0.0001,1,new simulation,nan
10,34,0.2,2.0999999999999996,0.0,rolling,5.559999999999926,-0.13083462385385008,1.933148138395914,17,17,0,1.9460717921655515,0.2,0.3490658503988659,9.81,1,1,9,21,41,-3.0,3.0,0.01,30.0,60.0,1e-09,1e-12,6,0.0001,1,new simulation,nan
10,35,0.2,2.25,0.0,rolling,6.1899999999999125,-0.14144399471213173,1.9404391797903653,19,19,0,1.9460601761139307,0.2,0.3490658503988659,9.81,1,1,9,21,41,-3.0,3.0,0.01,30.0,60.0,1e-09,1e-12,6,0.0001,1,new simulation,nan
10,36,0.2,2.3999999999999995,0.0,rolling,6.489999999999906,-0.13679153881088227,1.9371743509188188,20,20,0,1.946057548423239,0.2,0.3490658503988659,9.81,1,1,9,21,41,-3.0,3.0,0.01,30.0,60.0,1e-09,1e-12,6,0.0001,1,new simulation,nan
10,37,0.2,2.55,0.0,rolling,6.449999999999907,-0.1361621705581386,1.9367451717475874,20,20,0,1.9460824202291203,0.2,0.3490658503988659,9.81,1,1,9,21,41,-3.0,3.0,0.01,30.0,60.0,1e-09,1e-12,6,0.0001,1,new simulation,nan
10,38,0.2,2.7,0.0,rolling,6.7499999999999005,-0.135995091022577,1.9366268004505562,21,21,0,1.946062717206755,0.2,0.3490658503988659,9.81,1,1,9,21,41,-3.0,3.0,0.01,30.0,60.0,1e-09,1e-12,6,0.0001,1,new simulation,nan
10,39,0.2,2.8499999999999996,0.0,rolling,6.709999999999901,-0.1396572278235757,1.9391767455242712,21,21,0,1.9460790822365508,0.2,0.3490658503988659,9.81,1,1,9,21,41,-3.0,3.0,0.01,30.0,60.0,1e-09,1e-12,6,0.0001,1,new simulation,nan
10,40,0.2,3.0,0.0,rolling,7.009999999999895,-0.14359813900014862,1.9419845631706325,22,22,0,1.9460553992375405,0.2,0.3490658503988659,9.81,1,1,9,21,41,-3.0,3.0,0.01,30.0,60.0,1e-09,1e-12,6,0.0001,1,new simulation,nan
11,0,0.2349065850398866,-3.0,0.09999999999999998,rolling,8.789999999999857,-0.1481817391108685,1.9453267439457984,24,22,2,1.9459392406815168,0.2,0.3490658503988659,9.81,1,1,9,21,41,-3.0,3.0,0.01,30.0,60.0,1e-09,1e-12,6,0.0001,1,new simulation,nan
11,1,0.2349065850398866,-2.85,0.09999999999999998,rolling,8.849999999999856,-0.14872671712697394,1.9457325666487684,24,22,2,1.9459357560548474,0.2,0.3490658503988659,9.81,1,1,9,21,41,-3.0,3.0,0.01,30.0,60.0,1e-09,1e-12,6,0.0001,1,new simulation,nan
11,2,0.2349065850398866,-2.7,0.09999999999999998,rolling,8.979999999999853,-0.14418125090582146,1.942384743019147,24,22,2,1.94593244728934,0.2,0.3490658503988659,9.81,1,1,9,21,41,-3.0,3.0,0.01,30.0,60.0,1e-09,1e-12,6,0.0001,1,new simulation,nan
11,3,0.2349065850398866,-2.55,0.09999999999999998,rolling,9.269999999999847,-0.13644324173932035,1.9369109470945558,24,22,2,1.9459293200944245,0.2,0.3490658503988659,9.81,1,1,9,21,41,-3.0,3.0,0.01,30.0,60.0,1e-09,1e-12,6,0.0001,1,new simulation,nan
11,4,0.2349065850398866,-2.4,0.09999999999999998,settled,1.2300000000000009,-0.14906585039886588,0.0,3,1,2,nan,0.2,0.3490658503988659,9.81,1,1,9,21,41,-3.0,3.0,0.01,30.0,60.0,1e-09,1e-12,6,0.0001,1,new simulation,nan
11,5,0.2349065850398866,-2.25,0.09999999999999998,rolling,8.789999999999857,-0.13514383462229101,1.9360190383996934,22,21,1,1.9459250937200003,0.2,0.3490658503988659,9.81,1,1,9,21,41,-3.0,3.0,0.01,30.0,60.0,1e-09,1e-12,6,0.0001,1,new simulation,nan
11,6,0.2349065850398866,-2.1,0.09999999999999998,rolling,8.329999999999867,-0.14772771437392251,1.9449852938547223,22,21,1,1.9459175642587656,0.2,0.3490658503988659,9.81,1,1,9,21,41,-3.0,3.0,0.01,30.0,60.0,1e-09,1e-12,6,0.0001,1,new simulation,nan
11,7,0.2349065850398866,-1.95,0.09999999999999998,rolling,8.20999999999987,-0.13776689860564417,1.937823618514137,22,21,1,1.9459105569060637,0.2,0.3490658503988659,9.81,1,1,9,21,41,-3.0,3.0,0.01,30.0,60.0,1e-09,1e-12,6,0.0001,1,new simulation,nan
11,8,0.2349065850398866,-1.8,0.09999999999999998,rolling,8.15999999999987,-0.1451898785272269,1.9431139622834477,22,21,1,1.9459040664591194,0.2,0.3490658503988659,9.81,1,1,9,21,41,-3.0,3.0,0.01,30.0,60.0,1e-09,1e-12,6,0.0001,1,new simulation,nan
11,9,0.2349065850398866,-1.6500000000000001,0.09999999999999998,rolling,8.499999999999863,-0.14069527269301899,1.9398850477012142,23,22,1,1.9459390712351794,0.2,0.3490658503988659,9.81,1,1,9,21,41,-3.0,3.0,0.01,30.0,60.0,1e-09,1e-12,6,0.0001,1,new simulation,nan
11,10,0.2349065850398866,-1.5,0.09999999999999998,rolling,8.539999999999862,-0.13441468297300424,1.9355244647227907,23,22,1,1.9459358724290805,0.2,0.3490658503988659,9.81,1,1,9,21,41,-3.0,3.0,0.01,30.0,60.0,1e-09,1e-12,6,0.0001,1,new simulation,nan
11,11,0.2349065850398866,-1.35,0.09999999999999998,rolling,8.61999999999986,-0.13883482597892427,1.9385728314082082,23,22,1,1.9459329777759453,0.2,0.3490658503988659,9.81,1,1,9,21,41,-3.0,3.0,0.01,30.0,60.0,1e-09,1e-12,6,0.0001,1,new simulation,nan
11,12,0.2349065850398866,-1.2000000000000002,0.09999999999999998,rolling,8.779999999999857,-0.13539716631612642,1.9361931002955581,23,22,1,1.9459303876728369,0.2,0.3490658503988659,9.81,1,1,9,21,41,-3.0,3.0,0.01,30.0,60.0,1e-09,1e-12,6,0.0001,1,new simulation,nan
11,13,0.2349065850398866,-1.05,0.09999999999999998,rolling,9.15999999999985,-0.13310948157080227,1.9346406216962004,23,22,1,1.9459281037776266,0.2,0.3490658503988659,9.81,1,1,9,21,41,-3.0,3.0,0.01,30.0,60.0,1e-09,1e-12,6,0.0001,1,new simulation,nan
11,14,0.2349065850398866,-0.8999999999999999,0.09999999999999998,settled,0.8400000000000005,-0.14906585039886588,0.0,2,1,1,nan,0.2,0.3490658503988659,9.81,1,1,9,21,41,-3.0,3.0,0.01,30.0,60.0,1e-09,1e-12,6,0.0001,1,new simulation,nan
11,15,0.2349065850398866,-0.75,0.09999999999999998,settled,1.460000000000001,-0.14906585039886588,0.0,2,1,1,nan,0.2,0.3490658503988659,9.81,1,1,9,21,41,-3.0,3.0,0.01,30.0,60.0,1e-09,1e-12,6,0.0001,1,new simulation,nan
11,16,0.2349065850398866,-0.6000000000000001,0.09999999999999998,rolling,8.139999999999871,-0.1332722233296374,1.9347493837739262,21,21,0,1.9459235742977692,0.2,0.3490658503988659,9.81,1,1,9,21,41,-3.0,3.0,0.01,30.0,60.0,1e-09,1e-12,6,0.0001,1,new simulation,nan
11,17,0.2349065850398866,-0.4500000000000002,0.09999999999999998,rolling,7.909999999999876,-0.14708467011274462,1.944509400660317,21,21,0,1.9459204776458192,0.2,0.3490658503988659,9.81,1,1,9,21,41,-3.0,3.0,0.01,30.0,60.0,1e-09,1e-12,6,0.0001,1,new simulation,nan
11,18,0.2349065850398866,-0.30000000000000027,0.09999999999999998,rolling,7.789999999999878,-0.1415271267398453,1.940472845824621,21,21,0,1.9459182662083887,0.2,0.3490658503988659,9.81,1,1,9,21,41,-3.0,3.0,0.01,30.0,60.0,1e-09,1e-12,6,0.0001,1,new simulation,nan
11,19,0.2349065850398866,-0.1499999999999999,0.09999999999999998,rolling,7.69999999999988,-0.1470272779965095,1.944466338629255,21,21,0,1.9459169394891929,0.2,0.3490658503988659,9.81,1,1,9,21,41,-3.0,3.0,0.01,30.0,60.0,1e-09,1e-12,6,0.0001,1,new simulation,nan
11,20,0.2349065850398866,0.0,0.09999999999999998,rolling,7.629999999999882,-0.1456576828512546,1.9434584176142948,21,21,0,1.9459164982956345,0.2,0.3490658503988659,9.81,1,1,9,21,41,-3.0,3.0,0.01,30.0,60.0,1e-09,1e-12,6,0.0001,1,new simulation,nan
11,21,0.2349065850398866,0.1499999999999999,0.09999999999999998,rolling,7.569999999999883,-0.1407366298960241,1.939910386089941,21,21,0,1.9459169390557003,0.2,0.3490658503988659,9.81,1,1,9,21,41,-3.0,3.0,0.01,30.0,60.0,1e-09,1e-12,6,0.0001,1,new simulation,nan
11,22,0.2349065850398866,0.2999999999999998,0.09999999999999998,rolling,7.509999999999884,-0.143746725300244,1.9420673138209579,21,21,0,1.9459182670059587,0.2,0.3490658503988659,9.81,1,1,9,21,41,-3.0,3.0,0.01,30.0,60.0,1e-09,1e-12,6,0.0001,1,new simulation,nan
11,23,0.2349065850398866,0.44999999999999973,0.09999999999999998,rolling,7.459999999999885,-0.13135690612599976,1.9334671770131506,21,21,0,1.9459204777378547,0.2,0.3490658503988659,9.81,1,1,9,21,41,-3.0,3.0,0.01,30.0,60.0,1e-09,1e-12,6,0.0001,1,new simulation,nan
11,24,0.2349065850398866,0.5999999999999996,0.09999999999999998,rolling,7.399999999999887,-0.14054783664106416,1.9397777454671297,21,21,0,1.9459235735406128,0.2,0.3490658503988659,9.81,1,1,9,21,41,-3.0,3.0,0.01,30.0,60.0,1e-09,1e-12,6,0.0001,1,new simulation,nan
11,25,0.2349065850398866,0.75,0.09999999999999998,rolling,7.349999999999888,-0.13198059811010246,1.933883873015841,21,21,0,1.9459275555354913,0.2,0.3490658503988659,9.81,1,1,9,21,41,-3.0,3.0,0.01,30.0,60.0,1e-09,1e-12,6,0.0001,1,new simulation,nan
11,26,0.2349065850398866,0.8999999999999999,0.09999999999999998,rolling,7.289999999999889,-0.14438345754205487,1.9425315712058484,21,21,0,1.9459324225212817,0.2,0.3490658503988659,9.81,1,1,9,21,41,-3.0,3.0,0.01,30.0,60.0,1e-09,1e-12,6,0.0001,1,new simulation,nan
11,27,0.2349065850398866,1.0499999999999998,0.09999999999999998,rolling,7.23999999999989,-0.13921346541044427,1.938839275871628,21,21,0,1.9459381735279218,0.2,0.3490658503988659,9.81,1,1,9,21,41,-3.0,3.0,0.01,30.0,60.0,1e-09,1e-12,6,0.0001,1,new simulation,nan
11,28,0.2349065850398866,1.2000000000000002,0.09999999999999998,rolling,6.849999999999898,-0.13785481925220144,1.93788427849349,20,20,0,1.9459078735254127,0.2,0.3490658503988659,9.81,1,1,9,21,41,-3.0,3.0,0.01,30.0,60.0,1e-09,1e-12,6,0.0001,1,new simulation,nan
11,29,0.2349065850398866,1.3499999999999996,0.09999999999999998,rolling,6.7999999999998995,-0.1370872967710911,1.9373540739584034,20,20,0,1.9459206890905267,0.2,0.3490658503988659,9.81,1,1,9,21,41,-3.0,3.0,0.01,30.0,60.0,1e-09,1e-12,6,0.0001,1,new simulation,nan
11,30,0.2349065850398866,1.5,0.09999999999999998,rolling,6.7499999999999005,-0.1387888582926189,1.9385410129207035,20,20,0,1.9459350119239585,0.2,0.3490658503988659,9.81,1,1,9,21,41,-3.0,3.0,0.01,30.0,60.0,1e-09,1e-12,6,0.0001,1,new simulation,nan
11,31,0.2349065850398866,1.6499999999999995,0.09999999999999998,rolling,6.359999999999909,-0.1447771875968329,1.942815459295432,19,19,0,1.9459181543574011,0.2,0.3490658503988659,9.81,1,1,9,21,41,-3.0,3.0,0.01,30.0,60.0,1e-09,1e-12,6,0.0001,1,new simulation,nan
11,32,0.2349065850398866,1.7999999999999998,0.09999999999999998,rolling,5.979999999999917,-0.13395824526725938,1.9352107695258642,18,18,0,1.9459128013896245,0.2,0.3490658503988659,9.81,1,1,9,21,41,-3.0,3.0,0.01,30.0,60.0,1e-09,1e-12,6,0.0001,1,new simulation,nan
11,33,0.2349065850398866,1.9500000000000002,0.09999999999999998,rolling,5.2499999999999325,-0.14683045610643708,1.9443198747898014,16,16,0,1.9459109088640043,0.2,0.3490658503988659,9.81,1,1,9,21,41,-3.0,3.0,0.01,30.0,60.0,1e-09,1e-12,6,0.0001,1,new simulation,nan
11,34,0.2349065850398866,2.0999999999999996,0.09999999999999998,rolling,5.209999999999933,-0.13938769270173149,1.938987730847352,16,16,0,1.9460825280675553,0.2,0.3490658503988659,9.81,1,1,9,21,41,-3.0,3.0,0.01,30.0,60.0,1e-09,1e-12,6,0.0001,1,new simulation,nan
11,35,0.2349065850398866,2.25,0.09999999999999998,rolling,5.84999999999992,-0.1309422252156888,1.9332227175497416,18,18,0,1.9460900980022025,0.2,0.3490658503988659,9.81,1,1,9,21,41,-3.0,3.0,0.01,30.0,60.0,1e-09,1e-12,6,0.0001,1,new simulation,nan
11,36,0.2349065850398866,2.3999999999999995,0.09999999999999998,rolling,6.479999999999906,-0.1442266184075207,1.942439320366691,20,20,0,1.9460525987677937,0.2,0.3490658503988659,9.81,1,1,9,21,41,-3.0,3.0,0.01,30.0,60.0,1e-09,1e-12,6,0.0001,1,new simulation,nan
11,37,0.2349065850398866,2.55,0.09999999999999998,rolling,6.439999999999907,-0.14386781004601054,1.9421836587980064,20,20,0,1.9460774721684875,0.2,0.3490658503988659,9.81,1,1,9,21,41,-3.0,3.0,0.01,30.0,60.0,1e-09,1e-12,6,0.0001,1,new simulation,nan
11,38,0.2349065850398866,2.7,0.09999999999999998,rolling,6.739999999999901,-0.14395989683346502,1.9422471837180562,21,21,0,1.9460598128288613,0.2,0.3490658503988659,9.81,1,1,9,21,41,-3.0,3.0,0.01,30.0,60.0,1e-09,1e-12,6,0.0001,1,new simulation,nan
11,39,0.2349065850398866,2.8499999999999996,0.09999999999999998,rolling,6.699999999999902,-0.14788152693210754,1.9451280812751355,21,21,0,1.9460761774837891,0.2,0.3490658503988659,9.81,1,1,9,21,41,-3.0,3.0,0.01,30.0,60.0,1e-09,1e-12,6,0.0001,1,new simulation,nan
11,40,0.2349065850398866,3.0,0.09999999999999998,rolling,7.009999999999895,-0.13266251401799223,1.934363029164203,22,22,0,1.9460536957924948,0.2,0.3490658503988659,9.81,1,1,9,21,41,-3.0,3.0,0.01,30.0,60.0,1e-09,1e-12,6,0.0001,1,new simulation,nan
12,0,0.26981317007977323,-3.0,0.20000000000000012,rolling,8.809999999999857,-0.146850081205798,1.94433933952673,24,22,2,1.94593856259921,0.2,0.3490658503988659,9.81,1,1,9,21,41,-3.0,3.0,0.01,30.0,60.0,1e-09,1e-12,6,0.0001,1,new simulation,nan
12,1,0.26981317007977323,-2.85,0.20000000000000012,rolling,8.889999999999855,-0.13191402513934625,1.933840803895693,24,22,2,1.9459350768317945,0.2,0.3490658503988659,9.81,1,1,9,21,41,-3.0,3.0,0.01,30.0,60.0,1e-09,1e-12,6,0.0001,1,new simulation,nan
12,2,0.26981317007977323,-2.7,0.20000000000000012,rolling,9.039999999999852,-0.1329469173962861,1.9345319468148146,24,22,2,1.945931769377408,0.2,0.3490658503988659,9.81,1,1,9,21,41,-3.0,3.0,0.01,30.0,60.0,1e-09,1e-12,6,0.0001,1,new simulation,nan
12,3,0.26981317007977323,-2.55,0.20000000000000012,rolling,9.409999999999844,-0.13454514723686128,1.9356118103925122,24,22,2,1.94592864096007,0.2,0.3490658503988659,9.81,1,1,9,21,41,-3.0,3.0,0.01,30.0,60.0,1e-09,1e-12,6,0.0001,1,new simulation,nan
12,4,0.26981317007977323,-2.4,0.20000000000000012,settled,1.330000000000001,-0.14906585039886588,0.0,3,1,2,nan,0.2,0.3490658503988659,9.81,1,1,9,21,41,-3.0,3.0,0.01,30.0,60.0,1e-09,1e-12,6,0.0001,1,new simulation,nan
12,5,0.26981317007977323,-2.25,0.20000000000000012,rolling,8.599999999999861,-0.13032561662971312,1.9327848526594413,22,21,1,1.9459231196561413,0.2,0.3490658503988659,9.81,1,1,9,21,41,-3.0,3.0,0.01,30.0,60.0,1e-09,1e-12,6,0.0001,1,new simulation,nan
12,6,0.26981317007977323,-2.1,0.20000000000000012,rolling,8.299999999999867,-0.1476743641119301,1.9449453392845577,22,21,1,1.9459155924172886,0.2,0.3490658503988659,9.81,1,1,9,21,41,-3.0,3.0,0.01,30.0,60.0,1e-09,1e-12,6,0.0001,1,new simulation,nan
12,7,0.26981317007977323,-1.95,0.20000000000000012,rolling,8.20999999999987,-0.13521667490102868,1.9360657963510348,22,21,1,1.9459085836726633,0.2,0.3490658503988659,9.81,1,1,9,21,41,-3.0,3.0,0.01,30.0,60.0,1e-09,1e-12,6,0.0001,1,new simulation,nan
12,8,0.26981317007977323,-1.8,0.20000000000000012,rolling,8.519999999999863,-0.13367659265629392,1.9350254466522205,23,22,1,1.9459414158568062,0.2,0.3490658503988659,9.81,1,1,9,21,41,-3.0,3.0,0.01,30.0,60.0,1e-09,1e-12,6,0.0001,1,new simulation,nan
12,9,0.26981317007977323,-1.6500000000000001,0.20000000000000012,rolling,8.529999999999863,-0.1406519927600722,1.9398541496859394,23,22,1,1.9459379132876908,0.2,0.3490658503988659,9.81,1,1,9,21,41,-3.0,3.0,0.01,30.0,60.0,1e-09,1e-12,6,0.0001,1,new simulation,nan
12,10,0.26981317007977323,-1.5,0.20000000000000012,rolling,8.589999999999861,-0.13307651418904284,1.9346196343997646,23,22,1,1.9459347149910557,0.2,0.3490658503988659,9.81,1,1,9,21,41,-3.0,3.0,0.01,30.0,60.0,1e-09,1e-12,6,0.0001,1,new simulation,nan
12,11,0.26981317007977323,-1.35,0.20000000000000012,rolling,8.699999999999859,-0.14314887219010744,1.941637990336154,23,22,1,1.9459318198419726,0.2,0.3490658503988659,9.81,1,1,9,21,41,-3.0,3.0,0.01,30.0,60.0,1e-09,1e-12,6,0.0001,1,new simulation,nan
12,12,0.26981317007977323,-1.2000000000000002,0.20000000000000012,rolling,8.939999999999854,-0.1434800316742138,1.9418764757193507,23,22,1,1.945929229960709,0.2,0.3490658503988659,9.81,1,1,9,21,41,-3.0,3.0,0.01,30.0,60.0,1e-09,1e-12,6,0.0001,1,new simulation,nan
12,13,0.26981317007977323,-1.05,0.20000000000000012,settled,0.8200000000000005,-0.14906585039886588,0.0,2,1,1,nan,0.2,0.3490658503988659,9.81,1,1,9,21,41,-3.0,3.0,0.01,30.0,60.0,1e-09,1e-12,6,0.0001,1,new simulation,nan
12,14,0.26981317007977323,-0.8999999999999999,0.20000000000000012,settled,1.1000000000000008,-0.14906585039886588,0.0,2,1,1,nan,0.2,0.3490658503988659,9.81,1,1,9,21,41,-3.0,3.0,0.01,30.0,60.0,1e-09,1e-12,6,0.0001,1,new simulation,nan
12,15,0.26981317007977323,-0.75,0.20000000000000012,rolling,8.249999999999869,-0.1439747221982811,1.9422334868361326,21,21,0,1.945924194373843,0.2,0.3490658503988659,9.81,1,1,9,21,41,-3.0,3.0,0.01,30.0,60.0,1e-09,1e-12,6,0.0001,1,new simulation,nan
12,16,0.26981317007977323,-0.6000000000000001,0.20000000000000012,rolling,7.9699999999998745,-0.13252852991531913,1.934249040449377,21,21,0,1.9459202138824427,0.2,0.3490658503988659,9.81,1,1,9,21,41,-3.0,3.0,0.01,30.0,60.0,1e-09,1e-12,6,0.0001,1,new simulation,nan
12,17,0.26981317007977323,-0.4500000000000002,0.20000000000000012,rolling,7.8299999999998775,-0.14073255735540283,1.9399075293508046,21,21,0,1.9459171167384486,0.2,0.3490658503988659,9.81,1,1,9,21,41,-3.0,3.0,0.01,30.0,60.0,1e-09,1e-12,6,0.0001,1,new simulation,nan
12,18,0.26981317007977323,-0.30000000000000027,0.20000000000000012,rolling,7.739999999999879,-0.14096996761338343,1.9400756652924636,21,21,0,1.9459149044242594,0.2,0.3490658503988659,9.81,1,1,9,21,41,-3.0,3.0,0.01,30.0,60.0,1e-09,1e-12,6,0.0001,1,new simulation,nan
12,19,0.26981317007977323,-0.1499999999999999,0.20000000000000012,rolling,7.669999999999881,-0.14149711032754933,1.9404505974442372,21,21,0,1.9459135768634201,0.2,0.3490658503988659,9.81,1,1,9,21,41,-3.0,3.0,0.01,30.0,60.0,1e-09,1e-12,6,0.0001,1,new simulation,nan
12,20,0.26981317007977323,0.0,0.20000000000000012,rolling,7.609999999999882,-0.14121054254472792,1.940246402611777,21,21,0,1.9459131352891859,0.2,0.3490658503988659,9.81,1,1,9,21,41,-3.0,3.0,0.01,30.0,60.0,1e-09,1e-12,6,0.0001,1,new simulation,nan
12,21,0.26981317007977323,0.1499999999999999,0.20000000000000012,rolling,7.559999999999883,-0.1299913416406421,1.93256290608528,21,21,0,1.9459135783969954,0.2,0.3490658503988659,9.81,1,1,9,21,41,-3.0,3.0,0.01,30.0,60.0,1e-09,1e-12,6,0.0001,1,new simulation,nan
12,22,0.26981317007977323,0.2999999999999998,0.20000000000000012,rolling,7.4999999999998845,-0.141400271415131,1.9403818166349007,21,21,0,1.945914904332111,0.2,0.3490658503988659,9.81,1,1,9,21,41,-3.0,3.0,0.01,30.0,60.0,1e-09,1e-12,6,0.0001,1,new simulation,nan
12,23,0.26981317007977323,0.44999999999999973,0.20000000000000012,rolling,7.449999999999886,-0.13432995835046857,1.9354635430305402,21,21,0,1.9459171164733375,0.2,0.3490658503988659,9.81,1,1,9,21,41,-3.0,3.0,0.01,30.0,60.0,1e-09,1e-12,6,0.0001,1,new simulation,nan
12,24,0.26981317007977323,0.5999999999999996,0.20000000000000012,rolling,7.389999999999887,-0.14678933884008807,1.944291201069363,21,21,0,1.9459202133047586,0.2,0.3490658503988659,9.81,1,1,9,21,41,-3.0,3.0,0.01,30.0,60.0,1e-09,1e-12,6,0.0001,1,new simulation,nan
12,25,0.26981317007977323,0.75,0.20000000000000012,rolling,7.339999999999888,-0.1400960001086348,1.9394582404923622,21,21,0,1.9459241951374475,0.2,0.3490658503988659,9.81,1,1,9,21,41,-3.0,3.0,0.01,30.0,60.0,1e-09,1e-12,6,0.0001,1,new simulation,nan
12,26,0.26981317007977323,0.8999999999999999,0.20000000000000012,rolling,7.289999999999889,-0.13415472986887358,1.9353468291793114,21,21,0,1.9459290609171076,0.2,0.3490658503988659,9.81,1,1,9,21,41,-3.0,3.0,0.01,30.0,60.0,1e-09,1e-12,6,0.0001,1,new simulation,nan
12,27,0.26981317007977323,1.0499999999999998,0.20000000000000012,rolling,7.22999999999989,-0.1489087191171734,1.9458684468396286,21,21,0,1.9459348118006519,0.2,0.3490658503988659,9.81,1,1,9,21,41,-3.0,3.0,0.01,30.0,60.0,1e-09,1e-12,6,0.0001,1,new simulation,nan
12,28,0.26981317007977323,1.2000000000000002,0.20000000000000012,rolling,7.179999999999891,-0.14604202791931808,1.9437448430812607,21,21,0,1.9459414466187515,0.2,0.3490658503988659,9.81,1,1,9,21,41,-3.0,3.0,0.01,30.0,60.0,1e-09,1e-12,6,0.0001,1,new simulation,nan
12,29,0.26981317007977323,1.3499999999999996,0.20000000000000012,rolling,6.7899999999999,-0.14706560999267046,1.9444943168149293,20,20,0,1.945914961055431,0.2,0.3490658503988659,9.81,1,1,9,21,41,-3.0,3.0,0.01,30.0,60.0,1e-09,1e-12,6,0.0001,1,new simulation,nan
12,30,0.26981317007977323,1.5,0.20000000000000012,rolling,6.739999999999901,-0.14876821338258012,1.9457624089565708,20,20,0,1.9459292815263762,0.2,0.3490658503988659,9.81,1,1,9,21,41,-3.0,3.0,0.01,30.0,60.0,1e-09,1e-12,6,0.0001,1,new simulation,nan
12,31,0.26981317007977323,1.6499999999999995,0.20000000000000012,rolling,6.359999999999909,-0.13531768989152151,1.936134783123608,19,19,0,1.9459083918959557,0.2,0.3490658503988659,9.81,1,1,9,21,41,-3.0,3.0,0.01,30.0,60.0,1e-09,1e-12,6,0.0001,1,new simulation,nan
12,32,0.26981317007977323,1.7999999999999998,0.20000000000000012,rolling,6.30999999999991,-0.14213490184769922,1.9409106739793074,19,19,0,1.9459379369182377,0.2,0.3490658503988659,9.81,1,1,9,21,41,-3.0,3.0,0.01,30.0,60.0,1e-09,1e-12,6,0.0001,1,new simulation,nan
12,33,0.26981317007977323,1.9500000000000002,0.20000000000000012,rolling,5.589999999999925,-0.13559507177628116,1.9363263489067783,17,17,0,1.945918240070836,0.2,0.3490658503988659,9.81,1,1,9,21,41,-3.0,3.0,0.01,30.0,60.0,1e-09,1e-12,6,0.0001,1,new simulation,nan
12,34,0.26981317007977323,2.0999999999999996,0.20000000000000012,rolling,4.869999999999941,-0.13162239669661882,1.9336690818898246,15,15,0,1.946060248519763,0.2,0.3490658503988659,9.81,1,1,9,21,41,-3.0,3.0,0.01,30.0,60.0,1e-09,1e-12,6,0.0001,1,new simulation,nan
12,35,0.26981317007977323,2.25,0.20000000000000012,rolling,5.83999999999992,-0.1408386638581741,1.9400110282321434,18,18,0,1.946073466522179,0.2,0.3490658503988659,9.81,1,1,9,21,41,-3.0,3.0,0.01,30.0,60.0,1e-09,1e-12,6,0.0001,1,new simulation,nan
12,36,0.26981317007977323,2.3999999999999995,0.20000000000000012,rolling,6.1399999999999135,-0.1365152382420543,1.936988110227499,19,19,0,1.946081797688544,0.2,0.3490658503988659,9.81,1,1,9,21,41,-3.0,3.0,0.01,30.0,60.0,1e-09,1e-12,6,0.0001,1,new simulation,nan
12,37,0.26981317007977323,2.55,0.20000000000000012,rolling,6.439999999999907,-0.134483880307597,1.9355960430564831,20,20,0,1.946071742484581,0.2,0.3490658503988659,9.81,1,1,9,21,41,-3.0,3.0,0.01,30.0,60.0,1e-09,1e-12,6,0.0001,1,new simulation,nan
12,38,0.26981317007977323,2.7,0.20000000000000012,rolling,6.739999999999901,-0.13464541826724186,1.9357031131002314,21,21,0,1.9460564516538301,0.2,0.3490658503988659,9.81,1,1,9,21,41,-3.0,3.0,0.01,30.0,60.0,1e-09,1e-12,6,0.0001,1,new simulation,nan
12,39,0.26981317007977323,2.8499999999999996,0.20000000000000012,rolling,6.699999999999902,-0.13863474354416827,1.9384580568548688,21,21,0,1.946072815572365,0.2,0.3490658503988659,9.81,1,1,9,21,41,-3.0,3.0,0.01,30.0,60.0,1e-09,1e-12,6,0.0001,1,new simulation,nan
12,40,0.26981317007977323,3.0,0.20000000000000012,rolling,6.659999999999902,-0.1446385604725502,1.9427454884880155,21,21,0,1.9460900647403354,0.2,0.3490658503988659,9.81,1,1,9,21,41,-3.0,3.0,0.01,30.0,60.0,1e-09,1e-12,6,0.0001,1,new simulation,nan
13,0,0.3047197551196598,-3.0,0.3000000000000001,rolling,8.839999999999856,-0.13268036750672238,1.934354033505745,24,22,2,1.9459377903477042,0.2,0.3490658503988659,9.81,1,1,9,21,41,-3.0,3.0,0.01,30.0,60.0,1e-09,1e-12,6,0.0001,1,new simulation,nan
13,1,0.3047197551196598,-2.85,0.3000000000000001,rolling,8.919999999999854,-0.14719666948768065,1.9445947269599912,24,22,2,1.945934305644215,0.2,0.3490658503988659,9.81,1,1,9,21,41,-3.0,3.0,0.01,30.0,60.0,1e-09,1e-12,6,0.0001,1,new simulation,nan
13,2,0.3047197551196598,-2.7,0.3000000000000001,rolling,9.10999999999985,-0.13329678611644846,1.934767279109546,24,22,2,1.9459309985056592,0.2,0.3490658503988659,9.81,1,1,9,21,41,-3.0,3.0,0.01,30.0,60.0,1e-09,1e-12,6,0.0001,1,new simulation,nan
13,3,0.3047197551196598,-2.55,0.3000000000000001,rolling,9.659999999999838,-0.13571881874293482,1.9364128759991623,24,22,2,1.9459278700905251,0.2,0.3490658503988659,9.81,1,1,9,21,41,-3.0,3.0,0.01,30.0,60.0,1e-09,1e-12,6,0.0001,1,new simulation,nan
13,4,0.3047197551196598,-2.4,0.3000000000000001,settled,1.5400000000000011,-0.14906585039886588,0.0,3,1,2,nan,0.2,0.3490658503988659,9.81,1,1,9,21,41,-3.0,3.0,0.01,30.0,60.0,1e-09,1e-12,6,0.0001,1,new simulation,nan
13,5,0.3047197551196598,-2.25,0.3000000000000001,rolling,8.479999999999864,-0.1427492740898168,1.9413483724430076,22,21,1,1.9459208829290138,0.2,0.3490658503988659,9.81,1,1,9,21,41,-3.0,3.0,0.01,30.0,60.0,1e-09,1e-12,6,0.0001,1,new simulation,nan
13,6,0.3047197551196598,-2.1,0.3000000000000001,rolling,8.279999999999868,-0.14071503812505515,1.939894425254707,22,21,1,1.9459133536225008,0.2,0.3490658503988659,9.81,1,1,9,21,41,-3.0,3.0,0.01,30.0,60.0,1e-09,1e-12,6,0.0001,1,new simulation,nan
13,7,0.3047197551196598,-1.95,0.3000000000000001,rolling,8.20999999999987,-0.14005667751011022,1.939427249209344,22,21,1,1.9459063452893741,0.2,0.3490658503988659,9.81,1,1,9,21,41,-3.0,3.0,0.01,30.0,60.0,1e-09,1e-12,6,0.0001,1,new simulation,nan
13,8,0.3047197551196598,-1.8,0.3000000000000001,rolling,8.539999999999862,-0.13366900886873978,1.9350200837700369,23,22,1,1.9459401031419847,0.2,0.3490658503988659,9.81,1,1,9,21,41,-3.0,3.0,0.01,30.0,60.0,1e-09,1e-12,6,0.0001,1,new simulation,nan
13,9,0.3047197551196598,-1.6500000000000001,0.3000000000000001,rolling,8.569999999999862,-0.13756663000514432,1.9376891864781942,23,22,1,1.945936598611742,0.2,0.3490658503988659,9.81,1,1,9,21,41,-3.0,3.0,0.01,30.0,60.0,1e-09,1e-12,6,0.0001,1,new simulation,nan
13,10,0.3047197551196598,-1.5,0.3000000000000001,rolling,8.64999999999986,-0.1434613992867546,1.9418637681252464,23,22,1,1.9459334009776936,0.2,0.3490658503988659,9.81,1,1,9,21,41,-3.0,3.0,0.01,30.0,60.0,1e-09,1e-12,6,0.0001,1,new simulation,nan
13,11,0.3047197551196598,-1.35,0.3000000000000001,rolling,8.819999999999856,-0.14364105315913833,1.941993080784204,23,22,1,1.9459305065898478,0.2,0.3490658503988659,9.81,1,1,9,21,41,-3.0,3.0,0.01,30.0,60.0,1e-09,1e-12,6,0.0001,1,new simulation,nan
13,12,0.3047197551196598,-1.2000000000000002,0.3000000000000001,rolling,9.289999999999846,-0.13304276105424265,1.9345956961238313,23,22,1,1.9459279162708583,0.2,0.3490658503988659,9.81,1,1,9,21,41,-3.0,3.0,0.01,30.0,60.0,1e-09,1e-12,6,0.0001,1,new simulation,nan
13,13,0.3047197551196598,-1.05,0.3000000000000001,settled,0.9800000000000006,-0.14906585039886588,0.0,2,1,1,nan,0.2,0.3490658503988659,9.81,1,1,9,21,41,-3.0,3.0,0.01,30.0,60.0,1e-09,1e-12,6,0.0001,1,new simulation,nan
13,14,0.3047197551196598,-0.8999999999999999,0.3000000000000001,rolling,8.439999999999864,-0.13770739611893504,1.9377849139564116,21,21,0,1.9459252462576713,0.2,0.3490658503988659,9.81,1,1,9,21,41,-3.0,3.0,0.01,30.0,60.0,1e-09,1e-12,6,0.0001,1,new simulation,nan
13,15,0.3047197551196598,-0.75,0.3000000000000001,rolling,8.029999999999873,-0.1324988114633488,1.9342291544526462,21,21,0,1.9459203800025737,0.2,0.3490658503988659,9.81,1,1,9,21,41,-3.0,3.0,0.01,30.0,60.0,1e-09,1e-12,6,0.0001,1,new simulation,nan
13,16,0.3047197551196598,-0.6000000000000001,0.3000000000000001,rolling,7.869999999999877,-0.14262094441810955,1.9412553475523064,21,21,0,1.945916397734975,0.2,0.3490658503988659,9.81,1,1,9,21,41,-3.0,3.0,0.01,30.0,60.0,1e-09,1e-12,6,0.0001,1,new simulation,nan
13,17,0.3047197551196598,-0.4500000000000002,0.3000000000000001,rolling,7.779999999999879,-0.13470213254135988,1.9357158207708338,21,21,0,1.9459133019457797,0.2,0.3490658503988659,9.81,1,1,9,21,41,-3.0,3.0,0.01,30.0,60.0,1e-09,1e-12,6,0.0001,1,new simulation,nan
13,18,0.3047197551196598,-0.30000000000000027,0.3000000000000001,rolling,7.70999999999988,-0.13694947500002577,1.9372570144938162,21,21,0,1.9459110909593715,0.2,0.3490658503988659,9.81,1,1,9,21,41,-3.0,3.0,0.01,30.0,60.0,1e-09,1e-12,6,0.0001,1,new simulation,nan
13,19,0.3047197551196598,-0.1499999999999999,0.3000000000000001,rolling,7.649999999999881,-0.14253969381964807,1.9411958057131427,21,21,0,1.9459097632566584,0.2,0.3490658503988659,9.81,1,1,9,21,41,-3.0,3.0,0.01,30.0,60.0,1e-09,1e-12,6,0.0001,1,new simulation,nan
13,20,0.3047197551196598,0.0,0.3000000000000001,rolling,7.599999999999882,-0.13846866151886333,1.9383124512308387,21,21,0,1.9459093206311138,0.2,0.3490658503988659,9.81,1,1,9,21,41,-3.0,3.0,0.01,30.0,60.0,1e-09,1e-12,6,0.0001,1,new simulation,nan
13,21,0.3047197551196598,0.1499999999999999,0.3000000000000001,rolling,7.5499999999998835,-0.13717463836376356,1.9374125575797634,21,21,0,1.9459097637894522,0.2,0.3490658503988659,9.81,1,1,9,21,41,-3.0,3.0,0.01,30.0,60.0,1e-09,1e-12,6,0.0001,1,new simulation,nan
13,22,0.3047197551196598,0.2999999999999998,0.3000000000000001,rolling,7.4999999999998845,-0.13522306708284265,1.9360706151448248,21,21,0,1.9459110905914716,0.2,0.3490658503988659,9.81,1,1,9,21,41,-3.0,3.0,0.01,30.0,60.0,1e-09,1e-12,6,0.0001,1,new simulation,nan
13,23,0.3047197551196598,0.44999999999999973,0.3000000000000001,rolling,7.449999999999886,-0.13142826029216012,1.9335133106727471,21,21,0,1.9459133018263701,0.2,0.3490658503988659,9.81,1,1,9,21,41,-3.0,3.0,0.01,30.0,60.0,1e-09,1e-12,6,0.0001,1,new simulation,nan
13,24,0.3047197551196598,0.5999999999999996,0.3000000000000001,rolling,7.389999999999887,-0.14531279885836917,1.9432060052378142,21,21,0,1.9459163992163901,0.2,0.3490658503988659,9.81,1,1,9,21,41,-3.0,3.0,0.01,30.0,60.0,1e-09,1e-12,6,0.0001,1,new simulation,nan
13,25,0.3047197551196598,0.75,0.3000000000000001,rolling,7.339999999999888,-0.13891347855376476,1.9386256540454616,21,21,0,1.9459203807817786,0.2,0.3490658503988659,9.81,1,1,9,21,41,-3.0,3.0,0.01,30.0,60.0,1e-09,1e-12,6,0.0001,1,new simulation,nan
13,26,0.3047197551196598,0.8999999999999999,0.3000000000000001,rolling,7.289999999999889,-0.13261889391037895,1.93431052973887,21,21,0,1.9459252449461666,0.2,0.3490658503988659,9.81,1,1,9,21,41,-3.0,3.0,0.01,30.0,60.0,1e-09,1e-12,6,0.0001,1,new simulation,nan
13,27,0.3047197551196598,1.0499999999999998,0.3000000000000001,rolling,7.22999999999989,-0.14669189318853165,1.944221252332625,21,21,0,1.9459309960973064,0.2,0.3490658503988659,9.81,1,1,9,21,41,-3.0,3.0,0.01,30.0,60.0,1e-09,1e-12,6,0.0001,1,new simulation,nan
13,28,0.3047197551196598,1.2000000000000002,0.3000000000000001,rolling,7.179999999999891,-0.14304690293641284,1.9415655622281636,21,21,0,1.9459376308000194,0.2,0.3490658503988659,9.81,1,1,9,21,41,-3.0,3.0,0.01,30.0,60.0,1e-09,1e-12,6,0.0001,1,new simulation,nan
13,29,0.3047197551196598,1.3499999999999996,0.3000000000000001,rolling,6.7899999999999,-0.14329542679082943,1.9417394640766807,20,20,0,1.9459084591750002,0.2,0.3490658503988659,9.81,1,1,9,21,41,-3.0,3.0,0.01,30.0,60.0,1e-09,1e-12,6,0.0001,1,new simulation,nan
13,30,0.3047197551196598,1.5,0.3000000000000001,rolling,6.739999999999901,-0.14428756434694992,1.942460177679325,20,20,0,1.9459227819151839,0.2,0.3490658503988659,9.81,1,1,9,21,41,-3.0,3.0,0.01,30.0,60.0,1e-09,1e-12,6,0.0001,1,new simulation,nan
13,31,0.3047197551196598,1.6499999999999995,0.3000000000000001,rolling,6.689999999999902,-0.14790995603537282,1.9451244552657714,20,20,0,1.9459386112420052,0.2,0.3490658503988659,9.81,1,1,9,21,41,-3.0,3.0,0.01,30.0,60.0,1e-09,1e-12,6,0.0001,1,new simulation,nan
13,32,0.3047197551196598,1.7999999999999998,0.3000000000000001,rolling,6.30999999999991,-0.13652653295692982,1.936967901090375,19,19,0,1.9459268605628335,0.2,0.3490658503988659,9.81,1,1,9,21,41,-3.0,3.0,0.01,30.0,60.0,1e-09,1e-12,6,0.0001,1,new simulation,nan
13,33,0.3047197551196598,1.9500000000000002,0.3000000000000001,rolling,5.919999999999918,-0.14722911820603674,1.9446183272354385,18,18,0,1.945932014117859,0.2,0.3490658503988659,9.81,1,1,9,21,41,-3.0,3.0,0.01,30.0,60.0,1e-09,1e-12,6,0.0001,1,new simulation,nan
13,34,0.3047197551196598,2.0999999999999996,0.3000000000000001,rolling,4.179999999999955,-0.14805846973915077,1.9452295456047668,13,13,0,1.9459089112963095,0.2,0.3490658503988659,9.81,1,1,9,21,41,-3.0,3.0,0.01,30.0,60.0,1e-09,1e-12,6,0.0001,1,new simulation,nan
13,35,0.3047197551196598,2.25,0.3000000000000001,rolling,5.83999999999992,-0.13416943746419419,1.9353795022596179,18,18,0,1.9460545909052882,0.2,0.3490658503988659,9.81,1,1,9,21,41,-3.0,3.0,0.01,30.0,60.0,1e-09,1e-12,6,0.0001,1,new simulation,nan
13,36,0.3047197551196598,2.3999999999999995,0.3000000000000001,rolling,6.129999999999914,-0.1490277046320917,1.9459819179724536,19,19,0,1.9460707206635834,0.2,0.3490658503988659,9.81,1,1,9,21,41,-3.0,3.0,0.01,30.0,60.0,1e-09,1e-12,6,0.0001,1,new simulation,nan
13,37,0.3047197551196598,2.55,0.3000000000000001,rolling,6.429999999999907,-0.14681773288834363,1.9443382645749778,20,20,0,1.9460652428858938,0.2,0.3490658503988659,9.81,1,1,9,21,41,-3.0,3.0,0.01,30.0,60.0,1e-09,1e-12,6,0.0001,1,new simulation,nan
13,38,0.3047197551196598,2.7,0.3000000000000001,rolling,6.729999999999901,-0.14685341177727626,1.9443623320466847,21,21,0,1.9460526361877684,0.2,0.3490658503988659,9.81,1,1,9,21,41,-3.0,3.0,0.01,30.0,60.0,1e-09,1e-12,6,0.0001,1,new simulation,nan
13,39,0.3047197551196598,2.8499999999999996,0.3000000000000001,rolling,6.699999999999902,-0.13136722442249743,1.933500922206475,21,21,0,1.9460690029540626,0.2,0.3490658503988659,9.81,1,1,9,21,41,-3.0,3.0,0.01,30.0,60.0,1e-09,1e-12,6,0.0001,1,new simulation,nan
13,40,0.3047197551196598,3.0,0.3000000000000001,rolling,6.659999999999902,-0.13729433855405204,1.937527354969397,21,21,0,1.9460862525065983,0.2,0.3490658503988659,9.81,1,1,9,21,41,-3.0,3.0,0.01,30.0,60.0,1e-09,1e-12,6,0.0001,1,new simulation,nan
14,0,0.3396263401595464,-3.0,0.4000000000000001,rolling,8.859999999999856,-0.14661525150779894,1.9441658097531207,24,22,2,1.945936929590803,0.2,0.3490658503988659,9.81,1,1,9,21,41,-3.0,3.0,0.01,30.0,60.0,1e-09,1e-12,6,0.0001,1,new simulation,nan
14,1,0.3396263401595464,-2.85,0.4000000000000001,rolling,8.969999999999853,-0.141041259177145,1.9401296723863586,24,22,2,1.945933444645535,0.2,0.3490658503988659,9.81,1,1,9,21,41,-3.0,3.0,0.01,30.0,60.0,1e-09,1e-12,6,0.0001,1,new simulation,nan
14,2,0.3396263401595464,-2.7,0.4000000000000001,rolling,9.199999999999848,-0.14371768560586917,1.9420484414877548,24,22,2,1.9459301365249024,0.2,0.3490658503988659,9.81,1,1,9,21,41,-3.0,3.0,0.01,30.0,60.0,1e-09,1e-12,6,0.0001,1,new simulation,nan
14,3,0.3396263401595464,-2.55,0.4000000000000001,settled,1.2300000000000009,-0.14906585039886588,0.0,3,1,2,nan,0.2,0.3490658503988659,9.81,1,1,9,21,41,-3.0,3.0,0.01,30.0,60.0,1e-09,1e-12,6,0.0001,1,new simulation,nan
14,4,0.3396263401595464,-2.4,0.4000000000000001,rolling,9.179999999999849,-0.13371368337927403,1.935047800467831,22,21,1,1.945926426213265,0.2,0.3490658503988659,9.81,1,1,9,21,41,-3.0,3.0,0.01,30.0,60.0,1e-09,1e-12,6,0.0001,1,new simulation,nan
14,5,0.3396263401595464,-2.25,0.4000000000000001,rolling,8.409999999999865,-0.1308978325497092,1.9331622198124032,22,21,1,1.9459183800131719,0.2,0.3490658503988659,9.81,1,1,9,21,41,-3.0,3.0,0.01,30.0,60.0,1e-09,1e-12,6,0.0001,1,new simulation,nan
14,6,0.3396263401595464,-2.1,0.4000000000000001,rolling,8.259999999999868,-0.14769738806902882,1.9449615746593651,22,21,1,1.9459108508942815,0.2,0.3490658503988659,9.81,1,1,9,21,41,-3.0,3.0,0.01,30.0,60.0,1e-09,1e-12,6,0.0001,1,new simulation,nan
14,7,0.3396263401595464,-1.95,0.4000000000000001,rolling,8.21999999999987,-0.13612789975211792,1.9366893384626351,22,21,1,1.9459038441463805,0.2,0.3490658503988659,9.81,1,1,9,21,41,-3.0,3.0,0.01,30.0,60.0,1e-09,1e-12,6,0.0001,1,new simulation,nan
14,8,0.3396263401595464,-1.8,0.4000000000000001,rolling,8.559999999999862,-0.14817568771024475,1.9453221304521715,23,22,1,1.9459386351379475,0.2,0.3490658503988659,9.81,1,1,9,21,41,-3.0,3.0,0.01,30.0,60.0,1e-09,1e-12,6,0.0001,1,new simulation,nan
14,9,0.3396263401595464,-1.6500000000000001,0.4000000000000001,rolling,8.61999999999986,-0.1400869868966863,1.9394538471705134,23,22,1,1.94593513092535,0.2,0.3490658503988659,9.81,1,1,9,21,41,-3.0,3.0,0.01,30.0,60.0,1e-09,1e-12,6,0.0001,1,new simulation,nan
14,10,0.3396263401595464,-1.5,0.4000000000000001,rolling,8.739999999999858,-0.14818146142653907,1.9453252236245877,23,22,1,1.945931932198515,0.2,0.3490658503988659,9.81,1,1,9,21,41,-3.0,3.0,0.01,30.0,60.0,1e-09,1e-12,6,0.0001,1,new simulation,nan
14,11,0.3396263401595464,-1.35,0.4000000000000001,rolling,9.029999999999852,-0.13503420105901212,1.9359449324966482,23,22,1,1.9459290361492965,0.2,0.3490658503988659,9.81,1,1,9,21,41,-3.0,3.0,0.01,30.0,60.0,1e-09,1e-12,6,0.0001,1,new simulation,nan
14,12,0.3396263401595464,-1.2000000000000002,0.4000000000000001,settled,0.9200000000000006,-0.14906585039886588,0.0,2,1,1,nan,0.2,0.3490658503988659,9.81,1,1,9,21,41,-3.0,3.0,0.01,30.0,60.0,1e-09,1e-12,6,0.0001,1,new simulation,nan
14,13,0.3396263401595464,-1.05,0.4000000000000001,rolling,8.999999999999853,-0.13358198516590036,1.9349588860368394,21,21,0,1.9459267334918187,0.2,0.3490658503988659,9.81,1,1,9,21,41,-3.0,3.0,0.01,30.0,60.0,1e-09,1e-12,6,0.0001,1,new simulation,nan
14,14,0.3396263401595464,-0.8999999999999999,0.4000000000000001,rolling,8.099999999999872,-0.13690727507977807,1.9372296317464215,21,21,0,1.9459209827927368,0.2,0.3490658503988659,9.81,1,1,9,21,41,-3.0,3.0,0.01,30.0,60.0,1e-09,1e-12,6,0.0001,1,new simulation,nan
14,15,0.3396263401595464,-0.75,0.4000000000000001,rolling,7.909999999999876,-0.14887519831431575,1.945840015984617,21,21,0,1.9459161167910894,0.2,0.3490658503988659,9.81,1,1,9,21,41,-3.0,3.0,0.01,30.0,60.0,1e-09,1e-12,6,0.0001,1,new simulation,nan
14,16,0.3396263401595464,-0.6000000000000001,0.4000000000000001,rolling,7.809999999999878,-0.14767379766803868,1.9449442996380448,21,21,0,1.9459121359600813,0.2,0.3490658503988659,9.81,1,1,9,21,41,-3.0,3.0,0.01,30.0,60.0,1e-09,1e-12,6,0.0001,1,new simulation,nan
14,17,0.3396263401595464,-0.4500000000000002,0.4000000000000001,rolling,7.749999999999879,-0.13146314101589884,1.9335357339109005,21,21,0,1.9459090391878864,0.2,0.3490658503988659,9.81,1,1,9,21,41,-3.0,3.0,0.01,30.0,60.0,1e-09,1e-12,6,0.0001,1,new simulation,nan
14,18,0.3396263401595464,-0.30000000000000027,0.4000000000000001,rolling,7.6899999999998805,-0.14408623614818966,1.9423111993287783,21,21,0,1.9459068269468798,0.2,0.3490658503988659,9.81,1,1,9,21,41,-3.0,3.0,0.01,30.0,60.0,1e-09,1e-12,6,0.0001,1,new simulation,nan
14,19,0.3396263401595464,-0.1499999999999999,0.4000000000000001,rolling,7.649999999999881,-0.13026222074300783,1.9327398570521996,21,21,0,1.9459055008934358,0.2,0.3490658503988659,9.81,1,1,9,21,41,-3.0,3.0,0.01,30.0,60.0,1e-09,1e-12,6,0.0001,1,new simulation,nan
14,20,0.3396263401595464,0.0,0.4000000000000001,rolling,7.599999999999882,-0.13873872885803892,1.938500515012814,21,21,0,1.9459050582887991,0.2,0.3490658503988659,9.81,1,1,9,21,41,-3.0,3.0,0.01,30.0,60.0,1e-09,1e-12,6,0.0001,1,new simulation,nan
14,21,0.3396263401595464,0.1499999999999999,0.4000000000000001,rolling,7.5499999999998835,-0.14498644688409015,1.9429657257579789,21,21,0,1.9459054999931809,0.2,0.3490658503988659,9.81,1,1,9,21,41,-3.0,3.0,0.01,30.0,60.0,1e-09,1e-12,6,0.0001,1,new simulation,nan
14,22,0.3396263401595464,0.2999999999999998,0.4000000000000001,rolling,7.4999999999998845,-0.146782877397157,1.9442840231965612,21,21,0,1.945906826966015,0.2,0.3490658503988659,9.81,1,1,9,21,41,-3.0,3.0,0.01,30.0,60.0,1e-09,1e-12,6,0.0001,1,new simulation,nan
14,23,0.3396263401595464,0.44999999999999973,0.4000000000000001,rolling,7.449999999999886,-0.14401461564092657,1.9422596704842325,21,21,0,1.94590903928985,0.2,0.3490658503988659,9.81,1,1,9,21,41,-3.0,3.0,0.01,30.0,60.0,1e-09,1e-12,6,0.0001,1,new simulation,nan
14,24,0.3396263401595464,0.5999999999999996,0.4000000000000001,rolling,7.399999999999887,-0.13781365423324582,1.9378564154072992,21,21,0,1.9459121359942577,0.2,0.3490658503988659,9.81,1,1,9,21,41,-3.0,3.0,0.01,30.0,60.0,1e-09,1e-12,6,0.0001,1,new simulation,nan
14,25,0.3396263401595464,0.75,0.4000000000000001,rolling,7.349999999999888,-0.1297809229680981,1.9324250160976557,21,21,0,1.9459161164239227,0.2,0.3490658503988659,9.81,1,1,9,21,41,-3.0,3.0,0.01,30.0,60.0,1e-09,1e-12,6,0.0001,1,new simulation,nan
14,26,0.3396263401595464,0.8999999999999999,0.4000000000000001,rolling,7.289999999999889,-0.14079245472140153,1.9399507220317598,21,21,0,1.9459209819972232,0.2,0.3490658503988659,9.81,1,1,9,21,41,-3.0,3.0,0.01,30.0,60.0,1e-09,1e-12,6,0.0001,1,new simulation,nan
14,27,0.3396263401595464,1.0499999999999998,0.4000000000000001,rolling,7.23999999999989,-0.13336532618917488,1.9348127037694303,21,21,0,1.945926732898542,0.2,0.3490658503988659,9.81,1,1,9,21,41,-3.0,3.0,0.01,30.0,60.0,1e-09,1e-12,6,0.0001,1,new simulation,nan
14,28,0.3396263401595464,1.2000000000000002,0.4000000000000001,rolling,7.179999999999891,-0.14714079965304408,1.9445532308512647,21,21,0,1.9459333694563188,0.2,0.3490658503988659,9.81,1,1,9,21,41,-3.0,3.0,0.01,30.0,60.0,1e-09,1e-12,6,0.0001,1,new simulation,nan
14,29,0.3396263401595464,1.3499999999999996,0.4000000000000001,rolling,7.129999999999892,-0.14389764517365258,1.9421806532201715,21,21,0,1.9459408885992673,0.2,0.3490658503988659,9.81,1,1,9,21,41,-3.0,3.0,0.01,30.0,60.0,1e-09,1e-12,6,0.0001,1,new simulation,nan
14,30,0.3396263401595464,1.5,0.4000000000000001,rolling,6.739999999999901,-0.14509280155477114,1.9430451403202182,20,20,0,1.9459155173305367,0.2,0.3490658503988659,9.81,1,1,9,21,41,-3.0,3.0,0.01,30.0,60.0,1e-09,1e-12,6,0.0001,1,new simulation,nan
14,31,0.3396263401595464,1.6499999999999995,0.4000000000000001,rolling,6.689999999999902,-0.1474267482088384,1.9447645531922058,20,20,0,1.9459313470178052,0.2,0.3490658503988659,9.81,1,1,9,21,41,-3.0,3.0,0.01,30.0,60.0,1e-09,1e-12,6,0.0001,1,new simulation,nan
14,32,0.3396263401595464,1.7999999999999998,0.4000000000000001,rolling,6.30999999999991,-0.1349713601887989,1.935899442940954,19,19,0,1.945914480806815,0.2,0.3490658503988659,9.81,1,1,9,21,41,-3.0,3.0,0.01,30.0,60.0,1e-09,1e-12,6,0.0001,1,new simulation,nan
14,33,0.3396263401595464,1.9500000000000002,0.4000000000000001,rolling,5.919999999999918,-0.14477256538933428,1.9428107886727697,18,18,0,1.9459109173210691,0.2,0.3490658503988659,9.81,1,1,9,21,41,-3.0,3.0,0.01,30.0,60.0,1e-09,1e-12,6,0.0001,1,new simulation,nan
14,34,0.3396263401595464,2.0999999999999996,0.4000000000000001,rolling,5.199999999999934,-0.13968021062907385,1.939163884848051,16,16,0,1.9459181492582551,0.2,0.3490658503988659,9.81,1,1,9,21,41,-3.0,3.0,0.01,30.0,60.0,1e-09,1e-12,6,0.0001,1,new simulation,nan
14,35,0.3396263401595464,2.25,0.4000000000000001,rolling,5.499999999999927,-0.13210980737300118,1.9339939568531064,17,17,0,1.946059007983999,0.2,0.3490658503988659,9.81,1,1,9,21,41,-3.0,3.0,0.01,30.0,60.0,1e-09,1e-12,6,0.0001,1,new simulation,nan
14,36,0.3396263401595464,2.3999999999999995,0.4000000000000001,rolling,6.129999999999914,-0.1447239005025329,1.9428019016874973,19,19,0,1.9460583419687731,0.2,0.3490658503988659,9.81,1,1,9,21,41,-3.0,3.0,0.01,30.0,60.0,1e-09,1e-12,6,0.0001,1,new simulation,nan
14,37,0.3396263401595464,2.55,0.4000000000000001,rolling,6.429999999999907,-0.1421095909712606,1.9409142006704385,20,20,0,1.946057979476949,0.2,0.3490658503988659,9.81,1,1,9,21,41,-3.0,3.0,0.01,30.0,60.0,1e-09,1e-12,6,0.0001,1,new simulation,nan
14,38,0.3396263401595464,2.7,0.4000000000000001,rolling,6.389999999999908,-0.14354602273853323,1.9419521148673706,20,20,0,1.9460843600421542,0.2,0.3490658503988659,9.81,1,1,9,21,41,-3.0,3.0,0.01,30.0,60.0,1e-09,1e-12,6,0.0001,1,new simulation,nan
14,39,0.3396263401595464,2.8499999999999996,0.4000000000000001,rolling,6.689999999999902,-0.14544947848588569,1.9433326782778666,21,21,0,1.946064738694453,0.2,0.3490658503988659,9.81,1,1,9,21,41,-3.0,3.0,0.01,30.0,60.0,1e-09,1e-12,6,0.0001,1,new simulation,nan
14,40,0.3396263401595464,3.0,0.4000000000000001,rolling,6.659999999999902,-0.1317822166368991,1.9337794895875222,21,21,0,1.9460819894596948,0.2,0.3490658503988659,9.81,1,1,9,21,41,-3.0,3.0,0.01,30.0,60.0,1e-09,1e-12,6,0.0001,1,new simulation,nan
15,0,0.37453292519943293,-3.0,0.49999999999999994,rolling,8.899999999999855,-0.1333951644819253,1.9348344954581906,24,22,2,1.9459359783661359,0.2,0.3490658503988659,9.81,1,1,9,21,41,-3.0,3.0,0.01,30.0,60.0,1e-09,1e-12,6,0.0001,1,new simulation,nan
15,1,0.37453292519943293,-2.85,0.49999999999999994,rolling,9.029999999999852,-0.14015912123044144,1.9395043306592636,24,22,2,1.945932493069513,0.2,0.3490658503988659,9.81,1,1,9,21,41,-3.0,3.0,0.01,30.0,60.0,1e-09,1e-12,6,0.0001,1,new simulation,nan
15,2,0.37453292519943293,-2.7,0.49999999999999994,rolling,9.339999999999845,-0.14548061051602557,1.9433310445374852,24,22,2,1.9459291852056764,0.2,0.3490658503988659,9.81,1,1,9,21,41,-3.0,3.0,0.01,30.0,60.0,1e-09,1e-12,6,0.0001,1,new simulation,nan
15,3,0.37453292519943293,-2.55,0.49999999999999994,settled,1.320000000000001,-0.14906585039886588,0.0,3,1,2,nan,0.2,0.3490658503988659,9.81,1,1,9,21,41,-3.0,3.0,0.01,30.0,60.0,1e-09,1e-12,6,0.0001,1,new simulation,nan
15,4,0.37453292519943293,-2.4,0.49999999999999994,rolling,8.67999999999986,-0.14771065106382733,1.944973725734635,22,21,1,1.9459236649484228,0.2,0.3490658503988659,9.81,1,1,9,21,41,-3.0,3.0,0.01,30.0,60.0,1e-09,1e-12,6,0.0001,1,new simulation,nan
15,5,0.37453292519943293,-2.25,0.49999999999999994,rolling,8.349999999999866,-0.1452753847389003,1.9431785158256898,22,21,1,1.9459156181719157,0.2,0.3490658503988659,9.81,1,1,9,21,41,-3.0,3.0,0.01,30.0,60.0,1e-09,1e-12,6,0.0001,1,new simulation,nan
15,6,0.37453292519943293,-2.1,0.49999999999999994,rolling,8.259999999999868,-0.1313465188397575,1.9334580329822049,22,21,1,1.9459080909052098,0.2,0.3490658503988659,9.81,1,1,9,21,41,-3.0,3.0,0.01,30.0,60.0,1e-09,1e-12,6,0.0001,1,new simulation,nan
15,7,0.37453292519943293,-1.95,0.49999999999999994,rolling,8.569999999999862,-0.14495523216893633,1.94294931884834,23,22,1,1.9459408222273638,0.2,0.3490658503988659,9.81,1,1,9,21,41,-3.0,3.0,0.01,30.0,60.0,1e-09,1e-12,6,0.0001,1,new simulation,nan
15,8,0.37453292519943293,-1.8,0.49999999999999994,rolling,8.599999999999861,-0.1451754021244357,1.9431093228853613,23,22,1,1.9459370139816121,0.2,0.3490658503988659,9.81,1,1,9,21,41,-3.0,3.0,0.01,30.0,60.0,1e-09,1e-12,6,0.0001,1,new simulation,nan
15,9,0.37453292519943293,-1.6500000000000001,0.49999999999999994,rolling,8.68999999999986,-0.14378719000977355,1.9420993465661698,23,22,1,1.9459335105436022,0.2,0.3490658503988659,9.81,1,1,9,21,41,-3.0,3.0,0.01,30.0,60.0,1e-09,1e-12,6,0.0001,1,new simulation,nan
15,10,0.37453292519943293,-1.5,0.49999999999999994,rolling,8.889999999999855,-0.13825972300551645,1.9381703874416896,23,22,1,1.9459303119282154,0.2,0.3490658503988659,9.81,1,1,9,21,41,-3.0,3.0,0.01,30.0,60.0,1e-09,1e-12,6,0.0001,1,new simulation,nan
15,11,0.37453292519943293,-1.35,0.49999999999999994,rolling,9.649999999999839,-0.13891636765223422,1.938628948740604,23,22,1,1.9459274179056927,0.2,0.3490658503988659,9.81,1,1,9,21,41,-3.0,3.0,0.01,30.0,60.0,1e-09,1e-12,6,0.0001,1,new simulation,nan
15,12,0.37453292519943293,-1.2000000000000002,0.49999999999999994,settled,1.260000000000001,-0.14906585039886588,0.0,2,1,1,nan,0.2,0.3490658503988659,9.81,1,1,9,21,41,-3.0,3.0,0.01,30.0,60.0,1e-09,1e-12,6,0.0001,1,new simulation,nan
15,13,0.37453292519943293,-1.05,0.49999999999999994,rolling,8.18999999999987,-0.14478710558527397,1.9428233804277633,21,21,0,1.9459220260243546,0.2,0.3490658503988659,9.81,1,1,9,21,41,-3.0,3.0,0.01,30.0,60.0,1e-09,1e-12,6,0.0001,1,new simulation,nan
15,14,0.37453292519943293,-0.8999999999999999,0.49999999999999994,rolling,7.959999999999875,-0.14280178453596892,1.941385296278031,21,21,0,1.9459162758058153,0.2,0.3490658503988659,9.81,1,1,9,21,41,-3.0,3.0,0.01,30.0,60.0,1e-09,1e-12,6,0.0001,1,new simulation,nan
15,15,0.37453292519943293,-0.75,0.49999999999999994,rolling,7.849999999999877,-0.14146700922234912,1.9404287483864617,21,21,0,1.94591141066763,0.2,0.3490658503988659,9.81,1,1,9,21,41,-3.0,3.0,0.01,30.0,60.0,1e-09,1e-12,6,0.0001,1,new simulation,nan
15,16,0.37453292519943293,-0.6000000000000001,0.49999999999999994,rolling,7.779999999999879,-0.143857525413652,1.942145566620121,21,21,0,1.9459074290874405,0.2,0.3490658503988659,9.81,1,1,9,21,41,-3.0,3.0,0.01,30.0,60.0,1e-09,1e-12,6,0.0001,1,new simulation,nan
15,17,0.37453292519943293,-0.4500000000000002,0.49999999999999994,rolling,7.72999999999988,-0.14499086894320293,1.9429687422629665,21,21,0,1.9459043334563535,0.2,0.3490658503988659,9.81,1,1,9,21,41,-3.0,3.0,0.01,30.0,60.0,1e-09,1e-12,6,0.0001,1,new simulation,nan
15,18,0.37453292519943293,-0.30000000000000027,0.49999999999999994,rolling,8.029999999999873,-0.14191264790654187,1.9407522910093555,22,22,0,1.9459414313629628,0.2,0.3490658503988659,9.81,1,1,9,21,41,-3.0,3.0,0.01,30.0,60.0,1e-09,1e-12,6,0.0001,1,new simulation,nan
15,19,0.37453292519943293,-0.1499999999999999,0.49999999999999994,rolling,7.989999999999874,-0.14511534387071381,1.9430661231583453,22,22,0,1.9459406529805836,0.2,0.3490658503988659,9.81,1,1,9,21,41,-3.0,3.0,0.01,30.0,60.0,1e-09,1e-12,6,0.0001,1,new simulation,nan
15,20,0.37453292519943293,0.0,0.49999999999999994,rolling,7.949999999999875,-0.14499910801030208,1.9429812480473547,22,22,0,1.945940393669897,0.2,0.3490658503988659,9.81,1,1,9,21,41,-3.0,3.0,0.01,30.0,60.0,1e-09,1e-12,6,0.0001,1,new simulation,nan
15,21,0.37453292519943293,0.1499999999999999,0.49999999999999994,rolling,7.909999999999876,-0.1372753455218161,1.9374878902987258,22,22,0,1.945940652756261,0.2,0.3490658503988659,9.81,1,1,9,21,41,-3.0,3.0,0.01,30.0,60.0,1e-09,1e-12,6,0.0001,1,new simulation,nan
15,22,0.37453292519943293,0.2999999999999998,0.49999999999999994,rolling,7.859999999999877,-0.14018778600640494,1.9395261999637665,22,22,0,1.9459414314553174,0.2,0.3490658503988659,9.81,1,1,9,21,41,-3.0,3.0,0.01,30.0,60.0,1e-09,1e-12,6,0.0001,1,new simulation,nan
15,23,0.37453292519943293,0.44999999999999973,0.49999999999999994,rolling,7.469999999999885,-0.13724569006767368,1.9374607854851957,21,21,0,1.9459043326743302,0.2,0.3490658503988659,9.81,1,1,9,21,41,-3.0,3.0,0.01,30.0,60.0,1e-09,1e-12,6,0.0001,1,new simulation,nan
15,24,0.37453292519943293,0.5999999999999996,0.49999999999999994,rolling,7.4099999999998865,-0.14680311261583615,1.9442990644615035,21,21,0,1.9459074286321785,0.2,0.3490658503988659,9.81,1,1,9,21,41,-3.0,3.0,0.01,30.0,60.0,1e-09,1e-12,6,0.0001,1,new simulation,nan
15,25,0.37453292519943293,0.75,0.49999999999999994,rolling,7.3599999999998875,-0.13439471064336608,1.9355064770646184,21,21,0,1.9459114109175923,0.2,0.3490658503988659,9.81,1,1,9,21,41,-3.0,3.0,0.01,30.0,60.0,1e-09,1e-12,6,0.0001,1,new simulation,nan
15,26,0.37453292519943293,0.8999999999999999,0.49999999999999994,rolling,7.299999999999889,-0.1410376280930492,1.9401239956476575,21,21,0,1.9459162760952722,0.2,0.3490658503988659,9.81,1,1,9,21,41,-3.0,3.0,0.01,30.0,60.0,1e-09,1e-12,6,0.0001,1,new simulation,nan
15,27,0.37453292519943293,1.0499999999999998,0.49999999999999994,rolling,7.23999999999989,-0.14897622092720683,1.9459166463954927,21,21,0,1.945922027515168,0.2,0.3490658503988659,9.81,1,1,9,21,41,-3.0,3.0,0.01,30.0,60.0,1e-09,1e-12,6,0.0001,1,new simulation,nan
15,28,0.37453292519943293,1.2000000000000002,0.49999999999999994,rolling,7.189999999999891,-0.1398081031475319,1.9392559003471108,21,21,0,1.9459286628517327,0.2,0.3490658503988659,9.81,1,1,9,21,41,-3.0,3.0,0.01,30.0,60.0,1e-09,1e-12,6,0.0001,1,new simulation,nan
15,29,0.37453292519943293,1.3499999999999996,0.49999999999999994,rolling,7.139999999999892,-0.1335746502960117,1.934955642658248,21,21,0,1.9459361816893261,0.2,0.3490658503988659,9.81,1,1,9,21,41,-3.0,3.0,0.01,30.0,60.0,1e-09,1e-12,6,0.0001,1,new simulation,nan
15,30,0.37453292519943293,1.5,0.49999999999999994,rolling,6.7499999999999005,-0.13225837280497305,1.9340658602596779,20,20,0,1.94590749821935,0.2,0.3490658503988659,9.81,1,1,9,21,41,-3.0,3.0,0.01,30.0,60.0,1e-09,1e-12,6,0.0001,1,new simulation,nan
15,31,0.37453292519943293,1.6499999999999995,0.49999999999999994,rolling,6.699999999999902,-0.13250364447554142,1.93423292541954,20,20,0,1.9459233271007292,0.2,0.3490658503988659,9.81,1,1,9,21,41,-3.0,3.0,0.01,30.0,60.0,1e-09,1e-12,6,0.0001,1,new simulation,nan
15,32,0.37453292519943293,1.7999999999999998,0.49999999999999994,rolling,6.649999999999903,-0.13599822965401262,1.9366068969979267,20,20,0,1.9459406652942146,0.2,0.3490658503988659,9.81,1,1,9,21,41,-3.0,3.0,0.01,30.0,60.0,1e-09,1e-12,6,0.0001,1,new simulation,nan
15,33,0.37453292519943293,1.9500000000000002,0.49999999999999994,rolling,6.259999999999911,-0.14438128869025169,1.9425300868158937,19,19,0,1.9459329282985944,0.2,0.3490658503988659,9.81,1,1,9,21,41,-3.0,3.0,0.01,30.0,60.0,1e-09,1e-12,6,0.0001,1,new simulation,nan
15,34,0.37453292519943293,2.0999999999999996,0.49999999999999994,rolling,5.539999999999926,-0.13811507439926687,1.938066074161599,17,17,0,1.9459111514220544,0.2,0.3490658503988659,9.81,1,1,9,21,41,-3.0,3.0,0.01,30.0,60.0,1e-09,1e-12,6,0.0001,1,new simulation,nan
15,35,0.37453292519943293,2.25,0.49999999999999994,rolling,4.819999999999942,-0.1347524489486559,1.9357768378040292,15,15,0,1.9460613319385593,0.2,0.3490658503988659,9.81,1,1,9,21,41,-3.0,3.0,0.01,30.0,60.0,1e-09,1e-12,6,0.0001,1,new simulation,nan
15,36,0.37453292519943293,2.3999999999999995,0.49999999999999994,rolling,5.789999999999921,-0.14484507448215866,1.9428937313859047,18,18,0,1.9460780617336522,0.2,0.3490658503988659,9.81,1,1,9,21,41,-3.0,3.0,0.01,30.0,60.0,1e-09,1e-12,6,0.0001,1,new simulation,nan
15,37,0.37453292519943293,2.55,0.49999999999999994,rolling,6.089999999999915,-0.14156468874947817,1.9405300811240558,19,19,0,1.946087063641064,0.2,0.3490658503988659,9.81,1,1,9,21,41,-3.0,3.0,0.01,30.0,60.0,1e-09,1e-12,6,0.0001,1,new simulation,nan
15,38,0.37453292519943293,2.7,0.49999999999999994,rolling,6.389999999999908,-0.14071223417095535,1.9399218430606386,20,20,0,1.9460763416578282,0.2,0.3490658503988659,9.81,1,1,9,21,41,-3.0,3.0,0.01,30.0,60.0,1e-09,1e-12,6,0.0001,1,new simulation,nan
15,39,0.37453292519943293,2.8499999999999996,0.49999999999999994,rolling,6.689999999999902,-0.14215161693869502,1.9409446594793007,21,21,0,1.9460600329148388,0.2,0.3490658503988659,9.81,1,1,9,21,41,-3.0,3.0,0.01,30.0,60.0,1e-09,1e-12,6,0.0001,1,new simulation,nan
15,40,0.37453292519943293,3.0,0.49999999999999994,rolling,6.649999999999903,-0.14749617034635412,1.9448422688015614,21,21,0,1.9460772837544018,0.2,0.3490658503988659,9.81,1,1,9,21,41,-3.0,3.0,0.01,30.0,60.0,1e-09,1e-12,6,0.0001,1,new simulation,nan
16,0,0.40943951023931957,-3.0,0.6000000000000001,rolling,8.939999999999854,-0.13594315821676095,1.9365680461444659,24,22,2,1.9459349395677137,0.2,0.3490658503988659,9.81,1,1,9,21,41,-3.0,3.0,0.01,30.0,60.0,1e-09,1e-12,6,0.0001,1,new simulation,nan
16,1,0.40943951023931957,-2.85,0.6000000000000001,rolling,9.10999999999985,-0.13765536610175738,1.937749882114928,24,22,2,1.945931453679956,0.2,0.3490658503988659,9.81,1,1,9,21,41,-3.0,3.0,0.01,30.0,60.0,1e-09,1e-12,6,0.0001,1,new simulation,nan
16,2,0.40943951023931957,-2.7,0.6000000000000001,rolling,9.58999999999984,-0.14646101083317653,1.944050586861446,24,22,2,1.9459281457282476,0.2,0.3490658503988659,9.81,1,1,9,21,41,-3.0,3.0,0.01,30.0,60.0,1e-09,1e-12,6,0.0001,1,new simulation,nan
16,3,0.40943951023931957,-2.55,0.6000000000000001,settled,1.5400000000000011,-0.14906585039886588,0.0,3,1,2,nan,0.2,0.3490658503988659,9.81,1,1,9,21,41,-3.0,3.0,0.01,30.0,60.0,1e-09,1e-12,6,0.0001,1,new simulation,nan
16,4,0.40943951023931957,-2.4,0.6000000000000001,rolling,8.519999999999863,-0.1326704423387895,1.934344273665953,22,21,1,1.945920647353203,0.2,0.3490658503988659,9.81,1,1,9,21,41,-3.0,3.0,0.01,30.0,60.0,1e-09,1e-12,6,0.0001,1,new simulation,nan
16,5,0.40943951023931957,-2.25,0.6000000000000001,rolling,8.319999999999867,-0.1354038847080949,1.9361944794937314,22,21,1,1.9459126006655119,0.2,0.3490658503988659,9.81,1,1,9,21,41,-3.0,3.0,0.01,30.0,60.0,1e-09,1e-12,6,0.0001,1,new simulation,nan
16,6,0.40943951023931957,-2.1,0.6000000000000001,rolling,8.259999999999868,-0.13258037186921498,1.934281050754046,22,21,1,1.9459050721381859,0.2,0.3490658503988659,9.81,1,1,9,21,41,-3.0,3.0,0.01,30.0,60.0,1e-09,1e-12,6,0.0001,1,new simulation,nan
16,7,0.40943951023931957,-1.95,0.6000000000000001,rolling,8.599999999999861,-0.13644093177509123,1.9369111134346084,23,22,1,1.9459390505224352,0.2,0.3490658503988659,9.81,1,1,9,21,41,-3.0,3.0,0.01,30.0,60.0,1e-09,1e-12,6,0.0001,1,new simulation,nan
16,8,0.40943951023931957,-1.8,0.6000000000000001,rolling,8.65999999999986,-0.13563152053616412,1.936354386594569,23,22,1,1.9459352420156135,0.2,0.3490658503988659,9.81,1,1,9,21,41,-3.0,3.0,0.01,30.0,60.0,1e-09,1e-12,6,0.0001,1,new simulation,nan
16,9,0.40943951023931957,-1.6500000000000001,0.6000000000000001,rolling,8.799999999999857,-0.14032481898878643,1.93962134075236,23,22,1,1.9459317387698165,0.2,0.3490658503988659,9.81,1,1,9,21,41,-3.0,3.0,0.01,30.0,60.0,1e-09,1e-12,6,0.0001,1,new simulation,nan
16,10,0.40943951023931957,-1.5,0.6000000000000001,rolling,9.179999999999849,-0.13076098367985728,1.9330734618092198,23,22,1,1.9459285399707642,0.2,0.3490658503988659,9.81,1,1,9,21,41,-3.0,3.0,0.01,30.0,60.0,1e-09,1e-12,6,0.0001,1,new simulation,nan
16,11,0.40943951023931957,-1.35,0.6000000000000001,settled,1.0600000000000007,-0.14906585039886588,0.0,2,1,1,nan,0.2,0.3490658503988659,9.81,1,1,9,21,41,-3.0,3.0,0.01,30.0,60.0,1e-09,1e-12,6,0.0001,1,new simulation,nan
16,12,0.40943951023931957,-1.2000000000000002,0.6000000000000001,rolling,8.329999999999867,-0.1426480310014251,1.9412760886609248,21,21,0,1.945923519082478,0.2,0.3490658503988659,9.81,1,1,9,21,41,-3.0,3.0,0.01,30.0,60.0,1e-09,1e-12,6,0.0001,1,new simulation,nan
16,13,0.40943951023931957,-1.05,0.6000000000000001,rolling,8.009999999999874,-0.14833846518354327,1.9454394676902835,21,21,0,1.9459168832143856,0.2,0.3490658503988659,9.81,1,1,9,21,41,-3.0,3.0,0.01,30.0,60.0,1e-09,1e-12,6,0.0001,1,new simulation,nan
16,14,0.40943951023931957,-0.8999999999999999,0.6000000000000001,rolling,7.889999999999876,-0.1363806374066599,1.936864541401158,21,21,0,1.9459111322175693,0.2,0.3490658503988659,9.81,1,1,9,21,41,-3.0,3.0,0.01,30.0,60.0,1e-09,1e-12,6,0.0001,1,new simulation,nan
16,15,0.40943951023931957,-0.75,0.6000000000000001,rolling,7.819999999999878,-0.13495540581997845,1.9358870779945103,21,21,0,1.9459062665207139,0.2,0.3490658503988659,9.81,1,1,9,21,41,-3.0,3.0,0.01,30.0,60.0,1e-09,1e-12,6,0.0001,1,new simulation,nan
16,16,0.40943951023931957,-0.6000000000000001,0.6000000000000001,rolling,8.109999999999872,-0.14245824988900604,1.9411430797099574,22,22,0,1.9459415284406825,0.2,0.3490658503988659,9.81,1,1,9,21,41,-3.0,3.0,0.01,30.0,60.0,1e-09,1e-12,6,0.0001,1,new simulation,nan
16,17,0.40943951023931957,-0.4500000000000002,0.6000000000000001,rolling,8.079999999999872,-0.13727729706169411,1.9374890726595408,22,22,0,1.945939711536507,0.2,0.3490658503988659,9.81,1,1,9,21,41,-3.0,3.0,0.01,30.0,60.0,1e-09,1e-12,6,0.0001,1,new simulation,nan
16,18,0.40943951023931957,-0.30000000000000027,0.6000000000000001,rolling,8.049999999999873,-0.14106216341832933,1.9401454292118934,22,22,0,1.945938414567026,0.2,0.3490658503988659,9.81,1,1,9,21,41,-3.0,3.0,0.01,30.0,60.0,1e-09,1e-12,6,0.0001,1,new simulation,nan
16,19,0.40943951023931957,-0.1499999999999999,0.6000000000000001,rolling,8.019999999999873,-0.14242391471604401,1.9411177441775553,22,22,0,1.9459376346004937,0.2,0.3490658503988659,9.81,1,1,9,21,41,-3.0,3.0,0.01,30.0,60.0,1e-09,1e-12,6,0.0001,1,new simulation,nan
16,20,0.40943951023931957,0.0,0.6000000000000001,rolling,7.989999999999874,-0.1331923599761633,1.9346980894434656,22,22,0,1.9459373756710825,0.2,0.3490658503988659,9.81,1,1,9,21,41,-3.0,3.0,0.01,30.0,60.0,1e-09,1e-12,6,0.0001,1,new simulation,nan
16,21,0.40943951023931957,0.1499999999999999,0.6000000000000001,rolling,7.939999999999875,-0.14793992176090734,1.9451465537114696,22,22,0,1.9459376353821625,0.2,0.3490658503988659,9.81,1,1,9,21,41,-3.0,3.0,0.01,30.0,60.0,1e-09,1e-12,6,0.0001,1,new simulation,nan
16,22,0.40943951023931957,0.2999999999999998,0.6000000000000001,rolling,7.889999999999876,-0.14795397825637782,1.9451571435492878,22,22,0,1.9459384135098265,0.2,0.3490658503988659,9.81,1,1,9,21,41,-3.0,3.0,0.01,30.0,60.0,1e-09,1e-12,6,0.0001,1,new simulation,nan
16,23,0.40943951023931957,0.44999999999999973,0.6000000000000001,rolling,7.839999999999877,-0.13649757773424825,1.936950263610373,22,22,0,1.9459397115258925,0.2,0.3490658503988659,9.81,1,1,9,21,41,-3.0,3.0,0.01,30.0,60.0,1e-09,1e-12,6,0.0001,1,new simulation,nan
16,24,0.40943951023931957,0.5999999999999996,0.6000000000000001,rolling,7.779999999999879,-0.13752287547175435,1.9376597032686873,22,22,0,1.945941528474423,0.2,0.3490658503988659,9.81,1,1,9,21,41,-3.0,3.0,0.01,30.0,60.0,1e-09,1e-12,6,0.0001,1,new simulation,nan
16,25,0.40943951023931957,0.75,0.6000000000000001,rolling,7.379999999999887,-0.13755317715139045,1.9376743690205234,21,21,0,1.9459062671864868,0.2,0.3490658503988659,9.81,1,1,9,21,41,-3.0,3.0,0.01,30.0,60.0,1e-09,1e-12,6,0.0001,1,new simulation,nan
16,26,0.40943951023931957,0.8999999999999999,0.6000000000000001,rolling,7.319999999999888,-0.13626182854521798,1.9367827607374521,21,21,0,1.9459111317499593,0.2,0.3490658503988659,9.81,1,1,9,21,41,-3.0,3.0,0.01,30.0,60.0,1e-09,1e-12,6,0.0001,1,new simulation,nan
16,27,0.40943951023931957,1.0499999999999998,0.6000000000000001,rolling,7.25999999999989,-0.13734199326424032,1.9375297881898956,21,21,0,1.945916883367376,0.2,0.3490658503988659,9.81,1,1,9,21,41,-3.0,3.0,0.01,30.0,60.0,1e-09,1e-12,6,0.0001,1,new simulation,nan
16,28,0.40943951023931957,1.2000000000000002,0.6000000000000001,rolling,7.199999999999891,-0.14188034077542433,1.9407259661901906,21,21,0,1.9459235194400275,0.2,0.3490658503988659,9.81,1,1,9,21,41,-3.0,3.0,0.01,30.0,60.0,1e-09,1e-12,6,0.0001,1,new simulation,nan
16,29,0.40943951023931957,1.3499999999999996,0.6000000000000001,rolling,7.149999999999892,-0.1309845427931215,1.9332219637355414,21,21,0,1.9459310388264728,0.2,0.3490658503988659,9.81,1,1,9,21,41,-3.0,3.0,0.01,30.0,60.0,1e-09,1e-12,6,0.0001,1,new simulation,nan
16,30,0.40943951023931957,1.5,0.6000000000000001,rolling,7.089999999999893,-0.14353030069032038,1.94191463500898,21,21,0,1.9459394429753216,0.2,0.3490658503988659,9.81,1,1,9,21,41,-3.0,3.0,0.01,30.0,60.0,1e-09,1e-12,6,0.0001,1,new simulation,nan
16,31,0.40943951023931957,1.6499999999999995,0.6000000000000001,rolling,6.699999999999902,-0.14241898853878726,1.9411100502253706,20,20,0,1.945914561987552,0.2,0.3490658503988659,9.81,1,1,9,21,41,-3.0,3.0,0.01,30.0,60.0,1e-09,1e-12,6,0.0001,1,new simulation,nan
16,32,0.40943951023931957,1.7999999999999998,0.6000000000000001,rolling,6.649999999999903,-0.143419946637506,1.941833563180797,20,20,0,1.9459318996153454,0.2,0.3490658503988659,9.81,1,1,9,21,41,-3.0,3.0,0.01,30.0,60.0,1e-09,1e-12,6,0.0001,1,new simulation,nan
16,33,0.40943951023931957,1.9500000000000002,0.6000000000000001,rolling,6.269999999999911,-0.13038039236218565,1.932820061559668,19,19,0,1.9459179910338544,0.2,0.3490658503988659,9.81,1,1,9,21,41,-3.0,3.0,0.01,30.0,60.0,1e-09,1e-12,6,0.0001,1,new simulation,nan
16,34,0.40943951023931957,2.0999999999999996,0.6000000000000001,rolling,5.879999999999919,-0.14009628691030004,1.9394579163338332,18,18,0,1.9459212789602465,0.2,0.3490658503988659,9.81,1,1,9,21,41,-3.0,3.0,0.01,30.0,60.0,1e-09,1e-12,6,0.0001,1,new simulation,nan
16,35,0.40943951023931957,2.25,0.6000000000000001,rolling,4.819999999999942,-0.13706008496882208,1.9373379007849516,15,15,0,1.9459353839738605,0.2,0.3490658503988659,9.81,1,1,9,21,41,-3.0,3.0,0.01,30.0,60.0,1e-09,1e-12,6,0.0001,1,new simulation,nan
16,36,0.40943951023931957,2.3999999999999995,0.6000000000000001,rolling,5.789999999999921,-0.1460283465444656,1.9437548145801666,18,18,0,1.9460526130682043,0.2,0.3490658503988659,9.81,1,1,9,21,41,-3.0,3.0,0.01,30.0,60.0,1e-09,1e-12,6,0.0001,1,new simulation,nan
16,37,0.40943951023931957,2.55,0.6000000000000001,rolling,6.089999999999915,-0.1417949863746349,1.94069177616603,19,19,0,1.946072129732214,0.2,0.3490658503988659,9.81,1,1,9,21,41,-3.0,3.0,0.01,30.0,60.0,1e-09,1e-12,6,0.0001,1,new simulation,nan
16,38,0.40943951023931957,2.7,0.6000000000000001,rolling,6.389999999999908,-0.1401467811758315,1.9395199889017742,20,20,0,1.9460675766442879,0.2,0.3490658503988659,9.81,1,1,9,21,41,-3.0,3.0,0.01,30.0,60.0,1e-09,1e-12,6,0.0001,1,new simulation,nan
16,39,0.40943951023931957,2.8499999999999996,0.6000000000000001,rolling,6.689999999999902,-0.14091735730770003,1.9400635498583438,21,21,0,1.946054889864466,0.2,0.3490658503988659,9.81,1,1,9,21,41,-3.0,3.0,0.01,30.0,60.0,1e-09,1e-12,6,0.0001,1,new simulation,nan
16,40,0.40943951023931957,3.0,0.6000000000000001,rolling,6.649999999999903,-0.14569478999559932,1.9435136355592229,21,21,0,1.9460721403743972,0.2,0.3490658503988659,9.81,1,1,9,21,41,-3.0,3.0,0.01,30.0,60.0,1e-09,1e-12,6,0.0001,1,new simulation,nan
17,0,0.4443460952792062,-3.0,0.7000000000000002,rolling,8.989999999999853,-0.141138047294167,1.9401985580996575,24,22,2,1.9459338132777955,0.2,0.3490658503988659,9.81,1,1,9,21,41,-3.0,3.0,0.01,30.0,60.0,1e-09,1e-12,6,0.0001,1,new simulation,nan
17,1,0.4443460952792062,-2.85,0.7000000000000002,rolling,9.219999999999848,-0.13859702721081624,1.9384059570724943,24,22,2,1.945930327207754,0.2,0.3490658503988659,9.81,1,1,9,21,41,-3.0,3.0,0.01,30.0,60.0,1e-09,1e-12,6,0.0001,1,new simulation,nan
17,2,0.4443460952792062,-2.7,0.7000000000000002,settled,1.260000000000001,-0.14906585039886588,0.0,3,1,2,nan,0.2,0.3490658503988659,9.81,1,1,9,21,41,-3.0,3.0,0.01,30.0,60.0,1e-09,1e-12,6,0.0001,1,new simulation,nan
17,3,0.4443460952792062,-2.55,0.7000000000000002,rolling,9.049999999999851,-0.13400329356770088,1.9352436495427758,22,21,1,1.9459259419357489,0.2,0.3490658503988659,9.81,1,1,9,21,41,-3.0,3.0,0.01,30.0,60.0,1e-09,1e-12,6,0.0001,1,new simulation,nan
17,4,0.4443460952792062,-2.4,0.7000000000000002,rolling,8.419999999999865,-0.1453040572875123,1.9431997912963872,22,21,1,1.9459173754997152,0.2,0.3490658503988659,9.81,1,1,9,21,41,-3.0,3.0,0.01,30.0,60.0,1e-09,1e-12,6,0.0001,1,new simulation,nan
17,5,0.4443460952792062,-2.25,0.7000000000000002,rolling,8.299999999999867,-0.1348223511485361,1.9357969571475184,22,21,1,1.9459093283880635,0.2,0.3490658503988659,9.81,1,1,9,21,41,-3.0,3.0,0.01,30.0,60.0,1e-09,1e-12,6,0.0001,1,new simulation,nan
17,6,0.4443460952792062,-2.1,0.7000000000000002,rolling,8.60999999999986,-0.13359007567673042,1.9349669764560213,23,22,1,1.9459412446969087,0.2,0.3490658503988659,9.81,1,1,9,21,41,-3.0,3.0,0.01,30.0,60.0,1e-09,1e-12,6,0.0001,1,new simulation,nan
17,7,0.4443460952792062,-1.95,0.7000000000000002,rolling,8.63999999999986,-0.13634196259221937,1.9368426103822451,23,22,1,1.9459371308238709,0.2,0.3490658503988659,9.81,1,1,9,21,41,-3.0,3.0,0.01,30.0,60.0,1e-09,1e-12,6,0.0001,1,new simulation,nan
17,8,0.4443460952792062,-1.8,0.7000000000000002,rolling,8.739999999999858,-0.13988872923794202,1.939313593324373,23,22,1,1.9459333222209754,0.2,0.3490658503988659,9.81,1,1,9,21,41,-3.0,3.0,0.01,30.0,60.0,1e-09,1e-12,6,0.0001,1,new simulation,nan
17,9,0.4443460952792062,-1.6500000000000001,0.7000000000000002,rolling,8.989999999999853,-0.13343248016706305,1.9348585488681147,23,22,1,1.945929820462312,0.2,0.3490658503988659,9.81,1,1,9,21,41,-3.0,3.0,0.01,30.0,60.0,1e-09,1e-12,6,0.0001,1,new simulation,nan
17,10,0.4443460952792062,-1.5,0.7000000000000002,settled,0.9800000000000006,-0.14906585039886588,0.0,2,1,1,nan,0.2,0.3490658503988659,9.81,1,1,9,21,41,-3.0,3.0,0.01,30.0,60.0,1e-09,1e-12,6,0.0001,1,new simulation,nan
17,11,0.4443460952792062,-1.35,0.7000000000000002,rolling,8.599999999999861,-0.14815693625256948,1.9453058014764086,21,21,0,1.9459254641602584,0.2,0.3490658503988659,9.81,1,1,9,21,41,-3.0,3.0,0.01,30.0,60.0,1e-09,1e-12,6,0.0001,1,new simulation,nan
17,12,0.4443460952792062,-1.2000000000000002,0.7000000000000002,rolling,8.079999999999872,-0.1343126171186843,1.9354519217037063,21,21,0,1.9459179442444048,0.2,0.3490658503988659,9.81,1,1,9,21,41,-3.0,3.0,0.01,30.0,60.0,1e-09,1e-12,6,0.0001,1,new simulation,nan
17,13,0.4443460952792062,-1.05,0.7000000000000002,rolling,7.929999999999875,-0.13399846586577926,1.9352377340373845,21,21,0,1.945911308387977,0.2,0.3490658503988659,9.81,1,1,9,21,41,-3.0,3.0,0.01,30.0,60.0,1e-09,1e-12,6,0.0001,1,new simulation,nan
17,14,0.4443460952792062,-0.8999999999999999,0.7000000000000002,rolling,7.849999999999877,-0.14337339315695716,1.9417952060463572,21,21,0,1.9459055570437658,0.2,0.3490658503988659,9.81,1,1,9,21,41,-3.0,3.0,0.01,30.0,60.0,1e-09,1e-12,6,0.0001,1,new simulation,nan
17,15,0.4443460952792062,-0.75,0.7000000000000002,rolling,8.14999999999987,-0.13873070501754461,1.9385013152134036,22,22,0,1.9459405938633034,0.2,0.3490658503988659,9.81,1,1,9,21,41,-3.0,3.0,0.01,30.0,60.0,1e-09,1e-12,6,0.0001,1,new simulation,nan
17,16,0.4443460952792062,-0.6000000000000001,0.7000000000000002,rolling,8.129999999999871,-0.13263434770583252,1.93432325009721,22,22,0,1.945938257924415,0.2,0.3490658503988659,9.81,1,1,9,21,41,-3.0,3.0,0.01,30.0,60.0,1e-09,1e-12,6,0.0001,1,new simulation,nan
17,17,0.4443460952792062,-0.4500000000000002,0.7000000000000002,rolling,8.109999999999872,-0.14481109520714905,1.9428434556137948,22,22,0,1.9459364398905592,0.2,0.3490658503988659,9.81,1,1,9,21,41,-3.0,3.0,0.01,30.0,60.0,1e-09,1e-12,6,0.0001,1,new simulation,nan
17,18,0.4443460952792062,-0.30000000000000027,0.7000000000000002,rolling,8.099999999999872,-0.14141287052530394,1.9403944446058505,22,22,0,1.945935142220831,0.2,0.3490658503988659,9.81,1,1,9,21,41,-3.0,3.0,0.01,30.0,60.0,1e-09,1e-12,6,0.0001,1,new simulation,nan
17,19,0.4443460952792062,-0.1499999999999999,0.7000000000000002,rolling,8.079999999999872,-0.14715614874477012,1.944564760779525,22,22,0,1.9459343645922809,0.2,0.3490658503988659,9.81,1,1,9,21,41,-3.0,3.0,0.01,30.0,60.0,1e-09,1e-12,6,0.0001,1,new simulation,nan
17,20,0.4443460952792062,0.0,0.7000000000000002,rolling,8.059999999999873,-0.13068640810576176,1.9330251374497815,22,22,0,1.9459341044086482,0.2,0.3490658503988659,9.81,1,1,9,21,41,-3.0,3.0,0.01,30.0,60.0,1e-09,1e-12,6,0.0001,1,new simulation,nan
17,21,0.4443460952792062,0.1499999999999999,0.7000000000000002,rolling,8.009999999999874,-0.144419039657234,1.9425577772844536,22,22,0,1.9459343645025389,0.2,0.3490658503988659,9.81,1,1,9,21,41,-3.0,3.0,0.01,30.0,60.0,1e-09,1e-12,6,0.0001,1,new simulation,nan
17,22,0.4443460952792062,0.2999999999999998,0.7000000000000002,rolling,7.959999999999875,-0.13275111598089095,1.9344010341364657,22,22,0,1.9459351426601408,0.2,0.3490658503988659,9.81,1,1,9,21,41,-3.0,3.0,0.01,30.0,60.0,1e-09,1e-12,6,0.0001,1,new simulation,nan
17,23,0.4443460952792062,0.44999999999999973,0.7000000000000002,rolling,7.889999999999876,-0.14266915654071585,1.941293596025372,22,22,0,1.9459364396333108,0.2,0.3490658503988659,9.81,1,1,9,21,41,-3.0,3.0,0.01,30.0,60.0,1e-09,1e-12,6,0.0001,1,new simulation,nan
17,24,0.4443460952792062,0.5999999999999996,0.7000000000000002,rolling,7.819999999999878,-0.14455326917702713,1.94265607871894,22,22,0,1.9459382570289137,0.2,0.3490658503988659,9.81,1,1,9,21,41,-3.0,3.0,0.01,30.0,60.0,1e-09,1e-12,6,0.0001,1,new simulation,nan
17,25,0.4443460952792062,0.75,0.7000000000000002,rolling,7.749999999999879,-0.145361059545837,1.9432456461659056,22,22,0,1.9459405943725943,0.2,0.3490658503988659,9.81,1,1,9,21,41,-3.0,3.0,0.01,30.0,60.0,1e-09,1e-12,6,0.0001,1,new simulation,nan
17,26,0.4443460952792062,0.8999999999999999,0.7000000000000002,rolling,7.349999999999888,-0.1316101926206477,1.9336329552482105,21,21,0,1.9459055577972812,0.2,0.3490658503988659,9.81,1,1,9,21,41,-3.0,3.0,0.01,30.0,60.0,1e-09,1e-12,6,0.0001,1,new simulation,nan
17,27,0.4443460952792062,1.0499999999999998,0.7000000000000002,rolling,7.279999999999889,-0.14065550417271233,1.9398518393666784,21,21,0,1.9459113081372899,0.2,0.3490658503988659,9.81,1,1,9,21,41,-3.0,3.0,0.01,30.0,60.0,1e-09,1e-12,6,0.0001,1,new simulation,nan
17,28,0.4443460952792062,1.2000000000000002,0.7000000000000002,rolling,7.2199999999998905,-0.1361875268708181,1.936732882364685,21,21,0,1.9459179434754919,0.2,0.3490658503988659,9.81,1,1,9,21,41,-3.0,3.0,0.01,30.0,60.0,1e-09,1e-12,6,0.0001,1,new simulation,nan
17,29,0.4443460952792062,1.3499999999999996,0.7000000000000002,rolling,7.159999999999892,-0.1376047682298295,1.937713657239428,21,21,0,1.945925463856496,0.2,0.3490658503988659,9.81,1,1,9,21,41,-3.0,3.0,0.01,30.0,60.0,1e-09,1e-12,6,0.0001,1,new simulation,nan
17,30,0.4443460952792062,1.5,0.7000000000000002,rolling,7.099999999999893,-0.1446160954619818,1.9427009996290574,21,21,0,1.9459338686798582,0.2,0.3490658503988659,9.81,1,1,9,21,41,-3.0,3.0,0.01,30.0,60.0,1e-09,1e-12,6,0.0001,1,new simulation,nan
17,31,0.4443460952792062,1.6499999999999995,0.7000000000000002,rolling,6.709999999999901,-0.13911714163074923,1.9387656911415094,20,20,0,1.945905063077529,0.2,0.3490658503988659,9.81,1,1,9,21,41,-3.0,3.0,0.01,30.0,60.0,1e-09,1e-12,6,0.0001,1,new simulation,nan
17,32,0.4443460952792062,1.7999999999999998,0.7000000000000002,rolling,6.659999999999902,-0.1366268529172757,1.9370362699397798,20,20,0,1.9459224012254934,0.2,0.3490658503988659,9.81,1,1,9,21,41,-3.0,3.0,0.01,30.0,60.0,1e-09,1e-12,6,0.0001,1,new simulation,nan
17,33,0.4443460952792062,1.9500000000000002,0.7000000000000002,rolling,6.6099999999999035,-0.13843615989331895,1.9382955136520033,20,20,0,1.9459412457640726,0.2,0.3490658503988659,9.81,1,1,9,21,41,-3.0,3.0,0.01,30.0,60.0,1e-09,1e-12,6,0.0001,1,new simulation,nan
17,34,0.4443460952792062,2.0999999999999996,0.7000000000000002,rolling,6.219999999999912,-0.14589829277826796,1.94363843228842,19,19,0,1.9459364852308194,0.2,0.3490658503988659,9.81,1,1,9,21,41,-3.0,3.0,0.01,30.0,60.0,1e-09,1e-12,6,0.0001,1,new simulation,nan
17,35,0.4443460952792062,2.25,0.7000000000000002,rolling,5.499999999999927,-0.1392633319475749,1.938872625911259,17,17,0,1.9459289453083608,0.2,0.3490658503988659,9.81,1,1,9,21,41,-3.0,3.0,0.01,30.0,60.0,1e-09,1e-12,6,0.0001,1,new simulation,nan
17,36,0.4443460952792062,2.3999999999999995,0.7000000000000002,rolling,5.119999999999935,-0.13421801403404177,1.9354166598177518,16,16,0,1.9460778908329133,0.2,0.3490658503988659,9.81,1,1,9,21,41,-3.0,3.0,0.01,30.0,60.0,1e-09,1e-12,6,0.0001,1,new simulation,nan
17,37,0.4443460952792062,2.55,0.7000000000000002,rolling,6.089999999999915,-0.1446487599103857,1.942746763471356,19,19,0,1.9460559420792567,0.2,0.3490658503988659,9.81,1,1,9,21,41,-3.0,3.0,0.01,30.0,60.0,1e-09,1e-12,6,0.0001,1,new simulation,nan
17,38,0.4443460952792062,2.7,0.7000000000000002,rolling,6.389999999999908,-0.14193389967261386,1.9407885231027067,20,20,0,1.946058078310857,0.2,0.3490658503988659,9.81,1,1,9,21,41,-3.0,3.0,0.01,30.0,60.0,1e-09,1e-12,6,0.0001,1,new simulation,nan
17,39,0.4443460952792062,2.8499999999999996,0.7000000000000002,rolling,6.349999999999909,-0.14354335389369224,1.9419504766430735,20,20,0,1.946085966857865,0.2,0.3490658503988659,9.81,1,1,9,21,41,-3.0,3.0,0.01,30.0,60.0,1e-09,1e-12,6,0.0001,1,new simulation,nan
17,40,0.4443460952792062,3.0,0.7000000000000002,rolling,6.649999999999903,-0.14582985464762346,1.9436116497194058,21,21,0,1.946066566471594,0.2,0.3490658503988659,9.81,1,1,9,21,41,-3.0,3.0,0.01,30.0,60.0,1e-09,1e-12,6,0.0001,1,new simulation,nan
18,0,0.47925268031909274,-3.0,0.8,rolling,9.059999999999851,-0.13989864188905185,1.9393204552613053,24,22,2,1.9459326016506395,0.2,0.3490658503988659,9.81,1,1,9,21,41,-3.0,3.0,0.01,30.0,60.0,1e-09,1e-12,6,0.0001,1,new simulation,nan
18,1,0.47925268031909274,-2.85,0.8,rolling,9.389999999999844,-0.14485544383114088,1.9428744571175318,24,22,2,1.9459291154917846,0.2,0.3490658503988659,9.81,1,1,9,21,41,-3.0,3.0,0.01,30.0,60.0,1e-09,1e-12,6,0.0001,1,new simulation,nan
18,2,0.47925268031909274,-2.7,0.8,settled,1.390000000000001,-0.14906585039886588,0.0,3,1,2,nan,0.2,0.3490658503988659,9.81,1,1,9,21,41,-3.0,3.0,0.01,30.0,60.0,1e-09,1e-12,6,0.0001,1,new simulation,nan
18,3,0.47925268031909274,-2.55,0.8,rolling,8.63999999999986,-0.131144892318085,1.9333267403698446,22,21,1,1.9459224219529678,0.2,0.3490658503988659,9.81,1,1,9,21,41,-3.0,3.0,0.01,30.0,60.0,1e-09,1e-12,6,0.0001,1,new simulation,nan
18,4,0.47925268031909274,-2.4,0.8,rolling,8.369999999999866,-0.13251547847439085,1.9342391432472164,22,21,1,1.945913855697361,0.2,0.3490658503988659,9.81,1,1,9,21,41,-3.0,3.0,0.01,30.0,60.0,1e-09,1e-12,6,0.0001,1,new simulation,nan
18,5,0.47925268031909274,-2.25,0.8,rolling,8.289999999999868,-0.14203311522625964,1.940832027720212,22,21,1,1.9459058084502523,0.2,0.3490658503988659,9.81,1,1,9,21,41,-3.0,3.0,0.01,30.0,60.0,1e-09,1e-12,6,0.0001,1,new simulation,nan
18,6,0.47925268031909274,-2.1,0.8,rolling,8.62999999999986,-0.14328207289157463,1.9417353658922707,23,22,1,1.9459391788432276,0.2,0.3490658503988659,9.81,1,1,9,21,41,-3.0,3.0,0.01,30.0,60.0,1e-09,1e-12,6,0.0001,1,new simulation,nan
18,7,0.47925268031909274,-1.95,0.8,rolling,8.699999999999859,-0.13939978070246217,1.9389696110035246,23,22,1,1.9459350654679097,0.2,0.3490658503988659,9.81,1,1,9,21,41,-3.0,3.0,0.01,30.0,60.0,1e-09,1e-12,6,0.0001,1,new simulation,nan
18,8,0.47925268031909274,-1.8,0.8,rolling,8.869999999999855,-0.14612578795264197,1.9438045428305115,23,22,1,1.9459312567600993,0.2,0.3490658503988659,9.81,1,1,9,21,41,-3.0,3.0,0.01,30.0,60.0,1e-09,1e-12,6,0.0001,1,new simulation,nan
18,9,0.47925268031909274,-1.6500000000000001,0.8,rolling,9.479999999999842,-0.14762079165026185,1.9449077759556281,23,22,1,1.945927752975065,0.2,0.3490658503988659,9.81,1,1,9,21,41,-3.0,3.0,0.01,30.0,60.0,1e-09,1e-12,6,0.0001,1,new simulation,nan
18,10,0.47925268031909274,-1.5,0.8,settled,1.5400000000000011,-0.14906585039886588,0.0,2,1,1,nan,0.2,0.3490658503988659,9.81,1,1,9,21,41,-3.0,3.0,0.01,30.0,60.0,1e-09,1e-12,6,0.0001,1,new simulation,nan
18,11,0.47925268031909274,-1.35,0.8,rolling,8.15999999999987,-0.134388487295936,1.935503704872503,21,21,0,1.9459194655412146,0.2,0.3490658503988659,9.81,1,1,9,21,41,-3.0,3.0,0.01,30.0,60.0,1e-09,1e-12,6,0.0001,1,new simulation,nan
18,12,0.47925268031909274,-1.2000000000000002,0.8,rolling,7.9699999999998745,-0.13695527062224172,1.937261174782625,21,21,0,1.945911944540037,0.2,0.3490658503988659,9.81,1,1,9,21,41,-3.0,3.0,0.01,30.0,60.0,1e-09,1e-12,6,0.0001,1,new simulation,nan
18,13,0.47925268031909274,-1.05,0.8,rolling,7.889999999999876,-0.13064039843435238,1.9329894995477832,21,21,0,1.945905310552309,0.2,0.3490658503988659,9.81,1,1,9,21,41,-3.0,3.0,0.01,30.0,60.0,1e-09,1e-12,6,0.0001,1,new simulation,nan
18,14,0.47925268031909274,-0.8999999999999999,0.8,rolling,8.18999999999987,-0.13090335357015742,1.9331697789926756,22,22,0,1.9459399290015937,0.2,0.3490658503988659,9.81,1,1,9,21,41,-3.0,3.0,0.01,30.0,60.0,1e-09,1e-12,6,0.0001,1,new simulation,nan
18,15,0.47925268031909274,-0.75,0.8,rolling,8.16999999999987,-0.14531977937685175,1.9432148296642597,22,22,0,1.9459370725871903,0.2,0.3490658503988659,9.81,1,1,9,21,41,-3.0,3.0,0.01,30.0,60.0,1e-09,1e-12,6,0.0001,1,new simulation,nan
18,16,0.47925268031909274,-0.6000000000000001,0.8,rolling,8.17999999999987,-0.1369702677341888,1.937275662208834,22,22,0,1.9459347368832038,0.2,0.3490658503988659,9.81,1,1,9,21,41,-3.0,3.0,0.01,30.0,60.0,1e-09,1e-12,6,0.0001,1,new simulation,nan
18,17,0.47925268031909274,-0.4500000000000002,0.8,rolling,8.19999999999987,-0.13258486837736727,1.9342891034012037,22,22,0,1.9459329202559086,0.2,0.3490658503988659,9.81,1,1,9,21,41,-3.0,3.0,0.01,30.0,60.0,1e-09,1e-12,6,0.0001,1,new simulation,nan
18,18,0.47925268031909274,-0.30000000000000027,0.8,rolling,8.21999999999987,-0.13505242264833206,1.935957833180286,22,22,0,1.9459316226932735,0.2,0.3490658503988659,9.81,1,1,9,21,41,-3.0,3.0,0.01,30.0,60.0,1e-09,1e-12,6,0.0001,1,new simulation,nan
18,19,0.47925268031909274,-0.1499999999999999,0.8,rolling,8.229999999999869,-0.13725729009952095,1.9374736100010632,22,22,0,1.9459308432364748,0.2,0.3490658503988659,9.81,1,1,9,21,41,-3.0,3.0,0.01,30.0,60.0,1e-09,1e-12,6,0.0001,1,new simulation,nan
18,20,0.47925268031909274,0.0,0.8,rolling,8.20999999999987,-0.14579119467810803,1.9435588097696075,22,22,0,1.9459305823406925,0.2,0.3490658503988659,9.81,1,1,9,21,41,-3.0,3.0,0.01,30.0,60.0,1e-09,1e-12,6,0.0001,1,new simulation,nan
18,21,0.47925268031909274,0.1499999999999999,0.8,rolling,8.15999999999987,-0.14398362728829328,1.9422411396997923,22,22,0,1.9459308439248464,0.2,0.3490658503988659,9.81,1,1,9,21,41,-3.0,3.0,0.01,30.0,60.0,1e-09,1e-12,6,0.0001,1,new simulation,nan
18,22,0.47925268031909274,0.2999999999999998,0.8,rolling,8.079999999999872,-0.14596244334319206,1.94368463970864,22,22,0,1.945931623044124,0.2,0.3490658503988659,9.81,1,1,9,21,41,-3.0,3.0,0.01,30.0,60.0,1e-09,1e-12,6,0.0001,1,new simulation,nan
18,23,0.47925268031909274,0.44999999999999973,0.8,rolling,7.989999999999874,-0.1422409981276821,1.9409857575786906,22,22,0,1.9459329202006408,0.2,0.3490658503988659,9.81,1,1,9,21,41,-3.0,3.0,0.01,30.0,60.0,1e-09,1e-12,6,0.0001,1,new simulation,nan
18,24,0.47925268031909274,0.5999999999999996,0.8,rolling,7.899999999999876,-0.13627660710921968,1.936797195001512,22,22,0,1.9459347359451027,0.2,0.3490658503988659,9.81,1,1,9,21,41,-3.0,3.0,0.01,30.0,60.0,1e-09,1e-12,6,0.0001,1,new simulation,nan
18,25,0.47925268031909274,0.75,0.8,rolling,7.809999999999878,-0.13924437875651233,1.938860783170725,22,22,0,1.9459370736230424,0.2,0.3490658503988659,9.81,1,1,9,21,41,-3.0,3.0,0.01,30.0,60.0,1e-09,1e-12,6,0.0001,1,new simulation,nan
18,26,0.47925268031909274,0.8999999999999999,0.8,rolling,7.72999999999988,-0.13528962653747895,1.9361213053462745,22,22,0,1.9459399293487485,0.2,0.3490658503988659,9.81,1,1,9,21,41,-3.0,3.0,0.01,30.0,60.0,1e-09,1e-12,6,0.0001,1,new simulation,nan
18,27,0.47925268031909274,1.0499999999999998,0.8,rolling,7.309999999999889,-0.14551568195550535,1.9433524139432246,21,21,0,1.945905309067794,0.2,0.3490658503988659,9.81,1,1,9,21,41,-3.0,3.0,0.01,30.0,60.0,1e-09,1e-12,6,0.0001,1,new simulation,nan
18,28,0.47925268031909274,1.2000000000000002,0.8,rolling,7.23999999999989,-0.14582770910014156,1.9435822341580615,21,21,0,1.945911944237263,0.2,0.3490658503988659,9.81,1,1,9,21,41,-3.0,3.0,0.01,30.0,60.0,1e-09,1e-12,6,0.0001,1,new simulation,nan
18,29,0.47925268031909274,1.3499999999999996,0.8,rolling,7.179999999999891,-0.13642870098322693,1.936899149511626,21,21,0,1.9459194651562086,0.2,0.3490658503988659,9.81,1,1,9,21,41,-3.0,3.0,0.01,30.0,60.0,1e-09,1e-12,6,0.0001,1,new simulation,nan
18,30,0.47925268031909274,1.5,0.8,rolling,7.119999999999893,-0.13531850981655738,1.9361388657643976,21,21,0,1.9459278697841864,0.2,0.3490658503988659,9.81,1,1,9,21,41,-3.0,3.0,0.01,30.0,60.0,1e-09,1e-12,6,0.0001,1,new simulation,nan
18,31,0.47925268031909274,1.6499999999999995,0.8,rolling,7.059999999999894,-0.1412954258782708,1.9403111552653172,21,21,0,1.9459371584722494,0.2,0.3490658503988659,9.81,1,1,9,21,41,-3.0,3.0,0.01,30.0,60.0,1e-09,1e-12,6,0.0001,1,new simulation,nan
18,32,0.47925268031909274,1.7999999999999998,0.8,rolling,6.669999999999902,-0.13572438865850747,1.9364138575275833,20,20,0,1.945912178449633,0.2,0.3490658503988659,9.81,1,1,9,21,41,-3.0,3.0,0.01,30.0,60.0,1e-09,1e-12,6,0.0001,1,new simulation,nan
18,33,0.47925268031909274,1.9500000000000002,0.8,rolling,6.619999999999903,-0.13375838676305998,1.9350788501385046,20,20,0,1.9459310229435471,0.2,0.3490658503988659,9.81,1,1,9,21,41,-3.0,3.0,0.01,30.0,60.0,1e-09,1e-12,6,0.0001,1,new simulation,nan
18,34,0.47925268031909274,2.0999999999999996,0.8,rolling,6.229999999999912,-0.1381901100691803,1.9381198086924112,19,19,0,1.9459190655506167,0.2,0.3490658503988659,9.81,1,1,9,21,41,-3.0,3.0,0.01,30.0,60.0,1e-09,1e-12,6,0.0001,1,new simulation,nan
18,35,0.47925268031909274,2.25,0.8,rolling,5.83999999999992,-0.146800046619941,1.944300413428451,18,18,0,1.9459274870737386,0.2,0.3490658503988659,9.81,1,1,9,21,41,-3.0,3.0,0.01,30.0,60.0,1e-09,1e-12,6,0.0001,1,new simulation,nan
18,36,0.47925268031909274,2.3999999999999995,0.8,rolling,3.429999999999971,-0.13071237815570758,1.9330392545894228,11,11,0,1.9459172126149202,0.2,0.3490658503988659,9.81,1,1,9,21,41,-3.0,3.0,0.01,30.0,60.0,1e-09,1e-12,6,0.0001,1,new simulation,nan
18,37,0.47925268031909274,2.55,0.8,rolling,5.759999999999922,-0.13260881451069428,1.9343295243545062,18,18,0,1.94606757417536,0.2,0.3490658503988659,9.81,1,1,9,21,41,-3.0,3.0,0.01,30.0,60.0,1e-09,1e-12,6,0.0001,1,new simulation,nan
18,38,0.47925268031909274,2.7,0.8,rolling,6.0499999999999154,-0.14792627075502407,1.945162650243921,19,19,0,1.946083478996474,0.2,0.3490658503988659,9.81,1,1,9,21,41,-3.0,3.0,0.01,30.0,60.0,1e-09,1e-12,6,0.0001,1,new simulation,nan
18,39,0.47925268031909274,2.8499999999999996,0.8,rolling,6.349999999999909,-0.14665017980583786,1.9442165509566127,20,20,0,1.9460757448201527,0.2,0.3490658503988659,9.81,1,1,9,21,41,-3.0,3.0,0.01,30.0,60.0,1e-09,1e-12,6,0.0001,1,new simulation,nan
18,40,0.47925268031909274,3.0,0.8,rolling,6.649999999999903,-0.14796696511705587,1.9451887793176248,21,21,0,1.9460605676990248,0.2,0.3490658503988659,9.81,1,1,9,21,41,-3.0,3.0,0.01,30.0,60.0,1e-09,1e-12,6,0.0001,1,new simulation,nan
19,0,0.5141592653589794,-3.0,0.9000000000000001,rolling,9.15999999999985,-0.13192198909494735,1.9338454362372606,24,22,2,1.9459313041184139,0.2,0.3490658503988659,9.81,1,1,9,21,41,-3.0,3.0,0.01,30.0,60.0,1e-09,1e-12,6,0.0001,1,new simulation,nan
19,1,0.5141592653589794,-2.85,0.9000000000000001,rolling,9.759999999999836,-0.1378740213037422,1.9379012390053953,24,22,2,1.9459278187710611,0.2,0.3490658503988659,9.81,1,1,9,21,41,-3.0,3.0,0.01,30.0,60.0,1e-09,1e-12,6,0.0001,1,new simulation,nan
19,2,0.5141592653589794,-2.7,0.9000000000000001,settled,1.9200000000000015,-0.14906585039886588,0.0,3,1,2,nan,0.2,0.3490658503988659,9.81,1,1,9,21,41,-3.0,3.0,0.01,30.0,60.0,1e-09,1e-12,6,0.0001,1,new simulation,nan
19,3,0.5141592653589794,-2.55,0.9000000000000001,rolling,8.489999999999863,-0.13349287960053094,1.9348972781188658,22,21,1,1.9459186563605038,0.2,0.3490658503988659,9.81,1,1,9,21,41,-3.0,3.0,0.01,30.0,60.0,1e-09,1e-12,6,0.0001,1,new simulation,nan
19,4,0.5141592653589794,-2.4,0.9000000000000001,rolling,8.329999999999867,-0.14803912084376042,1.9452153656386446,22,21,1,1.9459100911665053,0.2,0.3490658503988659,9.81,1,1,9,21,41,-3.0,3.0,0.01,30.0,60.0,1e-09,1e-12,6,0.0001,1,new simulation,nan
19,5,0.5141592653589794,-2.25,0.9000000000000001,rolling,8.63999999999986,-0.13755486288504912,1.9376818822499797,23,22,1,1.9459413871066051,0.2,0.3490658503988659,9.81,1,1,9,21,41,-3.0,3.0,0.01,30.0,60.0,1e-09,1e-12,6,0.0001,1,new simulation,nan
19,6,0.5141592653589794,-2.1,0.9000000000000001,rolling,8.67999999999986,-0.1308530421651866,1.9331359232508587,23,22,1,1.9459369691307842,0.2,0.3490658503988659,9.81,1,1,9,21,41,-3.0,3.0,0.01,30.0,60.0,1e-09,1e-12,6,0.0001,1,new simulation,nan
19,7,0.5141592653589794,-1.95,0.9000000000000001,rolling,8.799999999999857,-0.13587974739154834,1.9365241464784408,23,22,1,1.945932856340298,0.2,0.3490658503988659,9.81,1,1,9,21,41,-3.0,3.0,0.01,30.0,60.0,1e-09,1e-12,6,0.0001,1,new simulation,nan
19,8,0.5141592653589794,-1.8,0.9000000000000001,rolling,9.13999999999985,-0.13530293358281806,1.9361284327533212,23,22,1,1.9459290478203677,0.2,0.3490658503988659,9.81,1,1,9,21,41,-3.0,3.0,0.01,30.0,60.0,1e-09,1e-12,6,0.0001,1,new simulation,nan
19,9,0.5141592653589794,-1.6500000000000001,0.9000000000000001,settled,1.1500000000000008,-0.14906585039886588,0.0,2,1,1,nan,0.2,0.3490658503988659,9.81,1,1,9,21,41,-3.0,3.0,0.01,30.0,60.0,1e-09,1e-12,6,0.0001,1,new simulation,nan
19,10,0.5141592653589794,-1.5,0.9000000000000001,rolling,8.269999999999868,-0.14100452005406092,1.9401013994439515,21,21,0,1.9459214544980676,0.2,0.3490658503988659,9.81,1,1,9,21,41,-3.0,3.0,0.01,30.0,60.0,1e-09,1e-12,6,0.0001,1,new simulation,nan
19,11,0.5141592653589794,-1.35,0.9000000000000001,rolling,8.019999999999873,-0.1301494550857372,1.9326669091307098,21,21,0,1.9459130498469148,0.2,0.3490658503988659,9.81,1,1,9,21,41,-3.0,3.0,0.01,30.0,60.0,1e-09,1e-12,6,0.0001,1,new simulation,nan
19,12,0.5141592653589794,-1.2000000000000002,0.9000000000000001,rolling,7.919999999999876,-0.13644993211320364,1.9369112569314744,21,21,0,1.9459055283850706,0.2,0.3490658503988659,9.81,1,1,9,21,41,-3.0,3.0,0.01,30.0,60.0,1e-09,1e-12,6,0.0001,1,new simulation,nan
19,13,0.5141592653589794,-1.05,0.9000000000000001,rolling,8.21999999999987,-0.13739168814762515,1.9375683340313272,22,22,0,1.945939538485228,0.2,0.3490658503988659,9.81,1,1,9,21,41,-3.0,3.0,0.01,30.0,60.0,1e-09,1e-12,6,0.0001,1,new simulation,nan
19,14,0.5141592653589794,-0.8999999999999999,0.9000000000000001,rolling,8.21999999999987,-0.13387588771190898,1.935159251338822,22,22,0,1.9459361630759269,0.2,0.3490658503988659,9.81,1,1,9,21,41,-3.0,3.0,0.01,30.0,60.0,1e-09,1e-12,6,0.0001,1,new simulation,nan
19,15,0.5141592653589794,-0.75,0.9000000000000001,rolling,8.249999999999869,-0.1357771478230181,1.9364538485765883,22,22,0,1.9459333084120394,0.2,0.3490658503988659,9.81,1,1,9,21,41,-3.0,3.0,0.01,30.0,60.0,1e-09,1e-12,6,0.0001,1,new simulation,nan
19,16,0.5141592653589794,-0.6000000000000001,0.9000000000000001,rolling,8.319999999999867,-0.13512135610084758,1.936004756720706,22,22,0,1.9459309725313476,0.2,0.3490658503988659,9.81,1,1,9,21,41,-3.0,3.0,0.01,30.0,60.0,1e-09,1e-12,6,0.0001,1,new simulation,nan
19,17,0.5141592653589794,-0.4500000000000002,0.9000000000000001,rolling,8.449999999999864,-0.13212939370716842,1.9339835452769412,22,22,0,1.9459291547199575,0.2,0.3490658503988659,9.81,1,1,9,21,41,-3.0,3.0,0.01,30.0,60.0,1e-09,1e-12,6,0.0001,1,new simulation,nan
19,18,0.5141592653589794,-0.30000000000000027,0.9000000000000001,rolling,8.699999999999859,-0.1358228630151992,1.9364842154032529,22,22,0,1.945927857246642,0.2,0.3490658503988659,9.81,1,1,9,21,41,-3.0,3.0,0.01,30.0,60.0,1e-09,1e-12,6,0.0001,1,new simulation,nan
19,19,0.5141592653589794,-0.1499999999999999,0.9000000000000001,settled,0.16,-0.14906585039886588,0.0,1,1,0,nan,0.2,0.3490658503988659,9.81,1,1,9,21,41,-3.0,3.0,0.01,30.0,60.0,1e-09,1e-12,6,0.0001,1,new simulation,nan
19,20,0.5141592653589794,0.0,0.9000000000000001,settled,0.11999999999999998,-0.14906585039886588,0.0,1,1,0,nan,0.2,0.3490658503988659,9.81,1,1,9,21,41,-3.0,3.0,0.01,30.0,60.0,1e-09,1e-12,6,0.0001,1,new simulation,nan
19,21,0.5141592653589794,0.1499999999999999,0.9000000000000001,settled,0.09999999999999999,-0.14906585039886588,0.0,1,1,0,nan,0.2,0.3490658503988659,9.81,1,1,9,21,41,-3.0,3.0,0.01,30.0,60.0,1e-09,1e-12,6,0.0001,1,new simulation,nan
19,22,0.5141592653589794,0.2999999999999998,0.9000000000000001,rolling,8.569999999999862,-0.14404018357184276,1.9422815964265414,22,22,0,1.9459278570667935,0.2,0.3490658503988659,9.81,1,1,9,21,41,-3.0,3.0,0.01,30.0,60.0,1e-09,1e-12,6,0.0001,1,new simulation,nan
19,23,0.5141592653589794,0.44999999999999973,0.9000000000000001,rolling,8.249999999999869,-0.14879789657467643,1.9457845687389126,22,22,0,1.9459291546510784,0.2,0.3490658503988659,9.81,1,1,9,21,41,-3.0,3.0,0.01,30.0,60.0,1e-09,1e-12,6,0.0001,1,new simulation,nan
19,24,0.5141592653589794,0.5999999999999996,0.9000000000000001,rolling,8.059999999999873,-0.1336716988513413,1.9350202499065476,22,22,0,1.945930971941597,0.2,0.3490658503988659,9.81,1,1,9,21,41,-3.0,3.0,0.01,30.0,60.0,1e-09,1e-12,6,0.0001,1,new simulation,nan
19,25,0.5141592653589794,0.75,0.9000000000000001,rolling,7.909999999999876,-0.1439329752396822,1.9422048804955072,22,22,0,1.9459333087093738,0.2,0.3490658503988659,9.81,1,1,9,21,41,-3.0,3.0,0.01,30.0,60.0,1e-09,1e-12,6,0.0001,1,new simulation,nan
19,26,0.5141592653589794,0.8999999999999999,0.9000000000000001,rolling,7.799999999999878,-0.1346893240338341,1.9357112373554066,22,22,0,1.9459361639520996,0.2,0.3490658503988659,9.81,1,1,9,21,41,-3.0,3.0,0.01,30.0,60.0,1e-09,1e-12,6,0.0001,1,new simulation,nan
19,27,0.5141592653589794,1.0499999999999998,0.9000000000000001,rolling,7.69999999999988,-0.14273564489209128,1.9413419371863252,22,22,0,1.945939538731361,0.2,0.3490658503988659,9.81,1,1,9,21,41,-3.0,3.0,0.01,30.0,60.0,1e-09,1e-12,6,0.0001,1,new simulation,nan
19,28,0.5141592653589794,1.2000000000000002,0.9000000000000001,rolling,7.279999999999889,-0.13864995765231256,1.9384384919322173,21,21,0,1.9459055287593543,0.2,0.3490658503988659,9.81,1,1,9,21,41,-3.0,3.0,0.01,30.0,60.0,1e-09,1e-12,6,0.0001,1,new simulation,nan
19,29,0.5141592653589794,1.3499999999999996,0.9000000000000001,rolling,7.209999999999891,-0.1313464922750427,1.9334589104354627,21,21,0,1.9459130483635514,0.2,0.3490658503988659,9.81,1,1,9,21,41,-3.0,3.0,0.01,30.0,60.0,1e-09,1e-12,6,0.0001,1,new simulation,nan
19,30,0.5141592653589794,1.5,0.9000000000000001,rolling,7.139999999999892,-0.137420242589141,1.9375848708604857,21,21,0,1.945921454256884,0.2,0.3490658503988659,9.81,1,1,9,21,41,-3.0,3.0,0.01,30.0,60.0,1e-09,1e-12,6,0.0001,1,new simulation,nan
19,31,0.5141592653589794,1.6499999999999995,0.9000000000000001,rolling,7.0799999999998935,-0.13453535630508925,1.9356055349166221,21,21,0,1.9459307434716768,0.2,0.3490658503988659,9.81,1,1,9,21,41,-3.0,3.0,0.01,30.0,60.0,1e-09,1e-12,6,0.0001,1,new simulation,nan
19,32,0.5141592653589794,1.7999999999999998,0.9000000000000001,rolling,7.019999999999895,-0.139996555065537,1.9393910429494403,21,21,0,1.9459409174132751,0.2,0.3490658503988659,9.81,1,1,9,21,41,-3.0,3.0,0.01,30.0,60.0,1e-09,1e-12,6,0.0001,1,new simulation,nan
19,33,0.5141592653589794,1.9500000000000002,0.9000000000000001,rolling,6.629999999999903,-0.13467822888658784,1.935700779693228,20,20,0,1.9459200882535181,0.2,0.3490658503988659,9.81,1,1,9,21,41,-3.0,3.0,0.01,30.0,60.0,1e-09,1e-12,6,0.0001,1,new simulation,nan
19,34,0.5141592653589794,2.0999999999999996,0.9000000000000001,rolling,6.579999999999904,-0.13343057687305365,1.9348591868554454,20,20,0,1.945940442053261,0.2,0.3490658503988659,9.81,1,1,9,21,41,-3.0,3.0,0.01,30.0,60.0,1e-09,1e-12,6,0.0001,1,new simulation,nan
19,35,0.5141592653589794,2.25,0.9000000000000001,rolling,6.1899999999999125,-0.13887104721271082,1.9385990495087804,19,19,0,1.9459376860377524,0.2,0.3490658503988659,9.81,1,1,9,21,41,-3.0,3.0,0.01,30.0,60.0,1e-09,1e-12,6,0.0001,1,new simulation,nan
19,36,0.5141592653589794,2.3999999999999995,0.9000000000000001,rolling,5.469999999999928,-0.1310053775681789,1.9332373769557387,17,17,0,1.9459398912458605,0.2,0.3490658503988659,9.81,1,1,9,21,41,-3.0,3.0,0.01,30.0,60.0,1e-09,1e-12,6,0.0001,1,new simulation,nan
19,37,0.5141592653589794,2.55,0.9000000000000001,rolling,5.419999999999929,-0.1429024181170538,1.9414841370576144,17,17,0,1.9460629813045272,0.2,0.3490658503988659,9.81,1,1,9,21,41,-3.0,3.0,0.01,30.0,60.0,1e-09,1e-12,6,0.0001,1,new simulation,nan
19,38,0.5141592653589794,2.7,0.9000000000000001,rolling,6.059999999999915,-0.13537738716207806,1.9362038815772695,19,19,0,1.9460648494338502,0.2,0.3490658503988659,9.81,1,1,9,21,41,-3.0,3.0,0.01,30.0,60.0,1e-09,1e-12,6,0.0001,1,new simulation,nan
19,39,0.5141592653589794,2.8499999999999996,0.9000000000000001,rolling,6.359999999999909,-0.1326761667548384,1.9343742016047638,20,20,0,1.946064813548304,0.2,0.3490658503988659,9.81,1,1,9,21,41,-3.0,3.0,0.01,30.0,60.0,1e-09,1e-12,6,0.0001,1,new simulation,nan
19,40,0.5141592653589794,3.0,0.9000000000000001,rolling,6.659999999999902,-0.1327814469532371,1.9344429291998404,21,21,0,1.9460541535182763,0.2,0.3490658503988659,9.81,1,1,9,21,41,-3.0,3.0,0.01,30.0,60.0,1e-09,1e-12,6,0.0001,1,new simulation,nan
20,0,0.5490658503988659,-3.0,1.0,rolling,9.299999999999846,-0.1402312354049608,1.9395548366565531,24,22,2,1.9459299252887476,0.2,0.3490658503988659,9.81,1,1,9,21,41,-3.0,3.0,0.01,30.0,60.0,1e-09,1e-12,6,0.0001,1,new simulation,nan
20,1,0.5490658503988659,-2.85,1.0,settled,1.350000000000001,-0.14906585039886588,0.0,3,1,2,nan,0.2,0.3490658503988659,9.81,1,1,9,21,41,-3.0,3.0,0.01,30.0,60.0,1e-09,1e-12,6,0.0001,1,new simulation,nan
20,2,0.5490658503988659,-2.7,1.0,rolling,8.759999999999858,-0.1379012682052366,1.9379194591856361,22,21,1,1.9459237371611169,0.2,0.3490658503988659,9.81,1,1,9,21,41,-3.0,3.0,0.01,30.0,60.0,1e-09,1e-12,6,0.0001,1,new simulation,nan
20,3,0.5490658503988659,-2.55,1.0,rolling,8.409999999999865,-0.13526026734617413,1.9360966728469398,22,21,1,1.9459146526286812,0.2,0.3490658503988659,9.81,1,1,9,21,41,-3.0,3.0,0.01,30.0,60.0,1e-09,1e-12,6,0.0001,1,new simulation,nan
20,4,0.5490658503988659,-2.4,1.0,rolling,8.319999999999867,-0.14430260573489653,1.9424680919678332,22,21,1,1.945906085118957,0.2,0.3490658503988659,9.81,1,1,9,21,41,-3.0,3.0,0.01,30.0,60.0,1e-09,1e-12,6,0.0001,1,new simulation,nan
20,5,0.5490658503988659,-2.25,1.0,rolling,8.66999999999986,-0.1302977283583302,1.9327693428012926,23,22,1,1.9459390362718967,0.2,0.3490658503988659,9.81,1,1,9,21,41,-3.0,3.0,0.01,30.0,60.0,1e-09,1e-12,6,0.0001,1,new simulation,nan
20,6,0.5490658503988659,-2.1,1.0,rolling,8.749999999999858,-0.13463864818626461,1.9356764783098035,23,22,1,1.9459346187283424,0.2,0.3490658503988659,9.81,1,1,9,21,41,-3.0,3.0,0.01,30.0,60.0,1e-09,1e-12,6,0.0001,1,new simulation,nan
20,7,0.5490658503988659,-1.95,1.0,rolling,8.969999999999853,-0.14479688282586364,1.94283203421021,23,22,1,1.9459305066620154,0.2,0.3490658503988659,9.81,1,1,9,21,41,-3.0,3.0,0.01,30.0,60.0,1e-09,1e-12,6,0.0001,1,new simulation,nan
20,8,0.5490658503988659,-1.8,1.0,settled,1.0400000000000007,-0.14906585039886588,0.0,2,1,1,nan,0.2,0.3490658503988659,9.81,1,1,9,21,41,-3.0,3.0,0.01,30.0,60.0,1e-09,1e-12,6,0.0001,1,new simulation,nan
20,9,0.5490658503988659,-1.6500000000000001,1.0,rolling,8.469999999999864,-0.1332605213167357,1.9347415630406595,21,21,0,1.9459239175856429,0.2,0.3490658503988659,9.81,1,1,9,21,41,-3.0,3.0,0.01,30.0,60.0,1e-09,1e-12,6,0.0001,1,new simulation,nan
20,10,0.5490658503988659,-1.5,1.0,rolling,8.069999999999872,-0.13993367490665576,1.9393419248405621,21,21,0,1.9459146293156966,0.2,0.3490658503988659,9.81,1,1,9,21,41,-3.0,3.0,0.01,30.0,60.0,1e-09,1e-12,6,0.0001,1,new simulation,nan
20,11,0.5490658503988659,-1.35,1.0,rolling,7.949999999999875,-0.14326809806522736,1.94171934628724,21,21,0,1.9459062239085216,0.2,0.3490658503988659,9.81,1,1,9,21,41,-3.0,3.0,0.01,30.0,60.0,1e-09,1e-12,6,0.0001,1,new simulation,nan
20,12,0.5490658503988659,-1.2000000000000002,1.0,rolling,8.249999999999869,-0.1384722781848032,1.9383204143953139,22,22,0,1.9459394276688513,0.2,0.3490658503988659,9.81,1,1,9,21,41,-3.0,3.0,0.01,30.0,60.0,1e-09,1e-12,6,0.0001,1,new simulation,nan
20,13,0.5490658503988659,-1.05,1.0,rolling,8.259999999999868,-0.1339947489364359,1.9352395969049194,22,22,0,1.9459355320871865,0.2,0.3490658503988659,9.81,1,1,9,21,41,-3.0,3.0,0.01,30.0,60.0,1e-09,1e-12,6,0.0001,1,new simulation,nan
20,14,0.5490658503988659,-0.8999999999999999,1.0,rolling,8.319999999999867,-0.13775798915784837,1.9378213284989716,22,22,0,1.945932159754074,0.2,0.3490658503988659,9.81,1,1,9,21,41,-3.0,3.0,0.01,30.0,60.0,1e-09,1e-12,6,0.0001,1,new simulation,nan
20,15,0.5490658503988659,-0.75,1.0,rolling,8.489999999999863,-0.1360444575963774,1.9366365983070912,22,22,0,1.9459293035272829,0.2,0.3490658503988659,9.81,1,1,9,21,41,-3.0,3.0,0.01,30.0,60.0,1e-09,1e-12,6,0.0001,1,new simulation,nan
20,16,0.5490658503988659,-0.6000000000000001,1.0,settled,0.25000000000000006,-0.14906585039886588,0.0,1,1,0,nan,0.2,0.3490658503988659,9.81,1,1,9,21,41,-3.0,3.0,0.01,30.0,60.0,1e-09,1e-12,6,0.0001,1,new simulation,nan
20,17,0.5490658503988659,-0.4500000000000002,1.0,settled,0.18000000000000002,-0.14906585039886588,0.0,1,1,0,nan,0.2,0.3490658503988659,9.81,1,1,9,21,41,-3.0,3.0,0.01,30.0,60.0,1e-09,1e-12,6,0.0001,1,new simulation,nan
20,18,0.5490658503988659,-0.30000000000000027,1.0,settled,0.11999999999999998,-0.14906585039886588,0.0,1,1,0,nan,0.2,0.3490658503988659,9.81,1,1,9,21,41,-3.0,3.0,0.01,30.0,60.0,1e-09,1e-12,6,0.0001,1,new simulation,nan
20,19,0.5490658503988659,-0.1499999999999999,1.0,settled,0.060000000000000005,-0.14906585039886588,0.0,1,1,0,nan,0.2,0.3490658503988659,9.81,1,1,9,21,41,-3.0,3.0,0.01,30.0,60.0,1e-09,1e-12,6,0.0001,1,new simulation,nan
20,20,0.5490658503988659,0.0,1.0,settled,0.01,-0.14906585039886588,0.0,1,1,0,nan,0.2,0.3490658503988659,9.81,1,1,9,21,41,-3.0,3.0,0.01,30.0,60.0,1e-09,1e-12,6,0.0001,1,new simulation,nan
20,21,0.5490658503988659,0.1499999999999999,1.0,settled,0.01,-0.14906585039886588,0.0,1,1,0,nan,0.2,0.3490658503988659,9.81,1,1,9,21,41,-3.0,3.0,0.01,30.0,60.0,1e-09,1e-12,6,0.0001,1,new simulation,nan
20,22,0.5490658503988659,0.2999999999999998,1.0,settled,0.01,-0.14906585039886588,0.0,1,1,0,nan,0.2,0.3490658503988659,9.81,1,1,9,21,41,-3.0,3.0,0.01,30.0,60.0,1e-09,1e-12,6,0.0001,1,new simulation,nan
20,23,0.5490658503988659,0.44999999999999973,1.0,settled,0.01,-0.14906585039886588,0.0,1,1,0,nan,0.2,0.3490658503988659,9.81,1,1,9,21,41,-3.0,3.0,0.01,30.0,60.0,1e-09,1e-12,6,0.0001,1,new simulation,nan
20,24,0.5490658503988659,0.5999999999999996,1.0,settled,0.01,-0.14906585039886588,0.0,1,1,0,nan,0.2,0.3490658503988659,9.81,1,1,9,21,41,-3.0,3.0,0.01,30.0,60.0,1e-09,1e-12,6,0.0001,1,new simulation,nan
20,25,0.5490658503988659,0.75,1.0,rolling,8.17999999999987,-0.1302465235137364,1.9327338190414236,22,22,0,1.9459293037911454,0.2,0.3490658503988659,9.81,1,1,9,21,41,-3.0,3.0,0.01,30.0,60.0,1e-09,1e-12,6,0.0001,1,new simulation,nan
20,26,0.5490658503988659,0.8999999999999999,1.0,rolling,7.929999999999875,-0.1405879213412902,1.939807698264273,22,22,0,1.9459321580027023,0.2,0.3490658503988659,9.81,1,1,9,21,41,-3.0,3.0,0.01,30.0,60.0,1e-09,1e-12,6,0.0001,1,new simulation,nan
20,27,0.5490658503988659,1.0499999999999998,1.0,rolling,7.779999999999879,-0.1451919844152876,1.943121169534034,22,22,0,1.9459355336788169,0.2,0.3490658503988659,9.81,1,1,9,21,41,-3.0,3.0,0.01,30.0,60.0,1e-09,1e-12,6,0.0001,1,new simulation,nan
20,28,0.5490658503988659,1.2000000000000002,1.0,rolling,7.669999999999881,-0.14587758266554587,1.9436237677527313,22,22,0,1.9459394263625598,0.2,0.3490658503988659,9.81,1,1,9,21,41,-3.0,3.0,0.01,30.0,60.0,1e-09,1e-12,6,0.0001,1,new simulation,nan
20,29,0.5490658503988659,1.3499999999999996,1.0,rolling,7.23999999999989,-0.14875796637742414,1.9457506039871415,21,21,0,1.9459062242973992,0.2,0.3490658503988659,9.81,1,1,9,21,41,-3.0,3.0,0.01,30.0,60.0,1e-09,1e-12,6,0.0001,1,new simulation,nan
20,30,0.5490658503988659,1.5,1.0,rolling,7.169999999999892,-0.1354788683198263,1.936246143799986,21,21,0,1.9459146287428435,0.2,0.3490658503988659,9.81,1,1,9,21,41,-3.0,3.0,0.01,30.0,60.0,1e-09,1e-12,6,0.0001,1,new simulation,nan
20,31,0.5490658503988659,1.6499999999999995,1.0,rolling,7.099999999999893,-0.1388496443620229,1.9385815752017872,21,21,0,1.9459239180294228,0.2,0.3490658503988659,9.81,1,1,9,21,41,-3.0,3.0,0.01,30.0,60.0,1e-09,1e-12,6,0.0001,1,new simulation,nan
20,32,0.5490658503988659,1.7999999999999998,1.0,rolling,7.039999999999894,-0.13498834755664676,1.9359145714679453,21,21,0,1.9459340928008828,0.2,0.3490658503988659,9.81,1,1,9,21,41,-3.0,3.0,0.01,30.0,60.0,1e-09,1e-12,6,0.0001,1,new simulation,nan
20,33,0.5490658503988659,1.9500000000000002,1.0,rolling,6.639999999999903,-0.14217407760894182,1.9409334112413543,20,20,0,1.945908457734738,0.2,0.3490658503988659,9.81,1,1,9,21,41,-3.0,3.0,0.01,30.0,60.0,1e-09,1e-12,6,0.0001,1,new simulation,nan
20,34,0.5490658503988659,2.0999999999999996,1.0,rolling,6.589999999999904,-0.13570105462406976,1.9364008695627613,20,20,0,1.9459288114095645,0.2,0.3490658503988659,9.81,1,1,9,21,41,-3.0,3.0,0.01,30.0,60.0,1e-09,1e-12,6,0.0001,1,new simulation,nan
20,35,0.5490658503988659,2.25,1.0,rolling,6.199999999999912,-0.13708073398879475,1.9373490225152816,19,19,0,1.945917866759082,0.2,0.3490658503988659,9.81,1,1,9,21,41,-3.0,3.0,0.01,30.0,60.0,1e-09,1e-12,6,0.0001,1,new simulation,nan
20,36,0.5490658503988659,2.3999999999999995,1.0,rolling,5.809999999999921,-0.14364252586450885,1.9419940228902406,18,18,0,1.9459298214299956,0.2,0.3490658503988659,9.81,1,1,9,21,41,-3.0,3.0,0.01,30.0,60.0,1e-09,1e-12,6,0.0001,1,new simulation,nan
20,37,0.5490658503988659,2.55,1.0,rolling,4.069999999999958,-0.14219058674668544,1.9409736696917368,13,13,0,1.9460661512321782,0.2,0.3490658503988659,9.81,1,1,9,21,41,-3.0,3.0,0.01,30.0,60.0,1e-09,1e-12,6,0.0001,1,new simulation,nan
20,38,0.5490658503988659,2.7,1.0,rolling,5.7199999999999225,-0.1467517178334665,1.944291965757372,18,18,0,1.9460786638142018,0.2,0.3490658503988659,9.81,1,1,9,21,41,-3.0,3.0,0.01,30.0,60.0,1e-09,1e-12,6,0.0001,1,new simulation,nan
20,39,0.5490658503988659,2.8499999999999996,1.0,rolling,6.359999999999909,-0.14053868939700245,1.9397946534412476,20,20,0,1.9460531827848782,0.2,0.3490658503988659,9.81,1,1,9,21,41,-3.0,3.0,0.01,30.0,60.0,1e-09,1e-12,6,0.0001,1,new simulation,nan
20,40,0.5490658503988659,3.0,1.0,rolling,6.31999999999991,-0.14089797306053628,1.940054779080334,20,20,0,1.946082577905802,0.2,0.3490658503988659,9.81,1,1,9,21,41,-3.0,3.0,0.01,30.0,60.0,1e-09,1e-12,6,0.0001,1,new simulation,nan
