theta_index,theta_dot_index,theta0,theta_dot0,relative_angle,classification,final_time,final_theta,final_theta_dot,total_impacts,downhill_impacts,uphill_impacts,rolling_speed,gamma,alpha,gravity,length,mass,num_spokes,num_angles,num_speeds,minimum_speed,maximum_speed,timestep,max_time,retry_time,impact_time_tolerance,remaining_time_tolerance,convergence_impacts,speed_tolerance,cache_version,original_source_csv,original_grid_rolling_percent
0,0,-0.002699081698724126,-3.0,-1.0,rolling,6.0499999999999154,0.007188240916556881,2.3894575768523336,19,18,1,2.389313996822759,0.39,0.39269908169872414,9.81,1,1,8,21,41,-3.0,3.0,0.01,30.0,60.0,1e-09,1e-12,6,0.0001,1,rimless_wheel_roa_gamma_0.390.csv,99.9846637527797
0,1,-0.002699081698724126,-2.85,-1.0,rolling,5.959999999999917,0.015020750847761798,2.389814276766669,19,18,1,2.3893103196250536,0.39,0.39269908169872414,9.81,1,1,8,21,41,-3.0,3.0,0.01,30.0,60.0,1e-09,1e-12,6,0.0001,1,rimless_wheel_roa_gamma_0.390.csv,99.9846637527797
0,2,-0.002699081698724126,-2.7,-1.0,rolling,5.889999999999919,0.006213005484468995,2.389430065765953,19,18,1,2.389306830498529,0.39,0.39269908169872414,9.81,1,1,8,21,41,-3.0,3.0,0.01,30.0,60.0,1e-09,1e-12,6,0.0001,1,rimless_wheel_roa_gamma_0.390.csv,99.9846637527797
0,3,-0.002699081698724126,-2.55,-1.0,rolling,6.129999999999914,0.008180851721143806,2.3894911562006507,20,19,1,2.389337757509112,0.39,0.39269908169872414,9.81,1,1,8,21,41,-3.0,3.0,0.01,30.0,60.0,1e-09,1e-12,6,0.0001,1,rimless_wheel_roa_gamma_0.390.csv,99.9846637527797
0,4,-0.002699081698724126,-2.4,-1.0,rolling,6.089999999999915,0.005366238084500138,2.389412735608876,20,19,1,2.389336201760601,0.39,0.39269908169872414,9.81,1,1,8,21,41,-3.0,3.0,0.01,30.0,60.0,1e-09,1e-12,6,0.0001,1,rimless_wheel_roa_gamma_0.390.csv,99.9846637527797
0,5,-0.002699081698724126,-2.25,-1.0,rolling,6.059999999999915,0.006688896019115971,2.3894453295202074,20,19,1,2.3893347400813245,0.39,0.39269908169872414,9.81,1,1,8,21,41,-3.0,3.0,0.01,30.0,60.0,1e-09,1e-12,6,0.0001,1,rimless_wheel_roa_gamma_0.390.csv,99.9846637527797
0,6,-0.002699081698724126,-2.1,-1.0,rolling,6.039999999999916,0.0162488480783405,2.3898952864376986,20,19,1,2.3893333732037325,0.39,0.39269908169872414,9.81,1,1,8,21,41,-3.0,3.0,0.01,30.0,60.0,1e-09,1e-12,6,0.0001,1,rimless_wheel_roa_gamma_0.390.csv,99.9846637527797
0,7,-0.002699081698724126,-1.95,-1.0,rolling,6.019999999999916,0.0126547375438835,2.389681952841007,20,19,1,2.389332099275114,0.39,0.39269908169872414,9.81,1,1,8,21,41,-3.0,3.0,0.01,30.0,60.0,1e-09,1e-12,6,0.0001,1,rimless_wheel_roa_gamma_0.390.csv,99.9846637527797
0,8,-0.002699081698724126,-1.8,-1.0,rolling,5.9999999999999165,-0.0026076853287780866,2.389367078379008,20,19,1,2.389330921808534,0.39,0.39269908169872414,9.81,1,1,8,21,41,-3.0,3.0,0.01,30.0,60.0,1e-09,1e-12,6,0.0001,1,rimless_wheel_roa_gamma_0.390.csv,99.9846637527797
0,9,-0.002699081698724126,-1.6500000000000001,-1.0,rolling,5.9999999999999165,0.0189978432565002,2.3900937912480527,20,19,1,2.3893298363370405,0.39,0.39269908169872414,9.81,1,1,8,21,41,-3.0,3.0,0.01,30.0,60.0,1e-09,1e-12,6,0.0001,1,rimless_wheel_roa_gamma_0.390.csv,99.9846637527797
0,10,-0.002699081698724126,-1.5,-1.0,rolling,5.989999999999917,0.005919392412534528,2.3894248529902073,20,19,1,2.38932884704954,0.39,0.39269908169872414,9.81,1,1,8,21,41,-3.0,3.0,0.01,30.0,60.0,1e-09,1e-12,6,0.0001,1,rimless_wheel_roa_gamma_0.390.csv,99.9846637527797
0,11,-0.002699081698724126,-1.35,-1.0,rolling,5.989999999999917,0.005490249187616302,2.389414713868906,20,19,1,2.3893279500007067,0.39,0.39269908169872414,9.81,1,1,8,21,41,-3.0,3.0,0.01,30.0,60.0,1e-09,1e-12,6,0.0001,1,rimless_wheel_roa_gamma_0.390.csv,99.9846637527797
0,12,-0.002699081698724126,-1.2000000000000002,-1.0,rolling,5.9999999999999165,0.016570492825094905,2.3899163554732237,20,19,1,2.3893271480579927,0.39,0.39269908169872414,9.81,1,1,8,21,41,-3.0,3.0,0.01,30.0,60.0,1e-09,1e-12,6,0.0001,1,rimless_wheel_roa_gamma_0.390.csv,99.9846637527797
0,13,-0.002699081698724126,-1.05,-1.0,rolling,6.009999999999916,0.01322472994825984,2.3897116908358558,20,19,1,2.389326440671636,0.39,0.39269908169872414,9.81,1,1,8,21,41,-3.0,3.0,0.01,30.0,60.0,1e-09,1e-12,6,0.0001,1,rimless_wheel_roa_gamma_0.390.csv,99.9846637527797
0,14,-0.002699081698724126,-0.8999999999999999,-1.0,rolling,6.029999999999916,0.015962810555786522,2.389875656987187,20,19,1,2.389325829407409,0.39,0.39269908169872414,9.81,1,1,8,21,41,-3.0,3.0,0.01,30.0,60.0,1e-09,1e-12,6,0.0001,1,rimless_wheel_roa_gamma_0.390.csv,99.9846637527797
0,15,-0.002699081698724126,-0.75,-1.0,rolling,6.059999999999915,0.019136277211320486,2.3901041915585233,20,19,1,2.3893253095901255,0.39,0.39269908169872414,9.81,1,1,8,21,41,-3.0,3.0,0.01,30.0,60.0,1e-09,1e-12,6,0.0001,1,rimless_wheel_roa_gamma_0.390.csv,99.9846637527797
0,16,-0.002699081698724126,-0.6000000000000001,-1.0,rolling,6.099999999999914,0.01282662818381309,2.38969025525209,20,19,1,2.3893248851910185,0.39,0.39269908169872414,9.81,1,1,8,21,41,-3.0,3.0,0.01,30.0,60.0,1e-09,1e-12,6,0.0001,1,rimless_wheel_roa_gamma_0.390.csv,99.9846637527797
0,17,-0.002699081698724126,-0.4500000000000002,-1.0,rolling,6.159999999999913,0.0016605409279326416,2.3893581737730525,20,19,1,2.389324555570416,0.39,0.39269908169872414,9.81,1,1,8,21,41,-3.0,3.0,0.01,30.0,60.0,1e-09,1e-12,6,0.0001,1,rimless_wheel_roa_gamma_0.390.csv,99.9846637527797
0,18,-0.002699081698724126,-0.30000000000000027,-1.0,rolling,6.269999999999911,0.012377550119162417,2.3896669710252496,20,19,1,2.389324319468702,0.39,0.39269908169872414,9.81,1,1,8,21,41,-3.0,3.0,0.01,30.0,60.0,1e-09,1e-12,6,0.0001,1,rimless_wheel_roa_gamma_0.390.csv,99.9846637527797
0,19,-0.002699081698724126,-0.1499999999999999,-1.0,rolling,6.479999999999906,0.010812819761919841,2.389592474275364,20,19,1,2.389324177357507,0.39,0.39269908169872414,9.81,1,1,8,21,41,-3.0,3.0,0.01,30.0,60.0,1e-09,1e-12,6,0.0001,1,rimless_wheel_roa_gamma_0.390.csv,99.9846637527797
0,20,-0.002699081698724126,0.0,-1.0,settled,0.01,-0.002699081698724126,0.0,2,1,1,nan,0.39,0.39269908169872414,9.81,1,1,8,21,41,-3.0,3.0,0.01,30.0,60.0,1e-09,1e-12,6,0.0001,1,rimless_wheel_roa_gamma_0.390.csv,99.9846637527797
0,21,-0.002699081698724126,0.1499999999999999,-1.0,rolling,6.209999999999912,0.01587193220867879,2.389869576810092,18,18,0,2.3893243208303647,0.39,0.39269908169872414,9.81,1,1,8,21,41,-3.0,3.0,0.01,30.0,60.0,1e-09,1e-12,6,0.0001,1,rimless_wheel_roa_gamma_0.390.csv,99.9846637527797
0,22,-0.002699081698724126,0.2999999999999998,-1.0,rolling,5.969999999999917,-0.0021120735174726835,2.3893617003419743,18,18,0,2.389324885994458,0.39,0.39269908169872414,9.81,1,1,8,21,41,-3.0,3.0,0.01,30.0,60.0,1e-09,1e-12,6,0.0001,1,rimless_wheel_roa_gamma_0.390.csv,99.9846637527797
0,23,-0.002699081698724126,0.44999999999999973,-1.0,rolling,5.83999999999992,0.010638083965636404,2.389584939658331,18,18,0,2.389325828809291,0.39,0.39269908169872414,9.81,1,1,8,21,41,-3.0,3.0,0.01,30.0,60.0,1e-09,1e-12,6,0.0001,1,rimless_wheel_roa_gamma_0.390.csv,99.9846637527797
0,24,-0.002699081698724126,0.5999999999999996,-1.0,rolling,5.739999999999922,0.003793774340491691,2.389382305351681,18,18,0,2.389327148849939,0.39,0.39269908169872414,9.81,1,1,8,21,41,-3.0,3.0,0.01,30.0,60.0,1e-09,1e-12,6,0.0001,1,rimless_wheel_roa_gamma_0.390.csv,99.9846637527797
0,25,-0.002699081698724126,0.75,-1.0,rolling,5.6699999999999235,0.020000478845107358,2.3901739346551887,18,18,0,2.389328845884479,0.39,0.39269908169872414,9.81,1,1,8,21,41,-3.0,3.0,0.01,30.0,60.0,1e-09,1e-12,6,0.0001,1,rimless_wheel_roa_gamma_0.390.csv,99.9846637527797
0,26,-0.002699081698724126,0.8999999999999999,-1.0,rolling,5.599999999999925,0.006185556649162458,2.3894316611359234,18,18,0,2.3893309209029856,0.39,0.39269908169872414,9.81,1,1,8,21,41,-3.0,3.0,0.01,30.0,60.0,1e-09,1e-12,6,0.0001,1,rimless_wheel_roa_gamma_0.390.csv,99.9846637527797
0,27,-0.002699081698724126,1.0499999999999998,-1.0,rolling,5.549999999999926,0.019892776381270103,2.39016554902822,18,18,0,2.389333372897265,0.39,0.39269908169872414,9.81,1,1,8,21,41,-3.0,3.0,0.01,30.0,60.0,1e-09,1e-12,6,0.0001,1,rimless_wheel_roa_gamma_0.390.csv,99.9846637527797
0,28,-0.002699081698724126,1.2000000000000002,-1.0,rolling,5.499999999999927,0.019030856921046804,2.390096972728878,18,18,0,2.3893362010814108,0.39,0.39269908169872414,9.81,1,1,8,21,41,-3.0,3.0,0.01,30.0,60.0,1e-09,1e-12,6,0.0001,1,rimless_wheel_roa_gamma_0.390.csv,99.9846637527797
0,29,-0.002699081698724126,1.3499999999999996,-1.0,rolling,5.159999999999934,0.00516183629339202,2.3894055209122844,17,17,0,2.3893068285869385,0.39,0.39269908169872414,9.81,1,1,8,21,41,-3.0,3.0,0.01,30.0,60.0,1e-09,1e-12,6,0.0001,1,rimless_wheel_roa_gamma_0.390.csv,99.9846637527797
0,30,-0.002699081698724126,1.5,-1.0,rolling,5.119999999999935,0.008648464361603402,2.389505046195859,17,17,0,2.3893139965490136,0.39,0.39269908169872414,9.81,1,1,8,21,41,-3.0,3.0,0.01,30.0,60.0,1e-09,1e-12,6,0.0001,1,rimless_wheel_roa_gamma_0.390.csv,99.9846637527797
0,31,-0.002699081698724126,1.6499999999999995,-1.0,rolling,5.079999999999936,0.005225044077522984,2.3894083058119677,17,17,0,2.3893219179342666,0.39,0.39269908169872414,9.81,1,1,8,21,41,-3.0,3.0,0.01,30.0,60.0,1e-09,1e-12,6,0.0001,1,rimless_wheel_roa_gamma_0.390.csv,99.9846637527797
0,32,-0.002699081698724126,1.7999999999999998,-1.0,rolling,5.049999999999937,0.019985923308989993,2.3901729068315904,17,17,0,2.3893305919242,0.39,0.39269908169872414,9.81,1,1,8,21,41,-3.0,3.0,0.01,30.0,60.0,1e-09,1e-12,6,0.0001,1,rimless_wheel_roa_gamma_0.390.csv,99.9846637527797
0,33,-0.002699081698724126,1.9500000000000002,-1.0,rolling,4.719999999999944,0.0039900516789478395,2.389383622878326,16,16,0,2.3893080600573335,0.39,0.39269908169872414,9.81,1,1,8,21,41,-3.0,3.0,0.01,30.0,60.0,1e-09,1e-12,6,0.0001,1,rimless_wheel_roa_gamma_0.390.csv,99.9846637527797
0,34,-0.002699081698724126,2.0999999999999996,-1.0,rolling,4.689999999999944,0.009776439447903911,2.3895490807571225,16,16,0,2.389328428985744,0.39,0.39269908169872414,9.81,1,1,8,21,41,-3.0,3.0,0.01,30.0,60.0,1e-09,1e-12,6,0.0001,1,rimless_wheel_roa_gamma_0.390.csv,99.9846637527797
0,35,-0.002699081698724126,2.25,-1.0,rolling,4.369999999999951,0.009904227710700408,2.389554261754267,15,15,0,2.3893286273052543,0.39,0.39269908169872414,9.81,1,1,8,21,41,-3.0,3.0,0.01,30.0,60.0,1e-09,1e-12,6,0.0001,1,rimless_wheel_roa_gamma_0.390.csv,99.9846637527797
0,36,-0.002699081698724126,2.3999999999999995,-1.0,rolling,3.179999999999976,0.0007129113060364528,2.3893632743392743,11,11,0,2.3894265948802906,0.39,0.39269908169872414,9.81,1,1,8,21,41,-3.0,3.0,0.01,30.0,60.0,1e-09,1e-12,6,0.0001,1,rimless_wheel_roa_gamma_0.390.csv,99.9846637527797
0,37,-0.002699081698724126,2.55,-1.0,rolling,4.3099999999999525,0.004950709787669968,2.389412410752827,15,15,0,2.3894251843416203,0.39,0.39269908169872414,9.81,1,1,8,21,41,-3.0,3.0,0.01,30.0,60.0,1e-09,1e-12,6,0.0001,1,rimless_wheel_roa_gamma_0.390.csv,99.9846637527797
0,38,-0.002699081698724126,2.7,-1.0,rolling,4.569999999999947,0.0004904156637010088,2.389362570664556,16,16,0,2.389424985927702,0.39,0.39269908169872414,9.81,1,1,8,21,41,-3.0,3.0,0.01,30.0,60.0,1e-09,1e-12,6,0.0001,1,rimless_wheel_roa_gamma_0.390.csv,99.9846637527797
0,39,-0.002699081698724126,2.8499999999999996,-1.0,rolling,4.839999999999941,0.017570081732905328,2.3899945128438103,17,17,0,2.3894124408712436,0.39,0.39269908169872414,9.81,1,1,8,21,41,-3.0,3.0,0.01,30.0,60.0,1e-09,1e-12,6,0.0001,1,rimless_wheel_roa_gamma_0.390.csv,99.9846637527797
0,40,-0.002699081698724126,3.0,-1.0,rolling,4.809999999999942,0.006557080151052401,2.389450543448269,17,17,0,2.3894271493982555,0.39,0.39269908169872414,9.81,1,1,8,21,41,-3.0,3.0,0.01,30.0,60.0,1e-09,1e-12,6,0.0001,1,rimless_wheel_roa_gamma_0.390.csv,99.9846637527797
1,0,0.03657082647114829,-3.0,-0.9,rolling,6.059999999999915,0.003699787753085601,2.389379602522487,19,18,1,2.3893139413081883,0.39,0.39269908169872414,9.81,1,1,8,21,41,-3.0,3.0,0.01,30.0,60.0,1e-09,1e-12,6,0.0001,1,rimless_wheel_roa_gamma_0.390.csv,99.9846637527797
1,1,0.03657082647114829,-2.85,-0.9,rolling,5.969999999999917,0.008783979324255765,2.3895095400610264,19,18,1,2.389310263622492,0.39,0.39269908169872414,9.81,1,1,8,21,41,-3.0,3.0,0.01,30.0,60.0,1e-09,1e-12,6,0.0001,1,rimless_wheel_roa_gamma_0.390.csv,99.9846637527797
1,2,0.03657082647114829,-2.7,-0.9,rolling,5.899999999999919,-0.0024775573987057724,2.3893634204136167,19,18,1,2.3893067755784485,0.39,0.39269908169872414,9.81,1,1,8,21,41,-3.0,3.0,0.01,30.0,60.0,1e-09,1e-12,6,0.0001,1,rimless_wheel_roa_gamma_0.390.csv,99.9846637527797
1,3,0.03657082647114829,-2.55,-0.9,rolling,6.149999999999913,0.02092995835243237,2.3902528451078253,20,19,1,2.3893377300107415,0.39,0.39269908169872414,9.81,1,1,8,21,41,-3.0,3.0,0.01,30.0,60.0,1e-09,1e-12,6,0.0001,1,rimless_wheel_roa_gamma_0.390.csv,99.9846637527797
1,4,0.03657082647114829,-2.4,-0.9,rolling,6.109999999999914,0.015511847116540276,2.389847511316138,20,19,1,2.3893361749456394,0.39,0.39269908169872414,9.81,1,1,8,21,41,-3.0,3.0,0.01,30.0,60.0,1e-09,1e-12,6,0.0001,1,rimless_wheel_roa_gamma_0.390.csv,99.9846637527797
1,5,0.03657082647114829,-2.25,-0.9,rolling,6.079999999999915,0.013984809367083417,2.3897549260092044,20,19,1,2.389334712810801,0.39,0.39269908169872414,9.81,1,1,8,21,41,-3.0,3.0,0.01,30.0,60.0,1e-09,1e-12,6,0.0001,1,rimless_wheel_roa_gamma_0.390.csv,99.9846637527797
1,6,0.03657082647114829,-2.1,-0.9,rolling,6.059999999999915,0.020353184040653036,2.3902035703370283,20,19,1,2.389333345429947,0.39,0.39269908169872414,9.81,1,1,8,21,41,-3.0,3.0,0.01,30.0,60.0,1e-09,1e-12,6,0.0001,1,rimless_wheel_roa_gamma_0.390.csv,99.9846637527797
1,7,0.03657082647114829,-1.95,-0.9,rolling,6.039999999999916,0.01311609907459613,2.3897063528126425,20,19,1,2.389332071440587,0.39,0.39269908169872414,9.81,1,1,8,21,41,-3.0,3.0,0.01,30.0,60.0,1e-09,1e-12,6,0.0001,1,rimless_wheel_roa_gamma_0.390.csv,99.9846637527797
1,8,0.03657082647114829,-1.8,-0.9,rolling,6.029999999999916,0.017523588607935944,2.389983401444723,20,19,1,2.38933089414704,0.39,0.39269908169872414,9.81,1,1,8,21,41,-3.0,3.0,0.01,30.0,60.0,1e-09,1e-12,6,0.0001,1,rimless_wheel_roa_gamma_0.390.csv,99.9846637527797
1,9,0.03657082647114829,-1.6500000000000001,-0.9,rolling,6.019999999999916,0.010246768534345018,2.3895685441528998,20,19,1,2.3893298095248183,0.39,0.39269908169872414,9.81,1,1,8,21,41,-3.0,3.0,0.01,30.0,60.0,1e-09,1e-12,6,0.0001,1,rimless_wheel_roa_gamma_0.390.csv,99.9846637527797
1,10,0.03657082647114829,-1.5,-0.9,rolling,6.019999999999916,0.015071432744796883,2.3898191676456246,20,19,1,2.3893288198942138,0.39,0.39269908169872414,9.81,1,1,8,21,41,-3.0,3.0,0.01,30.0,60.0,1e-09,1e-12,6,0.0001,1,rimless_wheel_roa_gamma_0.390.csv,99.9846637527797
1,11,0.03657082647114829,-1.35,-0.9,rolling,6.019999999999916,0.007282301090454715,2.389461698384148,20,19,1,2.389327924376243,0.39,0.39269908169872414,9.81,1,1,8,21,41,-3.0,3.0,0.01,30.0,60.0,1e-09,1e-12,6,0.0001,1,rimless_wheel_roa_gamma_0.390.csv,99.9846637527797
1,12,0.03657082647114829,-1.2000000000000002,-0.9,rolling,6.029999999999916,0.00909041863768842,2.3895223883872645,20,19,1,2.389327121728201,0.39,0.39269908169872414,9.81,1,1,8,21,41,-3.0,3.0,0.01,30.0,60.0,1e-09,1e-12,6,0.0001,1,rimless_wheel_roa_gamma_0.390.csv,99.9846637527797
1,13,0.03657082647114829,-1.05,-0.9,rolling,6.0499999999999154,0.017581637920532085,2.389987155183005,20,19,1,2.38932641450602,0.39,0.39269908169872414,9.81,1,1,8,21,41,-3.0,3.0,0.01,30.0,60.0,1e-09,1e-12,6,0.0001,1,rimless_wheel_roa_gamma_0.390.csv,99.9846637527797
1,14,0.03657082647114829,-0.8999999999999999,-0.9,rolling,6.069999999999915,0.0039687363688042975,2.3893849649308074,20,19,1,2.3893258012314003,0.39,0.39269908169872414,9.81,1,1,8,21,41,-3.0,3.0,0.01,30.0,60.0,1e-09,1e-12,6,0.0001,1,rimless_wheel_roa_gamma_0.390.csv,99.9846637527797
1,15,0.03657082647114829,-0.75,-0.9,rolling,6.109999999999914,0.007576980890602242,2.389470433168438,20,19,1,2.3893252820987403,0.39,0.39269908169872414,9.81,1,1,8,21,41,-3.0,3.0,0.01,30.0,60.0,1e-09,1e-12,6,0.0001,1,rimless_wheel_roa_gamma_0.390.csv,99.9846637527797
1,16,0.03657082647114829,-0.6000000000000001,-0.9,rolling,6.169999999999913,0.012498337111668542,2.3896731886074827,20,19,1,2.3893248585058013,0.39,0.39269908169872414,9.81,1,1,8,21,41,-3.0,3.0,0.01,30.0,60.0,1e-09,1e-12,6,0.0001,1,rimless_wheel_roa_gamma_0.390.csv,99.9846637527797
1,17,0.03657082647114829,-0.4500000000000002,-0.9,rolling,6.259999999999911,0.007919746375874745,2.389481265064332,20,19,1,2.3893245282201523,0.39,0.39269908169872414,9.81,1,1,8,21,41,-3.0,3.0,0.01,30.0,60.0,1e-09,1e-12,6,0.0001,1,rimless_wheel_roa_gamma_0.390.csv,99.9846637527797
1,18,0.03657082647114829,-0.30000000000000027,-0.9,rolling,6.429999999999907,0.012047543020270278,2.389650424111188,20,19,1,2.389324293391389,0.39,0.39269908169872414,9.81,1,1,8,21,41,-3.0,3.0,0.01,30.0,60.0,1e-09,1e-12,6,0.0001,1,rimless_wheel_roa_gamma_0.390.csv,99.9846637527797
1,19,0.03657082647114829,-0.1499999999999999,-0.9,rolling,6.979999999999896,0.012768416773692934,2.3896871288628168,20,19,1,2.389324151738577,0.39,0.39269908169872414,9.81,1,1,8,21,41,-3.0,3.0,0.01,30.0,60.0,1e-09,1e-12,6,0.0001,1,rimless_wheel_roa_gamma_0.390.csv,99.9846637527797
1,20,0.03657082647114829,0.0,-0.9,rolling,6.2799999999999105,0.019182621641971025,2.3901077138308824,18,18,0,2.3893240213683233,0.39,0.39269908169872414,9.81,1,1,8,21,41,-3.0,3.0,0.01,30.0,60.0,1e-09,1e-12,6,0.0001,1,rimless_wheel_roa_gamma_0.390.csv,99.9846637527797
1,21,0.03657082647114829,0.1499999999999999,-0.9,rolling,6.009999999999916,0.014234975536455616,2.3897684143726745,18,18,0,2.3893242099352983,0.39,0.39269908169872414,9.81,1,1,8,21,41,-3.0,3.0,0.01,30.0,60.0,1e-09,1e-12,6,0.0001,1,rimless_wheel_roa_gamma_0.390.csv,99.9846637527797
1,22,0.03657082647114829,0.2999999999999998,-0.9,rolling,5.8599999999999195,0.0027731405602968743,2.3893683216652906,18,18,0,2.389324776004407,0.39,0.39269908169872414,9.81,1,1,8,21,41,-3.0,3.0,0.01,30.0,60.0,1e-09,1e-12,6,0.0001,1,rimless_wheel_roa_gamma_0.390.csv,99.9846637527797
1,23,0.03657082647114829,0.44999999999999973,-0.9,rolling,5.759999999999922,0.006189455722275179,2.3894312644258053,18,18,0,2.389325720038144,0.39,0.39269908169872414,9.81,1,1,8,21,41,-3.0,3.0,0.01,30.0,60.0,1e-09,1e-12,6,0.0001,1,rimless_wheel_roa_gamma_0.390.csv,99.9846637527797
1,24,0.03657082647114829,0.5999999999999996,-0.9,rolling,5.679999999999923,0.0038112305270692924,2.389382569275408,18,18,0,2.389327039729688,0.39,0.39269908169872414,9.81,1,1,8,21,41,-3.0,3.0,0.01,30.0,60.0,1e-09,1e-12,6,0.0001,1,rimless_wheel_roa_gamma_0.390.csv,99.9846637527797
1,25,0.03657082647114829,0.75,-0.9,rolling,5.619999999999925,0.016906672245996974,2.389939602580908,18,18,0,2.3893287365953064,0.39,0.39269908169872414,9.81,1,1,8,21,41,-3.0,3.0,0.01,30.0,60.0,1e-09,1e-12,6,0.0001,1,rimless_wheel_roa_gamma_0.390.csv,99.9846637527797
1,26,0.03657082647114829,0.8999999999999999,-0.9,rolling,5.559999999999926,0.008535905911113232,2.389502676651296,18,18,0,2.389330810675878,0.39,0.39269908169872414,9.81,1,1,8,21,41,-3.0,3.0,0.01,30.0,60.0,1e-09,1e-12,6,0.0001,1,rimless_wheel_roa_gamma_0.390.csv,99.9846637527797
1,27,0.03657082647114829,1.0499999999999998,-0.9,rolling,5.509999999999927,0.008835632115313788,2.389513598756911,18,18,0,2.3893332631111828,0.39,0.39269908169872414,9.81,1,1,8,21,41,-3.0,3.0,0.01,30.0,60.0,1e-09,1e-12,6,0.0001,1,rimless_wheel_roa_gamma_0.390.csv,99.9846637527797
1,28,0.03657082647114829,1.2000000000000002,-0.9,rolling,5.459999999999928,-0.00220579940110085,2.389363600977537,18,18,0,2.3893360919997098,0.39,0.39269908169872414,9.81,1,1,8,21,41,-3.0,3.0,0.01,30.0,60.0,1e-09,1e-12,6,0.0001,1,rimless_wheel_roa_gamma_0.390.csv,99.9846637527797
1,29,0.03657082647114829,1.3499999999999996,-0.9,rolling,5.129999999999935,-0.0001713571879145043,2.3893508641457997,17,17,0,2.3893066117411643,0.39,0.39269908169872414,9.81,1,1,8,21,41,-3.0,3.0,0.01,30.0,60.0,1e-09,1e-12,6,0.0001,1,rimless_wheel_roa_gamma_0.390.csv,99.9846637527797
1,30,0.03657082647114829,1.5,-0.9,rolling,5.099999999999936,0.020770901244989023,2.3902369567407558,17,17,0,2.3893137782578515,0.39,0.39269908169872414,9.81,1,1,8,21,41,-3.0,3.0,0.01,30.0,60.0,1e-09,1e-12,6,0.0001,1,rimless_wheel_roa_gamma_0.390.csv,99.9846637527797
1,31,0.03657082647114829,1.6499999999999995,-0.9,rolling,5.0599999999999365,0.012045682731312528,2.3896500855392637,17,17,0,2.389321698901656,0.39,0.39269908169872414,9.81,1,1,8,21,41,-3.0,3.0,0.01,30.0,60.0,1e-09,1e-12,6,0.0001,1,rimless_wheel_roa_gamma_0.390.csv,99.9846637527797
1,32,0.03657082647114829,1.7999999999999998,-0.9,rolling,5.019999999999937,-0.0015270131672933554,2.389357853688384,17,17,0,2.3893303744027117,0.39,0.39269908169872414,9.81,1,1,8,21,41,-3.0,3.0,0.01,30.0,60.0,1e-09,1e-12,6,0.0001,1,rimless_wheel_roa_gamma_0.390.csv,99.9846637527797
1,33,0.03657082647114829,1.9500000000000002,-0.9,rolling,4.699999999999944,0.0026037528039261695,2.3893648167714336,16,16,0,2.3893076222315806,0.39,0.39269908169872414,9.81,1,1,8,21,41,-3.0,3.0,0.01,30.0,60.0,1e-09,1e-12,6,0.0001,1,rimless_wheel_roa_gamma_0.390.csv,99.9846637527797
1,34,0.03657082647114829,2.0999999999999996,-0.9,rolling,4.669999999999945,0.005148707548800162,2.389407258684459,16,16,0,2.389327991502737,0.39,0.39269908169872414,9.81,1,1,8,21,41,-3.0,3.0,0.01,30.0,60.0,1e-09,1e-12,6,0.0001,1,rimless_wheel_roa_gamma_0.390.csv,99.9846637527797
1,35,0.03657082647114829,2.25,-0.9,rolling,4.349999999999952,0.0024596392891302115,2.3893652375075183,15,15,0,2.3893277513800135,0.39,0.39269908169872414,9.81,1,1,8,21,41,-3.0,3.0,0.01,30.0,60.0,1e-09,1e-12,6,0.0001,1,rimless_wheel_roa_gamma_0.390.csv,99.9846637527797
1,36,0.03657082647114829,2.3999999999999995,-0.9,rolling,3.1699999999999764,0.014693033758303407,2.389804027580276,11,11,0,2.3894125965715927,0.39,0.39269908169872414,9.81,1,1,8,21,41,-3.0,3.0,0.01,30.0,60.0,1e-09,1e-12,6,0.0001,1,rimless_wheel_roa_gamma_0.390.csv,99.9846637527797
1,37,0.03657082647114829,2.55,-0.9,rolling,4.299999999999953,0.016746121253210202,2.38993761626873,15,15,0,2.3894243094345358,0.39,0.39269908169872414,9.81,1,1,8,21,41,-3.0,3.0,0.01,30.0,60.0,1e-09,1e-12,6,0.0001,1,rimless_wheel_roa_gamma_0.390.csv,99.9846637527797
1,38,0.03657082647114829,2.7,-0.9,rolling,4.559999999999947,0.010339388405000668,2.389581480599229,16,16,0,2.3894245490676274,0.39,0.39269908169872414,9.81,1,1,8,21,41,-3.0,3.0,0.01,30.0,60.0,1e-09,1e-12,6,0.0001,1,rimless_wheel_roa_gamma_0.390.csv,99.9846637527797
1,39,0.03657082647114829,2.8499999999999996,-0.9,rolling,4.819999999999942,0.0017800186994516576,2.389367367457492,17,17,0,2.3894122222810554,0.39,0.39269908169872414,9.81,1,1,8,21,41,-3.0,3.0,0.01,30.0,60.0,1e-09,1e-12,6,0.0001,1,rimless_wheel_roa_gamma_0.390.csv,99.9846637527797
1,40,0.03657082647114829,3.0,-0.9,rolling,4.799999999999942,0.013091185212477197,2.389714047103244,17,17,0,2.3894269327924764,0.39,0.39269908169872414,9.81,1,1,8,21,41,-3.0,3.0,0.01,30.0,60.0,1e-09,1e-12,6,0.0001,1,rimless_wheel_roa_gamma_0.390.csv,99.9846637527797
2,0,0.0758407346410207,-3.0,-0.8,rolling,6.069999999999915,0.009014177167273941,2.389518283032356,19,18,1,2.389313760062119,0.39,0.39269908169872414,9.81,1,1,8,21,41,-3.0,3.0,0.01,30.0,60.0,1e-09,1e-12,6,0.0001,1,rimless_wheel_roa_gamma_0.390.csv,99.9846637527797
2,1,0.0758407346410207,-2.85,-0.8,rolling,5.979999999999917,0.008857992302391789,2.3895122018580897,19,18,1,2.3893100817910127,0.39,0.39269908169872414,9.81,1,1,8,21,41,-3.0,3.0,0.01,30.0,60.0,1e-09,1e-12,6,0.0001,1,rimless_wheel_roa_gamma_0.390.csv,99.9846637527797
2,2,0.0758407346410207,-2.7,-0.8,rolling,5.919999999999918,0.017603762150044694,2.389986866757385,19,18,1,2.3893065934176314,0.39,0.39269908169872414,9.81,1,1,8,21,41,-3.0,3.0,0.01,30.0,60.0,1e-09,1e-12,6,0.0001,1,rimless_wheel_roa_gamma_0.390.csv,99.9846637527797
2,3,0.0758407346410207,-2.55,-0.8,rolling,6.159999999999913,0.013700582219300195,2.3897390550591724,20,19,1,2.3893376392428647,0.39,0.39269908169872414,9.81,1,1,8,21,41,-3.0,3.0,0.01,30.0,60.0,1e-09,1e-12,6,0.0001,1,rimless_wheel_roa_gamma_0.390.csv,99.9846637527797
2,4,0.0758407346410207,-2.4,-0.8,rolling,6.119999999999914,0.004967072258029708,2.3894042561317588,20,19,1,2.389336083163162,0.39,0.39269908169872414,9.81,1,1,8,21,41,-3.0,3.0,0.01,30.0,60.0,1e-09,1e-12,6,0.0001,1,rimless_wheel_roa_gamma_0.390.csv,99.9846637527797
2,5,0.0758407346410207,-2.25,-0.8,rolling,6.089999999999915,3.974667194516553e-06,2.3893534702086714,20,19,1,2.389334621856359,0.39,0.39269908169872414,9.81,1,1,8,21,41,-3.0,3.0,0.01,30.0,60.0,1e-09,1e-12,6,0.0001,1,rimless_wheel_roa_gamma_0.390.csv,99.9846637527797
2,6,0.0758407346410207,-2.1,-0.8,rolling,6.069999999999915,0.0026489244806678003,2.3893677469374364,20,19,1,2.389333254459437,0.39,0.39269908169872414,9.81,1,1,8,21,41,-3.0,3.0,0.01,30.0,60.0,1e-09,1e-12,6,0.0001,1,rimless_wheel_roa_gamma_0.390.csv,99.9846637527797
2,7,0.0758407346410207,-1.95,-0.8,rolling,6.059999999999915,0.015141202870192893,2.3898237963209716,20,19,1,2.3893319826517248,0.39,0.39269908169872414,9.81,1,1,8,21,41,-3.0,3.0,0.01,30.0,60.0,1e-09,1e-12,6,0.0001,1,rimless_wheel_roa_gamma_0.390.csv,99.9846637527797
2,8,0.0758407346410207,-1.8,-0.8,rolling,6.0499999999999154,0.014752246181348388,2.389799816709953,20,19,1,2.3893308028157194,0.39,0.39269908169872414,9.81,1,1,8,21,41,-3.0,3.0,0.01,30.0,60.0,1e-09,1e-12,6,0.0001,1,rimless_wheel_roa_gamma_0.390.csv,99.9846637527797
2,9,0.0758407346410207,-1.6500000000000001,-0.8,rolling,6.039999999999916,0.001815015749276526,2.3893597686792596,20,19,1,2.3893297190812377,0.39,0.39269908169872414,9.81,1,1,8,21,41,-3.0,3.0,0.01,30.0,60.0,1e-09,1e-12,6,0.0001,1,rimless_wheel_roa_gamma_0.390.csv,99.9846637527797
2,10,0.0758407346410207,-1.5,-0.8,rolling,6.039999999999916,-0.0002174822507727812,2.3893530079886722,20,19,1,2.3893287282896813,0.39,0.39269908169872414,9.81,1,1,8,21,41,-3.0,3.0,0.01,30.0,60.0,1e-09,1e-12,6,0.0001,1,rimless_wheel_roa_gamma_0.390.csv,99.9846637527797
2,11,0.0758407346410207,-1.35,-0.8,rolling,6.0499999999999154,0.007344014392082253,2.3894635419570407,20,19,1,2.3893278323383274,0.39,0.39269908169872414,9.81,1,1,8,21,41,-3.0,3.0,0.01,30.0,60.0,1e-09,1e-12,6,0.0001,1,rimless_wheel_roa_gamma_0.390.csv,99.9846637527797
2,12,0.0758407346410207,-1.2000000000000002,-0.8,rolling,6.059999999999915,-0.0018566257834360107,2.3893598236750915,20,19,1,2.389327030843861,0.39,0.39269908169872414,9.81,1,1,8,21,41,-3.0,3.0,0.01,30.0,60.0,1e-09,1e-12,6,0.0001,1,rimless_wheel_roa_gamma_0.390.csv,99.9846637527797
2,13,0.0758407346410207,-1.05,-0.8,rolling,6.089999999999915,0.015738013486746593,2.389861078472366,20,19,1,2.3893263238460576,0.39,0.39269908169872414,9.81,1,1,8,21,41,-3.0,3.0,0.01,30.0,60.0,1e-09,1e-12,6,0.0001,1,rimless_wheel_roa_gamma_0.390.csv,99.9846637527797
2,14,0.0758407346410207,-0.8999999999999999,-0.8,rolling,6.119999999999914,0.005015246785968944,2.3894042579255386,20,19,1,2.3893257097958123,0.39,0.39269908169872414,9.81,1,1,8,21,41,-3.0,3.0,0.01,30.0,60.0,1e-09,1e-12,6,0.0001,1,rimless_wheel_roa_gamma_0.390.csv,99.9846637527797
2,15,0.0758407346410207,-0.75,-0.8,rolling,6.169999999999913,0.00023906343922707905,2.3893526898813944,20,19,1,2.3893251918495424,0.39,0.39269908169872414,9.81,1,1,8,21,41,-3.0,3.0,0.01,30.0,60.0,1e-09,1e-12,6,0.0001,1,rimless_wheel_roa_gamma_0.390.csv,99.9846637527797
2,16,0.0758407346410207,-0.6000000000000001,-0.8,rolling,6.259999999999911,0.020725490895966175,2.390234132779881,20,19,1,2.389324766024409,0.39,0.39269908169872414,9.81,1,1,8,21,41,-3.0,3.0,0.01,30.0,60.0,1e-09,1e-12,6,0.0001,1,rimless_wheel_roa_gamma_0.390.csv,99.9846637527797
2,17,0.0758407346410207,-0.4500000000000002,-0.8,rolling,6.399999999999908,0.013296964689211144,2.3897154313775837,20,19,1,2.3893244370257185,0.39,0.39269908169872414,9.81,1,1,8,21,41,-3.0,3.0,0.01,30.0,60.0,1e-09,1e-12,6,0.0001,1,rimless_wheel_roa_gamma_0.390.csv,99.9846637527797
2,18,0.0758407346410207,-0.30000000000000027,-0.8,rolling,6.7699999999999,0.002822547899258087,2.3893688335379246,20,19,1,2.389324201288518,0.39,0.39269908169872414,9.81,1,1,8,21,41,-3.0,3.0,0.01,30.0,60.0,1e-09,1e-12,6,0.0001,1,rimless_wheel_roa_gamma_0.390.csv,99.9846637527797
2,19,0.0758407346410207,-0.1499999999999999,-0.8,rolling,6.359999999999909,0.0031197320161643277,2.389372423598097,18,18,0,2.389323846810641,0.39,0.39269908169872414,9.81,1,1,8,21,41,-3.0,3.0,0.01,30.0,60.0,1e-09,1e-12,6,0.0001,1,rimless_wheel_roa_gamma_0.390.csv,99.9846637527797
2,20,0.0758407346410207,0.0,-0.8,rolling,6.039999999999916,-0.0007858970601359776,2.389353693455431,18,18,0,2.389323658371104,0.39,0.39269908169872414,9.81,1,1,8,21,41,-3.0,3.0,0.01,30.0,60.0,1e-09,1e-12,6,0.0001,1,rimless_wheel_roa_gamma_0.390.csv,99.9846637527797
2,21,0.0758407346410207,0.1499999999999999,-0.8,rolling,5.889999999999919,0.01602713138178989,2.3898796905570023,18,18,0,2.389323847496296,0.39,0.39269908169872414,9.81,1,1,8,21,41,-3.0,3.0,0.01,30.0,60.0,1e-09,1e-12,6,0.0001,1,rimless_wheel_roa_gamma_0.390.csv,99.9846637527797
2,22,0.0758407346410207,0.2999999999999998,-0.8,rolling,5.779999999999921,0.00720563485454305,2.3894590836332212,18,18,0,2.389324413201662,0.39,0.39269908169872414,9.81,1,1,8,21,41,-3.0,3.0,0.01,30.0,60.0,1e-09,1e-12,6,0.0001,1,rimless_wheel_roa_gamma_0.390.csv,99.9846637527797
2,23,0.0758407346410207,0.44999999999999973,-0.8,rolling,5.699999999999923,0.010669416978559415,2.3895862651577047,18,18,0,2.3893253568148514,0.39,0.39269908169872414,9.81,1,1,8,21,41,-3.0,3.0,0.01,30.0,60.0,1e-09,1e-12,6,0.0001,1,rimless_wheel_roa_gamma_0.390.csv,99.9846637527797
2,24,0.0758407346410207,0.5999999999999996,-0.8,rolling,5.629999999999924,0.003088131608861031,2.389372290188641,18,18,0,2.389326674953026,0.39,0.39269908169872414,9.81,1,1,8,21,41,-3.0,3.0,0.01,30.0,60.0,1e-09,1e-12,6,0.0001,1,rimless_wheel_roa_gamma_0.390.csv,99.9846637527797
2,25,0.0758407346410207,0.75,-0.8,rolling,5.5799999999999255,0.02049248708311958,2.3902147717526083,18,18,0,2.3893283733010424,0.39,0.39269908169872414,9.81,1,1,8,21,41,-3.0,3.0,0.01,30.0,60.0,1e-09,1e-12,6,0.0001,1,rimless_wheel_roa_gamma_0.390.csv,99.9846637527797
2,26,0.0758407346410207,0.8999999999999999,-0.8,rolling,5.519999999999927,-0.001953929225467398,2.389360910821098,18,18,0,2.389330449118936,0.39,0.39269908169872414,9.81,1,1,8,21,41,-3.0,3.0,0.01,30.0,60.0,1e-09,1e-12,6,0.0001,1,rimless_wheel_roa_gamma_0.390.csv,99.9846637527797
2,27,0.0758407346410207,1.0499999999999998,-0.8,rolling,5.479999999999928,0.01164522834435079,2.389631677628919,18,18,0,2.389332900447488,0.39,0.39269908169872414,9.81,1,1,8,21,41,-3.0,3.0,0.01,30.0,60.0,1e-09,1e-12,6,0.0001,1,rimless_wheel_roa_gamma_0.390.csv,99.9846637527797
2,28,0.0758407346410207,1.2000000000000002,-0.8,rolling,5.4399999999999284,0.016241178975524562,2.3898949979636326,18,18,0,2.389335729932808,0.39,0.39269908169872414,9.81,1,1,8,21,41,-3.0,3.0,0.01,30.0,60.0,1e-09,1e-12,6,0.0001,1,rimless_wheel_roa_gamma_0.390.csv,99.9846637527797
2,29,0.0758407346410207,1.3499999999999996,-0.8,rolling,5.399999999999929,0.013698194361232003,2.389739045059403,18,18,0,2.3893389360070105,0.39,0.39269908169872414,9.81,1,1,8,21,41,-3.0,3.0,0.01,30.0,60.0,1e-09,1e-12,6,0.0001,1,rimless_wheel_roa_gamma_0.390.csv,99.9846637527797
2,30,0.0758407346410207,1.5,-0.8,rolling,5.069999999999936,0.0032978684228290762,2.389373742214812,17,17,0,2.3893130517483403,0.39,0.39269908169872414,9.81,1,1,8,21,41,-3.0,3.0,0.01,30.0,60.0,1e-09,1e-12,6,0.0001,1,rimless_wheel_roa_gamma_0.390.csv,99.9846637527797
2,31,0.0758407346410207,1.6499999999999995,-0.8,rolling,5.039999999999937,0.013961401543482164,2.3897522741884734,17,17,0,2.3893209738526773,0.39,0.39269908169872414,9.81,1,1,8,21,41,-3.0,3.0,0.01,30.0,60.0,1e-09,1e-12,6,0.0001,1,rimless_wheel_roa_gamma_0.390.csv,99.9846637527797
2,32,0.0758407346410207,1.7999999999999998,-0.8,rolling,5.009999999999938,0.020472622531830395,2.390213222078265,17,17,0,2.389329648907679,0.39,0.39269908169872414,9.81,1,1,8,21,41,-3.0,3.0,0.01,30.0,60.0,1e-09,1e-12,6,0.0001,1,rimless_wheel_roa_gamma_0.390.csv,99.9846637527797
2,33,0.0758407346410207,1.9500000000000002,-0.8,rolling,4.9699999999999385,-0.0005222954938999096,2.3893544555986317,17,17,0,2.389339077935445,0.39,0.39269908169872414,9.81,1,1,8,21,41,-3.0,3.0,0.01,30.0,60.0,1e-09,1e-12,6,0.0001,1,rimless_wheel_roa_gamma_0.390.csv,99.9846637527797
2,34,0.0758407346410207,2.0999999999999996,-0.8,rolling,4.659999999999945,0.02105678353366824,2.390262705982027,16,16,0,2.389326539804349,0.39,0.39269908169872414,9.81,1,1,8,21,41,-3.0,3.0,0.01,30.0,60.0,1e-09,1e-12,6,0.0001,1,rimless_wheel_roa_gamma_0.390.csv,99.9846637527797
2,35,0.0758407346410207,2.25,-0.8,rolling,4.339999999999952,0.015894681440494718,2.3898711096632304,15,15,0,2.389324851014772,0.39,0.39269908169872414,9.81,1,1,8,21,41,-3.0,3.0,0.01,30.0,60.0,1e-09,1e-12,6,0.0001,1,rimless_wheel_roa_gamma_0.390.csv,99.9846637527797
2,36,0.0758407346410207,2.3999999999999995,-0.8,rolling,2.289999999999995,0.01984346928584157,2.390160772460101,8,8,0,2.3893254188648396,0.39,0.39269908169872414,9.81,1,1,8,21,41,-3.0,3.0,0.01,30.0,60.0,1e-09,1e-12,6,0.0001,1,rimless_wheel_roa_gamma_0.390.csv,99.9846637527797
2,37,0.0758407346410207,2.55,-0.8,rolling,4.279999999999953,0.0021703198707723435,2.38937140738631,15,15,0,2.3894214076178497,0.39,0.39269908169872414,9.81,1,1,8,21,41,-3.0,3.0,0.01,30.0,60.0,1e-09,1e-12,6,0.0001,1,rimless_wheel_roa_gamma_0.390.csv,99.9846637527797
2,38,0.0758407346410207,2.7,-0.8,rolling,4.549999999999947,0.017928963092832907,2.39002167295998,16,16,0,2.389423097200886,0.39,0.39269908169872414,9.81,1,1,8,21,41,-3.0,3.0,0.01,30.0,60.0,1e-09,1e-12,6,0.0001,1,rimless_wheel_roa_gamma_0.390.csv,99.9846637527797
2,39,0.0758407346410207,2.8499999999999996,-0.8,rolling,4.809999999999942,0.0078113710238634625,2.3894860469124564,17,17,0,2.3894114960170896,0.39,0.39269908169872414,9.81,1,1,8,21,41,-3.0,3.0,0.01,30.0,60.0,1e-09,1e-12,6,0.0001,1,rimless_wheel_roa_gamma_0.390.csv,99.9846637527797
2,40,0.0758407346410207,3.0,-0.8,rolling,4.789999999999942,0.01771520623261015,2.390006332582644,17,17,0,2.389426206020154,0.39,0.39269908169872414,9.81,1,1,8,21,41,-3.0,3.0,0.01,30.0,60.0,1e-09,1e-12,6,0.0001,1,rimless_wheel_roa_gamma_0.390.csv,99.9846637527797
3,0,0.11511064281089312,-3.0,-0.7,rolling,6.069999999999915,-0.0013742862865117925,2.3893553317361746,19,18,1,2.389313451878055,0.39,0.39269908169872414,9.81,1,1,8,21,41,-3.0,3.0,0.01,30.0,60.0,1e-09,1e-12,6,0.0001,1,rimless_wheel_roa_gamma_0.390.csv,99.9846637527797
3,1,0.11511064281089312,-2.85,-0.7,rolling,5.989999999999917,0.014834788800848403,2.3898028292901614,19,18,1,2.389309774159766,0.39,0.39269908169872414,9.81,1,1,8,21,41,-3.0,3.0,0.01,30.0,60.0,1e-09,1e-12,6,0.0001,1,rimless_wheel_roa_gamma_0.390.csv,99.9846637527797
3,2,0.11511064281089312,-2.7,-0.7,rolling,6.219999999999912,0.0203665670384427,2.390205239626779,20,19,1,2.3893391350950046,0.39,0.39269908169872414,9.81,1,1,8,21,41,-3.0,3.0,0.01,30.0,60.0,1e-09,1e-12,6,0.0001,1,rimless_wheel_roa_gamma_0.390.csv,99.9846637527797
3,3,0.11511064281089312,-2.55,-0.7,rolling,6.169999999999913,0.0100753503916462,2.3895621247396415,20,19,1,2.3893374864350174,0.39,0.39269908169872414,9.81,1,1,8,21,41,-3.0,3.0,0.01,30.0,60.0,1e-09,1e-12,6,0.0001,1,rimless_wheel_roa_gamma_0.390.csv,99.9846637527797
3,4,0.11511064281089312,-2.4,-0.7,rolling,6.129999999999914,-0.002698737048462176,2.3893685473296213,20,19,1,2.3893359299878307,0.39,0.39269908169872414,9.81,1,1,8,21,41,-3.0,3.0,0.01,30.0,60.0,1e-09,1e-12,6,0.0001,1,rimless_wheel_roa_gamma_0.390.csv,99.9846637527797
3,5,0.11511064281089312,-2.25,-0.7,rolling,6.109999999999914,0.01217495951463708,2.3896577271820987,20,19,1,2.3893344675334602,0.39,0.39269908169872414,9.81,1,1,8,21,41,-3.0,3.0,0.01,30.0,60.0,1e-09,1e-12,6,0.0001,1,rimless_wheel_roa_gamma_0.390.csv,99.9846637527797
3,6,0.11511064281089312,-2.1,-0.7,rolling,6.089999999999915,0.010509711179488188,2.389580058329233,20,19,1,2.3893331001466676,0.39,0.39269908169872414,9.81,1,1,8,21,41,-3.0,3.0,0.01,30.0,60.0,1e-09,1e-12,6,0.0001,1,rimless_wheel_roa_gamma_0.390.csv,99.9846637527797
3,7,0.11511064281089312,-1.95,-0.7,rolling,6.079999999999915,0.018221364093533043,2.3900346749508996,20,19,1,2.3893318276361897,0.39,0.39269908169872414,9.81,1,1,8,21,41,-3.0,3.0,0.01,30.0,60.0,1e-09,1e-12,6,0.0001,1,rimless_wheel_roa_gamma_0.390.csv,99.9846637527797
3,8,0.11511064281089312,-1.8,-0.7,rolling,6.069999999999915,0.012333319243802097,2.38966533077106,20,19,1,2.3893306498432243,0.39,0.39269908169872414,9.81,1,1,8,21,41,-3.0,3.0,0.01,30.0,60.0,1e-09,1e-12,6,0.0001,1,rimless_wheel_roa_gamma_0.390.csv,99.9846637527797
3,9,0.11511064281089312,-1.6500000000000001,-0.7,rolling,6.069999999999915,0.016757864104619425,2.3899294011215195,20,19,1,2.3893295650663067,0.39,0.39269908169872414,9.81,1,1,8,21,41,-3.0,3.0,0.01,30.0,60.0,1e-09,1e-12,6,0.0001,1,rimless_wheel_roa_gamma_0.390.csv,99.9846637527797
3,10,0.11511064281089312,-1.5,-0.7,rolling,6.069999999999915,0.006699975560865641,2.389445044826238,20,19,1,2.3893285735187577,0.39,0.39269908169872414,9.81,1,1,8,21,41,-3.0,3.0,0.01,30.0,60.0,1e-09,1e-12,6,0.0001,1,rimless_wheel_roa_gamma_0.390.csv,99.9846637527797
3,11,0.11511064281089312,-1.35,-0.7,rolling,6.079999999999915,0.0040439623163140434,2.3893863819491545,20,19,1,2.389327678479464,0.39,0.39269908169872414,9.81,1,1,8,21,41,-3.0,3.0,0.01,30.0,60.0,1e-09,1e-12,6,0.0001,1,rimless_wheel_roa_gamma_0.390.csv,99.9846637527797
3,12,0.11511064281089312,-1.2000000000000002,-0.7,rolling,6.099999999999914,0.005157302232634454,2.3894073341761155,20,19,1,2.389326876975203,0.39,0.39269908169872414,9.81,1,1,8,21,41,-3.0,3.0,0.01,30.0,60.0,1e-09,1e-12,6,0.0001,1,rimless_wheel_roa_gamma_0.390.csv,99.9846637527797
3,13,0.11511064281089312,-1.05,-0.7,rolling,6.129999999999914,0.0036873563362386265,2.3893805771308463,20,19,1,2.389326169999857,0.39,0.39269908169872414,9.81,1,1,8,21,41,-3.0,3.0,0.01,30.0,60.0,1e-09,1e-12,6,0.0001,1,rimless_wheel_roa_gamma_0.390.csv,99.9846637527797
3,14,0.11511064281089312,-0.8999999999999999,-0.7,rolling,6.179999999999913,0.011896704678259512,2.389643130911856,20,19,1,2.389325556551758,0.39,0.39269908169872414,9.81,1,1,8,21,41,-3.0,3.0,0.01,30.0,60.0,1e-09,1e-12,6,0.0001,1,rimless_wheel_roa_gamma_0.390.csv,99.9846637527797
3,15,0.11511064281089312,-0.75,-0.7,rolling,6.249999999999911,0.0059483452526082215,2.3894251945078016,20,19,1,2.389325038753197,0.39,0.39269908169872414,9.81,1,1,8,21,41,-3.0,3.0,0.01,30.0,60.0,1e-09,1e-12,6,0.0001,1,rimless_wheel_roa_gamma_0.390.csv,99.9846637527797
3,16,0.11511064281089312,-0.6000000000000001,-0.7,rolling,6.379999999999908,0.020589511534238228,2.3902225942740496,20,19,1,2.38932461448383,0.39,0.39269908169872414,9.81,1,1,8,21,41,-3.0,3.0,0.01,30.0,60.0,1e-09,1e-12,6,0.0001,1,rimless_wheel_roa_gamma_0.390.csv,99.9846637527797
3,17,0.11511064281089312,-0.4500000000000002,-0.7,rolling,6.659999999999902,0.008417724182010247,2.389497944224265,20,19,1,2.389324284413372,0.39,0.39269908169872414,9.81,1,1,8,21,41,-3.0,3.0,0.01,30.0,60.0,1e-09,1e-12,6,0.0001,1,rimless_wheel_roa_gamma_0.390.csv,99.9846637527797
3,18,0.11511064281089312,-0.30000000000000027,-0.7,rolling,6.479999999999906,0.005606477011027955,2.3894169649405446,18,18,0,2.38932379694088,0.39,0.39269908169872414,9.81,1,1,8,21,41,-3.0,3.0,0.01,30.0,60.0,1e-09,1e-12,6,0.0001,1,rimless_wheel_roa_gamma_0.390.csv,99.9846637527797
3,19,0.11511064281089312,-0.1499999999999999,-0.7,rolling,6.079999999999915,-0.0015074197999259166,2.3893570517812956,18,18,0,2.389323231883511,0.39,0.39269908169872414,9.81,1,1,8,21,41,-3.0,3.0,0.01,30.0,60.0,1e-09,1e-12,6,0.0001,1,rimless_wheel_roa_gamma_0.390.csv,99.9846637527797
3,20,0.11511064281089312,0.0,-0.7,rolling,5.909999999999918,0.0020654832512659654,2.389361125461259,18,18,0,2.3893230427701813,0.39,0.39269908169872414,9.81,1,1,8,21,41,-3.0,3.0,0.01,30.0,60.0,1e-09,1e-12,6,0.0001,1,rimless_wheel_roa_gamma_0.390.csv,99.9846637527797
3,21,0.11511064281089312,0.1499999999999999,-0.7,rolling,5.799999999999921,0.006631804726129521,2.3894426710983994,18,18,0,2.3893232309703554,0.39,0.39269908169872414,9.81,1,1,8,21,41,-3.0,3.0,0.01,30.0,60.0,1e-09,1e-12,6,0.0001,1,rimless_wheel_roa_gamma_0.390.csv,99.9846637527797
3,22,0.11511064281089312,0.2999999999999998,-0.7,rolling,5.7199999999999225,0.016582325012525594,2.389916842136082,18,18,0,2.389323797972493,0.39,0.39269908169872414,9.81,1,1,8,21,41,-3.0,3.0,0.01,30.0,60.0,1e-09,1e-12,6,0.0001,1,rimless_wheel_roa_gamma_0.390.csv,99.9846637527797
3,23,0.11511064281089312,0.44999999999999973,-0.7,rolling,5.649999999999924,0.01247013054188896,2.389671734818644,18,18,0,2.3893247421238843,0.39,0.39269908169872414,9.81,1,1,8,21,41,-3.0,3.0,0.01,30.0,60.0,1e-09,1e-12,6,0.0001,1,rimless_wheel_roa_gamma_0.390.csv,99.9846637527797
3,24,0.11511064281089312,0.5999999999999996,-0.7,rolling,5.589999999999925,0.007932132237945836,2.389481815110607,18,18,0,2.3893260612470075,0.39,0.39269908169872414,9.81,1,1,8,21,41,-3.0,3.0,0.01,30.0,60.0,1e-09,1e-12,6,0.0001,1,rimless_wheel_roa_gamma_0.390.csv,99.9846637527797
3,25,0.11511064281089312,0.75,-0.7,rolling,5.539999999999926,0.010522853243897491,2.3895801182606524,18,18,0,2.3893277588400093,0.39,0.39269908169872414,9.81,1,1,8,21,41,-3.0,3.0,0.01,30.0,60.0,1e-09,1e-12,6,0.0001,1,rimless_wheel_roa_gamma_0.390.csv,99.9846637527797
3,26,0.11511064281089312,0.8999999999999999,-0.7,rolling,5.489999999999927,0.0009243441015078803,2.3893547688831465,18,18,0,2.3893298331519097,0.39,0.39269908169872414,9.81,1,1,8,21,41,-3.0,3.0,0.01,30.0,60.0,1e-09,1e-12,6,0.0001,1,rimless_wheel_roa_gamma_0.390.csv,99.9846637527797
3,27,0.11511064281089312,1.0499999999999998,-0.7,rolling,5.449999999999928,0.0059789596947792,2.389426632949914,18,18,0,2.3893322841661258,0.39,0.39269908169872414,9.81,1,1,8,21,41,-3.0,3.0,0.01,30.0,60.0,1e-09,1e-12,6,0.0001,1,rimless_wheel_roa_gamma_0.390.csv,99.9846637527797
3,28,0.11511064281089312,1.2000000000000002,-0.7,rolling,5.409999999999929,0.00377854191419373,2.389382827210116,18,18,0,2.3893351134811702,0.39,0.39269908169872414,9.81,1,1,8,21,41,-3.0,3.0,0.01,30.0,60.0,1e-09,1e-12,6,0.0001,1,rimless_wheel_roa_gamma_0.390.csv,99.9846637527797
3,29,0.11511064281089312,1.3499999999999996,-0.7,rolling,5.37999999999993,0.019604467297557642,2.3901426528422225,18,18,0,2.3893383203701215,0.39,0.39269908169872414,9.81,1,1,8,21,41,-3.0,3.0,0.01,30.0,60.0,1e-09,1e-12,6,0.0001,1,rimless_wheel_roa_gamma_0.390.csv,99.9846637527797
3,30,0.11511064281089312,1.5,-0.7,rolling,5.049999999999937,0.004623565284661624,2.3893951844831802,17,17,0,2.389311820457707,0.39,0.39269908169872414,9.81,1,1,8,21,41,-3.0,3.0,0.01,30.0,60.0,1e-09,1e-12,6,0.0001,1,rimless_wheel_roa_gamma_0.390.csv,99.9846637527797
3,31,0.11511064281089312,1.6499999999999995,-0.7,rolling,5.019999999999937,0.011433904715779835,2.3896204147085944,17,17,0,2.389319742281493,0.39,0.39269908169872414,9.81,1,1,8,21,41,-3.0,3.0,0.01,30.0,60.0,1e-09,1e-12,6,0.0001,1,rimless_wheel_roa_gamma_0.390.csv,99.9846637527797
3,32,0.11511064281089312,1.7999999999999998,-0.7,rolling,4.989999999999938,0.014659193651932915,2.389793974040287,17,17,0,2.3893284176693688,0.39,0.39269908169872414,9.81,1,1,8,21,41,-3.0,3.0,0.01,30.0,60.0,1e-09,1e-12,6,0.0001,1,rimless_wheel_roa_gamma_0.390.csv,99.9846637527797
3,33,0.11511064281089312,1.9500000000000002,-0.7,rolling,4.959999999999939,0.014727726657668458,2.389799006067146,17,17,0,2.3893378477507974,0.39,0.39269908169872414,9.81,1,1,8,21,41,-3.0,3.0,0.01,30.0,60.0,1e-09,1e-12,6,0.0001,1,rimless_wheel_roa_gamma_0.390.csv,99.9846637527797
3,34,0.11511064281089312,2.0999999999999996,-0.7,rolling,4.6399999999999455,0.009942869148800708,2.3895554043234344,16,16,0,2.3893240788750205,0.39,0.39269908169872414,9.81,1,1,8,21,41,-3.0,3.0,0.01,30.0,60.0,1e-09,1e-12,6,0.0001,1,rimless_wheel_roa_gamma_0.390.csv,99.9846637527797
3,35,0.11511064281089312,2.25,-0.7,rolling,4.319999999999952,0.002614220233562667,2.3893661028167243,15,15,0,2.389319924408618,0.39,0.39269908169872414,9.81,1,1,8,21,41,-3.0,3.0,0.01,30.0,60.0,1e-09,1e-12,6,0.0001,1,rimless_wheel_roa_gamma_0.390.csv,99.9846637527797
3,36,0.11511064281089312,2.3999999999999995,-0.7,rolling,3.429999999999971,0.012787933974768842,2.3896886775711015,12,12,0,2.3893296743169774,0.39,0.39269908169872414,9.81,1,1,8,21,41,-3.0,3.0,0.01,30.0,60.0,1e-09,1e-12,6,0.0001,1,rimless_wheel_roa_gamma_0.390.csv,99.9846637527797
3,37,0.11511064281089312,2.55,-0.7,rolling,4.269999999999953,0.009152574559727409,2.389533225584456,15,15,0,2.3894164822687216,0.39,0.39269908169872414,9.81,1,1,8,21,41,-3.0,3.0,0.01,30.0,60.0,1e-09,1e-12,6,0.0001,1,rimless_wheel_roa_gamma_0.390.csv,99.9846637527797
3,38,0.11511064281089312,2.7,-0.7,rolling,4.529999999999948,-0.000521069327641266,2.389362220013212,16,16,0,2.3894206347990874,0.39,0.39269908169872414,9.81,1,1,8,21,41,-3.0,3.0,0.01,30.0,60.0,1e-09,1e-12,6,0.0001,1,rimless_wheel_roa_gamma_0.390.csv,99.9846637527797
3,39,0.11511064281089312,2.8499999999999996,-0.7,rolling,4.799999999999942,0.011869930728723539,2.3896498896311824,17,17,0,2.3894102651723528,0.39,0.39269908169872414,9.81,1,1,8,21,41,-3.0,3.0,0.01,30.0,60.0,1e-09,1e-12,6,0.0001,1,rimless_wheel_roa_gamma_0.390.csv,99.9846637527797
3,40,0.11511064281089312,3.0,-0.7,rolling,4.7799999999999425,0.020516042372959956,2.3902259507199797,17,17,0,2.3894249757998214,0.39,0.39269908169872414,9.81,1,1,8,21,41,-3.0,3.0,0.01,30.0,60.0,1e-09,1e-12,6,0.0001,1,rimless_wheel_roa_gamma_0.390.csv,99.9846637527797
4,0,0.15438055098076553,-3.0,-0.6,rolling,6.079999999999915,0.019421300031424588,2.3901255738487395,19,18,1,2.389313019254716,0.39,0.39269908169872414,9.81,1,1,8,21,41,-3.0,3.0,0.01,30.0,60.0,1e-09,1e-12,6,0.0001,1,rimless_wheel_roa_gamma_0.390.csv,99.9846637527797
4,1,0.15438055098076553,-2.85,-0.6,rolling,5.989999999999917,0.002235015256204078,2.3893613177715722,19,18,1,2.3893093413459567,0.39,0.39269908169872414,9.81,1,1,8,21,41,-3.0,3.0,0.01,30.0,60.0,1e-09,1e-12,6,0.0001,1,rimless_wheel_roa_gamma_0.390.csv,99.9846637527797
4,2,0.15438055098076553,-2.7,-0.6,rolling,6.219999999999912,0.001278114291630301,2.3893572347352428,20,19,1,2.389338919894844,0.39,0.39269908169872414,9.81,1,1,8,21,41,-3.0,3.0,0.01,30.0,60.0,1e-09,1e-12,6,0.0001,1,rimless_wheel_roa_gamma_0.390.csv,99.9846637527797
4,3,0.15438055098076553,-2.55,-0.6,rolling,6.179999999999913,0.009637606349868355,2.38954439044591,20,19,1,2.38933726883256,0.39,0.39269908169872414,9.81,1,1,8,21,41,-3.0,3.0,0.01,30.0,60.0,1e-09,1e-12,6,0.0001,1,rimless_wheel_roa_gamma_0.390.csv,99.9846637527797
4,4,0.15438055098076553,-2.4,-0.6,rolling,6.149999999999913,0.015993256152068466,2.389878594505568,20,19,1,2.3893357118130742,0.39,0.39269908169872414,9.81,1,1,8,21,41,-3.0,3.0,0.01,30.0,60.0,1e-09,1e-12,6,0.0001,1,rimless_wheel_roa_gamma_0.390.csv,99.9846637527797
4,5,0.15438055098076553,-2.25,-0.6,rolling,6.119999999999914,0.0022608816925898563,2.38936392956013,20,19,1,2.389334250550505,0.39,0.39269908169872414,9.81,1,1,8,21,41,-3.0,3.0,0.01,30.0,60.0,1e-09,1e-12,6,0.0001,1,rimless_wheel_roa_gamma_0.390.csv,99.9846637527797
4,6,0.15438055098076553,-2.1,-0.6,rolling,6.109999999999914,0.01952714331326132,2.390135926269921,20,19,1,2.389332884140209,0.39,0.39269908169872414,9.81,1,1,8,21,41,-3.0,3.0,0.01,30.0,60.0,1e-09,1e-12,6,0.0001,1,rimless_wheel_roa_gamma_0.390.csv,99.9846637527797
4,7,0.15438055098076553,-1.95,-0.6,rolling,6.089999999999915,-0.0021614992169222383,2.3893627743871106,20,19,1,2.389331610285374,0.39,0.39269908169872414,9.81,1,1,8,21,41,-3.0,3.0,0.01,30.0,60.0,1e-09,1e-12,6,0.0001,1,rimless_wheel_roa_gamma_0.390.csv,99.9846637527797
4,8,0.15438055098076553,-1.8,-0.6,rolling,6.089999999999915,0.009476678193992056,2.3895374273482126,20,19,1,2.389330433297278,0.39,0.39269908169872414,9.81,1,1,8,21,41,-3.0,3.0,0.01,30.0,60.0,1e-09,1e-12,6,0.0001,1,rimless_wheel_roa_gamma_0.390.csv,99.9846637527797
4,9,0.15438055098076553,-1.6500000000000001,-0.6,rolling,6.089999999999915,0.006230753482757154,2.3894326651138784,20,19,1,2.389329348045614,0.39,0.39269908169872414,9.81,1,1,8,21,41,-3.0,3.0,0.01,30.0,60.0,1e-09,1e-12,6,0.0001,1,rimless_wheel_roa_gamma_0.390.csv,99.9846637527797
4,10,0.15438055098076553,-1.5,-0.6,rolling,6.099999999999914,0.010451296736823075,2.3895770949663473,20,19,1,2.389328357722477,0.39,0.39269908169872414,9.81,1,1,8,21,41,-3.0,3.0,0.01,30.0,60.0,1e-09,1e-12,6,0.0001,1,rimless_wheel_roa_gamma_0.390.csv,99.9846637527797
4,11,0.15438055098076553,-1.35,-0.6,rolling,6.119999999999914,0.01907729874372954,2.3900997729566646,20,19,1,2.389327461026896,0.39,0.39269908169872414,9.81,1,1,8,21,41,-3.0,3.0,0.01,30.0,60.0,1e-09,1e-12,6,0.0001,1,rimless_wheel_roa_gamma_0.390.csv,99.9846637527797
4,12,0.15438055098076553,-1.2000000000000002,-0.6,rolling,6.1399999999999135,0.002713945158807349,2.3893678329126815,20,19,1,2.3893266586691677,0.39,0.39269908169872414,9.81,1,1,8,21,41,-3.0,3.0,0.01,30.0,60.0,1e-09,1e-12,6,0.0001,1,rimless_wheel_roa_gamma_0.390.csv,99.9846637527797
4,13,0.15438055098076553,-1.05,-0.6,rolling,6.179999999999913,-0.0008959891894668381,2.3893542943844976,20,19,1,2.389325952581603,0.39,0.39269908169872414,9.81,1,1,8,21,41,-3.0,3.0,0.01,30.0,60.0,1e-09,1e-12,6,0.0001,1,rimless_wheel_roa_gamma_0.390.csv,99.9846637527797
4,14,0.15438055098076553,-0.8999999999999999,-0.6,rolling,6.249999999999911,0.011968496956716923,2.3896466278287405,20,19,1,2.3893253402525265,0.39,0.39269908169872414,9.81,1,1,8,21,41,-3.0,3.0,0.01,30.0,60.0,1e-09,1e-12,6,0.0001,1,rimless_wheel_roa_gamma_0.390.csv,99.9846637527797
4,15,0.15438055098076553,-0.75,-0.6,rolling,6.359999999999909,0.01618665704651251,2.389890329270678,20,19,1,2.389324820864365,0.39,0.39269908169872414,9.81,1,1,8,21,41,-3.0,3.0,0.01,30.0,60.0,1e-09,1e-12,6,0.0001,1,rimless_wheel_roa_gamma_0.390.csv,99.9846637527797
4,16,0.15438055098076553,-0.6000000000000001,-0.6,rolling,6.589999999999904,0.0198340015805874,2.3901599031540863,20,19,1,2.389324397920138,0.39,0.39269908169872414,9.81,1,1,8,21,41,-3.0,3.0,0.01,30.0,60.0,1e-09,1e-12,6,0.0001,1,rimless_wheel_roa_gamma_0.390.csv,99.9846637527797
4,17,0.15438055098076553,-0.4500000000000002,-0.6,rolling,6.669999999999902,0.0005074628850858273,2.389352975223831,18,18,0,2.389323872878222,0.39,0.39269908169872414,9.81,1,1,8,21,41,-3.0,3.0,0.01,30.0,60.0,1e-09,1e-12,6,0.0001,1,rimless_wheel_roa_gamma_0.390.csv,99.9846637527797
4,18,0.15438055098076553,-0.30000000000000027,-0.6,rolling,6.129999999999914,0.00901426549058053,2.3895191616789813,18,18,0,2.3893229307814727,0.39,0.39269908169872414,9.81,1,1,8,21,41,-3.0,3.0,0.01,30.0,60.0,1e-09,1e-12,6,0.0001,1,rimless_wheel_roa_gamma_0.390.csv,99.9846637527797
4,19,0.15438055098076553,-0.1499999999999999,-0.6,rolling,5.939999999999918,0.007987547941287703,2.3894832728917117,18,18,0,2.38932236533827,0.39,0.39269908169872414,9.81,1,1,8,21,41,-3.0,3.0,0.01,30.0,60.0,1e-09,1e-12,6,0.0001,1,rimless_wheel_roa_gamma_0.390.csv,99.9846637527797
4,20,0.15438055098076553,0.0,-0.6,rolling,5.81999999999992,0.0042130444487922525,2.38938872407657,18,18,0,2.389322176494028,0.39,0.39269908169872414,9.81,1,1,8,21,41,-3.0,3.0,0.01,30.0,60.0,1e-09,1e-12,6,0.0001,1,rimless_wheel_roa_gamma_0.390.csv,99.9846637527797
4,21,0.15438055098076553,0.1499999999999999,-0.6,rolling,5.729999999999922,-0.0024598391321126968,2.3893647253644765,18,18,0,2.389322364967613,0.39,0.39269908169872414,9.81,1,1,8,21,41,-3.0,3.0,0.01,30.0,60.0,1e-09,1e-12,6,0.0001,1,rimless_wheel_roa_gamma_0.390.csv,99.9846637527797
4,22,0.15438055098076553,0.2999999999999998,-0.6,rolling,5.6699999999999235,0.021102387912973582,2.3902663103029216,18,18,0,2.3893229312644304,0.39,0.39269908169872414,9.81,1,1,8,21,41,-3.0,3.0,0.01,30.0,60.0,1e-09,1e-12,6,0.0001,1,rimless_wheel_roa_gamma_0.390.csv,99.9846637527797
4,23,0.15438055098076553,0.44999999999999973,-0.6,rolling,5.609999999999925,0.018616222552240973,2.3900637663345456,18,18,0,2.3893238728405666,0.39,0.39269908169872414,9.81,1,1,8,21,41,-3.0,3.0,0.01,30.0,60.0,1e-09,1e-12,6,0.0001,1,rimless_wheel_roa_gamma_0.390.csv,99.9846637527797
4,24,0.15438055098076553,0.5999999999999996,-0.6,rolling,5.549999999999926,-0.0015522696041555654,2.3893575214754326,18,18,0,2.3893251934925677,0.39,0.39269908169872414,9.81,1,1,8,21,41,-3.0,3.0,0.01,30.0,60.0,1e-09,1e-12,6,0.0001,1,rimless_wheel_roa_gamma_0.390.csv,99.9846637527797
4,25,0.15438055098076553,0.75,-0.6,rolling,5.509999999999927,0.013385081441807119,2.3897204920971022,18,18,0,2.389326890255529,0.39,0.39269908169872414,9.81,1,1,8,21,41,-3.0,3.0,0.01,30.0,60.0,1e-09,1e-12,6,0.0001,1,rimless_wheel_roa_gamma_0.390.csv,99.9846637527797
4,26,0.15438055098076553,0.8999999999999999,-0.6,rolling,5.469999999999928,0.018822988184896475,2.3900801376667653,18,18,0,2.389328966229233,0.39,0.39269908169872414,9.81,1,1,8,21,41,-3.0,3.0,0.01,30.0,60.0,1e-09,1e-12,6,0.0001,1,rimless_wheel_roa_gamma_0.390.csv,99.9846637527797
4,27,0.15438055098076553,1.0499999999999998,-0.6,rolling,5.429999999999929,0.01688200318474388,2.38993814873914,18,18,0,2.3893314174233513,0.39,0.39269908169872414,9.81,1,1,8,21,41,-3.0,3.0,0.01,30.0,60.0,1e-09,1e-12,6,0.0001,1,rimless_wheel_roa_gamma_0.390.csv,99.9846637527797
4,28,0.15438055098076553,1.2000000000000002,-0.6,rolling,5.3899999999999295,0.009028601728415547,2.3895207698655345,18,18,0,2.3893342467063308,0.39,0.39269908169872414,9.81,1,1,8,21,41,-3.0,3.0,0.01,30.0,60.0,1e-09,1e-12,6,0.0001,1,rimless_wheel_roa_gamma_0.390.csv,99.9846637527797
4,29,0.15438055098076553,1.3499999999999996,-0.6,rolling,5.35999999999993,0.020200923476979635,2.3901912891673427,18,18,0,2.3893374513146557,0.39,0.39269908169872414,9.81,1,1,8,21,41,-3.0,3.0,0.01,30.0,60.0,1e-09,1e-12,6,0.0001,1,rimless_wheel_roa_gamma_0.390.csv,99.9846637527797
4,30,0.15438055098076553,1.5,-0.6,rolling,5.029999999999937,0.0013268446901849393,2.3893547478402284,17,17,0,2.3893100854746447,0.39,0.39269908169872414,9.81,1,1,8,21,41,-3.0,3.0,0.01,30.0,60.0,1e-09,1e-12,6,0.0001,1,rimless_wheel_roa_gamma_0.390.csv,99.9846637527797
4,31,0.15438055098076553,1.6499999999999995,-0.6,rolling,4.999999999999938,0.004835488296382533,2.389399888815801,17,17,0,2.389318007945158,0.39,0.39269908169872414,9.81,1,1,8,21,41,-3.0,3.0,0.01,30.0,60.0,1e-09,1e-12,6,0.0001,1,rimless_wheel_roa_gamma_0.390.csv,99.9846637527797
4,32,0.15438055098076553,1.7999999999999998,-0.6,rolling,4.9699999999999385,0.005227345669459548,2.3894088108436455,17,17,0,2.3893266829844273,0.39,0.39269908169872414,9.81,1,1,8,21,41,-3.0,3.0,0.01,30.0,60.0,1e-09,1e-12,6,0.0001,1,rimless_wheel_roa_gamma_0.390.csv,99.9846637527797
4,33,0.15438055098076553,1.9500000000000002,-0.6,rolling,4.939999999999939,0.0028392902792348353,2.389370162163401,17,17,0,2.3893361114538414,0.39,0.39269908169872414,9.81,1,1,8,21,41,-3.0,3.0,0.01,30.0,60.0,1e-09,1e-12,6,0.0001,1,rimless_wheel_roa_gamma_0.390.csv,99.9846637527797
4,34,0.15438055098076553,2.0999999999999996,-0.6,rolling,4.629999999999946,0.019800944974216025,2.3901568529635044,16,16,0,2.389320607611292,0.39,0.39269908169872414,9.81,1,1,8,21,41,-3.0,3.0,0.01,30.0,60.0,1e-09,1e-12,6,0.0001,1,rimless_wheel_roa_gamma_0.390.csv,99.9846637527797
4,35,0.15438055098076553,2.25,-0.6,rolling,4.3099999999999525,0.010573607528298954,2.3895809089906637,15,15,0,2.38931298482473,0.39,0.39269908169872414,9.81,1,1,8,21,41,-3.0,3.0,0.01,30.0,60.0,1e-09,1e-12,6,0.0001,1,rimless_wheel_roa_gamma_0.390.csv,99.9846637527797
4,36,0.15438055098076553,2.3999999999999995,-0.6,rolling,3.709999999999965,0.021098813443304266,2.390266013494386,13,13,0,2.389323070203639,0.39,0.39269908169872414,9.81,1,1,8,21,41,-3.0,3.0,0.01,30.0,60.0,1e-09,1e-12,6,0.0001,1,rimless_wheel_roa_gamma_0.390.csv,99.9846637527797
4,37,0.15438055098076553,2.55,-0.6,rolling,4.259999999999954,0.01391595483388949,2.389758110730642,15,15,0,2.3894095431065034,0.39,0.39269908169872414,9.81,1,1,8,21,41,-3.0,3.0,0.01,30.0,60.0,1e-09,1e-12,6,0.0001,1,rimless_wheel_roa_gamma_0.390.csv,99.9846637527797
4,38,0.15438055098076553,2.7,-0.6,rolling,4.519999999999948,0.0028824109973419193,2.3893783908824853,16,16,0,2.3894171672706412,0.39,0.39269908169872414,9.81,1,1,8,21,41,-3.0,3.0,0.01,30.0,60.0,1e-09,1e-12,6,0.0001,1,rimless_wheel_roa_gamma_0.390.csv,99.9846637527797
4,39,0.15438055098076553,2.8499999999999996,-0.6,rolling,4.789999999999942,0.01404310687400806,2.389765310606815,17,17,0,2.389408531141679,0.39,0.39269908169872414,9.81,1,1,8,21,41,-3.0,3.0,0.01,30.0,60.0,1e-09,1e-12,6,0.0001,1,rimless_wheel_roa_gamma_0.390.csv,99.9846637527797
4,40,0.15438055098076553,3.0,-0.6,rolling,4.759999999999943,-0.0023267758247243007,2.3893730230419816,17,17,0,2.3894232395461303,0.39,0.39269908169872414,9.81,1,1,8,21,41,-3.0,3.0,0.01,30.0,60.0,1e-09,1e-12,6,0.0001,1,rimless_wheel_roa_gamma_0.390.csv,99.9846637527797
5,0,0.19365045915063794,-3.0,-0.5,rolling,6.069999999999915,-0.0013981297390140031,2.3893553719950877,19,18,1,2.3893124585630496,0.39,0.39269908169872414,9.81,1,1,8,21,41,-3.0,3.0,0.01,30.0,60.0,1e-09,1e-12,6,0.0001,1,rimless_wheel_roa_gamma_0.390.csv,99.9846637527797
5,1,0.19365045915063794,-2.85,-0.5,rolling,5.9999999999999165,0.01812460244996125,2.390025263496736,19,18,1,2.389308782433943,0.39,0.39269908169872414,9.81,1,1,8,21,41,-3.0,3.0,0.01,30.0,60.0,1e-09,1e-12,6,0.0001,1,rimless_wheel_roa_gamma_0.390.csv,99.9846637527797
5,2,0.19365045915063794,-2.7,-0.5,rolling,6.229999999999912,0.00959765456931673,2.3895429429669566,20,19,1,2.389338638926581,0.39,0.39269908169872414,9.81,1,1,8,21,41,-3.0,3.0,0.01,30.0,60.0,1e-09,1e-12,6,0.0001,1,rimless_wheel_roa_gamma_0.390.csv,99.9846637527797
5,3,0.19365045915063794,-2.55,-0.5,rolling,6.1899999999999125,0.011878535335530493,2.389643331579895,20,19,1,2.389336988378986,0.39,0.39269908169872414,9.81,1,1,8,21,41,-3.0,3.0,0.01,30.0,60.0,1e-09,1e-12,6,0.0001,1,rimless_wheel_roa_gamma_0.390.csv,99.9846637527797
5,4,0.19365045915063794,-2.4,-0.5,rolling,6.159999999999913,0.01274937283521478,2.389687203540551,20,19,1,2.3893354322259848,0.39,0.39269908169872414,9.81,1,1,8,21,41,-3.0,3.0,0.01,30.0,60.0,1e-09,1e-12,6,0.0001,1,rimless_wheel_roa_gamma_0.390.csv,99.9846637527797
5,5,0.19365045915063794,-2.25,-0.5,rolling,6.1399999999999135,0.017510375600538714,2.3899827419504462,20,19,1,2.389333971373699,0.39,0.39269908169872414,9.81,1,1,8,21,41,-3.0,3.0,0.01,30.0,60.0,1e-09,1e-12,6,0.0001,1,rimless_wheel_roa_gamma_0.390.csv,99.9846637527797
5,6,0.19365045915063794,-2.1,-0.5,rolling,6.119999999999914,0.005178234047286052,2.389408325010456,20,19,1,2.3893326047159165,0.39,0.39269908169872414,9.81,1,1,8,21,41,-3.0,3.0,0.01,30.0,60.0,1e-09,1e-12,6,0.0001,1,rimless_wheel_roa_gamma_0.390.csv,99.9846637527797
5,7,0.19365045915063794,-1.95,-0.5,rolling,6.109999999999914,0.0010192721425335,2.3893552894867227,20,19,1,2.3893313306088393,0.39,0.39269908169872414,9.81,1,1,8,21,41,-3.0,3.0,0.01,30.0,60.0,1e-09,1e-12,6,0.0001,1,rimless_wheel_roa_gamma_0.390.csv,99.9846637527797
5,8,0.19365045915063794,-1.8,-0.5,rolling,6.109999999999914,0.005190415868971945,2.3894083506213457,20,19,1,2.389330151922267,0.39,0.39269908169872414,9.81,1,1,8,21,41,-3.0,3.0,0.01,30.0,60.0,1e-09,1e-12,6,0.0001,1,rimless_wheel_roa_gamma_0.390.csv,99.9846637527797
5,9,0.19365045915063794,-1.6500000000000001,-0.5,rolling,6.119999999999914,0.016662981599190576,2.3899228476270813,20,19,1,2.3893290682717967,0.39,0.39269908169872414,9.81,1,1,8,21,41,-3.0,3.0,0.01,30.0,60.0,1e-09,1e-12,6,0.0001,1,rimless_wheel_roa_gamma_0.390.csv,99.9846637527797
5,10,0.19365045915063794,-1.5,-0.5,rolling,6.129999999999914,0.009042385726431684,2.3895206926699664,20,19,1,2.389328077275412,0.39,0.39269908169872414,9.81,1,1,8,21,41,-3.0,3.0,0.01,30.0,60.0,1e-09,1e-12,6,0.0001,1,rimless_wheel_roa_gamma_0.390.csv,99.9846637527797
5,11,0.19365045915063794,-1.35,-0.5,rolling,6.149999999999913,0.0015117200644391322,2.389357452346033,20,19,1,2.3893271813750996,0.39,0.39269908169872414,9.81,1,1,8,21,41,-3.0,3.0,0.01,30.0,60.0,1e-09,1e-12,6,0.0001,1,rimless_wheel_roa_gamma_0.390.csv,99.9846637527797
5,12,0.19365045915063794,-1.2000000000000002,-0.5,rolling,6.1899999999999125,0.009274530618129086,2.389529259929049,20,19,1,2.389326381407342,0.39,0.39269908169872414,9.81,1,1,8,21,41,-3.0,3.0,0.01,30.0,60.0,1e-09,1e-12,6,0.0001,1,rimless_wheel_roa_gamma_0.390.csv,99.9846637527797
5,13,0.19365045915063794,-1.05,-0.5,rolling,6.249999999999911,0.015148377566548566,2.3898236384268396,20,19,1,2.3893256723360645,0.39,0.39269908169872414,9.81,1,1,8,21,41,-3.0,3.0,0.01,30.0,60.0,1e-09,1e-12,6,0.0001,1,rimless_wheel_roa_gamma_0.390.csv,99.9846637527797
5,14,0.19365045915063794,-0.8999999999999999,-0.5,rolling,6.339999999999909,0.0029631512254386476,2.38937058603881,20,19,1,2.389325060568163,0.39,0.39269908169872414,9.81,1,1,8,21,41,-3.0,3.0,0.01,30.0,60.0,1e-09,1e-12,6,0.0001,1,rimless_wheel_roa_gamma_0.390.csv,99.9846637527797
5,15,0.19365045915063794,-0.75,-0.5,rolling,6.529999999999905,0.006201549721871289,2.3894314620901085,20,19,1,2.389324541971987,0.39,0.39269908169872414,9.81,1,1,8,21,41,-3.0,3.0,0.01,30.0,60.0,1e-09,1e-12,6,0.0001,1,rimless_wheel_roa_gamma_0.390.csv,99.9846637527797
5,16,0.19365045915063794,-0.6000000000000001,-0.5,rolling,7.23999999999989,0.00690044019645201,2.389450214260514,18,18,0,2.3893240757653937,0.39,0.39269908169872414,9.81,1,1,8,21,41,-3.0,3.0,0.01,30.0,60.0,1e-09,1e-12,6,0.0001,1,rimless_wheel_roa_gamma_0.390.csv,99.9846637527797
5,17,0.19365045915063794,-0.4500000000000002,-0.5,rolling,6.179999999999913,0.0022654894577314056,2.389362875403793,18,18,0,2.3893227541781727,0.39,0.39269908169872414,9.81,1,1,8,21,41,-3.0,3.0,0.01,30.0,60.0,1e-09,1e-12,6,0.0001,1,rimless_wheel_roa_gamma_0.390.csv,99.9846637527797
5,18,0.19365045915063794,-0.30000000000000027,-0.5,rolling,5.969999999999917,0.00900397750306557,2.3895186736785283,18,18,0,2.3893218130374065,0.39,0.39269908169872414,9.81,1,1,8,21,41,-3.0,3.0,0.01,30.0,60.0,1e-09,1e-12,6,0.0001,1,rimless_wheel_roa_gamma_0.390.csv,99.9846637527797
5,19,0.19365045915063794,-0.1499999999999999,-0.5,rolling,5.83999999999992,-0.00036280051392469613,2.3893524690987125,18,18,0,2.389321247232402,0.39,0.39269908169872414,9.81,1,1,8,21,41,-3.0,3.0,0.01,30.0,60.0,1e-09,1e-12,6,0.0001,1,rimless_wheel_roa_gamma_0.390.csv,99.9846637527797
5,20,0.19365045915063794,0.0,-0.5,rolling,5.749999999999922,0.0011995245163804714,2.3893551352403777,18,18,0,2.389321058294357,0.39,0.39269908169872414,9.81,1,1,8,21,41,-3.0,3.0,0.01,30.0,60.0,1e-09,1e-12,6,0.0001,1,rimless_wheel_roa_gamma_0.390.csv,99.9846637527797
5,21,0.19365045915063794,0.1499999999999999,-0.5,rolling,5.679999999999923,0.005022030283194617,2.3894039730297134,18,18,0,2.389321246891407,0.39,0.39269908169872414,9.81,1,1,8,21,41,-3.0,3.0,0.01,30.0,60.0,1e-09,1e-12,6,0.0001,1,rimless_wheel_roa_gamma_0.390.csv,99.9846637527797
5,22,0.19365045915063794,0.2999999999999998,-0.5,rolling,5.619999999999925,0.004715727640464883,2.3893979032275876,18,18,0,2.389321813323422,0.39,0.39269908169872414,9.81,1,1,8,21,41,-3.0,3.0,0.01,30.0,60.0,1e-09,1e-12,6,0.0001,1,rimless_wheel_roa_gamma_0.390.csv,99.9846637527797
5,23,0.19365045915063794,0.44999999999999973,-0.5,rolling,5.569999999999926,0.009581422834616686,2.3895407904668127,18,18,0,2.3893227549019493,0.39,0.39269908169872414,9.81,1,1,8,21,41,-3.0,3.0,0.01,30.0,60.0,1e-09,1e-12,6,0.0001,1,rimless_wheel_roa_gamma_0.390.csv,99.9846637527797
5,24,0.19365045915063794,0.5999999999999996,-0.5,rolling,5.519999999999927,0.0012046676468609862,2.389355445060055,18,18,0,2.389324075471592,0.39,0.39269908169872414,9.81,1,1,8,21,41,-3.0,3.0,0.01,30.0,60.0,1e-09,1e-12,6,0.0001,1,rimless_wheel_roa_gamma_0.390.csv,99.9846637527797
5,25,0.19365045915063794,0.75,-0.5,rolling,5.479999999999928,0.006933655163041919,2.3894513182760355,18,18,0,2.389325773902556,0.39,0.39269908169872414,9.81,1,1,8,21,41,-3.0,3.0,0.01,30.0,60.0,1e-09,1e-12,6,0.0001,1,rimless_wheel_roa_gamma_0.390.csv,99.9846637527797
5,26,0.19365045915063794,0.8999999999999999,-0.5,rolling,5.4399999999999284,0.005154842953830506,2.3894073766325397,18,18,0,2.389327848350716,0.39,0.39269908169872414,9.81,1,1,8,21,41,-3.0,3.0,0.01,30.0,60.0,1e-09,1e-12,6,0.0001,1,rimless_wheel_roa_gamma_0.390.csv,99.9846637527797
5,27,0.19365045915063794,1.0499999999999998,-0.5,rolling,5.399999999999929,-0.0025738170582310887,2.389366659614162,18,18,0,2.389330300226811,0.39,0.39269908169872414,9.81,1,1,8,21,41,-3.0,3.0,0.01,30.0,60.0,1e-09,1e-12,6,0.0001,1,rimless_wheel_roa_gamma_0.390.csv,99.9846637527797
5,28,0.19365045915063794,1.2000000000000002,-0.5,rolling,5.36999999999993,0.008734559440600002,2.3895099401295736,18,18,0,2.389333128639391,0.39,0.39269908169872414,9.81,1,1,8,21,41,-3.0,3.0,0.01,30.0,60.0,1e-09,1e-12,6,0.0001,1,rimless_wheel_roa_gamma_0.390.csv,99.9846637527797
5,29,0.19365045915063794,1.3499999999999996,-0.5,rolling,5.339999999999931,0.01597223557855412,2.3898772732519493,18,18,0,2.3893363331638753,0.39,0.39269908169872414,9.81,1,1,8,21,41,-3.0,3.0,0.01,30.0,60.0,1e-09,1e-12,6,0.0001,1,rimless_wheel_roa_gamma_0.390.csv,99.9846637527797
5,30,0.19365045915063794,1.5,-0.5,rolling,5.019999999999937,0.017679648667182787,2.3899924807037256,17,17,0,2.3893078500280676,0.39,0.39269908169872414,9.81,1,1,8,21,41,-3.0,3.0,0.01,30.0,60.0,1e-09,1e-12,6,0.0001,1,rimless_wheel_roa_gamma_0.390.csv,99.9846637527797
5,31,0.19365045915063794,1.6499999999999995,-0.5,rolling,4.989999999999938,0.018360507342487436,2.390043590961754,17,17,0,2.3893157711263355,0.39,0.39269908169872414,9.81,1,1,8,21,41,-3.0,3.0,0.01,30.0,60.0,1e-09,1e-12,6,0.0001,1,rimless_wheel_roa_gamma_0.390.csv,99.9846637527797
5,32,0.19365045915063794,1.7999999999999998,-0.5,rolling,4.959999999999939,0.016312855024466662,2.3898987120824806,17,17,0,2.3893244466837458,0.39,0.39269908169872414,9.81,1,1,8,21,41,-3.0,3.0,0.01,30.0,60.0,1e-09,1e-12,6,0.0001,1,rimless_wheel_roa_gamma_0.390.csv,99.9846637527797
5,33,0.19365045915063794,1.9500000000000002,-0.5,rolling,4.929999999999939,0.011799944310026685,2.3896392166410227,17,17,0,2.38933387653811,0.39,0.39269908169872414,9.81,1,1,8,21,41,-3.0,3.0,0.01,30.0,60.0,1e-09,1e-12,6,0.0001,1,rimless_wheel_roa_gamma_0.390.csv,99.9846637527797
5,34,0.19365045915063794,2.0999999999999996,-0.5,rolling,4.609999999999946,0.0029992663017864027,2.389370178348543,16,16,0,2.389316135353832,0.39,0.39269908169872414,9.81,1,1,8,21,41,-3.0,3.0,0.01,30.0,60.0,1e-09,1e-12,6,0.0001,1,rimless_wheel_roa_gamma_0.390.csv,99.9846637527797
5,35,0.19365045915063794,2.25,-0.5,rolling,4.589999999999947,0.018051472390525774,2.3900226168755574,16,16,0,2.3893380128134782,0.39,0.39269908169872414,9.81,1,1,8,21,41,-3.0,3.0,0.01,30.0,60.0,1e-09,1e-12,6,0.0001,1,rimless_wheel_roa_gamma_0.390.csv,99.9846637527797
5,36,0.19365045915063794,2.3999999999999995,-0.5,rolling,3.979999999999959,0.0032057821745221406,2.3893740942399457,14,14,0,2.3893296380942655,0.39,0.39269908169872414,9.81,1,1,8,21,41,-3.0,3.0,0.01,30.0,60.0,1e-09,1e-12,6,0.0001,1,rimless_wheel_roa_gamma_0.390.csv,99.9846637527797
5,37,0.19365045915063794,2.55,-0.5,rolling,3.9599999999999596,0.014522335635485589,2.3897953738110163,14,14,0,2.3894292128226895,0.39,0.39269908169872414,9.81,1,1,8,21,41,-3.0,3.0,0.01,30.0,60.0,1e-09,1e-12,6,0.0001,1,rimless_wheel_roa_gamma_0.390.csv,99.9846637527797
5,38,0.19365045915063794,2.7,-0.5,rolling,4.509999999999948,0.004330985395445418,2.3893994122334554,16,16,0,2.3894126939371856,0.39,0.39269908169872414,9.81,1,1,8,21,41,-3.0,3.0,0.01,30.0,60.0,1e-09,1e-12,6,0.0001,1,rimless_wheel_roa_gamma_0.390.csv,99.9846637527797
5,39,0.19365045915063794,2.8499999999999996,-0.5,rolling,4.7799999999999425,0.014406442877948136,2.389786311005769,17,17,0,2.389406294961862,0.39,0.39269908169872414,9.81,1,1,8,21,41,-3.0,3.0,0.01,30.0,60.0,1e-09,1e-12,6,0.0001,1,rimless_wheel_roa_gamma_0.390.csv,99.9846637527797
5,40,0.19365045915063794,3.0,-0.5,rolling,4.759999999999943,0.020942644013045835,2.3902618626137273,17,17,0,2.389421002626484,0.39,0.39269908169872414,9.81,1,1,8,21,41,-3.0,3.0,0.01,30.0,60.0,1e-09,1e-12,6,0.0001,1,rimless_wheel_roa_gamma_0.390.csv,99.9846637527797
6,0,0.23292036732051036,-3.0,-0.4,rolling,6.069999999999915,0.0066230899519037,2.389441344105258,19,18,1,2.3893117752662563,0.39,0.39269908169872414,9.81,1,1,8,21,41,-3.0,3.0,0.01,30.0,60.0,1e-09,1e-12,6,0.0001,1,rimless_wheel_roa_gamma_0.390.csv,99.9846637527797
6,1,0.23292036732051036,-2.85,-0.4,rolling,5.9999999999999165,0.013883008209710845,2.3897465707577465,19,18,1,2.389308099316047,0.39,0.39269908169872414,9.81,1,1,8,21,41,-3.0,3.0,0.01,30.0,60.0,1e-09,1e-12,6,0.0001,1,rimless_wheel_roa_gamma_0.390.csv,99.9846637527797
6,2,0.23292036732051036,-2.7,-0.4,rolling,6.239999999999911,0.020772051104771292,2.39023938788345,20,19,1,2.389338297225893,0.39,0.39269908169872414,9.81,1,1,8,21,41,-3.0,3.0,0.01,30.0,60.0,1e-09,1e-12,6,0.0001,1,rimless_wheel_roa_gamma_0.390.csv,99.9846637527797
6,3,0.23292036732051036,-2.55,-0.4,rolling,6.199999999999912,0.016203782598031645,2.389892595945247,20,19,1,2.3893366480973035,0.39,0.39269908169872414,9.81,1,1,8,21,41,-3.0,3.0,0.01,30.0,60.0,1e-09,1e-12,6,0.0001,1,rimless_wheel_roa_gamma_0.390.csv,99.9846637527797
6,4,0.23292036732051036,-2.4,-0.4,rolling,6.169999999999913,0.010871300685488314,2.3895961198937106,20,19,1,2.389335091467531,0.39,0.39269908169872414,9.81,1,1,8,21,41,-3.0,3.0,0.01,30.0,60.0,1e-09,1e-12,6,0.0001,1,rimless_wheel_roa_gamma_0.390.csv,99.9846637527797
6,5,0.23292036732051036,-2.25,-0.4,rolling,6.149999999999913,0.009485081545684032,2.3895380585862607,20,19,1,2.3893336305445776,0.39,0.39269908169872414,9.81,1,1,8,21,41,-3.0,3.0,0.01,30.0,60.0,1e-09,1e-12,6,0.0001,1,rimless_wheel_roa_gamma_0.390.csv,99.9846637527797
6,6,0.23292036732051036,-2.1,-0.4,rolling,6.1399999999999135,0.014498796030453048,2.389784742104396,20,19,1,2.389332262936068,0.39,0.39269908169872414,9.81,1,1,8,21,41,-3.0,3.0,0.01,30.0,60.0,1e-09,1e-12,6,0.0001,1,rimless_wheel_roa_gamma_0.390.csv,99.9846637527797
6,7,0.23292036732051036,-1.95,-0.4,rolling,6.129999999999914,0.0029170491370471216,2.3893705940291605,20,19,1,2.3893309892099595,0.39,0.39269908169872414,9.81,1,1,8,21,41,-3.0,3.0,0.01,30.0,60.0,1e-09,1e-12,6,0.0001,1,rimless_wheel_roa_gamma_0.390.csv,99.9846637527797
6,8,0.23292036732051036,-1.8,-0.4,rolling,6.129999999999914,-0.0017996859704227535,2.389359661794898,20,19,1,2.389329809032484,0.39,0.39269908169872414,9.81,1,1,8,21,41,-3.0,3.0,0.01,30.0,60.0,1e-09,1e-12,6,0.0001,1,rimless_wheel_roa_gamma_0.390.csv,99.9846637527797
6,9,0.23292036732051036,-1.6500000000000001,-0.4,rolling,6.1399999999999135,-0.0015631686039798004,2.3893579246270575,20,19,1,2.3893287252059303,0.39,0.39269908169872414,9.81,1,1,8,21,41,-3.0,3.0,0.01,30.0,60.0,1e-09,1e-12,6,0.0001,1,rimless_wheel_roa_gamma_0.390.csv,99.9846637527797
6,10,0.23292036732051036,-1.5,-0.4,rolling,6.159999999999913,-0.00034682077544799473,2.389353062066724,20,19,1,2.3893277372848885,0.39,0.39269908169872414,9.81,1,1,8,21,41,-3.0,3.0,0.01,30.0,60.0,1e-09,1e-12,6,0.0001,1,rimless_wheel_roa_gamma_0.390.csv,99.9846637527797
6,11,0.23292036732051036,-1.35,-0.4,rolling,6.199999999999912,0.018255334551862106,2.390036742621952,20,19,1,2.389326840193962,0.39,0.39269908169872414,9.81,1,1,8,21,41,-3.0,3.0,0.01,30.0,60.0,1e-09,1e-12,6,0.0001,1,rimless_wheel_roa_gamma_0.390.csv,99.9846637527797
6,12,0.23292036732051036,-1.2000000000000002,-0.4,rolling,6.249999999999911,0.015655039521422942,2.389855705105064,20,19,1,2.3893260392298807,0.39,0.39269908169872414,9.81,1,1,8,21,41,-3.0,3.0,0.01,30.0,60.0,1e-09,1e-12,6,0.0001,1,rimless_wheel_roa_gamma_0.390.csv,99.9846637527797
6,13,0.23292036732051036,-1.05,-0.4,rolling,6.3299999999999095,0.00654839331852783,2.3894406148921097,20,19,1,2.3893253314027407,0.39,0.39269908169872414,9.81,1,1,8,21,41,-3.0,3.0,0.01,30.0,60.0,1e-09,1e-12,6,0.0001,1,rimless_wheel_roa_gamma_0.390.csv,99.9846637527797
6,14,0.23292036732051036,-0.8999999999999999,-0.4,rolling,6.489999999999906,0.009437721501885682,2.3895353685543674,20,19,1,2.389324718777195,0.39,0.39269908169872414,9.81,1,1,8,21,41,-3.0,3.0,0.01,30.0,60.0,1e-09,1e-12,6,0.0001,1,rimless_wheel_roa_gamma_0.390.csv,99.9846637527797
6,15,0.23292036732051036,-0.75,-0.4,rolling,7.109999999999893,0.020140175172245357,2.3901850001842893,20,19,1,2.3893242001272186,0.39,0.39269908169872414,9.81,1,1,8,21,41,-3.0,3.0,0.01,30.0,60.0,1e-09,1e-12,6,0.0001,1,rimless_wheel_roa_gamma_0.390.csv,99.9846637527797
6,16,0.23292036732051036,-0.6000000000000001,-0.4,rolling,6.249999999999911,0.018577796165963927,2.390060724342803,18,18,0,2.3893227090446403,0.39,0.39269908169872414,9.81,1,1,8,21,41,-3.0,3.0,0.01,30.0,60.0,1e-09,1e-12,6,0.0001,1,rimless_wheel_roa_gamma_0.390.csv,99.9846637527797
6,17,0.23292036732051036,-0.4500000000000002,-0.4,rolling,5.9999999999999165,0.003933651844159538,2.3893839743777683,18,18,0,2.3893213882199458,0.39,0.39269908169872414,9.81,1,1,8,21,41,-3.0,3.0,0.01,30.0,60.0,1e-09,1e-12,6,0.0001,1,rimless_wheel_roa_gamma_0.390.csv,99.9846637527797
6,18,0.23292036732051036,-0.30000000000000027,-0.4,rolling,5.869999999999919,0.016412200375648965,2.3899050047302586,18,18,0,2.3893204457150383,0.39,0.39269908169872414,9.81,1,1,8,21,41,-3.0,3.0,0.01,30.0,60.0,1e-09,1e-12,6,0.0001,1,rimless_wheel_roa_gamma_0.390.csv,99.9846637527797
6,19,0.23292036732051036,-0.1499999999999999,-0.4,rolling,5.769999999999921,0.003505051071176264,2.3893772875469526,18,18,0,2.3893198800066893,0.39,0.39269908169872414,9.81,1,1,8,21,41,-3.0,3.0,0.01,30.0,60.0,1e-09,1e-12,6,0.0001,1,rimless_wheel_roa_gamma_0.390.csv,99.9846637527797
6,20,0.23292036732051036,0.0,-0.4,rolling,5.699999999999923,0.0119522818154527,2.3896452933043166,18,18,0,2.3893196906586547,0.39,0.39269908169872414,9.81,1,1,8,21,41,-3.0,3.0,0.01,30.0,60.0,1e-09,1e-12,6,0.0001,1,rimless_wheel_roa_gamma_0.390.csv,99.9846637527797
6,21,0.23292036732051036,0.1499999999999999,-0.4,rolling,5.639999999999924,0.013988822015798666,2.3897537433533915,18,18,0,2.3893198792918837,0.39,0.39269908169872414,9.81,1,1,8,21,41,-3.0,3.0,0.01,30.0,60.0,1e-09,1e-12,6,0.0001,1,rimless_wheel_roa_gamma_0.390.csv,99.9846637527797
6,22,0.23292036732051036,0.2999999999999998,-0.4,rolling,5.589999999999925,0.02000698760573803,2.3901736684624657,18,18,0,2.3893204448470367,0.39,0.39269908169872414,9.81,1,1,8,21,41,-3.0,3.0,0.01,30.0,60.0,1e-09,1e-12,6,0.0001,1,rimless_wheel_roa_gamma_0.390.csv,99.9846637527797
6,23,0.23292036732051036,0.44999999999999973,-0.4,rolling,5.539999999999926,0.012142894017134946,2.389654882363806,18,18,0,2.389321387516269,0.39,0.39269908169872414,9.81,1,1,8,21,41,-3.0,3.0,0.01,30.0,60.0,1e-09,1e-12,6,0.0001,1,rimless_wheel_roa_gamma_0.390.csv,99.9846637527797
6,24,0.23292036732051036,0.5999999999999996,-0.4,rolling,5.499999999999927,0.018060715139517305,2.3900218466174454,18,18,0,2.3893227094651976,0.39,0.39269908169872414,9.81,1,1,8,21,41,-3.0,3.0,0.01,30.0,60.0,1e-09,1e-12,6,0.0001,1,rimless_wheel_roa_gamma_0.390.csv,99.9846637527797
6,25,0.23292036732051036,0.75,-0.4,rolling,5.459999999999928,0.016325565727790738,2.389899559887116,18,18,0,2.38932440668195,0.39,0.39269908169872414,9.81,1,1,8,21,41,-3.0,3.0,0.01,30.0,60.0,1e-09,1e-12,6,0.0001,1,rimless_wheel_roa_gamma_0.390.csv,99.9846637527797
6,26,0.23292036732051036,0.8999999999999999,-0.4,rolling,5.419999999999929,0.0086046257071985,2.3895046831298226,18,18,0,2.3893264806613916,0.39,0.39269908169872414,9.81,1,1,8,21,41,-3.0,3.0,0.01,30.0,60.0,1e-09,1e-12,6,0.0001,1,rimless_wheel_roa_gamma_0.390.csv,99.9846637527797
6,27,0.23292036732051036,1.0499999999999998,-0.4,rolling,5.3899999999999295,0.01995056333384344,2.3901698500217288,18,18,0,2.389328932885084,0.39,0.39269908169872414,9.81,1,1,8,21,41,-3.0,3.0,0.01,30.0,60.0,1e-09,1e-12,6,0.0001,1,rimless_wheel_roa_gamma_0.390.csv,99.9846637527797
6,28,0.23292036732051036,1.2000000000000002,-0.4,rolling,5.34999999999993,0.003386724590773451,2.389376745959199,18,18,0,2.3893317608628784,0.39,0.39269908169872414,9.81,1,1,8,21,41,-3.0,3.0,0.01,30.0,60.0,1e-09,1e-12,6,0.0001,1,rimless_wheel_roa_gamma_0.390.csv,99.9846637527797
6,29,0.23292036732051036,1.3499999999999996,-0.4,rolling,5.319999999999931,0.007297456278317932,2.3894628215993503,18,18,0,2.3893349672887183,0.39,0.39269908169872414,9.81,1,1,8,21,41,-3.0,3.0,0.01,30.0,60.0,1e-09,1e-12,6,0.0001,1,rimless_wheel_roa_gamma_0.390.csv,99.9846637527797
6,30,0.23292036732051036,1.5,-0.4,rolling,5.289999999999932,0.008222205109591372,2.3894926238682963,18,18,0,2.3893385508513254,0.39,0.39269908169872414,9.81,1,1,8,21,41,-3.0,3.0,0.01,30.0,60.0,1e-09,1e-12,6,0.0001,1,rimless_wheel_roa_gamma_0.390.csv,99.9846637527797
6,31,0.23292036732051036,1.6499999999999995,-0.4,rolling,4.9699999999999385,0.0044541696744387765,2.3893921430501166,17,17,0,2.389313036205198,0.39,0.39269908169872414,9.81,1,1,8,21,41,-3.0,3.0,0.01,30.0,60.0,1e-09,1e-12,6,0.0001,1,rimless_wheel_roa_gamma_0.390.csv,99.9846637527797
6,32,0.23292036732051036,1.7999999999999998,-0.4,rolling,4.939999999999939,0.0003179461081501459,2.3893524491767337,17,17,0,2.3893217112335887,0.39,0.39269908169872414,9.81,1,1,8,21,41,-3.0,3.0,0.01,30.0,60.0,1e-09,1e-12,6,0.0001,1,rimless_wheel_roa_gamma_0.390.csv,99.9846637527797
6,33,0.23292036732051036,1.9500000000000002,-0.4,rolling,4.9199999999999395,0.017875725857781608,2.390009007391041,17,17,0,2.3893311430149473,0.39,0.39269908169872414,9.81,1,1,8,21,41,-3.0,3.0,0.01,30.0,60.0,1e-09,1e-12,6,0.0001,1,rimless_wheel_roa_gamma_0.390.csv,99.9846637527797
6,34,0.23292036732051036,2.0999999999999996,-0.4,rolling,4.599999999999946,0.007465652542117318,2.3894656039790285,16,16,0,2.3893106664986217,0.39,0.39269908169872414,9.81,1,1,8,21,41,-3.0,3.0,0.01,30.0,60.0,1e-09,1e-12,6,0.0001,1,rimless_wheel_roa_gamma_0.390.csv,99.9846637527797
6,35,0.23292036732051036,2.25,-0.4,rolling,4.579999999999947,0.02109019008672089,2.390266166229339,16,16,0,2.389332544649158,0.39,0.39269908169872414,9.81,1,1,8,21,41,-3.0,3.0,0.01,30.0,60.0,1e-09,1e-12,6,0.0001,1,rimless_wheel_roa_gamma_0.390.csv,99.9846637527797
6,36,0.23292036732051036,2.3999999999999995,-0.4,rolling,3.9699999999999593,0.004966388540823793,2.389401546545828,14,14,0,2.3893077663439035,0.39,0.39269908169872414,9.81,1,1,8,21,41,-3.0,3.0,0.01,30.0,60.0,1e-09,1e-12,6,0.0001,1,rimless_wheel_roa_gamma_0.390.csv,99.9846637527797
6,37,0.23292036732051036,2.55,-0.4,rolling,3.9499999999999598,0.01513253597124296,2.3898304327820368,14,14,0,2.3894073437456123,0.39,0.39269908169872414,9.81,1,1,8,21,41,-3.0,3.0,0.01,30.0,60.0,1e-09,1e-12,6,0.0001,1,rimless_wheel_roa_gamma_0.390.csv,99.9846637527797
6,38,0.23292036732051036,2.7,-0.4,rolling,4.4999999999999485,0.0038984144793956918,2.3893915832565944,16,16,0,2.3894072254259116,0.39,0.39269908169872414,9.81,1,1,8,21,41,-3.0,3.0,0.01,30.0,60.0,1e-09,1e-12,6,0.0001,1,rimless_wheel_roa_gamma_0.390.csv,99.9846637527797
6,39,0.23292036732051036,2.8499999999999996,-0.4,rolling,4.479999999999949,0.01098676153376652,2.3896108242937046,16,16,0,2.3894351361344963,0.39,0.39269908169872414,9.81,1,1,8,21,41,-3.0,3.0,0.01,30.0,60.0,1e-09,1e-12,6,0.0001,1,rimless_wheel_roa_gamma_0.390.csv,99.9846637527797
6,40,0.23292036732051036,3.0,-0.4,rolling,4.749999999999943,0.018692475922566742,2.3900785934827558,17,17,0,2.3894182702651943,0.39,0.39269908169872414,9.81,1,1,8,21,41,-3.0,3.0,0.01,30.0,60.0,1e-09,1e-12,6,0.0001,1,rimless_wheel_roa_gamma_0.390.csv,99.9846637527797
7,0,0.27219027549038277,-3.0,-0.3,rolling,6.069999999999915,0.018322108164059162,2.3900402454462206,19,18,1,2.38931096999855,0.39,0.39269908169872414,9.81,1,1,8,21,41,-3.0,3.0,0.01,30.0,60.0,1e-09,1e-12,6,0.0001,1,rimless_wheel_roa_gamma_0.390.csv,99.9846637527797
7,1,0.27219027549038277,-2.85,-0.3,rolling,5.9999999999999165,0.012514226553702996,2.389672332119528,19,18,1,2.3893072918271625,0.39,0.39269908169872414,9.81,1,1,8,21,41,-3.0,3.0,0.01,30.0,60.0,1e-09,1e-12,6,0.0001,1,rimless_wheel_roa_gamma_0.390.csv,99.9846637527797
7,2,0.27219027549038277,-2.7,-0.3,rolling,6.239999999999911,0.010170162812777753,2.389566103001078,20,19,1,2.3893378936493606,0.39,0.39269908169872414,9.81,1,1,8,21,41,-3.0,3.0,0.01,30.0,60.0,1e-09,1e-12,6,0.0001,1,rimless_wheel_roa_gamma_0.390.csv,99.9846637527797
7,3,0.27219027549038277,-2.55,-0.3,rolling,6.199999999999912,-0.00195732285207978,2.3893614879819953,20,19,1,2.38933624244371,0.39,0.39269908169872414,9.81,1,1,8,21,41,-3.0,3.0,0.01,30.0,60.0,1e-09,1e-12,6,0.0001,1,rimless_wheel_roa_gamma_0.390.csv,99.9846637527797
7,4,0.27219027549038277,-2.4,-0.3,rolling,6.179999999999913,0.009669842221968915,2.3895454212689824,20,19,1,2.3893346874347885,0.39,0.39269908169872414,9.81,1,1,8,21,41,-3.0,3.0,0.01,30.0,60.0,1e-09,1e-12,6,0.0001,1,rimless_wheel_roa_gamma_0.390.csv,99.9846637527797
7,5,0.27219027549038277,-2.25,-0.3,rolling,6.159999999999913,0.0013139611118498694,2.3893568829443073,20,19,1,2.389333225048262,0.39,0.39269908169872414,9.81,1,1,8,21,41,-3.0,3.0,0.01,30.0,60.0,1e-09,1e-12,6,0.0001,1,rimless_wheel_roa_gamma_0.390.csv,99.9846637527797
7,6,0.27219027549038277,-2.1,-0.3,rolling,6.149999999999913,-0.001230593926386957,2.3893563183618483,20,19,1,2.389331859012372,0.39,0.39269908169872414,9.81,1,1,8,21,41,-3.0,3.0,0.01,30.0,60.0,1e-09,1e-12,6,0.0001,1,rimless_wheel_roa_gamma_0.390.csv,99.9846637527797
7,7,0.27219027549038277,-1.95,-0.3,rolling,6.149999999999913,0.0023258887112057435,2.3893641900715843,20,19,1,2.389330585332868,0.39,0.39269908169872414,9.81,1,1,8,21,41,-3.0,3.0,0.01,30.0,60.0,1e-09,1e-12,6,0.0001,1,rimless_wheel_roa_gamma_0.390.csv,99.9846637527797
7,8,0.27219027549038277,-1.8,-0.3,rolling,6.159999999999913,0.010713582566076983,2.3895885889252546,20,19,1,2.3893294077600316,0.39,0.39269908169872414,9.81,1,1,8,21,41,-3.0,3.0,0.01,30.0,60.0,1e-09,1e-12,6,0.0001,1,rimless_wheel_roa_gamma_0.390.csv,99.9846637527797
7,9,0.27219027549038277,-1.6500000000000001,-0.3,rolling,6.179999999999913,0.0206883554224396,2.3902313175411294,20,19,1,2.3893283232798304,0.39,0.39269908169872414,9.81,1,1,8,21,41,-3.0,3.0,0.01,30.0,60.0,1e-09,1e-12,6,0.0001,1,rimless_wheel_roa_gamma_0.390.csv,99.9846637527797
7,10,0.27219027549038277,-1.5,-0.3,rolling,6.199999999999912,0.0019471981925207596,2.389360561445923,20,19,1,2.389327332900792,0.39,0.39269908169872414,9.81,1,1,8,21,41,-3.0,3.0,0.01,30.0,60.0,1e-09,1e-12,6,0.0001,1,rimless_wheel_roa_gamma_0.390.csv,99.9846637527797
7,11,0.27219027549038277,-1.35,-0.3,rolling,6.249999999999911,0.01360619033212528,2.3897326988601795,20,19,1,2.3893264377585477,0.39,0.39269908169872414,9.81,1,1,8,21,41,-3.0,3.0,0.01,30.0,60.0,1e-09,1e-12,6,0.0001,1,rimless_wheel_roa_gamma_0.390.csv,99.9846637527797
7,12,0.27219027549038277,-1.2000000000000002,-0.3,rolling,6.31999999999991,0.004214240291473121,2.3893890731162593,20,19,1,2.3893256354888934,0.39,0.39269908169872414,9.81,1,1,8,21,41,-3.0,3.0,0.01,30.0,60.0,1e-09,1e-12,6,0.0001,1,rimless_wheel_roa_gamma_0.390.csv,99.9846637527797
7,13,0.27219027549038277,-1.05,-0.3,rolling,6.459999999999907,0.015190013610779728,2.3898261599839166,20,19,1,2.389324927917246,0.39,0.39269908169872414,9.81,1,1,8,21,41,-3.0,3.0,0.01,30.0,60.0,1e-09,1e-12,6,0.0001,1,rimless_wheel_roa_gamma_0.390.csv,99.9846637527797
7,14,0.27219027549038277,-0.8999999999999999,-0.3,rolling,6.849999999999898,0.00971722576413709,2.3895463212280688,20,19,1,2.3893243157630866,0.39,0.39269908169872414,9.81,1,1,8,21,41,-3.0,3.0,0.01,30.0,60.0,1e-09,1e-12,6,0.0001,1,rimless_wheel_roa_gamma_0.390.csv,99.9846637527797
7,15,0.27219027549038277,-0.75,-0.3,rolling,6.3299999999999095,0.02084361608238998,2.3902440207228284,18,18,0,2.389322791292443,0.39,0.39269908169872414,9.81,1,1,8,21,41,-3.0,3.0,0.01,30.0,60.0,1e-09,1e-12,6,0.0001,1,rimless_wheel_roa_gamma_0.390.csv,99.9846637527797
7,16,0.27219027549038277,-0.6000000000000001,-0.3,rolling,6.039999999999916,0.015073280458396648,2.3898185444342697,18,18,0,2.389321095371808,0.39,0.39269908169872414,9.81,1,1,8,21,41,-3.0,3.0,0.01,30.0,60.0,1e-09,1e-12,6,0.0001,1,rimless_wheel_roa_gamma_0.390.csv,99.9846637527797
7,17,0.27219027549038277,-0.4500000000000002,-0.3,rolling,5.889999999999919,0.006262017236824943,2.389432554981958,18,18,0,2.389319774913499,0.39,0.39269908169872414,9.81,1,1,8,21,41,-3.0,3.0,0.01,30.0,60.0,1e-09,1e-12,6,0.0001,1,rimless_wheel_roa_gamma_0.390.csv,99.9846637527797
7,18,0.27219027549038277,-0.30000000000000027,-0.3,rolling,5.789999999999921,0.004261975733189156,2.3893892562931756,18,18,0,2.389318831308709,0.39,0.39269908169872414,9.81,1,1,8,21,41,-3.0,3.0,0.01,30.0,60.0,1e-09,1e-12,6,0.0001,1,rimless_wheel_roa_gamma_0.390.csv,99.9846637527797
7,19,0.27219027549038277,-0.1499999999999999,-0.3,rolling,5.7199999999999225,0.017913752356850794,2.390010571718479,18,18,0,2.389318265723266,0.39,0.39269908169872414,9.81,1,1,8,21,41,-3.0,3.0,0.01,30.0,60.0,1e-09,1e-12,6,0.0001,1,rimless_wheel_roa_gamma_0.390.csv,99.9846637527797
7,20,0.27219027549038277,0.0,-0.3,rolling,5.649999999999924,-0.0013919257751208519,2.389355872840108,18,18,0,2.389318076879531,0.39,0.39269908169872414,9.81,1,1,8,21,41,-3.0,3.0,0.01,30.0,60.0,1e-09,1e-12,6,0.0001,1,rimless_wheel_roa_gamma_0.390.csv,99.9846637527797
7,21,0.27219027549038277,0.1499999999999999,-0.3,rolling,5.599999999999925,0.0058037559984290745,2.389421060258751,18,18,0,2.3893182661710584,0.39,0.39269908169872414,9.81,1,1,8,21,41,-3.0,3.0,0.01,30.0,60.0,1e-09,1e-12,6,0.0001,1,rimless_wheel_roa_gamma_0.390.csv,99.9846637527797
7,22,0.27219027549038277,0.2999999999999998,-0.3,rolling,5.549999999999926,-0.0016147566828183918,2.3893573207630032,18,18,0,2.3893188316505984,0.39,0.39269908169872414,9.81,1,1,8,21,41,-3.0,3.0,0.01,30.0,60.0,1e-09,1e-12,6,0.0001,1,rimless_wheel_roa_gamma_0.390.csv,99.9846637527797
7,23,0.27219027549038277,0.44999999999999973,-0.3,rolling,5.509999999999927,0.0043687843694853795,2.389391239113156,18,18,0,2.389319774988494,0.39,0.39269908169872414,9.81,1,1,8,21,41,-3.0,3.0,0.01,30.0,60.0,1e-09,1e-12,6,0.0001,1,rimless_wheel_roa_gamma_0.390.csv,99.9846637527797
7,24,0.27219027549038277,0.5999999999999996,-0.3,rolling,5.469999999999928,0.0025369647916328496,2.3893653967610824,18,18,0,2.3893210957720163,0.39,0.39269908169872414,9.81,1,1,8,21,41,-3.0,3.0,0.01,30.0,60.0,1e-09,1e-12,6,0.0001,1,rimless_wheel_roa_gamma_0.390.csv,99.9846637527797
7,25,0.27219027549038277,0.75,-0.3,rolling,5.4399999999999284,0.01857995303877895,2.390060894171151,18,18,0,2.3893227917584263,0.39,0.39269908169872414,9.81,1,1,8,21,41,-3.0,3.0,0.01,30.0,60.0,1e-09,1e-12,6,0.0001,1,rimless_wheel_roa_gamma_0.390.csv,99.9846637527797
7,26,0.27219027549038277,0.8999999999999999,-0.3,rolling,5.399999999999929,0.005935864850988811,2.389424872270427,18,18,0,2.3893248680050583,0.39,0.39269908169872414,9.81,1,1,8,21,41,-3.0,3.0,0.01,30.0,60.0,1e-09,1e-12,6,0.0001,1,rimless_wheel_roa_gamma_0.390.csv,99.9846637527797
7,27,0.27219027549038277,1.0499999999999998,-0.3,rolling,5.36999999999993,0.013255924421408667,2.3897134699340494,18,18,0,2.3893273184490145,0.39,0.39269908169872414,9.81,1,1,8,21,41,-3.0,3.0,0.01,30.0,60.0,1e-09,1e-12,6,0.0001,1,rimless_wheel_roa_gamma_0.390.csv,99.9846637527797
7,28,0.27219027549038277,1.2000000000000002,-0.3,rolling,5.339999999999931,0.01725219266944966,2.3899639613234345,18,18,0,2.3893301478223825,0.39,0.39269908169872414,9.81,1,1,8,21,41,-3.0,3.0,0.01,30.0,60.0,1e-09,1e-12,6,0.0001,1,rimless_wheel_roa_gamma_0.390.csv,99.9846637527797
7,29,0.27219027549038277,1.3499999999999996,-0.3,rolling,5.309999999999931,0.018361814204566573,2.3900453646381665,18,18,0,2.3893333534918466,0.39,0.39269908169872414,9.81,1,1,8,21,41,-3.0,3.0,0.01,30.0,60.0,1e-09,1e-12,6,0.0001,1,rimless_wheel_roa_gamma_0.390.csv,99.9846637527797
7,30,0.27219027549038277,1.5,-0.3,rolling,5.279999999999932,0.016906640203150244,2.3899403824315533,18,18,0,2.3893369363811545,0.39,0.39269908169872414,9.81,1,1,8,21,41,-3.0,3.0,0.01,30.0,60.0,1e-09,1e-12,6,0.0001,1,rimless_wheel_roa_gamma_0.390.csv,99.9846637527797
7,31,0.27219027549038277,1.6499999999999995,-0.3,rolling,4.959999999999939,0.011094653273613093,2.389603780173771,17,17,0,2.389309809157313,0.39,0.39269908169872414,9.81,1,1,8,21,41,-3.0,3.0,0.01,30.0,60.0,1e-09,1e-12,6,0.0001,1,rimless_wheel_roa_gamma_0.390.csv,99.9846637527797
7,32,0.27219027549038277,1.7999999999999998,-0.3,rolling,4.929999999999939,0.005185967277726142,2.389407144329484,17,17,0,2.3893184850340563,0.39,0.39269908169872414,9.81,1,1,8,21,41,-3.0,3.0,0.01,30.0,60.0,1e-09,1e-12,6,0.0001,1,rimless_wheel_roa_gamma_0.390.csv,99.9846637527797
7,33,0.27219027549038277,1.9500000000000002,-0.3,rolling,4.90999999999994,0.02119324794882961,2.3902746680353317,17,17,0,2.3893279140737826,0.39,0.39269908169872414,9.81,1,1,8,21,41,-3.0,3.0,0.01,30.0,60.0,1e-09,1e-12,6,0.0001,1,rimless_wheel_roa_gamma_0.390.csv,99.9846637527797
7,34,0.27219027549038277,2.0999999999999996,-0.3,rolling,4.87999999999994,0.011447236783536346,2.389622789881031,17,17,0,2.3893380989176443,0.39,0.39269908169872414,9.81,1,1,8,21,41,-3.0,3.0,0.01,30.0,60.0,1e-09,1e-12,6,0.0001,1,rimless_wheel_roa_gamma_0.390.csv,99.9846637527797
7,35,0.27219027549038277,2.25,-0.3,rolling,4.559999999999947,-0.0020795696449656103,2.38936153582978,16,16,0,2.389326089948821,0.39,0.39269908169872414,9.81,1,1,8,21,41,-3.0,3.0,0.01,30.0,60.0,1e-09,1e-12,6,0.0001,1,rimless_wheel_roa_gamma_0.390.csv,99.9846637527797
7,36,0.27219027549038277,2.3999999999999995,-0.3,rolling,4.249999999999954,0.0066342871046142435,2.3894430943379037,15,15,0,2.389326966863821,0.39,0.39269908169872414,9.81,1,1,8,21,41,-3.0,3.0,0.01,30.0,60.0,1e-09,1e-12,6,0.0001,1,rimless_wheel_roa_gamma_0.390.csv,99.9846637527797
7,37,0.27219027549038277,2.55,-0.3,rolling,3.3599999999999723,0.009703492564780725,2.38955394923806,12,12,0,2.389410152239812,0.39,0.39269908169872414,9.81,1,1,8,21,41,-3.0,3.0,0.01,30.0,60.0,1e-09,1e-12,6,0.0001,1,rimless_wheel_roa_gamma_0.390.csv,99.9846637527797
7,38,0.27219027549038277,2.7,-0.3,rolling,4.199999999999955,-0.00039125249018102026,2.3893628277408716,15,15,0,2.3894295596884856,0.39,0.39269908169872414,9.81,1,1,8,21,41,-3.0,3.0,0.01,30.0,60.0,1e-09,1e-12,6,0.0001,1,rimless_wheel_roa_gamma_0.390.csv,99.9846637527797
7,39,0.27219027549038277,2.8499999999999996,-0.3,rolling,4.469999999999949,0.007915497784798782,2.389491047369567,16,16,0,2.3894286834705754,0.39,0.39269908169872414,9.81,1,1,8,21,41,-3.0,3.0,0.01,30.0,60.0,1e-09,1e-12,6,0.0001,1,rimless_wheel_roa_gamma_0.390.csv,99.9846637527797
7,40,0.27219027549038277,3.0,-0.3,rolling,4.739999999999943,0.014868681420709361,2.389814917903498,17,17,0,2.3894150441364777,0.39,0.39269908169872414,9.81,1,1,8,21,41,-3.0,3.0,0.01,30.0,60.0,1e-09,1e-12,6,0.0001,1,rimless_wheel_roa_gamma_0.390.csv,99.9846637527797
8,0,0.3114601836602552,-3.0,-0.2,rolling,6.059999999999915,0.00855742420889273,2.3895014548853846,19,18,1,2.389310040850891,0.39,0.39269908169872414,9.81,1,1,8,21,41,-3.0,3.0,0.01,30.0,60.0,1e-09,1e-12,6,0.0001,1,rimless_wheel_roa_gamma_0.390.csv,99.9846637527797
8,1,0.3114601836602552,-2.85,-0.2,rolling,5.9999999999999165,0.013092327162299525,2.3897026269088837,19,18,1,2.3893063625910176,0.39,0.39269908169872414,9.81,1,1,8,21,41,-3.0,3.0,0.01,30.0,60.0,1e-09,1e-12,6,0.0001,1,rimless_wheel_roa_gamma_0.390.csv,99.9846637527797
8,2,0.3114601836602552,-2.7,-0.2,rolling,6.239999999999911,0.0009037332313427834,2.38935541450265,20,19,1,2.389337429978727,0.39,0.39269908169872414,9.81,1,1,8,21,41,-3.0,3.0,0.01,30.0,60.0,1e-09,1e-12,6,0.0001,1,rimless_wheel_roa_gamma_0.390.csv,99.9846637527797
8,3,0.3114601836602552,-2.55,-0.2,rolling,6.209999999999912,0.004432682286458551,2.389393917343742,20,19,1,2.389335778834769,0.39,0.39269908169872414,9.81,1,1,8,21,41,-3.0,3.0,0.01,30.0,60.0,1e-09,1e-12,6,0.0001,1,rimless_wheel_roa_gamma_0.390.csv,99.9846637527797
8,4,0.3114601836602552,-2.4,-0.2,rolling,6.1899999999999125,0.00835000826040099,2.3894965579888967,20,19,1,2.38933422376014,0.39,0.39269908169872414,9.81,1,1,8,21,41,-3.0,3.0,0.01,30.0,60.0,1e-09,1e-12,6,0.0001,1,rimless_wheel_roa_gamma_0.390.csv,99.9846637527797
8,5,0.3114601836602552,-2.25,-0.2,rolling,6.179999999999913,0.015972195908725697,2.389876933740032,20,19,1,2.389332762447061,0.39,0.39269908169872414,9.81,1,1,8,21,41,-3.0,3.0,0.01,30.0,60.0,1e-09,1e-12,6,0.0001,1,rimless_wheel_roa_gamma_0.390.csv,99.9846637527797
8,6,0.3114601836602552,-2.1,-0.2,rolling,6.169999999999913,0.004625668830030051,2.3893970878874473,20,19,1,2.3893313943324923,0.39,0.39269908169872414,9.81,1,1,8,21,41,-3.0,3.0,0.01,30.0,60.0,1e-09,1e-12,6,0.0001,1,rimless_wheel_roa_gamma_0.390.csv,99.9846637527797
8,7,0.3114601836602552,-1.95,-0.2,rolling,6.169999999999913,-0.002324803303751899,2.3893641384408326,20,19,1,2.3893301209086273,0.39,0.39269908169872414,9.81,1,1,8,21,41,-3.0,3.0,0.01,30.0,60.0,1e-09,1e-12,6,0.0001,1,rimless_wheel_roa_gamma_0.390.csv,99.9846637527797
8,8,0.3114601836602552,-1.8,-0.2,rolling,6.1899999999999125,0.016516065494625594,2.3899128326435646,20,19,1,2.389328943250962,0.39,0.39269908169872414,9.81,1,1,8,21,41,-3.0,3.0,0.01,30.0,60.0,1e-09,1e-12,6,0.0001,1,rimless_wheel_roa_gamma_0.390.csv,99.9846637527797
8,9,0.3114601836602552,-1.6500000000000001,-0.2,rolling,6.209999999999912,0.007966444430101286,2.3894831066261433,20,19,1,2.3893278592345264,0.39,0.39269908169872414,9.81,1,1,8,21,41,-3.0,3.0,0.01,30.0,60.0,1e-09,1e-12,6,0.0001,1,rimless_wheel_roa_gamma_0.390.csv,99.9846637527797
8,10,0.3114601836602552,-1.5,-0.2,rolling,6.249999999999911,0.009079454524196633,2.389521956693249,20,19,1,2.3893268690702993,0.39,0.39269908169872414,9.81,1,1,8,21,41,-3.0,3.0,0.01,30.0,60.0,1e-09,1e-12,6,0.0001,1,rimless_wheel_roa_gamma_0.390.csv,99.9846637527797
8,11,0.3114601836602552,-1.35,-0.2,rolling,6.31999999999991,0.020682611746460775,2.3902306072157637,20,19,1,2.389325972257326,0.39,0.39269908169872414,9.81,1,1,8,21,41,-3.0,3.0,0.01,30.0,60.0,1e-09,1e-12,6,0.0001,1,rimless_wheel_roa_gamma_0.390.csv,99.9846637527797
8,12,0.3114601836602552,-1.2000000000000002,-0.2,rolling,6.429999999999907,0.005210190716553893,2.389408297767442,20,19,1,2.3893251698793536,0.39,0.39269908169872414,9.81,1,1,8,21,41,-3.0,3.0,0.01,30.0,60.0,1e-09,1e-12,6,0.0001,1,rimless_wheel_roa_gamma_0.390.csv,99.9846637527797
8,13,0.3114601836602552,-1.05,-0.2,rolling,6.719999999999901,0.008090018933491303,2.38948685571645,20,19,1,2.389324464122411,0.39,0.39269908169872414,9.81,1,1,8,21,41,-3.0,3.0,0.01,30.0,60.0,1e-09,1e-12,6,0.0001,1,rimless_wheel_roa_gamma_0.390.csv,99.9846637527797
8,14,0.3114601836602552,-0.8999999999999999,-0.2,rolling,6.429999999999907,0.005992312718250625,2.38942607815727,18,18,0,2.3893230095528675,0.39,0.39269908169872414,9.81,1,1,8,21,41,-3.0,3.0,0.01,30.0,60.0,1e-09,1e-12,6,0.0001,1,rimless_wheel_roa_gamma_0.390.csv,99.9846637527797
8,15,0.3114601836602552,-0.75,-0.2,rolling,6.079999999999915,0.016297449343787154,2.389897345682567,18,18,0,2.389320934816542,0.39,0.39269908169872414,9.81,1,1,8,21,41,-3.0,3.0,0.01,30.0,60.0,1e-09,1e-12,6,0.0001,1,rimless_wheel_roa_gamma_0.390.csv,99.9846637527797
8,16,0.3114601836602552,-0.6000000000000001,-0.2,rolling,5.919999999999918,0.01636149460389807,2.389901477531326,18,18,0,2.3893192365870397,0.39,0.39269908169872414,9.81,1,1,8,21,41,-3.0,3.0,0.01,30.0,60.0,1e-09,1e-12,6,0.0001,1,rimless_wheel_roa_gamma_0.390.csv,99.9846637527797
8,17,0.3114601836602552,-0.4500000000000002,-0.2,rolling,5.809999999999921,0.003231132622659903,2.3893733134297266,18,18,0,2.389317916114478,0.39,0.39269908169872414,9.81,1,1,8,21,41,-3.0,3.0,0.01,30.0,60.0,1e-09,1e-12,6,0.0001,1,rimless_wheel_roa_gamma_0.390.csv,99.9846637527797
8,18,0.3114601836602552,-0.30000000000000027,-0.2,rolling,5.729999999999922,-0.001089831626626037,2.389354227808573,18,18,0,2.389316973507338,0.39,0.39269908169872414,9.81,1,1,8,21,41,-3.0,3.0,0.01,30.0,60.0,1e-09,1e-12,6,0.0001,1,rimless_wheel_roa_gamma_0.390.csv,99.9846637527797
8,19,0.3114601836602552,-0.1499999999999999,-0.2,rolling,5.6699999999999235,0.006324076110725137,2.389433835576037,18,18,0,2.389316408002704,0.39,0.39269908169872414,9.81,1,1,8,21,41,-3.0,3.0,0.01,30.0,60.0,1e-09,1e-12,6,0.0001,1,rimless_wheel_roa_gamma_0.390.csv,99.9846637527797
8,20,0.3114601836602552,0.0,-0.2,rolling,5.619999999999925,0.014749029659209361,2.389798235516563,18,18,0,2.3893162188561585,0.39,0.39269908169872414,9.81,1,1,8,21,41,-3.0,3.0,0.01,30.0,60.0,1e-09,1e-12,6,0.0001,1,rimless_wheel_roa_gamma_0.390.csv,99.9846637527797
8,21,0.3114601836602552,0.1499999999999999,-0.2,rolling,5.569999999999926,0.007701153543867101,2.3894734819856347,18,18,0,2.389316407786367,0.39,0.39269908169872414,9.81,1,1,8,21,41,-3.0,3.0,0.01,30.0,60.0,1e-09,1e-12,6,0.0001,1,rimless_wheel_roa_gamma_0.390.csv,99.9846637527797
8,22,0.3114601836602552,0.2999999999999998,-0.2,rolling,5.5299999999999265,0.013613098178300607,2.389732183883641,18,18,0,2.389316975106485,0.39,0.39269908169872414,9.81,1,1,8,21,41,-3.0,3.0,0.01,30.0,60.0,1e-09,1e-12,6,0.0001,1,rimless_wheel_roa_gamma_0.390.csv,99.9846637527797
8,23,0.3114601836602552,0.44999999999999973,-0.2,rolling,5.489999999999927,0.011514578933796026,2.3896240425735487,18,18,0,2.389317917296853,0.39,0.39269908169872414,9.81,1,1,8,21,41,-3.0,3.0,0.01,30.0,60.0,1e-09,1e-12,6,0.0001,1,rimless_wheel_roa_gamma_0.390.csv,99.9846637527797
8,24,0.3114601836602552,0.5999999999999996,-0.2,rolling,5.449999999999928,0.0033549310320572746,2.3893751115420425,18,18,0,2.389319236413522,0.39,0.39269908169872414,9.81,1,1,8,21,41,-3.0,3.0,0.01,30.0,60.0,1e-09,1e-12,6,0.0001,1,rimless_wheel_roa_gamma_0.390.csv,99.9846637527797
8,25,0.3114601836602552,0.75,-0.2,rolling,5.419999999999929,0.01435234368698024,2.3897749894717255,18,18,0,2.389320934259383,0.39,0.39269908169872414,9.81,1,1,8,21,41,-3.0,3.0,0.01,30.0,60.0,1e-09,1e-12,6,0.0001,1,rimless_wheel_roa_gamma_0.390.csv,99.9846637527797
8,26,0.3114601836602552,0.8999999999999999,-0.2,rolling,5.37999999999993,-0.0023737892213021865,2.3893639324694096,18,18,0,2.389323009016641,0.39,0.39269908169872414,9.81,1,1,8,21,41,-3.0,3.0,0.01,30.0,60.0,1e-09,1e-12,6,0.0001,1,rimless_wheel_roa_gamma_0.390.csv,99.9846637527797
8,27,0.3114601836602552,1.0499999999999998,-0.2,rolling,5.34999999999993,0.0015967796426078025,2.38935783346177,18,18,0,2.3893254608682284,0.39,0.39269908169872414,9.81,1,1,8,21,41,-3.0,3.0,0.01,30.0,60.0,1e-09,1e-12,6,0.0001,1,rimless_wheel_roa_gamma_0.390.csv,99.9846637527797
8,28,0.3114601836602552,1.2000000000000002,-0.2,rolling,5.319999999999931,0.002811589772153472,2.389369096038339,18,18,0,2.3893282895568935,0.39,0.39269908169872414,9.81,1,1,8,21,41,-3.0,3.0,0.01,30.0,60.0,1e-09,1e-12,6,0.0001,1,rimless_wheel_roa_gamma_0.390.csv,99.9846637527797
8,29,0.3114601836602552,1.3499999999999996,-0.2,rolling,5.289999999999932,0.0015850042274859763,2.3893583320892553,18,18,0,2.3893314966579586,0.39,0.39269908169872414,9.81,1,1,8,21,41,-3.0,3.0,0.01,30.0,60.0,1e-09,1e-12,6,0.0001,1,rimless_wheel_roa_gamma_0.390.csv,99.9846637527797
8,30,0.3114601836602552,1.5,-0.2,rolling,5.259999999999932,-0.001854198727594175,2.389360571965472,18,18,0,2.3893350790991312,0.39,0.39269908169872414,9.81,1,1,8,21,41,-3.0,3.0,0.01,30.0,60.0,1e-09,1e-12,6,0.0001,1,rimless_wheel_roa_gamma_0.390.csv,99.9846637527797
8,31,0.3114601836602552,1.6499999999999995,-0.2,rolling,5.239999999999933,0.01656057460759613,2.389916813393695,18,18,0,2.389339039801591,0.39,0.39269908169872414,9.81,1,1,8,21,41,-3.0,3.0,0.01,30.0,60.0,1e-09,1e-12,6,0.0001,1,rimless_wheel_roa_gamma_0.390.csv,99.9846637527797
8,32,0.3114601836602552,1.7999999999999998,-0.2,rolling,4.9199999999999395,0.007137306579065429,2.38945615232792,17,17,0,2.3893147687389,0.39,0.39269908169872414,9.81,1,1,8,21,41,-3.0,3.0,0.01,30.0,60.0,1e-09,1e-12,6,0.0001,1,rimless_wheel_roa_gamma_0.390.csv,99.9846637527797
8,33,0.3114601836602552,1.9500000000000002,-0.2,rolling,4.88999999999994,-0.002047518739564541,2.389361085030414,17,17,0,2.3893241993216945,0.39,0.39269908169872414,9.81,1,1,8,21,41,-3.0,3.0,0.01,30.0,60.0,1e-09,1e-12,6,0.0001,1,rimless_wheel_roa_gamma_0.390.csv,99.9846637527797
8,34,0.3114601836602552,2.0999999999999996,-0.2,rolling,4.869999999999941,0.01095670200346188,2.3895998772554066,17,17,0,2.389334383304408,0.39,0.39269908169872414,9.81,1,1,8,21,41,-3.0,3.0,0.01,30.0,60.0,1e-09,1e-12,6,0.0001,1,rimless_wheel_roa_gamma_0.390.csv,99.9846637527797
8,35,0.3114601836602552,2.25,-0.2,rolling,4.559999999999947,0.020303896894518197,2.39019805958966,16,16,0,2.3893186583318466,0.39,0.39269908169872414,9.81,1,1,8,21,41,-3.0,3.0,0.01,30.0,60.0,1e-09,1e-12,6,0.0001,1,rimless_wheel_roa_gamma_0.390.csv,99.9846637527797
8,36,0.3114601836602552,2.3999999999999995,-0.2,rolling,4.239999999999954,0.004203281723266218,2.389387594925806,15,15,0,2.389312102987127,0.39,0.39269908169872414,9.81,1,1,8,21,41,-3.0,3.0,0.01,30.0,60.0,1e-09,1e-12,6,0.0001,1,rimless_wheel_roa_gamma_0.390.csv,99.9846637527797
8,37,0.3114601836602552,2.55,-0.2,rolling,3.6399999999999664,0.00847986614761565,2.3895007958886123,13,13,0,2.38933161673945,0.39,0.39269908169872414,9.81,1,1,8,21,41,-3.0,3.0,0.01,30.0,60.0,1e-09,1e-12,6,0.0001,1,rimless_wheel_roa_gamma_0.390.csv,99.9846637527797
8,38,0.3114601836602552,2.7,-0.2,rolling,4.199999999999955,0.019483862695262897,2.390140249110613,15,15,0,2.389414695689332,0.39,0.39269908169872414,9.81,1,1,8,21,41,-3.0,3.0,0.01,30.0,60.0,1e-09,1e-12,6,0.0001,1,rimless_wheel_roa_gamma_0.390.csv,99.9846637527797
8,39,0.3114601836602552,2.8499999999999996,-0.2,rolling,4.459999999999949,0.003199967435883279,2.389382743291134,16,16,0,2.3894212521218376,0.39,0.39269908169872414,9.81,1,1,8,21,41,-3.0,3.0,0.01,30.0,60.0,1e-09,1e-12,6,0.0001,1,rimless_wheel_roa_gamma_0.390.csv,99.9846637527797
8,40,0.3114601836602552,3.0,-0.2,rolling,4.729999999999944,0.009512800165179136,2.389546537776114,17,17,0,2.389411328174626,0.39,0.39269908169872414,9.81,1,1,8,21,41,-3.0,3.0,0.01,30.0,60.0,1e-09,1e-12,6,0.0001,1,rimless_wheel_roa_gamma_0.390.csv,99.9846637527797
9,0,0.3507300918301276,-3.0,-0.1,rolling,6.0499999999999154,4.999519901251583e-05,2.3893510370675903,19,18,1,2.3893089911284853,0.39,0.39269908169872414,9.81,1,1,8,21,41,-3.0,3.0,0.01,30.0,60.0,1e-09,1e-12,6,0.0001,1,rimless_wheel_roa_gamma_0.390.csv,99.9846637527797
9,1,0.3507300918301276,-2.85,-0.1,rolling,6.28999999999991,0.016716845312943547,2.3899274493672094,20,19,1,2.389338650255325,0.39,0.39269908169872414,9.81,1,1,8,21,41,-3.0,3.0,0.01,30.0,60.0,1e-09,1e-12,6,0.0001,1,rimless_wheel_roa_gamma_0.390.csv,99.9846637527797
9,2,0.3507300918301276,-2.7,-0.1,rolling,6.249999999999911,0.016028200949710338,2.3898810052582142,20,19,1,2.3893369051516924,0.39,0.39269908169872414,9.81,1,1,8,21,41,-3.0,3.0,0.01,30.0,60.0,1e-09,1e-12,6,0.0001,1,rimless_wheel_roa_gamma_0.390.csv,99.9846637527797
9,3,0.3507300918301276,-2.55,-0.1,rolling,6.219999999999912,0.010643209354652945,2.389586061947577,20,19,1,2.389335255086831,0.39,0.39269908169872414,9.81,1,1,8,21,41,-3.0,3.0,0.01,30.0,60.0,1e-09,1e-12,6,0.0001,1,rimless_wheel_roa_gamma_0.390.csv,99.9846637527797
9,4,0.3507300918301276,-2.4,-0.1,rolling,6.199999999999912,0.0059894879420007725,2.3894270268629008,20,19,1,2.3893336986658236,0.39,0.39269908169872414,9.81,1,1,8,21,41,-3.0,3.0,0.01,30.0,60.0,1e-09,1e-12,6,0.0001,1,rimless_wheel_roa_gamma_0.390.csv,99.9846637527797
9,5,0.3507300918301276,-2.25,-0.1,rolling,6.1899999999999125,0.0045531934001264845,2.389395800683131,20,19,1,2.3893322359267146,0.39,0.39269908169872414,9.81,1,1,8,21,41,-3.0,3.0,0.01,30.0,60.0,1e-09,1e-12,6,0.0001,1,rimless_wheel_roa_gamma_0.390.csv,99.9846637527797
9,6,0.3507300918301276,-2.1,-0.1,rolling,6.1899999999999125,0.006699802671883635,2.389445260182749,20,19,1,2.389330869605732,0.39,0.39269908169872414,9.81,1,1,8,21,41,-3.0,3.0,0.01,30.0,60.0,1e-09,1e-12,6,0.0001,1,rimless_wheel_roa_gamma_0.390.csv,99.9846637527797
9,7,0.3507300918301276,-1.95,-0.1,rolling,6.199999999999912,0.010736298934970322,2.389589608858976,20,19,1,2.3893295969918396,0.39,0.39269908169872414,9.81,1,1,8,21,41,-3.0,3.0,0.01,30.0,60.0,1e-09,1e-12,6,0.0001,1,rimless_wheel_roa_gamma_0.390.csv,99.9846637527797
9,8,0.3507300918301276,-1.8,-0.1,rolling,6.219999999999912,0.012246270175661702,2.389660726626066,20,19,1,2.389328418959377,0.39,0.39269908169872414,9.81,1,1,8,21,41,-3.0,3.0,0.01,30.0,60.0,1e-09,1e-12,6,0.0001,1,rimless_wheel_roa_gamma_0.390.csv,99.9846637527797
9,9,0.3507300918301276,-1.6500000000000001,-0.1,rolling,6.249999999999911,0.0021143929345106604,2.3893619549430025,20,19,1,2.3893273338099816,0.39,0.39269908169872414,9.81,1,1,8,21,41,-3.0,3.0,0.01,30.0,60.0,1e-09,1e-12,6,0.0001,1,rimless_wheel_roa_gamma_0.390.csv,99.9846637527797
9,10,0.3507300918301276,-1.5,-0.1,rolling,6.30999999999991,0.008756811812955574,2.3895100923501857,20,19,1,2.3893263435561214,0.39,0.39269908169872414,9.81,1,1,8,21,41,-3.0,3.0,0.01,30.0,60.0,1e-09,1e-12,6,0.0001,1,rimless_wheel_roa_gamma_0.390.csv,99.9846637527797
9,11,0.3507300918301276,-1.35,-0.1,rolling,6.409999999999908,0.006994257214001742,2.3894530200938986,20,19,1,2.389325447336872,0.39,0.39269908169872414,9.81,1,1,8,21,41,-3.0,3.0,0.01,30.0,60.0,1e-09,1e-12,6,0.0001,1,rimless_wheel_roa_gamma_0.390.csv,99.9846637527797
9,12,0.3507300918301276,-1.2000000000000002,-0.1,rolling,6.639999999999903,0.01674540440933698,2.3899280786316535,20,19,1,2.3893246462153166,0.39,0.39269908169872414,9.81,1,1,8,21,41,-3.0,3.0,0.01,30.0,60.0,1e-09,1e-12,6,0.0001,1,rimless_wheel_roa_gamma_0.390.csv,99.9846637527797
9,13,0.3507300918301276,-1.05,-0.1,rolling,6.589999999999904,-0.0008855687543425415,2.389354008002833,18,18,0,2.3893233598992913,0.39,0.39269908169872414,9.81,1,1,8,21,41,-3.0,3.0,0.01,30.0,60.0,1e-09,1e-12,6,0.0001,1,rimless_wheel_roa_gamma_0.390.csv,99.9846637527797
9,14,0.3507300918301276,-0.8999999999999999,-0.1,rolling,6.119999999999914,0.004370787096447522,2.3893913826467528,18,18,0,2.389320909696217,0.39,0.39269908169872414,9.81,1,1,8,21,41,-3.0,3.0,0.01,30.0,60.0,1e-09,1e-12,6,0.0001,1,rimless_wheel_roa_gamma_0.390.csv,99.9846637527797
9,15,0.3507300918301276,-0.75,-0.1,rolling,5.939999999999918,-0.0018781324345369058,2.3893592093729903,18,18,0,2.389318836403121,0.39,0.39269908169872414,9.81,1,1,8,21,41,-3.0,3.0,0.01,30.0,60.0,1e-09,1e-12,6,0.0001,1,rimless_wheel_roa_gamma_0.390.csv,99.9846637527797
9,16,0.3507300918301276,-0.6000000000000001,-0.1,rolling,5.82999999999992,0.00011547063670213492,2.389351834029851,18,18,0,2.3893171374765427,0.39,0.39269908169872414,9.81,1,1,8,21,41,-3.0,3.0,0.01,30.0,60.0,1e-09,1e-12,6,0.0001,1,rimless_wheel_roa_gamma_0.390.csv,99.9846637527797
9,17,0.3507300918301276,-0.4500000000000002,-0.1,rolling,5.749999999999922,0.0026125972278068536,2.3893656929223517,18,18,0,2.3893158169530464,0.39,0.39269908169872414,9.81,1,1,8,21,41,-3.0,3.0,0.01,30.0,60.0,1e-09,1e-12,6,0.0001,1,rimless_wheel_roa_gamma_0.390.csv,99.9846637527797
9,18,0.3507300918301276,-0.30000000000000027,-0.1,rolling,5.689999999999923,0.013199589461084595,2.3897092267952607,18,18,0,2.389314874557734,0.39,0.39269908169872414,9.81,1,1,8,21,41,-3.0,3.0,0.01,30.0,60.0,1e-09,1e-12,6,0.0001,1,rimless_wheel_roa_gamma_0.390.csv,99.9846637527797
9,19,0.3507300918301276,-0.1499999999999999,-0.1,rolling,5.629999999999924,-0.000962057066669816,2.389353436942107,18,18,0,2.3893143094206644,0.39,0.39269908169872414,9.81,1,1,8,21,41,-3.0,3.0,0.01,30.0,60.0,1e-09,1e-12,6,0.0001,1,rimless_wheel_roa_gamma_0.390.csv,99.9846637527797
9,20,0.3507300918301276,0.0,-0.1,rolling,5.589999999999925,0.016185686042141167,2.3898892462463546,18,18,0,2.389314118950565,0.39,0.39269908169872414,9.81,1,1,8,21,41,-3.0,3.0,0.01,30.0,60.0,1e-09,1e-12,6,0.0001,1,rimless_wheel_roa_gamma_0.390.csv,99.9846637527797
9,21,0.3507300918301276,0.1499999999999999,-0.1,rolling,5.539999999999926,-0.0020283311596051784,2.389359982894469,18,18,0,2.3893143096781118,0.39,0.39269908169872414,9.81,1,1,8,21,41,-3.0,3.0,0.01,30.0,60.0,1e-09,1e-12,6,0.0001,1,rimless_wheel_roa_gamma_0.390.csv,99.9846637527797
9,22,0.3507300918301276,0.2999999999999998,-0.1,rolling,5.509999999999927,0.019299616087879837,2.3901160841408706,18,18,0,2.3893148749490374,0.39,0.39269908169872414,9.81,1,1,8,21,41,-3.0,3.0,0.01,30.0,60.0,1e-09,1e-12,6,0.0001,1,rimless_wheel_roa_gamma_0.390.csv,99.9846637527797
9,23,0.3507300918301276,0.44999999999999973,-0.1,rolling,5.469999999999928,0.010615784044733042,2.3895830156386064,18,18,0,2.389315817114024,0.39,0.39269908169872414,9.81,1,1,8,21,41,-3.0,3.0,0.01,30.0,60.0,1e-09,1e-12,6,0.0001,1,rimless_wheel_roa_gamma_0.390.csv,99.9846637527797
9,24,0.3507300918301276,0.5999999999999996,-0.1,rolling,5.4399999999999284,0.021154032452287336,2.39027023658013,18,18,0,2.3893171384537712,0.39,0.39269908169872414,9.81,1,1,8,21,41,-3.0,3.0,0.01,30.0,60.0,1e-09,1e-12,6,0.0001,1,rimless_wheel_roa_gamma_0.390.csv,99.9846637527797
9,25,0.3507300918301276,0.75,-0.1,rolling,5.399999999999929,0.004094468660519717,2.3893863833775018,18,18,0,2.3893188360632043,0.39,0.39269908169872414,9.81,1,1,8,21,41,-3.0,3.0,0.01,30.0,60.0,1e-09,1e-12,6,0.0001,1,rimless_wheel_roa_gamma_0.390.csv,99.9846637527797
9,26,0.3507300918301276,0.8999999999999999,-0.1,rolling,5.36999999999993,0.00789467534382682,2.38948010571821,18,18,0,2.3893209092670227,0.39,0.39269908169872414,9.81,1,1,8,21,41,-3.0,3.0,0.01,30.0,60.0,1e-09,1e-12,6,0.0001,1,rimless_wheel_roa_gamma_0.390.csv,99.9846637527797
9,27,0.3507300918301276,1.0499999999999998,-0.1,rolling,5.339999999999931,0.00910788834466321,2.389522682720724,18,18,0,2.389323361179098,0.39,0.39269908169872414,9.81,1,1,8,21,41,-3.0,3.0,0.01,30.0,60.0,1e-09,1e-12,6,0.0001,1,rimless_wheel_roa_gamma_0.390.csv,99.9846637527797
9,28,0.3507300918301276,1.2000000000000002,-0.1,rolling,5.309999999999931,0.008040189618638538,2.3894853688986872,18,18,0,2.389326189118217,0.39,0.39269908169872414,9.81,1,1,8,21,41,-3.0,3.0,0.01,30.0,60.0,1e-09,1e-12,6,0.0001,1,rimless_wheel_roa_gamma_0.390.csv,99.9846637527797
9,29,0.3507300918301276,1.3499999999999996,-0.1,rolling,5.279999999999932,0.004902908810967541,2.3894023230391648,18,18,0,2.3893293967499165,0.39,0.39269908169872414,9.81,1,1,8,21,41,-3.0,3.0,0.01,30.0,60.0,1e-09,1e-12,6,0.0001,1,rimless_wheel_roa_gamma_0.390.csv,99.9846637527797
9,30,0.3507300918301276,1.5,-0.1,rolling,5.2499999999999325,-0.0001540366805455988,2.389353361149668,18,18,0,2.3893329784930053,0.39,0.39269908169872414,9.81,1,1,8,21,41,-3.0,3.0,0.01,30.0,60.0,1e-09,1e-12,6,0.0001,1,rimless_wheel_roa_gamma_0.390.csv,99.9846637527797
9,31,0.3507300918301276,1.6499999999999995,-0.1,rolling,5.229999999999933,0.016875215404340713,2.389938203504831,18,18,0,2.3893369391331105,0.39,0.39269908169872414,9.81,1,1,8,21,41,-3.0,3.0,0.01,30.0,60.0,1e-09,1e-12,6,0.0001,1,rimless_wheel_roa_gamma_0.390.csv,99.9846637527797
9,32,0.3507300918301276,1.7999999999999998,-0.1,rolling,4.90999999999994,0.00625160296058771,2.3894314115543183,17,17,0,2.389310571499478,0.39,0.39269908169872414,9.81,1,1,8,21,41,-3.0,3.0,0.01,30.0,60.0,1e-09,1e-12,6,0.0001,1,rimless_wheel_roa_gamma_0.390.csv,99.9846637527797
9,33,0.3507300918301276,1.9500000000000002,-0.1,rolling,4.88999999999994,0.01991131468341346,2.3901657885488565,17,17,0,2.389320000350955,0.39,0.39269908169872414,9.81,1,1,8,21,41,-3.0,3.0,0.01,30.0,60.0,1e-09,1e-12,6,0.0001,1,rimless_wheel_roa_gamma_0.390.csv,99.9846637527797
9,34,0.3507300918301276,2.0999999999999996,-0.1,rolling,4.859999999999941,0.00808920245429323,2.3894873737846183,17,17,0,2.3893301840643506,0.39,0.39269908169872414,9.81,1,1,8,21,41,-3.0,3.0,0.01,30.0,60.0,1e-09,1e-12,6,0.0001,1,rimless_wheel_roa_gamma_0.390.csv,99.9846637527797
9,35,0.3507300918301276,2.25,-0.1,rolling,4.549999999999947,0.016604516882286344,2.389917064621019,16,16,0,2.3893102604639744,0.39,0.39269908169872414,9.81,1,1,8,21,41,-3.0,3.0,0.01,30.0,60.0,1e-09,1e-12,6,0.0001,1,rimless_wheel_roa_gamma_0.390.csv,99.9846637527797
9,36,0.3507300918301276,2.3999999999999995,-0.1,rolling,4.519999999999948,0.0017909380152093422,2.389359961414854,16,16,0,2.389333647152714,0.39,0.39269908169872414,9.81,1,1,8,21,41,-3.0,3.0,0.01,30.0,60.0,1e-09,1e-12,6,0.0001,1,rimless_wheel_roa_gamma_0.390.csv,99.9846637527797
9,37,0.3507300918301276,2.55,-0.1,rolling,3.9199999999999604,0.0053883999779912855,2.389411512300946,14,14,0,2.389318212341634,0.39,0.39269908169872414,9.81,1,1,8,21,41,-3.0,3.0,0.01,30.0,60.0,1e-09,1e-12,6,0.0001,1,rimless_wheel_roa_gamma_0.390.csv,99.9846637527797
9,38,0.3507300918301276,2.7,-0.1,rolling,3.899999999999961,0.011694438481439669,2.3896426927677226,14,14,0,2.3894238214019334,0.39,0.39269908169872414,9.81,1,1,8,21,41,-3.0,3.0,0.01,30.0,60.0,1e-09,1e-12,6,0.0001,1,rimless_wheel_roa_gamma_0.390.csv,99.9846637527797
9,39,0.3507300918301276,2.8499999999999996,-0.1,rolling,4.459999999999949,0.0207725567919618,2.3902465265192387,16,16,0,2.3894128539333006,0.39,0.39269908169872414,9.81,1,1,8,21,41,-3.0,3.0,0.01,30.0,60.0,1e-09,1e-12,6,0.0001,1,rimless_wheel_roa_gamma_0.390.csv,99.9846637527797
9,40,0.3507300918301276,3.0,-0.1,rolling,4.719999999999944,0.0026584779478398234,2.389374885248361,17,17,0,2.3894071295754693,0.39,0.39269908169872414,9.81,1,1,8,21,41,-3.0,3.0,0.01,30.0,60.0,1e-09,1e-12,6,0.0001,1,rimless_wheel_roa_gamma_0.390.csv,99.9846637527797
10,0,0.39,-3.0,0.0,rolling,6.0499999999999154,0.015599933676295603,2.3898504369477997,19,18,1,2.389307822051494,0.39,0.39269908169872414,9.81,1,1,8,21,41,-3.0,3.0,0.01,30.0,60.0,1e-09,1e-12,6,0.0001,1,rimless_wheel_roa_gamma_0.390.csv,99.9846637527797
10,1,0.39,-2.85,0.0,rolling,6.28999999999991,0.0183813947132869,2.390047288795761,20,19,1,2.3893380639403774,0.39,0.39269908169872414,9.81,1,1,8,21,41,-3.0,3.0,0.01,30.0,60.0,1e-09,1e-12,6,0.0001,1,rimless_wheel_roa_gamma_0.390.csv,99.9846637527797
10,2,0.39,-2.7,0.0,rolling,6.249999999999911,0.00686475668914034,2.38945037334149,20,19,1,2.3893363206490297,0.39,0.39269908169872414,9.81,1,1,8,21,41,-3.0,3.0,0.01,30.0,60.0,1e-09,1e-12,6,0.0001,1,rimless_wheel_roa_gamma_0.390.csv,99.9846637527797
10,3,0.39,-2.55,0.0,rolling,6.229999999999912,0.01573902957908385,2.3898619401561123,20,19,1,2.3893346710576875,0.39,0.39269908169872414,9.81,1,1,8,21,41,-3.0,3.0,0.01,30.0,60.0,1e-09,1e-12,6,0.0001,1,rimless_wheel_roa_gamma_0.390.csv,99.9846637527797
10,4,0.39,-2.4,0.0,rolling,6.209999999999912,0.0015001582403562962,2.389357947531696,20,19,1,2.389333113863246,0.39,0.39269908169872414,9.81,1,1,8,21,41,-3.0,3.0,0.01,30.0,60.0,1e-09,1e-12,6,0.0001,1,rimless_wheel_roa_gamma_0.390.csv,99.9846637527797
10,5,0.39,-2.25,0.0,rolling,6.209999999999912,0.013456913416781346,2.3897249018361486,20,19,1,2.3893316529132274,0.39,0.39269908169872414,9.81,1,1,8,21,41,-3.0,3.0,0.01,30.0,60.0,1e-09,1e-12,6,0.0001,1,rimless_wheel_roa_gamma_0.390.csv,99.9846637527797
10,6,0.39,-2.1,0.0,rolling,6.209999999999912,0.0030410990020734857,2.389372043213751,20,19,1,2.389330285089726,0.39,0.39269908169872414,9.81,1,1,8,21,41,-3.0,3.0,0.01,30.0,60.0,1e-09,1e-12,6,0.0001,1,rimless_wheel_roa_gamma_0.390.csv,99.9846637527797
10,7,0.39,-1.95,0.0,rolling,6.229999999999912,0.014604369298586023,2.3897907400135243,20,19,1,2.3893290129526212,0.39,0.39269908169872414,9.81,1,1,8,21,41,-3.0,3.0,0.01,30.0,60.0,1e-09,1e-12,6,0.0001,1,rimless_wheel_roa_gamma_0.390.csv,99.9846637527797
10,8,0.39,-1.8,0.0,rolling,6.259999999999911,0.01660713154749713,2.3899189162841186,20,19,1,2.3893278343416426,0.39,0.39269908169872414,9.81,1,1,8,21,41,-3.0,3.0,0.01,30.0,60.0,1e-09,1e-12,6,0.0001,1,rimless_wheel_roa_gamma_0.390.csv,99.9846637527797
10,9,0.39,-1.6500000000000001,0.0,rolling,6.30999999999991,0.016666414301047677,2.3899228628829468,20,19,1,2.3893267492408605,0.39,0.39269908169872414,9.81,1,1,8,21,41,-3.0,3.0,0.01,30.0,60.0,1e-09,1e-12,6,0.0001,1,rimless_wheel_roa_gamma_0.390.csv,99.9846637527797
10,10,0.39,-1.5,0.0,rolling,6.389999999999908,-0.0009361364480980443,2.3893544265471647,20,19,1,2.389325759261975,0.39,0.39269908169872414,9.81,1,1,8,21,41,-3.0,3.0,0.01,30.0,60.0,1e-09,1e-12,6,0.0001,1,rimless_wheel_roa_gamma_0.390.csv,99.9846637527797
10,11,0.39,-1.35,0.0,rolling,6.579999999999904,0.016217018579608847,2.389892352641555,20,19,1,2.3893248626125287,0.39,0.39269908169872414,9.81,1,1,8,21,41,-3.0,3.0,0.01,30.0,60.0,1e-09,1e-12,6,0.0001,1,rimless_wheel_roa_gamma_0.390.csv,99.9846637527797
10,12,0.39,-1.2000000000000002,0.0,rolling,6.959999999999896,0.020033697274028817,2.390176186965397,18,18,0,2.3893238523579856,0.39,0.39269908169872414,9.81,1,1,8,21,41,-3.0,3.0,0.01,30.0,60.0,1e-09,1e-12,6,0.0001,1,rimless_wheel_roa_gamma_0.390.csv,99.9846637527797
10,13,0.39,-1.05,0.0,rolling,6.169999999999913,-0.0017458341932089457,2.3893584337624225,18,18,0,2.3893210238026863,0.39,0.39269908169872414,9.81,1,1,8,21,41,-3.0,3.0,0.01,30.0,60.0,1e-09,1e-12,6,0.0001,1,rimless_wheel_roa_gamma_0.390.csv,99.9846637527797
10,14,0.39,-0.8999999999999999,0.0,rolling,5.969999999999917,-0.0017141849924364506,2.389357974404108,18,18,0,2.3893185716558687,0.39,0.39269908169872414,9.81,1,1,8,21,41,-3.0,3.0,0.01,30.0,60.0,1e-09,1e-12,6,0.0001,1,rimless_wheel_roa_gamma_0.390.csv,99.9846637527797
10,15,0.39,-0.75,0.0,rolling,5.8599999999999195,0.018437077653815814,2.3900494444791645,18,18,0,2.3893164976185512,0.39,0.39269908169872414,9.81,1,1,8,21,41,-3.0,3.0,0.01,30.0,60.0,1e-09,1e-12,6,0.0001,1,rimless_wheel_roa_gamma_0.390.csv,99.9846637527797
10,16,0.39,-0.6000000000000001,0.0,rolling,5.769999999999921,0.00497714905169442,2.3894024343398517,18,18,0,2.3893147990073462,0.39,0.39269908169872414,9.81,1,1,8,21,41,-3.0,3.0,0.01,30.0,60.0,1e-09,1e-12,6,0.0001,1,rimless_wheel_roa_gamma_0.390.csv,99.9846637527797
10,17,0.39,-0.4500000000000002,0.0,rolling,5.709999999999923,0.01918409833232568,2.3901068277533453,18,18,0,2.3893134798772846,0.39,0.39269908169872414,9.81,1,1,8,21,41,-3.0,3.0,0.01,30.0,60.0,1e-09,1e-12,6,0.0001,1,rimless_wheel_roa_gamma_0.390.csv,99.9846637527797
10,18,0.39,-0.30000000000000027,0.0,rolling,5.649999999999924,0.006451328266099893,2.3894368036146867,18,18,0,2.3893125359302223,0.39,0.39269908169872414,9.81,1,1,8,21,41,-3.0,3.0,0.01,30.0,60.0,1e-09,1e-12,6,0.0001,1,rimless_wheel_roa_gamma_0.390.csv,99.9846637527797
10,19,0.39,-0.1499999999999999,0.0,rolling,5.599999999999925,-6.039857779404495e-05,2.3893513209216044,18,18,0,2.3893119704456445,0.39,0.39269908169872414,9.81,1,1,8,21,41,-3.0,3.0,0.01,30.0,60.0,1e-09,1e-12,6,0.0001,1,rimless_wheel_roa_gamma_0.390.csv,99.9846637527797
10,20,0.39,0.0,0.0,rolling,5.559999999999926,0.005211345791590461,2.3894070471336257,18,18,0,2.389311783397421,0.39,0.39269908169872414,9.81,1,1,8,21,41,-3.0,3.0,0.01,30.0,60.0,1e-09,1e-12,6,0.0001,1,rimless_wheel_roa_gamma_0.390.csv,99.9846637527797
10,21,0.39,0.1499999999999999,0.0,rolling,5.519999999999927,0.0019317032350320857,2.3893589737443386,18,18,0,2.389311970449807,0.39,0.39269908169872414,9.81,1,1,8,21,41,-3.0,3.0,0.01,30.0,60.0,1e-09,1e-12,6,0.0001,1,rimless_wheel_roa_gamma_0.390.csv,99.9846637527797
10,22,0.39,0.2999999999999998,0.0,rolling,5.489999999999927,0.01635301377294766,2.3899002683248303,18,18,0,2.389312535811233,0.39,0.39269908169872414,9.81,1,1,8,21,41,-3.0,3.0,0.01,30.0,60.0,1e-09,1e-12,6,0.0001,1,rimless_wheel_roa_gamma_0.390.csv,99.9846637527797
10,23,0.39,0.44999999999999973,0.0,rolling,5.449999999999928,0.002269429732434513,2.389362031390459,18,18,0,2.389313480940436,0.39,0.39269908169872414,9.81,1,1,8,21,41,-3.0,3.0,0.01,30.0,60.0,1e-09,1e-12,6,0.0001,1,rimless_wheel_roa_gamma_0.390.csv,99.9846637527797
10,24,0.39,0.5999999999999996,0.0,rolling,5.419999999999929,0.008537522396376618,2.3895012098590254,18,18,0,2.3893147998755055,0.39,0.39269908169872414,9.81,1,1,8,21,41,-3.0,3.0,0.01,30.0,60.0,1e-09,1e-12,6,0.0001,1,rimless_wheel_roa_gamma_0.390.csv,99.9846637527797
10,25,0.39,0.75,0.0,rolling,5.3899999999999295,0.011971642433593095,2.3896459414553046,18,18,0,2.3893164976500807,0.39,0.39269908169872414,9.81,1,1,8,21,41,-3.0,3.0,0.01,30.0,60.0,1e-09,1e-12,6,0.0001,1,rimless_wheel_roa_gamma_0.390.csv,99.9846637527797
10,26,0.39,0.8999999999999999,0.0,rolling,5.35999999999993,0.013035895469009618,2.3897007630203526,18,18,0,2.3893185732554847,0.39,0.39269908169872414,9.81,1,1,8,21,41,-3.0,3.0,0.01,30.0,60.0,1e-09,1e-12,6,0.0001,1,rimless_wheel_roa_gamma_0.390.csv,99.9846637527797
10,27,0.39,1.0499999999999998,0.0,rolling,5.329999999999931,0.012029184177146572,2.3896492056209233,18,18,0,2.389321023902997,0.39,0.39269908169872414,9.81,1,1,8,21,41,-3.0,3.0,0.01,30.0,60.0,1e-09,1e-12,6,0.0001,1,rimless_wheel_roa_gamma_0.390.csv,99.9846637527797
10,28,0.39,1.2000000000000002,0.0,rolling,5.299999999999931,0.00914203680277051,2.3895240094375123,18,18,0,2.389323852178276,0.39,0.39269908169872414,9.81,1,1,8,21,41,-3.0,3.0,0.01,30.0,60.0,1e-09,1e-12,6,0.0001,1,rimless_wheel_roa_gamma_0.390.csv,99.9846637527797
10,29,0.39,1.3499999999999996,0.0,rolling,5.269999999999932,0.004496529069768373,2.389394255059704,18,18,0,2.389327058470082,0.39,0.39269908169872414,9.81,1,1,8,21,41,-3.0,3.0,0.01,30.0,60.0,1e-09,1e-12,6,0.0001,1,rimless_wheel_roa_gamma_0.390.csv,99.9846637527797
10,30,0.39,1.5,0.0,rolling,5.239999999999933,-0.001826457477554294,2.389359941070282,18,18,0,2.389330641614811,0.39,0.39269908169872414,9.81,1,1,8,21,41,-3.0,3.0,0.01,30.0,60.0,1e-09,1e-12,6,0.0001,1,rimless_wheel_roa_gamma_0.390.csv,99.9846637527797
10,31,0.39,1.6499999999999995,0.0,rolling,5.219999999999933,0.014125214570296852,2.389763019193878,18,18,0,2.389334603967499,0.39,0.39269908169872414,9.81,1,1,8,21,41,-3.0,3.0,0.01,30.0,60.0,1e-09,1e-12,6,0.0001,1,rimless_wheel_roa_gamma_0.390.csv,99.9846637527797
10,32,0.39,1.7999999999999998,0.0,rolling,5.189999999999934,0.004608547974674522,2.3893974825364475,18,18,0,2.3893389396794387,0.39,0.39269908169872414,9.81,1,1,8,21,41,-3.0,3.0,0.01,30.0,60.0,1e-09,1e-12,6,0.0001,1,rimless_wheel_roa_gamma_0.390.csv,99.9846637527797
10,33,0.39,1.9500000000000002,0.0,rolling,4.87999999999994,0.01542060404679874,2.3898397337098656,17,17,0,2.3893153255100663,0.39,0.39269908169872414,9.81,1,1,8,21,41,-3.0,3.0,0.01,30.0,60.0,1e-09,1e-12,6,0.0001,1,rimless_wheel_roa_gamma_0.390.csv,99.9846637527797
10,34,0.39,2.0999999999999996,0.0,rolling,4.849999999999941,0.002881469159201933,2.389369648243192,17,17,0,2.3893255093196526,0.39,0.39269908169872414,9.81,1,1,8,21,41,-3.0,3.0,0.01,30.0,60.0,1e-09,1e-12,6,0.0001,1,rimless_wheel_roa_gamma_0.390.csv,99.9846637527797
10,35,0.39,2.25,0.0,rolling,4.8299999999999415,0.012788439549579722,2.389689351683219,17,17,0,2.389336449135015,0.39,0.39269908169872414,9.81,1,1,8,21,41,-3.0,3.0,0.01,30.0,60.0,1e-09,1e-12,6,0.0001,1,rimless_wheel_roa_gamma_0.390.csv,99.9846637527797
10,36,0.39,2.3999999999999995,0.0,rolling,4.519999999999948,0.01925465620849928,2.390113421679976,16,16,0,2.3893242974185207,0.39,0.39269908169872414,9.81,1,1,8,21,41,-3.0,3.0,0.01,30.0,60.0,1e-09,1e-12,6,0.0001,1,rimless_wheel_roa_gamma_0.390.csv,99.9846637527797
10,37,0.39,2.55,0.0,rolling,4.199999999999955,0.00046114365205158526,2.3893531250730007,15,15,0,2.3893263991749296,0.39,0.39269908169872414,9.81,1,1,8,21,41,-3.0,3.0,0.01,30.0,60.0,1e-09,1e-12,6,0.0001,1,rimless_wheel_roa_gamma_0.390.csv,99.9846637527797
10,38,0.39,2.7,0.0,rolling,3.3099999999999734,0.000168733026837379,2.3893625902353417,12,12,0,2.3894297509112747,0.39,0.39269908169872414,9.81,1,1,8,21,41,-3.0,3.0,0.01,30.0,60.0,1e-09,1e-12,6,0.0001,1,rimless_wheel_roa_gamma_0.390.csv,99.9846637527797
10,39,0.39,2.8499999999999996,0.0,rolling,4.159999999999956,0.010827863270891134,2.389603701622724,15,15,0,2.3894350263894095,0.39,0.39269908169872414,9.81,1,1,8,21,41,-3.0,3.0,0.01,30.0,60.0,1e-09,1e-12,6,0.0001,1,rimless_wheel_roa_gamma_0.390.csv,99.9846637527797
10,40,0.39,3.0,0.0,rolling,4.42999999999995,0.01618835096916971,2.3899007373426384,16,16,0,2.3894329249579664,0.39,0.39269908169872414,9.81,1,1,8,21,41,-3.0,3.0,0.01,30.0,60.0,1e-09,1e-12,6,0.0001,1,rimless_wheel_roa_gamma_0.390.csv,99.9846637527797
11,0,0.4292699081698724,-3.0,0.1,rolling,6.039999999999916,0.006406587227495869,2.3894350522935666,19,18,1,2.3893065352795695,0.39,0.39269908169872414,9.81,1,1,8,21,41,-3.0,3.0,0.01,30.0,60.0,1e-09,1e-12,6,0.0001,1,rimless_wheel_roa_gamma_0.390.csv,99.9846637527797
11,1,0.4292699081698724,-2.85,0.1,rolling,6.28999999999991,0.019183706089015484,2.3901090775536527,20,19,1,2.3893374212607377,0.39,0.39269908169872414,9.81,1,1,8,21,41,-3.0,3.0,0.01,30.0,60.0,1e-09,1e-12,6,0.0001,1,rimless_wheel_roa_gamma_0.390.csv,99.9846637527797
11,2,0.4292699081698724,-2.7,0.1,rolling,6.259999999999911,0.020254675943089908,2.390195582996992,20,19,1,2.3893356772421086,0.39,0.39269908169872414,9.81,1,1,8,21,41,-3.0,3.0,0.01,30.0,60.0,1e-09,1e-12,6,0.0001,1,rimless_wheel_roa_gamma_0.390.csv,99.9846637527797
11,3,0.4292699081698724,-2.55,0.1,rolling,6.239999999999911,0.01865287165450445,2.3900675371633673,20,19,1,2.389334026925296,0.39,0.39269908169872414,9.81,1,1,8,21,41,-3.0,3.0,0.01,30.0,60.0,1e-09,1e-12,6,0.0001,1,rimless_wheel_roa_gamma_0.390.csv,99.9846637527797
11,4,0.4292699081698724,-2.4,0.1,rolling,6.229999999999912,0.017456925684524397,2.3899787651085225,20,19,1,2.3893324708617256,0.39,0.39269908169872414,9.81,1,1,8,21,41,-3.0,3.0,0.01,30.0,60.0,1e-09,1e-12,6,0.0001,1,rimless_wheel_roa_gamma_0.390.csv,99.9846637527797
11,5,0.4292699081698724,-2.25,0.1,rolling,6.229999999999912,0.0169884142482243,2.389945508339545,20,19,1,2.3893310113475903,0.39,0.39269908169872414,9.81,1,1,8,21,41,-3.0,3.0,0.01,30.0,60.0,1e-09,1e-12,6,0.0001,1,rimless_wheel_roa_gamma_0.390.csv,99.9846637527797
11,6,0.4292699081698724,-2.1,0.1,rolling,6.239999999999911,0.014836229959989851,2.3898048074840115,20,19,1,2.389329641714022,0.39,0.39269908169872414,9.81,1,1,8,21,41,-3.0,3.0,0.01,30.0,60.0,1e-09,1e-12,6,0.0001,1,rimless_wheel_roa_gamma_0.390.csv,99.9846637527797
11,7,0.4292699081698724,-1.95,0.1,rolling,6.259999999999911,0.004729306406868014,2.389398791156606,20,19,1,2.3893283698483008,0.39,0.39269908169872414,9.81,1,1,8,21,41,-3.0,3.0,0.01,30.0,60.0,1e-09,1e-12,6,0.0001,1,rimless_wheel_roa_gamma_0.390.csv,99.9846637527797
11,8,0.4292699081698724,-1.8,0.1,rolling,6.30999999999991,0.020824499364608128,2.39024280516542,20,19,1,2.389327189634972,0.39,0.39269908169872414,9.81,1,1,8,21,41,-3.0,3.0,0.01,30.0,60.0,1e-09,1e-12,6,0.0001,1,rimless_wheel_roa_gamma_0.390.csv,99.9846637527797
11,9,0.4292699081698724,-1.6500000000000001,0.1,rolling,6.379999999999908,0.006994582194272873,2.3894530927632003,20,19,1,2.389326105634872,0.39,0.39269908169872414,9.81,1,1,8,21,41,-3.0,3.0,0.01,30.0,60.0,1e-09,1e-12,6,0.0001,1,rimless_wheel_roa_gamma_0.390.csv,99.9846637527797
11,10,0.4292699081698724,-1.5,0.1,rolling,6.529999999999905,0.004415442295756411,2.3893925889051277,20,19,1,2.389325116254895,0.39,0.39269908169872414,9.81,1,1,8,21,41,-3.0,3.0,0.01,30.0,60.0,1e-09,1e-12,6,0.0001,1,rimless_wheel_roa_gamma_0.390.csv,99.9846637527797
11,11,0.4292699081698724,-1.35,0.1,rolling,7.2199999999998905,0.021141940529236004,2.390269861229874,20,19,1,2.389324221008659,0.39,0.39269908169872414,9.81,1,1,8,21,41,-3.0,3.0,0.01,30.0,60.0,1e-09,1e-12,6,0.0001,1,rimless_wheel_roa_gamma_0.390.csv,99.9846637527797
11,12,0.4292699081698724,-1.2000000000000002,0.1,rolling,6.239999999999911,0.013775452020198205,2.3897417206308176,18,18,0,2.3893212814110374,0.39,0.39269908169872414,9.81,1,1,8,21,41,-3.0,3.0,0.01,30.0,60.0,1e-09,1e-12,6,0.0001,1,rimless_wheel_roa_gamma_0.390.csv,99.9846637527797
11,13,0.4292699081698724,-1.05,0.1,rolling,6.009999999999916,0.01544426935611172,2.3898415287402437,18,18,0,2.3893184523583364,0.39,0.39269908169872414,9.81,1,1,8,21,41,-3.0,3.0,0.01,30.0,60.0,1e-09,1e-12,6,0.0001,1,rimless_wheel_roa_gamma_0.390.csv,99.9846637527797
11,14,0.4292699081698724,-0.8999999999999999,0.1,rolling,5.879999999999919,0.009929535178137864,2.389554088657924,18,18,0,2.389315999306102,0.39,0.39269908169872414,9.81,1,1,8,21,41,-3.0,3.0,0.01,30.0,60.0,1e-09,1e-12,6,0.0001,1,rimless_wheel_roa_gamma_0.390.csv,99.9846637527797
11,15,0.4292699081698724,-0.75,0.1,rolling,5.789999999999921,0.005817271658380413,2.38942096761218,18,18,0,2.3893139251584876,0.39,0.39269908169872414,9.81,1,1,8,21,41,-3.0,3.0,0.01,30.0,60.0,1e-09,1e-12,6,0.0001,1,rimless_wheel_roa_gamma_0.390.csv,99.9846637527797
11,16,0.4292699081698724,-0.6000000000000001,0.1,rolling,5.7199999999999225,0.00031761883447150837,2.3893515459091983,18,18,0,2.389312227344361,0.39,0.39269908169872414,9.81,1,1,8,21,41,-3.0,3.0,0.01,30.0,60.0,1e-09,1e-12,6,0.0001,1,rimless_wheel_roa_gamma_0.390.csv,99.9846637527797
11,17,0.4292699081698724,-0.4500000000000002,0.1,rolling,5.6699999999999235,0.01308932317960675,2.389702899770626,18,18,0,2.3893109081171104,0.39,0.39269908169872414,9.81,1,1,8,21,41,-3.0,3.0,0.01,30.0,60.0,1e-09,1e-12,6,0.0001,1,rimless_wheel_roa_gamma_0.390.csv,99.9846637527797
11,18,0.4292699081698724,-0.30000000000000027,0.1,rolling,5.619999999999925,0.006762000481930432,2.3894449877575243,18,18,0,2.389309964661955,0.39,0.39269908169872414,9.81,1,1,8,21,41,-3.0,3.0,0.01,30.0,60.0,1e-09,1e-12,6,0.0001,1,rimless_wheel_roa_gamma_0.390.csv,99.9846637527797
11,19,0.4292699081698724,-0.1499999999999999,0.1,rolling,5.5799999999999255,0.011427767171458257,2.389619141342603,18,18,0,2.389309398580622,0.39,0.39269908169872414,9.81,1,1,8,21,41,-3.0,3.0,0.01,30.0,60.0,1e-09,1e-12,6,0.0001,1,rimless_wheel_roa_gamma_0.390.csv,99.9846637527797
11,20,0.4292699081698724,0.0,0.1,rolling,5.539999999999926,0.007147283954459037,2.3894559152454806,18,18,0,2.389309210096384,0.39,0.39269908169872414,9.81,1,1,8,21,41,-3.0,3.0,0.01,30.0,60.0,1e-09,1e-12,6,0.0001,1,rimless_wheel_roa_gamma_0.390.csv,99.9846637527797
11,21,0.4292699081698724,0.1499999999999999,0.1,rolling,5.509999999999927,0.020444086081264554,2.3902088979260814,18,18,0,2.3893093992281966,0.39,0.39269908169872414,9.81,1,1,8,21,41,-3.0,3.0,0.01,30.0,60.0,1e-09,1e-12,6,0.0001,1,rimless_wheel_roa_gamma_0.390.csv,99.9846637527797
11,22,0.4292699081698724,0.2999999999999998,0.1,rolling,5.469999999999928,0.0052939159486724546,2.389408655352383,18,18,0,2.3893099647728877,0.39,0.39269908169872414,9.81,1,1,8,21,41,-3.0,3.0,0.01,30.0,60.0,1e-09,1e-12,6,0.0001,1,rimless_wheel_roa_gamma_0.390.csv,99.9846637527797
11,23,0.4292699081698724,0.44999999999999973,0.1,rolling,5.4399999999999284,0.01067797789393756,2.389585264999564,18,18,0,2.3893109077847376,0.39,0.39269908169872414,9.81,1,1,8,21,41,-3.0,3.0,0.01,30.0,60.0,1e-09,1e-12,6,0.0001,1,rimless_wheel_roa_gamma_0.390.csv,99.9846637527797
11,24,0.4292699081698724,0.5999999999999996,0.1,rolling,5.409999999999929,0.01347845473254759,2.3897242447845572,18,18,0,2.389312228325796,0.39,0.39269908169872414,9.81,1,1,8,21,41,-3.0,3.0,0.01,30.0,60.0,1e-09,1e-12,6,0.0001,1,rimless_wheel_roa_gamma_0.390.csv,99.9846637527797
11,25,0.4292699081698724,0.75,0.1,rolling,5.37999999999993,0.014187353375581736,2.389764658505639,18,18,0,2.3893139250872655,0.39,0.39269908169872414,9.81,1,1,8,21,41,-3.0,3.0,0.01,30.0,60.0,1e-09,1e-12,6,0.0001,1,rimless_wheel_roa_gamma_0.390.csv,99.9846637527797
11,26,0.4292699081698724,0.8999999999999999,0.1,rolling,5.34999999999993,0.013100744160401797,2.3897039972495304,18,18,0,2.389316000725083,0.39,0.39269908169872414,9.81,1,1,8,21,41,-3.0,3.0,0.01,30.0,60.0,1e-09,1e-12,6,0.0001,1,rimless_wheel_roa_gamma_0.390.csv,99.9846637527797
11,27,0.4292699081698724,1.0499999999999998,0.1,rolling,5.319999999999931,0.010385691252208387,2.3895733463203386,18,18,0,2.38931845252189,0.39,0.39269908169872414,9.81,1,1,8,21,41,-3.0,3.0,0.01,30.0,60.0,1e-09,1e-12,6,0.0001,1,rimless_wheel_roa_gamma_0.390.csv,99.9846637527797
11,28,0.4292699081698724,1.2000000000000002,0.1,rolling,5.289999999999932,0.006129141660331313,2.389429319549682,18,18,0,2.3893212817224474,0.39,0.39269908169872414,9.81,1,1,8,21,41,-3.0,3.0,0.01,30.0,60.0,1e-09,1e-12,6,0.0001,1,rimless_wheel_roa_gamma_0.390.csv,99.9846637527797
11,29,0.4292699081698724,1.3499999999999996,0.1,rolling,5.259999999999932,0.00037229828364449685,2.389352790743729,18,18,0,2.389324486978416,0.39,0.39269908169872414,9.81,1,1,8,21,41,-3.0,3.0,0.01,30.0,60.0,1e-09,1e-12,6,0.0001,1,rimless_wheel_roa_gamma_0.390.csv,99.9846637527797
11,30,0.4292699081698724,1.5,0.1,rolling,5.239999999999933,0.0170285149930577,2.3899480264651394,18,18,0,2.3893280708079216,0.39,0.39269908169872414,9.81,1,1,8,21,41,-3.0,3.0,0.01,30.0,60.0,1e-09,1e-12,6,0.0001,1,rimless_wheel_roa_gamma_0.390.csv,99.9846637527797
11,31,0.4292699081698724,1.6499999999999995,0.1,rolling,5.209999999999933,0.008317060115480682,2.3894952234372853,18,18,0,2.3893320310114006,0.39,0.39269908169872414,9.81,1,1,8,21,41,-3.0,3.0,0.01,30.0,60.0,1e-09,1e-12,6,0.0001,1,rimless_wheel_roa_gamma_0.390.csv,99.9846637527797
11,32,0.4292699081698724,1.7999999999999998,0.1,rolling,5.179999999999934,-0.001854116082759346,2.3893606928789217,18,18,0,2.3893363678174313,0.39,0.39269908169872414,9.81,1,1,8,21,41,-3.0,3.0,0.01,30.0,60.0,1e-09,1e-12,6,0.0001,1,rimless_wheel_roa_gamma_0.390.csv,99.9846637527797
11,33,0.4292699081698724,1.9500000000000002,0.1,rolling,4.869999999999941,0.00838772036764917,2.389495566577837,17,17,0,2.38931018280562,0.39,0.39269908169872414,9.81,1,1,8,21,41,-3.0,3.0,0.01,30.0,60.0,1e-09,1e-12,6,0.0001,1,rimless_wheel_roa_gamma_0.390.csv,99.9846637527797
11,34,0.4292699081698724,2.0999999999999996,0.1,rolling,4.849999999999941,0.019241281306914423,2.390111991209197,17,17,0,2.3893203650804,0.39,0.39269908169872414,9.81,1,1,8,21,41,-3.0,3.0,0.01,30.0,60.0,1e-09,1e-12,6,0.0001,1,rimless_wheel_roa_gamma_0.390.csv,99.9846637527797
11,35,0.4292699081698724,2.25,0.1,rolling,4.819999999999942,0.004799411766784755,2.389400442955705,17,17,0,2.389331305302706,0.39,0.39269908169872414,9.81,1,1,8,21,41,-3.0,3.0,0.01,30.0,60.0,1e-09,1e-12,6,0.0001,1,rimless_wheel_roa_gamma_0.390.csv,99.9846637527797
11,36,0.4292699081698724,2.3999999999999995,0.1,rolling,4.509999999999948,0.010852192144281953,2.389593259377055,16,16,0,2.389314009937083,0.39,0.39269908169872414,9.81,1,1,8,21,41,-3.0,3.0,0.01,30.0,60.0,1e-09,1e-12,6,0.0001,1,rimless_wheel_roa_gamma_0.390.csv,99.9846637527797
11,37,0.4292699081698724,2.55,0.1,rolling,4.489999999999949,0.017610485085862635,2.3899904290526046,16,16,0,2.389338905078747,0.39,0.39269908169872414,9.81,1,1,8,21,41,-3.0,3.0,0.01,30.0,60.0,1e-09,1e-12,6,0.0001,1,rimless_wheel_roa_gamma_0.390.csv,99.9846637527797
11,38,0.4292699081698724,2.7,0.1,rolling,3.5999999999999672,0.016969105122834678,2.3899429780750205,13,13,0,2.3893185672929866,0.39,0.39269908169872414,9.81,1,1,8,21,41,-3.0,3.0,0.01,30.0,60.0,1e-09,1e-12,6,0.0001,1,rimless_wheel_roa_gamma_0.390.csv,99.9846637527797
11,39,0.4292699081698724,2.8499999999999996,0.1,rolling,4.149999999999956,0.0013600261450738343,2.3893648732966195,15,15,0,2.389414452448671,0.39,0.39269908169872414,9.81,1,1,8,21,41,-3.0,3.0,0.01,30.0,60.0,1e-09,1e-12,6,0.0001,1,rimless_wheel_roa_gamma_0.390.csv,99.9846637527797
11,40,0.4292699081698724,3.0,0.1,rolling,4.41999999999995,0.006405249302665035,2.3894460756239315,16,16,0,2.389422636409622,0.39,0.39269908169872414,9.81,1,1,8,21,41,-3.0,3.0,0.01,30.0,60.0,1e-09,1e-12,6,0.0001,1,rimless_wheel_roa_gamma_0.390.csv,99.9846637527797
12,0,0.46853981633974484,-3.0,0.2,rolling,6.31999999999991,-0.0025421020888498503,2.389367113543076,20,19,1,2.389338560157868,0.39,0.39269908169872414,9.81,1,1,8,21,41,-3.0,3.0,0.01,30.0,60.0,1e-09,1e-12,6,0.0001,1,rimless_wheel_roa_gamma_0.390.csv,99.9846637527797
12,1,0.46853981633974484,-2.85,0.2,rolling,6.28999999999991,0.018168737403516447,2.3900312103096937,20,19,1,2.389336722627992,0.39,0.39269908169872414,9.81,1,1,8,21,41,-3.0,3.0,0.01,30.0,60.0,1e-09,1e-12,6,0.0001,1,rimless_wheel_roa_gamma_0.390.csv,99.9846637527797
12,2,0.46853981633974484,-2.7,0.2,rolling,6.259999999999911,0.007359269342975068,2.3894646810028815,20,19,1,2.389334975623221,0.39,0.39269908169872414,9.81,1,1,8,21,41,-3.0,3.0,0.01,30.0,60.0,1e-09,1e-12,6,0.0001,1,rimless_wheel_roa_gamma_0.390.csv,99.9846637527797
12,3,0.46853981633974484,-2.55,0.2,rolling,6.249999999999911,0.018129000505808204,2.3900279260900383,20,19,1,2.3893333264757772,0.39,0.39269908169872414,9.81,1,1,8,21,41,-3.0,3.0,0.01,30.0,60.0,1e-09,1e-12,6,0.0001,1,rimless_wheel_roa_gamma_0.390.csv,99.9846637527797
12,4,0.46853981633974484,-2.4,0.2,rolling,6.239999999999911,0.0044035237200803585,2.3893930073859786,20,19,1,2.389331770194938,0.39,0.39269908169872414,9.81,1,1,8,21,41,-3.0,3.0,0.01,30.0,60.0,1e-09,1e-12,6,0.0001,1,rimless_wheel_roa_gamma_0.390.csv,99.9846637527797
12,5,0.46853981633974484,-2.25,0.2,rolling,6.249999999999911,0.012704507940543336,2.3896843740825804,20,19,1,2.389330308928893,0.39,0.39269908169872414,9.81,1,1,8,21,41,-3.0,3.0,0.01,30.0,60.0,1e-09,1e-12,6,0.0001,1,rimless_wheel_roa_gamma_0.390.csv,99.9846637527797
12,6,0.46853981633974484,-2.1,0.2,rolling,6.269999999999911,0.014194806040774721,2.389766523444741,20,19,1,2.3893289411159375,0.39,0.39269908169872414,9.81,1,1,8,21,41,-3.0,3.0,0.01,30.0,60.0,1e-09,1e-12,6,0.0001,1,rimless_wheel_roa_gamma_0.390.csv,99.9846637527797
12,7,0.46853981633974484,-1.95,0.2,rolling,6.29999999999991,-0.0024558129454953287,2.3893651895687698,20,19,1,2.3893276687772564,0.39,0.39269908169872414,9.81,1,1,8,21,41,-3.0,3.0,0.01,30.0,60.0,1e-09,1e-12,6,0.0001,1,rimless_wheel_roa_gamma_0.390.csv,99.9846637527797
12,8,0.46853981633974484,-1.8,0.2,rolling,6.369999999999909,0.008091157783215593,2.3894870879163297,20,19,1,2.3893264895663955,0.39,0.39269908169872414,9.81,1,1,8,21,41,-3.0,3.0,0.01,30.0,60.0,1e-09,1e-12,6,0.0001,1,rimless_wheel_roa_gamma_0.390.csv,99.9846637527797
12,9,0.46853981633974484,-1.6500000000000001,0.2,rolling,6.499999999999906,0.016400521849062637,2.389904687258548,20,19,1,2.3893254051115664,0.39,0.39269908169872414,9.81,1,1,8,21,41,-3.0,3.0,0.01,30.0,60.0,1e-09,1e-12,6,0.0001,1,rimless_wheel_roa_gamma_0.390.csv,99.9846637527797
12,10,0.46853981633974484,-1.5,0.2,rolling,6.8899999999998975,0.010038947458690897,2.3895593768565506,20,19,1,2.389324415052633,0.39,0.39269908169872414,9.81,1,1,8,21,41,-3.0,3.0,0.01,30.0,60.0,1e-09,1e-12,6,0.0001,1,rimless_wheel_roa_gamma_0.390.csv,99.9846637527797
12,11,0.46853981633974484,-1.35,0.2,rolling,6.31999999999991,0.012500703898409944,2.3896730086433693,18,18,0,2.3893216835661732,0.39,0.39269908169872414,9.81,1,1,8,21,41,-3.0,3.0,0.01,30.0,60.0,1e-09,1e-12,6,0.0001,1,rimless_wheel_roa_gamma_0.390.csv,99.9846637527797
12,12,0.46853981633974484,-1.2000000000000002,0.2,rolling,6.039999999999916,-0.00013882664393743884,2.3893519745621226,18,18,0,2.3893184783024632,0.39,0.39269908169872414,9.81,1,1,8,21,41,-3.0,3.0,0.01,30.0,60.0,1e-09,1e-12,6,0.0001,1,rimless_wheel_roa_gamma_0.390.csv,99.9846637527797
12,13,0.46853981633974484,-1.05,0.2,rolling,5.899999999999919,-0.0021191191028278695,2.389360881804281,18,18,0,2.389315647904677,0.39,0.39269908169872414,9.81,1,1,8,21,41,-3.0,3.0,0.01,30.0,60.0,1e-09,1e-12,6,0.0001,1,rimless_wheel_roa_gamma_0.390.csv,99.9846637527797
12,14,0.46853981633974484,-0.8999999999999999,0.2,rolling,5.809999999999921,0.004896200219201181,2.389400644409208,18,18,0,2.3893131977701056,0.39,0.39269908169872414,9.81,1,1,8,21,41,-3.0,3.0,0.01,30.0,60.0,1e-09,1e-12,6,0.0001,1,rimless_wheel_roa_gamma_0.390.csv,99.9846637527797
12,15,0.46853981633974484,-0.75,0.2,rolling,5.739999999999922,0.00431307627111166,2.389389423631731,18,18,0,2.3893111238473677,0.39,0.39269908169872414,9.81,1,1,8,21,41,-3.0,3.0,0.01,30.0,60.0,1e-09,1e-12,6,0.0001,1,rimless_wheel_roa_gamma_0.390.csv,99.9846637527797
12,16,0.46853981633974484,-0.6000000000000001,0.2,rolling,5.689999999999923,0.01894771228881988,2.3900879442792164,18,18,0,2.3893094258373906,0.39,0.39269908169872414,9.81,1,1,8,21,41,-3.0,3.0,0.01,30.0,60.0,1e-09,1e-12,6,0.0001,1,rimless_wheel_roa_gamma_0.390.csv,99.9846637527797
12,17,0.46853981633974484,-0.4500000000000002,0.2,rolling,5.639999999999924,0.012779415788577829,2.3896861776831306,18,18,0,2.3893081049782943,0.39,0.39269908169872414,9.81,1,1,8,21,41,-3.0,3.0,0.01,30.0,60.0,1e-09,1e-12,6,0.0001,1,rimless_wheel_roa_gamma_0.390.csv,99.9846637527797
12,18,0.46853981633974484,-0.30000000000000027,0.2,rolling,5.599999999999925,0.016626413354950065,2.389918261713996,18,18,0,2.389307162476061,0.39,0.39269908169872414,9.81,1,1,8,21,41,-3.0,3.0,0.01,30.0,60.0,1e-09,1e-12,6,0.0001,1,rimless_wheel_roa_gamma_0.390.csv,99.9846637527797
12,19,0.46853981633974484,-0.1499999999999999,0.2,rolling,5.559999999999926,0.011003929869225977,2.3895993600789773,18,18,0,2.389306596845447,0.39,0.39269908169872414,9.81,1,1,8,21,41,-3.0,3.0,0.01,30.0,60.0,1e-09,1e-12,6,0.0001,1,rimless_wheel_roa_gamma_0.390.csv,99.9846637527797
12,20,0.46853981633974484,0.0,0.2,rolling,5.519999999999927,-0.0011377611709173774,2.3893534427969128,18,18,0,2.3893064074303823,0.39,0.39269908169872414,9.81,1,1,8,21,41,-3.0,3.0,0.01,30.0,60.0,1e-09,1e-12,6,0.0001,1,rimless_wheel_roa_gamma_0.390.csv,99.9846637527797
12,21,0.46853981633974484,0.1499999999999999,0.2,rolling,5.489999999999927,0.006099500112283333,2.3894271772719002,18,18,0,2.3893065974023258,0.39,0.39269908169872414,9.81,1,1,8,21,41,-3.0,3.0,0.01,30.0,60.0,1e-09,1e-12,6,0.0001,1,rimless_wheel_roa_gamma_0.390.csv,99.9846637527797
12,22,0.46853981633974484,0.2999999999999998,0.2,rolling,5.459999999999928,0.010174200578957689,2.3895633449144285,18,18,0,2.3893071623854123,0.39,0.39269908169872414,9.81,1,1,8,21,41,-3.0,3.0,0.01,30.0,60.0,1e-09,1e-12,6,0.0001,1,rimless_wheel_roa_gamma_0.390.csv,99.9846637527797
12,23,0.46853981633974484,0.44999999999999973,0.2,rolling,5.429999999999929,0.011969093633247748,2.389645013384359,18,18,0,2.3893081046841607,0.39,0.39269908169872414,9.81,1,1,8,21,41,-3.0,3.0,0.01,30.0,60.0,1e-09,1e-12,6,0.0001,1,rimless_wheel_roa_gamma_0.390.csv,99.9846637527797
12,24,0.46853981633974484,0.5999999999999996,0.2,rolling,5.399999999999929,0.012027584959211175,2.389648022938689,18,18,0,2.389309425929324,0.39,0.39269908169872414,9.81,1,1,8,21,41,-3.0,3.0,0.01,30.0,60.0,1e-09,1e-12,6,0.0001,1,rimless_wheel_roa_gamma_0.390.csv,99.9846637527797
12,25,0.46853981633974484,0.75,0.2,rolling,5.36999999999993,0.010653655173731647,2.3895842197697936,18,18,0,2.389311123674686,0.39,0.39269908169872414,9.81,1,1,8,21,41,-3.0,3.0,0.01,30.0,60.0,1e-09,1e-12,6,0.0001,1,rimless_wheel_roa_gamma_0.390.csv,99.9846637527797
12,26,0.46853981633974484,0.8999999999999999,0.2,rolling,5.339999999999931,0.007990590501358431,2.38948250195412,18,18,0,2.3893131974206088,0.39,0.39269908169872414,9.81,1,1,8,21,41,-3.0,3.0,0.01,30.0,60.0,1e-09,1e-12,6,0.0001,1,rimless_wheel_roa_gamma_0.390.csv,99.9846637527797
12,27,0.46853981633974484,1.0499999999999998,0.2,rolling,5.309999999999931,0.004081913603203961,2.3893858679465096,18,18,0,2.38931564793969,0.39,0.39269908169872414,9.81,1,1,8,21,41,-3.0,3.0,0.01,30.0,60.0,1e-09,1e-12,6,0.0001,1,rimless_wheel_roa_gamma_0.390.csv,99.9846637527797
12,28,0.46853981633974484,1.2000000000000002,0.2,rolling,5.279999999999932,-0.0010837745510124052,2.3893543445970074,18,18,0,2.3893184770896423,0.39,0.39269908169872414,9.81,1,1,8,21,41,-3.0,3.0,0.01,30.0,60.0,1e-09,1e-12,6,0.0001,1,rimless_wheel_roa_gamma_0.390.csv,99.9846637527797
12,29,0.46853981633974484,1.3499999999999996,0.2,rolling,5.259999999999932,0.016352912474422398,2.389901134521234,18,18,0,2.38932168377855,0.39,0.39269908169872414,9.81,1,1,8,21,41,-3.0,3.0,0.01,30.0,60.0,1e-09,1e-12,6,0.0001,1,rimless_wheel_roa_gamma_0.390.csv,99.9846637527797
12,30,0.46853981633974484,1.5,0.2,rolling,5.229999999999933,0.00856174653218217,2.3895030567159785,18,18,0,2.3893252676730303,0.39,0.39269908169872414,9.81,1,1,8,21,41,-3.0,3.0,0.01,30.0,60.0,1e-09,1e-12,6,0.0001,1,rimless_wheel_roa_gamma_0.390.csv,99.9846637527797
12,31,0.46853981633974484,1.6499999999999995,0.2,rolling,5.199999999999934,-0.0005933679171405424,2.3893536776506057,18,18,0,2.3893292268717916,0.39,0.39269908169872414,9.81,1,1,8,21,41,-3.0,3.0,0.01,30.0,60.0,1e-09,1e-12,6,0.0001,1,rimless_wheel_roa_gamma_0.390.csv,99.9846637527797
12,32,0.46853981633974484,1.7999999999999998,0.2,rolling,5.179999999999934,0.012760041626199696,2.3896875882628548,18,18,0,2.389333567181756,0.39,0.39269908169872414,9.81,1,1,8,21,41,-3.0,3.0,0.01,30.0,60.0,1e-09,1e-12,6,0.0001,1,rimless_wheel_roa_gamma_0.390.csv,99.9846637527797
12,33,0.46853981633974484,1.9500000000000002,0.2,rolling,5.149999999999935,0.0008253230033655758,2.389355217058958,18,18,0,2.389338280293868,0.39,0.39269908169872414,9.81,1,1,8,21,41,-3.0,3.0,0.01,30.0,60.0,1e-09,1e-12,6,0.0001,1,rimless_wheel_roa_gamma_0.390.csv,99.9846637527797
12,34,0.46853981633974484,2.0999999999999996,0.2,rolling,4.839999999999941,0.009361303030626676,2.389531470691069,17,17,0,2.389314759396887,0.39,0.39269908169872414,9.81,1,1,8,21,41,-3.0,3.0,0.01,30.0,60.0,1e-09,1e-12,6,0.0001,1,rimless_wheel_roa_gamma_0.390.csv,99.9846637527797
12,35,0.46853981633974484,2.25,0.2,rolling,4.819999999999942,0.01856084894814283,2.390059715385567,17,17,0,2.3893256994057874,0.39,0.39269908169872414,9.81,1,1,8,21,41,-3.0,3.0,0.01,30.0,60.0,1e-09,1e-12,6,0.0001,1,rimless_wheel_roa_gamma_0.390.csv,99.9846637527797
12,36,0.46853981633974484,2.3999999999999995,0.2,rolling,4.789999999999942,0.0025150658244885394,2.3893667206320663,17,17,0,2.3893373917672593,0.39,0.39269908169872414,9.81,1,1,8,21,41,-3.0,3.0,0.01,30.0,60.0,1e-09,1e-12,6,0.0001,1,rimless_wheel_roa_gamma_0.390.csv,99.9846637527797
12,37,0.46853981633974484,2.55,0.2,rolling,4.479999999999949,0.007011821632843985,2.389453740245561,16,16,0,2.3893276942726973,0.39,0.39269908169872414,9.81,1,1,8,21,41,-3.0,3.0,0.01,30.0,60.0,1e-09,1e-12,6,0.0001,1,rimless_wheel_roa_gamma_0.390.csv,99.9846637527797
12,38,0.46853981633974484,2.7,0.2,rolling,4.1699999999999555,0.010226096775450716,2.389568282971478,15,15,0,2.3893362102941373,0.39,0.39269908169872414,9.81,1,1,8,21,41,-3.0,3.0,0.01,30.0,60.0,1e-09,1e-12,6,0.0001,1,rimless_wheel_roa_gamma_0.390.csv,99.9846637527797
12,39,0.46853981633974484,2.8499999999999996,0.2,rolling,3.8599999999999617,0.01219434822110098,2.38966608697911,14,14,0,2.3894120818108644,0.39,0.39269908169872414,9.81,1,1,8,21,41,-3.0,3.0,0.01,30.0,60.0,1e-09,1e-12,6,0.0001,1,rimless_wheel_roa_gamma_0.390.csv,99.9846637527797
12,40,0.46853981633974484,3.0,0.2,rolling,4.41999999999995,0.019073929748211784,2.390107502364217,16,16,0,2.3894114292103716,0.39,0.39269908169872414,9.81,1,1,8,21,41,-3.0,3.0,0.01,30.0,60.0,1e-09,1e-12,6,0.0001,1,rimless_wheel_roa_gamma_0.390.csv,99.9846637527797
13,0,0.5078097245096173,-3.0,0.3,rolling,6.31999999999991,0.007671005603075305,2.3894745699387205,20,19,1,2.389337803449842,0.39,0.39269908169872414,9.81,1,1,8,21,41,-3.0,3.0,0.01,30.0,60.0,1e-09,1e-12,6,0.0001,1,rimless_wheel_roa_gamma_0.390.csv,99.9846637527797
13,1,0.5078097245096173,-2.85,0.3,rolling,6.28999999999991,0.014333735348888751,2.3897753259432997,20,19,1,2.3893359638954945,0.39,0.39269908169872414,9.81,1,1,8,21,41,-3.0,3.0,0.01,30.0,60.0,1e-09,1e-12,6,0.0001,1,rimless_wheel_roa_gamma_0.390.csv,99.9846637527797
13,2,0.5078097245096173,-2.7,0.3,rolling,6.269999999999911,0.01478643781184124,2.3898022183619676,20,19,1,2.389334221518058,0.39,0.39269908169872414,9.81,1,1,8,21,41,-3.0,3.0,0.01,30.0,60.0,1e-09,1e-12,6,0.0001,1,rimless_wheel_roa_gamma_0.390.csv,99.9846637527797
13,3,0.5078097245096173,-2.55,0.3,rolling,6.259999999999911,0.012628237609783518,2.389680624835998,20,19,1,2.3893325700777766,0.39,0.39269908169872414,9.81,1,1,8,21,41,-3.0,3.0,0.01,30.0,60.0,1e-09,1e-12,6,0.0001,1,rimless_wheel_roa_gamma_0.390.csv,99.9846637527797
13,4,0.5078097245096173,-2.4,0.3,rolling,6.259999999999911,0.007927445737826248,2.3894821357854883,20,19,1,2.3893310138270776,0.39,0.39269908169872414,9.81,1,1,8,21,41,-3.0,3.0,0.01,30.0,60.0,1e-09,1e-12,6,0.0001,1,rimless_wheel_roa_gamma_0.390.csv,99.9846637527797
13,5,0.5078097245096173,-2.25,0.3,rolling,6.2799999999999105,0.020987105436933096,2.3902569808374614,20,19,1,2.3893295510898493,0.39,0.39269908169872414,9.81,1,1,8,21,41,-3.0,3.0,0.01,30.0,60.0,1e-09,1e-12,6,0.0001,1,rimless_wheel_roa_gamma_0.390.csv,99.9846637527797
13,6,0.5078097245096173,-2.1,0.3,rolling,6.30999999999991,0.018641442881108843,2.390066105280255,20,19,1,2.3893281848842443,0.39,0.39269908169872414,9.81,1,1,8,21,41,-3.0,3.0,0.01,30.0,60.0,1e-09,1e-12,6,0.0001,1,rimless_wheel_roa_gamma_0.390.csv,99.9846637527797
13,7,0.5078097245096173,-1.95,0.3,rolling,6.359999999999909,0.0032179767692518376,2.389373996053779,20,19,1,2.389326912608898,0.39,0.39269908169872414,9.81,1,1,8,21,41,-3.0,3.0,0.01,30.0,60.0,1e-09,1e-12,6,0.0001,1,rimless_wheel_roa_gamma_0.390.csv,99.9846637527797
13,8,0.5078097245096173,-1.8,0.3,rolling,6.4699999999999065,0.010830940666113306,2.389593430023177,20,19,1,2.3893257332187843,0.39,0.39269908169872414,9.81,1,1,8,21,41,-3.0,3.0,0.01,30.0,60.0,1e-09,1e-12,6,0.0001,1,rimless_wheel_roa_gamma_0.390.csv,99.9846637527797
13,9,0.5078097245096173,-1.6500000000000001,0.3,rolling,6.7499999999999005,0.016654163351936747,2.389921823612108,20,19,1,2.3893246483163963,0.39,0.39269908169872414,9.81,1,1,8,21,41,-3.0,3.0,0.01,30.0,60.0,1e-09,1e-12,6,0.0001,1,rimless_wheel_roa_gamma_0.390.csv,99.9846637527797
13,10,0.5078097245096173,-1.5,0.3,rolling,6.429999999999907,0.01170016300016614,2.3896332959188644,18,18,0,2.3893222395444575,0.39,0.39269908169872414,9.81,1,1,8,21,41,-3.0,3.0,0.01,30.0,60.0,1e-09,1e-12,6,0.0001,1,rimless_wheel_roa_gamma_0.390.csv,99.9846637527797
13,11,0.5078097245096173,-1.35,0.3,rolling,6.089999999999915,0.020441273773307383,2.3902095443929476,18,18,0,2.3893186556963557,0.39,0.39269908169872414,9.81,1,1,8,21,41,-3.0,3.0,0.01,30.0,60.0,1e-09,1e-12,6,0.0001,1,rimless_wheel_roa_gamma_0.390.csv,99.9846637527797
13,12,0.5078097245096173,-1.2000000000000002,0.3,rolling,5.929999999999918,0.005388323605756067,2.389411247788629,18,18,0,2.3893154497240467,0.39,0.39269908169872414,9.81,1,1,8,21,41,-3.0,3.0,0.01,30.0,60.0,1e-09,1e-12,6,0.0001,1,rimless_wheel_roa_gamma_0.390.csv,99.9846637527797
13,13,0.5078097245096173,-1.05,0.3,rolling,5.82999999999992,0.0019105402086217055,2.389358870642239,18,18,0,2.389312621122072,0.39,0.39269908169872414,9.81,1,1,8,21,41,-3.0,3.0,0.01,30.0,60.0,1e-09,1e-12,6,0.0001,1,rimless_wheel_roa_gamma_0.390.csv,99.9846637527797
13,14,0.5078097245096173,-0.8999999999999999,0.3,rolling,5.759999999999922,0.007170497805211748,2.389456688617533,18,18,0,2.389310167678891,0.39,0.39269908169872414,9.81,1,1,8,21,41,-3.0,3.0,0.01,30.0,60.0,1e-09,1e-12,6,0.0001,1,rimless_wheel_roa_gamma_0.390.csv,99.9846637527797
13,15,0.5078097245096173,-0.75,0.3,rolling,5.699999999999923,0.00012278555371939134,2.389350976554142,18,18,0,2.3893080947181806,0.39,0.39269908169872414,9.81,1,1,8,21,41,-3.0,3.0,0.01,30.0,60.0,1e-09,1e-12,6,0.0001,1,rimless_wheel_roa_gamma_0.390.csv,99.9846637527797
13,16,0.5078097245096173,-0.6000000000000001,0.3,rolling,5.659999999999924,0.018026379637403726,2.3900177479833804,18,18,0,2.3893063957412974,0.39,0.39269908169872414,9.81,1,1,8,21,41,-3.0,3.0,0.01,30.0,60.0,1e-09,1e-12,6,0.0001,1,rimless_wheel_roa_gamma_0.390.csv,99.9846637527797
13,17,0.5078097245096173,-0.4500000000000002,0.3,rolling,5.899999999999919,-0.0010284685733064948,2.389356015070898,19,19,0,2.389338531757093,0.39,0.39269908169872414,9.81,1,1,8,21,41,-3.0,3.0,0.01,30.0,60.0,1e-09,1e-12,6,0.0001,1,rimless_wheel_roa_gamma_0.390.csv,99.9846637527797
13,18,0.5078097245096173,-0.30000000000000027,0.3,rolling,5.869999999999919,0.015504817348039802,2.3898472430615767,19,19,0,2.3893380594488707,0.39,0.39269908169872414,9.81,1,1,8,21,41,-3.0,3.0,0.01,30.0,60.0,1e-09,1e-12,6,0.0001,1,rimless_wheel_roa_gamma_0.390.csv,99.9846637527797
13,19,0.5078097245096173,-0.1499999999999999,0.3,rolling,5.82999999999992,0.0013008680422454356,2.3893572474565845,19,19,0,2.38933777730058,0.39,0.39269908169872414,9.81,1,1,8,21,41,-3.0,3.0,0.01,30.0,60.0,1e-09,1e-12,6,0.0001,1,rimless_wheel_roa_gamma_0.390.csv,99.9846637527797
13,20,0.5078097245096173,0.0,0.3,rolling,5.799999999999921,0.006448820858187857,2.389439134982391,19,19,0,2.38933768265197,0.39,0.39269908169872414,9.81,1,1,8,21,41,-3.0,3.0,0.01,30.0,60.0,1e-09,1e-12,6,0.0001,1,rimless_wheel_roa_gamma_0.390.csv,99.9846637527797
13,21,0.5078097245096173,0.1499999999999999,0.3,rolling,5.769999999999921,0.008632560467330191,2.3895067465299835,19,19,0,2.389337776358048,0.39,0.39269908169872414,9.81,1,1,8,21,41,-3.0,3.0,0.01,30.0,60.0,1e-09,1e-12,6,0.0001,1,rimless_wheel_roa_gamma_0.390.csv,99.9846637527797
13,22,0.5078097245096173,0.2999999999999998,0.3,rolling,5.739999999999922,0.008894174338836857,2.3895161864521404,19,19,0,2.3893380598836482,0.39,0.39269908169872414,9.81,1,1,8,21,41,-3.0,3.0,0.01,30.0,60.0,1e-09,1e-12,6,0.0001,1,rimless_wheel_roa_gamma_0.390.csv,99.9846637527797
13,23,0.5078097245096173,0.44999999999999973,0.3,rolling,5.709999999999923,0.007869594770461487,2.389480973733363,19,19,0,2.3893385311975397,0.39,0.39269908169872414,9.81,1,1,8,21,41,-3.0,3.0,0.01,30.0,60.0,1e-09,1e-12,6,0.0001,1,rimless_wheel_roa_gamma_0.390.csv,99.9846637527797
13,24,0.5078097245096173,0.5999999999999996,0.3,rolling,5.3899999999999295,0.003859057739865889,2.389381353264146,18,18,0,2.3893063955264684,0.39,0.39269908169872414,9.81,1,1,8,21,41,-3.0,3.0,0.01,30.0,60.0,1e-09,1e-12,6,0.0001,1,rimless_wheel_roa_gamma_0.390.csv,99.9846637527797
13,25,0.5078097245096173,0.75,0.3,rolling,5.35999999999993,0.0010579860649290724,2.389353244138465,18,18,0,2.3893080943846914,0.39,0.39269908169872414,9.81,1,1,8,21,41,-3.0,3.0,0.01,30.0,60.0,1e-09,1e-12,6,0.0001,1,rimless_wheel_roa_gamma_0.390.csv,99.9846637527797
13,26,0.5078097245096173,0.8999999999999999,0.3,rolling,5.329999999999931,-0.002576852070112683,2.389364773798974,18,18,0,2.3893101693373517,0.39,0.39269908169872414,9.81,1,1,8,21,41,-3.0,3.0,0.01,30.0,60.0,1e-09,1e-12,6,0.0001,1,rimless_wheel_roa_gamma_0.390.csv,99.9846637527797
13,27,0.5078097245096173,1.0499999999999998,0.3,rolling,5.309999999999931,0.01676823562639247,2.3899285012204214,18,18,0,2.3893126204417707,0.39,0.39269908169872414,9.81,1,1,8,21,41,-3.0,3.0,0.01,30.0,60.0,1e-09,1e-12,6,0.0001,1,rimless_wheel_roa_gamma_0.390.csv,99.9846637527797
13,28,0.5078097245096173,1.2000000000000002,0.3,rolling,5.279999999999932,0.011192185032861499,2.3896087808531563,18,18,0,2.3893154496401574,0.39,0.39269908169872414,9.81,1,1,8,21,41,-3.0,3.0,0.01,30.0,60.0,1e-09,1e-12,6,0.0001,1,rimless_wheel_roa_gamma_0.390.csv,99.9846637527797
13,29,0.5078097245096173,1.3499999999999996,0.3,rolling,5.2499999999999325,0.004480349295429117,2.389393157646152,18,18,0,2.3893186549741237,0.39,0.39269908169872414,9.81,1,1,8,21,41,-3.0,3.0,0.01,30.0,60.0,1e-09,1e-12,6,0.0001,1,rimless_wheel_roa_gamma_0.390.csv,99.9846637527797
13,30,0.5078097245096173,1.5,0.3,rolling,5.229999999999933,0.020432965513041954,2.390209188023197,18,18,0,2.38932223888727,0.39,0.39269908169872414,9.81,1,1,8,21,41,-3.0,3.0,0.01,30.0,60.0,1e-09,1e-12,6,0.0001,1,rimless_wheel_roa_gamma_0.390.csv,99.9846637527797
13,31,0.5078097245096173,1.6499999999999995,0.3,rolling,5.199999999999934,0.011183056835814232,2.3896093859864425,18,18,0,2.3893261988774666,0.39,0.39269908169872414,9.81,1,1,8,21,41,-3.0,3.0,0.01,30.0,60.0,1e-09,1e-12,6,0.0001,1,rimless_wheel_roa_gamma_0.390.csv,99.9846637527797
13,32,0.5078097245096173,1.7999999999999998,0.3,rolling,5.169999999999934,0.0005818934890144795,2.38935377648734,18,18,0,2.3893305366109288,0.39,0.39269908169872414,9.81,1,1,8,21,41,-3.0,3.0,0.01,30.0,60.0,1e-09,1e-12,6,0.0001,1,rimless_wheel_roa_gamma_0.390.csv,99.9846637527797
13,33,0.5078097245096173,1.9500000000000002,0.3,rolling,5.149999999999935,0.012496514547562712,2.389674087011675,18,18,0,2.3893352520996145,0.39,0.39269908169872414,9.81,1,1,8,21,41,-3.0,3.0,0.01,30.0,60.0,1e-09,1e-12,6,0.0001,1,rimless_wheel_roa_gamma_0.390.csv,99.9846637527797
13,34,0.5078097245096173,2.0999999999999996,0.3,rolling,4.839999999999941,0.020992303026317546,2.390255444834401,17,17,0,2.3893087023513675,0.39,0.39269908169872414,9.81,1,1,8,21,41,-3.0,3.0,0.01,30.0,60.0,1e-09,1e-12,6,0.0001,1,rimless_wheel_roa_gamma_0.390.csv,99.9846637527797
13,35,0.5078097245096173,2.25,0.3,rolling,4.809999999999942,0.0062482692558605765,2.3894321869789765,17,17,0,2.3893196417494735,0.39,0.39269908169872414,9.81,1,1,8,21,41,-3.0,3.0,0.01,30.0,60.0,1e-09,1e-12,6,0.0001,1,rimless_wheel_roa_gamma_0.390.csv,99.9846637527797
13,36,0.5078097245096173,2.3999999999999995,0.3,rolling,4.789999999999942,0.014045189122917277,2.3897580804932144,17,17,0,2.389331335373791,0.39,0.39269908169872414,9.81,1,1,8,21,41,-3.0,3.0,0.01,30.0,60.0,1e-09,1e-12,6,0.0001,1,rimless_wheel_roa_gamma_0.390.csv,99.9846637527797
13,37,0.5078097245096173,2.55,0.3,rolling,4.479999999999949,0.018480543695919383,2.390052648773733,16,16,0,2.3893155798599235,0.39,0.39269908169872414,9.81,1,1,8,21,41,-3.0,3.0,0.01,30.0,60.0,1e-09,1e-12,6,0.0001,1,rimless_wheel_roa_gamma_0.390.csv,99.9846637527797
13,38,0.5078097245096173,2.7,0.3,rolling,4.159999999999956,-0.0022723912396224203,2.3893619155514,15,15,0,2.389311980426513,0.39,0.39269908169872414,9.81,1,1,8,21,41,-3.0,3.0,0.01,30.0,60.0,1e-09,1e-12,6,0.0001,1,rimless_wheel_roa_gamma_0.390.csv,99.9846637527797
13,39,0.5078097245096173,2.8499999999999996,0.3,rolling,3.279999999999974,0.019439079103687664,2.3901294224684397,12,12,0,2.38933854097369,0.39,0.39269908169872414,9.81,1,1,8,21,41,-3.0,3.0,0.01,30.0,60.0,1e-09,1e-12,6,0.0001,1,rimless_wheel_roa_gamma_0.390.csv,99.9846637527797
13,40,0.5078097245096173,3.0,0.3,rolling,4.119999999999957,0.004364187268509179,2.389401334077695,15,15,0,2.3894266422809833,0.39,0.39269908169872414,9.81,1,1,8,21,41,-3.0,3.0,0.01,30.0,60.0,1e-09,1e-12,6,0.0001,1,rimless_wheel_roa_gamma_0.390.csv,99.9846637527797
14,0,0.5470796326794897,-3.0,0.4,rolling,6.31999999999991,0.014279222204658118,2.389772221033011,20,19,1,2.389336989855284,0.39,0.39269908169872414,9.81,1,1,8,21,41,-3.0,3.0,0.01,30.0,60.0,1e-09,1e-12,6,0.0001,1,rimless_wheel_roa_gamma_0.390.csv,99.9846637527797
14,1,0.5470796326794897,-2.85,0.4,rolling,6.28999999999991,0.006578872366349768,2.3894423721960867,20,19,1,2.3893351525121034,0.39,0.39269908169872414,9.81,1,1,8,21,41,-3.0,3.0,0.01,30.0,60.0,1e-09,1e-12,6,0.0001,1,rimless_wheel_roa_gamma_0.390.csv,99.9846637527797
14,2,0.5470796326794897,-2.7,0.4,rolling,6.2799999999999105,0.017225139173358814,2.3899623566839283,20,19,1,2.3893334069187233,0.39,0.39269908169872414,9.81,1,1,8,21,41,-3.0,3.0,0.01,30.0,60.0,1e-09,1e-12,6,0.0001,1,rimless_wheel_roa_gamma_0.390.csv,99.9846637527797
14,3,0.5470796326794897,-2.55,0.4,rolling,6.269999999999911,0.00016467576952596203,2.389353253399882,20,19,1,2.389331756122037,0.39,0.39269908169872414,9.81,1,1,8,21,41,-3.0,3.0,0.01,30.0,60.0,1e-09,1e-12,6,0.0001,1,rimless_wheel_roa_gamma_0.390.csv,99.9846637527797
14,4,0.5470796326794897,-2.4,0.4,rolling,6.2799999999999105,0.0010356071647751991,2.3893552493652357,20,19,1,2.3893301989312463,0.39,0.39269908169872414,9.81,1,1,8,21,41,-3.0,3.0,0.01,30.0,60.0,1e-09,1e-12,6,0.0001,1,rimless_wheel_roa_gamma_0.390.csv,99.9846637527797
14,5,0.5470796326794897,-2.25,0.4,rolling,6.30999999999991,0.012481010749039562,2.389672670380904,20,19,1,2.3893287398029783,0.39,0.39269908169872414,9.81,1,1,8,21,41,-3.0,3.0,0.01,30.0,60.0,1e-09,1e-12,6,0.0001,1,rimless_wheel_roa_gamma_0.390.csv,99.9846637527797
14,6,0.5470796326794897,-2.1,0.4,rolling,6.359999999999909,0.01689315255466851,2.3899385371551953,20,19,1,2.3893273735498557,0.39,0.39269908169872414,9.81,1,1,8,21,41,-3.0,3.0,0.01,30.0,60.0,1e-09,1e-12,6,0.0001,1,rimless_wheel_roa_gamma_0.390.csv,99.9846637527797
14,7,0.5470796326794897,-1.95,0.4,rolling,6.449999999999907,0.01563830354810734,2.3898546383247665,20,19,1,2.3893261003364707,0.39,0.39269908169872414,9.81,1,1,8,21,41,-3.0,3.0,0.01,30.0,60.0,1e-09,1e-12,6,0.0001,1,rimless_wheel_roa_gamma_0.390.csv,99.9846637527797
14,8,0.5470796326794897,-1.8,0.4,rolling,6.659999999999902,0.012695951336575105,2.3896834150123163,20,19,1,2.389324920433268,0.39,0.39269908169872414,9.81,1,1,8,21,41,-3.0,3.0,0.01,30.0,60.0,1e-09,1e-12,6,0.0001,1,rimless_wheel_roa_gamma_0.390.csv,99.9846637527797
14,9,0.5470796326794897,-1.6500000000000001,0.4,rolling,6.599999999999904,-0.00124706636339978,2.3893555510623408,18,18,0,2.389322948167107,0.39,0.39269908169872414,9.81,1,1,8,21,41,-3.0,3.0,0.01,30.0,60.0,1e-09,1e-12,6,0.0001,1,rimless_wheel_roa_gamma_0.390.csv,99.9846637527797
14,10,0.5470796326794897,-1.5,0.4,rolling,6.129999999999914,0.0013379104723276825,2.389355656614604,18,18,0,2.3893189881514627,0.39,0.39269908169872414,9.81,1,1,8,21,41,-3.0,3.0,0.01,30.0,60.0,1e-09,1e-12,6,0.0001,1,rimless_wheel_roa_gamma_0.390.csv,99.9846637527797
14,11,0.5470796326794897,-1.35,0.4,rolling,5.959999999999917,0.007503976302301362,2.3894672329321485,18,18,0,2.389315405072941,0.39,0.39269908169872414,9.81,1,1,8,21,41,-3.0,3.0,0.01,30.0,60.0,1e-09,1e-12,6,0.0001,1,rimless_wheel_roa_gamma_0.390.csv,99.9846637527797
14,12,0.5470796326794897,-1.2000000000000002,0.4,rolling,5.8599999999999195,0.020364113212070736,2.390202470572072,18,18,0,2.38931219949484,0.39,0.39269908169872414,9.81,1,1,8,21,41,-3.0,3.0,0.01,30.0,60.0,1e-09,1e-12,6,0.0001,1,rimless_wheel_roa_gamma_0.390.csv,99.9846637527797
14,13,0.5470796326794897,-1.05,0.4,rolling,5.779999999999921,0.008750142805965429,2.3895082358839486,18,18,0,2.389309369229385,0.39,0.39269908169872414,9.81,1,1,8,21,41,-3.0,3.0,0.01,30.0,60.0,1e-09,1e-12,6,0.0001,1,rimless_wheel_roa_gamma_0.390.csv,99.9846637527797
14,14,0.5470796326794897,-0.8999999999999999,0.4,rolling,5.7199999999999225,0.004393970355123437,2.389390468477127,18,18,0,2.3893069185828906,0.39,0.39269908169872414,9.81,1,1,8,21,41,-3.0,3.0,0.01,30.0,60.0,1e-09,1e-12,6,0.0001,1,rimless_wheel_roa_gamma_0.390.csv,99.9846637527797
14,15,0.5470796326794897,-0.75,0.4,rolling,5.959999999999917,0.0006888821656776422,2.3893548037747023,19,19,0,2.3893384126274158,0.39,0.39269908169872414,9.81,1,1,8,21,41,-3.0,3.0,0.01,30.0,60.0,1e-09,1e-12,6,0.0001,1,rimless_wheel_roa_gamma_0.390.csv,99.9846637527797
14,16,0.5470796326794897,-0.6000000000000001,0.4,rolling,5.919999999999918,0.0022342332416672517,2.3893639994213705,19,19,0,2.3893375657120917,0.39,0.39269908169872414,9.81,1,1,8,21,41,-3.0,3.0,0.01,30.0,60.0,1e-09,1e-12,6,0.0001,1,rimless_wheel_roa_gamma_0.390.csv,99.9846637527797
14,17,0.5470796326794897,-0.4500000000000002,0.4,rolling,5.889999999999919,0.0165692994767257,2.389917204842723,19,19,0,2.389336906444855,0.39,0.39269908169872414,9.81,1,1,8,21,41,-3.0,3.0,0.01,30.0,60.0,1e-09,1e-12,6,0.0001,1,rimless_wheel_roa_gamma_0.390.csv,99.9846637527797
14,18,0.5470796326794897,-0.30000000000000027,0.4,rolling,5.84999999999992,-0.0003424021972475294,2.3893538842694118,19,19,0,2.3893364343895453,0.39,0.39269908169872414,9.81,1,1,8,21,41,-3.0,3.0,0.01,30.0,60.0,1e-09,1e-12,6,0.0001,1,rimless_wheel_roa_gamma_0.390.csv,99.9846637527797
14,19,0.5470796326794897,-0.1499999999999999,0.4,rolling,5.81999999999992,0.0019487706833947556,2.389361412736509,19,19,0,2.389336151596562,0.39,0.39269908169872414,9.81,1,1,8,21,41,-3.0,3.0,0.01,30.0,60.0,1e-09,1e-12,6,0.0001,1,rimless_wheel_roa_gamma_0.390.csv,99.9846637527797
14,20,0.5470796326794897,0.0,0.4,rolling,5.789999999999921,0.0014323070799621652,2.3893578195044274,19,19,0,2.3893360569102735,0.39,0.39269908169872414,9.81,1,1,8,21,41,-3.0,3.0,0.01,30.0,60.0,1e-09,1e-12,6,0.0001,1,rimless_wheel_roa_gamma_0.390.csv,99.9846637527797
14,21,0.5470796326794897,0.1499999999999999,0.4,rolling,5.759999999999922,-0.0006074665788312326,2.3893543744635193,19,19,0,2.3893361521311927,0.39,0.39269908169872414,9.81,1,1,8,21,41,-3.0,3.0,0.01,30.0,60.0,1e-09,1e-12,6,0.0001,1,rimless_wheel_roa_gamma_0.390.csv,99.9846637527797
14,22,0.5470796326794897,0.2999999999999998,0.4,rolling,5.739999999999922,0.020525534282996225,2.390218319461438,19,19,0,2.3893364355793,0.39,0.39269908169872414,9.81,1,1,8,21,41,-3.0,3.0,0.01,30.0,60.0,1e-09,1e-12,6,0.0001,1,rimless_wheel_roa_gamma_0.390.csv,99.9846637527797
14,23,0.5470796326794897,0.44999999999999973,0.4,rolling,5.709999999999923,0.017453584429390424,2.389978947768043,19,19,0,2.3893369056390905,0.39,0.39269908169872414,9.81,1,1,8,21,41,-3.0,3.0,0.01,30.0,60.0,1e-09,1e-12,6,0.0001,1,rimless_wheel_roa_gamma_0.390.csv,99.9846637527797
14,24,0.5470796326794897,0.5999999999999996,0.4,rolling,5.679999999999923,0.014202049281416673,2.389767765886846,19,19,0,2.389337565490741,0.39,0.39269908169872414,9.81,1,1,8,21,41,-3.0,3.0,0.01,30.0,60.0,1e-09,1e-12,6,0.0001,1,rimless_wheel_roa_gamma_0.390.csv,99.9846637527797
14,25,0.5470796326794897,0.75,0.4,rolling,5.649999999999924,0.010706387507467668,2.3895891292052958,19,19,0,2.3893384132939963,0.39,0.39269908169872414,9.81,1,1,8,21,41,-3.0,3.0,0.01,30.0,60.0,1e-09,1e-12,6,0.0001,1,rimless_wheel_roa_gamma_0.390.csv,99.9846637527797
14,26,0.5470796326794897,0.8999999999999999,0.4,rolling,5.329999999999931,0.004757622953647611,2.3893972996251414,18,18,0,2.3893069183826294,0.39,0.39269908169872414,9.81,1,1,8,21,41,-3.0,3.0,0.01,30.0,60.0,1e-09,1e-12,6,0.0001,1,rimless_wheel_roa_gamma_0.390.csv,99.9846637527797
14,27,0.5470796326794897,1.0499999999999998,0.4,rolling,5.299999999999931,0.00020805610572348062,2.3893511544838035,18,18,0,2.389309370115259,0.39,0.39269908169872414,9.81,1,1,8,21,41,-3.0,3.0,0.01,30.0,60.0,1e-09,1e-12,6,0.0001,1,rimless_wheel_roa_gamma_0.390.csv,99.9846637527797
14,28,0.5470796326794897,1.2000000000000002,0.4,rolling,5.279999999999932,0.018701021336096354,2.39006914821666,18,18,0,2.3893121991069104,0.39,0.39269908169872414,9.81,1,1,8,21,41,-3.0,3.0,0.01,30.0,60.0,1e-09,1e-12,6,0.0001,1,rimless_wheel_roa_gamma_0.390.csv,99.9846637527797
14,29,0.5470796326794897,1.3499999999999996,0.4,rolling,5.2499999999999325,0.012254902510751668,2.3896599201743944,18,18,0,2.3893154047415295,0.39,0.39269908169872414,9.81,1,1,8,21,41,-3.0,3.0,0.01,30.0,60.0,1e-09,1e-12,6,0.0001,1,rimless_wheel_roa_gamma_0.390.csv,99.9846637527797
14,30,0.5470796326794897,1.5,0.4,rolling,5.219999999999933,0.004617065947343458,2.389395744462926,18,18,0,2.3893189894820464,0.39,0.39269908169872414,9.81,1,1,8,21,41,-3.0,3.0,0.01,30.0,60.0,1e-09,1e-12,6,0.0001,1,rimless_wheel_roa_gamma_0.390.csv,99.9846637527797
14,31,0.5470796326794897,1.6499999999999995,0.4,rolling,5.199999999999934,0.019574117454504724,2.3901387480368954,18,18,0,2.38932294765486,0.39,0.39269908169872414,9.81,1,1,8,21,41,-3.0,3.0,0.01,30.0,60.0,1e-09,1e-12,6,0.0001,1,rimless_wheel_roa_gamma_0.390.csv,99.9846637527797
14,32,0.5470796326794897,1.7999999999999998,0.4,rolling,5.169999999999934,0.009261887794112302,2.3895288634235006,18,18,0,2.389327285593964,0.39,0.39269908169872414,9.81,1,1,8,21,41,-3.0,3.0,0.01,30.0,60.0,1e-09,1e-12,6,0.0001,1,rimless_wheel_roa_gamma_0.390.csv,99.9846637527797
14,33,0.5470796326794897,1.9500000000000002,0.4,rolling,5.139999999999935,-0.0024584704102044988,2.3893656278951054,18,18,0,2.3893320019564324,0.39,0.39269908169872414,9.81,1,1,8,21,41,-3.0,3.0,0.01,30.0,60.0,1e-09,1e-12,6,0.0001,1,rimless_wheel_roa_gamma_0.390.csv,99.9846637527797
14,34,0.5470796326794897,2.0999999999999996,0.4,rolling,5.119999999999935,0.008293023843080222,2.389494885842373,18,18,0,2.389337093786421,0.39,0.39269908169872414,9.81,1,1,8,21,41,-3.0,3.0,0.01,30.0,60.0,1e-09,1e-12,6,0.0001,1,rimless_wheel_roa_gamma_0.390.csv,99.9846637527797
14,35,0.5470796326794897,2.25,0.4,rolling,4.809999999999942,0.015595447638537735,2.389850654494261,17,17,0,2.389313141189771,0.39,0.39269908169872414,9.81,1,1,8,21,41,-3.0,3.0,0.01,30.0,60.0,1e-09,1e-12,6,0.0001,1,rimless_wheel_roa_gamma_0.390.csv,99.9846637527797
14,36,0.5470796326794897,2.3999999999999995,0.4,rolling,4.7799999999999425,-0.00035564659912220914,2.3893527988537673,17,17,0,2.389324834172068,0.39,0.39269908169872414,9.81,1,1,8,21,41,-3.0,3.0,0.01,30.0,60.0,1e-09,1e-12,6,0.0001,1,rimless_wheel_roa_gamma_0.390.csv,99.9846637527797
14,37,0.5470796326794897,2.55,0.4,rolling,4.759999999999943,0.0062268496849344004,2.3894333195790396,17,17,0,2.389337281558333,0.39,0.39269908169872414,9.81,1,1,8,21,41,-3.0,3.0,0.01,30.0,60.0,1e-09,1e-12,6,0.0001,1,rimless_wheel_roa_gamma_0.390.csv,99.9846637527797
14,38,0.5470796326794897,2.7,0.4,rolling,4.4499999999999496,0.009451348171287169,2.3895363023891703,16,16,0,2.3893289823804906,0.39,0.39269908169872414,9.81,1,1,8,21,41,-3.0,3.0,0.01,30.0,60.0,1e-09,1e-12,6,0.0001,1,rimless_wheel_roa_gamma_0.390.csv,99.9846637527797
14,39,0.5470796326794897,2.8499999999999996,0.4,rolling,3.849999999999962,0.00935963655565552,2.3895311092011498,14,14,0,2.3893116187542085,0.39,0.39269908169872414,9.81,1,1,8,21,41,-3.0,3.0,0.01,30.0,60.0,1e-09,1e-12,6,0.0001,1,rimless_wheel_roa_gamma_0.390.csv,99.9846637527797
14,40,0.5470796326794897,3.0,0.4,rolling,3.8299999999999623,0.012100012257908131,2.389663024628511,14,14,0,2.3894292988649464,0.39,0.39269908169872414,9.81,1,1,8,21,41,-3.0,3.0,0.01,30.0,60.0,1e-09,1e-12,6,0.0001,1,rimless_wheel_roa_gamma_0.390.csv,99.9846637527797
15,0,0.5863495408493621,-3.0,0.5,rolling,6.31999999999991,0.016315764136015303,2.389900018480478,20,19,1,2.3893361231146346,0.39,0.39269908169872414,9.81,1,1,8,21,41,-3.0,3.0,0.01,30.0,60.0,1e-09,1e-12,6,0.0001,1,rimless_wheel_roa_gamma_0.390.csv,99.9846637527797
15,1,0.5863495408493621,-2.85,0.5,rolling,6.29999999999991,0.01752424377067734,2.3899837701798656,20,19,1,2.389334284394571,0.39,0.39269908169872414,9.81,1,1,8,21,41,-3.0,3.0,0.01,30.0,60.0,1e-09,1e-12,6,0.0001,1,rimless_wheel_roa_gamma_0.390.csv,99.9846637527797
15,2,0.5863495408493621,-2.7,0.5,rolling,6.28999999999991,0.012892895941095156,2.389694482891416,20,19,1,2.3893325409724095,0.39,0.39269908169872414,9.81,1,1,8,21,41,-3.0,3.0,0.01,30.0,60.0,1e-09,1e-12,6,0.0001,1,rimless_wheel_roa_gamma_0.390.csv,99.9846637527797
15,3,0.5863495408493621,-2.55,0.5,rolling,6.28999999999991,0.0019054393371883858,2.389360568912628,20,19,1,2.389330889573793,0.39,0.39269908169872414,9.81,1,1,8,21,41,-3.0,3.0,0.01,30.0,60.0,1e-09,1e-12,6,0.0001,1,rimless_wheel_roa_gamma_0.390.csv,99.9846637527797
15,4,0.5863495408493621,-2.4,0.5,rolling,6.30999999999991,0.002943645249615271,2.389370755940761,20,19,1,2.389329333246442,0.39,0.39269908169872414,9.81,1,1,8,21,41,-3.0,3.0,0.01,30.0,60.0,1e-09,1e-12,6,0.0001,1,rimless_wheel_roa_gamma_0.390.csv,99.9846637527797
15,5,0.5863495408493621,-2.25,0.5,rolling,6.349999999999909,0.0017652748803844171,2.3893592253172455,20,19,1,2.3893278718681077,0.39,0.39269908169872414,9.81,1,1,8,21,41,-3.0,3.0,0.01,30.0,60.0,1e-09,1e-12,6,0.0001,1,rimless_wheel_roa_gamma_0.390.csv,99.9846637527797
15,6,0.5863495408493621,-2.1,0.5,rolling,6.429999999999907,0.009588131601356685,2.3895414131081716,20,19,1,2.3893265051676593,0.39,0.39269908169872414,9.81,1,1,8,21,41,-3.0,3.0,0.01,30.0,60.0,1e-09,1e-12,6,0.0001,1,rimless_wheel_roa_gamma_0.390.csv,99.9846637527797
15,7,0.5863495408493621,-1.95,0.5,rolling,6.599999999999904,0.016693116891270586,2.3899245443222465,20,19,1,2.389325232324436,0.39,0.39269908169872414,9.81,1,1,8,21,41,-3.0,3.0,0.01,30.0,60.0,1e-09,1e-12,6,0.0001,1,rimless_wheel_roa_gamma_0.390.csv,99.9846637527797
15,8,0.5863495408493621,-1.8,0.5,rolling,7.049999999999894,0.003351421537785489,2.3893754999085997,18,18,0,2.3893238201966356,0.39,0.39269908169872414,9.81,1,1,8,21,41,-3.0,3.0,0.01,30.0,60.0,1e-09,1e-12,6,0.0001,1,rimless_wheel_roa_gamma_0.390.csv,99.9846637527797
15,9,0.5863495408493621,-1.6500000000000001,0.5,rolling,6.1899999999999125,0.007638815982585494,2.3894718135755757,18,18,0,2.389319482576415,0.39,0.39269908169872414,9.81,1,1,8,21,41,-3.0,3.0,0.01,30.0,60.0,1e-09,1e-12,6,0.0001,1,rimless_wheel_roa_gamma_0.390.csv,99.9846637527797
15,10,0.5863495408493621,-1.5,0.5,rolling,5.989999999999917,0.0028024637111344194,2.3893677763731755,18,18,0,2.389315521928766,0.39,0.39269908169872414,9.81,1,1,8,21,41,-3.0,3.0,0.01,30.0,60.0,1e-09,1e-12,6,0.0001,1,rimless_wheel_roa_gamma_0.390.csv,99.9846637527797
15,11,0.5863495408493621,-1.35,0.5,rolling,5.879999999999919,0.01195238268303661,2.389644559032429,18,18,0,2.389311939467529,0.39,0.39269908169872414,9.81,1,1,8,21,41,-3.0,3.0,0.01,30.0,60.0,1e-09,1e-12,6,0.0001,1,rimless_wheel_roa_gamma_0.390.csv,99.9846637527797
15,12,0.5863495408493621,-1.2000000000000002,0.5,rolling,5.799999999999921,0.008863613244237489,2.3895122795393773,18,18,0,2.389308731861325,0.39,0.39269908169872414,9.81,1,1,8,21,41,-3.0,3.0,0.01,30.0,60.0,1e-09,1e-12,6,0.0001,1,rimless_wheel_roa_gamma_0.390.csv,99.9846637527797
15,13,0.5863495408493621,-1.05,0.5,rolling,6.029999999999916,0.009874389846730287,2.3895540344304003,19,19,0,2.3893389441365955,0.39,0.39269908169872414,9.81,1,1,8,21,41,-3.0,3.0,0.01,30.0,60.0,1e-09,1e-12,6,0.0001,1,rimless_wheel_roa_gamma_0.390.csv,99.9846637527797
15,14,0.5863495408493621,-0.8999999999999999,0.5,rolling,5.979999999999917,0.004548211750356224,2.3893962331272443,19,19,0,2.389337718820968,0.39,0.39269908169872414,9.81,1,1,8,21,41,-3.0,3.0,0.01,30.0,60.0,1e-09,1e-12,6,0.0001,1,rimless_wheel_roa_gamma_0.390.csv,99.9846637527797
15,15,0.5863495408493621,-0.75,0.5,rolling,5.939999999999918,0.004635232403093085,2.3893977746388417,19,19,0,2.389336681451406,0.39,0.39269908169872414,9.81,1,1,8,21,41,-3.0,3.0,0.01,30.0,60.0,1e-09,1e-12,6,0.0001,1,rimless_wheel_roa_gamma_0.390.csv,99.9846637527797
15,16,0.5863495408493621,-0.6000000000000001,0.5,rolling,5.909999999999918,0.016254593471055165,2.3898959033947573,19,19,0,2.38933583369039,0.39,0.39269908169872414,9.81,1,1,8,21,41,-3.0,3.0,0.01,30.0,60.0,1e-09,1e-12,6,0.0001,1,rimless_wheel_roa_gamma_0.390.csv,99.9846637527797
15,17,0.5863495408493621,-0.4500000000000002,0.5,rolling,5.879999999999919,0.019731030839845648,2.3901525690954712,19,19,0,2.389335172174713,0.39,0.39269908169872414,9.81,1,1,8,21,41,-3.0,3.0,0.01,30.0,60.0,1e-09,1e-12,6,0.0001,1,rimless_wheel_roa_gamma_0.390.csv,99.9846637527797
15,18,0.5863495408493621,-0.30000000000000027,0.5,rolling,5.84999999999992,0.018142614833438403,2.3900290720208552,19,19,0,2.389334700879472,0.39,0.39269908169872414,9.81,1,1,8,21,41,-3.0,3.0,0.01,30.0,60.0,1e-09,1e-12,6,0.0001,1,rimless_wheel_roa_gamma_0.390.csv,99.9846637527797
15,19,0.5863495408493621,-0.1499999999999999,0.5,rolling,5.81999999999992,0.013776131525219403,2.3897430080846913,19,19,0,2.3893344174180626,0.39,0.39269908169872414,9.81,1,1,8,21,41,-3.0,3.0,0.01,30.0,60.0,1e-09,1e-12,6,0.0001,1,rimless_wheel_roa_gamma_0.390.csv,99.9846637527797
15,20,0.5863495408493621,0.0,0.5,rolling,5.789999999999921,0.008280520568625951,2.3894941972552113,19,19,0,2.3893343240232174,0.39,0.39269908169872414,9.81,1,1,8,21,41,-3.0,3.0,0.01,30.0,60.0,1e-09,1e-12,6,0.0001,1,rimless_wheel_roa_gamma_0.390.csv,99.9846637527797
15,21,0.5863495408493621,0.1499999999999999,0.5,rolling,5.759999999999922,0.002744518168342411,2.389368914547508,19,19,0,2.3893344179152205,0.39,0.39269908169872414,9.81,1,1,8,21,41,-3.0,3.0,0.01,30.0,60.0,1e-09,1e-12,6,0.0001,1,rimless_wheel_roa_gamma_0.390.csv,99.9846637527797
15,22,0.5863495408493621,0.2999999999999998,0.5,rolling,5.729999999999922,-0.0022366754710067376,2.3893637486133907,19,19,0,2.3893347008367978,0.39,0.39269908169872414,9.81,1,1,8,21,41,-3.0,3.0,0.01,30.0,60.0,1e-09,1e-12,6,0.0001,1,rimless_wheel_roa_gamma_0.390.csv,99.9846637527797
15,23,0.5863495408493621,0.44999999999999973,0.5,rolling,5.709999999999923,0.01741979868550968,2.3899763626998873,19,19,0,2.3893351717473545,0.39,0.39269908169872414,9.81,1,1,8,21,41,-3.0,3.0,0.01,30.0,60.0,1e-09,1e-12,6,0.0001,1,rimless_wheel_roa_gamma_0.390.csv,99.9846637527797
15,24,0.5863495408493621,0.5999999999999996,0.5,rolling,5.679999999999923,0.013811577193318724,2.389745150810365,19,19,0,2.389335832426061,0.39,0.39269908169872414,9.81,1,1,8,21,41,-3.0,3.0,0.01,30.0,60.0,1e-09,1e-12,6,0.0001,1,rimless_wheel_roa_gamma_0.390.csv,99.9846637527797
15,25,0.5863495408493621,0.75,0.5,rolling,5.649999999999924,0.010539188996938583,2.3895816760123822,19,19,0,2.3893366814223924,0.39,0.39269908169872414,9.81,1,1,8,21,41,-3.0,3.0,0.01,30.0,60.0,1e-09,1e-12,6,0.0001,1,rimless_wheel_roa_gamma_0.390.csv,99.9846637527797
15,26,0.5863495408493621,0.8999999999999999,0.5,rolling,5.619999999999925,0.007225482473437706,2.3894609387465113,19,19,0,2.3893377187542177,0.39,0.39269908169872414,9.81,1,1,8,21,41,-3.0,3.0,0.01,30.0,60.0,1e-09,1e-12,6,0.0001,1,rimless_wheel_roa_gamma_0.390.csv,99.9846637527797
15,27,0.5863495408493621,1.0499999999999998,0.5,rolling,5.589999999999925,0.0034888941843653322,2.3893788723955685,19,19,0,2.3893389454194147,0.39,0.39269908169872414,9.81,1,1,8,21,41,-3.0,3.0,0.01,30.0,60.0,1e-09,1e-12,6,0.0001,1,rimless_wheel_roa_gamma_0.390.csv,99.9846637527797
15,28,0.5863495408493621,1.2000000000000002,0.5,rolling,5.279999999999932,0.02085199723511234,2.3902434032314472,18,18,0,2.3893087324512066,0.39,0.39269908169872414,9.81,1,1,8,21,41,-3.0,3.0,0.01,30.0,60.0,1e-09,1e-12,6,0.0001,1,rimless_wheel_roa_gamma_0.390.csv,99.9846637527797
15,29,0.5863495408493621,1.3499999999999996,0.5,rolling,5.2499999999999325,0.01531799965908387,2.389832939353335,18,18,0,2.3893119391497106,0.39,0.39269908169872414,9.81,1,1,8,21,41,-3.0,3.0,0.01,30.0,60.0,1e-09,1e-12,6,0.0001,1,rimless_wheel_roa_gamma_0.390.csv,99.9846637527797
15,30,0.5863495408493621,1.5,0.5,rolling,5.219999999999933,0.008547488222329395,2.3895016277794148,18,18,0,2.3893155217588156,0.39,0.39269908169872414,9.81,1,1,8,21,41,-3.0,3.0,0.01,30.0,60.0,1e-09,1e-12,6,0.0001,1,rimless_wheel_roa_gamma_0.390.csv,99.9846637527797
15,31,0.5863495408493621,1.6499999999999995,0.5,rolling,5.189999999999934,0.00040216668243649905,2.389352361205184,18,18,0,2.3893194825213544,0.39,0.39269908169872414,9.81,1,1,8,21,41,-3.0,3.0,0.01,30.0,60.0,1e-09,1e-12,6,0.0001,1,rimless_wheel_roa_gamma_0.390.csv,99.9846637527797
15,32,0.5863495408493621,1.7999999999999998,0.5,rolling,5.169999999999934,0.014691923835611503,2.389795507573129,18,18,0,2.3893238194828528,0.39,0.39269908169872414,9.81,1,1,8,21,41,-3.0,3.0,0.01,30.0,60.0,1e-09,1e-12,6,0.0001,1,rimless_wheel_roa_gamma_0.390.csv,99.9846637527797
15,33,0.5863495408493621,1.9500000000000002,0.5,rolling,5.139999999999935,0.003585513724603125,2.3893792834781857,18,18,0,2.3893285348567774,0.39,0.39269908169872414,9.81,1,1,8,21,41,-3.0,3.0,0.01,30.0,60.0,1e-09,1e-12,6,0.0001,1,rimless_wheel_roa_gamma_0.390.csv,99.9846637527797
15,34,0.5863495408493621,2.0999999999999996,0.5,rolling,5.119999999999935,0.014864395254693206,2.3898069034429397,18,18,0,2.38933362640152,0.39,0.39269908169872414,9.81,1,1,8,21,41,-3.0,3.0,0.01,30.0,60.0,1e-09,1e-12,6,0.0001,1,rimless_wheel_roa_gamma_0.390.csv,99.9846637527797
15,35,0.5863495408493621,2.25,0.5,rolling,5.089999999999936,0.0007516922790274817,2.389355057586611,18,18,0,2.3893390958752825,0.39,0.39269908169872414,9.81,1,1,8,21,41,-3.0,3.0,0.01,30.0,60.0,1e-09,1e-12,6,0.0001,1,rimless_wheel_roa_gamma_0.390.csv,99.9846637527797
15,36,0.5863495408493621,2.3999999999999995,0.5,rolling,4.7799999999999425,0.007031943557534297,2.3894533855942233,17,17,0,2.3893179000747318,0.39,0.39269908169872414,9.81,1,1,8,21,41,-3.0,3.0,0.01,30.0,60.0,1e-09,1e-12,6,0.0001,1,rimless_wheel_roa_gamma_0.390.csv,99.9846637527797
15,37,0.5863495408493621,2.55,0.5,rolling,4.759999999999943,0.013921671209444698,2.3897508954930573,17,17,0,2.389330348671073,0.39,0.39269908169872414,9.81,1,1,8,21,41,-3.0,3.0,0.01,30.0,60.0,1e-09,1e-12,6,0.0001,1,rimless_wheel_roa_gamma_0.390.csv,99.9846637527797
15,38,0.5863495408493621,2.7,0.5,rolling,4.4499999999999496,0.017396868975532127,2.389972817568012,16,16,0,2.3893151132123784,0.39,0.39269908169872414,9.81,1,1,8,21,41,-3.0,3.0,0.01,30.0,60.0,1e-09,1e-12,6,0.0001,1,rimless_wheel_roa_gamma_0.390.csv,99.9846637527797
15,39,0.5863495408493621,2.8499999999999996,0.5,rolling,4.139999999999956,0.019542194980074114,2.390135342866649,15,15,0,2.389314067287558,0.39,0.39269908169872414,9.81,1,1,8,21,41,-3.0,3.0,0.01,30.0,60.0,1e-09,1e-12,6,0.0001,1,rimless_wheel_roa_gamma_0.390.csv,99.9846637527797
15,40,0.5863495408493621,3.0,0.5,rolling,2.3799999999999932,0.010220243363957333,2.3895770729729104,9,9,0,2.3894310689913674,0.39,0.39269908169872414,9.81,1,1,8,21,41,-3.0,3.0,0.01,30.0,60.0,1e-09,1e-12,6,0.0001,1,rimless_wheel_roa_gamma_0.390.csv,99.9846637527797
16,0,0.6256194490192345,-3.0,0.6,rolling,6.31999999999991,0.012681675548656533,2.3896836484914346,20,19,1,2.389335203994742,0.39,0.39269908169872414,9.81,1,1,8,21,41,-3.0,3.0,0.01,30.0,60.0,1e-09,1e-12,6,0.0001,1,rimless_wheel_roa_gamma_0.390.csv,99.9846637527797
16,1,0.6256194490192345,-2.85,0.6,rolling,6.29999999999991,-0.0021947008867553197,2.3893632383879475,20,19,1,2.3893333650723356,0.39,0.39269908169872414,9.81,1,1,8,21,41,-3.0,3.0,0.01,30.0,60.0,1e-09,1e-12,6,0.0001,1,rimless_wheel_roa_gamma_0.390.csv,99.9846637527797
16,2,0.6256194490192345,-2.7,0.6,rolling,6.29999999999991,-0.0005974394043056124,2.3893539181517487,20,19,1,2.3893316196526766,0.39,0.39269908169872414,9.81,1,1,8,21,41,-3.0,3.0,0.01,30.0,60.0,1e-09,1e-12,6,0.0001,1,rimless_wheel_roa_gamma_0.390.csv,99.9846637527797
16,3,0.6256194490192345,-2.55,0.6,rolling,6.31999999999991,0.013837466057671794,2.38974606084017,20,19,1,2.3893299700653587,0.39,0.39269908169872414,9.81,1,1,8,21,41,-3.0,3.0,0.01,30.0,60.0,1e-09,1e-12,6,0.0001,1,rimless_wheel_roa_gamma_0.390.csv,99.9846637527797
16,4,0.6256194490192345,-2.4,0.6,rolling,6.349999999999909,0.00592014138873548,2.3894248275860517,20,19,1,2.3893284141783417,0.39,0.39269908169872414,9.81,1,1,8,21,41,-3.0,3.0,0.01,30.0,60.0,1e-09,1e-12,6,0.0001,1,rimless_wheel_roa_gamma_0.390.csv,99.9846637527797
16,5,0.6256194490192345,-2.25,0.6,rolling,6.419999999999908,0.01839795749647065,2.3900474802404132,20,19,1,2.3893269536630055,0.39,0.39269908169872414,9.81,1,1,8,21,41,-3.0,3.0,0.01,30.0,60.0,1e-09,1e-12,6,0.0001,1,rimless_wheel_roa_gamma_0.390.csv,99.9846637527797
16,6,0.6256194490192345,-2.1,0.6,rolling,6.549999999999905,0.0063814282627027204,2.3894362068245942,20,19,1,2.3893255853689213,0.39,0.39269908169872414,9.81,1,1,8,21,41,-3.0,3.0,0.01,30.0,60.0,1e-09,1e-12,6,0.0001,1,rimless_wheel_roa_gamma_0.390.csv,99.9846637527797
16,7,0.6256194490192345,-1.95,0.6,rolling,7.109999999999893,-0.0008717699413667414,2.3893540485081486,20,19,1,2.389324312595936,0.39,0.39269908169872414,9.81,1,1,8,21,41,-3.0,3.0,0.01,30.0,60.0,1e-09,1e-12,6,0.0001,1,rimless_wheel_roa_gamma_0.390.csv,99.9846637527797
16,8,0.6256194490192345,-1.8,0.6,rolling,6.259999999999911,0.004046667664427526,2.3893857085380734,18,18,0,2.3893201417068335,0.39,0.39269908169872414,9.81,1,1,8,21,41,-3.0,3.0,0.01,30.0,60.0,1e-09,1e-12,6,0.0001,1,rimless_wheel_roa_gamma_0.390.csv,99.9846637527797
16,9,0.6256194490192345,-1.6500000000000001,0.6,rolling,6.029999999999916,0.013201542862836393,2.3897094197717275,18,18,0,2.389315804490194,0.39,0.39269908169872414,9.81,1,1,8,21,41,-3.0,3.0,0.01,30.0,60.0,1e-09,1e-12,6,0.0001,1,rimless_wheel_roa_gamma_0.390.csv,99.9846637527797
16,10,0.6256194490192345,-1.5,0.6,rolling,5.899999999999919,-9.607533231386018e-05,2.389351320562042,18,18,0,2.3893118431402445,0.39,0.39269908169872414,9.81,1,1,8,21,41,-3.0,3.0,0.01,30.0,60.0,1e-09,1e-12,6,0.0001,1,rimless_wheel_roa_gamma_0.390.csv,99.9846637527797
16,11,0.6256194490192345,-1.35,0.6,rolling,5.81999999999992,0.007256490507080455,2.3894590538230958,18,18,0,2.3893082599445066,0.39,0.39269908169872414,9.81,1,1,8,21,41,-3.0,3.0,0.01,30.0,60.0,1e-09,1e-12,6,0.0001,1,rimless_wheel_roa_gamma_0.390.csv,99.9846637527797
16,12,0.6256194490192345,-1.2000000000000002,0.6,rolling,6.0499999999999154,0.012443395151268298,2.3896716767701287,19,19,0,2.38933851925238,0.39,0.39269908169872414,9.81,1,1,8,21,41,-3.0,3.0,0.01,30.0,60.0,1e-09,1e-12,6,0.0001,1,rimless_wheel_roa_gamma_0.390.csv,99.9846637527797
16,13,0.6256194490192345,-1.05,0.6,rolling,5.9999999999999165,0.007811925231883029,2.389478982661212,19,19,0,2.3893371049952337,0.39,0.39269908169872414,9.81,1,1,8,21,41,-3.0,3.0,0.01,30.0,60.0,1e-09,1e-12,6,0.0001,1,rimless_wheel_roa_gamma_0.390.csv,99.9846637527797
16,14,0.6256194490192345,-0.8999999999999999,0.6,rolling,5.959999999999917,0.006289268196793912,2.3894347896363355,19,19,0,2.389335879486073,0.39,0.39269908169872414,9.81,1,1,8,21,41,-3.0,3.0,0.01,30.0,60.0,1e-09,1e-12,6,0.0001,1,rimless_wheel_roa_gamma_0.390.csv,99.9846637527797
16,15,0.6256194490192345,-0.75,0.6,rolling,5.929999999999918,0.014626927686076256,2.389792647048692,19,19,0,2.3893348436063273,0.39,0.39269908169872414,9.81,1,1,8,21,41,-3.0,3.0,0.01,30.0,60.0,1e-09,1e-12,6,0.0001,1,rimless_wheel_roa_gamma_0.390.csv,99.9846637527797
16,16,0.6256194490192345,-0.6000000000000001,0.6,rolling,5.899999999999919,0.013610862971445408,2.389733678690547,19,19,0,2.3893339934981666,0.39,0.39269908169872414,9.81,1,1,8,21,41,-3.0,3.0,0.01,30.0,60.0,1e-09,1e-12,6,0.0001,1,rimless_wheel_roa_gamma_0.390.csv,99.9846637527797
16,17,0.6256194490192345,-0.4500000000000002,0.6,rolling,5.869999999999919,0.006769465089972176,2.3894474194241018,19,19,0,2.389333333020056,0.39,0.39269908169872414,9.81,1,1,8,21,41,-3.0,3.0,0.01,30.0,60.0,1e-09,1e-12,6,0.0001,1,rimless_wheel_roa_gamma_0.390.csv,99.9846637527797
16,18,0.6256194490192345,-0.30000000000000027,0.6,rolling,5.84999999999992,0.020779799194543053,2.3902395303067228,19,19,0,2.3893328616969436,0.39,0.39269908169872414,9.81,1,1,8,21,41,-3.0,3.0,0.01,30.0,60.0,1e-09,1e-12,6,0.0001,1,rimless_wheel_roa_gamma_0.390.csv,99.9846637527797
16,19,0.6256194490192345,-0.1499999999999999,0.6,rolling,5.81999999999992,0.010024010816658024,2.3895595393353957,19,19,0,2.3893325799420997,0.39,0.39269908169872414,9.81,1,1,8,21,41,-3.0,3.0,0.01,30.0,60.0,1e-09,1e-12,6,0.0001,1,rimless_wheel_roa_gamma_0.390.csv,99.9846637527797
16,20,0.6256194490192345,0.0,0.6,rolling,5.789999999999921,-8.055489861389601e-06,2.389353266247859,19,19,0,2.3893324835779097,0.39,0.39269908169872414,9.81,1,1,8,21,41,-3.0,3.0,0.01,30.0,60.0,1e-09,1e-12,6,0.0001,1,rimless_wheel_roa_gamma_0.390.csv,99.9846637527797
16,21,0.6256194490192345,0.1499999999999999,0.6,rolling,5.769999999999921,0.015559739143383162,2.3898502218506072,19,19,0,2.389332578886176,0.39,0.39269908169872414,9.81,1,1,8,21,41,-3.0,3.0,0.01,30.0,60.0,1e-09,1e-12,6,0.0001,1,rimless_wheel_roa_gamma_0.390.csv,99.9846637527797
16,22,0.6256194490192345,0.2999999999999998,0.6,rolling,5.739999999999922,0.009333062725677225,2.389532113391271,19,19,0,2.3893328629225565,0.39,0.39269908169872414,9.81,1,1,8,21,41,-3.0,3.0,0.01,30.0,60.0,1e-09,1e-12,6,0.0001,1,rimless_wheel_roa_gamma_0.390.csv,99.9846637527797
16,23,0.6256194490192345,0.44999999999999973,0.6,rolling,5.709999999999923,0.005107656719970399,2.3894069032572562,19,19,0,2.3893333332945272,0.39,0.39269908169872414,9.81,1,1,8,21,41,-3.0,3.0,0.01,30.0,60.0,1e-09,1e-12,6,0.0001,1,rimless_wheel_roa_gamma_0.390.csv,99.9846637527797
16,24,0.6256194490192345,0.5999999999999996,0.6,rolling,5.679999999999923,0.0024367412972140156,2.3893656024773184,19,19,0,2.3893339935929343,0.39,0.39269908169872414,9.81,1,1,8,21,41,-3.0,3.0,0.01,30.0,60.0,1e-09,1e-12,6,0.0001,1,rimless_wheel_roa_gamma_0.390.csv,99.9846637527797
16,25,0.6256194490192345,0.75,0.6,rolling,5.649999999999924,0.0006963955890629211,2.389354488212598,19,19,0,2.3893348414673388,0.39,0.39269908169872414,9.81,1,1,8,21,41,-3.0,3.0,0.01,30.0,60.0,1e-09,1e-12,6,0.0001,1,rimless_wheel_roa_gamma_0.390.csv,99.9846637527797
16,26,0.6256194490192345,0.8999999999999999,0.6,rolling,5.619999999999925,-0.0007708056599795999,2.3893548096189092,19,19,0,2.389335879202141,0.39,0.39269908169872414,9.81,1,1,8,21,41,-3.0,3.0,0.01,30.0,60.0,1e-09,1e-12,6,0.0001,1,rimless_wheel_roa_gamma_0.390.csv,99.9846637527797
16,27,0.6256194490192345,1.0499999999999998,0.6,rolling,5.589999999999925,-0.0025593132378377115,2.389367153549729,19,19,0,2.3893371041473155,0.39,0.39269908169872414,9.81,1,1,8,21,41,-3.0,3.0,0.01,30.0,60.0,1e-09,1e-12,6,0.0001,1,rimless_wheel_roa_gamma_0.390.csv,99.9846637527797
16,28,0.6256194490192345,1.2000000000000002,0.6,rolling,5.569999999999926,0.018743049406807766,2.3900748859192995,19,19,0,2.3893385199895674,0.39,0.39269908169872414,9.81,1,1,8,21,41,-3.0,3.0,0.01,30.0,60.0,1e-09,1e-12,6,0.0001,1,rimless_wheel_roa_gamma_0.390.csv,99.9846637527797
16,29,0.6256194490192345,1.3499999999999996,0.6,rolling,5.2499999999999325,0.01294880156809514,2.3896951381571765,18,18,0,2.3893082613834458,0.39,0.39269908169872414,9.81,1,1,8,21,41,-3.0,3.0,0.01,30.0,60.0,1e-09,1e-12,6,0.0001,1,rimless_wheel_roa_gamma_0.390.csv,99.9846637527797
16,30,0.6256194490192345,1.5,0.6,rolling,5.219999999999933,0.007778241366568692,2.3894754976093133,18,18,0,2.3893118438724987,0.39,0.39269908169872414,9.81,1,1,8,21,41,-3.0,3.0,0.01,30.0,60.0,1e-09,1e-12,6,0.0001,1,rimless_wheel_roa_gamma_0.390.csv,99.9846637527797
16,31,0.6256194490192345,1.6499999999999995,0.6,rolling,5.189999999999934,0.0010423555707524206,2.389353908781916,18,18,0,2.3893158037949958,0.39,0.39269908169872414,9.81,1,1,8,21,41,-3.0,3.0,0.01,30.0,60.0,1e-09,1e-12,6,0.0001,1,rimless_wheel_roa_gamma_0.390.csv,99.9846637527797
16,32,0.6256194490192345,1.7999999999999998,0.6,rolling,5.169999999999934,0.016554320786667458,2.3899145887444835,18,18,0,2.3893201410868112,0.39,0.39269908169872414,9.81,1,1,8,21,41,-3.0,3.0,0.01,30.0,60.0,1e-09,1e-12,6,0.0001,1,rimless_wheel_roa_gamma_0.390.csv,99.9846637527797
16,33,0.6256194490192345,1.9500000000000002,0.6,rolling,5.139999999999935,0.006494458032117895,2.3894391233727745,18,18,0,2.389324856246518,0.39,0.39269908169872414,9.81,1,1,8,21,41,-3.0,3.0,0.01,30.0,60.0,1e-09,1e-12,6,0.0001,1,rimless_wheel_roa_gamma_0.390.csv,99.9846637527797
16,34,0.6256194490192345,2.0999999999999996,0.6,rolling,5.119999999999935,0.018663445774978363,2.390067958787244,18,18,0,2.3893299489379394,0.39,0.39269908169872414,9.81,1,1,8,21,41,-3.0,3.0,0.01,30.0,60.0,1e-09,1e-12,6,0.0001,1,rimless_wheel_roa_gamma_0.390.csv,99.9846637527797
16,35,0.6256194490192345,2.25,0.6,rolling,5.089999999999936,0.005300271717097026,2.389411217502562,18,18,0,2.389335418675163,0.39,0.39269908169872414,9.81,1,1,8,21,41,-3.0,3.0,0.01,30.0,60.0,1e-09,1e-12,6,0.0001,1,rimless_wheel_roa_gamma_0.390.csv,99.9846637527797
16,36,0.6256194490192345,2.3999999999999995,0.6,rolling,4.7799999999999425,0.012210942836244276,2.3896572508724896,17,17,0,2.389310542810934,0.39,0.39269908169872414,9.81,1,1,8,21,41,-3.0,3.0,0.01,30.0,60.0,1e-09,1e-12,6,0.0001,1,rimless_wheel_roa_gamma_0.390.csv,99.9846637527797
16,37,0.6256194490192345,2.55,0.6,rolling,4.759999999999943,0.019627937380752,2.3901430846900285,17,17,0,2.3893229924851638,0.39,0.39269908169872414,9.81,1,1,8,21,41,-3.0,3.0,0.01,30.0,60.0,1e-09,1e-12,6,0.0001,1,rimless_wheel_roa_gamma_0.390.csv,99.9846637527797
16,38,0.6256194490192345,2.7,0.6,rolling,4.729999999999944,0.0016797208099683615,2.3893594125168263,17,17,0,2.389336192950483,0.39,0.39269908169872414,9.81,1,1,8,21,41,-3.0,3.0,0.01,30.0,60.0,1e-09,1e-12,6,0.0001,1,rimless_wheel_roa_gamma_0.390.csv,99.9846637527797
16,39,0.6256194490192345,2.8499999999999996,0.6,rolling,4.41999999999995,0.00418725269180751,2.3893888640288687,16,16,0,2.38932831327603,0.39,0.39269908169872414,9.81,1,1,8,21,41,-3.0,3.0,0.01,30.0,60.0,1e-09,1e-12,6,0.0001,1,rimless_wheel_roa_gamma_0.390.csv,99.9846637527797
16,40,0.6256194490192345,3.0,0.6,rolling,3.8199999999999625,0.003317126621095454,2.3893741887755438,14,14,0,2.3893149800296025,0.39,0.39269908169872414,9.81,1,1,8,21,41,-3.0,3.0,0.01,30.0,60.0,1e-09,1e-12,6,0.0001,1,rimless_wheel_roa_gamma_0.390.csv,99.9846637527797
17,0,0.6648893571891069,-3.0,0.7,rolling,6.31999999999991,0.002039175244397163,2.3893619689924437,20,19,1,2.3893342321283293,0.39,0.39269908169872414,9.81,1,1,8,21,41,-3.0,3.0,0.01,30.0,60.0,1e-09,1e-12,6,0.0001,1,rimless_wheel_roa_gamma_0.390.csv,99.9846637527797
17,1,0.6648893571891069,-2.85,0.7,rolling,6.31999999999991,0.01703924502802504,2.389949187831809,20,19,1,2.389332394102993,0.39,0.39269908169872414,9.81,1,1,8,21,41,-3.0,3.0,0.01,30.0,60.0,1e-09,1e-12,6,0.0001,1,rimless_wheel_roa_gamma_0.390.csv,99.9846637527797
17,2,0.6648893571891069,-2.7,0.7,rolling,6.3299999999999095,0.02110984643319144,2.3902676873615105,20,19,1,2.3893306496098776,0.39,0.39269908169872414,9.81,1,1,8,21,41,-3.0,3.0,0.01,30.0,60.0,1e-09,1e-12,6,0.0001,1,rimless_wheel_roa_gamma_0.390.csv,99.9846637527797
17,3,0.6648893571891069,-2.55,0.7,rolling,6.349999999999909,0.005635512553318003,2.389418129742485,20,19,1,2.3893289988062154,0.39,0.39269908169872414,9.81,1,1,8,21,41,-3.0,3.0,0.01,30.0,60.0,1e-09,1e-12,6,0.0001,1,rimless_wheel_roa_gamma_0.390.csv,99.9846637527797
17,4,0.6648893571891069,-2.4,0.7,rolling,6.409999999999908,0.019439696140403345,2.390128414441311,20,19,1,2.3893274427771822,0.39,0.39269908169872414,9.81,1,1,8,21,41,-3.0,3.0,0.01,30.0,60.0,1e-09,1e-12,6,0.0001,1,rimless_wheel_roa_gamma_0.390.csv,99.9846637527797
17,5,0.6648893571891069,-2.25,0.7,rolling,6.519999999999905,0.018148691904264797,2.3900286927010677,20,19,1,2.3893259825328523,0.39,0.39269908169872414,9.81,1,1,8,21,41,-3.0,3.0,0.01,30.0,60.0,1e-09,1e-12,6,0.0001,1,rimless_wheel_roa_gamma_0.390.csv,99.9846637527797
17,6,0.6648893571891069,-2.1,0.7,rolling,6.849999999999898,0.0105396270138862,2.3895805462933764,20,19,1,2.3893246148672804,0.39,0.39269908169872414,9.81,1,1,8,21,41,-3.0,3.0,0.01,30.0,60.0,1e-09,1e-12,6,0.0001,1,rimless_wheel_roa_gamma_0.390.csv,99.9846637527797
17,7,0.6648893571891069,-1.95,0.7,rolling,6.359999999999909,0.01599797584709922,2.389877499166062,18,18,0,2.3893209722690454,0.39,0.39269908169872414,9.81,1,1,8,21,41,-3.0,3.0,0.01,30.0,60.0,1e-09,1e-12,6,0.0001,1,rimless_wheel_roa_gamma_0.390.csv,99.9846637527797
17,8,0.6648893571891069,-1.8,0.7,rolling,6.069999999999915,0.011971542581436916,2.3896459123889677,18,18,0,2.3893162578685807,0.39,0.39269908169872414,9.81,1,1,8,21,41,-3.0,3.0,0.01,30.0,60.0,1e-09,1e-12,6,0.0001,1,rimless_wheel_roa_gamma_0.390.csv,99.9846637527797
17,9,0.6648893571891069,-1.6500000000000001,0.7,rolling,5.929999999999918,0.007221428875164103,2.3894583595351016,18,18,0,2.3893119200483692,0.39,0.39269908169872414,9.81,1,1,8,21,41,-3.0,3.0,0.01,30.0,60.0,1e-09,1e-12,6,0.0001,1,rimless_wheel_roa_gamma_0.390.csv,99.9846637527797
17,10,0.6648893571891069,-1.5,0.7,rolling,5.83999999999992,0.0035857250492663632,2.389377328368773,18,18,0,2.389307960295748,0.39,0.39269908169872414,9.81,1,1,8,21,41,-3.0,3.0,0.01,30.0,60.0,1e-09,1e-12,6,0.0001,1,rimless_wheel_roa_gamma_0.390.csv,99.9846637527797
17,11,0.6648893571891069,-1.35,0.7,rolling,6.069999999999915,0.014048303157086803,2.3897589096427994,19,19,0,2.389338181755677,0.39,0.39269908169872414,9.81,1,1,8,21,41,-3.0,3.0,0.01,30.0,60.0,1e-09,1e-12,6,0.0001,1,rimless_wheel_roa_gamma_0.390.csv,99.9846637527797
17,12,0.6648893571891069,-1.2000000000000002,0.7,rolling,6.019999999999916,0.010548358587131696,2.389582061250352,19,19,0,2.3893365782831366,0.39,0.39269908169872414,9.81,1,1,8,21,41,-3.0,3.0,0.01,30.0,60.0,1e-09,1e-12,6,0.0001,1,rimless_wheel_roa_gamma_0.390.csv,99.9846637527797
17,13,0.6648893571891069,-1.05,0.7,rolling,5.979999999999917,0.007347684724560101,2.389464351073782,19,19,0,2.389335162883087,0.39,0.39269908169872414,9.81,1,1,8,21,41,-3.0,3.0,0.01,30.0,60.0,1e-09,1e-12,6,0.0001,1,rimless_wheel_roa_gamma_0.390.csv,99.9846637527797
17,14,0.6648893571891069,-0.8999999999999999,0.7,rolling,5.949999999999918,0.011811638144841046,2.3896397891694763,19,19,0,2.3893339377764407,0.39,0.39269908169872414,9.81,1,1,8,21,41,-3.0,3.0,0.01,30.0,60.0,1e-09,1e-12,6,0.0001,1,rimless_wheel_roa_gamma_0.390.csv,99.9846637527797
17,15,0.6648893571891069,-0.75,0.7,rolling,5.919999999999918,0.005109391261660788,2.3894068995913305,19,19,0,2.3893329005884127,0.39,0.39269908169872414,9.81,1,1,8,21,41,-3.0,3.0,0.01,30.0,60.0,1e-09,1e-12,6,0.0001,1,rimless_wheel_roa_gamma_0.390.csv,99.9846637527797
17,16,0.6648893571891069,-0.6000000000000001,0.7,rolling,5.899999999999919,0.015048783542230562,2.389818075301598,19,19,0,2.38933205156958,0.39,0.39269908169872414,9.81,1,1,8,21,41,-3.0,3.0,0.01,30.0,60.0,1e-09,1e-12,6,0.0001,1,rimless_wheel_roa_gamma_0.390.csv,99.9846637527797
17,17,0.6648893571891069,-0.4500000000000002,0.7,rolling,5.879999999999919,0.021034646752103352,2.3902612559103957,19,19,0,2.3893313912038905,0.39,0.39269908169872414,9.81,1,1,8,21,41,-3.0,3.0,0.01,30.0,60.0,1e-09,1e-12,6,0.0001,1,rimless_wheel_roa_gamma_0.390.csv,99.9846637527797
17,18,0.6648893571891069,-0.30000000000000027,0.7,rolling,5.84999999999992,0.002050936847377706,2.3893617542717425,19,19,0,2.3893309194288794,0.39,0.39269908169872414,9.81,1,1,8,21,41,-3.0,3.0,0.01,30.0,60.0,1e-09,1e-12,6,0.0001,1,rimless_wheel_roa_gamma_0.390.csv,99.9846637527797
17,19,0.6648893571891069,-0.1499999999999999,0.7,rolling,5.82999999999992,0.008323094048631722,2.3894952962453972,19,19,0,2.389330636363368,0.39,0.39269908169872414,9.81,1,1,8,21,41,-3.0,3.0,0.01,30.0,60.0,1e-09,1e-12,6,0.0001,1,rimless_wheel_roa_gamma_0.390.csv,99.9846637527797
17,20,0.6648893571891069,0.0,0.7,rolling,5.809999999999921,0.01776309726758409,2.390000710441984,19,19,0,2.38933054326062,0.39,0.39269908169872414,9.81,1,1,8,21,41,-3.0,3.0,0.01,30.0,60.0,1e-09,1e-12,6,0.0001,1,rimless_wheel_roa_gamma_0.390.csv,99.9846637527797
17,21,0.6648893571891069,0.1499999999999999,0.7,rolling,5.779999999999921,0.007474693128098352,2.3894677841632888,19,19,0,2.3893306367282428,0.39,0.39269908169872414,9.81,1,1,8,21,41,-3.0,3.0,0.01,30.0,60.0,1e-09,1e-12,6,0.0001,1,rimless_wheel_roa_gamma_0.390.csv,99.9846637527797
17,22,0.6648893571891069,0.2999999999999998,0.7,rolling,5.749999999999922,0.0014969648904586234,2.389357720301743,19,19,0,2.389330919821464,0.39,0.39269908169872414,9.81,1,1,8,21,41,-3.0,3.0,0.01,30.0,60.0,1e-09,1e-12,6,0.0001,1,rimless_wheel_roa_gamma_0.390.csv,99.9846637527797
17,23,0.6648893571891069,0.44999999999999973,0.7,rolling,5.7199999999999225,-0.0007543113128432772,2.3893543298422495,19,19,0,2.3893313916695162,0.39,0.39269908169872414,9.81,1,1,8,21,41,-3.0,3.0,0.01,30.0,60.0,1e-09,1e-12,6,0.0001,1,rimless_wheel_roa_gamma_0.390.csv,99.9846637527797
17,24,0.6648893571891069,0.5999999999999996,0.7,rolling,5.689999999999923,-0.0003095186239104029,2.3893534234213245,19,19,0,2.3893320511320555,0.39,0.39269908169872414,9.81,1,1,8,21,41,-3.0,3.0,0.01,30.0,60.0,1e-09,1e-12,6,0.0001,1,rimless_wheel_roa_gamma_0.390.csv,99.9846637527797
17,25,0.6648893571891069,0.75,0.7,rolling,5.659999999999924,0.0016552701044534627,2.3893589325022937,19,19,0,2.38933290004534,0.39,0.39269908169872414,9.81,1,1,8,21,41,-3.0,3.0,0.01,30.0,60.0,1e-09,1e-12,6,0.0001,1,rimless_wheel_roa_gamma_0.390.csv,99.9846637527797
17,26,0.6648893571891069,0.8999999999999999,0.7,rolling,5.629999999999924,0.004046645734995025,2.3893870207883903,19,19,0,2.3893339371269735,0.39,0.39269908169872414,9.81,1,1,8,21,41,-3.0,3.0,0.01,30.0,60.0,1e-09,1e-12,6,0.0001,1,rimless_wheel_roa_gamma_0.390.csv,99.9846637527797
17,27,0.6648893571891069,1.0499999999999998,0.7,rolling,5.599999999999925,0.0059755554091358385,2.389426824461553,19,19,0,2.3893351633697018,0.39,0.39269908169872414,9.81,1,1,8,21,41,-3.0,3.0,0.01,30.0,60.0,1e-09,1e-12,6,0.0001,1,rimless_wheel_roa_gamma_0.390.csv,99.9846637527797
17,28,0.6648893571891069,1.2000000000000002,0.7,rolling,5.569999999999926,0.006789859756555815,2.389448297908065,19,19,0,2.3893365780775446,0.39,0.39269908169872414,9.81,1,1,8,21,41,-3.0,3.0,0.01,30.0,60.0,1e-09,1e-12,6,0.0001,1,rimless_wheel_roa_gamma_0.390.csv,99.9846637527797
17,29,0.6648893571891069,1.3499999999999996,0.7,rolling,5.539999999999926,0.006053759828339205,2.389429042541732,19,19,0,2.3893381811692067,0.39,0.39269908169872414,9.81,1,1,8,21,41,-3.0,3.0,0.01,30.0,60.0,1e-09,1e-12,6,0.0001,1,rimless_wheel_roa_gamma_0.390.csv,99.9846637527797
17,30,0.6648893571891069,1.5,0.7,rolling,5.219999999999933,0.0014702180438644031,2.389355369698628,18,18,0,2.3893079586844737,0.39,0.39269908169872414,9.81,1,1,8,21,41,-3.0,3.0,0.01,30.0,60.0,1e-09,1e-12,6,0.0001,1,rimless_wheel_roa_gamma_0.390.csv,99.9846637527797
17,31,0.6648893571891069,1.6499999999999995,0.7,rolling,5.199999999999934,0.020871786377723012,2.3902453970963244,18,18,0,2.3893119198623096,0.39,0.39269908169872414,9.81,1,1,8,21,41,-3.0,3.0,0.01,30.0,60.0,1e-09,1e-12,6,0.0001,1,rimless_wheel_roa_gamma_0.390.csv,99.9846637527797
17,32,0.6648893571891069,1.7999999999999998,0.7,rolling,5.169999999999934,0.014384953964358248,2.3897764675548427,18,18,0,2.389316257596757,0.39,0.39269908169872414,9.81,1,1,8,21,41,-3.0,3.0,0.01,30.0,60.0,1e-09,1e-12,6,0.0001,1,rimless_wheel_roa_gamma_0.390.csv,99.9846637527797
17,33,0.6648893571891069,1.9500000000000002,0.7,rolling,5.139999999999935,0.005922729467111277,2.38942418209637,18,18,0,2.3893209726008844,0.39,0.39269908169872414,9.81,1,1,8,21,41,-3.0,3.0,0.01,30.0,60.0,1e-09,1e-12,6,0.0001,1,rimless_wheel_roa_gamma_0.390.csv,99.9846637527797
17,34,0.6648893571891069,2.0999999999999996,0.7,rolling,5.119999999999935,0.019431252605393204,2.390127612119347,18,18,0,2.389326065179729,0.39,0.39269908169872414,9.81,1,1,8,21,41,-3.0,3.0,0.01,30.0,60.0,1e-09,1e-12,6,0.0001,1,rimless_wheel_roa_gamma_0.390.csv,99.9846637527797
17,35,0.6648893571891069,2.25,0.7,rolling,5.089999999999936,0.007188517012798002,2.3894592564620174,18,18,0,2.3893315340053993,0.39,0.39269908169872414,9.81,1,1,8,21,41,-3.0,3.0,0.01,30.0,60.0,1e-09,1e-12,6,0.0001,1,rimless_wheel_roa_gamma_0.390.csv,99.9846637527797
17,36,0.6648893571891069,2.3999999999999995,0.7,rolling,5.069999999999936,0.01707171522359562,2.389951935556439,18,18,0,2.3893373804298976,0.39,0.39269908169872414,9.81,1,1,8,21,41,-3.0,3.0,0.01,30.0,60.0,1e-09,1e-12,6,0.0001,1,rimless_wheel_roa_gamma_0.390.csv,99.9846637527797
17,37,0.6648893571891069,2.55,0.7,rolling,4.749999999999943,-0.0006604956865096513,2.389352517219407,17,17,0,2.3893152235152244,0.39,0.39269908169872414,9.81,1,1,8,21,41,-3.0,3.0,0.01,30.0,60.0,1e-09,1e-12,6,0.0001,1,rimless_wheel_roa_gamma_0.390.csv,99.9846637527797
17,38,0.6648893571891069,2.7,0.7,rolling,4.729999999999944,0.005940251215251319,2.389425318567449,17,17,0,2.389328425324654,0.39,0.39269908169872414,9.81,1,1,8,21,41,-3.0,3.0,0.01,30.0,60.0,1e-09,1e-12,6,0.0001,1,rimless_wheel_roa_gamma_0.390.csv,99.9846637527797
17,39,0.6648893571891069,2.8499999999999996,0.7,rolling,4.41999999999995,0.008993435166744267,2.3895174245898194,16,16,0,2.3893127777848817,0.39,0.39269908169872414,9.81,1,1,8,21,41,-3.0,3.0,0.01,30.0,60.0,1e-09,1e-12,6,0.0001,1,rimless_wheel_roa_gamma_0.390.csv,99.9846637527797
17,40,0.6648893571891069,3.0,0.7,rolling,4.109999999999957,0.010614017515928388,2.389582612398823,15,15,0,2.389312413381959,0.39,0.39269908169872414,9.81,1,1,8,21,41,-3.0,3.0,0.01,30.0,60.0,1e-09,1e-12,6,0.0001,1,rimless_wheel_roa_gamma_0.390.csv,99.9846637527797
18,0,0.7041592653589793,-3.0,0.8,rolling,6.3299999999999095,0.006534015899431539,2.3894409804432777,20,19,1,2.389333213164649,0.39,0.39269908169872414,9.81,1,1,8,21,41,-3.0,3.0,0.01,30.0,60.0,1e-09,1e-12,6,0.0001,1,rimless_wheel_roa_gamma_0.390.csv,99.9846637527797
18,1,0.7041592653589793,-2.85,0.8,rolling,6.3299999999999095,0.0006211578550788001,2.3893539550064635,20,19,1,2.389331373370986,0.39,0.39269908169872414,9.81,1,1,8,21,41,-3.0,3.0,0.01,30.0,60.0,1e-09,1e-12,6,0.0001,1,rimless_wheel_roa_gamma_0.390.csv,99.9846637527797
18,2,0.7041592653589793,-2.7,0.8,rolling,6.349999999999909,0.0009759031731733096,2.3893549521483846,20,19,1,2.389329630066916,0.39,0.39269908169872414,9.81,1,1,8,21,41,-3.0,3.0,0.01,30.0,60.0,1e-09,1e-12,6,0.0001,1,rimless_wheel_roa_gamma_0.390.csv,99.9846637527797
18,3,0.7041592653589793,-2.55,0.8,rolling,6.399999999999908,0.013600237376006043,2.389732513108393,20,19,1,2.3893279790934057,0.39,0.39269908169872414,9.81,1,1,8,21,41,-3.0,3.0,0.01,30.0,60.0,1e-09,1e-12,6,0.0001,1,rimless_wheel_roa_gamma_0.390.csv,99.9846637527797
18,4,0.7041592653589793,-2.4,0.8,rolling,6.489999999999906,0.011200949251646976,2.3896102300197293,20,19,1,2.3893264236734897,0.39,0.39269908169872414,9.81,1,1,8,21,41,-3.0,3.0,0.01,30.0,60.0,1e-09,1e-12,6,0.0001,1,rimless_wheel_roa_gamma_0.390.csv,99.9846637527797
18,5,0.7041592653589793,-2.25,0.8,rolling,6.719999999999901,0.0009987233272668546,2.38935459825609,20,19,1,2.3893249615067518,0.39,0.39269908169872414,9.81,1,1,8,21,41,-3.0,3.0,0.01,30.0,60.0,1e-09,1e-12,6,0.0001,1,rimless_wheel_roa_gamma_0.390.csv,99.9846637527797
18,6,0.7041592653589793,-2.1,0.8,rolling,6.499999999999906,0.013166192309804124,2.38970809600183,18,18,0,2.389321982491526,0.39,0.39269908169872414,9.81,1,1,8,21,41,-3.0,3.0,0.01,30.0,60.0,1e-09,1e-12,6,0.0001,1,rimless_wheel_roa_gamma_0.390.csv,99.9846637527797
18,7,0.7041592653589793,-1.95,0.8,rolling,6.119999999999914,0.01875965594083114,2.3900741046129075,18,18,0,2.389316889774662,0.39,0.39269908169872414,9.81,1,1,8,21,41,-3.0,3.0,0.01,30.0,60.0,1e-09,1e-12,6,0.0001,1,rimless_wheel_roa_gamma_0.390.csv,99.9846637527797
18,8,0.7041592653589793,-1.8,0.8,rolling,5.959999999999917,0.008813510792337935,2.3895107898887535,18,18,0,2.3893121756122526,0.39,0.39269908169872414,9.81,1,1,8,21,41,-3.0,3.0,0.01,30.0,60.0,1e-09,1e-12,6,0.0001,1,rimless_wheel_roa_gamma_0.390.csv,99.9846637527797
18,9,0.7041592653589793,-1.6500000000000001,0.8,rolling,5.8599999999999195,-0.00261015920044563,2.389364905989673,18,18,0,2.389307836546521,0.39,0.39269908169872414,9.81,1,1,8,21,41,-3.0,3.0,0.01,30.0,60.0,1e-09,1e-12,6,0.0001,1,rimless_wheel_roa_gamma_0.390.csv,99.9846637527797
18,10,0.7041592653589793,-1.5,0.8,rolling,6.089999999999915,0.014546888463505481,2.3897881484751333,19,19,0,2.3893379309903344,0.39,0.39269908169872414,9.81,1,1,8,21,41,-3.0,3.0,0.01,30.0,60.0,1e-09,1e-12,6,0.0001,1,rimless_wheel_roa_gamma_0.390.csv,99.9846637527797
18,11,0.7041592653589793,-1.35,0.8,rolling,6.039999999999916,0.012814953913521485,2.389690712108469,19,19,0,2.3893361393288615,0.39,0.39269908169872414,9.81,1,1,8,21,41,-3.0,3.0,0.01,30.0,60.0,1e-09,1e-12,6,0.0001,1,rimless_wheel_roa_gamma_0.390.csv,99.9846637527797
18,12,0.7041592653589793,-1.2000000000000002,0.8,rolling,5.9999999999999165,0.00799726078149447,2.3894847529082255,19,19,0,2.389334536472573,0.39,0.39269908169872414,9.81,1,1,8,21,41,-3.0,3.0,0.01,30.0,60.0,1e-09,1e-12,6,0.0001,1,rimless_wheel_roa_gamma_0.390.csv,99.9846637527797
18,13,0.7041592653589793,-1.05,0.8,rolling,5.969999999999917,0.008009750793570422,2.389485027662829,19,19,0,2.3893331210470654,0.39,0.39269908169872414,9.81,1,1,8,21,41,-3.0,3.0,0.01,30.0,60.0,1e-09,1e-12,6,0.0001,1,rimless_wheel_roa_gamma_0.390.csv,99.9846637527797
18,14,0.7041592653589793,-0.8999999999999999,0.8,rolling,5.949999999999918,0.018094096010006434,2.3900251954991063,19,19,0,2.3893318948607423,0.39,0.39269908169872414,9.81,1,1,8,21,41,-3.0,3.0,0.01,30.0,60.0,1e-09,1e-12,6,0.0001,1,rimless_wheel_roa_gamma_0.390.csv,99.9846637527797
18,15,0.7041592653589793,-0.75,0.8,rolling,5.929999999999918,0.018375476661213887,2.390046156795622,19,19,0,2.3893308584995503,0.39,0.39269908169872414,9.81,1,1,8,21,41,-3.0,3.0,0.01,30.0,60.0,1e-09,1e-12,6,0.0001,1,rimless_wheel_roa_gamma_0.390.csv,99.9846637527797
18,16,0.7041592653589793,-0.6000000000000001,0.8,rolling,5.909999999999918,0.012440871772352527,2.3896707401746,19,19,0,2.389330010726017,0.39,0.39269908169872414,9.81,1,1,8,21,41,-3.0,3.0,0.01,30.0,60.0,1e-09,1e-12,6,0.0001,1,rimless_wheel_roa_gamma_0.390.csv,99.9846637527797
18,17,0.7041592653589793,-0.4500000000000002,0.8,rolling,5.889999999999919,0.0038716221946536455,2.38938373991336,19,19,0,2.3893293500834636,0.39,0.39269908169872414,9.81,1,1,8,21,41,-3.0,3.0,0.01,30.0,60.0,1e-09,1e-12,6,0.0001,1,rimless_wheel_roa_gamma_0.390.csv,99.9846637527797
18,18,0.7041592653589793,-0.30000000000000027,0.8,rolling,5.879999999999919,0.02024654484761769,2.390194260042368,19,19,0,2.3893288781921878,0.39,0.39269908169872414,9.81,1,1,8,21,41,-3.0,3.0,0.01,30.0,60.0,1e-09,1e-12,6,0.0001,1,rimless_wheel_roa_gamma_0.390.csv,99.9846637527797
18,19,0.7041592653589793,-0.1499999999999999,0.8,rolling,5.8599999999999195,0.01729810974132442,2.389967068552023,19,19,0,2.389328595267301,0.39,0.39269908169872414,9.81,1,1,8,21,41,-3.0,3.0,0.01,30.0,60.0,1e-09,1e-12,6,0.0001,1,rimless_wheel_roa_gamma_0.390.csv,99.9846637527797
18,20,0.7041592653589793,0.0,0.8,rolling,5.82999999999992,-0.0022073931985017096,2.3893628899945245,19,19,0,2.389328499716911,0.39,0.39269908169872414,9.81,1,1,8,21,41,-3.0,3.0,0.01,30.0,60.0,1e-09,1e-12,6,0.0001,1,rimless_wheel_roa_gamma_0.390.csv,99.9846637527797
18,21,0.7041592653589793,0.1499999999999999,0.8,rolling,5.809999999999921,0.010853070275096723,2.389594687335619,19,19,0,2.389328594710878,0.39,0.39269908169872414,9.81,1,1,8,21,41,-3.0,3.0,0.01,30.0,60.0,1e-09,1e-12,6,0.0001,1,rimless_wheel_roa_gamma_0.390.csv,99.9846637527797
18,22,0.7041592653589793,0.2999999999999998,0.8,rolling,5.779999999999921,0.008312801652509187,2.3894947787805885,19,19,0,2.389328878696315,0.39,0.39269908169872414,9.81,1,1,8,21,41,-3.0,3.0,0.01,30.0,60.0,1e-09,1e-12,6,0.0001,1,rimless_wheel_roa_gamma_0.390.csv,99.9846637527797
18,23,0.7041592653589793,0.44999999999999973,0.8,rolling,5.749999999999922,0.012320554850490516,2.3896645606253073,19,19,0,2.3893293500514083,0.39,0.39269908169872414,9.81,1,1,8,21,41,-3.0,3.0,0.01,30.0,60.0,1e-09,1e-12,6,0.0001,1,rimless_wheel_roa_gamma_0.390.csv,99.9846637527797
18,24,0.7041592653589793,0.5999999999999996,0.8,rolling,5.7199999999999225,0.02050160511168417,2.390215693817864,19,19,0,2.389330009342561,0.39,0.39269908169872414,9.81,1,1,8,21,41,-3.0,3.0,0.01,30.0,60.0,1e-09,1e-12,6,0.0001,1,rimless_wheel_roa_gamma_0.390.csv,99.9846637527797
18,25,0.7041592653589793,0.75,0.8,rolling,5.679999999999923,0.0066484025625050125,2.3894438487628005,19,19,0,2.389330858802704,0.39,0.39269908169872414,9.81,1,1,8,21,41,-3.0,3.0,0.01,30.0,60.0,1e-09,1e-12,6,0.0001,1,rimless_wheel_roa_gamma_0.390.csv,99.9846637527797
18,26,0.7041592653589793,0.8999999999999999,0.8,rolling,5.649999999999924,0.016710703307406437,2.389926384775665,19,19,0,2.389331895744121,0.39,0.39269908169872414,9.81,1,1,8,21,41,-3.0,3.0,0.01,30.0,60.0,1e-09,1e-12,6,0.0001,1,rimless_wheel_roa_gamma_0.390.csv,99.9846637527797
18,27,0.7041592653589793,1.0499999999999998,0.8,rolling,5.609999999999925,0.0016125279874815227,2.3893586666126385,19,19,0,2.389333121602865,0.39,0.39269908169872414,9.81,1,1,8,21,41,-3.0,3.0,0.01,30.0,60.0,1e-09,1e-12,6,0.0001,1,rimless_wheel_roa_gamma_0.390.csv,99.9846637527797
18,28,0.7041592653589793,1.2000000000000002,0.8,rolling,5.5799999999999255,0.008355329408387992,2.3894967720768134,19,19,0,2.3893345362427483,0.39,0.39269908169872414,9.81,1,1,8,21,41,-3.0,3.0,0.01,30.0,60.0,1e-09,1e-12,6,0.0001,1,rimless_wheel_roa_gamma_0.390.csv,99.9846637527797
18,29,0.7041592653589793,1.3499999999999996,0.8,rolling,5.549999999999926,0.012622310156166635,2.3896806543252525,19,19,0,2.389336139019319,0.39,0.39269908169872414,9.81,1,1,8,21,41,-3.0,3.0,0.01,30.0,60.0,1e-09,1e-12,6,0.0001,1,rimless_wheel_roa_gamma_0.390.csv,99.9846637527797
18,30,0.7041592653589793,1.5,0.8,rolling,5.519999999999927,0.014239027303290876,2.389769960344506,19,19,0,2.3893379315650543,0.39,0.39269908169872414,9.81,1,1,8,21,41,-3.0,3.0,0.01,30.0,60.0,1e-09,1e-12,6,0.0001,1,rimless_wheel_roa_gamma_0.390.csv,99.9846637527797
18,31,0.7041592653589793,1.6499999999999995,0.8,rolling,5.199999999999934,0.011150999536456445,2.3896061655547065,18,18,0,2.389307836909421,0.39,0.39269908169872414,9.81,1,1,8,21,41,-3.0,3.0,0.01,30.0,60.0,1e-09,1e-12,6,0.0001,1,rimless_wheel_roa_gamma_0.390.csv,99.9846637527797
18,32,0.7041592653589793,1.7999999999999998,0.8,rolling,5.169999999999934,0.0075005055626402774,2.38946681986305,18,18,0,2.3893121756495477,0.39,0.39269908169872414,9.81,1,1,8,21,41,-3.0,3.0,0.01,30.0,60.0,1e-09,1e-12,6,0.0001,1,rimless_wheel_roa_gamma_0.390.csv,99.9846637527797
18,33,0.7041592653589793,1.9500000000000002,0.8,rolling,5.139999999999935,0.0013721485334880022,2.3893556487956062,18,18,0,2.3893168901638187,0.39,0.39269908169872414,9.81,1,1,8,21,41,-3.0,3.0,0.01,30.0,60.0,1e-09,1e-12,6,0.0001,1,rimless_wheel_roa_gamma_0.390.csv,99.9846637527797
18,34,0.7041592653589793,2.0999999999999996,0.8,rolling,5.119999999999935,0.01680212059006392,2.3899317285687434,18,18,0,2.389321982750808,0.39,0.39269908169872414,9.81,1,1,8,21,41,-3.0,3.0,0.01,30.0,60.0,1e-09,1e-12,6,0.0001,1,rimless_wheel_roa_gamma_0.390.csv,99.9846637527797
18,35,0.7041592653589793,2.25,0.8,rolling,5.089999999999936,0.006146710041591693,2.389430346473147,18,18,0,2.3893274500993353,0.39,0.39269908169872414,9.81,1,1,8,21,41,-3.0,3.0,0.01,30.0,60.0,1e-09,1e-12,6,0.0001,1,rimless_wheel_roa_gamma_0.390.csv,99.9846637527797
18,36,0.7041592653589793,2.3999999999999995,0.8,rolling,5.069999999999936,0.017342989097195456,2.3899707047260197,18,18,0,2.389333297381224,0.39,0.39269908169872414,9.81,1,1,8,21,41,-3.0,3.0,0.01,30.0,60.0,1e-09,1e-12,6,0.0001,1,rimless_wheel_roa_gamma_0.390.csv,99.9846637527797
18,37,0.7041592653589793,2.55,0.8,rolling,4.749999999999943,0.0007003894569994873,2.389351852156389,17,17,0,2.3893070562895278,0.39,0.39269908169872414,9.81,1,1,8,21,41,-3.0,3.0,0.01,30.0,60.0,1e-09,1e-12,6,0.0001,1,rimless_wheel_roa_gamma_0.390.csv,99.9846637527797
18,38,0.7041592653589793,2.7,0.8,rolling,4.729999999999944,0.008207753850037672,2.3894903936727183,17,17,0,2.3893202595769742,0.39,0.39269908169872414,9.81,1,1,8,21,41,-3.0,3.0,0.01,30.0,60.0,1e-09,1e-12,6,0.0001,1,rimless_wheel_roa_gamma_0.390.csv,99.9846637527797
18,39,0.7041592653589793,2.8499999999999996,0.8,rolling,4.709999999999944,0.014052743255786017,2.3897587909788336,17,17,0,2.3893342159041375,0.39,0.39269908169872414,9.81,1,1,8,21,41,-3.0,3.0,0.01,30.0,60.0,1e-09,1e-12,6,0.0001,1,rimless_wheel_roa_gamma_0.390.csv,99.9846637527797
18,40,0.7041592653589793,3.0,0.8,rolling,4.399999999999951,0.016306115414036544,2.3898983964662865,16,16,0,2.3893258666290094,0.39,0.39269908169872414,9.81,1,1,8,21,41,-3.0,3.0,0.01,30.0,60.0,1e-09,1e-12,6,0.0001,1,rimless_wheel_roa_gamma_0.390.csv,99.9846637527797
19,0,0.7434291735288517,-3.0,0.9,rolling,6.339999999999909,-0.00016960004210823032,2.3893532958881147,20,19,1,2.3893321444810955,0.39,0.39269908169872414,9.81,1,1,8,21,41,-3.0,3.0,0.01,30.0,60.0,1e-09,1e-12,6,0.0001,1,rimless_wheel_roa_gamma_0.390.csv,99.9846637527797
19,1,0.7434291735288517,-2.85,0.9,rolling,6.359999999999909,0.015797792864293357,2.3898653279921738,20,19,1,2.3893303054216926,0.39,0.39269908169872414,9.81,1,1,8,21,41,-3.0,3.0,0.01,30.0,60.0,1e-09,1e-12,6,0.0001,1,rimless_wheel_roa_gamma_0.390.csv,99.9846637527797
19,2,0.7434291735288517,-2.7,0.9,rolling,6.389999999999908,0.001489900620787057,2.389357451365681,20,19,1,2.389328559236287,0.39,0.39269908169872414,9.81,1,1,8,21,41,-3.0,3.0,0.01,30.0,60.0,1e-09,1e-12,6,0.0001,1,rimless_wheel_roa_gamma_0.390.csv,99.9846637527797
19,3,0.7434291735288517,-2.55,0.9,rolling,6.4699999999999065,0.013707712847454482,2.38973843431876,20,19,1,2.3893269103181303,0.39,0.39269908169872414,9.81,1,1,8,21,41,-3.0,3.0,0.01,30.0,60.0,1e-09,1e-12,6,0.0001,1,rimless_wheel_roa_gamma_0.390.csv,99.9846637527797
19,4,0.7434291735288517,-2.4,0.9,rolling,6.639999999999903,-0.0007762667192064239,2.38935382657335,20,19,1,2.389325353771627,0.39,0.39269908169872414,9.81,1,1,8,21,41,-3.0,3.0,0.01,30.0,60.0,1e-09,1e-12,6,0.0001,1,rimless_wheel_roa_gamma_0.390.csv,99.9846637527797
19,5,0.7434291735288517,-2.25,0.9,rolling,6.7699999999999,0.0019074032768258429,2.3893598504372897,18,18,0,2.3893231746949586,0.39,0.39269908169872414,9.81,1,1,8,21,41,-3.0,3.0,0.01,30.0,60.0,1e-09,1e-12,6,0.0001,1,rimless_wheel_roa_gamma_0.390.csv,99.9846637527797
19,6,0.7434291735288517,-2.1,0.9,rolling,6.169999999999913,0.002902505335504224,2.389369154891582,18,18,0,2.389317706053685,0.39,0.39269908169872414,9.81,1,1,8,21,41,-3.0,3.0,0.01,30.0,60.0,1e-09,1e-12,6,0.0001,1,rimless_wheel_roa_gamma_0.390.csv,99.9846637527797
19,7,0.7434291735288517,-1.95,0.9,rolling,5.989999999999917,0.0030386496539498847,2.389370331658657,18,18,0,2.389312613356664,0.39,0.39269908169872414,9.81,1,1,8,21,41,-3.0,3.0,0.01,30.0,60.0,1e-09,1e-12,6,0.0001,1,rimless_wheel_roa_gamma_0.390.csv,99.9846637527797
19,8,0.7434291735288517,-1.8,0.9,rolling,5.889999999999919,0.011943043786274685,2.3896437168185156,18,18,0,2.3893078983615053,0.39,0.39269908169872414,9.81,1,1,8,21,41,-3.0,3.0,0.01,30.0,60.0,1e-09,1e-12,6,0.0001,1,rimless_wheel_roa_gamma_0.390.csv,99.9846637527797
19,9,0.7434291735288517,-1.6500000000000001,0.9,rolling,6.109999999999914,0.013720840065869652,2.3897402082140347,19,19,0,2.389337772897759,0.39,0.39269908169872414,9.81,1,1,8,21,41,-3.0,3.0,0.01,30.0,60.0,1e-09,1e-12,6,0.0001,1,rimless_wheel_roa_gamma_0.390.csv,99.9846637527797
19,10,0.7434291735288517,-1.5,0.9,rolling,6.059999999999915,0.014641802206055075,2.3897936296064164,19,19,0,2.3893357923403857,0.39,0.39269908169872414,9.81,1,1,8,21,41,-3.0,3.0,0.01,30.0,60.0,1e-09,1e-12,6,0.0001,1,rimless_wheel_roa_gamma_0.390.csv,99.9846637527797
19,11,0.7434291735288517,-1.35,0.9,rolling,6.019999999999916,0.008453233682683225,2.3895000993182096,19,19,0,2.389334000887627,0.39,0.39269908169872414,9.81,1,1,8,21,41,-3.0,3.0,0.01,30.0,60.0,1e-09,1e-12,6,0.0001,1,rimless_wheel_roa_gamma_0.390.csv,99.9846637527797
19,12,0.7434291735288517,-1.2000000000000002,0.9,rolling,5.989999999999917,0.0035142970956346838,2.3893786117178766,19,19,0,2.3893323977223955,0.39,0.39269908169872414,9.81,1,1,8,21,41,-3.0,3.0,0.01,30.0,60.0,1e-09,1e-12,6,0.0001,1,rimless_wheel_roa_gamma_0.390.csv,99.9846637527797
19,13,0.7434291735288517,-1.05,0.9,rolling,5.969999999999917,0.004842851006109843,2.3894012714577646,19,19,0,2.3893309833856335,0.39,0.39269908169872414,9.81,1,1,8,21,41,-3.0,3.0,0.01,30.0,60.0,1e-09,1e-12,6,0.0001,1,rimless_wheel_roa_gamma_0.390.csv,99.9846637527797
19,14,0.7434291735288517,-0.8999999999999999,0.9,rolling,5.959999999999917,0.015862944944904516,2.389869507555115,19,19,0,2.3893297570702363,0.39,0.39269908169872414,9.81,1,1,8,21,41,-3.0,3.0,0.01,30.0,60.0,1e-09,1e-12,6,0.0001,1,rimless_wheel_roa_gamma_0.390.csv,99.9846637527797
19,15,0.7434291735288517,-0.75,0.9,rolling,5.949999999999918,0.015541980431331762,2.3898487214820343,19,19,0,2.3893287209381495,0.39,0.39269908169872414,9.81,1,1,8,21,41,-3.0,3.0,0.01,30.0,60.0,1e-09,1e-12,6,0.0001,1,rimless_wheel_roa_gamma_0.390.csv,99.9846637527797
19,16,0.7434291735288517,-0.6000000000000001,0.9,rolling,5.939999999999918,0.007047034257596478,2.38945477317141,19,19,0,2.389327872198777,0.39,0.39269908169872414,9.81,1,1,8,21,41,-3.0,3.0,0.01,30.0,60.0,1e-09,1e-12,6,0.0001,1,rimless_wheel_roa_gamma_0.390.csv,99.9846637527797
19,17,0.7434291735288517,-0.4500000000000002,0.9,rolling,5.939999999999918,0.01863688621508676,2.3900656641897795,19,19,0,2.3893272115148037,0.39,0.39269908169872414,9.81,1,1,8,21,41,-3.0,3.0,0.01,30.0,60.0,1e-09,1e-12,6,0.0001,1,rimless_wheel_roa_gamma_0.390.csv,99.9846637527797
19,18,0.7434291735288517,-0.30000000000000027,0.9,rolling,5.929999999999918,0.008834355821589736,2.389512930117235,19,19,0,2.3893267389999444,0.39,0.39269908169872414,9.81,1,1,8,21,41,-3.0,3.0,0.01,30.0,60.0,1e-09,1e-12,6,0.0001,1,rimless_wheel_roa_gamma_0.390.csv,99.9846637527797
19,19,0.7434291735288517,-0.1499999999999999,0.9,rolling,5.919999999999918,0.009661530344368981,2.389544308139469,19,19,0,2.3893264573791506,0.39,0.39269908169872414,9.81,1,1,8,21,41,-3.0,3.0,0.01,30.0,60.0,1e-09,1e-12,6,0.0001,1,rimless_wheel_roa_gamma_0.390.csv,99.9846637527797
19,20,0.7434291735288517,0.0,0.9,rolling,5.899999999999919,0.004965236358781523,2.389403296219043,19,19,0,2.389326364112787,0.39,0.39269908169872414,9.81,1,1,8,21,41,-3.0,3.0,0.01,30.0,60.0,1e-09,1e-12,6,0.0001,1,rimless_wheel_roa_gamma_0.390.csv,99.9846637527797
19,21,0.7434291735288517,0.1499999999999999,0.9,rolling,5.869999999999919,-0.0017136335296987712,2.3893587211801335,19,19,0,2.389326456904868,0.39,0.39269908169872414,9.81,1,1,8,21,41,-3.0,3.0,0.01,30.0,60.0,1e-09,1e-12,6,0.0001,1,rimless_wheel_roa_gamma_0.390.csv,99.9846637527797
19,22,0.7434291735288517,0.2999999999999998,0.9,rolling,5.83999999999992,0.010785512904541189,2.389591510817874,19,19,0,2.3893267408115206,0.39,0.39269908169872414,9.81,1,1,8,21,41,-3.0,3.0,0.01,30.0,60.0,1e-09,1e-12,6,0.0001,1,rimless_wheel_roa_gamma_0.390.csv,99.9846637527797
19,23,0.7434291735288517,0.44999999999999973,0.9,rolling,5.799999999999921,0.011680561341390096,2.389632828544742,19,19,0,2.3893272116146016,0.39,0.39269908169872414,9.81,1,1,8,21,41,-3.0,3.0,0.01,30.0,60.0,1e-09,1e-12,6,0.0001,1,rimless_wheel_roa_gamma_0.390.csv,99.9846637527797
19,24,0.7434291735288517,0.5999999999999996,0.9,rolling,5.759999999999922,0.01769813560567191,2.3899957274292816,19,19,0,2.3893278703335366,0.39,0.39269908169872414,9.81,1,1,8,21,41,-3.0,3.0,0.01,30.0,60.0,1e-09,1e-12,6,0.0001,1,rimless_wheel_roa_gamma_0.390.csv,99.9846637527797
19,25,0.7434291735288517,0.75,0.9,rolling,5.709999999999923,-0.0002505898255918469,2.3893530376723824,19,19,0,2.3893287193834416,0.39,0.39269908169872414,9.81,1,1,8,21,41,-3.0,3.0,0.01,30.0,60.0,1e-09,1e-12,6,0.0001,1,rimless_wheel_roa_gamma_0.390.csv,99.9846637527797
19,26,0.7434291735288517,0.8999999999999999,0.9,rolling,5.6699999999999235,0.0026536776293132084,2.3893674662417874,19,19,0,2.3893297579475674,0.39,0.39269908169872414,9.81,1,1,8,21,41,-3.0,3.0,0.01,30.0,60.0,1e-09,1e-12,6,0.0001,1,rimless_wheel_roa_gamma_0.390.csv,99.9846637527797
19,27,0.7434291735288517,1.0499999999999998,0.9,rolling,5.629999999999924,0.0011484112751388698,2.3893558334474467,19,19,0,2.3893309838404,0.39,0.39269908169872414,9.81,1,1,8,21,41,-3.0,3.0,0.01,30.0,60.0,1e-09,1e-12,6,0.0001,1,rimless_wheel_roa_gamma_0.390.csv,99.9846637527797
19,28,0.7434291735288517,1.2000000000000002,0.9,rolling,5.599999999999925,0.018709647377758182,2.390071732762759,19,19,0,2.3893323974919554,0.39,0.39269908169872414,9.81,1,1,8,21,41,-3.0,3.0,0.01,30.0,60.0,1e-09,1e-12,6,0.0001,1,rimless_wheel_roa_gamma_0.390.csv,99.9846637527797
19,29,0.7434291735288517,1.3499999999999996,0.9,rolling,5.559999999999926,0.0076174327775355745,2.3894725267375265,19,19,0,2.3893340001858223,0.39,0.39269908169872414,9.81,1,1,8,21,41,-3.0,3.0,0.01,30.0,60.0,1e-09,1e-12,6,0.0001,1,rimless_wheel_roa_gamma_0.390.csv,99.9846637527797
19,30,0.7434291735288517,1.5,0.9,rolling,5.5299999999999265,0.015962424803454323,2.3898765793661694,19,19,0,2.3893357926026315,0.39,0.39269908169872414,9.81,1,1,8,21,41,-3.0,3.0,0.01,30.0,60.0,1e-09,1e-12,6,0.0001,1,rimless_wheel_roa_gamma_0.390.csv,99.9846637527797
19,31,0.7434291735288517,1.6499999999999995,0.9,rolling,5.499999999999927,0.020227050722722417,2.3901934881742206,19,19,0,2.3893377735063854,0.39,0.39269908169872414,9.81,1,1,8,21,41,-3.0,3.0,0.01,30.0,60.0,1e-09,1e-12,6,0.0001,1,rimless_wheel_roa_gamma_0.390.csv,99.9846637527797
19,32,0.7434291735288517,1.7999999999999998,0.9,rolling,5.179999999999934,0.01876291340396176,2.390073497480008,18,18,0,2.3893078979828055,0.39,0.39269908169872414,9.81,1,1,8,21,41,-3.0,3.0,0.01,30.0,60.0,1e-09,1e-12,6,0.0001,1,rimless_wheel_roa_gamma_0.390.csv,99.9846637527797
19,33,0.7434291735288517,1.9500000000000002,0.9,rolling,5.149999999999935,0.016007091988529943,2.3898773040971983,18,18,0,2.3893126125848245,0.39,0.39269908169872414,9.81,1,1,8,21,41,-3.0,3.0,0.01,30.0,60.0,1e-09,1e-12,6,0.0001,1,rimless_wheel_roa_gamma_0.390.csv,99.9846637527797
19,34,0.7434291735288517,2.0999999999999996,0.9,rolling,5.119999999999935,0.010254657138846856,2.3895677221634775,18,18,0,2.3893177047958645,0.39,0.39269908169872414,9.81,1,1,8,21,41,-3.0,3.0,0.01,30.0,60.0,1e-09,1e-12,6,0.0001,1,rimless_wheel_roa_gamma_0.390.csv,99.9846637527797
19,35,0.7434291735288517,2.25,0.9,rolling,5.089999999999936,0.0017976824327578496,2.3893590156046853,18,18,0,2.3893231743899688,0.39,0.39269908169872414,9.81,1,1,8,21,41,-3.0,3.0,0.01,30.0,60.0,1e-09,1e-12,6,0.0001,1,rimless_wheel_roa_gamma_0.390.csv,99.9846637527797
19,36,0.7434291735288517,2.3999999999999995,0.9,rolling,5.069999999999936,0.01478489579163074,2.3898016284669734,18,18,0,2.3893290225421997,0.39,0.39269908169872414,9.81,1,1,8,21,41,-3.0,3.0,0.01,30.0,60.0,1e-09,1e-12,6,0.0001,1,rimless_wheel_roa_gamma_0.390.csv,99.9846637527797
19,37,0.7434291735288517,2.55,0.9,rolling,5.039999999999937,0.0016474860015076144,2.3893591019172975,18,18,0,2.3893352447759035,0.39,0.39269908169872414,9.81,1,1,8,21,41,-3.0,3.0,0.01,30.0,60.0,1e-09,1e-12,6,0.0001,1,rimless_wheel_roa_gamma_0.390.csv,99.9846637527797
19,38,0.7434291735288517,2.7,0.9,rolling,4.729999999999944,0.00833260827225016,2.3894938209903103,17,17,0,2.3893117070632504,0.39,0.39269908169872414,9.81,1,1,8,21,41,-3.0,3.0,0.01,30.0,60.0,1e-09,1e-12,6,0.0001,1,rimless_wheel_roa_gamma_0.390.csv,99.9846637527797
19,39,0.7434291735288517,2.8499999999999996,0.9,rolling,4.709999999999944,0.015183584177609195,2.3898258288832226,17,17,0,2.3893256613544263,0.39,0.39269908169872414,9.81,1,1,8,21,41,-3.0,3.0,0.01,30.0,60.0,1e-09,1e-12,6,0.0001,1,rimless_wheel_roa_gamma_0.390.csv,99.9846637527797
19,40,0.7434291735288517,3.0,0.9,rolling,4.399999999999951,0.018275794818038166,2.3900365539117607,16,16,0,2.389308758727155,0.39,0.39269908169872414,9.81,1,1,8,21,41,-3.0,3.0,0.01,30.0,60.0,1e-09,1e-12,6,0.0001,1,rimless_wheel_roa_gamma_0.390.csv,99.9846637527797
20,0,0.7826990816987242,-3.0,1.0,rolling,6.359999999999909,0.0021679325021691197,2.38936277567394,20,19,1,2.389331026530453,0.39,0.39269908169872414,9.81,1,1,8,21,41,-3.0,3.0,0.01,30.0,60.0,1e-09,1e-12,6,0.0001,1,rimless_wheel_roa_gamma_0.390.csv,99.9846637527797
20,1,0.7826990816987242,-2.85,1.0,rolling,6.389999999999908,0.007393354598018802,2.3894651641364506,20,19,1,2.389329189267091,0.39,0.39269908169872414,9.81,1,1,8,21,41,-3.0,3.0,0.01,30.0,60.0,1e-09,1e-12,6,0.0001,1,rimless_wheel_roa_gamma_0.390.csv,99.9846637527797
20,2,0.7826990816987242,-2.7,1.0,rolling,6.449999999999907,0.004525309220311414,2.3893948266597573,20,19,1,2.3893274441614767,0.39,0.39269908169872414,9.81,1,1,8,21,41,-3.0,3.0,0.01,30.0,60.0,1e-09,1e-12,6,0.0001,1,rimless_wheel_roa_gamma_0.390.csv,99.9846637527797
20,3,0.7826990816987242,-2.55,1.0,rolling,6.589999999999904,0.012013341163884528,2.3896488764947073,20,19,1,2.389325793587297,0.39,0.39269908169872414,9.81,1,1,8,21,41,-3.0,3.0,0.01,30.0,60.0,1e-09,1e-12,6,0.0001,1,rimless_wheel_roa_gamma_0.390.csv,99.9846637527797
20,4,0.7826990816987242,-2.4,1.0,rolling,7.349999999999888,0.007515269795849627,2.3894684218105806,20,19,1,2.3893242380751794,0.39,0.39269908169872414,9.81,1,1,8,21,41,-3.0,3.0,0.01,30.0,60.0,1e-09,1e-12,6,0.0001,1,rimless_wheel_roa_gamma_0.390.csv,99.9846637527797
20,5,0.7826990816987242,-2.25,1.0,rolling,6.239999999999911,0.00045736864514355066,2.389352384828614,18,18,0,2.3893187115926504,0.39,0.39269908169872414,9.81,1,1,8,21,41,-3.0,3.0,0.01,30.0,60.0,1e-09,1e-12,6,0.0001,1,rimless_wheel_roa_gamma_0.390.csv,99.9846637527797
20,6,0.7826990816987242,-2.1,1.0,rolling,6.029999999999916,0.01148203611716892,2.3896220593037567,18,18,0,2.389313242308527,0.39,0.39269908169872414,9.81,1,1,8,21,41,-3.0,3.0,0.01,30.0,60.0,1e-09,1e-12,6,0.0001,1,rimless_wheel_roa_gamma_0.390.csv,99.9846637527797
20,7,0.7826990816987242,-1.95,1.0,rolling,5.909999999999918,-0.0013760710457580499,2.3893548392099913,18,18,0,2.3893081504715963,0.39,0.39269908169872414,9.81,1,1,8,21,41,-3.0,3.0,0.01,30.0,60.0,1e-09,1e-12,6,0.0001,1,rimless_wheel_roa_gamma_0.390.csv,99.9846637527797
20,8,0.7826990816987242,-1.8,1.0,rolling,6.129999999999914,0.011249069023079589,2.3896135203168885,19,19,0,2.389337710613955,0.39,0.39269908169872414,9.81,1,1,8,21,41,-3.0,3.0,0.01,30.0,60.0,1e-09,1e-12,6,0.0001,1,rimless_wheel_roa_gamma_0.390.csv,99.9846637527797
20,9,0.7826990816987242,-1.6500000000000001,1.0,rolling,6.079999999999915,0.016009865447776384,2.389879668958308,19,19,0,2.3893355408431662,0.39,0.39269908169872414,9.81,1,1,8,21,41,-3.0,3.0,0.01,30.0,60.0,1e-09,1e-12,6,0.0001,1,rimless_wheel_roa_gamma_0.390.csv,99.9846637527797
20,10,0.7826990816987242,-1.5,1.0,rolling,6.039999999999916,0.008944099788112772,2.3895175843738783,19,19,0,2.3893335604807606,0.39,0.39269908169872414,9.81,1,1,8,21,41,-3.0,3.0,0.01,30.0,60.0,1e-09,1e-12,6,0.0001,1,rimless_wheel_roa_gamma_0.390.csv,99.9846637527797
20,11,0.7826990816987242,-1.35,1.0,rolling,6.009999999999916,-0.0012777352979830017,2.389356551190105,19,19,0,2.389331768912023,0.39,0.39269908169872414,9.81,1,1,8,21,41,-3.0,3.0,0.01,30.0,60.0,1e-09,1e-12,6,0.0001,1,rimless_wheel_roa_gamma_0.390.csv,99.9846637527797
20,12,0.7826990816987242,-1.2000000000000002,1.0,rolling,5.9999999999999165,0.013375292324024138,2.389720266447033,19,19,0,2.3893301667492293,0.39,0.39269908169872414,9.81,1,1,8,21,41,-3.0,3.0,0.01,30.0,60.0,1e-09,1e-12,6,0.0001,1,rimless_wheel_roa_gamma_0.390.csv,99.9846637527797
20,13,0.7826990816987242,-1.05,1.0,rolling,5.989999999999917,0.006397692523561151,2.389436935196607,19,19,0,2.3893287508934296,0.39,0.39269908169872414,9.81,1,1,8,21,41,-3.0,3.0,0.01,30.0,60.0,1e-09,1e-12,6,0.0001,1,rimless_wheel_roa_gamma_0.390.csv,99.9846637527797
20,14,0.7826990816987242,-0.8999999999999999,1.0,rolling,5.989999999999917,0.0005448434277468099,2.389353405113259,19,19,0,2.3893275263363476,0.39,0.39269908169872414,9.81,1,1,8,21,41,-3.0,3.0,0.01,30.0,60.0,1e-09,1e-12,6,0.0001,1,rimless_wheel_roa_gamma_0.390.csv,99.9846637527797
20,15,0.7826990816987242,-0.75,1.0,rolling,6.009999999999916,0.01569904872128782,2.389858579659953,19,19,0,2.389326488378512,0.39,0.39269908169872414,9.81,1,1,8,21,41,-3.0,3.0,0.01,30.0,60.0,1e-09,1e-12,6,0.0001,1,rimless_wheel_roa_gamma_0.390.csv,99.9846637527797
20,16,0.7826990816987242,-0.6000000000000001,1.0,rolling,6.039999999999916,0.019374358370415467,2.390123040025104,19,19,0,2.3893256401494996,0.39,0.39269908169872414,9.81,1,1,8,21,41,-3.0,3.0,0.01,30.0,60.0,1e-09,1e-12,6,0.0001,1,rimless_wheel_roa_gamma_0.390.csv,99.9846637527797
20,17,0.7826990816987242,-0.4500000000000002,1.0,rolling,6.089999999999915,0.017520552412968533,2.389982619388438,19,19,0,2.3893249810030244,0.39,0.39269908169872414,9.81,1,1,8,21,41,-3.0,3.0,0.01,30.0,60.0,1e-09,1e-12,6,0.0001,1,rimless_wheel_roa_gamma_0.390.csv,99.9846637527797
20,18,0.7826990816987242,-0.30000000000000027,1.0,rolling,6.179999999999913,0.015107372663554188,2.38982098138087,19,19,0,2.3893245076897625,0.39,0.39269908169872414,9.81,1,1,8,21,41,-3.0,3.0,0.01,30.0,60.0,1e-09,1e-12,6,0.0001,1,rimless_wheel_roa_gamma_0.390.csv,99.9846637527797
20,19,0.7826990816987242,-0.1499999999999999,1.0,rolling,6.369999999999909,0.010200278151783267,2.3895660604587503,19,19,0,2.389324225882297,0.39,0.39269908169872414,9.81,1,1,8,21,41,-3.0,3.0,0.01,30.0,60.0,1e-09,1e-12,6,0.0001,1,rimless_wheel_roa_gamma_0.390.csv,99.9846637527797
20,20,0.7826990816987242,0.0,1.0,settled,0.01,-0.002699081698724126,0.0,1,1,0,nan,0.39,0.39269908169872414,9.81,1,1,8,21,41,-3.0,3.0,0.01,30.0,60.0,1e-09,1e-12,6,0.0001,1,rimless_wheel_roa_gamma_0.390.csv,99.9846637527797
20,21,0.7826990816987242,0.1499999999999999,1.0,rolling,6.3299999999999095,0.01835593727555052,2.3900440519044373,19,19,0,2.3893242260707215,0.39,0.39269908169872414,9.81,1,1,8,21,41,-3.0,3.0,0.01,30.0,60.0,1e-09,1e-12,6,0.0001,1,rimless_wheel_roa_gamma_0.390.csv,99.9846637527797
20,22,0.7826990816987242,0.2999999999999998,1.0,rolling,6.089999999999915,0.00820798215105952,2.389490805666469,19,19,0,2.3893245080627383,0.39,0.39269908169872414,9.81,1,1,8,21,41,-3.0,3.0,0.01,30.0,60.0,1e-09,1e-12,6,0.0001,1,rimless_wheel_roa_gamma_0.390.csv,99.9846637527797
20,23,0.7826990816987242,0.44999999999999973,1.0,rolling,5.959999999999917,0.02087379750137029,2.390246812881272,19,19,0,2.389324979862947,0.39,0.39269908169872414,9.81,1,1,8,21,41,-3.0,3.0,0.01,30.0,60.0,1e-09,1e-12,6,0.0001,1,rimless_wheel_roa_gamma_0.390.csv,99.9846637527797
20,24,0.7826990816987242,0.5999999999999996,1.0,rolling,5.8599999999999195,0.011293579453859033,2.3896144307776743,19,19,0,2.3893256400555174,0.39,0.39269908169872414,9.81,1,1,8,21,41,-3.0,3.0,0.01,30.0,60.0,1e-09,1e-12,6,0.0001,1,rimless_wheel_roa_gamma_0.390.csv,99.9846637527797
20,25,0.7826990816987242,0.75,1.0,rolling,5.779999999999921,-0.0006696678192862834,2.389353619032947,19,19,0,2.38932648933985,0.39,0.39269908169872414,9.81,1,1,8,21,41,-3.0,3.0,0.01,30.0,60.0,1e-09,1e-12,6,0.0001,1,rimless_wheel_roa_gamma_0.390.csv,99.9846637527797
20,26,0.7826990816987242,0.8999999999999999,1.0,rolling,5.7199999999999225,0.004056318507398887,2.3893865729811172,19,19,0,2.3893275264718774,0.39,0.39269908169872414,9.81,1,1,8,21,41,-3.0,3.0,0.01,30.0,60.0,1e-09,1e-12,6,0.0001,1,rimless_wheel_roa_gamma_0.390.csv,99.9846637527797
20,27,0.7826990816987242,1.0499999999999998,1.0,rolling,5.6699999999999235,0.011602859263115191,2.3896292616748096,19,19,0,2.3893287523558255,0.39,0.39269908169872414,9.81,1,1,8,21,41,-3.0,3.0,0.01,30.0,60.0,1e-09,1e-12,6,0.0001,1,rimless_wheel_roa_gamma_0.390.csv,99.9846637527797
20,28,0.7826990816987242,1.2000000000000002,1.0,rolling,5.619999999999925,0.003982918136343514,2.389385612133552,19,19,0,2.389330165386814,0.39,0.39269908169872414,9.81,1,1,8,21,41,-3.0,3.0,0.01,30.0,60.0,1e-09,1e-12,6,0.0001,1,rimless_wheel_roa_gamma_0.390.csv,99.9846637527797
20,29,0.7826990816987242,1.3499999999999996,1.0,rolling,5.5799999999999255,0.008853853425898707,2.3895141180474244,19,19,0,2.3893317680969615,0.39,0.39269908169872414,9.81,1,1,8,21,41,-3.0,3.0,0.01,30.0,60.0,1e-09,1e-12,6,0.0001,1,rimless_wheel_roa_gamma_0.390.csv,99.9846637527797
20,30,0.7826990816987242,1.5,1.0,rolling,5.539999999999926,0.004855437382847474,2.3894017663469214,19,19,0,2.3893335611917785,0.39,0.39269908169872414,9.81,1,1,8,21,41,-3.0,3.0,0.01,30.0,60.0,1e-09,1e-12,6,0.0001,1,rimless_wheel_roa_gamma_0.390.csv,99.9846637527797
20,31,0.7826990816987242,1.6499999999999995,1.0,rolling,5.509999999999927,0.017664280354721448,2.389994003418146,19,19,0,2.3893355421255156,0.39,0.39269908169872414,9.81,1,1,8,21,41,-3.0,3.0,0.01,30.0,60.0,1e-09,1e-12,6,0.0001,1,rimless_wheel_roa_gamma_0.390.csv,99.9846637527797
20,32,0.7826990816987242,1.7999999999999998,1.0,rolling,5.469999999999928,0.0007825409620628287,2.389355024222616,19,19,0,2.389337710884232,0.39,0.39269908169872414,9.81,1,1,8,21,41,-3.0,3.0,0.01,30.0,60.0,1e-09,1e-12,6,0.0001,1,rimless_wheel_roa_gamma_0.390.csv,99.9846637527797
20,33,0.7826990816987242,1.9500000000000002,1.0,rolling,5.149999999999935,0.0009329329623257924,2.38935273906167,18,18,0,2.3893081507798253,0.39,0.39269908169872414,9.81,1,1,8,21,41,-3.0,3.0,0.01,30.0,60.0,1e-09,1e-12,6,0.0001,1,rimless_wheel_roa_gamma_0.390.csv,99.9846637527797
20,34,0.7826990816987242,2.0999999999999996,1.0,rolling,5.119999999999935,-0.0009721943515159312,2.389353375059228,18,18,0,2.3893132422179475,0.39,0.39269908169872414,9.81,1,1,8,21,41,-3.0,3.0,0.01,30.0,60.0,1e-09,1e-12,6,0.0001,1,rimless_wheel_roa_gamma_0.390.csv,99.9846637527797
20,35,0.7826990816987242,2.25,1.0,rolling,5.099999999999936,0.01750128471854422,2.3899806360449394,18,18,0,2.3893187116021255,0.39,0.39269908169872414,9.81,1,1,8,21,41,-3.0,3.0,0.01,30.0,60.0,1e-09,1e-12,6,0.0001,1,rimless_wheel_roa_gamma_0.390.csv,99.9846637527797
20,36,0.7826990816987242,2.3999999999999995,1.0,rolling,5.069999999999936,0.00901630152008599,2.3895193911341073,18,18,0,2.3893245575060758,0.39,0.39269908169872414,9.81,1,1,8,21,41,-3.0,3.0,0.01,30.0,60.0,1e-09,1e-12,6,0.0001,1,rimless_wheel_roa_gamma_0.390.csv,99.9846637527797
20,37,0.7826990816987242,2.55,1.0,rolling,5.039999999999937,-0.0021645398402421897,2.3893627218096385,18,18,0,2.389330781191382,0.39,0.39269908169872414,9.81,1,1,8,21,41,-3.0,3.0,0.01,30.0,60.0,1e-09,1e-12,6,0.0001,1,rimless_wheel_roa_gamma_0.390.csv,99.9846637527797
20,38,0.7826990816987242,2.7,1.0,rolling,5.019999999999937,0.008148979751311675,2.389490052238213,18,18,0,2.3893373830984825,0.39,0.39269908169872414,9.81,1,1,8,21,41,-3.0,3.0,0.01,30.0,60.0,1e-09,1e-12,6,0.0001,1,rimless_wheel_roa_gamma_0.390.csv,99.9846637527797
20,39,0.7826990816987242,2.8499999999999996,1.0,rolling,4.709999999999944,0.01427359773974251,2.389769964063442,17,17,0,2.389316736303712,0.39,0.39269908169872414,9.81,1,1,8,21,41,-3.0,3.0,0.01,30.0,60.0,1e-09,1e-12,6,0.0001,1,rimless_wheel_roa_gamma_0.390.csv,99.9846637527797
20,40,0.7826990816987242,3.0,1.0,rolling,4.689999999999944,0.020484649913693972,2.390214405134337,17,17,0,2.3893314453826213,0.39,0.39269908169872414,9.81,1,1,8,21,41,-3.0,3.0,0.01,30.0,60.0,1e-09,1e-12,6,0.0001,1,rimless_wheel_roa_gamma_0.390.csv,99.9846637527797
