theta_index,theta_dot_index,theta0,theta_dot0,relative_angle,classification,final_time,final_theta,final_theta_dot,total_impacts,downhill_impacts,uphill_impacts,rolling_speed,gamma,alpha,gravity,length,mass,num_spokes,num_angles,num_speeds,minimum_speed,maximum_speed,timestep,max_time,retry_time,impact_time_tolerance,remaining_time_tolerance,convergence_impacts,speed_tolerance,cache_version,original_source_csv,original_grid_rolling_percent
0,0,-0.1890658503988659,-3.0,-1.0,rolling,9.469999999999843,-0.17996611008175883,1.7332102702565886,23,21,2,1.7425742542554057,0.16,0.3490658503988659,9.81,1,1,9,21,41,-3.0,3.0,0.01,30.0,60.0,1e-09,1e-12,6,0.0001,1,new simulation,nan
0,1,-0.1890658503988659,-2.85,-1.0,rolling,9.449999999999843,-0.17516330211931183,1.728400813615846,23,21,2,1.7425676202683817,0.16,0.3490658503988659,9.81,1,1,9,21,41,-3.0,3.0,0.01,30.0,60.0,1e-09,1e-12,6,0.0001,1,new simulation,nan
0,2,-0.1890658503988659,-2.7,-1.0,rolling,9.489999999999842,-0.18765991114368138,1.7411492455331479,23,21,2,1.742561326448037,0.16,0.3490658503988659,9.81,1,1,9,21,41,-3.0,3.0,0.01,30.0,60.0,1e-09,1e-12,6,0.0001,1,new simulation,nan
0,3,-0.1890658503988659,-2.55,-1.0,rolling,9.62999999999984,-0.17197479760092577,1.7252703902207138,23,21,2,1.7425553715765936,0.16,0.3490658503988659,9.81,1,1,9,21,41,-3.0,3.0,0.01,30.0,60.0,1e-09,1e-12,6,0.0001,1,new simulation,nan
0,4,-0.1890658503988659,-2.4,-1.0,rolling,10.349999999999824,-0.17988654503430557,1.7331325411800564,24,22,2,1.742590091188494,0.16,0.3490658503988659,9.81,1,1,9,21,41,-3.0,3.0,0.01,30.0,60.0,1e-09,1e-12,6,0.0001,1,new simulation,nan
0,5,-0.1890658503988659,-2.25,-1.0,settled,1.0700000000000007,-0.18906585039886592,0.0,3,1,2,nan,0.16,0.3490658503988659,9.81,1,1,9,21,41,-3.0,3.0,0.01,30.0,60.0,1e-09,1e-12,6,0.0001,1,new simulation,nan
0,6,-0.1890658503988659,-2.1,-1.0,settled,1.410000000000001,-0.18906585039886592,0.0,3,1,2,nan,0.16,0.3490658503988659,9.81,1,1,9,21,41,-3.0,3.0,0.01,30.0,60.0,1e-09,1e-12,6,0.0001,1,new simulation,nan
0,7,-0.1890658503988659,-1.95,-1.0,rolling,9.319999999999846,-0.17700308732317244,1.7302317921207202,22,21,1,1.7425827473947948,0.16,0.3490658503988659,9.81,1,1,9,21,41,-3.0,3.0,0.01,30.0,60.0,1e-09,1e-12,6,0.0001,1,new simulation,nan
0,8,-0.1890658503988659,-1.8,-1.0,rolling,9.10999999999985,-0.1747835139075844,1.728026951953691,22,21,1,1.7425754999088643,0.16,0.3490658503988659,9.81,1,1,9,21,41,-3.0,3.0,0.01,30.0,60.0,1e-09,1e-12,6,0.0001,1,new simulation,nan
0,9,-0.1890658503988659,-1.6500000000000001,-1.0,rolling,9.039999999999852,-0.1736849960054506,1.7269443186504134,22,21,1,1.7425688334501361,0.16,0.3490658503988659,9.81,1,1,9,21,41,-3.0,3.0,0.01,30.0,60.0,1e-09,1e-12,6,0.0001,1,new simulation,nan
0,10,-0.1890658503988659,-1.5,-1.0,rolling,9.029999999999852,-0.17702382601876068,1.7302488755018055,22,21,1,1.7425627468960976,0.16,0.3490658503988659,9.81,1,1,9,21,41,-3.0,3.0,0.01,30.0,60.0,1e-09,1e-12,6,0.0001,1,new simulation,nan
0,11,-0.1890658503988659,-1.35,-1.0,rolling,9.069999999999851,-0.18623188959899167,1.7396524871214882,22,21,1,1.7425572388769224,0.16,0.3490658503988659,9.81,1,1,9,21,41,-3.0,3.0,0.01,30.0,60.0,1e-09,1e-12,6,0.0001,1,new simulation,nan
0,12,-0.1890658503988659,-1.2000000000000002,-1.0,rolling,9.58999999999984,-0.17697303477565715,1.7302033945166533,23,22,1,1.7425915880217773,0.16,0.3490658503988659,9.81,1,1,9,21,41,-3.0,3.0,0.01,30.0,60.0,1e-09,1e-12,6,0.0001,1,new simulation,nan
0,13,-0.1890658503988659,-1.05,-1.0,rolling,10.01999999999983,-0.18226572344753983,1.7355558656846901,23,22,1,1.742589036342773,0.16,0.3490658503988659,9.81,1,1,9,21,41,-3.0,3.0,0.01,30.0,60.0,1e-09,1e-12,6,0.0001,1,new simulation,nan
0,14,-0.1890658503988659,-0.8999999999999999,-1.0,settled,0.3100000000000001,-0.18906585039886592,0.0,2,1,1,nan,0.16,0.3490658503988659,9.81,1,1,9,21,41,-3.0,3.0,0.01,30.0,60.0,1e-09,1e-12,6,0.0001,1,new simulation,nan
0,15,-0.1890658503988659,-0.75,-1.0,settled,0.26000000000000006,-0.18906585039886592,0.0,2,1,1,nan,0.16,0.3490658503988659,9.81,1,1,9,21,41,-3.0,3.0,0.01,30.0,60.0,1e-09,1e-12,6,0.0001,1,new simulation,nan
0,16,-0.1890658503988659,-0.6000000000000001,-1.0,settled,0.20000000000000004,-0.18906585039886592,0.0,2,1,1,nan,0.16,0.3490658503988659,9.81,1,1,9,21,41,-3.0,3.0,0.01,30.0,60.0,1e-09,1e-12,6,0.0001,1,new simulation,nan
0,17,-0.1890658503988659,-0.4500000000000002,-1.0,settled,0.15,-0.18906585039886592,0.0,2,1,1,nan,0.16,0.3490658503988659,9.81,1,1,9,21,41,-3.0,3.0,0.01,30.0,60.0,1e-09,1e-12,6,0.0001,1,new simulation,nan
0,18,-0.1890658503988659,-0.30000000000000027,-1.0,settled,0.09999999999999999,-0.18906585039886592,0.0,2,1,1,nan,0.16,0.3490658503988659,9.81,1,1,9,21,41,-3.0,3.0,0.01,30.0,60.0,1e-09,1e-12,6,0.0001,1,new simulation,nan
0,19,-0.1890658503988659,-0.1499999999999999,-1.0,settled,0.05,-0.18906585039886592,0.0,2,1,1,nan,0.16,0.3490658503988659,9.81,1,1,9,21,41,-3.0,3.0,0.01,30.0,60.0,1e-09,1e-12,6,0.0001,1,new simulation,nan
0,20,-0.1890658503988659,0.0,-1.0,settled,0.01,-0.18906585039886592,0.0,2,1,1,nan,0.16,0.3490658503988659,9.81,1,1,9,21,41,-3.0,3.0,0.01,30.0,60.0,1e-09,1e-12,6,0.0001,1,new simulation,nan
0,21,-0.1890658503988659,0.1499999999999999,-1.0,settled,0.22000000000000006,-0.18906585039886592,0.0,2,1,1,nan,0.16,0.3490658503988659,9.81,1,1,9,21,41,-3.0,3.0,0.01,30.0,60.0,1e-09,1e-12,6,0.0001,1,new simulation,nan
0,22,-0.1890658503988659,0.2999999999999998,-1.0,settled,0.46000000000000024,-0.18906585039886592,0.0,2,1,1,nan,0.16,0.3490658503988659,9.81,1,1,9,21,41,-3.0,3.0,0.01,30.0,60.0,1e-09,1e-12,6,0.0001,1,new simulation,nan
0,23,-0.1890658503988659,0.44999999999999973,-1.0,settled,0.7900000000000005,-0.18906585039886592,0.0,2,1,1,nan,0.16,0.3490658503988659,9.81,1,1,9,21,41,-3.0,3.0,0.01,30.0,60.0,1e-09,1e-12,6,0.0001,1,new simulation,nan
0,24,-0.1890658503988659,0.5999999999999996,-1.0,rolling,9.989999999999831,-0.18071196513205695,1.733969889734361,21,21,0,1.7425886052475021,0.16,0.3490658503988659,9.81,1,1,9,21,41,-3.0,3.0,0.01,30.0,60.0,1e-09,1e-12,6,0.0001,1,new simulation,nan
0,25,-0.1890658503988659,0.75,-1.0,rolling,8.63999999999986,-0.18870396316216434,1.742248166292527,20,20,0,1.7425548034512337,0.16,0.3490658503988659,9.81,1,1,9,21,41,-3.0,3.0,0.01,30.0,60.0,1e-09,1e-12,6,0.0001,1,new simulation,nan
0,26,-0.1890658503988659,0.8999999999999999,-1.0,rolling,8.399999999999865,-0.17913016084857572,1.7323632468451964,20,20,0,1.7425640627259735,0.16,0.3490658503988659,9.81,1,1,9,21,41,-3.0,3.0,0.01,30.0,60.0,1e-09,1e-12,6,0.0001,1,new simulation,nan
0,27,-0.1890658503988659,1.0499999999999998,-1.0,rolling,8.239999999999869,-0.1764671215856368,1.7296960379408677,20,20,0,1.7425750066172085,0.16,0.3490658503988659,9.81,1,1,9,21,41,-3.0,3.0,0.01,30.0,60.0,1e-09,1e-12,6,0.0001,1,new simulation,nan
0,28,-0.1890658503988659,1.2000000000000002,-1.0,rolling,8.109999999999872,-0.18228196881491968,1.7355722588332194,20,20,0,1.742587632991862,0.16,0.3490658503988659,9.81,1,1,9,21,41,-3.0,3.0,0.01,30.0,60.0,1e-09,1e-12,6,0.0001,1,new simulation,nan
0,29,-0.1890658503988659,1.3499999999999996,-1.0,rolling,7.619999999999882,-0.1724143873015047,1.7257012679814652,19,19,0,1.742569955136575,0.16,0.3490658503988659,9.81,1,1,9,21,41,-3.0,3.0,0.01,30.0,60.0,1e-09,1e-12,6,0.0001,1,new simulation,nan
0,30,-0.1890658503988659,1.5,-1.0,rolling,7.129999999999892,-0.1843146550744072,1.7376605630803668,18,18,0,1.7425618909442422,0.16,0.3490658503988659,9.81,1,1,9,21,41,-3.0,3.0,0.01,30.0,60.0,1e-09,1e-12,6,0.0001,1,new simulation,nan
0,31,-0.1890658503988659,1.6499999999999995,-1.0,rolling,6.659999999999902,-0.17712672718722233,1.730356429450151,17,17,0,1.7425891802351463,0.16,0.3490658503988659,9.81,1,1,9,21,41,-3.0,3.0,0.01,30.0,60.0,1e-09,1e-12,6,0.0001,1,new simulation,nan
0,32,-0.1890658503988659,1.7999999999999998,-1.0,rolling,6.1899999999999125,-0.1818300209800214,1.7351320588548111,16,16,0,1.7427114653940488,0.16,0.3490658503988659,9.81,1,1,9,21,41,-3.0,3.0,0.01,30.0,60.0,1e-09,1e-12,6,0.0001,1,new simulation,nan
0,33,-0.1890658503988659,1.9500000000000002,-1.0,rolling,6.8899999999998975,-0.18799480859905693,1.7415319931491637,18,18,0,1.7427305473286836,0.16,0.3490658503988659,9.81,1,1,9,21,41,-3.0,3.0,0.01,30.0,60.0,1e-09,1e-12,6,0.0001,1,new simulation,nan
0,34,-0.1890658503988659,2.0999999999999996,-1.0,rolling,7.209999999999891,-0.1873426181023919,1.7408472307911802,19,19,0,1.7427349068099245,0.16,0.3490658503988659,9.81,1,1,9,21,41,-3.0,3.0,0.01,30.0,60.0,1e-09,1e-12,6,0.0001,1,new simulation,nan
0,35,-0.1890658503988659,2.25,-1.0,rolling,7.539999999999884,-0.176021616010779,1.729279817948835,20,20,0,1.7427231489246608,0.16,0.3490658503988659,9.81,1,1,9,21,41,-3.0,3.0,0.01,30.0,60.0,1e-09,1e-12,6,0.0001,1,new simulation,nan
0,36,-0.1890658503988659,2.3999999999999995,-1.0,rolling,7.859999999999877,-0.1878385221724088,1.7413633120948417,21,21,0,1.7427071511360366,0.16,0.3490658503988659,9.81,1,1,9,21,41,-3.0,3.0,0.01,30.0,60.0,1e-09,1e-12,6,0.0001,1,new simulation,nan
0,37,-0.1890658503988659,2.55,-1.0,rolling,7.809999999999878,-0.1727423135641751,1.7260492272993344,21,21,0,1.7427234493276416,0.16,0.3490658503988659,9.81,1,1,9,21,41,-3.0,3.0,0.01,30.0,60.0,1e-09,1e-12,6,0.0001,1,new simulation,nan
0,38,-0.1890658503988659,2.7,-1.0,rolling,7.749999999999879,-0.1794932035019695,1.732761829365992,21,21,0,1.7427407367489216,0.16,0.3490658503988659,9.81,1,1,9,21,41,-3.0,3.0,0.01,30.0,60.0,1e-09,1e-12,6,0.0001,1,new simulation,nan
0,39,-0.1890658503988659,2.8499999999999996,-1.0,rolling,8.079999999999872,-0.18766009566966868,1.741176720355282,22,22,0,1.742712885133159,0.16,0.3490658503988659,9.81,1,1,9,21,41,-3.0,3.0,0.01,30.0,60.0,1e-09,1e-12,6,0.0001,1,new simulation,nan
0,40,-0.1890658503988659,3.0,-1.0,rolling,8.029999999999873,-0.18484157619714411,1.7382357022727626,22,22,0,1.7427241893311953,0.16,0.3490658503988659,9.81,1,1,9,21,41,-3.0,3.0,0.01,30.0,60.0,1e-09,1e-12,6,0.0001,1,new simulation,nan
1,0,-0.1541592653589793,-3.0,-0.9,rolling,9.489999999999842,-0.1813918133149018,1.7346598939458844,23,21,2,1.7425751384689783,0.16,0.3490658503988659,9.81,1,1,9,21,41,-3.0,3.0,0.01,30.0,60.0,1e-09,1e-12,6,0.0001,1,new simulation,nan
1,1,-0.1541592653589793,-2.85,-0.9,rolling,9.459999999999843,-0.17685383440515784,1.7300802633683767,23,21,2,1.7425685048788082,0.16,0.3490658503988659,9.81,1,1,9,21,41,-3.0,3.0,0.01,30.0,60.0,1e-09,1e-12,6,0.0001,1,new simulation,nan
1,2,-0.1541592653589793,-2.7,-0.9,rolling,9.499999999999842,-0.17339332758501977,1.7266570080953163,23,21,2,1.7425622102147067,0.16,0.3490658503988659,9.81,1,1,9,21,41,-3.0,3.0,0.01,30.0,60.0,1e-09,1e-12,6,0.0001,1,new simulation,nan
1,3,-0.1541592653589793,-2.55,-0.9,rolling,9.60999999999984,-0.18253095944994235,1.7358218651884056,23,21,2,1.7425562562208217,0.16,0.3490658503988659,9.81,1,1,9,21,41,-3.0,3.0,0.01,30.0,60.0,1e-09,1e-12,6,0.0001,1,new simulation,nan
1,4,-0.1541592653589793,-2.4,-0.9,rolling,10.279999999999825,-0.17697485105660704,1.7302050304179952,24,22,2,1.7425906100565562,0.16,0.3490658503988659,9.81,1,1,9,21,41,-3.0,3.0,0.01,30.0,60.0,1e-09,1e-12,6,0.0001,1,new simulation,nan
1,5,-0.1541592653589793,-2.25,-0.9,settled,1.0600000000000007,-0.18906585039886592,0.0,3,1,2,nan,0.16,0.3490658503988659,9.81,1,1,9,21,41,-3.0,3.0,0.01,30.0,60.0,1e-09,1e-12,6,0.0001,1,new simulation,nan
1,6,-0.1541592653589793,-2.1,-0.9,settled,1.290000000000001,-0.18906585039886592,0.0,3,1,2,nan,0.16,0.3490658503988659,9.81,1,1,9,21,41,-3.0,3.0,0.01,30.0,60.0,1e-09,1e-12,6,0.0001,1,new simulation,nan
1,7,-0.1541592653589793,-1.95,-0.9,rolling,9.429999999999843,-0.17273312143380135,1.7260149711226387,22,21,1,1.7425842547329264,0.16,0.3490658503988659,9.81,1,1,9,21,41,-3.0,3.0,0.01,30.0,60.0,1e-09,1e-12,6,0.0001,1,new simulation,nan
1,8,-0.1541592653589793,-1.8,-0.9,rolling,9.14999999999985,-0.18681931209881766,1.7402702321597328,22,21,1,1.7425770082700442,0.16,0.3490658503988659,9.81,1,1,9,21,41,-3.0,3.0,0.01,30.0,60.0,1e-09,1e-12,6,0.0001,1,new simulation,nan
1,9,-0.1541592653589793,-1.6500000000000001,-0.9,rolling,9.069999999999851,-0.17505392657690128,1.728293150205268,22,21,1,1.7425703403510495,0.16,0.3490658503988659,9.81,1,1,9,21,41,-3.0,3.0,0.01,30.0,60.0,1e-09,1e-12,6,0.0001,1,new simulation,nan
1,10,-0.1541592653589793,-1.5,-0.9,rolling,9.049999999999851,-0.17726146741158988,1.7304865590348968,22,21,1,1.7425642525619764,0.16,0.3490658503988659,9.81,1,1,9,21,41,-3.0,3.0,0.01,30.0,60.0,1e-09,1e-12,6,0.0001,1,new simulation,nan
1,11,-0.1541592653589793,-1.35,-0.9,rolling,9.07999999999985,-0.18013505065568333,1.7333786949291605,22,21,1,1.742558745569621,0.16,0.3490658503988659,9.81,1,1,9,21,41,-3.0,3.0,0.01,30.0,60.0,1e-09,1e-12,6,0.0001,1,new simulation,nan
1,12,-0.1541592653589793,-1.2000000000000002,-0.9,rolling,9.169999999999849,-0.1885023490219473,1.7420351362201807,22,21,1,1.7425538180252687,0.16,0.3490658503988659,9.81,1,1,9,21,41,-3.0,3.0,0.01,30.0,60.0,1e-09,1e-12,6,0.0001,1,new simulation,nan
1,13,-0.1541592653589793,-1.05,-0.9,rolling,9.809999999999835,-0.1762815695135796,1.7295140811407055,23,22,1,1.742589919884213,0.16,0.3490658503988659,9.81,1,1,9,21,41,-3.0,3.0,0.01,30.0,60.0,1e-09,1e-12,6,0.0001,1,new simulation,nan
1,14,-0.1541592653589793,-0.8999999999999999,-0.9,settled,0.38000000000000017,-0.18906585039886592,0.0,2,1,1,nan,0.16,0.3490658503988659,9.81,1,1,9,21,41,-3.0,3.0,0.01,30.0,60.0,1e-09,1e-12,6,0.0001,1,new simulation,nan
1,15,-0.1541592653589793,-0.75,-0.9,settled,0.3300000000000001,-0.18906585039886592,0.0,2,1,1,nan,0.16,0.3490658503988659,9.81,1,1,9,21,41,-3.0,3.0,0.01,30.0,60.0,1e-09,1e-12,6,0.0001,1,new simulation,nan
1,16,-0.1541592653589793,-0.6000000000000001,-0.9,settled,0.2900000000000001,-0.18906585039886592,0.0,2,1,1,nan,0.16,0.3490658503988659,9.81,1,1,9,21,41,-3.0,3.0,0.01,30.0,60.0,1e-09,1e-12,6,0.0001,1,new simulation,nan
1,17,-0.1541592653589793,-0.4500000000000002,-0.9,settled,0.26000000000000006,-0.18906585039886592,0.0,2,1,1,nan,0.16,0.3490658503988659,9.81,1,1,9,21,41,-3.0,3.0,0.01,30.0,60.0,1e-09,1e-12,6,0.0001,1,new simulation,nan
1,18,-0.1541592653589793,-0.30000000000000027,-0.9,settled,0.25000000000000006,-0.18906585039886592,0.0,2,1,1,nan,0.16,0.3490658503988659,9.81,1,1,9,21,41,-3.0,3.0,0.01,30.0,60.0,1e-09,1e-12,6,0.0001,1,new simulation,nan
1,19,-0.1541592653589793,-0.1499999999999999,-0.9,settled,0.26000000000000006,-0.18906585039886592,0.0,2,1,1,nan,0.16,0.3490658503988659,9.81,1,1,9,21,41,-3.0,3.0,0.01,30.0,60.0,1e-09,1e-12,6,0.0001,1,new simulation,nan
1,20,-0.1541592653589793,0.0,-0.9,settled,0.3300000000000001,-0.18906585039886592,0.0,2,1,1,nan,0.16,0.3490658503988659,9.81,1,1,9,21,41,-3.0,3.0,0.01,30.0,60.0,1e-09,1e-12,6,0.0001,1,new simulation,nan
1,21,-0.1541592653589793,0.1499999999999999,-0.9,settled,0.47000000000000025,-0.18906585039886592,0.0,2,1,1,nan,0.16,0.3490658503988659,9.81,1,1,9,21,41,-3.0,3.0,0.01,30.0,60.0,1e-09,1e-12,6,0.0001,1,new simulation,nan
1,22,-0.1541592653589793,0.2999999999999998,-0.9,settled,0.7100000000000004,-0.18906585039886592,0.0,2,1,1,nan,0.16,0.3490658503988659,9.81,1,1,9,21,41,-3.0,3.0,0.01,30.0,60.0,1e-09,1e-12,6,0.0001,1,new simulation,nan
1,23,-0.1541592653589793,0.44999999999999973,-0.9,settled,1.330000000000001,-0.18906585039886592,0.0,2,1,1,nan,0.16,0.3490658503988659,9.81,1,1,9,21,41,-3.0,3.0,0.01,30.0,60.0,1e-09,1e-12,6,0.0001,1,new simulation,nan
1,24,-0.1541592653589793,0.5999999999999996,-0.9,rolling,9.13999999999985,-0.1821212516597357,1.7354082856574355,21,21,0,1.7425911726717915,0.16,0.3490658503988659,9.81,1,1,9,21,41,-3.0,3.0,0.01,30.0,60.0,1e-09,1e-12,6,0.0001,1,new simulation,nan
1,25,-0.1541592653589793,0.75,-0.9,rolling,8.459999999999864,-0.18334477976737723,1.7366588944784538,20,20,0,1.7425591782508647,0.16,0.3490658503988659,9.81,1,1,9,21,41,-3.0,3.0,0.01,30.0,60.0,1e-09,1e-12,6,0.0001,1,new simulation,nan
1,26,-0.1541592653589793,0.8999999999999999,-0.9,rolling,8.289999999999868,-0.17718549141539888,1.730411384544379,20,20,0,1.7425684374649306,0.16,0.3490658503988659,9.81,1,1,9,21,41,-3.0,3.0,0.01,30.0,60.0,1e-09,1e-12,6,0.0001,1,new simulation,nan
1,27,-0.1541592653589793,1.0499999999999998,-0.9,rolling,8.15999999999987,-0.17442075010154445,1.7276698651384896,20,20,0,1.742579380041344,0.16,0.3490658503988659,9.81,1,1,9,21,41,-3.0,3.0,0.01,30.0,60.0,1e-09,1e-12,6,0.0001,1,new simulation,nan
1,28,-0.1541592653589793,1.2000000000000002,-0.9,rolling,8.049999999999873,-0.1746932948801865,1.72794090238299,20,20,0,1.7425920076039736,0.16,0.3490658503988659,9.81,1,1,9,21,41,-3.0,3.0,0.01,30.0,60.0,1e-09,1e-12,6,0.0001,1,new simulation,nan
1,29,-0.1541592653589793,1.3499999999999996,-0.9,rolling,7.559999999999883,-0.18372994188461472,1.7370592210354663,19,19,0,1.7425774115025134,0.16,0.3490658503988659,9.81,1,1,9,21,41,-3.0,3.0,0.01,30.0,60.0,1e-09,1e-12,6,0.0001,1,new simulation,nan
1,30,-0.1541592653589793,1.5,-0.9,rolling,7.089999999999893,-0.17439196211138683,1.727640632908393,18,18,0,1.7425745974056823,0.16,0.3490658503988659,9.81,1,1,9,21,41,-3.0,3.0,0.01,30.0,60.0,1e-09,1e-12,6,0.0001,1,new simulation,nan
1,31,-0.1541592653589793,1.6499999999999995,-0.9,rolling,6.229999999999912,-0.17993090851717422,1.733176573634793,16,16,0,1.7425851070118112,0.16,0.3490658503988659,9.81,1,1,9,21,41,-3.0,3.0,0.01,30.0,60.0,1e-09,1e-12,6,0.0001,1,new simulation,nan
1,32,-0.1541592653589793,1.7999999999999998,-0.9,rolling,6.539999999999905,-0.18713937565726893,1.7406289288720878,17,17,0,1.742706633094928,0.16,0.3490658503988659,9.81,1,1,9,21,41,-3.0,3.0,0.01,30.0,60.0,1e-09,1e-12,6,0.0001,1,new simulation,nan
1,33,-0.1541592653589793,1.9500000000000002,-0.9,rolling,7.24999999999989,-0.18224094574688696,1.735551179450264,19,19,0,1.7427036374968807,0.16,0.3490658503988659,9.81,1,1,9,21,41,-3.0,3.0,0.01,30.0,60.0,1e-09,1e-12,6,0.0001,1,new simulation,nan
1,34,-0.1541592653589793,2.0999999999999996,-0.9,rolling,7.569999999999883,-0.18678311170489775,1.7402550458830863,20,20,0,1.7427031152072336,0.16,0.3490658503988659,9.81,1,1,9,21,41,-3.0,3.0,0.01,30.0,60.0,1e-09,1e-12,6,0.0001,1,new simulation,nan
1,35,-0.1541592653589793,2.25,-0.9,rolling,7.509999999999884,-0.1824794172671811,1.7357999225042706,20,20,0,1.7427275224108014,0.16,0.3490658503988659,9.81,1,1,9,21,41,-3.0,3.0,0.01,30.0,60.0,1e-09,1e-12,6,0.0001,1,new simulation,nan
1,36,-0.1541592653589793,2.3999999999999995,-0.9,rolling,7.839999999999877,-0.18062523652020557,1.733903613686381,21,21,0,1.742709718639083,0.16,0.3490658503988659,9.81,1,1,9,21,41,-3.0,3.0,0.01,30.0,60.0,1e-09,1e-12,6,0.0001,1,new simulation,nan
1,37,-0.1541592653589793,2.55,-0.9,rolling,7.779999999999879,-0.1860340136428734,1.7394763902590045,21,21,0,1.742726017920977,0.16,0.3490658503988659,9.81,1,1,9,21,41,-3.0,3.0,0.01,30.0,60.0,1e-09,1e-12,6,0.0001,1,new simulation,nan
1,38,-0.1541592653589793,2.7,-0.9,rolling,8.119999999999871,-0.17551860687772092,1.728777230951701,22,22,0,1.7427036679635188,0.16,0.3490658503988659,9.81,1,1,9,21,41,-3.0,3.0,0.01,30.0,60.0,1e-09,1e-12,6,0.0001,1,new simulation,nan
1,39,-0.1541592653589793,2.8499999999999996,-0.9,rolling,8.059999999999873,-0.18877134852647062,1.7423480600210188,22,22,0,1.7427143914974623,0.16,0.3490658503988659,9.81,1,1,9,21,41,-3.0,3.0,0.01,30.0,60.0,1e-09,1e-12,6,0.0001,1,new simulation,nan
1,40,-0.1541592653589793,3.0,-0.9,rolling,8.009999999999874,-0.18807857328913682,1.7416193190060243,22,22,0,1.7427256948345733,0.16,0.3490658503988659,9.81,1,1,9,21,41,-3.0,3.0,0.01,30.0,60.0,1e-09,1e-12,6,0.0001,1,new simulation,nan
2,0,-0.11925268031909271,-3.0,-0.8,rolling,9.509999999999842,-0.18170820446750469,1.7349830539410047,23,21,2,1.7425758446326014,0.16,0.3490658503988659,9.81,1,1,9,21,41,-3.0,3.0,0.01,30.0,60.0,1e-09,1e-12,6,0.0001,1,new simulation,nan
2,1,-0.11925268031909271,-2.85,-0.8,rolling,9.469999999999843,-0.18043458787069994,1.733684528888663,23,21,2,1.7425692100888102,0.16,0.3490658503988659,9.81,1,1,9,21,41,-3.0,3.0,0.01,30.0,60.0,1e-09,1e-12,6,0.0001,1,new simulation,nan
2,2,-0.11925268031909271,-2.7,-0.8,rolling,9.499999999999842,-0.1822226608677432,1.735507033146336,23,21,2,1.7425629152272712,0.16,0.3490658503988659,9.81,1,1,9,21,41,-3.0,3.0,0.01,30.0,60.0,1e-09,1e-12,6,0.0001,1,new simulation,nan
2,3,-0.11925268031909271,-2.55,-0.8,rolling,9.60999999999984,-0.1722940279007644,1.7255815633489773,23,21,2,1.7425569618827839,0.16,0.3490658503988659,9.81,1,1,9,21,41,-3.0,3.0,0.01,30.0,60.0,1e-09,1e-12,6,0.0001,1,new simulation,nan
2,4,-0.11925268031909271,-2.4,-0.8,rolling,10.239999999999826,-0.17620356174395552,1.7294367006137805,24,22,2,1.7425910235266866,0.16,0.3490658503988659,9.81,1,1,9,21,41,-3.0,3.0,0.01,30.0,60.0,1e-09,1e-12,6,0.0001,1,new simulation,nan
2,5,-0.11925268031909271,-2.25,-0.8,settled,1.0700000000000007,-0.18906585039886592,0.0,3,1,2,nan,0.16,0.3490658503988659,9.81,1,1,9,21,41,-3.0,3.0,0.01,30.0,60.0,1e-09,1e-12,6,0.0001,1,new simulation,nan
2,6,-0.11925268031909271,-2.1,-0.8,settled,1.2400000000000009,-0.18906585039886592,0.0,3,1,2,nan,0.16,0.3490658503988659,9.81,1,1,9,21,41,-3.0,3.0,0.01,30.0,60.0,1e-09,1e-12,6,0.0001,1,new simulation,nan
2,7,-0.11925268031909271,-1.95,-0.8,rolling,9.54999999999984,-0.1730485010692181,1.7263235275928968,22,21,1,1.742585456592801,0.16,0.3490658503988659,9.81,1,1,9,21,41,-3.0,3.0,0.01,30.0,60.0,1e-09,1e-12,6,0.0001,1,new simulation,nan
2,8,-0.11925268031909271,-1.8,-0.8,rolling,9.199999999999848,-0.17904258345394627,1.7322774639526861,22,21,1,1.742578210287698,0.16,0.3490658503988659,9.81,1,1,9,21,41,-3.0,3.0,0.01,30.0,60.0,1e-09,1e-12,6,0.0001,1,new simulation,nan
2,9,-0.11925268031909271,-1.6500000000000001,-0.8,rolling,9.09999999999985,-0.17652149976078332,1.7297495576684523,22,21,1,1.7425715429815745,0.16,0.3490658503988659,9.81,1,1,9,21,41,-3.0,3.0,0.01,30.0,60.0,1e-09,1e-12,6,0.0001,1,new simulation,nan
2,10,-0.11925268031909271,-1.5,-0.8,rolling,9.069999999999851,-0.1819103522300891,1.7351878293833105,22,21,1,1.7425654553081262,0.16,0.3490658503988659,9.81,1,1,9,21,41,-3.0,3.0,0.01,30.0,60.0,1e-09,1e-12,6,0.0001,1,new simulation,nan
2,11,-0.11925268031909271,-1.35,-0.8,rolling,9.08999999999985,-0.18666219007745197,1.7401027121870352,22,21,1,1.742559947486215,0.16,0.3490658503988659,9.81,1,1,9,21,41,-3.0,3.0,0.01,30.0,60.0,1e-09,1e-12,6,0.0001,1,new simulation,nan
2,12,-0.11925268031909271,-1.2000000000000002,-0.8,rolling,9.169999999999849,-0.18197463989724968,1.7352517069066262,22,21,1,1.7425550195211335,0.16,0.3490658503988659,9.81,1,1,9,21,41,-3.0,3.0,0.01,30.0,60.0,1e-09,1e-12,6,0.0001,1,new simulation,nan
2,13,-0.11925268031909271,-1.05,-0.8,rolling,9.739999999999837,-0.178268361712855,1.7315003869527996,23,22,1,1.742590626558929,0.16,0.3490658503988659,9.81,1,1,9,21,41,-3.0,3.0,0.01,30.0,60.0,1e-09,1e-12,6,0.0001,1,new simulation,nan
2,14,-0.11925268031909271,-0.8999999999999999,-0.8,rolling,10.98999999999981,-0.1781998330107419,1.7314311498368282,23,22,1,1.7425884141784571,0.16,0.3490658503988659,9.81,1,1,9,21,41,-3.0,3.0,0.01,30.0,60.0,1e-09,1e-12,6,0.0001,1,new simulation,nan
2,15,-0.11925268031909271,-0.75,-0.8,settled,0.3900000000000002,-0.18906585039886592,0.0,2,1,1,nan,0.16,0.3490658503988659,9.81,1,1,9,21,41,-3.0,3.0,0.01,30.0,60.0,1e-09,1e-12,6,0.0001,1,new simulation,nan
2,16,-0.11925268031909271,-0.6000000000000001,-0.8,settled,0.36000000000000015,-0.18906585039886592,0.0,2,1,1,nan,0.16,0.3490658503988659,9.81,1,1,9,21,41,-3.0,3.0,0.01,30.0,60.0,1e-09,1e-12,6,0.0001,1,new simulation,nan
2,17,-0.11925268031909271,-0.4500000000000002,-0.8,settled,0.35000000000000014,-0.18906585039886592,0.0,2,1,1,nan,0.16,0.3490658503988659,9.81,1,1,9,21,41,-3.0,3.0,0.01,30.0,60.0,1e-09,1e-12,6,0.0001,1,new simulation,nan
2,18,-0.11925268031909271,-0.30000000000000027,-0.8,settled,0.35000000000000014,-0.18906585039886592,0.0,2,1,1,nan,0.16,0.3490658503988659,9.81,1,1,9,21,41,-3.0,3.0,0.01,30.0,60.0,1e-09,1e-12,6,0.0001,1,new simulation,nan
2,19,-0.11925268031909271,-0.1499999999999999,-0.8,settled,0.3900000000000002,-0.18906585039886592,0.0,2,1,1,nan,0.16,0.3490658503988659,9.81,1,1,9,21,41,-3.0,3.0,0.01,30.0,60.0,1e-09,1e-12,6,0.0001,1,new simulation,nan
2,20,-0.11925268031909271,0.0,-0.8,settled,0.49000000000000027,-0.18906585039886592,0.0,2,1,1,nan,0.16,0.3490658503988659,9.81,1,1,9,21,41,-3.0,3.0,0.01,30.0,60.0,1e-09,1e-12,6,0.0001,1,new simulation,nan
2,21,-0.11925268031909271,0.1499999999999999,-0.8,settled,0.6600000000000004,-0.18906585039886592,0.0,2,1,1,nan,0.16,0.3490658503988659,9.81,1,1,9,21,41,-3.0,3.0,0.01,30.0,60.0,1e-09,1e-12,6,0.0001,1,new simulation,nan
2,22,-0.11925268031909271,0.2999999999999998,-0.8,settled,1.0600000000000007,-0.18906585039886592,0.0,2,1,1,nan,0.16,0.3490658503988659,9.81,1,1,9,21,41,-3.0,3.0,0.01,30.0,60.0,1e-09,1e-12,6,0.0001,1,new simulation,nan
2,23,-0.11925268031909271,0.44999999999999973,-0.8,rolling,9.289999999999846,-0.1751245811174713,1.7283665339706964,21,21,0,1.742589764635589,0.16,0.3490658503988659,9.81,1,1,9,21,41,-3.0,3.0,0.01,30.0,60.0,1e-09,1e-12,6,0.0001,1,new simulation,nan
2,24,-0.11925268031909271,0.5999999999999996,-0.8,rolling,8.529999999999863,-0.1795684799089683,1.7328043508436128,20,20,0,1.7425550941733958,0.16,0.3490658503988659,9.81,1,1,9,21,41,-3.0,3.0,0.01,30.0,60.0,1e-09,1e-12,6,0.0001,1,new simulation,nan
2,25,-0.11925268031909271,0.75,-0.8,rolling,8.339999999999867,-0.18075746630822548,1.7340114733393548,20,20,0,1.742562670471705,0.16,0.3490658503988659,9.81,1,1,9,21,41,-3.0,3.0,0.01,30.0,60.0,1e-09,1e-12,6,0.0001,1,new simulation,nan
2,26,-0.11925268031909271,0.8999999999999999,-0.8,rolling,8.19999999999987,-0.18536841957727568,1.73875540933691,20,20,0,1.7425719301245346,0.16,0.3490658503988659,9.81,1,1,9,21,41,-3.0,3.0,0.01,30.0,60.0,1e-09,1e-12,6,0.0001,1,new simulation,nan
2,27,-0.11925268031909271,1.0499999999999998,-0.8,rolling,8.089999999999872,-0.1809351704944419,1.7341959401680016,20,20,0,1.7425828734557396,0.16,0.3490658503988659,9.81,1,1,9,21,41,-3.0,3.0,0.01,30.0,60.0,1e-09,1e-12,6,0.0001,1,new simulation,nan
2,28,-0.11925268031909271,1.2000000000000002,-0.8,rolling,7.599999999999882,-0.18724008305706527,1.740707964170413,19,19,0,1.7425589769335026,0.16,0.3490658503988659,9.81,1,1,9,21,41,-3.0,3.0,0.01,30.0,60.0,1e-09,1e-12,6,0.0001,1,new simulation,nan
2,29,-0.11925268031909271,1.3499999999999996,-0.8,rolling,7.519999999999884,-0.1732492039737118,1.7265196296835965,19,19,0,1.7425833620198368,0.16,0.3490658503988659,9.81,1,1,9,21,41,-3.0,3.0,0.01,30.0,60.0,1e-09,1e-12,6,0.0001,1,new simulation,nan
2,30,-0.11925268031909271,1.5,-0.8,rolling,7.049999999999894,-0.17445819310711927,1.7277077371923064,18,18,0,1.7425847364372569,0.16,0.3490658503988659,9.81,1,1,9,21,41,-3.0,3.0,0.01,30.0,60.0,1e-09,1e-12,6,0.0001,1,new simulation,nan
2,31,-0.11925268031909271,1.6499999999999995,-0.8,rolling,5.809999999999921,-0.17349348404138193,1.7267605119295297,15,15,0,1.7425914389452102,0.16,0.3490658503988659,9.81,1,1,9,21,41,-3.0,3.0,0.01,30.0,60.0,1e-09,1e-12,6,0.0001,1,new simulation,nan
2,32,-0.11925268031909271,1.7999999999999998,-0.8,rolling,6.509999999999906,-0.18448134371816546,1.7378623201739791,17,17,0,1.7427239094342093,0.16,0.3490658503988659,9.81,1,1,9,21,41,-3.0,3.0,0.01,30.0,60.0,1e-09,1e-12,6,0.0001,1,new simulation,nan
2,33,-0.11925268031909271,1.9500000000000002,-0.8,rolling,7.2199999999998905,-0.18487985327799342,1.7382727748636324,19,19,0,1.7427095851641112,0.16,0.3490658503988659,9.81,1,1,9,21,41,-3.0,3.0,0.01,30.0,60.0,1e-09,1e-12,6,0.0001,1,new simulation,nan
2,34,-0.11925268031909271,2.0999999999999996,-0.8,rolling,7.5499999999998835,-0.1764669962118595,1.729719757660361,20,20,0,1.7427066066371448,0.16,0.3490658503988659,9.81,1,1,9,21,41,-3.0,3.0,0.01,30.0,60.0,1e-09,1e-12,6,0.0001,1,new simulation,nan
2,35,-0.11925268031909271,2.25,-0.8,rolling,7.489999999999885,-0.17588653112820038,1.72914709734553,20,20,0,1.7427310150217317,0.16,0.3490658503988659,9.81,1,1,9,21,41,-3.0,3.0,0.01,30.0,60.0,1e-09,1e-12,6,0.0001,1,new simulation,nan
2,36,-0.11925268031909271,2.3999999999999995,-0.8,rolling,7.819999999999878,-0.1772049606175225,1.730456800452229,21,21,0,1.7427117666022947,0.16,0.3490658503988659,9.81,1,1,9,21,41,-3.0,3.0,0.01,30.0,60.0,1e-09,1e-12,6,0.0001,1,new simulation,nan
2,37,-0.11925268031909271,2.55,-0.8,rolling,7.759999999999879,-0.18535396030384904,1.73876852060229,21,21,0,1.7427280669078602,0.16,0.3490658503988659,9.81,1,1,9,21,41,-3.0,3.0,0.01,30.0,60.0,1e-09,1e-12,6,0.0001,1,new simulation,nan
2,38,-0.11925268031909271,2.7,-0.8,rolling,8.099999999999872,-0.17723300981483334,1.730483585151998,22,22,0,1.7427048709669875,0.16,0.3490658503988659,9.81,1,1,9,21,41,-3.0,3.0,0.01,30.0,60.0,1e-09,1e-12,6,0.0001,1,new simulation,nan
2,39,-0.11925268031909271,2.8499999999999996,-0.8,rolling,8.049999999999873,-0.17524907651687846,1.728512503544959,22,22,0,1.7427155943854515,0.16,0.3490658503988659,9.81,1,1,9,21,41,-3.0,3.0,0.01,30.0,60.0,1e-09,1e-12,6,0.0001,1,new simulation,nan
2,40,-0.11925268031909271,3.0,-0.8,rolling,7.999999999999874,-0.17642600977376005,1.729682633278744,22,22,0,1.742726897580983,0.16,0.3490658503988659,9.81,1,1,9,21,41,-3.0,3.0,0.01,30.0,60.0,1e-09,1e-12,6,0.0001,1,new simulation,nan
3,0,-0.08434609527920611,-3.0,-0.7,rolling,9.529999999999841,-0.17956042149759227,1.7328000509803183,23,21,2,1.742576370836127,0.16,0.3490658503988659,9.81,1,1,9,21,41,-3.0,3.0,0.01,30.0,60.0,1e-09,1e-12,6,0.0001,1,new simulation,nan
3,1,-0.08434609527920611,-2.85,-0.7,rolling,9.479999999999842,-0.18492552350767402,1.7382949457767656,23,21,2,1.742569736115427,0.16,0.3490658503988659,9.81,1,1,9,21,41,-3.0,3.0,0.01,30.0,60.0,1e-09,1e-12,6,0.0001,1,new simulation,nan
3,2,-0.08434609527920611,-2.7,-0.7,rolling,9.509999999999842,-0.17817374936370498,1.7314004361676247,23,21,2,1.7425634425603054,0.16,0.3490658503988659,9.81,1,1,9,21,41,-3.0,3.0,0.01,30.0,60.0,1e-09,1e-12,6,0.0001,1,new simulation,nan
3,3,-0.08434609527920611,-2.55,-0.7,rolling,9.60999999999984,-0.17277016525625727,1.7260463018477026,23,21,2,1.7425574876203465,0.16,0.3490658503988659,9.81,1,1,9,21,41,-3.0,3.0,0.01,30.0,60.0,1e-09,1e-12,6,0.0001,1,new simulation,nan
3,4,-0.08434609527920611,-2.4,-0.7,rolling,10.219999999999827,-0.17477977222744354,1.7280261291545373,24,22,2,1.7425913321570052,0.16,0.3490658503988659,9.81,1,1,9,21,41,-3.0,3.0,0.01,30.0,60.0,1e-09,1e-12,6,0.0001,1,new simulation,nan
3,5,-0.08434609527920611,-2.25,-0.7,settled,1.0800000000000007,-0.18906585039886592,0.0,3,1,2,nan,0.16,0.3490658503988659,9.81,1,1,9,21,41,-3.0,3.0,0.01,30.0,60.0,1e-09,1e-12,6,0.0001,1,new simulation,nan
3,6,-0.08434609527920611,-2.1,-0.7,settled,1.2200000000000009,-0.18906585039886592,0.0,3,1,2,nan,0.16,0.3490658503988659,9.81,1,1,9,21,41,-3.0,3.0,0.01,30.0,60.0,1e-09,1e-12,6,0.0001,1,new simulation,nan
3,7,-0.08434609527920611,-1.95,-0.7,rolling,9.669999999999838,-0.18890429805271214,1.7424655380779424,22,21,1,1.7425863530270493,0.16,0.3490658503988659,9.81,1,1,9,21,41,-3.0,3.0,0.01,30.0,60.0,1e-09,1e-12,6,0.0001,1,new simulation,nan
3,8,-0.08434609527920611,-1.8,-0.7,rolling,9.239999999999847,-0.18211880573546413,1.7354036029446074,22,21,1,1.7425791059271258,0.16,0.3490658503988659,9.81,1,1,9,21,41,-3.0,3.0,0.01,30.0,60.0,1e-09,1e-12,6,0.0001,1,new simulation,nan
3,9,-0.08434609527920611,-1.6500000000000001,-0.7,rolling,9.12999999999985,-0.17579279651375182,1.7290253214839624,22,21,1,1.7425724403820386,0.16,0.3490658503988659,9.81,1,1,9,21,41,-3.0,3.0,0.01,30.0,60.0,1e-09,1e-12,6,0.0001,1,new simulation,nan
3,10,-0.08434609527920611,-1.5,-0.7,rolling,9.08999999999985,-0.18853775382642224,1.742074754202015,22,21,1,1.7425663521137726,0.16,0.3490658503988659,9.81,1,1,9,21,41,-3.0,3.0,0.01,30.0,60.0,1e-09,1e-12,6,0.0001,1,new simulation,nan
3,11,-0.08434609527920611,-1.35,-0.7,rolling,9.10999999999985,-0.18379598072326603,1.7371243816057274,22,21,1,1.7425608450778387,0.16,0.3490658503988659,9.81,1,1,9,21,41,-3.0,3.0,0.01,30.0,60.0,1e-09,1e-12,6,0.0001,1,new simulation,nan
3,12,-0.08434609527920611,-1.2000000000000002,-0.7,rolling,9.179999999999849,-0.17957955729181316,1.7328157007557343,22,21,1,1.7425559169951237,0.16,0.3490658503988659,9.81,1,1,9,21,41,-3.0,3.0,0.01,30.0,60.0,1e-09,1e-12,6,0.0001,1,new simulation,nan
3,13,-0.08434609527920611,-1.05,-0.7,rolling,9.719999999999837,-0.17575402342420599,1.7289902417457754,23,22,1,1.74259115251992,0.16,0.3490658503988659,9.81,1,1,9,21,41,-3.0,3.0,0.01,30.0,60.0,1e-09,1e-12,6,0.0001,1,new simulation,nan
3,14,-0.08434609527920611,-0.8999999999999999,-0.7,rolling,10.179999999999827,-0.17511749054120823,1.7283593697704651,23,22,1,1.7425889402643924,0.16,0.3490658503988659,9.81,1,1,9,21,41,-3.0,3.0,0.01,30.0,60.0,1e-09,1e-12,6,0.0001,1,new simulation,nan
3,15,-0.08434609527920611,-0.75,-0.7,settled,0.45000000000000023,-0.18906585039886592,0.0,2,1,1,nan,0.16,0.3490658503988659,9.81,1,1,9,21,41,-3.0,3.0,0.01,30.0,60.0,1e-09,1e-12,6,0.0001,1,new simulation,nan
3,16,-0.08434609527920611,-0.6000000000000001,-0.7,settled,0.4300000000000002,-0.18906585039886592,0.0,2,1,1,nan,0.16,0.3490658503988659,9.81,1,1,9,21,41,-3.0,3.0,0.01,30.0,60.0,1e-09,1e-12,6,0.0001,1,new simulation,nan
3,17,-0.08434609527920611,-0.4500000000000002,-0.7,settled,0.4200000000000002,-0.18906585039886592,0.0,2,1,1,nan,0.16,0.3490658503988659,9.81,1,1,9,21,41,-3.0,3.0,0.01,30.0,60.0,1e-09,1e-12,6,0.0001,1,new simulation,nan
3,18,-0.08434609527920611,-0.30000000000000027,-0.7,settled,0.45000000000000023,-0.18906585039886592,0.0,2,1,1,nan,0.16,0.3490658503988659,9.81,1,1,9,21,41,-3.0,3.0,0.01,30.0,60.0,1e-09,1e-12,6,0.0001,1,new simulation,nan
3,19,-0.08434609527920611,-0.1499999999999999,-0.7,settled,0.5100000000000002,-0.18906585039886592,0.0,2,1,1,nan,0.16,0.3490658503988659,9.81,1,1,9,21,41,-3.0,3.0,0.01,30.0,60.0,1e-09,1e-12,6,0.0001,1,new simulation,nan
3,20,-0.08434609527920611,0.0,-0.7,settled,0.6400000000000003,-0.18906585039886592,0.0,2,1,1,nan,0.16,0.3490658503988659,9.81,1,1,9,21,41,-3.0,3.0,0.01,30.0,60.0,1e-09,1e-12,6,0.0001,1,new simulation,nan
3,21,-0.08434609527920611,0.1499999999999999,-0.7,settled,0.9200000000000006,-0.18906585039886592,0.0,2,1,1,nan,0.16,0.3490658503988659,9.81,1,1,9,21,41,-3.0,3.0,0.01,30.0,60.0,1e-09,1e-12,6,0.0001,1,new simulation,nan
3,22,-0.08434609527920611,0.2999999999999998,-0.7,rolling,9.539999999999841,-0.1733055013727351,1.7265757686007022,21,21,0,1.7425888216640457,0.16,0.3490658503988659,9.81,1,1,9,21,41,-3.0,3.0,0.01,30.0,60.0,1e-09,1e-12,6,0.0001,1,new simulation,nan
3,23,-0.08434609527920611,0.44999999999999973,-0.7,rolling,8.989999999999853,-0.18709935534424552,1.7405661985793195,21,21,0,1.7425912914946557,0.16,0.3490658503988659,9.81,1,1,9,21,41,-3.0,3.0,0.01,30.0,60.0,1e-09,1e-12,6,0.0001,1,new simulation,nan
3,24,-0.08434609527920611,0.5999999999999996,-0.7,rolling,8.389999999999866,-0.18789649943288478,1.7413974119502913,20,20,0,1.7425576980623934,0.16,0.3490658503988659,9.81,1,1,9,21,41,-3.0,3.0,0.01,30.0,60.0,1e-09,1e-12,6,0.0001,1,new simulation,nan
3,25,-0.08434609527920611,0.75,-0.7,rolling,8.249999999999869,-0.18050626749889842,1.7337566180248374,20,20,0,1.7425652743324225,0.16,0.3490658503988659,9.81,1,1,9,21,41,-3.0,3.0,0.01,30.0,60.0,1e-09,1e-12,6,0.0001,1,new simulation,nan
3,26,-0.08434609527920611,0.8999999999999999,-0.7,rolling,8.129999999999871,-0.1884360337387934,1.7419688948028,20,20,0,1.7425745337094132,0.16,0.3490658503988659,9.81,1,1,9,21,41,-3.0,3.0,0.01,30.0,60.0,1e-09,1e-12,6,0.0001,1,new simulation,nan
3,27,-0.08434609527920611,1.0499999999999998,-0.7,rolling,8.039999999999873,-0.17211987837455867,1.7254170808666565,20,20,0,1.742585475744068,0.16,0.3490658503988659,9.81,1,1,9,21,41,-3.0,3.0,0.01,30.0,60.0,1e-09,1e-12,6,0.0001,1,new simulation,nan
3,28,-0.08434609527920611,1.2000000000000002,-0.7,rolling,7.559999999999883,-0.17639598936967618,1.7296231253754866,19,19,0,1.742563412917417,0.16,0.3490658503988659,9.81,1,1,9,21,41,-3.0,3.0,0.01,30.0,60.0,1e-09,1e-12,6,0.0001,1,new simulation,nan
3,29,-0.08434609527920611,1.3499999999999996,-0.7,rolling,7.479999999999885,-0.17351214480293792,1.726778151957702,19,19,0,1.7425877978794635,0.16,0.3490658503988659,9.81,1,1,9,21,41,-3.0,3.0,0.01,30.0,60.0,1e-09,1e-12,6,0.0001,1,new simulation,nan
3,30,-0.08434609527920611,1.5,-0.7,rolling,7.009999999999895,-0.18315198803720195,1.7364664122838098,18,18,0,1.7425922979070538,0.16,0.3490658503988659,9.81,1,1,9,21,41,-3.0,3.0,0.01,30.0,60.0,1e-09,1e-12,6,0.0001,1,new simulation,nan
3,31,-0.08434609527920611,1.6499999999999995,-0.7,rolling,4.609999999999946,-0.17952224002114245,1.7327577160669063,12,12,0,1.742555733302258,0.16,0.3490658503988659,9.81,1,1,9,21,41,-3.0,3.0,0.01,30.0,60.0,1e-09,1e-12,6,0.0001,1,new simulation,nan
3,32,-0.08434609527920611,1.7999999999999998,-0.7,rolling,6.479999999999906,-0.1878783912296935,1.7414105941271678,17,17,0,1.742736791870345,0.16,0.3490658503988659,9.81,1,1,9,21,41,-3.0,3.0,0.01,30.0,60.0,1e-09,1e-12,6,0.0001,1,new simulation,nan
3,33,-0.08434609527920611,1.9500000000000002,-0.7,rolling,7.199999999999891,-0.17536663074341874,1.7286285775603163,19,19,0,1.742714023490828,0.16,0.3490658503988659,9.81,1,1,9,21,41,-3.0,3.0,0.01,30.0,60.0,1e-09,1e-12,6,0.0001,1,new simulation,nan
3,34,-0.08434609527920611,2.0999999999999996,-0.7,rolling,7.519999999999884,-0.1880280013168798,1.7415630977915308,20,20,0,1.7427092090838538,0.16,0.3490658503988659,9.81,1,1,9,21,41,-3.0,3.0,0.01,30.0,60.0,1e-09,1e-12,6,0.0001,1,new simulation,nan
3,35,-0.08434609527920611,2.25,-0.7,rolling,7.469999999999885,-0.17327944182723254,1.7265765253391323,20,20,0,1.742733617665267,0.16,0.3490658503988659,9.81,1,1,9,21,41,-3.0,3.0,0.01,30.0,60.0,1e-09,1e-12,6,0.0001,1,new simulation,nan
3,36,-0.08434609527920611,2.3999999999999995,-0.7,rolling,7.799999999999878,-0.17732117210987144,1.7305732445211448,21,21,0,1.7427132950782003,0.16,0.3490658503988659,9.81,1,1,9,21,41,-3.0,3.0,0.01,30.0,60.0,1e-09,1e-12,6,0.0001,1,new simulation,nan
3,37,-0.08434609527920611,2.55,-0.7,rolling,7.739999999999879,-0.18785649751234032,1.7413862622846803,21,21,0,1.742729594749093,0.16,0.3490658503988659,9.81,1,1,9,21,41,-3.0,3.0,0.01,30.0,60.0,1e-09,1e-12,6,0.0001,1,new simulation,nan
3,38,-0.08434609527920611,2.7,-0.7,rolling,8.079999999999872,-0.1818094133983737,1.735109960453448,22,22,0,1.7427057659995029,0.16,0.3490658503988659,9.81,1,1,9,21,41,-3.0,3.0,0.01,30.0,60.0,1e-09,1e-12,6,0.0001,1,new simulation,nan
3,39,-0.08434609527920611,2.8499999999999996,-0.7,rolling,8.029999999999873,-0.18166432984980532,1.7349636359875436,22,22,0,1.7427164902991017,0.16,0.3490658503988659,9.81,1,1,9,21,41,-3.0,3.0,0.01,30.0,60.0,1e-09,1e-12,6,0.0001,1,new simulation,nan
3,40,-0.08434609527920611,3.0,-0.7,rolling,7.979999999999874,-0.18448981615907253,1.7378717958016459,22,22,0,1.7427277951663136,0.16,0.3490658503988659,9.81,1,1,9,21,41,-3.0,3.0,0.01,30.0,60.0,1e-09,1e-12,6,0.0001,1,new simulation,nan
4,0,-0.04943951023931953,-3.0,-0.6,rolling,9.54999999999984,-0.1738331343113916,1.727091229201466,23,21,2,1.742576716506435,0.16,0.3490658503988659,9.81,1,1,9,21,41,-3.0,3.0,0.01,30.0,60.0,1e-09,1e-12,6,0.0001,1,new simulation,nan
4,1,-0.04943951023931953,-2.85,-0.6,rolling,9.499999999999842,-0.17225575453127023,1.7255466459634003,23,21,2,1.7425700832174407,0.16,0.3490658503988659,9.81,1,1,9,21,41,-3.0,3.0,0.01,30.0,60.0,1e-09,1e-12,6,0.0001,1,new simulation,nan
4,2,-0.04943951023931953,-2.7,-0.6,rolling,9.519999999999841,-0.1776738022282151,1.730899083404176,23,21,2,1.74256378831869,0.16,0.3490658503988659,9.81,1,1,9,21,41,-3.0,3.0,0.01,30.0,60.0,1e-09,1e-12,6,0.0001,1,new simulation,nan
4,3,-0.04943951023931953,-2.55,-0.6,rolling,9.60999999999984,-0.18205534237519824,1.7353347968758936,23,21,2,1.742557833940454,0.16,0.3490658503988659,9.81,1,1,9,21,41,-3.0,3.0,0.01,30.0,60.0,1e-09,1e-12,6,0.0001,1,new simulation,nan
4,4,-0.04943951023931953,-2.4,-0.6,rolling,10.209999999999827,-0.18061748225763977,1.7338743678121868,24,22,2,1.7425915354501622,0.16,0.3490658503988659,9.81,1,1,9,21,41,-3.0,3.0,0.01,30.0,60.0,1e-09,1e-12,6,0.0001,1,new simulation,nan
4,5,-0.04943951023931953,-2.25,-0.6,rolling,11.4799999999998,-0.17685301308350443,1.7300830565755059,24,22,2,1.7425884410433377,0.16,0.3490658503988659,9.81,1,1,9,21,41,-3.0,3.0,0.01,30.0,60.0,1e-09,1e-12,6,0.0001,1,new simulation,nan
4,6,-0.04943951023931953,-2.1,-0.6,settled,1.2200000000000009,-0.18906585039886592,0.0,3,1,2,nan,0.16,0.3490658503988659,9.81,1,1,9,21,41,-3.0,3.0,0.01,30.0,60.0,1e-09,1e-12,6,0.0001,1,new simulation,nan
4,7,-0.04943951023931953,-1.95,-0.6,rolling,9.799999999999836,-0.17845463175294465,1.731686946004464,22,21,1,1.7425869435061694,0.16,0.3490658503988659,9.81,1,1,9,21,41,-3.0,3.0,0.01,30.0,60.0,1e-09,1e-12,6,0.0001,1,new simulation,nan
4,8,-0.04943951023931953,-1.8,-0.6,rolling,9.279999999999847,-0.17464744788023207,1.7278934345749508,22,21,1,1.7425796966409692,0.16,0.3490658503988659,9.81,1,1,9,21,41,-3.0,3.0,0.01,30.0,60.0,1e-09,1e-12,6,0.0001,1,new simulation,nan
4,9,-0.04943951023931953,-1.6500000000000001,-0.6,rolling,9.14999999999985,-0.18837170030392525,1.7419007674386253,22,21,1,1.7425730292656436,0.16,0.3490658503988659,9.81,1,1,9,21,41,-3.0,3.0,0.01,30.0,60.0,1e-09,1e-12,6,0.0001,1,new simulation,nan
4,10,-0.04943951023931953,-1.5,-0.6,rolling,9.11999999999985,-0.1781375227560377,1.731364694753916,22,21,1,1.742566941513829,0.16,0.3490658503988659,9.81,1,1,9,21,41,-3.0,3.0,0.01,30.0,60.0,1e-09,1e-12,6,0.0001,1,new simulation,nan
4,11,-0.04943951023931953,-1.35,-0.6,rolling,9.12999999999985,-0.18633210706167572,1.7397579064688002,22,21,1,1.7425614347344887,0.16,0.3490658503988659,9.81,1,1,9,21,41,-3.0,3.0,0.01,30.0,60.0,1e-09,1e-12,6,0.0001,1,new simulation,nan
4,12,-0.04943951023931953,-1.2000000000000002,-0.6,rolling,9.199999999999848,-0.17436320314905163,1.7276090186941655,22,21,1,1.7425565060165698,0.16,0.3490658503988659,9.81,1,1,9,21,41,-3.0,3.0,0.01,30.0,60.0,1e-09,1e-12,6,0.0001,1,new simulation,nan
4,13,-0.04943951023931953,-1.05,-0.6,rolling,9.719999999999837,-0.18138888668780023,1.7346598641296898,23,22,1,1.7425914983879254,0.16,0.3490658503988659,9.81,1,1,9,21,41,-3.0,3.0,0.01,30.0,60.0,1e-09,1e-12,6,0.0001,1,new simulation,nan
4,14,-0.04943951023931953,-0.8999999999999999,-0.6,rolling,10.06999999999983,-0.18047307228426598,1.7337272408869244,23,22,1,1.7425892874911828,0.16,0.3490658503988659,9.81,1,1,9,21,41,-3.0,3.0,0.01,30.0,60.0,1e-09,1e-12,6,0.0001,1,new simulation,nan
4,15,-0.04943951023931953,-0.75,-0.6,settled,0.5000000000000002,-0.18906585039886592,0.0,2,1,1,nan,0.16,0.3490658503988659,9.81,1,1,9,21,41,-3.0,3.0,0.01,30.0,60.0,1e-09,1e-12,6,0.0001,1,new simulation,nan
4,16,-0.04943951023931953,-0.6000000000000001,-0.6,settled,0.49000000000000027,-0.18906585039886592,0.0,2,1,1,nan,0.16,0.3490658503988659,9.81,1,1,9,21,41,-3.0,3.0,0.01,30.0,60.0,1e-09,1e-12,6,0.0001,1,new simulation,nan
4,17,-0.04943951023931953,-0.4500000000000002,-0.6,settled,0.5000000000000002,-0.18906585039886592,0.0,2,1,1,nan,0.16,0.3490658503988659,9.81,1,1,9,21,41,-3.0,3.0,0.01,30.0,60.0,1e-09,1e-12,6,0.0001,1,new simulation,nan
4,18,-0.04943951023931953,-0.30000000000000027,-0.6,settled,0.5400000000000003,-0.18906585039886592,0.0,2,1,1,nan,0.16,0.3490658503988659,9.81,1,1,9,21,41,-3.0,3.0,0.01,30.0,60.0,1e-09,1e-12,6,0.0001,1,new simulation,nan
4,19,-0.04943951023931953,-0.1499999999999999,-0.6,settled,0.6300000000000003,-0.18906585039886592,0.0,2,1,1,nan,0.16,0.3490658503988659,9.81,1,1,9,21,41,-3.0,3.0,0.01,30.0,60.0,1e-09,1e-12,6,0.0001,1,new simulation,nan
4,20,-0.04943951023931953,0.0,-0.6,settled,0.8400000000000005,-0.18906585039886592,0.0,2,1,1,nan,0.16,0.3490658503988659,9.81,1,1,9,21,41,-3.0,3.0,0.01,30.0,60.0,1e-09,1e-12,6,0.0001,1,new simulation,nan
4,21,-0.04943951023931953,0.1499999999999999,-0.6,settled,1.9600000000000015,-0.18906585039886592,0.0,2,1,1,nan,0.16,0.3490658503988659,9.81,1,1,9,21,41,-3.0,3.0,0.01,30.0,60.0,1e-09,1e-12,6,0.0001,1,new simulation,nan
4,22,-0.04943951023931953,0.2999999999999998,-0.6,rolling,9.07999999999985,-0.18508640410430022,1.73846557451802,21,21,0,1.7425898271947606,0.16,0.3490658503988659,9.81,1,1,9,21,41,-3.0,3.0,0.01,30.0,60.0,1e-09,1e-12,6,0.0001,1,new simulation,nan
4,23,-0.04943951023931953,0.44999999999999973,-0.6,rolling,8.839999999999856,-0.17966886478382837,1.7329126072588081,21,21,0,1.7425922970088674,0.16,0.3490658503988659,9.81,1,1,9,21,41,-3.0,3.0,0.01,30.0,60.0,1e-09,1e-12,6,0.0001,1,new simulation,nan
4,24,-0.04943951023931953,0.5999999999999996,-0.6,rolling,8.299999999999867,-0.17728501221358473,1.7305092187911981,20,20,0,1.7425594095735795,0.16,0.3490658503988659,9.81,1,1,9,21,41,-3.0,3.0,0.01,30.0,60.0,1e-09,1e-12,6,0.0001,1,new simulation,nan
4,25,-0.04943951023931953,0.75,-0.6,rolling,8.17999999999987,-0.17971003623764736,1.7329496865914333,20,20,0,1.7425669873786518,0.16,0.3490658503988659,9.81,1,1,9,21,41,-3.0,3.0,0.01,30.0,60.0,1e-09,1e-12,6,0.0001,1,new simulation,nan
4,26,-0.04943951023931953,0.8999999999999999,-0.6,rolling,8.079999999999872,-0.17831003918172966,1.7315396600291353,20,20,0,1.742576246667001,0.16,0.3490658503988659,9.81,1,1,9,21,41,-3.0,3.0,0.01,30.0,60.0,1e-09,1e-12,6,0.0001,1,new simulation,nan
4,27,-0.04943951023931953,1.0499999999999998,-0.6,rolling,7.989999999999874,-0.17852381173596604,1.731756567305651,20,20,0,1.7425871882413333,0.16,0.3490658503988659,9.81,1,1,9,21,41,-3.0,3.0,0.01,30.0,60.0,1e-09,1e-12,6,0.0001,1,new simulation,nan
4,28,-0.04943951023931953,1.2000000000000002,-0.6,rolling,7.519999999999884,-0.17717747072029383,1.730402989086203,19,19,0,1.7425663311916721,0.16,0.3490658503988659,9.81,1,1,9,21,41,-3.0,3.0,0.01,30.0,60.0,1e-09,1e-12,6,0.0001,1,new simulation,nan
4,29,-0.04943951023931953,1.3499999999999996,-0.6,rolling,7.439999999999886,-0.18302816648969533,1.7363387604056446,19,19,0,1.74259071766779,0.16,0.3490658503988659,9.81,1,1,9,21,41,-3.0,3.0,0.01,30.0,60.0,1e-09,1e-12,6,0.0001,1,new simulation,nan
4,30,-0.04943951023931953,1.5,-0.6,rolling,6.589999999999904,-0.18482043501136633,1.738184527927614,17,17,0,1.742561993326307,0.16,0.3490658503988659,9.81,1,1,9,21,41,-3.0,3.0,0.01,30.0,60.0,1e-09,1e-12,6,0.0001,1,new simulation,nan
4,31,-0.04943951023931953,1.6499999999999995,-0.6,rolling,3.8099999999999627,-0.17202811832080075,1.725354894829463,10,10,0,1.7427348983946096,0.16,0.3490658503988659,9.81,1,1,9,21,41,-3.0,3.0,0.01,30.0,60.0,1e-09,1e-12,6,0.0001,1,new simulation,nan
4,32,-0.04943951023931953,1.7999999999999998,-0.6,rolling,6.849999999999898,-0.17673724079553754,1.729988683114283,18,18,0,1.74270481970824,0.16,0.3490658503988659,9.81,1,1,9,21,41,-3.0,3.0,0.01,30.0,60.0,1e-09,1e-12,6,0.0001,1,new simulation,nan
4,33,-0.04943951023931953,1.9500000000000002,-0.6,rolling,7.169999999999892,-0.18798909678298734,1.7415235307098447,19,19,0,1.742716940476929,0.16,0.3490658503988659,9.81,1,1,9,21,41,-3.0,3.0,0.01,30.0,60.0,1e-09,1e-12,6,0.0001,1,new simulation,nan
4,34,-0.04943951023931953,2.0999999999999996,-0.6,rolling,7.4999999999998845,-0.18644613067558605,1.7399039774550005,20,20,0,1.7427109221624584,0.16,0.3490658503988659,9.81,1,1,9,21,41,-3.0,3.0,0.01,30.0,60.0,1e-09,1e-12,6,0.0001,1,new simulation,nan
4,35,-0.04943951023931953,2.25,-0.6,rolling,7.449999999999886,-0.17439891775316507,1.7276766470372344,20,20,0,1.7427353311857923,0.16,0.3490658503988659,9.81,1,1,9,21,41,-3.0,3.0,0.01,30.0,60.0,1e-09,1e-12,6,0.0001,1,new simulation,nan
4,36,-0.04943951023931953,2.3999999999999995,-0.6,rolling,7.779999999999879,-0.18078068336954578,1.7340624956071489,21,21,0,1.7427143001099763,0.16,0.3490658503988659,9.81,1,1,9,21,41,-3.0,3.0,0.01,30.0,60.0,1e-09,1e-12,6,0.0001,1,new simulation,nan
4,37,-0.04943951023931953,2.55,-0.6,rolling,7.72999999999988,-0.17601607916024561,1.7292756687166766,21,21,0,1.7427305990113202,0.16,0.3490658503988659,9.81,1,1,9,21,41,-3.0,3.0,0.01,30.0,60.0,1e-09,1e-12,6,0.0001,1,new simulation,nan
4,38,-0.04943951023931953,2.7,-0.6,rolling,8.069999999999872,-0.17180322613829202,1.7251309488131437,22,22,0,1.742706356567335,0.16,0.3490658503988659,9.81,1,1,9,21,41,-3.0,3.0,0.01,30.0,60.0,1e-09,1e-12,6,0.0001,1,new simulation,nan
4,39,-0.04943951023931953,2.8499999999999996,-0.6,rolling,8.019999999999873,-0.17325200710700459,1.7265466491047081,22,22,0,1.7427170802473693,0.16,0.3490658503988659,9.81,1,1,9,21,41,-3.0,3.0,0.01,30.0,60.0,1e-09,1e-12,6,0.0001,1,new simulation,nan
4,40,-0.04943951023931953,3.0,-0.6,rolling,7.9699999999998745,-0.17749046066010307,1.730745323296871,22,22,0,1.7427283844013568,0.16,0.3490658503988659,9.81,1,1,9,21,41,-3.0,3.0,0.01,30.0,60.0,1e-09,1e-12,6,0.0001,1,new simulation,nan
5,0,-0.014532925199432944,-3.0,-0.5,rolling,9.55999999999984,-0.18102627242237762,1.7342876135374765,23,21,2,1.7425768816795077,0.16,0.3490658503988659,9.81,1,1,9,21,41,-3.0,3.0,0.01,30.0,60.0,1e-09,1e-12,6,0.0001,1,new simulation,nan
5,1,-0.014532925199432944,-2.85,-0.5,rolling,9.509999999999842,-0.1765939366278245,1.7298214776259764,23,21,2,1.7425702474798708,0.16,0.3490658503988659,9.81,1,1,9,21,41,-3.0,3.0,0.01,30.0,60.0,1e-09,1e-12,6,0.0001,1,new simulation,nan
5,2,-0.014532925199432944,-2.7,-0.5,rolling,9.529999999999841,-0.18018385681516458,1.7334291301093978,23,21,2,1.7425639540956948,0.16,0.3490658503988659,9.81,1,1,9,21,41,-3.0,3.0,0.01,30.0,60.0,1e-09,1e-12,6,0.0001,1,new simulation,nan
5,3,-0.014532925199432944,-2.55,-0.5,rolling,9.61999999999984,-0.18175998421271158,1.735032744152136,23,21,2,1.7425579984087676,0.16,0.3490658503988659,9.81,1,1,9,21,41,-3.0,3.0,0.01,30.0,60.0,1e-09,1e-12,6,0.0001,1,new simulation,nan
5,4,-0.014532925199432944,-2.4,-0.5,rolling,10.219999999999827,-0.17182980425709304,1.7251359462996902,24,22,2,1.7425916321755581,0.16,0.3490658503988659,9.81,1,1,9,21,41,-3.0,3.0,0.01,30.0,60.0,1e-09,1e-12,6,0.0001,1,new simulation,nan
5,5,-0.014532925199432944,-2.25,-0.5,rolling,11.199999999999806,-0.17365477425543455,1.7269182300556691,24,22,2,1.742588538883556,0.16,0.3490658503988659,9.81,1,1,9,21,41,-3.0,3.0,0.01,30.0,60.0,1e-09,1e-12,6,0.0001,1,new simulation,nan
5,6,-0.014532925199432944,-2.1,-0.5,settled,1.2300000000000009,-0.18906585039886592,0.0,3,1,2,nan,0.16,0.3490658503988659,9.81,1,1,9,21,41,-3.0,3.0,0.01,30.0,60.0,1e-09,1e-12,6,0.0001,1,new simulation,nan
5,7,-0.014532925199432944,-1.95,-0.5,rolling,9.879999999999834,-0.18879928326762174,1.7423546989520529,22,21,1,1.7425872249688723,0.16,0.3490658503988659,9.81,1,1,9,21,41,-3.0,3.0,0.01,30.0,60.0,1e-09,1e-12,6,0.0001,1,new simulation,nan
5,8,-0.014532925199432944,-1.8,-0.5,rolling,9.299999999999846,-0.18794325628941844,1.7414506284066218,22,21,1,1.7425799793166608,0.16,0.3490658503988659,9.81,1,1,9,21,41,-3.0,3.0,0.01,30.0,60.0,1e-09,1e-12,6,0.0001,1,new simulation,nan
5,9,-0.014532925199432944,-1.6500000000000001,-0.5,rolling,9.179999999999849,-0.1783069132004349,1.7315359865035873,22,21,1,1.7425733102371315,0.16,0.3490658503988659,9.81,1,1,9,21,41,-3.0,3.0,0.01,30.0,60.0,1e-09,1e-12,6,0.0001,1,new simulation,nan
5,10,-0.014532925199432944,-1.5,-0.5,rolling,9.13999999999985,-0.18454113565228591,1.7378959829530127,22,21,1,1.7425672237829797,0.16,0.3490658503988659,9.81,1,1,9,21,41,-3.0,3.0,0.01,30.0,60.0,1e-09,1e-12,6,0.0001,1,new simulation,nan
5,11,-0.014532925199432944,-1.35,-0.5,rolling,9.15999999999985,-0.17564154338201135,1.728873349549357,22,21,1,1.7425617173677033,0.16,0.3490658503988659,9.81,1,1,9,21,41,-3.0,3.0,0.01,30.0,60.0,1e-09,1e-12,6,0.0001,1,new simulation,nan
5,12,-0.014532925199432944,-1.2000000000000002,-0.5,rolling,9.219999999999848,-0.18050009737810319,1.733748814690258,22,21,1,1.7425567874929024,0.16,0.3490658503988659,9.81,1,1,9,21,41,-3.0,3.0,0.01,30.0,60.0,1e-09,1e-12,6,0.0001,1,new simulation,nan
5,13,-0.014532925199432944,-1.05,-0.5,rolling,9.739999999999837,-0.18148516233402753,1.7347581376361603,23,22,1,1.7425916648690418,0.16,0.3490658503988659,9.81,1,1,9,21,41,-3.0,3.0,0.01,30.0,60.0,1e-09,1e-12,6,0.0001,1,new simulation,nan
5,14,-0.014532925199432944,-0.8999999999999999,-0.5,rolling,10.05999999999983,-0.17761104476556416,1.7308408755754876,23,22,1,1.7425894533153377,0.16,0.3490658503988659,9.81,1,1,9,21,41,-3.0,3.0,0.01,30.0,60.0,1e-09,1e-12,6,0.0001,1,new simulation,nan
5,15,-0.014532925199432944,-0.75,-0.5,settled,0.5500000000000003,-0.18906585039886592,0.0,2,1,1,nan,0.16,0.3490658503988659,9.81,1,1,9,21,41,-3.0,3.0,0.01,30.0,60.0,1e-09,1e-12,6,0.0001,1,new simulation,nan
5,16,-0.014532925199432944,-0.6000000000000001,-0.5,settled,0.5500000000000003,-0.18906585039886592,0.0,2,1,1,nan,0.16,0.3490658503988659,9.81,1,1,9,21,41,-3.0,3.0,0.01,30.0,60.0,1e-09,1e-12,6,0.0001,1,new simulation,nan
5,17,-0.014532925199432944,-0.4500000000000002,-0.5,settled,0.5700000000000003,-0.18906585039886592,0.0,2,1,1,nan,0.16,0.3490658503988659,9.81,1,1,9,21,41,-3.0,3.0,0.01,30.0,60.0,1e-09,1e-12,6,0.0001,1,new simulation,nan
5,18,-0.014532925199432944,-0.30000000000000027,-0.5,settled,0.6400000000000003,-0.18906585039886592,0.0,2,1,1,nan,0.16,0.3490658503988659,9.81,1,1,9,21,41,-3.0,3.0,0.01,30.0,60.0,1e-09,1e-12,6,0.0001,1,new simulation,nan
5,19,-0.014532925199432944,-0.1499999999999999,-0.5,settled,0.7900000000000005,-0.18906585039886592,0.0,2,1,1,nan,0.16,0.3490658503988659,9.81,1,1,9,21,41,-3.0,3.0,0.01,30.0,60.0,1e-09,1e-12,6,0.0001,1,new simulation,nan
5,20,-0.014532925199432944,0.0,-0.5,settled,1.2400000000000009,-0.18906585039886592,0.0,2,1,1,nan,0.16,0.3490658503988659,9.81,1,1,9,21,41,-3.0,3.0,0.01,30.0,60.0,1e-09,1e-12,6,0.0001,1,new simulation,nan
5,21,-0.014532925199432944,0.1499999999999999,-0.5,rolling,9.189999999999849,-0.18853441012423036,1.7420752686037473,21,21,0,1.7425888250208648,0.16,0.3490658503988659,9.81,1,1,9,21,41,-3.0,3.0,0.01,30.0,60.0,1e-09,1e-12,6,0.0001,1,new simulation,nan
5,22,-0.014532925199432944,0.2999999999999998,-0.5,rolling,8.899999999999855,-0.18068118550920426,1.7339389025519516,21,21,0,1.7425903074037032,0.16,0.3490658503988659,9.81,1,1,9,21,41,-3.0,3.0,0.01,30.0,60.0,1e-09,1e-12,6,0.0001,1,new simulation,nan
5,23,-0.014532925199432944,0.44999999999999973,-0.5,rolling,8.349999999999866,-0.17590090658410126,1.7291293427121193,20,20,0,1.7425543370997119,0.16,0.3490658503988659,9.81,1,1,9,21,41,-3.0,3.0,0.01,30.0,60.0,1e-09,1e-12,6,0.0001,1,new simulation,nan
5,24,-0.014532925199432944,0.5999999999999996,-0.5,rolling,8.229999999999869,-0.17206636210135007,1.7253603904747872,20,20,0,1.7425602301367367,0.16,0.3490658503988659,9.81,1,1,9,21,41,-3.0,3.0,0.01,30.0,60.0,1e-09,1e-12,6,0.0001,1,new simulation,nan
5,25,-0.014532925199432944,0.75,-0.5,rolling,8.119999999999871,-0.18575000228866032,1.7391518192750508,20,20,0,1.7425678062536336,0.16,0.3490658503988659,9.81,1,1,9,21,41,-3.0,3.0,0.01,30.0,60.0,1e-09,1e-12,6,0.0001,1,new simulation,nan
5,26,-0.014532925199432944,0.8999999999999999,-0.5,rolling,8.029999999999873,-0.1849713251426159,1.738343799565488,20,20,0,1.7425770655906971,0.16,0.3490658503988659,9.81,1,1,9,21,41,-3.0,3.0,0.01,30.0,60.0,1e-09,1e-12,6,0.0001,1,new simulation,nan
5,27,-0.014532925199432944,1.0499999999999998,-0.5,rolling,7.949999999999875,-0.18021819641889406,1.7334683079951196,20,20,0,1.7425880083293006,0.16,0.3490658503988659,9.81,1,1,9,21,41,-3.0,3.0,0.01,30.0,60.0,1e-09,1e-12,6,0.0001,1,new simulation,nan
5,28,-0.014532925199432944,1.2000000000000002,-0.5,rolling,7.479999999999885,-0.18795523505164835,1.7414610317616737,19,19,0,1.7425677275597362,0.16,0.3490658503988659,9.81,1,1,9,21,41,-3.0,3.0,0.01,30.0,60.0,1e-09,1e-12,6,0.0001,1,new simulation,nan
5,29,-0.014532925199432944,1.3499999999999996,-0.5,rolling,7.4099999999998865,-0.18339786448128903,1.7367195142939684,19,19,0,1.7425921131762527,0.16,0.3490658503988659,9.81,1,1,9,21,41,-3.0,3.0,0.01,30.0,60.0,1e-09,1e-12,6,0.0001,1,new simulation,nan
5,30,-0.014532925199432944,1.5,-0.5,rolling,6.569999999999904,-0.1733512463783165,1.7266164598345248,17,17,0,1.7425660487177614,0.16,0.3490658503988659,9.81,1,1,9,21,41,-3.0,3.0,0.01,30.0,60.0,1e-09,1e-12,6,0.0001,1,new simulation,nan
5,31,-0.014532925199432944,1.6499999999999995,-0.5,rolling,4.559999999999947,-0.17696091692422047,1.7302174193389943,12,12,0,1.7427357735683164,0.16,0.3490658503988659,9.81,1,1,9,21,41,-3.0,3.0,0.01,30.0,60.0,1e-09,1e-12,6,0.0001,1,new simulation,nan
5,32,-0.014532925199432944,1.7999999999999998,-0.5,rolling,6.829999999999899,-0.17340225682551402,1.7266920798482976,18,18,0,1.7427071989095708,0.16,0.3490658503988659,9.81,1,1,9,21,41,-3.0,3.0,0.01,30.0,60.0,1e-09,1e-12,6,0.0001,1,new simulation,nan
5,33,-0.014532925199432944,1.9500000000000002,-0.5,rolling,7.149999999999892,-0.1877387429545358,1.741260385413153,19,19,0,1.7427183370152932,0.16,0.3490658503988659,9.81,1,1,9,21,41,-3.0,3.0,0.01,30.0,60.0,1e-09,1e-12,6,0.0001,1,new simulation,nan
5,34,-0.014532925199432944,2.0999999999999996,-0.5,rolling,7.479999999999885,-0.1888464488205316,1.7424269422397443,20,20,0,1.7427117413659845,0.16,0.3490658503988659,9.81,1,1,9,21,41,-3.0,3.0,0.01,30.0,60.0,1e-09,1e-12,6,0.0001,1,new simulation,nan
5,35,-0.014532925199432944,2.25,-0.5,rolling,7.429999999999886,-0.1790550784850065,1.7323186425776074,20,20,0,1.742736149803114,0.16,0.3490658503988659,9.81,1,1,9,21,41,-3.0,3.0,0.01,30.0,60.0,1e-09,1e-12,6,0.0001,1,new simulation,nan
5,36,-0.014532925199432944,2.3999999999999995,-0.5,rolling,7.759999999999879,-0.18744383354495373,1.7409498631916827,21,21,0,1.7427147806974865,0.16,0.3490658503988659,9.81,1,1,9,21,41,-3.0,3.0,0.01,30.0,60.0,1e-09,1e-12,6,0.0001,1,new simulation,nan
5,37,-0.014532925199432944,2.55,-0.5,rolling,7.70999999999988,-0.18440560397070743,1.7377852016941393,21,21,0,1.7427310787973835,0.16,0.3490658503988659,9.81,1,1,9,21,41,-3.0,3.0,0.01,30.0,60.0,1e-09,1e-12,6,0.0001,1,new simulation,nan
5,38,-0.014532925199432944,2.7,-0.5,rolling,8.049999999999873,-0.18171479895076498,1.7350134204734626,22,22,0,1.7427066384181185,0.16,0.3490658503988659,9.81,1,1,9,21,41,-3.0,3.0,0.01,30.0,60.0,1e-09,1e-12,6,0.0001,1,new simulation,nan
5,39,-0.014532925199432944,2.8499999999999996,-0.5,rolling,7.999999999999874,-0.184549323517536,1.7379315418530048,22,22,0,1.7427173625665064,0.16,0.3490658503988659,9.81,1,1,9,21,41,-3.0,3.0,0.01,30.0,60.0,1e-09,1e-12,6,0.0001,1,new simulation,nan
5,40,-0.014532925199432944,3.0,-0.5,rolling,7.959999999999875,-0.17270816205825218,1.726016816584482,22,22,0,1.7427286660460695,0.16,0.3490658503988659,9.81,1,1,9,21,41,-3.0,3.0,0.01,30.0,60.0,1e-09,1e-12,6,0.0001,1,new simulation,nan
6,0,0.020373659840453667,-3.0,-0.3999999999999999,rolling,9.56999999999984,-0.1834644316193894,1.7367853491653524,23,21,2,1.7425768674084898,0.16,0.3490658503988659,9.81,1,1,9,21,41,-3.0,3.0,0.01,30.0,60.0,1e-09,1e-12,6,0.0001,1,new simulation,nan
6,1,0.020373659840453667,-2.85,-0.3999999999999999,rolling,9.519999999999841,-0.18044736135189643,1.7336976865833267,23,21,2,1.7425702334738877,0.16,0.3490658503988659,9.81,1,1,9,21,41,-3.0,3.0,0.01,30.0,60.0,1e-09,1e-12,6,0.0001,1,new simulation,nan
6,2,0.020373659840453667,-2.7,-0.3999999999999999,rolling,9.539999999999841,-0.18550526227063885,1.7388963129889952,23,21,2,1.7425639387882617,0.16,0.3490658503988659,9.81,1,1,9,21,41,-3.0,3.0,0.01,30.0,60.0,1e-09,1e-12,6,0.0001,1,new simulation,nan
6,3,0.020373659840453667,-2.55,-0.3999999999999999,rolling,9.62999999999984,-0.18878737227697795,1.7423368537046535,23,21,2,1.7425579837820473,0.16,0.3490658503988659,9.81,1,1,9,21,41,-3.0,3.0,0.01,30.0,60.0,1e-09,1e-12,6,0.0001,1,new simulation,nan
6,4,0.020373659840453667,-2.4,-0.3999999999999999,rolling,10.229999999999826,-0.181196809360693,1.734464022043247,24,22,2,1.7425916230573912,0.16,0.3490658503988659,9.81,1,1,9,21,41,-3.0,3.0,0.01,30.0,60.0,1e-09,1e-12,6,0.0001,1,new simulation,nan
6,5,0.020373659840453667,-2.25,-0.3999999999999999,rolling,11.229999999999805,-0.18019520780646145,1.7334450858954285,24,22,2,1.742588528918514,0.16,0.3490658503988659,9.81,1,1,9,21,41,-3.0,3.0,0.01,30.0,60.0,1e-09,1e-12,6,0.0001,1,new simulation,nan
6,6,0.020373659840453667,-2.1,-0.3999999999999999,settled,1.2500000000000009,-0.18906585039886592,0.0,3,1,2,nan,0.16,0.3490658503988659,9.81,1,1,9,21,41,-3.0,3.0,0.01,30.0,60.0,1e-09,1e-12,6,0.0001,1,new simulation,nan
6,7,0.020373659840453667,-1.95,-0.3999999999999999,rolling,9.899999999999833,-0.17322615557436055,1.7264977505758519,22,21,1,1.7425871992118227,0.16,0.3490658503988659,9.81,1,1,9,21,41,-3.0,3.0,0.01,30.0,60.0,1e-09,1e-12,6,0.0001,1,new simulation,nan
6,8,0.020373659840453667,-1.8,-0.3999999999999999,rolling,9.319999999999846,-0.1855665229305671,1.7389629523330028,22,21,1,1.7425799530142791,0.16,0.3490658503988659,9.81,1,1,9,21,41,-3.0,3.0,0.01,30.0,60.0,1e-09,1e-12,6,0.0001,1,new simulation,nan
6,9,0.020373659840453667,-1.6500000000000001,-0.3999999999999999,rolling,9.199999999999848,-0.17984411863792096,1.7330865392751096,22,21,1,1.7425732861614858,0.16,0.3490658503988659,9.81,1,1,9,21,41,-3.0,3.0,0.01,30.0,60.0,1e-09,1e-12,6,0.0001,1,new simulation,nan
6,10,0.020373659840453667,-1.5,-0.3999999999999999,rolling,9.169999999999849,-0.1728496823874725,1.7261257741788103,22,21,1,1.7425671981773598,0.16,0.3490658503988659,9.81,1,1,9,21,41,-3.0,3.0,0.01,30.0,60.0,1e-09,1e-12,6,0.0001,1,new simulation,nan
6,11,0.020373659840453667,-1.35,-0.3999999999999999,rolling,9.179999999999849,-0.1861589637151767,1.7395771614292348,22,21,1,1.7425616909399146,0.16,0.3490658503988659,9.81,1,1,9,21,41,-3.0,3.0,0.01,30.0,60.0,1e-09,1e-12,6,0.0001,1,new simulation,nan
6,12,0.020373659840453667,-1.2000000000000002,-0.3999999999999999,rolling,9.249999999999847,-0.1798506929244721,1.7330902083097102,22,21,1,1.7425567631955785,0.16,0.3490658503988659,9.81,1,1,9,21,41,-3.0,3.0,0.01,30.0,60.0,1e-09,1e-12,6,0.0001,1,new simulation,nan
6,13,0.020373659840453667,-1.05,-0.3999999999999999,rolling,9.779999999999836,-0.1719287164529444,1.7252321471068082,23,22,1,1.742591649664169,0.16,0.3490658503988659,9.81,1,1,9,21,41,-3.0,3.0,0.01,30.0,60.0,1e-09,1e-12,6,0.0001,1,new simulation,nan
6,14,0.020373659840453667,-0.8999999999999999,-0.3999999999999999,rolling,10.09999999999983,-0.18304678075918765,1.7363576713625732,23,22,1,1.7425894377809816,0.16,0.3490658503988659,9.81,1,1,9,21,41,-3.0,3.0,0.01,30.0,60.0,1e-09,1e-12,6,0.0001,1,new simulation,nan
6,15,0.020373659840453667,-0.75,-0.3999999999999999,settled,0.5900000000000003,-0.18906585039886592,0.0,2,1,1,nan,0.16,0.3490658503988659,9.81,1,1,9,21,41,-3.0,3.0,0.01,30.0,60.0,1e-09,1e-12,6,0.0001,1,new simulation,nan
6,16,0.020373659840453667,-0.6000000000000001,-0.3999999999999999,settled,0.6000000000000003,-0.18906585039886592,0.0,2,1,1,nan,0.16,0.3490658503988659,9.81,1,1,9,21,41,-3.0,3.0,0.01,30.0,60.0,1e-09,1e-12,6,0.0001,1,new simulation,nan
6,17,0.020373659840453667,-0.4500000000000002,-0.3999999999999999,settled,0.6500000000000004,-0.18906585039886592,0.0,2,1,1,nan,0.16,0.3490658503988659,9.81,1,1,9,21,41,-3.0,3.0,0.01,30.0,60.0,1e-09,1e-12,6,0.0001,1,new simulation,nan
6,18,0.020373659840453667,-0.30000000000000027,-0.3999999999999999,settled,0.7600000000000005,-0.18906585039886592,0.0,2,1,1,nan,0.16,0.3490658503988659,9.81,1,1,9,21,41,-3.0,3.0,0.01,30.0,60.0,1e-09,1e-12,6,0.0001,1,new simulation,nan
6,19,0.020373659840453667,-0.1499999999999999,-0.3999999999999999,settled,1.0500000000000007,-0.18906585039886592,0.0,2,1,1,nan,0.16,0.3490658503988659,9.81,1,1,9,21,41,-3.0,3.0,0.01,30.0,60.0,1e-09,1e-12,6,0.0001,1,new simulation,nan
6,20,0.020373659840453667,0.0,-0.3999999999999999,rolling,9.359999999999845,-0.17344918240456592,1.7267164978869987,21,21,0,1.7425882878333796,0.16,0.3490658503988659,9.81,1,1,9,21,41,-3.0,3.0,0.01,30.0,60.0,1e-09,1e-12,6,0.0001,1,new simulation,nan
6,21,0.020373659840453667,0.1499999999999999,-0.3999999999999999,rolling,8.969999999999853,-0.17410640121662535,1.7273620692513527,21,21,0,1.7425887825767852,0.16,0.3490658503988659,9.81,1,1,9,21,41,-3.0,3.0,0.01,30.0,60.0,1e-09,1e-12,6,0.0001,1,new simulation,nan
6,22,0.020373659840453667,0.2999999999999998,-0.3999999999999999,rolling,8.789999999999857,-0.17408253941141308,1.7273388636347855,21,21,0,1.7425902637925226,0.16,0.3490658503988659,9.81,1,1,9,21,41,-3.0,3.0,0.01,30.0,60.0,1e-09,1e-12,6,0.0001,1,new simulation,nan
6,23,0.020373659840453667,0.44999999999999973,-0.3999999999999999,rolling,8.269999999999868,-0.18265048860621377,1.7359441609975172,20,20,0,1.7425542621891976,0.16,0.3490658503988659,9.81,1,1,9,21,41,-3.0,3.0,0.01,30.0,60.0,1e-09,1e-12,6,0.0001,1,new simulation,nan
6,24,0.020373659840453667,0.5999999999999996,-0.3999999999999999,rolling,8.16999999999987,-0.1769132950782071,1.7301380782187328,20,20,0,1.7425601552819654,0.16,0.3490658503988659,9.81,1,1,9,21,41,-3.0,3.0,0.01,30.0,60.0,1e-09,1e-12,6,0.0001,1,new simulation,nan
6,25,0.020373659840453667,0.75,-0.3999999999999999,rolling,8.079999999999872,-0.17566260040293286,1.728895319836095,20,20,0,1.7425677311994436,0.16,0.3490658503988659,9.81,1,1,9,21,41,-3.0,3.0,0.01,30.0,60.0,1e-09,1e-12,6,0.0001,1,new simulation,nan
6,26,0.020373659840453667,0.8999999999999999,-0.3999999999999999,rolling,7.989999999999874,-0.18807144134851492,1.7415850472499348,20,20,0,1.742576990377015,0.16,0.3490658503988659,9.81,1,1,9,21,41,-3.0,3.0,0.01,30.0,60.0,1e-09,1e-12,6,0.0001,1,new simulation,nan
6,27,0.020373659840453667,1.0499999999999998,-0.3999999999999999,rolling,7.919999999999876,-0.175399930038389,1.728638686158414,20,20,0,1.7425879324951605,0.16,0.3490658503988659,9.81,1,1,9,21,41,-3.0,3.0,0.01,30.0,60.0,1e-09,1e-12,6,0.0001,1,new simulation,nan
6,28,0.020373659840453667,1.2000000000000002,-0.3999999999999999,rolling,7.459999999999885,-0.17286538101988624,1.7261411927286747,19,19,0,1.7425675997497299,0.16,0.3490658503988659,9.81,1,1,9,21,41,-3.0,3.0,0.01,30.0,60.0,1e-09,1e-12,6,0.0001,1,new simulation,nan
6,29,0.020373659840453667,1.3499999999999996,-0.3999999999999999,rolling,7.389999999999887,-0.17382253595645517,1.7270835864477385,19,19,0,1.7425919851299205,0.16,0.3490658503988659,9.81,1,1,9,21,41,-3.0,3.0,0.01,30.0,60.0,1e-09,1e-12,6,0.0001,1,new simulation,nan
6,30,0.020373659840453667,1.5,-0.3999999999999999,rolling,6.539999999999905,-0.18550117900944027,1.7388923767357143,17,17,0,1.7425656779207255,0.16,0.3490658503988659,9.81,1,1,9,21,41,-3.0,3.0,0.01,30.0,60.0,1e-09,1e-12,6,0.0001,1,new simulation,nan
6,31,0.020373659840453667,1.6499999999999995,-0.3999999999999999,rolling,4.539999999999948,-0.17539005514527964,1.7286547484900314,12,12,0,1.742730452352913,0.16,0.3490658503988659,9.81,1,1,9,21,41,-3.0,3.0,0.01,30.0,60.0,1e-09,1e-12,6,0.0001,1,new simulation,nan
6,32,0.020373659840453667,1.7999999999999998,-0.3999999999999999,rolling,6.809999999999899,-0.17482923307580275,1.7280959360847101,18,18,0,1.7427069797727073,0.16,0.3490658503988659,9.81,1,1,9,21,41,-3.0,3.0,0.01,30.0,60.0,1e-09,1e-12,6,0.0001,1,new simulation,nan
6,33,0.020373659840453667,1.9500000000000002,-0.3999999999999999,rolling,7.139999999999892,-0.17437326760886038,1.7276482694546749,19,19,0,1.7427182097373153,0.16,0.3490658503988659,9.81,1,1,9,21,41,-3.0,3.0,0.01,30.0,60.0,1e-09,1e-12,6,0.0001,1,new simulation,nan
6,34,0.020373659840453667,2.0999999999999996,-0.3999999999999999,rolling,7.469999999999885,-0.17764914745976743,1.7309011661804545,20,20,0,1.7427116663598314,0.16,0.3490658503988659,9.81,1,1,9,21,41,-3.0,3.0,0.01,30.0,60.0,1e-09,1e-12,6,0.0001,1,new simulation,nan
6,35,0.020373659840453667,2.25,-0.3999999999999999,rolling,7.4099999999998865,-0.18711766131641103,1.7406114626439864,20,20,0,1.7427360745046219,0.16,0.3490658503988659,9.81,1,1,9,21,41,-3.0,3.0,0.01,30.0,60.0,1e-09,1e-12,6,0.0001,1,new simulation,nan
6,36,0.020373659840453667,2.3999999999999995,-0.3999999999999999,rolling,7.749999999999879,-0.17979783222646797,1.7330652613859032,21,21,0,1.7427147364270887,0.16,0.3490658503988659,9.81,1,1,9,21,41,-3.0,3.0,0.01,30.0,60.0,1e-09,1e-12,6,0.0001,1,new simulation,nan
6,37,0.020373659840453667,2.55,-0.3999999999999999,rolling,7.69999999999988,-0.17823201248369397,1.7314892882360617,21,21,0,1.7427310356745596,0.16,0.3490658503988659,9.81,1,1,9,21,41,-3.0,3.0,0.01,30.0,60.0,1e-09,1e-12,6,0.0001,1,new simulation,nan
6,38,0.020373659840453667,2.7,-0.3999999999999999,rolling,8.039999999999873,-0.17684702376061495,1.730098491539846,22,22,0,1.7427066130330962,0.16,0.3490658503988659,9.81,1,1,9,21,41,-3.0,3.0,0.01,30.0,60.0,1e-09,1e-12,6,0.0001,1,new simulation,nan
6,39,0.020373659840453667,2.8499999999999996,-0.3999999999999999,rolling,7.989999999999874,-0.1808362212054899,1.734119542954565,22,22,0,1.742717336702192,0.16,0.3490658503988659,9.81,1,1,9,21,41,-3.0,3.0,0.01,30.0,60.0,1e-09,1e-12,6,0.0001,1,new simulation,nan
6,40,0.020373659840453667,3.0,-0.3999999999999999,rolling,7.939999999999875,-0.1873809775485458,1.7408863671191956,22,22,0,1.7427286401989075,0.16,0.3490658503988659,9.81,1,1,9,21,41,-3.0,3.0,0.01,30.0,60.0,1e-09,1e-12,6,0.0001,1,new simulation,nan
7,0,0.05528024488034025,-3.0,-0.29999999999999993,rolling,9.57999999999984,-0.1812212208766525,1.7344862041010003,23,21,2,1.7425766713765283,0.16,0.3490658503988659,9.81,1,1,9,21,41,-3.0,3.0,0.01,30.0,60.0,1e-09,1e-12,6,0.0001,1,new simulation,nan
7,1,0.05528024488034025,-2.85,-0.29999999999999993,rolling,9.529999999999841,-0.18389935815150713,1.7372327620483088,23,21,2,1.7425700363754257,0.16,0.3490658503988659,9.81,1,1,9,21,41,-3.0,3.0,0.01,30.0,60.0,1e-09,1e-12,6,0.0001,1,new simulation,nan
7,2,0.05528024488034025,-2.7,-0.29999999999999993,rolling,9.55999999999984,-0.17638062393836607,1.7296078925937308,23,21,2,1.742563742586208,0.16,0.3490658503988659,9.81,1,1,9,21,41,-3.0,3.0,0.01,30.0,60.0,1e-09,1e-12,6,0.0001,1,new simulation,nan
7,3,0.05528024488034025,-2.55,-0.29999999999999993,rolling,9.649999999999839,-0.1858829194655199,1.7392885220368133,23,21,2,1.7425577889593733,0.16,0.3490658503988659,9.81,1,1,9,21,41,-3.0,3.0,0.01,30.0,60.0,1e-09,1e-12,6,0.0001,1,new simulation,nan
7,4,0.05528024488034025,-2.4,-0.29999999999999993,rolling,10.259999999999826,-0.17439242963857873,1.7276441614062463,24,22,2,1.7425915093235689,0.16,0.3490658503988659,9.81,1,1,9,21,41,-3.0,3.0,0.01,30.0,60.0,1e-09,1e-12,6,0.0001,1,new simulation,nan
7,5,0.05528024488034025,-2.25,-0.29999999999999993,rolling,11.699999999999795,-0.1762945378548687,1.7295267073619096,24,22,2,1.742588414235617,0.16,0.3490658503988659,9.81,1,1,9,21,41,-3.0,3.0,0.01,30.0,60.0,1e-09,1e-12,6,0.0001,1,new simulation,nan
7,6,0.05528024488034025,-2.1,-0.29999999999999993,settled,1.270000000000001,-0.18906585039886592,0.0,3,1,2,nan,0.16,0.3490658503988659,9.81,1,1,9,21,41,-3.0,3.0,0.01,30.0,60.0,1e-09,1e-12,6,0.0001,1,new simulation,nan
7,7,0.05528024488034025,-1.95,-0.29999999999999993,rolling,9.839999999999835,-0.1743237595130307,1.727575676083253,22,21,1,1.7425868666862192,0.16,0.3490658503988659,9.81,1,1,9,21,41,-3.0,3.0,0.01,30.0,60.0,1e-09,1e-12,6,0.0001,1,new simulation,nan
7,8,0.05528024488034025,-1.8,-0.29999999999999993,rolling,9.329999999999846,-0.18531913128849226,1.738705547982269,22,21,1,1.7425796183277094,0.16,0.3490658503988659,9.81,1,1,9,21,41,-3.0,3.0,0.01,30.0,60.0,1e-09,1e-12,6,0.0001,1,new simulation,nan
7,9,0.05528024488034025,-1.6500000000000001,-0.29999999999999993,rolling,9.219999999999848,-0.17603605016463422,1.729266934458624,22,21,1,1.7425729517127484,0.16,0.3490658503988659,9.81,1,1,9,21,41,-3.0,3.0,0.01,30.0,60.0,1e-09,1e-12,6,0.0001,1,new simulation,nan
7,10,0.05528024488034025,-1.5,-0.29999999999999993,rolling,9.189999999999849,-0.17819344021200037,1.7314208307782182,22,21,1,1.7425668648322017,0.16,0.3490658503988659,9.81,1,1,9,21,41,-3.0,3.0,0.01,30.0,60.0,1e-09,1e-12,6,0.0001,1,new simulation,nan
7,11,0.05528024488034025,-1.35,-0.29999999999999993,rolling,9.209999999999848,-0.18386665672842828,1.7371974325016717,22,21,1,1.7425613576356334,0.16,0.3490658503988659,9.81,1,1,9,21,41,-3.0,3.0,0.01,30.0,60.0,1e-09,1e-12,6,0.0001,1,new simulation,nan
7,12,0.05528024488034025,-1.2000000000000002,-0.29999999999999993,rolling,9.289999999999846,-0.17341680318549996,1.7266789700885214,22,21,1,1.7425564288274868,0.16,0.3490658503988659,9.81,1,1,9,21,41,-3.0,3.0,0.01,30.0,60.0,1e-09,1e-12,6,0.0001,1,new simulation,nan
7,13,0.05528024488034025,-1.05,-0.29999999999999993,rolling,9.829999999999835,-0.17174749420464036,1.725055898041168,23,22,1,1.7425914533201068,0.16,0.3490658503988659,9.81,1,1,9,21,41,-3.0,3.0,0.01,30.0,60.0,1e-09,1e-12,6,0.0001,1,new simulation,nan
7,14,0.05528024488034025,-0.8999999999999999,-0.29999999999999993,rolling,10.199999999999827,-0.1862983821639335,1.7397276886536959,23,22,1,1.7425892413746837,0.16,0.3490658503988659,9.81,1,1,9,21,41,-3.0,3.0,0.01,30.0,60.0,1e-09,1e-12,6,0.0001,1,new simulation,nan
7,15,0.05528024488034025,-0.75,-0.29999999999999993,settled,0.6400000000000003,-0.18906585039886592,0.0,2,1,1,nan,0.16,0.3490658503988659,9.81,1,1,9,21,41,-3.0,3.0,0.01,30.0,60.0,1e-09,1e-12,6,0.0001,1,new simulation,nan
7,16,0.05528024488034025,-0.6000000000000001,-0.29999999999999993,settled,0.6700000000000004,-0.18906585039886592,0.0,2,1,1,nan,0.16,0.3490658503988659,9.81,1,1,9,21,41,-3.0,3.0,0.01,30.0,60.0,1e-09,1e-12,6,0.0001,1,new simulation,nan
7,17,0.05528024488034025,-0.4500000000000002,-0.29999999999999993,settled,0.7400000000000004,-0.18906585039886592,0.0,2,1,1,nan,0.16,0.3490658503988659,9.81,1,1,9,21,41,-3.0,3.0,0.01,30.0,60.0,1e-09,1e-12,6,0.0001,1,new simulation,nan
7,18,0.05528024488034025,-0.30000000000000027,-0.29999999999999993,settled,0.9400000000000006,-0.18906585039886592,0.0,2,1,1,nan,0.16,0.3490658503988659,9.81,1,1,9,21,41,-3.0,3.0,0.01,30.0,60.0,1e-09,1e-12,6,0.0001,1,new simulation,nan
7,19,0.05528024488034025,-0.1499999999999999,-0.29999999999999993,rolling,9.679999999999838,-0.18165425560021548,1.7349301708083873,21,21,0,1.7425882132111266,0.16,0.3490658503988659,9.81,1,1,9,21,41,-3.0,3.0,0.01,30.0,60.0,1e-09,1e-12,6,0.0001,1,new simulation,nan
7,20,0.05528024488034025,0.0,-0.29999999999999993,rolling,9.039999999999852,-0.18290261639431896,1.73620915294309,21,21,0,1.7425877189951091,0.16,0.3490658503988659,9.81,1,1,9,21,41,-3.0,3.0,0.01,30.0,60.0,1e-09,1e-12,6,0.0001,1,new simulation,nan
7,21,0.05528024488034025,0.1499999999999999,-0.29999999999999993,rolling,8.839999999999856,-0.17789485999476992,1.7311250582551343,21,21,0,1.7425882144270373,0.16,0.3490658503988659,9.81,1,1,9,21,41,-3.0,3.0,0.01,30.0,60.0,1e-09,1e-12,6,0.0001,1,new simulation,nan
7,22,0.05528024488034025,0.2999999999999998,-0.29999999999999993,rolling,8.709999999999859,-0.17408735975254885,1.7273435004363764,21,21,0,1.742589694576308,0.16,0.3490658503988659,9.81,1,1,9,21,41,-3.0,3.0,0.01,30.0,60.0,1e-09,1e-12,6,0.0001,1,new simulation,nan
7,23,0.05528024488034025,0.44999999999999973,-0.29999999999999993,rolling,8.599999999999861,-0.18360415139577776,1.7369321341978265,21,21,0,1.742592165402608,0.16,0.3490658503988659,9.81,1,1,9,21,41,-3.0,3.0,0.01,30.0,60.0,1e-09,1e-12,6,0.0001,1,new simulation,nan
7,24,0.05528024488034025,0.5999999999999996,-0.29999999999999993,rolling,8.119999999999871,-0.18516600934209318,1.738542735246828,20,20,0,1.7425591862956138,0.16,0.3490658503988659,9.81,1,1,9,21,41,-3.0,3.0,0.01,30.0,60.0,1e-09,1e-12,6,0.0001,1,new simulation,nan
7,25,0.05528024488034025,0.75,-0.29999999999999993,rolling,8.039999999999873,-0.18072404424961264,1.733978224404213,20,20,0,1.7425667620929695,0.16,0.3490658503988659,9.81,1,1,9,21,41,-3.0,3.0,0.01,30.0,60.0,1e-09,1e-12,6,0.0001,1,new simulation,nan
7,26,0.05528024488034025,0.8999999999999999,-0.29999999999999993,rolling,7.959999999999875,-0.1856241849336539,1.7390222677676679,20,20,0,1.7425760208129804,0.16,0.3490658503988659,9.81,1,1,9,21,41,-3.0,3.0,0.01,30.0,60.0,1e-09,1e-12,6,0.0001,1,new simulation,nan
7,27,0.05528024488034025,1.0499999999999998,-0.29999999999999993,rolling,7.889999999999876,-0.18015229629044413,1.7334012834989299,20,20,0,1.7425869642254577,0.16,0.3490658503988659,9.81,1,1,9,21,41,-3.0,3.0,0.01,30.0,60.0,1e-09,1e-12,6,0.0001,1,new simulation,nan
7,28,0.05528024488034025,1.2000000000000002,-0.29999999999999993,rolling,7.429999999999886,-0.18309473274153185,1.7364027530624824,19,19,0,1.7425659493242396,0.16,0.3490658503988659,9.81,1,1,9,21,41,-3.0,3.0,0.01,30.0,60.0,1e-09,1e-12,6,0.0001,1,new simulation,nan
7,29,0.05528024488034025,1.3499999999999996,-0.29999999999999993,rolling,7.3599999999998875,-0.18838487250319538,1.7419177743805143,19,19,0,1.7425903354146144,0.16,0.3490658503988659,9.81,1,1,9,21,41,-3.0,3.0,0.01,30.0,60.0,1e-09,1e-12,6,0.0001,1,new simulation,nan
7,30,0.05528024488034025,1.5,-0.29999999999999993,rolling,6.519999999999905,-0.18620096181923987,1.7396208543995921,17,17,0,1.7425608833082409,0.16,0.3490658503988659,9.81,1,1,9,21,41,-3.0,3.0,0.01,30.0,60.0,1e-09,1e-12,6,0.0001,1,new simulation,nan
7,31,0.05528024488034025,1.6499999999999995,-0.29999999999999993,rolling,3.3499999999999726,-0.18699679952119044,1.7404814501506052,9,9,0,1.7427175761766545,0.16,0.3490658503988659,9.81,1,1,9,21,41,-3.0,3.0,0.01,30.0,60.0,1e-09,1e-12,6,0.0001,1,new simulation,nan
7,32,0.05528024488034025,1.7999999999999998,-0.29999999999999993,rolling,6.7899999999999,-0.18078645428273707,1.7340665331628309,18,18,0,1.7427041674799744,0.16,0.3490658503988659,9.81,1,1,9,21,41,-3.0,3.0,0.01,30.0,60.0,1e-09,1e-12,6,0.0001,1,new simulation,nan
7,33,0.05528024488034025,1.9500000000000002,-0.29999999999999993,rolling,7.119999999999893,-0.18237491206659803,1.7356907912966748,19,19,0,1.7427165584878395,0.16,0.3490658503988659,9.81,1,1,9,21,41,-3.0,3.0,0.01,30.0,60.0,1e-09,1e-12,6,0.0001,1,new simulation,nan
7,34,0.05528024488034025,2.0999999999999996,-0.29999999999999993,rolling,7.449999999999886,-0.18743489977058606,1.740939748675091,20,20,0,1.7427106984345084,0.16,0.3490658503988659,9.81,1,1,9,21,41,-3.0,3.0,0.01,30.0,60.0,1e-09,1e-12,6,0.0001,1,new simulation,nan
7,35,0.05528024488034025,2.25,-0.29999999999999993,rolling,7.399999999999887,-0.18107643059271766,1.734367294604312,20,20,0,1.7427351066409684,0.16,0.3490658503988659,9.81,1,1,9,21,41,-3.0,3.0,0.01,30.0,60.0,1e-09,1e-12,6,0.0001,1,new simulation,nan
7,36,0.05528024488034025,2.3999999999999995,-0.29999999999999993,rolling,7.739999999999879,-0.17512831096718184,1.7283927819106981,21,21,0,1.7427141685382213,0.16,0.3490658503988659,9.81,1,1,9,21,41,-3.0,3.0,0.01,30.0,60.0,1e-09,1e-12,6,0.0001,1,new simulation,nan
7,37,0.05528024488034025,2.55,-0.29999999999999993,rolling,7.6899999999998805,-0.1747600467810853,1.7280318941512076,21,21,0,1.742730466813887,0.16,0.3490658503988659,9.81,1,1,9,21,41,-3.0,3.0,0.01,30.0,60.0,1e-09,1e-12,6,0.0001,1,new simulation,nan
7,38,0.05528024488034025,2.7,-0.29999999999999993,rolling,8.029999999999873,-0.17444374833672097,1.7277155503818742,22,22,0,1.742706279260891,0.16,0.3490658503988659,9.81,1,1,9,21,41,-3.0,3.0,0.01,30.0,60.0,1e-09,1e-12,6,0.0001,1,new simulation,nan
7,39,0.05528024488034025,2.8499999999999996,-0.29999999999999993,rolling,7.979999999999874,-0.17938847498050972,1.7326517082457467,22,22,0,1.7427170037231072,0.16,0.3490658503988659,9.81,1,1,9,21,41,-3.0,3.0,0.01,30.0,60.0,1e-09,1e-12,6,0.0001,1,new simulation,nan
7,40,0.05528024488034025,3.0,-0.29999999999999993,rolling,7.929999999999875,-0.18680050408123808,1.7402777886764262,22,22,0,1.7427283065030128,0.16,0.3490658503988659,9.81,1,1,9,21,41,-3.0,3.0,0.01,30.0,60.0,1e-09,1e-12,6,0.0001,1,new simulation,nan
8,0,0.09018682992022684,-3.0,-0.19999999999999996,rolling,9.58999999999984,-0.1748753114672573,1.7281177399258165,23,21,2,1.7425762946141283,0.16,0.3490658503988659,9.81,1,1,9,21,41,-3.0,3.0,0.01,30.0,60.0,1e-09,1e-12,6,0.0001,1,new simulation,nan
8,1,0.09018682992022684,-2.85,-0.19999999999999996,rolling,9.539999999999841,-0.187317087265615,1.7407906850961234,23,21,2,1.7425696607677075,0.16,0.3490658503988659,9.81,1,1,9,21,41,-3.0,3.0,0.01,30.0,60.0,1e-09,1e-12,6,0.0001,1,new simulation,nan
8,2,0.09018682992022684,-2.7,-0.19999999999999996,rolling,9.56999999999984,-0.18792158006769177,1.741424825249689,23,21,2,1.7425633662093585,0.16,0.3490658503988659,9.81,1,1,9,21,41,-3.0,3.0,0.01,30.0,60.0,1e-09,1e-12,6,0.0001,1,new simulation,nan
8,3,0.09018682992022684,-2.55,-0.19999999999999996,rolling,9.679999999999838,-0.1738098371860981,1.727064837729922,23,21,2,1.742557411736836,0.16,0.3490658503988659,9.81,1,1,9,21,41,-3.0,3.0,0.01,30.0,60.0,1e-09,1e-12,6,0.0001,1,new simulation,nan
8,4,0.09018682992022684,-2.4,-0.19999999999999996,rolling,10.289999999999825,-0.18848216583081512,1.7420205806565092,24,22,2,1.7425912887054684,0.16,0.3490658503988659,9.81,1,1,9,21,41,-3.0,3.0,0.01,30.0,60.0,1e-09,1e-12,6,0.0001,1,new simulation,nan
8,5,0.09018682992022684,-2.25,-0.19999999999999996,settled,1.1500000000000008,-0.18906585039886592,0.0,3,1,2,nan,0.16,0.3490658503988659,9.81,1,1,9,21,41,-3.0,3.0,0.01,30.0,60.0,1e-09,1e-12,6,0.0001,1,new simulation,nan
8,6,0.09018682992022684,-2.1,-0.19999999999999996,settled,1.310000000000001,-0.18906585039886592,0.0,3,1,2,nan,0.16,0.3490658503988659,9.81,1,1,9,21,41,-3.0,3.0,0.01,30.0,60.0,1e-09,1e-12,6,0.0001,1,new simulation,nan
8,7,0.09018682992022684,-1.95,-0.19999999999999996,rolling,9.749999999999837,-0.17385101702447997,1.7271105224204442,22,21,1,1.7425862245634205,0.16,0.3490658503988659,9.81,1,1,9,21,41,-3.0,3.0,0.01,30.0,60.0,1e-09,1e-12,6,0.0001,1,new simulation,nan
8,8,0.09018682992022684,-1.8,-0.19999999999999996,rolling,9.339999999999845,-0.17245390738511385,1.725741453777539,22,21,1,1.7425789770767919,0.16,0.3490658503988659,9.81,1,1,9,21,41,-3.0,3.0,0.01,30.0,60.0,1e-09,1e-12,6,0.0001,1,new simulation,nan
8,9,0.09018682992022684,-1.6500000000000001,-0.19999999999999996,rolling,9.229999999999848,-0.18548838357149203,1.7388802596390376,22,21,1,1.7425723109533626,0.16,0.3490658503988659,9.81,1,1,9,21,41,-3.0,3.0,0.01,30.0,60.0,1e-09,1e-12,6,0.0001,1,new simulation,nan
8,10,0.09018682992022684,-1.5,-0.19999999999999996,rolling,9.209999999999848,-0.1845049878727693,1.737858364068126,22,21,1,1.7425662218539137,0.16,0.3490658503988659,9.81,1,1,9,21,41,-3.0,3.0,0.01,30.0,60.0,1e-09,1e-12,6,0.0001,1,new simulation,nan
8,11,0.09018682992022684,-1.35,-0.19999999999999996,rolling,9.239999999999847,-0.18778676189885488,1.7412825103544425,22,21,1,1.7425607152212674,0.16,0.3490658503988659,9.81,1,1,9,21,41,-3.0,3.0,0.01,30.0,60.0,1e-09,1e-12,6,0.0001,1,new simulation,nan
8,12,0.09018682992022684,-1.2000000000000002,-0.19999999999999996,rolling,9.329999999999846,-0.18145645916069866,1.7347223609988045,22,21,1,1.742555787998704,0.16,0.3490658503988659,9.81,1,1,9,21,41,-3.0,3.0,0.01,30.0,60.0,1e-09,1e-12,6,0.0001,1,new simulation,nan
8,13,0.09018682992022684,-1.05,-0.19999999999999996,rolling,9.889999999999834,-0.18901712188841793,1.7425856969041114,23,22,1,1.7425910764255426,0.16,0.3490658503988659,9.81,1,1,9,21,41,-3.0,3.0,0.01,30.0,60.0,1e-09,1e-12,6,0.0001,1,new simulation,nan
8,14,0.09018682992022684,-0.8999999999999999,-0.19999999999999996,rolling,10.419999999999822,-0.18403932300565617,1.7373807376811716,23,22,1,1.7425888656544364,0.16,0.3490658503988659,9.81,1,1,9,21,41,-3.0,3.0,0.01,30.0,60.0,1e-09,1e-12,6,0.0001,1,new simulation,nan
8,15,0.09018682992022684,-0.75,-0.19999999999999996,settled,0.6900000000000004,-0.18906585039886592,0.0,2,1,1,nan,0.16,0.3490658503988659,9.81,1,1,9,21,41,-3.0,3.0,0.01,30.0,60.0,1e-09,1e-12,6,0.0001,1,new simulation,nan
8,16,0.09018682992022684,-0.6000000000000001,-0.19999999999999996,settled,0.7400000000000004,-0.18906585039886592,0.0,2,1,1,nan,0.16,0.3490658503988659,9.81,1,1,9,21,41,-3.0,3.0,0.01,30.0,60.0,1e-09,1e-12,6,0.0001,1,new simulation,nan
8,17,0.09018682992022684,-0.4500000000000002,-0.19999999999999996,settled,0.8800000000000006,-0.18906585039886592,0.0,2,1,1,nan,0.16,0.3490658503988659,9.81,1,1,9,21,41,-3.0,3.0,0.01,30.0,60.0,1e-09,1e-12,6,0.0001,1,new simulation,nan
8,18,0.09018682992022684,-0.30000000000000027,-0.19999999999999996,settled,1.5500000000000012,-0.18906585039886592,0.0,2,1,1,nan,0.16,0.3490658503988659,9.81,1,1,9,21,41,-3.0,3.0,0.01,30.0,60.0,1e-09,1e-12,6,0.0001,1,new simulation,nan
8,19,0.09018682992022684,-0.1499999999999999,-0.19999999999999996,rolling,9.12999999999985,-0.18322885206480435,1.736544579491412,21,21,0,1.7425871206632204,0.16,0.3490658503988659,9.81,1,1,9,21,41,-3.0,3.0,0.01,30.0,60.0,1e-09,1e-12,6,0.0001,1,new simulation,nan
8,20,0.09018682992022684,0.0,-0.19999999999999996,rolling,8.889999999999855,-0.18600810344127244,1.7394242488193237,21,21,0,1.742586626685739,0.16,0.3490658503988659,9.81,1,1,9,21,41,-3.0,3.0,0.01,30.0,60.0,1e-09,1e-12,6,0.0001,1,new simulation,nan
8,21,0.09018682992022684,0.1499999999999999,-0.19999999999999996,rolling,8.749999999999858,-0.1863266753770315,1.7397568610379326,21,21,0,1.7425871207409402,0.16,0.3490658503988659,9.81,1,1,9,21,41,-3.0,3.0,0.01,30.0,60.0,1e-09,1e-12,6,0.0001,1,new simulation,nan
8,22,0.09018682992022684,0.2999999999999998,-0.19999999999999996,rolling,8.64999999999986,-0.17622075610916355,1.7294533599296076,21,21,0,1.7425886033023197,0.16,0.3490658503988659,9.81,1,1,9,21,41,-3.0,3.0,0.01,30.0,60.0,1e-09,1e-12,6,0.0001,1,new simulation,nan
8,23,0.09018682992022684,0.44999999999999973,-0.19999999999999996,rolling,8.559999999999862,-0.1759479483261861,1.7291827097869754,21,21,0,1.7425910727134084,0.16,0.3490658503988659,9.81,1,1,9,21,41,-3.0,3.0,0.01,30.0,60.0,1e-09,1e-12,6,0.0001,1,new simulation,nan
8,24,0.09018682992022684,0.5999999999999996,-0.19999999999999996,rolling,8.089999999999872,-0.17558335466946173,1.7288148664536107,20,20,0,1.7425573241675971,0.16,0.3490658503988659,9.81,1,1,9,21,41,-3.0,3.0,0.01,30.0,60.0,1e-09,1e-12,6,0.0001,1,new simulation,nan
8,25,0.09018682992022684,0.75,-0.19999999999999996,rolling,8.009999999999874,-0.18148079093115435,1.7347488386354424,20,20,0,1.7425648997539824,0.16,0.3490658503988659,9.81,1,1,9,21,41,-3.0,3.0,0.01,30.0,60.0,1e-09,1e-12,6,0.0001,1,new simulation,nan
8,26,0.09018682992022684,0.8999999999999999,-0.19999999999999996,rolling,7.939999999999875,-0.17637248964570507,1.7296016853977976,20,20,0,1.7425741594248996,0.16,0.3490658503988659,9.81,1,1,9,21,41,-3.0,3.0,0.01,30.0,60.0,1e-09,1e-12,6,0.0001,1,new simulation,nan
8,27,0.09018682992022684,1.0499999999999998,-0.19999999999999996,rolling,7.869999999999877,-0.17633510259236904,1.7295664656265355,20,20,0,1.7425851034845994,0.16,0.3490658503988659,9.81,1,1,9,21,41,-3.0,3.0,0.01,30.0,60.0,1e-09,1e-12,6,0.0001,1,new simulation,nan
8,28,0.09018682992022684,1.2000000000000002,-0.19999999999999996,rolling,7.4099999999998865,-0.18343233636486764,1.7367497349200076,19,19,0,1.7425627756953226,0.16,0.3490658503988659,9.81,1,1,9,21,41,-3.0,3.0,0.01,30.0,60.0,1e-09,1e-12,6,0.0001,1,new simulation,nan
8,29,0.09018682992022684,1.3499999999999996,-0.19999999999999996,rolling,7.349999999999888,-0.17465926420309588,1.7279064453035258,19,19,0,1.7425871616069901,0.16,0.3490658503988659,9.81,1,1,9,21,41,-3.0,3.0,0.01,30.0,60.0,1e-09,1e-12,6,0.0001,1,new simulation,nan
8,30,0.09018682992022684,1.5,-0.19999999999999996,rolling,6.899999999999897,-0.1724757806754708,1.7257650146258516,18,18,0,1.742591212856276,0.16,0.3490658503988659,9.81,1,1,9,21,41,-3.0,3.0,0.01,30.0,60.0,1e-09,1e-12,6,0.0001,1,new simulation,nan
8,31,0.09018682992022684,1.6499999999999995,-0.19999999999999996,rolling,4.88999999999994,-0.18472258096893873,1.738085947756206,13,13,0,1.7425780043746872,0.16,0.3490658503988659,9.81,1,1,9,21,41,-3.0,3.0,0.01,30.0,60.0,1e-09,1e-12,6,0.0001,1,new simulation,nan
8,32,0.09018682992022684,1.7999999999999998,-0.19999999999999996,rolling,6.389999999999908,-0.17646298266349283,1.7297208979652676,17,17,0,1.7427349432302401,0.16,0.3490658503988659,9.81,1,1,9,21,41,-3.0,3.0,0.01,30.0,60.0,1e-09,1e-12,6,0.0001,1,new simulation,nan
8,33,0.09018682992022684,1.9500000000000002,-0.19999999999999996,rolling,7.109999999999893,-0.17694501994312078,1.7301974953775154,19,19,0,1.7427133848087937,0.16,0.3490658503988659,9.81,1,1,9,21,41,-3.0,3.0,0.01,30.0,60.0,1e-09,1e-12,6,0.0001,1,new simulation,nan
8,34,0.09018682992022684,2.0999999999999996,-0.19999999999999996,rolling,7.439999999999886,-0.18336023713220637,1.7367018229972426,20,20,0,1.7427088361615697,0.16,0.3490658503988659,9.81,1,1,9,21,41,-3.0,3.0,0.01,30.0,60.0,1e-09,1e-12,6,0.0001,1,new simulation,nan
8,35,0.09018682992022684,2.25,-0.19999999999999996,rolling,7.389999999999887,-0.1782146190430215,1.7314722186081806,20,20,0,1.742733244371952,0.16,0.3490658503988659,9.81,1,1,9,21,41,-3.0,3.0,0.01,30.0,60.0,1e-09,1e-12,6,0.0001,1,new simulation,nan
8,36,0.09018682992022684,2.3999999999999995,-0.19999999999999996,rolling,7.72999999999988,-0.1733327793979645,1.726625054988445,21,21,0,1.7427130755084326,0.16,0.3490658503988659,9.81,1,1,9,21,41,-3.0,3.0,0.01,30.0,60.0,1e-09,1e-12,6,0.0001,1,new simulation,nan
8,37,0.09018682992022684,2.55,-0.19999999999999996,rolling,7.679999999999881,-0.17390744292512178,1.7271919459346161,21,21,0,1.742729374482999,0.16,0.3490658503988659,9.81,1,1,9,21,41,-3.0,3.0,0.01,30.0,60.0,1e-09,1e-12,6,0.0001,1,new simulation,nan
8,38,0.09018682992022684,2.7,-0.19999999999999996,rolling,8.019999999999873,-0.17443851176296932,1.7277102733250256,22,22,0,1.742705638410709,0.16,0.3490658503988659,9.81,1,1,9,21,41,-3.0,3.0,0.01,30.0,60.0,1e-09,1e-12,6,0.0001,1,new simulation,nan
8,39,0.09018682992022684,2.8499999999999996,-0.19999999999999996,rolling,7.9699999999998745,-0.18015179774082055,1.7334241749234598,22,22,0,1.7427163608605392,0.16,0.3490658503988659,9.81,1,1,9,21,41,-3.0,3.0,0.01,30.0,60.0,1e-09,1e-12,6,0.0001,1,new simulation,nan
8,40,0.09018682992022684,3.0,-0.19999999999999996,rolling,7.919999999999876,-0.18826950270097995,1.7418208420762311,22,22,0,1.7427276658315993,0.16,0.3490658503988659,9.81,1,1,9,21,41,-3.0,3.0,0.01,30.0,60.0,1e-09,1e-12,6,0.0001,1,new simulation,nan
9,0,0.12509341496011342,-3.0,-0.09999999999999998,rolling,9.58999999999984,-0.18270791391508473,1.7360069903159434,23,21,2,1.7425757391873693,0.16,0.3490658503988659,9.81,1,1,9,21,41,-3.0,3.0,0.01,30.0,60.0,1e-09,1e-12,6,0.0001,1,new simulation,nan
9,1,0.12509341496011342,-2.85,-0.09999999999999998,rolling,9.55999999999984,-0.17398755464112606,1.727241611807233,23,21,2,1.742569104056271,0.16,0.3490658503988659,9.81,1,1,9,21,41,-3.0,3.0,0.01,30.0,60.0,1e-09,1e-12,6,0.0001,1,new simulation,nan
9,2,0.12509341496011342,-2.7,-0.09999999999999998,rolling,9.58999999999984,-0.18616705097748712,1.7395858035723668,23,21,2,1.742562809905294,0.16,0.3490658503988659,9.81,1,1,9,21,41,-3.0,3.0,0.01,30.0,60.0,1e-09,1e-12,6,0.0001,1,new simulation,nan
9,3,0.12509341496011342,-2.55,-0.09999999999999998,rolling,9.699999999999838,-0.18861630787857042,1.742155969883147,23,21,2,1.7425568567435439,0.16,0.3490658503988659,9.81,1,1,9,21,41,-3.0,3.0,0.01,30.0,60.0,1e-09,1e-12,6,0.0001,1,new simulation,nan
9,4,0.12509341496011342,-2.4,-0.09999999999999998,rolling,10.349999999999824,-0.1768550620018968,1.730085557460474,24,22,2,1.7425909612330723,0.16,0.3490658503988659,9.81,1,1,9,21,41,-3.0,3.0,0.01,30.0,60.0,1e-09,1e-12,6,0.0001,1,new simulation,nan
9,5,0.12509341496011342,-2.25,-0.09999999999999998,settled,1.1800000000000008,-0.18906585039886592,0.0,3,1,2,nan,0.16,0.3490658503988659,9.81,1,1,9,21,41,-3.0,3.0,0.01,30.0,60.0,1e-09,1e-12,6,0.0001,1,new simulation,nan
9,6,0.12509341496011342,-2.1,-0.09999999999999998,settled,1.370000000000001,-0.18906585039886592,0.0,3,1,2,nan,0.16,0.3490658503988659,9.81,1,1,9,21,41,-3.0,3.0,0.01,30.0,60.0,1e-09,1e-12,6,0.0001,1,new simulation,nan
9,7,0.12509341496011342,-1.95,-0.09999999999999998,rolling,9.649999999999839,-0.18892365335284173,1.7424858068403846,22,21,1,1.742585276940604,0.16,0.3490658503988659,9.81,1,1,9,21,41,-3.0,3.0,0.01,30.0,60.0,1e-09,1e-12,6,0.0001,1,new simulation,nan
9,8,0.12509341496011342,-1.8,-0.09999999999999998,rolling,9.329999999999846,-0.18568673321583018,1.7390877613536904,22,21,1,1.742578029720505,0.16,0.3490658503988659,9.81,1,1,9,21,41,-3.0,3.0,0.01,30.0,60.0,1e-09,1e-12,6,0.0001,1,new simulation,nan
9,9,0.12509341496011342,-1.6500000000000001,-0.09999999999999998,rolling,9.249999999999847,-0.17560110637847373,1.7288350082552044,22,21,1,1.7425713634371967,0.16,0.3490658503988659,9.81,1,1,9,21,41,-3.0,3.0,0.01,30.0,60.0,1e-09,1e-12,6,0.0001,1,new simulation,nan
9,10,0.12509341496011342,-1.5,-0.09999999999999998,rolling,9.239999999999847,-0.17642826169540615,1.7296555871461716,22,21,1,1.7425652760010044,0.16,0.3490658503988659,9.81,1,1,9,21,41,-3.0,3.0,0.01,30.0,60.0,1e-09,1e-12,6,0.0001,1,new simulation,nan
9,11,0.12509341496011342,-1.35,-0.09999999999999998,rolling,9.279999999999847,-0.18339653772331632,1.7367123108861242,22,21,1,1.7425597676629918,0.16,0.3490658503988659,9.81,1,1,9,21,41,-3.0,3.0,0.01,30.0,60.0,1e-09,1e-12,6,0.0001,1,new simulation,nan
9,12,0.12509341496011342,-1.2000000000000002,-0.09999999999999998,rolling,9.389999999999844,-0.17506087267243528,1.728297207270629,22,21,1,1.7425548396582604,0.16,0.3490658503988659,9.81,1,1,9,21,41,-3.0,3.0,0.01,30.0,60.0,1e-09,1e-12,6,0.0001,1,new simulation,nan
9,13,0.12509341496011342,-1.05,-0.09999999999999998,rolling,9.999999999999831,-0.17397820711944414,1.7272363089288176,23,22,1,1.7425905208408146,0.16,0.3490658503988659,9.81,1,1,9,21,41,-3.0,3.0,0.01,30.0,60.0,1e-09,1e-12,6,0.0001,1,new simulation,nan
9,14,0.12509341496011342,-0.8999999999999999,-0.09999999999999998,settled,0.7200000000000004,-0.18906585039886592,0.0,2,1,1,nan,0.16,0.3490658503988659,9.81,1,1,9,21,41,-3.0,3.0,0.01,30.0,60.0,1e-09,1e-12,6,0.0001,1,new simulation,nan
9,15,0.12509341496011342,-0.75,-0.09999999999999998,settled,0.7500000000000004,-0.18906585039886592,0.0,2,1,1,nan,0.16,0.3490658503988659,9.81,1,1,9,21,41,-3.0,3.0,0.01,30.0,60.0,1e-09,1e-12,6,0.0001,1,new simulation,nan
9,16,0.12509341496011342,-0.6000000000000001,-0.09999999999999998,settled,0.8500000000000005,-0.18906585039886592,0.0,2,1,1,nan,0.16,0.3490658503988659,9.81,1,1,9,21,41,-3.0,3.0,0.01,30.0,60.0,1e-09,1e-12,6,0.0001,1,new simulation,nan
9,17,0.12509341496011342,-0.4500000000000002,-0.09999999999999998,settled,1.1900000000000008,-0.18906585039886592,0.0,2,1,1,nan,0.16,0.3490658503988659,9.81,1,1,9,21,41,-3.0,3.0,0.01,30.0,60.0,1e-09,1e-12,6,0.0001,1,new simulation,nan
9,18,0.12509341496011342,-0.30000000000000027,-0.09999999999999998,rolling,9.249999999999847,-0.1813840876363675,1.7346541535712565,21,21,0,1.742586987816768,0.16,0.3490658503988659,9.81,1,1,9,21,41,-3.0,3.0,0.01,30.0,60.0,1e-09,1e-12,6,0.0001,1,new simulation,nan
9,19,0.12509341496011342,-0.1499999999999999,-0.09999999999999998,rolling,8.949999999999854,-0.18334980012179866,1.7366688158930144,21,21,0,1.7425855054453916,0.16,0.3490658503988659,9.81,1,1,9,21,41,-3.0,3.0,0.01,30.0,60.0,1e-09,1e-12,6,0.0001,1,new simulation,nan
9,20,0.12509341496011342,0.0,-0.09999999999999998,rolling,8.799999999999857,-0.18214504912723753,1.7354315410071053,21,21,0,1.7425850118246664,0.16,0.3490658503988659,9.81,1,1,9,21,41,-3.0,3.0,0.01,30.0,60.0,1e-09,1e-12,6,0.0001,1,new simulation,nan
9,21,0.12509341496011342,0.1499999999999999,-0.09999999999999998,rolling,8.68999999999986,-0.1864338133932389,1.7398685100293756,21,21,0,1.7425855055023642,0.16,0.3490658503988659,9.81,1,1,9,21,41,-3.0,3.0,0.01,30.0,60.0,1e-09,1e-12,6,0.0001,1,new simulation,nan
9,22,0.12509341496011342,0.2999999999999998,-0.09999999999999998,rolling,8.599999999999861,-0.18775425935903098,1.741253057567942,21,21,0,1.7425869876119888,0.16,0.3490658503988659,9.81,1,1,9,21,41,-3.0,3.0,0.01,30.0,60.0,1e-09,1e-12,6,0.0001,1,new simulation,nan
9,23,0.12509341496011342,0.44999999999999973,-0.09999999999999998,rolling,8.519999999999863,-0.18723613878988116,1.7407093147582964,21,21,0,1.7425894567111868,0.16,0.3490658503988659,9.81,1,1,9,21,41,-3.0,3.0,0.01,30.0,60.0,1e-09,1e-12,6,0.0001,1,new simulation,nan
9,24,0.12509341496011342,0.5999999999999996,-0.09999999999999998,rolling,8.059999999999873,-0.18054648387734212,1.733795540184165,20,20,0,1.7425545715753454,0.16,0.3490658503988659,9.81,1,1,9,21,41,-3.0,3.0,0.01,30.0,60.0,1e-09,1e-12,6,0.0001,1,new simulation,nan
9,25,0.12509341496011342,0.75,-0.09999999999999998,rolling,7.989999999999874,-0.17662752055630207,1.7298534737832965,20,20,0,1.742562147278474,0.16,0.3490658503988659,9.81,1,1,9,21,41,-3.0,3.0,0.01,30.0,60.0,1e-09,1e-12,6,0.0001,1,new simulation,nan
9,26,0.12509341496011342,0.8999999999999999,-0.09999999999999998,rolling,7.919999999999876,-0.1768498977068117,1.7300768622625553,20,20,0,1.7425714070738565,0.16,0.3490658503988659,9.81,1,1,9,21,41,-3.0,3.0,0.01,30.0,60.0,1e-09,1e-12,6,0.0001,1,new simulation,nan
9,27,0.12509341496011342,1.0499999999999998,-0.09999999999999998,rolling,7.849999999999877,-0.18074162369489527,1.7339989177443824,20,20,0,1.7425823504076172,0.16,0.3490658503988659,9.81,1,1,9,21,41,-3.0,3.0,0.01,30.0,60.0,1e-09,1e-12,6,0.0001,1,new simulation,nan
9,28,0.12509341496011342,1.2000000000000002,-0.09999999999999998,rolling,7.399999999999887,-0.17351522896181562,1.7267757857499453,19,19,0,1.7425580856915028,0.16,0.3490658503988659,9.81,1,1,9,21,41,-3.0,3.0,0.01,30.0,60.0,1e-09,1e-12,6,0.0001,1,new simulation,nan
9,29,0.12509341496011342,1.3499999999999996,-0.09999999999999998,rolling,7.329999999999888,-0.1844176938053765,1.7377709121866052,19,19,0,1.7425824712773685,0.16,0.3490658503988659,9.81,1,1,9,21,41,-3.0,3.0,0.01,30.0,60.0,1e-09,1e-12,6,0.0001,1,new simulation,nan
9,30,0.12509341496011342,1.5,-0.09999999999999998,rolling,6.879999999999898,-0.18412567410197597,1.7374689651865243,18,18,0,1.7425832193623672,0.16,0.3490658503988659,9.81,1,1,9,21,41,-3.0,3.0,0.01,30.0,60.0,1e-09,1e-12,6,0.0001,1,new simulation,nan
9,31,0.12509341496011342,1.6499999999999995,-0.09999999999999998,rolling,5.659999999999924,-0.1752671339879676,1.728506497230943,15,15,0,1.7425839302740442,0.16,0.3490658503988659,9.81,1,1,9,21,41,-3.0,3.0,0.01,30.0,60.0,1e-09,1e-12,6,0.0001,1,new simulation,nan
9,32,0.12509341496011342,1.7999999999999998,-0.09999999999999998,rolling,6.379999999999908,-0.1736970392179289,1.7269838173431846,17,17,0,1.7427213239611559,0.16,0.3490658503988659,9.81,1,1,9,21,41,-3.0,3.0,0.01,30.0,60.0,1e-09,1e-12,6,0.0001,1,new simulation,nan
9,33,0.12509341496011342,1.9500000000000002,-0.09999999999999998,rolling,7.099999999999893,-0.17531563609079104,1.7285771256406506,19,19,0,1.742708695664306,0.16,0.3490658503988659,9.81,1,1,9,21,41,-3.0,3.0,0.01,30.0,60.0,1e-09,1e-12,6,0.0001,1,new simulation,nan
9,34,0.12509341496011342,2.0999999999999996,-0.09999999999999998,rolling,7.429999999999886,-0.1827193574918762,1.736042273416739,20,20,0,1.74270608343858,0.16,0.3490658503988659,9.81,1,1,9,21,41,-3.0,3.0,0.01,30.0,60.0,1e-09,1e-12,6,0.0001,1,new simulation,nan
9,35,0.12509341496011342,2.25,-0.09999999999999998,rolling,7.379999999999887,-0.17845086037313646,1.7317091344150313,20,20,0,1.7427304927375644,0.16,0.3490658503988659,9.81,1,1,9,21,41,-3.0,3.0,0.01,30.0,60.0,1e-09,1e-12,6,0.0001,1,new simulation,nan
9,36,0.12509341496011342,2.3999999999999995,-0.09999999999999998,rolling,7.71999999999988,-0.1743470563272086,1.7276212258359134,21,21,0,1.7427114601359144,0.16,0.3490658503988659,9.81,1,1,9,21,41,-3.0,3.0,0.01,30.0,60.0,1e-09,1e-12,6,0.0001,1,new simulation,nan
9,37,0.12509341496011342,2.55,-0.09999999999999998,rolling,7.669999999999881,-0.17562283549133265,1.7288849037882597,21,21,0,1.742727758546714,0.16,0.3490658503988659,9.81,1,1,9,21,41,-3.0,3.0,0.01,30.0,60.0,1e-09,1e-12,6,0.0001,1,new simulation,nan
9,38,0.12509341496011342,2.7,-0.09999999999999998,rolling,8.009999999999874,-0.17679003992109332,1.7300413068318947,22,22,0,1.7427046897806917,0.16,0.3490658503988659,9.81,1,1,9,21,41,-3.0,3.0,0.01,30.0,60.0,1e-09,1e-12,6,0.0001,1,new simulation,nan
9,39,0.12509341496011342,2.8499999999999996,-0.09999999999999998,rolling,7.959999999999875,-0.1830929223823298,1.7364278674714373,22,22,0,1.7427154140665826,0.16,0.3490658503988659,9.81,1,1,9,21,41,-3.0,3.0,0.01,30.0,60.0,1e-09,1e-12,6,0.0001,1,new simulation,nan
9,40,0.12509341496011342,3.0,-0.09999999999999998,rolling,7.919999999999876,-0.17439673434669453,1.7276729327168012,22,22,0,1.7427267177826,0.16,0.3490658503988659,9.81,1,1,9,21,41,-3.0,3.0,0.01,30.0,60.0,1e-09,1e-12,6,0.0001,1,new simulation,nan
10,0,0.16,-3.0,0.0,rolling,9.58999999999984,-0.18871247782648085,1.7422607922020166,23,21,2,1.7425750028457319,0.16,0.3490658503988659,9.81,1,1,9,21,41,-3.0,3.0,0.01,30.0,60.0,1e-09,1e-12,6,0.0001,1,new simulation,nan
10,1,0.16,-2.85,0.0,rolling,9.56999999999984,-0.1794965769761183,1.7327340599681567,23,21,2,1.7425683686547737,0.16,0.3490658503988659,9.81,1,1,9,21,41,-3.0,3.0,0.01,30.0,60.0,1e-09,1e-12,6,0.0001,1,new simulation,nan
10,2,0.16,-2.7,0.0,rolling,9.61999999999984,-0.17227376228020222,1.725562740544136,23,21,2,1.7425620746496044,0.16,0.3490658503988659,9.81,1,1,9,21,41,-3.0,3.0,0.01,30.0,60.0,1e-09,1e-12,6,0.0001,1,new simulation,nan
10,3,0.16,-2.55,0.0,rolling,9.739999999999837,-0.1805316705329446,1.7337807689302598,23,21,2,1.742556120323225,0.16,0.3490658503988659,9.81,1,1,9,21,41,-3.0,3.0,0.01,30.0,60.0,1e-09,1e-12,6,0.0001,1,new simulation,nan
10,4,0.16,-2.4,0.0,rolling,10.419999999999822,-0.18506808171413813,1.738446675422882,24,22,2,1.7425905294220065,0.16,0.3490658503988659,9.81,1,1,9,21,41,-3.0,3.0,0.01,30.0,60.0,1e-09,1e-12,6,0.0001,1,new simulation,nan
10,5,0.16,-2.25,0.0,settled,1.2100000000000009,-0.18906585039886592,0.0,3,1,2,nan,0.16,0.3490658503988659,9.81,1,1,9,21,41,-3.0,3.0,0.01,30.0,60.0,1e-09,1e-12,6,0.0001,1,new simulation,nan
10,6,0.16,-2.1,0.0,settled,1.460000000000001,-0.18906585039886592,0.0,3,1,2,nan,0.16,0.3490658503988659,9.81,1,1,9,21,41,-3.0,3.0,0.01,30.0,60.0,1e-09,1e-12,6,0.0001,1,new simulation,nan
10,7,0.16,-1.95,0.0,rolling,9.56999999999984,-0.18826510324375934,1.7417903559446006,22,21,1,1.7425840232132268,0.16,0.3490658503988659,9.81,1,1,9,21,41,-3.0,3.0,0.01,30.0,60.0,1e-09,1e-12,6,0.0001,1,new simulation,nan
10,8,0.16,-1.8,0.0,rolling,9.329999999999846,-0.17774000150822847,1.7309677552550273,22,21,1,1.742576775444819,0.16,0.3490658503988659,9.81,1,1,9,21,41,-3.0,3.0,0.01,30.0,60.0,1e-09,1e-12,6,0.0001,1,new simulation,nan
10,9,0.16,-1.6500000000000001,0.0,rolling,9.259999999999847,-0.18379252673407998,1.7371224890453643,22,21,1,1.7425701103452678,0.16,0.3490658503988659,9.81,1,1,9,21,41,-3.0,3.0,0.01,30.0,60.0,1e-09,1e-12,6,0.0001,1,new simulation,nan
10,10,0.16,-1.5,0.0,rolling,9.269999999999847,-0.17420368357040247,1.7274533053280356,22,21,1,1.7425640216999179,0.16,0.3490658503988659,9.81,1,1,9,21,41,-3.0,3.0,0.01,30.0,60.0,1e-09,1e-12,6,0.0001,1,new simulation,nan
10,11,0.16,-1.35,0.0,rolling,9.329999999999846,-0.1752918217202823,1.7285263218656568,22,21,1,1.7425585126346925,0.16,0.3490658503988659,9.81,1,1,9,21,41,-3.0,3.0,0.01,30.0,60.0,1e-09,1e-12,6,0.0001,1,new simulation,nan
10,12,0.16,-1.2000000000000002,0.0,rolling,9.849999999999834,-0.17941906869748594,1.7326600654649271,23,22,1,1.742592336991675,0.16,0.3490658503988659,9.81,1,1,9,21,41,-3.0,3.0,0.01,30.0,60.0,1e-09,1e-12,6,0.0001,1,new simulation,nan
10,13,0.16,-1.05,0.0,rolling,10.159999999999828,-0.1792901853048473,1.732529422229117,23,22,1,1.7425897857993735,0.16,0.3490658503988659,9.81,1,1,9,21,41,-3.0,3.0,0.01,30.0,60.0,1e-09,1e-12,6,0.0001,1,new simulation,nan
10,14,0.16,-0.8999999999999999,0.0,settled,0.7700000000000005,-0.18906585039886592,0.0,2,1,1,nan,0.16,0.3490658503988659,9.81,1,1,9,21,41,-3.0,3.0,0.01,30.0,60.0,1e-09,1e-12,6,0.0001,1,new simulation,nan
10,15,0.16,-0.75,0.0,settled,0.8300000000000005,-0.18906585039886592,0.0,2,1,1,nan,0.16,0.3490658503988659,9.81,1,1,9,21,41,-3.0,3.0,0.01,30.0,60.0,1e-09,1e-12,6,0.0001,1,new simulation,nan
10,16,0.16,-0.6000000000000001,0.0,settled,1.0400000000000007,-0.18906585039886592,0.0,2,1,1,nan,0.16,0.3490658503988659,9.81,1,1,9,21,41,-3.0,3.0,0.01,30.0,60.0,1e-09,1e-12,6,0.0001,1,new simulation,nan
10,17,0.16,-0.4500000000000002,0.0,rolling,9.439999999999843,-0.1763477159038282,1.7295794165973764,21,21,0,1.7425873204982754,0.16,0.3490658503988659,9.81,1,1,9,21,41,-3.0,3.0,0.01,30.0,60.0,1e-09,1e-12,6,0.0001,1,new simulation,nan
10,18,0.16,-0.30000000000000027,0.0,rolling,9.019999999999852,-0.17398933682674322,1.7272462215087894,21,21,0,1.7425848514850266,0.16,0.3490658503988659,9.81,1,1,9,21,41,-3.0,3.0,0.01,30.0,60.0,1e-09,1e-12,6,0.0001,1,new simulation,nan
10,19,0.16,-0.1499999999999999,0.0,rolling,8.849999999999856,-0.17930120419658832,1.7325393883172242,21,21,0,1.7425833697803161,0.16,0.3490658503988659,9.81,1,1,9,21,41,-3.0,3.0,0.01,30.0,60.0,1e-09,1e-12,6,0.0001,1,new simulation,nan
10,20,0.16,0.0,0.0,rolling,8.739999999999858,-0.17919271953746652,1.7324297793019245,21,21,0,1.7425828751221986,0.16,0.3490658503988659,9.81,1,1,9,21,41,-3.0,3.0,0.01,30.0,60.0,1e-09,1e-12,6,0.0001,1,new simulation,nan
10,21,0.16,0.1499999999999999,0.0,rolling,8.64999999999986,-0.18279305062061868,1.736095797197135,21,21,0,1.742583369433073,0.16,0.3490658503988659,9.81,1,1,9,21,41,-3.0,3.0,0.01,30.0,60.0,1e-09,1e-12,6,0.0001,1,new simulation,nan
10,22,0.16,0.2999999999999998,0.0,rolling,8.569999999999862,-0.18619335946876717,1.7396172369964245,21,21,0,1.742584851534837,0.16,0.3490658503988659,9.81,1,1,9,21,41,-3.0,3.0,0.01,30.0,60.0,1e-09,1e-12,6,0.0001,1,new simulation,nan
10,23,0.16,0.44999999999999973,0.0,rolling,8.499999999999863,-0.18035711290337758,1.7336091457941516,21,21,0,1.7425873215297611,0.16,0.3490658503988659,9.81,1,1,9,21,41,-3.0,3.0,0.01,30.0,60.0,1e-09,1e-12,6,0.0001,1,new simulation,nan
10,24,0.16,0.5999999999999996,0.0,rolling,8.429999999999865,-0.17881088357491806,1.7320461967533425,21,21,0,1.7425907778402714,0.16,0.3490658503988659,9.81,1,1,9,21,41,-3.0,3.0,0.01,30.0,60.0,1e-09,1e-12,6,0.0001,1,new simulation,nan
10,25,0.16,0.75,0.0,rolling,7.9699999999998745,-0.18279608833295255,1.7360944309286674,20,20,0,1.7425585087039037,0.16,0.3490658503988659,9.81,1,1,9,21,41,-3.0,3.0,0.01,30.0,60.0,1e-09,1e-12,6,0.0001,1,new simulation,nan
10,26,0.16,0.8999999999999999,0.0,rolling,7.899999999999876,-0.18665098867418592,1.74009240098619,20,20,0,1.7425677664097616,0.16,0.3490658503988659,9.81,1,1,9,21,41,-3.0,3.0,0.01,30.0,60.0,1e-09,1e-12,6,0.0001,1,new simulation,nan
10,27,0.16,1.0499999999999998,0.0,rolling,7.839999999999877,-0.17579563848469842,1.7290292769763542,20,20,0,1.7425787110978213,0.16,0.3490658503988659,9.81,1,1,9,21,41,-3.0,3.0,0.01,30.0,60.0,1e-09,1e-12,6,0.0001,1,new simulation,nan
10,28,0.16,1.2000000000000002,0.0,rolling,7.769999999999879,-0.18513946327528735,1.7385209529708914,20,20,0,1.7425913367566768,0.16,0.3490658503988659,9.81,1,1,9,21,41,-3.0,3.0,0.01,30.0,60.0,1e-09,1e-12,6,0.0001,1,new simulation,nan
10,29,0.16,1.3499999999999996,0.0,rolling,7.319999999999888,-0.1828598006858295,1.7361630901490166,19,19,0,1.7425762686081807,0.16,0.3490658503988659,9.81,1,1,9,21,41,-3.0,3.0,0.01,30.0,60.0,1e-09,1e-12,6,0.0001,1,new simulation,nan
10,30,0.16,1.5,0.0,rolling,6.869999999999898,-0.18374553721394984,1.7370744546230317,18,18,0,1.742572649539161,0.16,0.3490658503988659,9.81,1,1,9,21,41,-3.0,3.0,0.01,30.0,60.0,1e-09,1e-12,6,0.0001,1,new simulation,nan
10,31,0.16,1.6499999999999995,0.0,rolling,6.039999999999916,-0.17318392540455413,1.7264549897875565,16,16,0,1.7425794491443753,0.16,0.3490658503988659,9.81,1,1,9,21,41,-3.0,3.0,0.01,30.0,60.0,1e-09,1e-12,6,0.0001,1,new simulation,nan
10,32,0.16,1.7999999999999998,0.0,rolling,6.369999999999909,-0.17509714583067135,1.7283599955817275,17,17,0,1.7427033144020658,0.16,0.3490658503988659,9.81,1,1,9,21,41,-3.0,3.0,0.01,30.0,60.0,1e-09,1e-12,6,0.0001,1,new simulation,nan
10,33,0.16,1.9500000000000002,0.0,rolling,7.089999999999893,-0.17742551129359246,1.7306756461323913,19,19,0,1.7427024938825453,0.16,0.3490658503988659,9.81,1,1,9,21,41,-3.0,3.0,0.01,30.0,60.0,1e-09,1e-12,6,0.0001,1,new simulation,nan
10,34,0.16,2.0999999999999996,0.0,rolling,7.419999999999886,-0.18546482959248747,1.7388792103243538,20,20,0,1.7427024440745524,0.16,0.3490658503988659,9.81,1,1,9,21,41,-3.0,3.0,0.01,30.0,60.0,1e-09,1e-12,6,0.0001,1,new simulation,nan
10,35,0.16,2.25,0.0,rolling,7.369999999999887,-0.18174861409570378,1.7350516258578168,20,20,0,1.7427268517809964,0.16,0.3490658503988659,9.81,1,1,9,21,41,-3.0,3.0,0.01,30.0,60.0,1e-09,1e-12,6,0.0001,1,new simulation,nan
10,36,0.16,2.3999999999999995,0.0,rolling,7.70999999999988,-0.17814271146888064,1.7313956786688653,21,21,0,1.7427093243473004,0.16,0.3490658503988659,9.81,1,1,9,21,41,-3.0,3.0,0.01,30.0,60.0,1e-09,1e-12,6,0.0001,1,new simulation,nan
10,37,0.16,2.55,0.0,rolling,7.659999999999881,-0.17988409090166316,1.7331545649331523,21,21,0,1.7427256233664732,0.16,0.3490658503988659,9.81,1,1,9,21,41,-3.0,3.0,0.01,30.0,60.0,1e-09,1e-12,6,0.0001,1,new simulation,nan
10,38,0.16,2.7,0.0,rolling,7.999999999999874,-0.18148121060909678,1.7347742956813548,22,22,0,1.7427034358382392,0.16,0.3490658503988659,9.81,1,1,9,21,41,-3.0,3.0,0.01,30.0,60.0,1e-09,1e-12,6,0.0001,1,new simulation,nan
10,39,0.16,2.8499999999999996,0.0,rolling,7.949999999999875,-0.1881990236755927,1.7417441317065663,22,22,0,1.7427141609646644,0.16,0.3490658503988659,9.81,1,1,9,21,41,-3.0,3.0,0.01,30.0,60.0,1e-09,1e-12,6,0.0001,1,new simulation,nan
10,40,0.16,3.0,0.0,rolling,7.909999999999876,-0.17984526982531676,1.7331152262807419,22,22,0,1.7427254645871193,0.16,0.3490658503988659,9.81,1,1,9,21,41,-3.0,3.0,0.01,30.0,60.0,1e-09,1e-12,6,0.0001,1,new simulation,nan
11,0,0.1949065850398866,-3.0,0.09999999999999998,rolling,9.59999999999984,-0.1769933328143917,1.7302204855139682,23,21,2,1.7425740884659275,0.16,0.3490658503988659,9.81,1,1,9,21,41,-3.0,3.0,0.01,30.0,60.0,1e-09,1e-12,6,0.0001,1,new simulation,nan
11,1,0.1949065850398866,-2.85,0.09999999999999998,rolling,9.57999999999984,-0.1877191098704577,1.7412125805788712,23,21,2,1.7425674550651624,0.16,0.3490658503988659,9.81,1,1,9,21,41,-3.0,3.0,0.01,30.0,60.0,1e-09,1e-12,6,0.0001,1,new simulation,nan
11,2,0.1949065850398866,-2.7,0.09999999999999998,rolling,9.639999999999839,-0.18245101207835177,1.7357407546883572,23,21,2,1.7425611617832717,0.16,0.3490658503988659,9.81,1,1,9,21,41,-3.0,3.0,0.01,30.0,60.0,1e-09,1e-12,6,0.0001,1,new simulation,nan
11,3,0.1949065850398866,-2.55,0.09999999999999998,rolling,9.779999999999836,-0.18786820640242863,1.7413671923444651,23,21,2,1.7425552062740273,0.16,0.3490658503988659,9.81,1,1,9,21,41,-3.0,3.0,0.01,30.0,60.0,1e-09,1e-12,6,0.0001,1,new simulation,nan
11,4,0.1949065850398866,-2.4,0.09999999999999998,rolling,10.52999999999982,-0.18455498705972934,1.7379144381316582,24,22,2,1.7425899940939145,0.16,0.3490658503988659,9.81,1,1,9,21,41,-3.0,3.0,0.01,30.0,60.0,1e-09,1e-12,6,0.0001,1,new simulation,nan
11,5,0.1949065850398866,-2.25,0.09999999999999998,settled,1.2500000000000009,-0.18906585039886592,0.0,3,1,2,nan,0.16,0.3490658503988659,9.81,1,1,9,21,41,-3.0,3.0,0.01,30.0,60.0,1e-09,1e-12,6,0.0001,1,new simulation,nan
11,6,0.1949065850398866,-2.1,0.09999999999999998,settled,1.6400000000000012,-0.18906585039886592,0.0,3,1,2,nan,0.16,0.3490658503988659,9.81,1,1,9,21,41,-3.0,3.0,0.01,30.0,60.0,1e-09,1e-12,6,0.0001,1,new simulation,nan
11,7,0.1949065850398866,-1.95,0.09999999999999998,rolling,9.509999999999842,-0.17714767039943746,1.7303761368637685,22,21,1,1.7425824658789668,0.16,0.3490658503988659,9.81,1,1,9,21,41,-3.0,3.0,0.01,30.0,60.0,1e-09,1e-12,6,0.0001,1,new simulation,nan
11,8,0.1949065850398866,-1.8,0.09999999999999998,rolling,9.319999999999846,-0.18799028653124172,1.7414992775019114,22,21,1,1.7425752188494368,0.16,0.3490658503988659,9.81,1,1,9,21,41,-3.0,3.0,0.01,30.0,60.0,1e-09,1e-12,6,0.0001,1,new simulation,nan
11,9,0.1949065850398866,-1.6500000000000001,0.09999999999999998,rolling,9.279999999999847,-0.17874243918341898,1.7319732388360258,22,21,1,1.74256855185571,0.16,0.3490658503988659,9.81,1,1,9,21,41,-3.0,3.0,0.01,30.0,60.0,1e-09,1e-12,6,0.0001,1,new simulation,nan
11,10,0.1949065850398866,-1.5,0.09999999999999998,rolling,9.299999999999846,-0.18185976578854401,1.7351355557922767,22,21,1,1.7425624637934563,0.16,0.3490658503988659,9.81,1,1,9,21,41,-3.0,3.0,0.01,30.0,60.0,1e-09,1e-12,6,0.0001,1,new simulation,nan
11,11,0.1949065850398866,-1.35,0.09999999999999998,rolling,9.379999999999844,-0.18813319168598372,1.7416464815787298,22,21,1,1.7425569562978145,0.16,0.3490658503988659,9.81,1,1,9,21,41,-3.0,3.0,0.01,30.0,60.0,1e-09,1e-12,6,0.0001,1,new simulation,nan
11,12,0.1949065850398866,-1.2000000000000002,0.09999999999999998,rolling,9.949999999999832,-0.1865342389524198,1.7399745571350005,23,22,1,1.742591423137159,0.16,0.3490658503988659,9.81,1,1,9,21,41,-3.0,3.0,0.01,30.0,60.0,1e-09,1e-12,6,0.0001,1,new simulation,nan
11,13,0.1949065850398866,-1.05,0.09999999999999998,rolling,10.52999999999982,-0.1749452701250774,1.728189127865989,23,22,1,1.7425888713275557,0.16,0.3490658503988659,9.81,1,1,9,21,41,-3.0,3.0,0.01,30.0,60.0,1e-09,1e-12,6,0.0001,1,new simulation,nan
11,14,0.1949065850398866,-0.8999999999999999,0.09999999999999998,settled,0.8300000000000005,-0.18906585039886592,0.0,2,1,1,nan,0.16,0.3490658503988659,9.81,1,1,9,21,41,-3.0,3.0,0.01,30.0,60.0,1e-09,1e-12,6,0.0001,1,new simulation,nan
11,15,0.1949065850398866,-0.75,0.09999999999999998,settled,0.9700000000000006,-0.18906585039886592,0.0,2,1,1,nan,0.16,0.3490658503988659,9.81,1,1,9,21,41,-3.0,3.0,0.01,30.0,60.0,1e-09,1e-12,6,0.0001,1,new simulation,nan
11,16,0.1949065850398866,-0.6000000000000001,0.09999999999999998,rolling,9.969999999999832,-0.1736245820470693,1.7268885213202254,21,21,0,1.7425881252119544,0.16,0.3490658503988659,9.81,1,1,9,21,41,-3.0,3.0,0.01,30.0,60.0,1e-09,1e-12,6,0.0001,1,new simulation,nan
11,17,0.1949065850398866,-0.4500000000000002,0.09999999999999998,rolling,9.08999999999985,-0.18259769921843944,1.7358954728229332,21,21,0,1.7425846668768097,0.16,0.3490658503988659,9.81,1,1,9,21,41,-3.0,3.0,0.01,30.0,60.0,1e-09,1e-12,6,0.0001,1,new simulation,nan
11,18,0.1949065850398866,-0.30000000000000027,0.09999999999999998,rolling,8.899999999999855,-0.1786887118637579,1.7319216102283623,21,21,0,1.7425821972374462,0.16,0.3490658503988659,9.81,1,1,9,21,41,-3.0,3.0,0.01,30.0,60.0,1e-09,1e-12,6,0.0001,1,new simulation,nan
11,19,0.1949065850398866,-0.1499999999999999,0.09999999999999998,rolling,8.779999999999857,-0.1888875977076049,1.7424468679483258,21,21,0,1.7425807146520533,0.16,0.3490658503988659,9.81,1,1,9,21,41,-3.0,3.0,0.01,30.0,60.0,1e-09,1e-12,6,0.0001,1,new simulation,nan
11,20,0.1949065850398866,0.0,0.09999999999999998,rolling,8.699999999999859,-0.17789099781605083,1.7311197387387502,21,21,0,1.742580221005188,0.16,0.3490658503988659,9.81,1,1,9,21,41,-3.0,3.0,0.01,30.0,60.0,1e-09,1e-12,6,0.0001,1,new simulation,nan
11,21,0.1949065850398866,0.1499999999999999,0.09999999999999998,rolling,8.61999999999986,-0.18683881640954392,1.7402913214500215,21,21,0,1.742580715873772,0.16,0.3490658503988659,9.81,1,1,9,21,41,-3.0,3.0,0.01,30.0,60.0,1e-09,1e-12,6,0.0001,1,new simulation,nan
11,22,0.1949065850398866,0.2999999999999998,0.09999999999999998,rolling,8.549999999999862,-0.18645091001690436,1.7398857840936128,21,21,0,1.7425821987706207,0.16,0.3490658503988659,9.81,1,1,9,21,41,-3.0,3.0,0.01,30.0,60.0,1e-09,1e-12,6,0.0001,1,new simulation,nan
11,23,0.1949065850398866,0.44999999999999973,0.09999999999999998,rolling,8.479999999999864,-0.18898663126084317,1.742552295316946,21,21,0,1.742584667492789,0.16,0.3490658503988659,9.81,1,1,9,21,41,-3.0,3.0,0.01,30.0,60.0,1e-09,1e-12,6,0.0001,1,new simulation,nan
11,24,0.1949065850398866,0.5999999999999996,0.09999999999999998,rolling,8.419999999999865,-0.17527411426324246,1.728514166411835,21,21,0,1.7425881247819532,0.16,0.3490658503988659,9.81,1,1,9,21,41,-3.0,3.0,0.01,30.0,60.0,1e-09,1e-12,6,0.0001,1,new simulation,nan
11,25,0.1949065850398866,0.75,0.09999999999999998,rolling,7.959999999999875,-0.18248029796648085,1.735769491287839,20,20,0,1.7425539849753529,0.16,0.3490658503988659,9.81,1,1,9,21,41,-3.0,3.0,0.01,30.0,60.0,1e-09,1e-12,6,0.0001,1,new simulation,nan
11,26,0.1949065850398866,0.8999999999999999,0.09999999999999998,rolling,7.889999999999876,-0.18836908668656155,1.7418962511528957,20,20,0,1.7425632447072406,0.16,0.3490658503988659,9.81,1,1,9,21,41,-3.0,3.0,0.01,30.0,60.0,1e-09,1e-12,6,0.0001,1,new simulation,nan
11,27,0.1949065850398866,1.0499999999999998,0.09999999999999998,rolling,7.8299999999998775,-0.17879800681864916,1.7320302260282427,20,20,0,1.7425741875561893,0.16,0.3490658503988659,9.81,1,1,9,21,41,-3.0,3.0,0.01,30.0,60.0,1e-09,1e-12,6,0.0001,1,new simulation,nan
11,28,0.1949065850398866,1.2000000000000002,0.09999999999999998,rolling,7.759999999999879,-0.18902298516478463,1.7425911321519767,20,20,0,1.7425868145467032,0.16,0.3490658503988659,9.81,1,1,9,21,41,-3.0,3.0,0.01,30.0,60.0,1e-09,1e-12,6,0.0001,1,new simulation,nan
11,29,0.1949065850398866,1.3499999999999996,0.09999999999999998,rolling,7.309999999999889,-0.18734144407935607,1.7408160474779117,19,19,0,1.7425685611825112,0.16,0.3490658503988659,9.81,1,1,9,21,41,-3.0,3.0,0.01,30.0,60.0,1e-09,1e-12,6,0.0001,1,new simulation,nan
11,30,0.1949065850398866,1.5,0.09999999999999998,rolling,6.859999999999898,-0.18867987189760482,1.7422235691459795,18,18,0,1.742559515863347,0.16,0.3490658503988659,9.81,1,1,9,21,41,-3.0,3.0,0.01,30.0,60.0,1e-09,1e-12,6,0.0001,1,new simulation,nan
11,31,0.1949065850398866,1.6499999999999995,0.09999999999999998,rolling,6.419999999999908,-0.17577482644129205,1.7290097906632427,17,17,0,1.742585132492019,0.16,0.3490658503988659,9.81,1,1,9,21,41,-3.0,3.0,0.01,30.0,60.0,1e-09,1e-12,6,0.0001,1,new simulation,nan
11,32,0.1949065850398866,1.7999999999999998,0.09999999999999998,rolling,5.969999999999917,-0.18335585060143975,1.7366965346271552,16,16,0,1.7427045675214732,0.16,0.3490658503988659,9.81,1,1,9,21,41,-3.0,3.0,0.01,30.0,60.0,1e-09,1e-12,6,0.0001,1,new simulation,nan
11,33,0.1949065850398866,1.9500000000000002,0.09999999999999998,rolling,6.689999999999902,-0.18597372257749564,1.739413898154818,18,18,0,1.742728171687627,0.16,0.3490658503988659,9.81,1,1,9,21,41,-3.0,3.0,0.01,30.0,60.0,1e-09,1e-12,6,0.0001,1,new simulation,nan
11,34,0.1949065850398866,2.0999999999999996,0.09999999999999998,rolling,7.0299999999998946,-0.1769196490717148,1.7301758238351623,19,19,0,1.7427335129082218,0.16,0.3490658503988659,9.81,1,1,9,21,41,-3.0,3.0,0.01,30.0,60.0,1e-09,1e-12,6,0.0001,1,new simulation,nan
11,35,0.1949065850398866,2.25,0.09999999999999998,rolling,7.3599999999998875,-0.188115455149453,1.7416575605703077,20,20,0,1.7427223313042388,0.16,0.3490658503988659,9.81,1,1,9,21,41,-3.0,3.0,0.01,30.0,60.0,1e-09,1e-12,6,0.0001,1,new simulation,nan
11,36,0.1949065850398866,2.3999999999999995,0.09999999999999998,rolling,7.69999999999988,-0.18472687749968164,1.7381136053454231,21,21,0,1.7427066712497954,0.16,0.3490658503988659,9.81,1,1,9,21,41,-3.0,3.0,0.01,30.0,60.0,1e-09,1e-12,6,0.0001,1,new simulation,nan
11,37,0.1949065850398866,2.55,0.09999999999999998,rolling,7.649999999999881,-0.1866984094558353,1.7401699734874985,21,21,0,1.7427229705595202,0.16,0.3490658503988659,9.81,1,1,9,21,41,-3.0,3.0,0.01,30.0,60.0,1e-09,1e-12,6,0.0001,1,new simulation,nan
11,38,0.1949065850398866,2.7,0.09999999999999998,rolling,7.609999999999882,-0.17386143506883134,1.7271487126079164,21,21,0,1.7427402564719958,0.16,0.3490658503988659,9.81,1,1,9,21,41,-3.0,3.0,0.01,30.0,60.0,1e-09,1e-12,6,0.0001,1,new simulation,nan
11,39,0.1949065850398866,2.8499999999999996,0.09999999999999998,rolling,7.949999999999875,-0.17807506092969505,1.7313283630877434,22,22,0,1.7427126037272573,0.16,0.3490658503988659,9.81,1,1,9,21,41,-3.0,3.0,0.01,30.0,60.0,1e-09,1e-12,6,0.0001,1,new simulation,nan
11,40,0.1949065850398866,3.0,0.09999999999999998,rolling,7.899999999999876,-0.18729303894340005,1.7407932227450293,22,22,0,1.7427239082462436,0.16,0.3490658503988659,9.81,1,1,9,21,41,-3.0,3.0,0.01,30.0,60.0,1e-09,1e-12,6,0.0001,1,new simulation,nan
12,0,0.22981317007977323,-3.0,0.20000000000000012,rolling,9.59999999999984,-0.18391375072421043,1.7372481588469946,23,21,2,1.7425729968887438,0.16,0.3490658503988659,9.81,1,1,9,21,41,-3.0,3.0,0.01,30.0,60.0,1e-09,1e-12,6,0.0001,1,new simulation,nan
12,1,0.22981317007977323,-2.85,0.20000000000000012,rolling,9.59999999999984,-0.18271944194457004,1.7360171345512792,23,21,2,1.7425663628592833,0.16,0.3490658503988659,9.81,1,1,9,21,41,-3.0,3.0,0.01,30.0,60.0,1e-09,1e-12,6,0.0001,1,new simulation,nan
12,2,0.22981317007977323,-2.7,0.20000000000000012,rolling,9.669999999999838,-0.18426446646406638,1.7376083114376661,23,21,2,1.7425600692982313,0.16,0.3490658503988659,9.81,1,1,9,21,41,-3.0,3.0,0.01,30.0,60.0,1e-09,1e-12,6,0.0001,1,new simulation,nan
12,3,0.22981317007977323,-2.55,0.20000000000000012,rolling,9.839999999999835,-0.18163580772492682,1.734905168171377,23,21,2,1.742554114495012,0.16,0.3490658503988659,9.81,1,1,9,21,41,-3.0,3.0,0.01,30.0,60.0,1e-09,1e-12,6,0.0001,1,new simulation,nan
12,4,0.22981317007977323,-2.4,0.20000000000000012,rolling,10.709999999999816,-0.18852401305092387,1.7420643911591855,24,22,2,1.7425893536006338,0.16,0.3490658503988659,9.81,1,1,9,21,41,-3.0,3.0,0.01,30.0,60.0,1e-09,1e-12,6,0.0001,1,new simulation,nan
12,5,0.22981317007977323,-2.25,0.20000000000000012,settled,1.300000000000001,-0.18906585039886592,0.0,3,1,2,nan,0.16,0.3490658503988659,9.81,1,1,9,21,41,-3.0,3.0,0.01,30.0,60.0,1e-09,1e-12,6,0.0001,1,new simulation,nan
12,6,0.22981317007977323,-2.1,0.20000000000000012,settled,2.7399999999999856,-0.18906585039886592,0.0,3,1,2,nan,0.16,0.3490658503988659,9.81,1,1,9,21,41,-3.0,3.0,0.01,30.0,60.0,1e-09,1e-12,6,0.0001,1,new simulation,nan
12,7,0.22981317007977323,-1.95,0.20000000000000012,rolling,9.459999999999843,-0.17303088093511132,1.7263054062364893,22,21,1,1.7425806062569096,0.16,0.3490658503988659,9.81,1,1,9,21,41,-3.0,3.0,0.01,30.0,60.0,1e-09,1e-12,6,0.0001,1,new simulation,nan
12,8,0.22981317007977323,-1.8,0.20000000000000012,rolling,9.319999999999846,-0.1861247241520742,1.739543528471309,22,21,1,1.7425733597348734,0.16,0.3490658503988659,9.81,1,1,9,21,41,-3.0,3.0,0.01,30.0,60.0,1e-09,1e-12,6,0.0001,1,new simulation,nan
12,9,0.22981317007977323,-1.6500000000000001,0.20000000000000012,rolling,9.299999999999846,-0.18182953467377166,1.7351054088051119,22,21,1,1.7425666919404932,0.16,0.3490658503988659,9.81,1,1,9,21,41,-3.0,3.0,0.01,30.0,60.0,1e-09,1e-12,6,0.0001,1,new simulation,nan
12,10,0.22981317007977323,-1.5,0.20000000000000012,rolling,9.339999999999845,-0.18793604975639241,1.7414395560840015,22,21,1,1.7425606046103146,0.16,0.3490658503988659,9.81,1,1,9,21,41,-3.0,3.0,0.01,30.0,60.0,1e-09,1e-12,6,0.0001,1,new simulation,nan
12,11,0.22981317007977323,-1.35,0.20000000000000012,rolling,9.459999999999843,-0.1826331216815235,1.7359264855571441,22,21,1,1.742555097545581,0.16,0.3490658503988659,9.81,1,1,9,21,41,-3.0,3.0,0.01,30.0,60.0,1e-09,1e-12,6,0.0001,1,new simulation,nan
12,12,0.22981317007977323,-1.2000000000000002,0.20000000000000012,rolling,10.119999999999829,-0.17784918207762504,1.731079641653065,23,22,1,1.742590332574092,0.16,0.3490658503988659,9.81,1,1,9,21,41,-3.0,3.0,0.01,30.0,60.0,1e-09,1e-12,6,0.0001,1,new simulation,nan
12,13,0.22981317007977323,-1.05,0.20000000000000012,settled,0.8300000000000005,-0.18906585039886592,0.0,2,1,1,nan,0.16,0.3490658503988659,9.81,1,1,9,21,41,-3.0,3.0,0.01,30.0,60.0,1e-09,1e-12,6,0.0001,1,new simulation,nan
12,14,0.22981317007977323,-0.8999999999999999,0.20000000000000012,settled,0.9300000000000006,-0.18906585039886592,0.0,2,1,1,nan,0.16,0.3490658503988659,9.81,1,1,9,21,41,-3.0,3.0,0.01,30.0,60.0,1e-09,1e-12,6,0.0001,1,new simulation,nan
12,15,0.22981317007977323,-0.75,0.20000000000000012,settled,1.380000000000001,-0.18906585039886592,0.0,2,1,1,nan,0.16,0.3490658503988659,9.81,1,1,9,21,41,-3.0,3.0,0.01,30.0,60.0,1e-09,1e-12,6,0.0001,1,new simulation,nan
12,16,0.22981317007977323,-0.6000000000000001,0.20000000000000012,rolling,9.189999999999849,-0.1718676535021851,1.725171537767843,21,21,0,1.7425849564656941,0.16,0.3490658503988659,9.81,1,1,9,21,41,-3.0,3.0,0.01,30.0,60.0,1e-09,1e-12,6,0.0001,1,new simulation,nan
12,17,0.22981317007977323,-0.4500000000000002,0.20000000000000012,rolling,8.949999999999854,-0.18203946467193727,1.7353228227553372,21,21,0,1.742581498829579,0.16,0.3490658503988659,9.81,1,1,9,21,41,-3.0,3.0,0.01,30.0,60.0,1e-09,1e-12,6,0.0001,1,new simulation,nan
12,18,0.22981317007977323,-0.30000000000000027,0.20000000000000012,rolling,8.829999999999856,-0.18056928464495303,1.7338231260709038,21,21,0,1.7425790281420188,0.16,0.3490658503988659,9.81,1,1,9,21,41,-3.0,3.0,0.01,30.0,60.0,1e-09,1e-12,6,0.0001,1,new simulation,nan
12,19,0.22981317007977323,-0.1499999999999999,0.20000000000000012,rolling,8.749999999999858,-0.17236265082367325,1.7256521963687006,21,21,0,1.742577545947612,0.16,0.3490658503988659,9.81,1,1,9,21,41,-3.0,3.0,0.01,30.0,60.0,1e-09,1e-12,6,0.0001,1,new simulation,nan
12,20,0.22981317007977323,0.0,0.20000000000000012,rolling,8.66999999999986,-0.18867305380184138,1.7422195221634438,21,21,0,1.7425770526266195,0.16,0.3490658503988659,9.81,1,1,9,21,41,-3.0,3.0,0.01,30.0,60.0,1e-09,1e-12,6,0.0001,1,new simulation,nan
12,21,0.22981317007977323,0.1499999999999999,0.20000000000000012,rolling,8.60999999999986,-0.17888755342970392,1.7321210534883311,21,21,0,1.7425775461489472,0.16,0.3490658503988659,9.81,1,1,9,21,41,-3.0,3.0,0.01,30.0,60.0,1e-09,1e-12,6,0.0001,1,new simulation,nan
12,22,0.22981317007977323,0.2999999999999998,0.20000000000000012,rolling,8.539999999999862,-0.1879412696962997,1.7414483672171275,21,21,0,1.7425790291097216,0.16,0.3490658503988659,9.81,1,1,9,21,41,-3.0,3.0,0.01,30.0,60.0,1e-09,1e-12,6,0.0001,1,new simulation,nan
12,23,0.22981317007977323,0.44999999999999973,0.20000000000000012,rolling,8.479999999999864,-0.17845650079711556,1.7316878396140096,21,21,0,1.74258149772992,0.16,0.3490658503988659,9.81,1,1,9,21,41,-3.0,3.0,0.01,30.0,60.0,1e-09,1e-12,6,0.0001,1,new simulation,nan
12,24,0.22981317007977323,0.5999999999999996,0.20000000000000012,rolling,8.409999999999865,-0.1848920231261382,1.7382629303244181,21,21,0,1.742584955772663,0.16,0.3490658503988659,9.81,1,1,9,21,41,-3.0,3.0,0.01,30.0,60.0,1e-09,1e-12,6,0.0001,1,new simulation,nan
12,25,0.22981317007977323,0.75,0.20000000000000012,rolling,8.349999999999866,-0.17336242707063373,1.7266316569698825,21,21,0,1.7425894014940988,0.16,0.3490658503988659,9.81,1,1,9,21,41,-3.0,3.0,0.01,30.0,60.0,1e-09,1e-12,6,0.0001,1,new simulation,nan
12,26,0.22981317007977323,0.8999999999999999,0.20000000000000012,rolling,7.889999999999876,-0.18228711246691467,1.7355721479486326,20,20,0,1.7425578431809672,0.16,0.3490658503988659,9.81,1,1,9,21,41,-3.0,3.0,0.01,30.0,60.0,1e-09,1e-12,6,0.0001,1,new simulation,nan
12,27,0.22981317007977323,1.0499999999999998,0.20000000000000012,rolling,7.8299999999998775,-0.17269544004100196,1.7259753560882933,20,20,0,1.7425687871218791,0.16,0.3490658503988659,9.81,1,1,9,21,41,-3.0,3.0,0.01,30.0,60.0,1e-09,1e-12,6,0.0001,1,new simulation,nan
12,28,0.22981317007977323,1.2000000000000002,0.20000000000000012,rolling,7.759999999999879,-0.18262678219291534,1.7359247315665816,20,20,0,1.742581413807649,0.16,0.3490658503988659,9.81,1,1,9,21,41,-3.0,3.0,0.01,30.0,60.0,1e-09,1e-12,6,0.0001,1,new simulation,nan
12,29,0.22981317007977323,1.3499999999999996,0.20000000000000012,rolling,7.309999999999889,-0.18062928366516837,1.7338805480821873,19,19,0,1.7425593594900235,0.16,0.3490658503988659,9.81,1,1,9,21,41,-3.0,3.0,0.01,30.0,60.0,1e-09,1e-12,6,0.0001,1,new simulation,nan
12,30,0.22981317007977323,1.5,0.20000000000000012,rolling,7.24999999999989,-0.1789720685692472,1.7322078820432758,19,19,0,1.7425866145295725,0.16,0.3490658503988659,9.81,1,1,9,21,41,-3.0,3.0,0.01,30.0,60.0,1e-09,1e-12,6,0.0001,1,new simulation,nan
12,31,0.22981317007977323,1.6499999999999995,0.20000000000000012,rolling,6.409999999999908,-0.185818199534811,1.739221180215182,17,17,0,1.742558409340538,0.16,0.3490658503988659,9.81,1,1,9,21,41,-3.0,3.0,0.01,30.0,60.0,1e-09,1e-12,6,0.0001,1,new simulation,nan
12,32,0.22981317007977323,1.7999999999999998,0.20000000000000012,rolling,4.799999999999942,-0.18387612857220254,1.737233143503819,13,13,0,1.7427050898195118,0.16,0.3490658503988659,9.81,1,1,9,21,41,-3.0,3.0,0.01,30.0,60.0,1e-09,1e-12,6,0.0001,1,new simulation,nan
12,33,0.22981317007977323,1.9500000000000002,0.20000000000000012,rolling,6.689999999999902,-0.17826557922837863,1.731519652406057,18,18,0,1.7427124928278073,0.16,0.3490658503988659,9.81,1,1,9,21,41,-3.0,3.0,0.01,30.0,60.0,1e-09,1e-12,6,0.0001,1,new simulation,nan
12,34,0.22981317007977323,2.0999999999999996,0.20000000000000012,rolling,7.019999999999895,-0.1864340535842555,1.7398937681769724,19,19,0,1.7427243133334949,0.16,0.3490658503988659,9.81,1,1,9,21,41,-3.0,3.0,0.01,30.0,60.0,1e-09,1e-12,6,0.0001,1,new simulation,nan
12,35,0.22981317007977323,2.25,0.20000000000000012,rolling,7.3599999999998875,-0.18018035410086622,1.7334532381419465,20,20,0,1.7427169311047288,0.16,0.3490658503988659,9.81,1,1,9,21,41,-3.0,3.0,0.01,30.0,60.0,1e-09,1e-12,6,0.0001,1,new simulation,nan
12,36,0.22981317007977323,2.3999999999999995,0.20000000000000012,rolling,7.69999999999988,-0.17675522691637185,1.730006377564904,21,21,0,1.742703503559392,0.16,0.3490658503988659,9.81,1,1,9,21,41,-3.0,3.0,0.01,30.0,60.0,1e-09,1e-12,6,0.0001,1,new simulation,nan
12,37,0.22981317007977323,2.55,0.20000000000000012,rolling,7.649999999999881,-0.17869459380981173,1.7319524347874182,21,21,0,1.7427198015128857,0.16,0.3490658503988659,9.81,1,1,9,21,41,-3.0,3.0,0.01,30.0,60.0,1e-09,1e-12,6,0.0001,1,new simulation,nan
12,38,0.22981317007977323,2.7,0.20000000000000012,rolling,7.599999999999882,-0.18319696739014255,1.7365388302901699,21,21,0,1.7427370883272477,0.16,0.3490658503988659,9.81,1,1,9,21,41,-3.0,3.0,0.01,30.0,60.0,1e-09,1e-12,6,0.0001,1,new simulation,nan
12,39,0.22981317007977323,2.8499999999999996,0.20000000000000012,rolling,7.939999999999875,-0.18745612047544047,1.7409620385157694,22,22,0,1.742710745155945,0.16,0.3490658503988659,9.81,1,1,9,21,41,-3.0,3.0,0.01,30.0,60.0,1e-09,1e-12,6,0.0001,1,new simulation,nan
12,40,0.22981317007977323,3.0,0.20000000000000012,rolling,7.899999999999876,-0.17934907748084075,1.7326128258217064,22,22,0,1.7427220482002068,0.16,0.3490658503988659,9.81,1,1,9,21,41,-3.0,3.0,0.01,30.0,60.0,1e-09,1e-12,6,0.0001,1,new simulation,nan
13,0,0.26471975511965984,-3.0,0.3000000000000002,rolling,9.60999999999984,-0.17651218744483277,1.729740318219825,23,21,2,1.7425717307478426,0.16,0.3490658503988659,9.81,1,1,9,21,41,-3.0,3.0,0.01,30.0,60.0,1e-09,1e-12,6,0.0001,1,new simulation,nan
13,1,0.26471975511965984,-2.85,0.3000000000000002,rolling,9.61999999999984,-0.18367584646421,1.7370011908107423,23,21,2,1.7425650958364647,0.16,0.3490658503988659,9.81,1,1,9,21,41,-3.0,3.0,0.01,30.0,60.0,1e-09,1e-12,6,0.0001,1,new simulation,nan
13,2,0.26471975511965984,-2.7,0.3000000000000002,rolling,9.709999999999837,-0.18076888420934692,1.7340223870150837,23,21,2,1.7425588017045859,0.16,0.3490658503988659,9.81,1,1,9,21,41,-3.0,3.0,0.01,30.0,60.0,1e-09,1e-12,6,0.0001,1,new simulation,nan
13,3,0.26471975511965984,-2.55,0.3000000000000002,rolling,10.299999999999825,-0.18644017599755563,1.7398763136582216,24,22,2,1.7425919038801945,0.16,0.3490658503988659,9.81,1,1,9,21,41,-3.0,3.0,0.01,30.0,60.0,1e-09,1e-12,6,0.0001,1,new simulation,nan
13,4,0.26471975511965984,-2.4,0.3000000000000002,rolling,11.199999999999806,-0.1785110975603958,1.7317440359298295,24,22,2,1.7425886099419277,0.16,0.3490658503988659,9.81,1,1,9,21,41,-3.0,3.0,0.01,30.0,60.0,1e-09,1e-12,6,0.0001,1,new simulation,nan
13,5,0.26471975511965984,-2.25,0.3000000000000002,settled,1.370000000000001,-0.18906585039886592,0.0,3,1,2,nan,0.16,0.3490658503988659,9.81,1,1,9,21,41,-3.0,3.0,0.01,30.0,60.0,1e-09,1e-12,6,0.0001,1,new simulation,nan
13,6,0.26471975511965984,-2.1,0.3000000000000002,rolling,9.839999999999835,-0.18016704573754977,1.7334161170917508,22,21,1,1.742586274112038,0.16,0.3490658503988659,9.81,1,1,9,21,41,-3.0,3.0,0.01,30.0,60.0,1e-09,1e-12,6,0.0001,1,new simulation,nan
13,7,0.26471975511965984,-1.95,0.3000000000000002,rolling,9.419999999999844,-0.17485077192878068,1.7280938942650517,22,21,1,1.7425784472040509,0.16,0.3490658503988659,9.81,1,1,9,21,41,-3.0,3.0,0.01,30.0,60.0,1e-09,1e-12,6,0.0001,1,new simulation,nan
13,8,0.26471975511965984,-1.8,0.3000000000000002,rolling,9.329999999999846,-0.17639578636111505,1.7296243345766789,22,21,1,1.7425711998141529,0.16,0.3490658503988659,9.81,1,1,9,21,41,-3.0,3.0,0.01,30.0,60.0,1e-09,1e-12,6,0.0001,1,new simulation,nan
13,9,0.26471975511965984,-1.6500000000000001,0.3000000000000002,rolling,9.329999999999846,-0.18081027897394006,1.7340655311362694,22,21,1,1.7425645334562063,0.16,0.3490658503988659,9.81,1,1,9,21,41,-3.0,3.0,0.01,30.0,60.0,1e-09,1e-12,6,0.0001,1,new simulation,nan
13,10,0.26471975511965984,-1.5,0.3000000000000002,rolling,9.399999999999844,-0.18408058759362325,1.7374178948369419,22,21,1,1.7425584453276353,0.16,0.3490658503988659,9.81,1,1,9,21,41,-3.0,3.0,0.01,30.0,60.0,1e-09,1e-12,6,0.0001,1,new simulation,nan
13,11,0.26471975511965984,-1.35,0.3000000000000002,rolling,9.959999999999832,-0.1817931534605069,1.7350727816781324,23,22,1,1.7425919566105692,0.16,0.3490658503988659,9.81,1,1,9,21,41,-3.0,3.0,0.01,30.0,60.0,1e-09,1e-12,6,0.0001,1,new simulation,nan
13,12,0.26471975511965984,-1.2000000000000002,0.3000000000000002,rolling,10.479999999999821,-0.18537244144942694,1.7387626796720774,23,22,1,1.7425890643376905,0.16,0.3490658503988659,9.81,1,1,9,21,41,-3.0,3.0,0.01,30.0,60.0,1e-09,1e-12,6,0.0001,1,new simulation,nan
13,13,0.26471975511965984,-1.05,0.3000000000000002,settled,0.9100000000000006,-0.18906585039886592,0.0,2,1,1,nan,0.16,0.3490658503988659,9.81,1,1,9,21,41,-3.0,3.0,0.01,30.0,60.0,1e-09,1e-12,6,0.0001,1,new simulation,nan
13,14,0.26471975511965984,-0.8999999999999999,0.3000000000000002,settled,1.1500000000000008,-0.18906585039886592,0.0,2,1,1,nan,0.16,0.3490658503988659,9.81,1,1,9,21,41,-3.0,3.0,0.01,30.0,60.0,1e-09,1e-12,6,0.0001,1,new simulation,nan
13,15,0.26471975511965984,-0.75,0.3000000000000002,rolling,9.319999999999846,-0.17644021571651075,1.7296711925578523,21,21,0,1.7425857220033147,0.16,0.3490658503988659,9.81,1,1,9,21,41,-3.0,3.0,0.01,30.0,60.0,1e-09,1e-12,6,0.0001,1,new simulation,nan
13,16,0.26471975511965984,-0.6000000000000001,0.3000000000000002,rolling,9.009999999999852,-0.17515640788200712,1.7283964697590706,21,21,0,1.7425812766073177,0.16,0.3490658503988659,9.81,1,1,9,21,41,-3.0,3.0,0.01,30.0,60.0,1e-09,1e-12,6,0.0001,1,new simulation,nan
13,17,0.26471975511965984,-0.4500000000000002,0.3000000000000002,rolling,8.879999999999855,-0.17173981328506438,1.7250459575090296,21,21,0,1.7425778193959418,0.16,0.3490658503988659,9.81,1,1,9,21,41,-3.0,3.0,0.01,30.0,60.0,1e-09,1e-12,6,0.0001,1,new simulation,nan
13,18,0.26471975511965984,-0.30000000000000027,0.3000000000000002,rolling,8.789999999999857,-0.1827011407746029,1.7359999651407327,21,21,0,1.7425753475347365,0.16,0.3490658503988659,9.81,1,1,9,21,41,-3.0,3.0,0.01,30.0,60.0,1e-09,1e-12,6,0.0001,1,new simulation,nan
13,19,0.26471975511965984,-0.1499999999999999,0.3000000000000002,rolling,8.729999999999858,-0.1735721523072838,1.726834488544741,21,21,0,1.7425738665690398,0.16,0.3490658503988659,9.81,1,1,9,21,41,-3.0,3.0,0.01,30.0,60.0,1e-09,1e-12,6,0.0001,1,new simulation,nan
13,20,0.26471975511965984,0.0,0.3000000000000002,rolling,8.66999999999986,-0.17498743798398225,1.7282279837856298,21,21,0,1.7425733727667803,0.16,0.3490658503988659,9.81,1,1,9,21,41,-3.0,3.0,0.01,30.0,60.0,1e-09,1e-12,6,0.0001,1,new simulation,nan
13,21,0.26471975511965984,0.1499999999999999,0.3000000000000002,rolling,8.60999999999986,-0.1767381772916818,1.72996588996872,21,21,0,1.7425738664587422,0.16,0.3490658503988659,9.81,1,1,9,21,41,-3.0,3.0,0.01,30.0,60.0,1e-09,1e-12,6,0.0001,1,new simulation,nan
13,22,0.26471975511965984,0.2999999999999998,0.3000000000000002,rolling,8.549999999999862,-0.17450918798047388,1.7277562981218468,21,21,0,1.742575349173637,0.16,0.3490658503988659,9.81,1,1,9,21,41,-3.0,3.0,0.01,30.0,60.0,1e-09,1e-12,6,0.0001,1,new simulation,nan
13,23,0.26471975511965984,0.44999999999999973,0.3000000000000002,rolling,8.479999999999864,-0.18483981042331765,1.7382074783044004,21,21,0,1.7425778187151646,0.16,0.3490658503988659,9.81,1,1,9,21,41,-3.0,3.0,0.01,30.0,60.0,1e-09,1e-12,6,0.0001,1,new simulation,nan
13,24,0.26471975511965984,0.5999999999999996,0.3000000000000002,rolling,8.419999999999865,-0.17420274162522006,1.7274555092867658,21,21,0,1.742581276218415,0.16,0.3490658503988659,9.81,1,1,9,21,41,-3.0,3.0,0.01,30.0,60.0,1e-09,1e-12,6,0.0001,1,new simulation,nan
13,25,0.26471975511965984,0.75,0.3000000000000002,rolling,8.349999999999866,-0.1790589359976802,1.7322953151237022,21,21,0,1.7425857223714936,0.16,0.3490658503988659,9.81,1,1,9,21,41,-3.0,3.0,0.01,30.0,60.0,1e-09,1e-12,6,0.0001,1,new simulation,nan
13,26,0.26471975511965984,0.8999999999999999,0.3000000000000002,rolling,8.279999999999868,-0.18386599873758622,1.7372021274815184,21,21,0,1.7425911557928309,0.16,0.3490658503988659,9.81,1,1,9,21,41,-3.0,3.0,0.01,30.0,60.0,1e-09,1e-12,6,0.0001,1,new simulation,nan
13,27,0.26471975511965984,1.0499999999999998,0.3000000000000002,rolling,7.8299999999998775,-0.1753415010490071,1.7285762244723057,20,20,0,1.7425625157192404,0.16,0.3490658503988659,9.81,1,1,9,21,41,-3.0,3.0,0.01,30.0,60.0,1e-09,1e-12,6,0.0001,1,new simulation,nan
13,28,0.26471975511965984,1.2000000000000002,0.3000000000000002,rolling,7.759999999999879,-0.18376390561188735,1.737093857453321,20,20,0,1.7425751430790253,0.16,0.3490658503988659,9.81,1,1,9,21,41,-3.0,3.0,0.01,30.0,60.0,1e-09,1e-12,6,0.0001,1,new simulation,nan
13,29,0.26471975511965984,1.3499999999999996,0.3000000000000002,rolling,7.69999999999988,-0.1777369925367045,1.7309670354881552,20,20,0,1.7425894540268818,0.16,0.3490658503988659,9.81,1,1,9,21,41,-3.0,3.0,0.01,30.0,60.0,1e-09,1e-12,6,0.0001,1,new simulation,nan
13,30,0.26471975511965984,1.5,0.3000000000000002,rolling,7.24999999999989,-0.17758907112034333,1.730816423168863,19,19,0,1.7425759278256736,0.16,0.3490658503988659,9.81,1,1,9,21,41,-3.0,3.0,0.01,30.0,60.0,1e-09,1e-12,6,0.0001,1,new simulation,nan
13,31,0.26471975511965984,1.6499999999999995,0.3000000000000002,rolling,6.7999999999998995,-0.18077391446884622,1.734030785153499,18,18,0,1.7425769583792923,0.16,0.3490658503988659,9.81,1,1,9,21,41,-3.0,3.0,0.01,30.0,60.0,1e-09,1e-12,6,0.0001,1,new simulation,nan
13,32,0.26471975511965984,1.7999999999999998,0.3000000000000002,rolling,5.5799999999999255,-0.17533396104277488,1.7285714108835852,15,15,0,1.7425771368045684,0.16,0.3490658503988659,9.81,1,1,9,21,41,-3.0,3.0,0.01,30.0,60.0,1e-09,1e-12,6,0.0001,1,new simulation,nan
13,33,0.26471975511965984,1.9500000000000002,0.3000000000000002,rolling,6.29999999999991,-0.17712265564392574,1.7303773837149443,17,17,0,1.7427273148273794,0.16,0.3490658503988659,9.81,1,1,9,21,41,-3.0,3.0,0.01,30.0,60.0,1e-09,1e-12,6,0.0001,1,new simulation,nan
13,34,0.26471975511965984,2.0999999999999996,0.3000000000000002,rolling,7.019999999999895,-0.18205808733329518,1.7353657462337988,19,19,0,1.7427136281326117,0.16,0.3490658503988659,9.81,1,1,9,21,41,-3.0,3.0,0.01,30.0,60.0,1e-09,1e-12,6,0.0001,1,new simulation,nan
13,35,0.26471975511965984,2.25,0.3000000000000002,rolling,7.3599999999998875,-0.17538797818186758,1.7286491031199016,20,20,0,1.742710660213777,0.16,0.3490658503988659,9.81,1,1,9,21,41,-3.0,3.0,0.01,30.0,60.0,1e-09,1e-12,6,0.0001,1,new simulation,nan
13,36,0.26471975511965984,2.3999999999999995,0.3000000000000002,rolling,7.309999999999889,-0.1742997149714798,1.72757918863614,20,20,0,1.742736752713783,0.16,0.3490658503988659,9.81,1,1,9,21,41,-3.0,3.0,0.01,30.0,60.0,1e-09,1e-12,6,0.0001,1,new simulation,nan
13,37,0.26471975511965984,2.55,0.3000000000000002,rolling,7.649999999999881,-0.17328204018243432,1.7265758944218468,21,21,0,1.7427161220311405,0.16,0.3490658503988659,9.81,1,1,9,21,41,-3.0,3.0,0.01,30.0,60.0,1e-09,1e-12,6,0.0001,1,new simulation,nan
13,38,0.26471975511965984,2.7,0.3000000000000002,rolling,7.599999999999882,-0.17755072722398652,1.730806553246943,21,21,0,1.742733408787669,0.16,0.3490658503988659,9.81,1,1,9,21,41,-3.0,3.0,0.01,30.0,60.0,1e-09,1e-12,6,0.0001,1,new simulation,nan
13,39,0.26471975511965984,2.8499999999999996,0.3000000000000002,rolling,7.939999999999875,-0.1816241371001704,1.7349211546721017,22,22,0,1.7427085848462507,0.16,0.3490658503988659,9.81,1,1,9,21,41,-3.0,3.0,0.01,30.0,60.0,1e-09,1e-12,6,0.0001,1,new simulation,nan
13,40,0.26471975511965984,3.0,0.3000000000000002,rolling,7.899999999999876,-0.1734134101698544,1.7267053158434025,22,22,0,1.742719888929888,0.16,0.3490658503988659,9.81,1,1,9,21,41,-3.0,3.0,0.01,30.0,60.0,1e-09,1e-12,6,0.0001,1,new simulation,nan
14,0,0.29962634015954637,-3.0,0.4,rolling,9.61999999999984,-0.17395658315299317,1.7272113779508236,23,21,2,1.7425702878930434,0.16,0.3490658503988659,9.81,1,1,9,21,41,-3.0,3.0,0.01,30.0,60.0,1e-09,1e-12,6,0.0001,1,new simulation,nan
14,1,0.29962634015954637,-2.85,0.4,rolling,9.649999999999839,-0.17549027043938556,1.7287237680837473,23,21,2,1.742563653527278,0.16,0.3490658503988659,9.81,1,1,9,21,41,-3.0,3.0,0.01,30.0,60.0,1e-09,1e-12,6,0.0001,1,new simulation,nan
14,2,0.29962634015954637,-2.7,0.4,rolling,9.759999999999836,-0.1764997629855815,1.7297253424538426,23,21,2,1.7425573606056783,0.16,0.3490658503988659,9.81,1,1,9,21,41,-3.0,3.0,0.01,30.0,60.0,1e-09,1e-12,6,0.0001,1,new simulation,nan
14,3,0.29962634015954637,-2.55,0.4,rolling,10.409999999999823,-0.1747484438946944,1.7279951554476158,24,22,2,1.74259105718215,0.16,0.3490658503988659,9.81,1,1,9,21,41,-3.0,3.0,0.01,30.0,60.0,1e-09,1e-12,6,0.0001,1,new simulation,nan
14,4,0.29962634015954637,-2.4,0.4,settled,1.260000000000001,-0.18906585039886592,0.0,3,1,2,nan,0.16,0.3490658503988659,9.81,1,1,9,21,41,-3.0,3.0,0.01,30.0,60.0,1e-09,1e-12,6,0.0001,1,new simulation,nan
14,5,0.29962634015954637,-2.25,0.4,settled,1.500000000000001,-0.18906585039886592,0.0,3,1,2,nan,0.16,0.3490658503988659,9.81,1,1,9,21,41,-3.0,3.0,0.01,30.0,60.0,1e-09,1e-12,6,0.0001,1,new simulation,nan
14,6,0.29962634015954637,-2.1,0.4,rolling,9.62999999999984,-0.18166584505035896,1.7349412155027653,22,21,1,1.742583816102185,0.16,0.3490658503988659,9.81,1,1,9,21,41,-3.0,3.0,0.01,30.0,60.0,1e-09,1e-12,6,0.0001,1,new simulation,nan
14,7,0.29962634015954637,-1.95,0.4,rolling,9.389999999999844,-0.18196825432250285,1.7352489606432255,22,21,1,1.7425759900989402,0.16,0.3490658503988659,9.81,1,1,9,21,41,-3.0,3.0,0.01,30.0,60.0,1e-09,1e-12,6,0.0001,1,new simulation,nan
14,8,0.29962634015954637,-1.8,0.4,rolling,9.339999999999845,-0.18060479264502544,1.733857351982653,22,21,1,1.742568744121792,0.16,0.3490658503988659,9.81,1,1,9,21,41,-3.0,3.0,0.01,30.0,60.0,1e-09,1e-12,6,0.0001,1,new simulation,nan
14,9,0.29962634015954637,-1.6500000000000001,0.4,rolling,9.369999999999845,-0.18272126177263273,1.736018229436398,22,21,1,1.7425620766374417,0.16,0.3490658503988659,9.81,1,1,9,21,41,-3.0,3.0,0.01,30.0,60.0,1e-09,1e-12,6,0.0001,1,new simulation,nan
14,10,0.29962634015954637,-1.5,0.4,rolling,9.479999999999842,-0.1861630175163909,1.7395803633546552,22,21,1,1.742555988845283,0.16,0.3490658503988659,9.81,1,1,9,21,41,-3.0,3.0,0.01,30.0,60.0,1e-09,1e-12,6,0.0001,1,new simulation,nan
14,11,0.29962634015954637,-1.35,0.4,rolling,10.149999999999828,-0.1720463177879201,1.7253463778801104,23,22,1,1.7425905133507664,0.16,0.3490658503988659,9.81,1,1,9,21,41,-3.0,3.0,0.01,30.0,60.0,1e-09,1e-12,6,0.0001,1,new simulation,nan
14,12,0.29962634015954637,-1.2000000000000002,0.4,settled,0.9000000000000006,-0.18906585039886592,0.0,2,1,1,nan,0.16,0.3490658503988659,9.81,1,1,9,21,41,-3.0,3.0,0.01,30.0,60.0,1e-09,1e-12,6,0.0001,1,new simulation,nan
14,13,0.29962634015954637,-1.05,0.4,settled,1.0500000000000007,-0.18906585039886592,0.0,2,1,1,nan,0.16,0.3490658503988659,9.81,1,1,9,21,41,-3.0,3.0,0.01,30.0,60.0,1e-09,1e-12,6,0.0001,1,new simulation,nan
14,14,0.29962634015954637,-0.8999999999999999,0.4,rolling,9.55999999999984,-0.17997839484264572,1.7332250163439875,21,21,0,1.7425869696654528,0.16,0.3490658503988659,9.81,1,1,9,21,41,-3.0,3.0,0.01,30.0,60.0,1e-09,1e-12,6,0.0001,1,new simulation,nan
14,15,0.29962634015954637,-0.75,0.4,rolling,9.069999999999851,-0.18095617368324107,1.7342170781550583,21,21,0,1.7425815358263639,0.16,0.3490658503988659,9.81,1,1,9,21,41,-3.0,3.0,0.01,30.0,60.0,1e-09,1e-12,6,0.0001,1,new simulation,nan
14,16,0.29962634015954637,-0.6000000000000001,0.4,rolling,8.919999999999854,-0.1802386716484579,1.733487105774196,21,21,0,1.7425770906583715,0.16,0.3490658503988659,9.81,1,1,9,21,41,-3.0,3.0,0.01,30.0,60.0,1e-09,1e-12,6,0.0001,1,new simulation,nan
14,17,0.29962634015954637,-0.4500000000000002,0.4,rolling,8.839999999999856,-0.1734870739563843,1.726750994077212,21,21,0,1.7425736319928486,0.16,0.3490658503988659,9.81,1,1,9,21,41,-3.0,3.0,0.01,30.0,60.0,1e-09,1e-12,6,0.0001,1,new simulation,nan
14,18,0.29962634015954637,-0.30000000000000027,0.4,rolling,8.779999999999857,-0.17513155765689128,1.7283700575494583,21,21,0,1.742571161919698,0.16,0.3490658503988659,9.81,1,1,9,21,41,-3.0,3.0,0.01,30.0,60.0,1e-09,1e-12,6,0.0001,1,new simulation,nan
14,19,0.29962634015954637,-0.1499999999999999,0.4,rolling,8.729999999999858,-0.17439213229667774,1.7276399080694909,21,21,0,1.742569680442979,0.16,0.3490658503988659,9.81,1,1,9,21,41,-3.0,3.0,0.01,30.0,60.0,1e-09,1e-12,6,0.0001,1,new simulation,nan
14,20,0.29962634015954637,0.0,0.4,rolling,8.67999999999986,-0.17402641403338687,1.7272798368109223,21,21,0,1.7425691853365939,0.16,0.3490658503988659,9.81,1,1,9,21,41,-3.0,3.0,0.01,30.0,60.0,1e-09,1e-12,6,0.0001,1,new simulation,nan
14,21,0.29962634015954637,0.1499999999999999,0.4,rolling,8.61999999999986,-0.1839382738756203,1.7372728872156555,21,21,0,1.7425696799276722,0.16,0.3490658503988659,9.81,1,1,9,21,41,-3.0,3.0,0.01,30.0,60.0,1e-09,1e-12,6,0.0001,1,new simulation,nan
14,22,0.29962634015954637,0.2999999999999998,0.4,rolling,8.559999999999862,-0.18443539064190603,1.7377871924151733,21,21,0,1.7425711615962856,0.16,0.3490658503988659,9.81,1,1,9,21,41,-3.0,3.0,0.01,30.0,60.0,1e-09,1e-12,6,0.0001,1,new simulation,nan
14,23,0.29962634015954637,0.44999999999999973,0.4,rolling,8.499999999999863,-0.17654708590436263,1.7297754195317854,21,21,0,1.7425736312801643,0.16,0.3490658503988659,9.81,1,1,9,21,41,-3.0,3.0,0.01,30.0,60.0,1e-09,1e-12,6,0.0001,1,new simulation,nan
14,24,0.29962634015954637,0.5999999999999996,0.4,rolling,8.429999999999865,-0.18033244684848346,1.7335822597932344,21,21,0,1.7425770892038714,0.16,0.3490658503988659,9.81,1,1,9,21,41,-3.0,3.0,0.01,30.0,60.0,1e-09,1e-12,6,0.0001,1,new simulation,nan
14,25,0.29962634015954637,0.75,0.4,rolling,8.359999999999866,-0.18146884253816606,1.7347396504841965,21,21,0,1.7425815361156858,0.16,0.3490658503988659,9.81,1,1,9,21,41,-3.0,3.0,0.01,30.0,60.0,1e-09,1e-12,6,0.0001,1,new simulation,nan
14,26,0.29962634015954637,0.8999999999999999,0.4,rolling,8.289999999999868,-0.1824597780727721,1.735754403904702,21,21,0,1.742586969738728,0.16,0.3490658503988659,9.81,1,1,9,21,41,-3.0,3.0,0.01,30.0,60.0,1e-09,1e-12,6,0.0001,1,new simulation,nan
14,27,0.29962634015954637,1.0499999999999998,0.4,rolling,7.8299999999998775,-0.18776863708376382,1.7412624892816653,20,20,0,1.7425553836867438,0.16,0.3490658503988659,9.81,1,1,9,21,41,-3.0,3.0,0.01,30.0,60.0,1e-09,1e-12,6,0.0001,1,new simulation,nan
14,28,0.29962634015954637,1.2000000000000002,0.4,rolling,7.769999999999879,-0.1757865583543712,1.729018326799998,20,20,0,1.7425680095523255,0.16,0.3490658503988659,9.81,1,1,9,21,41,-3.0,3.0,0.01,30.0,60.0,1e-09,1e-12,6,0.0001,1,new simulation,nan
14,29,0.29962634015954637,1.3499999999999996,0.4,rolling,7.69999999999988,-0.1845078071062088,1.7378641887165207,20,20,0,1.7425823199559345,0.16,0.3490658503988659,9.81,1,1,9,21,41,-3.0,3.0,0.01,30.0,60.0,1e-09,1e-12,6,0.0001,1,new simulation,nan
14,30,0.29962634015954637,1.5,0.4,rolling,7.24999999999989,-0.18220314250814534,1.7354871948933162,19,19,0,1.7425637702645453,0.16,0.3490658503988659,9.81,1,1,9,21,41,-3.0,3.0,0.01,30.0,60.0,1e-09,1e-12,6,0.0001,1,new simulation,nan
14,31,0.29962634015954637,1.6499999999999995,0.4,rolling,6.7999999999998995,-0.18361731678364662,1.736939229164102,18,18,0,1.7425562399501928,0.16,0.3490658503988659,9.81,1,1,9,21,41,-3.0,3.0,0.01,30.0,60.0,1e-09,1e-12,6,0.0001,1,new simulation,nan
14,32,0.29962634015954637,1.7999999999999998,0.4,rolling,6.349999999999909,-0.18871266531953065,1.7422633081869032,17,17,0,1.7425878835724777,0.16,0.3490658503988659,9.81,1,1,9,21,41,-3.0,3.0,0.01,30.0,60.0,1e-09,1e-12,6,0.0001,1,new simulation,nan
14,33,0.29962634015954637,1.9500000000000002,0.4,rolling,5.909999999999918,-0.17998996635393053,1.7332614194739673,16,16,0,1.7427234495167327,0.16,0.3490658503988659,9.81,1,1,9,21,41,-3.0,3.0,0.01,30.0,60.0,1e-09,1e-12,6,0.0001,1,new simulation,nan
14,34,0.29962634015954637,2.0999999999999996,0.4,rolling,6.629999999999903,-0.18395412460179783,1.7373199071573964,18,18,0,1.7427395622911153,0.16,0.3490658503988659,9.81,1,1,9,21,41,-3.0,3.0,0.01,30.0,60.0,1e-09,1e-12,6,0.0001,1,new simulation,nan
14,35,0.29962634015954637,2.25,0.4,rolling,7.3599999999998875,-0.17379358306831555,1.7270753914706618,20,20,0,1.742703528142414,0.16,0.3490658503988659,9.81,1,1,9,21,41,-3.0,3.0,0.01,30.0,60.0,1e-09,1e-12,6,0.0001,1,new simulation,nan
14,36,0.29962634015954637,2.3999999999999995,0.4,rolling,7.309999999999889,-0.17204392483730643,1.7253693209449081,20,20,0,1.7427296197972177,0.16,0.3490658503988659,9.81,1,1,9,21,41,-3.0,3.0,0.01,30.0,60.0,1e-09,1e-12,6,0.0001,1,new simulation,nan
14,37,0.29962634015954637,2.55,0.4,rolling,7.6399999999998816,-0.1878066334295081,1.7413306289629396,21,21,0,1.7427119359447056,0.16,0.3490658503988659,9.81,1,1,9,21,41,-3.0,3.0,0.01,30.0,60.0,1e-09,1e-12,6,0.0001,1,new simulation,nan
14,38,0.29962634015954637,2.7,0.4,rolling,7.599999999999882,-0.1742922888599883,1.7275705111321438,21,21,0,1.7427292239125478,0.16,0.3490658503988659,9.81,1,1,9,21,41,-3.0,3.0,0.01,30.0,60.0,1e-09,1e-12,6,0.0001,1,new simulation,nan
14,39,0.29962634015954637,2.8499999999999996,0.4,rolling,7.939999999999875,-0.1779844725733765,1.7312362886597306,22,22,0,1.7427061289382395,0.16,0.3490658503988659,9.81,1,1,9,21,41,-3.0,3.0,0.01,30.0,60.0,1e-09,1e-12,6,0.0001,1,new simulation,nan
14,40,0.29962634015954637,3.0,0.4,rolling,7.889999999999876,-0.1867982163014539,1.7402734349607896,22,22,0,1.7427174322010277,0.16,0.3490658503988659,9.81,1,1,9,21,41,-3.0,3.0,0.01,30.0,60.0,1e-09,1e-12,6,0.0001,1,new simulation,nan
15,0,0.3345329251994329,-3.0,0.49999999999999983,rolling,9.62999999999984,-0.17820520826663766,1.731432976035538,23,21,2,1.7425686742877708,0.16,0.3490658503988659,9.81,1,1,9,21,41,-3.0,3.0,0.01,30.0,60.0,1e-09,1e-12,6,0.0001,1,new simulation,nan
15,1,0.3345329251994329,-2.85,0.49999999999999983,rolling,9.679999999999838,-0.17842074771931468,1.731648369435195,23,21,2,1.7425620414580199,0.16,0.3490658503988659,9.81,1,1,9,21,41,-3.0,3.0,0.01,30.0,60.0,1e-09,1e-12,6,0.0001,1,new simulation,nan
15,2,0.3345329251994329,-2.7,0.49999999999999983,rolling,9.819999999999835,-0.17851467803619336,1.7317416904669793,23,21,2,1.7425557452630371,0.16,0.3490658503988659,9.81,1,1,9,21,41,-3.0,3.0,0.01,30.0,60.0,1e-09,1e-12,6,0.0001,1,new simulation,nan
15,3,0.3345329251994329,-2.55,0.49999999999999983,rolling,10.569999999999819,-0.1729034567964082,1.7261825042870267,24,22,2,1.7425901105426702,0.16,0.3490658503988659,9.81,1,1,9,21,41,-3.0,3.0,0.01,30.0,60.0,1e-09,1e-12,6,0.0001,1,new simulation,nan
15,4,0.3345329251994329,-2.4,0.49999999999999983,settled,1.310000000000001,-0.18906585039886592,0.0,3,1,2,nan,0.16,0.3490658503988659,9.81,1,1,9,21,41,-3.0,3.0,0.01,30.0,60.0,1e-09,1e-12,6,0.0001,1,new simulation,nan
15,5,0.3345329251994329,-2.25,0.49999999999999983,settled,1.8600000000000014,-0.18906585039886592,0.0,3,1,2,nan,0.16,0.3490658503988659,9.81,1,1,9,21,41,-3.0,3.0,0.01,30.0,60.0,1e-09,1e-12,6,0.0001,1,new simulation,nan
15,6,0.3345329251994329,-2.1,0.49999999999999983,rolling,9.519999999999841,-0.18485952106487957,1.7382285080151003,22,21,1,1.7425810651360376,0.16,0.3490658503988659,9.81,1,1,9,21,41,-3.0,3.0,0.01,30.0,60.0,1e-09,1e-12,6,0.0001,1,new simulation,nan
15,7,0.3345329251994329,-1.95,0.49999999999999983,rolling,9.379999999999844,-0.17737291347309486,1.7305996239484034,22,21,1,1.7425732394036624,0.16,0.3490658503988659,9.81,1,1,9,21,41,-3.0,3.0,0.01,30.0,60.0,1e-09,1e-12,6,0.0001,1,new simulation,nan
15,8,0.3345329251994329,-1.8,0.49999999999999983,rolling,9.359999999999845,-0.18690066019858675,1.7403534356991437,22,21,1,1.7425659931213904,0.16,0.3490658503988659,9.81,1,1,9,21,41,-3.0,3.0,0.01,30.0,60.0,1e-09,1e-12,6,0.0001,1,new simulation,nan
15,9,0.3345329251994329,-1.6500000000000001,0.49999999999999983,rolling,9.429999999999843,-0.18123356448536884,1.7344956525723136,22,21,1,1.7425593251844316,0.16,0.3490658503988659,9.81,1,1,9,21,41,-3.0,3.0,0.01,30.0,60.0,1e-09,1e-12,6,0.0001,1,new simulation,nan
15,10,0.3345329251994329,-1.5,0.49999999999999983,rolling,9.999999999999831,-0.17294180346389187,1.7262203673716907,23,22,1,1.742592132459284,0.16,0.3490658503988659,9.81,1,1,9,21,41,-3.0,3.0,0.01,30.0,60.0,1e-09,1e-12,6,0.0001,1,new simulation,nan
15,11,0.3345329251994329,-1.35,0.49999999999999983,rolling,10.629999999999818,-0.17364056598530142,1.7269043502097825,23,22,1,1.7425889003713786,0.16,0.3490658503988659,9.81,1,1,9,21,41,-3.0,3.0,0.01,30.0,60.0,1e-09,1e-12,6,0.0001,1,new simulation,nan
15,12,0.3345329251994329,-1.2000000000000002,0.49999999999999983,settled,1.0000000000000007,-0.18906585039886592,0.0,2,1,1,nan,0.16,0.3490658503988659,9.81,1,1,9,21,41,-3.0,3.0,0.01,30.0,60.0,1e-09,1e-12,6,0.0001,1,new simulation,nan
15,13,0.3345329251994329,-1.05,0.49999999999999983,settled,1.8400000000000014,-0.18906585039886592,0.0,2,1,1,nan,0.16,0.3490658503988659,9.81,1,1,9,21,41,-3.0,3.0,0.01,30.0,60.0,1e-09,1e-12,6,0.0001,1,new simulation,nan
15,14,0.3345329251994329,-0.8999999999999999,0.49999999999999983,rolling,9.14999999999985,-0.17527167880088018,1.7285106974323892,21,21,0,1.7425822816615089,0.16,0.3490658503988659,9.81,1,1,9,21,41,-3.0,3.0,0.01,30.0,60.0,1e-09,1e-12,6,0.0001,1,new simulation,nan
15,15,0.3345329251994329,-0.75,0.49999999999999983,rolling,8.969999999999853,-0.17289225703374075,1.7261691460192743,21,21,0,1.7425768480890016,0.16,0.3490658503988659,9.81,1,1,9,21,41,-3.0,3.0,0.01,30.0,60.0,1e-09,1e-12,6,0.0001,1,new simulation,nan
15,16,0.3345329251994329,-0.6000000000000001,0.49999999999999983,rolling,8.879999999999855,-0.1786699851250147,1.731900985674142,21,21,0,1.742572401334013,0.16,0.3490658503988659,9.81,1,1,9,21,41,-3.0,3.0,0.01,30.0,60.0,1e-09,1e-12,6,0.0001,1,new simulation,nan
15,17,0.3345329251994329,-0.4500000000000002,0.49999999999999983,rolling,8.829999999999856,-0.17457953590912872,1.72782450061537,21,21,0,1.742568944451275,0.16,0.3490658503988659,9.81,1,1,9,21,41,-3.0,3.0,0.01,30.0,60.0,1e-09,1e-12,6,0.0001,1,new simulation,nan
15,18,0.3345329251994329,-0.30000000000000027,0.49999999999999983,rolling,8.789999999999857,-0.17630059751236918,1.7295287608432222,21,21,0,1.742566474309071,0.16,0.3490658503988659,9.81,1,1,9,21,41,-3.0,3.0,0.01,30.0,60.0,1e-09,1e-12,6,0.0001,1,new simulation,nan
15,19,0.3345329251994329,-0.1499999999999999,0.49999999999999983,rolling,8.749999999999858,-0.18131786444800227,1.7345826307057095,21,21,0,1.7425649927655071,0.16,0.3490658503988659,9.81,1,1,9,21,41,-3.0,3.0,0.01,30.0,60.0,1e-09,1e-12,6,0.0001,1,new simulation,nan
15,20,0.3345329251994329,0.0,0.49999999999999983,rolling,8.709999999999859,-0.17715301967650576,1.7303782273151282,21,21,0,1.74256449903773,0.16,0.3490658503988659,9.81,1,1,9,21,41,-3.0,3.0,0.01,30.0,60.0,1e-09,1e-12,6,0.0001,1,new simulation,nan
15,21,0.3345329251994329,0.1499999999999999,0.49999999999999983,rolling,8.65999999999986,-0.17478464700765142,1.728026163341166,21,21,0,1.7425649912051533,0.16,0.3490658503988659,9.81,1,1,9,21,41,-3.0,3.0,0.01,30.0,60.0,1e-09,1e-12,6,0.0001,1,new simulation,nan
15,22,0.3345329251994329,0.2999999999999998,0.49999999999999983,rolling,8.599999999999861,-0.17363675326028508,1.7268965380901578,21,21,0,1.742566473661155,0.16,0.3490658503988659,9.81,1,1,9,21,41,-3.0,3.0,0.01,30.0,60.0,1e-09,1e-12,6,0.0001,1,new simulation,nan
15,23,0.3345329251994329,0.44999999999999973,0.49999999999999983,rolling,8.529999999999863,-0.17722425145463827,1.7304502100054944,21,21,0,1.7425689444806858,0.16,0.3490658503988659,9.81,1,1,9,21,41,-3.0,3.0,0.01,30.0,60.0,1e-09,1e-12,6,0.0001,1,new simulation,nan
15,24,0.3345329251994329,0.5999999999999996,0.49999999999999983,rolling,8.459999999999864,-0.1733338250378289,1.7266005422031003,21,21,0,1.742572401414715,0.16,0.3490658503988659,9.81,1,1,9,21,41,-3.0,3.0,0.01,30.0,60.0,1e-09,1e-12,6,0.0001,1,new simulation,nan
15,25,0.3345329251994329,0.75,0.49999999999999983,rolling,8.379999999999866,-0.18391921187576865,1.7372544947767568,21,21,0,1.7425768478871364,0.16,0.3490658503988659,9.81,1,1,9,21,41,-3.0,3.0,0.01,30.0,60.0,1e-09,1e-12,6,0.0001,1,new simulation,nan
15,26,0.3345329251994329,0.8999999999999999,0.49999999999999983,rolling,8.309999999999867,-0.1777309384732998,1.7309596720383147,21,21,0,1.7425822812226954,0.16,0.3490658503988659,9.81,1,1,9,21,41,-3.0,3.0,0.01,30.0,60.0,1e-09,1e-12,6,0.0001,1,new simulation,nan
15,27,0.3345329251994329,1.0499999999999998,0.49999999999999983,rolling,8.239999999999869,-0.17421326966130302,1.7274672186327475,21,21,0,1.7425887030774314,0.16,0.3490658503988659,9.81,1,1,9,21,41,-3.0,3.0,0.01,30.0,60.0,1e-09,1e-12,6,0.0001,1,new simulation,nan
15,28,0.3345329251994329,1.2000000000000002,0.49999999999999983,rolling,7.779999999999879,-0.17714728040418712,1.7303716810281333,20,20,0,1.7425600209379217,0.16,0.3490658503988659,9.81,1,1,9,21,41,-3.0,3.0,0.01,30.0,60.0,1e-09,1e-12,6,0.0001,1,new simulation,nan
15,29,0.3345329251994329,1.3499999999999996,0.49999999999999983,rolling,7.70999999999988,-0.18171139177925474,1.7349860369549182,20,20,0,1.742574331171359,0.16,0.3490658503988659,9.81,1,1,9,21,41,-3.0,3.0,0.01,30.0,60.0,1e-09,1e-12,6,0.0001,1,new simulation,nan
15,30,0.3345329251994329,1.5,0.49999999999999983,rolling,7.649999999999881,-0.17338212880622544,1.7266511341812771,20,20,0,1.7425903242097043,0.16,0.3490658503988659,9.81,1,1,9,21,41,-3.0,3.0,0.01,30.0,60.0,1e-09,1e-12,6,0.0001,1,new simulation,nan
15,31,0.3345329251994329,1.6499999999999995,0.49999999999999983,rolling,7.199999999999891,-0.17207118385107006,1.7253687282897494,19,19,0,1.7425802815149218,0.16,0.3490658503988659,9.81,1,1,9,21,41,-3.0,3.0,0.01,30.0,60.0,1e-09,1e-12,6,0.0001,1,new simulation,nan
15,32,0.3345329251994329,1.7999999999999998,0.49999999999999983,rolling,6.7499999999999005,-0.17491805193165624,1.7281623090007427,18,18,0,1.7425892656223112,0.16,0.3490658503988659,9.81,1,1,9,21,41,-3.0,3.0,0.01,30.0,60.0,1e-09,1e-12,6,0.0001,1,new simulation,nan
15,33,0.3345329251994329,1.9500000000000002,0.49999999999999983,rolling,4.3599999999999515,-0.17779929233268627,1.7310532725766998,12,12,0,1.742720910861265,0.16,0.3490658503988659,9.81,1,1,9,21,41,-3.0,3.0,0.01,30.0,60.0,1e-09,1e-12,6,0.0001,1,new simulation,nan
15,34,0.3345329251994329,2.0999999999999996,0.49999999999999983,rolling,6.629999999999903,-0.18690264732725756,1.7403825979247636,18,18,0,1.7427163682072264,0.16,0.3490658503988659,9.81,1,1,9,21,41,-3.0,3.0,0.01,30.0,60.0,1e-09,1e-12,6,0.0001,1,new simulation,nan
15,35,0.3345329251994329,2.25,0.49999999999999983,rolling,6.969999999999896,-0.17818848612547977,1.7314452860134921,19,19,0,1.7427294539438545,0.16,0.3490658503988659,9.81,1,1,9,21,41,-3.0,3.0,0.01,30.0,60.0,1e-09,1e-12,6,0.0001,1,new simulation,nan
15,36,0.3345329251994329,2.3999999999999995,0.49999999999999983,rolling,7.309999999999889,-0.17275011086872866,1.726056516663596,20,20,0,1.7427216326536126,0.16,0.3490658503988659,9.81,1,1,9,21,41,-3.0,3.0,0.01,30.0,60.0,1e-09,1e-12,6,0.0001,1,new simulation,nan
15,37,0.3345329251994329,2.55,0.49999999999999983,rolling,7.6399999999998816,-0.1876744413193098,1.741190785873605,21,21,0,1.7427072490797217,0.16,0.3490658503988659,9.81,1,1,9,21,41,-3.0,3.0,0.01,30.0,60.0,1e-09,1e-12,6,0.0001,1,new simulation,nan
15,38,0.3345329251994329,2.7,0.49999999999999983,rolling,7.599999999999882,-0.1734607154555918,1.7267525372879486,21,21,0,1.7427245362020365,0.16,0.3490658503988659,9.81,1,1,9,21,41,-3.0,3.0,0.01,30.0,60.0,1e-09,1e-12,6,0.0001,1,new simulation,nan
15,39,0.3345329251994329,2.8499999999999996,0.49999999999999983,rolling,7.939999999999875,-0.17656315348730237,1.7298149339272113,22,22,0,1.742703377918545,0.16,0.3490658503988659,9.81,1,1,9,21,41,-3.0,3.0,0.01,30.0,60.0,1e-09,1e-12,6,0.0001,1,new simulation,nan
15,40,0.3345329251994329,3.0,0.49999999999999983,rolling,7.889999999999876,-0.1848723684328026,1.7382659296365957,22,22,0,1.742714681493055,0.16,0.3490658503988659,9.81,1,1,9,21,41,-3.0,3.0,0.01,30.0,60.0,1e-09,1e-12,6,0.0001,1,new simulation,nan
16,0,0.36943951023931954,-3.0,0.6,rolling,9.649999999999839,-0.17423231580862952,1.72748200989513,23,21,2,1.7425668893594228,0.16,0.3490658503988659,9.81,1,1,9,21,41,-3.0,3.0,0.01,30.0,60.0,1e-09,1e-12,6,0.0001,1,new simulation,nan
16,1,0.36943951023931954,-2.85,0.6,rolling,9.719999999999837,-0.17918831897232762,1.7324212465873232,23,21,2,1.7425602556040423,0.16,0.3490658503988659,9.81,1,1,9,21,41,-3.0,3.0,0.01,30.0,60.0,1e-09,1e-12,6,0.0001,1,new simulation,nan
16,2,0.36943951023931954,-2.7,0.6,rolling,9.899999999999833,-0.18170525835193338,1.7349760895348785,23,21,2,1.7425539603458635,0.16,0.3490658503988659,9.81,1,1,9,21,41,-3.0,3.0,0.01,30.0,60.0,1e-09,1e-12,6,0.0001,1,new simulation,nan
16,3,0.36943951023931954,-2.55,0.6,rolling,10.889999999999812,-0.17701272107275368,1.7302425542881157,24,22,2,1.7425890623294782,0.16,0.3490658503988659,9.81,1,1,9,21,41,-3.0,3.0,0.01,30.0,60.0,1e-09,1e-12,6,0.0001,1,new simulation,nan
16,4,0.36943951023931954,-2.4,0.6,settled,1.390000000000001,-0.18906585039886592,0.0,3,1,2,nan,0.16,0.3490658503988659,9.81,1,1,9,21,41,-3.0,3.0,0.01,30.0,60.0,1e-09,1e-12,6,0.0001,1,new simulation,nan
16,5,0.36943951023931954,-2.25,0.6,rolling,9.909999999999833,-0.18303115082324373,1.7363410560102481,22,21,1,1.7425864305666312,0.16,0.3490658503988659,9.81,1,1,9,21,41,-3.0,3.0,0.01,30.0,60.0,1e-09,1e-12,6,0.0001,1,new simulation,nan
16,6,0.36943951023931954,-2.1,0.6,rolling,9.459999999999843,-0.1800960701419852,1.733342658964754,22,21,1,1.7425780237625095,0.16,0.3490658503988659,9.81,1,1,9,21,41,-3.0,3.0,0.01,30.0,60.0,1e-09,1e-12,6,0.0001,1,new simulation,nan
16,7,0.36943951023931954,-1.95,0.6,rolling,9.379999999999844,-0.18016541983062231,1.7334115613468604,22,21,1,1.7425701979843478,0.16,0.3490658503988659,9.81,1,1,9,21,41,-3.0,3.0,0.01,30.0,60.0,1e-09,1e-12,6,0.0001,1,new simulation,nan
16,8,0.36943951023931954,-1.8,0.6,rolling,9.399999999999844,-0.1857932075065368,1.7391959560323325,22,21,1,1.7425629505132505,0.16,0.3490658503988659,9.81,1,1,9,21,41,-3.0,3.0,0.01,30.0,60.0,1e-09,1e-12,6,0.0001,1,new simulation,nan
16,9,0.36943951023931954,-1.6500000000000001,0.6,rolling,9.519999999999841,-0.17929387071779984,1.732527081986389,22,21,1,1.7425562823961886,0.16,0.3490658503988659,9.81,1,1,9,21,41,-3.0,3.0,0.01,30.0,60.0,1e-09,1e-12,6,0.0001,1,new simulation,nan
16,10,0.36943951023931954,-1.5,0.6,rolling,10.219999999999827,-0.18091513299270842,1.7341768936564312,23,22,1,1.7425903471341602,0.16,0.3490658503988659,9.81,1,1,9,21,41,-3.0,3.0,0.01,30.0,60.0,1e-09,1e-12,6,0.0001,1,new simulation,nan
16,11,0.36943951023931954,-1.35,0.6,settled,0.9700000000000006,-0.18906585039886592,0.0,2,1,1,nan,0.16,0.3490658503988659,9.81,1,1,9,21,41,-3.0,3.0,0.01,30.0,60.0,1e-09,1e-12,6,0.0001,1,new simulation,nan
16,12,0.36943951023931954,-1.2000000000000002,0.6,settled,1.270000000000001,-0.18906585039886592,0.0,2,1,1,nan,0.16,0.3490658503988659,9.81,1,1,9,21,41,-3.0,3.0,0.01,30.0,60.0,1e-09,1e-12,6,0.0001,1,new simulation,nan
16,13,0.36943951023931954,-1.05,0.6,rolling,9.249999999999847,-0.18013361850968987,1.7333817215150402,21,21,0,1.7425835195497006,0.16,0.3490658503988659,9.81,1,1,9,21,41,-3.0,3.0,0.01,30.0,60.0,1e-09,1e-12,6,0.0001,1,new simulation,nan
16,14,0.36943951023931954,-0.8999999999999999,0.6,rolling,9.009999999999852,-0.18703484730571462,1.7404960241172491,21,21,0,1.7425770977388277,0.16,0.3490658503988659,9.81,1,1,9,21,41,-3.0,3.0,0.01,30.0,60.0,1e-09,1e-12,6,0.0001,1,new simulation,nan
16,15,0.36943951023931954,-0.75,0.6,rolling,8.919999999999854,-0.18065935660462557,1.7339133408915761,21,21,0,1.7425716640323836,0.16,0.3490658503988659,9.81,1,1,9,21,41,-3.0,3.0,0.01,30.0,60.0,1e-09,1e-12,6,0.0001,1,new simulation,nan
16,16,0.36943951023931954,-0.6000000000000001,0.6,rolling,8.869999999999855,-0.18752357303773226,1.7410070436232885,21,21,0,1.7425672189504062,0.16,0.3490658503988659,9.81,1,1,9,21,41,-3.0,3.0,0.01,30.0,60.0,1e-09,1e-12,6,0.0001,1,new simulation,nan
16,17,0.36943951023931954,-0.4500000000000002,0.6,rolling,8.849999999999856,-0.17920521197061065,1.732438930400911,21,21,0,1.7425637603793598,0.16,0.3490658503988659,9.81,1,1,9,21,41,-3.0,3.0,0.01,30.0,60.0,1e-09,1e-12,6,0.0001,1,new simulation,nan
16,18,0.36943951023931954,-0.30000000000000027,0.6,rolling,8.829999999999856,-0.18310996432245177,1.7364175817148602,21,21,0,1.742561292085081,0.16,0.3490658503988659,9.81,1,1,9,21,41,-3.0,3.0,0.01,30.0,60.0,1e-09,1e-12,6,0.0001,1,new simulation,nan
16,19,0.36943951023931954,-0.1499999999999999,0.6,rolling,8.809999999999857,-0.18017081440894414,1.7334151536339681,21,21,0,1.7425598086459118,0.16,0.3490658503988659,9.81,1,1,9,21,41,-3.0,3.0,0.01,30.0,60.0,1e-09,1e-12,6,0.0001,1,new simulation,nan
16,20,0.36943951023931954,0.0,0.6,rolling,8.779999999999857,-0.17287971877325567,1.7261537054409974,21,21,0,1.7425593147700684,0.16,0.3490658503988659,9.81,1,1,9,21,41,-3.0,3.0,0.01,30.0,60.0,1e-09,1e-12,6,0.0001,1,new simulation,nan
16,21,0.36943951023931954,0.1499999999999999,0.6,rolling,8.719999999999859,-0.18858464911735145,1.7421230776114105,21,21,0,1.7425598084854161,0.16,0.3490658503988659,9.81,1,1,9,21,41,-3.0,3.0,0.01,30.0,60.0,1e-09,1e-12,6,0.0001,1,new simulation,nan
16,22,0.36943951023931954,0.2999999999999998,0.6,rolling,8.65999999999986,-0.1774827105790681,1.7307073059342417,21,21,0,1.742561291201351,0.16,0.3490658503988659,9.81,1,1,9,21,41,-3.0,3.0,0.01,30.0,60.0,1e-09,1e-12,6,0.0001,1,new simulation,nan
16,23,0.36943951023931954,0.44999999999999973,0.6,rolling,8.579999999999862,-0.18287977592479118,1.7361813570084166,21,21,0,1.7425637608369315,0.16,0.3490658503988659,9.81,1,1,9,21,41,-3.0,3.0,0.01,30.0,60.0,1e-09,1e-12,6,0.0001,1,new simulation,nan
16,24,0.36943951023931954,0.5999999999999996,0.6,rolling,8.499999999999863,-0.17968637409199584,1.732925785001383,21,21,0,1.7425672185521546,0.16,0.3490658503988659,9.81,1,1,9,21,41,-3.0,3.0,0.01,30.0,60.0,1e-09,1e-12,6,0.0001,1,new simulation,nan
16,25,0.36943951023931954,0.75,0.6,rolling,8.419999999999865,-0.17518119213963546,1.7284192404056955,21,21,0,1.7425716637345916,0.16,0.3490658503988659,9.81,1,1,9,21,41,-3.0,3.0,0.01,30.0,60.0,1e-09,1e-12,6,0.0001,1,new simulation,nan
16,26,0.36943951023931954,0.8999999999999999,0.6,rolling,8.339999999999867,-0.17369423661770142,1.7269548896407398,21,21,0,1.7425770979417738,0.16,0.3490658503988659,9.81,1,1,9,21,41,-3.0,3.0,0.01,30.0,60.0,1e-09,1e-12,6,0.0001,1,new simulation,nan
16,27,0.36943951023931954,1.0499999999999998,0.6,rolling,8.259999999999868,-0.17734190829070945,1.7305704763741567,21,21,0,1.7425835193554862,0.16,0.3490658503988659,9.81,1,1,9,21,41,-3.0,3.0,0.01,30.0,60.0,1e-09,1e-12,6,0.0001,1,new simulation,nan
16,28,0.36943951023931954,1.2000000000000002,0.6,rolling,8.17999999999987,-0.18694793595071735,1.7404074466615052,21,21,0,1.742590929736805,0.16,0.3490658503988659,9.81,1,1,9,21,41,-3.0,3.0,0.01,30.0,60.0,1e-09,1e-12,6,0.0001,1,new simulation,nan
16,29,0.36943951023931954,1.3499999999999996,0.6,rolling,7.71999999999988,-0.18790267433206595,1.7414053141997925,20,20,0,1.7425654977677034,0.16,0.3490658503988659,9.81,1,1,9,21,41,-3.0,3.0,0.01,30.0,60.0,1e-09,1e-12,6,0.0001,1,new simulation,nan
16,30,0.36943951023931954,1.5,0.6,rolling,7.659999999999881,-0.17459980862830368,1.72784676833965,20,20,0,1.7425814913921436,0.16,0.3490658503988659,9.81,1,1,9,21,41,-3.0,3.0,0.01,30.0,60.0,1e-09,1e-12,6,0.0001,1,new simulation,nan
16,31,0.36943951023931954,1.6499999999999995,0.6,rolling,7.199999999999891,-0.18669377750003172,1.740136713255615,19,19,0,1.7425652281445458,0.16,0.3490658503988659,9.81,1,1,9,21,41,-3.0,3.0,0.01,30.0,60.0,1e-09,1e-12,6,0.0001,1,new simulation,nan
16,32,0.36943951023931954,1.7999999999999998,0.6,rolling,6.7499999999999005,-0.18640993233165168,1.7398396115786114,18,18,0,1.7425636149477939,0.16,0.3490658503988659,9.81,1,1,9,21,41,-3.0,3.0,0.01,30.0,60.0,1e-09,1e-12,6,0.0001,1,new simulation,nan
16,33,0.36943951023931954,1.9500000000000002,0.6,rolling,5.919999999999918,-0.17602325033054791,1.7292557868929892,16,16,0,1.74258160623545,0.16,0.3490658503988659,9.81,1,1,9,21,41,-3.0,3.0,0.01,30.0,60.0,1e-09,1e-12,6,0.0001,1,new simulation,nan
16,34,0.36943951023931954,2.0999999999999996,0.6,rolling,6.249999999999911,-0.17913534797930067,1.7323969180904373,17,17,0,1.7427212401959762,0.16,0.3490658503988659,9.81,1,1,9,21,41,-3.0,3.0,0.01,30.0,60.0,1e-09,1e-12,6,0.0001,1,new simulation,nan
16,35,0.36943951023931954,2.25,0.6,rolling,6.969999999999896,-0.18339703609613534,1.7367407329901972,19,19,0,1.7427144044370053,0.16,0.3490658503988659,9.81,1,1,9,21,41,-3.0,3.0,0.01,30.0,60.0,1e-09,1e-12,6,0.0001,1,new simulation,nan
16,36,0.36943951023931954,2.3999999999999995,0.6,rolling,7.309999999999889,-0.17654743019427246,1.7298009800321026,20,20,0,1.7427127994819862,0.16,0.3490658503988659,9.81,1,1,9,21,41,-3.0,3.0,0.01,30.0,60.0,1e-09,1e-12,6,0.0001,1,new simulation,nan
16,37,0.36943951023931954,2.55,0.6,rolling,7.25999999999989,-0.1756608021734638,1.728924870822199,20,20,0,1.7427405745413724,0.16,0.3490658503988659,9.81,1,1,9,21,41,-3.0,3.0,0.01,30.0,60.0,1e-09,1e-12,6,0.0001,1,new simulation,nan
16,38,0.36943951023931954,2.7,0.6,rolling,7.599999999999882,-0.17512565689019904,1.7283910971926226,21,21,0,1.7427193532761382,0.16,0.3490658503988659,9.81,1,1,9,21,41,-3.0,3.0,0.01,30.0,60.0,1e-09,1e-12,6,0.0001,1,new simulation,nan
16,39,0.36943951023931954,2.8499999999999996,0.6,rolling,7.5499999999998835,-0.18009415938722032,1.733369583078369,21,21,0,1.742737627768287,0.16,0.3490658503988659,9.81,1,1,9,21,41,-3.0,3.0,0.01,30.0,60.0,1e-09,1e-12,6,0.0001,1,new simulation,nan
16,40,0.36943951023931954,3.0,0.6,rolling,7.889999999999876,-0.18502676520763442,1.7384256135584741,22,22,0,1.7427116406650818,0.16,0.3490658503988659,9.81,1,1,9,21,41,-3.0,3.0,0.01,30.0,60.0,1e-09,1e-12,6,0.0001,1,new simulation,nan
17,0,0.4043460952792062,-3.0,0.7000000000000002,rolling,9.669999999999838,-0.18212498806865013,1.735407374094208,23,21,2,1.7425649355689539,0.16,0.3490658503988659,9.81,1,1,9,21,41,-3.0,3.0,0.01,30.0,60.0,1e-09,1e-12,6,0.0001,1,new simulation,nan
17,1,0.4043460952792062,-2.85,0.7000000000000002,rolling,9.769999999999836,-0.18378839155863377,1.7371160906383574,23,21,2,1.7425583014932495,0.16,0.3490658503988659,9.81,1,1,9,21,41,-3.0,3.0,0.01,30.0,60.0,1e-09,1e-12,6,0.0001,1,new simulation,nan
17,2,0.4043460952792062,-2.7,0.7000000000000002,rolling,10.409999999999823,-0.173315121473391,1.7265856664791217,24,22,2,1.7425914108659741,0.16,0.3490658503988659,9.81,1,1,9,21,41,-3.0,3.0,0.01,30.0,60.0,1e-09,1e-12,6,0.0001,1,new simulation,nan
17,3,0.4043460952792062,-2.55,0.7000000000000002,settled,1.290000000000001,-0.18906585039886592,0.0,3,1,2,nan,0.16,0.3490658503988659,9.81,1,1,9,21,41,-3.0,3.0,0.01,30.0,60.0,1e-09,1e-12,6,0.0001,1,new simulation,nan
17,4,0.4043460952792062,-2.4,0.7000000000000002,settled,1.5500000000000012,-0.18906585039886592,0.0,3,1,2,nan,0.16,0.3490658503988659,9.81,1,1,9,21,41,-3.0,3.0,0.01,30.0,60.0,1e-09,1e-12,6,0.0001,1,new simulation,nan
17,5,0.4043460952792062,-2.25,0.7000000000000002,rolling,9.639999999999839,-0.17881696108675402,1.7320509310767753,22,21,1,1.7425831017732276,0.16,0.3490658503988659,9.81,1,1,9,21,41,-3.0,3.0,0.01,30.0,60.0,1e-09,1e-12,6,0.0001,1,new simulation,nan
17,6,0.4043460952792062,-2.1,0.7000000000000002,rolling,9.429999999999843,-0.17437485371826508,1.727623794931339,22,21,1,1.7425746953527481,0.16,0.3490658503988659,9.81,1,1,9,21,41,-3.0,3.0,0.01,30.0,60.0,1e-09,1e-12,6,0.0001,1,new simulation,nan
17,7,0.4043460952792062,-1.95,0.7000000000000002,rolling,9.399999999999844,-0.1770655141139322,1.7302912493300697,22,21,1,1.7425668682844855,0.16,0.3490658503988659,9.81,1,1,9,21,41,-3.0,3.0,0.01,30.0,60.0,1e-09,1e-12,6,0.0001,1,new simulation,nan
17,8,0.4043460952792062,-1.8,0.7000000000000002,rolling,9.469999999999843,-0.17331764125002364,1.7265823631842374,22,21,1,1.7425596206789098,0.16,0.3490658503988659,9.81,1,1,9,21,41,-3.0,3.0,0.01,30.0,60.0,1e-09,1e-12,6,0.0001,1,new simulation,nan
17,9,0.4043460952792062,-1.6500000000000001,0.7000000000000002,rolling,10.04999999999983,-0.1868355878361089,1.740289966565282,23,22,1,1.74259196582972,0.16,0.3490658503988659,9.81,1,1,9,21,41,-3.0,3.0,0.01,30.0,60.0,1e-09,1e-12,6,0.0001,1,new simulation,nan
17,10,0.4043460952792062,-1.5,0.7000000000000002,rolling,11.779999999999793,-0.18786058695569355,1.7413651490299764,23,22,1,1.7425883938170987,0.16,0.3490658503988659,9.81,1,1,9,21,41,-3.0,3.0,0.01,30.0,60.0,1e-09,1e-12,6,0.0001,1,new simulation,nan
17,11,0.4043460952792062,-1.35,0.7000000000000002,settled,1.1300000000000008,-0.18906585039886592,0.0,2,1,1,nan,0.16,0.3490658503988659,9.81,1,1,9,21,41,-3.0,3.0,0.01,30.0,60.0,1e-09,1e-12,6,0.0001,1,new simulation,nan
17,12,0.4043460952792062,-1.2000000000000002,0.7000000000000002,rolling,9.409999999999844,-0.18630899763883632,1.7397380588402707,21,21,0,1.7425852559467223,0.16,0.3490658503988659,9.81,1,1,9,21,41,-3.0,3.0,0.01,30.0,60.0,1e-09,1e-12,6,0.0001,1,new simulation,nan
17,13,0.4043460952792062,-1.05,0.7000000000000002,rolling,9.069999999999851,-0.17549586204892317,1.7287318806978829,21,21,0,1.7425778460211232,0.16,0.3490658503988659,9.81,1,1,9,21,41,-3.0,3.0,0.01,30.0,60.0,1e-09,1e-12,6,0.0001,1,new simulation,nan
17,14,0.4043460952792062,-0.8999999999999999,0.7000000000000002,rolling,8.959999999999853,-0.1798315932713593,1.7330735208324168,21,21,0,1.7425714248917235,0.16,0.3490658503988659,9.81,1,1,9,21,41,-3.0,3.0,0.01,30.0,60.0,1e-09,1e-12,6,0.0001,1,new simulation,nan
17,15,0.4043460952792062,-0.75,0.7000000000000002,rolling,8.919999999999854,-0.1774642613781562,1.730689694906221,21,21,0,1.7425659908200715,0.16,0.3490658503988659,9.81,1,1,9,21,41,-3.0,3.0,0.01,30.0,60.0,1e-09,1e-12,6,0.0001,1,new simulation,nan
17,16,0.4043460952792062,-0.6000000000000001,0.7000000000000002,rolling,8.909999999999854,-0.18059295658414232,1.7338440222369935,21,21,0,1.742561545079897,0.16,0.3490658503988659,9.81,1,1,9,21,41,-3.0,3.0,0.01,30.0,60.0,1e-09,1e-12,6,0.0001,1,new simulation,nan
17,17,0.4043460952792062,-0.4500000000000002,0.7000000000000002,rolling,8.919999999999854,-0.18127153989143097,1.7345341436486217,21,21,0,1.7425580868844166,0.16,0.3490658503988659,9.81,1,1,9,21,41,-3.0,3.0,0.01,30.0,60.0,1e-09,1e-12,6,0.0001,1,new simulation,nan
17,18,0.4043460952792062,-0.30000000000000027,0.7000000000000002,rolling,8.939999999999854,-0.1752083832698738,1.7284432313214197,21,21,0,1.7425556172568901,0.16,0.3490658503988659,9.81,1,1,9,21,41,-3.0,3.0,0.01,30.0,60.0,1e-09,1e-12,6,0.0001,1,new simulation,nan
17,19,0.4043460952792062,-0.1499999999999999,0.7000000000000002,rolling,8.939999999999854,-0.18686361916517205,1.740312505866955,21,21,0,1.7425541357293604,0.16,0.3490658503988659,9.81,1,1,9,21,41,-3.0,3.0,0.01,30.0,60.0,1e-09,1e-12,6,0.0001,1,new simulation,nan
17,20,0.4043460952792062,0.0,0.7000000000000002,rolling,9.309999999999846,-0.1828701708220917,1.7361766517929962,22,22,0,1.7425923700361146,0.16,0.3490658503988659,9.81,1,1,9,21,41,-3.0,3.0,0.01,30.0,60.0,1e-09,1e-12,6,0.0001,1,new simulation,nan
17,21,0.4043460952792062,0.1499999999999999,0.7000000000000002,rolling,8.869999999999855,-0.1728463996981419,1.7261201934436117,21,21,0,1.7425541347280926,0.16,0.3490658503988659,9.81,1,1,9,21,41,-3.0,3.0,0.01,30.0,60.0,1e-09,1e-12,6,0.0001,1,new simulation,nan
17,22,0.4043460952792062,0.2999999999999998,0.7000000000000002,rolling,8.779999999999857,-0.17799412418456045,1.7312187220703483,21,21,0,1.7425556179550574,0.16,0.3490658503988659,9.81,1,1,9,21,41,-3.0,3.0,0.01,30.0,60.0,1e-09,1e-12,6,0.0001,1,new simulation,nan
17,23,0.4043460952792062,0.44999999999999973,0.7000000000000002,rolling,8.67999999999986,-0.175132250279721,1.7283683719827163,21,21,0,1.7425580866244716,0.16,0.3490658503988659,9.81,1,1,9,21,41,-3.0,3.0,0.01,30.0,60.0,1e-09,1e-12,6,0.0001,1,new simulation,nan
17,24,0.4043460952792062,0.5999999999999996,0.7000000000000002,rolling,8.569999999999862,-0.18532320905990526,1.7387065306757663,21,21,0,1.7425615453491394,0.16,0.3490658503988659,9.81,1,1,9,21,41,-3.0,3.0,0.01,30.0,60.0,1e-09,1e-12,6,0.0001,1,new simulation,nan
17,25,0.4043460952792062,0.75,0.7000000000000002,rolling,8.469999999999864,-0.18485140800725847,1.7382173746798817,21,21,0,1.7425659909577833,0.16,0.3490658503988659,9.81,1,1,9,21,41,-3.0,3.0,0.01,30.0,60.0,1e-09,1e-12,6,0.0001,1,new simulation,nan
17,26,0.4043460952792062,0.8999999999999999,0.7000000000000002,rolling,8.379999999999866,-0.17766579140577066,1.7308924402369659,21,21,0,1.7425714249286104,0.16,0.3490658503988659,9.81,1,1,9,21,41,-3.0,3.0,0.01,30.0,60.0,1e-09,1e-12,6,0.0001,1,new simulation,nan
17,27,0.4043460952792062,1.0499999999999998,0.7000000000000002,rolling,8.289999999999868,-0.1816411595051874,1.7349149219515607,21,21,0,1.7425778462699413,0.16,0.3490658503988659,9.81,1,1,9,21,41,-3.0,3.0,0.01,30.0,60.0,1e-09,1e-12,6,0.0001,1,new simulation,nan
17,28,0.4043460952792062,1.2000000000000002,0.7000000000000002,rolling,8.20999999999987,-0.17864320100039788,1.7318763504591879,21,21,0,1.7425852562806696,0.16,0.3490658503988659,9.81,1,1,9,21,41,-3.0,3.0,0.01,30.0,60.0,1e-09,1e-12,6,0.0001,1,new simulation,nan
17,29,0.4043460952792062,1.3499999999999996,0.7000000000000002,rolling,7.739999999999879,-0.18752467898593309,1.7410061548547415,20,20,0,1.7425558302934971,0.16,0.3490658503988659,9.81,1,1,9,21,41,-3.0,3.0,0.01,30.0,60.0,1e-09,1e-12,6,0.0001,1,new simulation,nan
17,30,0.4043460952792062,1.5,0.7000000000000002,rolling,7.669999999999881,-0.18440809198889896,1.7377590514249113,20,20,0,1.7425718243683033,0.16,0.3490658503988659,9.81,1,1,9,21,41,-3.0,3.0,0.01,30.0,60.0,1e-09,1e-12,6,0.0001,1,new simulation,nan
17,31,0.4043460952792062,1.6499999999999995,0.7000000000000002,rolling,7.599999999999882,-0.1883319084597426,1.7418617702854713,20,20,0,1.7425895016234367,0.16,0.3490658503988659,9.81,1,1,9,21,41,-3.0,3.0,0.01,30.0,60.0,1e-09,1e-12,6,0.0001,1,new simulation,nan
17,32,0.4043460952792062,1.7999999999999998,0.7000000000000002,rolling,7.149999999999892,-0.18372243619069145,1.737052260520519,19,19,0,1.7425817477819743,0.16,0.3490658503988659,9.81,1,1,9,21,41,-3.0,3.0,0.01,30.0,60.0,1e-09,1e-12,6,0.0001,1,new simulation,nan
17,33,0.4043460952792062,1.9500000000000002,0.7000000000000002,rolling,6.30999999999991,-0.18725993619120818,1.7407291457612823,17,17,0,1.7425609413211294,0.16,0.3490658503988659,9.81,1,1,9,21,41,-3.0,3.0,0.01,30.0,60.0,1e-09,1e-12,6,0.0001,1,new simulation,nan
17,34,0.4043460952792062,2.0999999999999996,0.7000000000000002,rolling,5.479999999999928,-0.1783188116445213,1.7315750359559194,15,15,0,1.7427229763322345,0.16,0.3490658503988659,9.81,1,1,9,21,41,-3.0,3.0,0.01,30.0,60.0,1e-09,1e-12,6,0.0001,1,new simulation,nan
17,35,0.4043460952792062,2.25,0.7000000000000002,rolling,6.589999999999904,-0.17766301144136346,1.7309190107277572,18,18,0,1.7427335307265361,0.16,0.3490658503988659,9.81,1,1,9,21,41,-3.0,3.0,0.01,30.0,60.0,1e-09,1e-12,6,0.0001,1,new simulation,nan
17,36,0.4043460952792062,2.3999999999999995,0.7000000000000002,rolling,7.309999999999889,-0.18362392942219968,1.7369725537855545,20,20,0,1.7427031335945065,0.16,0.3490658503988659,9.81,1,1,9,21,41,-3.0,3.0,0.01,30.0,60.0,1e-09,1e-12,6,0.0001,1,new simulation,nan
17,37,0.4043460952792062,2.55,0.7000000000000002,rolling,7.25999999999989,-0.18120478368088794,1.7344973203678196,20,20,0,1.7427309089217926,0.16,0.3490658503988659,9.81,1,1,9,21,41,-3.0,3.0,0.01,30.0,60.0,1e-09,1e-12,6,0.0001,1,new simulation,nan
17,38,0.4043460952792062,2.7,0.7000000000000002,rolling,7.599999999999882,-0.17939126257888588,1.7326539234720024,21,21,0,1.7427136801134975,0.16,0.3490658503988659,9.81,1,1,9,21,41,-3.0,3.0,0.01,30.0,60.0,1e-09,1e-12,6,0.0001,1,new simulation,nan
17,39,0.4043460952792062,2.8499999999999996,0.7000000000000002,rolling,7.5499999999998835,-0.183293839118667,1.736637620752234,21,21,0,1.7427319559052705,0.16,0.3490658503988659,9.81,1,1,9,21,41,-3.0,3.0,0.01,30.0,60.0,1e-09,1e-12,6,0.0001,1,new simulation,nan
17,40,0.4043460952792062,3.0,0.7000000000000002,rolling,7.889999999999876,-0.18732003808655825,1.7408187456699242,22,22,0,1.742708312279028,0.16,0.3490658503988659,9.81,1,1,9,21,41,-3.0,3.0,0.01,30.0,60.0,1e-09,1e-12,6,0.0001,1,new simulation,nan
18,0,0.4392526803190927,-3.0,0.7999999999999998,rolling,9.699999999999838,-0.18830594980250168,1.7418296001775757,23,21,2,1.7425628157242457,0.16,0.3490658503988659,9.81,1,1,9,21,41,-3.0,3.0,0.01,30.0,60.0,1e-09,1e-12,6,0.0001,1,new simulation,nan
18,1,0.4392526803190927,-2.85,0.7999999999999998,rolling,9.839999999999835,-0.18466666548327748,1.7380240528297577,23,21,2,1.7425561815799169,0.16,0.3490658503988659,9.81,1,1,9,21,41,-3.0,3.0,0.01,30.0,60.0,1e-09,1e-12,6,0.0001,1,new simulation,nan
18,2,0.4392526803190927,-2.7,0.7999999999999998,rolling,10.589999999999819,-0.18900030708101984,1.7425677481846158,24,22,2,1.7425901664906611,0.16,0.3490658503988659,9.81,1,1,9,21,41,-3.0,3.0,0.01,30.0,60.0,1e-09,1e-12,6,0.0001,1,new simulation,nan
18,3,0.4392526803190927,-2.55,0.7999999999999998,settled,1.360000000000001,-0.18906585039886592,0.0,3,1,2,nan,0.16,0.3490658503988659,9.81,1,1,9,21,41,-3.0,3.0,0.01,30.0,60.0,1e-09,1e-12,6,0.0001,1,new simulation,nan
18,4,0.4392526803190927,-2.4,0.7999999999999998,settled,2.6599999999999873,-0.18906585039886592,0.0,3,1,2,nan,0.16,0.3490658503988659,9.81,1,1,9,21,41,-3.0,3.0,0.01,30.0,60.0,1e-09,1e-12,6,0.0001,1,new simulation,nan
18,5,0.4392526803190927,-2.25,0.7999999999999998,rolling,9.519999999999841,-0.18860269127515947,1.7421456644241449,22,21,1,1.742579489564653,0.16,0.3490658503988659,9.81,1,1,9,21,41,-3.0,3.0,0.01,30.0,60.0,1e-09,1e-12,6,0.0001,1,new simulation,nan
18,6,0.4392526803190927,-2.1,0.7999999999999998,rolling,9.419999999999844,-0.17561891537117585,1.7288526126102677,22,21,1,1.7425710832903976,0.16,0.3490658503988659,9.81,1,1,9,21,41,-3.0,3.0,0.01,30.0,60.0,1e-09,1e-12,6,0.0001,1,new simulation,nan
18,7,0.4392526803190927,-1.95,0.7999999999999998,rolling,9.439999999999843,-0.17611214151116444,1.729340786848029,22,21,1,1.742563256530982,0.16,0.3490658503988659,9.81,1,1,9,21,41,-3.0,3.0,0.01,30.0,60.0,1e-09,1e-12,6,0.0001,1,new simulation,nan
18,8,0.4392526803190927,-1.8,0.7999999999999998,rolling,9.56999999999984,-0.17659639860956616,1.7298213523391288,22,21,1,1.7425560091146644,0.16,0.3490658503988659,9.81,1,1,9,21,41,-3.0,3.0,0.01,30.0,60.0,1e-09,1e-12,6,0.0001,1,new simulation,nan
18,9,0.4392526803190927,-1.6500000000000001,0.7999999999999998,rolling,10.359999999999824,-0.1802782769535465,1.7335295941039874,23,22,1,1.7425898462740832,0.16,0.3490658503988659,9.81,1,1,9,21,41,-3.0,3.0,0.01,30.0,60.0,1e-09,1e-12,6,0.0001,1,new simulation,nan
18,10,0.4392526803190927,-1.5,0.7999999999999998,settled,1.0600000000000007,-0.18906585039886592,0.0,2,1,1,nan,0.16,0.3490658503988659,9.81,1,1,9,21,41,-3.0,3.0,0.01,30.0,60.0,1e-09,1e-12,6,0.0001,1,new simulation,nan
18,11,0.4392526803190927,-1.35,0.7999999999999998,rolling,9.829999999999835,-0.18640218957029217,1.7398358231246118,21,21,0,1.742587498829031,0.16,0.3490658503988659,9.81,1,1,9,21,41,-3.0,3.0,0.01,30.0,60.0,1e-09,1e-12,6,0.0001,1,new simulation,nan
18,12,0.4392526803190927,-1.2000000000000002,0.7999999999999998,rolling,9.12999999999985,-0.1815339123208514,1.7348056290397218,21,21,0,1.7425791006083593,0.16,0.3490658503988659,9.81,1,1,9,21,41,-3.0,3.0,0.01,30.0,60.0,1e-09,1e-12,6,0.0001,1,new simulation,nan
18,13,0.4392526803190927,-1.05,0.7999999999999998,rolling,8.999999999999853,-0.17760321286410322,1.7308298164630265,21,21,0,1.7425716911718954,0.16,0.3490658503988659,9.81,1,1,9,21,41,-3.0,3.0,0.01,30.0,60.0,1e-09,1e-12,6,0.0001,1,new simulation,nan
18,14,0.4392526803190927,-0.8999999999999999,0.7999999999999998,rolling,8.959999999999853,-0.17759179288645677,1.730817219434788,21,21,0,1.7425652695452607,0.16,0.3490658503988659,9.81,1,1,9,21,41,-3.0,3.0,0.01,30.0,60.0,1e-09,1e-12,6,0.0001,1,new simulation,nan
18,15,0.4392526803190927,-0.75,0.7999999999999998,rolling,8.969999999999853,-0.17676261582900774,1.7299877158962018,21,21,0,1.7425598352008027,0.16,0.3490658503988659,9.81,1,1,9,21,41,-3.0,3.0,0.01,30.0,60.0,1e-09,1e-12,6,0.0001,1,new simulation,nan
18,16,0.4392526803190927,-0.6000000000000001,0.7999999999999998,rolling,9.019999999999852,-0.1772393135690269,1.7304628101440531,21,21,0,1.7425553900574962,0.16,0.3490658503988659,9.81,1,1,9,21,41,-3.0,3.0,0.01,30.0,60.0,1e-09,1e-12,6,0.0001,1,new simulation,nan
18,17,0.4392526803190927,-0.4500000000000002,0.7999999999999998,rolling,9.499999999999842,-0.18266641718191293,1.735967210913924,22,22,0,1.742591366759412,0.16,0.3490658503988659,9.81,1,1,9,21,41,-3.0,3.0,0.01,30.0,60.0,1e-09,1e-12,6,0.0001,1,new simulation,nan
18,18,0.4392526803190927,-0.30000000000000027,0.7999999999999998,rolling,9.649999999999839,-0.18511724496100437,1.7384976190088475,22,22,0,1.7425899164477752,0.16,0.3490658503988659,9.81,1,1,9,21,41,-3.0,3.0,0.01,30.0,60.0,1e-09,1e-12,6,0.0001,1,new simulation,nan
18,19,0.4392526803190927,-0.1499999999999999,0.7999999999999998,rolling,9.869999999999834,-0.17660930812071057,1.7298402004469515,22,22,0,1.7425890470029337,0.16,0.3490658503988659,9.81,1,1,9,21,41,-3.0,3.0,0.01,30.0,60.0,1e-09,1e-12,6,0.0001,1,new simulation,nan
18,20,0.4392526803190927,0.0,0.7999999999999998,rolling,10.009999999999831,-0.17702836228980146,1.7302581161585358,22,22,0,1.742588757675729,0.16,0.3490658503988659,9.81,1,1,9,21,41,-3.0,3.0,0.01,30.0,60.0,1e-09,1e-12,6,0.0001,1,new simulation,nan
18,21,0.4392526803190927,0.1499999999999999,0.7999999999999998,rolling,9.799999999999836,-0.17282844212519752,1.7261089809610046,22,22,0,1.7425890471950567,0.16,0.3490658503988659,9.81,1,1,9,21,41,-3.0,3.0,0.01,30.0,60.0,1e-09,1e-12,6,0.0001,1,new simulation,nan
18,22,0.4392526803190927,0.2999999999999998,0.7999999999999998,rolling,9.509999999999842,-0.17456219245108986,1.727811202363821,22,22,0,1.7425899172009618,0.16,0.3490658503988659,9.81,1,1,9,21,41,-3.0,3.0,0.01,30.0,60.0,1e-09,1e-12,6,0.0001,1,new simulation,nan
18,23,0.4392526803190927,0.44999999999999973,0.7999999999999998,rolling,9.279999999999847,-0.17625932774819533,1.729492217964046,22,22,0,1.7425913650508955,0.16,0.3490658503988659,9.81,1,1,9,21,41,-3.0,3.0,0.01,30.0,60.0,1e-09,1e-12,6,0.0001,1,new simulation,nan
18,24,0.4392526803190927,0.5999999999999996,0.7999999999999998,rolling,8.709999999999859,-0.1812666963560692,1.734528718492985,21,21,0,1.7425553895228525,0.16,0.3490658503988659,9.81,1,1,9,21,41,-3.0,3.0,0.01,30.0,60.0,1e-09,1e-12,6,0.0001,1,new simulation,nan
18,25,0.4392526803190927,0.75,0.7999999999999998,rolling,8.569999999999862,-0.1731169691494091,1.726385882206855,21,21,0,1.7425598363728947,0.16,0.3490658503988659,9.81,1,1,9,21,41,-3.0,3.0,0.01,30.0,60.0,1e-09,1e-12,6,0.0001,1,new simulation,nan
18,26,0.4392526803190927,0.8999999999999999,0.7999999999999998,rolling,8.439999999999864,-0.18756500279552418,1.741050217051374,21,21,0,1.7425652693626363,0.16,0.3490658503988659,9.81,1,1,9,21,41,-3.0,3.0,0.01,30.0,60.0,1e-09,1e-12,6,0.0001,1,new simulation,nan
18,27,0.4392526803190927,1.0499999999999998,0.7999999999999998,rolling,8.339999999999867,-0.17805807061413226,1.731285798779103,21,21,0,1.7425716911535485,0.16,0.3490658503988659,9.81,1,1,9,21,41,-3.0,3.0,0.01,30.0,60.0,1e-09,1e-12,6,0.0001,1,new simulation,nan
18,28,0.4392526803190927,1.2000000000000002,0.7999999999999998,rolling,8.239999999999869,-0.18904922622600365,1.7426175038929101,21,21,0,1.7425791008552138,0.16,0.3490658503988659,9.81,1,1,9,21,41,-3.0,3.0,0.01,30.0,60.0,1e-09,1e-12,6,0.0001,1,new simulation,nan
18,29,0.4392526803190927,1.3499999999999996,0.7999999999999998,rolling,8.15999999999987,-0.18078502454449077,1.7340439908761316,21,21,0,1.7425874981949143,0.16,0.3490658503988659,9.81,1,1,9,21,41,-3.0,3.0,0.01,30.0,60.0,1e-09,1e-12,6,0.0001,1,new simulation,nan
18,30,0.4392526803190927,1.5,0.7999999999999998,rolling,7.6899999999998805,-0.18730062642802436,1.7407719126914631,20,20,0,1.7425613356722096,0.16,0.3490658503988659,9.81,1,1,9,21,41,-3.0,3.0,0.01,30.0,60.0,1e-09,1e-12,6,0.0001,1,new simulation,nan
18,31,0.4392526803190927,1.6499999999999995,0.7999999999999998,rolling,7.619999999999882,-0.18348590687820798,1.7368078664195346,20,20,0,1.7425790126975693,0.16,0.3490658503988659,9.81,1,1,9,21,41,-3.0,3.0,0.01,30.0,60.0,1e-09,1e-12,6,0.0001,1,new simulation,nan
18,32,0.4392526803190927,1.7999999999999998,0.7999999999999998,rolling,7.169999999999892,-0.17303917541115424,1.7263104843470158,19,19,0,1.7425638730905655,0.16,0.3490658503988659,9.81,1,1,9,21,41,-3.0,3.0,0.01,30.0,60.0,1e-09,1e-12,6,0.0001,1,new simulation,nan
18,33,0.4392526803190927,1.9500000000000002,0.7999999999999998,rolling,6.709999999999901,-0.1866672769517541,1.7401091601635623,18,18,0,1.7425661922179592,0.16,0.3490658503988659,9.81,1,1,9,21,41,-3.0,3.0,0.01,30.0,60.0,1e-09,1e-12,6,0.0001,1,new simulation,nan
18,34,0.4392526803190927,2.0999999999999996,0.7999999999999998,rolling,5.489999999999927,-0.17678179504746394,1.7300090905177243,15,15,0,1.7425722530999737,0.16,0.3490658503988659,9.81,1,1,9,21,41,-3.0,3.0,0.01,30.0,60.0,1e-09,1e-12,6,0.0001,1,new simulation,nan
18,35,0.4392526803190927,2.25,0.7999999999999998,rolling,6.599999999999904,-0.17325902384566846,1.7265509807413948,18,18,0,1.7427030746325223,0.16,0.3490658503988659,9.81,1,1,9,21,41,-3.0,3.0,0.01,30.0,60.0,1e-09,1e-12,6,0.0001,1,new simulation,nan
18,36,0.4392526803190927,2.3999999999999995,0.7999999999999998,rolling,6.929999999999897,-0.17953310696246894,1.7327992311902185,19,19,0,1.7427245213902918,0.16,0.3490658503988659,9.81,1,1,9,21,41,-3.0,3.0,0.01,30.0,60.0,1e-09,1e-12,6,0.0001,1,new simulation,nan
18,37,0.4392526803190927,2.55,0.7999999999999998,rolling,7.269999999999889,-0.17250511889031714,1.7258171023475155,20,20,0,1.7427204198330921,0.16,0.3490658503988659,9.81,1,1,9,21,41,-3.0,3.0,0.01,30.0,60.0,1e-09,1e-12,6,0.0001,1,new simulation,nan
18,38,0.4392526803190927,2.7,0.7999999999999998,rolling,7.599999999999882,-0.1864025703236339,1.7398578434228056,21,21,0,1.7427075273501298,0.16,0.3490658503988659,9.81,1,1,9,21,41,-3.0,3.0,0.01,30.0,60.0,1e-09,1e-12,6,0.0001,1,new simulation,nan
18,39,0.4392526803190927,2.8499999999999996,0.7999999999999998,rolling,7.5499999999998835,-0.18895439257893965,1.7425435877850126,21,21,0,1.7427258016811011,0.16,0.3490658503988659,9.81,1,1,9,21,41,-3.0,3.0,0.01,30.0,60.0,1e-09,1e-12,6,0.0001,1,new simulation,nan
18,40,0.4392526803190927,3.0,0.7999999999999998,rolling,7.899999999999876,-0.17447052980510216,1.7277416595866,22,22,0,1.7427047008987444,0.16,0.3490658503988659,9.81,1,1,9,21,41,-3.0,3.0,0.01,30.0,60.0,1e-09,1e-12,6,0.0001,1,new simulation,nan
19,0,0.47415926535897934,-3.0,0.9,rolling,9.749999999999837,-0.18075593951851301,1.7340095353787883,23,21,2,1.7425605326893343,0.16,0.3490658503988659,9.81,1,1,9,21,41,-3.0,3.0,0.01,30.0,60.0,1e-09,1e-12,6,0.0001,1,new simulation,nan
19,1,0.47415926535897934,-2.85,0.9,rolling,9.939999999999833,-0.1827093427614299,1.7360045145439045,23,21,2,1.7425538982326287,0.16,0.3490658503988659,9.81,1,1,9,21,41,-3.0,3.0,0.01,30.0,60.0,1e-09,1e-12,6,0.0001,1,new simulation,nan
19,2,0.47415926535897934,-2.7,0.9,rolling,11.069999999999808,-0.17509180019504253,1.7283339474283057,24,22,2,1.7425888271974734,0.16,0.3490658503988659,9.81,1,1,9,21,41,-3.0,3.0,0.01,30.0,60.0,1e-09,1e-12,6,0.0001,1,new simulation,nan
19,3,0.47415926535897934,-2.55,0.9,settled,1.480000000000001,-0.18906585039886592,0.0,3,1,2,nan,0.16,0.3490658503988659,9.81,1,1,9,21,41,-3.0,3.0,0.01,30.0,60.0,1e-09,1e-12,6,0.0001,1,new simulation,nan
19,4,0.47415926535897934,-2.4,0.9,rolling,9.759999999999836,-0.18114164098501945,1.7344065296509323,22,21,1,1.742584585305513,0.16,0.3490658503988659,9.81,1,1,9,21,41,-3.0,3.0,0.01,30.0,60.0,1e-09,1e-12,6,0.0001,1,new simulation,nan
19,5,0.47415926535897934,-2.25,0.9,rolling,9.469999999999843,-0.1790043411001862,1.7322384280711454,22,21,1,1.7425755990802785,0.16,0.3490658503988659,9.81,1,1,9,21,41,-3.0,3.0,0.01,30.0,60.0,1e-09,1e-12,6,0.0001,1,new simulation,nan
19,6,0.47415926535897934,-2.1,0.9,rolling,9.429999999999843,-0.18333100061056623,1.7366461488416327,22,21,1,1.7425671920316315,0.16,0.3490658503988659,9.81,1,1,9,21,41,-3.0,3.0,0.01,30.0,60.0,1e-09,1e-12,6,0.0001,1,new simulation,nan
19,7,0.47415926535897934,-1.95,0.9,rolling,9.509999999999842,-0.17639978647122778,1.7296261706182965,22,21,1,1.7425593644748298,0.16,0.3490658503988659,9.81,1,1,9,21,41,-3.0,3.0,0.01,30.0,60.0,1e-09,1e-12,6,0.0001,1,new simulation,nan
19,8,0.47415926535897934,-1.8,0.9,rolling,10.139999999999828,-0.17986511370116245,1.7331110874569124,23,22,1,1.7425914749665712,0.16,0.3490658503988659,9.81,1,1,9,21,41,-3.0,3.0,0.01,30.0,60.0,1e-09,1e-12,6,0.0001,1,new simulation,nan
19,9,0.47415926535897934,-1.6500000000000001,0.9,settled,1.0300000000000007,-0.18906585039886592,0.0,2,1,1,nan,0.16,0.3490658503988659,9.81,1,1,9,21,41,-3.0,3.0,0.01,30.0,60.0,1e-09,1e-12,6,0.0001,1,new simulation,nan
19,10,0.47415926535897934,-1.5,0.9,settled,1.430000000000001,-0.18906585039886592,0.0,2,1,1,nan,0.16,0.3490658503988659,9.81,1,1,9,21,41,-3.0,3.0,0.01,30.0,60.0,1e-09,1e-12,6,0.0001,1,new simulation,nan
19,11,0.47415926535897934,-1.35,0.9,rolling,9.209999999999848,-0.18711771329136,1.7405835693492577,21,21,0,1.7425808671598653,0.16,0.3490658503988659,9.81,1,1,9,21,41,-3.0,3.0,0.01,30.0,60.0,1e-09,1e-12,6,0.0001,1,new simulation,nan
19,12,0.47415926535897934,-1.2000000000000002,0.9,rolling,9.039999999999852,-0.1768223056172482,1.7300495330280825,21,21,0,1.742572470552223,0.16,0.3490658503988659,9.81,1,1,9,21,41,-3.0,3.0,0.01,30.0,60.0,1e-09,1e-12,6,0.0001,1,new simulation,nan
19,13,0.47415926535897934,-1.05,0.9,rolling,8.989999999999853,-0.18718661712117604,1.7406529762141585,21,21,0,1.7425650604888006,0.16,0.3490658503988659,9.81,1,1,9,21,41,-3.0,3.0,0.01,30.0,60.0,1e-09,1e-12,6,0.0001,1,new simulation,nan
19,14,0.47415926535897934,-0.8999999999999999,0.9,rolling,9.019999999999852,-0.18032494839930135,1.7335713129749304,21,21,0,1.742558639116193,0.16,0.3490658503988659,9.81,1,1,9,21,41,-3.0,3.0,0.01,30.0,60.0,1e-09,1e-12,6,0.0001,1,new simulation,nan
19,15,0.47415926535897934,-0.75,0.9,rolling,9.509999999999842,-0.18517368614656646,1.7385566458217026,22,22,0,1.7425921127972492,0.16,0.3490658503988659,9.81,1,1,9,21,41,-3.0,3.0,0.01,30.0,60.0,1e-09,1e-12,6,0.0001,1,new simulation,nan
19,16,0.47415926535897934,-0.6000000000000001,0.9,rolling,9.809999999999835,-0.18835993780624577,1.741891328214452,22,22,0,1.742589505285695,0.16,0.3490658503988659,9.81,1,1,9,21,41,-3.0,3.0,0.01,30.0,60.0,1e-09,1e-12,6,0.0001,1,new simulation,nan
19,17,0.47415926535897934,-0.4500000000000002,0.9,settled,0.2700000000000001,-0.18906585039886592,0.0,1,1,0,nan,0.16,0.3490658503988659,9.81,1,1,9,21,41,-3.0,3.0,0.01,30.0,60.0,1e-09,1e-12,6,0.0001,1,new simulation,nan
19,18,0.47415926535897934,-0.30000000000000027,0.9,settled,0.22000000000000006,-0.18906585039886592,0.0,1,1,0,nan,0.16,0.3490658503988659,9.81,1,1,9,21,41,-3.0,3.0,0.01,30.0,60.0,1e-09,1e-12,6,0.0001,1,new simulation,nan
19,19,0.47415926535897934,-0.1499999999999999,0.9,settled,0.17,-0.18906585039886592,0.0,1,1,0,nan,0.16,0.3490658503988659,9.81,1,1,9,21,41,-3.0,3.0,0.01,30.0,60.0,1e-09,1e-12,6,0.0001,1,new simulation,nan
19,20,0.47415926535897934,0.0,0.9,settled,0.12999999999999998,-0.18906585039886592,0.0,1,1,0,nan,0.16,0.3490658503988659,9.81,1,1,9,21,41,-3.0,3.0,0.01,30.0,60.0,1e-09,1e-12,6,0.0001,1,new simulation,nan
19,21,0.47415926535897934,0.1499999999999999,0.9,settled,0.09999999999999999,-0.18906585039886592,0.0,1,1,0,nan,0.16,0.3490658503988659,9.81,1,1,9,21,41,-3.0,3.0,0.01,30.0,60.0,1e-09,1e-12,6,0.0001,1,new simulation,nan
19,22,0.47415926535897934,0.2999999999999998,0.9,settled,0.08,-0.18906585039886592,0.0,1,1,0,nan,0.16,0.3490658503988659,9.81,1,1,9,21,41,-3.0,3.0,0.01,30.0,60.0,1e-09,1e-12,6,0.0001,1,new simulation,nan
19,23,0.47415926535897934,0.44999999999999973,0.9,settled,0.060000000000000005,-0.18906585039886592,0.0,1,1,0,nan,0.16,0.3490658503988659,9.81,1,1,9,21,41,-3.0,3.0,0.01,30.0,60.0,1e-09,1e-12,6,0.0001,1,new simulation,nan
19,24,0.47415926535897934,0.5999999999999996,0.9,rolling,9.529999999999841,-0.18224242283535536,1.7355320783879105,22,22,0,1.7425895040228079,0.16,0.3490658503988659,9.81,1,1,9,21,41,-3.0,3.0,0.01,30.0,60.0,1e-09,1e-12,6,0.0001,1,new simulation,nan
19,25,0.47415926535897934,0.75,0.9,rolling,9.14999999999985,-0.17204018988766903,1.725340705180174,22,22,0,1.7425921137785032,0.16,0.3490658503988659,9.81,1,1,9,21,41,-3.0,3.0,0.01,30.0,60.0,1e-09,1e-12,6,0.0001,1,new simulation,nan
19,26,0.47415926535897934,0.8999999999999999,0.9,rolling,8.559999999999862,-0.17330738355044134,1.7265721349539673,21,21,0,1.7425586386567737,0.16,0.3490658503988659,9.81,1,1,9,21,41,-3.0,3.0,0.01,30.0,60.0,1e-09,1e-12,6,0.0001,1,new simulation,nan
19,27,0.47415926535897934,1.0499999999999998,0.9,rolling,8.409999999999865,-0.1841838577097299,1.7375258468408379,21,21,0,1.74256506170173,0.16,0.3490658503988659,9.81,1,1,9,21,41,-3.0,3.0,0.01,30.0,60.0,1e-09,1e-12,6,0.0001,1,new simulation,nan
19,28,0.47415926535897934,1.2000000000000002,0.9,rolling,8.299999999999867,-0.1749212254631417,1.728162398658537,21,21,0,1.7425724710982562,0.16,0.3490658503988659,9.81,1,1,9,21,41,-3.0,3.0,0.01,30.0,60.0,1e-09,1e-12,6,0.0001,1,new simulation,nan
19,29,0.47415926535897934,1.3499999999999996,0.9,rolling,8.19999999999987,-0.1778975316447906,1.7311264080206241,21,21,0,1.7425808683384039,0.16,0.3490658503988659,9.81,1,1,9,21,41,-3.0,3.0,0.01,30.0,60.0,1e-09,1e-12,6,0.0001,1,new simulation,nan
19,30,0.47415926535897934,1.5,0.9,rolling,8.109999999999872,-0.18340855989922736,1.7367301962611927,21,21,0,1.7425902521057834,0.16,0.3490658503988659,9.81,1,1,9,21,41,-3.0,3.0,0.01,30.0,60.0,1e-09,1e-12,6,0.0001,1,new simulation,nan
19,31,0.47415926535897934,1.6499999999999995,0.9,rolling,7.6399999999998816,-0.18863734563569678,1.7421801352837165,20,20,0,1.7425677142835088,0.16,0.3490658503988659,9.81,1,1,9,21,41,-3.0,3.0,0.01,30.0,60.0,1e-09,1e-12,6,0.0001,1,new simulation,nan
19,32,0.47415926535897934,1.7999999999999998,0.9,rolling,7.569999999999883,-0.18479089915709632,1.7381584201760805,20,20,0,1.742587074909774,0.16,0.3490658503988659,9.81,1,1,9,21,41,-3.0,3.0,0.01,30.0,60.0,1e-09,1e-12,6,0.0001,1,new simulation,nan
19,33,0.47415926535897934,1.9500000000000002,0.9,rolling,7.119999999999893,-0.17502743218795314,1.728268800733684,19,19,0,1.742580481189128,0.16,0.3490658503988659,9.81,1,1,9,21,41,-3.0,3.0,0.01,30.0,60.0,1e-09,1e-12,6,0.0001,1,new simulation,nan
19,34,0.47415926535897934,2.0999999999999996,0.9,rolling,6.2799999999999105,-0.175112608269494,1.7283503097864985,17,17,0,1.7425655923490504,0.16,0.3490658503988659,9.81,1,1,9,21,41,-3.0,3.0,0.01,30.0,60.0,1e-09,1e-12,6,0.0001,1,new simulation,nan
19,35,0.47415926535897934,2.25,0.9,rolling,5.82999999999992,-0.17858624060955303,1.7318423018216969,16,16,0,1.74271385722366,0.16,0.3490658503988659,9.81,1,1,9,21,41,-3.0,3.0,0.01,30.0,60.0,1e-09,1e-12,6,0.0001,1,new simulation,nan
19,36,0.47415926535897934,2.3999999999999995,0.9,rolling,6.9399999999998965,-0.17653188265509276,1.729784130101594,19,19,0,1.7427052710003965,0.16,0.3490658503988659,9.81,1,1,9,21,41,-3.0,3.0,0.01,30.0,60.0,1e-09,1e-12,6,0.0001,1,new simulation,nan
19,37,0.47415926535897934,2.55,0.9,rolling,7.269999999999889,-0.18439019365569792,1.7377652892629476,20,20,0,1.7427091237116015,0.16,0.3490658503988659,9.81,1,1,9,21,41,-3.0,3.0,0.01,30.0,60.0,1e-09,1e-12,6,0.0001,1,new simulation,nan
19,38,0.47415926535897934,2.7,0.9,rolling,7.2199999999998905,-0.1816287901983036,1.7349313269865803,20,20,0,1.7427385816788723,0.16,0.3490658503988659,9.81,1,1,9,21,41,-3.0,3.0,0.01,30.0,60.0,1e-09,1e-12,6,0.0001,1,new simulation,nan
19,39,0.47415926535897934,2.8499999999999996,0.9,rolling,7.559999999999883,-0.17980274293119256,1.7330710353018919,21,21,0,1.7427191714076355,0.16,0.3490658503988659,9.81,1,1,9,21,41,-3.0,3.0,0.01,30.0,60.0,1e-09,1e-12,6,0.0001,1,new simulation,nan
19,40,0.47415926535897934,3.0,0.9,rolling,7.509999999999884,-0.1839400959889384,1.7373052138841487,21,21,0,1.7427384337782321,0.16,0.3490658503988659,9.81,1,1,9,21,41,-3.0,3.0,0.01,30.0,60.0,1e-09,1e-12,6,0.0001,1,new simulation,nan
20,0,0.5090658503988659,-3.0,0.9999999999999999,rolling,9.809999999999835,-0.18546962500821051,1.7388581799651637,23,21,2,1.7425580890729007,0.16,0.3490658503988659,9.81,1,1,9,21,41,-3.0,3.0,0.01,30.0,60.0,1e-09,1e-12,6,0.0001,1,new simulation,nan
20,1,0.5090658503988659,-2.85,0.9999999999999999,rolling,10.479999999999821,-0.18248928515081145,1.7357854080796598,24,22,2,1.7425910858428741,0.16,0.3490658503988659,9.81,1,1,9,21,41,-3.0,3.0,0.01,30.0,60.0,1e-09,1e-12,6,0.0001,1,new simulation,nan
20,2,0.5090658503988659,-2.7,0.9999999999999999,settled,1.350000000000001,-0.18906585039886592,0.0,3,1,2,nan,0.16,0.3490658503988659,9.81,1,1,9,21,41,-3.0,3.0,0.01,30.0,60.0,1e-09,1e-12,6,0.0001,1,new simulation,nan
20,3,0.5090658503988659,-2.55,0.9999999999999999,settled,1.8200000000000014,-0.18906585039886592,0.0,3,1,2,nan,0.16,0.3490658503988659,9.81,1,1,9,21,41,-3.0,3.0,0.01,30.0,60.0,1e-09,1e-12,6,0.0001,1,new simulation,nan
20,4,0.5090658503988659,-2.4,0.9999999999999999,rolling,9.57999999999984,-0.18057271443363446,1.73382686472043,22,21,1,1.7425804208541127,0.16,0.3490658503988659,9.81,1,1,9,21,41,-3.0,3.0,0.01,30.0,60.0,1e-09,1e-12,6,0.0001,1,new simulation,nan
20,5,0.5090658503988659,-2.25,0.9999999999999999,rolling,9.449999999999843,-0.18171417476909404,1.7349883565957536,22,21,1,1.742571432962154,0.16,0.3490658503988659,9.81,1,1,9,21,41,-3.0,3.0,0.01,30.0,60.0,1e-09,1e-12,6,0.0001,1,new simulation,nan
20,6,0.5090658503988659,-2.1,0.9999999999999999,rolling,9.469999999999843,-0.18775956714089392,1.7412543264772653,22,21,1,1.7425630272820876,0.16,0.3490658503988659,9.81,1,1,9,21,41,-3.0,3.0,0.01,30.0,60.0,1e-09,1e-12,6,0.0001,1,new simulation,nan
20,7,0.5090658503988659,-1.95,0.9999999999999999,rolling,9.62999999999984,-0.18200719024200115,1.7352850433242628,22,21,1,1.7425552008664094,0.16,0.3490658503988659,9.81,1,1,9,21,41,-3.0,3.0,0.01,30.0,60.0,1e-09,1e-12,6,0.0001,1,new simulation,nan
20,8,0.5090658503988659,-1.8,0.9999999999999999,rolling,10.669999999999817,-0.17204802442465628,1.7253477716826673,23,22,1,1.7425890308386547,0.16,0.3490658503988659,9.81,1,1,9,21,41,-3.0,3.0,0.01,30.0,60.0,1e-09,1e-12,6,0.0001,1,new simulation,nan
20,9,0.5090658503988659,-1.6500000000000001,0.9999999999999999,settled,1.2000000000000008,-0.18906585039886592,0.0,2,1,1,nan,0.16,0.3490658503988659,9.81,1,1,9,21,41,-3.0,3.0,0.01,30.0,60.0,1e-09,1e-12,6,0.0001,1,new simulation,nan
20,10,0.5090658503988659,-1.5,0.9999999999999999,rolling,9.339999999999845,-0.17939550872188434,1.7326346014325817,21,21,0,1.7425831558439597,0.16,0.3490658503988659,9.81,1,1,9,21,41,-3.0,3.0,0.01,30.0,60.0,1e-09,1e-12,6,0.0001,1,new simulation,nan
20,11,0.5090658503988659,-1.35,0.9999999999999999,rolling,9.07999999999985,-0.1823671939285588,1.735657094981896,21,21,0,1.7425737708913218,0.16,0.3490658503988659,9.81,1,1,9,21,41,-3.0,3.0,0.01,30.0,60.0,1e-09,1e-12,6,0.0001,1,new simulation,nan
20,12,0.5090658503988659,-1.2000000000000002,0.9999999999999999,rolling,9.029999999999852,-0.172134978157545,1.725428135151079,21,21,0,1.742565373681912,0.16,0.3490658503988659,9.81,1,1,9,21,41,-3.0,3.0,0.01,30.0,60.0,1e-09,1e-12,6,0.0001,1,new simulation,nan
20,13,0.5090658503988659,-1.05,0.9999999999999999,rolling,9.059999999999851,-0.1864253991022139,1.7398547564935383,21,21,0,1.742557963314643,0.16,0.3490658503988659,9.81,1,1,9,21,41,-3.0,3.0,0.01,30.0,60.0,1e-09,1e-12,6,0.0001,1,new simulation,nan
20,14,0.5090658503988659,-0.8999999999999999,0.9999999999999999,rolling,9.61999999999984,-0.18717626082625394,1.7406468113481202,22,22,0,1.742591136585367,0.16,0.3490658503988659,9.81,1,1,9,21,41,-3.0,3.0,0.01,30.0,60.0,1e-09,1e-12,6,0.0001,1,new simulation,nan
20,15,0.5090658503988659,-0.75,0.9999999999999999,settled,0.34000000000000014,-0.18906585039886592,0.0,1,1,0,nan,0.16,0.3490658503988659,9.81,1,1,9,21,41,-3.0,3.0,0.01,30.0,60.0,1e-09,1e-12,6,0.0001,1,new simulation,nan
20,16,0.5090658503988659,-0.6000000000000001,0.9999999999999999,settled,0.2700000000000001,-0.18906585039886592,0.0,1,1,0,nan,0.16,0.3490658503988659,9.81,1,1,9,21,41,-3.0,3.0,0.01,30.0,60.0,1e-09,1e-12,6,0.0001,1,new simulation,nan
20,17,0.5090658503988659,-0.4500000000000002,0.9999999999999999,settled,0.20000000000000004,-0.18906585039886592,0.0,1,1,0,nan,0.16,0.3490658503988659,9.81,1,1,9,21,41,-3.0,3.0,0.01,30.0,60.0,1e-09,1e-12,6,0.0001,1,new simulation,nan
20,18,0.5090658503988659,-0.30000000000000027,0.9999999999999999,settled,0.12999999999999998,-0.18906585039886592,0.0,1,1,0,nan,0.16,0.3490658503988659,9.81,1,1,9,21,41,-3.0,3.0,0.01,30.0,60.0,1e-09,1e-12,6,0.0001,1,new simulation,nan
20,19,0.5090658503988659,-0.1499999999999999,0.9999999999999999,settled,0.07,-0.18906585039886592,0.0,1,1,0,nan,0.16,0.3490658503988659,9.81,1,1,9,21,41,-3.0,3.0,0.01,30.0,60.0,1e-09,1e-12,6,0.0001,1,new simulation,nan
20,20,0.5090658503988659,0.0,0.9999999999999999,settled,0.01,-0.18906585039886592,0.0,1,1,0,nan,0.16,0.3490658503988659,9.81,1,1,9,21,41,-3.0,3.0,0.01,30.0,60.0,1e-09,1e-12,6,0.0001,1,new simulation,nan
20,21,0.5090658503988659,0.1499999999999999,0.9999999999999999,settled,0.01,-0.18906585039886592,0.0,1,1,0,nan,0.16,0.3490658503988659,9.81,1,1,9,21,41,-3.0,3.0,0.01,30.0,60.0,1e-09,1e-12,6,0.0001,1,new simulation,nan
20,22,0.5090658503988659,0.2999999999999998,0.9999999999999999,settled,0.01,-0.18906585039886592,0.0,1,1,0,nan,0.16,0.3490658503988659,9.81,1,1,9,21,41,-3.0,3.0,0.01,30.0,60.0,1e-09,1e-12,6,0.0001,1,new simulation,nan
20,23,0.5090658503988659,0.44999999999999973,0.9999999999999999,settled,0.01,-0.18906585039886592,0.0,1,1,0,nan,0.16,0.3490658503988659,9.81,1,1,9,21,41,-3.0,3.0,0.01,30.0,60.0,1e-09,1e-12,6,0.0001,1,new simulation,nan
20,24,0.5090658503988659,0.5999999999999996,0.9999999999999999,settled,0.01,-0.18906585039886592,0.0,1,1,0,nan,0.16,0.3490658503988659,9.81,1,1,9,21,41,-3.0,3.0,0.01,30.0,60.0,1e-09,1e-12,6,0.0001,1,new simulation,nan
20,25,0.5090658503988659,0.75,0.9999999999999999,settled,0.01,-0.18906585039886592,0.0,1,1,0,nan,0.16,0.3490658503988659,9.81,1,1,9,21,41,-3.0,3.0,0.01,30.0,60.0,1e-09,1e-12,6,0.0001,1,new simulation,nan
20,26,0.5090658503988659,0.8999999999999999,0.9999999999999999,rolling,9.199999999999848,-0.17910684762482723,1.732344625547343,22,22,0,1.7425911370435772,0.16,0.3490658503988659,9.81,1,1,9,21,41,-3.0,3.0,0.01,30.0,60.0,1e-09,1e-12,6,0.0001,1,new simulation,nan
20,27,0.5090658503988659,1.0499999999999998,0.9999999999999999,rolling,8.539999999999862,-0.17876985819457705,1.731998935572383,21,21,0,1.7425579636972257,0.16,0.3490658503988659,9.81,1,1,9,21,41,-3.0,3.0,0.01,30.0,60.0,1e-09,1e-12,6,0.0001,1,new simulation,nan
20,28,0.5090658503988659,1.2000000000000002,0.9999999999999999,rolling,8.379999999999866,-0.17268489693971484,1.7259644405975914,21,21,0,1.742565372914795,0.16,0.3490658503988659,9.81,1,1,9,21,41,-3.0,3.0,0.01,30.0,60.0,1e-09,1e-12,6,0.0001,1,new simulation,nan
20,29,0.5090658503988659,1.3499999999999996,0.9999999999999999,rolling,8.249999999999869,-0.18513079504163948,1.7385087840622833,21,21,0,1.7425737715440965,0.16,0.3490658503988659,9.81,1,1,9,21,41,-3.0,3.0,0.01,30.0,60.0,1e-09,1e-12,6,0.0001,1,new simulation,nan
20,30,0.5090658503988659,1.5,0.9999999999999999,rolling,8.14999999999987,-0.18284449837374173,1.7361486117876332,21,21,0,1.7425831558828966,0.16,0.3490658503988659,9.81,1,1,9,21,41,-3.0,3.0,0.01,30.0,60.0,1e-09,1e-12,6,0.0001,1,new simulation,nan
20,31,0.5090658503988659,1.6499999999999995,0.9999999999999999,rolling,7.679999999999881,-0.17179033775552366,1.7250910329907752,20,20,0,1.742555618914313,0.16,0.3490658503988659,9.81,1,1,9,21,41,-3.0,3.0,0.01,30.0,60.0,1e-09,1e-12,6,0.0001,1,new simulation,nan
20,32,0.5090658503988659,1.7999999999999998,0.9999999999999999,rolling,7.599999999999882,-0.17403029562082709,1.7272847067322716,20,20,0,1.7425749803003694,0.16,0.3490658503988659,9.81,1,1,9,21,41,-3.0,3.0,0.01,30.0,60.0,1e-09,1e-12,6,0.0001,1,new simulation,nan
20,33,0.5090658503988659,1.9500000000000002,0.9999999999999999,rolling,7.139999999999892,-0.17344498503521658,1.726707224755226,19,19,0,1.742559870174736,0.16,0.3490658503988659,9.81,1,1,9,21,41,-3.0,3.0,0.01,30.0,60.0,1e-09,1e-12,6,0.0001,1,new simulation,nan
20,34,0.5090658503988659,2.0999999999999996,0.9999999999999999,rolling,6.679999999999902,-0.18204740847926906,1.7353278368685123,18,18,0,1.7425642614935235,0.16,0.3490658503988659,9.81,1,1,9,21,41,-3.0,3.0,0.01,30.0,60.0,1e-09,1e-12,6,0.0001,1,new simulation,nan
20,35,0.5090658503988659,2.25,0.9999999999999999,rolling,5.449999999999928,-0.18613676724835904,1.739558533910186,15,15,0,1.7425868857950741,0.16,0.3490658503988659,9.81,1,1,9,21,41,-3.0,3.0,0.01,30.0,60.0,1e-09,1e-12,6,0.0001,1,new simulation,nan
20,36,0.5090658503988659,2.3999999999999995,0.9999999999999999,rolling,6.559999999999905,-0.18034138804201008,1.7336155318371351,18,18,0,1.742710918983242,0.16,0.3490658503988659,9.81,1,1,9,21,41,-3.0,3.0,0.01,30.0,60.0,1e-09,1e-12,6,0.0001,1,new simulation,nan
20,37,0.5090658503988659,2.55,0.9999999999999999,rolling,6.8899999999998975,-0.18518714919284956,1.7385958507621884,19,19,0,1.742731994431239,0.16,0.3490658503988659,9.81,1,1,9,21,41,-3.0,3.0,0.01,30.0,60.0,1e-09,1e-12,6,0.0001,1,new simulation,nan
20,38,0.5090658503988659,2.7,0.9999999999999999,rolling,7.22999999999989,-0.17726754553569152,1.7305220187115358,20,20,0,1.7427264894109313,0.16,0.3490658503988659,9.81,1,1,9,21,41,-3.0,3.0,0.01,30.0,60.0,1e-09,1e-12,6,0.0001,1,new simulation,nan
20,39,0.5090658503988659,2.8499999999999996,0.9999999999999999,rolling,7.569999999999883,-0.17340361567806825,1.7266942959061362,21,21,0,1.7427120747860994,0.16,0.3490658503988659,9.81,1,1,9,21,41,-3.0,3.0,0.01,30.0,60.0,1e-09,1e-12,6,0.0001,1,new simulation,nan
20,40,0.5090658503988659,3.0,0.9999999999999999,rolling,7.519999999999884,-0.17581068357571472,1.7290718733141122,21,21,0,1.7427313376636324,0.16,0.3490658503988659,9.81,1,1,9,21,41,-3.0,3.0,0.01,30.0,60.0,1e-09,1e-12,6,0.0001,1,new simulation,nan
