theta_index,theta_dot_index,theta0,theta_dot0,relative_angle,classification,final_time,final_theta,final_theta_dot,total_impacts,downhill_impacts,uphill_impacts,rolling_speed,gamma,alpha,gravity,length,mass,num_spokes,num_angles,num_speeds,minimum_speed,maximum_speed,timestep,max_time,retry_time,impact_time_tolerance,remaining_time_tolerance,convergence_impacts,speed_tolerance,cache_version,original_source_csv,original_grid_rolling_percent
0,0,-0.0617993877991494,-3.0,-1.0,rolling,8.579999999999862,-0.04709140848595044,2.4570303081650753,37,34,3,2.460119762290685,0.2,0.2617993877991494,9.81,1,1,12,21,41,-3.0,3.0,0.01,30.0,60.0,1e-09,1e-12,6,0.0001,1,new simulation,nan
0,1,-0.0617993877991494,-2.85,-1.0,rolling,8.599999999999861,-0.04858637519860024,2.4573114692375353,37,34,3,2.4601099438016205,0.2,0.2617993877991494,9.81,1,1,12,21,41,-3.0,3.0,0.01,30.0,60.0,1e-09,1e-12,6,0.0001,1,new simulation,nan
0,2,-0.0617993877991494,-2.7,-1.0,rolling,8.739999999999858,-0.052485332483922065,2.4580935759515308,37,34,3,2.460100628459399,0.2,0.2617993877991494,9.81,1,1,12,21,41,-3.0,3.0,0.01,30.0,60.0,1e-09,1e-12,6,0.0001,1,new simulation,nan
0,3,-0.0617993877991494,-2.55,-1.0,rolling,9.509999999999842,-0.048217111333190885,2.4572322859192384,37,34,3,2.460091817727403,0.2,0.2617993877991494,9.81,1,1,12,21,41,-3.0,3.0,0.01,30.0,60.0,1e-09,1e-12,6,0.0001,1,new simulation,nan
0,4,-0.0617993877991494,-2.4,-1.0,rolling,8.559999999999862,-0.059064168834356064,2.4595716992277827,36,34,2,2.460135093672848,0.2,0.2617993877991494,9.81,1,1,12,21,41,-3.0,3.0,0.01,30.0,60.0,1e-09,1e-12,6,0.0001,1,new simulation,nan
0,5,-0.0617993877991494,-2.25,-1.0,rolling,8.379999999999866,-0.05506974472761041,2.4586583402250053,36,34,2,2.4601246874339204,0.2,0.2617993877991494,9.81,1,1,12,21,41,-3.0,3.0,0.01,30.0,60.0,1e-09,1e-12,6,0.0001,1,new simulation,nan
0,6,-0.0617993877991494,-2.1,-1.0,rolling,8.339999999999867,-0.0531543499009046,2.4582407416001177,36,34,2,2.460114953029765,0.2,0.2617993877991494,9.81,1,1,12,21,41,-3.0,3.0,0.01,30.0,60.0,1e-09,1e-12,6,0.0001,1,new simulation,nan
0,7,-0.0617993877991494,-1.95,-1.0,rolling,8.389999999999866,-0.044778005795221586,2.456600127332073,36,34,2,2.460105890655731,0.2,0.2617993877991494,9.81,1,1,12,21,41,-3.0,3.0,0.01,30.0,60.0,1e-09,1e-12,6,0.0001,1,new simulation,nan
0,8,-0.0617993877991494,-1.8,-1.0,rolling,8.579999999999862,-0.05214737929083721,2.458021688958059,36,34,2,2.4600974986527313,0.2,0.2617993877991494,9.81,1,1,12,21,41,-3.0,3.0,0.01,30.0,60.0,1e-09,1e-12,6,0.0001,1,new simulation,nan
0,9,-0.0617993877991494,-1.6500000000000001,-1.0,rolling,9.049999999999851,-0.04350407743138425,2.4563688092504603,34,33,1,2.460090152692554,0.2,0.2617993877991494,9.81,1,1,12,21,41,-3.0,3.0,0.01,30.0,60.0,1e-09,1e-12,6,0.0001,1,new simulation,nan
0,10,-0.0617993877991494,-1.5,-1.0,rolling,8.21999999999987,-0.04254655874061951,2.456223364834625,35,34,1,2.4601340527884807,0.2,0.2617993877991494,9.81,1,1,12,21,41,-3.0,3.0,0.01,30.0,60.0,1e-09,1e-12,6,0.0001,1,new simulation,nan
0,11,-0.0617993877991494,-1.35,-1.0,rolling,8.039999999999873,-0.060222097856675955,2.459842840106453,35,34,1,2.4601255475863666,0.2,0.2617993877991494,9.81,1,1,12,21,41,-3.0,3.0,0.01,30.0,60.0,1e-09,1e-12,6,0.0001,1,new simulation,nan
0,12,-0.0617993877991494,-1.2000000000000002,-1.0,rolling,7.959999999999875,-0.05853639582810511,2.4594405624421727,35,34,1,2.460117941705241,0.2,0.2617993877991494,9.81,1,1,12,21,41,-3.0,3.0,0.01,30.0,60.0,1e-09,1e-12,6,0.0001,1,new simulation,nan
0,13,-0.0617993877991494,-1.05,-1.0,rolling,7.929999999999875,-0.03871097845485519,2.4555911600257447,35,34,1,2.460111226480454,0.2,0.2617993877991494,9.81,1,1,12,21,41,-3.0,3.0,0.01,30.0,60.0,1e-09,1e-12,6,0.0001,1,new simulation,nan
0,14,-0.0617993877991494,-0.8999999999999999,-1.0,rolling,7.919999999999876,-0.04197249048099514,2.456114077860581,35,34,1,2.460105411140519,0.2,0.2617993877991494,9.81,1,1,12,21,41,-3.0,3.0,0.01,30.0,60.0,1e-09,1e-12,6,0.0001,1,new simulation,nan
0,15,-0.0617993877991494,-0.75,-1.0,rolling,7.939999999999875,-0.04022699402474475,2.4558254677790714,35,34,1,2.460100484664058,0.2,0.2617993877991494,9.81,1,1,12,21,41,-3.0,3.0,0.01,30.0,60.0,1e-09,1e-12,6,0.0001,1,new simulation,nan
0,16,-0.0617993877991494,-0.6000000000000001,-1.0,rolling,7.989999999999874,-0.05536706096103338,2.4587115795861822,35,34,1,2.460096459909774,0.2,0.2617993877991494,9.81,1,1,12,21,41,-3.0,3.0,0.01,30.0,60.0,1e-09,1e-12,6,0.0001,1,new simulation,nan
0,17,-0.0617993877991494,-0.4500000000000002,-1.0,rolling,8.119999999999871,-0.04885322491018516,2.45735614480596,35,34,1,2.460093325942847,0.2,0.2617993877991494,9.81,1,1,12,21,41,-3.0,3.0,0.01,30.0,60.0,1e-09,1e-12,6,0.0001,1,new simulation,nan
0,18,-0.0617993877991494,-0.30000000000000027,-1.0,rolling,8.549999999999862,-0.04765310303390362,2.4571240730108963,35,34,1,2.4600910877726365,0.2,0.2617993877991494,9.81,1,1,12,21,41,-3.0,3.0,0.01,30.0,60.0,1e-09,1e-12,6,0.0001,1,new simulation,nan
0,19,-0.0617993877991494,-0.1499999999999999,-1.0,settled,0.060000000000000005,-0.0617993877991494,0.0,2,1,1,nan,0.2,0.2617993877991494,9.81,1,1,12,21,41,-3.0,3.0,0.01,30.0,60.0,1e-09,1e-12,6,0.0001,1,new simulation,nan
0,20,-0.0617993877991494,0.0,-1.0,settled,0.01,-0.0617993877991494,0.0,2,1,1,nan,0.2,0.2617993877991494,9.81,1,1,12,21,41,-3.0,3.0,0.01,30.0,60.0,1e-09,1e-12,6,0.0001,1,new simulation,nan
0,21,-0.0617993877991494,0.1499999999999999,-1.0,settled,0.7200000000000004,-0.0617993877991494,0.0,2,1,1,nan,0.2,0.2617993877991494,9.81,1,1,12,21,41,-3.0,3.0,0.01,30.0,60.0,1e-09,1e-12,6,0.0001,1,new simulation,nan
0,22,-0.0617993877991494,0.2999999999999998,-1.0,rolling,8.039999999999873,-0.039311056675491104,2.455676523131823,33,33,0,2.4600924800268476,0.2,0.2617993877991494,9.81,1,1,12,21,41,-3.0,3.0,0.01,30.0,60.0,1e-09,1e-12,6,0.0001,1,new simulation,nan
0,23,-0.0617993877991494,0.44999999999999973,-1.0,rolling,7.739999999999879,-0.0591253069963613,2.4595693672724193,33,33,0,2.4600964587713148,0.2,0.2617993877991494,9.81,1,1,12,21,41,-3.0,3.0,0.01,30.0,60.0,1e-09,1e-12,6,0.0001,1,new simulation,nan
0,24,-0.0617993877991494,0.5999999999999996,-1.0,rolling,7.579999999999883,-0.05454689865474023,2.4585342353374497,33,33,0,2.4601020269905463,0.2,0.2617993877991494,9.81,1,1,12,21,41,-3.0,3.0,0.01,30.0,60.0,1e-09,1e-12,6,0.0001,1,new simulation,nan
0,25,-0.0617993877991494,0.75,-1.0,rolling,7.459999999999885,-0.05921263663277516,2.4595954765670927,33,33,0,2.4601091882448665,0.2,0.2617993877991494,9.81,1,1,12,21,41,-3.0,3.0,0.01,30.0,60.0,1e-09,1e-12,6,0.0001,1,new simulation,nan
0,26,-0.0617993877991494,0.8999999999999999,-1.0,rolling,7.369999999999887,-0.04350796294348161,2.4563815361032644,33,33,0,2.4601179404581313,0.2,0.2617993877991494,9.81,1,1,12,21,41,-3.0,3.0,0.01,30.0,60.0,1e-09,1e-12,6,0.0001,1,new simulation,nan
0,27,-0.0617993877991494,1.0499999999999998,-1.0,rolling,7.279999999999889,-0.05954108869216017,2.459681484850003,33,33,0,2.4601282826404245,0.2,0.2617993877991494,9.81,1,1,12,21,41,-3.0,3.0,0.01,30.0,60.0,1e-09,1e-12,6,0.0001,1,new simulation,nan
0,28,-0.0617993877991494,1.2000000000000002,-1.0,rolling,7.009999999999895,-0.03761755762693182,2.4554134733399677,32,32,0,2.460085843431582,0.2,0.2617993877991494,9.81,1,1,12,21,41,-3.0,3.0,0.01,30.0,60.0,1e-09,1e-12,6,0.0001,1,new simulation,nan
0,29,-0.0617993877991494,1.3499999999999996,-1.0,rolling,6.9399999999998965,-0.0409540439015981,2.455944790279323,32,32,0,2.460103877439113,0.2,0.2617993877991494,9.81,1,1,12,21,41,-3.0,3.0,0.01,30.0,60.0,1e-09,1e-12,6,0.0001,1,new simulation,nan
0,30,-0.0617993877991494,1.5,-1.0,rolling,6.869999999999898,-0.0560548472927614,2.4588763209940705,32,32,0,2.460124031505143,0.2,0.2617993877991494,9.81,1,1,12,21,41,-3.0,3.0,0.01,30.0,60.0,1e-09,1e-12,6,0.0001,1,new simulation,nan
0,31,-0.0617993877991494,1.6499999999999995,-1.0,rolling,6.6099999999999035,-0.046089335823135305,2.456832781475124,31,31,0,2.460093967637412,0.2,0.2617993877991494,9.81,1,1,12,21,41,-3.0,3.0,0.01,30.0,60.0,1e-09,1e-12,6,0.0001,1,new simulation,nan
0,32,-0.0617993877991494,1.7999999999999998,-1.0,rolling,6.549999999999905,-0.053980597015368545,2.4584222824655626,31,31,0,2.4601265015408953,0.2,0.2617993877991494,9.81,1,1,12,21,41,-3.0,3.0,0.01,30.0,60.0,1e-09,1e-12,6,0.0001,1,new simulation,nan
0,33,-0.0617993877991494,1.9500000000000002,-1.0,rolling,6.28999999999991,-0.05867368239822503,2.4594712311291382,30,30,0,2.460114700541057,0.2,0.2617993877991494,9.81,1,1,12,21,41,-3.0,3.0,0.01,30.0,60.0,1e-09,1e-12,6,0.0001,1,new simulation,nan
0,34,-0.0617993877991494,2.0999999999999996,-1.0,rolling,6.039999999999916,-0.04469500013434629,2.4565912954760214,29,29,0,2.4601197118807367,0.2,0.2617993877991494,9.81,1,1,12,21,41,-3.0,3.0,0.01,30.0,60.0,1e-09,1e-12,6,0.0001,1,new simulation,nan
0,35,-0.0617993877991494,2.25,-1.0,rolling,5.5799999999999255,-0.05058439194248635,2.457705308463729,27,27,0,2.460106528546282,0.2,0.2617993877991494,9.81,1,1,12,21,41,-3.0,3.0,0.01,30.0,60.0,1e-09,1e-12,6,0.0001,1,new simulation,nan
0,36,-0.0617993877991494,2.3999999999999995,-1.0,rolling,4.719999999999944,-0.04130926178913981,2.456009823031042,23,23,0,2.460119300365028,0.2,0.2617993877991494,9.81,1,1,12,21,41,-3.0,3.0,0.01,30.0,60.0,1e-09,1e-12,6,0.0001,1,new simulation,nan
0,37,-0.0617993877991494,2.55,-1.0,rolling,4.869999999999941,-0.06157166490134012,2.4603389997268126,24,24,0,2.460514954699583,0.2,0.2617993877991494,9.81,1,1,12,21,41,-3.0,3.0,0.01,30.0,60.0,1e-09,1e-12,6,0.0001,1,new simulation,nan
0,38,-0.0617993877991494,2.7,-1.0,rolling,5.649999999999924,-0.04169914635687913,2.4562342027714097,28,28,0,2.4604876231368276,0.2,0.2617993877991494,9.81,1,1,12,21,41,-3.0,3.0,0.01,30.0,60.0,1e-09,1e-12,6,0.0001,1,new simulation,nan
0,39,-0.0617993877991494,2.8499999999999996,-1.0,rolling,6.009999999999916,-0.054701510362336475,2.4587303004805636,30,30,0,2.4604767686968207,0.2,0.2617993877991494,9.81,1,1,12,21,41,-3.0,3.0,0.01,30.0,60.0,1e-09,1e-12,6,0.0001,1,new simulation,nan
0,40,-0.0617993877991494,3.0,-1.0,rolling,6.169999999999913,-0.061106832267157365,2.4602139556893228,31,31,0,2.460488565255505,0.2,0.2617993877991494,9.81,1,1,12,21,41,-3.0,3.0,0.01,30.0,60.0,1e-09,1e-12,6,0.0001,1,new simulation,nan
1,0,-0.03561944901923446,-3.0,-0.9,rolling,8.589999999999861,-0.0458201973248446,2.4567947165299175,37,34,3,2.4601200404022134,0.2,0.2617993877991494,9.81,1,1,12,21,41,-3.0,3.0,0.01,30.0,60.0,1e-09,1e-12,6,0.0001,1,new simulation,nan
1,1,-0.03561944901923446,-2.85,-0.9,rolling,8.60999999999986,-0.04172294395708234,2.456074463328333,37,34,3,2.4601102221716706,0.2,0.2617993877991494,9.81,1,1,12,21,41,-3.0,3.0,0.01,30.0,60.0,1e-09,1e-12,6,0.0001,1,new simulation,nan
1,2,-0.03561944901923446,-2.7,-0.9,rolling,8.739999999999858,-0.05799701927274323,2.4593078960859405,37,34,3,2.4601009099398037,0.2,0.2617993877991494,9.81,1,1,12,21,41,-3.0,3.0,0.01,30.0,60.0,1e-09,1e-12,6,0.0001,1,new simulation,nan
1,3,-0.03561944901923446,-2.55,-0.9,rolling,9.429999999999843,-0.05819913832892197,2.4593508940863584,37,34,3,2.4600920978158314,0.2,0.2617993877991494,9.81,1,1,12,21,41,-3.0,3.0,0.01,30.0,60.0,1e-09,1e-12,6,0.0001,1,new simulation,nan
1,4,-0.03561944901923446,-2.4,-0.9,rolling,8.589999999999861,-0.04117372009975051,2.455994512687161,36,34,2,2.4601354655783023,0.2,0.2617993877991494,9.81,1,1,12,21,41,-3.0,3.0,0.01,30.0,60.0,1e-09,1e-12,6,0.0001,1,new simulation,nan
1,5,-0.03561944901923446,-2.25,-0.9,rolling,8.399999999999865,-0.04290225262450849,2.456280138781961,36,34,2,2.4601250593014794,0.2,0.2617993877991494,9.81,1,1,12,21,41,-3.0,3.0,0.01,30.0,60.0,1e-09,1e-12,6,0.0001,1,new simulation,nan
1,6,-0.03561944901923446,-2.1,-0.9,rolling,8.349999999999866,-0.05908276449270916,2.4595675159291828,36,34,2,2.460115326492078,0.2,0.2617993877991494,9.81,1,1,12,21,41,-3.0,3.0,0.01,30.0,60.0,1e-09,1e-12,6,0.0001,1,new simulation,nan
1,7,-0.03561944901923446,-1.95,-0.9,rolling,8.399999999999865,-0.043199955710472124,2.456323157646751,36,34,2,2.4601062636864577,0.2,0.2617993877991494,9.81,1,1,12,21,41,-3.0,3.0,0.01,30.0,60.0,1e-09,1e-12,6,0.0001,1,new simulation,nan
1,8,-0.03561944901923446,-1.8,-0.9,rolling,8.579999999999862,-0.04951129933663938,2.4574872684371254,36,34,2,2.4600978731567174,0.2,0.2617993877991494,9.81,1,1,12,21,41,-3.0,3.0,0.01,30.0,60.0,1e-09,1e-12,6,0.0001,1,new simulation,nan
1,9,-0.03561944901923446,-1.6500000000000001,-0.9,settled,1.8100000000000014,-0.0617993877991494,0.0,3,1,2,nan,0.2,0.2617993877991494,9.81,1,1,12,21,41,-3.0,3.0,0.01,30.0,60.0,1e-09,1e-12,6,0.0001,1,new simulation,nan
1,10,-0.03561944901923446,-1.5,-0.9,rolling,8.249999999999869,-0.049112365117222403,2.4574246678837954,35,34,1,2.460134549243373,0.2,0.2617993877991494,9.81,1,1,12,21,41,-3.0,3.0,0.01,30.0,60.0,1e-09,1e-12,6,0.0001,1,new simulation,nan
1,11,-0.03561944901923446,-1.35,-0.9,rolling,8.069999999999872,-0.05135252316414533,2.4578699649274527,35,34,1,2.4601260458437717,0.2,0.2617993877991494,9.81,1,1,12,21,41,-3.0,3.0,0.01,30.0,60.0,1e-09,1e-12,6,0.0001,1,new simulation,nan
1,12,-0.03561944901923446,-1.2000000000000002,-0.9,rolling,7.989999999999874,-0.04792243603356566,2.457187297767028,35,34,1,2.460118439793594,0.2,0.2617993877991494,9.81,1,1,12,21,41,-3.0,3.0,0.01,30.0,60.0,1e-09,1e-12,6,0.0001,1,new simulation,nan
1,13,-0.03561944901923446,-1.05,-0.9,rolling,7.949999999999875,-0.05508050346503735,2.4586550852494278,35,34,1,2.460111725272774,0.2,0.2617993877991494,9.81,1,1,12,21,41,-3.0,3.0,0.01,30.0,60.0,1e-09,1e-12,6,0.0001,1,new simulation,nan
1,14,-0.03561944901923446,-0.8999999999999999,-0.9,rolling,7.949999999999875,-0.03843469705597749,2.455546288690872,35,34,1,2.4601059073561338,0.2,0.2617993877991494,9.81,1,1,12,21,41,-3.0,3.0,0.01,30.0,60.0,1e-09,1e-12,6,0.0001,1,new simulation,nan
1,15,-0.03561944901923446,-0.75,-0.9,rolling,7.9699999999998745,-0.04247067117337609,2.4561961424827157,35,34,1,2.4601009843892254,0.2,0.2617993877991494,9.81,1,1,12,21,41,-3.0,3.0,0.01,30.0,60.0,1e-09,1e-12,6,0.0001,1,new simulation,nan
1,16,-0.03561944901923446,-0.6000000000000001,-0.9,rolling,8.019999999999873,-0.061147609519032184,2.46005429992515,35,34,1,2.4600969551421716,0.2,0.2617993877991494,9.81,1,1,12,21,41,-3.0,3.0,0.01,30.0,60.0,1e-09,1e-12,6,0.0001,1,new simulation,nan
1,17,-0.03561944901923446,-0.4500000000000002,-0.9,rolling,8.139999999999871,-0.06059076036483723,2.459917859629328,35,34,1,2.4600938242357997,0.2,0.2617993877991494,9.81,1,1,12,21,41,-3.0,3.0,0.01,30.0,60.0,1e-09,1e-12,6,0.0001,1,new simulation,nan
1,18,-0.03561944901923446,-0.30000000000000027,-0.9,rolling,8.439999999999864,-0.03932677740196587,2.455678604212031,35,34,1,2.460091585691531,0.2,0.2617993877991494,9.81,1,1,12,21,41,-3.0,3.0,0.01,30.0,60.0,1e-09,1e-12,6,0.0001,1,new simulation,nan
1,19,-0.03561944901923446,-0.1499999999999999,-0.9,settled,0.24000000000000007,-0.0617993877991494,0.0,2,1,1,nan,0.2,0.2617993877991494,9.81,1,1,12,21,41,-3.0,3.0,0.01,30.0,60.0,1e-09,1e-12,6,0.0001,1,new simulation,nan
1,20,-0.03561944901923446,0.0,-0.9,settled,0.4300000000000002,-0.0617993877991494,0.0,2,1,1,nan,0.2,0.2617993877991494,9.81,1,1,12,21,41,-3.0,3.0,0.01,30.0,60.0,1e-09,1e-12,6,0.0001,1,new simulation,nan
1,21,-0.03561944901923446,0.1499999999999999,-0.9,rolling,8.369999999999866,-0.03845216383828061,2.455542494988345,33,33,0,2.460090979461092,0.2,0.2617993877991494,9.81,1,1,12,21,41,-3.0,3.0,0.01,30.0,60.0,1e-09,1e-12,6,0.0001,1,new simulation,nan
1,22,-0.03561944901923446,0.2999999999999998,-0.9,rolling,7.849999999999877,-0.05192317483800399,2.457973358639311,33,33,0,2.4600933646641763,0.2,0.2617993877991494,9.81,1,1,12,21,41,-3.0,3.0,0.01,30.0,60.0,1e-09,1e-12,6,0.0001,1,new simulation,nan
1,23,-0.03561944901923446,0.44999999999999973,-0.9,rolling,7.649999999999881,-0.056697726230069745,2.4590092762609808,33,33,0,2.460097343488011,0.2,0.2617993877991494,9.81,1,1,12,21,41,-3.0,3.0,0.01,30.0,60.0,1e-09,1e-12,6,0.0001,1,new simulation,nan
1,24,-0.03561944901923446,0.5999999999999996,-0.9,rolling,7.519999999999884,-0.05223583734264631,2.458042452322015,33,33,0,2.4601029119938445,0.2,0.2617993877991494,9.81,1,1,12,21,41,-3.0,3.0,0.01,30.0,60.0,1e-09,1e-12,6,0.0001,1,new simulation,nan
1,25,-0.03561944901923446,0.75,-0.9,rolling,7.419999999999886,-0.04446629920001547,2.4565464157523236,33,33,0,2.4601100724777716,0.2,0.2617993877991494,9.81,1,1,12,21,41,-3.0,3.0,0.01,30.0,60.0,1e-09,1e-12,6,0.0001,1,new simulation,nan
1,26,-0.03561944901923446,0.8999999999999999,-0.9,rolling,7.329999999999888,-0.05084612493596343,2.457763597357655,33,33,0,2.460118825099991,0.2,0.2617993877991494,9.81,1,1,12,21,41,-3.0,3.0,0.01,30.0,60.0,1e-09,1e-12,6,0.0001,1,new simulation,nan
1,27,-0.03561944901923446,1.0499999999999998,-0.9,rolling,7.24999999999989,-0.05710606323212856,2.45911570595204,33,33,0,2.4601291680372985,0.2,0.2617993877991494,9.81,1,1,12,21,41,-3.0,3.0,0.01,30.0,60.0,1e-09,1e-12,6,0.0001,1,new simulation,nan
1,28,-0.03561944901923446,1.2000000000000002,-0.9,rolling,6.979999999999896,-0.045823025666702696,2.4567809180558267,32,32,0,2.460087022798277,0.2,0.2617993877991494,9.81,1,1,12,21,41,-3.0,3.0,0.01,30.0,60.0,1e-09,1e-12,6,0.0001,1,new simulation,nan
1,29,-0.03561944901923446,1.3499999999999996,-0.9,rolling,6.909999999999897,-0.057200820273328755,2.459126852062411,32,32,0,2.4601050563077345,0.2,0.2617993877991494,9.81,1,1,12,21,41,-3.0,3.0,0.01,30.0,60.0,1e-09,1e-12,6,0.0001,1,new simulation,nan
1,30,-0.03561944901923446,1.5,-0.9,rolling,6.849999999999898,-0.05401736113388926,2.45842964274634,32,32,0,2.4601252137490977,0.2,0.2617993877991494,9.81,1,1,12,21,41,-3.0,3.0,0.01,30.0,60.0,1e-09,1e-12,6,0.0001,1,new simulation,nan
1,31,-0.03561944901923446,1.6499999999999995,-0.9,rolling,6.589999999999904,-0.04911500530157679,2.4574082747359767,31,31,0,2.4600955396094584,0.2,0.2617993877991494,9.81,1,1,12,21,41,-3.0,3.0,0.01,30.0,60.0,1e-09,1e-12,6,0.0001,1,new simulation,nan
1,32,-0.03561944901923446,1.7999999999999998,-0.9,rolling,6.529999999999905,-0.06117520496215569,2.460074498367606,31,31,0,2.4601280718436915,0.2,0.2617993877991494,9.81,1,1,12,21,41,-3.0,3.0,0.01,30.0,60.0,1e-09,1e-12,6,0.0001,1,new simulation,nan
1,33,-0.03561944901923446,1.9500000000000002,-0.9,rolling,6.2799999999999105,-0.044770591802654615,2.4566035325138125,30,30,0,2.4601167973757576,0.2,0.2617993877991494,9.81,1,1,12,21,41,-3.0,3.0,0.01,30.0,60.0,1e-09,1e-12,6,0.0001,1,new simulation,nan
1,34,-0.03561944901923446,2.0999999999999996,-0.9,rolling,6.019999999999916,-0.05833201648447581,2.459394930701717,29,29,0,2.4601225071628305,0.2,0.2617993877991494,9.81,1,1,12,21,41,-3.0,3.0,0.01,30.0,60.0,1e-09,1e-12,6,0.0001,1,new simulation,nan
1,35,-0.03561944901923446,2.25,-0.9,rolling,5.569999999999926,-0.04219170028592768,2.456153550787837,27,27,0,2.4601114987688546,0.2,0.2617993877991494,9.81,1,1,12,21,41,-3.0,3.0,0.01,30.0,60.0,1e-09,1e-12,6,0.0001,1,new simulation,nan
1,36,-0.03561944901923446,2.3999999999999995,-0.9,rolling,4.699999999999944,-0.059706297654407076,2.4597236582195405,23,23,0,2.4601350044496892,0.2,0.2617993877991494,9.81,1,1,12,21,41,-3.0,3.0,0.01,30.0,60.0,1e-09,1e-12,6,0.0001,1,new simulation,nan
1,37,-0.03561944901923446,2.55,-0.9,rolling,5.069999999999936,-0.042673287785732525,2.45639101695185,25,25,0,2.460470882366225,0.2,0.2617993877991494,9.81,1,1,12,21,41,-3.0,3.0,0.01,30.0,60.0,1e-09,1e-12,6,0.0001,1,new simulation,nan
1,38,-0.03561944901923446,2.7,-0.9,rolling,5.639999999999924,-0.039169855050900995,2.4558274356223513,28,28,0,2.460491349882887,0.2,0.2617993877991494,9.81,1,1,12,21,41,-3.0,3.0,0.01,30.0,60.0,1e-09,1e-12,6,0.0001,1,new simulation,nan
1,39,-0.03561944901923446,2.8499999999999996,-0.9,rolling,5.9999999999999165,-0.05369526032101727,2.4585137080133297,30,30,0,2.4604788628620904,0.2,0.2617993877991494,9.81,1,1,12,21,41,-3.0,3.0,0.01,30.0,60.0,1e-09,1e-12,6,0.0001,1,new simulation,nan
1,40,-0.03561944901923446,3.0,-0.9,rolling,6.159999999999913,-0.06146768491889814,2.4603027635449144,31,31,0,2.4604901374082306,0.2,0.2617993877991494,9.81,1,1,12,21,41,-3.0,3.0,0.01,30.0,60.0,1e-09,1e-12,6,0.0001,1,new simulation,nan
2,0,-0.009439510239319514,-3.0,-0.8,rolling,8.599999999999861,-0.04359982799604192,2.456398477655136,37,34,3,2.4601201724561923,0.2,0.2617993877991494,9.81,1,1,12,21,41,-3.0,3.0,0.01,30.0,60.0,1e-09,1e-12,6,0.0001,1,new simulation,nan
2,1,-0.009439510239319514,-2.85,-0.8,rolling,8.61999999999986,-0.037537410544622785,2.4554120772010353,37,34,3,2.4601103535423494,0.2,0.2617993877991494,9.81,1,1,12,21,41,-3.0,3.0,0.01,30.0,60.0,1e-09,1e-12,6,0.0001,1,new simulation,nan
2,2,-0.009439510239319514,-2.7,-0.8,rolling,8.749999999999858,-0.04900556052334487,2.4573892318316304,37,34,3,2.460101037288951,0.2,0.2617993877991494,9.81,1,1,12,21,41,-3.0,3.0,0.01,30.0,60.0,1e-09,1e-12,6,0.0001,1,new simulation,nan
2,3,-0.009439510239319514,-2.55,-0.8,rolling,9.409999999999844,-0.048400261518173615,2.4572677725754475,37,34,3,2.4600922274584587,0.2,0.2617993877991494,9.81,1,1,12,21,41,-3.0,3.0,0.01,30.0,60.0,1e-09,1e-12,6,0.0001,1,new simulation,nan
2,4,-0.009439510239319514,-2.4,-0.8,rolling,8.599999999999861,-0.05734989529501315,2.459174142413407,36,34,2,2.460135637841519,0.2,0.2617993877991494,9.81,1,1,12,21,41,-3.0,3.0,0.01,30.0,60.0,1e-09,1e-12,6,0.0001,1,new simulation,nan
2,5,-0.009439510239319514,-2.25,-0.8,rolling,8.409999999999865,-0.05090310045527713,2.457777939156685,36,34,2,2.4601252329560315,0.2,0.2617993877991494,9.81,1,1,12,21,41,-3.0,3.0,0.01,30.0,60.0,1e-09,1e-12,6,0.0001,1,new simulation,nan
2,6,-0.009439510239319514,-2.1,-0.8,rolling,8.369999999999866,-0.040573682001841624,2.455887912247053,36,34,2,2.46011549801251,0.2,0.2617993877991494,9.81,1,1,12,21,41,-3.0,3.0,0.01,30.0,60.0,1e-09,1e-12,6,0.0001,1,new simulation,nan
2,7,-0.009439510239319514,-1.95,-0.8,rolling,8.409999999999865,-0.047138525319796225,2.4570333915838667,36,34,2,2.4601064362644873,0.2,0.2617993877991494,9.81,1,1,12,21,41,-3.0,3.0,0.01,30.0,60.0,1e-09,1e-12,6,0.0001,1,new simulation,nan
2,8,-0.009439510239319514,-1.8,-0.8,rolling,8.589999999999861,-0.04378498712004339,2.4564211797447566,36,34,2,2.4600980436790016,0.2,0.2617993877991494,9.81,1,1,12,21,41,-3.0,3.0,0.01,30.0,60.0,1e-09,1e-12,6,0.0001,1,new simulation,nan
2,9,-0.009439510239319514,-1.6500000000000001,-0.8,settled,1.5500000000000012,-0.0617993877991494,0.0,3,1,2,nan,0.2,0.2617993877991494,9.81,1,1,12,21,41,-3.0,3.0,0.01,30.0,60.0,1e-09,1e-12,6,0.0001,1,new simulation,nan
2,10,-0.009439510239319514,-1.5,-0.8,rolling,8.269999999999868,-0.06082446793565435,2.4599921408446686,35,34,1,2.4601347798227646,0.2,0.2617993877991494,9.81,1,1,12,21,41,-3.0,3.0,0.01,30.0,60.0,1e-09,1e-12,6,0.0001,1,new simulation,nan
2,11,-0.009439510239319514,-1.35,-0.8,rolling,8.089999999999872,-0.057906133509415356,2.4592978844206104,35,34,1,2.4601262753338853,0.2,0.2617993877991494,9.81,1,1,12,21,41,-3.0,3.0,0.01,30.0,60.0,1e-09,1e-12,6,0.0001,1,new simulation,nan
2,12,-0.009439510239319514,-1.2000000000000002,-0.8,rolling,8.009999999999874,-0.0567198419377757,2.4590235157700313,35,34,1,2.4601186691498325,0.2,0.2617993877991494,9.81,1,1,12,21,41,-3.0,3.0,0.01,30.0,60.0,1e-09,1e-12,6,0.0001,1,new simulation,nan
2,13,-0.009439510239319514,-1.05,-0.8,rolling,7.979999999999874,-0.04442763233791637,2.4565403715589014,35,34,1,2.4601119549270116,0.2,0.2617993877991494,9.81,1,1,12,21,41,-3.0,3.0,0.01,30.0,60.0,1e-09,1e-12,6,0.0001,1,new simulation,nan
2,14,-0.009439510239319514,-0.8999999999999999,-0.8,rolling,7.9699999999998745,-0.05988950816753314,2.459754825299247,35,34,1,2.460106138550648,0.2,0.2617993877991494,9.81,1,1,12,21,41,-3.0,3.0,0.01,30.0,60.0,1e-09,1e-12,6,0.0001,1,new simulation,nan
2,15,-0.009439510239319514,-0.75,-0.8,rolling,7.999999999999874,-0.049583397451226904,2.4575029703899576,35,34,1,2.460101214713992,0.2,0.2617993877991494,9.81,1,1,12,21,41,-3.0,3.0,0.01,30.0,60.0,1e-09,1e-12,6,0.0001,1,new simulation,nan
2,16,-0.009439510239319514,-0.6000000000000001,-0.8,rolling,8.059999999999873,-0.05688509952611674,2.4590516369384656,35,34,1,2.4600971862148215,0.2,0.2617993877991494,9.81,1,1,12,21,41,-3.0,3.0,0.01,30.0,60.0,1e-09,1e-12,6,0.0001,1,new simulation,nan
2,17,-0.009439510239319514,-0.4500000000000002,-0.8,rolling,8.18999999999987,-0.04474075289048392,2.4565883366896246,35,34,1,2.4600940537777274,0.2,0.2617993877991494,9.81,1,1,12,21,41,-3.0,3.0,0.01,30.0,60.0,1e-09,1e-12,6,0.0001,1,new simulation,nan
2,18,-0.009439510239319514,-0.30000000000000027,-0.8,rolling,8.459999999999864,-0.05737107045202605,2.459160001812774,35,34,1,2.4600918145151724,0.2,0.2617993877991494,9.81,1,1,12,21,41,-3.0,3.0,0.01,30.0,60.0,1e-09,1e-12,6,0.0001,1,new simulation,nan
2,19,-0.009439510239319514,-0.1499999999999999,-0.8,settled,0.3900000000000002,-0.0617993877991494,0.0,2,1,1,nan,0.2,0.2617993877991494,9.81,1,1,12,21,41,-3.0,3.0,0.01,30.0,60.0,1e-09,1e-12,6,0.0001,1,new simulation,nan
2,20,-0.009439510239319514,0.0,-0.8,settled,0.9000000000000006,-0.0617993877991494,0.0,2,1,1,nan,0.2,0.2617993877991494,9.81,1,1,12,21,41,-3.0,3.0,0.01,30.0,60.0,1e-09,1e-12,6,0.0001,1,new simulation,nan
2,21,-0.009439510239319514,0.1499999999999999,-0.8,rolling,7.999999999999874,-0.04869727072930387,2.4573249490831452,33,33,0,2.4600913866921785,0.2,0.2617993877991494,9.81,1,1,12,21,41,-3.0,3.0,0.01,30.0,60.0,1e-09,1e-12,6,0.0001,1,new simulation,nan
2,22,-0.009439510239319514,0.2999999999999998,-0.8,rolling,7.72999999999988,-0.06050556571144912,2.459897278578852,33,33,0,2.4600937732152808,0.2,0.2617993877991494,9.81,1,1,12,21,41,-3.0,3.0,0.01,30.0,60.0,1e-09,1e-12,6,0.0001,1,new simulation,nan
2,23,-0.009439510239319514,0.44999999999999973,-0.8,rolling,7.579999999999883,-0.05577124332425225,2.4588017041548103,33,33,0,2.4600977522058343,0.2,0.2617993877991494,9.81,1,1,12,21,41,-3.0,3.0,0.01,30.0,60.0,1e-09,1e-12,6,0.0001,1,new simulation,nan
2,24,-0.009439510239319514,0.5999999999999996,-0.8,rolling,7.469999999999885,-0.05078312315182334,2.457744104012953,33,33,0,2.4601033207726073,0.2,0.2617993877991494,9.81,1,1,12,21,41,-3.0,3.0,0.01,30.0,60.0,1e-09,1e-12,6,0.0001,1,new simulation,nan
2,25,-0.009439510239319514,0.75,-0.8,rolling,7.379999999999887,-0.04557074329182341,2.456745073800498,33,33,0,2.460110483237264,0.2,0.2617993877991494,9.81,1,1,12,21,41,-3.0,3.0,0.01,30.0,60.0,1e-09,1e-12,6,0.0001,1,new simulation,nan
2,26,-0.009439510239319514,0.8999999999999999,-0.8,rolling,7.299999999999889,-0.04473164721022381,2.456597630570377,33,33,0,2.4601192327502575,0.2,0.2617993877991494,9.81,1,1,12,21,41,-3.0,3.0,0.01,30.0,60.0,1e-09,1e-12,6,0.0001,1,new simulation,nan
2,27,-0.009439510239319514,1.0499999999999998,-0.8,rolling,7.22999999999989,-0.03849579976673581,2.455565944799039,33,33,0,2.4601295770149356,0.2,0.2617993877991494,9.81,1,1,12,21,41,-3.0,3.0,0.01,30.0,60.0,1e-09,1e-12,6,0.0001,1,new simulation,nan
2,28,-0.009439510239319514,1.2000000000000002,-0.8,rolling,6.949999999999896,-0.06069222781357831,2.4599396721971742,32,32,0,2.4600875668908677,0.2,0.2617993877991494,9.81,1,1,12,21,41,-3.0,3.0,0.01,30.0,60.0,1e-09,1e-12,6,0.0001,1,new simulation,nan
2,29,-0.009439510239319514,1.3499999999999996,-0.8,rolling,6.8899999999998975,-0.054327437682303914,2.458488138694569,32,32,0,2.4601056019112133,0.2,0.2617993877991494,9.81,1,1,12,21,41,-3.0,3.0,0.01,30.0,60.0,1e-09,1e-12,6,0.0001,1,new simulation,nan
2,30,-0.009439510239319514,1.5,-0.8,rolling,6.829999999999899,-0.056567986356430594,2.4589922893363205,32,32,0,2.4601257578974924,0.2,0.2617993877991494,9.81,1,1,12,21,41,-3.0,3.0,0.01,30.0,60.0,1e-09,1e-12,6,0.0001,1,new simulation,nan
2,31,-0.009439510239319514,1.6499999999999995,-0.8,rolling,6.569999999999904,-0.05607058365522226,2.458867810295575,31,31,0,2.4600962659629824,0.2,0.2617993877991494,9.81,1,1,12,21,41,-3.0,3.0,0.01,30.0,60.0,1e-09,1e-12,6,0.0001,1,new simulation,nan
2,32,-0.009439510239319514,1.7999999999999998,-0.8,rolling,6.519999999999905,-0.047197966447467564,2.4570542743566226,31,31,0,2.460128799239557,0.2,0.2617993877991494,9.81,1,1,12,21,41,-3.0,3.0,0.01,30.0,60.0,1e-09,1e-12,6,0.0001,1,new simulation,nan
2,33,-0.009439510239319514,1.9500000000000002,-0.8,rolling,6.259999999999911,-0.05845030744414735,2.459420411357865,30,30,0,2.460117767227627,0.2,0.2617993877991494,9.81,1,1,12,21,41,-3.0,3.0,0.01,30.0,60.0,1e-09,1e-12,6,0.0001,1,new simulation,nan
2,34,-0.009439510239319514,2.0999999999999996,-0.8,rolling,6.009999999999916,-0.05005511453171527,2.457606531845026,29,29,0,2.4601238013091913,0.2,0.2617993877991494,9.81,1,1,12,21,41,-3.0,3.0,0.01,30.0,60.0,1e-09,1e-12,6,0.0001,1,new simulation,nan
2,35,-0.009439510239319514,2.25,-0.8,rolling,5.549999999999926,-0.060763048449784654,2.459968173816564,27,27,0,2.4601137979718026,0.2,0.2617993877991494,9.81,1,1,12,21,41,-3.0,3.0,0.01,30.0,60.0,1e-09,1e-12,6,0.0001,1,new simulation,nan
2,36,-0.009439510239319514,2.3999999999999995,-0.8,rolling,4.489999999999949,-0.04571384374329965,2.45676164655602,22,22,0,2.4600885789906197,0.2,0.2617993877991494,9.81,1,1,12,21,41,-3.0,3.0,0.01,30.0,60.0,1e-09,1e-12,6,0.0001,1,new simulation,nan
2,37,-0.009439510239319514,2.55,-0.8,rolling,5.0599999999999365,-0.04038421237387263,2.4560132224724422,25,25,0,2.460474969316921,0.2,0.2617993877991494,9.81,1,1,12,21,41,-3.0,3.0,0.01,30.0,60.0,1e-09,1e-12,6,0.0001,1,new simulation,nan
2,38,-0.009439510239319514,2.7,-0.8,rolling,5.629999999999924,-0.03842144445610063,2.455712227871498,28,28,0,2.460493074711312,0.2,0.2617993877991494,9.81,1,1,12,21,41,-3.0,3.0,0.01,30.0,60.0,1e-09,1e-12,6,0.0001,1,new simulation,nan
2,39,-0.009439510239319514,2.8499999999999996,-0.8,rolling,5.989999999999917,-0.054322861068910135,2.45864931191695,30,30,0,2.4604798340257723,0.2,0.2617993877991494,9.81,1,1,12,21,41,-3.0,3.0,0.01,30.0,60.0,1e-09,1e-12,6,0.0001,1,new simulation,nan
2,40,-0.009439510239319514,3.0,-0.8,rolling,6.159999999999913,-0.03875270223241663,2.4557623169466307,31,31,0,2.4604908646175785,0.2,0.2617993877991494,9.81,1,1,12,21,41,-3.0,3.0,0.01,30.0,60.0,1e-09,1e-12,6,0.0001,1,new simulation,nan
3,0,0.01674042854059543,-3.0,-0.7,rolling,8.60999999999986,-0.04032638129611567,2.4558499821380684,37,34,3,2.460120148075847,0.2,0.2617993877991494,9.81,1,1,12,21,41,-3.0,3.0,0.01,30.0,60.0,1e-09,1e-12,6,0.0001,1,new simulation,nan
3,1,0.01674042854059543,-2.85,-0.7,rolling,8.61999999999986,-0.06046730693628641,2.4598952266980847,37,34,3,2.4601103321207796,0.2,0.2617993877991494,9.81,1,1,12,21,41,-3.0,3.0,0.01,30.0,60.0,1e-09,1e-12,6,0.0001,1,new simulation,nan
3,2,0.01674042854059543,-2.7,-0.7,rolling,8.759999999999858,-0.04958936102495017,2.4575040638957404,37,34,3,2.4601010167444364,0.2,0.2617993877991494,9.81,1,1,12,21,41,-3.0,3.0,0.01,30.0,60.0,1e-09,1e-12,6,0.0001,1,new simulation,nan
3,3,0.01674042854059543,-2.55,-0.7,rolling,9.429999999999843,-0.03763302940559804,2.455418561676948,37,34,3,2.46009220695977,0.2,0.2617993877991494,9.81,1,1,12,21,41,-3.0,3.0,0.01,30.0,60.0,1e-09,1e-12,6,0.0001,1,new simulation,nan
3,4,0.01674042854059543,-2.4,-0.7,rolling,8.60999999999986,-0.057305804686354274,2.459164051782848,36,34,2,2.460135609346413,0.2,0.2617993877991494,9.81,1,1,12,21,41,-3.0,3.0,0.01,30.0,60.0,1e-09,1e-12,6,0.0001,1,new simulation,nan
3,5,0.01674042854059543,-2.25,-0.7,rolling,8.419999999999865,-0.054281004930420124,2.45848657507244,36,34,2,2.460125205275062,0.2,0.2617993877991494,9.81,1,1,12,21,41,-3.0,3.0,0.01,30.0,60.0,1e-09,1e-12,6,0.0001,1,new simulation,nan
3,6,0.01674042854059543,-2.1,-0.7,rolling,8.379999999999866,-0.04663840537931535,2.4569437122321616,36,34,2,2.4601154697106353,0.2,0.2617993877991494,9.81,1,1,12,21,41,-3.0,3.0,0.01,30.0,60.0,1e-09,1e-12,6,0.0001,1,new simulation,nan
3,7,0.01674042854059543,-1.95,-0.7,rolling,8.419999999999865,-0.056289942532591807,2.4589213451805976,36,34,2,2.46010640941951,0.2,0.2617993877991494,9.81,1,1,12,21,41,-3.0,3.0,0.01,30.0,60.0,1e-09,1e-12,6,0.0001,1,new simulation,nan
3,8,0.01674042854059543,-1.8,-0.7,rolling,8.599999999999861,-0.05767204331938031,2.459231711279262,36,34,2,2.460098017192086,0.2,0.2617993877991494,9.81,1,1,12,21,41,-3.0,3.0,0.01,30.0,60.0,1e-09,1e-12,6,0.0001,1,new simulation,nan
3,9,0.01674042854059543,-1.6500000000000001,-0.7,settled,1.6000000000000012,-0.0617993877991494,0.0,3,1,2,nan,0.2,0.2617993877991494,9.81,1,1,12,21,41,-3.0,3.0,0.01,30.0,60.0,1e-09,1e-12,6,0.0001,1,new simulation,nan
3,10,0.01674042854059543,-1.5,-0.7,rolling,8.289999999999868,-0.05164522204980272,2.457933870434117,35,34,1,2.4601347420903683,0.2,0.2617993877991494,9.81,1,1,12,21,41,-3.0,3.0,0.01,30.0,60.0,1e-09,1e-12,6,0.0001,1,new simulation,nan
3,11,0.01674042854059543,-1.35,-0.7,rolling,8.109999999999872,-0.05513974885132492,2.4586743948465046,35,34,1,2.4601262405880164,0.2,0.2617993877991494,9.81,1,1,12,21,41,-3.0,3.0,0.01,30.0,60.0,1e-09,1e-12,6,0.0001,1,new simulation,nan
3,12,0.01674042854059543,-1.2000000000000002,-0.7,rolling,8.029999999999873,-0.0605384430065094,2.459915975169798,35,34,1,2.460118630751101,0.2,0.2617993877991494,9.81,1,1,12,21,41,-3.0,3.0,0.01,30.0,60.0,1e-09,1e-12,6,0.0001,1,new simulation,nan
3,13,0.01674042854059543,-1.05,-0.7,rolling,7.999999999999874,-0.05634286717686607,2.458935617189694,35,34,1,2.46011191808433,0.2,0.2617993877991494,9.81,1,1,12,21,41,-3.0,3.0,0.01,30.0,60.0,1e-09,1e-12,6,0.0001,1,new simulation,nan
3,14,0.01674042854059543,-0.8999999999999999,-0.7,rolling,7.999999999999874,-0.0579227422417933,2.4592929811439954,35,34,1,2.4601060995589226,0.2,0.2617993877991494,9.81,1,1,12,21,41,-3.0,3.0,0.01,30.0,60.0,1e-09,1e-12,6,0.0001,1,new simulation,nan
3,15,0.01674042854059543,-0.75,-0.7,rolling,8.039999999999873,-0.038096044661509953,2.4554924789135417,35,34,1,2.460101178092979,0.2,0.2617993877991494,9.81,1,1,12,21,41,-3.0,3.0,0.01,30.0,60.0,1e-09,1e-12,6,0.0001,1,new simulation,nan
3,16,0.01674042854059543,-0.6000000000000001,-0.7,rolling,8.109999999999872,-0.043795363401924296,2.456422605678478,35,34,1,2.4600971500673237,0.2,0.2617993877991494,9.81,1,1,12,21,41,-3.0,3.0,0.01,30.0,60.0,1e-09,1e-12,6,0.0001,1,new simulation,nan
3,17,0.01674042854059543,-0.4500000000000002,-0.7,rolling,8.249999999999869,-0.04698298418786004,2.4569987909532007,35,34,1,2.460094016061474,0.2,0.2617993877991494,9.81,1,1,12,21,41,-3.0,3.0,0.01,30.0,60.0,1e-09,1e-12,6,0.0001,1,new simulation,nan
3,18,0.01674042854059543,-0.30000000000000027,-0.7,rolling,8.559999999999862,-0.05140766578417871,2.457866414450501,35,34,1,2.4600917779314235,0.2,0.2617993877991494,9.81,1,1,12,21,41,-3.0,3.0,0.01,30.0,60.0,1e-09,1e-12,6,0.0001,1,new simulation,nan
3,19,0.01674042854059543,-0.1499999999999999,-0.7,settled,0.5800000000000003,-0.0617993877991494,0.0,2,1,1,nan,0.2,0.2617993877991494,9.81,1,1,12,21,41,-3.0,3.0,0.01,30.0,60.0,1e-09,1e-12,6,0.0001,1,new simulation,nan
3,20,0.01674042854059543,0.0,-0.7,rolling,8.269999999999868,-0.04404447493855146,2.4564634136465666,33,33,0,2.4600905261300476,0.2,0.2617993877991494,9.81,1,1,12,21,41,-3.0,3.0,0.01,30.0,60.0,1e-09,1e-12,6,0.0001,1,new simulation,nan
3,21,0.01674042854059543,0.1499999999999999,-0.7,rolling,7.8299999999998775,-0.05950650700725498,2.459657272272382,33,33,0,2.46009132142965,0.2,0.2617993877991494,9.81,1,1,12,21,41,-3.0,3.0,0.01,30.0,60.0,1e-09,1e-12,6,0.0001,1,new simulation,nan
3,22,0.01674042854059543,0.2999999999999998,-0.7,rolling,7.649999999999881,-0.04977458843310591,2.457537614201582,33,33,0,2.4600937070991384,0.2,0.2617993877991494,9.81,1,1,12,21,41,-3.0,3.0,0.01,30.0,60.0,1e-09,1e-12,6,0.0001,1,new simulation,nan
3,23,0.01674042854059543,0.44999999999999973,-0.7,rolling,7.529999999999884,-0.03929226703871028,2.4556758336154214,33,33,0,2.46009768611238,0.2,0.2617993877991494,9.81,1,1,12,21,41,-3.0,3.0,0.01,30.0,60.0,1e-09,1e-12,6,0.0001,1,new simulation,nan
3,24,0.01674042854059543,0.5999999999999996,-0.7,rolling,7.429999999999886,-0.04411739342837935,2.4564817651601634,33,33,0,2.4601032554133564,0.2,0.2617993877991494,9.81,1,1,12,21,41,-3.0,3.0,0.01,30.0,60.0,1e-09,1e-12,6,0.0001,1,new simulation,nan
3,25,0.01674042854059543,0.75,-0.7,rolling,7.339999999999888,-0.05968435037484799,2.459707787367108,33,33,0,2.460110415768146,0.2,0.2617993877991494,9.81,1,1,12,21,41,-3.0,3.0,0.01,30.0,60.0,1e-09,1e-12,6,0.0001,1,new simulation,nan
3,26,0.01674042854059543,0.8999999999999999,-0.7,rolling,7.269999999999889,-0.048176759817129544,2.4572363810953584,33,33,0,2.460119167909307,0.2,0.2617993877991494,9.81,1,1,12,21,41,-3.0,3.0,0.01,30.0,60.0,1e-09,1e-12,6,0.0001,1,new simulation,nan
3,27,0.01674042854059543,1.0499999999999998,-0.7,rolling,7.199999999999891,-0.051902394363416544,2.457984719953484,33,33,0,2.4601295119903637,0.2,0.2617993877991494,9.81,1,1,12,21,41,-3.0,3.0,0.01,30.0,60.0,1e-09,1e-12,6,0.0001,1,new simulation,nan
3,28,0.01674042854059543,1.2000000000000002,-0.7,rolling,6.929999999999897,-0.0570135881152553,2.4590766094240357,32,32,0,2.46008748067579,0.2,0.2617993877991494,9.81,1,1,12,21,41,-3.0,3.0,0.01,30.0,60.0,1e-09,1e-12,6,0.0001,1,new simulation,nan
3,29,0.01674042854059543,1.3499999999999996,-0.7,rolling,6.869999999999898,-0.05648558051571922,2.45896494696129,32,32,0,2.4601055150220845,0.2,0.2617993877991494,9.81,1,1,12,21,41,-3.0,3.0,0.01,30.0,60.0,1e-09,1e-12,6,0.0001,1,new simulation,nan
3,30,0.01674042854059543,1.5,-0.7,rolling,6.819999999999899,-0.03882345135908764,2.4556148412363843,32,32,0,2.4601256704527894,0.2,0.2617993877991494,9.81,1,1,12,21,41,-3.0,3.0,0.01,30.0,60.0,1e-09,1e-12,6,0.0001,1,new simulation,nan
3,31,0.01674042854059543,1.6499999999999995,-0.7,rolling,6.559999999999905,-0.04214939610894291,2.4561397697836833,31,31,0,2.4600961488995523,0.2,0.2617993877991494,9.81,1,1,12,21,41,-3.0,3.0,0.01,30.0,60.0,1e-09,1e-12,6,0.0001,1,new simulation,nan
3,32,0.01674042854059543,1.7999999999999998,-0.7,rolling,6.499999999999906,-0.06104689401506708,2.46004351458259,31,31,0,2.4601286811126877,0.2,0.2617993877991494,9.81,1,1,12,21,41,-3.0,3.0,0.01,30.0,60.0,1e-09,1e-12,6,0.0001,1,new simulation,nan
3,33,0.01674042854059543,1.9500000000000002,-0.7,rolling,6.249999999999911,-0.05041610000695722,2.4576762030062484,30,30,0,2.4601176088870957,0.2,0.2617993877991494,9.81,1,1,12,21,41,-3.0,3.0,0.01,30.0,60.0,1e-09,1e-12,6,0.0001,1,new simulation,nan
3,34,0.01674042854059543,2.0999999999999996,-0.7,rolling,5.9999999999999165,-0.04434145431183426,2.4565301450315773,29,29,0,2.4601235905374215,0.2,0.2617993877991494,9.81,1,1,12,21,41,-3.0,3.0,0.01,30.0,60.0,1e-09,1e-12,6,0.0001,1,new simulation,nan
3,35,0.01674042854059543,2.25,-0.7,rolling,5.539999999999926,-0.057053560258715726,2.4590969363753414,27,27,0,2.4601134237402835,0.2,0.2617993877991494,9.81,1,1,12,21,41,-3.0,3.0,0.01,30.0,60.0,1e-09,1e-12,6,0.0001,1,new simulation,nan
3,36,0.01674042854059543,2.3999999999999995,-0.7,rolling,4.479999999999949,-0.043765790697122664,2.4564130391437367,22,22,0,2.4600870080957624,0.2,0.2617993877991494,9.81,1,1,12,21,41,-3.0,3.0,0.01,30.0,60.0,1e-09,1e-12,6,0.0001,1,new simulation,nan
3,37,0.01674042854059543,2.55,-0.7,rolling,5.049999999999937,-0.03998780965653931,2.455949325666415,25,25,0,2.4604743079502582,0.2,0.2617993877991494,9.81,1,1,12,21,41,-3.0,3.0,0.01,30.0,60.0,1e-09,1e-12,6,0.0001,1,new simulation,nan
3,38,0.01674042854059543,2.7,-0.7,rolling,5.619999999999925,-0.03940415805641581,2.455864822576511,28,28,0,2.460492794853989,0.2,0.2617993877991494,9.81,1,1,12,21,41,-3.0,3.0,0.01,30.0,60.0,1e-09,1e-12,6,0.0001,1,new simulation,nan
3,39,0.01674042854059543,2.8499999999999996,-0.7,rolling,5.979999999999917,-0.05654266472159805,2.4591399153024405,30,30,0,2.4604796784930416,0.2,0.2617993877991494,9.81,1,1,12,21,41,-3.0,3.0,0.01,30.0,60.0,1e-09,1e-12,6,0.0001,1,new simulation,nan
3,40,0.01674042854059543,3.0,-0.7,rolling,6.149999999999913,-0.04208123317732912,2.4562994632554043,31,31,0,2.4604907478779077,0.2,0.2617993877991494,9.81,1,1,12,21,41,-3.0,3.0,0.01,30.0,60.0,1e-09,1e-12,6,0.0001,1,new simulation,nan
4,0,0.04292036732051037,-3.0,-0.6000000000000001,rolling,8.60999999999986,-0.060628381316640945,2.459938275005649,37,34,3,2.4601199787648675,0.2,0.2617993877991494,9.81,1,1,12,21,41,-3.0,3.0,0.01,30.0,60.0,1e-09,1e-12,6,0.0001,1,new simulation,nan
4,1,0.04292036732051037,-2.85,-0.6000000000000001,rolling,8.62999999999986,-0.06143198378466531,2.4601294775868032,37,34,3,2.4601101616072767,0.2,0.2617993877991494,9.81,1,1,12,21,41,-3.0,3.0,0.01,30.0,60.0,1e-09,1e-12,6,0.0001,1,new simulation,nan
4,2,0.04292036732051037,-2.7,-0.6000000000000001,rolling,8.769999999999857,-0.05988148144073814,2.4597506159777733,37,34,3,2.460100845852913,0.2,0.2617993877991494,9.81,1,1,12,21,41,-3.0,3.0,0.01,30.0,60.0,1e-09,1e-12,6,0.0001,1,new simulation,nan
4,3,0.04292036732051037,-2.55,-0.6000000000000001,rolling,9.479999999999842,-0.05485123911737443,2.4585962984698377,37,34,3,2.4600920357196485,0.2,0.2617993877991494,9.81,1,1,12,21,41,-3.0,3.0,0.01,30.0,60.0,1e-09,1e-12,6,0.0001,1,new simulation,nan
4,4,0.04292036732051037,-2.4,-0.6000000000000001,rolling,8.61999999999986,-0.04130380926460914,2.4560158989158793,36,34,2,2.4601353810492737,0.2,0.2617993877991494,9.81,1,1,12,21,41,-3.0,3.0,0.01,30.0,60.0,1e-09,1e-12,6,0.0001,1,new simulation,nan
4,5,0.04292036732051037,-2.25,-0.6000000000000001,rolling,8.429999999999865,-0.05315692810392578,2.4582456300980273,36,34,2,2.4601249753723753,0.2,0.2617993877991494,9.81,1,1,12,21,41,-3.0,3.0,0.01,30.0,60.0,1e-09,1e-12,6,0.0001,1,new simulation,nan
4,6,0.04292036732051037,-2.1,-0.6000000000000001,rolling,8.389999999999866,-0.05283827673562809,2.45817404939828,36,34,2,2.4601152417059384,0.2,0.2617993877991494,9.81,1,1,12,21,41,-3.0,3.0,0.01,30.0,60.0,1e-09,1e-12,6,0.0001,1,new simulation,nan
4,7,0.04292036732051037,-1.95,-0.6000000000000001,rolling,8.439999999999864,-0.04625824826292726,2.4568692076417302,36,34,2,2.460106179560144,0.2,0.2617993877991494,9.81,1,1,12,21,41,-3.0,3.0,0.01,30.0,60.0,1e-09,1e-12,6,0.0001,1,new simulation,nan
4,8,0.04292036732051037,-1.8,-0.6000000000000001,rolling,8.62999999999986,-0.04248475117037662,2.4561971433254084,36,34,2,2.460097787784379,0.2,0.2617993877991494,9.81,1,1,12,21,41,-3.0,3.0,0.01,30.0,60.0,1e-09,1e-12,6,0.0001,1,new simulation,nan
4,9,0.04292036732051037,-1.6500000000000001,-0.6000000000000001,settled,2.3199999999999945,-0.0617993877991494,0.0,3,1,2,nan,0.2,0.2617993877991494,9.81,1,1,12,21,41,-3.0,3.0,0.01,30.0,60.0,1e-09,1e-12,6,0.0001,1,new simulation,nan
4,10,0.04292036732051037,-1.5,-0.6000000000000001,rolling,8.299999999999867,-0.046709236122437034,2.456965131532283,35,34,1,2.460134437358579,0.2,0.2617993877991494,9.81,1,1,12,21,41,-3.0,3.0,0.01,30.0,60.0,1e-09,1e-12,6,0.0001,1,new simulation,nan
4,11,0.04292036732051037,-1.35,-0.6000000000000001,rolling,8.129999999999871,-0.043498073415550384,2.4563832852034557,35,34,1,2.4601259347435764,0.2,0.2617993877991494,9.81,1,1,12,21,41,-3.0,3.0,0.01,30.0,60.0,1e-09,1e-12,6,0.0001,1,new simulation,nan
4,12,0.04292036732051037,-1.2000000000000002,-0.6000000000000001,rolling,8.049999999999873,-0.05993097514363069,2.4597700046235302,35,34,1,2.460118326195092,0.2,0.2617993877991494,9.81,1,1,12,21,41,-3.0,3.0,0.01,30.0,60.0,1e-09,1e-12,6,0.0001,1,new simulation,nan
4,13,0.04292036732051037,-1.05,-0.6000000000000001,rolling,8.029999999999873,-0.042482310457763864,2.4562027269205586,35,34,1,2.460111614318641,0.2,0.2617993877991494,9.81,1,1,12,21,41,-3.0,3.0,0.01,30.0,60.0,1e-09,1e-12,6,0.0001,1,new simulation,nan
4,14,0.04292036732051037,-0.8999999999999999,-0.6000000000000001,rolling,8.029999999999873,-0.05839714257963754,2.459402842660526,35,34,1,2.4601057946414184,0.2,0.2617993877991494,9.81,1,1,12,21,41,-3.0,3.0,0.01,30.0,60.0,1e-09,1e-12,6,0.0001,1,new simulation,nan
4,15,0.04292036732051037,-0.75,-0.6000000000000001,rolling,8.069999999999872,-0.05941020756266748,2.459638585917397,35,34,1,2.460100872297153,0.2,0.2617993877991494,9.81,1,1,12,21,41,-3.0,3.0,0.01,30.0,60.0,1e-09,1e-12,6,0.0001,1,new simulation,nan
4,16,0.04292036732051037,-0.6000000000000001,-0.6000000000000001,rolling,8.15999999999987,-0.0510825384644462,2.45780214044722,35,34,1,2.4600968432943273,0.2,0.2617993877991494,9.81,1,1,12,21,41,-3.0,3.0,0.01,30.0,60.0,1e-09,1e-12,6,0.0001,1,new simulation,nan
4,17,0.04292036732051037,-0.4500000000000002,-0.6000000000000001,rolling,8.329999999999867,-0.054968245573252736,2.4586226478999382,35,34,1,2.46009371195334,0.2,0.2617993877991494,9.81,1,1,12,21,41,-3.0,3.0,0.01,30.0,60.0,1e-09,1e-12,6,0.0001,1,new simulation,nan
4,18,0.04292036732051037,-0.30000000000000027,-0.6000000000000001,rolling,8.749999999999858,-0.057538766772632526,2.4591982697234513,35,34,1,2.460091474550417,0.2,0.2617993877991494,9.81,1,1,12,21,41,-3.0,3.0,0.01,30.0,60.0,1e-09,1e-12,6,0.0001,1,new simulation,nan
4,19,0.04292036732051037,-0.1499999999999999,-0.6000000000000001,settled,1.1200000000000008,-0.0617993877991494,0.0,2,1,1,nan,0.2,0.2617993877991494,9.81,1,1,12,21,41,-3.0,3.0,0.01,30.0,60.0,1e-09,1e-12,6,0.0001,1,new simulation,nan
4,20,0.04292036732051037,0.0,-0.6000000000000001,rolling,7.9699999999998745,-0.046642169690054754,2.456933364186913,33,33,0,2.4600899837746506,0.2,0.2617993877991494,9.81,1,1,12,21,41,-3.0,3.0,0.01,30.0,60.0,1e-09,1e-12,6,0.0001,1,new simulation,nan
4,21,0.04292036732051037,0.1499999999999999,-0.6000000000000001,rolling,7.72999999999988,-0.04236903557240522,2.4561745018496515,33,33,0,2.4600907790168423,0.2,0.2617993877991494,9.81,1,1,12,21,41,-3.0,3.0,0.01,30.0,60.0,1e-09,1e-12,6,0.0001,1,new simulation,nan
4,22,0.04292036732051037,0.2999999999999998,-0.6000000000000001,rolling,7.579999999999883,-0.06148321771389351,2.4601346660549246,33,33,0,2.4600931667172383,0.2,0.2617993877991494,9.81,1,1,12,21,41,-3.0,3.0,0.01,30.0,60.0,1e-09,1e-12,6,0.0001,1,new simulation,nan
4,23,0.04292036732051037,0.44999999999999973,-0.6000000000000001,rolling,7.479999999999885,-0.04716252764687789,2.4570338809203696,33,33,0,2.4600971462169334,0.2,0.2617993877991494,9.81,1,1,12,21,41,-3.0,3.0,0.01,30.0,60.0,1e-09,1e-12,6,0.0001,1,new simulation,nan
4,24,0.04292036732051037,0.5999999999999996,-0.6000000000000001,rolling,7.389999999999887,-0.052925740390075485,2.458187072243474,33,33,0,2.460102714705433,0.2,0.2617993877991494,9.81,1,1,12,21,41,-3.0,3.0,0.01,30.0,60.0,1e-09,1e-12,6,0.0001,1,new simulation,nan
4,25,0.04292036732051037,0.75,-0.6000000000000001,rolling,7.309999999999889,-0.06023454858864954,2.459839040591681,33,33,0,2.4601098728851176,0.2,0.2617993877991494,9.81,1,1,12,21,41,-3.0,3.0,0.01,30.0,60.0,1e-09,1e-12,6,0.0001,1,new simulation,nan
4,26,0.04292036732051037,0.8999999999999999,-0.6000000000000001,rolling,7.23999999999989,-0.060035511160946214,2.4597951282276265,33,33,0,2.4601186269219912,0.2,0.2617993877991494,9.81,1,1,12,21,41,-3.0,3.0,0.01,30.0,60.0,1e-09,1e-12,6,0.0001,1,new simulation,nan
4,27,0.04292036732051037,1.0499999999999998,-0.6000000000000001,rolling,7.179999999999891,-0.04745938663396575,2.4571037313877366,33,33,0,2.4601289696312016,0.2,0.2617993877991494,9.81,1,1,12,21,41,-3.0,3.0,0.01,30.0,60.0,1e-09,1e-12,6,0.0001,1,new simulation,nan
4,28,0.04292036732051037,1.2000000000000002,-0.6000000000000001,rolling,6.909999999999897,-0.05888663237605536,2.4595090240876356,32,32,0,2.4600867565846243,0.2,0.2617993877991494,9.81,1,1,12,21,41,-3.0,3.0,0.01,30.0,60.0,1e-09,1e-12,6,0.0001,1,new simulation,nan
4,29,0.04292036732051037,1.3499999999999996,-0.6000000000000001,rolling,6.859999999999898,-0.03875613618100965,2.455595354471966,32,32,0,2.4601047920321957,0.2,0.2617993877991494,9.81,1,1,12,21,41,-3.0,3.0,0.01,30.0,60.0,1e-09,1e-12,6,0.0001,1,new simulation,nan
4,30,0.04292036732051037,1.5,-0.6000000000000001,rolling,6.7999999999998995,-0.04967629073187724,2.4575316527736306,32,32,0,2.4601249469589654,0.2,0.2617993877991494,9.81,1,1,12,21,41,-3.0,3.0,0.01,30.0,60.0,1e-09,1e-12,6,0.0001,1,new simulation,nan
4,31,0.04292036732051037,1.6499999999999995,-0.6000000000000001,rolling,6.539999999999905,-0.05631424770179633,2.4589219397308804,31,31,0,2.4600951854551636,0.2,0.2617993877991494,9.81,1,1,12,21,41,-3.0,3.0,0.01,30.0,60.0,1e-09,1e-12,6,0.0001,1,new simulation,nan
4,32,0.04292036732051037,1.7999999999999998,-0.6000000000000001,rolling,6.489999999999906,-0.053405104189352424,2.458299563735256,31,31,0,2.4601277174020377,0.2,0.2617993877991494,9.81,1,1,12,21,41,-3.0,3.0,0.01,30.0,60.0,1e-09,1e-12,6,0.0001,1,new simulation,nan
4,33,0.04292036732051037,1.9500000000000002,-0.6000000000000001,rolling,6.239999999999911,-0.045138793996561954,2.4566694034011385,30,30,0,2.4601163255692264,0.2,0.2617993877991494,9.81,1,1,12,21,41,-3.0,3.0,0.01,30.0,60.0,1e-09,1e-12,6,0.0001,1,new simulation,nan
4,34,0.04292036732051037,2.0999999999999996,-0.6000000000000001,rolling,5.989999999999917,-0.0410959130514099,2.4559758379432854,29,29,0,2.460121879096708,0.2,0.2617993877991494,9.81,1,1,12,21,41,-3.0,3.0,0.01,30.0,60.0,1e-09,1e-12,6,0.0001,1,new simulation,nan
4,35,0.04292036732051037,2.25,-0.6000000000000001,rolling,5.5299999999999265,-0.055572472015946825,2.45876304684893,27,27,0,2.460110380178263,0.2,0.2617993877991494,9.81,1,1,12,21,41,-3.0,3.0,0.01,30.0,60.0,1e-09,1e-12,6,0.0001,1,new simulation,nan
4,36,0.04292036732051037,2.3999999999999995,-0.6000000000000001,rolling,4.669999999999945,-0.05379528978845633,2.4583846078580214,23,23,0,2.4601314721480394,0.2,0.2617993877991494,9.81,1,1,12,21,41,-3.0,3.0,0.01,30.0,60.0,1e-09,1e-12,6,0.0001,1,new simulation,nan
4,37,0.04292036732051037,2.55,-0.6000000000000001,rolling,5.039999999999937,-0.041432772805321025,2.4561818711302776,25,25,0,2.460468897882185,0.2,0.2617993877991494,9.81,1,1,12,21,41,-3.0,3.0,0.01,30.0,60.0,1e-09,1e-12,6,0.0001,1,new simulation,nan
4,38,0.04292036732051037,2.7,-0.6000000000000001,rolling,5.609999999999925,-0.04207520350424833,2.456298347394797,28,28,0,2.4604905118038953,0.2,0.2617993877991494,9.81,1,1,12,21,41,-3.0,3.0,0.01,30.0,60.0,1e-09,1e-12,6,0.0001,1,new simulation,nan
4,39,0.04292036732051037,2.8499999999999996,-0.6000000000000001,rolling,5.969999999999917,-0.060318901844568146,2.4600189089742894,30,30,0,2.46047839384217,0.2,0.2617993877991494,9.81,1,1,12,21,41,-3.0,3.0,0.01,30.0,60.0,1e-09,1e-12,6,0.0001,1,new simulation,nan
4,40,0.04292036732051037,3.0,-0.6000000000000001,rolling,6.1399999999999135,-0.046845910881954965,2.4571447270742697,31,31,0,2.4604897835143094,0.2,0.2617993877991494,9.81,1,1,12,21,41,-3.0,3.0,0.01,30.0,60.0,1e-09,1e-12,6,0.0001,1,new simulation,nan
5,0,0.06910030610042531,-3.0,-0.5,rolling,8.61999999999986,-0.055562397987591286,2.45876483538366,37,34,3,2.4601196580580647,0.2,0.2617993877991494,9.81,1,1,12,21,41,-3.0,3.0,0.01,30.0,60.0,1e-09,1e-12,6,0.0001,1,new simulation,nan
5,1,0.06910030610042531,-2.85,-0.5,rolling,8.64999999999986,-0.04069134219319638,2.4559045494147123,37,34,3,2.4601098380265056,0.2,0.2617993877991494,9.81,1,1,12,21,41,-3.0,3.0,0.01,30.0,60.0,1e-09,1e-12,6,0.0001,1,new simulation,nan
5,2,0.06910030610042531,-2.7,-0.5,rolling,8.789999999999857,-0.0560768418689226,2.4588710563328418,37,34,3,2.46010052455005,0.2,0.2617993877991494,9.81,1,1,12,21,41,-3.0,3.0,0.01,30.0,60.0,1e-09,1e-12,6,0.0001,1,new simulation,nan
5,3,0.06910030610042531,-2.55,-0.5,rolling,9.59999999999984,-0.04635076386413338,2.456880033343531,37,34,3,2.4600917130936115,0.2,0.2617993877991494,9.81,1,1,12,21,41,-3.0,3.0,0.01,30.0,60.0,1e-09,1e-12,6,0.0001,1,new simulation,nan
5,4,0.06910030610042531,-2.4,-0.5,rolling,8.60999999999986,-0.06011306898793101,2.4598207702479873,36,34,2,2.4601349545758215,0.2,0.2617993877991494,9.81,1,1,12,21,41,-3.0,3.0,0.01,30.0,60.0,1e-09,1e-12,6,0.0001,1,new simulation,nan
5,5,0.06910030610042531,-2.25,-0.5,rolling,8.439999999999864,-0.04799987668413572,2.45720476658295,36,34,2,2.460124546033723,0.2,0.2617993877991494,9.81,1,1,12,21,41,-3.0,3.0,0.01,30.0,60.0,1e-09,1e-12,6,0.0001,1,new simulation,nan
5,6,0.06910030610042531,-2.1,-0.5,rolling,8.399999999999865,-0.059580961262056316,2.459685117196647,36,34,2,2.4601148130470523,0.2,0.2617993877991494,9.81,1,1,12,21,41,-3.0,3.0,0.01,30.0,60.0,1e-09,1e-12,6,0.0001,1,new simulation,nan
5,7,0.06910030610042531,-1.95,-0.5,rolling,8.459999999999864,-0.042313968855376055,2.456171684726672,36,34,2,2.460105751064337,0.2,0.2617993877991494,9.81,1,1,12,21,41,-3.0,3.0,0.01,30.0,60.0,1e-09,1e-12,6,0.0001,1,new simulation,nan
5,8,0.06910030610042531,-1.8,-0.5,rolling,8.65999999999986,-0.05027469662388246,2.4576390204030742,36,34,2,2.460097359588153,0.2,0.2617993877991494,9.81,1,1,12,21,41,-3.0,3.0,0.01,30.0,60.0,1e-09,1e-12,6,0.0001,1,new simulation,nan
5,9,0.06910030610042531,-1.6500000000000001,-0.5,rolling,8.989999999999853,-0.05506007723761407,2.458641145210937,34,33,1,2.4600899034954797,0.2,0.2617993877991494,9.81,1,1,12,21,41,-3.0,3.0,0.01,30.0,60.0,1e-09,1e-12,6,0.0001,1,new simulation,nan
5,10,0.06910030610042531,-1.5,-0.5,rolling,8.299999999999867,-0.0484743981288224,2.4573001528725436,35,34,1,2.4601338648942694,0.2,0.2617993877991494,9.81,1,1,12,21,41,-3.0,3.0,0.01,30.0,60.0,1e-09,1e-12,6,0.0001,1,new simulation,nan
5,11,0.06910030610042531,-1.35,-0.5,rolling,8.139999999999871,-0.04859088128300965,2.457319026408559,35,34,1,2.4601253618362757,0.2,0.2617993877991494,9.81,1,1,12,21,41,-3.0,3.0,0.01,30.0,60.0,1e-09,1e-12,6,0.0001,1,new simulation,nan
5,12,0.06910030610042531,-1.2000000000000002,-0.5,rolling,8.069999999999872,-0.05585022220185344,2.458827948161898,35,34,1,2.4601177541625514,0.2,0.2617993877991494,9.81,1,1,12,21,41,-3.0,3.0,0.01,30.0,60.0,1e-09,1e-12,6,0.0001,1,new simulation,nan
5,13,0.06910030610042531,-1.05,-0.5,rolling,8.049999999999873,-0.05322844664346088,2.4582547669604007,35,34,1,2.4601110405673494,0.2,0.2617993877991494,9.81,1,1,12,21,41,-3.0,3.0,0.01,30.0,60.0,1e-09,1e-12,6,0.0001,1,new simulation,nan
5,14,0.06910030610042531,-0.8999999999999999,-0.5,rolling,8.069999999999872,-0.038705581528370336,2.4555877224175258,35,34,1,2.460105223626391,0.2,0.2617993877991494,9.81,1,1,12,21,41,-3.0,3.0,0.01,30.0,60.0,1e-09,1e-12,6,0.0001,1,new simulation,nan
5,15,0.06910030610042531,-0.75,-0.5,rolling,8.119999999999871,-0.04359981557597431,2.456389857018064,35,34,1,2.4601003005585658,0.2,0.2617993877991494,9.81,1,1,12,21,41,-3.0,3.0,0.01,30.0,60.0,1e-09,1e-12,6,0.0001,1,new simulation,nan
5,16,0.06910030610042531,-0.6000000000000001,-0.5,rolling,8.229999999999869,-0.03893439855406311,2.455619316298406,35,34,1,2.4600962725640216,0.2,0.2617993877991494,9.81,1,1,12,21,41,-3.0,3.0,0.01,30.0,60.0,1e-09,1e-12,6,0.0001,1,new simulation,nan
5,17,0.06910030610042531,-0.4500000000000002,-0.5,rolling,8.449999999999864,-0.05470279575470389,2.4585643471551637,35,34,1,2.460093137956477,0.2,0.2617993877991494,9.81,1,1,12,21,41,-3.0,3.0,0.01,30.0,60.0,1e-09,1e-12,6,0.0001,1,new simulation,nan
5,18,0.06910030610042531,-0.30000000000000027,-0.5,rolling,9.249999999999847,-0.05803808036766526,2.459313058654795,35,34,1,2.460090902068583,0.2,0.2617993877991494,9.81,1,1,12,21,41,-3.0,3.0,0.01,30.0,60.0,1e-09,1e-12,6,0.0001,1,new simulation,nan
5,19,0.06910030610042531,-0.1499999999999999,-0.5,rolling,8.18999999999987,-0.06144794189572988,2.4601245498822277,33,33,0,2.460089762464429,0.2,0.2617993877991494,9.81,1,1,12,21,41,-3.0,3.0,0.01,30.0,60.0,1e-09,1e-12,6,0.0001,1,new simulation,nan
5,20,0.06910030610042531,0.0,-0.5,rolling,7.819999999999878,-0.04926560223216451,2.4574349850759445,33,33,0,2.4600889656241605,0.2,0.2617993877991494,9.81,1,1,12,21,41,-3.0,3.0,0.01,30.0,60.0,1e-09,1e-12,6,0.0001,1,new simulation,nan
5,21,0.06910030610042531,0.1499999999999999,-0.5,rolling,7.649999999999881,-0.047666422129034686,2.457126030232985,33,33,0,2.460089761859667,0.2,0.2617993877991494,9.81,1,1,12,21,41,-3.0,3.0,0.01,30.0,60.0,1e-09,1e-12,6,0.0001,1,new simulation,nan
5,22,0.06910030610042531,0.2999999999999998,-0.5,rolling,7.529999999999884,-0.055877904344381585,2.4588230207238957,33,33,0,2.460092147996981,0.2,0.2617993877991494,9.81,1,1,12,21,41,-3.0,3.0,0.01,30.0,60.0,1e-09,1e-12,6,0.0001,1,new simulation,nan
5,23,0.06910030610042531,0.44999999999999973,-0.5,rolling,7.439999999999886,-0.049279715382663944,2.4574408646453847,33,33,0,2.4600961275647233,0.2,0.2617993877991494,9.81,1,1,12,21,41,-3.0,3.0,0.01,30.0,60.0,1e-09,1e-12,6,0.0001,1,new simulation,nan
5,24,0.06910030610042531,0.5999999999999996,-0.5,rolling,7.3599999999998875,-0.05002542839265765,2.457591022123676,33,33,0,2.46010169571147,0.2,0.2617993877991494,9.81,1,1,12,21,41,-3.0,3.0,0.01,30.0,60.0,1e-09,1e-12,6,0.0001,1,new simulation,nan
5,25,0.06910030610042531,0.75,-0.5,rolling,7.289999999999889,-0.04579201204996196,2.4567847157402,33,33,0,2.4601088591121987,0.2,0.2617993877991494,9.81,1,1,12,21,41,-3.0,3.0,0.01,30.0,60.0,1e-09,1e-12,6,0.0001,1,new simulation,nan
5,26,0.06910030610042531,0.8999999999999999,-0.5,rolling,7.2199999999998905,-0.054856865913729125,2.458608610293837,33,33,0,2.4601176085964753,0.2,0.2617993877991494,9.81,1,1,12,21,41,-3.0,3.0,0.01,30.0,60.0,1e-09,1e-12,6,0.0001,1,new simulation,nan
5,27,0.06910030610042531,1.0499999999999998,-0.5,rolling,7.159999999999892,-0.04917831666063603,2.4574347407632513,33,33,0,2.460127952303933,0.2,0.2617993877991494,9.81,1,1,12,21,41,-3.0,3.0,0.01,30.0,60.0,1e-09,1e-12,6,0.0001,1,new simulation,nan
5,28,0.06910030610042531,1.2000000000000002,-0.5,rolling,6.899999999999897,-0.04134691097071555,2.4560013313012967,32,32,0,2.460085400786363,0.2,0.2617993877991494,9.81,1,1,12,21,41,-3.0,3.0,0.01,30.0,60.0,1e-09,1e-12,6,0.0001,1,new simulation,nan
5,29,0.06910030610042531,1.3499999999999996,-0.5,rolling,6.839999999999899,-0.05000796537924387,2.4575882920613297,32,32,0,2.4601034372095145,0.2,0.2617993877991494,9.81,1,1,12,21,41,-3.0,3.0,0.01,30.0,60.0,1e-09,1e-12,6,0.0001,1,new simulation,nan
5,30,0.06910030610042531,1.5,-0.5,rolling,6.7899999999999,-0.03978893417685389,2.4557655005630874,32,32,0,2.460123592533869,0.2,0.2617993877991494,9.81,1,1,12,21,41,-3.0,3.0,0.01,30.0,60.0,1e-09,1e-12,6,0.0001,1,new simulation,nan
5,31,0.06910030610042531,1.6499999999999995,-0.5,rolling,6.529999999999905,-0.049260596238209886,2.457435914690937,31,31,0,2.4600933775758316,0.2,0.2617993877991494,9.81,1,1,12,21,41,-3.0,3.0,0.01,30.0,60.0,1e-09,1e-12,6,0.0001,1,new simulation,nan
5,32,0.06910030610042531,1.7999999999999998,-0.5,rolling,6.479999999999906,-0.048743441620847726,2.4573488929258036,31,31,0,2.460125909618727,0.2,0.2617993877991494,9.81,1,1,12,21,41,-3.0,3.0,0.01,30.0,60.0,1e-09,1e-12,6,0.0001,1,new simulation,nan
5,33,0.06910030610042531,1.9500000000000002,-0.5,rolling,6.229999999999912,-0.04251994973546311,2.456210111642196,30,30,0,2.4601139141966617,0.2,0.2617993877991494,9.81,1,1,12,21,41,-3.0,3.0,0.01,30.0,60.0,1e-09,1e-12,6,0.0001,1,new simulation,nan
5,34,0.06910030610042531,2.0999999999999996,-0.5,rolling,5.979999999999917,-0.04024021759588553,2.455835480546172,29,29,0,2.4601186671916895,0.2,0.2617993877991494,9.81,1,1,12,21,41,-3.0,3.0,0.01,30.0,60.0,1e-09,1e-12,6,0.0001,1,new simulation,nan
5,35,0.06910030610042531,2.25,-0.5,rolling,5.519999999999927,-0.05625605888452908,2.4589129892776866,27,27,0,2.460104668456428,0.2,0.2617993877991494,9.81,1,1,12,21,41,-3.0,3.0,0.01,30.0,60.0,1e-09,1e-12,6,0.0001,1,new simulation,nan
5,36,0.06910030610042531,2.3999999999999995,-0.5,rolling,4.659999999999945,-0.05583261641282191,2.4588221495321867,23,23,0,2.4601134184156375,0.2,0.2617993877991494,9.81,1,1,12,21,41,-3.0,3.0,0.01,30.0,60.0,1e-09,1e-12,6,0.0001,1,new simulation,nan
5,37,0.06910030610042531,2.55,-0.5,rolling,4.819999999999942,-0.05932925137757173,2.4597968689218974,24,24,0,2.460510543849239,0.2,0.2617993877991494,9.81,1,1,12,21,41,-3.0,3.0,0.01,30.0,60.0,1e-09,1e-12,6,0.0001,1,new simulation,nan
5,38,0.06910030610042531,2.7,-0.5,rolling,5.599999999999925,-0.046398353345198054,2.457059906776484,28,28,0,2.4604862280204602,0.2,0.2617993877991494,9.81,1,1,12,21,41,-3.0,3.0,0.01,30.0,60.0,1e-09,1e-12,6,0.0001,1,new simulation,nan
5,39,0.06910030610042531,2.8499999999999996,-0.5,rolling,5.969999999999917,-0.04103612864036872,2.4561196379324617,30,30,0,2.460475983057926,0.2,0.2617993877991494,9.81,1,1,12,21,41,-3.0,3.0,0.01,30.0,60.0,1e-09,1e-12,6,0.0001,1,new simulation,nan
5,40,0.06910030610042531,3.0,-0.5,rolling,6.129999999999914,-0.053020908884388866,2.4583741461075936,31,31,0,2.4604879765686944,0.2,0.2617993877991494,9.81,1,1,12,21,41,-3.0,3.0,0.01,30.0,60.0,1e-09,1e-12,6,0.0001,1,new simulation,nan
6,0,0.09528024488034026,-3.0,-0.39999999999999997,rolling,8.62999999999986,-0.050080161267011314,2.457609533029647,37,34,3,2.460119184991153,0.2,0.2617993877991494,9.81,1,1,12,21,41,-3.0,3.0,0.01,30.0,60.0,1e-09,1e-12,6,0.0001,1,new simulation,nan
6,1,0.09528024488034026,-2.85,-0.39999999999999997,rolling,8.65999999999986,-0.04787755380337868,2.457174782423511,37,34,3,2.460109365333199,0.2,0.2617993877991494,9.81,1,1,12,21,41,-3.0,3.0,0.01,30.0,60.0,1e-09,1e-12,6,0.0001,1,new simulation,nan
6,2,0.09528024488034026,-2.7,-0.39999999999999997,rolling,8.819999999999856,-0.03973619903735802,2.4557469142006396,37,34,3,2.4601000508066693,0.2,0.2617993877991494,9.81,1,1,12,21,41,-3.0,3.0,0.01,30.0,60.0,1e-09,1e-12,6,0.0001,1,new simulation,nan
6,3,0.09528024488034026,-2.55,-0.39999999999999997,rolling,9.839999999999835,-0.05427584052006454,2.4584707415350193,37,34,3,2.460091241025031,0.2,0.2617993877991494,9.81,1,1,12,21,41,-3.0,3.0,0.01,30.0,60.0,1e-09,1e-12,6,0.0001,1,new simulation,nan
6,4,0.09528024488034026,-2.4,-0.39999999999999997,rolling,8.60999999999986,-0.042646811544548316,2.4562405342483213,36,34,2,2.460134325447594,0.2,0.2617993877991494,9.81,1,1,12,21,41,-3.0,3.0,0.01,30.0,60.0,1e-09,1e-12,6,0.0001,1,new simulation,nan
6,5,0.09528024488034026,-2.25,-0.39999999999999997,rolling,8.449999999999864,-0.039599748729626044,2.455735650940933,36,34,2,2.4601239173029494,0.2,0.2617993877991494,9.81,1,1,12,21,41,-3.0,3.0,0.01,30.0,60.0,1e-09,1e-12,6,0.0001,1,new simulation,nan
6,6,0.09528024488034026,-2.1,-0.39999999999999997,rolling,8.419999999999865,-0.042971449442308136,2.456287286087362,36,34,2,2.4601141842183707,0.2,0.2617993877991494,9.81,1,1,12,21,41,-3.0,3.0,0.01,30.0,60.0,1e-09,1e-12,6,0.0001,1,new simulation,nan
6,7,0.09528024488034026,-1.95,-0.39999999999999997,rolling,8.479999999999864,-0.04571567270668312,2.4567691526634996,36,34,2,2.4601051226648036,0.2,0.2617993877991494,9.81,1,1,12,21,41,-3.0,3.0,0.01,30.0,60.0,1e-09,1e-12,6,0.0001,1,new simulation,nan
6,8,0.09528024488034026,-1.8,-0.39999999999999997,rolling,8.709999999999859,-0.038148306040881944,2.455498506762084,36,34,2,2.4600967311281714,0.2,0.2617993877991494,9.81,1,1,12,21,41,-3.0,3.0,0.01,30.0,60.0,1e-09,1e-12,6,0.0001,1,new simulation,nan
6,9,0.09528024488034026,-1.6500000000000001,-0.39999999999999997,rolling,8.709999999999859,-0.05254394572282209,2.45810072332985,34,33,1,2.460088786104197,0.2,0.2617993877991494,9.81,1,1,12,21,41,-3.0,3.0,0.01,30.0,60.0,1e-09,1e-12,6,0.0001,1,new simulation,nan
6,10,0.09528024488034026,-1.5,-0.39999999999999997,rolling,8.289999999999868,-0.06079067372256693,2.459983190469208,35,34,1,2.4601330276038946,0.2,0.2617993877991494,9.81,1,1,12,21,41,-3.0,3.0,0.01,30.0,60.0,1e-09,1e-12,6,0.0001,1,new simulation,nan
6,11,0.09528024488034026,-1.35,-0.39999999999999997,rolling,8.14999999999987,-0.04742139000634288,2.457094608665241,35,34,1,2.4601245239081964,0.2,0.2617993877991494,9.81,1,1,12,21,41,-3.0,3.0,0.01,30.0,60.0,1e-09,1e-12,6,0.0001,1,new simulation,nan
6,12,0.09528024488034026,-1.2000000000000002,-0.39999999999999997,rolling,8.089999999999872,-0.049661579316472894,2.45752525522958,35,34,1,2.46011691525657,0.2,0.2617993877991494,9.81,1,1,12,21,41,-3.0,3.0,0.01,30.0,60.0,1e-09,1e-12,6,0.0001,1,new simulation,nan
6,13,0.09528024488034026,-1.05,-0.39999999999999997,rolling,8.079999999999872,-0.04118135088574353,2.455984809863593,35,34,1,2.460110202302691,0.2,0.2617993877991494,9.81,1,1,12,21,41,-3.0,3.0,0.01,30.0,60.0,1e-09,1e-12,6,0.0001,1,new simulation,nan
6,14,0.09528024488034026,-0.8999999999999999,-0.39999999999999997,rolling,8.099999999999872,-0.050904647886461984,2.4577692171933214,35,34,1,2.4601043836910548,0.2,0.2617993877991494,9.81,1,1,12,21,41,-3.0,3.0,0.01,30.0,60.0,1e-09,1e-12,6,0.0001,1,new simulation,nan
6,15,0.09528024488034026,-0.75,-0.39999999999999997,rolling,8.16999999999987,-0.046013049664564445,2.4568211404771656,35,34,1,2.460099461850482,0.2,0.2617993877991494,9.81,1,1,12,21,41,-3.0,3.0,0.01,30.0,60.0,1e-09,1e-12,6,0.0001,1,new simulation,nan
6,16,0.09528024488034026,-0.6000000000000001,-0.39999999999999997,rolling,8.309999999999867,-0.05007584651674193,2.4575983757912567,35,34,1,2.460095433545343,0.2,0.2617993877991494,9.81,1,1,12,21,41,-3.0,3.0,0.01,30.0,60.0,1e-09,1e-12,6,0.0001,1,new simulation,nan
6,17,0.09528024488034026,-0.4500000000000002,-0.39999999999999997,rolling,8.64999999999986,-0.04815100890312913,2.457219785111196,35,34,1,2.4600923021645165,0.2,0.2617993877991494,9.81,1,1,12,21,41,-3.0,3.0,0.01,30.0,60.0,1e-09,1e-12,6,0.0001,1,new simulation,nan
6,18,0.09528024488034026,-0.30000000000000027,-0.39999999999999997,settled,1.8200000000000014,-0.0617993877991494,0.0,2,1,1,nan,0.2,0.2617993877991494,9.81,1,1,12,21,41,-3.0,3.0,0.01,30.0,60.0,1e-09,1e-12,6,0.0001,1,new simulation,nan
6,19,0.09528024488034026,-0.1499999999999999,-0.39999999999999997,rolling,7.939999999999875,-0.05633816322586836,2.4589243153967666,33,33,0,2.4600882712019136,0.2,0.2617993877991494,9.81,1,1,12,21,41,-3.0,3.0,0.01,30.0,60.0,1e-09,1e-12,6,0.0001,1,new simulation,nan
6,20,0.09528024488034026,0.0,-0.39999999999999997,rolling,7.71999999999988,-0.054242603822388456,2.4584619181163747,33,33,0,2.4600874763108305,0.2,0.2617993877991494,9.81,1,1,12,21,41,-3.0,3.0,0.01,30.0,60.0,1e-09,1e-12,6,0.0001,1,new simulation,nan
6,21,0.09528024488034026,0.1499999999999999,-0.39999999999999997,rolling,7.589999999999883,-0.04772752891260249,2.457137018610895,33,33,0,2.4600882722077406,0.2,0.2617993877991494,9.81,1,1,12,21,41,-3.0,3.0,0.01,30.0,60.0,1e-09,1e-12,6,0.0001,1,new simulation,nan
6,22,0.09528024488034026,0.2999999999999998,-0.39999999999999997,rolling,7.489999999999885,-0.04921811445370753,2.457426388233996,33,33,0,2.460090658075961,0.2,0.2617993877991494,9.81,1,1,12,21,41,-3.0,3.0,0.01,30.0,60.0,1e-09,1e-12,6,0.0001,1,new simulation,nan
6,23,0.09528024488034026,0.44999999999999973,-0.39999999999999997,rolling,7.4099999999998865,-0.04210454089079704,2.456131568656008,33,33,0,2.4600946360526774,0.2,0.2617993877991494,9.81,1,1,12,21,41,-3.0,3.0,0.01,30.0,60.0,1e-09,1e-12,6,0.0001,1,new simulation,nan
6,24,0.09528024488034026,0.5999999999999996,-0.39999999999999997,rolling,7.329999999999888,-0.05818864769128957,2.459351970243553,33,33,0,2.4601002064216115,0.2,0.2617993877991494,9.81,1,1,12,21,41,-3.0,3.0,0.01,30.0,60.0,1e-09,1e-12,6,0.0001,1,new simulation,nan
6,25,0.09528024488034026,0.75,-0.39999999999999997,rolling,7.269999999999889,-0.039908216747762584,2.4557774453113597,33,33,0,2.460107366415917,0.2,0.2617993877991494,9.81,1,1,12,21,41,-3.0,3.0,0.01,30.0,60.0,1e-09,1e-12,6,0.0001,1,new simulation,nan
6,26,0.09528024488034026,0.8999999999999999,-0.39999999999999997,rolling,7.199999999999891,-0.056584097110717636,2.4589917469158418,33,33,0,2.4601161194245873,0.2,0.2617993877991494,9.81,1,1,12,21,41,-3.0,3.0,0.01,30.0,60.0,1e-09,1e-12,6,0.0001,1,new simulation,nan
6,27,0.09528024488034026,1.0499999999999998,-0.39999999999999997,rolling,7.139999999999892,-0.05663511963795048,2.4590077452845867,33,33,0,2.4601264622484806,0.2,0.2617993877991494,9.81,1,1,12,21,41,-3.0,3.0,0.01,30.0,60.0,1e-09,1e-12,6,0.0001,1,new simulation,nan
6,28,0.09528024488034026,1.2000000000000002,-0.39999999999999997,rolling,7.089999999999893,-0.03863889733202158,2.455591811401899,33,33,0,2.4601383953623355,0.2,0.2617993877991494,9.81,1,1,12,21,41,-3.0,3.0,0.01,30.0,60.0,1e-09,1e-12,6,0.0001,1,new simulation,nan
6,29,0.09528024488034026,1.3499999999999996,-0.39999999999999997,rolling,6.829999999999899,-0.04089086121819957,2.4559334092361187,32,32,0,2.4601014458490926,0.2,0.2617993877991494,9.81,1,1,12,21,41,-3.0,3.0,0.01,30.0,60.0,1e-09,1e-12,6,0.0001,1,new simulation,nan
6,30,0.09528024488034026,1.5,-0.39999999999999997,rolling,6.7699999999999,-0.05813974372165393,2.459349899529437,32,32,0,2.460121603641516,0.2,0.2617993877991494,9.81,1,1,12,21,41,-3.0,3.0,0.01,30.0,60.0,1e-09,1e-12,6,0.0001,1,new simulation,nan
6,31,0.09528024488034026,1.6499999999999995,-0.39999999999999997,rolling,6.519999999999905,-0.045445054035878604,2.456713672917847,31,31,0,2.4600907278056403,0.2,0.2617993877991494,9.81,1,1,12,21,41,-3.0,3.0,0.01,30.0,60.0,1e-09,1e-12,6,0.0001,1,new simulation,nan
6,32,0.09528024488034026,1.7999999999999998,-0.39999999999999997,rolling,6.4699999999999065,-0.04696189242418165,2.45700751439566,31,31,0,2.4601232591827724,0.2,0.2617993877991494,9.81,1,1,12,21,41,-3.0,3.0,0.01,30.0,60.0,1e-09,1e-12,6,0.0001,1,new simulation,nan
6,33,0.09528024488034026,1.9500000000000002,-0.39999999999999997,rolling,6.219999999999912,-0.04248089748915673,2.456201952807006,30,30,0,2.4601103822206922,0.2,0.2617993877991494,9.81,1,1,12,21,41,-3.0,3.0,0.01,30.0,60.0,1e-09,1e-12,6,0.0001,1,new simulation,nan
6,34,0.09528024488034026,2.0999999999999996,-0.39999999999999997,rolling,5.969999999999917,-0.04171112851861364,2.456074113322041,29,29,0,2.4601139521699156,0.2,0.2617993877991494,9.81,1,1,12,21,41,-3.0,3.0,0.01,30.0,60.0,1e-09,1e-12,6,0.0001,1,new simulation,nan
6,35,0.09528024488034026,2.25,-0.39999999999999997,rolling,5.509999999999927,-0.05905271307231769,2.459552194734598,27,27,0,2.4600962899082734,0.2,0.2617993877991494,9.81,1,1,12,21,41,-3.0,3.0,0.01,30.0,60.0,1e-09,1e-12,6,0.0001,1,new simulation,nan
6,36,0.09528024488034026,2.3999999999999995,-0.39999999999999997,rolling,4.649999999999945,-0.0597948152309567,2.4597239215314484,23,23,0,2.4600869369352787,0.2,0.2617993877991494,9.81,1,1,12,21,41,-3.0,3.0,0.01,30.0,60.0,1e-09,1e-12,6,0.0001,1,new simulation,nan
6,37,0.09528024488034026,2.55,-0.39999999999999997,rolling,4.819999999999942,-0.03975704787560523,2.455919685593931,24,24,0,2.460490686951732,0.2,0.2617993877991494,9.81,1,1,12,21,41,-3.0,3.0,0.01,30.0,60.0,1e-09,1e-12,6,0.0001,1,new simulation,nan
6,38,0.09528024488034026,2.7,-0.39999999999999997,rolling,5.589999999999925,-0.05234375550951074,2.4582283708961987,28,28,0,2.4604799451599737,0.2,0.2617993877991494,9.81,1,1,12,21,41,-3.0,3.0,0.01,30.0,60.0,1e-09,1e-12,6,0.0001,1,new simulation,nan
6,39,0.09528024488034026,2.8499999999999996,-0.39999999999999997,rolling,5.959999999999917,-0.04782511255980648,2.4573221892684916,30,30,0,2.4604724493134635,0.2,0.2617993877991494,9.81,1,1,12,21,41,-3.0,3.0,0.01,30.0,60.0,1e-09,1e-12,6,0.0001,1,new simulation,nan
6,40,0.09528024488034026,3.0,-0.39999999999999997,rolling,6.119999999999914,-0.060585044916436064,2.4600860309028927,31,31,0,2.460485327443934,0.2,0.2617993877991494,9.81,1,1,12,21,41,-3.0,3.0,0.01,30.0,60.0,1e-09,1e-12,6,0.0001,1,new simulation,nan
7,0,0.12146018366025518,-3.0,-0.30000000000000004,rolling,8.63999999999986,-0.04470200265580581,2.456592049603904,37,34,3,2.4601185644160695,0.2,0.2617993877991494,9.81,1,1,12,21,41,-3.0,3.0,0.01,30.0,60.0,1e-09,1e-12,6,0.0001,1,new simulation,nan
7,1,0.12146018366025518,-2.85,-0.30000000000000004,rolling,8.66999999999986,-0.059137826903038815,2.459577638724267,37,34,3,2.4601087446570693,0.2,0.2617993877991494,9.81,1,1,12,21,41,-3.0,3.0,0.01,30.0,60.0,1e-09,1e-12,6,0.0001,1,new simulation,nan
7,2,0.12146018366025518,-2.7,-0.30000000000000004,rolling,8.849999999999856,-0.03800694026601885,2.455478176022852,37,34,3,2.460099429847501,0.2,0.2617993877991494,9.81,1,1,12,21,41,-3.0,3.0,0.01,30.0,60.0,1e-09,1e-12,6,0.0001,1,new simulation,nan
7,3,0.12146018366025518,-2.55,-0.30000000000000004,settled,1.6900000000000013,-0.0617993877991494,0.0,4,1,3,nan,0.2,0.2617993877991494,9.81,1,1,12,21,41,-3.0,3.0,0.01,30.0,60.0,1e-09,1e-12,6,0.0001,1,new simulation,nan
7,4,0.12146018366025518,-2.4,-0.30000000000000004,rolling,8.599999999999861,-0.04127074810880816,2.456009628690392,36,34,2,2.4601334954199428,0.2,0.2617993877991494,9.81,1,1,12,21,41,-3.0,3.0,0.01,30.0,60.0,1e-09,1e-12,6,0.0001,1,new simulation,nan
7,5,0.12146018366025518,-2.25,-0.30000000000000004,rolling,8.449999999999864,-0.053584070426580005,2.458335744080924,36,34,2,2.4601230902675,0.2,0.2617993877991494,9.81,1,1,12,21,41,-3.0,3.0,0.01,30.0,60.0,1e-09,1e-12,6,0.0001,1,new simulation,nan
7,6,0.12146018366025518,-2.1,-0.30000000000000004,rolling,8.429999999999865,-0.05316095024494616,2.458241448489417,36,34,2,2.4601133542193714,0.2,0.2617993877991494,9.81,1,1,12,21,41,-3.0,3.0,0.01,30.0,60.0,1e-09,1e-12,6,0.0001,1,new simulation,nan
7,7,0.12146018366025518,-1.95,-0.30000000000000004,rolling,8.499999999999863,-0.05846632183989098,2.459418306088273,36,34,2,2.46010429119042,0.2,0.2617993877991494,9.81,1,1,12,21,41,-3.0,3.0,0.01,30.0,60.0,1e-09,1e-12,6,0.0001,1,new simulation,nan
7,8,0.12146018366025518,-1.8,-0.30000000000000004,rolling,8.769999999999857,-0.04269819089584906,2.456232622642745,36,34,2,2.460095901895045,0.2,0.2617993877991494,9.81,1,1,12,21,41,-3.0,3.0,0.01,30.0,60.0,1e-09,1e-12,6,0.0001,1,new simulation,nan
7,9,0.12146018366025518,-1.6500000000000001,-0.30000000000000004,rolling,8.539999999999862,-0.05706238377799482,2.4590876342018,34,33,1,2.4600873142668145,0.2,0.2617993877991494,9.81,1,1,12,21,41,-3.0,3.0,0.01,30.0,60.0,1e-09,1e-12,6,0.0001,1,new simulation,nan
7,10,0.12146018366025518,-1.5,-0.30000000000000004,rolling,8.289999999999868,-0.03897802320127751,2.4556415666460167,35,34,1,2.4601319218215605,0.2,0.2617993877991494,9.81,1,1,12,21,41,-3.0,3.0,0.01,30.0,60.0,1e-09,1e-12,6,0.0001,1,new simulation,nan
7,11,0.12146018366025518,-1.35,-0.30000000000000004,rolling,8.15999999999987,-0.042000507892333006,2.456126583182394,35,34,1,2.4601234185279535,0.2,0.2617993877991494,9.81,1,1,12,21,41,-3.0,3.0,0.01,30.0,60.0,1e-09,1e-12,6,0.0001,1,new simulation,nan
7,12,0.12146018366025518,-1.2000000000000002,-0.30000000000000004,rolling,8.109999999999872,-0.04315945423030371,2.4563203177056643,35,34,1,2.460115811030493,0.2,0.2617993877991494,9.81,1,1,12,21,41,-3.0,3.0,0.01,30.0,60.0,1e-09,1e-12,6,0.0001,1,new simulation,nan
7,13,0.12146018366025518,-1.05,-0.30000000000000004,rolling,8.099999999999872,-0.05788990952184526,2.459286700822117,35,34,1,2.460109098432138,0.2,0.2617993877991494,9.81,1,1,12,21,41,-3.0,3.0,0.01,30.0,60.0,1e-09,1e-12,6,0.0001,1,new simulation,nan
7,14,0.12146018366025518,-0.8999999999999999,-0.30000000000000004,rolling,8.139999999999871,-0.05019693989277484,2.457625999927984,35,34,1,2.4601032787953483,0.2,0.2617993877991494,9.81,1,1,12,21,41,-3.0,3.0,0.01,30.0,60.0,1e-09,1e-12,6,0.0001,1,new simulation,nan
7,15,0.12146018366025518,-0.75,-0.30000000000000004,rolling,8.229999999999869,-0.052598408727251196,2.458116292051452,35,34,1,2.4600983562515286,0.2,0.2617993877991494,9.81,1,1,12,21,41,-3.0,3.0,0.01,30.0,60.0,1e-09,1e-12,6,0.0001,1,new simulation,nan
7,16,0.12146018366025518,-0.6000000000000001,-0.30000000000000004,rolling,8.429999999999865,-0.05016747943380043,2.4576162217886774,35,34,1,2.4600943274682456,0.2,0.2617993877991494,9.81,1,1,12,21,41,-3.0,3.0,0.01,30.0,60.0,1e-09,1e-12,6,0.0001,1,new simulation,nan
7,17,0.12146018366025518,-0.4500000000000002,-0.30000000000000004,rolling,9.11999999999985,-0.0534931058130615,2.4583024999217487,35,34,1,2.460091196611178,0.2,0.2617993877991494,9.81,1,1,12,21,41,-3.0,3.0,0.01,30.0,60.0,1e-09,1e-12,6,0.0001,1,new simulation,nan
7,18,0.12146018366025518,-0.30000000000000027,-0.30000000000000004,rolling,8.139999999999871,-0.04461872517811322,2.456564248479581,33,33,0,2.4600886926637746,0.2,0.2617993877991494,9.81,1,1,12,21,41,-3.0,3.0,0.01,30.0,60.0,1e-09,1e-12,6,0.0001,1,new simulation,nan
7,19,0.12146018366025518,-0.1499999999999999,-0.30000000000000004,rolling,7.809999999999878,-0.04585886051014937,2.456787163812159,33,33,0,2.4600863059209446,0.2,0.2617993877991494,9.81,1,1,12,21,41,-3.0,3.0,0.01,30.0,60.0,1e-09,1e-12,6,0.0001,1,new simulation,nan
7,20,0.12146018366025518,0.0,-0.30000000000000004,rolling,7.649999999999881,-0.05090622667736261,2.457761357498828,33,33,0,2.4600855103852552,0.2,0.2617993877991494,9.81,1,1,12,21,41,-3.0,3.0,0.01,30.0,60.0,1e-09,1e-12,6,0.0001,1,new simulation,nan
7,21,0.12146018366025518,0.1499999999999999,-0.30000000000000004,rolling,7.539999999999884,-0.053671650573812874,2.4583385374007185,33,33,0,2.4600863058226676,0.2,0.2617993877991494,9.81,1,1,12,21,41,-3.0,3.0,0.01,30.0,60.0,1e-09,1e-12,6,0.0001,1,new simulation,nan
7,22,0.12146018366025518,0.2999999999999998,-0.30000000000000004,rolling,7.449999999999886,-0.06108271790329924,2.4600349183769414,33,33,0,2.460088693578516,0.2,0.2617993877991494,9.81,1,1,12,21,41,-3.0,3.0,0.01,30.0,60.0,1e-09,1e-12,6,0.0001,1,new simulation,nan
7,23,0.12146018366025518,0.44999999999999973,-0.30000000000000004,rolling,7.379999999999887,-0.04785841598842127,2.4571638905179185,33,33,0,2.460092671797372,0.2,0.2617993877991494,9.81,1,1,12,21,41,-3.0,3.0,0.01,30.0,60.0,1e-09,1e-12,6,0.0001,1,new simulation,nan
7,24,0.12146018366025518,0.5999999999999996,-0.30000000000000004,rolling,7.309999999999889,-0.05156675740293487,2.4579018939044066,33,33,0,2.46009824062592,0.2,0.2617993877991494,9.81,1,1,12,21,41,-3.0,3.0,0.01,30.0,60.0,1e-09,1e-12,6,0.0001,1,new simulation,nan
7,25,0.12146018366025518,0.75,-0.30000000000000004,rolling,7.24999999999989,-0.041824605160777684,2.4560893307274965,33,33,0,2.4601054018611057,0.2,0.2617993877991494,9.81,1,1,12,21,41,-3.0,3.0,0.01,30.0,60.0,1e-09,1e-12,6,0.0001,1,new simulation,nan
7,26,0.12146018366025518,0.8999999999999999,-0.30000000000000004,rolling,7.189999999999891,-0.0401645540444206,2.455821371691167,33,33,0,2.460114151974034,0.2,0.2617993877991494,9.81,1,1,12,21,41,-3.0,3.0,0.01,30.0,60.0,1e-09,1e-12,6,0.0001,1,new simulation,nan
7,27,0.12146018366025518,1.0499999999999998,-0.30000000000000004,rolling,7.129999999999892,-0.04493179988194462,2.456635734618409,33,33,0,2.460124496466508,0.2,0.2617993877991494,9.81,1,1,12,21,41,-3.0,3.0,0.01,30.0,60.0,1e-09,1e-12,6,0.0001,1,new simulation,nan
7,28,0.12146018366025518,1.2000000000000002,-0.30000000000000004,rolling,7.069999999999894,-0.05518673809595554,2.458689146222126,33,33,0,2.460136431758842,0.2,0.2617993877991494,9.81,1,1,12,21,41,-3.0,3.0,0.01,30.0,60.0,1e-09,1e-12,6,0.0001,1,new simulation,nan
7,29,0.12146018366025518,1.3499999999999996,-0.30000000000000004,rolling,6.809999999999899,-0.060384684701333395,2.4598703459591515,32,32,0,2.460098827053613,0.2,0.2617993877991494,9.81,1,1,12,21,41,-3.0,3.0,0.01,30.0,60.0,1e-09,1e-12,6,0.0001,1,new simulation,nan
7,30,0.12146018366025518,1.5,-0.30000000000000004,rolling,6.7599999999999,-0.055459141805413656,2.458741686308346,32,32,0,2.4601189846519724,0.2,0.2617993877991494,9.81,1,1,12,21,41,-3.0,3.0,0.01,30.0,60.0,1e-09,1e-12,6,0.0001,1,new simulation,nan
7,31,0.12146018366025518,1.6499999999999995,-0.30000000000000004,rolling,6.509999999999906,-0.044769922004155825,2.4565905930537912,31,31,0,2.4600872347127445,0.2,0.2617993877991494,9.81,1,1,12,21,41,-3.0,3.0,0.01,30.0,60.0,1e-09,1e-12,6,0.0001,1,new simulation,nan
7,32,0.12146018366025518,1.7999999999999998,-0.30000000000000004,rolling,6.459999999999907,-0.04798412621605464,2.4571996768061917,31,31,0,2.4601197660839773,0.2,0.2617993877991494,9.81,1,1,12,21,41,-3.0,3.0,0.01,30.0,60.0,1e-09,1e-12,6,0.0001,1,new simulation,nan
7,33,0.12146018366025518,1.9500000000000002,-0.30000000000000004,rolling,6.209999999999912,-0.04496087301629409,2.4566328100342396,30,30,0,2.460105725257972,0.2,0.2617993877991494,9.81,1,1,12,21,41,-3.0,3.0,0.01,30.0,60.0,1e-09,1e-12,6,0.0001,1,new simulation,nan
7,34,0.12146018366025518,2.0999999999999996,-0.30000000000000004,rolling,5.959999999999917,-0.04545935681147524,2.456723648161806,29,29,0,2.4601077441187895,0.2,0.2617993877991494,9.81,1,1,12,21,41,-3.0,3.0,0.01,30.0,60.0,1e-09,1e-12,6,0.0001,1,new simulation,nan
7,35,0.12146018366025518,2.25,-0.30000000000000004,rolling,5.509999999999927,-0.039342223997216305,2.4556782833928343,27,27,0,2.4600852528342227,0.2,0.2617993877991494,9.81,1,1,12,21,41,-3.0,3.0,0.01,30.0,60.0,1e-09,1e-12,6,0.0001,1,new simulation,nan
7,36,0.12146018366025518,2.3999999999999995,-0.30000000000000004,rolling,4.849999999999941,-0.05102537517984541,2.457798312199263,24,24,0,2.4601148759746705,0.2,0.2617993877991494,9.81,1,1,12,21,41,-3.0,3.0,0.01,30.0,60.0,1e-09,1e-12,6,0.0001,1,new simulation,nan
7,37,0.12146018366025518,2.55,-0.30000000000000004,rolling,4.599999999999946,-0.06114628833719169,2.4602364239388925,23,23,0,2.4605182570172093,0.2,0.2617993877991494,9.81,1,1,12,21,41,-3.0,3.0,0.01,30.0,60.0,1e-09,1e-12,6,0.0001,1,new simulation,nan
7,38,0.12146018366025518,2.7,-0.30000000000000004,rolling,5.5799999999999255,-0.05988792492310813,2.45991275930193,28,28,0,2.460471668162158,0.2,0.2617993877991494,9.81,1,1,12,21,41,-3.0,3.0,0.01,30.0,60.0,1e-09,1e-12,6,0.0001,1,new simulation,nan
7,39,0.12146018366025518,2.8499999999999996,-0.30000000000000004,rolling,5.949999999999918,-0.05609115372670888,2.459033380247543,30,30,0,2.460467793370984,0.2,0.2617993877991494,9.81,1,1,12,21,41,-3.0,3.0,0.01,30.0,60.0,1e-09,1e-12,6,0.0001,1,new simulation,nan
7,40,0.12146018366025518,3.0,-0.30000000000000004,rolling,6.119999999999914,-0.04492794702119114,2.456790006313268,31,31,0,2.460481834740176,0.2,0.2617993877991494,9.81,1,1,12,21,41,-3.0,3.0,0.01,30.0,60.0,1e-09,1e-12,6,0.0001,1,new simulation,nan
8,0,0.14764012244017014,-3.0,-0.19999999999999998,rolling,8.64999999999986,-0.04009602201961916,2.4558119691421094,37,34,3,2.4601177918677344,0.2,0.2617993877991494,9.81,1,1,12,21,41,-3.0,3.0,0.01,30.0,60.0,1e-09,1e-12,6,0.0001,1,new simulation,nan
8,1,0.14764012244017014,-2.85,-0.19999999999999998,rolling,8.68999999999986,-0.0508817981195448,2.4577661347684097,37,34,3,2.46010797545871,0.2,0.2617993877991494,9.81,1,1,12,21,41,-3.0,3.0,0.01,30.0,60.0,1e-09,1e-12,6,0.0001,1,new simulation,nan
8,2,0.14764012244017014,-2.7,-0.19999999999999998,rolling,8.879999999999855,-0.055007191472339255,2.4586333323471288,37,34,3,2.460098660770005,0.2,0.2617993877991494,9.81,1,1,12,21,41,-3.0,3.0,0.01,30.0,60.0,1e-09,1e-12,6,0.0001,1,new simulation,nan
8,3,0.14764012244017014,-2.55,-0.19999999999999998,rolling,9.519999999999841,-0.050285895255866825,2.457638195572526,35,33,2,2.4600902761082355,0.2,0.2617993877991494,9.81,1,1,12,21,41,-3.0,3.0,0.01,30.0,60.0,1e-09,1e-12,6,0.0001,1,new simulation,nan
8,4,0.14764012244017014,-2.4,-0.19999999999999998,rolling,8.579999999999862,-0.05930367919149193,2.45962706347417,36,34,2,2.4601324661735715,0.2,0.2617993877991494,9.81,1,1,12,21,41,-3.0,3.0,0.01,30.0,60.0,1e-09,1e-12,6,0.0001,1,new simulation,nan
8,5,0.14764012244017014,-2.25,-0.19999999999999998,rolling,8.459999999999864,-0.04211016693716314,2.45614441103378,36,34,2,2.4601220624655142,0.2,0.2617993877991494,9.81,1,1,12,21,41,-3.0,3.0,0.01,30.0,60.0,1e-09,1e-12,6,0.0001,1,new simulation,nan
8,6,0.14764012244017014,-2.1,-0.19999999999999998,rolling,8.449999999999864,-0.04233561192441576,2.4561781971201424,36,34,2,2.4601123288233686,0.2,0.2617993877991494,9.81,1,1,12,21,41,-3.0,3.0,0.01,30.0,60.0,1e-09,1e-12,6,0.0001,1,new simulation,nan
8,7,0.14764012244017014,-1.95,-0.19999999999999998,rolling,8.529999999999863,-0.05900935843312617,2.4595450141453608,36,34,2,2.4601032648332226,0.2,0.2617993877991494,9.81,1,1,12,21,41,-3.0,3.0,0.01,30.0,60.0,1e-09,1e-12,6,0.0001,1,new simulation,nan
8,8,0.14764012244017014,-1.8,-0.19999999999999998,rolling,8.859999999999856,-0.03903677311056347,2.4556346480604874,36,34,2,2.4600948737456303,0.2,0.2617993877991494,9.81,1,1,12,21,41,-3.0,3.0,0.01,30.0,60.0,1e-09,1e-12,6,0.0001,1,new simulation,nan
8,9,0.14764012244017014,-1.6500000000000001,-0.19999999999999998,rolling,8.419999999999865,-0.05904955759114948,2.459546772012916,34,33,1,2.460085484836899,0.2,0.2617993877991494,9.81,1,1,12,21,41,-3.0,3.0,0.01,30.0,60.0,1e-09,1e-12,6,0.0001,1,new simulation,nan
8,10,0.14764012244017014,-1.5,-0.19999999999999998,rolling,8.269999999999868,-0.061249523890856174,2.4600937033437926,35,34,1,2.4601305510991156,0.2,0.2617993877991494,9.81,1,1,12,21,41,-3.0,3.0,0.01,30.0,60.0,1e-09,1e-12,6,0.0001,1,new simulation,nan
8,11,0.14764012244017014,-1.35,-0.19999999999999998,rolling,8.15999999999987,-0.059244709170707864,2.45960861827336,35,34,1,2.4601220474174355,0.2,0.2617993877991494,9.81,1,1,12,21,41,-3.0,3.0,0.01,30.0,60.0,1e-09,1e-12,6,0.0001,1,new simulation,nan
8,12,0.14764012244017014,-1.2000000000000002,-0.19999999999999998,rolling,8.129999999999871,-0.03861590177206933,2.4555778732730915,35,34,1,2.4601144403130166,0.2,0.2617993877991494,9.81,1,1,12,21,41,-3.0,3.0,0.01,30.0,60.0,1e-09,1e-12,6,0.0001,1,new simulation,nan
8,13,0.14764012244017014,-1.05,-0.19999999999999998,rolling,8.129999999999871,-0.05753260701787209,2.4592038963607297,35,34,1,2.46010772739066,0.2,0.2617993877991494,9.81,1,1,12,21,41,-3.0,3.0,0.01,30.0,60.0,1e-09,1e-12,6,0.0001,1,new simulation,nan
8,14,0.14764012244017014,-0.8999999999999999,-0.19999999999999998,rolling,8.18999999999987,-0.043319407306886375,2.456341902561632,35,34,1,2.4601019101331607,0.2,0.2617993877991494,9.81,1,1,12,21,41,-3.0,3.0,0.01,30.0,60.0,1e-09,1e-12,6,0.0001,1,new simulation,nan
8,15,0.14764012244017014,-0.75,-0.19999999999999998,rolling,8.309999999999867,-0.0583607800050906,2.459390565508762,35,34,1,2.4600969865817577,0.2,0.2617993877991494,9.81,1,1,12,21,41,-3.0,3.0,0.01,30.0,60.0,1e-09,1e-12,6,0.0001,1,new simulation,nan
8,16,0.14764012244017014,-0.6000000000000001,-0.19999999999999998,rolling,8.62999999999986,-0.049979380424611065,2.457578048419782,35,34,1,2.460092958251088,0.2,0.2617993877991494,9.81,1,1,12,21,41,-3.0,3.0,0.01,30.0,60.0,1e-09,1e-12,6,0.0001,1,new simulation,nan
8,17,0.14764012244017014,-0.4500000000000002,-0.19999999999999998,rolling,8.739999999999858,-0.049179878411304015,2.457418697543015,33,33,0,2.4600902346184186,0.2,0.2617993877991494,9.81,1,1,12,21,41,-3.0,3.0,0.01,30.0,60.0,1e-09,1e-12,6,0.0001,1,new simulation,nan
8,18,0.14764012244017014,-0.30000000000000027,-0.19999999999999998,rolling,7.919999999999876,-0.052177611561767985,2.4580231092153215,33,33,0,2.460086257385809,0.2,0.2617993877991494,9.81,1,1,12,21,41,-3.0,3.0,0.01,30.0,60.0,1e-09,1e-12,6,0.0001,1,new simulation,nan
8,19,0.14764012244017014,-0.1499999999999999,-0.19999999999999998,rolling,7.919999999999876,-0.05731813086342124,2.459168225703789,34,34,0,2.4601387388565197,0.2,0.2617993877991494,9.81,1,1,12,21,41,-3.0,3.0,0.01,30.0,60.0,1e-09,1e-12,6,0.0001,1,new simulation,nan
8,20,0.14764012244017014,0.0,-0.19999999999999998,rolling,7.799999999999878,-0.04978830318494423,2.457559599213411,34,34,0,2.4601381410418064,0.2,0.2617993877991494,9.81,1,1,12,21,41,-3.0,3.0,0.01,30.0,60.0,1e-09,1e-12,6,0.0001,1,new simulation,nan
8,21,0.14764012244017014,0.1499999999999999,-0.19999999999999998,rolling,7.70999999999988,-0.04343320241732834,2.4563775829839396,34,34,0,2.4601387398147887,0.2,0.2617993877991494,9.81,1,1,12,21,41,-3.0,3.0,0.01,30.0,60.0,1e-09,1e-12,6,0.0001,1,new simulation,nan
8,22,0.14764012244017014,0.2999999999999998,-0.19999999999999998,rolling,7.429999999999886,-0.039152495099300355,2.455648980211171,33,33,0,2.4600862578645013,0.2,0.2617993877991494,9.81,1,1,12,21,41,-3.0,3.0,0.01,30.0,60.0,1e-09,1e-12,6,0.0001,1,new simulation,nan
8,23,0.14764012244017014,0.44999999999999973,-0.19999999999999998,rolling,7.3599999999998875,-0.04040124323418702,2.455849073916846,33,33,0,2.4600902343888253,0.2,0.2617993877991494,9.81,1,1,12,21,41,-3.0,3.0,0.01,30.0,60.0,1e-09,1e-12,6,0.0001,1,new simulation,nan
8,24,0.14764012244017014,0.5999999999999996,-0.19999999999999998,rolling,7.289999999999889,-0.0538721734325174,2.4583856605894927,33,33,0,2.4600958049127946,0.2,0.2617993877991494,9.81,1,1,12,21,41,-3.0,3.0,0.01,30.0,60.0,1e-09,1e-12,6,0.0001,1,new simulation,nan
8,25,0.14764012244017014,0.75,-0.19999999999999998,rolling,7.22999999999989,-0.051022532321960926,2.457792570217789,33,33,0,2.460102965520358,0.2,0.2617993877991494,9.81,1,1,12,21,41,-3.0,3.0,0.01,30.0,60.0,1e-09,1e-12,6,0.0001,1,new simulation,nan
8,26,0.14764012244017014,0.8999999999999999,-0.19999999999999998,rolling,7.169999999999892,-0.05441214326871755,2.4585091549510962,33,33,0,2.4601117172718943,0.2,0.2617993877991494,9.81,1,1,12,21,41,-3.0,3.0,0.01,30.0,60.0,1e-09,1e-12,6,0.0001,1,new simulation,nan
8,27,0.14764012244017014,1.0499999999999998,-0.19999999999999998,rolling,7.119999999999893,-0.03842872482891159,2.4555523799440526,33,33,0,2.460122061132442,0.2,0.2617993877991494,9.81,1,1,12,21,41,-3.0,3.0,0.01,30.0,60.0,1e-09,1e-12,6,0.0001,1,new simulation,nan
8,28,0.14764012244017014,1.2000000000000002,-0.19999999999999998,rolling,7.059999999999894,-0.051650260207058186,2.457934583734467,33,33,0,2.4601339951381234,0.2,0.2617993877991494,9.81,1,1,12,21,41,-3.0,3.0,0.01,30.0,60.0,1e-09,1e-12,6,0.0001,1,new simulation,nan
8,29,0.14764012244017014,1.3499999999999996,-0.19999999999999998,rolling,6.7999999999998995,-0.05922160906993838,2.459591700780767,32,32,0,2.4600955795593262,0.2,0.2617993877991494,9.81,1,1,12,21,41,-3.0,3.0,0.01,30.0,60.0,1e-09,1e-12,6,0.0001,1,new simulation,nan
8,30,0.14764012244017014,1.5,-0.19999999999999998,rolling,6.7499999999999005,-0.056237944647393796,2.458913721034021,32,32,0,2.460115736200058,0.2,0.2617993877991494,9.81,1,1,12,21,41,-3.0,3.0,0.01,30.0,60.0,1e-09,1e-12,6,0.0001,1,new simulation,nan
8,31,0.14764012244017014,1.6499999999999995,-0.19999999999999998,rolling,6.699999999999902,-0.057128813173173545,2.4591247190615833,32,32,0,2.4601380133200355,0.2,0.2617993877991494,9.81,1,1,12,21,41,-3.0,3.0,0.01,30.0,60.0,1e-09,1e-12,6,0.0001,1,new simulation,nan
8,32,0.14764012244017014,1.7999999999999998,-0.19999999999999998,rolling,6.449999999999907,-0.051755732660590276,2.457948293525508,31,31,0,2.4601154351404615,0.2,0.2617993877991494,9.81,1,1,12,21,41,-3.0,3.0,0.01,30.0,60.0,1e-09,1e-12,6,0.0001,1,new simulation,nan
8,33,0.14764012244017014,1.9500000000000002,-0.19999999999999998,rolling,6.199999999999912,-0.04991607063008333,2.457568460140682,30,30,0,2.460099949469436,0.2,0.2617993877991494,9.81,1,1,12,21,41,-3.0,3.0,0.01,30.0,60.0,1e-09,1e-12,6,0.0001,1,new simulation,nan
8,34,0.14764012244017014,2.0999999999999996,-0.19999999999999998,rolling,5.949999999999918,-0.05144907665972611,2.4578784951866517,29,29,0,2.4601000447149013,0.2,0.2617993877991494,9.81,1,1,12,21,41,-3.0,3.0,0.01,30.0,60.0,1e-09,1e-12,6,0.0001,1,new simulation,nan
8,35,0.14764012244017014,2.25,-0.19999999999999998,rolling,5.699999999999923,-0.056203598828890325,2.4589119867760463,28,28,0,2.4601295069232942,0.2,0.2617993877991494,9.81,1,1,12,21,41,-3.0,3.0,0.01,30.0,60.0,1e-09,1e-12,6,0.0001,1,new simulation,nan
8,36,0.14764012244017014,2.3999999999999995,-0.19999999999999998,rolling,5.049999999999937,-0.04412250609680314,2.456497584471227,25,25,0,2.4601376552903695,0.2,0.2617993877991494,9.81,1,1,12,21,41,-3.0,3.0,0.01,30.0,60.0,1e-09,1e-12,6,0.0001,1,new simulation,nan
8,37,0.14764012244017014,2.55,-0.19999999999999998,rolling,4.599999999999946,-0.04500446568850126,2.456800774058685,23,23,0,2.460474998476195,0.2,0.2617993877991494,9.81,1,1,12,21,41,-3.0,3.0,0.01,30.0,60.0,1e-09,1e-12,6,0.0001,1,new simulation,nan
8,38,0.14764012244017014,2.7,-0.19999999999999998,rolling,5.36999999999993,-0.05907458198088831,2.4597383110222313,27,27,0,2.46051409124146,0.2,0.2617993877991494,9.81,1,1,12,21,41,-3.0,3.0,0.01,30.0,60.0,1e-09,1e-12,6,0.0001,1,new simulation,nan
8,39,0.14764012244017014,2.8499999999999996,-0.19999999999999998,rolling,5.739999999999922,-0.055883675148661764,2.4590074780075613,29,29,0,2.460514910655751,0.2,0.2617993877991494,9.81,1,1,12,21,41,-3.0,3.0,0.01,30.0,60.0,1e-09,1e-12,6,0.0001,1,new simulation,nan
8,40,0.14764012244017014,3.0,-0.19999999999999998,rolling,6.109999999999914,-0.05520049850809179,2.4588399625874855,31,31,0,2.460477504325771,0.2,0.2617993877991494,9.81,1,1,12,21,41,-3.0,3.0,0.01,30.0,60.0,1e-09,1e-12,6,0.0001,1,new simulation,nan
9,0,0.1738200612200851,-3.0,-0.09999999999999994,rolling,8.64999999999986,-0.0616554756580158,2.4601871948345946,37,34,3,2.460116872989486,0.2,0.2617993877991494,9.81,1,1,12,21,41,-3.0,3.0,0.01,30.0,60.0,1e-09,1e-12,6,0.0001,1,new simulation,nan
9,1,0.1738200612200851,-2.85,-0.09999999999999994,rolling,8.709999999999859,-0.049053805179204726,2.457401278953058,37,34,3,2.4601070538726844,0.2,0.2617993877991494,9.81,1,1,12,21,41,-3.0,3.0,0.01,30.0,60.0,1e-09,1e-12,6,0.0001,1,new simulation,nan
9,2,0.1738200612200851,-2.7,-0.09999999999999994,rolling,8.929999999999854,-0.048293287245979706,2.4572495223802235,37,34,3,2.4600977403620057,0.2,0.2617993877991494,9.81,1,1,12,21,41,-3.0,3.0,0.01,30.0,60.0,1e-09,1e-12,6,0.0001,1,new simulation,nan
9,3,0.1738200612200851,-2.55,-0.09999999999999994,rolling,8.979999999999853,-0.04872587935084016,2.457329319909645,35,33,2,2.460088640207593,0.2,0.2617993877991494,9.81,1,1,12,21,41,-3.0,3.0,0.01,30.0,60.0,1e-09,1e-12,6,0.0001,1,new simulation,nan
9,4,0.1738200612200851,-2.4,-0.09999999999999994,rolling,8.569999999999862,-0.05071287087894698,2.4577419823327613,36,34,2,2.4601312398345825,0.2,0.2617993877991494,9.81,1,1,12,21,41,-3.0,3.0,0.01,30.0,60.0,1e-09,1e-12,6,0.0001,1,new simulation,nan
9,5,0.1738200612200851,-2.25,-0.09999999999999994,rolling,8.459999999999864,-0.0558163143823991,2.4588217331493474,36,34,2,2.460120835481585,0.2,0.2617993877991494,9.81,1,1,12,21,41,-3.0,3.0,0.01,30.0,60.0,1e-09,1e-12,6,0.0001,1,new simulation,nan
9,6,0.1738200612200851,-2.1,-0.09999999999999994,rolling,8.459999999999864,-0.06139776060029773,2.4601215088070543,36,34,2,2.460111102748233,0.2,0.2617993877991494,9.81,1,1,12,21,41,-3.0,3.0,0.01,30.0,60.0,1e-09,1e-12,6,0.0001,1,new simulation,nan
9,7,0.1738200612200851,-1.95,-0.09999999999999994,rolling,8.569999999999862,-0.0519675103917733,2.457986305015604,36,34,2,2.460102039833409,0.2,0.2617993877991494,9.81,1,1,12,21,41,-3.0,3.0,0.01,30.0,60.0,1e-09,1e-12,6,0.0001,1,new simulation,nan
9,8,0.1738200612200851,-1.8,-0.09999999999999994,rolling,8.989999999999853,-0.05947137761116033,2.459649949271784,36,34,2,2.4600936455016624,0.2,0.2617993877991494,9.81,1,1,12,21,41,-3.0,3.0,0.01,30.0,60.0,1e-09,1e-12,6,0.0001,1,new simulation,nan
9,9,0.1738200612200851,-1.6500000000000001,-0.09999999999999994,rolling,8.539999999999862,-0.04357257359760491,2.456401603287772,35,34,1,2.460138315534104,0.2,0.2617993877991494,9.81,1,1,12,21,41,-3.0,3.0,0.01,30.0,60.0,1e-09,1e-12,6,0.0001,1,new simulation,nan
9,10,0.1738200612200851,-1.5,-0.09999999999999994,rolling,8.259999999999868,-0.05796186956894921,2.4593119027711534,35,34,1,2.460128915682807,0.2,0.2617993877991494,9.81,1,1,12,21,41,-3.0,3.0,0.01,30.0,60.0,1e-09,1e-12,6,0.0001,1,new simulation,nan
9,11,0.1738200612200851,-1.35,-0.09999999999999994,rolling,8.16999999999987,-0.05261213375973006,2.4581287300856873,35,34,1,2.4601204136413406,0.2,0.2617993877991494,9.81,1,1,12,21,41,-3.0,3.0,0.01,30.0,60.0,1e-09,1e-12,6,0.0001,1,new simulation,nan
9,12,0.1738200612200851,-1.2000000000000002,-0.09999999999999994,rolling,8.14999999999987,-0.038902740194885016,2.4556215659041856,35,34,1,2.46011280592497,0.2,0.2617993877991494,9.81,1,1,12,21,41,-3.0,3.0,0.01,30.0,60.0,1e-09,1e-12,6,0.0001,1,new simulation,nan
9,13,0.1738200612200851,-1.05,-0.09999999999999994,rolling,8.16999999999987,-0.044863432608426984,2.456615498760197,35,34,1,2.460106092176631,0.2,0.2617993877991494,9.81,1,1,12,21,41,-3.0,3.0,0.01,30.0,60.0,1e-09,1e-12,6,0.0001,1,new simulation,nan
9,14,0.1738200612200851,-0.8999999999999999,-0.09999999999999994,rolling,8.249999999999869,-0.0415046704379155,2.4560338806977806,35,34,1,2.4601002753217833,0.2,0.2617993877991494,9.81,1,1,12,21,41,-3.0,3.0,0.01,30.0,60.0,1e-09,1e-12,6,0.0001,1,new simulation,nan
9,15,0.1738200612200851,-0.75,-0.09999999999999994,rolling,8.429999999999865,-0.0566748003616595,2.459003230963986,35,34,1,2.4600953512946373,0.2,0.2617993877991494,9.81,1,1,12,21,41,-3.0,3.0,0.01,30.0,60.0,1e-09,1e-12,6,0.0001,1,new simulation,nan
9,16,0.1738200612200851,-0.6000000000000001,-0.09999999999999994,rolling,9.13999999999985,-0.05603205080145569,2.458857057810211,35,34,1,2.4600913235212865,0.2,0.2617993877991494,9.81,1,1,12,21,41,-3.0,3.0,0.01,30.0,60.0,1e-09,1e-12,6,0.0001,1,new simulation,nan
9,17,0.1738200612200851,-0.4500000000000002,-0.09999999999999994,rolling,8.089999999999872,-0.056185125278010756,2.458889576594621,33,33,0,2.4600873298260333,0.2,0.2617993877991494,9.81,1,1,12,21,41,-3.0,3.0,0.01,30.0,60.0,1e-09,1e-12,6,0.0001,1,new simulation,nan
9,18,0.1738200612200851,-0.30000000000000027,-0.09999999999999994,rolling,7.999999999999874,-0.05933329092894414,2.4596366138903334,34,34,0,2.4601383486859323,0.2,0.2617993877991494,9.81,1,1,12,21,41,-3.0,3.0,0.01,30.0,60.0,1e-09,1e-12,6,0.0001,1,new simulation,nan
9,19,0.1738200612200851,-0.1499999999999999,-0.09999999999999994,rolling,7.859999999999877,-0.045480975248156974,2.4567400663976002,34,34,0,2.46013655851707,0.2,0.2617993877991494,9.81,1,1,12,21,41,-3.0,3.0,0.01,30.0,60.0,1e-09,1e-12,6,0.0001,1,new simulation,nan
9,20,0.1738200612200851,0.0,-0.09999999999999994,rolling,7.759999999999879,-0.04365466045204307,2.4564148761454394,34,34,0,2.4601359623357584,0.2,0.2617993877991494,9.81,1,1,12,21,41,-3.0,3.0,0.01,30.0,60.0,1e-09,1e-12,6,0.0001,1,new simulation,nan
9,21,0.1738200612200851,0.1499999999999999,-0.09999999999999994,rolling,7.679999999999881,-0.041817683734527766,2.456101690757221,34,34,0,2.4601365595971707,0.2,0.2617993877991494,9.81,1,1,12,21,41,-3.0,3.0,0.01,30.0,60.0,1e-09,1e-12,6,0.0001,1,new simulation,nan
9,22,0.1738200612200851,0.2999999999999998,-0.09999999999999994,rolling,7.609999999999882,-0.04053075471066331,2.455890873492279,34,34,0,2.4601383480538326,0.2,0.2617993877991494,9.81,1,1,12,21,41,-3.0,3.0,0.01,30.0,60.0,1e-09,1e-12,6,0.0001,1,new simulation,nan
9,23,0.1738200612200851,0.44999999999999973,-0.09999999999999994,rolling,7.339999999999888,-0.0432693873775796,2.4563269325705375,33,33,0,2.4600873286635774,0.2,0.2617993877991494,9.81,1,1,12,21,41,-3.0,3.0,0.01,30.0,60.0,1e-09,1e-12,6,0.0001,1,new simulation,nan
9,24,0.1738200612200851,0.5999999999999996,-0.09999999999999994,rolling,7.279999999999889,-0.039960691133002824,2.455779537001072,33,33,0,2.4600928986689836,0.2,0.2617993877991494,9.81,1,1,12,21,41,-3.0,3.0,0.01,30.0,60.0,1e-09,1e-12,6,0.0001,1,new simulation,nan
9,25,0.1738200612200851,0.75,-0.09999999999999994,rolling,7.2199999999998905,-0.042598093264978806,2.456217378861462,33,33,0,2.460100058022308,0.2,0.2617993877991494,9.81,1,1,12,21,41,-3.0,3.0,0.01,30.0,60.0,1e-09,1e-12,6,0.0001,1,new simulation,nan
9,26,0.1738200612200851,0.8999999999999999,-0.09999999999999994,rolling,7.159999999999892,-0.04997346027365167,2.4575837359350867,33,33,0,2.460108809717227,0.2,0.2617993877991494,9.81,1,1,12,21,41,-3.0,3.0,0.01,30.0,60.0,1e-09,1e-12,6,0.0001,1,new simulation,nan
9,27,0.1738200612200851,1.0499999999999998,-0.09999999999999994,rolling,7.099999999999893,-0.061556037497270275,2.460163771283722,33,33,0,2.4601191529437973,0.2,0.2617993877991494,9.81,1,1,12,21,41,-3.0,3.0,0.01,30.0,60.0,1e-09,1e-12,6,0.0001,1,new simulation,nan
9,28,0.1738200612200851,1.2000000000000002,-0.09999999999999994,rolling,7.049999999999894,-0.052507697810506744,2.458111461293424,33,33,0,2.4601310894124597,0.2,0.2617993877991494,9.81,1,1,12,21,41,-3.0,3.0,0.01,30.0,60.0,1e-09,1e-12,6,0.0001,1,new simulation,nan
9,29,0.1738200612200851,1.3499999999999996,-0.09999999999999994,rolling,6.7999999999998995,-0.03733674573443095,2.455373981605565,32,32,0,2.4600917045448862,0.2,0.2617993877991494,9.81,1,1,12,21,41,-3.0,3.0,0.01,30.0,60.0,1e-09,1e-12,6,0.0001,1,new simulation,nan
9,30,0.1738200612200851,1.5,-0.09999999999999994,rolling,6.739999999999901,-0.060422439117038707,2.4598850792129854,32,32,0,2.4601118590595967,0.2,0.2617993877991494,9.81,1,1,12,21,41,-3.0,3.0,0.01,30.0,60.0,1e-09,1e-12,6,0.0001,1,new simulation,nan
9,31,0.1738200612200851,1.6499999999999995,-0.09999999999999994,rolling,6.699999999999902,-0.03798244064761866,2.455489517672396,32,32,0,2.460134137564262,0.2,0.2617993877991494,9.81,1,1,12,21,41,-3.0,3.0,0.01,30.0,60.0,1e-09,1e-12,6,0.0001,1,new simulation,nan
9,32,0.1738200612200851,1.7999999999999998,-0.09999999999999994,rolling,6.439999999999907,-0.05824365484517979,2.4593690961409096,31,31,0,2.4601102689506997,0.2,0.2617993877991494,9.81,1,1,12,21,41,-3.0,3.0,0.01,30.0,60.0,1e-09,1e-12,6,0.0001,1,new simulation,nan
9,33,0.1738200612200851,1.9500000000000002,-0.09999999999999994,rolling,6.1899999999999125,-0.05731949928471303,2.4591487485665953,30,30,0,2.460093057718222,0.2,0.2617993877991494,9.81,1,1,12,21,41,-3.0,3.0,0.01,30.0,60.0,1e-09,1e-12,6,0.0001,1,new simulation,nan
9,34,0.1738200612200851,2.0999999999999996,-0.09999999999999994,rolling,5.939999999999918,-0.059658044215500125,2.45969306044064,29,29,0,2.460090856623651,0.2,0.2617993877991494,9.81,1,1,12,21,41,-3.0,3.0,0.01,30.0,60.0,1e-09,1e-12,6,0.0001,1,new simulation,nan
9,35,0.1738200612200851,2.25,-0.09999999999999994,rolling,5.699999999999923,-0.04054839664140733,2.4558845833287504,28,28,0,2.4601172587285833,0.2,0.2617993877991494,9.81,1,1,12,21,41,-3.0,3.0,0.01,30.0,60.0,1e-09,1e-12,6,0.0001,1,new simulation,nan
9,36,0.1738200612200851,2.3999999999999995,-0.09999999999999994,rolling,5.039999999999937,-0.05367685851506386,2.458349322544528,25,25,0,2.460108621770198,0.2,0.2617993877991494,9.81,1,1,12,21,41,-3.0,3.0,0.01,30.0,60.0,1e-09,1e-12,6,0.0001,1,new simulation,nan
9,37,0.1738200612200851,2.55,-0.09999999999999994,rolling,4.179999999999955,-0.05985758954454716,2.4599250516579367,21,21,0,2.4605167612371335,0.2,0.2617993877991494,9.81,1,1,12,21,41,-3.0,3.0,0.01,30.0,60.0,1e-09,1e-12,6,0.0001,1,new simulation,nan
9,38,0.1738200612200851,2.7,-0.09999999999999994,rolling,5.36999999999993,-0.04516457681759369,2.4568394598419454,27,27,0,2.4604977613268457,0.2,0.2617993877991494,9.81,1,1,12,21,41,-3.0,3.0,0.01,30.0,60.0,1e-09,1e-12,6,0.0001,1,new simulation,nan
9,39,0.1738200612200851,2.8499999999999996,-0.09999999999999994,rolling,5.739999999999922,-0.042465123095696666,2.456370751375246,29,29,0,2.460505725294158,0.2,0.2617993877991494,9.81,1,1,12,21,41,-3.0,3.0,0.01,30.0,60.0,1e-09,1e-12,6,0.0001,1,new simulation,nan
9,40,0.1738200612200851,3.0,-0.09999999999999994,rolling,6.109999999999914,-0.042231815399194135,2.456316820407059,31,31,0,2.460472335546313,0.2,0.2617993877991494,9.81,1,1,12,21,41,-3.0,3.0,0.01,30.0,60.0,1e-09,1e-12,6,0.0001,1,new simulation,nan
10,0,0.2,-3.0,0.0,rolling,8.65999999999986,-0.06120618667076592,2.460076743555374,37,34,3,2.4601158045151705,0.2,0.2617993877991494,9.81,1,1,12,21,41,-3.0,3.0,0.01,30.0,60.0,1e-09,1e-12,6,0.0001,1,new simulation,nan
10,1,0.2,-2.85,0.0,rolling,8.729999999999858,-0.05549518913752295,2.4587440285790265,37,34,3,2.460105985964733,0.2,0.2617993877991494,9.81,1,1,12,21,41,-3.0,3.0,0.01,30.0,60.0,1e-09,1e-12,6,0.0001,1,new simulation,nan
10,2,0.2,-2.7,0.0,rolling,8.989999999999853,-0.05393223552843544,2.4583989493271847,37,34,3,2.460096673335279,0.2,0.2617993877991494,9.81,1,1,12,21,41,-3.0,3.0,0.01,30.0,60.0,1e-09,1e-12,6,0.0001,1,new simulation,nan
10,3,0.2,-2.55,0.0,rolling,8.779999999999857,-0.05773433703582983,2.4592411585175435,35,33,2,2.4600867435777567,0.2,0.2617993877991494,9.81,1,1,12,21,41,-3.0,3.0,0.01,30.0,60.0,1e-09,1e-12,6,0.0001,1,new simulation,nan
10,4,0.2,-2.4,0.0,rolling,8.559999999999862,-0.04285545140247514,2.4562741916566724,36,34,2,2.460129817811215,0.2,0.2617993877991494,9.81,1,1,12,21,41,-3.0,3.0,0.01,30.0,60.0,1e-09,1e-12,6,0.0001,1,new simulation,nan
10,5,0.2,-2.25,0.0,rolling,8.469999999999864,-0.047234112928325765,2.4570570158219245,36,34,2,2.460119410608914,0.2,0.2617993877991494,9.81,1,1,12,21,41,-3.0,3.0,0.01,30.0,60.0,1e-09,1e-12,6,0.0001,1,new simulation,nan
10,6,0.2,-2.1,0.0,rolling,8.489999999999863,-0.038922121491793665,2.455623220609382,36,34,2,2.460109676518762,0.2,0.2617993877991494,9.81,1,1,12,21,41,-3.0,3.0,0.01,30.0,60.0,1e-09,1e-12,6,0.0001,1,new simulation,nan
10,7,0.2,-1.95,0.0,rolling,8.61999999999986,-0.044720306998051934,2.4565875323885202,36,34,2,2.4601006147820423,0.2,0.2617993877991494,9.81,1,1,12,21,41,-3.0,3.0,0.01,30.0,60.0,1e-09,1e-12,6,0.0001,1,new simulation,nan
10,8,0.2,-1.8,0.0,rolling,9.259999999999847,-0.0441230253348934,2.456477972438297,36,34,2,2.460092222040728,0.2,0.2617993877991494,9.81,1,1,12,21,41,-3.0,3.0,0.01,30.0,60.0,1e-09,1e-12,6,0.0001,1,new simulation,nan
10,9,0.2,-1.6500000000000001,0.0,rolling,8.469999999999864,-0.042027611888404745,2.45613676684366,35,34,1,2.4601364159792722,0.2,0.2617993877991494,9.81,1,1,12,21,41,-3.0,3.0,0.01,30.0,60.0,1e-09,1e-12,6,0.0001,1,new simulation,nan
10,10,0.2,-1.5,0.0,rolling,8.249999999999869,-0.05728220375120075,2.4591549415025056,35,34,1,2.460127019513575,0.2,0.2617993877991494,9.81,1,1,12,21,41,-3.0,3.0,0.01,30.0,60.0,1e-09,1e-12,6,0.0001,1,new simulation,nan
10,11,0.2,-1.35,0.0,rolling,8.17999999999987,-0.049582957418552634,2.457510381923245,35,34,1,2.4601185148104374,0.2,0.2617993877991494,9.81,1,1,12,21,41,-3.0,3.0,0.01,30.0,60.0,1e-09,1e-12,6,0.0001,1,new simulation,nan
10,12,0.2,-1.2000000000000002,0.0,rolling,8.16999999999987,-0.04775610819029523,2.457152276933168,35,34,1,2.4601109074447858,0.2,0.2617993877991494,9.81,1,1,12,21,41,-3.0,3.0,0.01,30.0,60.0,1e-09,1e-12,6,0.0001,1,new simulation,nan
10,13,0.2,-1.05,0.0,rolling,8.20999999999987,-0.051667723961465406,2.457925266666599,35,34,1,2.460104193040676,0.2,0.2617993877991494,9.81,1,1,12,21,41,-3.0,3.0,0.01,30.0,60.0,1e-09,1e-12,6,0.0001,1,new simulation,nan
10,14,0.2,-0.8999999999999999,0.0,rolling,8.329999999999867,-0.04110423449423164,2.455967011554422,35,34,1,2.46009837651822,0.2,0.2617993877991494,9.81,1,1,12,21,41,-3.0,3.0,0.01,30.0,60.0,1e-09,1e-12,6,0.0001,1,new simulation,nan
10,15,0.2,-0.75,0.0,rolling,8.63999999999986,-0.04722084952177794,2.4570432621905116,35,34,1,2.4600934528236835,0.2,0.2617993877991494,9.81,1,1,12,21,41,-3.0,3.0,0.01,30.0,60.0,1e-09,1e-12,6,0.0001,1,new simulation,nan
10,16,0.2,-0.6000000000000001,0.0,rolling,8.499999999999863,-0.05789752193076176,2.4592799792415585,33,33,0,2.4600895242447662,0.2,0.2617993877991494,9.81,1,1,12,21,41,-3.0,3.0,0.01,30.0,60.0,1e-09,1e-12,6,0.0001,1,new simulation,nan
10,17,0.2,-0.4500000000000002,0.0,rolling,8.109999999999872,-0.04335200995752149,2.4563635421617382,34,34,0,2.4601388014505368,0.2,0.2617993877991494,9.81,1,1,12,21,41,-3.0,3.0,0.01,30.0,60.0,1e-09,1e-12,6,0.0001,1,new simulation,nan
10,18,0.2,-0.30000000000000027,0.0,rolling,7.919999999999876,-0.05666044993136103,2.4590175181835154,34,34,0,2.4601358172678935,0.2,0.2617993877991494,9.81,1,1,12,21,41,-3.0,3.0,0.01,30.0,60.0,1e-09,1e-12,6,0.0001,1,new simulation,nan
10,19,0.2,-0.1499999999999999,0.0,rolling,7.809999999999878,-0.048630200986445826,2.457330410342065,34,34,0,2.4601340267157212,0.2,0.2617993877991494,9.81,1,1,12,21,41,-3.0,3.0,0.01,30.0,60.0,1e-09,1e-12,6,0.0001,1,new simulation,nan
10,20,0.2,0.0,0.0,rolling,7.71999999999988,-0.06049519488535885,2.4599119524710016,34,34,0,2.460133430021045,0.2,0.2617993877991494,9.81,1,1,12,21,41,-3.0,3.0,0.01,30.0,60.0,1e-09,1e-12,6,0.0001,1,new simulation,nan
10,21,0.2,0.1499999999999999,0.0,rolling,7.649999999999881,-0.05610991043744321,2.458892965846107,34,34,0,2.460134026141007,0.2,0.2617993877991494,9.81,1,1,12,21,41,-3.0,3.0,0.01,30.0,60.0,1e-09,1e-12,6,0.0001,1,new simulation,nan
10,22,0.2,0.2999999999999998,0.0,rolling,7.589999999999883,-0.0440629078649961,2.4564862953614575,34,34,0,2.460135817668102,0.2,0.2617993877991494,9.81,1,1,12,21,41,-3.0,3.0,0.01,30.0,60.0,1e-09,1e-12,6,0.0001,1,new simulation,nan
10,23,0.2,0.44999999999999973,0.0,rolling,7.529999999999884,-0.04125079357845027,2.456008642619074,34,34,0,2.46013880116072,0.2,0.2617993877991494,9.81,1,1,12,21,41,-3.0,3.0,0.01,30.0,60.0,1e-09,1e-12,6,0.0001,1,new simulation,nan
10,24,0.2,0.5999999999999996,0.0,rolling,7.25999999999989,-0.05866858154396274,2.4594591328163617,33,33,0,2.4600895230803195,0.2,0.2617993877991494,9.81,1,1,12,21,41,-3.0,3.0,0.01,30.0,60.0,1e-09,1e-12,6,0.0001,1,new simulation,nan
10,25,0.2,0.75,0.0,rolling,7.209999999999891,-0.04095742987123242,2.4559422235698216,33,33,0,2.46009668347202,0.2,0.2617993877991494,9.81,1,1,12,21,41,-3.0,3.0,0.01,30.0,60.0,1e-09,1e-12,6,0.0001,1,new simulation,nan
10,26,0.2,0.8999999999999999,0.0,rolling,7.149999999999892,-0.05133142408590994,2.457856710691907,33,33,0,2.460105436229363,0.2,0.2617993877991494,9.81,1,1,12,21,41,-3.0,3.0,0.01,30.0,60.0,1e-09,1e-12,6,0.0001,1,new simulation,nan
10,27,0.2,1.0499999999999998,0.0,rolling,7.099999999999893,-0.04053053919466244,2.4558810495489825,33,33,0,2.4601157787511982,0.2,0.2617993877991494,9.81,1,1,12,21,41,-3.0,3.0,0.01,30.0,60.0,1e-09,1e-12,6,0.0001,1,new simulation,nan
10,28,0.2,1.2000000000000002,0.0,rolling,7.039999999999894,-0.05772334475945065,2.4592563770486637,33,33,0,2.4601277138674114,0.2,0.2617993877991494,9.81,1,1,12,21,41,-3.0,3.0,0.01,30.0,60.0,1e-09,1e-12,6,0.0001,1,new simulation,nan
10,29,0.2,1.3499999999999996,0.0,rolling,6.7899999999999,-0.043844758490092256,2.456426934155872,32,32,0,2.460087203722227,0.2,0.2617993877991494,9.81,1,1,12,21,41,-3.0,3.0,0.01,30.0,60.0,1e-09,1e-12,6,0.0001,1,new simulation,nan
10,30,0.2,1.5,0.0,rolling,6.739999999999901,-0.0434064654281969,2.4563593387213283,32,32,0,2.4601073607853703,0.2,0.2617993877991494,9.81,1,1,12,21,41,-3.0,3.0,0.01,30.0,60.0,1e-09,1e-12,6,0.0001,1,new simulation,nan
10,31,0.2,1.6499999999999995,0.0,rolling,6.689999999999902,-0.04641460931224183,2.456908295938156,32,32,0,2.4601296377645077,0.2,0.2617993877991494,9.81,1,1,12,21,41,-3.0,3.0,0.01,30.0,60.0,1e-09,1e-12,6,0.0001,1,new simulation,nan
10,32,0.2,1.7999999999999998,0.0,rolling,6.439999999999907,-0.04284908022493458,2.4562620206489028,31,31,0,2.460104268655351,0.2,0.2617993877991494,9.81,1,1,12,21,41,-3.0,3.0,0.01,30.0,60.0,1e-09,1e-12,6,0.0001,1,new simulation,nan
10,33,0.2,1.9500000000000002,0.0,rolling,6.1899999999999125,-0.04257465972227386,2.456206892000847,30,30,0,2.4600850583605887,0.2,0.2617993877991494,9.81,1,1,12,21,41,-3.0,3.0,0.01,30.0,60.0,1e-09,1e-12,6,0.0001,1,new simulation,nan
10,34,0.2,2.0999999999999996,0.0,rolling,6.1399999999999135,-0.055446207138983704,2.4587461891292612,30,30,0,2.460135979181207,0.2,0.2617993877991494,9.81,1,1,12,21,41,-3.0,3.0,0.01,30.0,60.0,1e-09,1e-12,6,0.0001,1,new simulation,nan
10,35,0.2,2.25,0.0,rolling,5.689999999999923,-0.05146656199041839,2.457883378992125,28,28,0,2.4601030348371395,0.2,0.2617993877991494,9.81,1,1,12,21,41,-3.0,3.0,0.01,30.0,60.0,1e-09,1e-12,6,0.0001,1,new simulation,nan
10,36,0.2,2.3999999999999995,0.0,rolling,5.239999999999933,-0.050446375408538836,2.457688538412259,26,26,0,2.4601320160244504,0.2,0.2617993877991494,9.81,1,1,12,21,41,-3.0,3.0,0.01,30.0,60.0,1e-09,1e-12,6,0.0001,1,new simulation,nan
10,37,0.2,2.55,0.0,rolling,3.7699999999999636,-0.05178497672818304,2.458118140656217,19,19,0,2.460493368041646,0.2,0.2617993877991494,9.81,1,1,12,21,41,-3.0,3.0,0.01,30.0,60.0,1e-09,1e-12,6,0.0001,1,new simulation,nan
10,38,0.2,2.7,0.0,rolling,5.35999999999993,-0.05738297508846638,2.4593303723394464,27,27,0,2.460478801910449,0.2,0.2617993877991494,9.81,1,1,12,21,41,-3.0,3.0,0.01,30.0,60.0,1e-09,1e-12,6,0.0001,1,new simulation,nan
10,39,0.2,2.8499999999999996,0.0,rolling,5.729999999999922,-0.05505214699997106,2.458814957798468,29,29,0,2.460495061291743,0.2,0.2617993877991494,9.81,1,1,12,21,41,-3.0,3.0,0.01,30.0,60.0,1e-09,1e-12,6,0.0001,1,new simulation,nan
10,40,0.2,3.0,0.0,rolling,5.899999999999919,-0.04523768431365531,2.456862583726875,30,30,0,2.460520668213542,0.2,0.2617993877991494,9.81,1,1,12,21,41,-3.0,3.0,0.01,30.0,60.0,1e-09,1e-12,6,0.0001,1,new simulation,nan
11,0,0.22617993877991494,-3.0,0.09999999999999994,rolling,8.67999999999986,-0.03991540230153004,2.455781723142053,37,34,3,2.4601145894611673,0.2,0.2617993877991494,9.81,1,1,12,21,41,-3.0,3.0,0.01,30.0,60.0,1e-09,1e-12,6,0.0001,1,new simulation,nan
11,1,0.22617993877991494,-2.85,0.09999999999999994,rolling,8.759999999999858,-0.04817251620235801,2.457229322404295,37,34,3,2.4601047711048873,0.2,0.2617993877991494,9.81,1,1,12,21,41,-3.0,3.0,0.01,30.0,60.0,1e-09,1e-12,6,0.0001,1,new simulation,nan
11,2,0.22617993877991494,-2.7,0.09999999999999994,rolling,9.07999999999985,-0.044471759957505456,2.4565410456290375,37,34,3,2.4600954565239594,0.2,0.2617993877991494,9.81,1,1,12,21,41,-3.0,3.0,0.01,30.0,60.0,1e-09,1e-12,6,0.0001,1,new simulation,nan
11,3,0.22617993877991494,-2.55,0.09999999999999994,rolling,8.65999999999986,-0.05368671469948918,2.4583410157925956,35,33,2,2.4600845829029816,0.2,0.2617993877991494,9.81,1,1,12,21,41,-3.0,3.0,0.01,30.0,60.0,1e-09,1e-12,6,0.0001,1,new simulation,nan
11,4,0.22617993877991494,-2.4,0.09999999999999994,rolling,8.549999999999862,-0.038122639535590655,2.4555082454658947,36,34,2,2.4601281946723352,0.2,0.2617993877991494,9.81,1,1,12,21,41,-3.0,3.0,0.01,30.0,60.0,1e-09,1e-12,6,0.0001,1,new simulation,nan
11,5,0.22617993877991494,-2.25,0.09999999999999994,rolling,8.479999999999864,-0.042833054995746,2.456265143091534,36,34,2,2.460117790095944,0.2,0.2617993877991494,9.81,1,1,12,21,41,-3.0,3.0,0.01,30.0,60.0,1e-09,1e-12,6,0.0001,1,new simulation,nan
11,6,0.22617993877991494,-2.1,0.09999999999999994,rolling,8.509999999999863,-0.05175682837452525,2.4579453236552173,36,34,2,2.4601080572601504,0.2,0.2617993877991494,9.81,1,1,12,21,41,-3.0,3.0,0.01,30.0,60.0,1e-09,1e-12,6,0.0001,1,new simulation,nan
11,7,0.22617993877991494,-1.95,0.09999999999999994,rolling,8.67999999999986,-0.04991340079606838,2.457567512910894,36,34,2,2.460098992805807,0.2,0.2617993877991494,9.81,1,1,12,21,41,-3.0,3.0,0.01,30.0,60.0,1e-09,1e-12,6,0.0001,1,new simulation,nan
11,8,0.22617993877991494,-1.8,0.09999999999999994,settled,1.500000000000001,-0.0617993877991494,0.0,3,1,2,nan,0.2,0.2617993877991494,9.81,1,1,12,21,41,-3.0,3.0,0.01,30.0,60.0,1e-09,1e-12,6,0.0001,1,new simulation,nan
11,9,0.22617993877991494,-1.6500000000000001,0.09999999999999994,rolling,8.409999999999865,-0.05237012029830157,2.458084055345863,35,34,1,2.4601342562832555,0.2,0.2617993877991494,9.81,1,1,12,21,41,-3.0,3.0,0.01,30.0,60.0,1e-09,1e-12,6,0.0001,1,new simulation,nan
11,10,0.22617993877991494,-1.5,0.09999999999999994,rolling,8.249999999999869,-0.03779928244167767,2.4554577712334855,35,34,1,2.4601248575434886,0.2,0.2617993877991494,9.81,1,1,12,21,41,-3.0,3.0,0.01,30.0,60.0,1e-09,1e-12,6,0.0001,1,new simulation,nan
11,11,0.22617993877991494,-1.35,0.09999999999999994,rolling,8.18999999999987,-0.053459357634603154,2.458306200589327,35,34,1,2.460116353040989,0.2,0.2617993877991494,9.81,1,1,12,21,41,-3.0,3.0,0.01,30.0,60.0,1e-09,1e-12,6,0.0001,1,new simulation,nan
11,12,0.22617993877991494,-1.2000000000000002,0.09999999999999994,rolling,8.19999999999987,-0.045735813362870636,2.456774400894339,35,34,1,2.460108746545863,0.2,0.2617993877991494,9.81,1,1,12,21,41,-3.0,3.0,0.01,30.0,60.0,1e-09,1e-12,6,0.0001,1,new simulation,nan
11,13,0.22617993877991494,-1.05,0.09999999999999994,rolling,8.269999999999868,-0.04072899904191192,2.4559072862610254,35,34,1,2.4601020327464194,0.2,0.2617993877991494,9.81,1,1,12,21,41,-3.0,3.0,0.01,30.0,60.0,1e-09,1e-12,6,0.0001,1,new simulation,nan
11,14,0.22617993877991494,-0.8999999999999999,0.09999999999999994,rolling,8.449999999999864,-0.03938674013184816,2.4556900378533797,35,34,1,2.4600962150974897,0.2,0.2617993877991494,9.81,1,1,12,21,41,-3.0,3.0,0.01,30.0,60.0,1e-09,1e-12,6,0.0001,1,new simulation,nan
11,15,0.22617993877991494,-0.75,0.09999999999999994,rolling,9.239999999999847,-0.04686721696870313,2.456975928271354,35,34,1,2.4600912915025153,0.2,0.2617993877991494,9.81,1,1,12,21,41,-3.0,3.0,0.01,30.0,60.0,1e-09,1e-12,6,0.0001,1,new simulation,nan
11,16,0.22617993877991494,-0.6000000000000001,0.09999999999999994,rolling,8.059999999999873,-0.04049065047390096,2.455861539510577,33,33,0,2.460085681382627,0.2,0.2617993877991494,9.81,1,1,12,21,41,-3.0,3.0,0.01,30.0,60.0,1e-09,1e-12,6,0.0001,1,new simulation,nan
11,17,0.22617993877991494,-0.4500000000000002,0.09999999999999994,rolling,7.999999999999874,-0.04530249534769259,2.4567074498459514,34,34,0,2.4601359205835647,0.2,0.2617993877991494,9.81,1,1,12,21,41,-3.0,3.0,0.01,30.0,60.0,1e-09,1e-12,6,0.0001,1,new simulation,nan
11,18,0.22617993877991494,-0.30000000000000027,0.09999999999999994,rolling,7.859999999999877,-0.06133425007242036,2.4601154296260677,34,34,0,2.460132934870586,0.2,0.2617993877991494,9.81,1,1,12,21,41,-3.0,3.0,0.01,30.0,60.0,1e-09,1e-12,6,0.0001,1,new simulation,nan
11,19,0.22617993877991494,-0.1499999999999999,0.09999999999999994,rolling,7.769999999999879,-0.05639406138616163,2.458955454110561,34,34,0,2.460131146740188,0.2,0.2617993877991494,9.81,1,1,12,21,41,-3.0,3.0,0.01,30.0,60.0,1e-09,1e-12,6,0.0001,1,new simulation,nan
11,20,0.22617993877991494,0.0,0.09999999999999994,rolling,7.69999999999988,-0.047426874111682574,2.4570982590269774,34,34,0,2.460130550366841,0.2,0.2617993877991494,9.81,1,1,12,21,41,-3.0,3.0,0.01,30.0,60.0,1e-09,1e-12,6,0.0001,1,new simulation,nan
11,21,0.22617993877991494,0.1499999999999999,0.09999999999999994,rolling,7.629999999999882,-0.060222577209273466,2.4598453809964607,34,34,0,2.4601311467332683,0.2,0.2617993877991494,9.81,1,1,12,21,41,-3.0,3.0,0.01,30.0,60.0,1e-09,1e-12,6,0.0001,1,new simulation,nan
11,22,0.22617993877991494,0.2999999999999998,0.09999999999999994,rolling,7.569999999999883,-0.05909030315072297,2.459576918658664,34,34,0,2.460132935881957,0.2,0.2617993877991494,9.81,1,1,12,21,41,-3.0,3.0,0.01,30.0,60.0,1e-09,1e-12,6,0.0001,1,new simulation,nan
11,23,0.22617993877991494,0.44999999999999973,0.09999999999999994,rolling,7.519999999999884,-0.03876383742949027,2.455610050558039,34,34,0,2.460135920460738,0.2,0.2617993877991494,9.81,1,1,12,21,41,-3.0,3.0,0.01,30.0,60.0,1e-09,1e-12,6,0.0001,1,new simulation,nan
11,24,0.22617993877991494,0.5999999999999996,0.09999999999999994,rolling,7.24999999999989,-0.060785896282529915,2.459961531371182,33,33,0,2.4600856823012367,0.2,0.2617993877991494,9.81,1,1,12,21,41,-3.0,3.0,0.01,30.0,60.0,1e-09,1e-12,6,0.0001,1,new simulation,nan
11,25,0.22617993877991494,0.75,0.09999999999999994,rolling,7.199999999999891,-0.04610201906832079,2.4568346262946337,33,33,0,2.4600928416718824,0.2,0.2617993877991494,9.81,1,1,12,21,41,-3.0,3.0,0.01,30.0,60.0,1e-09,1e-12,6,0.0001,1,new simulation,nan
11,26,0.22617993877991494,0.8999999999999999,0.09999999999999994,rolling,7.139999999999892,-0.05851456718372534,2.459428388377341,33,33,0,2.460101594901278,0.2,0.2617993877991494,9.81,1,1,12,21,41,-3.0,3.0,0.01,30.0,60.0,1e-09,1e-12,6,0.0001,1,new simulation,nan
11,27,0.22617993877991494,1.0499999999999998,0.09999999999999994,rolling,7.089999999999893,-0.04911165983506973,2.457414727970924,33,33,0,2.4601119376934695,0.2,0.2617993877991494,9.81,1,1,12,21,41,-3.0,3.0,0.01,30.0,60.0,1e-09,1e-12,6,0.0001,1,new simulation,nan
11,28,0.22617993877991494,1.2000000000000002,0.09999999999999994,rolling,7.039999999999894,-0.04274122734609623,2.4562520928677145,33,33,0,2.4601238721198686,0.2,0.2617993877991494,9.81,1,1,12,21,41,-3.0,3.0,0.01,30.0,60.0,1e-09,1e-12,6,0.0001,1,new simulation,nan
11,29,0.22617993877991494,1.3499999999999996,0.09999999999999994,rolling,6.989999999999895,-0.03958720594634778,2.4557395154208197,33,33,0,2.460137398078001,0.2,0.2617993877991494,9.81,1,1,12,21,41,-3.0,3.0,0.01,30.0,60.0,1e-09,1e-12,6,0.0001,1,new simulation,nan
11,30,0.22617993877991494,1.5,0.09999999999999994,rolling,6.729999999999901,-0.054362474822538046,2.458494273096668,32,32,0,2.460102238156829,0.2,0.2617993877991494,9.81,1,1,12,21,41,-3.0,3.0,0.01,30.0,60.0,1e-09,1e-12,6,0.0001,1,new simulation,nan
11,31,0.22617993877991494,1.6499999999999995,0.09999999999999994,rolling,6.679999999999902,-0.057871814699721545,2.4592892021551114,32,32,0,2.46012451626683,0.2,0.2617993877991494,9.81,1,1,12,21,41,-3.0,3.0,0.01,30.0,60.0,1e-09,1e-12,6,0.0001,1,new simulation,nan
11,32,0.22617993877991494,1.7999999999999998,0.09999999999999994,rolling,6.429999999999907,-0.0547307594102376,2.458572314588205,31,31,0,2.4600974398559434,0.2,0.2617993877991494,9.81,1,1,12,21,41,-3.0,3.0,0.01,30.0,60.0,1e-09,1e-12,6,0.0001,1,new simulation,nan
11,33,0.22617993877991494,1.9500000000000002,0.09999999999999994,rolling,6.389999999999908,-0.04022308581123035,2.4558388592906084,31,31,0,2.460132802272735,0.2,0.2617993877991494,9.81,1,1,12,21,41,-3.0,3.0,0.01,30.0,60.0,1e-09,1e-12,6,0.0001,1,new simulation,nan
11,34,0.22617993877991494,2.0999999999999996,0.09999999999999994,rolling,6.1399999999999135,-0.04347632824648738,2.456379916362291,30,30,0,2.460126873761926,0.2,0.2617993877991494,9.81,1,1,12,21,41,-3.0,3.0,0.01,30.0,60.0,1e-09,1e-12,6,0.0001,1,new simulation,nan
11,35,0.22617993877991494,2.25,0.09999999999999994,rolling,5.689999999999923,-0.03981518689772086,2.4557537352983596,28,28,0,2.4600868494645787,0.2,0.2617993877991494,9.81,1,1,12,21,41,-3.0,3.0,0.01,30.0,60.0,1e-09,1e-12,6,0.0001,1,new simulation,nan
11,36,0.22617993877991494,2.3999999999999995,0.09999999999999994,rolling,5.239999999999933,-0.039087564258224405,2.4556462023424896,26,26,0,2.4601032410406147,0.2,0.2617993877991494,9.81,1,1,12,21,41,-3.0,3.0,0.01,30.0,60.0,1e-09,1e-12,6,0.0001,1,new simulation,nan
11,37,0.22617993877991494,2.55,0.09999999999999994,rolling,2.339999999999994,-0.04471398908328697,2.4565914275440686,12,12,0,2.4601121995812356,0.2,0.2617993877991494,9.81,1,1,12,21,41,-3.0,3.0,0.01,30.0,60.0,1e-09,1e-12,6,0.0001,1,new simulation,nan
11,38,0.22617993877991494,2.7,0.09999999999999994,rolling,5.149999999999935,-0.06121740485600575,2.4602495447007886,26,26,0,2.4605085171778067,0.2,0.2617993877991494,9.81,1,1,12,21,41,-3.0,3.0,0.01,30.0,60.0,1e-09,1e-12,6,0.0001,1,new simulation,nan
11,39,0.22617993877991494,2.8499999999999996,0.09999999999999994,rolling,5.729999999999922,-0.04448675055728567,2.45671174055158,29,29,0,2.46048292295089,0.2,0.2617993877991494,9.81,1,1,12,21,41,-3.0,3.0,0.01,30.0,60.0,1e-09,1e-12,6,0.0001,1,new simulation,nan
11,40,0.22617993877991494,3.0,0.09999999999999994,rolling,5.889999999999919,-0.05949296731422958,2.459836080462686,30,30,0,2.4605115676757685,0.2,0.2617993877991494,9.81,1,1,12,21,41,-3.0,3.0,0.01,30.0,60.0,1e-09,1e-12,6,0.0001,1,new simulation,nan
12,0,0.2523598775598299,-3.0,0.2000000000000001,rolling,8.68999999999986,-0.04833368767963731,2.4572640267202717,37,34,3,2.46011322835185,0.2,0.2617993877991494,9.81,1,1,12,21,41,-3.0,3.0,0.01,30.0,60.0,1e-09,1e-12,6,0.0001,1,new simulation,nan
12,1,0.2523598775598299,-2.85,0.2000000000000001,rolling,8.789999999999857,-0.05529851882059735,2.4586994642035234,37,34,3,2.4601034087044,0.2,0.2617993877991494,9.81,1,1,12,21,41,-3.0,3.0,0.01,30.0,60.0,1e-09,1e-12,6,0.0001,1,new simulation,nan
12,2,0.2523598775598299,-2.7,0.2000000000000001,rolling,9.209999999999848,-0.043376961431832714,2.456348473221571,37,34,3,2.460094095253647,0.2,0.2617993877991494,9.81,1,1,12,21,41,-3.0,3.0,0.01,30.0,60.0,1e-09,1e-12,6,0.0001,1,new simulation,nan
12,3,0.2523598775598299,-2.55,0.2000000000000001,rolling,8.779999999999857,-0.04808852344580464,2.457227360281587,36,34,2,2.4601374564170597,0.2,0.2617993877991494,9.81,1,1,12,21,41,-3.0,3.0,0.01,30.0,60.0,1e-09,1e-12,6,0.0001,1,new simulation,nan
12,4,0.2523598775598299,-2.4,0.2000000000000001,rolling,8.539999999999862,-0.03859512198659029,2.45557984958329,36,34,2,2.460126381464052,0.2,0.2617993877991494,9.81,1,1,12,21,41,-3.0,3.0,0.01,30.0,60.0,1e-09,1e-12,6,0.0001,1,new simulation,nan
12,5,0.2523598775598299,-2.25,0.2000000000000001,rolling,8.489999999999863,-0.04478339768563312,2.456605463228976,36,34,2,2.460115974501577,0.2,0.2617993877991494,9.81,1,1,12,21,41,-3.0,3.0,0.01,30.0,60.0,1e-09,1e-12,6,0.0001,1,new simulation,nan
12,6,0.2523598775598299,-2.1,0.2000000000000001,rolling,8.539999999999862,-0.05516651438918865,2.458671617967267,36,34,2,2.460106241584269,0.2,0.2617993877991494,9.81,1,1,12,21,41,-3.0,3.0,0.01,30.0,60.0,1e-09,1e-12,6,0.0001,1,new simulation,nan
12,7,0.2523598775598299,-1.95,0.2000000000000001,rolling,8.769999999999857,-0.042777898814357465,2.4562467770721677,36,34,2,2.460097178544576,0.2,0.2617993877991494,9.81,1,1,12,21,41,-3.0,3.0,0.01,30.0,60.0,1e-09,1e-12,6,0.0001,1,new simulation,nan
12,8,0.2523598775598299,-1.8,0.2000000000000001,rolling,8.739999999999858,-0.05358929010220939,2.4583218240032156,34,33,1,2.4600883903144113,0.2,0.2617993877991494,9.81,1,1,12,21,41,-3.0,3.0,0.01,30.0,60.0,1e-09,1e-12,6,0.0001,1,new simulation,nan
12,9,0.2523598775598299,-1.6500000000000001,0.2000000000000001,rolling,8.369999999999866,-0.04307790353816555,2.45631322906835,35,34,1,2.460131835478259,0.2,0.2617993877991494,9.81,1,1,12,21,41,-3.0,3.0,0.01,30.0,60.0,1e-09,1e-12,6,0.0001,1,new simulation,nan
12,10,0.2523598775598299,-1.5,0.2000000000000001,rolling,8.239999999999869,-0.051608900869583196,2.4579210568078236,35,34,1,2.4601224365578447,0.2,0.2617993877991494,9.81,1,1,12,21,41,-3.0,3.0,0.01,30.0,60.0,1e-09,1e-12,6,0.0001,1,new simulation,nan
12,11,0.2523598775598299,-1.35,0.2000000000000001,rolling,8.20999999999987,-0.04367538540294215,2.4564089333001204,35,34,1,2.4601139305591464,0.2,0.2617993877991494,9.81,1,1,12,21,41,-3.0,3.0,0.01,30.0,60.0,1e-09,1e-12,6,0.0001,1,new simulation,nan
12,12,0.2523598775598299,-1.2000000000000002,0.2000000000000001,rolling,8.239999999999869,-0.04045745568801368,2.4558651306250634,35,34,1,2.460106325712907,0.2,0.2617993877991494,9.81,1,1,12,21,41,-3.0,3.0,0.01,30.0,60.0,1e-09,1e-12,6,0.0001,1,new simulation,nan
12,13,0.2523598775598299,-1.05,0.2000000000000001,rolling,8.339999999999867,-0.059031662542133295,2.4595486786927605,35,34,1,2.4600996108557402,0.2,0.2617993877991494,9.81,1,1,12,21,41,-3.0,3.0,0.01,30.0,60.0,1e-09,1e-12,6,0.0001,1,new simulation,nan
12,14,0.2523598775598299,-0.8999999999999999,0.2000000000000001,rolling,8.65999999999986,-0.0545550934176751,2.458532451981146,35,34,1,2.4600937927935105,0.2,0.2617993877991494,9.81,1,1,12,21,41,-3.0,3.0,0.01,30.0,60.0,1e-09,1e-12,6,0.0001,1,new simulation,nan
12,15,0.2523598775598299,-0.75,0.2000000000000001,rolling,8.379999999999866,-0.038059670358349784,2.4554814620723198,33,33,0,2.460088537861574,0.2,0.2617993877991494,9.81,1,1,12,21,41,-3.0,3.0,0.01,30.0,60.0,1e-09,1e-12,6,0.0001,1,new simulation,nan
12,16,0.2523598775598299,-0.6000000000000001,0.2000000000000001,rolling,8.089999999999872,-0.05850319892914737,2.459441017013568,34,34,0,2.460136869968352,0.2,0.2617993877991494,9.81,1,1,12,21,41,-3.0,3.0,0.01,30.0,60.0,1e-09,1e-12,6,0.0001,1,new simulation,nan
12,17,0.2523598775598299,-0.4500000000000002,0.2000000000000001,rolling,7.929999999999875,-0.038138613494057935,2.4555126317150413,34,34,0,2.460132692929759,0.2,0.2617993877991494,9.81,1,1,12,21,41,-3.0,3.0,0.01,30.0,60.0,1e-09,1e-12,6,0.0001,1,new simulation,nan
12,18,0.2523598775598299,-0.30000000000000027,0.2000000000000001,rolling,7.819999999999878,-0.05535900108692121,2.4587242039736017,34,34,0,2.4601297077541893,0.2,0.2617993877991494,9.81,1,1,12,21,41,-3.0,3.0,0.01,30.0,60.0,1e-09,1e-12,6,0.0001,1,new simulation,nan
12,19,0.2523598775598299,-0.1499999999999999,0.2000000000000001,rolling,7.749999999999879,-0.03869363800937482,2.455595721496263,34,34,0,2.4601279191773577,0.2,0.2617993877991494,9.81,1,1,12,21,41,-3.0,3.0,0.01,30.0,60.0,1e-09,1e-12,6,0.0001,1,new simulation,nan
12,20,0.2523598775598299,0.0,0.2000000000000001,rolling,7.679999999999881,-0.05166034429270292,2.4579337707201043,34,34,0,2.4601273220219535,0.2,0.2617993877991494,9.81,1,1,12,21,41,-3.0,3.0,0.01,30.0,60.0,1e-09,1e-12,6,0.0001,1,new simulation,nan
12,21,0.2523598775598299,0.1499999999999999,0.2000000000000001,rolling,7.619999999999882,-0.05352564859575487,2.4583253574025954,34,34,0,2.4601279190438374,0.2,0.2617993877991494,9.81,1,1,12,21,41,-3.0,3.0,0.01,30.0,60.0,1e-09,1e-12,6,0.0001,1,new simulation,nan
12,22,0.2523598775598299,0.2999999999999998,0.2000000000000001,rolling,7.559999999999883,-0.060960337066769836,2.4600229156832074,34,34,0,2.4601297082048075,0.2,0.2617993877991494,9.81,1,1,12,21,41,-3.0,3.0,0.01,30.0,60.0,1e-09,1e-12,6,0.0001,1,new simulation,nan
12,23,0.2523598775598299,0.44999999999999973,0.2000000000000001,rolling,7.509999999999884,-0.045900387306812555,2.456814880879081,34,34,0,2.46013269141142,0.2,0.2617993877991494,9.81,1,1,12,21,41,-3.0,3.0,0.01,30.0,60.0,1e-09,1e-12,6,0.0001,1,new simulation,nan
12,24,0.2523598775598299,0.5999999999999996,0.2000000000000001,rolling,7.449999999999886,-0.056461306174371555,2.4589730640225222,34,34,0,2.460136870142312,0.2,0.2617993877991494,9.81,1,1,12,21,41,-3.0,3.0,0.01,30.0,60.0,1e-09,1e-12,6,0.0001,1,new simulation,nan
12,25,0.2523598775598299,0.75,0.2000000000000001,rolling,7.189999999999891,-0.05822760374304331,2.459355956347,33,33,0,2.460088536658506,0.2,0.2617993877991494,9.81,1,1,12,21,41,-3.0,3.0,0.01,30.0,60.0,1e-09,1e-12,6,0.0001,1,new simulation,nan
12,26,0.2523598775598299,0.8999999999999999,0.2000000000000001,rolling,7.139999999999892,-0.0470951074543539,2.4570212585731364,33,33,0,2.460097289358289,0.2,0.2617993877991494,9.81,1,1,12,21,41,-3.0,3.0,0.01,30.0,60.0,1e-09,1e-12,6,0.0001,1,new simulation,nan
12,27,0.2523598775598299,1.0499999999999998,0.2000000000000001,rolling,7.089999999999893,-0.038279677233091725,2.4555232886620177,33,33,0,2.4601076333981378,0.2,0.2617993877991494,9.81,1,1,12,21,41,-3.0,3.0,0.01,30.0,60.0,1e-09,1e-12,6,0.0001,1,new simulation,nan
12,28,0.2523598775598299,1.2000000000000002,0.2000000000000001,rolling,7.0299999999998946,-0.05680880756115889,2.4590440428546807,33,33,0,2.4601195690668085,0.2,0.2617993877991494,9.81,1,1,12,21,41,-3.0,3.0,0.01,30.0,60.0,1e-09,1e-12,6,0.0001,1,new simulation,nan
12,29,0.2523598775598299,1.3499999999999996,0.2000000000000001,rolling,6.979999999999896,-0.05384942211425311,2.4583969302199318,33,33,0,2.460133093826604,0.2,0.2617993877991494,9.81,1,1,12,21,41,-3.0,3.0,0.01,30.0,60.0,1e-09,1e-12,6,0.0001,1,new simulation,nan
12,30,0.2523598775598299,1.5,0.2000000000000001,rolling,6.729999999999901,-0.04418699664462718,2.4564911056497967,32,32,0,2.4600964990192518,0.2,0.2617993877991494,9.81,1,1,12,21,41,-3.0,3.0,0.01,30.0,60.0,1e-09,1e-12,6,0.0001,1,new simulation,nan
12,31,0.2523598775598299,1.6499999999999995,0.2000000000000001,rolling,6.679999999999902,-0.047801319400899926,2.4571643086969295,32,32,0,2.460118776552425,0.2,0.2617993877991494,9.81,1,1,12,21,41,-3.0,3.0,0.01,30.0,60.0,1e-09,1e-12,6,0.0001,1,new simulation,nan
12,32,0.2523598775598299,1.7999999999999998,0.2000000000000001,rolling,6.429999999999907,-0.04476256971117061,2.4565903854939344,31,31,0,2.4600897873026244,0.2,0.2617993877991494,9.81,1,1,12,21,41,-3.0,3.0,0.01,30.0,60.0,1e-09,1e-12,6,0.0001,1,new simulation,nan
12,33,0.2523598775598299,1.9500000000000002,0.2000000000000001,rolling,6.379999999999908,-0.05492980395127438,2.4586278437578724,31,31,0,2.4601251488015192,0.2,0.2617993877991494,9.81,1,1,12,21,41,-3.0,3.0,0.01,30.0,60.0,1e-09,1e-12,6,0.0001,1,new simulation,nan
12,34,0.2523598775598299,2.0999999999999996,0.2000000000000001,rolling,6.129999999999914,-0.0582931631874466,2.4593833696157916,30,30,0,2.460116671566025,0.2,0.2617993877991494,9.81,1,1,12,21,41,-3.0,3.0,0.01,30.0,60.0,1e-09,1e-12,6,0.0001,1,new simulation,nan
12,35,0.2523598775598299,2.25,0.2000000000000001,rolling,5.889999999999919,-0.04012737327621729,2.4558211452113303,29,29,0,2.460127369724407,0.2,0.2617993877991494,9.81,1,1,12,21,41,-3.0,3.0,0.01,30.0,60.0,1e-09,1e-12,6,0.0001,1,new simulation,nan
12,36,0.2523598775598299,2.3999999999999995,0.2000000000000001,rolling,5.4399999999999284,-0.03951453069084919,2.4557244265223934,27,27,0,2.4601290810601513,0.2,0.2617993877991494,9.81,1,1,12,21,41,-3.0,3.0,0.01,30.0,60.0,1e-09,1e-12,6,0.0001,1,new simulation,nan
12,37,0.2523598775598299,2.55,0.2000000000000001,rolling,3.9699999999999593,-0.04112956012241402,2.4559731847222492,20,20,0,2.4601030220213005,0.2,0.2617993877991494,9.81,1,1,12,21,41,-3.0,3.0,0.01,30.0,60.0,1e-09,1e-12,6,0.0001,1,new simulation,nan
12,38,0.2523598775598299,2.7,0.2000000000000001,rolling,5.149999999999935,-0.05193080026163884,2.458140898193098,26,26,0,2.4604762768495374,0.2,0.2617993877991494,9.81,1,1,12,21,41,-3.0,3.0,0.01,30.0,60.0,1e-09,1e-12,6,0.0001,1,new simulation,nan
12,39,0.2523598775598299,2.8499999999999996,0.2000000000000001,rolling,5.7199999999999225,-0.059924068139739016,2.4599203726056342,29,29,0,2.460469321935951,0.2,0.2617993877991494,9.81,1,1,12,21,41,-3.0,3.0,0.01,30.0,60.0,1e-09,1e-12,6,0.0001,1,new simulation,nan
12,40,0.2523598775598299,3.0,0.2000000000000001,rolling,5.889999999999919,-0.05048077481318079,2.4578555680943053,30,30,0,2.4605013643994544,0.2,0.2617993877991494,9.81,1,1,12,21,41,-3.0,3.0,0.01,30.0,60.0,1e-09,1e-12,6,0.0001,1,new simulation,nan
13,0,0.27853981633974484,-3.0,0.30000000000000004,rolling,8.709999999999859,-0.03903787357644155,2.4556421255922345,37,34,3,2.460111717847667,0.2,0.2617993877991494,9.81,1,1,12,21,41,-3.0,3.0,0.01,30.0,60.0,1e-09,1e-12,6,0.0001,1,new simulation,nan
13,1,0.27853981633974484,-2.85,0.30000000000000004,rolling,8.829999999999856,-0.0577336460447144,2.4592475659962654,37,34,3,2.4601019013968846,0.2,0.2617993877991494,9.81,1,1,12,21,41,-3.0,3.0,0.01,30.0,60.0,1e-09,1e-12,6,0.0001,1,new simulation,nan
13,2,0.27853981633974484,-2.7,0.30000000000000004,rolling,9.439999999999843,-0.045997073400916896,2.4568152244798025,37,34,3,2.460092586021902,0.2,0.2617993877991494,9.81,1,1,12,21,41,-3.0,3.0,0.01,30.0,60.0,1e-09,1e-12,6,0.0001,1,new simulation,nan
13,3,0.27853981633974484,-2.55,0.30000000000000004,rolling,8.709999999999859,-0.060912269900485295,2.4600137276054923,36,34,2,2.460135447522957,0.2,0.2617993877991494,9.81,1,1,12,21,41,-3.0,3.0,0.01,30.0,60.0,1e-09,1e-12,6,0.0001,1,new simulation,nan
13,4,0.27853981633974484,-2.4,0.30000000000000004,rolling,8.529999999999863,-0.046166838473784846,2.456860231229396,36,34,2,2.4601243699937805,0.2,0.2617993877991494,9.81,1,1,12,21,41,-3.0,3.0,0.01,30.0,60.0,1e-09,1e-12,6,0.0001,1,new simulation,nan
13,5,0.27853981633974484,-2.25,0.30000000000000004,rolling,8.499999999999863,-0.05570257051073002,2.4587934648348897,36,34,2,2.460113964633415,0.2,0.2617993877991494,9.81,1,1,12,21,41,-3.0,3.0,0.01,30.0,60.0,1e-09,1e-12,6,0.0001,1,new simulation,nan
13,6,0.27853981633974484,-2.1,0.30000000000000004,rolling,8.579999999999862,-0.05578012801490972,2.458806487135027,36,34,2,2.460104231323597,0.2,0.2617993877991494,9.81,1,1,12,21,41,-3.0,3.0,0.01,30.0,60.0,1e-09,1e-12,6,0.0001,1,new simulation,nan
13,7,0.27853981633974484,-1.95,0.30000000000000004,rolling,8.899999999999855,-0.05537592434049698,2.4587129776512615,36,34,2,2.460095169363966,0.2,0.2617993877991494,9.81,1,1,12,21,41,-3.0,3.0,0.01,30.0,60.0,1e-09,1e-12,6,0.0001,1,new simulation,nan
13,8,0.27853981633974484,-1.8,0.30000000000000004,rolling,8.459999999999864,-0.05731206703030048,2.4591434803070413,34,33,1,2.460084814572538,0.2,0.2617993877991494,9.81,1,1,12,21,41,-3.0,3.0,0.01,30.0,60.0,1e-09,1e-12,6,0.0001,1,new simulation,nan
13,9,0.27853981633974484,-1.6500000000000001,0.30000000000000004,rolling,8.329999999999867,-0.059235921449092704,2.4596096221164547,35,34,1,2.4601291545477473,0.2,0.2617993877991494,9.81,1,1,12,21,41,-3.0,3.0,0.01,30.0,60.0,1e-09,1e-12,6,0.0001,1,new simulation,nan
13,10,0.27853981633974484,-1.5,0.30000000000000004,rolling,8.239999999999869,-0.05264226437918456,2.458134772337014,35,34,1,2.4601197572318756,0.2,0.2617993877991494,9.81,1,1,12,21,41,-3.0,3.0,0.01,30.0,60.0,1e-09,1e-12,6,0.0001,1,new simulation,nan
13,11,0.27853981633974484,-1.35,0.30000000000000004,rolling,8.229999999999869,-0.05011866802354322,2.457613792970731,35,34,1,2.460111251796125,0.2,0.2617993877991494,9.81,1,1,12,21,41,-3.0,3.0,0.01,30.0,60.0,1e-09,1e-12,6,0.0001,1,new simulation,nan
13,12,0.27853981633974484,-1.2000000000000002,0.30000000000000004,rolling,8.289999999999868,-0.0445046329940313,2.4565504325117034,35,34,1,2.460103641676259,0.2,0.2617993877991494,9.81,1,1,12,21,41,-3.0,3.0,0.01,30.0,60.0,1e-09,1e-12,6,0.0001,1,new simulation,nan
13,13,0.27853981633974484,-1.05,0.30000000000000004,rolling,8.459999999999864,-0.05933330890698271,2.459618680733591,35,34,1,2.4600969322521204,0.2,0.2617993877991494,9.81,1,1,12,21,41,-3.0,3.0,0.01,30.0,60.0,1e-09,1e-12,6,0.0001,1,new simulation,nan
13,14,0.27853981633974484,-0.8999999999999999,0.30000000000000004,rolling,9.429999999999843,-0.0423239683695973,2.456167026315961,35,34,1,2.4600911131299887,0.2,0.2617993877991494,9.81,1,1,12,21,41,-3.0,3.0,0.01,30.0,60.0,1e-09,1e-12,6,0.0001,1,new simulation,nan
13,15,0.27853981633974484,-0.75,0.30000000000000004,rolling,8.229999999999869,-0.052512414925552996,2.458115731754754,34,34,0,2.460138665062898,0.2,0.2617993877991494,9.81,1,1,12,21,41,-3.0,3.0,0.01,30.0,60.0,1e-09,1e-12,6,0.0001,1,new simulation,nan
13,16,0.27853981633974484,-0.6000000000000001,0.30000000000000004,rolling,7.999999999999874,-0.0384794518471306,2.455565043522676,34,34,0,2.4601332932633846,0.2,0.2617993877991494,9.81,1,1,12,21,41,-3.0,3.0,0.01,30.0,60.0,1e-09,1e-12,6,0.0001,1,new simulation,nan
13,17,0.27853981633974484,-0.4500000000000002,0.30000000000000004,rolling,7.869999999999877,-0.06015046974888466,2.4598272063140487,34,34,0,2.4601291192313854,0.2,0.2617993877991494,9.81,1,1,12,21,41,-3.0,3.0,0.01,30.0,60.0,1e-09,1e-12,6,0.0001,1,new simulation,nan
13,18,0.27853981633974484,-0.30000000000000027,0.30000000000000004,rolling,7.789999999999878,-0.05456793604740186,2.458549257688076,34,34,0,2.4601261342548284,0.2,0.2617993877991494,9.81,1,1,12,21,41,-3.0,3.0,0.01,30.0,60.0,1e-09,1e-12,6,0.0001,1,new simulation,nan
13,19,0.27853981633974484,-0.1499999999999999,0.30000000000000004,rolling,7.72999999999988,-0.041979651949950327,2.456123487943594,34,34,0,2.460124343273335,0.2,0.2617993877991494,9.81,1,1,12,21,41,-3.0,3.0,0.01,30.0,60.0,1e-09,1e-12,6,0.0001,1,new simulation,nan
13,20,0.27853981633974484,0.0,0.30000000000000004,rolling,7.669999999999881,-0.04801860217917103,2.457208009464257,34,34,0,2.4601237484012475,0.2,0.2617993877991494,9.81,1,1,12,21,41,-3.0,3.0,0.01,30.0,60.0,1e-09,1e-12,6,0.0001,1,new simulation,nan
13,21,0.27853981633974484,0.1499999999999999,0.30000000000000004,rolling,7.609999999999882,-0.060845594255194924,2.4599927441940537,34,34,0,2.4601243444861534,0.2,0.2617993877991494,9.81,1,1,12,21,41,-3.0,3.0,0.01,30.0,60.0,1e-09,1e-12,6,0.0001,1,new simulation,nan
13,22,0.27853981633974484,0.2999999999999998,0.30000000000000004,rolling,7.559999999999883,-0.05019627648954272,2.4576357730863747,34,34,0,2.4601261340441147,0.2,0.2617993877991494,9.81,1,1,12,21,41,-3.0,3.0,0.01,30.0,60.0,1e-09,1e-12,6,0.0001,1,new simulation,nan
13,23,0.27853981633974484,0.44999999999999973,0.30000000000000004,rolling,7.509999999999884,-0.038671280290808685,2.455592787405146,34,34,0,2.460129119359967,0.2,0.2617993877991494,9.81,1,1,12,21,41,-3.0,3.0,0.01,30.0,60.0,1e-09,1e-12,6,0.0001,1,new simulation,nan
13,24,0.27853981633974484,0.5999999999999996,0.30000000000000004,rolling,7.449999999999886,-0.05086293219061704,2.4577732780367696,34,34,0,2.46013329406447,0.2,0.2617993877991494,9.81,1,1,12,21,41,-3.0,3.0,0.01,30.0,60.0,1e-09,1e-12,6,0.0001,1,new simulation,nan
13,25,0.27853981633974484,0.75,0.30000000000000004,rolling,7.399999999999887,-0.03854670430089367,2.4555777191794683,34,34,0,2.460138665548928,0.2,0.2617993877991494,9.81,1,1,12,21,41,-3.0,3.0,0.01,30.0,60.0,1e-09,1e-12,6,0.0001,1,new simulation,nan
13,26,0.27853981633974484,0.8999999999999999,0.30000000000000004,rolling,7.139999999999892,-0.04197225882984547,2.4561084469387184,33,33,0,2.4600925246105394,0.2,0.2617993877991494,9.81,1,1,12,21,41,-3.0,3.0,0.01,30.0,60.0,1e-09,1e-12,6,0.0001,1,new simulation,nan
13,27,0.27853981633974484,1.0499999999999998,0.30000000000000004,rolling,7.0799999999998935,-0.057402435358904186,2.4591719667668333,33,33,0,2.460102867701916,0.2,0.2617993877991494,9.81,1,1,12,21,41,-3.0,3.0,0.01,30.0,60.0,1e-09,1e-12,6,0.0001,1,new simulation,nan
13,28,0.27853981633974484,1.2000000000000002,0.30000000000000004,rolling,7.0299999999998946,-0.05094221703474668,2.457781366818136,33,33,0,2.4601148030810096,0.2,0.2617993877991494,9.81,1,1,12,21,41,-3.0,3.0,0.01,30.0,60.0,1e-09,1e-12,6,0.0001,1,new simulation,nan
13,29,0.27853981633974484,1.3499999999999996,0.30000000000000004,rolling,6.979999999999896,-0.04757296152242333,2.4571249878227337,33,33,0,2.4601283268293312,0.2,0.2617993877991494,9.81,1,1,12,21,41,-3.0,3.0,0.01,30.0,60.0,1e-09,1e-12,6,0.0001,1,new simulation,nan
13,30,0.27853981633974484,1.5,0.30000000000000004,rolling,6.729999999999901,-0.037548303671419536,2.455404944562007,32,32,0,2.46009014557262,0.2,0.2617993877991494,9.81,1,1,12,21,41,-3.0,3.0,0.01,30.0,60.0,1e-09,1e-12,6,0.0001,1,new simulation,nan
13,31,0.27853981633974484,1.6499999999999995,0.30000000000000004,rolling,6.679999999999902,-0.040854252307455596,2.455932195615037,32,32,0,2.4601124233716214,0.2,0.2617993877991494,9.81,1,1,12,21,41,-3.0,3.0,0.01,30.0,60.0,1e-09,1e-12,6,0.0001,1,new simulation,nan
13,32,0.27853981633974484,1.7999999999999998,0.30000000000000004,rolling,6.629999999999903,-0.04752617828525154,2.4571197945911645,32,32,0,2.460136822753642,0.2,0.2617993877991494,9.81,1,1,12,21,41,-3.0,3.0,0.01,30.0,60.0,1e-09,1e-12,6,0.0001,1,new simulation,nan
13,33,0.27853981633974484,1.9500000000000002,0.30000000000000004,rolling,6.379999999999908,-0.047543345160974866,2.4571143176047237,31,31,0,2.4601166779919033,0.2,0.2617993877991494,9.81,1,1,12,21,41,-3.0,3.0,0.01,30.0,60.0,1e-09,1e-12,6,0.0001,1,new simulation,nan
13,34,0.27853981633974484,2.0999999999999996,0.30000000000000004,rolling,6.129999999999914,-0.0507640062369668,2.457741121998941,30,30,0,2.460105375235902,0.2,0.2617993877991494,9.81,1,1,12,21,41,-3.0,3.0,0.01,30.0,60.0,1e-09,1e-12,6,0.0001,1,new simulation,nan
13,35,0.27853981633974484,2.25,0.30000000000000004,rolling,5.879999999999919,-0.05707685469077948,2.4591017515521436,29,29,0,2.460112308155082,0.2,0.2617993877991494,9.81,1,1,12,21,41,-3.0,3.0,0.01,30.0,60.0,1e-09,1e-12,6,0.0001,1,new simulation,nan
13,36,0.27853981633974484,2.3999999999999995,0.30000000000000004,rolling,5.429999999999929,-0.05639727221065676,2.458943681583233,27,27,0,2.460102308772434,0.2,0.2617993877991494,9.81,1,1,12,21,41,-3.0,3.0,0.01,30.0,60.0,1e-09,1e-12,6,0.0001,1,new simulation,nan
13,37,0.27853981633974484,2.55,0.30000000000000004,rolling,4.579999999999947,-0.03867941494121037,2.4555962583333786,23,23,0,2.460134219543842,0.2,0.2617993877991494,9.81,1,1,12,21,41,-3.0,3.0,0.01,30.0,60.0,1e-09,1e-12,6,0.0001,1,new simulation,nan
13,38,0.27853981633974484,2.7,0.30000000000000004,rolling,4.939999999999939,-0.05884702067245807,2.459672806672952,25,25,0,2.4604863350202186,0.2,0.2617993877991494,9.81,1,1,12,21,41,-3.0,3.0,0.01,30.0,60.0,1e-09,1e-12,6,0.0001,1,new simulation,nan
13,39,0.27853981633974484,2.8499999999999996,0.30000000000000004,rolling,5.519999999999927,-0.04227663569089658,2.456338366847511,28,28,0,2.460504572679849,0.2,0.2617993877991494,9.81,1,1,12,21,41,-3.0,3.0,0.01,30.0,60.0,1e-09,1e-12,6,0.0001,1,new simulation,nan
13,40,0.27853981633974484,3.0,0.30000000000000004,rolling,5.889999999999919,-0.04279262032720692,2.4564197006240462,30,30,0,2.4604900728480916,0.2,0.2617993877991494,9.81,1,1,12,21,41,-3.0,3.0,0.01,30.0,60.0,1e-09,1e-12,6,0.0001,1,new simulation,nan
14,0,0.30471975511965976,-3.0,0.39999999999999997,rolling,8.729999999999858,-0.03877338728602202,2.455600316130651,37,34,3,2.4601100691310687,0.2,0.2617993877991494,9.81,1,1,12,21,41,-3.0,3.0,0.01,30.0,60.0,1e-09,1e-12,6,0.0001,1,new simulation,nan
14,1,0.30471975511965976,-2.85,0.39999999999999997,rolling,8.889999999999855,-0.0396067954794041,2.455726497707484,37,34,3,2.4601002493082285,0.2,0.2617993877991494,9.81,1,1,12,21,41,-3.0,3.0,0.01,30.0,60.0,1e-09,1e-12,6,0.0001,1,new simulation,nan
14,2,0.30471975511965976,-2.7,0.39999999999999997,rolling,10.189999999999827,-0.059938250296113514,2.459759878770037,37,34,3,2.460090934384301,0.2,0.2617993877991494,9.81,1,1,12,21,41,-3.0,3.0,0.01,30.0,60.0,1e-09,1e-12,6,0.0001,1,new simulation,nan
14,3,0.30471975511965976,-2.55,0.39999999999999997,rolling,8.66999999999986,-0.0372760162832607,2.455382950876557,36,34,2,2.4601332432705108,0.2,0.2617993877991494,9.81,1,1,12,21,41,-3.0,3.0,0.01,30.0,60.0,1e-09,1e-12,6,0.0001,1,new simulation,nan
14,4,0.30471975511965976,-2.4,0.39999999999999997,rolling,8.529999999999863,-0.038130673466956186,2.4555068551731836,36,34,2,2.4601221674618112,0.2,0.2617993877991494,9.81,1,1,12,21,41,-3.0,3.0,0.01,30.0,60.0,1e-09,1e-12,6,0.0001,1,new simulation,nan
14,5,0.30471975511965976,-2.25,0.39999999999999997,rolling,8.519999999999863,-0.05434486754553642,2.4584945868210553,36,34,2,2.460111763582631,0.2,0.2617993877991494,9.81,1,1,12,21,41,-3.0,3.0,0.01,30.0,60.0,1e-09,1e-12,6,0.0001,1,new simulation,nan
14,6,0.30471975511965976,-2.1,0.39999999999999997,rolling,8.63999999999986,-0.03990287268317698,2.455774276859918,36,34,2,2.4601020277830874,0.2,0.2617993877991494,9.81,1,1,12,21,41,-3.0,3.0,0.01,30.0,60.0,1e-09,1e-12,6,0.0001,1,new simulation,nan
14,7,0.30471975511965976,-1.95,0.39999999999999997,rolling,9.15999999999985,-0.05487255132951409,2.4586013637539743,36,34,2,2.4600929653706043,0.2,0.2617993877991494,9.81,1,1,12,21,41,-3.0,3.0,0.01,30.0,60.0,1e-09,1e-12,6,0.0001,1,new simulation,nan
14,8,0.30471975511965976,-1.8,0.39999999999999997,rolling,8.529999999999863,-0.05312656271094007,2.4582441932439916,35,34,1,2.4601365113255986,0.2,0.2617993877991494,9.81,1,1,12,21,41,-3.0,3.0,0.01,30.0,60.0,1e-09,1e-12,6,0.0001,1,new simulation,nan
14,9,0.30471975511965976,-1.6500000000000001,0.39999999999999997,rolling,8.309999999999867,-0.04956596831073674,2.4575103600453194,35,34,1,2.4601262163623754,0.2,0.2617993877991494,9.81,1,1,12,21,41,-3.0,3.0,0.01,30.0,60.0,1e-09,1e-12,6,0.0001,1,new simulation,nan
14,10,0.30471975511965976,-1.5,0.39999999999999997,rolling,8.249999999999869,-0.04453436928415587,2.4565614325833742,35,34,1,2.4601168185104663,0.2,0.2617993877991494,9.81,1,1,12,21,41,-3.0,3.0,0.01,30.0,60.0,1e-09,1e-12,6,0.0001,1,new simulation,nan
14,11,0.30471975511965976,-1.35,0.39999999999999997,rolling,8.259999999999868,-0.056059708460173385,2.4588706000467457,35,34,1,2.4601083154236085,0.2,0.2617993877991494,9.81,1,1,12,21,41,-3.0,3.0,0.01,30.0,60.0,1e-09,1e-12,6,0.0001,1,new simulation,nan
14,12,0.30471975511965976,-1.2000000000000002,0.39999999999999997,rolling,8.359999999999866,-0.05729509262428635,2.4591464864157437,35,34,1,2.4601007065076157,0.2,0.2617993877991494,9.81,1,1,12,21,41,-3.0,3.0,0.01,30.0,60.0,1e-09,1e-12,6,0.0001,1,new simulation,nan
14,13,0.30471975511965976,-1.05,0.39999999999999997,rolling,8.68999999999986,-0.059397728452196194,2.459632652798453,35,34,1,2.4600939948728655,0.2,0.2617993877991494,9.81,1,1,12,21,41,-3.0,3.0,0.01,30.0,60.0,1e-09,1e-12,6,0.0001,1,new simulation,nan
14,14,0.30471975511965976,-0.8999999999999999,0.39999999999999997,rolling,8.289999999999868,-0.05010945361002961,2.4576015686746495,33,33,0,2.4600873021083864,0.2,0.2617993877991494,9.81,1,1,12,21,41,-3.0,3.0,0.01,30.0,60.0,1e-09,1e-12,6,0.0001,1,new simulation,nan
14,15,0.30471975511965976,-0.75,0.39999999999999997,rolling,8.079999999999872,-0.05799829391749208,2.459322848920858,34,34,0,2.460134750083961,0.2,0.2617993877991494,9.81,1,1,12,21,41,-3.0,3.0,0.01,30.0,60.0,1e-09,1e-12,6,0.0001,1,new simulation,nan
14,16,0.30471975511965976,-0.6000000000000001,0.39999999999999997,rolling,7.929999999999875,-0.051473358619249315,2.4578961948545097,34,34,0,2.460129379491193,0.2,0.2617993877991494,9.81,1,1,12,21,41,-3.0,3.0,0.01,30.0,60.0,1e-09,1e-12,6,0.0001,1,new simulation,nan
14,17,0.30471975511965976,-0.4500000000000002,0.39999999999999997,rolling,7.839999999999877,-0.04695438914564056,2.4570069519768136,34,34,0,2.4601252020882813,0.2,0.2617993877991494,9.81,1,1,12,21,41,-3.0,3.0,0.01,30.0,60.0,1e-09,1e-12,6,0.0001,1,new simulation,nan
14,18,0.30471975511965976,-0.30000000000000027,0.39999999999999997,rolling,7.769999999999879,-0.05489589983483858,2.458619149030468,34,34,0,2.4601222181788844,0.2,0.2617993877991494,9.81,1,1,12,21,41,-3.0,3.0,0.01,30.0,60.0,1e-09,1e-12,6,0.0001,1,new simulation,nan
14,19,0.30471975511965976,-0.1499999999999999,0.39999999999999997,rolling,7.71999999999988,-0.041072830112365906,2.4559714226463667,34,34,0,2.4601204275154385,0.2,0.2617993877991494,9.81,1,1,12,21,41,-3.0,3.0,0.01,30.0,60.0,1e-09,1e-12,6,0.0001,1,new simulation,nan
14,20,0.30471975511965976,0.0,0.39999999999999997,rolling,7.669999999999881,-0.03726282060213017,2.4553751695353774,34,34,0,2.460119833475518,0.2,0.2617993877991494,9.81,1,1,12,21,41,-3.0,3.0,0.01,30.0,60.0,1e-09,1e-12,6,0.0001,1,new simulation,nan
14,21,0.30471975511965976,0.1499999999999999,0.39999999999999997,rolling,7.609999999999882,-0.0588501486643719,2.4595150482415638,34,34,0,2.4601204283143967,0.2,0.2617993877991494,9.81,1,1,12,21,41,-3.0,3.0,0.01,30.0,60.0,1e-09,1e-12,6,0.0001,1,new simulation,nan
14,22,0.30471975511965976,0.2999999999999998,0.39999999999999997,rolling,7.559999999999883,-0.05270440987227334,2.458148894682542,34,34,0,2.460122218052289,0.2,0.2617993877991494,9.81,1,1,12,21,41,-3.0,3.0,0.01,30.0,60.0,1e-09,1e-12,6,0.0001,1,new simulation,nan
14,23,0.30471975511965976,0.44999999999999973,0.39999999999999997,rolling,7.509999999999884,-0.0427971229738583,2.456262216648231,34,34,0,2.4601252023910924,0.2,0.2617993877991494,9.81,1,1,12,21,41,-3.0,3.0,0.01,30.0,60.0,1e-09,1e-12,6,0.0001,1,new simulation,nan
14,24,0.30471975511965976,0.5999999999999996,0.39999999999999997,rolling,7.449999999999886,-0.05488041009495462,2.4586188613797453,34,34,0,2.4601293789273555,0.2,0.2617993877991494,9.81,1,1,12,21,41,-3.0,3.0,0.01,30.0,60.0,1e-09,1e-12,6,0.0001,1,new simulation,nan
14,25,0.30471975511965976,0.75,0.39999999999999997,rolling,7.399999999999887,-0.04156347736215402,2.456058585848307,34,34,0,2.460134748959405,0.2,0.2617993877991494,9.81,1,1,12,21,41,-3.0,3.0,0.01,30.0,60.0,1e-09,1e-12,6,0.0001,1,new simulation,nan
14,26,0.30471975511965976,0.8999999999999999,0.39999999999999997,rolling,7.139999999999892,-0.04365174426000573,2.4563932645915467,33,33,0,2.4600873018302187,0.2,0.2617993877991494,9.81,1,1,12,21,41,-3.0,3.0,0.01,30.0,60.0,1e-09,1e-12,6,0.0001,1,new simulation,nan
14,27,0.30471975511965976,1.0499999999999998,0.39999999999999997,rolling,7.0799999999998935,-0.05770950111994569,2.4592401675184874,33,33,0,2.4600976460750545,0.2,0.2617993877991494,9.81,1,1,12,21,41,-3.0,3.0,0.01,30.0,60.0,1e-09,1e-12,6,0.0001,1,new simulation,nan
14,28,0.30471975511965976,1.2000000000000002,0.39999999999999997,rolling,7.0299999999998946,-0.04998682967126316,2.4575867386063384,33,33,0,2.460109581432032,0.2,0.2617993877991494,9.81,1,1,12,21,41,-3.0,3.0,0.01,30.0,60.0,1e-09,1e-12,6,0.0001,1,new simulation,nan
14,29,0.30471975511965976,1.3499999999999996,0.39999999999999997,rolling,6.979999999999896,-0.045522420785456874,2.4567417591772385,33,33,0,2.460123106562613,0.2,0.2617993877991494,9.81,1,1,12,21,41,-3.0,3.0,0.01,30.0,60.0,1e-09,1e-12,6,0.0001,1,new simulation,nan
14,30,0.30471975511965976,1.5,0.39999999999999997,rolling,6.929999999999897,-0.04453161293054082,2.456570224762129,33,33,0,2.4601382233694635,0.2,0.2617993877991494,9.81,1,1,12,21,41,-3.0,3.0,0.01,30.0,60.0,1e-09,1e-12,6,0.0001,1,new simulation,nan
14,31,0.30471975511965976,1.6499999999999995,0.39999999999999997,rolling,6.669999999999902,-0.06170053799484456,2.460193327662296,32,32,0,2.460105459641907,0.2,0.2617993877991494,9.81,1,1,12,21,41,-3.0,3.0,0.01,30.0,60.0,1e-09,1e-12,6,0.0001,1,new simulation,nan
14,32,0.30471975511965976,1.7999999999999998,0.39999999999999997,rolling,6.629999999999903,-0.04317657596429911,2.4563293614748245,32,32,0,2.4601298604642636,0.2,0.2617993877991494,9.81,1,1,12,21,41,-3.0,3.0,0.01,30.0,60.0,1e-09,1e-12,6,0.0001,1,new simulation,nan
14,33,0.30471975511965976,1.9500000000000002,0.39999999999999997,rolling,6.379999999999908,-0.04269361957709764,2.4562368282667677,31,31,0,2.460107395011326,0.2,0.2617993877991494,9.81,1,1,12,21,41,-3.0,3.0,0.01,30.0,60.0,1e-09,1e-12,6,0.0001,1,new simulation,nan
14,34,0.30471975511965976,2.0999999999999996,0.39999999999999997,rolling,6.129999999999914,-0.045511684285043194,2.4567267539767492,30,30,0,2.4600929979957296,0.2,0.2617993877991494,9.81,1,1,12,21,41,-3.0,3.0,0.01,30.0,60.0,1e-09,1e-12,6,0.0001,1,new simulation,nan
14,35,0.30471975511965976,2.25,0.39999999999999997,rolling,5.879999999999919,-0.05150160213593301,2.457887443410115,29,29,0,2.4600958054317785,0.2,0.2617993877991494,9.81,1,1,12,21,41,-3.0,3.0,0.01,30.0,60.0,1e-09,1e-12,6,0.0001,1,new simulation,nan
14,36,0.30471975511965976,2.3999999999999995,0.39999999999999997,rolling,5.629999999999924,-0.060533113557036715,2.4599198546933008,28,28,0,2.4601305627412144,0.2,0.2617993877991494,9.81,1,1,12,21,41,-3.0,3.0,0.01,30.0,60.0,1e-09,1e-12,6,0.0001,1,new simulation,nan
14,37,0.30471975511965976,2.55,0.39999999999999997,rolling,4.7799999999999425,-0.04259519167100374,2.45621987633568,24,24,0,2.4601069518799163,0.2,0.2617993877991494,9.81,1,1,12,21,41,-3.0,3.0,0.01,30.0,60.0,1e-09,1e-12,6,0.0001,1,new simulation,nan
14,38,0.30471975511965976,2.7,0.39999999999999997,rolling,4.739999999999943,-0.042732406487906896,2.4564040927983255,24,24,0,2.460477793386774,0.2,0.2617993877991494,9.81,1,1,12,21,41,-3.0,3.0,0.01,30.0,60.0,1e-09,1e-12,6,0.0001,1,new simulation,nan
14,39,0.30471975511965976,2.8499999999999996,0.39999999999999997,rolling,5.509999999999927,-0.0605691314952384,2.4600809942579978,28,28,0,2.4604825700751083,0.2,0.2617993877991494,9.81,1,1,12,21,41,-3.0,3.0,0.01,30.0,60.0,1e-09,1e-12,6,0.0001,1,new simulation,nan
14,40,0.30471975511965976,3.0,0.39999999999999997,rolling,5.879999999999919,-0.06100621859374299,2.460184765754919,30,30,0,2.4604776954529934,0.2,0.2617993877991494,9.81,1,1,12,21,41,-3.0,3.0,0.01,30.0,60.0,1e-09,1e-12,6,0.0001,1,new simulation,nan
15,0,0.33089969389957474,-3.0,0.5000000000000001,rolling,8.749999999999858,-0.050434434214498655,2.457675845078797,37,34,3,2.460108272477149,0.2,0.2617993877991494,9.81,1,1,12,21,41,-3.0,3.0,0.01,30.0,60.0,1e-09,1e-12,6,0.0001,1,new simulation,nan
15,1,0.33089969389957474,-2.85,0.5000000000000001,rolling,8.959999999999853,-0.04078116441909864,2.455914224666807,37,34,3,2.4600984535322454,0.2,0.2617993877991494,9.81,1,1,12,21,41,-3.0,3.0,0.01,30.0,60.0,1e-09,1e-12,6,0.0001,1,new simulation,nan
15,2,0.33089969389957474,-2.7,0.5000000000000001,rolling,9.09999999999985,-0.06130390357924227,2.460088997662789,35,33,2,2.4600890159908624,0.2,0.2617993877991494,9.81,1,1,12,21,41,-3.0,3.0,0.01,30.0,60.0,1e-09,1e-12,6,0.0001,1,new simulation,nan
15,3,0.33089969389957474,-2.55,0.5000000000000001,rolling,8.62999999999986,-0.04258907023269709,2.4562292014429707,36,34,2,2.4601308506080817,0.2,0.2617993877991494,9.81,1,1,12,21,41,-3.0,3.0,0.01,30.0,60.0,1e-09,1e-12,6,0.0001,1,new simulation,nan
15,4,0.33089969389957474,-2.4,0.5000000000000001,rolling,8.529999999999863,-0.041055261653621236,2.455968257119755,36,34,2,2.4601197726242474,0.2,0.2617993877991494,9.81,1,1,12,21,41,-3.0,3.0,0.01,30.0,60.0,1e-09,1e-12,6,0.0001,1,new simulation,nan
15,5,0.33089969389957474,-2.25,0.5000000000000001,rolling,8.549999999999862,-0.04527972496014228,2.45669182166057,36,34,2,2.460109369664837,0.2,0.2617993877991494,9.81,1,1,12,21,41,-3.0,3.0,0.01,30.0,60.0,1e-09,1e-12,6,0.0001,1,new simulation,nan
15,6,0.33089969389957474,-2.1,0.5000000000000001,rolling,8.709999999999859,-0.05214903121572119,2.458022959086076,36,34,2,2.4600996332744356,0.2,0.2617993877991494,9.81,1,1,12,21,41,-3.0,3.0,0.01,30.0,60.0,1e-09,1e-12,6,0.0001,1,new simulation,nan
15,7,0.33089969389957474,-1.95,0.5000000000000001,settled,1.5700000000000012,-0.0617993877991494,0.0,3,1,2,nan,0.2,0.2617993877991494,9.81,1,1,12,21,41,-3.0,3.0,0.01,30.0,60.0,1e-09,1e-12,6,0.0001,1,new simulation,nan
15,8,0.33089969389957474,-1.8,0.5000000000000001,rolling,8.449999999999864,-0.04231268251275881,2.4561834254869575,35,34,1,2.460133318867172,0.2,0.2617993877991494,9.81,1,1,12,21,41,-3.0,3.0,0.01,30.0,60.0,1e-09,1e-12,6,0.0001,1,new simulation,nan
15,9,0.33089969389957474,-1.6500000000000001,0.5000000000000001,rolling,8.299999999999867,-0.0381156739037158,2.4555049417635106,35,34,1,2.460123022458485,0.2,0.2617993877991494,9.81,1,1,12,21,41,-3.0,3.0,0.01,30.0,60.0,1e-09,1e-12,6,0.0001,1,new simulation,nan
15,10,0.33089969389957474,-1.5,0.5000000000000001,rolling,8.259999999999868,-0.0568049565235511,2.45904059365951,35,34,1,2.46011362456679,0.2,0.2617993877991494,9.81,1,1,12,21,41,-3.0,3.0,0.01,30.0,60.0,1e-09,1e-12,6,0.0001,1,new simulation,nan
15,11,0.33089969389957474,-1.35,0.5000000000000001,rolling,8.309999999999867,-0.05001566839468563,2.457590558861398,35,34,1,2.460105122470681,0.2,0.2617993877991494,9.81,1,1,12,21,41,-3.0,3.0,0.01,30.0,60.0,1e-09,1e-12,6,0.0001,1,new simulation,nan
15,12,0.33089969389957474,-1.2000000000000002,0.5000000000000001,rolling,8.479999999999864,-0.06147797378571441,2.460135262380927,35,34,1,2.4600975135306555,0.2,0.2617993877991494,9.81,1,1,12,21,41,-3.0,3.0,0.01,30.0,60.0,1e-09,1e-12,6,0.0001,1,new simulation,nan
15,13,0.33089969389957474,-1.05,0.5000000000000001,rolling,9.869999999999834,-0.04421578114891163,2.4564937103639464,35,34,1,2.4600907997498336,0.2,0.2617993877991494,9.81,1,1,12,21,41,-3.0,3.0,0.01,30.0,60.0,1e-09,1e-12,6,0.0001,1,new simulation,nan
15,14,0.33089969389957474,-0.8999999999999999,0.5000000000000001,rolling,8.20999999999987,-0.04497826499407373,2.4566495203899983,34,34,0,2.4601370584390683,0.2,0.2617993877991494,9.81,1,1,12,21,41,-3.0,3.0,0.01,30.0,60.0,1e-09,1e-12,6,0.0001,1,new simulation,nan
15,15,0.33089969389957474,-0.75,0.5000000000000001,rolling,7.999999999999874,-0.03907530807306865,2.4556561113778046,34,34,0,2.4601304928342453,0.2,0.2617993877991494,9.81,1,1,12,21,41,-3.0,3.0,0.01,30.0,60.0,1e-09,1e-12,6,0.0001,1,new simulation,nan
15,16,0.33089969389957474,-0.6000000000000001,0.5000000000000001,rolling,7.889999999999876,-0.0430995705887587,2.456314043984248,34,34,0,2.460125121045729,0.2,0.2617993877991494,9.81,1,1,12,21,41,-3.0,3.0,0.01,30.0,60.0,1e-09,1e-12,6,0.0001,1,new simulation,nan
15,17,0.33089969389957474,-0.4500000000000002,0.5000000000000001,rolling,7.819999999999878,-0.04097856534450889,2.4559562030754,34,34,0,2.460120944016202,0.2,0.2617993877991494,9.81,1,1,12,21,41,-3.0,3.0,0.01,30.0,60.0,1e-09,1e-12,6,0.0001,1,new simulation,nan
15,18,0.33089969389957474,-0.30000000000000027,0.5000000000000001,rolling,7.759999999999879,-0.0555191284719366,2.458754516655591,34,34,0,2.4601179615143995,0.2,0.2617993877991494,9.81,1,1,12,21,41,-3.0,3.0,0.01,30.0,60.0,1e-09,1e-12,6,0.0001,1,new simulation,nan
15,19,0.33089969389957474,-0.1499999999999999,0.5000000000000001,rolling,7.71999999999988,-0.03751183666098018,2.4554107674507604,34,34,0,2.460116169612459,0.2,0.2617993877991494,9.81,1,1,12,21,41,-3.0,3.0,0.01,30.0,60.0,1e-09,1e-12,6,0.0001,1,new simulation,nan
15,20,0.33089969389957474,0.0,0.5000000000000001,rolling,7.669999999999881,-0.04650876213349807,2.4569196593588156,34,34,0,2.4601155737542073,0.2,0.2617993877991494,9.81,1,1,12,21,41,-3.0,3.0,0.01,30.0,60.0,1e-09,1e-12,6,0.0001,1,new simulation,nan
15,21,0.33089969389957474,0.1499999999999999,0.5000000000000001,rolling,7.619999999999882,-0.050336285764318325,2.4576595352049697,34,34,0,2.460116169587057,0.2,0.2617993877991494,9.81,1,1,12,21,41,-3.0,3.0,0.01,30.0,60.0,1e-09,1e-12,6,0.0001,1,new simulation,nan
15,22,0.33089969389957474,0.2999999999999998,0.5000000000000001,rolling,7.569999999999883,-0.046445000049076986,2.4569088659794067,34,34,0,2.460117962570362,0.2,0.2617993877991494,9.81,1,1,12,21,41,-3.0,3.0,0.01,30.0,60.0,1e-09,1e-12,6,0.0001,1,new simulation,nan
15,23,0.33089969389957474,0.44999999999999973,0.5000000000000001,rolling,7.509999999999884,-0.06035566161746644,2.45987294128177,34,34,0,2.4601209447375316,0.2,0.2617993877991494,9.81,1,1,12,21,41,-3.0,3.0,0.01,30.0,60.0,1e-09,1e-12,6,0.0001,1,new simulation,nan
15,24,0.33089969389957474,0.5999999999999996,0.5000000000000001,rolling,7.459999999999885,-0.04549231860357343,2.4567371659824997,34,34,0,2.460125121920682,0.2,0.2617993877991494,9.81,1,1,12,21,41,-3.0,3.0,0.01,30.0,60.0,1e-09,1e-12,6,0.0001,1,new simulation,nan
15,25,0.33089969389957474,0.75,0.5000000000000001,rolling,7.399999999999887,-0.05379104763361788,2.458383271677447,34,34,0,2.460130491526233,0.2,0.2617993877991494,9.81,1,1,12,21,41,-3.0,3.0,0.01,30.0,60.0,1e-09,1e-12,6,0.0001,1,new simulation,nan
15,26,0.33089969389957474,0.8999999999999999,0.5000000000000001,rolling,7.349999999999888,-0.038318726027201294,2.455542026647031,34,34,0,2.460137057371958,0.2,0.2617993877991494,9.81,1,1,12,21,41,-3.0,3.0,0.01,30.0,60.0,1e-09,1e-12,6,0.0001,1,new simulation,nan
15,27,0.33089969389957474,1.0499999999999998,0.5000000000000001,rolling,7.089999999999893,-0.03975353621093286,2.455746162241898,33,33,0,2.4600919717147196,0.2,0.2617993877991494,9.81,1,1,12,21,41,-3.0,3.0,0.01,30.0,60.0,1e-09,1e-12,6,0.0001,1,new simulation,nan
15,28,0.33089969389957474,1.2000000000000002,0.5000000000000001,rolling,7.0299999999998946,-0.05432990760502847,2.45848793778186,33,33,0,2.4601039046765023,0.2,0.2617993877991494,9.81,1,1,12,21,41,-3.0,3.0,0.01,30.0,60.0,1e-09,1e-12,6,0.0001,1,new simulation,nan
15,29,0.33089969389957474,1.3499999999999996,0.5000000000000001,rolling,6.979999999999896,-0.04796966453632113,2.457195896599702,33,33,0,2.460117430798419,0.2,0.2617993877991494,9.81,1,1,12,21,41,-3.0,3.0,0.01,30.0,60.0,1e-09,1e-12,6,0.0001,1,new simulation,nan
15,30,0.33089969389957474,1.5,0.5000000000000001,rolling,6.929999999999897,-0.045424692184176246,2.4567281157378384,33,33,0,2.460132548463045,0.2,0.2617993877991494,9.81,1,1,12,21,41,-3.0,3.0,0.01,30.0,60.0,1e-09,1e-12,6,0.0001,1,new simulation,nan
15,31,0.33089969389957474,1.6499999999999995,0.5000000000000001,rolling,6.669999999999902,-0.06132594909476707,2.460098228355183,32,32,0,2.4600978938927933,0.2,0.2617993877991494,9.81,1,1,12,21,41,-3.0,3.0,0.01,30.0,60.0,1e-09,1e-12,6,0.0001,1,new simulation,nan
15,32,0.33089969389957474,1.7999999999999998,0.5000000000000001,rolling,6.629999999999903,-0.04177304412564704,2.4560880518621127,32,32,0,2.460122291775035,0.2,0.2617993877991494,9.81,1,1,12,21,41,-3.0,3.0,0.01,30.0,60.0,1e-09,1e-12,6,0.0001,1,new simulation,nan
15,33,0.33089969389957474,1.9500000000000002,0.5000000000000001,rolling,6.379999999999908,-0.04045255658461985,2.4558604254896874,31,31,0,2.4600973042296106,0.2,0.2617993877991494,9.81,1,1,12,21,41,-3.0,3.0,0.01,30.0,60.0,1e-09,1e-12,6,0.0001,1,new simulation,nan
15,34,0.33089969389957474,2.0999999999999996,0.5000000000000001,rolling,6.3299999999999095,-0.05254759549378126,2.4581217291359465,31,31,0,2.460135494185638,0.2,0.2617993877991494,9.81,1,1,12,21,41,-3.0,3.0,0.01,30.0,60.0,1e-09,1e-12,6,0.0001,1,new simulation,nan
15,35,0.33089969389957474,2.25,0.5000000000000001,rolling,6.079999999999915,-0.05798498856609708,2.459319548214967,30,30,0,2.4601342360494303,0.2,0.2617993877991494,9.81,1,1,12,21,41,-3.0,3.0,0.01,30.0,60.0,1e-09,1e-12,6,0.0001,1,new simulation,nan
15,36,0.33089969389957474,2.3999999999999995,0.5000000000000001,rolling,5.629999999999924,-0.056596163886261826,2.458990367105022,28,28,0,2.460106645733678,0.2,0.2617993877991494,9.81,1,1,12,21,41,-3.0,3.0,0.01,30.0,60.0,1e-09,1e-12,6,0.0001,1,new simulation,nan
15,37,0.33089969389957474,2.55,0.5000000000000001,rolling,4.979999999999938,-0.04823988291055074,2.4572399365715465,25,25,0,2.460099355832852,0.2,0.2617993877991494,9.81,1,1,12,21,41,-3.0,3.0,0.01,30.0,60.0,1e-09,1e-12,6,0.0001,1,new simulation,nan
15,38,0.33089969389957474,2.7,0.5000000000000001,rolling,4.329999999999952,-0.04283015507219062,2.456421365647102,22,22,0,2.4604791212885693,0.2,0.2617993877991494,9.81,1,1,12,21,41,-3.0,3.0,0.01,30.0,60.0,1e-09,1e-12,6,0.0001,1,new simulation,nan
15,39,0.33089969389957474,2.8499999999999996,0.5000000000000001,rolling,5.309999999999931,-0.04579504904545542,2.456959404927541,27,27,0,2.460510429452888,0.2,0.2617993877991494,9.81,1,1,12,21,41,-3.0,3.0,0.01,30.0,60.0,1e-09,1e-12,6,0.0001,1,new simulation,nan
15,40,0.33089969389957474,3.0,0.5000000000000001,rolling,5.679999999999923,-0.0460399457529896,2.457007516860504,29,29,0,2.460517879173643,0.2,0.2617993877991494,9.81,1,1,12,21,41,-3.0,3.0,0.01,30.0,60.0,1e-09,1e-12,6,0.0001,1,new simulation,nan
16,0,0.35707963267948967,-3.0,0.6000000000000001,rolling,8.779999999999857,-0.053509869781762476,2.4583126358283267,37,34,3,2.4601063337905225,0.2,0.2617993877991494,9.81,1,1,12,21,41,-3.0,3.0,0.01,30.0,60.0,1e-09,1e-12,6,0.0001,1,new simulation,nan
16,1,0.35707963267948967,-2.85,0.6000000000000001,rolling,9.059999999999851,-0.04286808014070982,2.4562619085282824,37,34,3,2.4600965145101035,0.2,0.2617993877991494,9.81,1,1,12,21,41,-3.0,3.0,0.01,30.0,60.0,1e-09,1e-12,6,0.0001,1,new simulation,nan
16,2,0.35707963267948967,-2.7,0.6000000000000001,rolling,8.759999999999858,-0.05975922303638702,2.459714850966434,35,33,2,2.460085570749251,0.2,0.2617993877991494,9.81,1,1,12,21,41,-3.0,3.0,0.01,30.0,60.0,1e-09,1e-12,6,0.0001,1,new simulation,nan
16,3,0.35707963267948967,-2.55,0.6000000000000001,rolling,8.599999999999861,-0.04764564215672212,2.4571387723855493,36,34,2,2.460128265839967,0.2,0.2617993877991494,9.81,1,1,12,21,41,-3.0,3.0,0.01,30.0,60.0,1e-09,1e-12,6,0.0001,1,new simulation,nan
16,4,0.35707963267948967,-2.4,0.6000000000000001,rolling,8.529999999999863,-0.05736490026022898,2.459169581919245,36,34,2,2.4601171884449893,0.2,0.2617993877991494,9.81,1,1,12,21,41,-3.0,3.0,0.01,30.0,60.0,1e-09,1e-12,6,0.0001,1,new simulation,nan
16,5,0.35707963267948967,-2.25,0.6000000000000001,rolling,8.579999999999862,-0.05989571700639969,2.459756586159773,36,34,2,2.460106783529582,0.2,0.2617993877991494,9.81,1,1,12,21,41,-3.0,3.0,0.01,30.0,60.0,1e-09,1e-12,6,0.0001,1,new simulation,nan
16,6,0.35707963267948967,-2.1,0.6000000000000001,rolling,8.829999999999856,-0.038185453628890476,2.455504307785745,36,34,2,2.4600970497187125,0.2,0.2617993877991494,9.81,1,1,12,21,41,-3.0,3.0,0.01,30.0,60.0,1e-09,1e-12,6,0.0001,1,new simulation,nan
16,7,0.35707963267948967,-1.95,0.6000000000000001,rolling,8.64999999999986,-0.037625691580759,2.4554151841628267,34,33,1,2.460086966498721,0.2,0.2617993877991494,9.81,1,1,12,21,41,-3.0,3.0,0.01,30.0,60.0,1e-09,1e-12,6,0.0001,1,new simulation,nan
16,8,0.35707963267948967,-1.8,0.6000000000000001,rolling,8.389999999999866,-0.052506118910928865,2.4581106020654637,35,34,1,2.4601298727120393,0.2,0.2617993877991494,9.81,1,1,12,21,41,-3.0,3.0,0.01,30.0,60.0,1e-09,1e-12,6,0.0001,1,new simulation,nan
16,9,0.35707963267948967,-1.6500000000000001,0.6000000000000001,rolling,8.289999999999868,-0.05050644346916953,2.4576952447238427,35,34,1,2.460119578545843,0.2,0.2617993877991494,9.81,1,1,12,21,41,-3.0,3.0,0.01,30.0,60.0,1e-09,1e-12,6,0.0001,1,new simulation,nan
16,10,0.35707963267948967,-1.5,0.6000000000000001,rolling,8.289999999999868,-0.04791389859616376,2.4571820833820848,35,34,1,2.4601101797273057,0.2,0.2617993877991494,9.81,1,1,12,21,41,-3.0,3.0,0.01,30.0,60.0,1e-09,1e-12,6,0.0001,1,new simulation,nan
16,11,0.35707963267948967,-1.35,0.6000000000000001,rolling,8.379999999999866,-0.05752330961021567,2.4591991435733536,35,34,1,2.46010167714711,0.2,0.2617993877991494,9.81,1,1,12,21,41,-3.0,3.0,0.01,30.0,60.0,1e-09,1e-12,6,0.0001,1,new simulation,nan
16,12,0.35707963267948967,-1.2000000000000002,0.6000000000000001,rolling,8.729999999999858,-0.05632321258794556,2.4589234680487886,35,34,1,2.460094068532146,0.2,0.2617993877991494,9.81,1,1,12,21,41,-3.0,3.0,0.01,30.0,60.0,1e-09,1e-12,6,0.0001,1,new simulation,nan
16,13,0.35707963267948967,-1.05,0.6000000000000001,rolling,8.229999999999869,-0.047079087686073606,2.4570132873832105,33,33,0,2.460085845325311,0.2,0.2617993877991494,9.81,1,1,12,21,41,-3.0,3.0,0.01,30.0,60.0,1e-09,1e-12,6,0.0001,1,new simulation,nan
16,14,0.35707963267948967,-0.8999999999999999,0.6000000000000001,rolling,8.079999999999872,-0.04151512338531477,2.4560495738829964,34,34,0,2.460132463158306,0.2,0.2617993877991494,9.81,1,1,12,21,41,-3.0,3.0,0.01,30.0,60.0,1e-09,1e-12,6,0.0001,1,new simulation,nan
16,15,0.35707963267948967,-0.75,0.6000000000000001,rolling,7.939999999999875,-0.048264942446367726,2.4572562695445446,34,34,0,2.4601258981273575,0.2,0.2617993877991494,9.81,1,1,12,21,41,-3.0,3.0,0.01,30.0,60.0,1e-09,1e-12,6,0.0001,1,new simulation,nan
16,16,0.35707963267948967,-0.6000000000000001,0.6000000000000001,rolling,7.859999999999877,-0.05025713997915531,2.4576455437371005,34,34,0,2.4601205283084937,0.2,0.2617993877991494,9.81,1,1,12,21,41,-3.0,3.0,0.01,30.0,60.0,1e-09,1e-12,6,0.0001,1,new simulation,nan
16,17,0.35707963267948967,-0.4500000000000002,0.6000000000000001,rolling,7.809999999999878,-0.040621986523519005,2.4558961138778854,34,34,0,2.4601163504758867,0.2,0.2617993877991494,9.81,1,1,12,21,41,-3.0,3.0,0.01,30.0,60.0,1e-09,1e-12,6,0.0001,1,new simulation,nan
16,18,0.35707963267948967,-0.30000000000000027,0.6000000000000001,rolling,7.759999999999879,-0.05897512375944631,2.459541340666225,34,34,0,2.460113367667395,0.2,0.2617993877991494,9.81,1,1,12,21,41,-3.0,3.0,0.01,30.0,60.0,1e-09,1e-12,6,0.0001,1,new simulation,nan
16,19,0.35707963267948967,-0.1499999999999999,0.6000000000000001,rolling,7.71999999999988,-0.06058965398400609,2.459925279161788,34,34,0,2.460111575599861,0.2,0.2617993877991494,9.81,1,1,12,21,41,-3.0,3.0,0.01,30.0,60.0,1e-09,1e-12,6,0.0001,1,new simulation,nan
16,20,0.35707963267948967,0.0,0.6000000000000001,rolling,7.679999999999881,-0.05688768336991724,2.4590581985257556,34,34,0,2.460110980328799,0.2,0.2617993877991494,9.81,1,1,12,21,41,-3.0,3.0,0.01,30.0,60.0,1e-09,1e-12,6,0.0001,1,new simulation,nan
16,21,0.35707963267948967,0.1499999999999999,0.6000000000000001,rolling,7.6399999999998816,-0.04090715904751688,2.455940464749461,34,34,0,2.4601115756652847,0.2,0.2617993877991494,9.81,1,1,12,21,41,-3.0,3.0,0.01,30.0,60.0,1e-09,1e-12,6,0.0001,1,new simulation,nan
16,22,0.35707963267948967,0.2999999999999998,0.6000000000000001,rolling,7.579999999999883,-0.060761687843430764,2.4599676582898007,34,34,0,2.4601133670600563,0.2,0.2617993877991494,9.81,1,1,12,21,41,-3.0,3.0,0.01,30.0,60.0,1e-09,1e-12,6,0.0001,1,new simulation,nan
16,23,0.35707963267948967,0.44999999999999973,0.6000000000000001,rolling,7.529999999999884,-0.04583226820263318,2.456795325390525,34,34,0,2.460116350119542,0.2,0.2617993877991494,9.81,1,1,12,21,41,-3.0,3.0,0.01,30.0,60.0,1e-09,1e-12,6,0.0001,1,new simulation,nan
16,24,0.35707963267948967,0.5999999999999996,0.6000000000000001,rolling,7.469999999999885,-0.049881880950447925,2.45757057377993,34,34,0,2.4601205287600147,0.2,0.2617993877991494,9.81,1,1,12,21,41,-3.0,3.0,0.01,30.0,60.0,1e-09,1e-12,6,0.0001,1,new simulation,nan
16,25,0.35707963267948967,0.75,0.6000000000000001,rolling,7.4099999999998865,-0.05244456448155262,2.4580959973364296,34,34,0,2.4601258990071186,0.2,0.2617993877991494,9.81,1,1,12,21,41,-3.0,3.0,0.01,30.0,60.0,1e-09,1e-12,6,0.0001,1,new simulation,nan
16,26,0.35707963267948967,0.8999999999999999,0.6000000000000001,rolling,7.349999999999888,-0.05640063358764853,2.4589575010018905,34,34,0,2.4601324622670164,0.2,0.2617993877991494,9.81,1,1,12,21,41,-3.0,3.0,0.01,30.0,60.0,1e-09,1e-12,6,0.0001,1,new simulation,nan
16,27,0.35707963267948967,1.0499999999999998,0.6000000000000001,rolling,7.089999999999893,-0.053494855844768,2.4583005515267935,33,33,0,2.460085844026894,0.2,0.2617993877991494,9.81,1,1,12,21,41,-3.0,3.0,0.01,30.0,60.0,1e-09,1e-12,6,0.0001,1,new simulation,nan
16,28,0.35707963267948967,1.2000000000000002,0.6000000000000001,rolling,7.039999999999894,-0.039951307199065936,2.455780159126448,33,33,0,2.4600977798673944,0.2,0.2617993877991494,9.81,1,1,12,21,41,-3.0,3.0,0.01,30.0,60.0,1e-09,1e-12,6,0.0001,1,new simulation,nan
16,29,0.35707963267948967,1.3499999999999996,0.6000000000000001,rolling,6.979999999999896,-0.05529966606024276,2.4587031396352828,33,33,0,2.460111305134155,0.2,0.2617993877991494,9.81,1,1,12,21,41,-3.0,3.0,0.01,30.0,60.0,1e-09,1e-12,6,0.0001,1,new simulation,nan
16,30,0.35707963267948967,1.5,0.6000000000000001,rolling,6.929999999999897,-0.05045055860967642,2.457686956719071,33,33,0,2.4601264224818378,0.2,0.2617993877991494,9.81,1,1,12,21,41,-3.0,3.0,0.01,30.0,60.0,1e-09,1e-12,6,0.0001,1,new simulation,nan
16,31,0.35707963267948967,1.6499999999999995,0.6000000000000001,rolling,6.679999999999902,-0.0399226866640215,2.45577209927075,32,32,0,2.460089725672149,0.2,0.2617993877991494,9.81,1,1,12,21,41,-3.0,3.0,0.01,30.0,60.0,1e-09,1e-12,6,0.0001,1,new simulation,nan
16,32,0.35707963267948967,1.7999999999999998,0.6000000000000001,rolling,6.629999999999903,-0.04345188212919403,2.4563701448427206,32,32,0,2.460114125596549,0.2,0.2617993877991494,9.81,1,1,12,21,41,-3.0,3.0,0.01,30.0,60.0,1e-09,1e-12,6,0.0001,1,new simulation,nan
16,33,0.35707963267948967,1.9500000000000002,0.6000000000000001,rolling,6.379999999999908,-0.040919110286658636,2.4559315052424466,31,31,0,2.46008641458706,0.2,0.2617993877991494,9.81,1,1,12,21,41,-3.0,3.0,0.01,30.0,60.0,1e-09,1e-12,6,0.0001,1,new simulation,nan
16,34,0.35707963267948967,2.0999999999999996,0.6000000000000001,rolling,6.3299999999999095,-0.052026521518545726,2.458008324311929,31,31,0,2.4601246041470213,0.2,0.2617993877991494,9.81,1,1,12,21,41,-3.0,3.0,0.01,30.0,60.0,1e-09,1e-12,6,0.0001,1,new simulation,nan
16,35,0.35707963267948967,2.25,0.6000000000000001,rolling,6.079999999999915,-0.05665300709615343,2.459008862272829,30,30,0,2.46011971672622,0.2,0.2617993877991494,9.81,1,1,12,21,41,-3.0,3.0,0.01,30.0,60.0,1e-09,1e-12,6,0.0001,1,new simulation,nan
16,36,0.35707963267948967,2.3999999999999995,0.6000000000000001,rolling,5.83999999999992,-0.03998304947617119,2.455802003393513,29,29,0,2.460136460779907,0.2,0.2617993877991494,9.81,1,1,12,21,41,-3.0,3.0,0.01,30.0,60.0,1e-09,1e-12,6,0.0001,1,new simulation,nan
16,37,0.35707963267948967,2.55,0.6000000000000001,rolling,5.179999999999934,-0.05564475014752643,2.4587765135303017,26,26,0,2.4601044651104744,0.2,0.2617993877991494,9.81,1,1,12,21,41,-3.0,3.0,0.01,30.0,60.0,1e-09,1e-12,6,0.0001,1,new simulation,nan
16,38,0.35707963267948967,2.7,0.6000000000000001,rolling,3.099999999999978,-0.05390317220142833,2.458557188600189,16,16,0,2.4604762551516193,0.2,0.2617993877991494,9.81,1,1,12,21,41,-3.0,3.0,0.01,30.0,60.0,1e-09,1e-12,6,0.0001,1,new simulation,nan
16,39,0.35707963267948967,2.8499999999999996,0.6000000000000001,rolling,5.309999999999931,-0.04241258838957898,2.4563489658713884,27,27,0,2.4604760205861145,0.2,0.2617993877991494,9.81,1,1,12,21,41,-3.0,3.0,0.01,30.0,60.0,1e-09,1e-12,6,0.0001,1,new simulation,nan
16,40,0.35707963267948967,3.0,0.6000000000000001,rolling,5.679999999999923,-0.04234930776402613,2.4563480195806626,29,29,0,2.4604985245437314,0.2,0.2617993877991494,9.81,1,1,12,21,41,-3.0,3.0,0.01,30.0,60.0,1e-09,1e-12,6,0.0001,1,new simulation,nan
17,0,0.3832595714594046,-3.0,0.7,rolling,8.819999999999856,-0.05405794594455372,2.458429306629493,37,34,3,2.4601042531817927,0.2,0.2617993877991494,9.81,1,1,12,21,41,-3.0,3.0,0.01,30.0,60.0,1e-09,1e-12,6,0.0001,1,new simulation,nan
17,1,0.3832595714594046,-2.85,0.7,rolling,9.219999999999848,-0.049391457948806214,2.4574621294655543,37,34,3,2.4600944355221555,0.2,0.2617993877991494,9.81,1,1,12,21,41,-3.0,3.0,0.01,30.0,60.0,1e-09,1e-12,6,0.0001,1,new simulation,nan
17,2,0.3832595714594046,-2.7,0.7,rolling,8.819999999999856,-0.04969303506772587,2.4575403003004155,36,34,2,2.4601372396365853,0.2,0.2617993877991494,9.81,1,1,12,21,41,-3.0,3.0,0.01,30.0,60.0,1e-09,1e-12,6,0.0001,1,new simulation,nan
17,3,0.3832595714594046,-2.55,0.7,rolling,8.579999999999862,-0.04999827360310134,2.457595917302336,36,34,2,2.4601254919549587,0.2,0.2617993877991494,9.81,1,1,12,21,41,-3.0,3.0,0.01,30.0,60.0,1e-09,1e-12,6,0.0001,1,new simulation,nan
17,4,0.3832595714594046,-2.4,0.7,rolling,8.549999999999862,-0.041112641608601355,2.455975347793645,36,34,2,2.460114415826729,0.2,0.2617993877991494,9.81,1,1,12,21,41,-3.0,3.0,0.01,30.0,60.0,1e-09,1e-12,6,0.0001,1,new simulation,nan
17,5,0.3832595714594046,-2.25,0.7,rolling,8.62999999999986,-0.06024674880037032,2.4598394330902247,36,34,2,2.4601040116038604,0.2,0.2617993877991494,9.81,1,1,12,21,41,-3.0,3.0,0.01,30.0,60.0,1e-09,1e-12,6,0.0001,1,new simulation,nan
17,6,0.3832595714594046,-2.1,0.7,rolling,9.029999999999852,-0.055048355658740625,2.458640466407825,36,34,2,2.4600942768813234,0.2,0.2617993877991494,9.81,1,1,12,21,41,-3.0,3.0,0.01,30.0,60.0,1e-09,1e-12,6,0.0001,1,new simulation,nan
17,7,0.3832595714594046,-1.95,0.7,rolling,8.60999999999986,-0.04650196261462136,2.4569278450394774,35,34,1,2.460137364922031,0.2,0.2617993877991494,9.81,1,1,12,21,41,-3.0,3.0,0.01,30.0,60.0,1e-09,1e-12,6,0.0001,1,new simulation,nan
17,8,0.3832595714594046,-1.8,0.7,rolling,8.359999999999866,-0.037641183112262167,2.4554345227948122,35,34,1,2.460126176016988,0.2,0.2617993877991494,9.81,1,1,12,21,41,-3.0,3.0,0.01,30.0,60.0,1e-09,1e-12,6,0.0001,1,new simulation,nan
17,9,0.3832595714594046,-1.6500000000000001,0.7,rolling,8.299999999999867,-0.0407472822041644,2.455916269170083,35,34,1,2.4601158831989163,0.2,0.2617993877991494,9.81,1,1,12,21,41,-3.0,3.0,0.01,30.0,60.0,1e-09,1e-12,6,0.0001,1,new simulation,nan
17,10,0.3832595714594046,-1.5,0.7,rolling,8.329999999999867,-0.055720616579269064,2.4587942346673155,35,34,1,2.4601064845465825,0.2,0.2617993877991494,9.81,1,1,12,21,41,-3.0,3.0,0.01,30.0,60.0,1e-09,1e-12,6,0.0001,1,new simulation,nan
17,11,0.3832595714594046,-1.35,0.7,rolling,8.509999999999863,-0.04254531076255788,2.456207509315271,35,34,1,2.460097981374475,0.2,0.2617993877991494,9.81,1,1,12,21,41,-3.0,3.0,0.01,30.0,60.0,1e-09,1e-12,6,0.0001,1,new simulation,nan
17,12,0.3832595714594046,-1.2000000000000002,0.7,settled,1.420000000000001,-0.0617993877991494,0.0,2,1,1,nan,0.2,0.2617993877991494,9.81,1,1,12,21,41,-3.0,3.0,0.01,30.0,60.0,1e-09,1e-12,6,0.0001,1,new simulation,nan
17,13,0.3832595714594046,-1.05,0.7,rolling,8.18999999999987,-0.05045212737252295,2.4576911160271586,34,34,0,2.460135291534552,0.2,0.2617993877991494,9.81,1,1,12,21,41,-3.0,3.0,0.01,30.0,60.0,1e-09,1e-12,6,0.0001,1,new simulation,nan
17,14,0.3832595714594046,-0.8999999999999999,0.7,rolling,7.999999999999874,-0.047391756171398625,2.4570903069523875,34,34,0,2.460127534873822,0.2,0.2617993877991494,9.81,1,1,12,21,41,-3.0,3.0,0.01,30.0,60.0,1e-09,1e-12,6,0.0001,1,new simulation,nan
17,15,0.3832595714594046,-0.75,0.7,rolling,7.899999999999876,-0.06096192047937776,2.4600195169953536,34,34,0,2.460120969803794,0.2,0.2617993877991494,9.81,1,1,12,21,41,-3.0,3.0,0.01,30.0,60.0,1e-09,1e-12,6,0.0001,1,new simulation,nan
17,16,0.3832595714594046,-0.6000000000000001,0.7,rolling,7.849999999999877,-0.04475143130502417,2.456599590360784,34,34,0,2.460115600206043,0.2,0.2617993877991494,9.81,1,1,12,21,41,-3.0,3.0,0.01,30.0,60.0,1e-09,1e-12,6,0.0001,1,new simulation,nan
17,17,0.3832595714594046,-0.4500000000000002,0.7,rolling,7.809999999999878,-0.049353189034815316,2.4574619531118502,34,34,0,2.4601114218948434,0.2,0.2617993877991494,9.81,1,1,12,21,41,-3.0,3.0,0.01,30.0,60.0,1e-09,1e-12,6,0.0001,1,new simulation,nan
17,18,0.3832595714594046,-0.30000000000000027,0.7,rolling,7.779999999999879,-0.048663432365374085,2.4573257694284183,34,34,0,2.460108439857638,0.2,0.2617993877991494,9.81,1,1,12,21,41,-3.0,3.0,0.01,30.0,60.0,1e-09,1e-12,6,0.0001,1,new simulation,nan
17,19,0.3832595714594046,-0.1499999999999999,0.7,rolling,7.749999999999879,-0.04780013076288605,2.4571588252159455,34,34,0,2.4601066484270304,0.2,0.2617993877991494,9.81,1,1,12,21,41,-3.0,3.0,0.01,30.0,60.0,1e-09,1e-12,6,0.0001,1,new simulation,nan
17,20,0.3832595714594046,0.0,0.7,rolling,7.70999999999988,-0.05644887415283141,2.4589569134761877,34,34,0,2.4601060523054286,0.2,0.2617993877991494,9.81,1,1,12,21,41,-3.0,3.0,0.01,30.0,60.0,1e-09,1e-12,6,0.0001,1,new simulation,nan
17,21,0.3832595714594046,0.1499999999999999,0.7,rolling,7.669999999999881,-0.04240012052877716,2.4561866446313196,34,34,0,2.460106648416298,0.2,0.2617993877991494,9.81,1,1,12,21,41,-3.0,3.0,0.01,30.0,60.0,1e-09,1e-12,6,0.0001,1,new simulation,nan
17,22,0.3832595714594046,0.2999999999999998,0.7,rolling,7.609999999999882,-0.05601316534094222,2.4588602527803767,34,34,0,2.4601084384981617,0.2,0.2617993877991494,9.81,1,1,12,21,41,-3.0,3.0,0.01,30.0,60.0,1e-09,1e-12,6,0.0001,1,new simulation,nan
17,23,0.3832595714594046,0.44999999999999973,0.7,rolling,7.5499999999998835,-0.055215361816821254,2.4586846130247526,34,34,0,2.460111422586357,0.2,0.2617993877991494,9.81,1,1,12,21,41,-3.0,3.0,0.01,30.0,60.0,1e-09,1e-12,6,0.0001,1,new simulation,nan
17,24,0.3832595714594046,0.5999999999999996,0.7,rolling,7.489999999999885,-0.0480284494787909,2.4572063642679165,34,34,0,2.4601155999211635,0.2,0.2617993877991494,9.81,1,1,12,21,41,-3.0,3.0,0.01,30.0,60.0,1e-09,1e-12,6,0.0001,1,new simulation,nan
17,25,0.3832595714594046,0.75,0.7,rolling,7.429999999999886,-0.04045932845606055,2.455871786423943,34,34,0,2.4601209705128864,0.2,0.2617993877991494,9.81,1,1,12,21,41,-3.0,3.0,0.01,30.0,60.0,1e-09,1e-12,6,0.0001,1,new simulation,nan
17,26,0.3832595714594046,0.8999999999999999,0.7,rolling,7.3599999999998875,-0.06059287483352711,2.4599329702961144,34,34,0,2.4601275359051624,0.2,0.2617993877991494,9.81,1,1,12,21,41,-3.0,3.0,0.01,30.0,60.0,1e-09,1e-12,6,0.0001,1,new simulation,nan
17,27,0.3832595714594046,1.0499999999999998,0.7,rolling,7.299999999999889,-0.06096239198029076,2.4600258322098076,34,34,0,2.460135291439147,0.2,0.2617993877991494,9.81,1,1,12,21,41,-3.0,3.0,0.01,30.0,60.0,1e-09,1e-12,6,0.0001,1,new simulation,nan
17,28,0.3832595714594046,1.2000000000000002,0.7,rolling,7.039999999999894,-0.05678580200526972,2.459026545719035,33,33,0,2.4600912090984672,0.2,0.2617993877991494,9.81,1,1,12,21,41,-3.0,3.0,0.01,30.0,60.0,1e-09,1e-12,6,0.0001,1,new simulation,nan
17,29,0.3832595714594046,1.3499999999999996,0.7,rolling,6.989999999999895,-0.04346322123742925,2.4563680424063947,33,33,0,2.4601047358541317,0.2,0.2617993877991494,9.81,1,1,12,21,41,-3.0,3.0,0.01,30.0,60.0,1e-09,1e-12,6,0.0001,1,new simulation,nan
17,30,0.3832595714594046,1.5,0.7,rolling,6.929999999999897,-0.05997662293631616,2.459781573376443,33,33,0,2.4601198509739386,0.2,0.2617993877991494,9.81,1,1,12,21,41,-3.0,3.0,0.01,30.0,60.0,1e-09,1e-12,6,0.0001,1,new simulation,nan
17,31,0.3832595714594046,1.6499999999999995,0.7,rolling,6.879999999999898,-0.05685746013879882,2.459062428635312,33,33,0,2.46013656035213,0.2,0.2617993877991494,9.81,1,1,12,21,41,-3.0,3.0,0.01,30.0,60.0,1e-09,1e-12,6,0.0001,1,new simulation,nan
17,32,0.3832595714594046,1.7999999999999998,0.7,rolling,6.629999999999903,-0.04839425768532604,2.4572723070237164,32,32,0,2.460105365099207,0.2,0.2617993877991494,9.81,1,1,12,21,41,-3.0,3.0,0.01,30.0,60.0,1e-09,1e-12,6,0.0001,1,new simulation,nan
17,33,0.3832595714594046,1.9500000000000002,0.7,rolling,6.579999999999904,-0.054184739008253775,2.4584686492888284,32,32,0,2.4601318858904593,0.2,0.2617993877991494,9.81,1,1,12,21,41,-3.0,3.0,0.01,30.0,60.0,1e-09,1e-12,6,0.0001,1,new simulation,nan
17,34,0.3832595714594046,2.0999999999999996,0.7,rolling,6.3299999999999095,-0.05400439218652457,2.4584215218507777,31,31,0,2.4601129225293845,0.2,0.2617993877991494,9.81,1,1,12,21,41,-3.0,3.0,0.01,30.0,60.0,1e-09,1e-12,6,0.0001,1,new simulation,nan
17,35,0.3832595714594046,2.25,0.7,rolling,6.079999999999915,-0.05754149392333891,2.4592043806467636,30,30,0,2.4601041408862385,0.2,0.2617993877991494,9.81,1,1,12,21,41,-3.0,3.0,0.01,30.0,60.0,1e-09,1e-12,6,0.0001,1,new simulation,nan
17,36,0.3832595714594046,2.3999999999999995,0.7,rolling,5.83999999999992,-0.03997238233338815,2.4557912917130746,29,29,0,2.4601156929913395,0.2,0.2617993877991494,9.81,1,1,12,21,41,-3.0,3.0,0.01,30.0,60.0,1e-09,1e-12,6,0.0001,1,new simulation,nan
17,37,0.3832595714594046,2.55,0.7,rolling,5.3899999999999295,-0.040270328754109325,2.4558397129441416,27,27,0,2.4601172660983104,0.2,0.2617993877991494,9.81,1,1,12,21,41,-3.0,3.0,0.01,30.0,60.0,1e-09,1e-12,6,0.0001,1,new simulation,nan
17,38,0.3832595714594046,2.7,0.7,rolling,4.119999999999957,-0.05298750250202029,2.4582149517788747,21,21,0,2.4601369463996496,0.2,0.2617993877991494,9.81,1,1,12,21,41,-3.0,3.0,0.01,30.0,60.0,1e-09,1e-12,6,0.0001,1,new simulation,nan
17,39,0.3832595714594046,2.8499999999999996,0.7,rolling,5.099999999999936,-0.055160870001018825,2.4588342126603155,26,26,0,2.4604843601559057,0.2,0.2617993877991494,9.81,1,1,12,21,41,-3.0,3.0,0.01,30.0,60.0,1e-09,1e-12,6,0.0001,1,new simulation,nan
17,40,0.3832595714594046,3.0,0.7,rolling,5.679999999999923,-0.040020645470724064,2.455956067482697,29,29,0,2.460477760613251,0.2,0.2617993877991494,9.81,1,1,12,21,41,-3.0,3.0,0.01,30.0,60.0,1e-09,1e-12,6,0.0001,1,new simulation,nan
18,0,0.40943951023931957,-3.0,0.8000000000000002,rolling,8.879999999999855,-0.03734916748616243,2.4553803144156516,37,34,3,2.46010203496953,0.2,0.2617993877991494,9.81,1,1,12,21,41,-3.0,3.0,0.01,30.0,60.0,1e-09,1e-12,6,0.0001,1,new simulation,nan
18,1,0.40943951023931957,-2.85,0.8000000000000002,rolling,9.56999999999984,-0.04988612389075603,2.4575591465108517,37,34,3,2.460092217531518,0.2,0.2617993877991494,9.81,1,1,12,21,41,-3.0,3.0,0.01,30.0,60.0,1e-09,1e-12,6,0.0001,1,new simulation,nan
18,2,0.40943951023931957,-2.7,0.8000000000000002,rolling,8.729999999999858,-0.0515325396577066,2.457910478183956,36,34,2,2.460134282286002,0.2,0.2617993877991494,9.81,1,1,12,21,41,-3.0,3.0,0.01,30.0,60.0,1e-09,1e-12,6,0.0001,1,new simulation,nan
18,3,0.40943951023931957,-2.55,0.8000000000000002,rolling,8.569999999999862,-0.04876476654675953,2.457351578182153,36,34,2,2.460122535614816,0.2,0.2617993877991494,9.81,1,1,12,21,41,-3.0,3.0,0.01,30.0,60.0,1e-09,1e-12,6,0.0001,1,new simulation,nan
18,4,0.40943951023931957,-2.4,0.8000000000000002,rolling,8.569999999999862,-0.04608794311490741,2.4568401088115244,36,34,2,2.460111457944999,0.2,0.2617993877991494,9.81,1,1,12,21,41,-3.0,3.0,0.01,30.0,60.0,1e-09,1e-12,6,0.0001,1,new simulation,nan
18,5,0.40943951023931957,-2.25,0.8000000000000002,rolling,8.709999999999859,-0.04271534957255696,2.4562377825356982,36,34,2,2.46010105361146,0.2,0.2617993877991494,9.81,1,1,12,21,41,-3.0,3.0,0.01,30.0,60.0,1e-09,1e-12,6,0.0001,1,new simulation,nan
18,6,0.40943951023931957,-2.1,0.8000000000000002,rolling,9.709999999999837,-0.04280399146789936,2.4562486958106082,36,34,2,2.460091320454165,0.2,0.2617993877991494,9.81,1,1,12,21,41,-3.0,3.0,0.01,30.0,60.0,1e-09,1e-12,6,0.0001,1,new simulation,nan
18,7,0.40943951023931957,-1.95,0.8000000000000002,rolling,8.489999999999863,-0.0533710958608613,2.4582947946887126,35,34,1,2.4601334219989717,0.2,0.2617993877991494,9.81,1,1,12,21,41,-3.0,3.0,0.01,30.0,60.0,1e-09,1e-12,6,0.0001,1,new simulation,nan
18,8,0.40943951023931957,-1.8,0.8000000000000002,rolling,8.339999999999867,-0.037910261506757914,2.455473412581742,35,34,1,2.460122232025952,0.2,0.2617993877991494,9.81,1,1,12,21,41,-3.0,3.0,0.01,30.0,60.0,1e-09,1e-12,6,0.0001,1,new simulation,nan
18,9,0.40943951023931957,-1.6500000000000001,0.8000000000000002,rolling,8.319999999999867,-0.039863419878738704,2.455772292649277,35,34,1,2.4601119384001016,0.2,0.2617993877991494,9.81,1,1,12,21,41,-3.0,3.0,0.01,30.0,60.0,1e-09,1e-12,6,0.0001,1,new simulation,nan
18,10,0.40943951023931957,-1.5,0.8000000000000002,rolling,8.399999999999865,-0.05797843986327378,2.459304305473469,35,34,1,2.460102539625646,0.2,0.2617993877991494,9.81,1,1,12,21,41,-3.0,3.0,0.01,30.0,60.0,1e-09,1e-12,6,0.0001,1,new simulation,nan
18,11,0.40943951023931957,-1.35,0.8000000000000002,rolling,8.779999999999857,-0.0427505216313739,2.456240741205816,35,34,1,2.460094037242732,0.2,0.2617993877991494,9.81,1,1,12,21,41,-3.0,3.0,0.01,30.0,60.0,1e-09,1e-12,6,0.0001,1,new simulation,nan
18,12,0.40943951023931957,-1.2000000000000002,0.8000000000000002,rolling,8.17999999999987,-0.05780544022159639,2.4592564324444655,33,33,0,2.4600841963144617,0.2,0.2617993877991494,9.81,1,1,12,21,41,-3.0,3.0,0.01,30.0,60.0,1e-09,1e-12,6,0.0001,1,new simulation,nan
18,13,0.40943951023931957,-1.05,0.8000000000000002,rolling,8.069999999999872,-0.05797405308675424,2.459315201959313,34,34,0,2.460130032508881,0.2,0.2617993877991494,9.81,1,1,12,21,41,-3.0,3.0,0.01,30.0,60.0,1e-09,1e-12,6,0.0001,1,new simulation,nan
18,14,0.40943951023931957,-0.8999999999999999,0.8000000000000002,rolling,7.949999999999875,-0.05406474841323287,2.4584385827396473,34,34,0,2.4601222765646895,0.2,0.2617993877991494,9.81,1,1,12,21,41,-3.0,3.0,0.01,30.0,60.0,1e-09,1e-12,6,0.0001,1,new simulation,nan
18,15,0.40943951023931957,-0.75,0.8000000000000002,rolling,7.889999999999876,-0.044229413203531354,2.456506921128735,34,34,0,2.460115709980704,0.2,0.2617993877991494,9.81,1,1,12,21,41,-3.0,3.0,0.01,30.0,60.0,1e-09,1e-12,6,0.0001,1,new simulation,nan
18,16,0.40943951023931957,-0.6000000000000001,0.8000000000000002,rolling,7.849999999999877,-0.05488962163795787,2.458612628550895,34,34,0,2.4601103411113585,0.2,0.2617993877991494,9.81,1,1,12,21,41,-3.0,3.0,0.01,30.0,60.0,1e-09,1e-12,6,0.0001,1,new simulation,nan
18,17,0.40943951023931957,-0.4500000000000002,0.8000000000000002,rolling,7.8299999999998775,-0.05475891993319042,2.458582241365783,34,34,0,2.460106164162618,0.2,0.2617993877991494,9.81,1,1,12,21,41,-3.0,3.0,0.01,30.0,60.0,1e-09,1e-12,6,0.0001,1,new simulation,nan
18,18,0.40943951023931957,-0.30000000000000027,0.8000000000000002,rolling,7.819999999999878,-0.04571542195349666,2.4567682639250883,34,34,0,2.460103178279217,0.2,0.2617993877991494,9.81,1,1,12,21,41,-3.0,3.0,0.01,30.0,60.0,1e-09,1e-12,6,0.0001,1,new simulation,nan
18,19,0.40943951023931957,-0.1499999999999999,0.8000000000000002,rolling,7.799999999999878,-0.053202189636519265,2.458245011365231,34,34,0,2.460101390025907,0.2,0.2617993877991494,9.81,1,1,12,21,41,-3.0,3.0,0.01,30.0,60.0,1e-09,1e-12,6,0.0001,1,new simulation,nan
18,20,0.40943951023931957,0.0,0.8000000000000002,rolling,7.769999999999879,-0.053830520879039265,2.458378874740139,34,34,0,2.4601007932846737,0.2,0.2617993877991494,9.81,1,1,12,21,41,-3.0,3.0,0.01,30.0,60.0,1e-09,1e-12,6,0.0001,1,new simulation,nan
18,21,0.40943951023931957,0.1499999999999999,0.8000000000000002,rolling,7.71999999999988,-0.06018269680445223,2.459822924815034,34,34,0,2.4601013904072513,0.2,0.2617993877991494,9.81,1,1,12,21,41,-3.0,3.0,0.01,30.0,60.0,1e-09,1e-12,6,0.0001,1,new simulation,nan
18,22,0.40943951023931957,0.2999999999999998,0.8000000000000002,rolling,7.659999999999881,-0.054434224534143476,2.4585102485737105,34,34,0,2.460103180092864,0.2,0.2617993877991494,9.81,1,1,12,21,41,-3.0,3.0,0.01,30.0,60.0,1e-09,1e-12,6,0.0001,1,new simulation,nan
18,23,0.40943951023931957,0.44999999999999973,0.8000000000000002,rolling,7.589999999999883,-0.05376939837930474,2.458368087287255,34,34,0,2.4601061636881982,0.2,0.2617993877991494,9.81,1,1,12,21,41,-3.0,3.0,0.01,30.0,60.0,1e-09,1e-12,6,0.0001,1,new simulation,nan
18,24,0.40943951023931957,0.5999999999999996,0.8000000000000002,rolling,7.519999999999884,-0.04863460601212301,2.457320997208699,34,34,0,2.4601103416273924,0.2,0.2617993877991494,9.81,1,1,12,21,41,-3.0,3.0,0.01,30.0,60.0,1e-09,1e-12,6,0.0001,1,new simulation,nan
18,25,0.40943951023931957,0.75,0.8000000000000002,rolling,7.449999999999886,-0.04752468771138515,2.4571103603600055,34,34,0,2.4601157113332834,0.2,0.2617993877991494,9.81,1,1,12,21,41,-3.0,3.0,0.01,30.0,60.0,1e-09,1e-12,6,0.0001,1,new simulation,nan
18,26,0.40943951023931957,0.8999999999999999,0.8000000000000002,rolling,7.379999999999887,-0.053913942107834276,2.4584061097428815,34,34,0,2.4601222756555776,0.2,0.2617993877991494,9.81,1,1,12,21,41,-3.0,3.0,0.01,30.0,60.0,1e-09,1e-12,6,0.0001,1,new simulation,nan
18,27,0.40943951023931957,1.0499999999999998,0.8000000000000002,rolling,7.319999999999888,-0.04405264008924255,2.4564819807560956,34,34,0,2.4601300324557633,0.2,0.2617993877991494,9.81,1,1,12,21,41,-3.0,3.0,0.01,30.0,60.0,1e-09,1e-12,6,0.0001,1,new simulation,nan
18,28,0.40943951023931957,1.2000000000000002,0.8000000000000002,rolling,7.049999999999894,-0.05683282037299531,2.4590341588686098,33,33,0,2.460084196848225,0.2,0.2617993877991494,9.81,1,1,12,21,41,-3.0,3.0,0.01,30.0,60.0,1e-09,1e-12,6,0.0001,1,new simulation,nan
18,29,0.40943951023931957,1.3499999999999996,0.8000000000000002,rolling,6.999999999999895,-0.0377768847309882,2.455442618952572,33,33,0,2.46009772366434,0.2,0.2617993877991494,9.81,1,1,12,21,41,-3.0,3.0,0.01,30.0,60.0,1e-09,1e-12,6,0.0001,1,new simulation,nan
18,30,0.40943951023931957,1.5,0.8000000000000002,rolling,6.9399999999998965,-0.04990234458233433,2.4575713153653043,33,33,0,2.4601128404345367,0.2,0.2617993877991494,9.81,1,1,12,21,41,-3.0,3.0,0.01,30.0,60.0,1e-09,1e-12,6,0.0001,1,new simulation,nan
18,31,0.40943951023931957,1.6499999999999995,0.8000000000000002,rolling,6.8899999999998975,-0.043392961808418604,2.456366619935208,33,33,0,2.4601295472205864,0.2,0.2617993877991494,9.81,1,1,12,21,41,-3.0,3.0,0.01,30.0,60.0,1e-09,1e-12,6,0.0001,1,new simulation,nan
18,32,0.40943951023931957,1.7999999999999998,0.8000000000000002,rolling,6.629999999999903,-0.05683797517445575,2.4590404463373687,32,32,0,2.4600960149490607,0.2,0.2617993877991494,9.81,1,1,12,21,41,-3.0,3.0,0.01,30.0,60.0,1e-09,1e-12,6,0.0001,1,new simulation,nan
18,33,0.40943951023931957,1.9500000000000002,0.8000000000000002,rolling,6.579999999999904,-0.06050327918799939,2.459909184562044,32,32,0,2.460122537001068,0.2,0.2617993877991494,9.81,1,1,12,21,41,-3.0,3.0,0.01,30.0,60.0,1e-09,1e-12,6,0.0001,1,new simulation,nan
18,34,0.40943951023931957,2.0999999999999996,0.8000000000000002,rolling,6.3299999999999095,-0.058604229097318945,2.4594488278869804,31,31,0,2.4601004577673407,0.2,0.2617993877991494,9.81,1,1,12,21,41,-3.0,3.0,0.01,30.0,60.0,1e-09,1e-12,6,0.0001,1,new simulation,nan
18,35,0.40943951023931957,2.25,0.8000000000000002,rolling,6.079999999999915,-0.06074090704911463,2.459951434676386,30,30,0,2.4600875220063236,0.2,0.2617993877991494,9.81,1,1,12,21,41,-3.0,3.0,0.01,30.0,60.0,1e-09,1e-12,6,0.0001,1,new simulation,nan
18,36,0.40943951023931957,2.3999999999999995,0.8000000000000002,rolling,5.83999999999992,-0.04201478324818908,2.456116016242516,29,29,0,2.460093531755517,0.2,0.2617993877991494,9.81,1,1,12,21,41,-3.0,3.0,0.01,30.0,60.0,1e-09,1e-12,6,0.0001,1,new simulation,nan
18,37,0.40943951023931957,2.55,0.8000000000000002,rolling,5.589999999999925,-0.05131109975412138,2.4578650312184256,28,28,0,2.460134236890493,0.2,0.2617993877991494,9.81,1,1,12,21,41,-3.0,3.0,0.01,30.0,60.0,1e-09,1e-12,6,0.0001,1,new simulation,nan
18,38,0.40943951023931957,2.7,0.8000000000000002,rolling,4.529999999999948,-0.04857845907106473,2.4572992210664424,23,23,0,2.460085230855822,0.2,0.2617993877991494,9.81,1,1,12,21,41,-3.0,3.0,0.01,30.0,60.0,1e-09,1e-12,6,0.0001,1,new simulation,nan
18,39,0.40943951023931957,2.8499999999999996,0.8000000000000002,rolling,4.89999999999994,-0.04484173101671359,2.456771451812005,25,25,0,2.460474673547194,0.2,0.2617993877991494,9.81,1,1,12,21,41,-3.0,3.0,0.01,30.0,60.0,1e-09,1e-12,6,0.0001,1,new simulation,nan
18,40,0.40943951023931957,3.0,0.8000000000000002,rolling,5.469999999999928,-0.05372206276096873,2.458531366552076,28,28,0,2.460506358736056,0.2,0.2617993877991494,9.81,1,1,12,21,41,-3.0,3.0,0.01,30.0,60.0,1e-09,1e-12,6,0.0001,1,new simulation,nan
19,0,0.4356194490192345,-3.0,0.9,rolling,8.949999999999854,-0.04573711153877895,2.45677070615635,37,34,3,2.460099679224665,0.2,0.2617993877991494,9.81,1,1,12,21,41,-3.0,3.0,0.01,30.0,60.0,1e-09,1e-12,6,0.0001,1,new simulation,nan
19,1,0.4356194490192345,-2.85,0.9,rolling,9.649999999999839,-0.04698336880330222,2.4569972502815327,35,33,2,2.460090299782724,0.2,0.2617993877991494,9.81,1,1,12,21,41,-3.0,3.0,0.01,30.0,60.0,1e-09,1e-12,6,0.0001,1,new simulation,nan
19,2,0.4356194490192345,-2.7,0.9,rolling,8.66999999999986,-0.05494784676280055,2.4586343935786354,36,34,2,2.460131140715876,0.2,0.2617993877991494,9.81,1,1,12,21,41,-3.0,3.0,0.01,30.0,60.0,1e-09,1e-12,6,0.0001,1,new simulation,nan
19,3,0.4356194490192345,-2.55,0.9,rolling,8.569999999999862,-0.04446091903414513,2.456549501349166,36,34,2,2.460119392672808,0.2,0.2617993877991494,9.81,1,1,12,21,41,-3.0,3.0,0.01,30.0,60.0,1e-09,1e-12,6,0.0001,1,new simulation,nan
19,4,0.4356194490192345,-2.4,0.9,rolling,8.599999999999861,-0.05504737615689073,2.458646335281222,36,34,2,2.4601083177559544,0.2,0.2617993877991494,9.81,1,1,12,21,41,-3.0,3.0,0.01,30.0,60.0,1e-09,1e-12,6,0.0001,1,new simulation,nan
19,5,0.4356194490192345,-2.25,0.9,rolling,8.819999999999856,-0.054448554042513676,2.458511078723533,36,34,2,2.460097913041032,0.2,0.2617993877991494,9.81,1,1,12,21,41,-3.0,3.0,0.01,30.0,60.0,1e-09,1e-12,6,0.0001,1,new simulation,nan
19,6,0.4356194490192345,-2.1,0.9,rolling,8.709999999999859,-0.058740791377418146,2.459475070975859,34,33,1,2.460087305255781,0.2,0.2617993877991494,9.81,1,1,12,21,41,-3.0,3.0,0.01,30.0,60.0,1e-09,1e-12,6,0.0001,1,new simulation,nan
19,7,0.4356194490192345,-1.95,0.9,rolling,8.419999999999865,-0.056707980891767755,2.4590254083103096,35,34,1,2.4601292309408795,0.2,0.2617993877991494,9.81,1,1,12,21,41,-3.0,3.0,0.01,30.0,60.0,1e-09,1e-12,6,0.0001,1,new simulation,nan
19,8,0.4356194490192345,-1.8,0.9,rolling,8.329999999999867,-0.0511039588262265,2.457815693163026,35,34,1,2.460118041588313,0.2,0.2617993877991494,9.81,1,1,12,21,41,-3.0,3.0,0.01,30.0,60.0,1e-09,1e-12,6,0.0001,1,new simulation,nan
19,9,0.4356194490192345,-1.6500000000000001,0.9,rolling,8.349999999999866,-0.060718865559713606,2.459954857706964,35,34,1,2.4601077493140924,0.2,0.2617993877991494,9.81,1,1,12,21,41,-3.0,3.0,0.01,30.0,60.0,1e-09,1e-12,6,0.0001,1,new simulation,nan
19,10,0.4356194490192345,-1.5,0.9,rolling,8.529999999999863,-0.04954278665919108,2.457493695737714,35,34,1,2.46009834945194,0.2,0.2617993877991494,9.81,1,1,12,21,41,-3.0,3.0,0.01,30.0,60.0,1e-09,1e-12,6,0.0001,1,new simulation,nan
19,11,0.4356194490192345,-1.35,0.9,rolling,9.11999999999985,-0.06001491038793231,2.459777918575137,33,33,0,2.460090273300071,0.2,0.2617993877991494,9.81,1,1,12,21,41,-3.0,3.0,0.01,30.0,60.0,1e-09,1e-12,6,0.0001,1,new simulation,nan
19,12,0.4356194490192345,-1.2000000000000002,0.9,rolling,8.17999999999987,-0.04291623882412218,2.456286154199458,34,34,0,2.4601333990643295,0.2,0.2617993877991494,9.81,1,1,12,21,41,-3.0,3.0,0.01,30.0,60.0,1e-09,1e-12,6,0.0001,1,new simulation,nan
19,13,0.4356194490192345,-1.05,0.9,rolling,8.009999999999874,-0.03926894367721265,2.455683781739718,34,34,0,2.460124446509228,0.2,0.2617993877991494,9.81,1,1,12,21,41,-3.0,3.0,0.01,30.0,60.0,1e-09,1e-12,6,0.0001,1,new simulation,nan
19,14,0.4356194490192345,-0.8999999999999999,0.9,rolling,7.929999999999875,-0.04239379244682881,2.4561899301144425,34,34,0,2.460116690339383,0.2,0.2617993877991494,9.81,1,1,12,21,41,-3.0,3.0,0.01,30.0,60.0,1e-09,1e-12,6,0.0001,1,new simulation,nan
19,15,0.4356194490192345,-0.75,0.9,rolling,7.889999999999876,-0.04960648973686059,2.4575114016709927,34,34,0,2.4601101250186397,0.2,0.2617993877991494,9.81,1,1,12,21,41,-3.0,3.0,0.01,30.0,60.0,1e-09,1e-12,6,0.0001,1,new simulation,nan
19,16,0.4356194490192345,-0.6000000000000001,0.9,rolling,7.879999999999876,-0.0477585604647956,2.4571500763337397,34,34,0,2.4601047539616934,0.2,0.2617993877991494,9.81,1,1,12,21,41,-3.0,3.0,0.01,30.0,60.0,1e-09,1e-12,6,0.0001,1,new simulation,nan
19,17,0.4356194490192345,-0.4500000000000002,0.9,rolling,7.889999999999876,-0.04442090690834277,2.4565342440778806,34,34,0,2.4601005770646376,0.2,0.2617993877991494,9.81,1,1,12,21,41,-3.0,3.0,0.01,30.0,60.0,1e-09,1e-12,6,0.0001,1,new simulation,nan
19,18,0.4356194490192345,-0.30000000000000027,0.9,rolling,7.909999999999876,-0.0471219143376315,2.4570264319857116,34,34,0,2.4600975932215383,0.2,0.2617993877991494,9.81,1,1,12,21,41,-3.0,3.0,0.01,30.0,60.0,1e-09,1e-12,6,0.0001,1,new simulation,nan
19,19,0.4356194490192345,-0.1499999999999999,0.9,rolling,7.929999999999875,-0.04305815207732429,2.45629420435165,34,34,0,2.4600958042519827,0.2,0.2617993877991494,9.81,1,1,12,21,41,-3.0,3.0,0.01,30.0,60.0,1e-09,1e-12,6,0.0001,1,new simulation,nan
19,20,0.4356194490192345,0.0,0.9,rolling,7.919999999999876,-0.037840857346743514,2.4554511882926944,34,34,0,2.460095208335097,0.2,0.2617993877991494,9.81,1,1,12,21,41,-3.0,3.0,0.01,30.0,60.0,1e-09,1e-12,6,0.0001,1,new simulation,nan
19,21,0.4356194490192345,0.1499999999999999,0.9,rolling,7.849999999999877,-0.060864252856596295,2.4599849087584538,34,34,0,2.460095803905776,0.2,0.2617993877991494,9.81,1,1,12,21,41,-3.0,3.0,0.01,30.0,60.0,1e-09,1e-12,6,0.0001,1,new simulation,nan
19,22,0.4356194490192345,0.2999999999999998,0.9,rolling,7.759999999999879,-0.05382996855341967,2.458377369144761,34,34,0,2.4600975936063123,0.2,0.2617993877991494,9.81,1,1,12,21,41,-3.0,3.0,0.01,30.0,60.0,1e-09,1e-12,6,0.0001,1,new simulation,nan
19,23,0.4356194490192345,0.44999999999999973,0.9,rolling,7.659999999999881,-0.055254778480716374,2.4586885977121624,34,34,0,2.460100577904678,0.2,0.2617993877991494,9.81,1,1,12,21,41,-3.0,3.0,0.01,30.0,60.0,1e-09,1e-12,6,0.0001,1,new simulation,nan
19,24,0.4356194490192345,0.5999999999999996,0.9,rolling,7.569999999999883,-0.046596584477101285,2.4569312849396963,34,34,0,2.4601047547437065,0.2,0.2617993877991494,9.81,1,1,12,21,41,-3.0,3.0,0.01,30.0,60.0,1e-09,1e-12,6,0.0001,1,new simulation,nan
19,25,0.4356194490192345,0.75,0.9,rolling,7.479999999999885,-0.059029808784607875,2.4595527956889573,34,34,0,2.4601101252077355,0.2,0.2617993877991494,9.81,1,1,12,21,41,-3.0,3.0,0.01,30.0,60.0,1e-09,1e-12,6,0.0001,1,new simulation,nan
19,26,0.4356194490192345,0.8999999999999999,0.9,rolling,7.4099999999998865,-0.041648442037389266,2.4560648697683383,34,34,0,2.460116690340582,0.2,0.2617993877991494,9.81,1,1,12,21,41,-3.0,3.0,0.01,30.0,60.0,1e-09,1e-12,6,0.0001,1,new simulation,nan
19,27,0.4356194490192345,1.0499999999999998,0.9,rolling,7.339999999999888,-0.040244001498851156,2.4558385964354925,34,34,0,2.460124446929622,0.2,0.2617993877991494,9.81,1,1,12,21,41,-3.0,3.0,0.01,30.0,60.0,1e-09,1e-12,6,0.0001,1,new simulation,nan
19,28,0.4356194490192345,1.2000000000000002,0.9,rolling,7.269999999999889,-0.05175836435483732,2.4579566242610684,34,34,0,2.460133398092746,0.2,0.2617993877991494,9.81,1,1,12,21,41,-3.0,3.0,0.01,30.0,60.0,1e-09,1e-12,6,0.0001,1,new simulation,nan
19,29,0.4356194490192345,1.3499999999999996,0.9,rolling,7.009999999999895,-0.03927760388096167,2.4556703165189595,33,33,0,2.4600902747776936,0.2,0.2617993877991494,9.81,1,1,12,21,41,-3.0,3.0,0.01,30.0,60.0,1e-09,1e-12,6,0.0001,1,new simulation,nan
19,30,0.4356194490192345,1.5,0.9,rolling,6.949999999999896,-0.04548515031432104,2.456727307199174,33,33,0,2.4601053901430148,0.2,0.2617993877991494,9.81,1,1,12,21,41,-3.0,3.0,0.01,30.0,60.0,1e-09,1e-12,6,0.0001,1,new simulation,nan
19,31,0.4356194490192345,1.6499999999999995,0.9,rolling,6.8899999999998975,-0.05908464801882105,2.4595708936817204,33,33,0,2.4601221007802976,0.2,0.2617993877991494,9.81,1,1,12,21,41,-3.0,3.0,0.01,30.0,60.0,1e-09,1e-12,6,0.0001,1,new simulation,nan
19,32,0.4356194490192345,1.7999999999999998,0.9,rolling,6.639999999999903,-0.04450402171612304,2.456542712210209,32,32,0,2.4600860857540057,0.2,0.2617993877991494,9.81,1,1,12,21,41,-3.0,3.0,0.01,30.0,60.0,1e-09,1e-12,6,0.0001,1,new simulation,nan
19,33,0.4356194490192345,1.9500000000000002,0.9,rolling,6.589999999999904,-0.04545769839770342,2.4567254533110527,32,32,0,2.460112605452075,0.2,0.2617993877991494,9.81,1,1,12,21,41,-3.0,3.0,0.01,30.0,60.0,1e-09,1e-12,6,0.0001,1,new simulation,nan
19,34,0.4356194490192345,2.0999999999999996,0.9,rolling,6.339999999999909,-0.04139836321832281,2.4560106198797893,31,31,0,2.4600872167345447,0.2,0.2617993877991494,9.81,1,1,12,21,41,-3.0,3.0,0.01,30.0,60.0,1e-09,1e-12,6,0.0001,1,new simulation,nan
19,35,0.4356194490192345,2.25,0.9,rolling,6.28999999999991,-0.051739776090724846,2.457950549027877,31,31,0,2.4601282366744748,0.2,0.2617993877991494,9.81,1,1,12,21,41,-3.0,3.0,0.01,30.0,60.0,1e-09,1e-12,6,0.0001,1,new simulation,nan
19,36,0.4356194490192345,2.3999999999999995,0.9,rolling,6.039999999999916,-0.05615713682898864,2.458901068404701,30,30,0,2.4601283297126817,0.2,0.2617993877991494,9.81,1,1,12,21,41,-3.0,3.0,0.01,30.0,60.0,1e-09,1e-12,6,0.0001,1,new simulation,nan
19,37,0.4356194490192345,2.55,0.9,rolling,5.589999999999925,-0.05430368617374214,2.4584818015808585,28,28,0,2.4601028513125907,0.2,0.2617993877991494,9.81,1,1,12,21,41,-3.0,3.0,0.01,30.0,60.0,1e-09,1e-12,6,0.0001,1,new simulation,nan
19,38,0.4356194490192345,2.7,0.9,rolling,4.939999999999939,-0.04590731750648161,2.456804689584547,25,25,0,2.460106258817633,0.2,0.2617993877991494,9.81,1,1,12,21,41,-3.0,3.0,0.01,30.0,60.0,1e-09,1e-12,6,0.0001,1,new simulation,nan
19,39,0.4356194490192345,2.8499999999999996,0.9,rolling,4.489999999999949,-0.05071012389372891,2.457890734960268,23,23,0,2.4604756955895404,0.2,0.2617993877991494,9.81,1,1,12,21,41,-3.0,3.0,0.01,30.0,60.0,1e-09,1e-12,6,0.0001,1,new simulation,nan
19,40,0.4356194490192345,3.0,0.9,rolling,5.469999999999928,-0.05418602435468388,2.4586176004298235,28,28,0,2.4604749777459958,0.2,0.2617993877991494,9.81,1,1,12,21,41,-3.0,3.0,0.01,30.0,60.0,1e-09,1e-12,6,0.0001,1,new simulation,nan
20,0,0.4617993877991494,-3.0,1.0,rolling,9.059999999999851,-0.043156846372340255,2.456311791736375,37,34,3,2.46009718657897,0.2,0.2617993877991494,9.81,1,1,12,21,41,-3.0,3.0,0.01,30.0,60.0,1e-09,1e-12,6,0.0001,1,new simulation,nan
20,1,0.4617993877991494,-2.85,1.0,rolling,8.819999999999856,-0.049337488683021076,2.4574477854411123,35,33,2,2.4600858684117703,0.2,0.2617993877991494,9.81,1,1,12,21,41,-3.0,3.0,0.01,30.0,60.0,1e-09,1e-12,6,0.0001,1,new simulation,nan
20,2,0.4617993877991494,-2.7,1.0,rolling,8.62999999999986,-0.058722463990959886,2.4594883274071635,36,34,2,2.4601278179049975,0.2,0.2617993877991494,9.81,1,1,12,21,41,-3.0,3.0,0.01,30.0,60.0,1e-09,1e-12,6,0.0001,1,new simulation,nan
20,3,0.4617993877991494,-2.55,1.0,rolling,8.579999999999862,-0.03918394502020836,2.4556668306215195,36,34,2,2.4601160684019803,0.2,0.2617993877991494,9.81,1,1,12,21,41,-3.0,3.0,0.01,30.0,60.0,1e-09,1e-12,6,0.0001,1,new simulation,nan
20,4,0.4617993877991494,-2.4,1.0,rolling,8.64999999999986,-0.05616662933804462,2.4588930851928654,36,34,2,2.460104993078742,0.2,0.2617993877991494,9.81,1,1,12,21,41,-3.0,3.0,0.01,30.0,60.0,1e-09,1e-12,6,0.0001,1,new simulation,nan
20,5,0.4617993877991494,-2.25,1.0,rolling,9.039999999999852,-0.04650516345111735,2.4569098887292573,36,34,2,2.460094585030841,0.2,0.2617993877991494,9.81,1,1,12,21,41,-3.0,3.0,0.01,30.0,60.0,1e-09,1e-12,6,0.0001,1,new simulation,nan
20,6,0.4617993877991494,-2.1,1.0,rolling,8.62999999999986,-0.04255555436350864,2.456226119556462,35,34,1,2.4601368815463354,0.2,0.2617993877991494,9.81,1,1,12,21,41,-3.0,3.0,0.01,30.0,60.0,1e-09,1e-12,6,0.0001,1,new simulation,nan
20,7,0.4617993877991494,-1.95,1.0,rolling,8.379999999999866,-0.05755534056761896,2.4592165072344736,35,34,1,2.460124799173491,0.2,0.2617993877991494,9.81,1,1,12,21,41,-3.0,3.0,0.01,30.0,60.0,1e-09,1e-12,6,0.0001,1,new simulation,nan
20,8,0.4617993877991494,-1.8,1.0,rolling,8.339999999999867,-0.056144415257407126,2.4588918438490714,35,34,1,2.4601136102126615,0.2,0.2617993877991494,9.81,1,1,12,21,41,-3.0,3.0,0.01,30.0,60.0,1e-09,1e-12,6,0.0001,1,new simulation,nan
20,9,0.4617993877991494,-1.6500000000000001,1.0,rolling,8.419999999999865,-0.057520772548147435,2.45919927126339,35,34,1,2.4601033178638274,0.2,0.2617993877991494,9.81,1,1,12,21,41,-3.0,3.0,0.01,30.0,60.0,1e-09,1e-12,6,0.0001,1,new simulation,nan
20,10,0.4617993877991494,-1.5,1.0,rolling,8.829999999999856,-0.04169613852093161,2.4560629284477433,35,34,1,2.4600939182813764,0.2,0.2617993877991494,9.81,1,1,12,21,41,-3.0,3.0,0.01,30.0,60.0,1e-09,1e-12,6,0.0001,1,new simulation,nan
20,11,0.4617993877991494,-1.35,1.0,rolling,8.349999999999866,-0.057014903139530684,2.459098631413037,34,34,0,2.4601376318954142,0.2,0.2617993877991494,9.81,1,1,12,21,41,-3.0,3.0,0.01,30.0,60.0,1e-09,1e-12,6,0.0001,1,new simulation,nan
20,12,0.4617993877991494,-1.2000000000000002,1.0,rolling,8.069999999999872,-0.058067488009036446,2.4593357111027507,34,34,0,2.460127488180839,0.2,0.2617993877991494,9.81,1,1,12,21,41,-3.0,3.0,0.01,30.0,60.0,1e-09,1e-12,6,0.0001,1,new simulation,nan
20,13,0.4617993877991494,-1.05,1.0,rolling,7.9699999999998745,-0.045654849578843304,2.456763879217023,34,34,0,2.460118537327127,0.2,0.2617993877991494,9.81,1,1,12,21,41,-3.0,3.0,0.01,30.0,60.0,1e-09,1e-12,6,0.0001,1,new simulation,nan
20,14,0.4617993877991494,-0.8999999999999999,1.0,rolling,7.919999999999876,-0.059517128205464356,2.4596682166392516,34,34,0,2.460110778751502,0.2,0.2617993877991494,9.81,1,1,12,21,41,-3.0,3.0,0.01,30.0,60.0,1e-09,1e-12,6,0.0001,1,new simulation,nan
20,15,0.4617993877991494,-0.75,1.0,rolling,7.919999999999876,-0.04638195273761734,2.456891225621051,34,34,0,2.4601042159655817,0.2,0.2617993877991494,9.81,1,1,12,21,41,-3.0,3.0,0.01,30.0,60.0,1e-09,1e-12,6,0.0001,1,new simulation,nan
20,16,0.4617993877991494,-0.6000000000000001,1.0,rolling,7.949999999999875,-0.055193992031778126,2.458674458578653,34,34,0,2.4600988445499703,0.2,0.2617993877991494,9.81,1,1,12,21,41,-3.0,3.0,0.01,30.0,60.0,1e-09,1e-12,6,0.0001,1,new simulation,nan
20,17,0.4617993877991494,-0.4500000000000002,1.0,rolling,8.049999999999873,-0.04253723335032335,2.4562046980143757,34,34,0,2.460094667525632,0.2,0.2617993877991494,9.81,1,1,12,21,41,-3.0,3.0,0.01,30.0,60.0,1e-09,1e-12,6,0.0001,1,new simulation,nan
20,18,0.4617993877991494,-0.30000000000000027,1.0,rolling,8.329999999999867,-0.046413515729934074,2.4568916367229616,34,34,0,2.460091684528479,0.2,0.2617993877991494,9.81,1,1,12,21,41,-3.0,3.0,0.01,30.0,60.0,1e-09,1e-12,6,0.0001,1,new simulation,nan
20,19,0.4617993877991494,-0.1499999999999999,1.0,settled,0.07,-0.0617993877991494,0.0,1,1,0,nan,0.2,0.2617993877991494,9.81,1,1,12,21,41,-3.0,3.0,0.01,30.0,60.0,1e-09,1e-12,6,0.0001,1,new simulation,nan
20,20,0.4617993877991494,0.0,1.0,settled,0.01,-0.0617993877991494,0.0,1,1,0,nan,0.2,0.2617993877991494,9.81,1,1,12,21,41,-3.0,3.0,0.01,30.0,60.0,1e-09,1e-12,6,0.0001,1,new simulation,nan
20,21,0.4617993877991494,0.1499999999999999,1.0,settled,0.01,-0.0617993877991494,0.0,1,1,0,nan,0.2,0.2617993877991494,9.81,1,1,12,21,41,-3.0,3.0,0.01,30.0,60.0,1e-09,1e-12,6,0.0001,1,new simulation,nan
20,22,0.4617993877991494,0.2999999999999998,1.0,rolling,8.18999999999987,-0.048340357480609636,2.4572559721891216,34,34,0,2.460091684622935,0.2,0.2617993877991494,9.81,1,1,12,21,41,-3.0,3.0,0.01,30.0,60.0,1e-09,1e-12,6,0.0001,1,new simulation,nan
20,23,0.4617993877991494,0.44999999999999973,1.0,rolling,7.8299999999998775,-0.060455108835796446,2.459885502705665,34,34,0,2.460094666984786,0.2,0.2617993877991494,9.81,1,1,12,21,41,-3.0,3.0,0.01,30.0,60.0,1e-09,1e-12,6,0.0001,1,new simulation,nan
20,24,0.4617993877991494,0.5999999999999996,1.0,rolling,7.659999999999881,-0.05138506543131148,2.4578648444119033,34,34,0,2.460098844628401,0.2,0.2617993877991494,9.81,1,1,12,21,41,-3.0,3.0,0.01,30.0,60.0,1e-09,1e-12,6,0.0001,1,new simulation,nan
20,25,0.4617993877991494,0.75,1.0,rolling,7.539999999999884,-0.04892723655114515,2.457375304852635,34,34,0,2.4601042158800515,0.2,0.2617993877991494,9.81,1,1,12,21,41,-3.0,3.0,0.01,30.0,60.0,1e-09,1e-12,6,0.0001,1,new simulation,nan
20,26,0.4617993877991494,0.8999999999999999,1.0,rolling,7.439999999999886,-0.05861786102204509,2.459456481119643,34,34,0,2.4601107797027484,0.2,0.2617993877991494,9.81,1,1,12,21,41,-3.0,3.0,0.01,30.0,60.0,1e-09,1e-12,6,0.0001,1,new simulation,nan
20,27,0.4617993877991494,1.0499999999999998,1.0,rolling,7.3599999999998875,-0.0545466401762069,2.4585413332370316,34,34,0,2.460118537341978,0.2,0.2617993877991494,9.81,1,1,12,21,41,-3.0,3.0,0.01,30.0,60.0,1e-09,1e-12,6,0.0001,1,new simulation,nan
20,28,0.4617993877991494,1.2000000000000002,1.0,rolling,7.289999999999889,-0.048895150496948724,2.457379131347788,34,34,0,2.460127488162587,0.2,0.2617993877991494,9.81,1,1,12,21,41,-3.0,3.0,0.01,30.0,60.0,1e-09,1e-12,6,0.0001,1,new simulation,nan
20,29,0.4617993877991494,1.3499999999999996,1.0,rolling,7.2199999999998905,-0.05946276398262417,2.45966695599336,34,34,0,2.46013763202293,0.2,0.2617993877991494,9.81,1,1,12,21,41,-3.0,3.0,0.01,30.0,60.0,1e-09,1e-12,6,0.0001,1,new simulation,nan
20,30,0.4617993877991494,1.5,1.0,rolling,6.959999999999896,-0.04764820417474174,2.4571259274669353,33,33,0,2.46009751263016,0.2,0.2617993877991494,9.81,1,1,12,21,41,-3.0,3.0,0.01,30.0,60.0,1e-09,1e-12,6,0.0001,1,new simulation,nan
20,31,0.4617993877991494,1.6499999999999995,1.0,rolling,6.899999999999897,-0.05536764757419077,2.4587194023058907,33,33,0,2.460114219976534,0.2,0.2617993877991494,9.81,1,1,12,21,41,-3.0,3.0,0.01,30.0,60.0,1e-09,1e-12,6,0.0001,1,new simulation,nan
20,32,0.4617993877991494,1.7999999999999998,1.0,rolling,6.849999999999898,-0.046327030190857925,2.4568933391058936,33,33,0,2.4601325218620764,0.2,0.2617993877991494,9.81,1,1,12,21,41,-3.0,3.0,0.01,30.0,60.0,1e-09,1e-12,6,0.0001,1,new simulation,nan
20,33,0.4617993877991494,1.9500000000000002,1.0,rolling,6.589999999999904,-0.05848554584135627,2.459421839943897,32,32,0,2.4601021002854595,0.2,0.2617993877991494,9.81,1,1,12,21,41,-3.0,3.0,0.01,30.0,60.0,1e-09,1e-12,6,0.0001,1,new simulation,nan
20,34,0.4617993877991494,2.0999999999999996,1.0,rolling,6.539999999999905,-0.06169831596515274,2.4602037314924123,32,32,0,2.4601307436196613,0.2,0.2617993877991494,9.81,1,1,12,21,41,-3.0,3.0,0.01,30.0,60.0,1e-09,1e-12,6,0.0001,1,new simulation,nan
20,35,0.4617993877991494,2.25,1.0,rolling,6.28999999999991,-0.05992281451430935,2.459766281320778,31,31,0,2.46011422923078,0.2,0.2617993877991494,9.81,1,1,12,21,41,-3.0,3.0,0.01,30.0,60.0,1e-09,1e-12,6,0.0001,1,new simulation,nan
20,36,0.4617993877991494,2.3999999999999995,1.0,rolling,6.0499999999999154,-0.038008170690716755,2.455482801176798,30,30,0,2.460109655473779,0.2,0.2617993877991494,9.81,1,1,12,21,41,-3.0,3.0,0.01,30.0,60.0,1e-09,1e-12,6,0.0001,1,new simulation,nan
20,37,0.4617993877991494,2.55,1.0,rolling,5.799999999999921,-0.04466384514155868,2.4565893636190337,29,29,0,2.4601280720725476,0.2,0.2617993877991494,9.81,1,1,12,21,41,-3.0,3.0,0.01,30.0,60.0,1e-09,1e-12,6,0.0001,1,new simulation,nan
20,38,0.4617993877991494,2.7,1.0,rolling,5.139999999999935,-0.059633005651987654,2.4596895523691735,26,26,0,2.4600965025175863,0.2,0.2617993877991494,9.81,1,1,12,21,41,-3.0,3.0,0.01,30.0,60.0,1e-09,1e-12,6,0.0001,1,new simulation,nan
20,39,0.4617993877991494,2.8499999999999996,1.0,rolling,3.2699999999999743,-0.042982589064408536,2.4564503538730365,17,17,0,2.4604857511281817,0.2,0.2617993877991494,9.81,1,1,12,21,41,-3.0,3.0,0.01,30.0,60.0,1e-09,1e-12,6,0.0001,1,new simulation,nan
20,40,0.4617993877991494,3.0,1.0,rolling,5.269999999999932,-0.04616680830960221,2.4570178735087147,27,27,0,2.4604879283918026,0.2,0.2617993877991494,9.81,1,1,12,21,41,-3.0,3.0,0.01,30.0,60.0,1e-09,1e-12,6,0.0001,1,new simulation,nan
