theta_index,theta_dot_index,theta0,theta_dot0,relative_angle,classification,final_time,final_theta,final_theta_dot,total_impacts,downhill_impacts,uphill_impacts,rolling_speed,gamma,alpha,gravity,length,mass,num_spokes,num_angles,num_speeds,minimum_speed,maximum_speed,timestep,max_time,retry_time,impact_time_tolerance,remaining_time_tolerance,convergence_impacts,speed_tolerance,cache_version,original_source_csv,original_grid_rolling_percent
0,0,-0.1141592653589793,-3.0,-1.0,rolling,8.569999999999862,-0.10326498725636207,2.1308269544160763,27,25,2,2.1361876118802754,0.2,0.3141592653589793,9.81,1,1,10,21,41,-3.0,3.0,0.01,30.0,60.0,1e-09,1e-12,6,0.0001,1,new simulation,nan
0,1,-0.1141592653589793,-2.85,-1.0,rolling,8.339999999999867,-0.10472843928564544,2.1315240508165396,27,25,2,2.1361794737826467,0.2,0.3141592653589793,9.81,1,1,10,21,41,-3.0,3.0,0.01,30.0,60.0,1e-09,1e-12,6,0.0001,1,new simulation,nan
0,2,-0.1141592653589793,-2.7,-1.0,rolling,8.269999999999868,-0.09798811999872778,2.1283807692110397,27,25,2,2.1361717513662364,0.2,0.3141592653589793,9.81,1,1,10,21,41,-3.0,3.0,0.01,30.0,60.0,1e-09,1e-12,6,0.0001,1,new simulation,nan
0,3,-0.1141592653589793,-2.55,-1.0,rolling,8.259999999999868,-0.10775339803000215,2.1329957673472855,27,25,2,2.1361644477399904,0.2,0.3141592653589793,9.81,1,1,10,21,41,-3.0,3.0,0.01,30.0,60.0,1e-09,1e-12,6,0.0001,1,new simulation,nan
0,4,-0.1141592653589793,-2.4,-1.0,rolling,8.589999999999861,-0.11254443952761059,2.1354270311710293,28,26,2,2.136203057648711,0.2,0.3141592653589793,9.81,1,1,10,21,41,-3.0,3.0,0.01,30.0,60.0,1e-09,1e-12,6,0.0001,1,new simulation,nan
0,5,-0.1141592653589793,-2.25,-1.0,rolling,8.739999999999858,-0.09346180753562208,2.1263931811613705,28,26,2,2.1361988233195732,0.2,0.3141592653589793,9.81,1,1,10,21,41,-3.0,3.0,0.01,30.0,60.0,1e-09,1e-12,6,0.0001,1,new simulation,nan
0,6,-0.1141592653589793,-2.1,-1.0,rolling,9.14999999999985,-0.10100726615065772,2.1297688763680873,28,26,2,2.136194861772023,0.2,0.3141592653589793,9.81,1,1,10,21,41,-3.0,3.0,0.01,30.0,60.0,1e-09,1e-12,6,0.0001,1,new simulation,nan
0,7,-0.1141592653589793,-1.95,-1.0,rolling,8.779999999999857,-0.094861257104923,2.1269983239523356,26,25,1,2.136192161680135,0.2,0.3141592653589793,9.81,1,1,10,21,41,-3.0,3.0,0.01,30.0,60.0,1e-09,1e-12,6,0.0001,1,new simulation,nan
0,8,-0.1141592653589793,-1.8,-1.0,rolling,8.109999999999872,-0.11260982818219425,2.1354556765186166,26,25,1,2.1361841891251645,0.2,0.3141592653589793,9.81,1,1,10,21,41,-3.0,3.0,0.01,30.0,60.0,1e-09,1e-12,6,0.0001,1,new simulation,nan
0,9,-0.1141592653589793,-1.6500000000000001,-1.0,rolling,7.949999999999875,-0.11290282246410734,2.1356051355744605,26,25,1,2.1361768553681553,0.2,0.3141592653589793,9.81,1,1,10,21,41,-3.0,3.0,0.01,30.0,60.0,1e-09,1e-12,6,0.0001,1,new simulation,nan
0,10,-0.1141592653589793,-1.5,-1.0,rolling,7.879999999999876,-0.10107558575124614,2.1297939263434613,26,25,1,2.136170161189693,0.2,0.3141592653589793,9.81,1,1,10,21,41,-3.0,3.0,0.01,30.0,60.0,1e-09,1e-12,6,0.0001,1,new simulation,nan
0,11,-0.1141592653589793,-1.35,-1.0,rolling,7.839999999999877,-0.11246703224299237,2.135376578501485,26,25,1,2.1361641024053744,0.2,0.3141592653589793,9.81,1,1,10,21,41,-3.0,3.0,0.01,30.0,60.0,1e-09,1e-12,6,0.0001,1,new simulation,nan
0,12,-0.1141592653589793,-1.2000000000000002,-1.0,rolling,8.119999999999871,-0.0984729467085522,2.1286086025848374,27,26,1,2.13620379108893,0.2,0.3141592653589793,9.81,1,1,10,21,41,-3.0,3.0,0.01,30.0,60.0,1e-09,1e-12,6,0.0001,1,new simulation,nan
0,13,-0.1141592653589793,-1.05,-1.0,rolling,8.139999999999871,-0.10283062240548128,2.1306247746641787,27,26,1,2.1362006609120647,0.2,0.3141592653589793,9.81,1,1,10,21,41,-3.0,3.0,0.01,30.0,60.0,1e-09,1e-12,6,0.0001,1,new simulation,nan
0,14,-0.1141592653589793,-0.8999999999999999,-1.0,rolling,8.19999999999987,-0.09902565652978937,2.1288581336568484,27,26,1,2.136197946579827,0.2,0.3141592653589793,9.81,1,1,10,21,41,-3.0,3.0,0.01,30.0,60.0,1e-09,1e-12,6,0.0001,1,new simulation,nan
0,15,-0.1141592653589793,-0.75,-1.0,rolling,8.319999999999867,-0.11067626611765989,2.1344689336043867,27,26,1,2.1361956526478783,0.2,0.3141592653589793,9.81,1,1,10,21,41,-3.0,3.0,0.01,30.0,60.0,1e-09,1e-12,6,0.0001,1,new simulation,nan
0,16,-0.1141592653589793,-0.6000000000000001,-1.0,rolling,8.699999999999859,-0.10266392012259681,2.1305441813365555,27,26,1,2.136193774424642,0.2,0.3141592653589793,9.81,1,1,10,21,41,-3.0,3.0,0.01,30.0,60.0,1e-09,1e-12,6,0.0001,1,new simulation,nan
0,17,-0.1141592653589793,-0.4500000000000002,-1.0,settled,0.16,-0.11415926535897936,0.0,2,1,1,nan,0.2,0.3141592653589793,9.81,1,1,10,21,41,-3.0,3.0,0.01,30.0,60.0,1e-09,1e-12,6,0.0001,1,new simulation,nan
0,18,-0.1141592653589793,-0.30000000000000027,-1.0,settled,0.10999999999999999,-0.11415926535897936,0.0,2,1,1,nan,0.2,0.3141592653589793,9.81,1,1,10,21,41,-3.0,3.0,0.01,30.0,60.0,1e-09,1e-12,6,0.0001,1,new simulation,nan
0,19,-0.1141592653589793,-0.1499999999999999,-1.0,settled,0.060000000000000005,-0.11415926535897936,0.0,2,1,1,nan,0.2,0.3141592653589793,9.81,1,1,10,21,41,-3.0,3.0,0.01,30.0,60.0,1e-09,1e-12,6,0.0001,1,new simulation,nan
0,20,-0.1141592653589793,0.0,-1.0,settled,0.01,-0.11415926535897936,0.0,2,1,1,nan,0.2,0.3141592653589793,9.81,1,1,10,21,41,-3.0,3.0,0.01,30.0,60.0,1e-09,1e-12,6,0.0001,1,new simulation,nan
0,21,-0.1141592653589793,0.1499999999999999,-1.0,settled,0.34000000000000014,-0.11415926535897936,0.0,2,1,1,nan,0.2,0.3141592653589793,9.81,1,1,10,21,41,-3.0,3.0,0.01,30.0,60.0,1e-09,1e-12,6,0.0001,1,new simulation,nan
0,22,-0.1141592653589793,0.2999999999999998,-1.0,settled,0.8900000000000006,-0.11415926535897936,0.0,2,1,1,nan,0.2,0.3141592653589793,9.81,1,1,10,21,41,-3.0,3.0,0.01,30.0,60.0,1e-09,1e-12,6,0.0001,1,new simulation,nan
0,23,-0.1141592653589793,0.44999999999999973,-1.0,rolling,8.17999999999987,-0.10305729215053122,2.1307304381517485,25,25,0,2.136194819705068,0.2,0.3141592653589793,9.81,1,1,10,21,41,-3.0,3.0,0.01,30.0,60.0,1e-09,1e-12,6,0.0001,1,new simulation,nan
0,24,-0.1141592653589793,0.5999999999999996,-1.0,rolling,7.859999999999877,-0.09837495810942692,2.1285627166728567,25,25,0,2.1361982291390595,0.2,0.3141592653589793,9.81,1,1,10,21,41,-3.0,3.0,0.01,30.0,60.0,1e-09,1e-12,6,0.0001,1,new simulation,nan
0,25,-0.1141592653589793,0.75,-1.0,rolling,7.6899999999998805,-0.09547636105719658,2.1272707223040226,25,25,0,2.136202613752778,0.2,0.3141592653589793,9.81,1,1,10,21,41,-3.0,3.0,0.01,30.0,60.0,1e-09,1e-12,6,0.0001,1,new simulation,nan
0,26,-0.1141592653589793,0.8999999999999999,-1.0,rolling,7.279999999999889,-0.11147595338175648,2.134868033260207,24,24,0,2.136165069965714,0.2,0.3141592653589793,9.81,1,1,10,21,41,-3.0,3.0,0.01,30.0,60.0,1e-09,1e-12,6,0.0001,1,new simulation,nan
0,27,-0.1141592653589793,1.0499999999999998,-1.0,rolling,7.179999999999891,-0.11201837449281321,2.135148580862218,24,24,0,2.1361747467482144,0.2,0.3141592653589793,9.81,1,1,10,21,41,-3.0,3.0,0.01,30.0,60.0,1e-09,1e-12,6,0.0001,1,new simulation,nan
0,28,-0.1141592653589793,1.2000000000000002,-1.0,rolling,7.099999999999893,-0.0998173173773716,2.1292169391943623,24,24,0,2.1361859122916607,0.2,0.3141592653589793,9.81,1,1,10,21,41,-3.0,3.0,0.01,30.0,60.0,1e-09,1e-12,6,0.0001,1,new simulation,nan
0,29,-0.1141592653589793,1.3499999999999996,-1.0,rolling,7.019999999999895,-0.10758397762043471,2.132921264961729,24,24,0,2.136198564245508,0.2,0.3141592653589793,9.81,1,1,10,21,41,-3.0,3.0,0.01,30.0,60.0,1e-09,1e-12,6,0.0001,1,new simulation,nan
0,30,-0.1141592653589793,1.5,-1.0,rolling,6.669999999999902,-0.11028826907083486,2.134265994936533,23,23,0,2.136172303236441,0.2,0.3141592653589793,9.81,1,1,10,21,41,-3.0,3.0,0.01,30.0,60.0,1e-09,1e-12,6,0.0001,1,new simulation,nan
0,31,-0.1141592653589793,1.6499999999999995,-1.0,rolling,6.6099999999999035,-0.10098376917611743,2.1297583242257314,23,23,0,2.1361961862503276,0.2,0.3141592653589793,9.81,1,1,10,21,41,-3.0,3.0,0.01,30.0,60.0,1e-09,1e-12,6,0.0001,1,new simulation,nan
0,32,-0.1141592653589793,1.7999999999999998,-1.0,rolling,6.269999999999911,-0.10238686483388906,2.1304117868345944,22,22,0,2.1361870248612966,0.2,0.3141592653589793,9.81,1,1,10,21,41,-3.0,3.0,0.01,30.0,60.0,1e-09,1e-12,6,0.0001,1,new simulation,nan
0,33,-0.1141592653589793,1.9500000000000002,-1.0,rolling,5.929999999999918,-0.11119834665259118,2.1347355865446103,21,21,0,2.1361994323521407,0.2,0.3141592653589793,9.81,1,1,10,21,41,-3.0,3.0,0.01,30.0,60.0,1e-09,1e-12,6,0.0001,1,new simulation,nan
0,34,-0.1141592653589793,2.0999999999999996,-1.0,rolling,4.759999999999943,-0.11039035706833132,2.1343225613312433,17,17,0,2.136190406553709,0.2,0.3141592653589793,9.81,1,1,10,21,41,-3.0,3.0,0.01,30.0,60.0,1e-09,1e-12,6,0.0001,1,new simulation,nan
0,35,-0.1141592653589793,2.25,-1.0,rolling,5.549999999999926,-0.10249105432532521,2.1305129066236006,20,20,0,2.1363791488454074,0.2,0.3141592653589793,9.81,1,1,10,21,41,-3.0,3.0,0.01,30.0,60.0,1e-09,1e-12,6,0.0001,1,new simulation,nan
0,36,-0.1141592653589793,2.3999999999999995,-1.0,rolling,6.059999999999915,-0.10119479864974296,2.1299066756313403,22,22,0,2.13638161749757,0.2,0.3141592653589793,9.81,1,1,10,21,41,-3.0,3.0,0.01,30.0,60.0,1e-09,1e-12,6,0.0001,1,new simulation,nan
0,37,-0.1141592653589793,2.55,-1.0,rolling,6.28999999999991,-0.10601957351951005,2.1322052071621584,23,23,0,2.1363872275755917,0.2,0.3141592653589793,9.81,1,1,10,21,41,-3.0,3.0,0.01,30.0,60.0,1e-09,1e-12,6,0.0001,1,new simulation,nan
0,38,-0.1141592653589793,2.7,-1.0,rolling,6.529999999999905,-0.09344222914019863,2.126433781994509,24,24,0,2.136379425092916,0.2,0.3141592653589793,9.81,1,1,10,21,41,-3.0,3.0,0.01,30.0,60.0,1e-09,1e-12,6,0.0001,1,new simulation,nan
0,39,-0.1141592653589793,2.8499999999999996,-1.0,rolling,6.479999999999906,-0.10751290641864986,2.1329425808125433,24,24,0,2.1364069609562217,0.2,0.3141592653589793,9.81,1,1,10,21,41,-3.0,3.0,0.01,30.0,60.0,1e-09,1e-12,6,0.0001,1,new simulation,nan
0,40,-0.1141592653589793,3.0,-1.0,rolling,6.719999999999901,-0.10172458930247337,2.130154806185169,25,25,0,2.136385290700228,0.2,0.3141592653589793,9.81,1,1,10,21,41,-3.0,3.0,0.01,30.0,60.0,1e-09,1e-12,6,0.0001,1,new simulation,nan
1,0,-0.08274333882308137,-3.0,-0.9,rolling,8.60999999999986,-0.10480709062313243,2.1315642634512035,27,25,2,2.136188174989655,0.2,0.3141592653589793,9.81,1,1,10,21,41,-3.0,3.0,0.01,30.0,60.0,1e-09,1e-12,6,0.0001,1,new simulation,nan
1,1,-0.08274333882308137,-2.85,-0.9,rolling,8.359999999999866,-0.10461866858626041,2.131471418334678,27,25,2,2.136180034850273,0.2,0.3141592653589793,9.81,1,1,10,21,41,-3.0,3.0,0.01,30.0,60.0,1e-09,1e-12,6,0.0001,1,new simulation,nan
1,2,-0.08274333882308137,-2.7,-0.9,rolling,8.279999999999868,-0.10731913908213557,2.1327835245126026,27,25,2,2.1361723132788586,0.2,0.3141592653589793,9.81,1,1,10,21,41,-3.0,3.0,0.01,30.0,60.0,1e-09,1e-12,6,0.0001,1,new simulation,nan
1,3,-0.08274333882308137,-2.55,-0.9,rolling,8.269999999999868,-0.10920772517443175,2.133719966155264,27,25,2,2.136165008256866,0.2,0.3141592653589793,9.81,1,1,10,21,41,-3.0,3.0,0.01,30.0,60.0,1e-09,1e-12,6,0.0001,1,new simulation,nan
1,4,-0.08274333882308137,-2.4,-0.9,rolling,8.599999999999861,-0.10397660144692346,2.1311700815069625,28,26,2,2.136203426308097,0.2,0.3141592653589793,9.81,1,1,10,21,41,-3.0,3.0,0.01,30.0,60.0,1e-09,1e-12,6,0.0001,1,new simulation,nan
1,5,-0.08274333882308137,-2.25,-0.9,rolling,8.729999999999858,-0.10530818109071387,2.1318090653109008,28,26,2,2.1361991909477176,0.2,0.3141592653589793,9.81,1,1,10,21,41,-3.0,3.0,0.01,30.0,60.0,1e-09,1e-12,6,0.0001,1,new simulation,nan
1,6,-0.08274333882308137,-2.1,-0.9,rolling,9.08999999999985,-0.10650044687879184,2.132387867586589,28,26,2,2.1361952290567205,0.2,0.3141592653589793,9.81,1,1,10,21,41,-3.0,3.0,0.01,30.0,60.0,1e-09,1e-12,6,0.0001,1,new simulation,nan
1,7,-0.08274333882308137,-1.95,-0.9,rolling,9.349999999999845,-0.10027919337703438,2.12943140348806,26,25,1,2.1361930208519375,0.2,0.3141592653589793,9.81,1,1,10,21,41,-3.0,3.0,0.01,30.0,60.0,1e-09,1e-12,6,0.0001,1,new simulation,nan
1,8,-0.08274333882308137,-1.8,-0.9,rolling,8.15999999999987,-0.10437022657850865,2.1313535067616725,26,25,1,2.136185048566828,0.2,0.3141592653589793,9.81,1,1,10,21,41,-3.0,3.0,0.01,30.0,60.0,1e-09,1e-12,6,0.0001,1,new simulation,nan
1,9,-0.08274333882308137,-1.6500000000000001,-0.9,rolling,7.989999999999874,-0.09651773595228204,2.1277242210713894,26,25,1,2.1361777139337903,0.2,0.3141592653589793,9.81,1,1,10,21,41,-3.0,3.0,0.01,30.0,60.0,1e-09,1e-12,6,0.0001,1,new simulation,nan
1,10,-0.08274333882308137,-1.5,-0.9,rolling,7.909999999999876,-0.09701902901831039,2.127945699030082,26,25,1,2.136171019013697,0.2,0.3141592653589793,9.81,1,1,10,21,41,-3.0,3.0,0.01,30.0,60.0,1e-09,1e-12,6,0.0001,1,new simulation,nan
1,11,-0.08274333882308137,-1.35,-0.9,rolling,7.869999999999877,-0.10450384818244664,2.1314121788978873,26,25,1,2.1361649596035206,0.2,0.3141592653589793,9.81,1,1,10,21,41,-3.0,3.0,0.01,30.0,60.0,1e-09,1e-12,6,0.0001,1,new simulation,nan
1,12,-0.08274333882308137,-1.2000000000000002,-0.9,rolling,8.139999999999871,-0.10917078151870568,2.1337121021351604,27,26,1,2.1362043533071544,0.2,0.3141592653589793,9.81,1,1,10,21,41,-3.0,3.0,0.01,30.0,60.0,1e-09,1e-12,6,0.0001,1,new simulation,nan
1,13,-0.08274333882308137,-1.05,-0.9,rolling,8.15999999999987,-0.10923328358059443,2.1337425726512316,27,26,1,2.1362012225537845,0.2,0.3141592653589793,9.81,1,1,10,21,41,-3.0,3.0,0.01,30.0,60.0,1e-09,1e-12,6,0.0001,1,new simulation,nan
1,14,-0.08274333882308137,-0.8999999999999999,-0.9,rolling,8.21999999999987,-0.09353032984886114,2.1264226091229363,27,26,1,2.1361985099906957,0.2,0.3141592653589793,9.81,1,1,10,21,41,-3.0,3.0,0.01,30.0,60.0,1e-09,1e-12,6,0.0001,1,new simulation,nan
1,15,-0.08274333882308137,-0.75,-0.9,rolling,8.319999999999867,-0.10537477243318165,2.1318404779259925,27,26,1,2.136196213953579,0.2,0.3141592653589793,9.81,1,1,10,21,41,-3.0,3.0,0.01,30.0,60.0,1e-09,1e-12,6,0.0001,1,new simulation,nan
1,16,-0.08274333882308137,-0.6000000000000001,-0.9,rolling,8.559999999999862,-0.10504633615045138,2.131681249462106,27,26,1,2.136194337032148,0.2,0.3141592653589793,9.81,1,1,10,21,41,-3.0,3.0,0.01,30.0,60.0,1e-09,1e-12,6,0.0001,1,new simulation,nan
1,17,-0.08274333882308137,-0.4500000000000002,-0.9,settled,0.25000000000000006,-0.11415926535897936,0.0,2,1,1,nan,0.2,0.3141592653589793,9.81,1,1,10,21,41,-3.0,3.0,0.01,30.0,60.0,1e-09,1e-12,6,0.0001,1,new simulation,nan
1,18,-0.08274333882308137,-0.30000000000000027,-0.9,settled,0.23000000000000007,-0.11415926535897936,0.0,2,1,1,nan,0.2,0.3141592653589793,9.81,1,1,10,21,41,-3.0,3.0,0.01,30.0,60.0,1e-09,1e-12,6,0.0001,1,new simulation,nan
1,19,-0.08274333882308137,-0.1499999999999999,-0.9,settled,0.25000000000000006,-0.11415926535897936,0.0,2,1,1,nan,0.2,0.3141592653589793,9.81,1,1,10,21,41,-3.0,3.0,0.01,30.0,60.0,1e-09,1e-12,6,0.0001,1,new simulation,nan
1,20,-0.08274333882308137,0.0,-0.9,settled,0.36000000000000015,-0.11415926535897936,0.0,2,1,1,nan,0.2,0.3141592653589793,9.81,1,1,10,21,41,-3.0,3.0,0.01,30.0,60.0,1e-09,1e-12,6,0.0001,1,new simulation,nan
1,21,-0.08274333882308137,0.1499999999999999,-0.9,settled,0.6700000000000004,-0.11415926535897936,0.0,2,1,1,nan,0.2,0.3141592653589793,9.81,1,1,10,21,41,-3.0,3.0,0.01,30.0,60.0,1e-09,1e-12,6,0.0001,1,new simulation,nan
1,22,-0.08274333882308137,0.2999999999999998,-0.9,rolling,8.449999999999864,-0.09443088173894246,2.1268111432971506,25,25,0,2.136193695021758,0.2,0.3141592653589793,9.81,1,1,10,21,41,-3.0,3.0,0.01,30.0,60.0,1e-09,1e-12,6,0.0001,1,new simulation,nan
1,23,-0.08274333882308137,0.44999999999999973,-0.9,rolling,7.939999999999875,-0.10995086375775123,2.134101998387369,25,25,0,2.1361961300595316,0.2,0.3141592653589793,9.81,1,1,10,21,41,-3.0,3.0,0.01,30.0,60.0,1e-09,1e-12,6,0.0001,1,new simulation,nan
1,24,-0.08274333882308137,0.5999999999999996,-0.9,rolling,7.739999999999879,-0.1110227117972534,2.134646119661649,25,25,0,2.1361995412809023,0.2,0.3141592653589793,9.81,1,1,10,21,41,-3.0,3.0,0.01,30.0,60.0,1e-09,1e-12,6,0.0001,1,new simulation,nan
1,25,-0.08274333882308137,0.75,-0.9,rolling,7.609999999999882,-0.10309194202124992,2.1307493191251985,25,25,0,2.136203926084925,0.2,0.3141592653589793,9.81,1,1,10,21,41,-3.0,3.0,0.01,30.0,60.0,1e-09,1e-12,6,0.0001,1,new simulation,nan
1,26,-0.08274333882308137,0.8999999999999999,-0.9,rolling,7.22999999999989,-0.0947299269561606,2.1269341807446374,24,24,0,2.13616707410648,0.2,0.3141592653589793,9.81,1,1,10,21,41,-3.0,3.0,0.01,30.0,60.0,1e-09,1e-12,6,0.0001,1,new simulation,nan
1,27,-0.08274333882308137,1.0499999999999998,-0.9,rolling,7.139999999999892,-0.09773436447230699,2.1282678467176215,24,24,0,2.1361767508741436,0.2,0.3141592653589793,9.81,1,1,10,21,41,-3.0,3.0,0.01,30.0,60.0,1e-09,1e-12,6,0.0001,1,new simulation,nan
1,28,-0.08274333882308137,1.2000000000000002,-0.9,rolling,7.059999999999894,-0.10151175940675805,2.13000188332921,24,24,0,2.1361879164422493,0.2,0.3141592653589793,9.81,1,1,10,21,41,-3.0,3.0,0.01,30.0,60.0,1e-09,1e-12,6,0.0001,1,new simulation,nan
1,29,-0.08274333882308137,1.3499999999999996,-0.9,rolling,6.989999999999895,-0.09949646460249775,2.1290738303754777,24,24,0,2.136200568550303,0.2,0.3141592653589793,9.81,1,1,10,21,41,-3.0,3.0,0.01,30.0,60.0,1e-09,1e-12,6,0.0001,1,new simulation,nan
1,30,-0.08274333882308137,1.5,-0.9,rolling,6.639999999999903,-0.11093957578887383,2.134597265251878,23,23,0,2.136175366390481,0.2,0.3141592653589793,9.81,1,1,10,21,41,-3.0,3.0,0.01,30.0,60.0,1e-09,1e-12,6,0.0001,1,new simulation,nan
1,31,-0.08274333882308137,1.6499999999999995,-0.9,rolling,6.579999999999904,-0.1085018943314384,2.133376652470754,23,23,0,2.136199249393306,0.2,0.3141592653589793,9.81,1,1,10,21,41,-3.0,3.0,0.01,30.0,60.0,1e-09,1e-12,6,0.0001,1,new simulation,nan
1,32,-0.08274333882308137,1.7999999999999998,-0.9,rolling,6.249999999999911,-0.09414743073707796,2.126687506471643,22,22,0,2.1361917026339436,0.2,0.3141592653589793,9.81,1,1,10,21,41,-3.0,3.0,0.01,30.0,60.0,1e-09,1e-12,6,0.0001,1,new simulation,nan
1,33,-0.08274333882308137,1.9500000000000002,-0.9,rolling,5.629999999999924,-0.10931287476157193,2.1337721227760427,20,20,0,2.1361629430136424,0.2,0.3141592653589793,9.81,1,1,10,21,41,-3.0,3.0,0.01,30.0,60.0,1e-09,1e-12,6,0.0001,1,new simulation,nan
1,34,-0.08274333882308137,2.0999999999999996,-0.9,rolling,4.459999999999949,-0.11235934848901746,2.135330175467388,16,16,0,2.1361977445031797,0.2,0.3141592653589793,9.81,1,1,10,21,41,-3.0,3.0,0.01,30.0,60.0,1e-09,1e-12,6,0.0001,1,new simulation,nan
1,35,-0.08274333882308137,2.25,-0.9,rolling,5.5299999999999265,-0.10592607573965405,2.132160476174677,20,20,0,2.136390069246071,0.2,0.3141592653589793,9.81,1,1,10,21,41,-3.0,3.0,0.01,30.0,60.0,1e-09,1e-12,6,0.0001,1,new simulation,nan
1,36,-0.08274333882308137,2.3999999999999995,-0.9,rolling,6.039999999999916,-0.10744546250137522,2.13290371266735,22,22,0,2.136386294686628,0.2,0.3141592653589793,9.81,1,1,10,21,41,-3.0,3.0,0.01,30.0,60.0,1e-09,1e-12,6,0.0001,1,new simulation,nan
1,37,-0.08274333882308137,2.55,-0.9,rolling,6.2799999999999105,-0.0934203750563763,2.126427326768292,23,23,0,2.1363902903006955,0.2,0.3141592653589793,9.81,1,1,10,21,41,-3.0,3.0,0.01,30.0,60.0,1e-09,1e-12,6,0.0001,1,new simulation,nan
1,38,-0.08274333882308137,2.7,-0.9,rolling,6.509999999999906,-0.1042840414871625,2.1313653862915847,24,24,0,2.1363814283734643,0.2,0.3141592653589793,9.81,1,1,10,21,41,-3.0,3.0,0.01,30.0,60.0,1e-09,1e-12,6,0.0001,1,new simulation,nan
1,39,-0.08274333882308137,2.8499999999999996,-0.9,rolling,6.4699999999999065,-0.09896078670837229,2.1288858104050568,24,24,0,2.1364089657906495,0.2,0.3141592653589793,9.81,1,1,10,21,41,-3.0,3.0,0.01,30.0,60.0,1e-09,1e-12,6,0.0001,1,new simulation,nan
1,40,-0.08274333882308137,3.0,-0.9,rolling,6.709999999999901,-0.09487656193517584,2.127057780952783,25,25,0,2.1363866020093663,0.2,0.3141592653589793,9.81,1,1,10,21,41,-3.0,3.0,0.01,30.0,60.0,1e-09,1e-12,6,0.0001,1,new simulation,nan
2,0,-0.05132741228718343,-3.0,-0.8,rolling,8.63999999999986,-0.1119165638207678,2.1351000474467394,27,25,2,2.1361885579094024,0.2,0.3141592653589793,9.81,1,1,10,21,41,-3.0,3.0,0.01,30.0,60.0,1e-09,1e-12,6,0.0001,1,new simulation,nan
2,1,-0.05132741228718343,-2.85,-0.8,rolling,8.379999999999866,-0.09918652034731054,2.1289267239160035,27,25,2,2.1361804189456466,0.2,0.3141592653589793,9.81,1,1,10,21,41,-3.0,3.0,0.01,30.0,60.0,1e-09,1e-12,6,0.0001,1,new simulation,nan
2,2,-0.05132741228718343,-2.7,-0.8,rolling,8.299999999999867,-0.09384886777897006,2.1265530773826837,27,25,2,2.136172697748155,0.2,0.3141592653589793,9.81,1,1,10,21,41,-3.0,3.0,0.01,30.0,60.0,1e-09,1e-12,6,0.0001,1,new simulation,nan
2,3,-0.05132741228718343,-2.55,-0.8,rolling,8.279999999999868,-0.1121261753793702,2.1352014418450875,27,25,2,2.136165391619643,0.2,0.3141592653589793,9.81,1,1,10,21,41,-3.0,3.0,0.01,30.0,60.0,1e-09,1e-12,6,0.0001,1,new simulation,nan
2,4,-0.05132741228718343,-2.4,-0.8,rolling,8.60999999999986,-0.10085190732165945,2.1296991620380195,28,26,2,2.1362036764607746,0.2,0.3141592653589793,9.81,1,1,10,21,41,-3.0,3.0,0.01,30.0,60.0,1e-09,1e-12,6,0.0001,1,new simulation,nan
2,5,-0.05132741228718343,-2.25,-0.8,rolling,8.729999999999858,-0.1101620385920667,2.1342095092929916,28,26,2,2.1361994409188325,0.2,0.3141592653589793,9.81,1,1,10,21,41,-3.0,3.0,0.01,30.0,60.0,1e-09,1e-12,6,0.0001,1,new simulation,nan
2,6,-0.05132741228718343,-2.1,-0.8,rolling,9.059999999999851,-0.11315662394616682,2.135741659655077,28,26,2,2.1361954810308093,0.2,0.3141592653589793,9.81,1,1,10,21,41,-3.0,3.0,0.01,30.0,60.0,1e-09,1e-12,6,0.0001,1,new simulation,nan
2,7,-0.05132741228718343,-1.95,-0.8,settled,1.7200000000000013,-0.11415926535897936,0.0,3,1,2,nan,0.2,0.3141592653589793,9.81,1,1,10,21,41,-3.0,3.0,0.01,30.0,60.0,1e-09,1e-12,6,0.0001,1,new simulation,nan
2,8,-0.05132741228718343,-1.8,-0.8,rolling,8.19999999999987,-0.10206502361713596,2.1302601721599803,26,25,1,2.136185634586295,0.2,0.3141592653589793,9.81,1,1,10,21,41,-3.0,3.0,0.01,30.0,60.0,1e-09,1e-12,6,0.0001,1,new simulation,nan
2,9,-0.05132741228718343,-1.6500000000000001,-0.8,rolling,8.019999999999873,-0.09344859274912445,2.1263819195020757,26,25,1,2.13617829885807,0.2,0.3141592653589793,9.81,1,1,10,21,41,-3.0,3.0,0.01,30.0,60.0,1e-09,1e-12,6,0.0001,1,new simulation,nan
2,10,-0.05132741228718343,-1.5,-0.8,rolling,7.929999999999875,-0.10979592726952073,2.1340172685473,26,25,1,2.1361716038412486,0.2,0.3141592653589793,9.81,1,1,10,21,41,-3.0,3.0,0.01,30.0,60.0,1e-09,1e-12,6,0.0001,1,new simulation,nan
2,11,-0.05132741228718343,-1.35,-0.8,rolling,7.899999999999876,-0.09469092470774125,2.126916753755197,26,25,1,2.1361655452923483,0.2,0.3141592653589793,9.81,1,1,10,21,41,-3.0,3.0,0.01,30.0,60.0,1e-09,1e-12,6,0.0001,1,new simulation,nan
2,12,-0.05132741228718343,-1.2000000000000002,-0.8,rolling,8.16999999999987,-0.0994978705628854,2.1290756027996944,27,26,1,2.136204736276875,0.2,0.3141592653589793,9.81,1,1,10,21,41,-3.0,3.0,0.01,30.0,60.0,1e-09,1e-12,6,0.0001,1,new simulation,nan
2,13,-0.05132741228718343,-1.05,-0.8,rolling,8.18999999999987,-0.0995050273357682,2.129078032420015,27,26,1,2.136201607027313,0.2,0.3141592653589793,9.81,1,1,10,21,41,-3.0,3.0,0.01,30.0,60.0,1e-09,1e-12,6,0.0001,1,new simulation,nan
2,14,-0.05132741228718343,-0.8999999999999999,-0.8,rolling,8.239999999999869,-0.10191508676734655,2.130193463969023,27,26,1,2.136198893064695,0.2,0.3141592653589793,9.81,1,1,10,21,41,-3.0,3.0,0.01,30.0,60.0,1e-09,1e-12,6,0.0001,1,new simulation,nan
2,15,-0.05132741228718343,-0.75,-0.8,rolling,8.339999999999867,-0.09755592150280995,2.128193040957262,27,26,1,2.1361965965077254,0.2,0.3141592653589793,9.81,1,1,10,21,41,-3.0,3.0,0.01,30.0,60.0,1e-09,1e-12,6,0.0001,1,new simulation,nan
2,16,-0.05132741228718343,-0.6000000000000001,-0.8,rolling,8.529999999999863,-0.11345906585030222,2.1358985177651633,27,26,1,2.1361947183443895,0.2,0.3141592653589793,9.81,1,1,10,21,41,-3.0,3.0,0.01,30.0,60.0,1e-09,1e-12,6,0.0001,1,new simulation,nan
2,17,-0.05132741228718343,-0.4500000000000002,-0.8,rolling,9.529999999999841,-0.10289439894343765,2.1306529210337533,27,26,1,2.1361932582196164,0.2,0.3141592653589793,9.81,1,1,10,21,41,-3.0,3.0,0.01,30.0,60.0,1e-09,1e-12,6,0.0001,1,new simulation,nan
2,18,-0.05132741228718343,-0.30000000000000027,-0.8,settled,0.3300000000000001,-0.11415926535897936,0.0,2,1,1,nan,0.2,0.3141592653589793,9.81,1,1,10,21,41,-3.0,3.0,0.01,30.0,60.0,1e-09,1e-12,6,0.0001,1,new simulation,nan
2,19,-0.05132741228718343,-0.1499999999999999,-0.8,settled,0.3900000000000002,-0.11415926535897936,0.0,2,1,1,nan,0.2,0.3141592653589793,9.81,1,1,10,21,41,-3.0,3.0,0.01,30.0,60.0,1e-09,1e-12,6,0.0001,1,new simulation,nan
2,20,-0.05132741228718343,0.0,-0.8,settled,0.5700000000000003,-0.11415926535897936,0.0,2,1,1,nan,0.2,0.3141592653589793,9.81,1,1,10,21,41,-3.0,3.0,0.01,30.0,60.0,1e-09,1e-12,6,0.0001,1,new simulation,nan
2,21,-0.05132741228718343,0.1499999999999999,-0.8,settled,1.460000000000001,-0.11415926535897936,0.0,2,1,1,nan,0.2,0.3141592653589793,9.81,1,1,10,21,41,-3.0,3.0,0.01,30.0,60.0,1e-09,1e-12,6,0.0001,1,new simulation,nan
2,22,-0.05132741228718343,0.2999999999999998,-0.8,rolling,8.049999999999873,-0.10464470308818491,2.1314878761186304,25,25,0,2.13619459012634,0.2,0.3141592653589793,9.81,1,1,10,21,41,-3.0,3.0,0.01,30.0,60.0,1e-09,1e-12,6,0.0001,1,new simulation,nan
2,23,-0.05132741228718343,0.44999999999999973,-0.8,rolling,7.809999999999878,-0.09599227287551358,2.1274966119582532,25,25,0,2.1361970242877324,0.2,0.3141592653589793,9.81,1,1,10,21,41,-3.0,3.0,0.01,30.0,60.0,1e-09,1e-12,6,0.0001,1,new simulation,nan
2,24,-0.05132741228718343,0.5999999999999996,-0.8,rolling,7.659999999999881,-0.10126306926302706,2.1298893464570705,25,25,0,2.1362004353969,0.2,0.3141592653589793,9.81,1,1,10,21,41,-3.0,3.0,0.01,30.0,60.0,1e-09,1e-12,6,0.0001,1,new simulation,nan
2,25,-0.05132741228718343,0.75,-0.8,rolling,7.5499999999998835,-0.09946300271743991,2.129059670675797,25,25,0,2.136204820550608,0.2,0.3141592653589793,9.81,1,1,10,21,41,-3.0,3.0,0.01,30.0,60.0,1e-09,1e-12,6,0.0001,1,new simulation,nan
2,26,-0.05132741228718343,0.8999999999999999,-0.8,rolling,7.179999999999891,-0.09742968575705097,2.128128764066285,24,24,0,2.1361684401526477,0.2,0.3141592653589793,9.81,1,1,10,21,41,-3.0,3.0,0.01,30.0,60.0,1e-09,1e-12,6,0.0001,1,new simulation,nan
2,27,-0.05132741228718343,1.0499999999999998,-0.8,rolling,7.099999999999893,-0.0970394443186393,2.127956741439598,24,24,0,2.1361781157127573,0.2,0.3141592653589793,9.81,1,1,10,21,41,-3.0,3.0,0.01,30.0,60.0,1e-09,1e-12,6,0.0001,1,new simulation,nan
2,28,-0.05132741228718343,1.2000000000000002,-0.8,rolling,7.019999999999895,-0.11342692974938172,2.1358803407185176,24,24,0,2.1361892816820136,0.2,0.3141592653589793,9.81,1,1,10,21,41,-3.0,3.0,0.01,30.0,60.0,1e-09,1e-12,6,0.0001,1,new simulation,nan
2,29,-0.05132741228718343,1.3499999999999996,-0.8,rolling,6.959999999999896,-0.09946627073924544,2.1290603833297306,24,24,0,2.136201934433577,0.2,0.3141592653589793,9.81,1,1,10,21,41,-3.0,3.0,0.01,30.0,60.0,1e-09,1e-12,6,0.0001,1,new simulation,nan
2,30,-0.05132741228718343,1.5,-0.8,rolling,6.619999999999903,-0.09686046562515696,2.1278766927332957,23,23,0,2.1361774523305193,0.2,0.3141592653589793,9.81,1,1,10,21,41,-3.0,3.0,0.01,30.0,60.0,1e-09,1e-12,6,0.0001,1,new simulation,nan
2,31,-0.05132741228718343,1.6499999999999995,-0.8,rolling,6.559999999999905,-0.10022051986874794,2.1294066049778064,23,23,0,2.1362013358001914,0.2,0.3141592653589793,9.81,1,1,10,21,41,-3.0,3.0,0.01,30.0,60.0,1e-09,1e-12,6,0.0001,1,new simulation,nan
2,32,-0.05132741228718343,1.7999999999999998,-0.8,rolling,6.219999999999912,-0.11191539121431848,2.1351011573209244,22,22,0,2.13619489199087,0.2,0.3141592653589793,9.81,1,1,10,21,41,-3.0,3.0,0.01,30.0,60.0,1e-09,1e-12,6,0.0001,1,new simulation,nan
2,33,-0.05132741228718343,1.9500000000000002,-0.8,rolling,5.609999999999925,-0.10972214777978817,2.133979786547439,20,20,0,2.136170385998544,0.2,0.3141592653589793,9.81,1,1,10,21,41,-3.0,3.0,0.01,30.0,60.0,1e-09,1e-12,6,0.0001,1,new simulation,nan
2,34,-0.05132741228718343,2.0999999999999996,-0.8,rolling,3.889999999999961,-0.09838606699765563,2.128560179913439,14,14,0,2.1361703225708317,0.2,0.3141592653589793,9.81,1,1,10,21,41,-3.0,3.0,0.01,30.0,60.0,1e-09,1e-12,6,0.0001,1,new simulation,nan
2,35,-0.05132741228718343,2.25,-0.8,rolling,5.509999999999927,-0.1125453417039542,2.1354800647833114,20,20,0,2.1363975113994704,0.2,0.3141592653589793,9.81,1,1,10,21,41,-3.0,3.0,0.01,30.0,60.0,1e-09,1e-12,6,0.0001,1,new simulation,nan
2,36,-0.05132741228718343,2.3999999999999995,-0.8,rolling,6.029999999999916,-0.09523048004358442,2.127213476311006,22,22,0,2.1363894829309507,0.2,0.3141592653589793,9.81,1,1,10,21,41,-3.0,3.0,0.01,30.0,60.0,1e-09,1e-12,6,0.0001,1,new simulation,nan
2,37,-0.05132741228718343,2.55,-0.8,rolling,6.259999999999911,-0.10466717243700714,2.131552243752812,23,23,0,2.1363923765582418,0.2,0.3141592653589793,9.81,1,1,10,21,41,-3.0,3.0,0.01,30.0,60.0,1e-09,1e-12,6,0.0001,1,new simulation,nan
2,38,-0.05132741228718343,2.7,-0.8,rolling,6.499999999999906,-0.09614971672063782,2.127616654907737,24,24,0,2.136382794566592,0.2,0.3141592653589793,9.81,1,1,10,21,41,-3.0,3.0,0.01,30.0,60.0,1e-09,1e-12,6,0.0001,1,new simulation,nan
2,39,-0.05132741228718343,2.8499999999999996,-0.8,rolling,6.449999999999907,-0.1138391406017589,2.1361547424506617,24,24,0,2.1364103301538617,0.2,0.3141592653589793,9.81,1,1,10,21,41,-3.0,3.0,0.01,30.0,60.0,1e-09,1e-12,6,0.0001,1,new simulation,nan
2,40,-0.05132741228718343,3.0,-0.8,rolling,6.689999999999902,-0.11126191353660538,2.134818865837168,25,25,0,2.136387495700839,0.2,0.3141592653589793,9.81,1,1,10,21,41,-3.0,3.0,0.01,30.0,60.0,1e-09,1e-12,6,0.0001,1,new simulation,nan
3,0,-0.0199114857512855,-3.0,-0.7,rolling,8.66999999999986,-0.0980287774530614,2.128403719677955,27,25,2,2.1361887612356547,0.2,0.3141592653589793,9.81,1,1,10,21,41,-3.0,3.0,0.01,30.0,60.0,1e-09,1e-12,6,0.0001,1,new simulation,nan
3,1,-0.0199114857512855,-2.85,-0.7,rolling,8.389999999999866,-0.10889319209320378,2.1335667998764927,27,25,2,2.1361806209579624,0.2,0.3141592653589793,9.81,1,1,10,21,41,-3.0,3.0,0.01,30.0,60.0,1e-09,1e-12,6,0.0001,1,new simulation,nan
3,2,-0.0199114857512855,-2.7,-0.7,rolling,8.309999999999867,-0.09974381953182408,2.129179677107217,27,25,2,2.1361729000177583,0.2,0.3141592653589793,9.81,1,1,10,21,41,-3.0,3.0,0.01,30.0,60.0,1e-09,1e-12,6,0.0001,1,new simulation,nan
3,3,-0.0199114857512855,-2.55,-0.7,rolling,8.299999999999867,-0.09477899156270587,2.126955189059957,27,25,2,2.136165596077886,0.2,0.3141592653589793,9.81,1,1,10,21,41,-3.0,3.0,0.01,30.0,60.0,1e-09,1e-12,6,0.0001,1,new simulation,nan
3,4,-0.0199114857512855,-2.4,-0.7,rolling,8.61999999999986,-0.10244708586571798,2.1304446881087493,28,26,2,2.1362038109197794,0.2,0.3141592653589793,9.81,1,1,10,21,41,-3.0,3.0,0.01,30.0,60.0,1e-09,1e-12,6,0.0001,1,new simulation,nan
3,5,-0.0199114857512855,-2.25,-0.7,rolling,8.739999999999858,-0.10588849888574721,2.132090623608426,28,26,2,2.136199575899419,0.2,0.3141592653589793,9.81,1,1,10,21,41,-3.0,3.0,0.01,30.0,60.0,1e-09,1e-12,6,0.0001,1,new simulation,nan
3,6,-0.0199114857512855,-2.1,-0.7,rolling,9.059999999999851,-0.10176067432468479,2.1301202821251137,28,26,2,2.136195613091773,0.2,0.3141592653589793,9.81,1,1,10,21,41,-3.0,3.0,0.01,30.0,60.0,1e-09,1e-12,6,0.0001,1,new simulation,nan
3,7,-0.0199114857512855,-1.95,-0.7,settled,1.5700000000000012,-0.11415926535897936,0.0,3,1,2,nan,0.2,0.3141592653589793,9.81,1,1,10,21,41,-3.0,3.0,0.01,30.0,60.0,1e-09,1e-12,6,0.0001,1,new simulation,nan
3,8,-0.0199114857512855,-1.8,-0.7,rolling,8.229999999999869,-0.10116935704666452,2.129841804664251,26,25,1,2.1361859445606566,0.2,0.3141592653589793,9.81,1,1,10,21,41,-3.0,3.0,0.01,30.0,60.0,1e-09,1e-12,6,0.0001,1,new simulation,nan
3,9,-0.0199114857512855,-1.6500000000000001,-0.7,rolling,8.039999999999873,-0.102479683341997,2.1304532117344603,26,25,1,2.13617860941232,0.2,0.3141592653589793,9.81,1,1,10,21,41,-3.0,3.0,0.01,30.0,60.0,1e-09,1e-12,6,0.0001,1,new simulation,nan
3,10,-0.0199114857512855,-1.5,-0.7,rolling,7.959999999999875,-0.09628314003160818,2.127618537367878,26,25,1,2.1361719140015665,0.2,0.3141592653589793,9.81,1,1,10,21,41,-3.0,3.0,0.01,30.0,60.0,1e-09,1e-12,6,0.0001,1,new simulation,nan
3,11,-0.0199114857512855,-1.35,-0.7,rolling,7.919999999999876,-0.10400947888663158,2.131175614503679,26,25,1,2.1361658554661673,0.2,0.3141592653589793,9.81,1,1,10,21,41,-3.0,3.0,0.01,30.0,60.0,1e-09,1e-12,6,0.0001,1,new simulation,nan
3,12,-0.0199114857512855,-1.2000000000000002,-0.7,rolling,8.18999999999987,-0.11175864511862833,2.1350234972864848,27,26,1,2.1362049405639594,0.2,0.3141592653589793,9.81,1,1,10,21,41,-3.0,3.0,0.01,30.0,60.0,1e-09,1e-12,6,0.0001,1,new simulation,nan
3,13,-0.0199114857512855,-1.05,-0.7,rolling,8.21999999999987,-0.09417682634008556,2.126702996455987,27,26,1,2.136201809449822,0.2,0.3141592653589793,9.81,1,1,10,21,41,-3.0,3.0,0.01,30.0,60.0,1e-09,1e-12,6,0.0001,1,new simulation,nan
3,14,-0.0199114857512855,-0.8999999999999999,-0.7,rolling,8.269999999999868,-0.10013517939324541,2.1293666777637688,27,26,1,2.1361990970510476,0.2,0.3141592653589793,9.81,1,1,10,21,41,-3.0,3.0,0.01,30.0,60.0,1e-09,1e-12,6,0.0001,1,new simulation,nan
3,15,-0.0199114857512855,-0.75,-0.7,rolling,8.369999999999866,-0.09572554254241429,2.1273788297700293,27,26,1,2.1361967996015494,0.2,0.3141592653589793,9.81,1,1,10,21,41,-3.0,3.0,0.01,30.0,60.0,1e-09,1e-12,6,0.0001,1,new simulation,nan
3,16,-0.0199114857512855,-0.6000000000000001,-0.7,rolling,8.549999999999862,-0.10961561292536501,2.133932819300454,27,26,1,2.1361949217248117,0.2,0.3141592653589793,9.81,1,1,10,21,41,-3.0,3.0,0.01,30.0,60.0,1e-09,1e-12,6,0.0001,1,new simulation,nan
3,17,-0.0199114857512855,-0.4500000000000002,-0.7,rolling,9.11999999999985,-0.11059990652476177,2.1344295906644906,27,26,1,2.1361934607123296,0.2,0.3141592653589793,9.81,1,1,10,21,41,-3.0,3.0,0.01,30.0,60.0,1e-09,1e-12,6,0.0001,1,new simulation,nan
3,18,-0.0199114857512855,-0.30000000000000027,-0.7,settled,0.4200000000000002,-0.11415926535897936,0.0,2,1,1,nan,0.2,0.3141592653589793,9.81,1,1,10,21,41,-3.0,3.0,0.01,30.0,60.0,1e-09,1e-12,6,0.0001,1,new simulation,nan
3,19,-0.0199114857512855,-0.1499999999999999,-0.7,settled,0.5300000000000002,-0.11415926535897936,0.0,2,1,1,nan,0.2,0.3141592653589793,9.81,1,1,10,21,41,-3.0,3.0,0.01,30.0,60.0,1e-09,1e-12,6,0.0001,1,new simulation,nan
3,20,-0.0199114857512855,0.0,-0.7,settled,0.9000000000000006,-0.11415926535897936,0.0,2,1,1,nan,0.2,0.3141592653589793,9.81,1,1,10,21,41,-3.0,3.0,0.01,30.0,60.0,1e-09,1e-12,6,0.0001,1,new simulation,nan
3,21,-0.0199114857512855,0.1499999999999999,-0.7,rolling,8.19999999999987,-0.10962599512733617,2.1339376857671253,25,25,0,2.136193602587847,0.2,0.3141592653589793,9.81,1,1,10,21,41,-3.0,3.0,0.01,30.0,60.0,1e-09,1e-12,6,0.0001,1,new simulation,nan
3,22,-0.0199114857512855,0.2999999999999998,-0.7,rolling,7.879999999999876,-0.09873566063651008,2.12872542599037,25,25,0,2.1361950644210146,0.2,0.3141592653589793,9.81,1,1,10,21,41,-3.0,3.0,0.01,30.0,60.0,1e-09,1e-12,6,0.0001,1,new simulation,nan
3,23,-0.0199114857512855,0.44999999999999973,-0.7,rolling,7.70999999999988,-0.10556663584870574,2.1319337699882848,25,25,0,2.1361974992661756,0.2,0.3141592653589793,9.81,1,1,10,21,41,-3.0,3.0,0.01,30.0,60.0,1e-09,1e-12,6,0.0001,1,new simulation,nan
3,24,-0.0199114857512855,0.5999999999999996,-0.7,rolling,7.589999999999883,-0.10885078511899292,2.133551101673436,25,25,0,2.136200909233956,0.2,0.3141592653589793,9.81,1,1,10,21,41,-3.0,3.0,0.01,30.0,60.0,1e-09,1e-12,6,0.0001,1,new simulation,nan
3,25,-0.0199114857512855,0.75,-0.7,rolling,7.2199999999998905,-0.09894641599218948,2.1288120222026645,24,24,0,2.136160978119072,0.2,0.3141592653589793,9.81,1,1,10,21,41,-3.0,3.0,0.01,30.0,60.0,1e-09,1e-12,6,0.0001,1,new simulation,nan
3,26,-0.0199114857512855,0.8999999999999999,-0.7,rolling,7.139999999999892,-0.09413705178952697,2.1266768874953232,24,24,0,2.13616916682968,0.2,0.3141592653589793,9.81,1,1,10,21,41,-3.0,3.0,0.01,30.0,60.0,1e-09,1e-12,6,0.0001,1,new simulation,nan
3,27,-0.0199114857512855,1.0499999999999998,-0.7,rolling,7.059999999999894,-0.1076246039006921,2.132935996365608,24,24,0,2.136178841473088,0.2,0.3141592653589793,9.81,1,1,10,21,41,-3.0,3.0,0.01,30.0,60.0,1e-09,1e-12,6,0.0001,1,new simulation,nan
3,28,-0.0199114857512855,1.2000000000000002,-0.7,rolling,6.989999999999895,-0.1128159723676315,2.1355637592046626,24,24,0,2.1361900061337544,0.2,0.3141592653589793,9.81,1,1,10,21,41,-3.0,3.0,0.01,30.0,60.0,1e-09,1e-12,6,0.0001,1,new simulation,nan
3,29,-0.0199114857512855,1.3499999999999996,-0.7,rolling,6.929999999999897,-0.1065598861681035,2.1324189575325283,24,24,0,2.1362026606171836,0.2,0.3141592653589793,9.81,1,1,10,21,41,-3.0,3.0,0.01,30.0,60.0,1e-09,1e-12,6,0.0001,1,new simulation,nan
3,30,-0.0199114857512855,1.5,-0.7,rolling,6.589999999999904,-0.11002518014838134,2.1341347453934665,23,23,0,2.1361785624602354,0.2,0.3141592653589793,9.81,1,1,10,21,41,-3.0,3.0,0.01,30.0,60.0,1e-09,1e-12,6,0.0001,1,new simulation,nan
3,31,-0.0199114857512855,1.6499999999999995,-0.7,rolling,6.539999999999905,-0.09698848468644095,2.127940587314544,23,23,0,2.136202444529473,0.2,0.3141592653589793,9.81,1,1,10,21,41,-3.0,3.0,0.01,30.0,60.0,1e-09,1e-12,6,0.0001,1,new simulation,nan
3,32,-0.0199114857512855,1.7999999999999998,-0.7,rolling,6.199999999999912,-0.11273501838677719,2.1355236882134103,22,22,0,2.1361965868121366,0.2,0.3141592653589793,9.81,1,1,10,21,41,-3.0,3.0,0.01,30.0,60.0,1e-09,1e-12,6,0.0001,1,new simulation,nan
3,33,-0.0199114857512855,1.9500000000000002,-0.7,rolling,5.589999999999925,-0.11395237187292492,2.136150066052806,20,20,0,2.1361743428193964,0.2,0.3141592653589793,9.81,1,1,10,21,41,-3.0,3.0,0.01,30.0,60.0,1e-09,1e-12,6,0.0001,1,new simulation,nan
3,34,-0.0199114857512855,2.0999999999999996,-0.7,rolling,3.5899999999999674,-0.1073078120081869,2.132781229261161,13,13,0,2.1361844472568925,0.2,0.3141592653589793,9.81,1,1,10,21,41,-3.0,3.0,0.01,30.0,60.0,1e-09,1e-12,6,0.0001,1,new simulation,nan
3,35,-0.0199114857512855,2.25,-0.7,rolling,5.499999999999927,-0.1008456976546899,2.1297498930399508,20,20,0,2.13640146653112,0.2,0.3141592653589793,9.81,1,1,10,21,41,-3.0,3.0,0.01,30.0,60.0,1e-09,1e-12,6,0.0001,1,new simulation,nan
3,36,-0.0199114857512855,2.3999999999999995,-0.7,rolling,6.009999999999916,-0.10701777122088973,2.132694492510014,22,22,0,2.1363911774394144,0.2,0.3141592653589793,9.81,1,1,10,21,41,-3.0,3.0,0.01,30.0,60.0,1e-09,1e-12,6,0.0001,1,new simulation,nan
3,37,-0.0199114857512855,2.55,-0.7,rolling,6.249999999999911,-0.09706519474870876,2.128026669995267,23,23,0,2.136393485016475,0.2,0.3141592653589793,9.81,1,1,10,21,41,-3.0,3.0,0.01,30.0,60.0,1e-09,1e-12,6,0.0001,1,new simulation,nan
3,38,-0.0199114857512855,2.7,-0.7,rolling,6.479999999999906,-0.11154580199091294,2.134962815228458,24,24,0,2.1363835208878346,0.2,0.3141592653589793,9.81,1,1,10,21,41,-3.0,3.0,0.01,30.0,60.0,1e-09,1e-12,6,0.0001,1,new simulation,nan
3,39,-0.0199114857512855,2.8499999999999996,-0.7,rolling,6.439999999999907,-0.10942279392756273,2.133894403994516,24,24,0,2.136411056423612,0.2,0.3141592653589793,9.81,1,1,10,21,41,-3.0,3.0,0.01,30.0,60.0,1e-09,1e-12,6,0.0001,1,new simulation,nan
3,40,-0.0199114857512855,3.0,-0.7,rolling,6.679999999999902,-0.10820123076647487,2.1332782069121783,25,25,0,2.136387969777851,0.2,0.3141592653589793,9.81,1,1,10,21,41,-3.0,3.0,0.01,30.0,60.0,1e-09,1e-12,6,0.0001,1,new simulation,nan
4,0,0.011504440784612435,-3.0,-0.6,rolling,8.67999999999986,-0.10239584114211477,2.13041648966175,27,25,2,2.1361887857577515,0.2,0.3141592653589793,9.81,1,1,10,21,41,-3.0,3.0,0.01,30.0,60.0,1e-09,1e-12,6,0.0001,1,new simulation,nan
4,1,0.011504440784612435,-2.85,-0.6,rolling,8.399999999999865,-0.1119778570514365,2.135129367433737,27,25,2,2.1361806461394393,0.2,0.3141592653589793,9.81,1,1,10,21,41,-3.0,3.0,0.01,30.0,60.0,1e-09,1e-12,6,0.0001,1,new simulation,nan
4,2,0.011504440784612435,-2.7,-0.6,rolling,8.319999999999867,-0.10351759461413351,2.130942999581525,27,25,2,2.1361729249073593,0.2,0.3141592653589793,9.81,1,1,10,21,41,-3.0,3.0,0.01,30.0,60.0,1e-09,1e-12,6,0.0001,1,new simulation,nan
4,3,0.011504440784612435,-2.55,-0.6,rolling,8.309999999999867,-0.09960433033844847,2.1291137496080923,27,25,2,2.1361656198513725,0.2,0.3141592653589793,9.81,1,1,10,21,41,-3.0,3.0,0.01,30.0,60.0,1e-09,1e-12,6,0.0001,1,new simulation,nan
4,4,0.011504440784612435,-2.4,-0.6,rolling,8.62999999999986,-0.10845270615053314,2.1333534011572035,28,26,2,2.1362038251433444,0.2,0.3141592653589793,9.81,1,1,10,21,41,-3.0,3.0,0.01,30.0,60.0,1e-09,1e-12,6,0.0001,1,new simulation,nan
4,5,0.011504440784612435,-2.25,-0.6,rolling,8.749999999999858,-0.1128639032156484,2.1355911432914154,28,26,2,2.1361995902028235,0.2,0.3141592653589793,9.81,1,1,10,21,41,-3.0,3.0,0.01,30.0,60.0,1e-09,1e-12,6,0.0001,1,new simulation,nan
4,6,0.011504440784612435,-2.1,-0.6,rolling,9.069999999999851,-0.10739292655032,2.1328262003651104,28,26,2,2.1361956295548565,0.2,0.3141592653589793,9.81,1,1,10,21,41,-3.0,3.0,0.01,30.0,60.0,1e-09,1e-12,6,0.0001,1,new simulation,nan
4,7,0.011504440784612435,-1.95,-0.6,settled,1.5700000000000012,-0.11415926535897936,0.0,3,1,2,nan,0.2,0.3141592653589793,9.81,1,1,10,21,41,-3.0,3.0,0.01,30.0,60.0,1e-09,1e-12,6,0.0001,1,new simulation,nan
4,8,0.011504440784612435,-1.8,-0.6,rolling,8.249999999999869,-0.09886929950519655,2.1287837101069296,26,25,1,2.1361859805873356,0.2,0.3141592653589793,9.81,1,1,10,21,41,-3.0,3.0,0.01,30.0,60.0,1e-09,1e-12,6,0.0001,1,new simulation,nan
4,9,0.011504440784612435,-1.6500000000000001,-0.6,rolling,8.059999999999873,-0.1017562914827227,2.1301136348999483,26,25,1,2.1361786470209005,0.2,0.3141592653589793,9.81,1,1,10,21,41,-3.0,3.0,0.01,30.0,60.0,1e-09,1e-12,6,0.0001,1,new simulation,nan
4,10,0.011504440784612435,-1.5,-0.6,rolling,7.979999999999874,-0.09897509173794752,2.1288280547607403,26,25,1,2.1361719514595228,0.2,0.3141592653589793,9.81,1,1,10,21,41,-3.0,3.0,0.01,30.0,60.0,1e-09,1e-12,6,0.0001,1,new simulation,nan
4,11,0.011504440784612435,-1.35,-0.6,rolling,7.939999999999875,-0.11126037753912471,2.134758158670473,26,25,1,2.136165892778362,0.2,0.3141592653589793,9.81,1,1,10,21,41,-3.0,3.0,0.01,30.0,60.0,1e-09,1e-12,6,0.0001,1,new simulation,nan
4,12,0.011504440784612435,-1.2000000000000002,-0.6,rolling,8.21999999999987,-0.10349434084663985,2.1309406167215013,27,26,1,2.136204964026041,0.2,0.3141592653589793,9.81,1,1,10,21,41,-3.0,3.0,0.01,30.0,60.0,1e-09,1e-12,6,0.0001,1,new simulation,nan
4,13,0.011504440784612435,-1.05,-0.6,rolling,8.249999999999869,-0.09338846796795605,2.126362434382861,27,26,1,2.1362018339292863,0.2,0.3141592653589793,9.81,1,1,10,21,41,-3.0,3.0,0.01,30.0,60.0,1e-09,1e-12,6,0.0001,1,new simulation,nan
4,14,0.011504440784612435,-0.8999999999999999,-0.6,rolling,8.299999999999867,-0.10914669081811179,2.133698619253149,27,26,1,2.136199119958086,0.2,0.3141592653589793,9.81,1,1,10,21,41,-3.0,3.0,0.01,30.0,60.0,1e-09,1e-12,6,0.0001,1,new simulation,nan
4,15,0.011504440784612435,-0.75,-0.6,rolling,8.409999999999865,-0.09659327371117206,2.1277629807389538,27,26,1,2.1361968253592103,0.2,0.3141592653589793,9.81,1,1,10,21,41,-3.0,3.0,0.01,30.0,60.0,1e-09,1e-12,6,0.0001,1,new simulation,nan
4,16,0.011504440784612435,-0.6000000000000001,-0.6,rolling,8.599999999999861,-0.10654996821947205,2.132412014127072,27,26,1,2.1361949460299767,0.2,0.3141592653589793,9.81,1,1,10,21,41,-3.0,3.0,0.01,30.0,60.0,1e-09,1e-12,6,0.0001,1,new simulation,nan
4,17,0.011504440784612435,-0.4500000000000002,-0.6,rolling,9.169999999999849,-0.09389014976728947,2.126576569431173,27,26,1,2.136193485397042,0.2,0.3141592653589793,9.81,1,1,10,21,41,-3.0,3.0,0.01,30.0,60.0,1e-09,1e-12,6,0.0001,1,new simulation,nan
4,18,0.011504440784612435,-0.30000000000000027,-0.6,settled,0.5300000000000002,-0.11415926535897936,0.0,2,1,1,nan,0.2,0.3141592653589793,9.81,1,1,10,21,41,-3.0,3.0,0.01,30.0,60.0,1e-09,1e-12,6,0.0001,1,new simulation,nan
4,19,0.011504440784612435,-0.1499999999999999,-0.6,settled,0.7300000000000004,-0.11415926535897936,0.0,2,1,1,nan,0.2,0.3141592653589793,9.81,1,1,10,21,41,-3.0,3.0,0.01,30.0,60.0,1e-09,1e-12,6,0.0001,1,new simulation,nan
4,20,0.011504440784612435,0.0,-0.6,rolling,8.489999999999863,-0.10064201838045636,2.1295990737833703,25,25,0,2.1361931720883556,0.2,0.3141592653589793,9.81,1,1,10,21,41,-3.0,3.0,0.01,30.0,60.0,1e-09,1e-12,6,0.0001,1,new simulation,nan
4,21,0.011504440784612435,0.1499999999999999,-0.6,rolling,7.959999999999875,-0.10836934087415358,2.1333091728575235,25,25,0,2.136193658504845,0.2,0.3141592653589793,9.81,1,1,10,21,41,-3.0,3.0,0.01,30.0,60.0,1e-09,1e-12,6,0.0001,1,new simulation,nan
4,22,0.011504440784612435,0.2999999999999998,-0.6,rolling,7.769999999999879,-0.09688640713391726,2.1278930542799266,25,25,0,2.136195121526652,0.2,0.3141592653589793,9.81,1,1,10,21,41,-3.0,3.0,0.01,30.0,60.0,1e-09,1e-12,6,0.0001,1,new simulation,nan
4,23,0.011504440784612435,0.44999999999999973,-0.6,rolling,7.6399999999998816,-0.1003228551033225,2.1294527741104377,25,25,0,2.136197556576008,0.2,0.3141592653589793,9.81,1,1,10,21,41,-3.0,3.0,0.01,30.0,60.0,1e-09,1e-12,6,0.0001,1,new simulation,nan
4,24,0.011504440784612435,0.5999999999999996,-0.6,rolling,7.539999999999884,-0.10057097323865838,2.1295683174730358,25,25,0,2.136200966752472,0.2,0.3141592653589793,9.81,1,1,10,21,41,-3.0,3.0,0.01,30.0,60.0,1e-09,1e-12,6,0.0001,1,new simulation,nan
4,25,0.011504440784612435,0.75,-0.6,rolling,7.169999999999892,-0.11406712735904868,2.136206430923797,24,24,0,2.136161064499475,0.2,0.3141592653589793,9.81,1,1,10,21,41,-3.0,3.0,0.01,30.0,60.0,1e-09,1e-12,6,0.0001,1,new simulation,nan
4,26,0.011504440784612435,0.8999999999999999,-0.6,rolling,7.099999999999893,-0.10338555771411513,2.1308792330406012,24,24,0,2.1361692530441188,0.2,0.3141592653589793,9.81,1,1,10,21,41,-3.0,3.0,0.01,30.0,60.0,1e-09,1e-12,6,0.0001,1,new simulation,nan
4,27,0.011504440784612435,1.0499999999999998,-0.6,rolling,7.0299999999998946,-0.10655397590309461,2.1324096401787513,24,24,0,2.136178928508852,0.2,0.3141592653589793,9.81,1,1,10,21,41,-3.0,3.0,0.01,30.0,60.0,1e-09,1e-12,6,0.0001,1,new simulation,nan
4,28,0.011504440784612435,1.2000000000000002,-0.6,rolling,6.969999999999896,-0.0986362886738532,2.128678957053941,24,24,0,2.1361900943231333,0.2,0.3141592653589793,9.81,1,1,10,21,41,-3.0,3.0,0.01,30.0,60.0,1e-09,1e-12,6,0.0001,1,new simulation,nan
4,29,0.011504440784612435,1.3499999999999996,-0.6,rolling,6.909999999999897,-0.09875609904758853,2.1287367952292144,24,24,0,2.1362027465818723,0.2,0.3141592653589793,9.81,1,1,10,21,41,-3.0,3.0,0.01,30.0,60.0,1e-09,1e-12,6,0.0001,1,new simulation,nan
4,30,0.011504440784612435,1.5,-0.6,rolling,6.569999999999904,-0.10730115573053806,2.132776392389832,23,23,0,2.136178693149066,0.2,0.3141592653589793,9.81,1,1,10,21,41,-3.0,3.0,0.01,30.0,60.0,1e-09,1e-12,6,0.0001,1,new simulation,nan
4,31,0.011504440784612435,1.6499999999999995,-0.6,rolling,6.519999999999905,-0.09841996010413138,2.1285842715582537,23,23,0,2.1362025752033342,0.2,0.3141592653589793,9.81,1,1,10,21,41,-3.0,3.0,0.01,30.0,60.0,1e-09,1e-12,6,0.0001,1,new simulation,nan
4,32,0.011504440784612435,1.7999999999999998,-0.6,rolling,6.1899999999999125,-0.09631262055336565,2.127638354915683,22,22,0,2.1361967870101592,0.2,0.3141592653589793,9.81,1,1,10,21,41,-3.0,3.0,0.01,30.0,60.0,1e-09,1e-12,6,0.0001,1,new simulation,nan
4,33,0.011504440784612435,1.9500000000000002,-0.6,rolling,5.5799999999999255,-0.10044582592959611,2.1295033804087202,20,20,0,2.136174809322648,0.2,0.3141592653589793,9.81,1,1,10,21,41,-3.0,3.0,0.01,30.0,60.0,1e-09,1e-12,6,0.0001,1,new simulation,nan
4,34,0.011504440784612435,2.0999999999999996,-0.6,rolling,3.5799999999999677,-0.09632204537498662,2.1276416493444934,13,13,0,2.136193524140796,0.2,0.3141592653589793,9.81,1,1,10,21,41,-3.0,3.0,0.01,30.0,60.0,1e-09,1e-12,6,0.0001,1,new simulation,nan
4,35,0.011504440784612435,2.25,-0.6,rolling,5.479999999999928,-0.11334257956748504,2.1358939835289448,20,20,0,2.136401934122316,0.2,0.3141592653589793,9.81,1,1,10,21,41,-3.0,3.0,0.01,30.0,60.0,1e-09,1e-12,6,0.0001,1,new simulation,nan
4,36,0.011504440784612435,2.3999999999999995,-0.6,rolling,5.9999999999999165,-0.10009028913515054,2.129398135444483,22,22,0,2.1363913779073394,0.2,0.3141592653589793,9.81,1,1,10,21,41,-3.0,3.0,0.01,30.0,60.0,1e-09,1e-12,6,0.0001,1,new simulation,nan
4,37,0.011504440784612435,2.55,-0.6,rolling,6.229999999999912,-0.11312595065438898,2.1357793090412995,23,23,0,2.1363936169127133,0.2,0.3141592653589793,9.81,1,1,10,21,41,-3.0,3.0,0.01,30.0,60.0,1e-09,1e-12,6,0.0001,1,new simulation,nan
4,38,0.011504440784612435,2.7,-0.6,rolling,6.4699999999999065,-0.10777070590583239,2.133063639930019,24,24,0,2.136383605108129,0.2,0.3141592653589793,9.81,1,1,10,21,41,-3.0,3.0,0.01,30.0,60.0,1e-09,1e-12,6,0.0001,1,new simulation,nan
4,39,0.011504440784612435,2.8499999999999996,-0.6,rolling,6.429999999999907,-0.10697893253171747,2.132680816504741,24,24,0,2.136411141867914,0.2,0.3141592653589793,9.81,1,1,10,21,41,-3.0,3.0,0.01,30.0,60.0,1e-09,1e-12,6,0.0001,1,new simulation,nan
4,40,0.011504440784612435,3.0,-0.6,rolling,6.669999999999902,-0.10695397378896634,2.132662303854221,25,25,0,2.136388027007678,0.2,0.3141592653589793,9.81,1,1,10,21,41,-3.0,3.0,0.01,30.0,60.0,1e-09,1e-12,6,0.0001,1,new simulation,nan
5,0,0.042920367320510355,-3.0,-0.5,rolling,8.67999999999986,-0.10331920809628944,2.1308529677641097,27,25,2,2.136188630756331,0.2,0.3141592653589793,9.81,1,1,10,21,41,-3.0,3.0,0.01,30.0,60.0,1e-09,1e-12,6,0.0001,1,new simulation,nan
5,1,0.042920367320510355,-2.85,-0.5,rolling,8.409999999999865,-0.10842047600864568,2.133331048534,27,25,2,2.1361804905031145,0.2,0.3141592653589793,9.81,1,1,10,21,41,-3.0,3.0,0.01,30.0,60.0,1e-09,1e-12,6,0.0001,1,new simulation,nan
5,2,0.042920367320510355,-2.7,-0.5,rolling,8.329999999999867,-0.1051992230657282,2.1317492332362553,27,25,2,2.1361727685099234,0.2,0.3141592653589793,9.81,1,1,10,21,41,-3.0,3.0,0.01,30.0,60.0,1e-09,1e-12,6,0.0001,1,new simulation,nan
5,3,0.042920367320510355,-2.55,-0.5,rolling,8.319999999999867,-0.10535252674028302,2.1318213877901404,27,25,2,2.136165464913003,0.2,0.3141592653589793,9.81,1,1,10,21,41,-3.0,3.0,0.01,30.0,60.0,1e-09,1e-12,6,0.0001,1,new simulation,nan
5,4,0.042920367320510355,-2.4,-0.5,rolling,8.64999999999986,-0.09760103370878603,2.1282152336786315,28,26,2,2.136203723365164,0.2,0.3141592653589793,9.81,1,1,10,21,41,-3.0,3.0,0.01,30.0,60.0,1e-09,1e-12,6,0.0001,1,new simulation,nan
5,5,0.042920367320510355,-2.25,-0.5,rolling,8.769999999999857,-0.1097423606728784,2.133997833125049,28,26,2,2.136199489056805,0.2,0.3141592653589793,9.81,1,1,10,21,41,-3.0,3.0,0.01,30.0,60.0,1e-09,1e-12,6,0.0001,1,new simulation,nan
5,6,0.042920367320510355,-2.1,-0.5,rolling,9.09999999999985,-0.1080521893595661,2.133152164667347,28,26,2,2.136195527594033,0.2,0.3141592653589793,9.81,1,1,10,21,41,-3.0,3.0,0.01,30.0,60.0,1e-09,1e-12,6,0.0001,1,new simulation,nan
5,7,0.042920367320510355,-1.95,-0.5,settled,1.6900000000000013,-0.11415926535897936,0.0,3,1,2,nan,0.2,0.3141592653589793,9.81,1,1,10,21,41,-3.0,3.0,0.01,30.0,60.0,1e-09,1e-12,6,0.0001,1,new simulation,nan
5,8,0.042920367320510355,-1.8,-0.5,rolling,8.259999999999868,-0.09500353600934426,2.1270587818931252,26,25,1,2.136185743346112,0.2,0.3141592653589793,9.81,1,1,10,21,41,-3.0,3.0,0.01,30.0,60.0,1e-09,1e-12,6,0.0001,1,new simulation,nan
5,9,0.042920367320510355,-1.6500000000000001,-0.5,rolling,8.069999999999872,-0.11276995186356935,2.135536830621233,26,25,1,2.136178410103762,0.2,0.3141592653589793,9.81,1,1,10,21,41,-3.0,3.0,0.01,30.0,60.0,1e-09,1e-12,6,0.0001,1,new simulation,nan
5,10,0.042920367320510355,-1.5,-0.5,rolling,7.999999999999874,-0.09689774898956585,2.1278917610359285,26,25,1,2.1361717138992566,0.2,0.3141592653589793,9.81,1,1,10,21,41,-3.0,3.0,0.01,30.0,60.0,1e-09,1e-12,6,0.0001,1,new simulation,nan
5,11,0.042920367320510355,-1.35,-0.5,rolling,7.9699999999998745,-0.0955876614298358,2.127309652464275,26,25,1,2.1361656549308172,0.2,0.3141592653589793,9.81,1,1,10,21,41,-3.0,3.0,0.01,30.0,60.0,1e-09,1e-12,6,0.0001,1,new simulation,nan
5,12,0.042920367320510355,-1.2000000000000002,-0.5,rolling,8.249999999999869,-0.09672819296823763,2.1278251780475252,27,26,1,2.1362048071112274,0.2,0.3141592653589793,9.81,1,1,10,21,41,-3.0,3.0,0.01,30.0,60.0,1e-09,1e-12,6,0.0001,1,new simulation,nan
5,13,0.042920367320510355,-1.05,-0.5,rolling,8.279999999999868,-0.09815230195087511,2.128462979940064,27,26,1,2.1362016783280917,0.2,0.3141592653589793,9.81,1,1,10,21,41,-3.0,3.0,0.01,30.0,60.0,1e-09,1e-12,6,0.0001,1,new simulation,nan
5,14,0.042920367320510355,-0.8999999999999999,-0.5,rolling,8.339999999999867,-0.10919250461672599,2.133721527251309,27,26,1,2.1361989647998887,0.2,0.3141592653589793,9.81,1,1,10,21,41,-3.0,3.0,0.01,30.0,60.0,1e-09,1e-12,6,0.0001,1,new simulation,nan
5,15,0.042920367320510355,-0.75,-0.5,rolling,8.459999999999864,-0.10259445778356055,2.13051219890116,27,26,1,2.13619666873976,0.2,0.3141592653589793,9.81,1,1,10,21,41,-3.0,3.0,0.01,30.0,60.0,1e-09,1e-12,6,0.0001,1,new simulation,nan
5,16,0.042920367320510355,-0.6000000000000001,-0.5,rolling,8.67999999999986,-0.1071357379914218,2.132699325325211,27,26,1,2.1361947915431707,0.2,0.3141592653589793,9.81,1,1,10,21,41,-3.0,3.0,0.01,30.0,60.0,1e-09,1e-12,6,0.0001,1,new simulation,nan
5,17,0.042920367320510355,-0.4500000000000002,-0.5,rolling,9.489999999999842,-0.10198828744704563,2.1302262671032186,27,26,1,2.1361933308834136,0.2,0.3141592653589793,9.81,1,1,10,21,41,-3.0,3.0,0.01,30.0,60.0,1e-09,1e-12,6,0.0001,1,new simulation,nan
5,18,0.042920367320510355,-0.30000000000000027,-0.5,settled,0.6600000000000004,-0.11415926535897936,0.0,2,1,1,nan,0.2,0.3141592653589793,9.81,1,1,10,21,41,-3.0,3.0,0.01,30.0,60.0,1e-09,1e-12,6,0.0001,1,new simulation,nan
5,19,0.042920367320510355,-0.1499999999999999,-0.5,settled,1.350000000000001,-0.11415926535897936,0.0,2,1,1,nan,0.2,0.3141592653589793,9.81,1,1,10,21,41,-3.0,3.0,0.01,30.0,60.0,1e-09,1e-12,6,0.0001,1,new simulation,nan
5,20,0.042920367320510355,0.0,-0.5,rolling,8.069999999999872,-0.10356611171777591,2.1309714709946763,25,25,0,2.136192808978557,0.2,0.3141592653589793,9.81,1,1,10,21,41,-3.0,3.0,0.01,30.0,60.0,1e-09,1e-12,6,0.0001,1,new simulation,nan
5,21,0.042920367320510355,0.1499999999999999,-0.5,rolling,7.8299999999998775,-0.10010495870942568,2.1293511896054094,25,25,0,2.136193296258035,0.2,0.3141592653589793,9.81,1,1,10,21,41,-3.0,3.0,0.01,30.0,60.0,1e-09,1e-12,6,0.0001,1,new simulation,nan
5,22,0.042920367320510355,0.2999999999999998,-0.5,rolling,7.6899999999998805,-0.09607041059564816,2.127530544568401,25,25,0,2.1361947579955527,0.2,0.3141592653589793,9.81,1,1,10,21,41,-3.0,3.0,0.01,30.0,60.0,1e-09,1e-12,6,0.0001,1,new simulation,nan
5,23,0.042920367320510355,0.44999999999999973,-0.5,rolling,7.579999999999883,-0.10602848113999117,2.1321580950175734,25,25,0,2.1361971940943385,0.2,0.3141592653589793,9.81,1,1,10,21,41,-3.0,3.0,0.01,30.0,60.0,1e-09,1e-12,6,0.0001,1,new simulation,nan
5,24,0.042920367320510355,0.5999999999999996,-0.5,rolling,7.489999999999885,-0.11235460300443735,2.1353285042968597,25,25,0,2.1362006024733744,0.2,0.3141592653589793,9.81,1,1,10,21,41,-3.0,3.0,0.01,30.0,60.0,1e-09,1e-12,6,0.0001,1,new simulation,nan
5,25,0.042920367320510355,0.75,-0.5,rolling,7.419999999999886,-0.0988402744459692,2.1287756650502496,25,25,0,2.136204988135375,0.2,0.3141592653589793,9.81,1,1,10,21,41,-3.0,3.0,0.01,30.0,60.0,1e-09,1e-12,6,0.0001,1,new simulation,nan
5,26,0.042920367320510355,0.8999999999999999,-0.5,rolling,7.069999999999894,-0.10199203933544064,2.130221350041341,24,24,0,2.1361686966653144,0.2,0.3141592653589793,9.81,1,1,10,21,41,-3.0,3.0,0.01,30.0,60.0,1e-09,1e-12,6,0.0001,1,new simulation,nan
5,27,0.042920367320510355,1.0499999999999998,-0.5,rolling,6.999999999999895,-0.11396433774425106,2.136157404938905,24,24,0,2.1361783735860023,0.2,0.3141592653589793,9.81,1,1,10,21,41,-3.0,3.0,0.01,30.0,60.0,1e-09,1e-12,6,0.0001,1,new simulation,nan
5,28,0.042920367320510355,1.2000000000000002,-0.5,rolling,6.9399999999998965,-0.11274007550053773,2.135524395927699,24,24,0,2.136189538678411,0.2,0.3141592653589793,9.81,1,1,10,21,41,-3.0,3.0,0.01,30.0,60.0,1e-09,1e-12,6,0.0001,1,new simulation,nan
5,29,0.042920367320510355,1.3499999999999996,-0.5,rolling,6.8899999999998975,-0.09681314142626357,2.1278623094415443,24,24,0,2.1362021924093963,0.2,0.3141592653589793,9.81,1,1,10,21,41,-3.0,3.0,0.01,30.0,60.0,1e-09,1e-12,6,0.0001,1,new simulation,nan
5,30,0.042920367320510355,1.5,-0.5,rolling,6.549999999999905,-0.10960736162826215,2.133924051527828,23,23,0,2.1361778455419516,0.2,0.3141592653589793,9.81,1,1,10,21,41,-3.0,3.0,0.01,30.0,60.0,1e-09,1e-12,6,0.0001,1,new simulation,nan
5,31,0.042920367320510355,1.6499999999999995,-0.5,rolling,6.499999999999906,-0.10422001042059816,2.1312860439459227,23,23,0,2.1362017275885594,0.2,0.3141592653589793,9.81,1,1,10,21,41,-3.0,3.0,0.01,30.0,60.0,1e-09,1e-12,6,0.0001,1,new simulation,nan
5,32,0.042920367320510355,1.7999999999999998,-0.5,rolling,6.169999999999913,-0.10504169212249465,2.131679319913286,22,22,0,2.1361954925318245,0.2,0.3141592653589793,9.81,1,1,10,21,41,-3.0,3.0,0.01,30.0,60.0,1e-09,1e-12,6,0.0001,1,new simulation,nan
5,33,0.042920367320510355,1.9500000000000002,-0.5,rolling,5.559999999999926,-0.1116786178048937,2.1349735372257,20,20,0,2.1361717859445837,0.2,0.3141592653589793,9.81,1,1,10,21,41,-3.0,3.0,0.01,30.0,60.0,1e-09,1e-12,6,0.0001,1,new simulation,nan
5,34,0.042920367320510355,2.0999999999999996,-0.5,rolling,3.839999999999962,-0.10788879439051971,2.1330691887067643,14,14,0,2.136188139069343,0.2,0.3141592653589793,9.81,1,1,10,21,41,-3.0,3.0,0.01,30.0,60.0,1e-09,1e-12,6,0.0001,1,new simulation,nan
5,35,0.042920367320510355,2.25,-0.5,rolling,5.469999999999928,-0.1072601658777499,2.132815810024524,20,20,0,2.1363989112684476,0.2,0.3141592653589793,9.81,1,1,10,21,41,-3.0,3.0,0.01,30.0,60.0,1e-09,1e-12,6,0.0001,1,new simulation,nan
5,36,0.042920367320510355,2.3999999999999995,-0.5,rolling,5.989999999999917,-0.09566123868925674,2.1274029486777306,22,22,0,2.136390083547711,0.2,0.3141592653589793,9.81,1,1,10,21,41,-3.0,3.0,0.01,30.0,60.0,1e-09,1e-12,6,0.0001,1,new simulation,nan
5,37,0.042920367320510355,2.55,-0.5,rolling,6.219999999999912,-0.11013589677548691,2.134248594180859,23,23,0,2.136392768771601,0.2,0.3141592653589793,9.81,1,1,10,21,41,-3.0,3.0,0.01,30.0,60.0,1e-09,1e-12,6,0.0001,1,new simulation,nan
5,38,0.042920367320510355,2.7,-0.5,rolling,6.459999999999907,-0.10607772536303246,2.132232396055374,24,24,0,2.136383051773761,0.2,0.3141592653589793,9.81,1,1,10,21,41,-3.0,3.0,0.01,30.0,60.0,1e-09,1e-12,6,0.0001,1,new simulation,nan
5,39,0.042920367320510355,2.8499999999999996,-0.5,rolling,6.419999999999908,-0.1064467899936198,2.1324199375821022,24,24,0,2.136410588012008,0.2,0.3141592653589793,9.81,1,1,10,21,41,-3.0,3.0,0.01,30.0,60.0,1e-09,1e-12,6,0.0001,1,new simulation,nan
5,40,0.042920367320510355,3.0,-0.5,rolling,6.659999999999902,-0.10746943449770646,2.1329159073553914,25,25,0,2.1363876628322704,0.2,0.3141592653589793,9.81,1,1,10,21,41,-3.0,3.0,0.01,30.0,60.0,1e-09,1e-12,6,0.0001,1,new simulation,nan
6,0,0.0743362938564083,-3.0,-0.39999999999999997,rolling,8.66999999999986,-0.10355420626392096,2.1309645807566637,27,25,2,2.136188294739178,0.2,0.3141592653589793,9.81,1,1,10,21,41,-3.0,3.0,0.01,30.0,60.0,1e-09,1e-12,6,0.0001,1,new simulation,nan
6,1,0.0743362938564083,-2.85,-0.39999999999999997,rolling,8.419999999999865,-0.09868879327160886,2.1287000977491775,27,25,2,2.136180156331754,0.2,0.3141592653589793,9.81,1,1,10,21,41,-3.0,3.0,0.01,30.0,60.0,1e-09,1e-12,6,0.0001,1,new simulation,nan
6,2,0.0743362938564083,-2.7,-0.39999999999999997,rolling,8.339999999999867,-0.1050579440369265,2.131680917130239,27,25,2,2.136172433696705,0.2,0.3141592653589793,9.81,1,1,10,21,41,-3.0,3.0,0.01,30.0,60.0,1e-09,1e-12,6,0.0001,1,new simulation,nan
6,3,0.0743362938564083,-2.55,-0.39999999999999997,rolling,8.329999999999867,-0.11230380708160043,2.1352927574777145,27,25,2,2.1361651285858136,0.2,0.3141592653589793,9.81,1,1,10,21,41,-3.0,3.0,0.01,30.0,60.0,1e-09,1e-12,6,0.0001,1,new simulation,nan
6,4,0.0743362938564083,-2.4,-0.39999999999999997,rolling,8.65999999999986,-0.1129226606177495,2.1356226058749654,28,26,2,2.1362035047592838,0.2,0.3141592653589793,9.81,1,1,10,21,41,-3.0,3.0,0.01,30.0,60.0,1e-09,1e-12,6,0.0001,1,new simulation,nan
6,5,0.0743362938564083,-2.25,-0.39999999999999997,rolling,8.799999999999857,-0.09746470888462172,2.128152834614225,28,26,2,2.136199270774044,0.2,0.3141592653589793,9.81,1,1,10,21,41,-3.0,3.0,0.01,30.0,60.0,1e-09,1e-12,6,0.0001,1,new simulation,nan
6,6,0.0743362938564083,-2.1,-0.39999999999999997,rolling,9.14999999999985,-0.10951749895868579,2.1338836024857897,28,26,2,2.136195307321384,0.2,0.3141592653589793,9.81,1,1,10,21,41,-3.0,3.0,0.01,30.0,60.0,1e-09,1e-12,6,0.0001,1,new simulation,nan
6,7,0.0743362938564083,-1.95,-0.39999999999999997,settled,3.2999999999999736,-0.11415926535897936,0.0,3,1,2,nan,0.2,0.3141592653589793,9.81,1,1,10,21,41,-3.0,3.0,0.01,30.0,60.0,1e-09,1e-12,6,0.0001,1,new simulation,nan
6,8,0.0743362938564083,-1.8,-0.39999999999999997,rolling,8.249999999999869,-0.11350090583846202,2.1359177143217813,26,25,1,2.1361852310979645,0.2,0.3141592653589793,9.81,1,1,10,21,41,-3.0,3.0,0.01,30.0,60.0,1e-09,1e-12,6,0.0001,1,new simulation,nan
6,9,0.0743362938564083,-1.6500000000000001,-0.39999999999999997,rolling,8.089999999999872,-0.09385247570977967,2.1265560483874655,26,25,1,2.136177898440983,0.2,0.3141592653589793,9.81,1,1,10,21,41,-3.0,3.0,0.01,30.0,60.0,1e-09,1e-12,6,0.0001,1,new simulation,nan
6,10,0.0743362938564083,-1.5,-0.39999999999999997,rolling,8.009999999999874,-0.11214726861321343,2.1352138560502767,26,25,1,2.1361712014121705,0.2,0.3141592653589793,9.81,1,1,10,21,41,-3.0,3.0,0.01,30.0,60.0,1e-09,1e-12,6,0.0001,1,new simulation,nan
6,11,0.0743362938564083,-1.35,-0.39999999999999997,rolling,7.989999999999874,-0.10051651050617863,2.1295334239732586,26,25,1,2.1361651440071805,0.2,0.3141592653589793,9.81,1,1,10,21,41,-3.0,3.0,0.01,30.0,60.0,1e-09,1e-12,6,0.0001,1,new simulation,nan
6,12,0.0743362938564083,-1.2000000000000002,-0.39999999999999997,rolling,8.269999999999868,-0.11400599433909067,2.1361862147545794,27,26,1,2.1362044730782475,0.2,0.3141592653589793,9.81,1,1,10,21,41,-3.0,3.0,0.01,30.0,60.0,1e-09,1e-12,6,0.0001,1,new simulation,nan
6,13,0.0743362938564083,-1.05,-0.39999999999999997,rolling,8.309999999999867,-0.11046241635198442,2.1343620196836484,27,26,1,2.136201343783348,0.2,0.3141592653589793,9.81,1,1,10,21,41,-3.0,3.0,0.01,30.0,60.0,1e-09,1e-12,6,0.0001,1,new simulation,nan
6,14,0.0743362938564083,-0.8999999999999999,-0.39999999999999997,rolling,8.389999999999866,-0.10391118002736129,2.131137536679269,27,26,1,2.136198629140156,0.2,0.3141592653589793,9.81,1,1,10,21,41,-3.0,3.0,0.01,30.0,60.0,1e-09,1e-12,6,0.0001,1,new simulation,nan
6,15,0.0743362938564083,-0.75,-0.39999999999999997,rolling,8.529999999999863,-0.10085876049303052,2.1297003504405403,27,26,1,2.136196333671565,0.2,0.3141592653589793,9.81,1,1,10,21,41,-3.0,3.0,0.01,30.0,60.0,1e-09,1e-12,6,0.0001,1,new simulation,nan
6,16,0.0743362938564083,-0.6000000000000001,-0.39999999999999997,rolling,8.809999999999857,-0.101354030319869,2.129930096043125,27,26,1,2.1361944562955224,0.2,0.3141592653589793,9.81,1,1,10,21,41,-3.0,3.0,0.01,30.0,60.0,1e-09,1e-12,6,0.0001,1,new simulation,nan
6,17,0.0743362938564083,-0.4500000000000002,-0.39999999999999997,settled,0.6300000000000003,-0.11415926535897936,0.0,2,1,1,nan,0.2,0.3141592653589793,9.81,1,1,10,21,41,-3.0,3.0,0.01,30.0,60.0,1e-09,1e-12,6,0.0001,1,new simulation,nan
6,18,0.0743362938564083,-0.30000000000000027,-0.39999999999999997,settled,0.9200000000000006,-0.11415926535897936,0.0,2,1,1,nan,0.2,0.3141592653589793,9.81,1,1,10,21,41,-3.0,3.0,0.01,30.0,60.0,1e-09,1e-12,6,0.0001,1,new simulation,nan
6,19,0.0743362938564083,-0.1499999999999999,-0.39999999999999997,rolling,8.229999999999869,-0.09569672810155849,2.1273649695142116,25,25,0,2.136192514388708,0.2,0.3141592653589793,9.81,1,1,10,21,41,-3.0,3.0,0.01,30.0,60.0,1e-09,1e-12,6,0.0001,1,new simulation,nan
6,20,0.0743362938564083,0.0,-0.39999999999999997,rolling,7.899999999999876,-0.10006516688682496,2.1293325294526455,25,25,0,2.136192027274083,0.2,0.3141592653589793,9.81,1,1,10,21,41,-3.0,3.0,0.01,30.0,60.0,1e-09,1e-12,6,0.0001,1,new simulation,nan
6,21,0.0743362938564083,0.1499999999999999,-0.39999999999999997,rolling,7.739999999999879,-0.09749324117771005,2.128163800542333,25,25,0,2.1361925145052623,0.2,0.3141592653589793,9.81,1,1,10,21,41,-3.0,3.0,0.01,30.0,60.0,1e-09,1e-12,6,0.0001,1,new simulation,nan
6,22,0.0743362938564083,0.2999999999999998,-0.39999999999999997,rolling,7.619999999999882,-0.11380624458885791,2.136079113896961,25,25,0,2.136193975682797,0.2,0.3141592653589793,9.81,1,1,10,21,41,-3.0,3.0,0.01,30.0,60.0,1e-09,1e-12,6,0.0001,1,new simulation,nan
6,23,0.0743362938564083,0.44999999999999973,-0.39999999999999997,rolling,7.529999999999884,-0.11384224317319876,2.1360985490175377,25,25,0,2.1361964107155154,0.2,0.3141592653589793,9.81,1,1,10,21,41,-3.0,3.0,0.01,30.0,60.0,1e-09,1e-12,6,0.0001,1,new simulation,nan
6,24,0.0743362938564083,0.5999999999999996,-0.39999999999999997,rolling,7.459999999999885,-0.09745095998841208,2.128146815364488,25,25,0,2.1361998207189417,0.2,0.3141592653589793,9.81,1,1,10,21,41,-3.0,3.0,0.01,30.0,60.0,1e-09,1e-12,6,0.0001,1,new simulation,nan
6,25,0.0743362938564083,0.75,-0.39999999999999997,rolling,7.389999999999887,-0.09727216378565737,2.1280678852123405,25,25,0,2.136204205349347,0.2,0.3141592653589793,9.81,1,1,10,21,41,-3.0,3.0,0.01,30.0,60.0,1e-09,1e-12,6,0.0001,1,new simulation,nan
6,26,0.0743362938564083,0.8999999999999999,-0.39999999999999997,rolling,7.039999999999894,-0.10992100064926175,2.134079193551701,24,24,0,2.13616750200603,0.2,0.3141592653589793,9.81,1,1,10,21,41,-3.0,3.0,0.01,30.0,60.0,1e-09,1e-12,6,0.0001,1,new simulation,nan
6,27,0.0743362938564083,1.0499999999999998,-0.39999999999999997,rolling,6.979999999999896,-0.10764629165844442,2.132946260902635,24,24,0,2.1361771783857546,0.2,0.3141592653589793,9.81,1,1,10,21,41,-3.0,3.0,0.01,30.0,60.0,1e-09,1e-12,6,0.0001,1,new simulation,nan
6,28,0.0743362938564083,1.2000000000000002,-0.39999999999999997,rolling,6.919999999999897,-0.11189441019353388,2.1350886222167995,24,24,0,2.1361883441231577,0.2,0.3141592653589793,9.81,1,1,10,21,41,-3.0,3.0,0.01,30.0,60.0,1e-09,1e-12,6,0.0001,1,new simulation,nan
6,29,0.0743362938564083,1.3499999999999996,-0.39999999999999997,rolling,6.869999999999898,-0.100303000542663,2.1294445450844526,24,24,0,2.136200997536917,0.2,0.3141592653589793,9.81,1,1,10,21,41,-3.0,3.0,0.01,30.0,60.0,1e-09,1e-12,6,0.0001,1,new simulation,nan
6,30,0.0743362938564083,1.5,-0.39999999999999997,rolling,6.539999999999905,-0.09531867867174412,2.1271942426350945,23,23,0,2.136176021138256,0.2,0.3141592653589793,9.81,1,1,10,21,41,-3.0,3.0,0.01,30.0,60.0,1e-09,1e-12,6,0.0001,1,new simulation,nan
6,31,0.0743362938564083,1.6499999999999995,-0.39999999999999997,rolling,6.489999999999906,-0.09285961472525678,2.126135016334616,23,23,0,2.13619990346051,0.2,0.3141592653589793,9.81,1,1,10,21,41,-3.0,3.0,0.01,30.0,60.0,1e-09,1e-12,6,0.0001,1,new simulation,nan
6,32,0.0743362938564083,1.7999999999999998,-0.39999999999999997,rolling,6.159999999999913,-0.09613265438598581,2.1275575260079584,22,22,0,2.1361927027375436,0.2,0.3141592653589793,9.81,1,1,10,21,41,-3.0,3.0,0.01,30.0,60.0,1e-09,1e-12,6,0.0001,1,new simulation,nan
6,33,0.0743362938564083,1.9500000000000002,-0.39999999999999997,rolling,5.549999999999926,-0.10485470867134293,2.131580994116798,20,20,0,2.136165276921819,0.2,0.3141592653589793,9.81,1,1,10,21,41,-3.0,3.0,0.01,30.0,60.0,1e-09,1e-12,6,0.0001,1,new simulation,nan
6,34,0.0743362938564083,2.0999999999999996,-0.39999999999999997,rolling,4.109999999999957,-0.1010819783537158,2.1297965448231406,15,15,0,2.136168866716783,0.2,0.3141592653589793,9.81,1,1,10,21,41,-3.0,3.0,0.01,30.0,60.0,1e-09,1e-12,6,0.0001,1,new simulation,nan
6,35,0.0743362938564083,2.25,-0.39999999999999997,rolling,5.459999999999928,-0.10384034043246955,2.131156214129822,20,20,0,2.136392402274478,0.2,0.3141592653589793,9.81,1,1,10,21,41,-3.0,3.0,0.01,30.0,60.0,1e-09,1e-12,6,0.0001,1,new simulation,nan
6,36,0.0743362938564083,2.3999999999999995,-0.39999999999999997,rolling,5.979999999999917,-0.09364391909857121,2.1265228289147267,22,22,0,2.1363872937245234,0.2,0.3141592653589793,9.81,1,1,10,21,41,-3.0,3.0,0.01,30.0,60.0,1e-09,1e-12,6,0.0001,1,new simulation,nan
6,37,0.0743362938564083,2.55,-0.39999999999999997,rolling,6.209999999999912,-0.10935440137725035,2.1338546358729467,23,23,0,2.1363909436399315,0.2,0.3141592653589793,9.81,1,1,10,21,41,-3.0,3.0,0.01,30.0,60.0,1e-09,1e-12,6,0.0001,1,new simulation,nan
6,38,0.0743362938564083,2.7,-0.39999999999999997,rolling,6.449999999999907,-0.10640770141126467,2.132393058203985,24,24,0,2.1363818577912888,0.2,0.3141592653589793,9.81,1,1,10,21,41,-3.0,3.0,0.01,30.0,60.0,1e-09,1e-12,6,0.0001,1,new simulation,nan
6,39,0.0743362938564083,2.8499999999999996,-0.39999999999999997,rolling,6.409999999999908,-0.10777712092757091,2.133073792819433,24,24,0,2.1364093933415877,0.2,0.3141592653589793,9.81,1,1,10,21,41,-3.0,3.0,0.01,30.0,60.0,1e-09,1e-12,6,0.0001,1,new simulation,nan
6,40,0.0743362938564083,3.0,-0.39999999999999997,rolling,6.649999999999903,-0.1097063502770798,2.1340303990997236,25,25,0,2.136386881096874,0.2,0.3141592653589793,9.81,1,1,10,21,41,-3.0,3.0,0.01,30.0,60.0,1e-09,1e-12,6,0.0001,1,new simulation,nan
7,0,0.10575222039230625,-3.0,-0.2999999999999999,rolling,8.64999999999986,-0.10808108548219415,2.133164400515284,27,25,2,2.136187780860436,0.2,0.3141592653589793,9.81,1,1,10,21,41,-3.0,3.0,0.01,30.0,60.0,1e-09,1e-12,6,0.0001,1,new simulation,nan
7,1,0.10575222039230625,-2.85,-0.2999999999999999,rolling,8.419999999999865,-0.10494892114051375,2.1316302821276194,27,25,2,2.1361796410754894,0.2,0.3141592653589793,9.81,1,1,10,21,41,-3.0,3.0,0.01,30.0,60.0,1e-09,1e-12,6,0.0001,1,new simulation,nan
7,2,0.10575222039230625,-2.7,-0.2999999999999999,rolling,8.349999999999866,-0.10359571158976724,2.130979899813663,27,25,2,2.136171920606083,0.2,0.3141592653589793,9.81,1,1,10,21,41,-3.0,3.0,0.01,30.0,60.0,1e-09,1e-12,6,0.0001,1,new simulation,nan
7,3,0.10575222039230625,-2.55,-0.2999999999999999,rolling,8.349999999999866,-0.099633271715185,2.1291267384343944,27,25,2,2.1361646145723845,0.2,0.3141592653589793,9.81,1,1,10,21,41,-3.0,3.0,0.01,30.0,60.0,1e-09,1e-12,6,0.0001,1,new simulation,nan
7,4,0.10575222039230625,-2.4,-0.2999999999999999,rolling,8.67999999999986,-0.11257981624103122,2.135445315168355,28,26,2,2.1362031676323663,0.2,0.3141592653589793,9.81,1,1,10,21,41,-3.0,3.0,0.01,30.0,60.0,1e-09,1e-12,6,0.0001,1,new simulation,nan
7,5,0.10575222039230625,-2.25,-0.2999999999999999,rolling,8.829999999999856,-0.0993385412254691,2.1290011635247663,28,26,2,2.1361989334038283,0.2,0.3141592653589793,9.81,1,1,10,21,41,-3.0,3.0,0.01,30.0,60.0,1e-09,1e-12,6,0.0001,1,new simulation,nan
7,6,0.10575222039230625,-2.1,-0.2999999999999999,rolling,9.229999999999848,-0.10596861847972498,2.1321283517585825,28,26,2,2.136194971961595,0.2,0.3141592653589793,9.81,1,1,10,21,41,-3.0,3.0,0.01,30.0,60.0,1e-09,1e-12,6,0.0001,1,new simulation,nan
7,7,0.10575222039230625,-1.95,-0.2999999999999999,rolling,8.979999999999853,-0.10235532839810511,2.1303984102156592,26,25,1,2.1361924185934313,0.2,0.3141592653589793,9.81,1,1,10,21,41,-3.0,3.0,0.01,30.0,60.0,1e-09,1e-12,6,0.0001,1,new simulation,nan
7,8,0.10575222039230625,-1.8,-0.2999999999999999,rolling,8.249999999999869,-0.09508106223941516,2.1270923611942982,26,25,1,2.1361844467628264,0.2,0.3141592653589793,9.81,1,1,10,21,41,-3.0,3.0,0.01,30.0,60.0,1e-09,1e-12,6,0.0001,1,new simulation,nan
7,9,0.10575222039230625,-1.6500000000000001,-0.2999999999999999,rolling,8.089999999999872,-0.11060214535364947,2.1344263069180087,26,25,1,2.1361771122252793,0.2,0.3141592653589793,9.81,1,1,10,21,41,-3.0,3.0,0.01,30.0,60.0,1e-09,1e-12,6,0.0001,1,new simulation,nan
7,10,0.10575222039230625,-1.5,-0.2999999999999999,rolling,8.029999999999873,-0.10334574365639732,2.130860634130655,26,25,1,2.1361704148114606,0.2,0.3141592653589793,9.81,1,1,10,21,41,-3.0,3.0,0.01,30.0,60.0,1e-09,1e-12,6,0.0001,1,new simulation,nan
7,11,0.10575222039230625,-1.35,-0.2999999999999999,rolling,8.009999999999874,-0.10612834594752929,2.1321978533255725,26,25,1,2.1361643582059586,0.2,0.3141592653589793,9.81,1,1,10,21,41,-3.0,3.0,0.01,30.0,60.0,1e-09,1e-12,6,0.0001,1,new simulation,nan
7,12,0.10575222039230625,-1.2000000000000002,-0.2999999999999999,rolling,8.309999999999867,-0.09331251461223193,2.126330347455376,27,26,1,2.1362039591014925,0.2,0.3141592653589793,9.81,1,1,10,21,41,-3.0,3.0,0.01,30.0,60.0,1e-09,1e-12,6,0.0001,1,new simulation,nan
7,13,0.10575222039230625,-1.05,-0.2999999999999999,rolling,8.349999999999866,-0.11223856622819293,2.1352688277843694,27,26,1,2.1362008291776777,0.2,0.3141592653589793,9.81,1,1,10,21,41,-3.0,3.0,0.01,30.0,60.0,1e-09,1e-12,6,0.0001,1,new simulation,nan
7,14,0.10575222039230625,-0.8999999999999999,-0.2999999999999999,rolling,8.449999999999864,-0.09996771305296136,2.1292893485938187,27,26,1,2.1361981162512818,0.2,0.3141592653589793,9.81,1,1,10,21,41,-3.0,3.0,0.01,30.0,60.0,1e-09,1e-12,6,0.0001,1,new simulation,nan
7,15,0.10575222039230625,-0.75,-0.2999999999999999,rolling,8.61999999999986,-0.1099347550466687,2.134093788132194,27,26,1,2.1361958197527104,0.2,0.3141592653589793,9.81,1,1,10,21,41,-3.0,3.0,0.01,30.0,60.0,1e-09,1e-12,6,0.0001,1,new simulation,nan
7,16,0.10575222039230625,-0.6000000000000001,-0.2999999999999999,rolling,9.039999999999852,-0.09720583739738255,2.128035418223555,27,26,1,2.1361939409382686,0.2,0.3141592653589793,9.81,1,1,10,21,41,-3.0,3.0,0.01,30.0,60.0,1e-09,1e-12,6,0.0001,1,new simulation,nan
7,17,0.10575222039230625,-0.4500000000000002,-0.2999999999999999,settled,0.7800000000000005,-0.11415926535897936,0.0,2,1,1,nan,0.2,0.3141592653589793,9.81,1,1,10,21,41,-3.0,3.0,0.01,30.0,60.0,1e-09,1e-12,6,0.0001,1,new simulation,nan
7,18,0.10575222039230625,-0.30000000000000027,-0.2999999999999999,rolling,8.539999999999862,-0.0994265334406223,2.1290397236357226,25,25,0,2.136192776416945,0.2,0.3141592653589793,9.81,1,1,10,21,41,-3.0,3.0,0.01,30.0,60.0,1e-09,1e-12,6,0.0001,1,new simulation,nan
7,19,0.10575222039230625,-0.1499999999999999,-0.2999999999999999,rolling,7.979999999999874,-0.10805699872561145,2.133153410305954,25,25,0,2.136191313643636,0.2,0.3141592653589793,9.81,1,1,10,21,41,-3.0,3.0,0.01,30.0,60.0,1e-09,1e-12,6,0.0001,1,new simulation,nan
7,20,0.10575222039230625,0.0,-0.2999999999999999,rolling,7.789999999999878,-0.10691714985452255,2.1325908440288295,25,25,0,2.1361908265107075,0.2,0.3141592653589793,9.81,1,1,10,21,41,-3.0,3.0,0.01,30.0,60.0,1e-09,1e-12,6,0.0001,1,new simulation,nan
7,21,0.10575222039230625,0.1499999999999999,-0.2999999999999999,rolling,7.669999999999881,-0.10305192873688374,2.130726947830564,25,25,0,2.1361913132545123,0.2,0.3141592653589793,9.81,1,1,10,21,41,-3.0,3.0,0.01,30.0,60.0,1e-09,1e-12,6,0.0001,1,new simulation,nan
7,22,0.10575222039230625,0.2999999999999998,-0.2999999999999999,rolling,7.579999999999883,-0.09537162108371205,2.1272220305682406,25,25,0,2.136192774194652,0.2,0.3141592653589793,9.81,1,1,10,21,41,-3.0,3.0,0.01,30.0,60.0,1e-09,1e-12,6,0.0001,1,new simulation,nan
7,23,0.10575222039230625,0.44999999999999973,-0.2999999999999999,rolling,7.4999999999998845,-0.09726315691709814,2.1280614146429455,25,25,0,2.136195211095988,0.2,0.3141592653589793,9.81,1,1,10,21,41,-3.0,3.0,0.01,30.0,60.0,1e-09,1e-12,6,0.0001,1,new simulation,nan
7,24,0.10575222039230625,0.5999999999999996,-0.2999999999999999,rolling,7.429999999999886,-0.09585413337313033,2.127436039494669,25,25,0,2.1361986208499455,0.2,0.3141592653589793,9.81,1,1,10,21,41,-3.0,3.0,0.01,30.0,60.0,1e-09,1e-12,6,0.0001,1,new simulation,nan
7,25,0.10575222039230625,0.75,-0.2999999999999999,rolling,7.3599999999998875,-0.10603233224374628,2.1321615420288573,25,25,0,2.13620300564443,0.2,0.3141592653589793,9.81,1,1,10,21,41,-3.0,3.0,0.01,30.0,60.0,1e-09,1e-12,6,0.0001,1,new simulation,nan
7,26,0.10575222039230625,0.8999999999999999,-0.2999999999999999,rolling,7.019999999999895,-0.10490175078340541,2.131603764320178,24,24,0,2.13616566980668,0.2,0.3141592653589793,9.81,1,1,10,21,41,-3.0,3.0,0.01,30.0,60.0,1e-09,1e-12,6,0.0001,1,new simulation,nan
7,27,0.10575222039230625,1.0499999999999998,-0.2999999999999999,rolling,6.959999999999896,-0.10831466407568219,2.1332770300673993,24,24,0,2.1361753444619516,0.2,0.3141592653589793,9.81,1,1,10,21,41,-3.0,3.0,0.01,30.0,60.0,1e-09,1e-12,6,0.0001,1,new simulation,nan
7,28,0.10575222039230625,1.2000000000000002,-0.2999999999999999,rolling,6.909999999999897,-0.09567211496559645,2.1273524982913874,24,24,0,2.1361865105233955,0.2,0.3141592653589793,9.81,1,1,10,21,41,-3.0,3.0,0.01,30.0,60.0,1e-09,1e-12,6,0.0001,1,new simulation,nan
7,29,0.10575222039230625,1.3499999999999996,-0.2999999999999999,rolling,6.849999999999898,-0.10892243166376292,2.133586427565346,24,24,0,2.1361991632768995,0.2,0.3141592653589793,9.81,1,1,10,21,41,-3.0,3.0,0.01,30.0,60.0,1e-09,1e-12,6,0.0001,1,new simulation,nan
7,30,0.10575222039230625,1.5,-0.2999999999999999,rolling,6.519999999999905,-0.10680883611296484,2.132532935129777,23,23,0,2.1361732184913933,0.2,0.3141592653589793,9.81,1,1,10,21,41,-3.0,3.0,0.01,30.0,60.0,1e-09,1e-12,6,0.0001,1,new simulation,nan
7,31,0.10575222039230625,1.6499999999999995,-0.2999999999999999,rolling,6.4699999999999065,-0.10673879759456754,2.132505062597461,23,23,0,2.1361971013190053,0.2,0.3141592653589793,9.81,1,1,10,21,41,-3.0,3.0,0.01,30.0,60.0,1e-09,1e-12,6,0.0001,1,new simulation,nan
7,32,0.10575222039230625,1.7999999999999998,-0.2999999999999999,rolling,6.1399999999999135,-0.11204819672044077,2.1351675954295444,22,22,0,2.136188422161696,0.2,0.3141592653589793,9.81,1,1,10,21,41,-3.0,3.0,0.01,30.0,60.0,1e-09,1e-12,6,0.0001,1,new simulation,nan
7,33,0.10575222039230625,1.9500000000000002,-0.2999999999999999,rolling,5.81999999999992,-0.09940174099414602,2.1290307674943225,21,21,0,2.1362015681613085,0.2,0.3141592653589793,9.81,1,1,10,21,41,-3.0,3.0,0.01,30.0,60.0,1e-09,1e-12,6,0.0001,1,new simulation,nan
7,34,0.10575222039230625,2.0999999999999996,-0.2999999999999999,rolling,4.659999999999945,-0.09533732711937691,2.1272094887957445,17,17,0,2.1362020441502163,0.2,0.3141592653589793,9.81,1,1,10,21,41,-3.0,3.0,0.01,30.0,60.0,1e-09,1e-12,6,0.0001,1,new simulation,nan
7,35,0.10575222039230625,2.25,-0.2999999999999999,rolling,5.449999999999928,-0.10300014342971742,2.13075419888894,20,20,0,2.136382411708603,0.2,0.3141592653589793,9.81,1,1,10,21,41,-3.0,3.0,0.01,30.0,60.0,1e-09,1e-12,6,0.0001,1,new simulation,nan
7,36,0.10575222039230625,2.3999999999999995,-0.2999999999999999,rolling,5.969999999999917,-0.09397122120380635,2.1266630951680554,22,22,0,2.136383014180964,0.2,0.3141592653589793,9.81,1,1,10,21,41,-3.0,3.0,0.01,30.0,60.0,1e-09,1e-12,6,0.0001,1,new simulation,nan
7,37,0.10575222039230625,2.55,-0.2999999999999999,rolling,6.199999999999912,-0.11072573408017011,2.134546108892443,23,23,0,2.136388141786116,0.2,0.3141592653589793,9.81,1,1,10,21,41,-3.0,3.0,0.01,30.0,60.0,1e-09,1e-12,6,0.0001,1,new simulation,nan
7,38,0.10575222039230625,2.7,-0.2999999999999999,rolling,6.439999999999907,-0.10871446143757497,2.1335315134616306,24,24,0,2.1363800230650307,0.2,0.3141592653589793,9.81,1,1,10,21,41,-3.0,3.0,0.01,30.0,60.0,1e-09,1e-12,6,0.0001,1,new simulation,nan
7,39,0.10575222039230625,2.8499999999999996,-0.2999999999999999,rolling,6.399999999999908,-0.11093135846824026,2.13465587853369,24,24,0,2.136407560808939,0.2,0.3141592653589793,9.81,1,1,10,21,41,-3.0,3.0,0.01,30.0,60.0,1e-09,1e-12,6,0.0001,1,new simulation,nan
7,40,0.10575222039230625,3.0,-0.2999999999999999,rolling,6.639999999999903,-0.11363235170622092,2.136040300956747,25,25,0,2.136385681385732,0.2,0.3141592653589793,9.81,1,1,10,21,41,-3.0,3.0,0.01,30.0,60.0,1e-09,1e-12,6,0.0001,1,new simulation,nan
8,0,0.13716814692820417,-3.0,-0.19999999999999993,rolling,8.62999999999986,-0.10137041170238976,2.129935733417527,27,25,2,2.136187088361619,0.2,0.3141592653589793,9.81,1,1,10,21,41,-3.0,3.0,0.01,30.0,60.0,1e-09,1e-12,6,0.0001,1,new simulation,nan
8,1,0.13716814692820417,-2.85,-0.19999999999999993,rolling,8.419999999999865,-0.10708692485106891,2.1326710342115285,27,25,2,2.136178948986142,0.2,0.3141592653589793,9.81,1,1,10,21,41,-3.0,3.0,0.01,30.0,60.0,1e-09,1e-12,6,0.0001,1,new simulation,nan
8,2,0.13716814692820417,-2.7,-0.19999999999999993,rolling,8.359999999999866,-0.10153191659908492,2.1300067710600463,27,25,2,2.136171228229411,0.2,0.3141592653589793,9.81,1,1,10,21,41,-3.0,3.0,0.01,30.0,60.0,1e-09,1e-12,6,0.0001,1,new simulation,nan
8,3,0.13716814692820417,-2.55,-0.19999999999999993,rolling,8.359999999999866,-0.11074577664809551,2.134495650999426,27,25,2,2.136163922982302,0.2,0.3141592653589793,9.81,1,1,10,21,41,-3.0,3.0,0.01,30.0,60.0,1e-09,1e-12,6,0.0001,1,new simulation,nan
8,4,0.13716814692820417,-2.4,-0.19999999999999993,rolling,8.709999999999859,-0.09782881585571873,2.128317390491412,28,26,2,2.136202714389247,0.2,0.3141592653589793,9.81,1,1,10,21,41,-3.0,3.0,0.01,30.0,60.0,1e-09,1e-12,6,0.0001,1,new simulation,nan
8,5,0.13716814692820417,-2.25,-0.19999999999999993,rolling,8.869999999999855,-0.09755094500717251,2.128191318337944,28,26,2,2.136198479192817,0.2,0.3141592653589793,9.81,1,1,10,21,41,-3.0,3.0,0.01,30.0,60.0,1e-09,1e-12,6,0.0001,1,new simulation,nan
8,6,0.13716814692820417,-2.1,-0.19999999999999993,rolling,9.349999999999845,-0.11338930723623536,2.1358622017240285,28,26,2,2.1361945193415077,0.2,0.3141592653589793,9.81,1,1,10,21,41,-3.0,3.0,0.01,30.0,60.0,1e-09,1e-12,6,0.0001,1,new simulation,nan
8,7,0.13716814692820417,-1.95,-0.19999999999999993,rolling,8.729999999999858,-0.09749084998579867,2.128162414678481,26,25,1,2.136191359658872,0.2,0.3141592653589793,9.81,1,1,10,21,41,-3.0,3.0,0.01,30.0,60.0,1e-09,1e-12,6,0.0001,1,new simulation,nan
8,8,0.13716814692820417,-1.8,-0.19999999999999993,rolling,8.229999999999869,-0.10918016784333569,2.133711132859501,26,25,1,2.136183387882409,0.2,0.3141592653589793,9.81,1,1,10,21,41,-3.0,3.0,0.01,30.0,60.0,1e-09,1e-12,6,0.0001,1,new simulation,nan
8,9,0.13716814692820417,-1.6500000000000001,-0.19999999999999993,rolling,8.099999999999872,-0.10129001770443703,2.1298952852992703,26,25,1,2.1361760531188434,0.2,0.3141592653589793,9.81,1,1,10,21,41,-3.0,3.0,0.01,30.0,60.0,1e-09,1e-12,6,0.0001,1,new simulation,nan
8,10,0.13716814692820417,-1.5,-0.19999999999999993,rolling,8.049999999999873,-0.09353479906916269,2.1264166206029786,26,25,1,2.136169358141394,0.2,0.3141592653589793,9.81,1,1,10,21,41,-3.0,3.0,0.01,30.0,60.0,1e-09,1e-12,6,0.0001,1,new simulation,nan
8,11,0.13716814692820417,-1.35,-0.19999999999999993,rolling,8.039999999999873,-0.09304537836989406,2.126204632190068,26,25,1,2.1361632989264385,0.2,0.3141592653589793,9.81,1,1,10,21,41,-3.0,3.0,0.01,30.0,60.0,1e-09,1e-12,6,0.0001,1,new simulation,nan
8,12,0.13716814692820417,-1.2000000000000002,-0.19999999999999993,rolling,8.339999999999867,-0.10140464043399111,2.1299560742976427,27,26,1,2.1362032665216355,0.2,0.3141592653589793,9.81,1,1,10,21,41,-3.0,3.0,0.01,30.0,60.0,1e-09,1e-12,6,0.0001,1,new simulation,nan
8,13,0.13716814692820417,-1.05,-0.19999999999999993,rolling,8.399999999999865,-0.10862886655483617,2.133440154230415,27,26,1,2.1362001362553014,0.2,0.3141592653589793,9.81,1,1,10,21,41,-3.0,3.0,0.01,30.0,60.0,1e-09,1e-12,6,0.0001,1,new simulation,nan
8,14,0.13716814692820417,-0.8999999999999999,-0.19999999999999993,rolling,8.519999999999863,-0.10939212896400248,2.1338212155908063,27,26,1,2.13619742436453,0.2,0.3141592653589793,9.81,1,1,10,21,41,-3.0,3.0,0.01,30.0,60.0,1e-09,1e-12,6,0.0001,1,new simulation,nan
8,15,0.13716814692820417,-0.75,-0.19999999999999993,rolling,8.759999999999858,-0.1088133072367792,2.133530821741251,27,26,1,2.136195127380096,0.2,0.3141592653589793,9.81,1,1,10,21,41,-3.0,3.0,0.01,30.0,60.0,1e-09,1e-12,6,0.0001,1,new simulation,nan
8,16,0.13716814692820417,-0.6000000000000001,-0.19999999999999993,rolling,9.989999999999831,-0.10053149686836414,2.1295479709427045,27,26,1,2.136193249225371,0.2,0.3141592653589793,9.81,1,1,10,21,41,-3.0,3.0,0.01,30.0,60.0,1e-09,1e-12,6,0.0001,1,new simulation,nan
8,17,0.13716814692820417,-0.4500000000000002,-0.19999999999999993,settled,1.280000000000001,-0.11415926535897936,0.0,2,1,1,nan,0.2,0.3141592653589793,9.81,1,1,10,21,41,-3.0,3.0,0.01,30.0,60.0,1e-09,1e-12,6,0.0001,1,new simulation,nan
8,18,0.13716814692820417,-0.30000000000000027,-0.19999999999999993,rolling,8.089999999999872,-0.10492251459505605,2.1316206729105116,25,25,0,2.1361911577704253,0.2,0.3141592653589793,9.81,1,1,10,21,41,-3.0,3.0,0.01,30.0,60.0,1e-09,1e-12,6,0.0001,1,new simulation,nan
8,19,0.13716814692820417,-0.1499999999999999,-0.19999999999999993,rolling,7.849999999999877,-0.10691365148724682,2.132588821796141,25,25,0,2.1361896975434447,0.2,0.3141592653589793,9.81,1,1,10,21,41,-3.0,3.0,0.01,30.0,60.0,1e-09,1e-12,6,0.0001,1,new simulation,nan
8,20,0.13716814692820417,0.0,-0.19999999999999993,rolling,7.71999999999988,-0.09599002733332831,2.1274935001334527,25,25,0,2.1361892095272395,0.2,0.3141592653589793,9.81,1,1,10,21,41,-3.0,3.0,0.01,30.0,60.0,1e-09,1e-12,6,0.0001,1,new simulation,nan
8,21,0.13716814692820417,0.1499999999999999,-0.19999999999999993,rolling,7.619999999999882,-0.09959646982642786,2.1291166768434677,25,25,0,2.136189697131531,0.2,0.3141592653589793,9.81,1,1,10,21,41,-3.0,3.0,0.01,30.0,60.0,1e-09,1e-12,6,0.0001,1,new simulation,nan
8,22,0.13716814692820417,0.2999999999999998,-0.19999999999999993,rolling,7.539999999999884,-0.0980730516814573,2.128424345844855,25,25,0,2.136191158661706,0.2,0.3141592653589793,9.81,1,1,10,21,41,-3.0,3.0,0.01,30.0,60.0,1e-09,1e-12,6,0.0001,1,new simulation,nan
8,23,0.13716814692820417,0.44999999999999973,-0.19999999999999993,rolling,7.469999999999885,-0.09575956975315135,2.1273929602939026,25,25,0,2.136193594108119,0.2,0.3141592653589793,9.81,1,1,10,21,41,-3.0,3.0,0.01,30.0,60.0,1e-09,1e-12,6,0.0001,1,new simulation,nan
8,24,0.13716814692820417,0.5999999999999996,-0.19999999999999993,rolling,7.399999999999887,-0.10581429113938268,2.1320538508018725,25,25,0,2.1361970039951217,0.2,0.3141592653589793,9.81,1,1,10,21,41,-3.0,3.0,0.01,30.0,60.0,1e-09,1e-12,6,0.0001,1,new simulation,nan
8,25,0.13716814692820417,0.75,-0.19999999999999993,rolling,7.339999999999888,-0.10278707873620413,2.130604398060893,25,25,0,2.1362013906178663,0.2,0.3141592653589793,9.81,1,1,10,21,41,-3.0,3.0,0.01,30.0,60.0,1e-09,1e-12,6,0.0001,1,new simulation,nan
8,26,0.13716814692820417,0.8999999999999999,-0.19999999999999993,rolling,6.999999999999895,-0.10760196694577287,2.1329205814508128,24,24,0,2.1361631998746615,0.2,0.3141592653589793,9.81,1,1,10,21,41,-3.0,3.0,0.01,30.0,60.0,1e-09,1e-12,6,0.0001,1,new simulation,nan
8,27,0.13716814692820417,1.0499999999999998,-0.19999999999999993,rolling,6.949999999999896,-0.09421422832821794,2.126711372097055,24,24,0,2.1361728750776403,0.2,0.3141592653589793,9.81,1,1,10,21,41,-3.0,3.0,0.01,30.0,60.0,1e-09,1e-12,6,0.0001,1,new simulation,nan
8,28,0.13716814692820417,1.2000000000000002,-0.19999999999999993,rolling,6.8899999999998975,-0.10637809132936692,2.132325039234767,24,24,0,2.13618404016728,0.2,0.3141592653589793,9.81,1,1,10,21,41,-3.0,3.0,0.01,30.0,60.0,1e-09,1e-12,6,0.0001,1,new simulation,nan
8,29,0.13716814692820417,1.3499999999999996,-0.19999999999999993,rolling,6.839999999999899,-0.10112572509999787,2.129824423669277,24,24,0,2.1361966927103744,0.2,0.3141592653589793,9.81,1,1,10,21,41,-3.0,3.0,0.01,30.0,60.0,1e-09,1e-12,6,0.0001,1,new simulation,nan
8,30,0.13716814692820417,1.5,-0.19999999999999993,rolling,6.509999999999906,-0.1013037227560313,2.129899878624364,23,23,0,2.1361694445367636,0.2,0.3141592653589793,9.81,1,1,10,21,41,-3.0,3.0,0.01,30.0,60.0,1e-09,1e-12,6,0.0001,1,new simulation,nan
8,31,0.13716814692820417,1.6499999999999995,-0.19999999999999993,rolling,6.459999999999907,-0.10314016089598547,2.130769298213209,23,23,0,2.1361933264160453,0.2,0.3141592653589793,9.81,1,1,10,21,41,-3.0,3.0,0.01,30.0,60.0,1e-09,1e-12,6,0.0001,1,new simulation,nan
8,32,0.13716814692820417,1.7999999999999998,-0.19999999999999993,rolling,6.129999999999914,-0.11006228369724269,2.134154582325311,22,22,0,2.136182655949472,0.2,0.3141592653589793,9.81,1,1,10,21,41,-3.0,3.0,0.01,30.0,60.0,1e-09,1e-12,6,0.0001,1,new simulation,nan
8,33,0.13716814692820417,1.9500000000000002,-0.19999999999999993,rolling,5.809999999999921,-0.09880811146596925,2.128757723231828,21,21,0,2.1361927566641445,0.2,0.3141592653589793,9.81,1,1,10,21,41,-3.0,3.0,0.01,30.0,60.0,1e-09,1e-12,6,0.0001,1,new simulation,nan
8,34,0.13716814692820417,2.0999999999999996,-0.19999999999999993,rolling,4.929999999999939,-0.09415591219071172,2.1266936364625733,18,18,0,2.136200745923239,0.2,0.3141592653589793,9.81,1,1,10,21,41,-3.0,3.0,0.01,30.0,60.0,1e-09,1e-12,6,0.0001,1,new simulation,nan
8,35,0.13716814692820417,2.25,-0.19999999999999993,rolling,5.159999999999934,-0.10648903598610056,2.132440707120726,19,19,0,2.1364110232292153,0.2,0.3141592653589793,9.81,1,1,10,21,41,-3.0,3.0,0.01,30.0,60.0,1e-09,1e-12,6,0.0001,1,new simulation,nan
8,36,0.13716814692820417,2.3999999999999995,-0.19999999999999993,rolling,5.959999999999917,-0.09659395378477505,2.1278122327026407,22,22,0,2.136377249099603,0.2,0.3141592653589793,9.81,1,1,10,21,41,-3.0,3.0,0.01,30.0,60.0,1e-09,1e-12,6,0.0001,1,new simulation,nan
8,37,0.13716814692820417,2.55,-0.19999999999999993,rolling,6.199999999999912,-0.09289822687884045,2.1262016230328835,23,23,0,2.136384368650442,0.2,0.3141592653589793,9.81,1,1,10,21,41,-3.0,3.0,0.01,30.0,60.0,1e-09,1e-12,6,0.0001,1,new simulation,nan
8,38,0.13716814692820417,2.7,-0.19999999999999993,rolling,6.429999999999907,-0.11296413076379289,2.13569112274052,24,24,0,2.1363775552014204,0.2,0.3141592653589793,9.81,1,1,10,21,41,-3.0,3.0,0.01,30.0,60.0,1e-09,1e-12,6,0.0001,1,new simulation,nan
8,39,0.13716814692820417,2.8499999999999996,-0.19999999999999993,rolling,6.399999999999908,-0.09456216252652531,2.1269256566821695,24,24,0,2.1364050900576,0.2,0.3141592653589793,9.81,1,1,10,21,41,-3.0,3.0,0.01,30.0,60.0,1e-09,1e-12,6,0.0001,1,new simulation,nan
8,40,0.13716814692820417,3.0,-0.19999999999999993,rolling,6.639999999999903,-0.09788840149078984,2.1283934121340167,25,25,0,2.1363840652299357,0.2,0.3141592653589793,9.81,1,1,10,21,41,-3.0,3.0,0.01,30.0,60.0,1e-09,1e-12,6,0.0001,1,new simulation,nan
9,0,0.1685840734641021,-3.0,-0.09999999999999996,rolling,8.599999999999861,-0.11016936360093775,2.134209632617666,27,25,2,2.1361862161830736,0.2,0.3141592653589793,9.81,1,1,10,21,41,-3.0,3.0,0.01,30.0,60.0,1e-09,1e-12,6,0.0001,1,new simulation,nan
9,1,0.1685840734641021,-2.85,-0.09999999999999996,rolling,8.419999999999865,-0.10650932746205999,2.1323875696163985,27,25,2,2.136178078773041,0.2,0.3141592653589793,9.81,1,1,10,21,41,-3.0,3.0,0.01,30.0,60.0,1e-09,1e-12,6,0.0001,1,new simulation,nan
9,2,0.1685840734641021,-2.7,-0.09999999999999996,rolling,8.369999999999866,-0.0997868706240509,2.129198743844533,27,25,2,2.1361703569859762,0.2,0.3141592653589793,9.81,1,1,10,21,41,-3.0,3.0,0.01,30.0,60.0,1e-09,1e-12,6,0.0001,1,new simulation,nan
9,3,0.1685840734641021,-2.55,-0.09999999999999996,rolling,8.379999999999866,-0.10403778312464954,2.131188384850098,27,25,2,2.136163051005685,0.2,0.3141592653589793,9.81,1,1,10,21,41,-3.0,3.0,0.01,30.0,60.0,1e-09,1e-12,6,0.0001,1,new simulation,nan
9,4,0.1685840734641021,-2.4,-0.09999999999999996,rolling,8.729999999999858,-0.11315712593686614,2.1357437211322754,28,26,2,2.136202144752428,0.2,0.3141592653589793,9.81,1,1,10,21,41,-3.0,3.0,0.01,30.0,60.0,1e-09,1e-12,6,0.0001,1,new simulation,nan
9,5,0.1685840734641021,-2.25,-0.09999999999999996,rolling,8.919999999999854,-0.09792180819321444,2.128357973603196,28,26,2,2.1361979098565227,0.2,0.3141592653589793,9.81,1,1,10,21,41,-3.0,3.0,0.01,30.0,60.0,1e-09,1e-12,6,0.0001,1,new simulation,nan
9,6,0.1685840734641021,-2.1,-0.09999999999999996,rolling,9.57999999999984,-0.09545367008564588,2.127258398386805,28,26,2,2.136193948826948,0.2,0.3141592653589793,9.81,1,1,10,21,41,-3.0,3.0,0.01,30.0,60.0,1e-09,1e-12,6,0.0001,1,new simulation,nan
9,7,0.1685840734641021,-1.95,-0.09999999999999996,rolling,8.579999999999862,-0.09490758630514347,2.1270179887876806,26,25,1,2.1361900296171368,0.2,0.3141592653589793,9.81,1,1,10,21,41,-3.0,3.0,0.01,30.0,60.0,1e-09,1e-12,6,0.0001,1,new simulation,nan
9,8,0.1685840734641021,-1.8,-0.09999999999999996,rolling,8.21999999999987,-0.09721537344647666,2.128036462027127,26,25,1,2.136182058653573,0.2,0.3141592653589793,9.81,1,1,10,21,41,-3.0,3.0,0.01,30.0,60.0,1e-09,1e-12,6,0.0001,1,new simulation,nan
9,9,0.1685840734641021,-1.6500000000000001,-0.09999999999999996,rolling,8.099999999999872,-0.11109277750612104,2.1346750950786246,26,25,1,2.1361747244060525,0.2,0.3141592653589793,9.81,1,1,10,21,41,-3.0,3.0,0.01,30.0,60.0,1e-09,1e-12,6,0.0001,1,new simulation,nan
9,10,0.1685840734641021,-1.5,-0.09999999999999996,rolling,8.059999999999873,-0.106127517412022,2.132198442168778,26,25,1,2.136168027999614,0.2,0.3141592653589793,9.81,1,1,10,21,41,-3.0,3.0,0.01,30.0,60.0,1e-09,1e-12,6,0.0001,1,new simulation,nan
9,11,0.1685840734641021,-1.35,-0.09999999999999996,rolling,8.059999999999873,-0.10646244598301244,2.132360284396189,26,25,1,2.1361619692692284,0.2,0.3141592653589793,9.81,1,1,10,21,41,-3.0,3.0,0.01,30.0,60.0,1e-09,1e-12,6,0.0001,1,new simulation,nan
9,12,0.1685840734641021,-1.2000000000000002,-0.09999999999999996,rolling,8.379999999999866,-0.09984569919049101,2.1292344395233793,27,26,1,2.13620239666342,0.2,0.3141592653589793,9.81,1,1,10,21,41,-3.0,3.0,0.01,30.0,60.0,1e-09,1e-12,6,0.0001,1,new simulation,nan
9,13,0.1685840734641021,-1.05,-0.09999999999999996,rolling,8.459999999999864,-0.10811566704402928,2.1331846655078213,27,26,1,2.13619926553652,0.2,0.3141592653589793,9.81,1,1,10,21,41,-3.0,3.0,0.01,30.0,60.0,1e-09,1e-12,6,0.0001,1,new simulation,nan
9,14,0.1685840734641021,-0.8999999999999999,-0.09999999999999996,rolling,8.61999999999986,-0.11318034498649979,2.135754253854263,27,26,1,2.136196552464449,0.2,0.3141592653589793,9.81,1,1,10,21,41,-3.0,3.0,0.01,30.0,60.0,1e-09,1e-12,6,0.0001,1,new simulation,nan
9,15,0.1685840734641021,-0.75,-0.09999999999999996,rolling,9.009999999999852,-0.10198939830383164,2.130227036240362,27,26,1,2.136194256857588,0.2,0.3141592653589793,9.81,1,1,10,21,41,-3.0,3.0,0.01,30.0,60.0,1e-09,1e-12,6,0.0001,1,new simulation,nan
9,16,0.1685840734641021,-0.6000000000000001,-0.09999999999999996,settled,0.9300000000000006,-0.11415926535897936,0.0,2,1,1,nan,0.2,0.3141592653589793,9.81,1,1,10,21,41,-3.0,3.0,0.01,30.0,60.0,1e-09,1e-12,6,0.0001,1,new simulation,nan
9,17,0.1685840734641021,-0.4500000000000002,-0.09999999999999996,rolling,8.249999999999869,-0.10952456907454734,2.133886142180821,25,25,0,2.136191562097058,0.2,0.3141592653589793,9.81,1,1,10,21,41,-3.0,3.0,0.01,30.0,60.0,1e-09,1e-12,6,0.0001,1,new simulation,nan
9,18,0.1685840734641021,-0.30000000000000027,-0.09999999999999996,rolling,7.919999999999876,-0.10420682870368263,2.131276319408994,25,25,0,2.136189126499393,0.2,0.3141592653589793,9.81,1,1,10,21,41,-3.0,3.0,0.01,30.0,60.0,1e-09,1e-12,6,0.0001,1,new simulation,nan
9,19,0.1685840734641021,-0.1499999999999999,-0.09999999999999996,rolling,7.769999999999879,-0.09410409041821202,2.126667617555179,25,25,0,2.1361876646596527,0.2,0.3141592653589793,9.81,1,1,10,21,41,-3.0,3.0,0.01,30.0,60.0,1e-09,1e-12,6,0.0001,1,new simulation,nan
9,20,0.1685840734641021,0.0,-0.09999999999999996,rolling,7.659999999999881,-0.10538771161175567,2.1318442952474426,25,25,0,2.1361871782561264,0.2,0.3141592653589793,9.81,1,1,10,21,41,-3.0,3.0,0.01,30.0,60.0,1e-09,1e-12,6,0.0001,1,new simulation,nan
9,21,0.1685840734641021,0.1499999999999999,-0.09999999999999996,rolling,7.579999999999883,-0.0996516027952572,2.1291413911930896,25,25,0,2.1361876656633423,0.2,0.3141592653589793,9.81,1,1,10,21,41,-3.0,3.0,0.01,30.0,60.0,1e-09,1e-12,6,0.0001,1,new simulation,nan
9,22,0.1685840734641021,0.2999999999999998,-0.09999999999999996,rolling,7.509999999999884,-0.09671917844580927,2.1278169105111004,25,25,0,2.136189126125429,0.2,0.3141592653589793,9.81,1,1,10,21,41,-3.0,3.0,0.01,30.0,60.0,1e-09,1e-12,6,0.0001,1,new simulation,nan
9,23,0.1685840734641021,0.44999999999999973,-0.09999999999999996,rolling,7.439999999999886,-0.10732857283398275,2.132793381363159,25,25,0,2.1361915616055893,0.2,0.3141592653589793,9.81,1,1,10,21,41,-3.0,3.0,0.01,30.0,60.0,1e-09,1e-12,6,0.0001,1,new simulation,nan
9,24,0.1685840734641021,0.5999999999999996,-0.09999999999999996,rolling,7.379999999999887,-0.10492379847102631,2.131622323694687,25,25,0,2.1361949723703444,0.2,0.3141592653589793,9.81,1,1,10,21,41,-3.0,3.0,0.01,30.0,60.0,1e-09,1e-12,6,0.0001,1,new simulation,nan
9,25,0.1685840734641021,0.75,-0.09999999999999996,rolling,7.319999999999888,-0.10817956425719367,2.133216408793155,25,25,0,2.1361993571898856,0.2,0.3141592653589793,9.81,1,1,10,21,41,-3.0,3.0,0.01,30.0,60.0,1e-09,1e-12,6,0.0001,1,new simulation,nan
9,26,0.1685840734641021,0.8999999999999999,-0.09999999999999996,rolling,7.269999999999889,-0.09449682339861146,2.1268428251746827,25,25,0,2.1362047168803024,0.2,0.3141592653589793,9.81,1,1,10,21,41,-3.0,3.0,0.01,30.0,60.0,1e-09,1e-12,6,0.0001,1,new simulation,nan
9,27,0.1685840734641021,1.0499999999999998,-0.09999999999999996,rolling,6.929999999999897,-0.10766088125884915,2.1329514666597045,24,24,0,2.1361697702973363,0.2,0.3141592653589793,9.81,1,1,10,21,41,-3.0,3.0,0.01,30.0,60.0,1e-09,1e-12,6,0.0001,1,new simulation,nan
9,28,0.1685840734641021,1.2000000000000002,-0.09999999999999996,rolling,6.879999999999898,-0.10120542004691041,2.129857225343983,24,24,0,2.1361809345386025,0.2,0.3141592653589793,9.81,1,1,10,21,41,-3.0,3.0,0.01,30.0,60.0,1e-09,1e-12,6,0.0001,1,new simulation,nan
9,29,0.1685840734641021,1.3499999999999996,-0.09999999999999996,rolling,6.829999999999899,-0.09808784416141603,2.1284316822322404,24,24,0,2.1361935890655377,0.2,0.3141592653589793,9.81,1,1,10,21,41,-3.0,3.0,0.01,30.0,60.0,1e-09,1e-12,6,0.0001,1,new simulation,nan
9,30,0.1685840734641021,1.5,-0.09999999999999996,rolling,6.499999999999906,-0.0999990095723905,2.1292946810193123,23,23,0,2.1361646992762657,0.2,0.3141592653589793,9.81,1,1,10,21,41,-3.0,3.0,0.01,30.0,60.0,1e-09,1e-12,6,0.0001,1,new simulation,nan
9,31,0.1685840734641021,1.6499999999999995,-0.09999999999999996,rolling,6.449999999999907,-0.1032781934244162,2.130833483191625,23,23,0,2.1361885822406412,0.2,0.3141592653589793,9.81,1,1,10,21,41,-3.0,3.0,0.01,30.0,60.0,1e-09,1e-12,6,0.0001,1,new simulation,nan
9,32,0.1685840734641021,1.7999999999999998,-0.09999999999999996,rolling,6.119999999999914,-0.11142638826081501,2.134845494565363,22,22,0,2.136175407686154,0.2,0.3141592653589793,9.81,1,1,10,21,41,-3.0,3.0,0.01,30.0,60.0,1e-09,1e-12,6,0.0001,1,new simulation,nan
9,33,0.1685840734641021,1.9500000000000002,-0.09999999999999996,rolling,5.799999999999921,-0.10122314353058448,2.12986567601536,21,21,0,2.136181683355471,0.2,0.3141592653589793,9.81,1,1,10,21,41,-3.0,3.0,0.01,30.0,60.0,1e-09,1e-12,6,0.0001,1,new simulation,nan
9,34,0.1685840734641021,2.0999999999999996,-0.09999999999999996,rolling,4.9199999999999395,-0.09748530439253654,2.128151758974697,18,18,0,2.1361612496496902,0.2,0.3141592653589793,9.81,1,1,10,21,41,-3.0,3.0,0.01,30.0,60.0,1e-09,1e-12,6,0.0001,1,new simulation,nan
9,35,0.1685840734641021,2.25,-0.09999999999999996,rolling,5.149999999999935,-0.11064934533744294,2.1345065269656383,19,19,0,2.136385175252115,0.2,0.3141592653589793,9.81,1,1,10,21,41,-3.0,3.0,0.01,30.0,60.0,1e-09,1e-12,6,0.0001,1,new simulation,nan
9,36,0.1685840734641021,2.3999999999999995,-0.09999999999999996,rolling,5.6699999999999235,-0.103288412598029,2.1308990322948484,21,21,0,2.136412626681903,0.2,0.3141592653589793,9.81,1,1,10,21,41,-3.0,3.0,0.01,30.0,60.0,1e-09,1e-12,6,0.0001,1,new simulation,nan
9,37,0.1685840734641021,2.55,-0.09999999999999996,rolling,6.1899999999999125,-0.09844064434632063,2.1286416550591674,23,23,0,2.1363796258683965,0.2,0.3141592653589793,9.81,1,1,10,21,41,-3.0,3.0,0.01,30.0,60.0,1e-09,1e-12,6,0.0001,1,new simulation,nan
9,38,0.1685840734641021,2.7,-0.09999999999999996,rolling,6.429999999999907,-0.09780004375383247,2.1283510196815656,24,24,0,2.1363744492152956,0.2,0.3141592653589793,9.81,1,1,10,21,41,-3.0,3.0,0.01,30.0,60.0,1e-09,1e-12,6,0.0001,1,new simulation,nan
9,39,0.1685840734641021,2.8499999999999996,-0.09999999999999996,rolling,6.389999999999908,-0.10125607486069998,2.1299407145248814,24,24,0,2.1364019860361503,0.2,0.3141592653589793,9.81,1,1,10,21,41,-3.0,3.0,0.01,30.0,60.0,1e-09,1e-12,6,0.0001,1,new simulation,nan
9,40,0.1685840734641021,3.0,-0.09999999999999996,rolling,6.629999999999903,-0.10509306000187062,2.131754625284519,25,25,0,2.1363820330735908,0.2,0.3141592653589793,9.81,1,1,10,21,41,-3.0,3.0,0.01,30.0,60.0,1e-09,1e-12,6,0.0001,1,new simulation,nan
10,0,0.2,-3.0,0.0,rolling,8.579999999999862,-0.09631355484766545,2.1276356169958044,27,25,2,2.1361851699013874,0.2,0.3141592653589793,9.81,1,1,10,21,41,-3.0,3.0,0.01,30.0,60.0,1e-09,1e-12,6,0.0001,1,new simulation,nan
10,1,0.2,-2.85,0.0,rolling,8.419999999999865,-0.1047543030320147,2.1315358360876893,27,25,2,2.136177031508649,0.2,0.3141592653589793,9.81,1,1,10,21,41,-3.0,3.0,0.01,30.0,60.0,1e-09,1e-12,6,0.0001,1,new simulation,nan
10,2,0.2,-2.7,0.0,rolling,8.379999999999866,-0.09947258264246997,2.129054426631297,27,25,2,2.1361693105728783,0.2,0.3141592653589793,9.81,1,1,10,21,41,-3.0,3.0,0.01,30.0,60.0,1e-09,1e-12,6,0.0001,1,new simulation,nan
10,3,0.2,-2.55,0.0,rolling,8.399999999999865,-0.10220332157705131,2.130318701640324,27,25,2,2.1361620061407454,0.2,0.3141592653589793,9.81,1,1,10,21,41,-3.0,3.0,0.01,30.0,60.0,1e-09,1e-12,6,0.0001,1,new simulation,nan
10,4,0.2,-2.4,0.0,rolling,8.769999999999857,-0.09729893354096923,2.128079127303976,28,26,2,2.136201459561466,0.2,0.3141592653589793,9.81,1,1,10,21,41,-3.0,3.0,0.01,30.0,60.0,1e-09,1e-12,6,0.0001,1,new simulation,nan
10,5,0.2,-2.25,0.0,rolling,8.979999999999853,-0.11045583222133842,2.1343575674468562,28,26,2,2.136197224263085,0.2,0.3141592653589793,9.81,1,1,10,21,41,-3.0,3.0,0.01,30.0,60.0,1e-09,1e-12,6,0.0001,1,new simulation,nan
10,6,0.2,-2.1,0.0,rolling,10.429999999999822,-0.10586677191961164,2.132078349377668,28,26,2,2.136193263366317,0.2,0.3141592653589793,9.81,1,1,10,21,41,-3.0,3.0,0.01,30.0,60.0,1e-09,1e-12,6,0.0001,1,new simulation,nan
10,7,0.2,-1.95,0.0,rolling,8.469999999999864,-0.10272847877551629,2.1305732068648124,26,25,1,2.136188428571108,0.2,0.3141592653589793,9.81,1,1,10,21,41,-3.0,3.0,0.01,30.0,60.0,1e-09,1e-12,6,0.0001,1,new simulation,nan
10,8,0.2,-1.8,0.0,rolling,8.19999999999987,-0.10643433919902211,2.1323515526257544,26,25,1,2.1361804568237015,0.2,0.3141592653589793,9.81,1,1,10,21,41,-3.0,3.0,0.01,30.0,60.0,1e-09,1e-12,6,0.0001,1,new simulation,nan
10,9,0.2,-1.6500000000000001,0.0,rolling,8.109999999999872,-0.10013455032443935,2.1293593483523705,26,25,1,2.1361731243308113,0.2,0.3141592653589793,9.81,1,1,10,21,41,-3.0,3.0,0.01,30.0,60.0,1e-09,1e-12,6,0.0001,1,new simulation,nan
10,10,0.2,-1.5,0.0,rolling,8.079999999999872,-0.1011701089668067,2.1298368639878342,26,25,1,2.1361664266033,0.2,0.3141592653589793,9.81,1,1,10,21,41,-3.0,3.0,0.01,30.0,60.0,1e-09,1e-12,6,0.0001,1,new simulation,nan
10,11,0.2,-1.35,0.0,rolling,8.369999999999866,-0.10556230477233756,2.131933672317107,27,26,1,2.1362048952528387,0.2,0.3141592653589793,9.81,1,1,10,21,41,-3.0,3.0,0.01,30.0,60.0,1e-09,1e-12,6,0.0001,1,new simulation,nan
10,12,0.2,-1.2000000000000002,0.0,rolling,8.429999999999865,-0.09497717553133352,2.1270514855288947,27,26,1,2.136201348663973,0.2,0.3141592653589793,9.81,1,1,10,21,41,-3.0,3.0,0.01,30.0,60.0,1e-09,1e-12,6,0.0001,1,new simulation,nan
10,13,0.2,-1.05,0.0,rolling,8.539999999999862,-0.10438421121826659,2.1313637798260547,27,26,1,2.136198218589501,0.2,0.3141592653589793,9.81,1,1,10,21,41,-3.0,3.0,0.01,30.0,60.0,1e-09,1e-12,6,0.0001,1,new simulation,nan
10,14,0.2,-0.8999999999999999,0.0,rolling,8.779999999999857,-0.10268004286406025,2.130552259372866,27,26,1,2.1361955043085232,0.2,0.3141592653589793,9.81,1,1,10,21,41,-3.0,3.0,0.01,30.0,60.0,1e-09,1e-12,6,0.0001,1,new simulation,nan
10,15,0.2,-0.75,0.0,rolling,10.619999999999818,-0.10251946923168422,2.130475910299871,27,26,1,2.136193208104877,0.2,0.3141592653589793,9.81,1,1,10,21,41,-3.0,3.0,0.01,30.0,60.0,1e-09,1e-12,6,0.0001,1,new simulation,nan
10,16,0.2,-0.6000000000000001,0.0,rolling,8.599999999999861,-0.11319021385525187,2.1357582861973925,25,25,0,2.1361925265187303,0.2,0.3141592653589793,9.81,1,1,10,21,41,-3.0,3.0,0.01,30.0,60.0,1e-09,1e-12,6,0.0001,1,new simulation,nan
10,17,0.2,-0.4500000000000002,0.0,rolling,7.999999999999874,-0.11132681143950654,2.1347983437585176,25,25,0,2.1361891155662116,0.2,0.3141592653589793,9.81,1,1,10,21,41,-3.0,3.0,0.01,30.0,60.0,1e-09,1e-12,6,0.0001,1,new simulation,nan
10,18,0.2,-0.30000000000000027,0.0,rolling,7.819999999999878,-0.09993697070151823,2.1292721159482424,25,25,0,2.1361866815939106,0.2,0.3141592653589793,9.81,1,1,10,21,41,-3.0,3.0,0.01,30.0,60.0,1e-09,1e-12,6,0.0001,1,new simulation,nan
10,19,0.2,-0.1499999999999999,0.0,rolling,7.69999999999988,-0.11320505043610724,2.1357640083807805,25,25,0,2.136185219653565,0.2,0.3141592653589793,9.81,1,1,10,21,41,-3.0,3.0,0.01,30.0,60.0,1e-09,1e-12,6,0.0001,1,new simulation,nan
10,20,0.2,0.0,0.0,rolling,7.619999999999882,-0.1017827274909397,2.130127652428104,25,25,0,2.1361847318963525,0.2,0.3141592653589793,9.81,1,1,10,21,41,-3.0,3.0,0.01,30.0,60.0,1e-09,1e-12,6,0.0001,1,new simulation,nan
10,21,0.2,0.1499999999999999,0.0,rolling,7.5499999999998835,-0.09837195948721363,2.1285578338276454,25,25,0,2.1361852201009555,0.2,0.3141592653589793,9.81,1,1,10,21,41,-3.0,3.0,0.01,30.0,60.0,1e-09,1e-12,6,0.0001,1,new simulation,nan
10,22,0.2,0.2999999999999998,0.0,rolling,7.479999999999885,-0.11032760900583789,2.1342897892871378,25,25,0,2.1361866810472048,0.2,0.3141592653589793,9.81,1,1,10,21,41,-3.0,3.0,0.01,30.0,60.0,1e-09,1e-12,6,0.0001,1,new simulation,nan
10,23,0.2,0.44999999999999973,0.0,rolling,7.419999999999886,-0.10950093113763482,2.133873603356531,25,25,0,2.136189116035484,0.2,0.3141592653589793,9.81,1,1,10,21,41,-3.0,3.0,0.01,30.0,60.0,1e-09,1e-12,6,0.0001,1,new simulation,nan
10,24,0.2,0.5999999999999996,0.0,rolling,7.3599999999998875,-0.11385986973219357,2.1361066956789707,25,25,0,2.136192525833088,0.2,0.3141592653589793,9.81,1,1,10,21,41,-3.0,3.0,0.01,30.0,60.0,1e-09,1e-12,6,0.0001,1,new simulation,nan
10,25,0.2,0.75,0.0,rolling,7.309999999999889,-0.10052822461846178,2.1295474496884084,25,25,0,2.1361969112963073,0.2,0.3141592653589793,9.81,1,1,10,21,41,-3.0,3.0,0.01,30.0,60.0,1e-09,1e-12,6,0.0001,1,new simulation,nan
10,26,0.2,0.8999999999999999,0.0,rolling,7.24999999999989,-0.11155575441465812,2.13491889717921,25,25,0,2.13620227023856,0.2,0.3141592653589793,9.81,1,1,10,21,41,-3.0,3.0,0.01,30.0,60.0,1e-09,1e-12,6,0.0001,1,new simulation,nan
10,27,0.2,1.0499999999999998,0.0,rolling,6.919999999999897,-0.10591699792255657,2.1320954031178414,24,24,0,2.13616603350455,0.2,0.3141592653589793,9.81,1,1,10,21,41,-3.0,3.0,0.01,30.0,60.0,1e-09,1e-12,6,0.0001,1,new simulation,nan
10,28,0.2,1.2000000000000002,0.0,rolling,6.869999999999898,-0.10136423999617573,2.1299301767230463,24,24,0,2.1361771977896824,0.2,0.3141592653589793,9.81,1,1,10,21,41,-3.0,3.0,0.01,30.0,60.0,1e-09,1e-12,6,0.0001,1,new simulation,nan
10,29,0.2,1.3499999999999996,0.0,rolling,6.819999999999899,-0.09973131213160258,2.129178535218264,24,24,0,2.1361898513354642,0.2,0.3141592653589793,9.81,1,1,10,21,41,-3.0,3.0,0.01,30.0,60.0,1e-09,1e-12,6,0.0001,1,new simulation,nan
10,30,0.2,1.5,0.0,rolling,6.7699999999999,-0.10104808526709361,2.1297903158249145,24,24,0,2.1362039945103812,0.2,0.3141592653589793,9.81,1,1,10,21,41,-3.0,3.0,0.01,30.0,60.0,1e-09,1e-12,6,0.0001,1,new simulation,nan
10,31,0.2,1.6499999999999995,0.0,rolling,6.439999999999907,-0.10711107494385898,2.13268396879616,23,23,0,2.1361828732277472,0.2,0.3141592653589793,9.81,1,1,10,21,41,-3.0,3.0,0.01,30.0,60.0,1e-09,1e-12,6,0.0001,1,new simulation,nan
10,32,0.2,1.7999999999999998,0.0,rolling,6.119999999999914,-0.09478876842513757,2.1269597528273447,22,22,0,2.1361666834372754,0.2,0.3141592653589793,9.81,1,1,10,21,41,-3.0,3.0,0.01,30.0,60.0,1e-09,1e-12,6,0.0001,1,new simulation,nan
10,33,0.2,1.9500000000000002,0.0,rolling,5.789999999999921,-0.10662086732301389,2.132439516869684,21,21,0,2.1361683565917082,0.2,0.3141592653589793,9.81,1,1,10,21,41,-3.0,3.0,0.01,30.0,60.0,1e-09,1e-12,6,0.0001,1,new simulation,nan
10,34,0.2,2.0999999999999996,0.0,rolling,5.189999999999934,-0.10172506757294747,2.1300978683946687,19,19,0,2.136174363189068,0.2,0.3141592653589793,9.81,1,1,10,21,41,-3.0,3.0,0.01,30.0,60.0,1e-09,1e-12,6,0.0001,1,new simulation,nan
10,35,0.2,2.25,0.0,rolling,4.869999999999941,-0.0977530568632788,2.128333630670531,18,18,0,2.136388287316917,0.2,0.3141592653589793,9.81,1,1,10,21,41,-3.0,3.0,0.01,30.0,60.0,1e-09,1e-12,6,0.0001,1,new simulation,nan
10,36,0.2,2.3999999999999995,0.0,rolling,5.659999999999924,-0.11042512191717167,2.134396666935275,21,21,0,2.1363993029430386,0.2,0.3141592653589793,9.81,1,1,10,21,41,-3.0,3.0,0.01,30.0,60.0,1e-09,1e-12,6,0.0001,1,new simulation,nan
10,37,0.2,2.55,0.0,rolling,6.179999999999913,-0.10604546266504856,2.132214207902619,23,23,0,2.1363739169375617,0.2,0.3141592653589793,9.81,1,1,10,21,41,-3.0,3.0,0.01,30.0,60.0,1e-09,1e-12,6,0.0001,1,new simulation,nan
10,38,0.2,2.7,0.0,rolling,6.1399999999999135,-0.1076511579631888,2.133012685226383,23,23,0,2.1364137162850576,0.2,0.3141592653589793,9.81,1,1,10,21,41,-3.0,3.0,0.01,30.0,60.0,1e-09,1e-12,6,0.0001,1,new simulation,nan
10,39,0.2,2.8499999999999996,0.0,rolling,6.379999999999908,-0.10970824039895367,2.1340344250097094,24,24,0,2.1363982494604326,0.2,0.3141592653589793,9.81,1,1,10,21,41,-3.0,3.0,0.01,30.0,60.0,1e-09,1e-12,6,0.0001,1,new simulation,nan
10,40,0.2,3.0,0.0,rolling,6.619999999999903,-0.11393059096394195,2.1361941574551917,25,25,0,2.1363795870155564,0.2,0.3141592653589793,9.81,1,1,10,21,41,-3.0,3.0,0.01,30.0,60.0,1e-09,1e-12,6,0.0001,1,new simulation,nan
11,0,0.231415926535898,-3.0,0.10000000000000014,rolling,8.549999999999862,-0.10580608031674518,2.1320463262772305,27,25,2,2.136183946087774,0.2,0.3141592653589793,9.81,1,1,10,21,41,-3.0,3.0,0.01,30.0,60.0,1e-09,1e-12,6,0.0001,1,new simulation,nan
11,1,0.231415926535898,-2.85,0.10000000000000014,rolling,8.419999999999865,-0.10341365881029904,2.130894359708527,27,25,2,2.136175807273491,0.2,0.3141592653589793,9.81,1,1,10,21,41,-3.0,3.0,0.01,30.0,60.0,1e-09,1e-12,6,0.0001,1,new simulation,nan
11,2,0.231415926535898,-2.7,0.10000000000000014,rolling,8.389999999999866,-0.10190068423562985,2.130178369100986,27,25,2,2.136168085303248,0.2,0.3141592653589793,9.81,1,1,10,21,41,-3.0,3.0,0.01,30.0,60.0,1e-09,1e-12,6,0.0001,1,new simulation,nan
11,3,0.231415926535898,-2.55,0.10000000000000014,rolling,8.419999999999865,-0.10703194057295444,2.1326390887298325,27,25,2,2.1361607806338334,0.2,0.3141592653589793,9.81,1,1,10,21,41,-3.0,3.0,0.01,30.0,60.0,1e-09,1e-12,6,0.0001,1,new simulation,nan
11,4,0.231415926535898,-2.4,0.10000000000000014,rolling,8.809999999999857,-0.09686692122008704,2.127885865186633,28,26,2,2.136200658780402,0.2,0.3141592653589793,9.81,1,1,10,21,41,-3.0,3.0,0.01,30.0,60.0,1e-09,1e-12,6,0.0001,1,new simulation,nan
11,5,0.231415926535898,-2.25,0.10000000000000014,rolling,9.069999999999851,-0.1111263813952652,2.134698084378578,28,26,2,2.1361964232346002,0.2,0.3141592653589793,9.81,1,1,10,21,41,-3.0,3.0,0.01,30.0,60.0,1e-09,1e-12,6,0.0001,1,new simulation,nan
11,6,0.231415926535898,-2.1,0.10000000000000014,settled,1.420000000000001,-0.11415926535897936,0.0,3,1,2,nan,0.2,0.3141592653589793,9.81,1,1,10,21,41,-3.0,3.0,0.01,30.0,60.0,1e-09,1e-12,6,0.0001,1,new simulation,nan
11,7,0.231415926535898,-1.95,0.10000000000000014,rolling,8.389999999999866,-0.1039361080018254,2.1311461713158573,26,25,1,2.1361865587881907,0.2,0.3141592653589793,9.81,1,1,10,21,41,-3.0,3.0,0.01,30.0,60.0,1e-09,1e-12,6,0.0001,1,new simulation,nan
11,8,0.231415926535898,-1.8,0.10000000000000014,rolling,8.18999999999987,-0.09805537095527381,2.128412959442743,26,25,1,2.1361785875264636,0.2,0.3141592653589793,9.81,1,1,10,21,41,-3.0,3.0,0.01,30.0,60.0,1e-09,1e-12,6,0.0001,1,new simulation,nan
11,9,0.231415926535898,-1.6500000000000001,0.10000000000000014,rolling,8.109999999999872,-0.11400904062416933,2.1361788303721405,26,25,1,2.136171254240725,0.2,0.3141592653589793,9.81,1,1,10,21,41,-3.0,3.0,0.01,30.0,60.0,1e-09,1e-12,6,0.0001,1,new simulation,nan
11,10,0.231415926535898,-1.5,0.10000000000000014,rolling,8.099999999999872,-0.10323620767316553,2.130807051169748,26,25,1,2.1361645575762833,0.2,0.3141592653589793,9.81,1,1,10,21,41,-3.0,3.0,0.01,30.0,60.0,1e-09,1e-12,6,0.0001,1,new simulation,nan
11,11,0.231415926535898,-1.35,0.10000000000000014,rolling,8.409999999999865,-0.0989668629048651,2.1288329073388166,27,26,1,2.136203671739004,0.2,0.3141592653589793,9.81,1,1,10,21,41,-3.0,3.0,0.01,30.0,60.0,1e-09,1e-12,6,0.0001,1,new simulation,nan
11,12,0.231415926535898,-1.2000000000000002,0.10000000000000014,rolling,8.489999999999863,-0.09715665449509565,2.1280150960233266,27,26,1,2.136200124650848,0.2,0.3141592653589793,9.81,1,1,10,21,41,-3.0,3.0,0.01,30.0,60.0,1e-09,1e-12,6,0.0001,1,new simulation,nan
11,13,0.231415926535898,-1.05,0.10000000000000014,rolling,8.64999999999986,-0.1064239823244871,2.1323509659873228,27,26,1,2.136196993530097,0.2,0.3141592653589793,9.81,1,1,10,21,41,-3.0,3.0,0.01,30.0,60.0,1e-09,1e-12,6,0.0001,1,new simulation,nan
11,14,0.231415926535898,-0.8999999999999999,0.10000000000000014,rolling,9.07999999999985,-0.09880259412719637,2.128755628962011,27,26,1,2.1361942805460283,0.2,0.3141592653589793,9.81,1,1,10,21,41,-3.0,3.0,0.01,30.0,60.0,1e-09,1e-12,6,0.0001,1,new simulation,nan
11,15,0.231415926535898,-0.75,0.10000000000000014,settled,1.2200000000000009,-0.11415926535897936,0.0,2,1,1,nan,0.2,0.3141592653589793,9.81,1,1,10,21,41,-3.0,3.0,0.01,30.0,60.0,1e-09,1e-12,6,0.0001,1,new simulation,nan
11,16,0.231415926535898,-0.6000000000000001,0.10000000000000014,rolling,8.109999999999872,-0.11217676495945961,2.135234019466086,25,25,0,2.1361896706270813,0.2,0.3141592653589793,9.81,1,1,10,21,41,-3.0,3.0,0.01,30.0,60.0,1e-09,1e-12,6,0.0001,1,new simulation,nan
11,17,0.231415926535898,-0.4500000000000002,0.10000000000000014,rolling,7.879999999999876,-0.09654111690623945,2.127736927914109,25,25,0,2.1361862593858487,0.2,0.3141592653589793,9.81,1,1,10,21,41,-3.0,3.0,0.01,30.0,60.0,1e-09,1e-12,6,0.0001,1,new simulation,nan
11,18,0.231415926535898,-0.30000000000000027,0.10000000000000014,rolling,7.749999999999879,-0.10263162842430738,2.130526250514388,25,25,0,2.136183822474805,0.2,0.3141592653589793,9.81,1,1,10,21,41,-3.0,3.0,0.01,30.0,60.0,1e-09,1e-12,6,0.0001,1,new simulation,nan
11,19,0.231415926535898,-0.1499999999999999,0.10000000000000014,rolling,7.659999999999881,-0.10433547485037396,2.1313361167608385,25,25,0,2.1361823623281793,0.2,0.3141592653589793,9.81,1,1,10,21,41,-3.0,3.0,0.01,30.0,60.0,1e-09,1e-12,6,0.0001,1,new simulation,nan
11,20,0.231415926535898,0.0,0.10000000000000014,rolling,7.589999999999883,-0.1002693218111248,2.1294238302805275,25,25,0,2.13618187630216,0.2,0.3141592653589793,9.81,1,1,10,21,41,-3.0,3.0,0.01,30.0,60.0,1e-09,1e-12,6,0.0001,1,new simulation,nan
11,21,0.231415926535898,0.1499999999999999,0.10000000000000014,rolling,7.529999999999884,-0.09311476553318158,2.126239562749259,25,25,0,2.1361823610684163,0.2,0.3141592653589793,9.81,1,1,10,21,41,-3.0,3.0,0.01,30.0,60.0,1e-09,1e-12,6,0.0001,1,new simulation,nan
11,22,0.231415926535898,0.2999999999999998,0.10000000000000014,rolling,7.469999999999885,-0.09508273730399597,2.127092925440574,25,25,0,2.1361838239638242,0.2,0.3141592653589793,9.81,1,1,10,21,41,-3.0,3.0,0.01,30.0,60.0,1e-09,1e-12,6,0.0001,1,new simulation,nan
11,23,0.231415926535898,0.44999999999999973,0.10000000000000014,rolling,7.4099999999998865,-0.10172022801377364,2.130098829407466,25,25,0,2.1361862606364164,0.2,0.3141592653589793,9.81,1,1,10,21,41,-3.0,3.0,0.01,30.0,60.0,1e-09,1e-12,6,0.0001,1,new simulation,nan
11,24,0.231415926535898,0.5999999999999996,0.10000000000000014,rolling,7.349999999999888,-0.11105003945141975,2.134657364273926,25,25,0,2.1361896688943682,0.2,0.3141592653589793,9.81,1,1,10,21,41,-3.0,3.0,0.01,30.0,60.0,1e-09,1e-12,6,0.0001,1,new simulation,nan
11,25,0.231415926535898,0.75,0.10000000000000014,rolling,7.299999999999889,-0.10106017429471882,2.129793237745969,25,25,0,2.136194054932416,0.2,0.3141592653589793,9.81,1,1,10,21,41,-3.0,3.0,0.01,30.0,60.0,1e-09,1e-12,6,0.0001,1,new simulation,nan
11,26,0.231415926535898,0.8999999999999999,0.10000000000000014,rolling,7.24999999999989,-0.0930499707681556,2.126216405268589,25,25,0,2.136199414156106,0.2,0.3141592653589793,9.81,1,1,10,21,41,-3.0,3.0,0.01,30.0,60.0,1e-09,1e-12,6,0.0001,1,new simulation,nan
11,27,0.231415926535898,1.0499999999999998,0.10000000000000014,rolling,6.909999999999897,-0.11029440462973665,2.1342662233974448,24,24,0,2.1361616691841174,0.2,0.3141592653589793,9.81,1,1,10,21,41,-3.0,3.0,0.01,30.0,60.0,1e-09,1e-12,6,0.0001,1,new simulation,nan
11,28,0.231415926535898,1.2000000000000002,0.10000000000000014,rolling,6.859999999999898,-0.10686522487669878,2.132560489397052,24,24,0,2.1361728332592516,0.2,0.3141592653589793,9.81,1,1,10,21,41,-3.0,3.0,0.01,30.0,60.0,1e-09,1e-12,6,0.0001,1,new simulation,nan
11,29,0.231415926535898,1.3499999999999996,0.10000000000000014,rolling,6.809999999999899,-0.10607090211637947,2.13217558306945,24,24,0,2.1361854871332375,0.2,0.3141592653589793,9.81,1,1,10,21,41,-3.0,3.0,0.01,30.0,60.0,1e-09,1e-12,6,0.0001,1,new simulation,nan
11,30,0.231415926535898,1.5,0.10000000000000014,rolling,6.7599999999999,-0.10804468586511864,2.1331495523137165,24,24,0,2.1361996294867063,0.2,0.3141592653589793,9.81,1,1,10,21,41,-3.0,3.0,0.01,30.0,60.0,1e-09,1e-12,6,0.0001,1,new simulation,nan
11,31,0.231415926535898,1.6499999999999995,0.10000000000000014,rolling,6.439999999999907,-0.09333886100066957,2.126334139104983,23,23,0,2.136176205798485,0.2,0.3141592653589793,9.81,1,1,10,21,41,-3.0,3.0,0.01,30.0,60.0,1e-09,1e-12,6,0.0001,1,new simulation,nan
11,32,0.231415926535898,1.7999999999999998,0.10000000000000014,rolling,6.389999999999908,-0.10096858278504084,2.129752946949663,23,23,0,2.1362023622774178,0.2,0.3141592653589793,9.81,1,1,10,21,41,-3.0,3.0,0.01,30.0,60.0,1e-09,1e-12,6,0.0001,1,new simulation,nan
11,33,0.231415926535898,1.9500000000000002,0.10000000000000014,rolling,6.059999999999915,-0.11321346712893696,2.13577235366975,22,22,0,2.136199936398769,0.2,0.3141592653589793,9.81,1,1,10,21,41,-3.0,3.0,0.01,30.0,60.0,1e-09,1e-12,6,0.0001,1,new simulation,nan
11,34,0.231415926535898,2.0999999999999996,0.10000000000000014,rolling,5.459999999999928,-0.10866428971459707,2.1334551465879805,20,20,0,2.1361902736254077,0.2,0.3141592653589793,9.81,1,1,10,21,41,-3.0,3.0,0.01,30.0,60.0,1e-09,1e-12,6,0.0001,1,new simulation,nan
11,35,0.231415926535898,2.25,0.10000000000000014,rolling,4.299999999999953,-0.1104178005922965,2.134390677415459,16,16,0,2.136390867368935,0.2,0.3141592653589793,9.81,1,1,10,21,41,-3.0,3.0,0.01,30.0,60.0,1e-09,1e-12,6,0.0001,1,new simulation,nan
11,36,0.231415926535898,2.3999999999999995,0.10000000000000014,rolling,5.659999999999924,-0.09847632806065995,2.1286589351990393,21,21,0,2.136383739329865,0.2,0.3141592653589793,9.81,1,1,10,21,41,-3.0,3.0,0.01,30.0,60.0,1e-09,1e-12,6,0.0001,1,new simulation,nan
11,37,0.231415926535898,2.55,0.10000000000000014,rolling,5.899999999999919,-0.09620195877806297,2.127646739681461,22,22,0,2.1364084242603814,0.2,0.3141592653589793,9.81,1,1,10,21,41,-3.0,3.0,0.01,30.0,60.0,1e-09,1e-12,6,0.0001,1,new simulation,nan
11,38,0.231415926535898,2.7,0.10000000000000014,rolling,6.1399999999999135,-0.09627003301027709,2.127676525222189,23,23,0,2.136407048157342,0.2,0.3141592653589793,9.81,1,1,10,21,41,-3.0,3.0,0.01,30.0,60.0,1e-09,1e-12,6,0.0001,1,new simulation,nan
11,39,0.231415926535898,2.8499999999999996,0.10000000000000014,rolling,6.379999999999908,-0.09858139205330184,2.1287093178883407,24,24,0,2.136393885749721,0.2,0.3141592653589793,9.81,1,1,10,21,41,-3.0,3.0,0.01,30.0,60.0,1e-09,1e-12,6,0.0001,1,new simulation,nan
11,40,0.231415926535898,3.0,0.10000000000000014,rolling,6.619999999999903,-0.10304110113442977,2.130772053750333,25,25,0,2.1363767318389644,0.2,0.3141592653589793,9.81,1,1,10,21,41,-3.0,3.0,0.01,30.0,60.0,1e-09,1e-12,6,0.0001,1,new simulation,nan
12,0,0.2628318530717959,-3.0,0.2000000000000001,rolling,8.529999999999863,-0.09849990927294902,2.1286150599059304,27,25,2,2.136182548545397,0.2,0.3141592653589793,9.81,1,1,10,21,41,-3.0,3.0,0.01,30.0,60.0,1e-09,1e-12,6,0.0001,1,new simulation,nan
12,1,0.2628318530717959,-2.85,0.2000000000000001,rolling,8.419999999999865,-0.10409508311511467,2.1312188579832836,27,25,2,2.1361744077585443,0.2,0.3141592653589793,9.81,1,1,10,21,41,-3.0,3.0,0.01,30.0,60.0,1e-09,1e-12,6,0.0001,1,new simulation,nan
12,2,0.2628318530717959,-2.7,0.2000000000000001,rolling,8.399999999999865,-0.10861968851387617,2.1334265262890617,27,25,2,2.1361666865705033,0.2,0.3141592653589793,9.81,1,1,10,21,41,-3.0,3.0,0.01,30.0,60.0,1e-09,1e-12,6,0.0001,1,new simulation,nan
12,3,0.2628318530717959,-2.55,0.2000000000000001,rolling,8.729999999999858,-0.09781101711693352,2.1283097955073385,28,26,2,2.136204249436594,0.2,0.3141592653589793,9.81,1,1,10,21,41,-3.0,3.0,0.01,30.0,60.0,1e-09,1e-12,6,0.0001,1,new simulation,nan
12,4,0.2628318530717959,-2.4,0.2000000000000001,rolling,8.859999999999856,-0.09665900340104042,2.127793007682892,28,26,2,2.136199742568556,0.2,0.3141592653589793,9.81,1,1,10,21,41,-3.0,3.0,0.01,30.0,60.0,1e-09,1e-12,6,0.0001,1,new simulation,nan
12,5,0.2628318530717959,-2.25,0.2000000000000001,rolling,9.209999999999848,-0.09741182925815176,2.1281280990267994,28,26,2,2.1361955087570883,0.2,0.3141592653589793,9.81,1,1,10,21,41,-3.0,3.0,0.01,30.0,60.0,1e-09,1e-12,6,0.0001,1,new simulation,nan
12,6,0.2628318530717959,-2.1,0.2000000000000001,rolling,9.54999999999984,-0.09299167992560008,2.1261896933065167,26,25,1,2.136193032528963,0.2,0.3141592653589793,9.81,1,1,10,21,41,-3.0,3.0,0.01,30.0,60.0,1e-09,1e-12,6,0.0001,1,new simulation,nan
12,7,0.2628318530717959,-1.95,0.2000000000000001,rolling,8.329999999999867,-0.10257109344084371,2.1304978642801444,26,25,1,2.13618442256923,0.2,0.3141592653589793,9.81,1,1,10,21,41,-3.0,3.0,0.01,30.0,60.0,1e-09,1e-12,6,0.0001,1,new simulation,nan
12,8,0.2628318530717959,-1.8,0.2000000000000001,rolling,8.17999999999987,-0.09656451358358198,2.127744666422023,26,25,1,2.136176450806809,0.2,0.3141592653589793,9.81,1,1,10,21,41,-3.0,3.0,0.01,30.0,60.0,1e-09,1e-12,6,0.0001,1,new simulation,nan
12,9,0.2628318530717959,-1.6500000000000001,0.2000000000000001,rolling,8.119999999999871,-0.11328074382095528,2.13579894343208,26,25,1,2.136169116793048,0.2,0.3141592653589793,9.81,1,1,10,21,41,-3.0,3.0,0.01,30.0,60.0,1e-09,1e-12,6,0.0001,1,new simulation,nan
12,10,0.2628318530717959,-1.5,0.2000000000000001,rolling,8.129999999999871,-0.09527709111253384,2.1271723019265485,26,25,1,2.1361624225759095,0.2,0.3141592653589793,9.81,1,1,10,21,41,-3.0,3.0,0.01,30.0,60.0,1e-09,1e-12,6,0.0001,1,new simulation,nan
12,11,0.2628318530717959,-1.35,0.2000000000000001,rolling,8.449999999999864,-0.11384192463421747,2.1360999682709116,27,26,1,2.1362022735673336,0.2,0.3141592653589793,9.81,1,1,10,21,41,-3.0,3.0,0.01,30.0,60.0,1e-09,1e-12,6,0.0001,1,new simulation,nan
12,12,0.2628318530717959,-1.2000000000000002,0.2000000000000001,rolling,8.569999999999862,-0.10394518480690132,2.1311538021748655,27,26,1,2.13619872656701,0.2,0.3141592653589793,9.81,1,1,10,21,41,-3.0,3.0,0.01,30.0,60.0,1e-09,1e-12,6,0.0001,1,new simulation,nan
12,13,0.2628318530717959,-1.05,0.2000000000000001,rolling,8.829999999999856,-0.10602866197852653,2.1321577500550895,27,26,1,2.136195596252109,0.2,0.3141592653589793,9.81,1,1,10,21,41,-3.0,3.0,0.01,30.0,60.0,1e-09,1e-12,6,0.0001,1,new simulation,nan
12,14,0.2628318530717959,-0.8999999999999999,0.2000000000000001,settled,0.9500000000000006,-0.11415926535897936,0.0,2,1,1,nan,0.2,0.3141592653589793,9.81,1,1,10,21,41,-3.0,3.0,0.01,30.0,60.0,1e-09,1e-12,6,0.0001,1,new simulation,nan
12,15,0.2628318530717959,-0.75,0.2000000000000001,rolling,8.289999999999868,-0.09425473187425717,2.126733814044615,25,25,0,2.1361907899482486,0.2,0.3141592653589793,9.81,1,1,10,21,41,-3.0,3.0,0.01,30.0,60.0,1e-09,1e-12,6,0.0001,1,new simulation,nan
12,16,0.2628318530717959,-0.6000000000000001,0.2000000000000001,rolling,7.939999999999875,-0.11281360539595649,2.1355615623300594,25,25,0,2.1361864051887576,0.2,0.3141592653589793,9.81,1,1,10,21,41,-3.0,3.0,0.01,30.0,60.0,1e-09,1e-12,6,0.0001,1,new simulation,nan
12,17,0.2628318530717959,-0.4500000000000002,0.2000000000000001,rolling,7.799999999999878,-0.09671346445271282,2.127812704940199,25,25,0,2.1361829965250663,0.2,0.3141592653589793,9.81,1,1,10,21,41,-3.0,3.0,0.01,30.0,60.0,1e-09,1e-12,6,0.0001,1,new simulation,nan
12,18,0.2628318530717959,-0.30000000000000027,0.2000000000000001,rolling,7.69999999999988,-0.10738331348019359,2.132817382796067,25,25,0,2.136180559690004,0.2,0.3141592653589793,9.81,1,1,10,21,41,-3.0,3.0,0.01,30.0,60.0,1e-09,1e-12,6,0.0001,1,new simulation,nan
12,19,0.2628318530717959,-0.1499999999999999,0.2000000000000001,rolling,7.629999999999882,-0.10190550337686302,2.130183610577193,25,25,0,2.1361790986194458,0.2,0.3141592653589793,9.81,1,1,10,21,41,-3.0,3.0,0.01,30.0,60.0,1e-09,1e-12,6,0.0001,1,new simulation,nan
12,20,0.2628318530717959,0.0,0.2000000000000001,rolling,7.569999999999883,-0.09773469168403719,2.128268499274436,25,25,0,2.1361786115716157,0.2,0.3141592653589793,9.81,1,1,10,21,41,-3.0,3.0,0.01,30.0,60.0,1e-09,1e-12,6,0.0001,1,new simulation,nan
12,21,0.2628318530717959,0.1499999999999999,0.2000000000000001,rolling,7.509999999999884,-0.10400112501612764,2.131175208429451,25,25,0,2.136179096941778,0.2,0.3141592653589793,9.81,1,1,10,21,41,-3.0,3.0,0.01,30.0,60.0,1e-09,1e-12,6,0.0001,1,new simulation,nan
12,22,0.2628318530717959,0.2999999999999998,0.2000000000000001,rolling,7.459999999999885,-0.0932809869320952,2.1263104440163456,25,25,0,2.1361805597226318,0.2,0.3141592653589793,9.81,1,1,10,21,41,-3.0,3.0,0.01,30.0,60.0,1e-09,1e-12,6,0.0001,1,new simulation,nan
12,23,0.2628318530717959,0.44999999999999973,0.2000000000000001,rolling,7.399999999999887,-0.10534438890649118,2.1318221963567408,25,25,0,2.1361829958182192,0.2,0.3141592653589793,9.81,1,1,10,21,41,-3.0,3.0,0.01,30.0,60.0,1e-09,1e-12,6,0.0001,1,new simulation,nan
12,24,0.2628318530717959,0.5999999999999996,0.2000000000000001,rolling,7.349999999999888,-0.09669044030383425,2.1278033805282552,25,25,0,2.1361864065219938,0.2,0.3141592653589793,9.81,1,1,10,21,41,-3.0,3.0,0.01,30.0,60.0,1e-09,1e-12,6,0.0001,1,new simulation,nan
12,25,0.2628318530717959,0.75,0.2000000000000001,rolling,7.289999999999889,-0.10998214449373384,2.134116333520276,25,25,0,2.136190790785298,0.2,0.3141592653589793,9.81,1,1,10,21,41,-3.0,3.0,0.01,30.0,60.0,1e-09,1e-12,6,0.0001,1,new simulation,nan
12,26,0.2628318530717959,0.8999999999999999,0.2000000000000001,rolling,7.23999999999989,-0.10307356174692399,2.1307385028684602,25,25,0,2.1361961487959054,0.2,0.3141592653589793,9.81,1,1,10,21,41,-3.0,3.0,0.01,30.0,60.0,1e-09,1e-12,6,0.0001,1,new simulation,nan
12,27,0.2628318530717959,1.0499999999999998,0.2000000000000001,rolling,7.189999999999891,-0.09783664091422103,2.128320851173678,25,25,0,2.136202482276268,0.2,0.3141592653589793,9.81,1,1,10,21,41,-3.0,3.0,0.01,30.0,60.0,1e-09,1e-12,6,0.0001,1,new simulation,nan
12,28,0.2628318530717959,1.2000000000000002,0.2000000000000001,rolling,6.859999999999898,-0.09652462923348987,2.1277246082453622,24,24,0,2.1361678474800456,0.2,0.3141592653589793,9.81,1,1,10,21,41,-3.0,3.0,0.01,30.0,60.0,1e-09,1e-12,6,0.0001,1,new simulation,nan
12,29,0.2628318530717959,1.3499999999999996,0.2000000000000001,rolling,6.809999999999899,-0.09589646754266476,2.127449809377114,24,24,0,2.1361804999094667,0.2,0.3141592653589793,9.81,1,1,10,21,41,-3.0,3.0,0.01,30.0,60.0,1e-09,1e-12,6,0.0001,1,new simulation,nan
12,30,0.2628318530717959,1.5,0.2000000000000001,rolling,6.7599999999999,-0.09795402604038936,2.1283716078704322,24,24,0,2.136194642321519,0.2,0.3141592653589793,9.81,1,1,10,21,41,-3.0,3.0,0.01,30.0,60.0,1e-09,1e-12,6,0.0001,1,new simulation,nan
12,31,0.2628318530717959,1.6499999999999995,0.2000000000000001,rolling,6.429999999999907,-0.10460174856961006,2.13146018584763,23,23,0,2.136168584431407,0.2,0.3141592653589793,9.81,1,1,10,21,41,-3.0,3.0,0.01,30.0,60.0,1e-09,1e-12,6,0.0001,1,new simulation,nan
12,32,0.2628318530717959,1.7999999999999998,0.2000000000000001,rolling,6.379999999999908,-0.11230003028058688,2.13529881826667,23,23,0,2.1361947417653115,0.2,0.3141592653589793,9.81,1,1,10,21,41,-3.0,3.0,0.01,30.0,60.0,1e-09,1e-12,6,0.0001,1,new simulation,nan
12,33,0.2628318530717959,1.9500000000000002,0.2000000000000001,rolling,6.059999999999915,-0.10326974782061378,2.130829397848642,22,22,0,2.1361882928277773,0.2,0.3141592653589793,9.81,1,1,10,21,41,-3.0,3.0,0.01,30.0,60.0,1e-09,1e-12,6,0.0001,1,new simulation,nan
12,34,0.2628318530717959,2.0999999999999996,0.2000000000000001,rolling,5.459999999999928,-0.09879178347074763,2.1287422592390097,20,20,0,2.136163094372065,0.2,0.3141592653589793,9.81,1,1,10,21,41,-3.0,3.0,0.01,30.0,60.0,1e-09,1e-12,6,0.0001,1,new simulation,nan
12,35,0.2628318530717959,2.25,0.2000000000000001,rolling,3.7399999999999642,-0.10418040613427623,2.131261402768073,14,14,0,2.13618075755866,0.2,0.3141592653589793,9.81,1,1,10,21,41,-3.0,3.0,0.01,30.0,60.0,1e-09,1e-12,6,0.0001,1,new simulation,nan
12,36,0.2628318530717959,2.3999999999999995,0.2000000000000001,rolling,5.36999999999993,-0.1118920505656057,2.135146379587208,20,20,0,2.1364064418529107,0.2,0.3141592653589793,9.81,1,1,10,21,41,-3.0,3.0,0.01,30.0,60.0,1e-09,1e-12,6,0.0001,1,new simulation,nan
12,37,0.2628318530717959,2.55,0.2000000000000001,rolling,5.889999999999919,-0.107898518059151,2.1331304689051094,22,22,0,2.1363967832047916,0.2,0.3141592653589793,9.81,1,1,10,21,41,-3.0,3.0,0.01,30.0,60.0,1e-09,1e-12,6,0.0001,1,new simulation,nan
12,38,0.2628318530717959,2.7,0.2000000000000001,rolling,6.129999999999914,-0.10807304443212067,2.1332176876191045,23,23,0,2.1363994291284656,0.2,0.3141592653589793,9.81,1,1,10,21,41,-3.0,3.0,0.01,30.0,60.0,1e-09,1e-12,6,0.0001,1,new simulation,nan
12,39,0.2628318530717959,2.8499999999999996,0.2000000000000001,rolling,6.369999999999909,-0.11050339190227798,2.134433509983642,24,24,0,2.136388898245642,0.2,0.3141592653589793,9.81,1,1,10,21,41,-3.0,3.0,0.01,30.0,60.0,1e-09,1e-12,6,0.0001,1,new simulation,nan
12,40,0.2628318530717959,3.0,0.2000000000000001,rolling,6.619999999999903,-0.09377835164550051,2.1265771039726933,25,25,0,2.1363734665727274,0.2,0.3141592653589793,9.81,1,1,10,21,41,-3.0,3.0,0.01,30.0,60.0,1e-09,1e-12,6,0.0001,1,new simulation,nan
13,0,0.2942477796076938,-3.0,0.30000000000000004,rolling,8.509999999999863,-0.09747119399068248,2.1281507813711587,27,25,2,2.1361809763355,0.2,0.3141592653589793,9.81,1,1,10,21,41,-3.0,3.0,0.01,30.0,60.0,1e-09,1e-12,6,0.0001,1,new simulation,nan
13,1,0.2942477796076938,-2.85,0.30000000000000004,rolling,8.419999999999865,-0.10842849750740804,2.1333329700813097,27,25,2,2.13617283688563,0.2,0.3141592653589793,9.81,1,1,10,21,41,-3.0,3.0,0.01,30.0,60.0,1e-09,1e-12,6,0.0001,1,new simulation,nan
13,2,0.2942477796076938,-2.7,0.30000000000000004,rolling,8.419999999999865,-0.10015420922368906,2.12936623001595,27,25,2,2.1361651137674804,0.2,0.3141592653589793,9.81,1,1,10,21,41,-3.0,3.0,0.01,30.0,60.0,1e-09,1e-12,6,0.0001,1,new simulation,nan
13,3,0.2942477796076938,-2.55,0.30000000000000004,rolling,8.759999999999858,-0.10270753669318233,2.1305673277626003,28,26,2,2.13620322203908,0.2,0.3141592653589793,9.81,1,1,10,21,41,-3.0,3.0,0.01,30.0,60.0,1e-09,1e-12,6,0.0001,1,new simulation,nan
13,4,0.2942477796076938,-2.4,0.30000000000000004,rolling,8.919999999999854,-0.10672460966190789,2.132498546932412,28,26,2,2.136198714293928,0.2,0.3141592653589793,9.81,1,1,10,21,41,-3.0,3.0,0.01,30.0,60.0,1e-09,1e-12,6,0.0001,1,new simulation,nan
13,5,0.2942477796076938,-2.25,0.30000000000000004,rolling,9.439999999999843,-0.09987632866480045,2.1292463619818767,28,26,2,2.136194480001251,0.2,0.3141592653589793,9.81,1,1,10,21,41,-3.0,3.0,0.01,30.0,60.0,1e-09,1e-12,6,0.0001,1,new simulation,nan
13,6,0.2942477796076938,-2.1,0.30000000000000004,rolling,8.699999999999859,-0.10818261227637029,2.1332155616635817,26,25,1,2.1361906313194203,0.2,0.3141592653589793,9.81,1,1,10,21,41,-3.0,3.0,0.01,30.0,60.0,1e-09,1e-12,6,0.0001,1,new simulation,nan
13,7,0.2942477796076938,-1.95,0.30000000000000004,rolling,8.279999999999868,-0.11092570735265658,2.134592010629422,26,25,1,2.136182021283805,0.2,0.3141592653589793,9.81,1,1,10,21,41,-3.0,3.0,0.01,30.0,60.0,1e-09,1e-12,6,0.0001,1,new simulation,nan
13,8,0.2942477796076938,-1.8,0.30000000000000004,rolling,8.16999999999987,-0.10479538946655648,2.1315548038505736,26,25,1,2.1361740496214363,0.2,0.3141592653589793,9.81,1,1,10,21,41,-3.0,3.0,0.01,30.0,60.0,1e-09,1e-12,6,0.0001,1,new simulation,nan
13,9,0.2942477796076938,-1.6500000000000001,0.30000000000000004,rolling,8.139999999999871,-0.1016800928223964,2.1300747676537677,26,25,1,2.136166715980254,0.2,0.3141592653589793,9.81,1,1,10,21,41,-3.0,3.0,0.01,30.0,60.0,1e-09,1e-12,6,0.0001,1,new simulation,nan
13,10,0.2942477796076938,-1.5,0.30000000000000004,rolling,8.439999999999864,-0.10271940326373623,2.1305733208047757,27,26,1,2.136204666714199,0.2,0.3141592653589793,9.81,1,1,10,21,41,-3.0,3.0,0.01,30.0,60.0,1e-09,1e-12,6,0.0001,1,new simulation,nan
13,11,0.2942477796076938,-1.35,0.30000000000000004,rolling,8.519999999999863,-0.09896183876364281,2.1288298159912973,27,26,1,2.13620070195462,0.2,0.3141592653589793,9.81,1,1,10,21,41,-3.0,3.0,0.01,30.0,60.0,1e-09,1e-12,6,0.0001,1,new simulation,nan
13,12,0.2942477796076938,-1.2000000000000002,0.30000000000000004,rolling,8.68999999999986,-0.11322994799943302,2.135780155038404,27,26,1,2.136197155235638,0.2,0.3141592653589793,9.81,1,1,10,21,41,-3.0,3.0,0.01,30.0,60.0,1e-09,1e-12,6,0.0001,1,new simulation,nan
13,13,0.2942477796076938,-1.05,0.30000000000000004,rolling,9.239999999999847,-0.10176049271524651,2.130119767577775,27,26,1,2.136194024801584,0.2,0.3141592653589793,9.81,1,1,10,21,41,-3.0,3.0,0.01,30.0,60.0,1e-09,1e-12,6,0.0001,1,new simulation,nan
13,14,0.2942477796076938,-0.8999999999999999,0.30000000000000004,rolling,8.709999999999859,-0.10404976746939008,2.1312020832243594,25,25,0,2.1361924796295235,0.2,0.3141592653589793,9.81,1,1,10,21,41,-3.0,3.0,0.01,30.0,60.0,1e-09,1e-12,6,0.0001,1,new simulation,nan
13,15,0.2942477796076938,-0.75,0.30000000000000004,rolling,8.029999999999873,-0.09912292779801574,2.1288995349898108,25,25,0,2.1361871220019335,0.2,0.3141592653589793,9.81,1,1,10,21,41,-3.0,3.0,0.01,30.0,60.0,1e-09,1e-12,6,0.0001,1,new simulation,nan
13,16,0.2942477796076938,-0.6000000000000001,0.30000000000000004,rolling,7.849999999999877,-0.09838405536366691,2.1285626356645193,25,25,0,2.1361827368086157,0.2,0.3141592653589793,9.81,1,1,10,21,41,-3.0,3.0,0.01,30.0,60.0,1e-09,1e-12,6,0.0001,1,new simulation,nan
13,17,0.2942477796076938,-0.4500000000000002,0.30000000000000004,rolling,7.739999999999879,-0.11138419590653606,2.1348249996907898,25,25,0,2.1361793250179115,0.2,0.3141592653589793,9.81,1,1,10,21,41,-3.0,3.0,0.01,30.0,60.0,1e-09,1e-12,6,0.0001,1,new simulation,nan
13,18,0.2942477796076938,-0.30000000000000027,0.30000000000000004,rolling,7.669999999999881,-0.10279034221580365,2.13059929982734,25,25,0,2.1361768899394082,0.2,0.3141592653589793,9.81,1,1,10,21,41,-3.0,3.0,0.01,30.0,60.0,1e-09,1e-12,6,0.0001,1,new simulation,nan
13,19,0.2942477796076938,-0.1499999999999999,0.30000000000000004,rolling,7.609999999999882,-0.10215287130384448,2.1302986414078866,25,25,0,2.1361754287777184,0.2,0.3141592653589793,9.81,1,1,10,21,41,-3.0,3.0,0.01,30.0,60.0,1e-09,1e-12,6,0.0001,1,new simulation,nan
13,20,0.2942477796076938,0.0,0.30000000000000004,rolling,7.559999999999883,-0.09316819371078412,2.126260474839061,25,25,0,2.136174940681614,0.2,0.3141592653589793,9.81,1,1,10,21,41,-3.0,3.0,0.01,30.0,60.0,1e-09,1e-12,6,0.0001,1,new simulation,nan
13,21,0.2942477796076938,0.1499999999999999,0.30000000000000004,rolling,7.4999999999998845,-0.10987788305376811,2.134059599960397,25,25,0,2.1361754298923956,0.2,0.3141592653589793,9.81,1,1,10,21,41,-3.0,3.0,0.01,30.0,60.0,1e-09,1e-12,6,0.0001,1,new simulation,nan
13,22,0.2942477796076938,0.2999999999999998,0.30000000000000004,rolling,7.449999999999886,-0.1054753967829106,2.131883971472736,25,25,0,2.136176890045497,0.2,0.3141592653589793,9.81,1,1,10,21,41,-3.0,3.0,0.01,30.0,60.0,1e-09,1e-12,6,0.0001,1,new simulation,nan
13,23,0.2942477796076938,0.44999999999999973,0.30000000000000004,rolling,7.399999999999887,-0.0997488118275216,2.1291837090340384,25,25,0,2.136179325681279,0.2,0.3141592653589793,9.81,1,1,10,21,41,-3.0,3.0,0.01,30.0,60.0,1e-09,1e-12,6,0.0001,1,new simulation,nan
13,24,0.2942477796076938,0.5999999999999996,0.30000000000000004,rolling,7.339999999999888,-0.11405464259799379,2.1362057624629975,25,25,0,2.1361827361392876,0.2,0.3141592653589793,9.81,1,1,10,21,41,-3.0,3.0,0.01,30.0,60.0,1e-09,1e-12,6,0.0001,1,new simulation,nan
13,25,0.2942477796076938,0.75,0.30000000000000004,rolling,7.289999999999889,-0.10652347516173226,2.132396937687223,25,25,0,2.1361871217874375,0.2,0.3141592653589793,9.81,1,1,10,21,41,-3.0,3.0,0.01,30.0,60.0,1e-09,1e-12,6,0.0001,1,new simulation,nan
13,26,0.2942477796076938,0.8999999999999999,0.30000000000000004,rolling,7.23999999999989,-0.09947725773921715,2.129062847610705,25,25,0,2.1361924807362804,0.2,0.3141592653589793,9.81,1,1,10,21,41,-3.0,3.0,0.01,30.0,60.0,1e-09,1e-12,6,0.0001,1,new simulation,nan
13,27,0.2942477796076938,1.0499999999999998,0.30000000000000004,rolling,7.189999999999891,-0.09378963517620514,2.1265345681499226,25,25,0,2.136198812444531,0.2,0.3141592653589793,9.81,1,1,10,21,41,-3.0,3.0,0.01,30.0,60.0,1e-09,1e-12,6,0.0001,1,new simulation,nan
13,28,0.2942477796076938,1.2000000000000002,0.30000000000000004,rolling,6.849999999999898,-0.11321499289017127,2.1357629578142716,24,24,0,2.1361622405083547,0.2,0.3141592653589793,9.81,1,1,10,21,41,-3.0,3.0,0.01,30.0,60.0,1e-09,1e-12,6,0.0001,1,new simulation,nan
13,29,0.2942477796076938,1.3499999999999996,0.30000000000000004,rolling,6.7999999999998995,-0.11200734188821408,2.135142950670988,24,24,0,2.136174892008107,0.2,0.3141592653589793,9.81,1,1,10,21,41,-3.0,3.0,0.01,30.0,60.0,1e-09,1e-12,6,0.0001,1,new simulation,nan
13,30,0.2942477796076938,1.5,0.30000000000000004,rolling,6.7499999999999005,-0.11354379034805424,2.1359410519786315,24,24,0,2.136189035145622,0.2,0.3141592653589793,9.81,1,1,10,21,41,-3.0,3.0,0.01,30.0,60.0,1e-09,1e-12,6,0.0001,1,new simulation,nan
13,31,0.2942477796076938,1.6499999999999995,0.30000000000000004,rolling,6.709999999999901,-0.09663025495692062,2.1277815549017864,24,24,0,2.1362046667505687,0.2,0.3141592653589793,9.81,1,1,10,21,41,-3.0,3.0,0.01,30.0,60.0,1e-09,1e-12,6,0.0001,1,new simulation,nan
13,32,0.2942477796076938,1.7999999999999998,0.30000000000000004,rolling,6.379999999999908,-0.10572590271349744,2.1320079831812433,23,23,0,2.1361861754315683,0.2,0.3141592653589793,9.81,1,1,10,21,41,-3.0,3.0,0.01,30.0,60.0,1e-09,1e-12,6,0.0001,1,new simulation,nan
13,33,0.2942477796076938,1.9500000000000002,0.30000000000000004,rolling,6.059999999999915,-0.09639981231295701,2.127671177277794,22,22,0,2.1361752055283727,0.2,0.3141592653589793,9.81,1,1,10,21,41,-3.0,3.0,0.01,30.0,60.0,1e-09,1e-12,6,0.0001,1,new simulation,nan
13,34,0.2942477796076938,2.0999999999999996,0.30000000000000004,rolling,5.729999999999922,-0.11119287502781654,2.1347293470504933,21,21,0,2.1361866840756982,0.2,0.3141592653589793,9.81,1,1,10,21,41,-3.0,3.0,0.01,30.0,60.0,1e-09,1e-12,6,0.0001,1,new simulation,nan
13,35,0.2942477796076938,2.25,0.30000000000000004,rolling,4.849999999999941,-0.11099342560030406,2.1346307964807214,18,18,0,2.1361980236038827,0.2,0.3141592653589793,9.81,1,1,10,21,41,-3.0,3.0,0.01,30.0,60.0,1e-09,1e-12,6,0.0001,1,new simulation,nan
13,36,0.2942477796076938,2.3999999999999995,0.30000000000000004,rolling,5.36999999999993,-0.10443295226299357,2.131435282578612,20,20,0,2.1363758963179724,0.2,0.3141592653589793,9.81,1,1,10,21,41,-3.0,3.0,0.01,30.0,60.0,1e-09,1e-12,6,0.0001,1,new simulation,nan
13,37,0.2942477796076938,2.55,0.30000000000000004,rolling,5.889999999999919,-0.10034987427941403,2.1295157012240944,22,22,0,2.136383697361254,0.2,0.3141592653589793,9.81,1,1,10,21,41,-3.0,3.0,0.01,30.0,60.0,1e-09,1e-12,6,0.0001,1,new simulation,nan
13,38,0.2942477796076938,2.7,0.30000000000000004,rolling,6.129999999999914,-0.10045869460517783,2.1295678920431893,23,23,0,2.1363908643582126,0.2,0.3141592653589793,9.81,1,1,10,21,41,-3.0,3.0,0.01,30.0,60.0,1e-09,1e-12,6,0.0001,1,new simulation,nan
13,39,0.2942477796076938,2.8499999999999996,0.30000000000000004,rolling,6.369999999999909,-0.10284691837543687,2.1306819579704905,24,24,0,2.1363832932394025,0.2,0.3141592653589793,9.81,1,1,10,21,41,-3.0,3.0,0.01,30.0,60.0,1e-09,1e-12,6,0.0001,1,new simulation,nan
13,40,0.2942477796076938,3.0,0.30000000000000004,rolling,6.3299999999999095,-0.10922446528234125,2.1337952639171665,24,24,0,2.1364123185978166,0.2,0.3141592653589793,9.81,1,1,10,21,41,-3.0,3.0,0.01,30.0,60.0,1e-09,1e-12,6,0.0001,1,new simulation,nan
14,0,0.3256637061435918,-3.0,0.4000000000000002,rolling,8.489999999999863,-0.10404775449353988,2.131197534560561,27,25,2,2.136179233103536,0.2,0.3141592653589793,9.81,1,1,10,21,41,-3.0,3.0,0.01,30.0,60.0,1e-09,1e-12,6,0.0001,1,new simulation,nan
14,1,0.3256637061435918,-2.85,0.4000000000000002,rolling,8.429999999999865,-0.09678936328648327,2.127843278570446,27,25,2,2.1361710929618876,0.2,0.3141592653589793,9.81,1,1,10,21,41,-3.0,3.0,0.01,30.0,60.0,1e-09,1e-12,6,0.0001,1,new simulation,nan
14,2,0.3256637061435918,-2.7,0.4000000000000002,rolling,8.439999999999864,-0.10009415157432897,2.1293381018690365,27,25,2,2.1361633722134874,0.2,0.3141592653589793,9.81,1,1,10,21,41,-3.0,3.0,0.01,30.0,60.0,1e-09,1e-12,6,0.0001,1,new simulation,nan
14,3,0.3256637061435918,-2.55,0.4000000000000002,rolling,8.799999999999857,-0.10335745250774737,2.130874773916108,28,26,2,2.1362020815425686,0.2,0.3141592653589793,9.81,1,1,10,21,41,-3.0,3.0,0.01,30.0,60.0,1e-09,1e-12,6,0.0001,1,new simulation,nan
14,4,0.3256637061435918,-2.4,0.4000000000000002,rolling,9.009999999999852,-0.10270454026364234,2.1305643832859418,28,26,2,2.136197573584609,0.2,0.3141592653589793,9.81,1,1,10,21,41,-3.0,3.0,0.01,30.0,60.0,1e-09,1e-12,6,0.0001,1,new simulation,nan
14,5,0.3256637061435918,-2.25,0.4000000000000002,rolling,10.229999999999826,-0.109712536732656,2.133981156565418,28,26,2,2.1361933390723884,0.2,0.3141592653589793,9.81,1,1,10,21,41,-3.0,3.0,0.01,30.0,60.0,1e-09,1e-12,6,0.0001,1,new simulation,nan
14,6,0.3256637061435918,-2.1,0.4000000000000002,rolling,8.499999999999863,-0.11386909565346218,2.1361102772720786,26,25,1,2.1361879663031424,0.2,0.3141592653589793,9.81,1,1,10,21,41,-3.0,3.0,0.01,30.0,60.0,1e-09,1e-12,6,0.0001,1,new simulation,nan
14,7,0.3256637061435918,-1.95,0.4000000000000002,rolling,8.249999999999869,-0.1027402513722295,2.1305763088821728,26,25,1,2.136179356053615,0.2,0.3141592653589793,9.81,1,1,10,21,41,-3.0,3.0,0.01,30.0,60.0,1e-09,1e-12,6,0.0001,1,new simulation,nan
14,8,0.3256637061435918,-1.8,0.4000000000000002,rolling,8.16999999999987,-0.10433201529770034,2.131331487438776,26,25,1,2.1361713852620734,0.2,0.3141592653589793,9.81,1,1,10,21,41,-3.0,3.0,0.01,30.0,60.0,1e-09,1e-12,6,0.0001,1,new simulation,nan
14,9,0.3256637061435918,-1.6500000000000001,0.4000000000000002,rolling,8.15999999999987,-0.10527142129227314,2.131781771368732,26,25,1,2.1361640513608022,0.2,0.3141592653589793,9.81,1,1,10,21,41,-3.0,3.0,0.01,30.0,60.0,1e-09,1e-12,6,0.0001,1,new simulation,nan
14,10,0.3256637061435918,-1.5,0.4000000000000002,rolling,8.489999999999863,-0.09565845437307283,2.127350932672957,27,26,1,2.136202922979435,0.2,0.3141592653589793,9.81,1,1,10,21,41,-3.0,3.0,0.01,30.0,60.0,1e-09,1e-12,6,0.0001,1,new simulation,nan
14,11,0.3256637061435918,-1.35,0.4000000000000002,rolling,8.60999999999986,-0.09992450968125798,2.1292697170594352,27,26,1,2.1361989595067232,0.2,0.3141592653589793,9.81,1,1,10,21,41,-3.0,3.0,0.01,30.0,60.0,1e-09,1e-12,6,0.0001,1,new simulation,nan
14,12,0.3256637061435918,-1.2000000000000002,0.4000000000000002,rolling,8.919999999999854,-0.09288405366543456,2.126144250912173,27,26,1,2.136195409531158,0.2,0.3141592653589793,9.81,1,1,10,21,41,-3.0,3.0,0.01,30.0,60.0,1e-09,1e-12,6,0.0001,1,new simulation,nan
14,13,0.3256637061435918,-1.05,0.4000000000000002,settled,1.1600000000000008,-0.11415926535897936,0.0,2,1,1,nan,0.2,0.3141592653589793,9.81,1,1,10,21,41,-3.0,3.0,0.01,30.0,60.0,1e-09,1e-12,6,0.0001,1,new simulation,nan
14,14,0.3256637061435918,-0.8999999999999999,0.4000000000000002,rolling,8.139999999999871,-0.10793102166707232,2.1330901781518428,25,25,0,2.136188409310178,0.2,0.3141592653589793,9.81,1,1,10,21,41,-3.0,3.0,0.01,30.0,60.0,1e-09,1e-12,6,0.0001,1,new simulation,nan
14,15,0.3256637061435918,-0.75,0.4000000000000002,rolling,7.899999999999876,-0.1127219650280927,2.1355132834497397,25,25,0,2.1361830496579963,0.2,0.3141592653589793,9.81,1,1,10,21,41,-3.0,3.0,0.01,30.0,60.0,1e-09,1e-12,6,0.0001,1,new simulation,nan
14,16,0.3256637061435918,-0.6000000000000001,0.4000000000000002,rolling,7.789999999999878,-0.09611278716165614,2.12754492454224,25,25,0,2.1361786651940524,0.2,0.3141592653589793,9.81,1,1,10,21,41,-3.0,3.0,0.01,30.0,60.0,1e-09,1e-12,6,0.0001,1,new simulation,nan
14,17,0.3256637061435918,-0.4500000000000002,0.4000000000000002,rolling,7.70999999999988,-0.10257984744630175,2.130499508490217,25,25,0,2.1361752554012914,0.2,0.3141592653589793,9.81,1,1,10,21,41,-3.0,3.0,0.01,30.0,60.0,1e-09,1e-12,6,0.0001,1,new simulation,nan
14,18,0.3256637061435918,-0.30000000000000027,0.4000000000000002,rolling,7.649999999999881,-0.10545464822396658,2.1318728165051417,25,25,0,2.13617281892827,0.2,0.3141592653589793,9.81,1,1,10,21,41,-3.0,3.0,0.01,30.0,60.0,1e-09,1e-12,6,0.0001,1,new simulation,nan
14,19,0.3256637061435918,-0.1499999999999999,0.4000000000000002,rolling,7.599999999999882,-0.10435435489245913,2.1313421888010655,25,25,0,2.136171358164001,0.2,0.3141592653589793,9.81,1,1,10,21,41,-3.0,3.0,0.01,30.0,60.0,1e-09,1e-12,6,0.0001,1,new simulation,nan
14,20,0.3256637061435918,0.0,0.4000000000000002,rolling,7.5499999999998835,-0.10878808979295788,2.1335116658313984,25,25,0,2.136170870551764,0.2,0.3141592653589793,9.81,1,1,10,21,41,-3.0,3.0,0.01,30.0,60.0,1e-09,1e-12,6,0.0001,1,new simulation,nan
14,21,0.3256637061435918,0.1499999999999999,0.4000000000000002,rolling,7.4999999999998845,-0.11231188367335661,2.135298600796695,25,25,0,2.1361713581966058,0.2,0.3141592653589793,9.81,1,1,10,21,41,-3.0,3.0,0.01,30.0,60.0,1e-09,1e-12,6,0.0001,1,new simulation,nan
14,22,0.3256637061435918,0.2999999999999998,0.4000000000000002,rolling,7.449999999999886,-0.11210005178640281,2.135190020526641,25,25,0,2.136172819525184,0.2,0.3141592653589793,9.81,1,1,10,21,41,-3.0,3.0,0.01,30.0,60.0,1e-09,1e-12,6,0.0001,1,new simulation,nan
14,23,0.3256637061435918,0.44999999999999973,0.4000000000000002,rolling,7.399999999999887,-0.10780303640406559,2.133023250098673,25,25,0,2.1361752548627417,0.2,0.3141592653589793,9.81,1,1,10,21,41,-3.0,3.0,0.01,30.0,60.0,1e-09,1e-12,6,0.0001,1,new simulation,nan
14,24,0.3256637061435918,0.5999999999999996,0.4000000000000002,rolling,7.349999999999888,-0.10048549085409136,2.1295227527852982,25,25,0,2.1361786662650117,0.2,0.3141592653589793,9.81,1,1,10,21,41,-3.0,3.0,0.01,30.0,60.0,1e-09,1e-12,6,0.0001,1,new simulation,nan
14,25,0.3256637061435918,0.75,0.4000000000000002,rolling,7.289999999999889,-0.11303558926154984,2.1356755578145235,25,25,0,2.1361830497768577,0.2,0.3141592653589793,9.81,1,1,10,21,41,-3.0,3.0,0.01,30.0,60.0,1e-09,1e-12,6,0.0001,1,new simulation,nan
14,26,0.3256637061435918,0.8999999999999999,0.4000000000000002,rolling,7.23999999999989,-0.10432751477890782,2.131333938910672,25,25,0,2.1361884083326483,0.2,0.3141592653589793,9.81,1,1,10,21,41,-3.0,3.0,0.01,30.0,60.0,1e-09,1e-12,6,0.0001,1,new simulation,nan
14,27,0.3256637061435918,1.0499999999999998,0.4000000000000002,rolling,7.189999999999891,-0.09691615912685193,2.127906219693891,25,25,0,2.1361947420187266,0.2,0.3141592653589793,9.81,1,1,10,21,41,-3.0,3.0,0.01,30.0,60.0,1e-09,1e-12,6,0.0001,1,new simulation,nan
14,28,0.3256637061435918,1.2000000000000002,0.4000000000000002,rolling,7.129999999999892,-0.11294160081549522,2.1356320158249456,25,25,0,2.1362020497044236,0.2,0.3141592653589793,9.81,1,1,10,21,41,-3.0,3.0,0.01,30.0,60.0,1e-09,1e-12,6,0.0001,1,new simulation,nan
14,29,0.3256637061435918,1.3499999999999996,0.4000000000000002,rolling,6.7999999999998995,-0.11209629975623131,2.135186974433112,24,24,0,2.136168674413788,0.2,0.3141592653589793,9.81,1,1,10,21,41,-3.0,3.0,0.01,30.0,60.0,1e-09,1e-12,6,0.0001,1,new simulation,nan
14,30,0.3256637061435918,1.5,0.4000000000000002,rolling,6.7499999999999005,-0.11240430833146098,2.135349306206579,24,24,0,2.136182817069802,0.2,0.3141592653589793,9.81,1,1,10,21,41,-3.0,3.0,0.01,30.0,60.0,1e-09,1e-12,6,0.0001,1,new simulation,nan
14,31,0.3256637061435918,1.6499999999999995,0.4000000000000002,rolling,6.709999999999901,-0.09446694050904611,2.126828120039698,24,24,0,2.1361984485726775,0.2,0.3141592653589793,9.81,1,1,10,21,41,-3.0,3.0,0.01,30.0,60.0,1e-09,1e-12,6,0.0001,1,new simulation,nan
14,32,0.3256637061435918,1.7999999999999998,0.4000000000000002,rolling,6.379999999999908,-0.10270296287773503,2.130557976489043,23,23,0,2.1361766735681647,0.2,0.3141592653589793,9.81,1,1,10,21,41,-3.0,3.0,0.01,30.0,60.0,1e-09,1e-12,6,0.0001,1,new simulation,nan
14,33,0.3256637061435918,1.9500000000000002,0.4000000000000002,rolling,6.0499999999999154,-0.11398931298066799,2.136165667788283,22,22,0,2.1361606862302054,0.2,0.3141592653589793,9.81,1,1,10,21,41,-3.0,3.0,0.01,30.0,60.0,1e-09,1e-12,6,0.0001,1,new simulation,nan
14,34,0.3256637061435918,2.0999999999999996,0.4000000000000002,rolling,5.729999999999922,-0.10688319457098662,2.1325670529797187,21,21,0,2.136164502400161,0.2,0.3141592653589793,9.81,1,1,10,21,41,-3.0,3.0,0.01,30.0,60.0,1e-09,1e-12,6,0.0001,1,new simulation,nan
14,35,0.3256637061435918,2.25,0.4000000000000002,rolling,5.129999999999935,-0.1044140958509239,2.1313725740723566,19,19,0,2.136177762323556,0.2,0.3141592653589793,9.81,1,1,10,21,41,-3.0,3.0,0.01,30.0,60.0,1e-09,1e-12,6,0.0001,1,new simulation,nan
14,36,0.3256637061435918,2.3999999999999995,0.4000000000000002,rolling,4.809999999999942,-0.10289199580449683,2.1307111615229317,18,18,0,2.1364124139967298,0.2,0.3141592653589793,9.81,1,1,10,21,41,-3.0,3.0,0.01,30.0,60.0,1e-09,1e-12,6,0.0001,1,new simulation,nan
14,37,0.3256637061435918,2.55,0.4000000000000002,rolling,5.609999999999925,-0.09670430824769898,2.127870586491477,21,21,0,2.1364113763913606,0.2,0.3141592653589793,9.81,1,1,10,21,41,-3.0,3.0,0.01,30.0,60.0,1e-09,1e-12,6,0.0001,1,new simulation,nan
14,38,0.3256637061435918,2.7,0.4000000000000002,rolling,6.129999999999914,-0.09476326679967123,2.127006887147039,23,23,0,2.136381364739953,0.2,0.3141592653589793,9.81,1,1,10,21,41,-3.0,3.0,0.01,30.0,60.0,1e-09,1e-12,6,0.0001,1,new simulation,nan
14,39,0.3256637061435918,2.8499999999999996,0.4000000000000002,rolling,6.369999999999909,-0.09695458780015008,2.1279728289910462,24,24,0,2.136377075106472,0.2,0.3141592653589793,9.81,1,1,10,21,41,-3.0,3.0,0.01,30.0,60.0,1e-09,1e-12,6,0.0001,1,new simulation,nan
14,40,0.3256637061435918,3.0,0.4000000000000002,rolling,6.3299999999999095,-0.10317084235219971,2.1308414871713226,24,24,0,2.136406099891601,0.2,0.3141592653589793,9.81,1,1,10,21,41,-3.0,3.0,0.01,30.0,60.0,1e-09,1e-12,6,0.0001,1,new simulation,nan
15,0,0.3570796326794897,-3.0,0.5000000000000002,rolling,8.479999999999864,-0.09803031812044391,2.128401311589512,27,25,2,2.1361773179188575,0.2,0.3141592653589793,9.81,1,1,10,21,41,-3.0,3.0,0.01,30.0,60.0,1e-09,1e-12,6,0.0001,1,new simulation,nan
15,1,0.3570796326794897,-2.85,0.5000000000000002,rolling,8.429999999999865,-0.11363434842293203,2.1359828302615846,27,25,2,2.1361691793290682,0.2,0.3141592653589793,9.81,1,1,10,21,41,-3.0,3.0,0.01,30.0,60.0,1e-09,1e-12,6,0.0001,1,new simulation,nan
15,2,0.3570796326794897,-2.7,0.5000000000000002,rolling,8.459999999999864,-0.11138552934831576,2.134820849316831,27,25,2,2.136161457364065,0.2,0.3141592653589793,9.81,1,1,10,21,41,-3.0,3.0,0.01,30.0,60.0,1e-09,1e-12,6,0.0001,1,new simulation,nan
15,3,0.3570796326794897,-2.55,0.5000000000000002,rolling,8.849999999999856,-0.10702688209325198,2.132647442823345,28,26,2,2.136200826941399,0.2,0.3141592653589793,9.81,1,1,10,21,41,-3.0,3.0,0.01,30.0,60.0,1e-09,1e-12,6,0.0001,1,new simulation,nan
15,4,0.3570796326794897,-2.4,0.5000000000000002,rolling,9.13999999999985,-0.1019858805440674,2.130225947839084,28,26,2,2.1361963208539403,0.2,0.3141592653589793,9.81,1,1,10,21,41,-3.0,3.0,0.01,30.0,60.0,1e-09,1e-12,6,0.0001,1,new simulation,nan
15,5,0.3570796326794897,-2.25,0.5000000000000002,settled,1.6300000000000012,-0.11415926535897936,0.0,3,1,2,nan,0.2,0.3141592653589793,9.81,1,1,10,21,41,-3.0,3.0,0.01,30.0,60.0,1e-09,1e-12,6,0.0001,1,new simulation,nan
15,6,0.3570796326794897,-2.1,0.5000000000000002,rolling,8.399999999999865,-0.09441561902342353,2.1268021578168423,26,25,1,2.136185042058976,0.2,0.3141592653589793,9.81,1,1,10,21,41,-3.0,3.0,0.01,30.0,60.0,1e-09,1e-12,6,0.0001,1,new simulation,nan
15,7,0.3570796326794897,-1.95,0.5000000000000002,rolling,8.229999999999869,-0.09689743679651229,2.1278929027941036,26,25,1,2.1361764322232077,0.2,0.3141592653589793,9.81,1,1,10,21,41,-3.0,3.0,0.01,30.0,60.0,1e-09,1e-12,6,0.0001,1,new simulation,nan
15,8,0.3570796326794897,-1.8,0.5000000000000002,rolling,8.17999999999987,-0.09858617122269059,2.1286503530015346,26,25,1,2.1361684609776312,0.2,0.3141592653589793,9.81,1,1,10,21,41,-3.0,3.0,0.01,30.0,60.0,1e-09,1e-12,6,0.0001,1,new simulation,nan
15,9,0.3570796326794897,-1.6500000000000001,0.5000000000000002,rolling,8.18999999999987,-0.10945445928651923,2.1338426897241702,26,25,1,2.1361611266796423,0.2,0.3141592653589793,9.81,1,1,10,21,41,-3.0,3.0,0.01,30.0,60.0,1e-09,1e-12,6,0.0001,1,new simulation,nan
15,10,0.3570796326794897,-1.5,0.5000000000000002,rolling,8.549999999999862,-0.10935158909116847,2.133801841807386,27,26,1,2.136201009447761,0.2,0.3141592653589793,9.81,1,1,10,21,41,-3.0,3.0,0.01,30.0,60.0,1e-09,1e-12,6,0.0001,1,new simulation,nan
15,11,0.3570796326794897,-1.35,0.5000000000000002,rolling,8.749999999999858,-0.10960103548963959,2.1339260617824762,27,26,1,2.136197043373336,0.2,0.3141592653589793,9.81,1,1,10,21,41,-3.0,3.0,0.01,30.0,60.0,1e-09,1e-12,6,0.0001,1,new simulation,nan
15,12,0.3570796326794897,-1.2000000000000002,0.5000000000000002,rolling,9.649999999999839,-0.10869373872974925,2.1334707064393745,27,26,1,2.1361934967638856,0.2,0.3141592653589793,9.81,1,1,10,21,41,-3.0,3.0,0.01,30.0,60.0,1e-09,1e-12,6,0.0001,1,new simulation,nan
15,13,0.3570796326794897,-1.05,0.5000000000000002,rolling,8.329999999999867,-0.10257220614331625,2.1304999760757464,25,25,0,2.136190274477863,0.2,0.3141592653589793,9.81,1,1,10,21,41,-3.0,3.0,0.01,30.0,60.0,1e-09,1e-12,6,0.0001,1,new simulation,nan
15,14,0.3570796326794897,-0.8999999999999999,0.5000000000000002,rolling,7.9699999999998745,-0.10598327643823922,2.1321324999103104,25,25,0,2.1361839411406804,0.2,0.3141592653589793,9.81,1,1,10,21,41,-3.0,3.0,0.01,30.0,60.0,1e-09,1e-12,6,0.0001,1,new simulation,nan
15,15,0.3570796326794897,-0.75,0.5000000000000002,rolling,7.8299999999998775,-0.10628497290995674,2.1322780929126224,25,25,0,2.1361785822410226,0.2,0.3141592653589793,9.81,1,1,10,21,41,-3.0,3.0,0.01,30.0,60.0,1e-09,1e-12,6,0.0001,1,new simulation,nan
15,16,0.3570796326794897,-0.6000000000000001,0.5000000000000002,rolling,7.749999999999879,-0.10127324282497127,2.129886971997891,25,25,0,2.1361741984858056,0.2,0.3141592653589793,9.81,1,1,10,21,41,-3.0,3.0,0.01,30.0,60.0,1e-09,1e-12,6,0.0001,1,new simulation,nan
15,17,0.3570796326794897,-0.4500000000000002,0.5000000000000002,rolling,7.6899999999998805,-0.10663375838384553,2.1324464865550974,25,25,0,2.136170788226608,0.2,0.3141592653589793,9.81,1,1,10,21,41,-3.0,3.0,0.01,30.0,60.0,1e-09,1e-12,6,0.0001,1,new simulation,nan
15,18,0.3570796326794897,-0.30000000000000027,0.5000000000000002,rolling,7.649999999999881,-0.09379648870183223,2.1265292597153445,25,25,0,2.136168350904654,0.2,0.3141592653589793,9.81,1,1,10,21,41,-3.0,3.0,0.01,30.0,60.0,1e-09,1e-12,6,0.0001,1,new simulation,nan
15,19,0.3570796326794897,-0.1499999999999999,0.5000000000000002,rolling,7.599999999999882,-0.11084787285293653,2.134548333197912,25,25,0,2.1361668899216846,0.2,0.3141592653589793,9.81,1,1,10,21,41,-3.0,3.0,0.01,30.0,60.0,1e-09,1e-12,6,0.0001,1,new simulation,nan
15,20,0.3570796326794897,0.0,0.5000000000000002,rolling,7.559999999999883,-0.10549912091572856,2.1318926260272812,25,25,0,2.136166402579834,0.2,0.3141592653589793,9.81,1,1,10,21,41,-3.0,3.0,0.01,30.0,60.0,1e-09,1e-12,6,0.0001,1,new simulation,nan
15,21,0.3570796326794897,0.1499999999999999,0.5000000000000002,rolling,7.519999999999884,-0.09378707867875236,2.1265247984703755,25,25,0,2.136166890482701,0.2,0.3141592653589793,9.81,1,1,10,21,41,-3.0,3.0,0.01,30.0,60.0,1e-09,1e-12,6,0.0001,1,new simulation,nan
15,22,0.3570796326794897,0.2999999999999998,0.5000000000000002,rolling,7.469999999999885,-0.09534127084575451,2.127202076869637,25,25,0,2.136168352457614,0.2,0.3141592653589793,9.81,1,1,10,21,41,-3.0,3.0,0.01,30.0,60.0,1e-09,1e-12,6,0.0001,1,new simulation,nan
15,23,0.3570796326794897,0.44999999999999973,0.5000000000000002,rolling,7.4099999999998865,-0.11115939550155063,2.134707979060884,25,25,0,2.136170787573378,0.2,0.3141592653589793,9.81,1,1,10,21,41,-3.0,3.0,0.01,30.0,60.0,1e-09,1e-12,6,0.0001,1,new simulation,nan
15,24,0.3570796326794897,0.5999999999999996,0.5000000000000002,rolling,7.3599999999998875,-0.10094803471568223,2.129735773536846,25,25,0,2.1361741980823448,0.2,0.3141592653589793,9.81,1,1,10,21,41,-3.0,3.0,0.01,30.0,60.0,1e-09,1e-12,6,0.0001,1,new simulation,nan
15,25,0.3570796326794897,0.75,0.5000000000000002,rolling,7.299999999999889,-0.1099127406267406,2.1340780259353775,25,25,0,2.1361785820772283,0.2,0.3141592653589793,9.81,1,1,10,21,41,-3.0,3.0,0.01,30.0,60.0,1e-09,1e-12,6,0.0001,1,new simulation,nan
15,26,0.3570796326794897,0.8999999999999999,0.5000000000000002,rolling,7.24999999999989,-0.09758487762992626,2.128202610947995,25,25,0,2.136183941238366,0.2,0.3141592653589793,9.81,1,1,10,21,41,-3.0,3.0,0.01,30.0,60.0,1e-09,1e-12,6,0.0001,1,new simulation,nan
15,27,0.3570796326794897,1.0499999999999998,0.5000000000000002,rolling,7.189999999999891,-0.10813743782520933,2.1331930374576724,25,25,0,2.136190274781677,0.2,0.3141592653589793,9.81,1,1,10,21,41,-3.0,3.0,0.01,30.0,60.0,1e-09,1e-12,6,0.0001,1,new simulation,nan
15,28,0.3570796326794897,1.2000000000000002,0.5000000000000002,rolling,7.139999999999892,-0.09993349263519691,2.129273472161437,25,25,0,2.1361975825209014,0.2,0.3141592653589793,9.81,1,1,10,21,41,-3.0,3.0,0.01,30.0,60.0,1e-09,1e-12,6,0.0001,1,new simulation,nan
15,29,0.3570796326794897,1.3499999999999996,0.5000000000000002,rolling,6.809999999999899,-0.0966268269016151,2.127768413988492,24,24,0,2.136161847748682,0.2,0.3141592653589793,9.81,1,1,10,21,41,-3.0,3.0,0.01,30.0,60.0,1e-09,1e-12,6,0.0001,1,new simulation,nan
15,30,0.3570796326794897,1.5,0.5000000000000002,rolling,6.7599999999999,-0.09488353245134891,2.127003666479679,24,24,0,2.136175991189705,0.2,0.3141592653589793,9.81,1,1,10,21,41,-3.0,3.0,0.01,30.0,60.0,1e-09,1e-12,6,0.0001,1,new simulation,nan
15,31,0.3570796326794897,1.6499999999999995,0.5000000000000002,rolling,6.709999999999901,-0.09655787857486377,2.127745833248698,24,24,0,2.1361916220035457,0.2,0.3141592653589793,9.81,1,1,10,21,41,-3.0,3.0,0.01,30.0,60.0,1e-09,1e-12,6,0.0001,1,new simulation,nan
15,32,0.3570796326794897,1.7999999999999998,0.5000000000000002,rolling,6.379999999999908,-0.10340281873270184,2.1308866201762533,23,23,0,2.1361662437606603,0.2,0.3141592653589793,9.81,1,1,10,21,41,-3.0,3.0,0.01,30.0,60.0,1e-09,1e-12,6,0.0001,1,new simulation,nan
15,33,0.3570796326794897,1.9500000000000002,0.5000000000000002,rolling,6.3299999999999095,-0.11174774231254189,2.135015135459397,23,23,0,2.136194676097485,0.2,0.3141592653589793,9.81,1,1,10,21,41,-3.0,3.0,0.01,30.0,60.0,1e-09,1e-12,6,0.0001,1,new simulation,nan
15,34,0.3570796326794897,2.0999999999999996,0.5000000000000002,rolling,6.009999999999916,-0.1037026001396014,2.1310361599545,22,22,0,2.1361916661145863,0.2,0.3141592653589793,9.81,1,1,10,21,41,-3.0,3.0,0.01,30.0,60.0,1e-09,1e-12,6,0.0001,1,new simulation,nan
15,35,0.3570796326794897,2.25,0.5000000000000002,rolling,5.409999999999929,-0.10045595122081398,2.129509214160814,20,20,0,2.136179080666631,0.2,0.3141592653589793,9.81,1,1,10,21,41,-3.0,3.0,0.01,30.0,60.0,1e-09,1e-12,6,0.0001,1,new simulation,nan
15,36,0.3570796326794897,2.3999999999999995,0.5000000000000002,rolling,4.249999999999954,-0.10368761124818009,2.1310784322555234,16,16,0,2.1363740888807503,0.2,0.3141592653589793,9.81,1,1,10,21,41,-3.0,3.0,0.01,30.0,60.0,1e-09,1e-12,6,0.0001,1,new simulation,nan
15,37,0.3570796326794897,2.55,0.5000000000000002,rolling,5.609999999999925,-0.09338117779289139,2.126409576022028,21,21,0,2.1363870332378903,0.2,0.3141592653589793,9.81,1,1,10,21,41,-3.0,3.0,0.01,30.0,60.0,1e-09,1e-12,6,0.0001,1,new simulation,nan
15,38,0.3570796326794897,2.7,0.5000000000000002,rolling,5.83999999999992,-0.1141253486099462,2.13630523436697,22,22,0,2.136414055104973,0.2,0.3141592653589793,9.81,1,1,10,21,41,-3.0,3.0,0.01,30.0,60.0,1e-09,1e-12,6,0.0001,1,new simulation,nan
15,39,0.3570796326794897,2.8499999999999996,0.5000000000000002,rolling,6.089999999999915,-0.09464719934629386,2.126964852856256,23,23,0,2.1364130073892986,0.2,0.3141592653589793,9.81,1,1,10,21,41,-3.0,3.0,0.01,30.0,60.0,1e-09,1e-12,6,0.0001,1,new simulation,nan
15,40,0.3570796326794897,3.0,0.5000000000000002,rolling,6.3299999999999095,-0.09875690306251993,2.1287904543369436,24,24,0,2.1363992744564997,0.2,0.3141592653589793,9.81,1,1,10,21,41,-3.0,3.0,0.01,30.0,60.0,1e-09,1e-12,6,0.0001,1,new simulation,nan
16,0,0.38849555921538764,-3.0,0.6000000000000001,rolling,8.469999999999864,-0.10175535096899303,2.1301122683021654,27,25,2,2.1361752357213426,0.2,0.3141592653589793,9.81,1,1,10,21,41,-3.0,3.0,0.01,30.0,60.0,1e-09,1e-12,6,0.0001,1,new simulation,nan
16,1,0.38849555921538764,-2.85,0.6000000000000001,rolling,8.449999999999864,-0.09713329095545006,2.127995689540238,27,25,2,2.1361670967470516,0.2,0.3141592653589793,9.81,1,1,10,21,41,-3.0,3.0,0.01,30.0,60.0,1e-09,1e-12,6,0.0001,1,new simulation,nan
16,2,0.38849555921538764,-2.7,0.6000000000000001,rolling,8.779999999999857,-0.09364526354162521,2.126473715766473,28,26,2,2.136204244662084,0.2,0.3141592653589793,9.81,1,1,10,21,41,-3.0,3.0,0.01,30.0,60.0,1e-09,1e-12,6,0.0001,1,new simulation,nan
16,3,0.38849555921538764,-2.55,0.6000000000000001,rolling,8.919999999999854,-0.10458648864804736,2.131461213888928,28,26,2,2.136199463417993,0.2,0.3141592653589793,9.81,1,1,10,21,41,-3.0,3.0,0.01,30.0,60.0,1e-09,1e-12,6,0.0001,1,new simulation,nan
16,4,0.38849555921538764,-2.4,0.6000000000000001,rolling,9.359999999999845,-0.10683140706414286,2.1325498892113273,28,26,2,2.1361949562342386,0.2,0.3141592653589793,9.81,1,1,10,21,41,-3.0,3.0,0.01,30.0,60.0,1e-09,1e-12,6,0.0001,1,new simulation,nan
16,5,0.38849555921538764,-2.25,0.6000000000000001,rolling,8.809999999999857,-0.10039877209899653,2.1294860657419075,26,25,1,2.136191106697409,0.2,0.3141592653589793,9.81,1,1,10,21,41,-3.0,3.0,0.01,30.0,60.0,1e-09,1e-12,6,0.0001,1,new simulation,nan
16,6,0.38849555921538764,-2.1,0.6000000000000001,rolling,8.329999999999867,-0.09633500710807875,2.127644233547325,26,25,1,2.136181861127285,0.2,0.3141592653589793,9.81,1,1,10,21,41,-3.0,3.0,0.01,30.0,60.0,1e-09,1e-12,6,0.0001,1,new simulation,nan
16,7,0.38849555921538764,-1.95,0.6000000000000001,rolling,8.20999999999987,-0.11412522867967703,2.136240100921593,26,25,1,2.136173250985274,0.2,0.3141592653589793,9.81,1,1,10,21,41,-3.0,3.0,0.01,30.0,60.0,1e-09,1e-12,6,0.0001,1,new simulation,nan
16,8,0.38849555921538764,-1.8,0.6000000000000001,rolling,8.18999999999987,-0.11355072814028502,2.135938243977182,26,25,1,2.136165278652777,0.2,0.3141592653589793,9.81,1,1,10,21,41,-3.0,3.0,0.01,30.0,60.0,1e-09,1e-12,6,0.0001,1,new simulation,nan
16,9,0.38849555921538764,-1.6500000000000001,0.6000000000000001,rolling,8.519999999999863,-0.10186833760940373,2.1301727619640567,27,26,1,2.1362033097745936,0.2,0.3141592653589793,9.81,1,1,10,21,41,-3.0,3.0,0.01,30.0,60.0,1e-09,1e-12,6,0.0001,1,new simulation,nan
16,10,0.38849555921538764,-1.5,0.6000000000000001,rolling,8.64999999999986,-0.11199114092500533,2.1351411312047706,27,26,1,2.1361989283155256,0.2,0.3141592653589793,9.81,1,1,10,21,41,-3.0,3.0,0.01,30.0,60.0,1e-09,1e-12,6,0.0001,1,new simulation,nan
16,11,0.38849555921538764,-1.35,0.6000000000000001,rolling,9.039999999999852,-0.11390802434645231,2.1361324855521033,27,26,1,2.1361949627870973,0.2,0.3141592653589793,9.81,1,1,10,21,41,-3.0,3.0,0.01,30.0,60.0,1e-09,1e-12,6,0.0001,1,new simulation,nan
16,12,0.38849555921538764,-1.2000000000000002,0.6000000000000001,rolling,8.929999999999854,-0.10554346169960212,2.1319212434262815,25,25,0,2.136192722666141,0.2,0.3141592653589793,9.81,1,1,10,21,41,-3.0,3.0,0.01,30.0,60.0,1e-09,1e-12,6,0.0001,1,new simulation,nan
16,13,0.38849555921538764,-1.05,0.6000000000000001,rolling,8.059999999999873,-0.09517674518513572,2.127134537935483,25,25,0,2.1361854139686405,0.2,0.3141592653589793,9.81,1,1,10,21,41,-3.0,3.0,0.01,30.0,60.0,1e-09,1e-12,6,0.0001,1,new simulation,nan
16,14,0.38849555921538764,-0.8999999999999999,0.6000000000000001,rolling,7.879999999999876,-0.10293856213369586,2.130669969189553,25,25,0,2.1361790813490082,0.2,0.3141592653589793,9.81,1,1,10,21,41,-3.0,3.0,0.01,30.0,60.0,1e-09,1e-12,6,0.0001,1,new simulation,nan
16,15,0.38849555921538764,-0.75,0.6000000000000001,rolling,7.789999999999878,-0.09947433202823228,2.1290564219964843,25,25,0,2.1361737221380177,0.2,0.3141592653589793,9.81,1,1,10,21,41,-3.0,3.0,0.01,30.0,60.0,1e-09,1e-12,6,0.0001,1,new simulation,nan
16,16,0.38849555921538764,-0.6000000000000001,0.6000000000000001,rolling,7.72999999999988,-0.10476633234889446,2.1315395413044644,25,25,0,2.1361693368756987,0.2,0.3141592653589793,9.81,1,1,10,21,41,-3.0,3.0,0.01,30.0,60.0,1e-09,1e-12,6,0.0001,1,new simulation,nan
16,17,0.38849555921538764,-0.4500000000000002,0.6000000000000001,rolling,7.6899999999998805,-0.10247077889801057,2.1304455812556338,25,25,0,2.1361659273269153,0.2,0.3141592653589793,9.81,1,1,10,21,41,-3.0,3.0,0.01,30.0,60.0,1e-09,1e-12,6,0.0001,1,new simulation,nan
16,18,0.38849555921538764,-0.30000000000000027,0.6000000000000001,rolling,7.659999999999881,-0.09370420461198097,2.1264880876419228,25,25,0,2.136163490517155,0.2,0.3141592653589793,9.81,1,1,10,21,41,-3.0,3.0,0.01,30.0,60.0,1e-09,1e-12,6,0.0001,1,new simulation,nan
16,19,0.38849555921538764,-0.1499999999999999,0.6000000000000001,rolling,7.619999999999882,-0.10738419636900541,2.132812803623617,25,25,0,2.1361620292324717,0.2,0.3141592653589793,9.81,1,1,10,21,41,-3.0,3.0,0.01,30.0,60.0,1e-09,1e-12,6,0.0001,1,new simulation,nan
16,20,0.38849555921538764,0.0,0.6000000000000001,rolling,7.579999999999883,-0.1128024158509903,2.1355490543994167,25,25,0,2.136161542553855,0.2,0.3141592653589793,9.81,1,1,10,21,41,-3.0,3.0,0.01,30.0,60.0,1e-09,1e-12,6,0.0001,1,new simulation,nan
16,21,0.38849555921538764,0.1499999999999999,0.6000000000000001,rolling,7.539999999999884,-0.10496630501844847,2.1316338951841556,25,25,0,2.1361620301288746,0.2,0.3141592653589793,9.81,1,1,10,21,41,-3.0,3.0,0.01,30.0,60.0,1e-09,1e-12,6,0.0001,1,new simulation,nan
16,22,0.38849555921538764,0.2999999999999998,0.6000000000000001,rolling,7.489999999999885,-0.10483040070060921,2.1315688015567567,25,25,0,2.1361634902667657,0.2,0.3141592653589793,9.81,1,1,10,21,41,-3.0,3.0,0.01,30.0,60.0,1e-09,1e-12,6,0.0001,1,new simulation,nan
16,23,0.38849555921538764,0.44999999999999973,0.6000000000000001,rolling,7.439999999999886,-0.09405790171148193,2.1266417034017677,25,25,0,2.136165927618059,0.2,0.3141592653589793,9.81,1,1,10,21,41,-3.0,3.0,0.01,30.0,60.0,1e-09,1e-12,6,0.0001,1,new simulation,nan
16,24,0.38849555921538764,0.5999999999999996,0.6000000000000001,rolling,7.379999999999887,-0.09824309014546868,2.1284952313341234,25,25,0,2.1361693369413763,0.2,0.3141592653589793,9.81,1,1,10,21,41,-3.0,3.0,0.01,30.0,60.0,1e-09,1e-12,6,0.0001,1,new simulation,nan
16,25,0.38849555921538764,0.75,0.6000000000000001,rolling,7.319999999999888,-0.10010132054093934,2.129344207293076,25,25,0,2.136173721368369,0.2,0.3141592653589793,9.81,1,1,10,21,41,-3.0,3.0,0.01,30.0,60.0,1e-09,1e-12,6,0.0001,1,new simulation,nan
16,26,0.38849555921538764,0.8999999999999999,0.6000000000000001,rolling,7.25999999999989,-0.10258294033210913,2.130502004199527,25,25,0,2.13617908134604,0.2,0.3141592653589793,9.81,1,1,10,21,41,-3.0,3.0,0.01,30.0,60.0,1e-09,1e-12,6,0.0001,1,new simulation,nan
16,27,0.38849555921538764,1.0499999999999998,0.6000000000000001,rolling,7.199999999999891,-0.10754922324067151,2.132900545810773,25,25,0,2.13618541398369,0.2,0.3141592653589793,9.81,1,1,10,21,41,-3.0,3.0,0.01,30.0,60.0,1e-09,1e-12,6,0.0001,1,new simulation,nan
16,28,0.38849555921538764,1.2000000000000002,0.6000000000000001,rolling,7.149999999999892,-0.09470612256610567,2.1269307582686343,25,25,0,2.136192722626214,0.2,0.3141592653589793,9.81,1,1,10,21,41,-3.0,3.0,0.01,30.0,60.0,1e-09,1e-12,6,0.0001,1,new simulation,nan
16,29,0.38849555921538764,1.3499999999999996,0.6000000000000001,rolling,7.089999999999893,-0.10710917613843259,2.132687944873021,25,25,0,2.136201003494157,0.2,0.3141592653589793,9.81,1,1,10,21,41,-3.0,3.0,0.01,30.0,60.0,1e-09,1e-12,6,0.0001,1,new simulation,nan
16,30,0.38849555921538764,1.5,0.6000000000000001,rolling,6.7599999999999,-0.10407164333843773,2.1312060668983173,24,24,0,2.1361685641198074,0.2,0.3141592653589793,9.81,1,1,10,21,41,-3.0,3.0,0.01,30.0,60.0,1e-09,1e-12,6,0.0001,1,new simulation,nan
16,31,0.38849555921538764,1.6499999999999995,0.6000000000000001,rolling,6.709999999999901,-0.10325202964495475,2.130819879317414,24,24,0,2.136184195687862,0.2,0.3141592653589793,9.81,1,1,10,21,41,-3.0,3.0,0.01,30.0,60.0,1e-09,1e-12,6,0.0001,1,new simulation,nan
16,32,0.38849555921538764,1.7999999999999998,0.6000000000000001,rolling,6.659999999999902,-0.10628357127596177,2.132283562957421,24,24,0,2.1362013152930857,0.2,0.3141592653589793,9.81,1,1,10,21,41,-3.0,3.0,0.01,30.0,60.0,1e-09,1e-12,6,0.0001,1,new simulation,nan
16,33,0.38849555921538764,1.9500000000000002,0.6000000000000001,rolling,6.339999999999909,-0.09345947556725916,2.1263879723467753,23,23,0,2.1361833287446514,0.2,0.3141592653589793,9.81,1,1,10,21,41,-3.0,3.0,0.01,30.0,60.0,1e-09,1e-12,6,0.0001,1,new simulation,nan
16,34,0.38849555921538764,2.0999999999999996,0.6000000000000001,rolling,6.009999999999916,-0.10536571401871468,2.131830168133782,22,22,0,2.136174331277416,0.2,0.3141592653589793,9.81,1,1,10,21,41,-3.0,3.0,0.01,30.0,60.0,1e-09,1e-12,6,0.0001,1,new simulation,nan
16,35,0.38849555921538764,2.25,0.6000000000000001,rolling,5.689999999999923,-0.09921044716887317,2.128940418545583,21,21,0,2.1361906568381404,0.2,0.3141592653589793,9.81,1,1,10,21,41,-3.0,3.0,0.01,30.0,60.0,1e-09,1e-12,6,0.0001,1,new simulation,nan
16,36,0.38849555921538764,2.3999999999999995,0.6000000000000001,rolling,4.529999999999948,-0.10148311795566169,2.1299919143733335,17,17,0,2.136200453591433,0.2,0.3141592653589793,9.81,1,1,10,21,41,-3.0,3.0,0.01,30.0,60.0,1e-09,1e-12,6,0.0001,1,new simulation,nan
16,37,0.38849555921538764,2.55,0.6000000000000001,rolling,5.329999999999931,-0.09404629286691465,2.1266997192117323,20,20,0,2.136398188138452,0.2,0.3141592653589793,9.81,1,1,10,21,41,-3.0,3.0,0.01,30.0,60.0,1e-09,1e-12,6,0.0001,1,new simulation,nan
16,38,0.38849555921538764,2.7,0.6000000000000001,rolling,5.83999999999992,-0.1123433004408539,2.1353757047524886,22,22,0,2.136396721632215,0.2,0.3141592653589793,9.81,1,1,10,21,41,-3.0,3.0,0.01,30.0,60.0,1e-09,1e-12,6,0.0001,1,new simulation,nan
16,39,0.38849555921538764,2.8499999999999996,0.6000000000000001,rolling,6.079999999999915,-0.11364959465170266,2.136053599692092,23,23,0,2.136401663023704,0.2,0.3141592653589793,9.81,1,1,10,21,41,-3.0,3.0,0.01,30.0,60.0,1e-09,1e-12,6,0.0001,1,new simulation,nan
16,40,0.38849555921538764,3.0,0.6000000000000001,rolling,6.3299999999999095,-0.09600249031423945,2.1275539915761215,24,24,0,2.136391850721237,0.2,0.3141592653589793,9.81,1,1,10,21,41,-3.0,3.0,0.01,30.0,60.0,1e-09,1e-12,6,0.0001,1,new simulation,nan
17,0,0.4199114857512856,-3.0,0.7000000000000003,rolling,8.469999999999864,-0.09507617198215576,2.1270871115203667,27,25,2,2.1361729885296237,0.2,0.3141592653589793,9.81,1,1,10,21,41,-3.0,3.0,0.01,30.0,60.0,1e-09,1e-12,6,0.0001,1,new simulation,nan
17,1,0.4199114857512856,-2.85,0.7000000000000003,rolling,8.459999999999864,-0.11386880875480639,2.1361038811382485,27,25,2,2.1361648483684177,0.2,0.3141592653589793,9.81,1,1,10,21,41,-3.0,3.0,0.01,30.0,60.0,1e-09,1e-12,6,0.0001,1,new simulation,nan
17,2,0.4199114857512856,-2.7,0.7000000000000003,rolling,8.819999999999856,-0.09900165879622698,2.1288485111253843,28,26,2,2.136202773688059,0.2,0.3141592653589793,9.81,1,1,10,21,41,-3.0,3.0,0.01,30.0,60.0,1e-09,1e-12,6,0.0001,1,new simulation,nan
17,3,0.4199114857512856,-2.55,0.7000000000000003,rolling,9.019999999999852,-0.09779571593107542,2.1283012106294303,28,26,2,2.1361979919670944,0.2,0.3141592653589793,9.81,1,1,10,21,41,-3.0,3.0,0.01,30.0,60.0,1e-09,1e-12,6,0.0001,1,new simulation,nan
17,4,0.4199114857512856,-2.4,0.7000000000000003,rolling,10.02999999999983,-0.10108652031682647,2.1298053296805066,28,26,2,2.136193486441177,0.2,0.3141592653589793,9.81,1,1,10,21,41,-3.0,3.0,0.01,30.0,60.0,1e-09,1e-12,6,0.0001,1,new simulation,nan
17,5,0.4199114857512856,-2.25,0.7000000000000003,rolling,8.529999999999863,-0.10897478973611584,2.133609495978136,26,25,1,2.1361876722416078,0.2,0.3141592653589793,9.81,1,1,10,21,41,-3.0,3.0,0.01,30.0,60.0,1e-09,1e-12,6,0.0001,1,new simulation,nan
17,6,0.4199114857512856,-2.1,0.7000000000000003,rolling,8.279999999999868,-0.10880032707069405,2.1335198202782384,26,25,1,2.1361784244242794,0.2,0.3141592653589793,9.81,1,1,10,21,41,-3.0,3.0,0.01,30.0,60.0,1e-09,1e-12,6,0.0001,1,new simulation,nan
17,7,0.4199114857512856,-1.95,0.7000000000000003,rolling,8.20999999999987,-0.11305654920360031,2.135682843258802,26,25,1,2.1361698164248932,0.2,0.3141592653589793,9.81,1,1,10,21,41,-3.0,3.0,0.01,30.0,60.0,1e-09,1e-12,6,0.0001,1,new simulation,nan
17,8,0.4199114857512856,-1.8,0.7000000000000003,rolling,8.21999999999987,-0.11385255501376416,2.1360945883576057,26,25,1,2.136161844855121,0.2,0.3141592653589793,9.81,1,1,10,21,41,-3.0,3.0,0.01,30.0,60.0,1e-09,1e-12,6,0.0001,1,new simulation,nan
17,9,0.4199114857512856,-1.6500000000000001,0.7000000000000003,rolling,8.589999999999861,-0.10590134413048116,2.132097270471099,27,26,1,2.1362010607702024,0.2,0.3141592653589793,9.81,1,1,10,21,41,-3.0,3.0,0.01,30.0,60.0,1e-09,1e-12,6,0.0001,1,new simulation,nan
17,10,0.4199114857512856,-1.5,0.7000000000000003,rolling,8.829999999999856,-0.1028560119676719,2.1306356965956224,27,26,1,2.136196679076041,0.2,0.3141592653589793,9.81,1,1,10,21,41,-3.0,3.0,0.01,30.0,60.0,1e-09,1e-12,6,0.0001,1,new simulation,nan
17,11,0.4199114857512856,-1.35,0.7000000000000003,settled,1.1200000000000008,-0.11415926535897936,0.0,2,1,1,nan,0.2,0.3141592653589793,9.81,1,1,10,21,41,-3.0,3.0,0.01,30.0,60.0,1e-09,1e-12,6,0.0001,1,new simulation,nan
17,12,0.4199114857512856,-1.2000000000000002,0.7000000000000003,rolling,8.17999999999987,-0.09733603729213504,2.128091953148423,25,25,0,2.1361874729665287,0.2,0.3141592653589793,9.81,1,1,10,21,41,-3.0,3.0,0.01,30.0,60.0,1e-09,1e-12,6,0.0001,1,new simulation,nan
17,13,0.4199114857512856,-1.05,0.7000000000000003,rolling,7.929999999999875,-0.11357798842076544,2.1359564542664113,25,25,0,2.1361801652433505,0.2,0.3141592653589793,9.81,1,1,10,21,41,-3.0,3.0,0.01,30.0,60.0,1e-09,1e-12,6,0.0001,1,new simulation,nan
17,14,0.4199114857512856,-0.8999999999999999,0.7000000000000003,rolling,7.8299999999998775,-0.09871231411197832,2.1287090642127744,25,25,0,2.1361738334022204,0.2,0.3141592653589793,9.81,1,1,10,21,41,-3.0,3.0,0.01,30.0,60.0,1e-09,1e-12,6,0.0001,1,new simulation,nan
17,15,0.4199114857512856,-0.75,0.7000000000000003,rolling,7.769999999999879,-0.0992860109918381,2.1289689044067353,25,25,0,2.1361684730144375,0.2,0.3141592653589793,9.81,1,1,10,21,41,-3.0,3.0,0.01,30.0,60.0,1e-09,1e-12,6,0.0001,1,new simulation,nan
17,16,0.4199114857512856,-0.6000000000000001,0.7000000000000003,rolling,7.72999999999988,-0.10717304415549901,2.132709369629438,25,25,0,2.136164089962852,0.2,0.3141592653589793,9.81,1,1,10,21,41,-3.0,3.0,0.01,30.0,60.0,1e-09,1e-12,6,0.0001,1,new simulation,nan
17,17,0.4199114857512856,-0.4500000000000002,0.7000000000000003,rolling,7.70999999999988,-0.09807149883532185,2.1284153806536645,25,25,0,2.1361606794358035,0.2,0.3141592653589793,9.81,1,1,10,21,41,-3.0,3.0,0.01,30.0,60.0,1e-09,1e-12,6,0.0001,1,new simulation,nan
17,18,0.4199114857512856,-0.30000000000000027,0.7000000000000003,rolling,7.9699999999998745,-0.09566943769496303,2.12735592954368,26,26,0,2.1362035044046412,0.2,0.3141592653589793,9.81,1,1,10,21,41,-3.0,3.0,0.01,30.0,60.0,1e-09,1e-12,6,0.0001,1,new simulation,nan
17,19,0.4199114857512856,-0.1499999999999999,0.7000000000000003,rolling,7.939999999999875,-0.10995507456215928,2.1341058574277216,26,26,0,2.1362025480379634,0.2,0.3141592653589793,9.81,1,1,10,21,41,-3.0,3.0,0.01,30.0,60.0,1e-09,1e-12,6,0.0001,1,new simulation,nan
17,20,0.4199114857512856,0.0,0.7000000000000003,rolling,7.909999999999876,-0.1058096586170074,2.1320530159818607,26,26,0,2.1362022304118944,0.2,0.3141592653589793,9.81,1,1,10,21,41,-3.0,3.0,0.01,30.0,60.0,1e-09,1e-12,6,0.0001,1,new simulation,nan
17,21,0.4199114857512856,0.1499999999999999,0.7000000000000003,rolling,7.869999999999877,-0.09859490041135809,2.1286635560151317,26,26,0,2.1362025483062466,0.2,0.3141592653589793,9.81,1,1,10,21,41,-3.0,3.0,0.01,30.0,60.0,1e-09,1e-12,6,0.0001,1,new simulation,nan
17,22,0.4199114857512856,0.2999999999999998,0.7000000000000003,rolling,7.809999999999878,-0.1113749239275007,2.134826801464219,26,26,0,2.136203503274013,0.2,0.3141592653589793,9.81,1,1,10,21,41,-3.0,3.0,0.01,30.0,60.0,1e-09,1e-12,6,0.0001,1,new simulation,nan
17,23,0.4199114857512856,0.44999999999999973,0.7000000000000003,rolling,7.469999999999885,-0.1103912935547109,2.134314996191492,25,25,0,2.136160679187863,0.2,0.3141592653589793,9.81,1,1,10,21,41,-3.0,3.0,0.01,30.0,60.0,1e-09,1e-12,6,0.0001,1,new simulation,nan
17,24,0.4199114857512856,0.5999999999999996,0.7000000000000003,rolling,7.4099999999998865,-0.10016674568652335,2.129371727631423,25,25,0,2.1361640889809843,0.2,0.3141592653589793,9.81,1,1,10,21,41,-3.0,3.0,0.01,30.0,60.0,1e-09,1e-12,6,0.0001,1,new simulation,nan
17,25,0.4199114857512856,0.75,0.7000000000000003,rolling,7.339999999999888,-0.11010449162066673,2.1341720599499645,25,25,0,2.136168473662782,0.2,0.3141592653589793,9.81,1,1,10,21,41,-3.0,3.0,0.01,30.0,60.0,1e-09,1e-12,6,0.0001,1,new simulation,nan
17,26,0.4199114857512856,0.8999999999999999,0.7000000000000003,rolling,7.279999999999889,-0.10142155524241223,2.129955984042737,25,25,0,2.136173831785088,0.2,0.3141592653589793,9.81,1,1,10,21,41,-3.0,3.0,0.01,30.0,60.0,1e-09,1e-12,6,0.0001,1,new simulation,nan
17,27,0.4199114857512856,1.0499999999999998,0.7000000000000003,rolling,7.2199999999998905,-0.09737897075511859,2.1281092082847493,25,25,0,2.136180165528454,0.2,0.3141592653589793,9.81,1,1,10,21,41,-3.0,3.0,0.01,30.0,60.0,1e-09,1e-12,6,0.0001,1,new simulation,nan
17,28,0.4199114857512856,1.2000000000000002,0.7000000000000003,rolling,7.159999999999892,-0.09870553606318697,2.128709685465511,25,25,0,2.136187474768226,0.2,0.3141592653589793,9.81,1,1,10,21,41,-3.0,3.0,0.01,30.0,60.0,1e-09,1e-12,6,0.0001,1,new simulation,nan
17,29,0.4199114857512856,1.3499999999999996,0.7000000000000003,rolling,7.099999999999893,-0.1055034930139473,2.131902693160283,25,25,0,2.1361957557774747,0.2,0.3141592653589793,9.81,1,1,10,21,41,-3.0,3.0,0.01,30.0,60.0,1e-09,1e-12,6,0.0001,1,new simulation,nan
17,30,0.4199114857512856,1.5,0.7000000000000003,rolling,7.049999999999894,-0.09626021528581166,2.127617357336197,25,25,0,2.1362050105457153,0.2,0.3141592653589793,9.81,1,1,10,21,41,-3.0,3.0,0.01,30.0,60.0,1e-09,1e-12,6,0.0001,1,new simulation,nan
17,31,0.4199114857512856,1.6499999999999995,0.7000000000000003,rolling,6.719999999999901,-0.09373338990298441,2.126504132638753,24,24,0,2.1361761768248564,0.2,0.3141592653589793,9.81,1,1,10,21,41,-3.0,3.0,0.01,30.0,60.0,1e-09,1e-12,6,0.0001,1,new simulation,nan
17,32,0.4199114857512856,1.7999999999999998,0.7000000000000003,rolling,6.669999999999902,-0.0939649748720613,2.126608892046511,24,24,0,2.1361932961723036,0.2,0.3141592653589793,9.81,1,1,10,21,41,-3.0,3.0,0.01,30.0,60.0,1e-09,1e-12,6,0.0001,1,new simulation,nan
17,33,0.4199114857512856,1.9500000000000002,0.7000000000000003,rolling,6.339999999999909,-0.10017600612811654,2.1293778875481304,23,23,0,2.136171076804111,0.2,0.3141592653589793,9.81,1,1,10,21,41,-3.0,3.0,0.01,30.0,60.0,1e-09,1e-12,6,0.0001,1,new simulation,nan
17,34,0.4199114857512856,2.0999999999999996,0.7000000000000003,rolling,6.28999999999991,-0.10846970483533422,2.133361309606245,23,23,0,2.136201781634751,0.2,0.3141592653589793,9.81,1,1,10,21,41,-3.0,3.0,0.01,30.0,60.0,1e-09,1e-12,6,0.0001,1,new simulation,nan
17,35,0.4199114857512856,2.25,0.7000000000000003,rolling,5.689999999999923,-0.10259850478966177,2.13050473076224,21,21,0,2.13616205650658,0.2,0.3141592653589793,9.81,1,1,10,21,41,-3.0,3.0,0.01,30.0,60.0,1e-09,1e-12,6,0.0001,1,new simulation,nan
17,36,0.4199114857512856,2.3999999999999995,0.7000000000000003,rolling,5.089999999999936,-0.10003719636793275,2.1293176021846967,19,19,0,2.136184447050043,0.2,0.3141592653589793,9.81,1,1,10,21,41,-3.0,3.0,0.01,30.0,60.0,1e-09,1e-12,6,0.0001,1,new simulation,nan
17,37,0.4199114857512856,2.55,0.7000000000000003,rolling,5.049999999999937,-0.096967811347349,2.1279819512071207,19,19,0,2.1363889374704814,0.2,0.3141592653589793,9.81,1,1,10,21,41,-3.0,3.0,0.01,30.0,60.0,1e-09,1e-12,6,0.0001,1,new simulation,nan
17,38,0.4199114857512856,2.7,0.7000000000000003,rolling,5.83999999999992,-0.11260799672575192,2.135507124918133,22,22,0,2.136378004811928,0.2,0.3141592653589793,9.81,1,1,10,21,41,-3.0,3.0,0.01,30.0,60.0,1e-09,1e-12,6,0.0001,1,new simulation,nan
17,39,0.4199114857512856,2.8499999999999996,0.7000000000000003,rolling,6.079999999999915,-0.11319132909163679,2.1358120810491252,23,23,0,2.136389412320568,0.2,0.3141592653589793,9.81,1,1,10,21,41,-3.0,3.0,0.01,30.0,60.0,1e-09,1e-12,6,0.0001,1,new simulation,nan
17,40,0.4199114857512856,3.0,0.7000000000000003,rolling,6.3299999999999095,-0.09493810424191317,2.1270839261217613,24,24,0,2.1363838318365365,0.2,0.3141592653589793,9.81,1,1,10,21,41,-3.0,3.0,0.01,30.0,60.0,1e-09,1e-12,6,0.0001,1,new simulation,nan
18,0,0.4513274122871835,-3.0,0.8,rolling,8.469999999999864,-0.10070373835529664,2.12962152257955,27,25,2,2.136170575113877,0.2,0.3141592653589793,9.81,1,1,10,21,41,-3.0,3.0,0.01,30.0,60.0,1e-09,1e-12,6,0.0001,1,new simulation,nan
18,1,0.4513274122871835,-2.85,0.8,rolling,8.489999999999863,-0.10338542476796767,2.1308773225756603,27,25,2,2.1361624362551486,0.2,0.3141592653589793,9.81,1,1,10,21,41,-3.0,3.0,0.01,30.0,60.0,1e-09,1e-12,6,0.0001,1,new simulation,nan
18,2,0.4513274122871835,-2.7,0.8,rolling,8.869999999999855,-0.11388475456842566,2.136122023718104,28,26,2,2.1362011946831627,0.2,0.3141592653589793,9.81,1,1,10,21,41,-3.0,3.0,0.01,30.0,60.0,1e-09,1e-12,6,0.0001,1,new simulation,nan
18,3,0.4513274122871835,-2.55,0.8,rolling,9.169999999999849,-0.09677050507043429,2.127841745500291,28,26,2,2.1361964141852905,0.2,0.3141592653589793,9.81,1,1,10,21,41,-3.0,3.0,0.01,30.0,60.0,1e-09,1e-12,6,0.0001,1,new simulation,nan
18,4,0.4513274122871835,-2.4,0.8,settled,1.8100000000000014,-0.11415926535897936,0.0,3,1,2,nan,0.2,0.3141592653589793,9.81,1,1,10,21,41,-3.0,3.0,0.01,30.0,60.0,1e-09,1e-12,6,0.0001,1,new simulation,nan
18,5,0.4513274122871835,-2.25,0.8,rolling,8.409999999999865,-0.0975296001032532,2.128177804403182,26,25,1,2.1361839857522935,0.2,0.3141592653589793,9.81,1,1,10,21,41,-3.0,3.0,0.01,30.0,60.0,1e-09,1e-12,6,0.0001,1,new simulation,nan
18,6,0.4513274122871835,-2.1,0.8,rolling,8.259999999999868,-0.09764234159733362,2.1282259313241356,26,25,1,2.1361747393490513,0.2,0.3141592653589793,9.81,1,1,10,21,41,-3.0,3.0,0.01,30.0,60.0,1e-09,1e-12,6,0.0001,1,new simulation,nan
18,7,0.4513274122871835,-1.95,0.8,rolling,8.229999999999869,-0.09732464023576234,2.128081058379406,26,25,1,2.136166129946793,0.2,0.3141592653589793,9.81,1,1,10,21,41,-3.0,3.0,0.01,30.0,60.0,1e-09,1e-12,6,0.0001,1,new simulation,nan
18,8,0.4513274122871835,-1.8,0.8,rolling,8.549999999999862,-0.11035965507084045,2.1343105451742104,27,26,1,2.136203449054611,0.2,0.3141592653589793,9.81,1,1,10,21,41,-3.0,3.0,0.01,30.0,60.0,1e-09,1e-12,6,0.0001,1,new simulation,nan
18,9,0.4513274122871835,-1.6500000000000001,0.8,rolling,8.709999999999859,-0.09984491405547867,2.129233062940408,27,26,1,2.1361986485798115,0.2,0.3141592653589793,9.81,1,1,10,21,41,-3.0,3.0,0.01,30.0,60.0,1e-09,1e-12,6,0.0001,1,new simulation,nan
18,10,0.4513274122871835,-1.5,0.8,rolling,9.269999999999847,-0.10533185646623439,2.131819183842546,27,26,1,2.1361942670939595,0.2,0.3141592653589793,9.81,1,1,10,21,41,-3.0,3.0,0.01,30.0,60.0,1e-09,1e-12,6,0.0001,1,new simulation,nan
18,11,0.4513274122871835,-1.35,0.8,rolling,8.389999999999866,-0.10938437760161901,2.1338153502617336,25,25,0,2.136190123038094,0.2,0.3141592653589793,9.81,1,1,10,21,41,-3.0,3.0,0.01,30.0,60.0,1e-09,1e-12,6,0.0001,1,new simulation,nan
18,12,0.4513274122871835,-1.2000000000000002,0.8,rolling,7.999999999999874,-0.10638847347768977,2.132329514776647,25,25,0,2.136181842138782,0.2,0.3141592653589793,9.81,1,1,10,21,41,-3.0,3.0,0.01,30.0,60.0,1e-09,1e-12,6,0.0001,1,new simulation,nan
18,13,0.4513274122871835,-1.05,0.8,rolling,7.869999999999877,-0.1018475280112703,2.1301552196888314,25,25,0,2.136174534431723,0.2,0.3141592653589793,9.81,1,1,10,21,41,-3.0,3.0,0.01,30.0,60.0,1e-09,1e-12,6,0.0001,1,new simulation,nan
18,14,0.4513274122871835,-0.8999999999999999,0.8,rolling,7.799999999999878,-0.11162690183935592,2.134946089894254,25,25,0,2.1361682000627487,0.2,0.3141592653589793,9.81,1,1,10,21,41,-3.0,3.0,0.01,30.0,60.0,1e-09,1e-12,6,0.0001,1,new simulation,nan
18,15,0.4513274122871835,-0.75,0.8,rolling,7.769999999999879,-0.10591228903232631,2.1320922474203416,25,25,0,2.1361628415474163,0.2,0.3141592653589793,9.81,1,1,10,21,41,-3.0,3.0,0.01,30.0,60.0,1e-09,1e-12,6,0.0001,1,new simulation,nan
18,16,0.4513274122871835,-0.6000000000000001,0.8,rolling,8.039999999999873,-0.09786463865154674,2.12833377380818,26,26,0,2.1362036454829916,0.2,0.3141592653589793,9.81,1,1,10,21,41,-3.0,3.0,0.01,30.0,60.0,1e-09,1e-12,6,0.0001,1,new simulation,nan
18,17,0.4513274122871835,-0.4500000000000002,0.8,rolling,8.039999999999873,-0.09529202368620976,2.1271894332186454,26,26,0,2.136201412531778,0.2,0.3141592653589793,9.81,1,1,10,21,41,-3.0,3.0,0.01,30.0,60.0,1e-09,1e-12,6,0.0001,1,new simulation,nan
18,18,0.4513274122871835,-0.30000000000000027,0.8,rolling,8.039999999999873,-0.10021339458701564,2.1294029093926032,26,26,0,2.1361998187873734,0.2,0.3141592653589793,9.81,1,1,10,21,41,-3.0,3.0,0.01,30.0,60.0,1e-09,1e-12,6,0.0001,1,new simulation,nan
18,19,0.4513274122871835,-0.1499999999999999,0.8,rolling,8.029999999999873,-0.11134555358228324,2.1348105483494746,26,26,0,2.1361988617282233,0.2,0.3141592653589793,9.81,1,1,10,21,41,-3.0,3.0,0.01,30.0,60.0,1e-09,1e-12,6,0.0001,1,new simulation,nan
18,20,0.4513274122871835,0.0,0.8,rolling,8.009999999999874,-0.10459727207580165,2.1314661478981196,26,26,0,2.1361985438205995,0.2,0.3141592653589793,9.81,1,1,10,21,41,-3.0,3.0,0.01,30.0,60.0,1e-09,1e-12,6,0.0001,1,new simulation,nan
18,21,0.4513274122871835,0.1499999999999999,0.8,rolling,7.959999999999875,-0.11055668445157238,2.134409131209389,26,26,0,2.1361988618334364,0.2,0.3141592653589793,9.81,1,1,10,21,41,-3.0,3.0,0.01,30.0,60.0,1e-09,1e-12,6,0.0001,1,new simulation,nan
18,22,0.4513274122871835,0.2999999999999998,0.8,rolling,7.899999999999876,-0.09528471675094723,2.1271857970890538,26,26,0,2.136199819694395,0.2,0.3141592653589793,9.81,1,1,10,21,41,-3.0,3.0,0.01,30.0,60.0,1e-09,1e-12,6,0.0001,1,new simulation,nan
18,23,0.4513274122871835,0.44999999999999973,0.8,rolling,7.819999999999878,-0.10028073471757645,2.129434387860223,26,26,0,2.1362014120913138,0.2,0.3141592653589793,9.81,1,1,10,21,41,-3.0,3.0,0.01,30.0,60.0,1e-09,1e-12,6,0.0001,1,new simulation,nan
18,24,0.4513274122871835,0.5999999999999996,0.8,rolling,7.739999999999879,-0.10044773053412702,2.12951207613199,26,26,0,2.136203644799908,0.2,0.3141592653589793,9.81,1,1,10,21,41,-3.0,3.0,0.01,30.0,60.0,1e-09,1e-12,6,0.0001,1,new simulation,nan
18,25,0.4513274122871835,0.75,0.8,rolling,7.379999999999887,-0.10740159029165926,2.1328216008578216,25,25,0,2.1361628430453083,0.2,0.3141592653589793,9.81,1,1,10,21,41,-3.0,3.0,0.01,30.0,60.0,1e-09,1e-12,6,0.0001,1,new simulation,nan
18,26,0.4513274122871835,0.8999999999999999,0.8,rolling,7.309999999999889,-0.10016299803967411,2.129371117460242,25,25,0,2.1361682016793617,0.2,0.3141592653589793,9.81,1,1,10,21,41,-3.0,3.0,0.01,30.0,60.0,1e-09,1e-12,6,0.0001,1,new simulation,nan
18,27,0.4513274122871835,1.0499999999999998,0.8,rolling,7.23999999999989,-0.10262149683908846,2.1305189545604506,25,25,0,2.1361745344737484,0.2,0.3141592653589793,9.81,1,1,10,21,41,-3.0,3.0,0.01,30.0,60.0,1e-09,1e-12,6,0.0001,1,new simulation,nan
18,28,0.4513274122871835,1.2000000000000002,0.8,rolling,7.179999999999891,-0.09295575284042784,2.1261712639512185,25,25,0,2.1361818425481665,0.2,0.3141592653589793,9.81,1,1,10,21,41,-3.0,3.0,0.01,30.0,60.0,1e-09,1e-12,6,0.0001,1,new simulation,nan
18,29,0.4513274122871835,1.3499999999999996,0.8,rolling,7.109999999999893,-0.11281423230021421,2.1355628912171483,25,25,0,2.13619012386599,0.2,0.3141592653589793,9.81,1,1,10,21,41,-3.0,3.0,0.01,30.0,60.0,1e-09,1e-12,6,0.0001,1,new simulation,nan
18,30,0.4513274122871835,1.5,0.8,rolling,7.059999999999894,-0.09729739683331455,2.128077875709023,25,25,0,2.136199379499689,0.2,0.3141592653589793,9.81,1,1,10,21,41,-3.0,3.0,0.01,30.0,60.0,1e-09,1e-12,6,0.0001,1,new simulation,nan
18,31,0.4513274122871835,1.6499999999999995,0.8,rolling,6.719999999999901,-0.11125291675937159,2.1347548058813444,24,24,0,2.136167572133393,0.2,0.3141592653589793,9.81,1,1,10,21,41,-3.0,3.0,0.01,30.0,60.0,1e-09,1e-12,6,0.0001,1,new simulation,nan
18,32,0.4513274122871835,1.7999999999999998,0.8,rolling,6.669999999999902,-0.10770859028274068,2.1329790892311973,24,24,0,2.1361846924625074,0.2,0.3141592653589793,9.81,1,1,10,21,41,-3.0,3.0,0.01,30.0,60.0,1e-09,1e-12,6,0.0001,1,new simulation,nan
18,33,0.4513274122871835,1.9500000000000002,0.8,rolling,6.619999999999903,-0.10914781497094941,2.1337003114788824,24,24,0,2.1362032987557593,0.2,0.3141592653589793,9.81,1,1,10,21,41,-3.0,3.0,0.01,30.0,60.0,1e-09,1e-12,6,0.0001,1,new simulation,nan
18,34,0.4513274122871835,2.0999999999999996,0.8,rolling,6.29999999999991,-0.09552470709763006,2.127288189085379,23,23,0,2.136188635664583,0.2,0.3141592653589793,9.81,1,1,10,21,41,-3.0,3.0,0.01,30.0,60.0,1e-09,1e-12,6,0.0001,1,new simulation,nan
18,35,0.4513274122871835,2.25,0.8,rolling,5.969999999999917,-0.10721759199047995,2.132737199897182,22,22,0,2.136185916105459,0.2,0.3141592653589793,9.81,1,1,10,21,41,-3.0,3.0,0.01,30.0,60.0,1e-09,1e-12,6,0.0001,1,new simulation,nan
18,36,0.4513274122871835,2.3999999999999995,0.8,rolling,5.36999999999993,-0.10304704356956479,2.130719880422982,20,20,0,2.136173769341164,0.2,0.3141592653589793,9.81,1,1,10,21,41,-3.0,3.0,0.01,30.0,60.0,1e-09,1e-12,6,0.0001,1,new simulation,nan
18,37,0.4513274122871835,2.55,0.8,rolling,4.209999999999955,-0.10585429727909201,2.132125372011084,16,16,0,2.1363893412729165,0.2,0.3141592653589793,9.81,1,1,10,21,41,-3.0,3.0,0.01,30.0,60.0,1e-09,1e-12,6,0.0001,1,new simulation,nan
18,38,0.4513274122871835,2.7,0.8,rolling,5.569999999999926,-0.09548329205479139,2.127325751586965,21,21,0,2.13639417264018,0.2,0.3141592653589793,9.81,1,1,10,21,41,-3.0,3.0,0.01,30.0,60.0,1e-09,1e-12,6,0.0001,1,new simulation,nan
18,39,0.4513274122871835,2.8499999999999996,0.8,rolling,6.089999999999915,-0.09333475859362604,2.1263866913165446,23,23,0,2.1363762697045177,0.2,0.3141592653589793,9.81,1,1,10,21,41,-3.0,3.0,0.01,30.0,60.0,1e-09,1e-12,6,0.0001,1,new simulation,nan
18,40,0.4513274122871835,3.0,0.8,rolling,6.3299999999999095,-0.09560579380418509,2.1273745026491278,24,24,0,2.136375228146789,0.2,0.3141592653589793,9.81,1,1,10,21,41,-3.0,3.0,0.01,30.0,60.0,1e-09,1e-12,6,0.0001,1,new simulation,nan
19,0,0.48274333882308146,-3.0,0.9000000000000002,rolling,8.479999999999864,-0.09928131670473891,2.128966634007794,27,25,2,2.1361680016304487,0.2,0.3141592653589793,9.81,1,1,10,21,41,-3.0,3.0,0.01,30.0,60.0,1e-09,1e-12,6,0.0001,1,new simulation,nan
19,1,0.48274333882308146,-2.85,0.9000000000000002,rolling,8.799999999999857,-0.11161394345810043,2.1349492896299576,28,26,2,2.136204563815251,0.2,0.3141592653589793,9.81,1,1,10,21,41,-3.0,3.0,0.01,30.0,60.0,1e-09,1e-12,6,0.0001,1,new simulation,nan
19,2,0.48274333882308146,-2.7,0.9000000000000002,rolling,8.949999999999854,-0.11259367550298172,2.1354514793331134,28,26,2,2.1361995100433213,0.2,0.3141592653589793,9.81,1,1,10,21,41,-3.0,3.0,0.01,30.0,60.0,1e-09,1e-12,6,0.0001,1,new simulation,nan
19,3,0.48274333882308146,-2.55,0.9000000000000002,rolling,9.449999999999843,-0.10589259983307751,2.132091304867941,28,26,2,2.1361947288726095,0.2,0.3141592653589793,9.81,1,1,10,21,41,-3.0,3.0,0.01,30.0,60.0,1e-09,1e-12,6,0.0001,1,new simulation,nan
19,4,0.48274333882308146,-2.4,0.9000000000000002,rolling,8.709999999999859,-0.11258112480055653,2.135442414424941,26,25,1,2.136189937798937,0.2,0.3141592653589793,9.81,1,1,10,21,41,-3.0,3.0,0.01,30.0,60.0,1e-09,1e-12,6,0.0001,1,new simulation,nan
19,5,0.48274333882308146,-2.25,0.9000000000000002,rolling,8.339999999999867,-0.09508847329051627,2.127094413208877,26,25,1,2.136180054215075,0.2,0.3141592653589793,9.81,1,1,10,21,41,-3.0,3.0,0.01,30.0,60.0,1e-09,1e-12,6,0.0001,1,new simulation,nan
19,6,0.48274333882308146,-2.1,0.9000000000000002,rolling,8.249999999999869,-0.1009720058558312,2.1297459823122984,26,25,1,2.136170807109563,0.2,0.3141592653589793,9.81,1,1,10,21,41,-3.0,3.0,0.01,30.0,60.0,1e-09,1e-12,6,0.0001,1,new simulation,nan
19,7,0.48274333882308146,-1.95,0.9000000000000002,rolling,8.259999999999868,-0.0957004889471659,2.127358401006765,26,25,1,2.1361621977258207,0.2,0.3141592653589793,9.81,1,1,10,21,41,-3.0,3.0,0.01,30.0,60.0,1e-09,1e-12,6,0.0001,1,new simulation,nan
19,8,0.48274333882308146,-1.8,0.9000000000000002,rolling,8.62999999999986,-0.11074647315762234,2.134505996204787,27,26,1,2.1362008744133374,0.2,0.3141592653589793,9.81,1,1,10,21,41,-3.0,3.0,0.01,30.0,60.0,1e-09,1e-12,6,0.0001,1,new simulation,nan
19,9,0.48274333882308146,-1.6500000000000001,0.9000000000000002,rolling,8.929999999999854,-0.11309328363120388,2.1357089772277082,27,26,1,2.1361960752201945,0.2,0.3141592653589793,9.81,1,1,10,21,41,-3.0,3.0,0.01,30.0,60.0,1e-09,1e-12,6,0.0001,1,new simulation,nan
19,10,0.48274333882308146,-1.5,0.9000000000000002,settled,1.9300000000000015,-0.11415926535897936,0.0,2,1,1,nan,0.2,0.3141592653589793,9.81,1,1,10,21,41,-3.0,3.0,0.01,30.0,60.0,1e-09,1e-12,6,0.0001,1,new simulation,nan
19,11,0.48274333882308146,-1.35,0.9000000000000002,rolling,8.089999999999872,-0.10245479001904381,2.1304429780527734,25,25,0,2.1361841162848783,0.2,0.3141592653589793,9.81,1,1,10,21,41,-3.0,3.0,0.01,30.0,60.0,1e-09,1e-12,6,0.0001,1,new simulation,nan
19,12,0.48274333882308146,-1.2000000000000002,0.9000000000000002,rolling,7.909999999999876,-0.11369370120638697,2.1360155451358316,25,25,0,2.1361758328914693,0.2,0.3141592653589793,9.81,1,1,10,21,41,-3.0,3.0,0.01,30.0,60.0,1e-09,1e-12,6,0.0001,1,new simulation,nan
19,13,0.48274333882308146,-1.05,0.9000000000000002,rolling,7.839999999999877,-0.10033106599527976,2.1294486940196493,25,25,0,2.1361685262065957,0.2,0.3141592653589793,9.81,1,1,10,21,41,-3.0,3.0,0.01,30.0,60.0,1e-09,1e-12,6,0.0001,1,new simulation,nan
19,14,0.48274333882308146,-0.8999999999999999,0.9000000000000002,rolling,7.809999999999878,-0.09715803381122182,2.1280054227628242,25,25,0,2.1361621925441177,0.2,0.3141592653589793,9.81,1,1,10,21,41,-3.0,3.0,0.01,30.0,60.0,1e-09,1e-12,6,0.0001,1,new simulation,nan
19,15,0.48274333882308146,-0.75,0.9000000000000002,rolling,8.079999999999872,-0.11383709659416373,2.136097531720821,26,26,0,2.1362025822554593,0.2,0.3141592653589793,9.81,1,1,10,21,41,-3.0,3.0,0.01,30.0,60.0,1e-09,1e-12,6,0.0001,1,new simulation,nan
19,16,0.48274333882308146,-0.6000000000000001,0.9000000000000002,rolling,8.109999999999872,-0.10259278215640488,2.130512233488887,26,26,0,2.1361997127605643,0.2,0.3141592653589793,9.81,1,1,10,21,41,-3.0,3.0,0.01,30.0,60.0,1e-09,1e-12,6,0.0001,1,new simulation,nan
19,17,0.48274333882308146,-0.4500000000000002,0.9000000000000002,rolling,8.15999999999987,-0.10415476880069968,2.131253661656588,26,26,0,2.136197479492042,0.2,0.3141592653589793,9.81,1,1,10,21,41,-3.0,3.0,0.01,30.0,60.0,1e-09,1e-12,6,0.0001,1,new simulation,nan
19,18,0.48274333882308146,-0.30000000000000027,0.9000000000000002,rolling,8.239999999999869,-0.09350096119204836,2.1264092457626504,26,26,0,2.136195885662542,0.2,0.3141592653589793,9.81,1,1,10,21,41,-3.0,3.0,0.01,30.0,60.0,1e-09,1e-12,6,0.0001,1,new simulation,nan
19,19,0.48274333882308146,-0.1499999999999999,0.9000000000000002,rolling,8.319999999999867,-0.09328729467761228,2.1263170552788813,26,26,0,2.136194929000307,0.2,0.3141592653589793,9.81,1,1,10,21,41,-3.0,3.0,0.01,30.0,60.0,1e-09,1e-12,6,0.0001,1,new simulation,nan
19,20,0.48274333882308146,0.0,0.9000000000000002,rolling,8.339999999999867,-0.09790973033340765,2.1283516345723705,26,26,0,2.1361946108263026,0.2,0.3141592653589793,9.81,1,1,10,21,41,-3.0,3.0,0.01,30.0,60.0,1e-09,1e-12,6,0.0001,1,new simulation,nan
19,21,0.48274333882308146,0.1499999999999999,0.9000000000000002,rolling,8.249999999999869,-0.10161734680808275,2.130053088706999,26,26,0,2.136194928572998,0.2,0.3141592653589793,9.81,1,1,10,21,41,-3.0,3.0,0.01,30.0,60.0,1e-09,1e-12,6,0.0001,1,new simulation,nan
19,22,0.48274333882308146,0.2999999999999998,0.9000000000000002,rolling,8.099999999999872,-0.10744274362511716,2.1328508342603074,26,26,0,2.1361958842835267,0.2,0.3141592653589793,9.81,1,1,10,21,41,-3.0,3.0,0.01,30.0,60.0,1e-09,1e-12,6,0.0001,1,new simulation,nan
19,23,0.48274333882308146,0.44999999999999973,0.9000000000000002,rolling,7.959999999999875,-0.09658652771829156,2.127760160009964,26,26,0,2.1361974808771595,0.2,0.3141592653589793,9.81,1,1,10,21,41,-3.0,3.0,0.01,30.0,60.0,1e-09,1e-12,6,0.0001,1,new simulation,nan
19,24,0.48274333882308146,0.5999999999999996,0.9000000000000002,rolling,7.8299999999998775,-0.10634454281911364,2.1323128961277584,26,26,0,2.1361997121254177,0.2,0.3141592653589793,9.81,1,1,10,21,41,-3.0,3.0,0.01,30.0,60.0,1e-09,1e-12,6,0.0001,1,new simulation,nan
19,25,0.48274333882308146,0.75,0.9000000000000002,rolling,7.71999999999988,-0.1135110230756599,2.1359276673942094,26,26,0,2.136202582120779,0.2,0.3141592653589793,9.81,1,1,10,21,41,-3.0,3.0,0.01,30.0,60.0,1e-09,1e-12,6,0.0001,1,new simulation,nan
19,26,0.48274333882308146,0.8999999999999999,0.9000000000000002,rolling,7.349999999999888,-0.11096235314662858,2.1346052936432756,25,25,0,2.136162191480849,0.2,0.3141592653589793,9.81,1,1,10,21,41,-3.0,3.0,0.01,30.0,60.0,1e-09,1e-12,6,0.0001,1,new simulation,nan
19,27,0.48274333882308146,1.0499999999999998,0.9000000000000002,rolling,7.269999999999889,-0.10861920273860905,2.1334267809548644,25,25,0,2.136168523999931,0.2,0.3141592653589793,9.81,1,1,10,21,41,-3.0,3.0,0.01,30.0,60.0,1e-09,1e-12,6,0.0001,1,new simulation,nan
19,28,0.48274333882308146,1.2000000000000002,0.9000000000000002,rolling,7.199999999999891,-0.10253552430642462,2.130478771053588,25,25,0,2.1361758339315218,0.2,0.3141592653589793,9.81,1,1,10,21,41,-3.0,3.0,0.01,30.0,60.0,1e-09,1e-12,6,0.0001,1,new simulation,nan
19,29,0.48274333882308146,1.3499999999999996,0.9000000000000002,rolling,7.129999999999892,-0.10999278221564317,2.134119896714127,25,25,0,2.136184114937349,0.2,0.3141592653589793,9.81,1,1,10,21,41,-3.0,3.0,0.01,30.0,60.0,1e-09,1e-12,6,0.0001,1,new simulation,nan
19,30,0.48274333882308146,1.5,0.9000000000000002,rolling,7.069999999999894,-0.1068296569638979,2.1325486009559507,25,25,0,2.1361933715770394,0.2,0.3141592653589793,9.81,1,1,10,21,41,-3.0,3.0,0.01,30.0,60.0,1e-09,1e-12,6,0.0001,1,new simulation,nan
19,31,0.48274333882308146,1.6499999999999995,0.9000000000000002,rolling,7.009999999999895,-0.11235290955408454,2.135328444191052,25,25,0,2.1362036014957764,0.2,0.3141592653589793,9.81,1,1,10,21,41,-3.0,3.0,0.01,30.0,60.0,1e-09,1e-12,6,0.0001,1,new simulation,nan
19,32,0.48274333882308146,1.7999999999999998,0.9000000000000002,rolling,6.679999999999902,-0.1055468275547835,2.1319182155645127,24,24,0,2.136175512023993,0.2,0.3141592653589793,9.81,1,1,10,21,41,-3.0,3.0,0.01,30.0,60.0,1e-09,1e-12,6,0.0001,1,new simulation,nan
19,33,0.48274333882308146,1.9500000000000002,0.9000000000000002,rolling,6.629999999999903,-0.10306615784306558,2.1307344477738592,24,24,0,2.1361941206062007,0.2,0.3141592653589793,9.81,1,1,10,21,41,-3.0,3.0,0.01,30.0,60.0,1e-09,1e-12,6,0.0001,1,new simulation,nan
19,34,0.48274333882308146,2.0999999999999996,0.9000000000000002,rolling,6.29999999999991,-0.10765497064213161,2.132949855081468,23,23,0,2.1361746096655287,0.2,0.3141592653589793,9.81,1,1,10,21,41,-3.0,3.0,0.01,30.0,60.0,1e-09,1e-12,6,0.0001,1,new simulation,nan
19,35,0.48274333882308146,2.25,0.9000000000000002,rolling,5.979999999999917,-0.09556381617287762,2.1272988406135713,22,22,0,2.1361644855633006,0.2,0.3141592653589793,9.81,1,1,10,21,41,-3.0,3.0,0.01,30.0,60.0,1e-09,1e-12,6,0.0001,1,new simulation,nan
19,36,0.48274333882308146,2.3999999999999995,0.9000000000000002,rolling,5.649999999999924,-0.10888634122503037,2.1335634574347737,21,21,0,2.136180924089555,0.2,0.3141592653589793,9.81,1,1,10,21,41,-3.0,3.0,0.01,30.0,60.0,1e-09,1e-12,6,0.0001,1,new simulation,nan
19,37,0.48274333882308146,2.55,0.9000000000000002,rolling,4.489999999999949,-0.10998962785839962,2.1341162016972324,17,17,0,2.136176343951645,0.2,0.3141592653589793,9.81,1,1,10,21,41,-3.0,3.0,0.01,30.0,60.0,1e-09,1e-12,6,0.0001,1,new simulation,nan
19,38,0.48274333882308146,2.7,0.9000000000000002,rolling,5.289999999999932,-0.10187149584573474,2.130227418664916,20,20,0,2.136399539706817,0.2,0.3141592653589793,9.81,1,1,10,21,41,-3.0,3.0,0.01,30.0,60.0,1e-09,1e-12,6,0.0001,1,new simulation,nan
19,39,0.48274333882308146,2.8499999999999996,0.9000000000000002,rolling,5.809999999999921,-0.09856818157489618,2.1287051941160877,22,22,0,2.136400775807154,0.2,0.3141592653589793,9.81,1,1,10,21,41,-3.0,3.0,0.01,30.0,60.0,1e-09,1e-12,6,0.0001,1,new simulation,nan
19,40,0.48274333882308146,3.0,0.9000000000000002,rolling,6.0499999999999154,-0.0998671177371554,2.129299638334689,23,23,0,2.136406590906215,0.2,0.3141592653589793,9.81,1,1,10,21,41,-3.0,3.0,0.01,30.0,60.0,1e-09,1e-12,6,0.0001,1,new simulation,nan
20,0,0.5141592653589793,-3.0,0.9999999999999998,rolling,8.499999999999863,-0.09358235048766089,2.1264360049295044,27,25,2,2.136165268115063,0.2,0.3141592653589793,9.81,1,1,10,21,41,-3.0,3.0,0.01,30.0,60.0,1e-09,1e-12,6,0.0001,1,new simulation,nan
20,1,0.5141592653589793,-2.85,0.9999999999999998,rolling,8.849999999999856,-0.10742853886495453,2.132845695457833,28,26,2,2.1362027753306965,0.2,0.3141592653589793,9.81,1,1,10,21,41,-3.0,3.0,0.01,30.0,60.0,1e-09,1e-12,6,0.0001,1,new simulation,nan
20,2,0.5141592653589793,-2.7,0.9999999999999998,rolling,9.069999999999851,-0.10913927212891165,2.1336945253161743,28,26,2,2.13619772108661,0.2,0.3141592653589793,9.81,1,1,10,21,41,-3.0,3.0,0.01,30.0,60.0,1e-09,1e-12,6,0.0001,1,new simulation,nan
20,3,0.5141592653589793,-2.55,0.9999999999999998,settled,1.440000000000001,-0.11415926535897936,0.0,3,1,2,nan,0.2,0.3141592653589793,9.81,1,1,10,21,41,-3.0,3.0,0.01,30.0,60.0,1e-09,1e-12,6,0.0001,1,new simulation,nan
20,4,0.5141592653589793,-2.4,0.9999999999999998,rolling,8.489999999999863,-0.10487344006230966,2.1315955638992032,26,25,1,2.136185762789695,0.2,0.3141592653589793,9.81,1,1,10,21,41,-3.0,3.0,0.01,30.0,60.0,1e-09,1e-12,6,0.0001,1,new simulation,nan
20,5,0.5141592653589793,-2.25,0.9999999999999998,rolling,8.299999999999867,-0.0956798493219631,2.127353020903698,26,25,1,2.1361758779865982,0.2,0.3141592653589793,9.81,1,1,10,21,41,-3.0,3.0,0.01,30.0,60.0,1e-09,1e-12,6,0.0001,1,new simulation,nan
20,6,0.5141592653589793,-2.1,0.9999999999999998,rolling,8.259999999999868,-0.09856922531388035,2.1286421702309637,26,25,1,2.136166630772068,0.2,0.3141592653589793,9.81,1,1,10,21,41,-3.0,3.0,0.01,30.0,60.0,1e-09,1e-12,6,0.0001,1,new simulation,nan
20,7,0.5141592653589793,-1.95,0.9999999999999998,rolling,8.589999999999861,-0.10007696403283776,2.129341030387431,27,26,1,2.1362033600068284,0.2,0.3141592653589793,9.81,1,1,10,21,41,-3.0,3.0,0.01,30.0,60.0,1e-09,1e-12,6,0.0001,1,new simulation,nan
20,8,0.5141592653589793,-1.8,0.9999999999999998,rolling,8.769999999999857,-0.1123563446944057,2.1353287367902567,27,26,1,2.136198141232738,0.2,0.3141592653589793,9.81,1,1,10,21,41,-3.0,3.0,0.01,30.0,60.0,1e-09,1e-12,6,0.0001,1,new simulation,nan
20,9,0.5141592653589793,-1.6500000000000001,0.9999999999999998,rolling,10.009999999999831,-0.10557277419240996,2.131935621095864,27,26,1,2.1361933427317887,0.2,0.3141592653589793,9.81,1,1,10,21,41,-3.0,3.0,0.01,30.0,60.0,1e-09,1e-12,6,0.0001,1,new simulation,nan
20,10,0.5141592653589793,-1.5,0.9999999999999998,rolling,8.21999999999987,-0.10968265973874022,2.1339644039672954,25,25,0,2.1361869924699812,0.2,0.3141592653589793,9.81,1,1,10,21,41,-3.0,3.0,0.01,30.0,60.0,1e-09,1e-12,6,0.0001,1,new simulation,nan
20,11,0.5141592653589793,-1.35,0.9999999999999998,rolling,7.9699999999998745,-0.09948033336289533,2.1290602559547303,25,25,0,2.1361777345746016,0.2,0.3141592653589793,9.81,1,1,10,21,41,-3.0,3.0,0.01,30.0,60.0,1e-09,1e-12,6,0.0001,1,new simulation,nan
20,12,0.5141592653589793,-1.2000000000000002,0.9999999999999998,rolling,7.869999999999877,-0.11059723677920363,2.1344217448824825,25,25,0,2.136169452636477,0.2,0.3141592653589793,9.81,1,1,10,21,41,-3.0,3.0,0.01,30.0,60.0,1e-09,1e-12,6,0.0001,1,new simulation,nan
20,13,0.5141592653589793,-1.05,0.9999999999999998,rolling,7.839999999999877,-0.10172467800224527,2.130094374127761,25,25,0,2.1361621457818676,0.2,0.3141592653589793,9.81,1,1,10,21,41,-3.0,3.0,0.01,30.0,60.0,1e-09,1e-12,6,0.0001,1,new simulation,nan
20,14,0.5141592653589793,-0.8999999999999999,0.9999999999999998,rolling,8.129999999999871,-0.09681863760232273,2.1278646837196074,26,26,0,2.136201914003291,0.2,0.3141592653589793,9.81,1,1,10,21,41,-3.0,3.0,0.01,30.0,60.0,1e-09,1e-12,6,0.0001,1,new simulation,nan
20,15,0.5141592653589793,-0.75,0.9999999999999998,rolling,8.17999999999987,-0.11175882017478597,2.1350218188716683,26,26,0,2.1361984066171398,0.2,0.3141592653589793,9.81,1,1,10,21,41,-3.0,3.0,0.01,30.0,60.0,1e-09,1e-12,6,0.0001,1,new simulation,nan
20,16,0.5141592653589793,-0.6000000000000001,0.9999999999999998,rolling,8.329999999999867,-0.112013556972416,2.1351517253962298,26,26,0,2.1361955363396823,0.2,0.3141592653589793,9.81,1,1,10,21,41,-3.0,3.0,0.01,30.0,60.0,1e-09,1e-12,6,0.0001,1,new simulation,nan
20,17,0.5141592653589793,-0.4500000000000002,0.9999999999999998,rolling,9.219999999999848,-0.09724160547014118,2.1280512503457425,26,26,0,2.13619330460596,0.2,0.3141592653589793,9.81,1,1,10,21,41,-3.0,3.0,0.01,30.0,60.0,1e-09,1e-12,6,0.0001,1,new simulation,nan
20,18,0.5141592653589793,-0.30000000000000027,0.9999999999999998,settled,0.12999999999999998,-0.11415926535897936,0.0,1,1,0,nan,0.2,0.3141592653589793,9.81,1,1,10,21,41,-3.0,3.0,0.01,30.0,60.0,1e-09,1e-12,6,0.0001,1,new simulation,nan
20,19,0.5141592653589793,-0.1499999999999999,0.9999999999999998,settled,0.07,-0.11415926535897936,0.0,1,1,0,nan,0.2,0.3141592653589793,9.81,1,1,10,21,41,-3.0,3.0,0.01,30.0,60.0,1e-09,1e-12,6,0.0001,1,new simulation,nan
20,20,0.5141592653589793,0.0,0.9999999999999998,settled,0.01,-0.11415926535897936,0.0,1,1,0,nan,0.2,0.3141592653589793,9.81,1,1,10,21,41,-3.0,3.0,0.01,30.0,60.0,1e-09,1e-12,6,0.0001,1,new simulation,nan
20,21,0.5141592653589793,0.1499999999999999,0.9999999999999998,settled,0.01,-0.11415926535897936,0.0,1,1,0,nan,0.2,0.3141592653589793,9.81,1,1,10,21,41,-3.0,3.0,0.01,30.0,60.0,1e-09,1e-12,6,0.0001,1,new simulation,nan
20,22,0.5141592653589793,0.2999999999999998,0.9999999999999998,settled,0.01,-0.11415926535897936,0.0,1,1,0,nan,0.2,0.3141592653589793,9.81,1,1,10,21,41,-3.0,3.0,0.01,30.0,60.0,1e-09,1e-12,6,0.0001,1,new simulation,nan
20,23,0.5141592653589793,0.44999999999999973,0.9999999999999998,rolling,9.029999999999852,-0.09424828089758355,2.126731695130418,26,26,0,2.1361933042257224,0.2,0.3141592653589793,9.81,1,1,10,21,41,-3.0,3.0,0.01,30.0,60.0,1e-09,1e-12,6,0.0001,1,new simulation,nan
20,24,0.5141592653589793,0.5999999999999996,0.9999999999999998,rolling,8.069999999999872,-0.11041467831880838,2.1343362651616276,26,26,0,2.1361955365208907,0.2,0.3141592653589793,9.81,1,1,10,21,41,-3.0,3.0,0.01,30.0,60.0,1e-09,1e-12,6,0.0001,1,new simulation,nan
20,25,0.5141592653589793,0.75,0.9999999999999998,rolling,7.849999999999877,-0.09940522777417823,2.1290315050544764,26,26,0,2.1361984064494175,0.2,0.3141592653589793,9.81,1,1,10,21,41,-3.0,3.0,0.01,30.0,60.0,1e-09,1e-12,6,0.0001,1,new simulation,nan
20,26,0.5141592653589793,0.8999999999999999,0.9999999999999998,rolling,7.70999999999988,-0.09771303219534855,2.1282650787014794,26,26,0,2.136201914447526,0.2,0.3141592653589793,9.81,1,1,10,21,41,-3.0,3.0,0.01,30.0,60.0,1e-09,1e-12,6,0.0001,1,new simulation,nan
20,27,0.5141592653589793,1.0499999999999998,0.9999999999999998,rolling,7.319999999999888,-0.10759781060793927,2.132918243174751,25,25,0,2.1361621462178157,0.2,0.3141592653589793,9.81,1,1,10,21,41,-3.0,3.0,0.01,30.0,60.0,1e-09,1e-12,6,0.0001,1,new simulation,nan
20,28,0.5141592653589793,1.2000000000000002,0.9999999999999998,rolling,7.22999999999989,-0.11302135189192716,2.135664507592296,25,25,0,2.1361694542261325,0.2,0.3141592653589793,9.81,1,1,10,21,41,-3.0,3.0,0.01,30.0,60.0,1e-09,1e-12,6,0.0001,1,new simulation,nan
20,29,0.5141592653589793,1.3499999999999996,0.9999999999999998,rolling,7.159999999999892,-0.10079892745385059,2.1296675657077766,25,25,0,2.136177734053781,0.2,0.3141592653589793,9.81,1,1,10,21,41,-3.0,3.0,0.01,30.0,60.0,1e-09,1e-12,6,0.0001,1,new simulation,nan
20,30,0.5141592653589793,1.5,0.9999999999999998,rolling,7.089999999999893,-0.10573946993676252,2.1320147925698163,25,25,0,2.136186991749396,0.2,0.3141592653589793,9.81,1,1,10,21,41,-3.0,3.0,0.01,30.0,60.0,1e-09,1e-12,6,0.0001,1,new simulation,nan
20,31,0.5141592653589793,1.6499999999999995,0.9999999999999998,rolling,7.0299999999998946,-0.10195115262268342,2.130209911523961,25,25,0,2.1361972215952263,0.2,0.3141592653589793,9.81,1,1,10,21,41,-3.0,3.0,0.01,30.0,60.0,1e-09,1e-12,6,0.0001,1,new simulation,nan
20,32,0.5141592653589793,1.7999999999999998,0.9999999999999998,rolling,6.689999999999902,-0.10966095220236023,2.133947737962009,24,24,0,2.136165763467719,0.2,0.3141592653589793,9.81,1,1,10,21,41,-3.0,3.0,0.01,30.0,60.0,1e-09,1e-12,6,0.0001,1,new simulation,nan
20,33,0.5141592653589793,1.9500000000000002,0.9999999999999998,rolling,6.639999999999903,-0.1020437435964192,2.130249845856234,24,24,0,2.1361843715158972,0.2,0.3141592653589793,9.81,1,1,10,21,41,-3.0,3.0,0.01,30.0,60.0,1e-09,1e-12,6,0.0001,1,new simulation,nan
20,34,0.5141592653589793,2.0999999999999996,0.9999999999999998,rolling,6.589999999999904,-0.10086877761006892,2.1297072010794555,24,24,0,2.136204469688573,0.2,0.3141592653589793,9.81,1,1,10,21,41,-3.0,3.0,0.01,30.0,60.0,1e-09,1e-12,6,0.0001,1,new simulation,nan
20,35,0.5141592653589793,2.25,0.9999999999999998,rolling,6.259999999999911,-0.10694760563447124,2.13260630331382,23,23,0,2.1361926979968953,0.2,0.3141592653589793,9.81,1,1,10,21,41,-3.0,3.0,0.01,30.0,60.0,1e-09,1e-12,6,0.0001,1,new simulation,nan
20,36,0.5141592653589793,2.3999999999999995,0.9999999999999998,rolling,5.939999999999918,-0.09644731250577004,2.127697794394184,22,22,0,2.1361955951420804,0.2,0.3141592653589793,9.81,1,1,10,21,41,-3.0,3.0,0.01,30.0,60.0,1e-09,1e-12,6,0.0001,1,new simulation,nan
20,37,0.5141592653589793,2.55,0.9999999999999998,rolling,5.329999999999931,-0.11321296756167465,2.135773321850014,20,20,0,2.1362044756330723,0.2,0.3141592653589793,9.81,1,1,10,21,41,-3.0,3.0,0.01,30.0,60.0,1e-09,1e-12,6,0.0001,1,new simulation,nan
20,38,0.5141592653589793,2.7,0.9999999999999998,rolling,5.009999999999938,-0.11059145645230181,2.1344748409819756,19,19,0,2.1363766127976374,0.2,0.3141592653589793,9.81,1,1,10,21,41,-3.0,3.0,0.01,30.0,60.0,1e-09,1e-12,6,0.0001,1,new simulation,nan
20,39,0.5141592653589793,2.8499999999999996,0.9999999999999998,rolling,5.809999999999921,-0.10406681397873269,2.13126049174792,22,22,0,2.136378024145578,0.2,0.3141592653589793,9.81,1,1,10,21,41,-3.0,3.0,0.01,30.0,60.0,1e-09,1e-12,6,0.0001,1,new simulation,nan
20,40,0.5141592653589793,3.0,0.9999999999999998,rolling,6.0499999999999154,-0.10417956279149304,2.131318135729657,23,23,0,2.1363917001022354,0.2,0.3141592653589793,9.81,1,1,10,21,41,-3.0,3.0,0.01,30.0,60.0,1e-09,1e-12,6,0.0001,1,new simulation,nan
