theta_index,theta_dot_index,theta0,theta_dot0,relative_angle,classification,final_time,final_theta,final_theta_dot,total_impacts,downhill_impacts,uphill_impacts,rolling_speed,gamma,alpha,gravity,length,mass,num_spokes,num_angles,num_speeds,minimum_speed,maximum_speed,timestep,max_time,retry_time,impact_time_tolerance,remaining_time_tolerance,convergence_impacts,speed_tolerance,cache_version,original_source_csv,original_grid_rolling_percent
0,0,-0.3235987755982988,-3.0,-1.0,settled,0.5500000000000003,-0.32359877559829875,0.0,2,1,1,nan,0.2,0.5235987755982988,9.81,1,1,6,21,41,-3.0,3.0,0.01,30.0,60.0,1e-09,1e-12,6,0.0001,1,new simulation,nan
0,1,-0.3235987755982988,-2.85,-1.0,settled,0.5200000000000002,-0.32359877559829875,0.0,2,1,1,nan,0.2,0.5235987755982988,9.81,1,1,6,21,41,-3.0,3.0,0.01,30.0,60.0,1e-09,1e-12,6,0.0001,1,new simulation,nan
0,2,-0.3235987755982988,-2.7,-1.0,settled,0.48000000000000026,-0.32359877559829875,0.0,2,1,1,nan,0.2,0.5235987755982988,9.81,1,1,6,21,41,-3.0,3.0,0.01,30.0,60.0,1e-09,1e-12,6,0.0001,1,new simulation,nan
0,3,-0.3235987755982988,-2.55,-1.0,settled,0.45000000000000023,-0.32359877559829875,0.0,2,1,1,nan,0.2,0.5235987755982988,9.81,1,1,6,21,41,-3.0,3.0,0.01,30.0,60.0,1e-09,1e-12,6,0.0001,1,new simulation,nan
0,4,-0.3235987755982988,-2.4,-1.0,settled,0.4100000000000002,-0.32359877559829875,0.0,2,1,1,nan,0.2,0.5235987755982988,9.81,1,1,6,21,41,-3.0,3.0,0.01,30.0,60.0,1e-09,1e-12,6,0.0001,1,new simulation,nan
0,5,-0.3235987755982988,-2.25,-1.0,settled,0.38000000000000017,-0.32359877559829875,0.0,2,1,1,nan,0.2,0.5235987755982988,9.81,1,1,6,21,41,-3.0,3.0,0.01,30.0,60.0,1e-09,1e-12,6,0.0001,1,new simulation,nan
0,6,-0.3235987755982988,-2.1,-1.0,settled,0.35000000000000014,-0.32359877559829875,0.0,2,1,1,nan,0.2,0.5235987755982988,9.81,1,1,6,21,41,-3.0,3.0,0.01,30.0,60.0,1e-09,1e-12,6,0.0001,1,new simulation,nan
0,7,-0.3235987755982988,-1.95,-1.0,settled,0.3200000000000001,-0.32359877559829875,0.0,2,1,1,nan,0.2,0.5235987755982988,9.81,1,1,6,21,41,-3.0,3.0,0.01,30.0,60.0,1e-09,1e-12,6,0.0001,1,new simulation,nan
0,8,-0.3235987755982988,-1.8,-1.0,settled,0.3000000000000001,-0.32359877559829875,0.0,2,1,1,nan,0.2,0.5235987755982988,9.81,1,1,6,21,41,-3.0,3.0,0.01,30.0,60.0,1e-09,1e-12,6,0.0001,1,new simulation,nan
0,9,-0.3235987755982988,-1.6500000000000001,-1.0,settled,0.2700000000000001,-0.32359877559829875,0.0,2,1,1,nan,0.2,0.5235987755982988,9.81,1,1,6,21,41,-3.0,3.0,0.01,30.0,60.0,1e-09,1e-12,6,0.0001,1,new simulation,nan
0,10,-0.3235987755982988,-1.5,-1.0,settled,0.24000000000000007,-0.32359877559829875,0.0,2,1,1,nan,0.2,0.5235987755982988,9.81,1,1,6,21,41,-3.0,3.0,0.01,30.0,60.0,1e-09,1e-12,6,0.0001,1,new simulation,nan
0,11,-0.3235987755982988,-1.35,-1.0,settled,0.22000000000000006,-0.32359877559829875,0.0,2,1,1,nan,0.2,0.5235987755982988,9.81,1,1,6,21,41,-3.0,3.0,0.01,30.0,60.0,1e-09,1e-12,6,0.0001,1,new simulation,nan
0,12,-0.3235987755982988,-1.2000000000000002,-1.0,settled,0.19000000000000003,-0.32359877559829875,0.0,2,1,1,nan,0.2,0.5235987755982988,9.81,1,1,6,21,41,-3.0,3.0,0.01,30.0,60.0,1e-09,1e-12,6,0.0001,1,new simulation,nan
0,13,-0.3235987755982988,-1.05,-1.0,settled,0.17,-0.32359877559829875,0.0,2,1,1,nan,0.2,0.5235987755982988,9.81,1,1,6,21,41,-3.0,3.0,0.01,30.0,60.0,1e-09,1e-12,6,0.0001,1,new simulation,nan
0,14,-0.3235987755982988,-0.8999999999999999,-1.0,settled,0.15,-0.32359877559829875,0.0,2,1,1,nan,0.2,0.5235987755982988,9.81,1,1,6,21,41,-3.0,3.0,0.01,30.0,60.0,1e-09,1e-12,6,0.0001,1,new simulation,nan
0,15,-0.3235987755982988,-0.75,-1.0,settled,0.11999999999999998,-0.32359877559829875,0.0,2,1,1,nan,0.2,0.5235987755982988,9.81,1,1,6,21,41,-3.0,3.0,0.01,30.0,60.0,1e-09,1e-12,6,0.0001,1,new simulation,nan
0,16,-0.3235987755982988,-0.6000000000000001,-1.0,settled,0.09999999999999999,-0.32359877559829875,0.0,2,1,1,nan,0.2,0.5235987755982988,9.81,1,1,6,21,41,-3.0,3.0,0.01,30.0,60.0,1e-09,1e-12,6,0.0001,1,new simulation,nan
0,17,-0.3235987755982988,-0.4500000000000002,-1.0,settled,0.07,-0.32359877559829875,0.0,2,1,1,nan,0.2,0.5235987755982988,9.81,1,1,6,21,41,-3.0,3.0,0.01,30.0,60.0,1e-09,1e-12,6,0.0001,1,new simulation,nan
0,18,-0.3235987755982988,-0.30000000000000027,-1.0,settled,0.05,-0.32359877559829875,0.0,2,1,1,nan,0.2,0.5235987755982988,9.81,1,1,6,21,41,-3.0,3.0,0.01,30.0,60.0,1e-09,1e-12,6,0.0001,1,new simulation,nan
0,19,-0.3235987755982988,-0.1499999999999999,-1.0,settled,0.03,-0.32359877559829875,0.0,2,1,1,nan,0.2,0.5235987755982988,9.81,1,1,6,21,41,-3.0,3.0,0.01,30.0,60.0,1e-09,1e-12,6,0.0001,1,new simulation,nan
0,20,-0.3235987755982988,0.0,-1.0,settled,0.01,-0.32359877559829875,0.0,2,1,1,nan,0.2,0.5235987755982988,9.81,1,1,6,21,41,-3.0,3.0,0.01,30.0,60.0,1e-09,1e-12,6,0.0001,1,new simulation,nan
0,21,-0.3235987755982988,0.1499999999999999,-1.0,settled,0.11999999999999998,-0.32359877559829875,0.0,2,1,1,nan,0.2,0.5235987755982988,9.81,1,1,6,21,41,-3.0,3.0,0.01,30.0,60.0,1e-09,1e-12,6,0.0001,1,new simulation,nan
0,22,-0.3235987755982988,0.2999999999999998,-1.0,settled,0.25000000000000006,-0.32359877559829875,0.0,2,1,1,nan,0.2,0.5235987755982988,9.81,1,1,6,21,41,-3.0,3.0,0.01,30.0,60.0,1e-09,1e-12,6,0.0001,1,new simulation,nan
0,23,-0.3235987755982988,0.44999999999999973,-1.0,settled,0.38000000000000017,-0.32359877559829875,0.0,2,1,1,nan,0.2,0.5235987755982988,9.81,1,1,6,21,41,-3.0,3.0,0.01,30.0,60.0,1e-09,1e-12,6,0.0001,1,new simulation,nan
0,24,-0.3235987755982988,0.5999999999999996,-1.0,settled,0.5400000000000003,-0.32359877559829875,0.0,2,1,1,nan,0.2,0.5235987755982988,9.81,1,1,6,21,41,-3.0,3.0,0.01,30.0,60.0,1e-09,1e-12,6,0.0001,1,new simulation,nan
0,25,-0.3235987755982988,0.75,-1.0,settled,0.7400000000000004,-0.32359877559829875,0.0,2,1,1,nan,0.2,0.5235987755982988,9.81,1,1,6,21,41,-3.0,3.0,0.01,30.0,60.0,1e-09,1e-12,6,0.0001,1,new simulation,nan
0,26,-0.3235987755982988,0.8999999999999999,-1.0,settled,1.0600000000000007,-0.32359877559829875,0.0,2,1,1,nan,0.2,0.5235987755982988,9.81,1,1,6,21,41,-3.0,3.0,0.01,30.0,60.0,1e-09,1e-12,6,0.0001,1,new simulation,nan
0,27,-0.3235987755982988,1.0499999999999998,-1.0,rolling,11.859999999999792,-0.3134832820368375,1.1122686991637674,10,10,0,1.1398485517167416,0.2,0.5235987755982988,9.81,1,1,6,21,41,-3.0,3.0,0.01,30.0,60.0,1e-09,1e-12,6,0.0001,1,new simulation,nan
0,28,-0.3235987755982988,1.2000000000000002,-1.0,rolling,11.249999999999805,-0.31281840557672297,1.1104608979357422,10,10,0,1.1398806717446401,0.2,0.5235987755982988,9.81,1,1,6,21,41,-3.0,3.0,0.01,30.0,60.0,1e-09,1e-12,6,0.0001,1,new simulation,nan
0,29,-0.3235987755982988,1.3499999999999996,-1.0,rolling,12.099999999999786,-0.31423029327305424,1.1143010447831243,11,11,0,1.1398797291087432,0.2,0.5235987755982988,9.81,1,1,6,21,41,-3.0,3.0,0.01,30.0,60.0,1e-09,1e-12,6,0.0001,1,new simulation,nan
0,30,-0.3235987755982988,1.5,-1.0,rolling,11.889999999999791,-0.31381184930694644,1.1131626148867737,11,11,0,1.1398898995149682,0.2,0.5235987755982988,9.81,1,1,6,21,41,-3.0,3.0,0.01,30.0,60.0,1e-09,1e-12,6,0.0001,1,new simulation,nan
0,31,-0.3235987755982988,1.6499999999999995,-1.0,rolling,12.85999999999977,-0.31329239923174684,1.1117496892355847,12,12,0,1.1398757465124107,0.2,0.5235987755982988,9.81,1,1,6,21,41,-3.0,3.0,0.01,30.0,60.0,1e-09,1e-12,6,0.0001,1,new simulation,nan
0,32,-0.3235987755982988,1.7999999999999998,-1.0,rolling,12.709999999999773,-0.31690243068725177,1.1215783005046178,12,12,0,1.1398788240572715,0.2,0.5235987755982988,9.81,1,1,6,21,41,-3.0,3.0,0.01,30.0,60.0,1e-09,1e-12,6,0.0001,1,new simulation,nan
0,33,-0.3235987755982988,1.9500000000000002,-1.0,rolling,12.579999999999776,-0.3171608109859054,1.1222826279865363,12,12,0,1.1398821696591732,0.2,0.5235987755982988,9.81,1,1,6,21,41,-3.0,3.0,0.01,30.0,60.0,1e-09,1e-12,6,0.0001,1,new simulation,nan
0,34,-0.3235987755982988,2.0999999999999996,-1.0,rolling,12.459999999999779,-0.32049371651690073,1.1313777123929356,12,12,0,1.1398857836135512,0.2,0.5235987755982988,9.81,1,1,6,21,41,-3.0,3.0,0.01,30.0,60.0,1e-09,1e-12,6,0.0001,1,new simulation,nan
0,35,-0.3235987755982988,2.25,-1.0,rolling,12.359999999999781,-0.31260101820439573,1.1098699811178674,12,12,0,1.1398896644430365,0.2,0.5235987755982988,9.81,1,1,6,21,41,-3.0,3.0,0.01,30.0,60.0,1e-09,1e-12,6,0.0001,1,new simulation,nan
0,36,-0.3235987755982988,2.3999999999999995,-1.0,rolling,12.259999999999783,-0.3138091925278093,1.1131554048264976,12,12,0,1.1398938123092435,0.2,0.5235987755982988,9.81,1,1,6,21,41,-3.0,3.0,0.01,30.0,60.0,1e-09,1e-12,6,0.0001,1,new simulation,nan
0,37,-0.3235987755982988,2.55,-1.0,rolling,13.299999999999761,-0.3234305085893839,1.139406853103192,13,13,0,1.1398750181753945,0.2,0.5235987755982988,9.81,1,1,6,21,41,-3.0,3.0,0.01,30.0,60.0,1e-09,1e-12,6,0.0001,1,new simulation,nan
0,38,-0.3235987755982988,2.7,-1.0,rolling,13.219999999999763,-0.3162526304566809,1.1198075134697703,13,13,0,1.1398761894247036,0.2,0.5235987755982988,9.81,1,1,6,21,41,-3.0,3.0,0.01,30.0,60.0,1e-09,1e-12,6,0.0001,1,new simulation,nan
0,39,-0.3235987755982988,2.8499999999999996,-1.0,rolling,13.139999999999764,-0.31473218778532114,1.1156669537527648,13,13,0,1.1398774271746548,0.2,0.5235987755982988,9.81,1,1,6,21,41,-3.0,3.0,0.01,30.0,60.0,1e-09,1e-12,6,0.0001,1,new simulation,nan
0,40,-0.3235987755982988,3.0,-1.0,rolling,13.059999999999766,-0.31810978279895824,1.1248703537561175,13,13,0,1.1398787319861414,0.2,0.5235987755982988,9.81,1,1,6,21,41,-3.0,3.0,0.01,30.0,60.0,1e-09,1e-12,6,0.0001,1,new simulation,nan
1,0,-0.2712388980384689,-3.0,-0.8999999999999999,settled,0.5900000000000003,-0.32359877559829875,0.0,2,1,1,nan,0.2,0.5235987755982988,9.81,1,1,6,21,41,-3.0,3.0,0.01,30.0,60.0,1e-09,1e-12,6,0.0001,1,new simulation,nan
1,1,-0.2712388980384689,-2.85,-0.8999999999999999,settled,0.5500000000000003,-0.32359877559829875,0.0,2,1,1,nan,0.2,0.5235987755982988,9.81,1,1,6,21,41,-3.0,3.0,0.01,30.0,60.0,1e-09,1e-12,6,0.0001,1,new simulation,nan
1,2,-0.2712388980384689,-2.7,-0.8999999999999999,settled,0.5100000000000002,-0.32359877559829875,0.0,2,1,1,nan,0.2,0.5235987755982988,9.81,1,1,6,21,41,-3.0,3.0,0.01,30.0,60.0,1e-09,1e-12,6,0.0001,1,new simulation,nan
1,3,-0.2712388980384689,-2.55,-0.8999999999999999,settled,0.48000000000000026,-0.32359877559829875,0.0,2,1,1,nan,0.2,0.5235987755982988,9.81,1,1,6,21,41,-3.0,3.0,0.01,30.0,60.0,1e-09,1e-12,6,0.0001,1,new simulation,nan
1,4,-0.2712388980384689,-2.4,-0.8999999999999999,settled,0.45000000000000023,-0.32359877559829875,0.0,2,1,1,nan,0.2,0.5235987755982988,9.81,1,1,6,21,41,-3.0,3.0,0.01,30.0,60.0,1e-09,1e-12,6,0.0001,1,new simulation,nan
1,5,-0.2712388980384689,-2.25,-0.8999999999999999,settled,0.4200000000000002,-0.32359877559829875,0.0,2,1,1,nan,0.2,0.5235987755982988,9.81,1,1,6,21,41,-3.0,3.0,0.01,30.0,60.0,1e-09,1e-12,6,0.0001,1,new simulation,nan
1,6,-0.2712388980384689,-2.1,-0.8999999999999999,settled,0.3900000000000002,-0.32359877559829875,0.0,2,1,1,nan,0.2,0.5235987755982988,9.81,1,1,6,21,41,-3.0,3.0,0.01,30.0,60.0,1e-09,1e-12,6,0.0001,1,new simulation,nan
1,7,-0.2712388980384689,-1.95,-0.8999999999999999,settled,0.36000000000000015,-0.32359877559829875,0.0,2,1,1,nan,0.2,0.5235987755982988,9.81,1,1,6,21,41,-3.0,3.0,0.01,30.0,60.0,1e-09,1e-12,6,0.0001,1,new simulation,nan
1,8,-0.2712388980384689,-1.8,-0.8999999999999999,settled,0.34000000000000014,-0.32359877559829875,0.0,2,1,1,nan,0.2,0.5235987755982988,9.81,1,1,6,21,41,-3.0,3.0,0.01,30.0,60.0,1e-09,1e-12,6,0.0001,1,new simulation,nan
1,9,-0.2712388980384689,-1.6500000000000001,-0.8999999999999999,settled,0.3200000000000001,-0.32359877559829875,0.0,2,1,1,nan,0.2,0.5235987755982988,9.81,1,1,6,21,41,-3.0,3.0,0.01,30.0,60.0,1e-09,1e-12,6,0.0001,1,new simulation,nan
1,10,-0.2712388980384689,-1.5,-0.8999999999999999,settled,0.2900000000000001,-0.32359877559829875,0.0,2,1,1,nan,0.2,0.5235987755982988,9.81,1,1,6,21,41,-3.0,3.0,0.01,30.0,60.0,1e-09,1e-12,6,0.0001,1,new simulation,nan
1,11,-0.2712388980384689,-1.35,-0.8999999999999999,settled,0.2700000000000001,-0.32359877559829875,0.0,2,1,1,nan,0.2,0.5235987755982988,9.81,1,1,6,21,41,-3.0,3.0,0.01,30.0,60.0,1e-09,1e-12,6,0.0001,1,new simulation,nan
1,12,-0.2712388980384689,-1.2000000000000002,-0.8999999999999999,settled,0.26000000000000006,-0.32359877559829875,0.0,2,1,1,nan,0.2,0.5235987755982988,9.81,1,1,6,21,41,-3.0,3.0,0.01,30.0,60.0,1e-09,1e-12,6,0.0001,1,new simulation,nan
1,13,-0.2712388980384689,-1.05,-0.8999999999999999,settled,0.24000000000000007,-0.32359877559829875,0.0,2,1,1,nan,0.2,0.5235987755982988,9.81,1,1,6,21,41,-3.0,3.0,0.01,30.0,60.0,1e-09,1e-12,6,0.0001,1,new simulation,nan
1,14,-0.2712388980384689,-0.8999999999999999,-0.8999999999999999,settled,0.22000000000000006,-0.32359877559829875,0.0,2,1,1,nan,0.2,0.5235987755982988,9.81,1,1,6,21,41,-3.0,3.0,0.01,30.0,60.0,1e-09,1e-12,6,0.0001,1,new simulation,nan
1,15,-0.2712388980384689,-0.75,-0.8999999999999999,settled,0.21000000000000005,-0.32359877559829875,0.0,2,1,1,nan,0.2,0.5235987755982988,9.81,1,1,6,21,41,-3.0,3.0,0.01,30.0,60.0,1e-09,1e-12,6,0.0001,1,new simulation,nan
1,16,-0.2712388980384689,-0.6000000000000001,-0.8999999999999999,settled,0.21000000000000005,-0.32359877559829875,0.0,2,1,1,nan,0.2,0.5235987755982988,9.81,1,1,6,21,41,-3.0,3.0,0.01,30.0,60.0,1e-09,1e-12,6,0.0001,1,new simulation,nan
1,17,-0.2712388980384689,-0.4500000000000002,-0.8999999999999999,settled,0.21000000000000005,-0.32359877559829875,0.0,2,1,1,nan,0.2,0.5235987755982988,9.81,1,1,6,21,41,-3.0,3.0,0.01,30.0,60.0,1e-09,1e-12,6,0.0001,1,new simulation,nan
1,18,-0.2712388980384689,-0.30000000000000027,-0.8999999999999999,settled,0.22000000000000006,-0.32359877559829875,0.0,2,1,1,nan,0.2,0.5235987755982988,9.81,1,1,6,21,41,-3.0,3.0,0.01,30.0,60.0,1e-09,1e-12,6,0.0001,1,new simulation,nan
1,19,-0.2712388980384689,-0.1499999999999999,-0.8999999999999999,settled,0.24000000000000007,-0.32359877559829875,0.0,2,1,1,nan,0.2,0.5235987755982988,9.81,1,1,6,21,41,-3.0,3.0,0.01,30.0,60.0,1e-09,1e-12,6,0.0001,1,new simulation,nan
1,20,-0.2712388980384689,0.0,-0.8999999999999999,settled,0.2900000000000001,-0.32359877559829875,0.0,2,1,1,nan,0.2,0.5235987755982988,9.81,1,1,6,21,41,-3.0,3.0,0.01,30.0,60.0,1e-09,1e-12,6,0.0001,1,new simulation,nan
1,21,-0.2712388980384689,0.1499999999999999,-0.8999999999999999,settled,0.36000000000000015,-0.32359877559829875,0.0,2,1,1,nan,0.2,0.5235987755982988,9.81,1,1,6,21,41,-3.0,3.0,0.01,30.0,60.0,1e-09,1e-12,6,0.0001,1,new simulation,nan
1,22,-0.2712388980384689,0.2999999999999998,-0.8999999999999999,settled,0.45000000000000023,-0.32359877559829875,0.0,2,1,1,nan,0.2,0.5235987755982988,9.81,1,1,6,21,41,-3.0,3.0,0.01,30.0,60.0,1e-09,1e-12,6,0.0001,1,new simulation,nan
1,23,-0.2712388980384689,0.44999999999999973,-0.8999999999999999,settled,0.5900000000000003,-0.32359877559829875,0.0,2,1,1,nan,0.2,0.5235987755982988,9.81,1,1,6,21,41,-3.0,3.0,0.01,30.0,60.0,1e-09,1e-12,6,0.0001,1,new simulation,nan
1,24,-0.2712388980384689,0.5999999999999996,-0.8999999999999999,settled,0.7700000000000005,-0.32359877559829875,0.0,2,1,1,nan,0.2,0.5235987755982988,9.81,1,1,6,21,41,-3.0,3.0,0.01,30.0,60.0,1e-09,1e-12,6,0.0001,1,new simulation,nan
1,25,-0.2712388980384689,0.75,-0.8999999999999999,settled,1.1100000000000008,-0.32359877559829875,0.0,2,1,1,nan,0.2,0.5235987755982988,9.81,1,1,6,21,41,-3.0,3.0,0.01,30.0,60.0,1e-09,1e-12,6,0.0001,1,new simulation,nan
1,26,-0.2712388980384689,0.8999999999999999,-0.8999999999999999,rolling,11.769999999999794,-0.3164824582697928,1.1204336164132929,10,10,0,1.1398493620723273,0.2,0.5235987755982988,9.81,1,1,6,21,41,-3.0,3.0,0.01,30.0,60.0,1e-09,1e-12,6,0.0001,1,new simulation,nan
1,27,-0.2712388980384689,1.0499999999999998,-0.8999999999999999,rolling,11.239999999999805,-0.3140165266124064,1.1137193941091679,10,10,0,1.1398771995211738,0.2,0.5235987755982988,9.81,1,1,6,21,41,-3.0,3.0,0.01,30.0,60.0,1e-09,1e-12,6,0.0001,1,new simulation,nan
1,28,-0.2712388980384689,1.2000000000000002,-0.8999999999999999,rolling,12.109999999999786,-0.3126857845798545,1.1101003501007496,11,11,0,1.139877790550903,0.2,0.5235987755982988,9.81,1,1,6,21,41,-3.0,3.0,0.01,30.0,60.0,1e-09,1e-12,6,0.0001,1,new simulation,nan
1,29,-0.2712388980384689,1.3499999999999996,-0.8999999999999999,rolling,11.89999999999979,-0.32242253861458725,1.1366495504093457,11,11,0,1.1398868909200062,0.2,0.5235987755982988,9.81,1,1,6,21,41,-3.0,3.0,0.01,30.0,60.0,1e-09,1e-12,6,0.0001,1,new simulation,nan
1,30,-0.2712388980384689,1.5,-0.8999999999999999,rolling,12.87999999999977,-0.3167513579382678,1.1211665288196595,12,12,0,1.13987472625867,0.2,0.5235987755982988,9.81,1,1,6,21,41,-3.0,3.0,0.01,30.0,60.0,1e-09,1e-12,6,0.0001,1,new simulation,nan
1,31,-0.2712388980384689,1.6499999999999995,-0.8999999999999999,rolling,12.739999999999773,-0.31305788212979146,1.1111119843061872,12,12,0,1.1398775368486906,0.2,0.5235987755982988,9.81,1,1,6,21,41,-3.0,3.0,0.01,30.0,60.0,1e-09,1e-12,6,0.0001,1,new simulation,nan
1,32,-0.2712388980384689,1.7999999999999998,-0.8999999999999999,rolling,12.609999999999776,-0.31580332756475094,1.1185835524632814,12,12,0,1.1398806141891387,0.2,0.5235987755982988,9.81,1,1,6,21,41,-3.0,3.0,0.01,30.0,60.0,1e-09,1e-12,6,0.0001,1,new simulation,nan
1,33,-0.2712388980384689,1.9500000000000002,-0.8999999999999999,rolling,12.489999999999778,-0.3207374794271315,1.1320436217421364,12,12,0,1.1398839602928816,0.2,0.5235987755982988,9.81,1,1,6,21,41,-3.0,3.0,0.01,30.0,60.0,1e-09,1e-12,6,0.0001,1,new simulation,nan
1,34,-0.2712388980384689,2.0999999999999996,-0.8999999999999999,rolling,12.38999999999978,-0.31381471636943675,1.1131704045128632,12,12,0,1.1398875737098015,0.2,0.5235987755982988,9.81,1,1,6,21,41,-3.0,3.0,0.01,30.0,60.0,1e-09,1e-12,6,0.0001,1,new simulation,nan
1,35,-0.2712388980384689,2.25,-0.8999999999999999,rolling,12.289999999999782,-0.3155743780871386,1.1179600342529994,12,12,0,1.1398914544617103,0.2,0.5235987755982988,9.81,1,1,6,21,41,-3.0,3.0,0.01,30.0,60.0,1e-09,1e-12,6,0.0001,1,new simulation,nan
1,36,-0.2712388980384689,2.3999999999999995,-0.8999999999999999,rolling,12.199999999999784,-0.3134397045693022,1.1121503892819857,12,12,0,1.1398956032074936,0.2,0.5235987755982988,9.81,1,1,6,21,41,-3.0,3.0,0.01,30.0,60.0,1e-09,1e-12,6,0.0001,1,new simulation,nan
1,37,-0.2712388980384689,2.55,-0.8999999999999999,rolling,13.249999999999762,-0.31828748628076026,1.1253550854485055,13,13,0,1.139875466091091,0.2,0.5235987755982988,9.81,1,1,6,21,41,-3.0,3.0,0.01,30.0,60.0,1e-09,1e-12,6,0.0001,1,new simulation,nan
1,38,-0.2712388980384689,2.7,-0.8999999999999999,rolling,13.169999999999764,-0.31661468249992397,1.1207940582906222,13,13,0,1.1398766370089914,0.2,0.5235987755982988,9.81,1,1,6,21,41,-3.0,3.0,0.01,30.0,60.0,1e-09,1e-12,6,0.0001,1,new simulation,nan
1,39,-0.2712388980384689,2.8499999999999996,-0.8999999999999999,rolling,13.089999999999765,-0.31974272247925006,1.1293267088229049,13,13,0,1.1398778748362455,0.2,0.5235987755982988,9.81,1,1,6,21,41,-3.0,3.0,0.01,30.0,60.0,1e-09,1e-12,6,0.0001,1,new simulation,nan
1,40,-0.2712388980384689,3.0,-0.8999999999999999,rolling,13.019999999999767,-0.31589605790089637,1.1188361321026146,13,13,0,1.139879179312523,0.2,0.5235987755982988,9.81,1,1,6,21,41,-3.0,3.0,0.01,30.0,60.0,1e-09,1e-12,6,0.0001,1,new simulation,nan
2,0,-0.21887902047863905,-3.0,-0.8,settled,0.6100000000000003,-0.32359877559829875,0.0,2,1,1,nan,0.2,0.5235987755982988,9.81,1,1,6,21,41,-3.0,3.0,0.01,30.0,60.0,1e-09,1e-12,6,0.0001,1,new simulation,nan
2,1,-0.21887902047863905,-2.85,-0.8,settled,0.5800000000000003,-0.32359877559829875,0.0,2,1,1,nan,0.2,0.5235987755982988,9.81,1,1,6,21,41,-3.0,3.0,0.01,30.0,60.0,1e-09,1e-12,6,0.0001,1,new simulation,nan
2,2,-0.21887902047863905,-2.7,-0.8,settled,0.5400000000000003,-0.32359877559829875,0.0,2,1,1,nan,0.2,0.5235987755982988,9.81,1,1,6,21,41,-3.0,3.0,0.01,30.0,60.0,1e-09,1e-12,6,0.0001,1,new simulation,nan
2,3,-0.21887902047863905,-2.55,-0.8,settled,0.5100000000000002,-0.32359877559829875,0.0,2,1,1,nan,0.2,0.5235987755982988,9.81,1,1,6,21,41,-3.0,3.0,0.01,30.0,60.0,1e-09,1e-12,6,0.0001,1,new simulation,nan
2,4,-0.21887902047863905,-2.4,-0.8,settled,0.48000000000000026,-0.32359877559829875,0.0,2,1,1,nan,0.2,0.5235987755982988,9.81,1,1,6,21,41,-3.0,3.0,0.01,30.0,60.0,1e-09,1e-12,6,0.0001,1,new simulation,nan
2,5,-0.21887902047863905,-2.25,-0.8,settled,0.45000000000000023,-0.32359877559829875,0.0,2,1,1,nan,0.2,0.5235987755982988,9.81,1,1,6,21,41,-3.0,3.0,0.01,30.0,60.0,1e-09,1e-12,6,0.0001,1,new simulation,nan
2,6,-0.21887902047863905,-2.1,-0.8,settled,0.4300000000000002,-0.32359877559829875,0.0,2,1,1,nan,0.2,0.5235987755982988,9.81,1,1,6,21,41,-3.0,3.0,0.01,30.0,60.0,1e-09,1e-12,6,0.0001,1,new simulation,nan
2,7,-0.21887902047863905,-1.95,-0.8,settled,0.4000000000000002,-0.32359877559829875,0.0,2,1,1,nan,0.2,0.5235987755982988,9.81,1,1,6,21,41,-3.0,3.0,0.01,30.0,60.0,1e-09,1e-12,6,0.0001,1,new simulation,nan
2,8,-0.21887902047863905,-1.8,-0.8,settled,0.38000000000000017,-0.32359877559829875,0.0,2,1,1,nan,0.2,0.5235987755982988,9.81,1,1,6,21,41,-3.0,3.0,0.01,30.0,60.0,1e-09,1e-12,6,0.0001,1,new simulation,nan
2,9,-0.21887902047863905,-1.6500000000000001,-0.8,settled,0.36000000000000015,-0.32359877559829875,0.0,2,1,1,nan,0.2,0.5235987755982988,9.81,1,1,6,21,41,-3.0,3.0,0.01,30.0,60.0,1e-09,1e-12,6,0.0001,1,new simulation,nan
2,10,-0.21887902047863905,-1.5,-0.8,settled,0.34000000000000014,-0.32359877559829875,0.0,2,1,1,nan,0.2,0.5235987755982988,9.81,1,1,6,21,41,-3.0,3.0,0.01,30.0,60.0,1e-09,1e-12,6,0.0001,1,new simulation,nan
2,11,-0.21887902047863905,-1.35,-0.8,settled,0.3200000000000001,-0.32359877559829875,0.0,2,1,1,nan,0.2,0.5235987755982988,9.81,1,1,6,21,41,-3.0,3.0,0.01,30.0,60.0,1e-09,1e-12,6,0.0001,1,new simulation,nan
2,12,-0.21887902047863905,-1.2000000000000002,-0.8,settled,0.3100000000000001,-0.32359877559829875,0.0,2,1,1,nan,0.2,0.5235987755982988,9.81,1,1,6,21,41,-3.0,3.0,0.01,30.0,60.0,1e-09,1e-12,6,0.0001,1,new simulation,nan
2,13,-0.21887902047863905,-1.05,-0.8,settled,0.3000000000000001,-0.32359877559829875,0.0,2,1,1,nan,0.2,0.5235987755982988,9.81,1,1,6,21,41,-3.0,3.0,0.01,30.0,60.0,1e-09,1e-12,6,0.0001,1,new simulation,nan
2,14,-0.21887902047863905,-0.8999999999999999,-0.8,settled,0.2900000000000001,-0.32359877559829875,0.0,2,1,1,nan,0.2,0.5235987755982988,9.81,1,1,6,21,41,-3.0,3.0,0.01,30.0,60.0,1e-09,1e-12,6,0.0001,1,new simulation,nan
2,15,-0.21887902047863905,-0.75,-0.8,settled,0.2900000000000001,-0.32359877559829875,0.0,2,1,1,nan,0.2,0.5235987755982988,9.81,1,1,6,21,41,-3.0,3.0,0.01,30.0,60.0,1e-09,1e-12,6,0.0001,1,new simulation,nan
2,16,-0.21887902047863905,-0.6000000000000001,-0.8,settled,0.2900000000000001,-0.32359877559829875,0.0,2,1,1,nan,0.2,0.5235987755982988,9.81,1,1,6,21,41,-3.0,3.0,0.01,30.0,60.0,1e-09,1e-12,6,0.0001,1,new simulation,nan
2,17,-0.21887902047863905,-0.4500000000000002,-0.8,settled,0.3000000000000001,-0.32359877559829875,0.0,2,1,1,nan,0.2,0.5235987755982988,9.81,1,1,6,21,41,-3.0,3.0,0.01,30.0,60.0,1e-09,1e-12,6,0.0001,1,new simulation,nan
2,18,-0.21887902047863905,-0.30000000000000027,-0.8,settled,0.3300000000000001,-0.32359877559829875,0.0,2,1,1,nan,0.2,0.5235987755982988,9.81,1,1,6,21,41,-3.0,3.0,0.01,30.0,60.0,1e-09,1e-12,6,0.0001,1,new simulation,nan
2,19,-0.21887902047863905,-0.1499999999999999,-0.8,settled,0.36000000000000015,-0.32359877559829875,0.0,2,1,1,nan,0.2,0.5235987755982988,9.81,1,1,6,21,41,-3.0,3.0,0.01,30.0,60.0,1e-09,1e-12,6,0.0001,1,new simulation,nan
2,20,-0.21887902047863905,0.0,-0.8,settled,0.4200000000000002,-0.32359877559829875,0.0,2,1,1,nan,0.2,0.5235987755982988,9.81,1,1,6,21,41,-3.0,3.0,0.01,30.0,60.0,1e-09,1e-12,6,0.0001,1,new simulation,nan
2,21,-0.21887902047863905,0.1499999999999999,-0.8,settled,0.5100000000000002,-0.32359877559829875,0.0,2,1,1,nan,0.2,0.5235987755982988,9.81,1,1,6,21,41,-3.0,3.0,0.01,30.0,60.0,1e-09,1e-12,6,0.0001,1,new simulation,nan
2,22,-0.21887902047863905,0.2999999999999998,-0.8,settled,0.6300000000000003,-0.32359877559829875,0.0,2,1,1,nan,0.2,0.5235987755982988,9.81,1,1,6,21,41,-3.0,3.0,0.01,30.0,60.0,1e-09,1e-12,6,0.0001,1,new simulation,nan
2,23,-0.21887902047863905,0.44999999999999973,-0.8,settled,0.8100000000000005,-0.32359877559829875,0.0,2,1,1,nan,0.2,0.5235987755982988,9.81,1,1,6,21,41,-3.0,3.0,0.01,30.0,60.0,1e-09,1e-12,6,0.0001,1,new simulation,nan
2,24,-0.21887902047863905,0.5999999999999996,-0.8,settled,1.1600000000000008,-0.32359877559829875,0.0,2,1,1,nan,0.2,0.5235987755982988,9.81,1,1,6,21,41,-3.0,3.0,0.01,30.0,60.0,1e-09,1e-12,6,0.0001,1,new simulation,nan
2,25,-0.21887902047863905,0.75,-0.8,rolling,11.699999999999795,-0.3165060874450758,1.1204980073741284,10,10,0,1.1398495248603393,0.2,0.5235987755982988,9.81,1,1,6,21,41,-3.0,3.0,0.01,30.0,60.0,1e-09,1e-12,6,0.0001,1,new simulation,nan
2,26,-0.21887902047863905,0.8999999999999999,-0.8,rolling,10.08999999999983,-0.317719524902714,1.123806033109163,9,9,0,1.139890474924696,0.2,0.5235987755982988,9.81,1,1,6,21,41,-3.0,3.0,0.01,30.0,60.0,1e-09,1e-12,6,0.0001,1,new simulation,nan
2,27,-0.21887902047863905,1.0499999999999998,-0.8,rolling,12.119999999999786,-0.3141756268313761,1.1141522752111286,11,11,0,1.139875689499112,0.2,0.5235987755982988,9.81,1,1,6,21,41,-3.0,3.0,0.01,30.0,60.0,1e-09,1e-12,6,0.0001,1,new simulation,nan
2,28,-0.21887902047863905,1.2000000000000002,-0.8,rolling,11.91999999999979,-0.32309204223098836,1.1384808185498227,11,11,0,1.1398837196260045,0.2,0.5235987755982988,9.81,1,1,6,21,41,-3.0,3.0,0.01,30.0,60.0,1e-09,1e-12,6,0.0001,1,new simulation,nan
2,29,-0.21887902047863905,1.3499999999999996,-0.8,rolling,11.759999999999794,-0.3229920406166441,1.1382072791431261,11,11,0,1.1398928191436652,0.2,0.5235987755982988,9.81,1,1,6,21,41,-3.0,3.0,0.01,30.0,60.0,1e-09,1e-12,6,0.0001,1,new simulation,nan
2,30,-0.21887902047863905,1.5,-0.8,rolling,12.769999999999772,-0.312766109522464,1.1103187046308494,12,12,0,1.1398762083510368,0.2,0.5235987755982988,9.81,1,1,6,21,41,-3.0,3.0,0.01,30.0,60.0,1e-09,1e-12,6,0.0001,1,new simulation,nan
2,31,-0.21887902047863905,1.6499999999999995,-0.8,rolling,12.639999999999775,-0.3180275116496368,1.1246459514657694,12,12,0,1.1398790192952044,0.2,0.5235987755982988,9.81,1,1,6,21,41,-3.0,3.0,0.01,30.0,60.0,1e-09,1e-12,6,0.0001,1,new simulation,nan
2,32,-0.21887902047863905,1.7999999999999998,-0.8,rolling,12.529999999999777,-0.3133030797785551,1.111778763540805,12,12,0,1.1398820971042278,0.2,0.5235987755982988,9.81,1,1,6,21,41,-3.0,3.0,0.01,30.0,60.0,1e-09,1e-12,6,0.0001,1,new simulation,nan
2,33,-0.21887902047863905,1.9500000000000002,-0.8,rolling,12.41999999999978,-0.31849339758046796,1.1259168876232615,12,12,0,1.1398854427128913,0.2,0.5235987755982988,9.81,1,1,6,21,41,-3.0,3.0,0.01,30.0,60.0,1e-09,1e-12,6,0.0001,1,new simulation,nan
2,34,-0.21887902047863905,2.0999999999999996,-0.8,rolling,12.319999999999782,-0.3207236802774838,1.13200594436957,12,12,0,1.1398890556044938,0.2,0.5235987755982988,9.81,1,1,6,21,41,-3.0,3.0,0.01,30.0,60.0,1e-09,1e-12,6,0.0001,1,new simulation,nan
2,35,-0.21887902047863905,2.25,-0.8,rolling,12.229999999999784,-0.3186855112853162,1.1264410984718511,12,12,0,1.1398929365443038,0.2,0.5235987755982988,9.81,1,1,6,21,41,-3.0,3.0,0.01,30.0,60.0,1e-09,1e-12,6,0.0001,1,new simulation,nan
2,36,-0.21887902047863905,2.3999999999999995,-0.8,rolling,13.279999999999761,-0.32348573986875606,1.1395579873099544,13,13,0,1.1398747321123526,0.2,0.5235987755982988,9.81,1,1,6,21,41,-3.0,3.0,0.01,30.0,60.0,1e-09,1e-12,6,0.0001,1,new simulation,nan
2,37,-0.21887902047863905,2.55,-0.8,rolling,13.199999999999763,-0.321515110802527,1.1341685808640698,13,13,0,1.1398758364284916,0.2,0.5235987755982988,9.81,1,1,6,21,41,-3.0,3.0,0.01,30.0,60.0,1e-09,1e-12,6,0.0001,1,new simulation,nan
2,38,-0.21887902047863905,2.7,-0.8,rolling,13.129999999999765,-0.3130188562010553,1.1110058681095782,13,13,0,1.1398770074166693,0.2,0.5235987755982988,9.81,1,1,6,21,41,-3.0,3.0,0.01,30.0,60.0,1e-09,1e-12,6,0.0001,1,new simulation,nan
2,39,-0.21887902047863905,2.8499999999999996,-0.8,rolling,13.049999999999766,-0.3199139156298452,1.1297941586219764,13,13,0,1.1398782453044551,0.2,0.5235987755982988,9.81,1,1,6,21,41,-3.0,3.0,0.01,30.0,60.0,1e-09,1e-12,6,0.0001,1,new simulation,nan
2,40,-0.21887902047863905,3.0,-0.8,rolling,12.979999999999768,-0.3193590797323154,1.12827934228451,13,13,0,1.1398795501770407,0.2,0.5235987755982988,9.81,1,1,6,21,41,-3.0,3.0,0.01,30.0,60.0,1e-09,1e-12,6,0.0001,1,new simulation,nan
3,0,-0.16651914291880915,-3.0,-0.7,settled,0.6400000000000003,-0.32359877559829875,0.0,2,1,1,nan,0.2,0.5235987755982988,9.81,1,1,6,21,41,-3.0,3.0,0.01,30.0,60.0,1e-09,1e-12,6,0.0001,1,new simulation,nan
3,1,-0.16651914291880915,-2.85,-0.7,settled,0.6000000000000003,-0.32359877559829875,0.0,2,1,1,nan,0.2,0.5235987755982988,9.81,1,1,6,21,41,-3.0,3.0,0.01,30.0,60.0,1e-09,1e-12,6,0.0001,1,new simulation,nan
3,2,-0.16651914291880915,-2.7,-0.7,settled,0.5700000000000003,-0.32359877559829875,0.0,2,1,1,nan,0.2,0.5235987755982988,9.81,1,1,6,21,41,-3.0,3.0,0.01,30.0,60.0,1e-09,1e-12,6,0.0001,1,new simulation,nan
3,3,-0.16651914291880915,-2.55,-0.7,settled,0.5400000000000003,-0.32359877559829875,0.0,2,1,1,nan,0.2,0.5235987755982988,9.81,1,1,6,21,41,-3.0,3.0,0.01,30.0,60.0,1e-09,1e-12,6,0.0001,1,new simulation,nan
3,4,-0.16651914291880915,-2.4,-0.7,settled,0.5100000000000002,-0.32359877559829875,0.0,2,1,1,nan,0.2,0.5235987755982988,9.81,1,1,6,21,41,-3.0,3.0,0.01,30.0,60.0,1e-09,1e-12,6,0.0001,1,new simulation,nan
3,5,-0.16651914291880915,-2.25,-0.7,settled,0.48000000000000026,-0.32359877559829875,0.0,2,1,1,nan,0.2,0.5235987755982988,9.81,1,1,6,21,41,-3.0,3.0,0.01,30.0,60.0,1e-09,1e-12,6,0.0001,1,new simulation,nan
3,6,-0.16651914291880915,-2.1,-0.7,settled,0.46000000000000024,-0.32359877559829875,0.0,2,1,1,nan,0.2,0.5235987755982988,9.81,1,1,6,21,41,-3.0,3.0,0.01,30.0,60.0,1e-09,1e-12,6,0.0001,1,new simulation,nan
3,7,-0.16651914291880915,-1.95,-0.7,settled,0.4400000000000002,-0.32359877559829875,0.0,2,1,1,nan,0.2,0.5235987755982988,9.81,1,1,6,21,41,-3.0,3.0,0.01,30.0,60.0,1e-09,1e-12,6,0.0001,1,new simulation,nan
3,8,-0.16651914291880915,-1.8,-0.7,settled,0.4200000000000002,-0.32359877559829875,0.0,2,1,1,nan,0.2,0.5235987755982988,9.81,1,1,6,21,41,-3.0,3.0,0.01,30.0,60.0,1e-09,1e-12,6,0.0001,1,new simulation,nan
3,9,-0.16651914291880915,-1.6500000000000001,-0.7,settled,0.4000000000000002,-0.32359877559829875,0.0,2,1,1,nan,0.2,0.5235987755982988,9.81,1,1,6,21,41,-3.0,3.0,0.01,30.0,60.0,1e-09,1e-12,6,0.0001,1,new simulation,nan
3,10,-0.16651914291880915,-1.5,-0.7,settled,0.38000000000000017,-0.32359877559829875,0.0,2,1,1,nan,0.2,0.5235987755982988,9.81,1,1,6,21,41,-3.0,3.0,0.01,30.0,60.0,1e-09,1e-12,6,0.0001,1,new simulation,nan
3,11,-0.16651914291880915,-1.35,-0.7,settled,0.37000000000000016,-0.32359877559829875,0.0,2,1,1,nan,0.2,0.5235987755982988,9.81,1,1,6,21,41,-3.0,3.0,0.01,30.0,60.0,1e-09,1e-12,6,0.0001,1,new simulation,nan
3,12,-0.16651914291880915,-1.2000000000000002,-0.7,settled,0.36000000000000015,-0.32359877559829875,0.0,2,1,1,nan,0.2,0.5235987755982988,9.81,1,1,6,21,41,-3.0,3.0,0.01,30.0,60.0,1e-09,1e-12,6,0.0001,1,new simulation,nan
3,13,-0.16651914291880915,-1.05,-0.7,settled,0.35000000000000014,-0.32359877559829875,0.0,2,1,1,nan,0.2,0.5235987755982988,9.81,1,1,6,21,41,-3.0,3.0,0.01,30.0,60.0,1e-09,1e-12,6,0.0001,1,new simulation,nan
3,14,-0.16651914291880915,-0.8999999999999999,-0.7,settled,0.35000000000000014,-0.32359877559829875,0.0,2,1,1,nan,0.2,0.5235987755982988,9.81,1,1,6,21,41,-3.0,3.0,0.01,30.0,60.0,1e-09,1e-12,6,0.0001,1,new simulation,nan
3,15,-0.16651914291880915,-0.75,-0.7,settled,0.35000000000000014,-0.32359877559829875,0.0,2,1,1,nan,0.2,0.5235987755982988,9.81,1,1,6,21,41,-3.0,3.0,0.01,30.0,60.0,1e-09,1e-12,6,0.0001,1,new simulation,nan
3,16,-0.16651914291880915,-0.6000000000000001,-0.7,settled,0.37000000000000016,-0.32359877559829875,0.0,2,1,1,nan,0.2,0.5235987755982988,9.81,1,1,6,21,41,-3.0,3.0,0.01,30.0,60.0,1e-09,1e-12,6,0.0001,1,new simulation,nan
3,17,-0.16651914291880915,-0.4500000000000002,-0.7,settled,0.3900000000000002,-0.32359877559829875,0.0,2,1,1,nan,0.2,0.5235987755982988,9.81,1,1,6,21,41,-3.0,3.0,0.01,30.0,60.0,1e-09,1e-12,6,0.0001,1,new simulation,nan
3,18,-0.16651914291880915,-0.30000000000000027,-0.7,settled,0.4200000000000002,-0.32359877559829875,0.0,2,1,1,nan,0.2,0.5235987755982988,9.81,1,1,6,21,41,-3.0,3.0,0.01,30.0,60.0,1e-09,1e-12,6,0.0001,1,new simulation,nan
3,19,-0.16651914291880915,-0.1499999999999999,-0.7,settled,0.47000000000000025,-0.32359877559829875,0.0,2,1,1,nan,0.2,0.5235987755982988,9.81,1,1,6,21,41,-3.0,3.0,0.01,30.0,60.0,1e-09,1e-12,6,0.0001,1,new simulation,nan
3,20,-0.16651914291880915,0.0,-0.7,settled,0.5500000000000003,-0.32359877559829875,0.0,2,1,1,nan,0.2,0.5235987755982988,9.81,1,1,6,21,41,-3.0,3.0,0.01,30.0,60.0,1e-09,1e-12,6,0.0001,1,new simulation,nan
3,21,-0.16651914291880915,0.1499999999999999,-0.7,settled,0.6600000000000004,-0.32359877559829875,0.0,2,1,1,nan,0.2,0.5235987755982988,9.81,1,1,6,21,41,-3.0,3.0,0.01,30.0,60.0,1e-09,1e-12,6,0.0001,1,new simulation,nan
3,22,-0.16651914291880915,0.2999999999999998,-0.7,settled,0.8400000000000005,-0.32359877559829875,0.0,2,1,1,nan,0.2,0.5235987755982988,9.81,1,1,6,21,41,-3.0,3.0,0.01,30.0,60.0,1e-09,1e-12,6,0.0001,1,new simulation,nan
3,23,-0.16651914291880915,0.44999999999999973,-0.7,settled,1.2200000000000009,-0.32359877559829875,0.0,2,1,1,nan,0.2,0.5235987755982988,9.81,1,1,6,21,41,-3.0,3.0,0.01,30.0,60.0,1e-09,1e-12,6,0.0001,1,new simulation,nan
3,24,-0.16651914291880915,0.5999999999999996,-0.7,rolling,11.639999999999796,-0.3204298147484207,1.131202997947385,10,10,0,1.1398489744262725,0.2,0.5235987755982988,9.81,1,1,6,21,41,-3.0,3.0,0.01,30.0,60.0,1e-09,1e-12,6,0.0001,1,new simulation,nan
3,25,-0.16651914291880915,0.75,-0.7,rolling,8.949999999999854,-0.31419699477663077,1.1142104496038028,8,8,0,1.1398827287459041,0.2,0.5235987755982988,9.81,1,1,6,21,41,-3.0,3.0,0.01,30.0,60.0,1e-09,1e-12,6,0.0001,1,new simulation,nan
3,26,-0.16651914291880915,0.8999999999999999,-0.7,rolling,10.98999999999981,-0.3187769904760401,1.1266907144210805,10,10,0,1.1398917998706366,0.2,0.5235987755982988,9.81,1,1,6,21,41,-3.0,3.0,0.01,30.0,60.0,1e-09,1e-12,6,0.0001,1,new simulation,nan
3,27,-0.16651914291880915,1.0499999999999998,-0.7,rolling,11.94999999999979,-0.31662979988123163,1.120835271436923,11,11,0,1.1398803700593056,0.2,0.5235987755982988,9.81,1,1,6,21,41,-3.0,3.0,0.01,30.0,60.0,1e-09,1e-12,6,0.0001,1,new simulation,nan
3,28,-0.16651914291880915,1.2000000000000002,-0.7,rolling,11.789999999999793,-0.3230740342580998,1.1384315715053293,11,11,0,1.139888399158876,0.2,0.5235987755982988,9.81,1,1,6,21,41,-3.0,3.0,0.01,30.0,60.0,1e-09,1e-12,6,0.0001,1,new simulation,nan
3,29,-0.16651914291880915,1.3499999999999996,-0.7,rolling,12.799999999999772,-0.31688381780854724,1.121527551162958,12,12,0,1.1398748360900182,0.2,0.5235987755982988,9.81,1,1,6,21,41,-3.0,3.0,0.01,30.0,60.0,1e-09,1e-12,6,0.0001,1,new simulation,nan
3,30,-0.16651914291880915,1.5,-0.7,rolling,12.679999999999774,-0.31346999201380643,1.1122326817958275,12,12,0,1.139877378822358,0.2,0.5235987755982988,9.81,1,1,6,21,41,-3.0,3.0,0.01,30.0,60.0,1e-09,1e-12,6,0.0001,1,new simulation,nan
3,31,-0.16651914291880915,1.6499999999999995,-0.7,rolling,12.559999999999777,-0.32143559443064024,1.133951265192167,12,12,0,1.13988018928419,0.2,0.5235987755982988,9.81,1,1,6,21,41,-3.0,3.0,0.01,30.0,60.0,1e-09,1e-12,6,0.0001,1,new simulation,nan
3,32,-0.16651914291880915,1.7999999999999998,-0.7,rolling,12.459999999999779,-0.3161767513639871,1.1196008137320235,12,12,0,1.1398832674559625,0.2,0.5235987755982988,9.81,1,1,6,21,41,-3.0,3.0,0.01,30.0,60.0,1e-09,1e-12,6,0.0001,1,new simulation,nan
3,33,-0.16651914291880915,1.9500000000000002,-0.7,rolling,12.359999999999781,-0.31868938546501,1.1264516419866593,12,12,0,1.1398866126504894,0.2,0.5235987755982988,9.81,1,1,6,21,41,-3.0,3.0,0.01,30.0,60.0,1e-09,1e-12,6,0.0001,1,new simulation,nan
3,34,-0.16651914291880915,2.0999999999999996,-0.7,rolling,12.269999999999783,-0.3166166789241468,1.1207995594876867,12,12,0,1.1398902261926533,0.2,0.5235987755982988,9.81,1,1,6,21,41,-3.0,3.0,0.01,30.0,60.0,1e-09,1e-12,6,0.0001,1,new simulation,nan
3,35,-0.16651914291880915,2.25,-0.7,rolling,12.179999999999785,-0.32034722617395645,1.1309776116894312,12,12,0,1.1398941067711286,0.2,0.5235987755982988,9.81,1,1,6,21,41,-3.0,3.0,0.01,30.0,60.0,1e-09,1e-12,6,0.0001,1,new simulation,nan
3,36,-0.16651914291880915,2.3999999999999995,-0.7,rolling,13.239999999999762,-0.3186990877849627,1.1264780640830634,13,13,0,1.1398750243524478,0.2,0.5235987755982988,9.81,1,1,6,21,41,-3.0,3.0,0.01,30.0,60.0,1e-09,1e-12,6,0.0001,1,new simulation,nan
3,37,-0.16651914291880915,2.55,-0.7,rolling,13.159999999999764,-0.3208786775772555,1.1324293593837464,13,13,0,1.1398761290642092,0.2,0.5235987755982988,9.81,1,1,6,21,41,-3.0,3.0,0.01,30.0,60.0,1e-09,1e-12,6,0.0001,1,new simulation,nan
3,38,-0.16651914291880915,2.7,-0.7,rolling,13.089999999999765,-0.3159070676075776,1.1188661123508137,13,13,0,1.1398772995081796,0.2,0.5235987755982988,9.81,1,1,6,21,41,-3.0,3.0,0.01,30.0,60.0,1e-09,1e-12,6,0.0001,1,new simulation,nan
3,39,-0.16651914291880915,2.8499999999999996,-0.7,rolling,13.019999999999767,-0.31466905785567045,1.1154951253076781,13,13,0,1.139878538020797,0.2,0.5235987755982988,9.81,1,1,6,21,41,-3.0,3.0,0.01,30.0,60.0,1e-09,1e-12,6,0.0001,1,new simulation,nan
3,40,-0.16651914291880915,3.0,-0.7,rolling,12.949999999999768,-0.316800283218349,1.1212998961649716,13,13,0,1.139879843278771,0.2,0.5235987755982988,9.81,1,1,6,21,41,-3.0,3.0,0.01,30.0,60.0,1e-09,1e-12,6,0.0001,1,new simulation,nan
4,0,-0.11415926535897927,-3.0,-0.6000000000000001,settled,0.6600000000000004,-0.32359877559829875,0.0,2,1,1,nan,0.2,0.5235987755982988,9.81,1,1,6,21,41,-3.0,3.0,0.01,30.0,60.0,1e-09,1e-12,6,0.0001,1,new simulation,nan
4,1,-0.11415926535897927,-2.85,-0.6000000000000001,settled,0.6300000000000003,-0.32359877559829875,0.0,2,1,1,nan,0.2,0.5235987755982988,9.81,1,1,6,21,41,-3.0,3.0,0.01,30.0,60.0,1e-09,1e-12,6,0.0001,1,new simulation,nan
4,2,-0.11415926535897927,-2.7,-0.6000000000000001,settled,0.5900000000000003,-0.32359877559829875,0.0,2,1,1,nan,0.2,0.5235987755982988,9.81,1,1,6,21,41,-3.0,3.0,0.01,30.0,60.0,1e-09,1e-12,6,0.0001,1,new simulation,nan
4,3,-0.11415926535897927,-2.55,-0.6000000000000001,settled,0.5600000000000003,-0.32359877559829875,0.0,2,1,1,nan,0.2,0.5235987755982988,9.81,1,1,6,21,41,-3.0,3.0,0.01,30.0,60.0,1e-09,1e-12,6,0.0001,1,new simulation,nan
4,4,-0.11415926535897927,-2.4,-0.6000000000000001,settled,0.5400000000000003,-0.32359877559829875,0.0,2,1,1,nan,0.2,0.5235987755982988,9.81,1,1,6,21,41,-3.0,3.0,0.01,30.0,60.0,1e-09,1e-12,6,0.0001,1,new simulation,nan
4,5,-0.11415926535897927,-2.25,-0.6000000000000001,settled,0.5100000000000002,-0.32359877559829875,0.0,2,1,1,nan,0.2,0.5235987755982988,9.81,1,1,6,21,41,-3.0,3.0,0.01,30.0,60.0,1e-09,1e-12,6,0.0001,1,new simulation,nan
4,6,-0.11415926535897927,-2.1,-0.6000000000000001,settled,0.49000000000000027,-0.32359877559829875,0.0,2,1,1,nan,0.2,0.5235987755982988,9.81,1,1,6,21,41,-3.0,3.0,0.01,30.0,60.0,1e-09,1e-12,6,0.0001,1,new simulation,nan
4,7,-0.11415926535897927,-1.95,-0.6000000000000001,settled,0.47000000000000025,-0.32359877559829875,0.0,2,1,1,nan,0.2,0.5235987755982988,9.81,1,1,6,21,41,-3.0,3.0,0.01,30.0,60.0,1e-09,1e-12,6,0.0001,1,new simulation,nan
4,8,-0.11415926535897927,-1.8,-0.6000000000000001,settled,0.45000000000000023,-0.32359877559829875,0.0,2,1,1,nan,0.2,0.5235987755982988,9.81,1,1,6,21,41,-3.0,3.0,0.01,30.0,60.0,1e-09,1e-12,6,0.0001,1,new simulation,nan
4,9,-0.11415926535897927,-1.6500000000000001,-0.6000000000000001,settled,0.4300000000000002,-0.32359877559829875,0.0,2,1,1,nan,0.2,0.5235987755982988,9.81,1,1,6,21,41,-3.0,3.0,0.01,30.0,60.0,1e-09,1e-12,6,0.0001,1,new simulation,nan
4,10,-0.11415926535897927,-1.5,-0.6000000000000001,settled,0.4200000000000002,-0.32359877559829875,0.0,2,1,1,nan,0.2,0.5235987755982988,9.81,1,1,6,21,41,-3.0,3.0,0.01,30.0,60.0,1e-09,1e-12,6,0.0001,1,new simulation,nan
4,11,-0.11415926535897927,-1.35,-0.6000000000000001,settled,0.4100000000000002,-0.32359877559829875,0.0,2,1,1,nan,0.2,0.5235987755982988,9.81,1,1,6,21,41,-3.0,3.0,0.01,30.0,60.0,1e-09,1e-12,6,0.0001,1,new simulation,nan
4,12,-0.11415926535897927,-1.2000000000000002,-0.6000000000000001,settled,0.4100000000000002,-0.32359877559829875,0.0,2,1,1,nan,0.2,0.5235987755982988,9.81,1,1,6,21,41,-3.0,3.0,0.01,30.0,60.0,1e-09,1e-12,6,0.0001,1,new simulation,nan
4,13,-0.11415926535897927,-1.05,-0.6000000000000001,settled,0.4000000000000002,-0.32359877559829875,0.0,2,1,1,nan,0.2,0.5235987755982988,9.81,1,1,6,21,41,-3.0,3.0,0.01,30.0,60.0,1e-09,1e-12,6,0.0001,1,new simulation,nan
4,14,-0.11415926535897927,-0.8999999999999999,-0.6000000000000001,settled,0.4100000000000002,-0.32359877559829875,0.0,2,1,1,nan,0.2,0.5235987755982988,9.81,1,1,6,21,41,-3.0,3.0,0.01,30.0,60.0,1e-09,1e-12,6,0.0001,1,new simulation,nan
4,15,-0.11415926535897927,-0.75,-0.6000000000000001,settled,0.4200000000000002,-0.32359877559829875,0.0,2,1,1,nan,0.2,0.5235987755982988,9.81,1,1,6,21,41,-3.0,3.0,0.01,30.0,60.0,1e-09,1e-12,6,0.0001,1,new simulation,nan
4,16,-0.11415926535897927,-0.6000000000000001,-0.6000000000000001,settled,0.4400000000000002,-0.32359877559829875,0.0,2,1,1,nan,0.2,0.5235987755982988,9.81,1,1,6,21,41,-3.0,3.0,0.01,30.0,60.0,1e-09,1e-12,6,0.0001,1,new simulation,nan
4,17,-0.11415926535897927,-0.4500000000000002,-0.6000000000000001,settled,0.47000000000000025,-0.32359877559829875,0.0,2,1,1,nan,0.2,0.5235987755982988,9.81,1,1,6,21,41,-3.0,3.0,0.01,30.0,60.0,1e-09,1e-12,6,0.0001,1,new simulation,nan
4,18,-0.11415926535897927,-0.30000000000000027,-0.6000000000000001,settled,0.5200000000000002,-0.32359877559829875,0.0,2,1,1,nan,0.2,0.5235987755982988,9.81,1,1,6,21,41,-3.0,3.0,0.01,30.0,60.0,1e-09,1e-12,6,0.0001,1,new simulation,nan
4,19,-0.11415926535897927,-0.1499999999999999,-0.6000000000000001,settled,0.5900000000000003,-0.32359877559829875,0.0,2,1,1,nan,0.2,0.5235987755982988,9.81,1,1,6,21,41,-3.0,3.0,0.01,30.0,60.0,1e-09,1e-12,6,0.0001,1,new simulation,nan
4,20,-0.11415926535897927,0.0,-0.6000000000000001,settled,0.7000000000000004,-0.32359877559829875,0.0,2,1,1,nan,0.2,0.5235987755982988,9.81,1,1,6,21,41,-3.0,3.0,0.01,30.0,60.0,1e-09,1e-12,6,0.0001,1,new simulation,nan
4,21,-0.11415926535897927,0.1499999999999999,-0.6000000000000001,settled,0.8700000000000006,-0.32359877559829875,0.0,2,1,1,nan,0.2,0.5235987755982988,9.81,1,1,6,21,41,-3.0,3.0,0.01,30.0,60.0,1e-09,1e-12,6,0.0001,1,new simulation,nan
4,22,-0.11415926535897927,0.2999999999999998,-0.6000000000000001,settled,1.300000000000001,-0.32359877559829875,0.0,2,1,1,nan,0.2,0.5235987755982988,9.81,1,1,6,21,41,-3.0,3.0,0.01,30.0,60.0,1e-09,1e-12,6,0.0001,1,new simulation,nan
4,23,-0.11415926535897927,0.44999999999999973,-0.6000000000000001,rolling,11.599999999999797,-0.31449726359527663,1.115027413049465,10,10,0,1.1398476590467568,0.2,0.5235987755982988,9.81,1,1,6,21,41,-3.0,3.0,0.01,30.0,60.0,1e-09,1e-12,6,0.0001,1,new simulation,nan
4,24,-0.11415926535897927,0.5999999999999996,-0.6000000000000001,rolling,10.08999999999983,-0.3168834260854545,1.121526367806862,9,9,0,1.1398487521626153,0.2,0.5235987755982988,9.81,1,1,6,21,41,-3.0,3.0,0.01,30.0,60.0,1e-09,1e-12,6,0.0001,1,new simulation,nan
4,25,-0.11415926535897927,0.75,-0.6000000000000001,rolling,11.00999999999981,-0.3177056884306733,1.1237682632247523,10,10,0,1.1398819203278532,0.2,0.5235987755982988,9.81,1,1,6,21,41,-3.0,3.0,0.01,30.0,60.0,1e-09,1e-12,6,0.0001,1,new simulation,nan
4,26,-0.11415926535897927,0.8999999999999999,-0.6000000000000001,rolling,11.979999999999789,-0.3154026072461313,1.1174921918335092,11,11,0,1.1398768288933894,0.2,0.5235987755982988,9.81,1,1,6,21,41,-3.0,3.0,0.01,30.0,60.0,1e-09,1e-12,6,0.0001,1,new simulation,nan
4,27,-0.11415926535897927,1.0499999999999998,-0.6000000000000001,rolling,11.829999999999792,-0.31734368754523207,1.1227812027173862,11,11,0,1.139883788663795,0.2,0.5235987755982988,9.81,1,1,6,21,41,-3.0,3.0,0.01,30.0,60.0,1e-09,1e-12,6,0.0001,1,new simulation,nan
4,28,-0.11415926535897927,1.2000000000000002,-0.6000000000000001,rolling,11.699999999999795,-0.3146012943960442,1.1153107467307901,11,11,0,1.1398918176852164,0.2,0.5235987755982988,9.81,1,1,6,21,41,-3.0,3.0,0.01,30.0,60.0,1e-09,1e-12,6,0.0001,1,new simulation,nan
4,29,-0.11415926535897927,1.3499999999999996,-0.6000000000000001,rolling,12.719999999999773,-0.314392147698126,1.114741469752153,12,12,0,1.139875690604681,0.2,0.5235987755982988,9.81,1,1,6,21,41,-3.0,3.0,0.01,30.0,60.0,1e-09,1e-12,6,0.0001,1,new simulation,nan
4,30,-0.11415926535897927,1.5,-0.6000000000000001,rolling,12.609999999999776,-0.3124918100698797,1.1095730838059694,12,12,0,1.1398782337840223,0.2,0.5235987755982988,9.81,1,1,6,21,41,-3.0,3.0,0.01,30.0,60.0,1e-09,1e-12,6,0.0001,1,new simulation,nan
4,31,-0.11415926535897927,1.6499999999999995,-0.6000000000000001,rolling,12.499999999999778,-0.3190427298338531,1.1274158744586311,12,12,0,1.1398810437003244,0.2,0.5235987755982988,9.81,1,1,6,21,41,-3.0,3.0,0.01,30.0,60.0,1e-09,1e-12,6,0.0001,1,new simulation,nan
4,32,-0.11415926535897927,1.7999999999999998,-0.6000000000000001,rolling,12.39999999999978,-0.321646276091207,1.1345271428583426,12,12,0,1.1398841213848911,0.2,0.5235987755982988,9.81,1,1,6,21,41,-3.0,3.0,0.01,30.0,60.0,1e-09,1e-12,6,0.0001,1,new simulation,nan
4,33,-0.11415926535897927,1.9500000000000002,-0.6000000000000001,rolling,12.309999999999782,-0.31927678101334805,1.1280547293309258,12,12,0,1.1398874674666792,0.2,0.5235987755982988,9.81,1,1,6,21,41,-3.0,3.0,0.01,30.0,60.0,1e-09,1e-12,6,0.0001,1,new simulation,nan
4,34,-0.11415926535897927,2.0999999999999996,-0.6000000000000001,rolling,12.219999999999784,-0.3225031833395463,1.1368701172720421,12,12,0,1.1398910804545705,0.2,0.5235987755982988,9.81,1,1,6,21,41,-3.0,3.0,0.01,30.0,60.0,1e-09,1e-12,6,0.0001,1,new simulation,nan
4,35,-0.11415926535897927,2.25,-0.6000000000000001,rolling,12.139999999999786,-0.3193979770881769,1.1283855935771017,12,12,0,1.139894961115347,0.2,0.5235987755982988,9.81,1,1,6,21,41,-3.0,3.0,0.01,30.0,60.0,1e-09,1e-12,6,0.0001,1,new simulation,nan
4,36,-0.11415926535897927,2.3999999999999995,-0.6000000000000001,rolling,13.199999999999763,-0.32154427318223916,1.134248288888329,13,13,0,1.1398752386567064,0.2,0.5235987755982988,9.81,1,1,6,21,41,-3.0,3.0,0.01,30.0,60.0,1e-09,1e-12,6,0.0001,1,new simulation,nan
4,37,-0.11415926535897927,2.55,-0.6000000000000001,rolling,13.129999999999765,-0.3157078460441942,1.1183234697624633,13,13,0,1.1398763427294298,0.2,0.5235987755982988,9.81,1,1,6,21,41,-3.0,3.0,0.01,30.0,60.0,1e-09,1e-12,6,0.0001,1,new simulation,nan
4,38,-0.11415926535897927,2.7,-0.6000000000000001,rolling,13.059999999999766,-0.3135784418634597,1.1125276532471327,13,13,0,1.1398775137644066,0.2,0.5235987755982988,9.81,1,1,6,21,41,-3.0,3.0,0.01,30.0,60.0,1e-09,1e-12,6,0.0001,1,new simulation,nan
4,39,-0.11415926535897927,2.8499999999999996,-0.6000000000000001,rolling,12.989999999999768,-0.3147896973816216,1.1158235025208514,13,13,0,1.1398787515511524,0.2,0.5235987755982988,9.81,1,1,6,21,41,-3.0,3.0,0.01,30.0,60.0,1e-09,1e-12,6,0.0001,1,new simulation,nan
4,40,-0.11415926535897927,3.0,-0.6000000000000001,rolling,12.919999999999769,-0.3190985593787975,1.127568244304608,13,13,0,1.1398800569108358,0.2,0.5235987755982988,9.81,1,1,6,21,41,-3.0,3.0,0.01,30.0,60.0,1e-09,1e-12,6,0.0001,1,new simulation,nan
5,0,-0.0617993877991494,-3.0,-0.5,settled,0.6800000000000004,-0.32359877559829875,0.0,2,1,1,nan,0.2,0.5235987755982988,9.81,1,1,6,21,41,-3.0,3.0,0.01,30.0,60.0,1e-09,1e-12,6,0.0001,1,new simulation,nan
5,1,-0.0617993877991494,-2.85,-0.5,settled,0.6500000000000004,-0.32359877559829875,0.0,2,1,1,nan,0.2,0.5235987755982988,9.81,1,1,6,21,41,-3.0,3.0,0.01,30.0,60.0,1e-09,1e-12,6,0.0001,1,new simulation,nan
5,2,-0.0617993877991494,-2.7,-0.5,settled,0.6200000000000003,-0.32359877559829875,0.0,2,1,1,nan,0.2,0.5235987755982988,9.81,1,1,6,21,41,-3.0,3.0,0.01,30.0,60.0,1e-09,1e-12,6,0.0001,1,new simulation,nan
5,3,-0.0617993877991494,-2.55,-0.5,settled,0.5900000000000003,-0.32359877559829875,0.0,2,1,1,nan,0.2,0.5235987755982988,9.81,1,1,6,21,41,-3.0,3.0,0.01,30.0,60.0,1e-09,1e-12,6,0.0001,1,new simulation,nan
5,4,-0.0617993877991494,-2.4,-0.5,settled,0.5600000000000003,-0.32359877559829875,0.0,2,1,1,nan,0.2,0.5235987755982988,9.81,1,1,6,21,41,-3.0,3.0,0.01,30.0,60.0,1e-09,1e-12,6,0.0001,1,new simulation,nan
5,5,-0.0617993877991494,-2.25,-0.5,settled,0.5400000000000003,-0.32359877559829875,0.0,2,1,1,nan,0.2,0.5235987755982988,9.81,1,1,6,21,41,-3.0,3.0,0.01,30.0,60.0,1e-09,1e-12,6,0.0001,1,new simulation,nan
5,6,-0.0617993877991494,-2.1,-0.5,settled,0.5200000000000002,-0.32359877559829875,0.0,2,1,1,nan,0.2,0.5235987755982988,9.81,1,1,6,21,41,-3.0,3.0,0.01,30.0,60.0,1e-09,1e-12,6,0.0001,1,new simulation,nan
5,7,-0.0617993877991494,-1.95,-0.5,settled,0.5000000000000002,-0.32359877559829875,0.0,2,1,1,nan,0.2,0.5235987755982988,9.81,1,1,6,21,41,-3.0,3.0,0.01,30.0,60.0,1e-09,1e-12,6,0.0001,1,new simulation,nan
5,8,-0.0617993877991494,-1.8,-0.5,settled,0.48000000000000026,-0.32359877559829875,0.0,2,1,1,nan,0.2,0.5235987755982988,9.81,1,1,6,21,41,-3.0,3.0,0.01,30.0,60.0,1e-09,1e-12,6,0.0001,1,new simulation,nan
5,9,-0.0617993877991494,-1.6500000000000001,-0.5,settled,0.47000000000000025,-0.32359877559829875,0.0,2,1,1,nan,0.2,0.5235987755982988,9.81,1,1,6,21,41,-3.0,3.0,0.01,30.0,60.0,1e-09,1e-12,6,0.0001,1,new simulation,nan
5,10,-0.0617993877991494,-1.5,-0.5,settled,0.46000000000000024,-0.32359877559829875,0.0,2,1,1,nan,0.2,0.5235987755982988,9.81,1,1,6,21,41,-3.0,3.0,0.01,30.0,60.0,1e-09,1e-12,6,0.0001,1,new simulation,nan
5,11,-0.0617993877991494,-1.35,-0.5,settled,0.45000000000000023,-0.32359877559829875,0.0,2,1,1,nan,0.2,0.5235987755982988,9.81,1,1,6,21,41,-3.0,3.0,0.01,30.0,60.0,1e-09,1e-12,6,0.0001,1,new simulation,nan
5,12,-0.0617993877991494,-1.2000000000000002,-0.5,settled,0.45000000000000023,-0.32359877559829875,0.0,2,1,1,nan,0.2,0.5235987755982988,9.81,1,1,6,21,41,-3.0,3.0,0.01,30.0,60.0,1e-09,1e-12,6,0.0001,1,new simulation,nan
5,13,-0.0617993877991494,-1.05,-0.5,settled,0.45000000000000023,-0.32359877559829875,0.0,2,1,1,nan,0.2,0.5235987755982988,9.81,1,1,6,21,41,-3.0,3.0,0.01,30.0,60.0,1e-09,1e-12,6,0.0001,1,new simulation,nan
5,14,-0.0617993877991494,-0.8999999999999999,-0.5,settled,0.46000000000000024,-0.32359877559829875,0.0,2,1,1,nan,0.2,0.5235987755982988,9.81,1,1,6,21,41,-3.0,3.0,0.01,30.0,60.0,1e-09,1e-12,6,0.0001,1,new simulation,nan
5,15,-0.0617993877991494,-0.75,-0.5,settled,0.48000000000000026,-0.32359877559829875,0.0,2,1,1,nan,0.2,0.5235987755982988,9.81,1,1,6,21,41,-3.0,3.0,0.01,30.0,60.0,1e-09,1e-12,6,0.0001,1,new simulation,nan
5,16,-0.0617993877991494,-0.6000000000000001,-0.5,settled,0.5100000000000002,-0.32359877559829875,0.0,2,1,1,nan,0.2,0.5235987755982988,9.81,1,1,6,21,41,-3.0,3.0,0.01,30.0,60.0,1e-09,1e-12,6,0.0001,1,new simulation,nan
5,17,-0.0617993877991494,-0.4500000000000002,-0.5,settled,0.5500000000000003,-0.32359877559829875,0.0,2,1,1,nan,0.2,0.5235987755982988,9.81,1,1,6,21,41,-3.0,3.0,0.01,30.0,60.0,1e-09,1e-12,6,0.0001,1,new simulation,nan
5,18,-0.0617993877991494,-0.30000000000000027,-0.5,settled,0.6200000000000003,-0.32359877559829875,0.0,2,1,1,nan,0.2,0.5235987755982988,9.81,1,1,6,21,41,-3.0,3.0,0.01,30.0,60.0,1e-09,1e-12,6,0.0001,1,new simulation,nan
5,19,-0.0617993877991494,-0.1499999999999999,-0.5,settled,0.7300000000000004,-0.32359877559829875,0.0,2,1,1,nan,0.2,0.5235987755982988,9.81,1,1,6,21,41,-3.0,3.0,0.01,30.0,60.0,1e-09,1e-12,6,0.0001,1,new simulation,nan
5,20,-0.0617993877991494,0.0,-0.5,settled,0.9100000000000006,-0.32359877559829875,0.0,2,1,1,nan,0.2,0.5235987755982988,9.81,1,1,6,21,41,-3.0,3.0,0.01,30.0,60.0,1e-09,1e-12,6,0.0001,1,new simulation,nan
5,21,-0.0617993877991494,0.1499999999999999,-0.5,settled,1.390000000000001,-0.32359877559829875,0.0,2,1,1,nan,0.2,0.5235987755982988,9.81,1,1,6,21,41,-3.0,3.0,0.01,30.0,60.0,1e-09,1e-12,6,0.0001,1,new simulation,nan
5,22,-0.0617993877991494,0.2999999999999998,-0.5,rolling,11.559999999999798,-0.31967179785336736,1.1291329182317549,10,10,0,1.139845541955706,0.2,0.5235987755982988,9.81,1,1,6,21,41,-3.0,3.0,0.01,30.0,60.0,1e-09,1e-12,6,0.0001,1,new simulation,nan
5,23,-0.0617993877991494,0.44999999999999973,-0.5,rolling,11.239999999999805,-0.3139200486559375,1.113456817176857,10,10,0,1.1398562487749855,0.2,0.5235987755982988,9.81,1,1,6,21,41,-3.0,3.0,0.01,30.0,60.0,1e-09,1e-12,6,0.0001,1,new simulation,nan
5,24,-0.0617993877991494,0.5999999999999996,-0.5,rolling,9.889999999999834,-0.32184513018759486,1.1350707375011428,9,9,0,1.139883109433523,0.2,0.5235987755982988,9.81,1,1,6,21,41,-3.0,3.0,0.01,30.0,60.0,1e-09,1e-12,6,0.0001,1,new simulation,nan
5,25,-0.0617993877991494,0.75,-0.5,rolling,10.869999999999813,-0.3199710306099028,1.1299501781692842,10,10,0,1.139890509026569,0.2,0.5235987755982988,9.81,1,1,6,21,41,-3.0,3.0,0.01,30.0,60.0,1e-09,1e-12,6,0.0001,1,new simulation,nan
5,26,-0.0617993877991494,0.8999999999999999,-0.5,rolling,11.869999999999791,-0.3185794663761928,1.1261516876145432,11,11,0,1.1398789766859896,0.2,0.5235987755982988,9.81,1,1,6,21,41,-3.0,3.0,0.01,30.0,60.0,1e-09,1e-12,6,0.0001,1,new simulation,nan
5,27,-0.0617993877991494,1.0499999999999998,-0.5,rolling,11.739999999999794,-0.3201023400948367,1.1303087475628175,11,11,0,1.1398859361216853,0.2,0.5235987755982988,9.81,1,1,6,21,41,-3.0,3.0,0.01,30.0,60.0,1e-09,1e-12,6,0.0001,1,new simulation,nan
5,28,-0.0617993877991494,1.2000000000000002,-0.5,rolling,11.619999999999797,-0.3215319201654987,1.13421460545692,11,11,0,1.139893965180282,0.2,0.5235987755982988,9.81,1,1,6,21,41,-3.0,3.0,0.01,30.0,60.0,1e-09,1e-12,6,0.0001,1,new simulation,nan
5,29,-0.0617993877991494,1.3499999999999996,-0.5,rolling,12.649999999999775,-0.3215023241302452,1.1341336340437103,12,12,0,1.1398762275971526,0.2,0.5235987755982988,9.81,1,1,6,21,41,-3.0,3.0,0.01,30.0,60.0,1e-09,1e-12,6,0.0001,1,new simulation,nan
5,30,-0.0617993877991494,1.5,-0.5,rolling,12.549999999999777,-0.31713333625255885,1.1222077146144376,12,12,0,1.1398787698220343,0.2,0.5235987755982988,9.81,1,1,6,21,41,-3.0,3.0,0.01,30.0,60.0,1e-09,1e-12,6,0.0001,1,new simulation,nan
5,31,-0.0617993877991494,1.6499999999999995,-0.5,rolling,12.449999999999779,-0.3194735723693645,1.1285918989283417,12,12,0,1.1398815799694746,0.2,0.5235987755982988,9.81,1,1,6,21,41,-3.0,3.0,0.01,30.0,60.0,1e-09,1e-12,6,0.0001,1,new simulation,nan
5,32,-0.0617993877991494,1.7999999999999998,-0.5,rolling,12.359999999999781,-0.3165008163633985,1.1204837996255352,12,12,0,1.139884658212588,0.2,0.5235987755982988,9.81,1,1,6,21,41,-3.0,3.0,0.01,30.0,60.0,1e-09,1e-12,6,0.0001,1,new simulation,nan
5,33,-0.0617993877991494,1.9500000000000002,-0.5,rolling,12.269999999999783,-0.31884549534366147,1.126877638210908,12,12,0,1.1398880039288342,0.2,0.5235987755982988,9.81,1,1,6,21,41,-3.0,3.0,0.01,30.0,60.0,1e-09,1e-12,6,0.0001,1,new simulation,nan
5,34,-0.0617993877991494,2.0999999999999996,-0.5,rolling,12.189999999999785,-0.3147642150994899,1.1157541952988628,12,12,0,1.1398916170264222,0.2,0.5235987755982988,9.81,1,1,6,21,41,-3.0,3.0,0.01,30.0,60.0,1e-09,1e-12,6,0.0001,1,new simulation,nan
5,35,-0.0617993877991494,2.25,-0.5,rolling,12.109999999999786,-0.31503737590760583,1.1164978248477706,12,12,0,1.1398954974654156,0.2,0.5235987755982988,9.81,1,1,6,21,41,-3.0,3.0,0.01,30.0,60.0,1e-09,1e-12,6,0.0001,1,new simulation,nan
5,36,-0.0617993877991494,2.3999999999999995,-0.5,rolling,13.169999999999764,-0.32005296380903914,1.130173856492255,13,13,0,1.1398753725916606,0.2,0.5235987755982988,9.81,1,1,6,21,41,-3.0,3.0,0.01,30.0,60.0,1e-09,1e-12,6,0.0001,1,new simulation,nan
5,37,-0.0617993877991494,2.55,-0.5,rolling,13.099999999999765,-0.3167288606206322,1.1211052225396585,13,13,0,1.139876476393967,0.2,0.5235987755982988,9.81,1,1,6,21,41,-3.0,3.0,0.01,30.0,60.0,1e-09,1e-12,6,0.0001,1,new simulation,nan
5,38,-0.0617993877991494,2.7,-0.5,rolling,13.029999999999767,-0.3167760377094385,1.12123380535983,13,13,0,1.1398776482061928,0.2,0.5235987755982988,9.81,1,1,6,21,41,-3.0,3.0,0.01,30.0,60.0,1e-09,1e-12,6,0.0001,1,new simulation,nan
5,39,-0.0617993877991494,2.8499999999999996,-0.5,rolling,12.959999999999768,-0.3199362741062849,1.129855214635287,13,13,0,1.139878885361272,0.2,0.5235987755982988,9.81,1,1,6,21,41,-3.0,3.0,0.01,30.0,60.0,1e-09,1e-12,6,0.0001,1,new simulation,nan
5,40,-0.0617993877991494,3.0,-0.5,rolling,12.89999999999977,-0.31473670232304546,1.115679255112679,13,13,0,1.139880190401178,0.2,0.5235987755982988,9.81,1,1,6,21,41,-3.0,3.0,0.01,30.0,60.0,1e-09,1e-12,6,0.0001,1,new simulation,nan
6,0,-0.009439510239319493,-3.0,-0.39999999999999997,settled,0.7000000000000004,-0.32359877559829875,0.0,2,1,1,nan,0.2,0.5235987755982988,9.81,1,1,6,21,41,-3.0,3.0,0.01,30.0,60.0,1e-09,1e-12,6,0.0001,1,new simulation,nan
6,1,-0.009439510239319493,-2.85,-0.39999999999999997,settled,0.6700000000000004,-0.32359877559829875,0.0,2,1,1,nan,0.2,0.5235987755982988,9.81,1,1,6,21,41,-3.0,3.0,0.01,30.0,60.0,1e-09,1e-12,6,0.0001,1,new simulation,nan
6,2,-0.009439510239319493,-2.7,-0.39999999999999997,settled,0.6400000000000003,-0.32359877559829875,0.0,2,1,1,nan,0.2,0.5235987755982988,9.81,1,1,6,21,41,-3.0,3.0,0.01,30.0,60.0,1e-09,1e-12,6,0.0001,1,new simulation,nan
6,3,-0.009439510239319493,-2.55,-0.39999999999999997,settled,0.6100000000000003,-0.32359877559829875,0.0,2,1,1,nan,0.2,0.5235987755982988,9.81,1,1,6,21,41,-3.0,3.0,0.01,30.0,60.0,1e-09,1e-12,6,0.0001,1,new simulation,nan
6,4,-0.009439510239319493,-2.4,-0.39999999999999997,settled,0.5800000000000003,-0.32359877559829875,0.0,2,1,1,nan,0.2,0.5235987755982988,9.81,1,1,6,21,41,-3.0,3.0,0.01,30.0,60.0,1e-09,1e-12,6,0.0001,1,new simulation,nan
6,5,-0.009439510239319493,-2.25,-0.39999999999999997,settled,0.5600000000000003,-0.32359877559829875,0.0,2,1,1,nan,0.2,0.5235987755982988,9.81,1,1,6,21,41,-3.0,3.0,0.01,30.0,60.0,1e-09,1e-12,6,0.0001,1,new simulation,nan
6,6,-0.009439510239319493,-2.1,-0.39999999999999997,settled,0.5400000000000003,-0.32359877559829875,0.0,2,1,1,nan,0.2,0.5235987755982988,9.81,1,1,6,21,41,-3.0,3.0,0.01,30.0,60.0,1e-09,1e-12,6,0.0001,1,new simulation,nan
6,7,-0.009439510239319493,-1.95,-0.39999999999999997,settled,0.5300000000000002,-0.32359877559829875,0.0,2,1,1,nan,0.2,0.5235987755982988,9.81,1,1,6,21,41,-3.0,3.0,0.01,30.0,60.0,1e-09,1e-12,6,0.0001,1,new simulation,nan
6,8,-0.009439510239319493,-1.8,-0.39999999999999997,settled,0.5100000000000002,-0.32359877559829875,0.0,2,1,1,nan,0.2,0.5235987755982988,9.81,1,1,6,21,41,-3.0,3.0,0.01,30.0,60.0,1e-09,1e-12,6,0.0001,1,new simulation,nan
6,9,-0.009439510239319493,-1.6500000000000001,-0.39999999999999997,settled,0.5000000000000002,-0.32359877559829875,0.0,2,1,1,nan,0.2,0.5235987755982988,9.81,1,1,6,21,41,-3.0,3.0,0.01,30.0,60.0,1e-09,1e-12,6,0.0001,1,new simulation,nan
6,10,-0.009439510239319493,-1.5,-0.39999999999999997,settled,0.49000000000000027,-0.32359877559829875,0.0,2,1,1,nan,0.2,0.5235987755982988,9.81,1,1,6,21,41,-3.0,3.0,0.01,30.0,60.0,1e-09,1e-12,6,0.0001,1,new simulation,nan
6,11,-0.009439510239319493,-1.35,-0.39999999999999997,settled,0.49000000000000027,-0.32359877559829875,0.0,2,1,1,nan,0.2,0.5235987755982988,9.81,1,1,6,21,41,-3.0,3.0,0.01,30.0,60.0,1e-09,1e-12,6,0.0001,1,new simulation,nan
6,12,-0.009439510239319493,-1.2000000000000002,-0.39999999999999997,settled,0.49000000000000027,-0.32359877559829875,0.0,2,1,1,nan,0.2,0.5235987755982988,9.81,1,1,6,21,41,-3.0,3.0,0.01,30.0,60.0,1e-09,1e-12,6,0.0001,1,new simulation,nan
6,13,-0.009439510239319493,-1.05,-0.39999999999999997,settled,0.5000000000000002,-0.32359877559829875,0.0,2,1,1,nan,0.2,0.5235987755982988,9.81,1,1,6,21,41,-3.0,3.0,0.01,30.0,60.0,1e-09,1e-12,6,0.0001,1,new simulation,nan
6,14,-0.009439510239319493,-0.8999999999999999,-0.39999999999999997,settled,0.5200000000000002,-0.32359877559829875,0.0,2,1,1,nan,0.2,0.5235987755982988,9.81,1,1,6,21,41,-3.0,3.0,0.01,30.0,60.0,1e-09,1e-12,6,0.0001,1,new simulation,nan
6,15,-0.009439510239319493,-0.75,-0.39999999999999997,settled,0.5500000000000003,-0.32359877559829875,0.0,2,1,1,nan,0.2,0.5235987755982988,9.81,1,1,6,21,41,-3.0,3.0,0.01,30.0,60.0,1e-09,1e-12,6,0.0001,1,new simulation,nan
6,16,-0.009439510239319493,-0.6000000000000001,-0.39999999999999997,settled,0.5900000000000003,-0.32359877559829875,0.0,2,1,1,nan,0.2,0.5235987755982988,9.81,1,1,6,21,41,-3.0,3.0,0.01,30.0,60.0,1e-09,1e-12,6,0.0001,1,new simulation,nan
6,17,-0.009439510239319493,-0.4500000000000002,-0.39999999999999997,settled,0.6500000000000004,-0.32359877559829875,0.0,2,1,1,nan,0.2,0.5235987755982988,9.81,1,1,6,21,41,-3.0,3.0,0.01,30.0,60.0,1e-09,1e-12,6,0.0001,1,new simulation,nan
6,18,-0.009439510239319493,-0.30000000000000027,-0.39999999999999997,settled,0.7600000000000005,-0.32359877559829875,0.0,2,1,1,nan,0.2,0.5235987755982988,9.81,1,1,6,21,41,-3.0,3.0,0.01,30.0,60.0,1e-09,1e-12,6,0.0001,1,new simulation,nan
6,19,-0.009439510239319493,-0.1499999999999999,-0.39999999999999997,settled,0.9400000000000006,-0.32359877559829875,0.0,2,1,1,nan,0.2,0.5235987755982988,9.81,1,1,6,21,41,-3.0,3.0,0.01,30.0,60.0,1e-09,1e-12,6,0.0001,1,new simulation,nan
6,20,-0.009439510239319493,0.0,-0.39999999999999997,settled,1.5100000000000011,-0.32359877559829875,0.0,2,1,1,nan,0.2,0.5235987755982988,9.81,1,1,6,21,41,-3.0,3.0,0.01,30.0,60.0,1e-09,1e-12,6,0.0001,1,new simulation,nan
6,21,-0.009439510239319493,0.1499999999999999,-0.39999999999999997,rolling,11.539999999999798,-0.3126419639614004,1.1099810704257715,10,10,0,1.1398425992757002,0.2,0.5235987755982988,9.81,1,1,6,21,41,-3.0,3.0,0.01,30.0,60.0,1e-09,1e-12,6,0.0001,1,new simulation,nan
6,22,-0.009439510239319493,0.2999999999999998,-0.39999999999999997,rolling,11.249999999999805,-0.3167117409663488,1.1210584436076483,10,10,0,1.139849023422373,0.2,0.5235987755982988,9.81,1,1,6,21,41,-3.0,3.0,0.01,30.0,60.0,1e-09,1e-12,6,0.0001,1,new simulation,nan
6,23,-0.009439510239319493,0.44999999999999973,-0.39999999999999997,rolling,11.069999999999808,-0.3124551416066266,1.10947333293495,10,10,0,1.1398597304991291,0.2,0.5235987755982988,9.81,1,1,6,21,41,-3.0,3.0,0.01,30.0,60.0,1e-09,1e-12,6,0.0001,1,new simulation,nan
6,24,-0.009439510239319493,0.5999999999999996,-0.39999999999999997,rolling,10.909999999999812,-0.3225042879425561,1.1368730663852753,10,10,0,1.1398747197669017,0.2,0.5235987755982988,9.81,1,1,6,21,41,-3.0,3.0,0.01,30.0,60.0,1e-09,1e-12,6,0.0001,1,new simulation,nan
6,25,-0.009439510239319493,0.75,-0.39999999999999997,rolling,10.779999999999815,-0.3168209600151591,1.1213563132712672,10,10,0,1.1398939898062532,0.2,0.5235987755982988,9.81,1,1,6,21,41,-3.0,3.0,0.01,30.0,60.0,1e-09,1e-12,6,0.0001,1,new simulation,nan
6,26,-0.009439510239319493,0.8999999999999999,-0.39999999999999997,rolling,11.789999999999793,-0.32356299104782865,1.1397694085483865,11,11,0,1.1398798473149359,0.2,0.5235987755982988,9.81,1,1,6,21,41,-3.0,3.0,0.01,30.0,60.0,1e-09,1e-12,6,0.0001,1,new simulation,nan
6,27,-0.009439510239319493,1.0499999999999998,-0.39999999999999997,rolling,11.679999999999795,-0.3159457671206002,1.118971574148986,11,11,0,1.139886806342207,0.2,0.5235987755982988,9.81,1,1,6,21,41,-3.0,3.0,0.01,30.0,60.0,1e-09,1e-12,6,0.0001,1,new simulation,nan
6,28,-0.009439510239319493,1.2000000000000002,-0.39999999999999997,rolling,11.569999999999798,-0.3159609684979008,1.1190130187182306,11,11,0,1.1398948351893987,0.2,0.5235987755982988,9.81,1,1,6,21,41,-3.0,3.0,0.01,30.0,60.0,1e-09,1e-12,6,0.0001,1,new simulation,nan
6,29,-0.009439510239319493,1.3499999999999996,-0.39999999999999997,rolling,12.599999999999776,-0.32350426762309903,1.1396086951865076,12,12,0,1.139876444988367,0.2,0.5235987755982988,9.81,1,1,6,21,41,-3.0,3.0,0.01,30.0,60.0,1e-09,1e-12,6,0.0001,1,new simulation,nan
6,30,-0.009439510239319493,1.5,-0.39999999999999997,rolling,12.509999999999778,-0.31384793888627577,1.1132607448752607,12,12,0,1.1398789873984294,0.2,0.5235987755982988,9.81,1,1,6,21,41,-3.0,3.0,0.01,30.0,60.0,1e-09,1e-12,6,0.0001,1,new simulation,nan
6,31,-0.009439510239319493,1.6499999999999995,-0.39999999999999997,rolling,12.40999999999978,-0.3210006833523335,1.1327627455800704,12,12,0,1.1398817976450606,0.2,0.5235987755982988,9.81,1,1,6,21,41,-3.0,3.0,0.01,30.0,60.0,1e-09,1e-12,6,0.0001,1,new simulation,nan
6,32,-0.009439510239319493,1.7999999999999998,-0.39999999999999997,rolling,12.319999999999782,-0.3220176272830283,1.1355423439608983,12,12,0,1.139884876118437,0.2,0.5235987755982988,9.81,1,1,6,21,41,-3.0,3.0,0.01,30.0,60.0,1e-09,1e-12,6,0.0001,1,new simulation,nan
6,33,-0.009439510239319493,1.9500000000000002,-0.39999999999999997,rolling,12.239999999999783,-0.316440116234743,1.1203184134381043,12,12,0,1.1398882219030504,0.2,0.5235987755982988,9.81,1,1,6,21,41,-3.0,3.0,0.01,30.0,60.0,1e-09,1e-12,6,0.0001,1,new simulation,nan
6,34,-0.009439510239319493,2.0999999999999996,-0.39999999999999997,rolling,12.159999999999785,-0.3151903801646145,1.1169143800834644,12,12,0,1.1398918345967586,0.2,0.5235987755982988,9.81,1,1,6,21,41,-3.0,3.0,0.01,30.0,60.0,1e-09,1e-12,6,0.0001,1,new simulation,nan
6,35,-0.009439510239319493,2.25,-0.39999999999999997,rolling,12.079999999999787,-0.3178945658418776,1.1242834248707674,12,12,0,1.1398957155048783,0.2,0.5235987755982988,9.81,1,1,6,21,41,-3.0,3.0,0.01,30.0,60.0,1e-09,1e-12,6,0.0001,1,new simulation,nan
6,36,-0.009439510239319493,2.3999999999999995,-0.39999999999999997,rolling,13.149999999999764,-0.31380867238517557,1.1131539075602064,13,13,0,1.139875427132747,0.2,0.5235987755982988,9.81,1,1,6,21,41,-3.0,3.0,0.01,30.0,60.0,1e-09,1e-12,6,0.0001,1,new simulation,nan
6,37,-0.009439510239319493,2.55,-0.39999999999999997,rolling,13.079999999999766,-0.31235949669056134,1.109213454291893,13,13,0,1.1398765316475272,0.2,0.5235987755982988,9.81,1,1,6,21,41,-3.0,3.0,0.01,30.0,60.0,1e-09,1e-12,6,0.0001,1,new simulation,nan
6,38,-0.009439510239319493,2.7,-0.39999999999999997,rolling,13.009999999999767,-0.31402390844081907,1.1137394793878215,13,13,0,1.139877702552545,0.2,0.5235987755982988,9.81,1,1,6,21,41,-3.0,3.0,0.01,30.0,60.0,1e-09,1e-12,6,0.0001,1,new simulation,nan
6,39,-0.009439510239319493,2.8499999999999996,-0.39999999999999997,rolling,12.939999999999769,-0.3186171749328072,1.1262545754340494,13,13,0,1.1398789398905356,0.2,0.5235987755982988,9.81,1,1,6,21,41,-3.0,3.0,0.01,30.0,60.0,1e-09,1e-12,6,0.0001,1,new simulation,nan
6,40,-0.009439510239319493,3.0,-0.39999999999999997,rolling,12.87999999999977,-0.31472247363244027,1.1156405257995061,13,13,0,1.1398802449568555,0.2,0.5235987755982988,9.81,1,1,6,21,41,-3.0,3.0,0.01,30.0,60.0,1e-09,1e-12,6,0.0001,1,new simulation,nan
7,0,0.042920367320510355,-3.0,-0.30000000000000004,settled,0.7200000000000004,-0.32359877559829875,0.0,2,1,1,nan,0.2,0.5235987755982988,9.81,1,1,6,21,41,-3.0,3.0,0.01,30.0,60.0,1e-09,1e-12,6,0.0001,1,new simulation,nan
7,1,0.042920367320510355,-2.85,-0.30000000000000004,settled,0.6900000000000004,-0.32359877559829875,0.0,2,1,1,nan,0.2,0.5235987755982988,9.81,1,1,6,21,41,-3.0,3.0,0.01,30.0,60.0,1e-09,1e-12,6,0.0001,1,new simulation,nan
7,2,0.042920367320510355,-2.7,-0.30000000000000004,settled,0.6600000000000004,-0.32359877559829875,0.0,2,1,1,nan,0.2,0.5235987755982988,9.81,1,1,6,21,41,-3.0,3.0,0.01,30.0,60.0,1e-09,1e-12,6,0.0001,1,new simulation,nan
7,3,0.042920367320510355,-2.55,-0.30000000000000004,settled,0.6300000000000003,-0.32359877559829875,0.0,2,1,1,nan,0.2,0.5235987755982988,9.81,1,1,6,21,41,-3.0,3.0,0.01,30.0,60.0,1e-09,1e-12,6,0.0001,1,new simulation,nan
7,4,0.042920367320510355,-2.4,-0.30000000000000004,settled,0.6100000000000003,-0.32359877559829875,0.0,2,1,1,nan,0.2,0.5235987755982988,9.81,1,1,6,21,41,-3.0,3.0,0.01,30.0,60.0,1e-09,1e-12,6,0.0001,1,new simulation,nan
7,5,0.042920367320510355,-2.25,-0.30000000000000004,settled,0.5800000000000003,-0.32359877559829875,0.0,2,1,1,nan,0.2,0.5235987755982988,9.81,1,1,6,21,41,-3.0,3.0,0.01,30.0,60.0,1e-09,1e-12,6,0.0001,1,new simulation,nan
7,6,0.042920367320510355,-2.1,-0.30000000000000004,settled,0.5700000000000003,-0.32359877559829875,0.0,2,1,1,nan,0.2,0.5235987755982988,9.81,1,1,6,21,41,-3.0,3.0,0.01,30.0,60.0,1e-09,1e-12,6,0.0001,1,new simulation,nan
7,7,0.042920367320510355,-1.95,-0.30000000000000004,settled,0.5500000000000003,-0.32359877559829875,0.0,2,1,1,nan,0.2,0.5235987755982988,9.81,1,1,6,21,41,-3.0,3.0,0.01,30.0,60.0,1e-09,1e-12,6,0.0001,1,new simulation,nan
7,8,0.042920367320510355,-1.8,-0.30000000000000004,settled,0.5400000000000003,-0.32359877559829875,0.0,2,1,1,nan,0.2,0.5235987755982988,9.81,1,1,6,21,41,-3.0,3.0,0.01,30.0,60.0,1e-09,1e-12,6,0.0001,1,new simulation,nan
7,9,0.042920367320510355,-1.6500000000000001,-0.30000000000000004,settled,0.5300000000000002,-0.32359877559829875,0.0,2,1,1,nan,0.2,0.5235987755982988,9.81,1,1,6,21,41,-3.0,3.0,0.01,30.0,60.0,1e-09,1e-12,6,0.0001,1,new simulation,nan
7,10,0.042920367320510355,-1.5,-0.30000000000000004,settled,0.5300000000000002,-0.32359877559829875,0.0,2,1,1,nan,0.2,0.5235987755982988,9.81,1,1,6,21,41,-3.0,3.0,0.01,30.0,60.0,1e-09,1e-12,6,0.0001,1,new simulation,nan
7,11,0.042920367320510355,-1.35,-0.30000000000000004,settled,0.5300000000000002,-0.32359877559829875,0.0,2,1,1,nan,0.2,0.5235987755982988,9.81,1,1,6,21,41,-3.0,3.0,0.01,30.0,60.0,1e-09,1e-12,6,0.0001,1,new simulation,nan
7,12,0.042920367320510355,-1.2000000000000002,-0.30000000000000004,settled,0.5400000000000003,-0.32359877559829875,0.0,2,1,1,nan,0.2,0.5235987755982988,9.81,1,1,6,21,41,-3.0,3.0,0.01,30.0,60.0,1e-09,1e-12,6,0.0001,1,new simulation,nan
7,13,0.042920367320510355,-1.05,-0.30000000000000004,settled,0.5500000000000003,-0.32359877559829875,0.0,2,1,1,nan,0.2,0.5235987755982988,9.81,1,1,6,21,41,-3.0,3.0,0.01,30.0,60.0,1e-09,1e-12,6,0.0001,1,new simulation,nan
7,14,0.042920367320510355,-0.8999999999999999,-0.30000000000000004,settled,0.5800000000000003,-0.32359877559829875,0.0,2,1,1,nan,0.2,0.5235987755982988,9.81,1,1,6,21,41,-3.0,3.0,0.01,30.0,60.0,1e-09,1e-12,6,0.0001,1,new simulation,nan
7,15,0.042920367320510355,-0.75,-0.30000000000000004,settled,0.6200000000000003,-0.32359877559829875,0.0,2,1,1,nan,0.2,0.5235987755982988,9.81,1,1,6,21,41,-3.0,3.0,0.01,30.0,60.0,1e-09,1e-12,6,0.0001,1,new simulation,nan
7,16,0.042920367320510355,-0.6000000000000001,-0.30000000000000004,settled,0.6800000000000004,-0.32359877559829875,0.0,2,1,1,nan,0.2,0.5235987755982988,9.81,1,1,6,21,41,-3.0,3.0,0.01,30.0,60.0,1e-09,1e-12,6,0.0001,1,new simulation,nan
7,17,0.042920367320510355,-0.4500000000000002,-0.30000000000000004,settled,0.7800000000000005,-0.32359877559829875,0.0,2,1,1,nan,0.2,0.5235987755982988,9.81,1,1,6,21,41,-3.0,3.0,0.01,30.0,60.0,1e-09,1e-12,6,0.0001,1,new simulation,nan
7,18,0.042920367320510355,-0.30000000000000027,-0.30000000000000004,settled,0.9700000000000006,-0.32359877559829875,0.0,2,1,1,nan,0.2,0.5235987755982988,9.81,1,1,6,21,41,-3.0,3.0,0.01,30.0,60.0,1e-09,1e-12,6,0.0001,1,new simulation,nan
7,19,0.042920367320510355,-0.1499999999999999,-0.30000000000000004,settled,1.7200000000000013,-0.32359877559829875,0.0,2,1,1,nan,0.2,0.5235987755982988,9.81,1,1,6,21,41,-3.0,3.0,0.01,30.0,60.0,1e-09,1e-12,6,0.0001,1,new simulation,nan
7,20,0.042920367320510355,0.0,-0.30000000000000004,rolling,11.519999999999799,-0.3153558877979934,1.1173648021297953,10,10,0,1.1398388207203107,0.2,0.5235987755982988,9.81,1,1,6,21,41,-3.0,3.0,0.01,30.0,60.0,1e-09,1e-12,6,0.0001,1,new simulation,nan
7,21,0.042920367320510355,0.1499999999999999,-0.30000000000000004,rolling,11.269999999999804,-0.31608947324790887,1.1193628461076814,10,10,0,1.1398409619901189,0.2,0.5235987755982988,9.81,1,1,6,21,41,-3.0,3.0,0.01,30.0,60.0,1e-09,1e-12,6,0.0001,1,new simulation,nan
7,22,0.042920367320510355,0.2999999999999998,-0.30000000000000004,rolling,11.099999999999808,-0.32307034503714377,1.1384212993313843,10,10,0,1.13984738672277,0.2,0.5235987755982988,9.81,1,1,6,21,41,-3.0,3.0,0.01,30.0,60.0,1e-09,1e-12,6,0.0001,1,new simulation,nan
7,23,0.042920367320510355,0.44999999999999973,-0.30000000000000004,rolling,10.96999999999981,-0.31371061478941714,1.1128870868108582,10,10,0,1.1398580939352154,0.2,0.5235987755982988,9.81,1,1,6,21,41,-3.0,3.0,0.01,30.0,60.0,1e-09,1e-12,6,0.0001,1,new simulation,nan
7,24,0.042920367320510355,0.5999999999999996,-0.30000000000000004,rolling,9.699999999999838,-0.3159498801740902,1.1189827938268557,9,9,0,1.1398904888426002,0.2,0.5235987755982988,9.81,1,1,6,21,41,-3.0,3.0,0.01,30.0,60.0,1e-09,1e-12,6,0.0001,1,new simulation,nan
7,25,0.042920367320510355,0.75,-0.30000000000000004,rolling,10.719999999999816,-0.31608989140472926,1.1193642161708108,10,10,0,1.1398923538054058,0.2,0.5235987755982988,9.81,1,1,6,21,41,-3.0,3.0,0.01,30.0,60.0,1e-09,1e-12,6,0.0001,1,new simulation,nan
7,26,0.042920367320510355,0.8999999999999999,-0.30000000000000004,rolling,11.739999999999794,-0.32251011354163694,1.1368890192232195,11,11,0,1.1398794377841455,0.2,0.5235987755982988,9.81,1,1,6,21,41,-3.0,3.0,0.01,30.0,60.0,1e-09,1e-12,6,0.0001,1,new simulation,nan
7,27,0.042920367320510355,1.0499999999999998,-0.30000000000000004,rolling,11.629999999999797,-0.32277049366474647,1.1376012143205843,11,11,0,1.1398863968134332,0.2,0.5235987755982988,9.81,1,1,6,21,41,-3.0,3.0,0.01,30.0,60.0,1e-09,1e-12,6,0.0001,1,new simulation,nan
7,28,0.042920367320510355,1.2000000000000002,-0.30000000000000004,rolling,11.529999999999799,-0.31741181917918815,1.1229670073532705,11,11,0,1.1398944256390753,0.2,0.5235987755982988,9.81,1,1,6,21,41,-3.0,3.0,0.01,30.0,60.0,1e-09,1e-12,6,0.0001,1,new simulation,nan
7,29,0.042920367320510355,1.3499999999999996,-0.30000000000000004,rolling,12.569999999999776,-0.3182795485215142,1.1253334348193178,12,12,0,1.139876342253623,0.2,0.5235987755982988,9.81,1,1,6,21,41,-3.0,3.0,0.01,30.0,60.0,1e-09,1e-12,6,0.0001,1,new simulation,nan
7,30,0.042920367320510355,1.5,-0.30000000000000004,rolling,12.479999999999778,-0.3123715011301026,1.1092460913525828,12,12,0,1.139878885496774,0.2,0.5235987755982988,9.81,1,1,6,21,41,-3.0,3.0,0.01,30.0,60.0,1e-09,1e-12,6,0.0001,1,new simulation,nan
7,31,0.042920367320510355,1.6499999999999995,-0.30000000000000004,rolling,12.37999999999978,-0.3225548895622512,1.1370114890772065,12,12,0,1.139881696258421,0.2,0.5235987755982988,9.81,1,1,6,21,41,-3.0,3.0,0.01,30.0,60.0,1e-09,1e-12,6,0.0001,1,new simulation,nan
7,32,0.042920367320510355,1.7999999999999998,-0.30000000000000004,rolling,12.299999999999782,-0.31484367218544423,1.1159704545663773,12,12,0,1.1398847740463534,0.2,0.5235987755982988,9.81,1,1,6,21,41,-3.0,3.0,0.01,30.0,60.0,1e-09,1e-12,6,0.0001,1,new simulation,nan
7,33,0.042920367320510355,1.9500000000000002,-0.30000000000000004,rolling,12.209999999999784,-0.3227004800375417,1.1374097180121328,12,12,0,1.1398881199559276,0.2,0.5235987755982988,9.81,1,1,6,21,41,-3.0,3.0,0.01,30.0,60.0,1e-09,1e-12,6,0.0001,1,new simulation,nan
7,34,0.042920367320510355,2.0999999999999996,-0.30000000000000004,rolling,12.129999999999786,-0.3233088598766682,1.1390740646982531,12,12,0,1.1398917332657739,0.2,0.5235987755982988,9.81,1,1,6,21,41,-3.0,3.0,0.01,30.0,60.0,1e-09,1e-12,6,0.0001,1,new simulation,nan
7,35,0.042920367320510355,2.25,-0.30000000000000004,rolling,12.059999999999787,-0.3163631249688005,1.1201086581034743,12,12,0,1.1398956124239927,0.2,0.5235987755982988,9.81,1,1,6,21,41,-3.0,3.0,0.01,30.0,60.0,1e-09,1e-12,6,0.0001,1,new simulation,nan
7,36,0.042920367320510355,2.3999999999999995,-0.30000000000000004,rolling,13.129999999999765,-0.31369595540227846,1.1128472883440412,13,13,0,1.1398754021908177,0.2,0.5235987755982988,9.81,1,1,6,21,41,-3.0,3.0,0.01,30.0,60.0,1e-09,1e-12,6,0.0001,1,new simulation,nan
7,37,0.042920367320510355,2.55,-0.30000000000000004,rolling,13.059999999999766,-0.3134904688531385,1.1122883715073768,13,13,0,1.1398765052310569,0.2,0.5235987755982988,9.81,1,1,6,21,41,-3.0,3.0,0.01,30.0,60.0,1e-09,1e-12,6,0.0001,1,new simulation,nan
7,38,0.042920367320510355,2.7,-0.30000000000000004,rolling,12.989999999999768,-0.3162768745178186,1.1198735742078612,13,13,0,1.1398776767360734,0.2,0.5235987755982988,9.81,1,1,6,21,41,-3.0,3.0,0.01,30.0,60.0,1e-09,1e-12,6,0.0001,1,new simulation,nan
7,39,0.042920367320510355,2.8499999999999996,-0.30000000000000004,rolling,12.919999999999769,-0.3219130727094266,1.1352564643395178,13,13,0,1.1398789149052755,0.2,0.5235987755982988,9.81,1,1,6,21,41,-3.0,3.0,0.01,30.0,60.0,1e-09,1e-12,6,0.0001,1,new simulation,nan
7,40,0.042920367320510355,3.0,-0.30000000000000004,rolling,12.85999999999977,-0.3189000475420871,1.1270264732374446,13,13,0,1.1398802190200976,0.2,0.5235987755982988,9.81,1,1,6,21,41,-3.0,3.0,0.01,30.0,60.0,1e-09,1e-12,6,0.0001,1,new simulation,nan
8,0,0.09528024488034026,-3.0,-0.19999999999999998,settled,0.7400000000000004,-0.32359877559829875,0.0,2,1,1,nan,0.2,0.5235987755982988,9.81,1,1,6,21,41,-3.0,3.0,0.01,30.0,60.0,1e-09,1e-12,6,0.0001,1,new simulation,nan
8,1,0.09528024488034026,-2.85,-0.19999999999999998,settled,0.7000000000000004,-0.32359877559829875,0.0,2,1,1,nan,0.2,0.5235987755982988,9.81,1,1,6,21,41,-3.0,3.0,0.01,30.0,60.0,1e-09,1e-12,6,0.0001,1,new simulation,nan
8,2,0.09528024488034026,-2.7,-0.19999999999999998,settled,0.6700000000000004,-0.32359877559829875,0.0,2,1,1,nan,0.2,0.5235987755982988,9.81,1,1,6,21,41,-3.0,3.0,0.01,30.0,60.0,1e-09,1e-12,6,0.0001,1,new simulation,nan
8,3,0.09528024488034026,-2.55,-0.19999999999999998,settled,0.6500000000000004,-0.32359877559829875,0.0,2,1,1,nan,0.2,0.5235987755982988,9.81,1,1,6,21,41,-3.0,3.0,0.01,30.0,60.0,1e-09,1e-12,6,0.0001,1,new simulation,nan
8,4,0.09528024488034026,-2.4,-0.19999999999999998,settled,0.6300000000000003,-0.32359877559829875,0.0,2,1,1,nan,0.2,0.5235987755982988,9.81,1,1,6,21,41,-3.0,3.0,0.01,30.0,60.0,1e-09,1e-12,6,0.0001,1,new simulation,nan
8,5,0.09528024488034026,-2.25,-0.19999999999999998,settled,0.6100000000000003,-0.32359877559829875,0.0,2,1,1,nan,0.2,0.5235987755982988,9.81,1,1,6,21,41,-3.0,3.0,0.01,30.0,60.0,1e-09,1e-12,6,0.0001,1,new simulation,nan
8,6,0.09528024488034026,-2.1,-0.19999999999999998,settled,0.5900000000000003,-0.32359877559829875,0.0,2,1,1,nan,0.2,0.5235987755982988,9.81,1,1,6,21,41,-3.0,3.0,0.01,30.0,60.0,1e-09,1e-12,6,0.0001,1,new simulation,nan
8,7,0.09528024488034026,-1.95,-0.19999999999999998,settled,0.5800000000000003,-0.32359877559829875,0.0,2,1,1,nan,0.2,0.5235987755982988,9.81,1,1,6,21,41,-3.0,3.0,0.01,30.0,60.0,1e-09,1e-12,6,0.0001,1,new simulation,nan
8,8,0.09528024488034026,-1.8,-0.19999999999999998,settled,0.5700000000000003,-0.32359877559829875,0.0,2,1,1,nan,0.2,0.5235987755982988,9.81,1,1,6,21,41,-3.0,3.0,0.01,30.0,60.0,1e-09,1e-12,6,0.0001,1,new simulation,nan
8,9,0.09528024488034026,-1.6500000000000001,-0.19999999999999998,settled,0.5600000000000003,-0.32359877559829875,0.0,2,1,1,nan,0.2,0.5235987755982988,9.81,1,1,6,21,41,-3.0,3.0,0.01,30.0,60.0,1e-09,1e-12,6,0.0001,1,new simulation,nan
8,10,0.09528024488034026,-1.5,-0.19999999999999998,settled,0.5600000000000003,-0.32359877559829875,0.0,2,1,1,nan,0.2,0.5235987755982988,9.81,1,1,6,21,41,-3.0,3.0,0.01,30.0,60.0,1e-09,1e-12,6,0.0001,1,new simulation,nan
8,11,0.09528024488034026,-1.35,-0.19999999999999998,settled,0.5700000000000003,-0.32359877559829875,0.0,2,1,1,nan,0.2,0.5235987755982988,9.81,1,1,6,21,41,-3.0,3.0,0.01,30.0,60.0,1e-09,1e-12,6,0.0001,1,new simulation,nan
8,12,0.09528024488034026,-1.2000000000000002,-0.19999999999999998,settled,0.5800000000000003,-0.32359877559829875,0.0,2,1,1,nan,0.2,0.5235987755982988,9.81,1,1,6,21,41,-3.0,3.0,0.01,30.0,60.0,1e-09,1e-12,6,0.0001,1,new simulation,nan
8,13,0.09528024488034026,-1.05,-0.19999999999999998,settled,0.6100000000000003,-0.32359877559829875,0.0,2,1,1,nan,0.2,0.5235987755982988,9.81,1,1,6,21,41,-3.0,3.0,0.01,30.0,60.0,1e-09,1e-12,6,0.0001,1,new simulation,nan
8,14,0.09528024488034026,-0.8999999999999999,-0.19999999999999998,settled,0.6500000000000004,-0.32359877559829875,0.0,2,1,1,nan,0.2,0.5235987755982988,9.81,1,1,6,21,41,-3.0,3.0,0.01,30.0,60.0,1e-09,1e-12,6,0.0001,1,new simulation,nan
8,15,0.09528024488034026,-0.75,-0.19999999999999998,settled,0.7100000000000004,-0.32359877559829875,0.0,2,1,1,nan,0.2,0.5235987755982988,9.81,1,1,6,21,41,-3.0,3.0,0.01,30.0,60.0,1e-09,1e-12,6,0.0001,1,new simulation,nan
8,16,0.09528024488034026,-0.6000000000000001,-0.19999999999999998,settled,0.8100000000000005,-0.32359877559829875,0.0,2,1,1,nan,0.2,0.5235987755982988,9.81,1,1,6,21,41,-3.0,3.0,0.01,30.0,60.0,1e-09,1e-12,6,0.0001,1,new simulation,nan
8,17,0.09528024488034026,-0.4500000000000002,-0.19999999999999998,settled,1.0100000000000007,-0.32359877559829875,0.0,2,1,1,nan,0.2,0.5235987755982988,9.81,1,1,6,21,41,-3.0,3.0,0.01,30.0,60.0,1e-09,1e-12,6,0.0001,1,new simulation,nan
8,18,0.09528024488034026,-0.30000000000000027,-0.19999999999999998,settled,2.429999999999992,-0.32359877559829875,0.0,2,1,1,nan,0.2,0.5235987755982988,9.81,1,1,6,21,41,-3.0,3.0,0.01,30.0,60.0,1e-09,1e-12,6,0.0001,1,new simulation,nan
8,19,0.09528024488034026,-0.1499999999999999,-0.19999999999999998,rolling,12.649999999999775,-0.3173234564920713,1.1227259346487204,11,11,0,1.1398590140713702,0.2,0.5235987755982988,9.81,1,1,6,21,41,-3.0,3.0,0.01,30.0,60.0,1e-09,1e-12,6,0.0001,1,new simulation,nan
8,20,0.09528024488034026,0.0,-0.19999999999999998,rolling,12.43999999999978,-0.3145271989201758,1.1151089331494917,11,11,0,1.1398584782597645,0.2,0.5235987755982988,9.81,1,1,6,21,41,-3.0,3.0,0.01,30.0,60.0,1e-09,1e-12,6,0.0001,1,new simulation,nan
8,21,0.09528024488034026,0.1499999999999999,-0.19999999999999998,rolling,12.299999999999782,-0.31340913717173413,1.1120670914505377,11,11,0,1.1398590142485638,0.2,0.5235987755982988,9.81,1,1,6,21,41,-3.0,3.0,0.01,30.0,60.0,1e-09,1e-12,6,0.0001,1,new simulation,nan
8,22,0.09528024488034026,0.2999999999999998,-0.19999999999999998,rolling,11.02999999999981,-0.32051288330157846,1.1314298704821717,10,10,0,1.1398406368934886,0.2,0.5235987755982988,9.81,1,1,6,21,41,-3.0,3.0,0.01,30.0,60.0,1e-09,1e-12,6,0.0001,1,new simulation,nan
8,23,0.09528024488034026,0.44999999999999973,-0.19999999999999998,rolling,10.909999999999812,-0.32266007976247196,1.137299053588806,10,10,0,1.1398513435873934,0.2,0.5235987755982988,9.81,1,1,6,21,41,-3.0,3.0,0.01,30.0,60.0,1e-09,1e-12,6,0.0001,1,new simulation,nan
8,24,0.09528024488034026,0.5999999999999996,-0.19999999999999998,rolling,8.519999999999863,-0.31437972374171974,1.1147075546490133,8,8,0,1.1398521208029766,0.2,0.5235987755982988,9.81,1,1,6,21,41,-3.0,3.0,0.01,30.0,60.0,1e-09,1e-12,6,0.0001,1,new simulation,nan
8,25,0.09528024488034026,0.75,-0.19999999999999998,rolling,10.679999999999817,-0.3230460847156686,1.1383550970154734,10,10,0,1.1398856047908117,0.2,0.5235987755982988,9.81,1,1,6,21,41,-3.0,3.0,0.01,30.0,60.0,1e-09,1e-12,6,0.0001,1,new simulation,nan
8,26,0.09528024488034026,0.8999999999999999,-0.19999999999999998,rolling,11.709999999999795,-0.3232961781460483,1.1390393049070748,11,11,0,1.1398777503160475,0.2,0.5235987755982988,9.81,1,1,6,21,41,-3.0,3.0,0.01,30.0,60.0,1e-09,1e-12,6,0.0001,1,new simulation,nan
8,27,0.09528024488034026,1.0499999999999998,-0.19999999999999998,rolling,11.609999999999797,-0.31585916168382244,1.1187356542578375,11,11,0,1.1398847102868357,0.2,0.5235987755982988,9.81,1,1,6,21,41,-3.0,3.0,0.01,30.0,60.0,1e-09,1e-12,6,0.0001,1,new simulation,nan
8,28,0.09528024488034026,1.2000000000000002,-0.19999999999999998,rolling,11.509999999999799,-0.3132191751659806,1.1115506392599308,11,11,0,1.1398927386479043,0.2,0.5235987755982988,9.81,1,1,6,21,41,-3.0,3.0,0.01,30.0,60.0,1e-09,1e-12,6,0.0001,1,new simulation,nan
8,29,0.09528024488034026,1.3499999999999996,-0.19999999999999998,rolling,12.549999999999777,-0.3161536771497463,1.119537916767605,12,12,0,1.1398759205706812,0.2,0.5235987755982988,9.81,1,1,6,21,41,-3.0,3.0,0.01,30.0,60.0,1e-09,1e-12,6,0.0001,1,new simulation,nan
8,30,0.09528024488034026,1.5,-0.19999999999999998,rolling,12.449999999999779,-0.32318186773179497,1.13872654769579,12,12,0,1.1398784633799603,0.2,0.5235987755982988,9.81,1,1,6,21,41,-3.0,3.0,0.01,30.0,60.0,1e-09,1e-12,6,0.0001,1,new simulation,nan
8,31,0.09528024488034026,1.6499999999999995,-0.19999999999999998,rolling,12.359999999999781,-0.323564279107691,1.1397729390677405,12,12,0,1.1398812737593726,0.2,0.5235987755982988,9.81,1,1,6,21,41,-3.0,3.0,0.01,30.0,60.0,1e-09,1e-12,6,0.0001,1,new simulation,nan
8,32,0.09528024488034026,1.7999999999999998,-0.19999999999999998,rolling,12.279999999999783,-0.31705295700058866,1.1219886287530123,12,12,0,1.1398843523556381,0.2,0.5235987755982988,9.81,1,1,6,21,41,-3.0,3.0,0.01,30.0,60.0,1e-09,1e-12,6,0.0001,1,new simulation,nan
8,33,0.09528024488034026,1.9500000000000002,-0.19999999999999998,rolling,12.199999999999784,-0.31472933663064395,1.115659239191806,12,12,0,1.1398876975097205,0.2,0.5235987755982988,9.81,1,1,6,21,41,-3.0,3.0,0.01,30.0,60.0,1e-09,1e-12,6,0.0001,1,new simulation,nan
8,34,0.09528024488034026,2.0999999999999996,-0.19999999999999998,rolling,12.119999999999786,-0.3162661042093427,1.1198442908390063,12,12,0,1.1398913108344717,0.2,0.5235987755982988,9.81,1,1,6,21,41,-3.0,3.0,0.01,30.0,60.0,1e-09,1e-12,6,0.0001,1,new simulation,nan
8,35,0.09528024488034026,2.25,-0.19999999999999998,rolling,12.039999999999788,-0.3214530413619304,1.1339990159706377,12,12,0,1.139895191558493,0.2,0.5235987755982988,9.81,1,1,6,21,41,-3.0,3.0,0.01,30.0,60.0,1e-09,1e-12,6,0.0001,1,new simulation,nan
8,36,0.09528024488034026,2.3999999999999995,-0.19999999999999998,rolling,13.109999999999765,-0.31951818989986264,1.1287136780964453,13,13,0,1.1398752961762637,0.2,0.5235987755982988,9.81,1,1,6,21,41,-3.0,3.0,0.01,30.0,60.0,1e-09,1e-12,6,0.0001,1,new simulation,nan
8,37,0.09528024488034026,2.55,-0.19999999999999998,rolling,13.039999999999766,-0.32000647001893107,1.1300468936843495,13,13,0,1.139876400281423,0.2,0.5235987755982988,9.81,1,1,6,21,41,-3.0,3.0,0.01,30.0,60.0,1e-09,1e-12,6,0.0001,1,new simulation,nan
8,38,0.09528024488034026,2.7,-0.19999999999999998,rolling,12.969999999999768,-0.323480024869673,1.1395423616726472,13,13,0,1.1398775712440523,0.2,0.5235987755982988,9.81,1,1,6,21,41,-3.0,3.0,0.01,30.0,60.0,1e-09,1e-12,6,0.0001,1,new simulation,nan
8,39,0.09528024488034026,2.8499999999999996,-0.19999999999999998,rolling,12.90999999999977,-0.3184031964638579,1.125670767269367,13,13,0,1.1398788092008398,0.2,0.5235987755982988,9.81,1,1,6,21,41,-3.0,3.0,0.01,30.0,60.0,1e-09,1e-12,6,0.0001,1,new simulation,nan
8,40,0.09528024488034026,3.0,-0.19999999999999998,rolling,12.84999999999977,-0.3159513297965451,1.1189866970240594,13,13,0,1.1398801136819174,0.2,0.5235987755982988,9.81,1,1,6,21,41,-3.0,3.0,0.01,30.0,60.0,1e-09,1e-12,6,0.0001,1,new simulation,nan
9,0,0.14764012244017016,-3.0,-0.09999999999999994,settled,0.7500000000000004,-0.32359877559829875,0.0,2,1,1,nan,0.2,0.5235987755982988,9.81,1,1,6,21,41,-3.0,3.0,0.01,30.0,60.0,1e-09,1e-12,6,0.0001,1,new simulation,nan
9,1,0.14764012244017016,-2.85,-0.09999999999999994,settled,0.7200000000000004,-0.32359877559829875,0.0,2,1,1,nan,0.2,0.5235987755982988,9.81,1,1,6,21,41,-3.0,3.0,0.01,30.0,60.0,1e-09,1e-12,6,0.0001,1,new simulation,nan
9,2,0.14764012244017016,-2.7,-0.09999999999999994,settled,0.6900000000000004,-0.32359877559829875,0.0,2,1,1,nan,0.2,0.5235987755982988,9.81,1,1,6,21,41,-3.0,3.0,0.01,30.0,60.0,1e-09,1e-12,6,0.0001,1,new simulation,nan
9,3,0.14764012244017016,-2.55,-0.09999999999999994,settled,0.6600000000000004,-0.32359877559829875,0.0,2,1,1,nan,0.2,0.5235987755982988,9.81,1,1,6,21,41,-3.0,3.0,0.01,30.0,60.0,1e-09,1e-12,6,0.0001,1,new simulation,nan
9,4,0.14764012244017016,-2.4,-0.09999999999999994,settled,0.6400000000000003,-0.32359877559829875,0.0,2,1,1,nan,0.2,0.5235987755982988,9.81,1,1,6,21,41,-3.0,3.0,0.01,30.0,60.0,1e-09,1e-12,6,0.0001,1,new simulation,nan
9,5,0.14764012244017016,-2.25,-0.09999999999999994,settled,0.6300000000000003,-0.32359877559829875,0.0,2,1,1,nan,0.2,0.5235987755982988,9.81,1,1,6,21,41,-3.0,3.0,0.01,30.0,60.0,1e-09,1e-12,6,0.0001,1,new simulation,nan
9,6,0.14764012244017016,-2.1,-0.09999999999999994,settled,0.6100000000000003,-0.32359877559829875,0.0,2,1,1,nan,0.2,0.5235987755982988,9.81,1,1,6,21,41,-3.0,3.0,0.01,30.0,60.0,1e-09,1e-12,6,0.0001,1,new simulation,nan
9,7,0.14764012244017016,-1.95,-0.09999999999999994,settled,0.6000000000000003,-0.32359877559829875,0.0,2,1,1,nan,0.2,0.5235987755982988,9.81,1,1,6,21,41,-3.0,3.0,0.01,30.0,60.0,1e-09,1e-12,6,0.0001,1,new simulation,nan
9,8,0.14764012244017016,-1.8,-0.09999999999999994,settled,0.6000000000000003,-0.32359877559829875,0.0,2,1,1,nan,0.2,0.5235987755982988,9.81,1,1,6,21,41,-3.0,3.0,0.01,30.0,60.0,1e-09,1e-12,6,0.0001,1,new simulation,nan
9,9,0.14764012244017016,-1.6500000000000001,-0.09999999999999994,settled,0.6000000000000003,-0.32359877559829875,0.0,2,1,1,nan,0.2,0.5235987755982988,9.81,1,1,6,21,41,-3.0,3.0,0.01,30.0,60.0,1e-09,1e-12,6,0.0001,1,new simulation,nan
9,10,0.14764012244017016,-1.5,-0.09999999999999994,settled,0.6000000000000003,-0.32359877559829875,0.0,2,1,1,nan,0.2,0.5235987755982988,9.81,1,1,6,21,41,-3.0,3.0,0.01,30.0,60.0,1e-09,1e-12,6,0.0001,1,new simulation,nan
9,11,0.14764012244017016,-1.35,-0.09999999999999994,settled,0.6100000000000003,-0.32359877559829875,0.0,2,1,1,nan,0.2,0.5235987755982988,9.81,1,1,6,21,41,-3.0,3.0,0.01,30.0,60.0,1e-09,1e-12,6,0.0001,1,new simulation,nan
9,12,0.14764012244017016,-1.2000000000000002,-0.09999999999999994,settled,0.6400000000000003,-0.32359877559829875,0.0,2,1,1,nan,0.2,0.5235987755982988,9.81,1,1,6,21,41,-3.0,3.0,0.01,30.0,60.0,1e-09,1e-12,6,0.0001,1,new simulation,nan
9,13,0.14764012244017016,-1.05,-0.09999999999999994,settled,0.6700000000000004,-0.32359877559829875,0.0,2,1,1,nan,0.2,0.5235987755982988,9.81,1,1,6,21,41,-3.0,3.0,0.01,30.0,60.0,1e-09,1e-12,6,0.0001,1,new simulation,nan
9,14,0.14764012244017016,-0.8999999999999999,-0.09999999999999994,settled,0.7300000000000004,-0.32359877559829875,0.0,2,1,1,nan,0.2,0.5235987755982988,9.81,1,1,6,21,41,-3.0,3.0,0.01,30.0,60.0,1e-09,1e-12,6,0.0001,1,new simulation,nan
9,15,0.14764012244017016,-0.75,-0.09999999999999994,settled,0.8400000000000005,-0.32359877559829875,0.0,2,1,1,nan,0.2,0.5235987755982988,9.81,1,1,6,21,41,-3.0,3.0,0.01,30.0,60.0,1e-09,1e-12,6,0.0001,1,new simulation,nan
9,16,0.14764012244017016,-0.6000000000000001,-0.09999999999999994,settled,1.0400000000000007,-0.32359877559829875,0.0,2,1,1,nan,0.2,0.5235987755982988,9.81,1,1,6,21,41,-3.0,3.0,0.01,30.0,60.0,1e-09,1e-12,6,0.0001,1,new simulation,nan
9,17,0.14764012244017016,-0.4500000000000002,-0.09999999999999994,rolling,12.289999999999782,-0.31379679211793393,1.1131214284472664,10,10,0,1.1398394989792868,0.2,0.5235987755982988,9.81,1,1,6,21,41,-3.0,3.0,0.01,30.0,60.0,1e-09,1e-12,6,0.0001,1,new simulation,nan
9,18,0.14764012244017016,-0.30000000000000027,-0.09999999999999994,rolling,12.649999999999775,-0.31729947120345126,1.1226605362593638,11,11,0,1.13985765904511,0.2,0.5235987755982988,9.81,1,1,6,21,41,-3.0,3.0,0.01,30.0,60.0,1e-09,1e-12,6,0.0001,1,new simulation,nan
9,19,0.14764012244017016,-0.1499999999999999,-0.09999999999999994,rolling,12.479999999999778,-0.31306276203000877,1.111125154885885,11,11,0,1.1398560532447208,0.2,0.5235987755982988,9.81,1,1,6,21,41,-3.0,3.0,0.01,30.0,60.0,1e-09,1e-12,6,0.0001,1,new simulation,nan
9,20,0.14764012244017016,0.0,-0.09999999999999994,rolling,12.359999999999781,-0.32093676528371934,1.1325879800213678,11,11,0,1.1398555181506074,0.2,0.5235987755982988,9.81,1,1,6,21,41,-3.0,3.0,0.01,30.0,60.0,1e-09,1e-12,6,0.0001,1,new simulation,nan
9,21,0.14764012244017016,0.1499999999999999,-0.09999999999999994,rolling,12.259999999999783,-0.31792539094276434,1.1243673191997765,11,11,0,1.1398560536126638,0.2,0.5235987755982988,9.81,1,1,6,21,41,-3.0,3.0,0.01,30.0,60.0,1e-09,1e-12,6,0.0001,1,new simulation,nan
9,22,0.14764012244017016,0.2999999999999998,-0.09999999999999994,rolling,12.149999999999785,-0.32260801954374957,1.137156693502223,11,11,0,1.139857659294673,0.2,0.5235987755982988,9.81,1,1,6,21,41,-3.0,3.0,0.01,30.0,60.0,1e-09,1e-12,6,0.0001,1,new simulation,nan
9,23,0.14764012244017016,0.44999999999999973,-0.09999999999999994,rolling,10.899999999999812,-0.3210132801085226,1.132796979293119,10,10,0,1.1398394990007819,0.2,0.5235987755982988,9.81,1,1,6,21,41,-3.0,3.0,0.01,30.0,60.0,1e-09,1e-12,6,0.0001,1,new simulation,nan
9,24,0.14764012244017016,0.5999999999999996,-0.09999999999999994,rolling,10.789999999999814,-0.3173213867890576,1.1227202703855674,10,10,0,1.1398544882467527,0.2,0.5235987755982988,9.81,1,1,6,21,41,-3.0,3.0,0.01,30.0,60.0,1e-09,1e-12,6,0.0001,1,new simulation,nan
9,25,0.14764012244017016,0.75,-0.09999999999999994,rolling,9.539999999999841,-0.31323514588066564,1.111594071808506,9,9,0,1.1398931999966517,0.2,0.5235987755982988,9.81,1,1,6,21,41,-3.0,3.0,0.01,30.0,60.0,1e-09,1e-12,6,0.0001,1,new simulation,nan
9,26,0.14764012244017016,0.8999999999999999,-0.09999999999999994,rolling,11.709999999999795,-0.3140621136942983,1.1138434130388226,11,11,0,1.1398747897476431,0.2,0.5235987755982988,9.81,1,1,6,21,41,-3.0,3.0,0.01,30.0,60.0,1e-09,1e-12,6,0.0001,1,new simulation,nan
9,27,0.14764012244017016,1.0499999999999998,-0.09999999999999994,rolling,11.599999999999797,-0.31743713806044577,1.1230359844956639,11,11,0,1.1398817484631276,0.2,0.5235987755982988,9.81,1,1,6,21,41,-3.0,3.0,0.01,30.0,60.0,1e-09,1e-12,6,0.0001,1,new simulation,nan
9,28,0.14764012244017016,1.2000000000000002,-0.09999999999999994,rolling,11.4999999999998,-0.31433710488210576,1.114591743715523,11,11,0,1.1398897777082597,0.2,0.5235987755982988,9.81,1,1,6,21,41,-3.0,3.0,0.01,30.0,60.0,1e-09,1e-12,6,0.0001,1,new simulation,nan
9,29,0.14764012244017016,1.3499999999999996,-0.09999999999999994,rolling,12.539999999999777,-0.3169112137901998,1.1216022250819213,12,12,0,1.1398751809886563,0.2,0.5235987755982988,9.81,1,1,6,21,41,-3.0,3.0,0.01,30.0,60.0,1e-09,1e-12,6,0.0001,1,new simulation,nan
9,30,0.14764012244017016,1.5,-0.09999999999999994,rolling,12.449999999999779,-0.3124389009910093,1.1094292730712456,12,12,0,1.139877723561842,0.2,0.5235987755982988,9.81,1,1,6,21,41,-3.0,3.0,0.01,30.0,60.0,1e-09,1e-12,6,0.0001,1,new simulation,nan
9,31,0.14764012244017016,1.6499999999999995,-0.09999999999999994,rolling,12.359999999999781,-0.31265040378296854,1.1100041839691965,12,12,0,1.1398805338813391,0.2,0.5235987755982988,9.81,1,1,6,21,41,-3.0,3.0,0.01,30.0,60.0,1e-09,1e-12,6,0.0001,1,new simulation,nan
9,32,0.14764012244017016,1.7999999999999998,-0.09999999999999994,rolling,12.269999999999783,-0.3173078150595137,1.1226833987779388,12,12,0,1.1398836114247874,0.2,0.5235987755982988,9.81,1,1,6,21,41,-3.0,3.0,0.01,30.0,60.0,1e-09,1e-12,6,0.0001,1,new simulation,nan
9,33,0.14764012244017016,1.9500000000000002,-0.09999999999999994,rolling,12.189999999999785,-0.31497187511818114,1.1163194654685629,12,12,0,1.1398869570579613,0.2,0.5235987755982988,9.81,1,1,6,21,41,-3.0,3.0,0.01,30.0,60.0,1e-09,1e-12,6,0.0001,1,new simulation,nan
9,34,0.14764012244017016,2.0999999999999996,-0.09999999999999994,rolling,12.109999999999786,-0.3165513269132414,1.1206214683596232,12,12,0,1.139890570386499,0.2,0.5235987755982988,9.81,1,1,6,21,41,-3.0,3.0,0.01,30.0,60.0,1e-09,1e-12,6,0.0001,1,new simulation,nan
9,35,0.14764012244017016,2.25,-0.09999999999999994,rolling,12.029999999999788,-0.32182497602880905,1.1350156903264275,12,12,0,1.1398944513034899,0.2,0.5235987755982988,9.81,1,1,6,21,41,-3.0,3.0,0.01,30.0,60.0,1e-09,1e-12,6,0.0001,1,new simulation,nan
9,36,0.14764012244017016,2.3999999999999995,-0.09999999999999994,rolling,13.099999999999765,-0.32000169654236105,1.130033852227685,13,13,0,1.1398751108447458,0.2,0.5235987755982988,9.81,1,1,6,21,41,-3.0,3.0,0.01,30.0,60.0,1e-09,1e-12,6,0.0001,1,new simulation,nan
9,37,0.14764012244017016,2.55,-0.09999999999999994,rolling,13.029999999999767,-0.3206265329894169,1.1317404893410812,13,13,0,1.1398762151728992,0.2,0.5235987755982988,9.81,1,1,6,21,41,-3.0,3.0,0.01,30.0,60.0,1e-09,1e-12,6,0.0001,1,new simulation,nan
9,38,0.14764012244017016,2.7,-0.09999999999999994,rolling,12.969999999999768,-0.3129967104580303,1.1109456564141147,13,13,0,1.1398773859014248,0.2,0.5235987755982988,9.81,1,1,6,21,41,-3.0,3.0,0.01,30.0,60.0,1e-09,1e-12,6,0.0001,1,new simulation,nan
9,39,0.14764012244017016,2.8499999999999996,-0.09999999999999994,rolling,12.89999999999977,-0.31933579149059854,1.1282157672007544,13,13,0,1.1398786234036133,0.2,0.5235987755982988,9.81,1,1,6,21,41,-3.0,3.0,0.01,30.0,60.0,1e-09,1e-12,6,0.0001,1,new simulation,nan
9,40,0.14764012244017016,3.0,-0.09999999999999994,rolling,12.83999999999977,-0.3170481267087949,1.1219754418159986,13,13,0,1.1398799290366088,0.2,0.5235987755982988,9.81,1,1,6,21,41,-3.0,3.0,0.01,30.0,60.0,1e-09,1e-12,6,0.0001,1,new simulation,nan
10,0,0.2,-3.0,0.0,settled,0.7600000000000005,-0.32359877559829875,0.0,2,1,1,nan,0.2,0.5235987755982988,9.81,1,1,6,21,41,-3.0,3.0,0.01,30.0,60.0,1e-09,1e-12,6,0.0001,1,new simulation,nan
10,1,0.2,-2.85,0.0,settled,0.7300000000000004,-0.32359877559829875,0.0,2,1,1,nan,0.2,0.5235987755982988,9.81,1,1,6,21,41,-3.0,3.0,0.01,30.0,60.0,1e-09,1e-12,6,0.0001,1,new simulation,nan
10,2,0.2,-2.7,0.0,settled,0.7000000000000004,-0.32359877559829875,0.0,2,1,1,nan,0.2,0.5235987755982988,9.81,1,1,6,21,41,-3.0,3.0,0.01,30.0,60.0,1e-09,1e-12,6,0.0001,1,new simulation,nan
10,3,0.2,-2.55,0.0,settled,0.6800000000000004,-0.32359877559829875,0.0,2,1,1,nan,0.2,0.5235987755982988,9.81,1,1,6,21,41,-3.0,3.0,0.01,30.0,60.0,1e-09,1e-12,6,0.0001,1,new simulation,nan
10,4,0.2,-2.4,0.0,settled,0.6600000000000004,-0.32359877559829875,0.0,2,1,1,nan,0.2,0.5235987755982988,9.81,1,1,6,21,41,-3.0,3.0,0.01,30.0,60.0,1e-09,1e-12,6,0.0001,1,new simulation,nan
10,5,0.2,-2.25,0.0,settled,0.6500000000000004,-0.32359877559829875,0.0,2,1,1,nan,0.2,0.5235987755982988,9.81,1,1,6,21,41,-3.0,3.0,0.01,30.0,60.0,1e-09,1e-12,6,0.0001,1,new simulation,nan
10,6,0.2,-2.1,0.0,settled,0.6300000000000003,-0.32359877559829875,0.0,2,1,1,nan,0.2,0.5235987755982988,9.81,1,1,6,21,41,-3.0,3.0,0.01,30.0,60.0,1e-09,1e-12,6,0.0001,1,new simulation,nan
10,7,0.2,-1.95,0.0,settled,0.6300000000000003,-0.32359877559829875,0.0,2,1,1,nan,0.2,0.5235987755982988,9.81,1,1,6,21,41,-3.0,3.0,0.01,30.0,60.0,1e-09,1e-12,6,0.0001,1,new simulation,nan
10,8,0.2,-1.8,0.0,settled,0.6300000000000003,-0.32359877559829875,0.0,2,1,1,nan,0.2,0.5235987755982988,9.81,1,1,6,21,41,-3.0,3.0,0.01,30.0,60.0,1e-09,1e-12,6,0.0001,1,new simulation,nan
10,9,0.2,-1.6500000000000001,0.0,settled,0.6300000000000003,-0.32359877559829875,0.0,2,1,1,nan,0.2,0.5235987755982988,9.81,1,1,6,21,41,-3.0,3.0,0.01,30.0,60.0,1e-09,1e-12,6,0.0001,1,new simulation,nan
10,10,0.2,-1.5,0.0,settled,0.6400000000000003,-0.32359877559829875,0.0,2,1,1,nan,0.2,0.5235987755982988,9.81,1,1,6,21,41,-3.0,3.0,0.01,30.0,60.0,1e-09,1e-12,6,0.0001,1,new simulation,nan
10,11,0.2,-1.35,0.0,settled,0.6600000000000004,-0.32359877559829875,0.0,2,1,1,nan,0.2,0.5235987755982988,9.81,1,1,6,21,41,-3.0,3.0,0.01,30.0,60.0,1e-09,1e-12,6,0.0001,1,new simulation,nan
10,12,0.2,-1.2000000000000002,0.0,settled,0.7000000000000004,-0.32359877559829875,0.0,2,1,1,nan,0.2,0.5235987755982988,9.81,1,1,6,21,41,-3.0,3.0,0.01,30.0,60.0,1e-09,1e-12,6,0.0001,1,new simulation,nan
10,13,0.2,-1.05,0.0,settled,0.7600000000000005,-0.32359877559829875,0.0,2,1,1,nan,0.2,0.5235987755982988,9.81,1,1,6,21,41,-3.0,3.0,0.01,30.0,60.0,1e-09,1e-12,6,0.0001,1,new simulation,nan
10,14,0.2,-0.8999999999999999,0.0,settled,0.8600000000000005,-0.32359877559829875,0.0,2,1,1,nan,0.2,0.5235987755982988,9.81,1,1,6,21,41,-3.0,3.0,0.01,30.0,60.0,1e-09,1e-12,6,0.0001,1,new simulation,nan
10,15,0.2,-0.75,0.0,settled,1.0800000000000007,-0.32359877559829875,0.0,2,1,1,nan,0.2,0.5235987755982988,9.81,1,1,6,21,41,-3.0,3.0,0.01,30.0,60.0,1e-09,1e-12,6,0.0001,1,new simulation,nan
10,16,0.2,-0.6000000000000001,0.0,rolling,13.199999999999763,-0.31508223053078005,1.1166197839296783,11,11,0,1.139859856454682,0.2,0.5235987755982988,9.81,1,1,6,21,41,-3.0,3.0,0.01,30.0,60.0,1e-09,1e-12,6,0.0001,1,new simulation,nan
10,17,0.2,-0.4500000000000002,0.0,rolling,12.659999999999775,-0.3167286947741922,1.1211046797098,11,11,0,1.1398561085121577,0.2,0.5235987755982988,9.81,1,1,6,21,41,-3.0,3.0,0.01,30.0,60.0,1e-09,1e-12,6,0.0001,1,new simulation,nan
10,18,0.2,-0.30000000000000027,0.0,rolling,12.529999999999777,-0.31651492400717596,1.1205221041133717,11,11,0,1.1398534319254612,0.2,0.5235987755982988,9.81,1,1,6,21,41,-3.0,3.0,0.01,30.0,60.0,1e-09,1e-12,6,0.0001,1,new simulation,nan
10,19,0.2,-0.1499999999999999,0.0,rolling,12.449999999999779,-0.32267462264010355,1.1373388328309917,11,11,0,1.1398518257800767,0.2,0.5235987755982988,9.81,1,1,6,21,41,-3.0,3.0,0.01,30.0,60.0,1e-09,1e-12,6,0.0001,1,new simulation,nan
10,20,0.2,0.0,0.0,rolling,12.37999999999978,-0.32158834092858496,1.1343686353356308,11,11,0,1.1398512908821121,0.2,0.5235987755982988,9.81,1,1,6,21,41,-3.0,3.0,0.01,30.0,60.0,1e-09,1e-12,6,0.0001,1,new simulation,nan
10,21,0.2,0.1499999999999999,0.0,rolling,12.299999999999782,-0.3148367196806866,1.1159513808374277,11,11,0,1.139851826118851,0.2,0.5235987755982988,9.81,1,1,6,21,41,-3.0,3.0,0.01,30.0,60.0,1e-09,1e-12,6,0.0001,1,new simulation,nan
10,22,0.2,0.2999999999999998,0.0,rolling,12.189999999999785,-0.3220130886375415,1.135529796757747,11,11,0,1.1398534325697887,0.2,0.5235987755982988,9.81,1,1,6,21,41,-3.0,3.0,0.01,30.0,60.0,1e-09,1e-12,6,0.0001,1,new simulation,nan
10,23,0.2,0.44999999999999973,0.0,rolling,12.079999999999787,-0.31577073928787197,1.1184946795058985,11,11,0,1.139856108677502,0.2,0.5235987755982988,9.81,1,1,6,21,41,-3.0,3.0,0.01,30.0,60.0,1e-09,1e-12,6,0.0001,1,new simulation,nan
10,24,0.2,0.5999999999999996,0.0,rolling,11.95999999999979,-0.3154324591239085,1.1175734063852254,11,11,0,1.1398598566289928,0.2,0.5235987755982988,9.81,1,1,6,21,41,-3.0,3.0,0.01,30.0,60.0,1e-09,1e-12,6,0.0001,1,new simulation,nan
10,25,0.2,0.75,0.0,rolling,10.699999999999816,-0.31486723148898604,1.1160344606371992,10,10,0,1.1398568544426853,0.2,0.5235987755982988,9.81,1,1,6,21,41,-3.0,3.0,0.01,30.0,60.0,1e-09,1e-12,6,0.0001,1,new simulation,nan
10,26,0.2,0.8999999999999999,0.0,rolling,10.579999999999819,-0.3188901842021912,1.12699955719632,10,10,0,1.1398804089585586,0.2,0.5235987755982988,9.81,1,1,6,21,41,-3.0,3.0,0.01,30.0,60.0,1e-09,1e-12,6,0.0001,1,new simulation,nan
10,27,0.2,1.0499999999999998,0.0,rolling,11.609999999999797,-0.3178069151594131,1.1240442986717163,11,11,0,1.1398775221861677,0.2,0.5235987755982988,9.81,1,1,6,21,41,-3.0,3.0,0.01,30.0,60.0,1e-09,1e-12,6,0.0001,1,new simulation,nan
10,28,0.2,1.2000000000000002,0.0,rolling,11.4999999999998,-0.32186729672979153,1.1351313484047372,11,11,0,1.1398855522727043,0.2,0.5235987755982988,9.81,1,1,6,21,41,-3.0,3.0,0.01,30.0,60.0,1e-09,1e-12,6,0.0001,1,new simulation,nan
10,29,0.2,1.3499999999999996,0.0,rolling,11.399999999999801,-0.3205234591741988,1.1314589977312541,11,11,0,1.1398946513312553,0.2,0.5235987755982988,9.81,1,1,6,21,41,-3.0,3.0,0.01,30.0,60.0,1e-09,1e-12,6,0.0001,1,new simulation,nan
10,30,0.2,1.5,0.0,rolling,12.449999999999779,-0.3143275807090462,1.1145657662091684,12,12,0,1.1398766668832745,0.2,0.5235987755982988,9.81,1,1,6,21,41,-3.0,3.0,0.01,30.0,60.0,1e-09,1e-12,6,0.0001,1,new simulation,nan
10,31,0.2,1.6499999999999995,0.0,rolling,12.359999999999781,-0.3126565615142146,1.110020918305919,12,12,0,1.13987947691901,0.2,0.5235987755982988,9.81,1,1,6,21,41,-3.0,3.0,0.01,30.0,60.0,1e-09,1e-12,6,0.0001,1,new simulation,nan
10,32,0.2,1.7999999999999998,0.0,rolling,12.269999999999783,-0.3158351356513563,1.1186702007697837,12,12,0,1.1398825547280989,0.2,0.5235987755982988,9.81,1,1,6,21,41,-3.0,3.0,0.01,30.0,60.0,1e-09,1e-12,6,0.0001,1,new simulation,nan
10,33,0.2,1.9500000000000002,0.0,rolling,12.189999999999785,-0.3123606063446878,1.1092165118903663,12,12,0,1.1398859001269794,0.2,0.5235987755982988,9.81,1,1,6,21,41,-3.0,3.0,0.01,30.0,60.0,1e-09,1e-12,6,0.0001,1,new simulation,nan
10,34,0.2,2.0999999999999996,0.0,rolling,12.109999999999786,-0.31302872937055254,1.1110327697230036,12,12,0,1.1398895137499823,0.2,0.5235987755982988,9.81,1,1,6,21,41,-3.0,3.0,0.01,30.0,60.0,1e-09,1e-12,6,0.0001,1,new simulation,nan
10,35,0.2,2.25,0.0,rolling,12.029999999999788,-0.31754107172500123,1.1233194262170283,12,12,0,1.1398933944898009,0.2,0.5235987755982988,9.81,1,1,6,21,41,-3.0,3.0,0.01,30.0,60.0,1e-09,1e-12,6,0.0001,1,new simulation,nan
10,36,0.2,2.3999999999999995,0.0,rolling,13.099999999999765,-0.3151769557694619,1.1168777533099539,13,13,0,1.1398748464896384,0.2,0.5235987755982988,9.81,1,1,6,21,41,-3.0,3.0,0.01,30.0,60.0,1e-09,1e-12,6,0.0001,1,new simulation,nan
10,37,0.2,2.55,0.0,rolling,13.029999999999767,-0.3153553211792239,1.1173634245619006,13,13,0,1.1398759505185463,0.2,0.5235987755982988,9.81,1,1,6,21,41,-3.0,3.0,0.01,30.0,60.0,1e-09,1e-12,6,0.0001,1,new simulation,nan
10,38,0.2,2.7,0.0,rolling,12.959999999999768,-0.31859569795507237,1.1261959667991792,13,13,0,1.1398771219796566,0.2,0.5235987755982988,9.81,1,1,6,21,41,-3.0,3.0,0.01,30.0,60.0,1e-09,1e-12,6,0.0001,1,new simulation,nan
10,39,0.2,2.8499999999999996,0.0,rolling,12.89999999999977,-0.31347432233103495,1.1122444644342144,13,13,0,1.1398783600680409,0.2,0.5235987755982988,9.81,1,1,6,21,41,-3.0,3.0,0.01,30.0,60.0,1e-09,1e-12,6,0.0001,1,new simulation,nan
10,40,0.2,3.0,0.0,rolling,12.829999999999771,-0.32222464450155763,1.1361083607343514,13,13,0,1.1398796643014075,0.2,0.5235987755982988,9.81,1,1,6,21,41,-3.0,3.0,0.01,30.0,60.0,1e-09,1e-12,6,0.0001,1,new simulation,nan
11,0,0.25235987755982986,-3.0,0.09999999999999994,settled,0.7700000000000005,-0.32359877559829875,0.0,2,1,1,nan,0.2,0.5235987755982988,9.81,1,1,6,21,41,-3.0,3.0,0.01,30.0,60.0,1e-09,1e-12,6,0.0001,1,new simulation,nan
11,1,0.25235987755982986,-2.85,0.09999999999999994,settled,0.7400000000000004,-0.32359877559829875,0.0,2,1,1,nan,0.2,0.5235987755982988,9.81,1,1,6,21,41,-3.0,3.0,0.01,30.0,60.0,1e-09,1e-12,6,0.0001,1,new simulation,nan
11,2,0.25235987755982986,-2.7,0.09999999999999994,settled,0.7200000000000004,-0.32359877559829875,0.0,2,1,1,nan,0.2,0.5235987755982988,9.81,1,1,6,21,41,-3.0,3.0,0.01,30.0,60.0,1e-09,1e-12,6,0.0001,1,new simulation,nan
11,3,0.25235987755982986,-2.55,0.09999999999999994,settled,0.6900000000000004,-0.32359877559829875,0.0,2,1,1,nan,0.2,0.5235987755982988,9.81,1,1,6,21,41,-3.0,3.0,0.01,30.0,60.0,1e-09,1e-12,6,0.0001,1,new simulation,nan
11,4,0.25235987755982986,-2.4,0.09999999999999994,settled,0.6800000000000004,-0.32359877559829875,0.0,2,1,1,nan,0.2,0.5235987755982988,9.81,1,1,6,21,41,-3.0,3.0,0.01,30.0,60.0,1e-09,1e-12,6,0.0001,1,new simulation,nan
11,5,0.25235987755982986,-2.25,0.09999999999999994,settled,0.6700000000000004,-0.32359877559829875,0.0,2,1,1,nan,0.2,0.5235987755982988,9.81,1,1,6,21,41,-3.0,3.0,0.01,30.0,60.0,1e-09,1e-12,6,0.0001,1,new simulation,nan
11,6,0.25235987755982986,-2.1,0.09999999999999994,settled,0.6600000000000004,-0.32359877559829875,0.0,2,1,1,nan,0.2,0.5235987755982988,9.81,1,1,6,21,41,-3.0,3.0,0.01,30.0,60.0,1e-09,1e-12,6,0.0001,1,new simulation,nan
11,7,0.25235987755982986,-1.95,0.09999999999999994,settled,0.6500000000000004,-0.32359877559829875,0.0,2,1,1,nan,0.2,0.5235987755982988,9.81,1,1,6,21,41,-3.0,3.0,0.01,30.0,60.0,1e-09,1e-12,6,0.0001,1,new simulation,nan
11,8,0.25235987755982986,-1.8,0.09999999999999994,settled,0.6600000000000004,-0.32359877559829875,0.0,2,1,1,nan,0.2,0.5235987755982988,9.81,1,1,6,21,41,-3.0,3.0,0.01,30.0,60.0,1e-09,1e-12,6,0.0001,1,new simulation,nan
11,9,0.25235987755982986,-1.6500000000000001,0.09999999999999994,settled,0.6700000000000004,-0.32359877559829875,0.0,2,1,1,nan,0.2,0.5235987755982988,9.81,1,1,6,21,41,-3.0,3.0,0.01,30.0,60.0,1e-09,1e-12,6,0.0001,1,new simulation,nan
11,10,0.25235987755982986,-1.5,0.09999999999999994,settled,0.6900000000000004,-0.32359877559829875,0.0,2,1,1,nan,0.2,0.5235987755982988,9.81,1,1,6,21,41,-3.0,3.0,0.01,30.0,60.0,1e-09,1e-12,6,0.0001,1,new simulation,nan
11,11,0.25235987755982986,-1.35,0.09999999999999994,settled,0.7200000000000004,-0.32359877559829875,0.0,2,1,1,nan,0.2,0.5235987755982988,9.81,1,1,6,21,41,-3.0,3.0,0.01,30.0,60.0,1e-09,1e-12,6,0.0001,1,new simulation,nan
11,12,0.25235987755982986,-1.2000000000000002,0.09999999999999994,settled,0.7800000000000005,-0.32359877559829875,0.0,2,1,1,nan,0.2,0.5235987755982988,9.81,1,1,6,21,41,-3.0,3.0,0.01,30.0,60.0,1e-09,1e-12,6,0.0001,1,new simulation,nan
11,13,0.25235987755982986,-1.05,0.09999999999999994,settled,0.8800000000000006,-0.32359877559829875,0.0,2,1,1,nan,0.2,0.5235987755982988,9.81,1,1,6,21,41,-3.0,3.0,0.01,30.0,60.0,1e-09,1e-12,6,0.0001,1,new simulation,nan
11,14,0.25235987755982986,-0.8999999999999999,0.09999999999999994,settled,1.1200000000000008,-0.32359877559829875,0.0,2,1,1,nan,0.2,0.5235987755982988,9.81,1,1,6,21,41,-3.0,3.0,0.01,30.0,60.0,1e-09,1e-12,6,0.0001,1,new simulation,nan
11,15,0.25235987755982986,-0.75,0.09999999999999994,rolling,13.079999999999766,-0.317118245572119,1.1221664896564867,11,11,0,1.1398591932156552,0.2,0.5235987755982988,9.81,1,1,6,21,41,-3.0,3.0,0.01,30.0,60.0,1e-09,1e-12,6,0.0001,1,new simulation,nan
11,16,0.25235987755982986,-0.6000000000000001,0.09999999999999994,rolling,12.679999999999774,-0.31687055786821045,1.1214913185440507,11,11,0,1.1398543753236974,0.2,0.5235987755982988,9.81,1,1,6,21,41,-3.0,3.0,0.01,30.0,60.0,1e-09,1e-12,6,0.0001,1,new simulation,nan
11,17,0.25235987755982986,-0.4500000000000002,0.09999999999999994,rolling,12.599999999999776,-0.321107683656061,1.1330549898339302,11,11,0,1.1398506282934742,0.2,0.5235987755982988,9.81,1,1,6,21,41,-3.0,3.0,0.01,30.0,60.0,1e-09,1e-12,6,0.0001,1,new simulation,nan
11,18,0.25235987755982986,-0.30000000000000027,0.09999999999999994,rolling,12.589999999999776,-0.3193176592694406,1.1281661357397221,11,11,0,1.1398479508049073,0.2,0.5235987755982988,9.81,1,1,6,21,41,-3.0,3.0,0.01,30.0,60.0,1e-09,1e-12,6,0.0001,1,new simulation,nan
11,19,0.25235987755982986,-0.1499999999999999,0.09999999999999994,rolling,12.589999999999776,-0.31552451244203933,1.1178240301869389,11,11,0,1.1398463448705862,0.2,0.5235987755982988,9.81,1,1,6,21,41,-3.0,3.0,0.01,30.0,60.0,1e-09,1e-12,6,0.0001,1,new simulation,nan
11,20,0.25235987755982986,0.0,0.09999999999999994,rolling,12.549999999999777,-0.3206742666230955,1.1318707581249905,11,11,0,1.139845810327403,0.2,0.5235987755982988,9.81,1,1,6,21,41,-3.0,3.0,0.01,30.0,60.0,1e-09,1e-12,6,0.0001,1,new simulation,nan
11,21,0.25235987755982986,0.1499999999999999,0.09999999999999994,rolling,12.459999999999779,-0.3223285590734392,1.1363923699619005,11,11,0,1.1398463455204322,0.2,0.5235987755982988,9.81,1,1,6,21,41,-3.0,3.0,0.01,30.0,60.0,1e-09,1e-12,6,0.0001,1,new simulation,nan
11,22,0.25235987755982986,0.2999999999999998,0.09999999999999994,rolling,12.329999999999782,-0.32189512677651266,1.1352072650703695,11,11,0,1.139847950817538,0.2,0.5235987755982988,9.81,1,1,6,21,41,-3.0,3.0,0.01,30.0,60.0,1e-09,1e-12,6,0.0001,1,new simulation,nan
11,23,0.25235987755982986,0.44999999999999973,0.09999999999999994,rolling,12.189999999999785,-0.3134296305016073,1.1121227880381896,11,11,0,1.139850628116517,0.2,0.5235987755982988,9.81,1,1,6,21,41,-3.0,3.0,0.01,30.0,60.0,1e-09,1e-12,6,0.0001,1,new simulation,nan
11,24,0.25235987755982986,0.5999999999999996,0.09999999999999994,rolling,12.039999999999788,-0.31594040777711196,1.118956829231152,11,11,0,1.1398543759686885,0.2,0.5235987755982988,9.81,1,1,6,21,41,-3.0,3.0,0.01,30.0,60.0,1e-09,1e-12,6,0.0001,1,new simulation,nan
11,25,0.25235987755982986,0.75,0.09999999999999994,rolling,11.89999999999979,-0.31511156671554363,1.1166996495876143,11,11,0,1.1398591932216144,0.2,0.5235987755982988,9.81,1,1,6,21,41,-3.0,3.0,0.01,30.0,60.0,1e-09,1e-12,6,0.0001,1,new simulation,nan
11,26,0.25235987755982986,0.8999999999999999,0.09999999999999994,rolling,10.629999999999818,-0.312437765107522,1.1094260987830202,10,10,0,1.1398584866421113,0.2,0.5235987755982988,9.81,1,1,6,21,41,-3.0,3.0,0.01,30.0,60.0,1e-09,1e-12,6,0.0001,1,new simulation,nan
11,27,0.25235987755982986,1.0499999999999998,0.09999999999999994,rolling,10.49999999999982,-0.3205073393499665,1.1314149284328179,10,10,0,1.1398863233017915,0.2,0.5235987755982988,9.81,1,1,6,21,41,-3.0,3.0,0.01,30.0,60.0,1e-09,1e-12,6,0.0001,1,new simulation,nan
11,28,0.25235987755982986,1.2000000000000002,0.09999999999999994,rolling,11.529999999999799,-0.31606854547991053,1.1193060088524296,11,11,0,1.1398800719711686,0.2,0.5235987755982988,9.81,1,1,6,21,41,-3.0,3.0,0.01,30.0,60.0,1e-09,1e-12,6,0.0001,1,new simulation,nan
11,29,0.25235987755982986,1.3499999999999996,0.09999999999999994,rolling,11.419999999999801,-0.31908470513214787,1.127530472070849,11,11,0,1.1398891715959578,0.2,0.5235987755982988,9.81,1,1,6,21,41,-3.0,3.0,0.01,30.0,60.0,1e-09,1e-12,6,0.0001,1,new simulation,nan
11,30,0.25235987755982986,1.5,0.09999999999999994,rolling,12.459999999999779,-0.31889746337972397,1.1270193989399975,12,12,0,1.1398752964895105,0.2,0.5235987755982988,9.81,1,1,6,21,41,-3.0,3.0,0.01,30.0,60.0,1e-09,1e-12,6,0.0001,1,new simulation,nan
11,31,0.25235987755982986,1.6499999999999995,0.09999999999999994,rolling,12.36999999999978,-0.3132087177489827,1.1115221380155202,12,12,0,1.1398781070973192,0.2,0.5235987755982988,9.81,1,1,6,21,41,-3.0,3.0,0.01,30.0,60.0,1e-09,1e-12,6,0.0001,1,new simulation,nan
11,32,0.25235987755982986,1.7999999999999998,0.09999999999999994,rolling,12.279999999999783,-0.31327144641163873,1.1116927340977483,12,12,0,1.1398811847201398,0.2,0.5235987755982988,9.81,1,1,6,21,41,-3.0,3.0,0.01,30.0,60.0,1e-09,1e-12,6,0.0001,1,new simulation,nan
11,33,0.25235987755982986,1.9500000000000002,0.09999999999999994,rolling,12.189999999999785,-0.31849664103337927,1.1259257323559129,12,12,0,1.1398845304518919,0.2,0.5235987755982988,9.81,1,1,6,21,41,-3.0,3.0,0.01,30.0,60.0,1e-09,1e-12,6,0.0001,1,new simulation,nan
11,34,0.25235987755982986,2.0999999999999996,0.09999999999999994,rolling,12.109999999999786,-0.31718774093544805,1.1223560689826764,12,12,0,1.1398881435023334,0.2,0.5235987755982988,9.81,1,1,6,21,41,-3.0,3.0,0.01,30.0,60.0,1e-09,1e-12,6,0.0001,1,new simulation,nan
11,35,0.25235987755982986,2.25,0.09999999999999994,rolling,12.029999999999788,-0.320133076105706,1.1303927134413776,12,12,0,1.1398920243430055,0.2,0.5235987755982988,9.81,1,1,6,21,41,-3.0,3.0,0.01,30.0,60.0,1e-09,1e-12,6,0.0001,1,new simulation,nan
11,36,0.25235987755982986,2.3999999999999995,0.09999999999999994,rolling,11.95999999999979,-0.315702913492117,1.1183101242425495,12,12,0,1.139896173725868,0.2,0.5235987755982988,9.81,1,1,6,21,41,-3.0,3.0,0.01,30.0,60.0,1e-09,1e-12,6,0.0001,1,new simulation,nan
11,37,0.25235987755982986,2.55,0.09999999999999994,rolling,13.029999999999767,-0.31557438790754255,1.1179599905160866,13,13,0,1.1398756089453157,0.2,0.5235987755982988,9.81,1,1,6,21,41,-3.0,3.0,0.01,30.0,60.0,1e-09,1e-12,6,0.0001,1,new simulation,nan
11,38,0.25235987755982986,2.7,0.09999999999999994,rolling,12.959999999999768,-0.31793985245148926,1.1244068534995477,13,13,0,1.139876779419443,0.2,0.5235987755982988,9.81,1,1,6,21,41,-3.0,3.0,0.01,30.0,60.0,1e-09,1e-12,6,0.0001,1,new simulation,nan
11,39,0.25235987755982986,2.8499999999999996,0.09999999999999994,rolling,12.88999999999977,-0.32335033846475897,1.1391874981584809,13,13,0,1.1398780173581777,0.2,0.5235987755982988,9.81,1,1,6,21,41,-3.0,3.0,0.01,30.0,60.0,1e-09,1e-12,6,0.0001,1,new simulation,nan
11,40,0.25235987755982986,3.0,0.09999999999999994,rolling,12.829999999999771,-0.3202297683453448,1.1306567355464392,13,13,0,1.1398793220350394,0.2,0.5235987755982988,9.81,1,1,6,21,41,-3.0,3.0,0.01,30.0,60.0,1e-09,1e-12,6,0.0001,1,new simulation,nan
12,0,0.3047197551196598,-3.0,0.2000000000000001,settled,0.7800000000000005,-0.32359877559829875,0.0,2,1,1,nan,0.2,0.5235987755982988,9.81,1,1,6,21,41,-3.0,3.0,0.01,30.0,60.0,1e-09,1e-12,6,0.0001,1,new simulation,nan
12,1,0.3047197551196598,-2.85,0.2000000000000001,settled,0.7500000000000004,-0.32359877559829875,0.0,2,1,1,nan,0.2,0.5235987755982988,9.81,1,1,6,21,41,-3.0,3.0,0.01,30.0,60.0,1e-09,1e-12,6,0.0001,1,new simulation,nan
12,2,0.3047197551196598,-2.7,0.2000000000000001,settled,0.7300000000000004,-0.32359877559829875,0.0,2,1,1,nan,0.2,0.5235987755982988,9.81,1,1,6,21,41,-3.0,3.0,0.01,30.0,60.0,1e-09,1e-12,6,0.0001,1,new simulation,nan
12,3,0.3047197551196598,-2.55,0.2000000000000001,settled,0.7100000000000004,-0.32359877559829875,0.0,2,1,1,nan,0.2,0.5235987755982988,9.81,1,1,6,21,41,-3.0,3.0,0.01,30.0,60.0,1e-09,1e-12,6,0.0001,1,new simulation,nan
12,4,0.3047197551196598,-2.4,0.2000000000000001,settled,0.6900000000000004,-0.32359877559829875,0.0,2,1,1,nan,0.2,0.5235987755982988,9.81,1,1,6,21,41,-3.0,3.0,0.01,30.0,60.0,1e-09,1e-12,6,0.0001,1,new simulation,nan
12,5,0.3047197551196598,-2.25,0.2000000000000001,settled,0.6800000000000004,-0.32359877559829875,0.0,2,1,1,nan,0.2,0.5235987755982988,9.81,1,1,6,21,41,-3.0,3.0,0.01,30.0,60.0,1e-09,1e-12,6,0.0001,1,new simulation,nan
12,6,0.3047197551196598,-2.1,0.2000000000000001,settled,0.6800000000000004,-0.32359877559829875,0.0,2,1,1,nan,0.2,0.5235987755982988,9.81,1,1,6,21,41,-3.0,3.0,0.01,30.0,60.0,1e-09,1e-12,6,0.0001,1,new simulation,nan
12,7,0.3047197551196598,-1.95,0.2000000000000001,settled,0.6800000000000004,-0.32359877559829875,0.0,2,1,1,nan,0.2,0.5235987755982988,9.81,1,1,6,21,41,-3.0,3.0,0.01,30.0,60.0,1e-09,1e-12,6,0.0001,1,new simulation,nan
12,8,0.3047197551196598,-1.8,0.2000000000000001,settled,0.6900000000000004,-0.32359877559829875,0.0,2,1,1,nan,0.2,0.5235987755982988,9.81,1,1,6,21,41,-3.0,3.0,0.01,30.0,60.0,1e-09,1e-12,6,0.0001,1,new simulation,nan
12,9,0.3047197551196598,-1.6500000000000001,0.2000000000000001,settled,0.7100000000000004,-0.32359877559829875,0.0,2,1,1,nan,0.2,0.5235987755982988,9.81,1,1,6,21,41,-3.0,3.0,0.01,30.0,60.0,1e-09,1e-12,6,0.0001,1,new simulation,nan
12,10,0.3047197551196598,-1.5,0.2000000000000001,settled,0.7400000000000004,-0.32359877559829875,0.0,2,1,1,nan,0.2,0.5235987755982988,9.81,1,1,6,21,41,-3.0,3.0,0.01,30.0,60.0,1e-09,1e-12,6,0.0001,1,new simulation,nan
12,11,0.3047197551196598,-1.35,0.2000000000000001,settled,0.8000000000000005,-0.32359877559829875,0.0,2,1,1,nan,0.2,0.5235987755982988,9.81,1,1,6,21,41,-3.0,3.0,0.01,30.0,60.0,1e-09,1e-12,6,0.0001,1,new simulation,nan
12,12,0.3047197551196598,-1.2000000000000002,0.2000000000000001,settled,0.9100000000000006,-0.32359877559829875,0.0,2,1,1,nan,0.2,0.5235987755982988,9.81,1,1,6,21,41,-3.0,3.0,0.01,30.0,60.0,1e-09,1e-12,6,0.0001,1,new simulation,nan
12,13,0.3047197551196598,-1.05,0.2000000000000001,settled,1.1600000000000008,-0.32359877559829875,0.0,2,1,1,nan,0.2,0.5235987755982988,9.81,1,1,6,21,41,-3.0,3.0,0.01,30.0,60.0,1e-09,1e-12,6,0.0001,1,new simulation,nan
12,14,0.3047197551196598,-0.8999999999999999,0.2000000000000001,rolling,13.009999999999767,-0.314711910097721,1.115611673484311,11,11,0,1.1398583623875842,0.2,0.5235987755982988,9.81,1,1,6,21,41,-3.0,3.0,0.01,30.0,60.0,1e-09,1e-12,6,0.0001,1,new simulation,nan
12,15,0.3047197551196598,-0.75,0.2000000000000001,rolling,12.709999999999773,-0.3198788665052336,1.1296983379442194,11,11,0,1.139852473763364,0.2,0.5235987755982988,9.81,1,1,6,21,41,-3.0,3.0,0.01,30.0,60.0,1e-09,1e-12,6,0.0001,1,new simulation,nan
12,16,0.3047197551196598,-0.6000000000000001,0.2000000000000001,rolling,12.709999999999773,-0.319990600969459,1.130003430244172,11,11,0,1.139847655328571,0.2,0.5235987755982988,9.81,1,1,6,21,41,-3.0,3.0,0.01,30.0,60.0,1e-09,1e-12,6,0.0001,1,new simulation,nan
12,17,0.3047197551196598,-0.4500000000000002,0.2000000000000001,rolling,12.84999999999977,-0.3151367238507996,1.1167680760293415,11,11,0,1.1398439079878633,0.2,0.5235987755982988,9.81,1,1,6,21,41,-3.0,3.0,0.01,30.0,60.0,1e-09,1e-12,6,0.0001,1,new simulation,nan
12,18,0.3047197551196598,-0.30000000000000027,0.2000000000000001,rolling,13.279999999999761,-0.3149453216025023,1.1162469731376625,11,11,0,1.1398412316807642,0.2,0.5235987755982988,9.81,1,1,6,21,41,-3.0,3.0,0.01,30.0,60.0,1e-09,1e-12,6,0.0001,1,new simulation,nan
12,19,0.3047197551196598,-0.1499999999999999,0.2000000000000001,settled,0.5500000000000003,-0.32359877559829875,0.0,1,1,0,nan,0.2,0.5235987755982988,9.81,1,1,6,21,41,-3.0,3.0,0.01,30.0,60.0,1e-09,1e-12,6,0.0001,1,new simulation,nan
12,20,0.3047197551196598,0.0,0.2000000000000001,settled,0.49000000000000027,-0.32359877559829875,0.0,1,1,0,nan,0.2,0.5235987755982988,9.81,1,1,6,21,41,-3.0,3.0,0.01,30.0,60.0,1e-09,1e-12,6,0.0001,1,new simulation,nan
12,21,0.3047197551196598,0.1499999999999999,0.2000000000000001,settled,0.45000000000000023,-0.32359877559829875,0.0,1,1,0,nan,0.2,0.5235987755982988,9.81,1,1,6,21,41,-3.0,3.0,0.01,30.0,60.0,1e-09,1e-12,6,0.0001,1,new simulation,nan
12,22,0.3047197551196598,0.2999999999999998,0.2000000000000001,rolling,13.069999999999766,-0.31395139564962204,1.1135420316830213,11,11,0,1.139841231667137,0.2,0.5235987755982988,9.81,1,1,6,21,41,-3.0,3.0,0.01,30.0,60.0,1e-09,1e-12,6,0.0001,1,new simulation,nan
12,23,0.3047197551196598,0.44999999999999973,0.2000000000000001,rolling,12.519999999999778,-0.3132511748874827,1.111637439059442,11,11,0,1.1398439080301006,0.2,0.5235987755982988,9.81,1,1,6,21,41,-3.0,3.0,0.01,30.0,60.0,1e-09,1e-12,6,0.0001,1,new simulation,nan
12,24,0.3047197551196598,0.5999999999999996,0.2000000000000001,rolling,12.229999999999784,-0.3215597102735256,1.1342903606213601,11,11,0,1.1398476557788557,0.2,0.5235987755982988,9.81,1,1,6,21,41,-3.0,3.0,0.01,30.0,60.0,1e-09,1e-12,6,0.0001,1,new simulation,nan
12,25,0.3047197551196598,0.75,0.2000000000000001,rolling,12.029999999999788,-0.3123926368849841,1.1093034162243451,11,11,0,1.1398524736319127,0.2,0.5235987755982988,9.81,1,1,6,21,41,-3.0,3.0,0.01,30.0,60.0,1e-09,1e-12,6,0.0001,1,new simulation,nan
12,26,0.3047197551196598,0.8999999999999999,0.2000000000000001,rolling,11.849999999999792,-0.3230190564298092,1.138281035665867,11,11,0,1.1398583622653826,0.2,0.5235987755982988,9.81,1,1,6,21,41,-3.0,3.0,0.01,30.0,60.0,1e-09,1e-12,6,0.0001,1,new simulation,nan
12,27,0.3047197551196598,1.0499999999999998,0.2000000000000001,rolling,10.569999999999819,-0.3142231973734411,1.1142816439213539,10,10,0,1.1398594445555463,0.2,0.5235987755982988,9.81,1,1,6,21,41,-3.0,3.0,0.01,30.0,60.0,1e-09,1e-12,6,0.0001,1,new simulation,nan
12,28,0.3047197551196598,1.2000000000000002,0.2000000000000001,rolling,10.439999999999822,-0.31328005816402466,1.1117161998523042,10,10,0,1.1398915638423588,0.2,0.5235987755982988,9.81,1,1,6,21,41,-3.0,3.0,0.01,30.0,60.0,1e-09,1e-12,6,0.0001,1,new simulation,nan
12,29,0.3047197551196598,1.3499999999999996,0.2000000000000001,rolling,11.4599999999998,-0.3155224858413199,1.1178186720930827,11,11,0,1.1398824524568072,0.2,0.5235987755982988,9.81,1,1,6,21,41,-3.0,3.0,0.01,30.0,60.0,1e-09,1e-12,6,0.0001,1,new simulation,nan
12,30,0.3047197551196598,1.5,0.2000000000000001,rolling,11.349999999999802,-0.3165647700789977,1.12065811239202,11,11,0,1.13989262299787,0.2,0.5235987755982988,9.81,1,1,6,21,41,-3.0,3.0,0.01,30.0,60.0,1e-09,1e-12,6,0.0001,1,new simulation,nan
12,31,0.3047197551196598,1.6499999999999995,0.2000000000000001,rolling,12.38999999999978,-0.31593590189871945,1.118944653328113,12,12,0,1.1398764270537567,0.2,0.5235987755982988,9.81,1,1,6,21,41,-3.0,3.0,0.01,30.0,60.0,1e-09,1e-12,6,0.0001,1,new simulation,nan
12,32,0.3047197551196598,1.7999999999999998,0.2000000000000001,rolling,12.289999999999782,-0.32196258727803284,1.1353918382399903,12,12,0,1.1398795053117818,0.2,0.5235987755982988,9.81,1,1,6,21,41,-3.0,3.0,0.01,30.0,60.0,1e-09,1e-12,6,0.0001,1,new simulation,nan
12,33,0.3047197551196598,1.9500000000000002,0.2000000000000001,rolling,12.199999999999784,-0.32309103724580857,1.1384780654622626,12,12,0,1.1398828508082304,0.2,0.5235987755982988,9.81,1,1,6,21,41,-3.0,3.0,0.01,30.0,60.0,1e-09,1e-12,6,0.0001,1,new simulation,nan
12,34,0.3047197551196598,2.0999999999999996,0.2000000000000001,rolling,12.119999999999786,-0.31846740873816193,1.1258459864702401,12,12,0,1.1398864640681612,0.2,0.5235987755982988,9.81,1,1,6,21,41,-3.0,3.0,0.01,30.0,60.0,1e-09,1e-12,6,0.0001,1,new simulation,nan
12,35,0.3047197551196598,2.25,0.2000000000000001,rolling,12.039999999999788,-0.3187662369521584,1.1266613641207561,12,12,0,1.1398903451252977,0.2,0.5235987755982988,9.81,1,1,6,21,41,-3.0,3.0,0.01,30.0,60.0,1e-09,1e-12,6,0.0001,1,new simulation,nan
12,36,0.3047197551196598,2.3999999999999995,0.2000000000000001,rolling,11.95999999999979,-0.32346503881678834,1.139501426439289,12,12,0,1.1398944930590231,0.2,0.5235987755982988,9.81,1,1,6,21,41,-3.0,3.0,0.01,30.0,60.0,1e-09,1e-12,6,0.0001,1,new simulation,nan
12,37,0.3047197551196598,2.55,0.2000000000000001,rolling,13.029999999999767,-0.3215465576126301,1.1342545321001716,13,13,0,1.139875188507066,0.2,0.5235987755982988,9.81,1,1,6,21,41,-3.0,3.0,0.01,30.0,60.0,1e-09,1e-12,6,0.0001,1,new simulation,nan
12,38,0.3047197551196598,2.7,0.2000000000000001,rolling,12.959999999999768,-0.32246177497809997,1.1367568079378414,13,13,0,1.1398763598451922,0.2,0.5235987755982988,9.81,1,1,6,21,41,-3.0,3.0,0.01,30.0,60.0,1e-09,1e-12,6,0.0001,1,new simulation,nan
12,39,0.3047197551196598,2.8499999999999996,0.2000000000000001,rolling,12.89999999999977,-0.31535214032099307,1.1173547702869555,13,13,0,1.1398775969585186,0.2,0.5235987755982988,9.81,1,1,6,21,41,-3.0,3.0,0.01,30.0,60.0,1e-09,1e-12,6,0.0001,1,new simulation,nan
12,40,0.3047197551196598,3.0,0.2000000000000001,rolling,12.829999999999771,-0.3224924065460062,1.1368405896546978,13,13,0,1.1398789021237343,0.2,0.5235987755982988,9.81,1,1,6,21,41,-3.0,3.0,0.01,30.0,60.0,1e-09,1e-12,6,0.0001,1,new simulation,nan
13,0,0.35707963267948967,-3.0,0.30000000000000004,settled,0.7800000000000005,-0.32359877559829875,0.0,2,1,1,nan,0.2,0.5235987755982988,9.81,1,1,6,21,41,-3.0,3.0,0.01,30.0,60.0,1e-09,1e-12,6,0.0001,1,new simulation,nan
13,1,0.35707963267948967,-2.85,0.30000000000000004,settled,0.7600000000000005,-0.32359877559829875,0.0,2,1,1,nan,0.2,0.5235987755982988,9.81,1,1,6,21,41,-3.0,3.0,0.01,30.0,60.0,1e-09,1e-12,6,0.0001,1,new simulation,nan
13,2,0.35707963267948967,-2.7,0.30000000000000004,settled,0.7400000000000004,-0.32359877559829875,0.0,2,1,1,nan,0.2,0.5235987755982988,9.81,1,1,6,21,41,-3.0,3.0,0.01,30.0,60.0,1e-09,1e-12,6,0.0001,1,new simulation,nan
13,3,0.35707963267948967,-2.55,0.30000000000000004,settled,0.7200000000000004,-0.32359877559829875,0.0,2,1,1,nan,0.2,0.5235987755982988,9.81,1,1,6,21,41,-3.0,3.0,0.01,30.0,60.0,1e-09,1e-12,6,0.0001,1,new simulation,nan
13,4,0.35707963267948967,-2.4,0.30000000000000004,settled,0.7100000000000004,-0.32359877559829875,0.0,2,1,1,nan,0.2,0.5235987755982988,9.81,1,1,6,21,41,-3.0,3.0,0.01,30.0,60.0,1e-09,1e-12,6,0.0001,1,new simulation,nan
13,5,0.35707963267948967,-2.25,0.30000000000000004,settled,0.7100000000000004,-0.32359877559829875,0.0,2,1,1,nan,0.2,0.5235987755982988,9.81,1,1,6,21,41,-3.0,3.0,0.01,30.0,60.0,1e-09,1e-12,6,0.0001,1,new simulation,nan
13,6,0.35707963267948967,-2.1,0.30000000000000004,settled,0.7000000000000004,-0.32359877559829875,0.0,2,1,1,nan,0.2,0.5235987755982988,9.81,1,1,6,21,41,-3.0,3.0,0.01,30.0,60.0,1e-09,1e-12,6,0.0001,1,new simulation,nan
13,7,0.35707963267948967,-1.95,0.30000000000000004,settled,0.7100000000000004,-0.32359877559829875,0.0,2,1,1,nan,0.2,0.5235987755982988,9.81,1,1,6,21,41,-3.0,3.0,0.01,30.0,60.0,1e-09,1e-12,6,0.0001,1,new simulation,nan
13,8,0.35707963267948967,-1.8,0.30000000000000004,settled,0.7300000000000004,-0.32359877559829875,0.0,2,1,1,nan,0.2,0.5235987755982988,9.81,1,1,6,21,41,-3.0,3.0,0.01,30.0,60.0,1e-09,1e-12,6,0.0001,1,new simulation,nan
13,9,0.35707963267948967,-1.6500000000000001,0.30000000000000004,settled,0.7600000000000005,-0.32359877559829875,0.0,2,1,1,nan,0.2,0.5235987755982988,9.81,1,1,6,21,41,-3.0,3.0,0.01,30.0,60.0,1e-09,1e-12,6,0.0001,1,new simulation,nan
13,10,0.35707963267948967,-1.5,0.30000000000000004,settled,0.8200000000000005,-0.32359877559829875,0.0,2,1,1,nan,0.2,0.5235987755982988,9.81,1,1,6,21,41,-3.0,3.0,0.01,30.0,60.0,1e-09,1e-12,6,0.0001,1,new simulation,nan
13,11,0.35707963267948967,-1.35,0.30000000000000004,settled,0.9300000000000006,-0.32359877559829875,0.0,2,1,1,nan,0.2,0.5235987755982988,9.81,1,1,6,21,41,-3.0,3.0,0.01,30.0,60.0,1e-09,1e-12,6,0.0001,1,new simulation,nan
13,12,0.35707963267948967,-1.2000000000000002,0.30000000000000004,settled,1.2000000000000008,-0.32359877559829875,0.0,2,1,1,nan,0.2,0.5235987755982988,9.81,1,1,6,21,41,-3.0,3.0,0.01,30.0,60.0,1e-09,1e-12,6,0.0001,1,new simulation,nan
13,13,0.35707963267948967,-1.05,0.30000000000000004,rolling,12.959999999999768,-0.32020894288958834,1.1305997591794448,11,11,0,1.1398573818633164,0.2,0.5235987755982988,9.81,1,1,6,21,41,-3.0,3.0,0.01,30.0,60.0,1e-09,1e-12,6,0.0001,1,new simulation,nan
13,14,0.35707963267948967,-0.8999999999999999,0.30000000000000004,rolling,12.759999999999772,-0.31821730001904386,1.1251635106836422,11,11,0,1.1398504223847186,0.2,0.5235987755982988,9.81,1,1,6,21,41,-3.0,3.0,0.01,30.0,60.0,1e-09,1e-12,6,0.0001,1,new simulation,nan
13,15,0.35707963267948967,-0.75,0.30000000000000004,rolling,12.89999999999977,-0.3131032332516087,1.1112351491928703,11,11,0,1.139844533684698,0.2,0.5235987755982988,9.81,1,1,6,21,41,-3.0,3.0,0.01,30.0,60.0,1e-09,1e-12,6,0.0001,1,new simulation,nan
13,16,0.35707963267948967,-0.6000000000000001,0.30000000000000004,settled,0.6900000000000004,-0.32359877559829875,0.0,1,1,0,nan,0.2,0.5235987755982988,9.81,1,1,6,21,41,-3.0,3.0,0.01,30.0,60.0,1e-09,1e-12,6,0.0001,1,new simulation,nan
13,17,0.35707963267948967,-0.4500000000000002,0.30000000000000004,settled,0.6100000000000003,-0.32359877559829875,0.0,1,1,0,nan,0.2,0.5235987755982988,9.81,1,1,6,21,41,-3.0,3.0,0.01,30.0,60.0,1e-09,1e-12,6,0.0001,1,new simulation,nan
13,18,0.35707963267948967,-0.30000000000000027,0.30000000000000004,settled,0.5400000000000003,-0.32359877559829875,0.0,1,1,0,nan,0.2,0.5235987755982988,9.81,1,1,6,21,41,-3.0,3.0,0.01,30.0,60.0,1e-09,1e-12,6,0.0001,1,new simulation,nan
13,19,0.35707963267948967,-0.1499999999999999,0.30000000000000004,settled,0.48000000000000026,-0.32359877559829875,0.0,1,1,0,nan,0.2,0.5235987755982988,9.81,1,1,6,21,41,-3.0,3.0,0.01,30.0,60.0,1e-09,1e-12,6,0.0001,1,new simulation,nan
13,20,0.35707963267948967,0.0,0.30000000000000004,settled,0.4400000000000002,-0.32359877559829875,0.0,1,1,0,nan,0.2,0.5235987755982988,9.81,1,1,6,21,41,-3.0,3.0,0.01,30.0,60.0,1e-09,1e-12,6,0.0001,1,new simulation,nan
13,21,0.35707963267948967,0.1499999999999999,0.30000000000000004,settled,0.4000000000000002,-0.32359877559829875,0.0,1,1,0,nan,0.2,0.5235987755982988,9.81,1,1,6,21,41,-3.0,3.0,0.01,30.0,60.0,1e-09,1e-12,6,0.0001,1,new simulation,nan
13,22,0.35707963267948967,0.2999999999999998,0.30000000000000004,settled,0.36000000000000015,-0.32359877559829875,0.0,1,1,0,nan,0.2,0.5235987755982988,9.81,1,1,6,21,41,-3.0,3.0,0.01,30.0,60.0,1e-09,1e-12,6,0.0001,1,new simulation,nan
13,23,0.35707963267948967,0.44999999999999973,0.30000000000000004,settled,0.3300000000000001,-0.32359877559829875,0.0,1,1,0,nan,0.2,0.5235987755982988,9.81,1,1,6,21,41,-3.0,3.0,0.01,30.0,60.0,1e-09,1e-12,6,0.0001,1,new simulation,nan
13,24,0.35707963267948967,0.5999999999999996,0.30000000000000004,settled,0.3000000000000001,-0.32359877559829875,0.0,1,1,0,nan,0.2,0.5235987755982988,9.81,1,1,6,21,41,-3.0,3.0,0.01,30.0,60.0,1e-09,1e-12,6,0.0001,1,new simulation,nan
13,25,0.35707963267948967,0.75,0.30000000000000004,rolling,12.36999999999978,-0.31499741787870555,1.1163888126397576,11,11,0,1.1398445335008407,0.2,0.5235987755982988,9.81,1,1,6,21,41,-3.0,3.0,0.01,30.0,60.0,1e-09,1e-12,6,0.0001,1,new simulation,nan
13,26,0.35707963267948967,0.8999999999999999,0.30000000000000004,rolling,12.039999999999788,-0.31380491865468374,1.113143584152785,11,11,0,1.1398504223314252,0.2,0.5235987755982988,9.81,1,1,6,21,41,-3.0,3.0,0.01,30.0,60.0,1e-09,1e-12,6,0.0001,1,new simulation,nan
13,27,0.35707963267948967,1.0499999999999998,0.30000000000000004,rolling,11.819999999999792,-0.32317096947895896,1.1386966374754082,11,11,0,1.1398573817193272,0.2,0.5235987755982988,9.81,1,1,6,21,41,-3.0,3.0,0.01,30.0,60.0,1e-09,1e-12,6,0.0001,1,new simulation,nan
13,28,0.35707963267948967,1.2000000000000002,0.30000000000000004,rolling,10.51999999999982,-0.316194121114906,1.119648031086221,10,10,0,1.139859804489889,0.2,0.5235987755982988,9.81,1,1,6,21,41,-3.0,3.0,0.01,30.0,60.0,1e-09,1e-12,6,0.0001,1,new simulation,nan
13,29,0.35707963267948967,1.3499999999999996,0.30000000000000004,rolling,10.379999999999823,-0.31620338182808766,1.1196734239700283,10,10,0,1.139896205093075,0.2,0.5235987755982988,9.81,1,1,6,21,41,-3.0,3.0,0.01,30.0,60.0,1e-09,1e-12,6,0.0001,1,new simulation,nan
13,30,0.35707963267948967,1.5,0.30000000000000004,rolling,11.399999999999801,-0.31323381315908705,1.1115904086379318,11,11,0,1.1398846829552742,0.2,0.5235987755982988,9.81,1,1,6,21,41,-3.0,3.0,0.01,30.0,60.0,1e-09,1e-12,6,0.0001,1,new simulation,nan
13,31,0.35707963267948967,1.6499999999999995,0.30000000000000004,rolling,11.279999999999804,-0.322987851359429,1.1381958329747521,11,11,0,1.1398959239338682,0.2,0.5235987755982988,9.81,1,1,6,21,41,-3.0,3.0,0.01,30.0,60.0,1e-09,1e-12,6,0.0001,1,new simulation,nan
13,32,0.35707963267948967,1.7999999999999998,0.30000000000000004,rolling,12.319999999999782,-0.3213705920003512,1.133773594350833,12,12,0,1.1398775200988214,0.2,0.5235987755982988,9.81,1,1,6,21,41,-3.0,3.0,0.01,30.0,60.0,1e-09,1e-12,6,0.0001,1,new simulation,nan
13,33,0.35707963267948967,1.9500000000000002,0.30000000000000004,rolling,12.229999999999784,-0.3161117328898669,1.1194236667320854,12,12,0,1.1398808654537853,0.2,0.5235987755982988,9.81,1,1,6,21,41,-3.0,3.0,0.01,30.0,60.0,1e-09,1e-12,6,0.0001,1,new simulation,nan
13,34,0.35707963267948967,2.0999999999999996,0.30000000000000004,rolling,12.139999999999786,-0.3178003988074621,1.124026557665433,12,12,0,1.139884478251777,0.2,0.5235987755982988,9.81,1,1,6,21,41,-3.0,3.0,0.01,30.0,60.0,1e-09,1e-12,6,0.0001,1,new simulation,nan
13,35,0.35707963267948967,2.25,0.30000000000000004,rolling,12.059999999999787,-0.3141761682575256,1.1141538057876017,12,12,0,1.1398883595809433,0.2,0.5235987755982988,9.81,1,1,6,21,41,-3.0,3.0,0.01,30.0,60.0,1e-09,1e-12,6,0.0001,1,new simulation,nan
13,36,0.35707963267948967,2.3999999999999995,0.30000000000000004,rolling,11.979999999999789,-0.3156484855370118,1.1181618686913164,12,12,0,1.1398925088374434,0.2,0.5235987755982988,9.81,1,1,6,21,41,-3.0,3.0,0.01,30.0,60.0,1e-09,1e-12,6,0.0001,1,new simulation,nan
13,37,0.35707963267948967,2.55,0.30000000000000004,rolling,13.039999999999766,-0.3224127699705335,1.1366227828729119,13,13,0,1.1398746927207555,0.2,0.5235987755982988,9.81,1,1,6,21,41,-3.0,3.0,0.01,30.0,60.0,1e-09,1e-12,6,0.0001,1,new simulation,nan
13,38,0.35707963267948967,2.7,0.30000000000000004,rolling,12.969999999999768,-0.3211576652808655,1.133191685420905,13,13,0,1.1398758633332873,0.2,0.5235987755982988,9.81,1,1,6,21,41,-3.0,3.0,0.01,30.0,60.0,1e-09,1e-12,6,0.0001,1,new simulation,nan
13,39,0.35707963267948967,2.8499999999999996,0.30000000000000004,rolling,12.89999999999977,-0.3235394907664112,1.1397050866635436,13,13,0,1.1398771008020312,0.2,0.5235987755982988,9.81,1,1,6,21,41,-3.0,3.0,0.01,30.0,60.0,1e-09,1e-12,6,0.0001,1,new simulation,nan
13,40,0.35707963267948967,3.0,0.30000000000000004,rolling,12.83999999999977,-0.31787123179394594,1.1242197078126572,13,13,0,1.1398784053666406,0.2,0.5235987755982988,9.81,1,1,6,21,41,-3.0,3.0,0.01,30.0,60.0,1e-09,1e-12,6,0.0001,1,new simulation,nan
14,0,0.4094395102393195,-3.0,0.39999999999999997,settled,0.7900000000000005,-0.32359877559829875,0.0,2,1,1,nan,0.2,0.5235987755982988,9.81,1,1,6,21,41,-3.0,3.0,0.01,30.0,60.0,1e-09,1e-12,6,0.0001,1,new simulation,nan
14,1,0.4094395102393195,-2.85,0.39999999999999997,settled,0.7700000000000005,-0.32359877559829875,0.0,2,1,1,nan,0.2,0.5235987755982988,9.81,1,1,6,21,41,-3.0,3.0,0.01,30.0,60.0,1e-09,1e-12,6,0.0001,1,new simulation,nan
14,2,0.4094395102393195,-2.7,0.39999999999999997,settled,0.7500000000000004,-0.32359877559829875,0.0,2,1,1,nan,0.2,0.5235987755982988,9.81,1,1,6,21,41,-3.0,3.0,0.01,30.0,60.0,1e-09,1e-12,6,0.0001,1,new simulation,nan
14,3,0.4094395102393195,-2.55,0.39999999999999997,settled,0.7400000000000004,-0.32359877559829875,0.0,2,1,1,nan,0.2,0.5235987755982988,9.81,1,1,6,21,41,-3.0,3.0,0.01,30.0,60.0,1e-09,1e-12,6,0.0001,1,new simulation,nan
14,4,0.4094395102393195,-2.4,0.39999999999999997,settled,0.7300000000000004,-0.32359877559829875,0.0,2,1,1,nan,0.2,0.5235987755982988,9.81,1,1,6,21,41,-3.0,3.0,0.01,30.0,60.0,1e-09,1e-12,6,0.0001,1,new simulation,nan
14,5,0.4094395102393195,-2.25,0.39999999999999997,settled,0.7300000000000004,-0.32359877559829875,0.0,2,1,1,nan,0.2,0.5235987755982988,9.81,1,1,6,21,41,-3.0,3.0,0.01,30.0,60.0,1e-09,1e-12,6,0.0001,1,new simulation,nan
14,6,0.4094395102393195,-2.1,0.39999999999999997,settled,0.7300000000000004,-0.32359877559829875,0.0,2,1,1,nan,0.2,0.5235987755982988,9.81,1,1,6,21,41,-3.0,3.0,0.01,30.0,60.0,1e-09,1e-12,6,0.0001,1,new simulation,nan
14,7,0.4094395102393195,-1.95,0.39999999999999997,settled,0.7500000000000004,-0.32359877559829875,0.0,2,1,1,nan,0.2,0.5235987755982988,9.81,1,1,6,21,41,-3.0,3.0,0.01,30.0,60.0,1e-09,1e-12,6,0.0001,1,new simulation,nan
14,8,0.4094395102393195,-1.8,0.39999999999999997,settled,0.7800000000000005,-0.32359877559829875,0.0,2,1,1,nan,0.2,0.5235987755982988,9.81,1,1,6,21,41,-3.0,3.0,0.01,30.0,60.0,1e-09,1e-12,6,0.0001,1,new simulation,nan
14,9,0.4094395102393195,-1.6500000000000001,0.39999999999999997,settled,0.8400000000000005,-0.32359877559829875,0.0,2,1,1,nan,0.2,0.5235987755982988,9.81,1,1,6,21,41,-3.0,3.0,0.01,30.0,60.0,1e-09,1e-12,6,0.0001,1,new simulation,nan
14,10,0.4094395102393195,-1.5,0.39999999999999997,settled,0.9500000000000006,-0.32359877559829875,0.0,2,1,1,nan,0.2,0.5235987755982988,9.81,1,1,6,21,41,-3.0,3.0,0.01,30.0,60.0,1e-09,1e-12,6,0.0001,1,new simulation,nan
14,11,0.4094395102393195,-1.35,0.39999999999999997,settled,1.2400000000000009,-0.32359877559829875,0.0,2,1,1,nan,0.2,0.5235987755982988,9.81,1,1,6,21,41,-3.0,3.0,0.01,30.0,60.0,1e-09,1e-12,6,0.0001,1,new simulation,nan
14,12,0.4094395102393195,-1.2000000000000002,0.39999999999999997,rolling,12.939999999999769,-0.3133054015018596,1.1117849608203743,11,11,0,1.1398562726015797,0.2,0.5235987755982988,9.81,1,1,6,21,41,-3.0,3.0,0.01,30.0,60.0,1e-09,1e-12,6,0.0001,1,new simulation,nan
14,13,0.4094395102393195,-1.05,0.39999999999999997,rolling,12.829999999999771,-0.3188216531053414,1.126812398595634,11,11,0,1.1398482424775047,0.2,0.5235987755982988,9.81,1,1,6,21,41,-3.0,3.0,0.01,30.0,60.0,1e-09,1e-12,6,0.0001,1,new simulation,nan
14,14,0.4094395102393195,-0.8999999999999999,0.39999999999999997,rolling,13.429999999999758,-0.32271406719591744,1.1374466751971857,11,11,0,1.1398412829783322,0.2,0.5235987755982988,9.81,1,1,6,21,41,-3.0,3.0,0.01,30.0,60.0,1e-09,1e-12,6,0.0001,1,new simulation,nan
14,15,0.4094395102393195,-0.75,0.39999999999999997,settled,0.6800000000000004,-0.32359877559829875,0.0,1,1,0,nan,0.2,0.5235987755982988,9.81,1,1,6,21,41,-3.0,3.0,0.01,30.0,60.0,1e-09,1e-12,6,0.0001,1,new simulation,nan
14,16,0.4094395102393195,-0.6000000000000001,0.39999999999999997,settled,0.6000000000000003,-0.32359877559829875,0.0,1,1,0,nan,0.2,0.5235987755982988,9.81,1,1,6,21,41,-3.0,3.0,0.01,30.0,60.0,1e-09,1e-12,6,0.0001,1,new simulation,nan
14,17,0.4094395102393195,-0.4500000000000002,0.39999999999999997,settled,0.5300000000000002,-0.32359877559829875,0.0,1,1,0,nan,0.2,0.5235987755982988,9.81,1,1,6,21,41,-3.0,3.0,0.01,30.0,60.0,1e-09,1e-12,6,0.0001,1,new simulation,nan
14,18,0.4094395102393195,-0.30000000000000027,0.39999999999999997,settled,0.47000000000000025,-0.32359877559829875,0.0,1,1,0,nan,0.2,0.5235987755982988,9.81,1,1,6,21,41,-3.0,3.0,0.01,30.0,60.0,1e-09,1e-12,6,0.0001,1,new simulation,nan
14,19,0.4094395102393195,-0.1499999999999999,0.39999999999999997,settled,0.4300000000000002,-0.32359877559829875,0.0,1,1,0,nan,0.2,0.5235987755982988,9.81,1,1,6,21,41,-3.0,3.0,0.01,30.0,60.0,1e-09,1e-12,6,0.0001,1,new simulation,nan
14,20,0.4094395102393195,0.0,0.39999999999999997,settled,0.3900000000000002,-0.32359877559829875,0.0,1,1,0,nan,0.2,0.5235987755982988,9.81,1,1,6,21,41,-3.0,3.0,0.01,30.0,60.0,1e-09,1e-12,6,0.0001,1,new simulation,nan
14,21,0.4094395102393195,0.1499999999999999,0.39999999999999997,settled,0.35000000000000014,-0.32359877559829875,0.0,1,1,0,nan,0.2,0.5235987755982988,9.81,1,1,6,21,41,-3.0,3.0,0.01,30.0,60.0,1e-09,1e-12,6,0.0001,1,new simulation,nan
14,22,0.4094395102393195,0.2999999999999998,0.39999999999999997,settled,0.3200000000000001,-0.32359877559829875,0.0,1,1,0,nan,0.2,0.5235987755982988,9.81,1,1,6,21,41,-3.0,3.0,0.01,30.0,60.0,1e-09,1e-12,6,0.0001,1,new simulation,nan
14,23,0.4094395102393195,0.44999999999999973,0.39999999999999997,settled,0.2900000000000001,-0.32359877559829875,0.0,1,1,0,nan,0.2,0.5235987755982988,9.81,1,1,6,21,41,-3.0,3.0,0.01,30.0,60.0,1e-09,1e-12,6,0.0001,1,new simulation,nan
14,24,0.4094395102393195,0.5999999999999996,0.39999999999999997,settled,0.2700000000000001,-0.32359877559829875,0.0,1,1,0,nan,0.2,0.5235987755982988,9.81,1,1,6,21,41,-3.0,3.0,0.01,30.0,60.0,1e-09,1e-12,6,0.0001,1,new simulation,nan
14,25,0.4094395102393195,0.75,0.39999999999999997,settled,0.25000000000000006,-0.32359877559829875,0.0,1,1,0,nan,0.2,0.5235987755982988,9.81,1,1,6,21,41,-3.0,3.0,0.01,30.0,60.0,1e-09,1e-12,6,0.0001,1,new simulation,nan
14,26,0.4094395102393195,0.8999999999999999,0.39999999999999997,rolling,12.85999999999977,-0.32264420611492395,1.1372555930002435,11,11,0,1.1398412829600748,0.2,0.5235987755982988,9.81,1,1,6,21,41,-3.0,3.0,0.01,30.0,60.0,1e-09,1e-12,6,0.0001,1,new simulation,nan
14,27,0.4094395102393195,1.0499999999999998,0.39999999999999997,rolling,12.079999999999787,-0.3124882764283165,1.1095633443199215,11,11,0,1.1398482427980472,0.2,0.5235987755982988,9.81,1,1,6,21,41,-3.0,3.0,0.01,30.0,60.0,1e-09,1e-12,6,0.0001,1,new simulation,nan
14,28,0.4094395102393195,1.2000000000000002,0.39999999999999997,rolling,11.809999999999793,-0.31286589507628526,1.1105898955839186,11,11,0,1.1398562729321964,0.2,0.5235987755982988,9.81,1,1,6,21,41,-3.0,3.0,0.01,30.0,60.0,1e-09,1e-12,6,0.0001,1,new simulation,nan
14,29,0.4094395102393195,1.3499999999999996,0.39999999999999997,rolling,10.479999999999821,-0.31568461316521845,1.118260116428267,10,10,0,1.1398596507349228,0.2,0.5235987755982988,9.81,1,1,6,21,41,-3.0,3.0,0.01,30.0,60.0,1e-09,1e-12,6,0.0001,1,new simulation,nan
14,30,0.4094395102393195,1.5,0.39999999999999997,rolling,11.4699999999998,-0.31650856786708037,1.1205048829610973,11,11,0,1.1398755450260307,0.2,0.5235987755982988,9.81,1,1,6,21,41,-3.0,3.0,0.01,30.0,60.0,1e-09,1e-12,6,0.0001,1,new simulation,nan
14,31,0.4094395102393195,1.6499999999999995,0.39999999999999997,rolling,11.339999999999803,-0.3183135822735511,1.1254263255880808,11,11,0,1.1398867856537223,0.2,0.5235987755982988,9.81,1,1,6,21,41,-3.0,3.0,0.01,30.0,60.0,1e-09,1e-12,6,0.0001,1,new simulation,nan
14,32,0.4094395102393195,1.7999999999999998,0.39999999999999997,rolling,12.36999999999978,-0.31470298256503654,1.1155874499704377,12,12,0,1.139875235679904,0.2,0.5235987755982988,9.81,1,1,6,21,41,-3.0,3.0,0.01,30.0,60.0,1e-09,1e-12,6,0.0001,1,new simulation,nan
14,33,0.4094395102393195,1.9500000000000002,0.39999999999999997,rolling,12.259999999999783,-0.3222981141527634,1.1363092582139025,12,12,0,1.139878580828342,0.2,0.5235987755982988,9.81,1,1,6,21,41,-3.0,3.0,0.01,30.0,60.0,1e-09,1e-12,6,0.0001,1,new simulation,nan
14,34,0.4094395102393195,2.0999999999999996,0.39999999999999997,rolling,12.169999999999785,-0.3166790422013895,1.120969476798417,12,12,0,1.1398821943054667,0.2,0.5235987755982988,9.81,1,1,6,21,41,-3.0,3.0,0.01,30.0,60.0,1e-09,1e-12,6,0.0001,1,new simulation,nan
14,35,0.4094395102393195,2.25,0.39999999999999997,rolling,12.079999999999787,-0.3186182448526647,1.1262575255457117,12,12,0,1.1398860753901978,0.2,0.5235987755982988,9.81,1,1,6,21,41,-3.0,3.0,0.01,30.0,60.0,1e-09,1e-12,6,0.0001,1,new simulation,nan
14,36,0.4094395102393195,2.3999999999999995,0.39999999999999997,rolling,11.999999999999789,-0.3156132858411389,1.1180659908818544,12,12,0,1.1398902240336521,0.2,0.5235987755982988,9.81,1,1,6,21,41,-3.0,3.0,0.01,30.0,60.0,1e-09,1e-12,6,0.0001,1,new simulation,nan
14,37,0.4094395102393195,2.55,0.39999999999999997,rolling,11.91999999999979,-0.3179671829965511,1.124481475748627,12,12,0,1.1398946405628065,0.2,0.5235987755982988,9.81,1,1,6,21,41,-3.0,3.0,0.01,30.0,60.0,1e-09,1e-12,6,0.0001,1,new simulation,nan
14,38,0.4094395102393195,2.7,0.39999999999999997,rolling,12.989999999999768,-0.3145189493474032,1.1150865574316735,13,13,0,1.139875292117905,0.2,0.5235987755982988,9.81,1,1,6,21,41,-3.0,3.0,0.01,30.0,60.0,1e-09,1e-12,6,0.0001,1,new simulation,nan
14,39,0.4094395102393195,2.8499999999999996,0.39999999999999997,rolling,12.919999999999769,-0.3144092805474859,1.1147880992485144,13,13,0,1.1398765301280207,0.2,0.5235987755982988,9.81,1,1,6,21,41,-3.0,3.0,0.01,30.0,60.0,1e-09,1e-12,6,0.0001,1,new simulation,nan
14,40,0.4094395102393195,3.0,0.39999999999999997,rolling,12.84999999999977,-0.3179404931370796,1.124408605950807,13,13,0,1.1398778344444285,0.2,0.5235987755982988,9.81,1,1,6,21,41,-3.0,3.0,0.01,30.0,60.0,1e-09,1e-12,6,0.0001,1,new simulation,nan
15,0,0.4617993877991495,-3.0,0.5000000000000001,settled,0.8000000000000005,-0.32359877559829875,0.0,2,1,1,nan,0.2,0.5235987755982988,9.81,1,1,6,21,41,-3.0,3.0,0.01,30.0,60.0,1e-09,1e-12,6,0.0001,1,new simulation,nan
15,1,0.4617993877991495,-2.85,0.5000000000000001,settled,0.7800000000000005,-0.32359877559829875,0.0,2,1,1,nan,0.2,0.5235987755982988,9.81,1,1,6,21,41,-3.0,3.0,0.01,30.0,60.0,1e-09,1e-12,6,0.0001,1,new simulation,nan
15,2,0.4617993877991495,-2.7,0.5000000000000001,settled,0.7600000000000005,-0.32359877559829875,0.0,2,1,1,nan,0.2,0.5235987755982988,9.81,1,1,6,21,41,-3.0,3.0,0.01,30.0,60.0,1e-09,1e-12,6,0.0001,1,new simulation,nan
15,3,0.4617993877991495,-2.55,0.5000000000000001,settled,0.7500000000000004,-0.32359877559829875,0.0,2,1,1,nan,0.2,0.5235987755982988,9.81,1,1,6,21,41,-3.0,3.0,0.01,30.0,60.0,1e-09,1e-12,6,0.0001,1,new simulation,nan
15,4,0.4617993877991495,-2.4,0.5000000000000001,settled,0.7500000000000004,-0.32359877559829875,0.0,2,1,1,nan,0.2,0.5235987755982988,9.81,1,1,6,21,41,-3.0,3.0,0.01,30.0,60.0,1e-09,1e-12,6,0.0001,1,new simulation,nan
15,5,0.4617993877991495,-2.25,0.5000000000000001,settled,0.7500000000000004,-0.32359877559829875,0.0,2,1,1,nan,0.2,0.5235987755982988,9.81,1,1,6,21,41,-3.0,3.0,0.01,30.0,60.0,1e-09,1e-12,6,0.0001,1,new simulation,nan
15,6,0.4617993877991495,-2.1,0.5000000000000001,settled,0.7700000000000005,-0.32359877559829875,0.0,2,1,1,nan,0.2,0.5235987755982988,9.81,1,1,6,21,41,-3.0,3.0,0.01,30.0,60.0,1e-09,1e-12,6,0.0001,1,new simulation,nan
15,7,0.4617993877991495,-1.95,0.5000000000000001,settled,0.8000000000000005,-0.32359877559829875,0.0,2,1,1,nan,0.2,0.5235987755982988,9.81,1,1,6,21,41,-3.0,3.0,0.01,30.0,60.0,1e-09,1e-12,6,0.0001,1,new simulation,nan
15,8,0.4617993877991495,-1.8,0.5000000000000001,settled,0.8600000000000005,-0.32359877559829875,0.0,2,1,1,nan,0.2,0.5235987755982988,9.81,1,1,6,21,41,-3.0,3.0,0.01,30.0,60.0,1e-09,1e-12,6,0.0001,1,new simulation,nan
15,9,0.4617993877991495,-1.6500000000000001,0.5000000000000001,settled,0.9700000000000006,-0.32359877559829875,0.0,2,1,1,nan,0.2,0.5235987755982988,9.81,1,1,6,21,41,-3.0,3.0,0.01,30.0,60.0,1e-09,1e-12,6,0.0001,1,new simulation,nan
15,10,0.4617993877991495,-1.5,0.5000000000000001,settled,1.290000000000001,-0.32359877559829875,0.0,2,1,1,nan,0.2,0.5235987755982988,9.81,1,1,6,21,41,-3.0,3.0,0.01,30.0,60.0,1e-09,1e-12,6,0.0001,1,new simulation,nan
15,11,0.4617993877991495,-1.35,0.5000000000000001,rolling,12.919999999999769,-0.3230396661027812,1.1383374027823163,11,11,0,1.1398550604931803,0.2,0.5235987755982988,9.81,1,1,6,21,41,-3.0,3.0,0.01,30.0,60.0,1e-09,1e-12,6,0.0001,1,new simulation,nan
15,12,0.4617993877991495,-1.2000000000000002,0.5000000000000001,rolling,12.939999999999769,-0.3140574940221343,1.1138307154425628,11,11,0,1.1398459593529389,0.2,0.5235987755982988,9.81,1,1,6,21,41,-3.0,3.0,0.01,30.0,60.0,1e-09,1e-12,6,0.0001,1,new simulation,nan
15,13,0.4617993877991495,-1.05,0.5000000000000001,settled,0.7900000000000005,-0.32359877559829875,0.0,1,1,0,nan,0.2,0.5235987755982988,9.81,1,1,6,21,41,-3.0,3.0,0.01,30.0,60.0,1e-09,1e-12,6,0.0001,1,new simulation,nan
15,14,0.4617993877991495,-0.8999999999999999,0.5000000000000001,settled,0.6800000000000004,-0.32359877559829875,0.0,1,1,0,nan,0.2,0.5235987755982988,9.81,1,1,6,21,41,-3.0,3.0,0.01,30.0,60.0,1e-09,1e-12,6,0.0001,1,new simulation,nan
15,15,0.4617993877991495,-0.75,0.5000000000000001,settled,0.5900000000000003,-0.32359877559829875,0.0,1,1,0,nan,0.2,0.5235987755982988,9.81,1,1,6,21,41,-3.0,3.0,0.01,30.0,60.0,1e-09,1e-12,6,0.0001,1,new simulation,nan
15,16,0.4617993877991495,-0.6000000000000001,0.5000000000000001,settled,0.5200000000000002,-0.32359877559829875,0.0,1,1,0,nan,0.2,0.5235987755982988,9.81,1,1,6,21,41,-3.0,3.0,0.01,30.0,60.0,1e-09,1e-12,6,0.0001,1,new simulation,nan
15,17,0.4617993877991495,-0.4500000000000002,0.5000000000000001,settled,0.47000000000000025,-0.32359877559829875,0.0,1,1,0,nan,0.2,0.5235987755982988,9.81,1,1,6,21,41,-3.0,3.0,0.01,30.0,60.0,1e-09,1e-12,6,0.0001,1,new simulation,nan
15,18,0.4617993877991495,-0.30000000000000027,0.5000000000000001,settled,0.4200000000000002,-0.32359877559829875,0.0,1,1,0,nan,0.2,0.5235987755982988,9.81,1,1,6,21,41,-3.0,3.0,0.01,30.0,60.0,1e-09,1e-12,6,0.0001,1,new simulation,nan
15,19,0.4617993877991495,-0.1499999999999999,0.5000000000000001,settled,0.37000000000000016,-0.32359877559829875,0.0,1,1,0,nan,0.2,0.5235987755982988,9.81,1,1,6,21,41,-3.0,3.0,0.01,30.0,60.0,1e-09,1e-12,6,0.0001,1,new simulation,nan
15,20,0.4617993877991495,0.0,0.5000000000000001,settled,0.34000000000000014,-0.32359877559829875,0.0,1,1,0,nan,0.2,0.5235987755982988,9.81,1,1,6,21,41,-3.0,3.0,0.01,30.0,60.0,1e-09,1e-12,6,0.0001,1,new simulation,nan
15,21,0.4617993877991495,0.1499999999999999,0.5000000000000001,settled,0.3100000000000001,-0.32359877559829875,0.0,1,1,0,nan,0.2,0.5235987755982988,9.81,1,1,6,21,41,-3.0,3.0,0.01,30.0,60.0,1e-09,1e-12,6,0.0001,1,new simulation,nan
15,22,0.4617993877991495,0.2999999999999998,0.5000000000000001,settled,0.2800000000000001,-0.32359877559829875,0.0,1,1,0,nan,0.2,0.5235987755982988,9.81,1,1,6,21,41,-3.0,3.0,0.01,30.0,60.0,1e-09,1e-12,6,0.0001,1,new simulation,nan
15,23,0.4617993877991495,0.44999999999999973,0.5000000000000001,settled,0.25000000000000006,-0.32359877559829875,0.0,1,1,0,nan,0.2,0.5235987755982988,9.81,1,1,6,21,41,-3.0,3.0,0.01,30.0,60.0,1e-09,1e-12,6,0.0001,1,new simulation,nan
15,24,0.4617993877991495,0.5999999999999996,0.5000000000000001,settled,0.23000000000000007,-0.32359877559829875,0.0,1,1,0,nan,0.2,0.5235987755982988,9.81,1,1,6,21,41,-3.0,3.0,0.01,30.0,60.0,1e-09,1e-12,6,0.0001,1,new simulation,nan
15,25,0.4617993877991495,0.75,0.5000000000000001,settled,0.21000000000000005,-0.32359877559829875,0.0,1,1,0,nan,0.2,0.5235987755982988,9.81,1,1,6,21,41,-3.0,3.0,0.01,30.0,60.0,1e-09,1e-12,6,0.0001,1,new simulation,nan
15,26,0.4617993877991495,0.8999999999999999,0.5000000000000001,settled,0.20000000000000004,-0.32359877559829875,0.0,1,1,0,nan,0.2,0.5235987755982988,9.81,1,1,6,21,41,-3.0,3.0,0.01,30.0,60.0,1e-09,1e-12,6,0.0001,1,new simulation,nan
15,27,0.4617993877991495,1.0499999999999998,0.5000000000000001,settled,0.18000000000000002,-0.32359877559829875,0.0,1,1,0,nan,0.2,0.5235987755982988,9.81,1,1,6,21,41,-3.0,3.0,0.01,30.0,60.0,1e-09,1e-12,6,0.0001,1,new simulation,nan
15,28,0.4617993877991495,1.2000000000000002,0.5000000000000001,rolling,12.149999999999785,-0.32109992125922193,1.1330337587429193,11,11,0,1.1398459601012652,0.2,0.5235987755982988,9.81,1,1,6,21,41,-3.0,3.0,0.01,30.0,60.0,1e-09,1e-12,6,0.0001,1,new simulation,nan
15,29,0.4617993877991495,1.3499999999999996,0.5000000000000001,rolling,11.799999999999793,-0.3129142716040341,1.1107214152106315,11,11,0,1.1398550606851992,0.2,0.5235987755982988,9.81,1,1,6,21,41,-3.0,3.0,0.01,30.0,60.0,1e-09,1e-12,6,0.0001,1,new simulation,nan
15,30,0.4617993877991495,1.5,0.5000000000000001,rolling,10.439999999999822,-0.32200859380935076,1.1355175322511273,10,10,0,1.1398590854754127,0.2,0.5235987755982988,9.81,1,1,6,21,41,-3.0,3.0,0.01,30.0,60.0,1e-09,1e-12,6,0.0001,1,new simulation,nan
15,31,0.4617993877991495,1.6499999999999995,0.5000000000000001,rolling,11.419999999999801,-0.32220980114518183,1.1360677577299219,11,11,0,1.1398764735199682,0.2,0.5235987755982988,9.81,1,1,6,21,41,-3.0,3.0,0.01,30.0,60.0,1e-09,1e-12,6,0.0001,1,new simulation,nan
15,32,0.4617993877991495,1.7999999999999998,0.5000000000000001,rolling,11.289999999999804,-0.3180539907655638,1.1247182190666398,11,11,0,1.13988878630147,0.2,0.5235987755982988,9.81,1,1,6,21,41,-3.0,3.0,0.01,30.0,60.0,1e-09,1e-12,6,0.0001,1,new simulation,nan
15,33,0.4617993877991495,1.9500000000000002,0.5000000000000001,rolling,12.309999999999782,-0.3226201542742533,1.1371899618078516,12,12,0,1.1398760027138846,0.2,0.5235987755982988,9.81,1,1,6,21,41,-3.0,3.0,0.01,30.0,60.0,1e-09,1e-12,6,0.0001,1,new simulation,nan
15,34,0.4617993877991495,2.0999999999999996,0.5000000000000001,rolling,12.209999999999784,-0.31742812030655787,1.1230113866399851,12,12,0,1.139879616262262,0.2,0.5235987755982988,9.81,1,1,6,21,41,-3.0,3.0,0.01,30.0,60.0,1e-09,1e-12,6,0.0001,1,new simulation,nan
15,35,0.4617993877991495,2.25,0.5000000000000001,rolling,12.109999999999786,-0.3225314508799745,1.1369473938085437,12,12,0,1.1398834978484138,0.2,0.5235987755982988,9.81,1,1,6,21,41,-3.0,3.0,0.01,30.0,60.0,1e-09,1e-12,6,0.0001,1,new simulation,nan
15,36,0.4617993877991495,2.3999999999999995,0.5000000000000001,rolling,12.029999999999788,-0.31325087296032034,1.1116368159812124,12,12,0,1.1398876461230867,0.2,0.5235987755982988,9.81,1,1,6,21,41,-3.0,3.0,0.01,30.0,60.0,1e-09,1e-12,6,0.0001,1,new simulation,nan
15,37,0.4617993877991495,2.55,0.5000000000000001,rolling,11.93999999999979,-0.32187817573599903,1.1351611187215078,12,12,0,1.1398920624293682,0.2,0.5235987755982988,9.81,1,1,6,21,41,-3.0,3.0,0.01,30.0,60.0,1e-09,1e-12,6,0.0001,1,new simulation,nan
15,38,0.4617993877991495,2.7,0.5000000000000001,rolling,11.869999999999791,-0.3136505867887256,1.1127239745192603,12,12,0,1.1398967458592326,0.2,0.5235987755982988,9.81,1,1,6,21,41,-3.0,3.0,0.01,30.0,60.0,1e-09,1e-12,6,0.0001,1,new simulation,nan
15,39,0.4617993877991495,2.8499999999999996,0.5000000000000001,rolling,12.929999999999769,-0.322248454618152,1.136173451919677,13,13,0,1.1398758853452389,0.2,0.5235987755982988,9.81,1,1,6,21,41,-3.0,3.0,0.01,30.0,60.0,1e-09,1e-12,6,0.0001,1,new simulation,nan
15,40,0.4617993877991495,3.0,0.5000000000000001,rolling,12.85999999999977,-0.32306985574017605,1.1384200928766601,13,13,0,1.1398771910653702,0.2,0.5235987755982988,9.81,1,1,6,21,41,-3.0,3.0,0.01,30.0,60.0,1e-09,1e-12,6,0.0001,1,new simulation,nan
16,0,0.5141592653589793,-3.0,0.6,settled,0.8000000000000005,-0.32359877559829875,0.0,2,1,1,nan,0.2,0.5235987755982988,9.81,1,1,6,21,41,-3.0,3.0,0.01,30.0,60.0,1e-09,1e-12,6,0.0001,1,new simulation,nan
16,1,0.5141592653589793,-2.85,0.6,settled,0.7900000000000005,-0.32359877559829875,0.0,2,1,1,nan,0.2,0.5235987755982988,9.81,1,1,6,21,41,-3.0,3.0,0.01,30.0,60.0,1e-09,1e-12,6,0.0001,1,new simulation,nan
16,2,0.5141592653589793,-2.7,0.6,settled,0.7800000000000005,-0.32359877559829875,0.0,2,1,1,nan,0.2,0.5235987755982988,9.81,1,1,6,21,41,-3.0,3.0,0.01,30.0,60.0,1e-09,1e-12,6,0.0001,1,new simulation,nan
16,3,0.5141592653589793,-2.55,0.6,settled,0.7700000000000005,-0.32359877559829875,0.0,2,1,1,nan,0.2,0.5235987755982988,9.81,1,1,6,21,41,-3.0,3.0,0.01,30.0,60.0,1e-09,1e-12,6,0.0001,1,new simulation,nan
16,4,0.5141592653589793,-2.4,0.6,settled,0.7700000000000005,-0.32359877559829875,0.0,2,1,1,nan,0.2,0.5235987755982988,9.81,1,1,6,21,41,-3.0,3.0,0.01,30.0,60.0,1e-09,1e-12,6,0.0001,1,new simulation,nan
16,5,0.5141592653589793,-2.25,0.6,settled,0.7900000000000005,-0.32359877559829875,0.0,2,1,1,nan,0.2,0.5235987755982988,9.81,1,1,6,21,41,-3.0,3.0,0.01,30.0,60.0,1e-09,1e-12,6,0.0001,1,new simulation,nan
16,6,0.5141592653589793,-2.1,0.6,settled,0.8200000000000005,-0.32359877559829875,0.0,2,1,1,nan,0.2,0.5235987755982988,9.81,1,1,6,21,41,-3.0,3.0,0.01,30.0,60.0,1e-09,1e-12,6,0.0001,1,new simulation,nan
16,7,0.5141592653589793,-1.95,0.6,settled,0.8700000000000006,-0.32359877559829875,0.0,2,1,1,nan,0.2,0.5235987755982988,9.81,1,1,6,21,41,-3.0,3.0,0.01,30.0,60.0,1e-09,1e-12,6,0.0001,1,new simulation,nan
16,8,0.5141592653589793,-1.8,0.6,settled,0.9900000000000007,-0.32359877559829875,0.0,2,1,1,nan,0.2,0.5235987755982988,9.81,1,1,6,21,41,-3.0,3.0,0.01,30.0,60.0,1e-09,1e-12,6,0.0001,1,new simulation,nan
16,9,0.5141592653589793,-1.6500000000000001,0.6,settled,1.330000000000001,-0.32359877559829875,0.0,2,1,1,nan,0.2,0.5235987755982988,9.81,1,1,6,21,41,-3.0,3.0,0.01,30.0,60.0,1e-09,1e-12,6,0.0001,1,new simulation,nan
16,10,0.5141592653589793,-1.5,0.6,rolling,12.929999999999769,-0.31304887362522626,1.111087382908502,11,11,0,1.1398537741951176,0.2,0.5235987755982988,9.81,1,1,6,21,41,-3.0,3.0,0.01,30.0,60.0,1e-09,1e-12,6,0.0001,1,new simulation,nan
16,11,0.5141592653589793,-1.35,0.6,rolling,13.109999999999765,-0.3233551024491395,1.1392003821372316,11,11,0,1.1398436023226175,0.2,0.5235987755982988,9.81,1,1,6,21,41,-3.0,3.0,0.01,30.0,60.0,1e-09,1e-12,6,0.0001,1,new simulation,nan
16,12,0.5141592653589793,-1.2000000000000002,0.6,settled,0.7800000000000005,-0.32359877559829875,0.0,1,1,0,nan,0.2,0.5235987755982988,9.81,1,1,6,21,41,-3.0,3.0,0.01,30.0,60.0,1e-09,1e-12,6,0.0001,1,new simulation,nan
16,13,0.5141592653589793,-1.05,0.6,settled,0.6700000000000004,-0.32359877559829875,0.0,1,1,0,nan,0.2,0.5235987755982988,9.81,1,1,6,21,41,-3.0,3.0,0.01,30.0,60.0,1e-09,1e-12,6,0.0001,1,new simulation,nan
16,14,0.5141592653589793,-0.8999999999999999,0.6,settled,0.5800000000000003,-0.32359877559829875,0.0,1,1,0,nan,0.2,0.5235987755982988,9.81,1,1,6,21,41,-3.0,3.0,0.01,30.0,60.0,1e-09,1e-12,6,0.0001,1,new simulation,nan
16,15,0.5141592653589793,-0.75,0.6,settled,0.5100000000000002,-0.32359877559829875,0.0,1,1,0,nan,0.2,0.5235987755982988,9.81,1,1,6,21,41,-3.0,3.0,0.01,30.0,60.0,1e-09,1e-12,6,0.0001,1,new simulation,nan
16,16,0.5141592653589793,-0.6000000000000001,0.6,settled,0.46000000000000024,-0.32359877559829875,0.0,1,1,0,nan,0.2,0.5235987755982988,9.81,1,1,6,21,41,-3.0,3.0,0.01,30.0,60.0,1e-09,1e-12,6,0.0001,1,new simulation,nan
16,17,0.5141592653589793,-0.4500000000000002,0.6,settled,0.4100000000000002,-0.32359877559829875,0.0,1,1,0,nan,0.2,0.5235987755982988,9.81,1,1,6,21,41,-3.0,3.0,0.01,30.0,60.0,1e-09,1e-12,6,0.0001,1,new simulation,nan
16,18,0.5141592653589793,-0.30000000000000027,0.6,settled,0.36000000000000015,-0.32359877559829875,0.0,1,1,0,nan,0.2,0.5235987755982988,9.81,1,1,6,21,41,-3.0,3.0,0.01,30.0,60.0,1e-09,1e-12,6,0.0001,1,new simulation,nan
16,19,0.5141592653589793,-0.1499999999999999,0.6,settled,0.3200000000000001,-0.32359877559829875,0.0,1,1,0,nan,0.2,0.5235987755982988,9.81,1,1,6,21,41,-3.0,3.0,0.01,30.0,60.0,1e-09,1e-12,6,0.0001,1,new simulation,nan
16,20,0.5141592653589793,0.0,0.6,settled,0.2900000000000001,-0.32359877559829875,0.0,1,1,0,nan,0.2,0.5235987755982988,9.81,1,1,6,21,41,-3.0,3.0,0.01,30.0,60.0,1e-09,1e-12,6,0.0001,1,new simulation,nan
16,21,0.5141592653589793,0.1499999999999999,0.6,settled,0.26000000000000006,-0.32359877559829875,0.0,1,1,0,nan,0.2,0.5235987755982988,9.81,1,1,6,21,41,-3.0,3.0,0.01,30.0,60.0,1e-09,1e-12,6,0.0001,1,new simulation,nan
16,22,0.5141592653589793,0.2999999999999998,0.6,settled,0.24000000000000007,-0.32359877559829875,0.0,1,1,0,nan,0.2,0.5235987755982988,9.81,1,1,6,21,41,-3.0,3.0,0.01,30.0,60.0,1e-09,1e-12,6,0.0001,1,new simulation,nan
16,23,0.5141592653589793,0.44999999999999973,0.6,settled,0.21000000000000005,-0.32359877559829875,0.0,1,1,0,nan,0.2,0.5235987755982988,9.81,1,1,6,21,41,-3.0,3.0,0.01,30.0,60.0,1e-09,1e-12,6,0.0001,1,new simulation,nan
16,24,0.5141592653589793,0.5999999999999996,0.6,settled,0.20000000000000004,-0.32359877559829875,0.0,1,1,0,nan,0.2,0.5235987755982988,9.81,1,1,6,21,41,-3.0,3.0,0.01,30.0,60.0,1e-09,1e-12,6,0.0001,1,new simulation,nan
16,25,0.5141592653589793,0.75,0.6,settled,0.18000000000000002,-0.32359877559829875,0.0,1,1,0,nan,0.2,0.5235987755982988,9.81,1,1,6,21,41,-3.0,3.0,0.01,30.0,60.0,1e-09,1e-12,6,0.0001,1,new simulation,nan
16,26,0.5141592653589793,0.8999999999999999,0.6,settled,0.16,-0.32359877559829875,0.0,1,1,0,nan,0.2,0.5235987755982988,9.81,1,1,6,21,41,-3.0,3.0,0.01,30.0,60.0,1e-09,1e-12,6,0.0001,1,new simulation,nan
16,27,0.5141592653589793,1.0499999999999998,0.6,settled,0.15,-0.32359877559829875,0.0,1,1,0,nan,0.2,0.5235987755982988,9.81,1,1,6,21,41,-3.0,3.0,0.01,30.0,60.0,1e-09,1e-12,6,0.0001,1,new simulation,nan
16,28,0.5141592653589793,1.2000000000000002,0.6,settled,0.13999999999999999,-0.32359877559829875,0.0,1,1,0,nan,0.2,0.5235987755982988,9.81,1,1,6,21,41,-3.0,3.0,0.01,30.0,60.0,1e-09,1e-12,6,0.0001,1,new simulation,nan
16,29,0.5141592653589793,1.3499999999999996,0.6,rolling,12.309999999999782,-0.31280425427247605,1.1104222584598582,11,11,0,1.1398436019710114,0.2,0.5235987755982988,9.81,1,1,6,21,41,-3.0,3.0,0.01,30.0,60.0,1e-09,1e-12,6,0.0001,1,new simulation,nan
16,30,0.5141592653589793,1.5,0.6,rolling,11.789999999999793,-0.3222070154838795,1.136060041374141,11,11,0,1.139853773548124,0.2,0.5235987755982988,9.81,1,1,6,21,41,-3.0,3.0,0.01,30.0,60.0,1e-09,1e-12,6,0.0001,1,new simulation,nan
16,31,0.5141592653589793,1.6499999999999995,0.6,rolling,10.409999999999823,-0.3223929650706501,1.1365685485294,10,10,0,1.1398582204877108,0.2,0.5235987755982988,9.81,1,1,6,21,41,-3.0,3.0,0.01,30.0,60.0,1e-09,1e-12,6,0.0001,1,new simulation,nan
16,32,0.5141592653589793,1.7999999999999998,0.6,rolling,11.379999999999802,-0.3214345637267728,1.133948435723166,11,11,0,1.1398773287151103,0.2,0.5235987755982988,9.81,1,1,6,21,41,-3.0,3.0,0.01,30.0,60.0,1e-09,1e-12,6,0.0001,1,new simulation,nan
16,33,0.5141592653589793,1.9500000000000002,0.6,rolling,11.239999999999805,-0.3224996278446769,1.1368603925476515,11,11,0,1.1398907105353728,0.2,0.5235987755982988,9.81,1,1,6,21,41,-3.0,3.0,0.01,30.0,60.0,1e-09,1e-12,6,0.0001,1,new simulation,nan
16,34,0.5141592653589793,2.0999999999999996,0.6,rolling,12.269999999999783,-0.31263798894804073,1.1099704190428559,12,12,0,1.139876751575451,0.2,0.5235987755982988,9.81,1,1,6,21,41,-3.0,3.0,0.01,30.0,60.0,1e-09,1e-12,6,0.0001,1,new simulation,nan
16,35,0.5141592653589793,2.25,0.6,rolling,12.159999999999785,-0.31706556805013736,1.1220229880286123,12,12,0,1.1398806325013757,0.2,0.5235987755982988,9.81,1,1,6,21,41,-3.0,3.0,0.01,30.0,60.0,1e-09,1e-12,6,0.0001,1,new simulation,nan
16,36,0.5141592653589793,2.3999999999999995,0.6,rolling,12.059999999999787,-0.32145529631082154,1.1340051329335343,12,12,0,1.1398847814028126,0.2,0.5235987755982988,9.81,1,1,6,21,41,-3.0,3.0,0.01,30.0,60.0,1e-09,1e-12,6,0.0001,1,new simulation,nan
16,37,0.5141592653589793,2.55,0.6,rolling,11.96999999999979,-0.32330736621211875,1.1390699657336876,12,12,0,1.1398891974936973,0.2,0.5235987755982988,9.81,1,1,6,21,41,-3.0,3.0,0.01,30.0,60.0,1e-09,1e-12,6,0.0001,1,new simulation,nan
16,38,0.5141592653589793,2.7,0.6,rolling,11.889999999999791,-0.3209170187330715,1.1325341969346978,12,12,0,1.1398938817098752,0.2,0.5235987755982988,9.81,1,1,6,21,41,-3.0,3.0,0.01,30.0,60.0,1e-09,1e-12,6,0.0001,1,new simulation,nan
16,39,0.5141592653589793,2.8499999999999996,0.6,rolling,12.959999999999768,-0.313939150190564,1.1135088700241187,13,13,0,1.1398751692980846,0.2,0.5235987755982988,9.81,1,1,6,21,41,-3.0,3.0,0.01,30.0,60.0,1e-09,1e-12,6,0.0001,1,new simulation,nan
16,40,0.5141592653589793,3.0,0.6,rolling,12.87999999999977,-0.32243972708824764,1.1366965108675715,13,13,0,1.139876473545161,0.2,0.5235987755982988,9.81,1,1,6,21,41,-3.0,3.0,0.01,30.0,60.0,1e-09,1e-12,6,0.0001,1,new simulation,nan
17,0,0.5665191429188092,-3.0,0.7000000000000001,settled,0.8100000000000005,-0.32359877559829875,0.0,2,1,1,nan,0.2,0.5235987755982988,9.81,1,1,6,21,41,-3.0,3.0,0.01,30.0,60.0,1e-09,1e-12,6,0.0001,1,new simulation,nan
17,1,0.5665191429188092,-2.85,0.7000000000000001,settled,0.8000000000000005,-0.32359877559829875,0.0,2,1,1,nan,0.2,0.5235987755982988,9.81,1,1,6,21,41,-3.0,3.0,0.01,30.0,60.0,1e-09,1e-12,6,0.0001,1,new simulation,nan
17,2,0.5665191429188092,-2.7,0.7000000000000001,settled,0.7900000000000005,-0.32359877559829875,0.0,2,1,1,nan,0.2,0.5235987755982988,9.81,1,1,6,21,41,-3.0,3.0,0.01,30.0,60.0,1e-09,1e-12,6,0.0001,1,new simulation,nan
17,3,0.5665191429188092,-2.55,0.7000000000000001,settled,0.7900000000000005,-0.32359877559829875,0.0,2,1,1,nan,0.2,0.5235987755982988,9.81,1,1,6,21,41,-3.0,3.0,0.01,30.0,60.0,1e-09,1e-12,6,0.0001,1,new simulation,nan
17,4,0.5665191429188092,-2.4,0.7000000000000001,settled,0.8100000000000005,-0.32359877559829875,0.0,2,1,1,nan,0.2,0.5235987755982988,9.81,1,1,6,21,41,-3.0,3.0,0.01,30.0,60.0,1e-09,1e-12,6,0.0001,1,new simulation,nan
17,5,0.5665191429188092,-2.25,0.7000000000000001,settled,0.8300000000000005,-0.32359877559829875,0.0,2,1,1,nan,0.2,0.5235987755982988,9.81,1,1,6,21,41,-3.0,3.0,0.01,30.0,60.0,1e-09,1e-12,6,0.0001,1,new simulation,nan
17,6,0.5665191429188092,-2.1,0.7000000000000001,settled,0.8900000000000006,-0.32359877559829875,0.0,2,1,1,nan,0.2,0.5235987755982988,9.81,1,1,6,21,41,-3.0,3.0,0.01,30.0,60.0,1e-09,1e-12,6,0.0001,1,new simulation,nan
17,7,0.5665191429188092,-1.95,0.7000000000000001,settled,1.0100000000000007,-0.32359877559829875,0.0,2,1,1,nan,0.2,0.5235987755982988,9.81,1,1,6,21,41,-3.0,3.0,0.01,30.0,60.0,1e-09,1e-12,6,0.0001,1,new simulation,nan
17,8,0.5665191429188092,-1.8,0.7000000000000001,settled,1.380000000000001,-0.32359877559829875,0.0,2,1,1,nan,0.2,0.5235987755982988,9.81,1,1,6,21,41,-3.0,3.0,0.01,30.0,60.0,1e-09,1e-12,6,0.0001,1,new simulation,nan
17,9,0.5665191429188092,-1.6500000000000001,0.7000000000000001,rolling,12.939999999999769,-0.31543762919140983,1.117587452368343,11,11,0,1.1398524435518707,0.2,0.5235987755982988,9.81,1,1,6,21,41,-3.0,3.0,0.01,30.0,60.0,1e-09,1e-12,6,0.0001,1,new simulation,nan
17,10,0.5665191429188092,-1.5,0.7000000000000001,rolling,13.599999999999755,-0.321131159692968,1.1331191005924826,11,11,0,1.139841201176596,0.2,0.5235987755982988,9.81,1,1,6,21,41,-3.0,3.0,0.01,30.0,60.0,1e-09,1e-12,6,0.0001,1,new simulation,nan
17,11,0.5665191429188092,-1.35,0.7000000000000001,settled,0.7700000000000005,-0.32359877559829875,0.0,1,1,0,nan,0.2,0.5235987755982988,9.81,1,1,6,21,41,-3.0,3.0,0.01,30.0,60.0,1e-09,1e-12,6,0.0001,1,new simulation,nan
17,12,0.5665191429188092,-1.2000000000000002,0.7000000000000001,settled,0.6600000000000004,-0.32359877559829875,0.0,1,1,0,nan,0.2,0.5235987755982988,9.81,1,1,6,21,41,-3.0,3.0,0.01,30.0,60.0,1e-09,1e-12,6,0.0001,1,new simulation,nan
17,13,0.5665191429188092,-1.05,0.7000000000000001,settled,0.5800000000000003,-0.32359877559829875,0.0,1,1,0,nan,0.2,0.5235987755982988,9.81,1,1,6,21,41,-3.0,3.0,0.01,30.0,60.0,1e-09,1e-12,6,0.0001,1,new simulation,nan
17,14,0.5665191429188092,-0.8999999999999999,0.7000000000000001,settled,0.5100000000000002,-0.32359877559829875,0.0,1,1,0,nan,0.2,0.5235987755982988,9.81,1,1,6,21,41,-3.0,3.0,0.01,30.0,60.0,1e-09,1e-12,6,0.0001,1,new simulation,nan
17,15,0.5665191429188092,-0.75,0.7000000000000001,settled,0.45000000000000023,-0.32359877559829875,0.0,1,1,0,nan,0.2,0.5235987755982988,9.81,1,1,6,21,41,-3.0,3.0,0.01,30.0,60.0,1e-09,1e-12,6,0.0001,1,new simulation,nan
17,16,0.5665191429188092,-0.6000000000000001,0.7000000000000001,settled,0.3900000000000002,-0.32359877559829875,0.0,1,1,0,nan,0.2,0.5235987755982988,9.81,1,1,6,21,41,-3.0,3.0,0.01,30.0,60.0,1e-09,1e-12,6,0.0001,1,new simulation,nan
17,17,0.5665191429188092,-0.4500000000000002,0.7000000000000001,settled,0.35000000000000014,-0.32359877559829875,0.0,1,1,0,nan,0.2,0.5235987755982988,9.81,1,1,6,21,41,-3.0,3.0,0.01,30.0,60.0,1e-09,1e-12,6,0.0001,1,new simulation,nan
17,18,0.5665191429188092,-0.30000000000000027,0.7000000000000001,settled,0.3100000000000001,-0.32359877559829875,0.0,1,1,0,nan,0.2,0.5235987755982988,9.81,1,1,6,21,41,-3.0,3.0,0.01,30.0,60.0,1e-09,1e-12,6,0.0001,1,new simulation,nan
17,19,0.5665191429188092,-0.1499999999999999,0.7000000000000001,settled,0.2800000000000001,-0.32359877559829875,0.0,1,1,0,nan,0.2,0.5235987755982988,9.81,1,1,6,21,41,-3.0,3.0,0.01,30.0,60.0,1e-09,1e-12,6,0.0001,1,new simulation,nan
17,20,0.5665191429188092,0.0,0.7000000000000001,settled,0.24000000000000007,-0.32359877559829875,0.0,1,1,0,nan,0.2,0.5235987755982988,9.81,1,1,6,21,41,-3.0,3.0,0.01,30.0,60.0,1e-09,1e-12,6,0.0001,1,new simulation,nan
17,21,0.5665191429188092,0.1499999999999999,0.7000000000000001,settled,0.22000000000000006,-0.32359877559829875,0.0,1,1,0,nan,0.2,0.5235987755982988,9.81,1,1,6,21,41,-3.0,3.0,0.01,30.0,60.0,1e-09,1e-12,6,0.0001,1,new simulation,nan
17,22,0.5665191429188092,0.2999999999999998,0.7000000000000001,settled,0.19000000000000003,-0.32359877559829875,0.0,1,1,0,nan,0.2,0.5235987755982988,9.81,1,1,6,21,41,-3.0,3.0,0.01,30.0,60.0,1e-09,1e-12,6,0.0001,1,new simulation,nan
17,23,0.5665191429188092,0.44999999999999973,0.7000000000000001,settled,0.17,-0.32359877559829875,0.0,1,1,0,nan,0.2,0.5235987755982988,9.81,1,1,6,21,41,-3.0,3.0,0.01,30.0,60.0,1e-09,1e-12,6,0.0001,1,new simulation,nan
17,24,0.5665191429188092,0.5999999999999996,0.7000000000000001,settled,0.16,-0.32359877559829875,0.0,1,1,0,nan,0.2,0.5235987755982988,9.81,1,1,6,21,41,-3.0,3.0,0.01,30.0,60.0,1e-09,1e-12,6,0.0001,1,new simulation,nan
17,25,0.5665191429188092,0.75,0.7000000000000001,settled,0.13999999999999999,-0.32359877559829875,0.0,1,1,0,nan,0.2,0.5235987755982988,9.81,1,1,6,21,41,-3.0,3.0,0.01,30.0,60.0,1e-09,1e-12,6,0.0001,1,new simulation,nan
17,26,0.5665191429188092,0.8999999999999999,0.7000000000000001,settled,0.12999999999999998,-0.32359877559829875,0.0,1,1,0,nan,0.2,0.5235987755982988,9.81,1,1,6,21,41,-3.0,3.0,0.01,30.0,60.0,1e-09,1e-12,6,0.0001,1,new simulation,nan
17,27,0.5665191429188092,1.0499999999999998,0.7000000000000001,settled,0.11999999999999998,-0.32359877559829875,0.0,1,1,0,nan,0.2,0.5235987755982988,9.81,1,1,6,21,41,-3.0,3.0,0.01,30.0,60.0,1e-09,1e-12,6,0.0001,1,new simulation,nan
17,28,0.5665191429188092,1.2000000000000002,0.7000000000000001,settled,0.10999999999999999,-0.32359877559829875,0.0,1,1,0,nan,0.2,0.5235987755982988,9.81,1,1,6,21,41,-3.0,3.0,0.01,30.0,60.0,1e-09,1e-12,6,0.0001,1,new simulation,nan
17,29,0.5665191429188092,1.3499999999999996,0.7000000000000001,settled,0.09999999999999999,-0.32359877559829875,0.0,1,1,0,nan,0.2,0.5235987755982988,9.81,1,1,6,21,41,-3.0,3.0,0.01,30.0,60.0,1e-09,1e-12,6,0.0001,1,new simulation,nan
17,30,0.5665191429188092,1.5,0.7000000000000001,rolling,12.769999999999772,-0.31721121982674133,1.1224198664757703,11,11,0,1.1398412004264296,0.2,0.5235987755982988,9.81,1,1,6,21,41,-3.0,3.0,0.01,30.0,60.0,1e-09,1e-12,6,0.0001,1,new simulation,nan
17,31,0.5665191429188092,1.6499999999999995,0.7000000000000001,rolling,11.799999999999793,-0.31747487687465137,1.1231387519877223,11,11,0,1.1398524433419261,0.2,0.5235987755982988,9.81,1,1,6,21,41,-3.0,3.0,0.01,30.0,60.0,1e-09,1e-12,6,0.0001,1,new simulation,nan
17,32,0.5665191429188092,1.7999999999999998,0.7000000000000001,rolling,10.389999999999823,-0.31555285308812325,1.1179012602681246,10,10,0,1.1398571817047374,0.2,0.5235987755982988,9.81,1,1,6,21,41,-3.0,3.0,0.01,30.0,60.0,1e-09,1e-12,6,0.0001,1,new simulation,nan
17,33,0.5665191429188092,1.9500000000000002,0.7000000000000001,rolling,11.349999999999802,-0.3131355053878329,1.1113230536076306,11,11,0,1.139878139660891,0.2,0.5235987755982988,9.81,1,1,6,21,41,-3.0,3.0,0.01,30.0,60.0,1e-09,1e-12,6,0.0001,1,new simulation,nan
17,34,0.5665191429188092,2.0999999999999996,0.7000000000000001,rolling,11.199999999999806,-0.3193622752833914,1.128288123254815,11,11,0,1.1398925920510652,0.2,0.5235987755982988,9.81,1,1,6,21,41,-3.0,3.0,0.01,30.0,60.0,1e-09,1e-12,6,0.0001,1,new simulation,nan
17,35,0.5665191429188092,2.25,0.7000000000000001,rolling,12.219999999999784,-0.3175713409111429,1.1234018920939606,12,12,0,1.1398774900768858,0.2,0.5235987755982988,9.81,1,1,6,21,41,-3.0,3.0,0.01,30.0,60.0,1e-09,1e-12,6,0.0001,1,new simulation,nan
17,36,0.5665191429188092,2.3999999999999995,0.7000000000000001,rolling,12.109999999999786,-0.32038631741850343,1.1310843304237148,12,12,0,1.1398816388088597,0.2,0.5235987755982988,9.81,1,1,6,21,41,-3.0,3.0,0.01,30.0,60.0,1e-09,1e-12,6,0.0001,1,new simulation,nan
17,37,0.5665191429188092,2.55,0.7000000000000001,rolling,12.019999999999788,-0.31277086483161154,1.1103316774233494,12,12,0,1.1398860552130985,0.2,0.5235987755982988,9.81,1,1,6,21,41,-3.0,3.0,0.01,30.0,60.0,1e-09,1e-12,6,0.0001,1,new simulation,nan
17,38,0.5665191429188092,2.7,0.7000000000000001,rolling,11.92999999999979,-0.3143631308670948,1.114662571731189,12,12,0,1.1398907387152488,0.2,0.5235987755982988,9.81,1,1,6,21,41,-3.0,3.0,0.01,30.0,60.0,1e-09,1e-12,6,0.0001,1,new simulation,nan
17,39,0.5665191429188092,2.8499999999999996,0.7000000000000001,rolling,11.839999999999792,-0.3233956138152047,1.139311460452376,12,12,0,1.1398956902521808,0.2,0.5235987755982988,9.81,1,1,6,21,41,-3.0,3.0,0.01,30.0,60.0,1e-09,1e-12,6,0.0001,1,new simulation,nan
17,40,0.5665191429188092,3.0,0.7000000000000001,rolling,12.90999999999977,-0.31674788694689066,1.121157073264882,13,13,0,1.1398756885326724,0.2,0.5235987755982988,9.81,1,1,6,21,41,-3.0,3.0,0.01,30.0,60.0,1e-09,1e-12,6,0.0001,1,new simulation,nan
18,0,0.6188790204786392,-3.0,0.8000000000000003,settled,0.8200000000000005,-0.32359877559829875,0.0,2,1,1,nan,0.2,0.5235987755982988,9.81,1,1,6,21,41,-3.0,3.0,0.01,30.0,60.0,1e-09,1e-12,6,0.0001,1,new simulation,nan
18,1,0.6188790204786392,-2.85,0.8000000000000003,settled,0.8100000000000005,-0.32359877559829875,0.0,2,1,1,nan,0.2,0.5235987755982988,9.81,1,1,6,21,41,-3.0,3.0,0.01,30.0,60.0,1e-09,1e-12,6,0.0001,1,new simulation,nan
18,2,0.6188790204786392,-2.7,0.8000000000000003,settled,0.8100000000000005,-0.32359877559829875,0.0,2,1,1,nan,0.2,0.5235987755982988,9.81,1,1,6,21,41,-3.0,3.0,0.01,30.0,60.0,1e-09,1e-12,6,0.0001,1,new simulation,nan
18,3,0.6188790204786392,-2.55,0.8000000000000003,settled,0.8200000000000005,-0.32359877559829875,0.0,2,1,1,nan,0.2,0.5235987755982988,9.81,1,1,6,21,41,-3.0,3.0,0.01,30.0,60.0,1e-09,1e-12,6,0.0001,1,new simulation,nan
18,4,0.6188790204786392,-2.4,0.8000000000000003,settled,0.8500000000000005,-0.32359877559829875,0.0,2,1,1,nan,0.2,0.5235987755982988,9.81,1,1,6,21,41,-3.0,3.0,0.01,30.0,60.0,1e-09,1e-12,6,0.0001,1,new simulation,nan
18,5,0.6188790204786392,-2.25,0.8000000000000003,settled,0.9000000000000006,-0.32359877559829875,0.0,2,1,1,nan,0.2,0.5235987755982988,9.81,1,1,6,21,41,-3.0,3.0,0.01,30.0,60.0,1e-09,1e-12,6,0.0001,1,new simulation,nan
18,6,0.6188790204786392,-2.1,0.8000000000000003,settled,1.0200000000000007,-0.32359877559829875,0.0,2,1,1,nan,0.2,0.5235987755982988,9.81,1,1,6,21,41,-3.0,3.0,0.01,30.0,60.0,1e-09,1e-12,6,0.0001,1,new simulation,nan
18,7,0.6188790204786392,-1.95,0.8000000000000003,settled,1.430000000000001,-0.32359877559829875,0.0,2,1,1,nan,0.2,0.5235987755982988,9.81,1,1,6,21,41,-3.0,3.0,0.01,30.0,60.0,1e-09,1e-12,6,0.0001,1,new simulation,nan
18,8,0.6188790204786392,-1.8,0.8000000000000003,rolling,12.959999999999768,-0.3178999017287841,1.124297778988839,11,11,0,1.1398511044418291,0.2,0.5235987755982988,9.81,1,1,6,21,41,-3.0,3.0,0.01,30.0,60.0,1e-09,1e-12,6,0.0001,1,new simulation,nan
18,9,0.6188790204786392,-1.6500000000000001,0.8000000000000003,settled,0.9200000000000006,-0.32359877559829875,0.0,1,1,0,nan,0.2,0.5235987755982988,9.81,1,1,6,21,41,-3.0,3.0,0.01,30.0,60.0,1e-09,1e-12,6,0.0001,1,new simulation,nan
18,10,0.6188790204786392,-1.5,0.8000000000000003,settled,0.7600000000000005,-0.32359877559829875,0.0,1,1,0,nan,0.2,0.5235987755982988,9.81,1,1,6,21,41,-3.0,3.0,0.01,30.0,60.0,1e-09,1e-12,6,0.0001,1,new simulation,nan
18,11,0.6188790204786392,-1.35,0.8000000000000003,settled,0.6500000000000004,-0.32359877559829875,0.0,1,1,0,nan,0.2,0.5235987755982988,9.81,1,1,6,21,41,-3.0,3.0,0.01,30.0,60.0,1e-09,1e-12,6,0.0001,1,new simulation,nan
18,12,0.6188790204786392,-1.2000000000000002,0.8000000000000003,settled,0.5700000000000003,-0.32359877559829875,0.0,1,1,0,nan,0.2,0.5235987755982988,9.81,1,1,6,21,41,-3.0,3.0,0.01,30.0,60.0,1e-09,1e-12,6,0.0001,1,new simulation,nan
18,13,0.6188790204786392,-1.05,0.8000000000000003,settled,0.5000000000000002,-0.32359877559829875,0.0,1,1,0,nan,0.2,0.5235987755982988,9.81,1,1,6,21,41,-3.0,3.0,0.01,30.0,60.0,1e-09,1e-12,6,0.0001,1,new simulation,nan
18,14,0.6188790204786392,-0.8999999999999999,0.8000000000000003,settled,0.4400000000000002,-0.32359877559829875,0.0,1,1,0,nan,0.2,0.5235987755982988,9.81,1,1,6,21,41,-3.0,3.0,0.01,30.0,60.0,1e-09,1e-12,6,0.0001,1,new simulation,nan
18,15,0.6188790204786392,-0.75,0.8000000000000003,settled,0.38000000000000017,-0.32359877559829875,0.0,1,1,0,nan,0.2,0.5235987755982988,9.81,1,1,6,21,41,-3.0,3.0,0.01,30.0,60.0,1e-09,1e-12,6,0.0001,1,new simulation,nan
18,16,0.6188790204786392,-0.6000000000000001,0.8000000000000003,settled,0.3300000000000001,-0.32359877559829875,0.0,1,1,0,nan,0.2,0.5235987755982988,9.81,1,1,6,21,41,-3.0,3.0,0.01,30.0,60.0,1e-09,1e-12,6,0.0001,1,new simulation,nan
18,17,0.6188790204786392,-0.4500000000000002,0.8000000000000003,settled,0.2900000000000001,-0.32359877559829875,0.0,1,1,0,nan,0.2,0.5235987755982988,9.81,1,1,6,21,41,-3.0,3.0,0.01,30.0,60.0,1e-09,1e-12,6,0.0001,1,new simulation,nan
18,18,0.6188790204786392,-0.30000000000000027,0.8000000000000003,settled,0.26000000000000006,-0.32359877559829875,0.0,1,1,0,nan,0.2,0.5235987755982988,9.81,1,1,6,21,41,-3.0,3.0,0.01,30.0,60.0,1e-09,1e-12,6,0.0001,1,new simulation,nan
18,19,0.6188790204786392,-0.1499999999999999,0.8000000000000003,settled,0.22000000000000006,-0.32359877559829875,0.0,1,1,0,nan,0.2,0.5235987755982988,9.81,1,1,6,21,41,-3.0,3.0,0.01,30.0,60.0,1e-09,1e-12,6,0.0001,1,new simulation,nan
18,20,0.6188790204786392,0.0,0.8000000000000003,settled,0.19000000000000003,-0.32359877559829875,0.0,1,1,0,nan,0.2,0.5235987755982988,9.81,1,1,6,21,41,-3.0,3.0,0.01,30.0,60.0,1e-09,1e-12,6,0.0001,1,new simulation,nan
18,21,0.6188790204786392,0.1499999999999999,0.8000000000000003,settled,0.17,-0.32359877559829875,0.0,1,1,0,nan,0.2,0.5235987755982988,9.81,1,1,6,21,41,-3.0,3.0,0.01,30.0,60.0,1e-09,1e-12,6,0.0001,1,new simulation,nan
18,22,0.6188790204786392,0.2999999999999998,0.8000000000000003,settled,0.15,-0.32359877559829875,0.0,1,1,0,nan,0.2,0.5235987755982988,9.81,1,1,6,21,41,-3.0,3.0,0.01,30.0,60.0,1e-09,1e-12,6,0.0001,1,new simulation,nan
18,23,0.6188790204786392,0.44999999999999973,0.8000000000000003,settled,0.12999999999999998,-0.32359877559829875,0.0,1,1,0,nan,0.2,0.5235987755982988,9.81,1,1,6,21,41,-3.0,3.0,0.01,30.0,60.0,1e-09,1e-12,6,0.0001,1,new simulation,nan
18,24,0.6188790204786392,0.5999999999999996,0.8000000000000003,settled,0.11999999999999998,-0.32359877559829875,0.0,1,1,0,nan,0.2,0.5235987755982988,9.81,1,1,6,21,41,-3.0,3.0,0.01,30.0,60.0,1e-09,1e-12,6,0.0001,1,new simulation,nan
18,25,0.6188790204786392,0.75,0.8000000000000003,settled,0.10999999999999999,-0.32359877559829875,0.0,1,1,0,nan,0.2,0.5235987755982988,9.81,1,1,6,21,41,-3.0,3.0,0.01,30.0,60.0,1e-09,1e-12,6,0.0001,1,new simulation,nan
18,26,0.6188790204786392,0.8999999999999999,0.8000000000000003,settled,0.09,-0.32359877559829875,0.0,1,1,0,nan,0.2,0.5235987755982988,9.81,1,1,6,21,41,-3.0,3.0,0.01,30.0,60.0,1e-09,1e-12,6,0.0001,1,new simulation,nan
18,27,0.6188790204786392,1.0499999999999998,0.8000000000000003,settled,0.09,-0.32359877559829875,0.0,1,1,0,nan,0.2,0.5235987755982988,9.81,1,1,6,21,41,-3.0,3.0,0.01,30.0,60.0,1e-09,1e-12,6,0.0001,1,new simulation,nan
18,28,0.6188790204786392,1.2000000000000002,0.8000000000000003,settled,0.08,-0.32359877559829875,0.0,1,1,0,nan,0.2,0.5235987755982988,9.81,1,1,6,21,41,-3.0,3.0,0.01,30.0,60.0,1e-09,1e-12,6,0.0001,1,new simulation,nan
18,29,0.6188790204786392,1.3499999999999996,0.8000000000000003,settled,0.07,-0.32359877559829875,0.0,1,1,0,nan,0.2,0.5235987755982988,9.81,1,1,6,21,41,-3.0,3.0,0.01,30.0,60.0,1e-09,1e-12,6,0.0001,1,new simulation,nan
18,30,0.6188790204786392,1.5,0.8000000000000003,settled,0.07,-0.32359877559829875,0.0,1,1,0,nan,0.2,0.5235987755982988,9.81,1,1,6,21,41,-3.0,3.0,0.01,30.0,60.0,1e-09,1e-12,6,0.0001,1,new simulation,nan
18,31,0.6188790204786392,1.6499999999999995,0.8000000000000003,settled,0.060000000000000005,-0.32359877559829875,0.0,1,1,0,nan,0.2,0.5235987755982988,9.81,1,1,6,21,41,-3.0,3.0,0.01,30.0,60.0,1e-09,1e-12,6,0.0001,1,new simulation,nan
18,32,0.6188790204786392,1.7999999999999998,0.8000000000000003,rolling,11.809999999999793,-0.3206052470988393,1.131682229184195,11,11,0,1.13985110461358,0.2,0.5235987755982988,9.81,1,1,6,21,41,-3.0,3.0,0.01,30.0,60.0,1e-09,1e-12,6,0.0001,1,new simulation,nan
18,33,0.6188790204786392,1.9500000000000002,0.8000000000000003,rolling,10.359999999999824,-0.3228875513795407,1.1379212798307228,10,10,0,1.139856107816861,0.2,0.5235987755982988,9.81,1,1,6,21,41,-3.0,3.0,0.01,30.0,60.0,1e-09,1e-12,6,0.0001,1,new simulation,nan
18,34,0.6188790204786392,2.0999999999999996,0.8000000000000003,rolling,11.309999999999803,-0.31880454372291206,1.1267658458586982,11,11,0,1.1398789413959216,0.2,0.5235987755982988,9.81,1,1,6,21,41,-3.0,3.0,0.01,30.0,60.0,1e-09,1e-12,6,0.0001,1,new simulation,nan
18,35,0.6188790204786392,2.25,0.8000000000000003,rolling,11.159999999999807,-0.3191421520694563,1.1276872871779084,11,11,0,1.1398944647631153,0.2,0.5235987755982988,9.81,1,1,6,21,41,-3.0,3.0,0.01,30.0,60.0,1e-09,1e-12,6,0.0001,1,new simulation,nan
18,36,0.6188790204786392,2.3999999999999995,0.8000000000000003,rolling,12.179999999999785,-0.31429139403481965,1.1144673017694757,12,12,0,1.1398782260839637,0.2,0.5235987755982988,9.81,1,1,6,21,41,-3.0,3.0,0.01,30.0,60.0,1e-09,1e-12,6,0.0001,1,new simulation,nan
18,37,0.6188790204786392,2.55,0.8000000000000003,rolling,12.069999999999787,-0.31546383277567935,1.1176589465284037,12,12,0,1.1398826423755772,0.2,0.5235987755982988,9.81,1,1,6,21,41,-3.0,3.0,0.01,30.0,60.0,1e-09,1e-12,6,0.0001,1,new simulation,nan
18,38,0.6188790204786392,2.7,0.8000000000000003,rolling,11.96999999999979,-0.31826994794841906,1.125307293461772,12,12,0,1.1398873257599897,0.2,0.5235987755982988,9.81,1,1,6,21,41,-3.0,3.0,0.01,30.0,60.0,1e-09,1e-12,6,0.0001,1,new simulation,nan
18,39,0.6188790204786392,2.8499999999999996,0.8000000000000003,rolling,11.879999999999791,-0.31961282295568305,1.1289721107285473,12,12,0,1.1398922777222558,0.2,0.5235987755982988,9.81,1,1,6,21,41,-3.0,3.0,0.01,30.0,60.0,1e-09,1e-12,6,0.0001,1,new simulation,nan
18,40,0.6188790204786392,3.0,0.8000000000000003,rolling,12.939999999999769,-0.3182022805776349,1.1251226492735245,13,13,0,1.1398748350504624,0.2,0.5235987755982988,9.81,1,1,6,21,41,-3.0,3.0,0.01,30.0,60.0,1e-09,1e-12,6,0.0001,1,new simulation,nan
19,0,0.6712388980384689,-3.0,0.8999999999999999,settled,0.8300000000000005,-0.32359877559829875,0.0,2,1,1,nan,0.2,0.5235987755982988,9.81,1,1,6,21,41,-3.0,3.0,0.01,30.0,60.0,1e-09,1e-12,6,0.0001,1,new simulation,nan
19,1,0.6712388980384689,-2.85,0.8999999999999999,settled,0.8300000000000005,-0.32359877559829875,0.0,2,1,1,nan,0.2,0.5235987755982988,9.81,1,1,6,21,41,-3.0,3.0,0.01,30.0,60.0,1e-09,1e-12,6,0.0001,1,new simulation,nan
19,2,0.6712388980384689,-2.7,0.8999999999999999,settled,0.8400000000000005,-0.32359877559829875,0.0,2,1,1,nan,0.2,0.5235987755982988,9.81,1,1,6,21,41,-3.0,3.0,0.01,30.0,60.0,1e-09,1e-12,6,0.0001,1,new simulation,nan
19,3,0.6712388980384689,-2.55,0.8999999999999999,settled,0.8600000000000005,-0.32359877559829875,0.0,2,1,1,nan,0.2,0.5235987755982988,9.81,1,1,6,21,41,-3.0,3.0,0.01,30.0,60.0,1e-09,1e-12,6,0.0001,1,new simulation,nan
19,4,0.6712388980384689,-2.4,0.8999999999999999,settled,0.9200000000000006,-0.32359877559829875,0.0,2,1,1,nan,0.2,0.5235987755982988,9.81,1,1,6,21,41,-3.0,3.0,0.01,30.0,60.0,1e-09,1e-12,6,0.0001,1,new simulation,nan
19,5,0.6712388980384689,-2.25,0.8999999999999999,settled,1.0400000000000007,-0.32359877559829875,0.0,2,1,1,nan,0.2,0.5235987755982988,9.81,1,1,6,21,41,-3.0,3.0,0.01,30.0,60.0,1e-09,1e-12,6,0.0001,1,new simulation,nan
19,6,0.6712388980384689,-2.1,0.8999999999999999,settled,1.470000000000001,-0.32359877559829875,0.0,2,1,1,nan,0.2,0.5235987755982988,9.81,1,1,6,21,41,-3.0,3.0,0.01,30.0,60.0,1e-09,1e-12,6,0.0001,1,new simulation,nan
19,7,0.6712388980384689,-1.95,0.8999999999999999,rolling,12.989999999999768,-0.3195153895941199,1.128705918562461,11,11,0,1.1398497933565024,0.2,0.5235987755982988,9.81,1,1,6,21,41,-3.0,3.0,0.01,30.0,60.0,1e-09,1e-12,6,0.0001,1,new simulation,nan
19,8,0.6712388980384689,-1.8,0.8999999999999999,settled,0.9100000000000006,-0.32359877559829875,0.0,1,1,0,nan,0.2,0.5235987755982988,9.81,1,1,6,21,41,-3.0,3.0,0.01,30.0,60.0,1e-09,1e-12,6,0.0001,1,new simulation,nan
19,9,0.6712388980384689,-1.6500000000000001,0.8999999999999999,settled,0.7600000000000005,-0.32359877559829875,0.0,1,1,0,nan,0.2,0.5235987755982988,9.81,1,1,6,21,41,-3.0,3.0,0.01,30.0,60.0,1e-09,1e-12,6,0.0001,1,new simulation,nan
19,10,0.6712388980384689,-1.5,0.8999999999999999,settled,0.6500000000000004,-0.32359877559829875,0.0,1,1,0,nan,0.2,0.5235987755982988,9.81,1,1,6,21,41,-3.0,3.0,0.01,30.0,60.0,1e-09,1e-12,6,0.0001,1,new simulation,nan
19,11,0.6712388980384689,-1.35,0.8999999999999999,settled,0.5600000000000003,-0.32359877559829875,0.0,1,1,0,nan,0.2,0.5235987755982988,9.81,1,1,6,21,41,-3.0,3.0,0.01,30.0,60.0,1e-09,1e-12,6,0.0001,1,new simulation,nan
19,12,0.6712388980384689,-1.2000000000000002,0.8999999999999999,settled,0.49000000000000027,-0.32359877559829875,0.0,1,1,0,nan,0.2,0.5235987755982988,9.81,1,1,6,21,41,-3.0,3.0,0.01,30.0,60.0,1e-09,1e-12,6,0.0001,1,new simulation,nan
19,13,0.6712388980384689,-1.05,0.8999999999999999,settled,0.4200000000000002,-0.32359877559829875,0.0,1,1,0,nan,0.2,0.5235987755982988,9.81,1,1,6,21,41,-3.0,3.0,0.01,30.0,60.0,1e-09,1e-12,6,0.0001,1,new simulation,nan
19,14,0.6712388980384689,-0.8999999999999999,0.8999999999999999,settled,0.37000000000000016,-0.32359877559829875,0.0,1,1,0,nan,0.2,0.5235987755982988,9.81,1,1,6,21,41,-3.0,3.0,0.01,30.0,60.0,1e-09,1e-12,6,0.0001,1,new simulation,nan
19,15,0.6712388980384689,-0.75,0.8999999999999999,settled,0.3200000000000001,-0.32359877559829875,0.0,1,1,0,nan,0.2,0.5235987755982988,9.81,1,1,6,21,41,-3.0,3.0,0.01,30.0,60.0,1e-09,1e-12,6,0.0001,1,new simulation,nan
19,16,0.6712388980384689,-0.6000000000000001,0.8999999999999999,settled,0.2700000000000001,-0.32359877559829875,0.0,1,1,0,nan,0.2,0.5235987755982988,9.81,1,1,6,21,41,-3.0,3.0,0.01,30.0,60.0,1e-09,1e-12,6,0.0001,1,new simulation,nan
19,17,0.6712388980384689,-0.4500000000000002,0.8999999999999999,settled,0.23000000000000007,-0.32359877559829875,0.0,1,1,0,nan,0.2,0.5235987755982988,9.81,1,1,6,21,41,-3.0,3.0,0.01,30.0,60.0,1e-09,1e-12,6,0.0001,1,new simulation,nan
19,18,0.6712388980384689,-0.30000000000000027,0.8999999999999999,settled,0.19000000000000003,-0.32359877559829875,0.0,1,1,0,nan,0.2,0.5235987755982988,9.81,1,1,6,21,41,-3.0,3.0,0.01,30.0,60.0,1e-09,1e-12,6,0.0001,1,new simulation,nan
19,19,0.6712388980384689,-0.1499999999999999,0.8999999999999999,settled,0.16,-0.32359877559829875,0.0,1,1,0,nan,0.2,0.5235987755982988,9.81,1,1,6,21,41,-3.0,3.0,0.01,30.0,60.0,1e-09,1e-12,6,0.0001,1,new simulation,nan
19,20,0.6712388980384689,0.0,0.8999999999999999,settled,0.13999999999999999,-0.32359877559829875,0.0,1,1,0,nan,0.2,0.5235987755982988,9.81,1,1,6,21,41,-3.0,3.0,0.01,30.0,60.0,1e-09,1e-12,6,0.0001,1,new simulation,nan
19,21,0.6712388980384689,0.1499999999999999,0.8999999999999999,settled,0.10999999999999999,-0.32359877559829875,0.0,1,1,0,nan,0.2,0.5235987755982988,9.81,1,1,6,21,41,-3.0,3.0,0.01,30.0,60.0,1e-09,1e-12,6,0.0001,1,new simulation,nan
19,22,0.6712388980384689,0.2999999999999998,0.8999999999999999,settled,0.09999999999999999,-0.32359877559829875,0.0,1,1,0,nan,0.2,0.5235987755982988,9.81,1,1,6,21,41,-3.0,3.0,0.01,30.0,60.0,1e-09,1e-12,6,0.0001,1,new simulation,nan
19,23,0.6712388980384689,0.44999999999999973,0.8999999999999999,settled,0.08,-0.32359877559829875,0.0,1,1,0,nan,0.2,0.5235987755982988,9.81,1,1,6,21,41,-3.0,3.0,0.01,30.0,60.0,1e-09,1e-12,6,0.0001,1,new simulation,nan
19,24,0.6712388980384689,0.5999999999999996,0.8999999999999999,settled,0.07,-0.32359877559829875,0.0,1,1,0,nan,0.2,0.5235987755982988,9.81,1,1,6,21,41,-3.0,3.0,0.01,30.0,60.0,1e-09,1e-12,6,0.0001,1,new simulation,nan
19,25,0.6712388980384689,0.75,0.8999999999999999,settled,0.060000000000000005,-0.32359877559829875,0.0,1,1,0,nan,0.2,0.5235987755982988,9.81,1,1,6,21,41,-3.0,3.0,0.01,30.0,60.0,1e-09,1e-12,6,0.0001,1,new simulation,nan
19,26,0.6712388980384689,0.8999999999999999,0.8999999999999999,settled,0.05,-0.32359877559829875,0.0,1,1,0,nan,0.2,0.5235987755982988,9.81,1,1,6,21,41,-3.0,3.0,0.01,30.0,60.0,1e-09,1e-12,6,0.0001,1,new simulation,nan
19,27,0.6712388980384689,1.0499999999999998,0.8999999999999999,settled,0.05,-0.32359877559829875,0.0,1,1,0,nan,0.2,0.5235987755982988,9.81,1,1,6,21,41,-3.0,3.0,0.01,30.0,60.0,1e-09,1e-12,6,0.0001,1,new simulation,nan
19,28,0.6712388980384689,1.2000000000000002,0.8999999999999999,settled,0.04,-0.32359877559829875,0.0,1,1,0,nan,0.2,0.5235987755982988,9.81,1,1,6,21,41,-3.0,3.0,0.01,30.0,60.0,1e-09,1e-12,6,0.0001,1,new simulation,nan
19,29,0.6712388980384689,1.3499999999999996,0.8999999999999999,settled,0.04,-0.32359877559829875,0.0,1,1,0,nan,0.2,0.5235987755982988,9.81,1,1,6,21,41,-3.0,3.0,0.01,30.0,60.0,1e-09,1e-12,6,0.0001,1,new simulation,nan
19,30,0.6712388980384689,1.5,0.8999999999999999,settled,0.04,-0.32359877559829875,0.0,1,1,0,nan,0.2,0.5235987755982988,9.81,1,1,6,21,41,-3.0,3.0,0.01,30.0,60.0,1e-09,1e-12,6,0.0001,1,new simulation,nan
19,31,0.6712388980384689,1.6499999999999995,0.8999999999999999,settled,0.04,-0.32359877559829875,0.0,1,1,0,nan,0.2,0.5235987755982988,9.81,1,1,6,21,41,-3.0,3.0,0.01,30.0,60.0,1e-09,1e-12,6,0.0001,1,new simulation,nan
19,32,0.6712388980384689,1.7999999999999998,0.8999999999999999,settled,0.03,-0.32359877559829875,0.0,1,1,0,nan,0.2,0.5235987755982988,9.81,1,1,6,21,41,-3.0,3.0,0.01,30.0,60.0,1e-09,1e-12,6,0.0001,1,new simulation,nan
19,33,0.6712388980384689,1.9500000000000002,0.8999999999999999,rolling,11.829999999999792,-0.31960540742821997,1.1289516771255168,11,11,0,1.139849793516172,0.2,0.5235987755982988,9.81,1,1,6,21,41,-3.0,3.0,0.01,30.0,60.0,1e-09,1e-12,6,0.0001,1,new simulation,nan
19,34,0.6712388980384689,2.0999999999999996,0.8999999999999999,rolling,10.339999999999824,-0.32073554321782294,1.1320382040211794,10,10,0,1.1398551478785992,0.2,0.5235987755982988,9.81,1,1,6,21,41,-3.0,3.0,0.01,30.0,60.0,1e-09,1e-12,6,0.0001,1,new simulation,nan
19,35,0.6712388980384689,2.25,0.8999999999999999,rolling,11.279999999999804,-0.31520540509503675,1.1169552349667706,11,11,0,1.1398797716769293,0.2,0.5235987755982988,9.81,1,1,6,21,41,-3.0,3.0,0.01,30.0,60.0,1e-09,1e-12,6,0.0001,1,new simulation,nan
19,36,0.6712388980384689,2.3999999999999995,0.8999999999999999,rolling,11.119999999999807,-0.3211296037441234,1.133115091736628,11,11,0,1.1398963662657875,0.2,0.5235987755982988,9.81,1,1,6,21,41,-3.0,3.0,0.01,30.0,60.0,1e-09,1e-12,6,0.0001,1,new simulation,nan
19,37,0.6712388980384689,2.55,0.8999999999999999,rolling,12.139999999999786,-0.31336148665923214,1.111937589642304,12,12,0,1.1398789688874216,0.2,0.5235987755982988,9.81,1,1,6,21,41,-3.0,3.0,0.01,30.0,60.0,1e-09,1e-12,6,0.0001,1,new simulation,nan
19,38,0.6712388980384689,2.7,0.8999999999999999,rolling,12.029999999999788,-0.31300150172935703,1.1109587116120376,12,12,0,1.1398836531293535,0.2,0.5235987755982988,9.81,1,1,6,21,41,-3.0,3.0,0.01,30.0,60.0,1e-09,1e-12,6,0.0001,1,new simulation,nan
19,39,0.6712388980384689,2.8499999999999996,0.8999999999999999,rolling,11.92999999999979,-0.31503329274577624,1.116486677448823,12,12,0,1.139888603893901,0.2,0.5235987755982988,9.81,1,1,6,21,41,-3.0,3.0,0.01,30.0,60.0,1e-09,1e-12,6,0.0001,1,new simulation,nan
19,40,0.6712388980384689,3.0,0.8999999999999999,rolling,11.839999999999792,-0.3160891941525859,1.1193623221717737,12,12,0,1.1398938232059659,0.2,0.5235987755982988,9.81,1,1,6,21,41,-3.0,3.0,0.01,30.0,60.0,1e-09,1e-12,6,0.0001,1,new simulation,nan
20,0,0.7235987755982989,-3.0,1.0000000000000002,settled,0.8500000000000005,-0.32359877559829875,0.0,2,1,1,nan,0.2,0.5235987755982988,9.81,1,1,6,21,41,-3.0,3.0,0.01,30.0,60.0,1e-09,1e-12,6,0.0001,1,new simulation,nan
20,1,0.7235987755982989,-2.85,1.0000000000000002,settled,0.8500000000000005,-0.32359877559829875,0.0,2,1,1,nan,0.2,0.5235987755982988,9.81,1,1,6,21,41,-3.0,3.0,0.01,30.0,60.0,1e-09,1e-12,6,0.0001,1,new simulation,nan
20,2,0.7235987755982989,-2.7,1.0000000000000002,settled,0.8800000000000006,-0.32359877559829875,0.0,2,1,1,nan,0.2,0.5235987755982988,9.81,1,1,6,21,41,-3.0,3.0,0.01,30.0,60.0,1e-09,1e-12,6,0.0001,1,new simulation,nan
20,3,0.7235987755982989,-2.55,1.0000000000000002,settled,0.9300000000000006,-0.32359877559829875,0.0,2,1,1,nan,0.2,0.5235987755982988,9.81,1,1,6,21,41,-3.0,3.0,0.01,30.0,60.0,1e-09,1e-12,6,0.0001,1,new simulation,nan
20,4,0.7235987755982989,-2.4,1.0000000000000002,settled,1.0500000000000007,-0.32359877559829875,0.0,2,1,1,nan,0.2,0.5235987755982988,9.81,1,1,6,21,41,-3.0,3.0,0.01,30.0,60.0,1e-09,1e-12,6,0.0001,1,new simulation,nan
20,5,0.7235987755982989,-2.25,1.0000000000000002,settled,1.5100000000000011,-0.32359877559829875,0.0,2,1,1,nan,0.2,0.5235987755982988,9.81,1,1,6,21,41,-3.0,3.0,0.01,30.0,60.0,1e-09,1e-12,6,0.0001,1,new simulation,nan
20,6,0.7235987755982989,-2.1,1.0000000000000002,rolling,13.029999999999767,-0.319195271215876,1.1278320702402285,11,11,0,1.1398485512996055,0.2,0.5235987755982988,9.81,1,1,6,21,41,-3.0,3.0,0.01,30.0,60.0,1e-09,1e-12,6,0.0001,1,new simulation,nan
20,7,0.7235987755982989,-1.95,1.0000000000000002,settled,0.9100000000000006,-0.32359877559829875,0.0,1,1,0,nan,0.2,0.5235987755982988,9.81,1,1,6,21,41,-3.0,3.0,0.01,30.0,60.0,1e-09,1e-12,6,0.0001,1,new simulation,nan
20,8,0.7235987755982989,-1.8,1.0000000000000002,settled,0.7500000000000004,-0.32359877559829875,0.0,1,1,0,nan,0.2,0.5235987755982988,9.81,1,1,6,21,41,-3.0,3.0,0.01,30.0,60.0,1e-09,1e-12,6,0.0001,1,new simulation,nan
20,9,0.7235987755982989,-1.6500000000000001,1.0000000000000002,settled,0.6400000000000003,-0.32359877559829875,0.0,1,1,0,nan,0.2,0.5235987755982988,9.81,1,1,6,21,41,-3.0,3.0,0.01,30.0,60.0,1e-09,1e-12,6,0.0001,1,new simulation,nan
20,10,0.7235987755982989,-1.5,1.0000000000000002,settled,0.5500000000000003,-0.32359877559829875,0.0,1,1,0,nan,0.2,0.5235987755982988,9.81,1,1,6,21,41,-3.0,3.0,0.01,30.0,60.0,1e-09,1e-12,6,0.0001,1,new simulation,nan
20,11,0.7235987755982989,-1.35,1.0000000000000002,settled,0.48000000000000026,-0.32359877559829875,0.0,1,1,0,nan,0.2,0.5235987755982988,9.81,1,1,6,21,41,-3.0,3.0,0.01,30.0,60.0,1e-09,1e-12,6,0.0001,1,new simulation,nan
20,12,0.7235987755982989,-1.2000000000000002,1.0000000000000002,settled,0.4100000000000002,-0.32359877559829875,0.0,1,1,0,nan,0.2,0.5235987755982988,9.81,1,1,6,21,41,-3.0,3.0,0.01,30.0,60.0,1e-09,1e-12,6,0.0001,1,new simulation,nan
20,13,0.7235987755982989,-1.05,1.0000000000000002,settled,0.35000000000000014,-0.32359877559829875,0.0,1,1,0,nan,0.2,0.5235987755982988,9.81,1,1,6,21,41,-3.0,3.0,0.01,30.0,60.0,1e-09,1e-12,6,0.0001,1,new simulation,nan
20,14,0.7235987755982989,-0.8999999999999999,1.0000000000000002,settled,0.3000000000000001,-0.32359877559829875,0.0,1,1,0,nan,0.2,0.5235987755982988,9.81,1,1,6,21,41,-3.0,3.0,0.01,30.0,60.0,1e-09,1e-12,6,0.0001,1,new simulation,nan
20,15,0.7235987755982989,-0.75,1.0000000000000002,settled,0.24000000000000007,-0.32359877559829875,0.0,1,1,0,nan,0.2,0.5235987755982988,9.81,1,1,6,21,41,-3.0,3.0,0.01,30.0,60.0,1e-09,1e-12,6,0.0001,1,new simulation,nan
20,16,0.7235987755982989,-0.6000000000000001,1.0000000000000002,settled,0.19000000000000003,-0.32359877559829875,0.0,1,1,0,nan,0.2,0.5235987755982988,9.81,1,1,6,21,41,-3.0,3.0,0.01,30.0,60.0,1e-09,1e-12,6,0.0001,1,new simulation,nan
20,17,0.7235987755982989,-0.4500000000000002,1.0000000000000002,settled,0.15,-0.32359877559829875,0.0,1,1,0,nan,0.2,0.5235987755982988,9.81,1,1,6,21,41,-3.0,3.0,0.01,30.0,60.0,1e-09,1e-12,6,0.0001,1,new simulation,nan
20,18,0.7235987755982989,-0.30000000000000027,1.0000000000000002,settled,0.09999999999999999,-0.32359877559829875,0.0,1,1,0,nan,0.2,0.5235987755982988,9.81,1,1,6,21,41,-3.0,3.0,0.01,30.0,60.0,1e-09,1e-12,6,0.0001,1,new simulation,nan
20,19,0.7235987755982989,-0.1499999999999999,1.0000000000000002,settled,0.05,-0.32359877559829875,0.0,1,1,0,nan,0.2,0.5235987755982988,9.81,1,1,6,21,41,-3.0,3.0,0.01,30.0,60.0,1e-09,1e-12,6,0.0001,1,new simulation,nan
20,20,0.7235987755982989,0.0,1.0000000000000002,settled,0.01,-0.32359877559829875,0.0,1,1,0,nan,0.2,0.5235987755982988,9.81,1,1,6,21,41,-3.0,3.0,0.01,30.0,60.0,1e-09,1e-12,6,0.0001,1,new simulation,nan
20,21,0.7235987755982989,0.1499999999999999,1.0000000000000002,settled,0.01,-0.32359877559829875,0.0,1,1,0,nan,0.2,0.5235987755982988,9.81,1,1,6,21,41,-3.0,3.0,0.01,30.0,60.0,1e-09,1e-12,6,0.0001,1,new simulation,nan
20,22,0.7235987755982989,0.2999999999999998,1.0000000000000002,settled,0.01,-0.32359877559829875,0.0,1,1,0,nan,0.2,0.5235987755982988,9.81,1,1,6,21,41,-3.0,3.0,0.01,30.0,60.0,1e-09,1e-12,6,0.0001,1,new simulation,nan
20,23,0.7235987755982989,0.44999999999999973,1.0000000000000002,settled,0.01,-0.32359877559829875,0.0,1,1,0,nan,0.2,0.5235987755982988,9.81,1,1,6,21,41,-3.0,3.0,0.01,30.0,60.0,1e-09,1e-12,6,0.0001,1,new simulation,nan
20,24,0.7235987755982989,0.5999999999999996,1.0000000000000002,settled,0.01,-0.32359877559829875,0.0,1,1,0,nan,0.2,0.5235987755982988,9.81,1,1,6,21,41,-3.0,3.0,0.01,30.0,60.0,1e-09,1e-12,6,0.0001,1,new simulation,nan
20,25,0.7235987755982989,0.75,1.0000000000000002,settled,0.01,-0.32359877559829875,0.0,1,1,0,nan,0.2,0.5235987755982988,9.81,1,1,6,21,41,-3.0,3.0,0.01,30.0,60.0,1e-09,1e-12,6,0.0001,1,new simulation,nan
20,26,0.7235987755982989,0.8999999999999999,1.0000000000000002,settled,0.01,-0.32359877559829875,0.0,1,1,0,nan,0.2,0.5235987755982988,9.81,1,1,6,21,41,-3.0,3.0,0.01,30.0,60.0,1e-09,1e-12,6,0.0001,1,new simulation,nan
20,27,0.7235987755982989,1.0499999999999998,1.0000000000000002,settled,0.01,-0.32359877559829875,0.0,1,1,0,nan,0.2,0.5235987755982988,9.81,1,1,6,21,41,-3.0,3.0,0.01,30.0,60.0,1e-09,1e-12,6,0.0001,1,new simulation,nan
20,28,0.7235987755982989,1.2000000000000002,1.0000000000000002,settled,0.01,-0.32359877559829875,0.0,1,1,0,nan,0.2,0.5235987755982988,9.81,1,1,6,21,41,-3.0,3.0,0.01,30.0,60.0,1e-09,1e-12,6,0.0001,1,new simulation,nan
20,29,0.7235987755982989,1.3499999999999996,1.0000000000000002,settled,0.01,-0.32359877559829875,0.0,1,1,0,nan,0.2,0.5235987755982988,9.81,1,1,6,21,41,-3.0,3.0,0.01,30.0,60.0,1e-09,1e-12,6,0.0001,1,new simulation,nan
20,30,0.7235987755982989,1.5,1.0000000000000002,settled,0.01,-0.32359877559829875,0.0,1,1,0,nan,0.2,0.5235987755982988,9.81,1,1,6,21,41,-3.0,3.0,0.01,30.0,60.0,1e-09,1e-12,6,0.0001,1,new simulation,nan
20,31,0.7235987755982989,1.6499999999999995,1.0000000000000002,settled,0.01,-0.32359877559829875,0.0,1,1,0,nan,0.2,0.5235987755982988,9.81,1,1,6,21,41,-3.0,3.0,0.01,30.0,60.0,1e-09,1e-12,6,0.0001,1,new simulation,nan
20,32,0.7235987755982989,1.7999999999999998,1.0000000000000002,settled,0.01,-0.32359877559829875,0.0,1,1,0,nan,0.2,0.5235987755982988,9.81,1,1,6,21,41,-3.0,3.0,0.01,30.0,60.0,1e-09,1e-12,6,0.0001,1,new simulation,nan
20,33,0.7235987755982989,1.9500000000000002,1.0000000000000002,settled,0.01,-0.32359877559829875,0.0,1,1,0,nan,0.2,0.5235987755982988,9.81,1,1,6,21,41,-3.0,3.0,0.01,30.0,60.0,1e-09,1e-12,6,0.0001,1,new simulation,nan
20,34,0.7235987755982989,2.0999999999999996,1.0000000000000002,rolling,11.859999999999792,-0.31348327078205973,1.1122686667729051,11,11,0,1.1398485511447662,0.2,0.5235987755982988,9.81,1,1,6,21,41,-3.0,3.0,0.01,30.0,60.0,1e-09,1e-12,6,0.0001,1,new simulation,nan
20,35,0.7235987755982989,2.25,1.0000000000000002,rolling,10.319999999999824,-0.3193258475379136,1.1281885160304865,10,10,0,1.1398544618803597,0.2,0.5235987755982988,9.81,1,1,6,21,41,-3.0,3.0,0.01,30.0,60.0,1e-09,1e-12,6,0.0001,1,new simulation,nan
20,36,0.7235987755982989,2.3999999999999995,1.0000000000000002,rolling,11.249999999999805,-0.3128183996224287,1.1104608814608865,11,11,0,1.1398806718841155,0.2,0.5235987755982988,9.81,1,1,6,21,41,-3.0,3.0,0.01,30.0,60.0,1e-09,1e-12,6,0.0001,1,new simulation,nan
20,37,0.7235987755982989,2.55,1.0000000000000002,rolling,12.229999999999784,-0.3142073229396364,1.1142385181009744,12,12,0,1.1398750441629466,0.2,0.5235987755982988,9.81,1,1,6,21,41,-3.0,3.0,0.01,30.0,60.0,1e-09,1e-12,6,0.0001,1,new simulation,nan
20,38,0.7235987755982989,2.7,1.0000000000000002,rolling,12.099999999999786,-0.3142302872940266,1.1143010286921826,12,12,0,1.1398797293843863,0.2,0.5235987755982988,9.81,1,1,6,21,41,-3.0,3.0,0.01,30.0,60.0,1e-09,1e-12,6,0.0001,1,new simulation,nan
20,39,0.7235987755982989,2.8499999999999996,1.0000000000000002,rolling,11.989999999999789,-0.3124716587363125,1.1095183406266305,12,12,0,1.139884680331391,0.2,0.5235987755982988,9.81,1,1,6,21,41,-3.0,3.0,0.01,30.0,60.0,1e-09,1e-12,6,0.0001,1,new simulation,nan
20,40,0.7235987755982989,3.0,1.0000000000000002,rolling,11.889999999999791,-0.3138118327164431,1.1131625701184091,12,12,0,1.1398899001088973,0.2,0.5235987755982988,9.81,1,1,6,21,41,-3.0,3.0,0.01,30.0,60.0,1e-09,1e-12,6,0.0001,1,new simulation,nan
