theta_index,theta_dot_index,theta0,theta_dot0,relative_angle,classification,final_time,final_theta,final_theta_dot,total_impacts,downhill_impacts,uphill_impacts,rolling_speed,gamma,alpha,gravity,length,mass,num_spokes,num_angles,num_speeds,minimum_speed,maximum_speed,timestep,max_time,retry_time,impact_time_tolerance,remaining_time_tolerance,convergence_impacts,speed_tolerance,cache_version,original_source_csv,original_grid_rolling_percent
0,0,-0.2290658503988659,-3.0,-1.0,settled,2.159999999999998,-0.2290658503988659,0.0,4,1,3,nan,0.12,0.3490658503988659,9.81,1,1,9,21,41,-3.0,3.0,0.01,30.0,60.0,1e-09,1e-12,6,0.0001,1,new simulation,nan
0,1,-0.2290658503988659,-2.85,-1.0,rolling,10.899999999999812,-0.2147978951665712,1.4900371357589532,22,20,2,1.5105002042322748,0.12,0.3490658503988659,9.81,1,1,9,21,41,-3.0,3.0,0.01,30.0,60.0,1e-09,1e-12,6,0.0001,1,new simulation,nan
0,2,-0.2290658503988659,-2.7,-1.0,rolling,11.269999999999804,-0.2258841794601727,1.5059104657788496,23,21,2,1.510529220260697,0.12,0.3490658503988659,9.81,1,1,9,21,41,-3.0,3.0,0.01,30.0,60.0,1e-09,1e-12,6,0.0001,1,new simulation,nan
0,3,-0.2290658503988659,-2.55,-1.0,rolling,11.339999999999803,-0.22452479686366292,1.5039304478123698,23,21,2,1.5105223510346582,0.12,0.3490658503988659,9.81,1,1,9,21,41,-3.0,3.0,0.01,30.0,60.0,1e-09,1e-12,6,0.0001,1,new simulation,nan
0,4,-0.2290658503988659,-2.4,-1.0,rolling,11.599999999999797,-0.2246168632527153,1.5040630071732868,23,21,2,1.5105158759258555,0.12,0.3490658503988659,9.81,1,1,9,21,41,-3.0,3.0,0.01,30.0,60.0,1e-09,1e-12,6,0.0001,1,new simulation,nan
0,5,-0.2290658503988659,-2.25,-1.0,settled,1.1000000000000008,-0.2290658503988659,0.0,3,1,2,nan,0.12,0.3490658503988659,9.81,1,1,9,21,41,-3.0,3.0,0.01,30.0,60.0,1e-09,1e-12,6,0.0001,1,new simulation,nan
0,6,-0.2290658503988659,-2.1,-1.0,settled,1.1600000000000008,-0.2290658503988659,0.0,3,1,2,nan,0.12,0.3490658503988659,9.81,1,1,9,21,41,-3.0,3.0,0.01,30.0,60.0,1e-09,1e-12,6,0.0001,1,new simulation,nan
0,7,-0.2290658503988659,-1.95,-1.0,settled,1.470000000000001,-0.2290658503988659,0.0,3,1,2,nan,0.12,0.3490658503988659,9.81,1,1,9,21,41,-3.0,3.0,0.01,30.0,60.0,1e-09,1e-12,6,0.0001,1,new simulation,nan
0,8,-0.2290658503988659,-1.8,-1.0,rolling,10.54999999999982,-0.21807767474984277,1.4946674854941275,21,20,1,1.5105022353084572,0.12,0.3490658503988659,9.81,1,1,9,21,41,-3.0,3.0,0.01,30.0,60.0,1e-09,1e-12,6,0.0001,1,new simulation,nan
0,9,-0.2290658503988659,-1.6500000000000001,-1.0,rolling,10.849999999999813,-0.21540158504058604,1.4908906633506556,22,21,1,1.510529980301212,0.12,0.3490658503988659,9.81,1,1,9,21,41,-3.0,3.0,0.01,30.0,60.0,1e-09,1e-12,6,0.0001,1,new simulation,nan
0,10,-0.2290658503988659,-1.5,-1.0,rolling,10.859999999999813,-0.21688414428071118,1.4929800502511763,22,21,1,1.5105229575733012,0.12,0.3490658503988659,9.81,1,1,9,21,41,-3.0,3.0,0.01,30.0,60.0,1e-09,1e-12,6,0.0001,1,new simulation,nan
0,11,-0.2290658503988659,-1.35,-1.0,rolling,11.01999999999981,-0.2258667459881219,1.5058827566142494,22,21,1,1.5105166046483962,0.12,0.3490658503988659,9.81,1,1,9,21,41,-3.0,3.0,0.01,30.0,60.0,1e-09,1e-12,6,0.0001,1,new simulation,nan
0,12,-0.2290658503988659,-1.2000000000000002,-1.0,settled,0.49000000000000027,-0.2290658503988659,0.0,2,1,1,nan,0.12,0.3490658503988659,9.81,1,1,9,21,41,-3.0,3.0,0.01,30.0,60.0,1e-09,1e-12,6,0.0001,1,new simulation,nan
0,13,-0.2290658503988659,-1.05,-1.0,settled,0.4100000000000002,-0.2290658503988659,0.0,2,1,1,nan,0.12,0.3490658503988659,9.81,1,1,9,21,41,-3.0,3.0,0.01,30.0,60.0,1e-09,1e-12,6,0.0001,1,new simulation,nan
0,14,-0.2290658503988659,-0.8999999999999999,-1.0,settled,0.34000000000000014,-0.2290658503988659,0.0,2,1,1,nan,0.12,0.3490658503988659,9.81,1,1,9,21,41,-3.0,3.0,0.01,30.0,60.0,1e-09,1e-12,6,0.0001,1,new simulation,nan
0,15,-0.2290658503988659,-0.75,-1.0,settled,0.2800000000000001,-0.2290658503988659,0.0,2,1,1,nan,0.12,0.3490658503988659,9.81,1,1,9,21,41,-3.0,3.0,0.01,30.0,60.0,1e-09,1e-12,6,0.0001,1,new simulation,nan
0,16,-0.2290658503988659,-0.6000000000000001,-1.0,settled,0.22000000000000006,-0.2290658503988659,0.0,2,1,1,nan,0.12,0.3490658503988659,9.81,1,1,9,21,41,-3.0,3.0,0.01,30.0,60.0,1e-09,1e-12,6,0.0001,1,new simulation,nan
0,17,-0.2290658503988659,-0.4500000000000002,-1.0,settled,0.16,-0.2290658503988659,0.0,2,1,1,nan,0.12,0.3490658503988659,9.81,1,1,9,21,41,-3.0,3.0,0.01,30.0,60.0,1e-09,1e-12,6,0.0001,1,new simulation,nan
0,18,-0.2290658503988659,-0.30000000000000027,-1.0,settled,0.10999999999999999,-0.2290658503988659,0.0,2,1,1,nan,0.12,0.3490658503988659,9.81,1,1,9,21,41,-3.0,3.0,0.01,30.0,60.0,1e-09,1e-12,6,0.0001,1,new simulation,nan
0,19,-0.2290658503988659,-0.1499999999999999,-1.0,settled,0.060000000000000005,-0.2290658503988659,0.0,2,1,1,nan,0.12,0.3490658503988659,9.81,1,1,9,21,41,-3.0,3.0,0.01,30.0,60.0,1e-09,1e-12,6,0.0001,1,new simulation,nan
0,20,-0.2290658503988659,0.0,-1.0,settled,0.01,-0.2290658503988659,0.0,2,1,1,nan,0.12,0.3490658503988659,9.81,1,1,9,21,41,-3.0,3.0,0.01,30.0,60.0,1e-09,1e-12,6,0.0001,1,new simulation,nan
0,21,-0.2290658503988659,0.1499999999999999,-1.0,settled,0.19000000000000003,-0.2290658503988659,0.0,2,1,1,nan,0.12,0.3490658503988659,9.81,1,1,9,21,41,-3.0,3.0,0.01,30.0,60.0,1e-09,1e-12,6,0.0001,1,new simulation,nan
0,22,-0.2290658503988659,0.2999999999999998,-1.0,settled,0.4000000000000002,-0.2290658503988659,0.0,2,1,1,nan,0.12,0.3490658503988659,9.81,1,1,9,21,41,-3.0,3.0,0.01,30.0,60.0,1e-09,1e-12,6,0.0001,1,new simulation,nan
0,23,-0.2290658503988659,0.44999999999999973,-1.0,settled,0.6400000000000003,-0.2290658503988659,0.0,2,1,1,nan,0.12,0.3490658503988659,9.81,1,1,9,21,41,-3.0,3.0,0.01,30.0,60.0,1e-09,1e-12,6,0.0001,1,new simulation,nan
0,24,-0.2290658503988659,0.5999999999999996,-1.0,settled,1.0000000000000007,-0.2290658503988659,0.0,2,1,1,nan,0.12,0.3490658503988659,9.81,1,1,9,21,41,-3.0,3.0,0.01,30.0,60.0,1e-09,1e-12,6,0.0001,1,new simulation,nan
0,25,-0.2290658503988659,0.75,-1.0,rolling,10.719999999999816,-0.22239332277171828,1.5008446865028635,20,20,0,1.5105137937361361,0.12,0.3490658503988659,9.81,1,1,9,21,41,-3.0,3.0,0.01,30.0,60.0,1e-09,1e-12,6,0.0001,1,new simulation,nan
0,26,-0.2290658503988659,0.8999999999999999,-1.0,rolling,10.119999999999829,-0.21941319906420673,1.4965724690831974,20,20,0,1.5105244762329988,0.12,0.3490658503988659,9.81,1,1,9,21,41,-3.0,3.0,0.01,30.0,60.0,1e-09,1e-12,6,0.0001,1,new simulation,nan
0,27,-0.2290658503988659,1.0499999999999998,-1.0,rolling,9.389999999999844,-0.22824950546415282,1.5093702229167598,19,19,0,1.5105012607322195,0.12,0.3490658503988659,9.81,1,1,9,21,41,-3.0,3.0,0.01,30.0,60.0,1e-09,1e-12,6,0.0001,1,new simulation,nan
0,28,-0.2290658503988659,1.2000000000000002,-1.0,rolling,9.209999999999848,-0.22482724028264106,1.5043705825183438,19,19,0,1.510526084548773,0.12,0.3490658503988659,9.81,1,1,9,21,41,-3.0,3.0,0.01,30.0,60.0,1e-09,1e-12,6,0.0001,1,new simulation,nan
0,29,-0.2290658503988659,1.3499999999999996,-1.0,rolling,8.589999999999861,-0.2272069109886755,1.507844865155,18,18,0,1.510530427923065,0.12,0.3490658503988659,9.81,1,1,9,21,41,-3.0,3.0,0.01,30.0,60.0,1e-09,1e-12,6,0.0001,1,new simulation,nan
0,30,-0.2290658503988659,1.5,-1.0,rolling,6.119999999999914,-0.21735244889026945,1.4936441538547367,13,13,0,1.5105305925110677,0.12,0.3490658503988659,9.81,1,1,9,21,41,-3.0,3.0,0.01,30.0,60.0,1e-09,1e-12,6,0.0001,1,new simulation,nan
0,31,-0.2290658503988659,1.6499999999999995,-1.0,rolling,8.349999999999866,-0.22063646930799852,1.498343048956233,18,18,0,1.5106432193859873,0.12,0.3490658503988659,9.81,1,1,9,21,41,-3.0,3.0,0.01,30.0,60.0,1e-09,1e-12,6,0.0001,1,new simulation,nan
0,32,-0.2290658503988659,1.7999999999999998,-1.0,rolling,8.709999999999859,-0.2270344772870137,1.5076153061125117,19,19,0,1.5106584610740021,0.12,0.3490658503988659,9.81,1,1,9,21,41,-3.0,3.0,0.01,30.0,60.0,1e-09,1e-12,6,0.0001,1,new simulation,nan
0,33,-0.2290658503988659,1.9500000000000002,-1.0,rolling,9.08999999999985,-0.21537153219416777,1.490870931046426,20,20,0,1.5106536229154466,0.12,0.3490658503988659,9.81,1,1,9,21,41,-3.0,3.0,0.01,30.0,60.0,1e-09,1e-12,6,0.0001,1,new simulation,nan
0,34,-0.2290658503988659,2.0999999999999996,-1.0,rolling,8.999999999999853,-0.21421892706590712,1.4892582869621198,20,20,0,1.5106798399346353,0.12,0.3490658503988659,9.81,1,1,9,21,41,-3.0,3.0,0.01,30.0,60.0,1e-09,1e-12,6,0.0001,1,new simulation,nan
0,35,-0.2290658503988659,2.25,-1.0,rolling,9.379999999999844,-0.22051196821586444,1.4981674504719553,21,21,0,1.5106584184785277,0.12,0.3490658503988659,9.81,1,1,9,21,41,-3.0,3.0,0.01,30.0,60.0,1e-09,1e-12,6,0.0001,1,new simulation,nan
0,36,-0.2290658503988659,2.3999999999999995,-1.0,rolling,9.299999999999846,-0.2196354249615143,1.496917168151573,21,21,0,1.510676082270276,0.12,0.3490658503988659,9.81,1,1,9,21,41,-3.0,3.0,0.01,30.0,60.0,1e-09,1e-12,6,0.0001,1,new simulation,nan
0,37,-0.2290658503988659,2.55,-1.0,rolling,9.689999999999838,-0.2241881121181436,1.5034649673453122,22,22,0,1.510650723296555,0.12,0.3490658503988659,9.81,1,1,9,21,41,-3.0,3.0,0.01,30.0,60.0,1e-09,1e-12,6,0.0001,1,new simulation,nan
0,38,-0.2290658503988659,2.7,-1.0,rolling,9.61999999999984,-0.21993680694207116,1.4973452413574533,22,22,0,1.5106624262871922,0.12,0.3490658503988659,9.81,1,1,9,21,41,-3.0,3.0,0.01,30.0,60.0,1e-09,1e-12,6,0.0001,1,new simulation,nan
0,39,-0.2290658503988659,2.8499999999999996,-1.0,rolling,9.54999999999984,-0.2205673533483453,1.4982497546991693,22,22,0,1.5106747979776785,0.12,0.3490658503988659,9.81,1,1,9,21,41,-3.0,3.0,0.01,30.0,60.0,1e-09,1e-12,6,0.0001,1,new simulation,nan
0,40,-0.2290658503988659,3.0,-1.0,rolling,9.949999999999832,-0.22486621199496828,1.5044490045297172,23,23,0,1.510646587342969,0.12,0.3490658503988659,9.81,1,1,9,21,41,-3.0,3.0,0.01,30.0,60.0,1e-09,1e-12,6,0.0001,1,new simulation,nan
1,0,-0.19415926535897932,-3.0,-0.9,settled,1.9200000000000015,-0.2290658503988659,0.0,4,1,3,nan,0.12,0.3490658503988659,9.81,1,1,9,21,41,-3.0,3.0,0.01,30.0,60.0,1e-09,1e-12,6,0.0001,1,new simulation,nan
1,1,-0.19415926535897932,-2.85,-0.9,rolling,10.949999999999811,-0.22636638248917082,1.5066097277209187,22,20,2,1.5105023422525194,0.12,0.3490658503988659,9.81,1,1,9,21,41,-3.0,3.0,0.01,30.0,60.0,1e-09,1e-12,6,0.0001,1,new simulation,nan
1,2,-0.19415926535897932,-2.7,-0.9,rolling,11.289999999999804,-0.21822489581163992,1.4948817247252042,23,21,2,1.510530473989636,0.12,0.3490658503988659,9.81,1,1,9,21,41,-3.0,3.0,0.01,30.0,60.0,1e-09,1e-12,6,0.0001,1,new simulation,nan
1,3,-0.19415926535897932,-2.55,-0.9,rolling,11.329999999999803,-0.22476906872509492,1.5042855745018888,23,21,2,1.510523606113832,0.12,0.3490658503988659,9.81,1,1,9,21,41,-3.0,3.0,0.01,30.0,60.0,1e-09,1e-12,6,0.0001,1,new simulation,nan
1,4,-0.19415926535897932,-2.4,-0.9,rolling,11.539999999999798,-0.21770226244301805,1.4941374633973397,23,21,2,1.5105171295895838,0.12,0.3490658503988659,9.81,1,1,9,21,41,-3.0,3.0,0.01,30.0,60.0,1e-09,1e-12,6,0.0001,1,new simulation,nan
1,5,-0.19415926535897932,-2.25,-0.9,settled,1.1100000000000008,-0.2290658503988659,0.0,3,1,2,nan,0.12,0.3490658503988659,9.81,1,1,9,21,41,-3.0,3.0,0.01,30.0,60.0,1e-09,1e-12,6,0.0001,1,new simulation,nan
1,6,-0.19415926535897932,-2.1,-0.9,settled,1.1500000000000008,-0.2290658503988659,0.0,3,1,2,nan,0.12,0.3490658503988659,9.81,1,1,9,21,41,-3.0,3.0,0.01,30.0,60.0,1e-09,1e-12,6,0.0001,1,new simulation,nan
1,7,-0.19415926535897932,-1.95,-0.9,settled,1.350000000000001,-0.2290658503988659,0.0,3,1,2,nan,0.12,0.3490658503988659,9.81,1,1,9,21,41,-3.0,3.0,0.01,30.0,60.0,1e-09,1e-12,6,0.0001,1,new simulation,nan
1,8,-0.19415926535897932,-1.8,-0.9,rolling,10.699999999999816,-0.21988190317139822,1.4972383652647245,21,20,1,1.5105058783572174,0.12,0.3490658503988659,9.81,1,1,9,21,41,-3.0,3.0,0.01,30.0,60.0,1e-09,1e-12,6,0.0001,1,new simulation,nan
1,9,-0.19415926535897932,-1.6500000000000001,-0.9,rolling,10.889999999999812,-0.2207575412233082,1.4984964226212538,22,21,1,1.5105321187871656,0.12,0.3490658503988659,9.81,1,1,9,21,41,-3.0,3.0,0.01,30.0,60.0,1e-09,1e-12,6,0.0001,1,new simulation,nan
1,10,-0.19415926535897932,-1.5,-0.9,rolling,10.859999999999813,-0.22562978090372032,1.5055387133634763,22,21,1,1.5105250963251482,0.12,0.3490658503988659,9.81,1,1,9,21,41,-3.0,3.0,0.01,30.0,60.0,1e-09,1e-12,6,0.0001,1,new simulation,nan
1,11,-0.19415926535897932,-1.35,-0.9,rolling,10.95999999999981,-0.22833327061432387,1.5094965726973866,22,21,1,1.5105187411539909,0.12,0.3490658503988659,9.81,1,1,9,21,41,-3.0,3.0,0.01,30.0,60.0,1e-09,1e-12,6,0.0001,1,new simulation,nan
1,12,-0.19415926535897932,-1.2000000000000002,-0.9,rolling,11.399999999999801,-0.22671086135274318,1.507115369956344,22,21,1,1.5105130570226475,0.12,0.3490658503988659,9.81,1,1,9,21,41,-3.0,3.0,0.01,30.0,60.0,1e-09,1e-12,6,0.0001,1,new simulation,nan
1,13,-0.19415926535897932,-1.05,-0.9,settled,0.48000000000000026,-0.2290658503988659,0.0,2,1,1,nan,0.12,0.3490658503988659,9.81,1,1,9,21,41,-3.0,3.0,0.01,30.0,60.0,1e-09,1e-12,6,0.0001,1,new simulation,nan
1,14,-0.19415926535897932,-0.8999999999999999,-0.9,settled,0.4100000000000002,-0.2290658503988659,0.0,2,1,1,nan,0.12,0.3490658503988659,9.81,1,1,9,21,41,-3.0,3.0,0.01,30.0,60.0,1e-09,1e-12,6,0.0001,1,new simulation,nan
1,15,-0.19415926535897932,-0.75,-0.9,settled,0.36000000000000015,-0.2290658503988659,0.0,2,1,1,nan,0.12,0.3490658503988659,9.81,1,1,9,21,41,-3.0,3.0,0.01,30.0,60.0,1e-09,1e-12,6,0.0001,1,new simulation,nan
1,16,-0.19415926535897932,-0.6000000000000001,-0.9,settled,0.3200000000000001,-0.2290658503988659,0.0,2,1,1,nan,0.12,0.3490658503988659,9.81,1,1,9,21,41,-3.0,3.0,0.01,30.0,60.0,1e-09,1e-12,6,0.0001,1,new simulation,nan
1,17,-0.19415926535897932,-0.4500000000000002,-0.9,settled,0.2800000000000001,-0.2290658503988659,0.0,2,1,1,nan,0.12,0.3490658503988659,9.81,1,1,9,21,41,-3.0,3.0,0.01,30.0,60.0,1e-09,1e-12,6,0.0001,1,new simulation,nan
1,18,-0.19415926535897932,-0.30000000000000027,-0.9,settled,0.2700000000000001,-0.2290658503988659,0.0,2,1,1,nan,0.12,0.3490658503988659,9.81,1,1,9,21,41,-3.0,3.0,0.01,30.0,60.0,1e-09,1e-12,6,0.0001,1,new simulation,nan
1,19,-0.19415926535897932,-0.1499999999999999,-0.9,settled,0.2700000000000001,-0.2290658503988659,0.0,2,1,1,nan,0.12,0.3490658503988659,9.81,1,1,9,21,41,-3.0,3.0,0.01,30.0,60.0,1e-09,1e-12,6,0.0001,1,new simulation,nan
1,20,-0.19415926535897932,0.0,-0.9,settled,0.3300000000000001,-0.2290658503988659,0.0,2,1,1,nan,0.12,0.3490658503988659,9.81,1,1,9,21,41,-3.0,3.0,0.01,30.0,60.0,1e-09,1e-12,6,0.0001,1,new simulation,nan
1,21,-0.19415926535897932,0.1499999999999999,-0.9,settled,0.4400000000000002,-0.2290658503988659,0.0,2,1,1,nan,0.12,0.3490658503988659,9.81,1,1,9,21,41,-3.0,3.0,0.01,30.0,60.0,1e-09,1e-12,6,0.0001,1,new simulation,nan
1,22,-0.19415926535897932,0.2999999999999998,-0.9,settled,0.6100000000000003,-0.2290658503988659,0.0,2,1,1,nan,0.12,0.3490658503988659,9.81,1,1,9,21,41,-3.0,3.0,0.01,30.0,60.0,1e-09,1e-12,6,0.0001,1,new simulation,nan
1,23,-0.19415926535897932,0.44999999999999973,-0.9,settled,0.8900000000000006,-0.2290658503988659,0.0,2,1,1,nan,0.12,0.3490658503988659,9.81,1,1,9,21,41,-3.0,3.0,0.01,30.0,60.0,1e-09,1e-12,6,0.0001,1,new simulation,nan
1,24,-0.19415926535897932,0.5999999999999996,-0.9,settled,1.9500000000000015,-0.2290658503988659,0.0,2,1,1,nan,0.12,0.3490658503988659,9.81,1,1,9,21,41,-3.0,3.0,0.01,30.0,60.0,1e-09,1e-12,6,0.0001,1,new simulation,nan
1,25,-0.19415926535897932,0.75,-0.9,rolling,10.219999999999827,-0.22882624225836368,1.5102225776361655,20,20,0,1.5105200026170535,0.12,0.3490658503988659,9.81,1,1,9,21,41,-3.0,3.0,0.01,30.0,60.0,1e-09,1e-12,6,0.0001,1,new simulation,nan
1,26,-0.19415926535897932,0.8999999999999999,-0.9,rolling,9.939999999999833,-0.2175557373792246,1.4939321972116912,20,20,0,1.5105306844433006,0.12,0.3490658503988659,9.81,1,1,9,21,41,-3.0,3.0,0.01,30.0,60.0,1e-09,1e-12,6,0.0001,1,new simulation,nan
1,27,-0.19415926535897932,1.0499999999999998,-0.9,rolling,9.279999999999847,-0.21549681083197975,1.491021306419057,19,19,0,1.5105118407944615,0.12,0.3490658503988659,9.81,1,1,9,21,41,-3.0,3.0,0.01,30.0,60.0,1e-09,1e-12,6,0.0001,1,new simulation,nan
1,28,-0.19415926535897932,1.2000000000000002,-0.9,rolling,8.64999999999986,-0.22634963983186931,1.5065849315152027,18,18,0,1.510500514418929,0.12,0.3490658503988659,9.81,1,1,9,21,41,-3.0,3.0,0.01,30.0,60.0,1e-09,1e-12,6,0.0001,1,new simulation,nan
1,29,-0.19415926535897932,1.3499999999999996,-0.9,rolling,8.049999999999873,-0.2246595893219329,1.5041259368293143,17,17,0,1.510520611470598,0.12,0.3490658503988659,9.81,1,1,9,21,41,-3.0,3.0,0.01,30.0,60.0,1e-09,1e-12,6,0.0001,1,new simulation,nan
1,30,-0.19415926535897932,1.5,-0.9,rolling,6.999999999999895,-0.21518316581458638,1.4906068318137138,15,15,0,1.5106574341154708,0.12,0.3490658503988659,9.81,1,1,9,21,41,-3.0,3.0,0.01,30.0,60.0,1e-09,1e-12,6,0.0001,1,new simulation,nan
1,31,-0.19415926535897932,1.6499999999999995,-0.9,rolling,8.299999999999867,-0.21763782643178656,1.4940723060092604,18,18,0,1.5106612444179595,0.12,0.3490658503988659,9.81,1,1,9,21,41,-3.0,3.0,0.01,30.0,60.0,1e-09,1e-12,6,0.0001,1,new simulation,nan
1,32,-0.19415926535897932,1.7999999999999998,-0.9,rolling,8.66999999999986,-0.21873895660168913,1.4956379103399176,19,19,0,1.510669038857449,0.12,0.3490658503988659,9.81,1,1,9,21,41,-3.0,3.0,0.01,30.0,60.0,1e-09,1e-12,6,0.0001,1,new simulation,nan
1,33,-0.19415926535897932,1.9500000000000002,-0.9,rolling,9.049999999999851,-0.21476557371557864,1.4900208882309431,20,20,0,1.5106598313109512,0.12,0.3490658503988659,9.81,1,1,9,21,41,-3.0,3.0,0.01,30.0,60.0,1e-09,1e-12,6,0.0001,1,new simulation,nan
1,34,-0.19415926535897932,2.0999999999999996,-0.9,rolling,9.429999999999843,-0.2190674588390826,1.4961014751003285,21,21,0,1.5106455382970647,0.12,0.3490658503988659,9.81,1,1,9,21,41,-3.0,3.0,0.01,30.0,60.0,1e-09,1e-12,6,0.0001,1,new simulation,nan
1,35,-0.19415926535897932,2.25,-0.9,rolling,9.349999999999845,-0.21627922242340053,1.4921509830405677,21,21,0,1.5106620602941934,0.12,0.3490658503988659,9.81,1,1,9,21,41,-3.0,3.0,0.01,30.0,60.0,1e-09,1e-12,6,0.0001,1,new simulation,nan
1,36,-0.19415926535897932,2.3999999999999995,-0.9,rolling,9.269999999999847,-0.21970869710856433,1.4970224645784231,21,21,0,1.5106797242357606,0.12,0.3490658503988659,9.81,1,1,9,21,41,-3.0,3.0,0.01,30.0,60.0,1e-09,1e-12,6,0.0001,1,new simulation,nan
1,37,-0.19415926535897932,2.55,-0.9,rolling,9.659999999999838,-0.2279540578850032,1.5089632355666438,22,22,0,1.5106528604904945,0.12,0.3490658503988659,9.81,1,1,9,21,41,-3.0,3.0,0.01,30.0,60.0,1e-09,1e-12,6,0.0001,1,new simulation,nan
1,38,-0.19415926535897932,2.7,-0.9,rolling,9.58999999999984,-0.2268636158158102,1.5073662267596246,22,22,0,1.5106645638290026,0.12,0.3490658503988659,9.81,1,1,9,21,41,-3.0,3.0,0.01,30.0,60.0,1e-09,1e-12,6,0.0001,1,new simulation,nan
1,39,-0.19415926535897932,2.8499999999999996,-0.9,rolling,9.529999999999841,-0.21525458588839722,1.490710761443147,22,22,0,1.5106769341488429,0.12,0.3490658503988659,9.81,1,1,9,21,41,-3.0,3.0,0.01,30.0,60.0,1e-09,1e-12,6,0.0001,1,new simulation,nan
1,40,-0.19415926535897932,3.0,-0.9,rolling,9.929999999999833,-0.22194066014368344,1.5002168787164245,23,23,0,1.5106478418017841,0.12,0.3490658503988659,9.81,1,1,9,21,41,-3.0,3.0,0.01,30.0,60.0,1e-09,1e-12,6,0.0001,1,new simulation,nan
2,0,-0.15925268031909273,-3.0,-0.8,settled,1.8200000000000014,-0.2290658503988659,0.0,4,1,3,nan,0.12,0.3490658503988659,9.81,1,1,9,21,41,-3.0,3.0,0.01,30.0,60.0,1e-09,1e-12,6,0.0001,1,new simulation,nan
2,1,-0.15925268031909273,-2.85,-0.8,rolling,11.01999999999981,-0.21713672416794128,1.4933339224732538,22,20,2,1.5105041316280048,0.12,0.3490658503988659,9.81,1,1,9,21,41,-3.0,3.0,0.01,30.0,60.0,1e-09,1e-12,6,0.0001,1,new simulation,nan
2,2,-0.15925268031909273,-2.7,-0.8,rolling,11.309999999999803,-0.2154412041741942,1.4909466680183756,23,21,2,1.5105315249982418,0.12,0.3490658503988659,9.81,1,1,9,21,41,-3.0,3.0,0.01,30.0,60.0,1e-09,1e-12,6,0.0001,1,new simulation,nan
2,3,-0.15925268031909273,-2.55,-0.8,rolling,11.329999999999803,-0.22170053392360936,1.4998490734992291,23,21,2,1.5105246562765258,0.12,0.3490658503988659,9.81,1,1,9,21,41,-3.0,3.0,0.01,30.0,60.0,1e-09,1e-12,6,0.0001,1,new simulation,nan
2,4,-0.15925268031909273,-2.4,-0.8,rolling,11.4999999999998,-0.22190568596950513,1.5001430594254315,23,21,2,1.5105181809932704,0.12,0.3490658503988659,9.81,1,1,9,21,41,-3.0,3.0,0.01,30.0,60.0,1e-09,1e-12,6,0.0001,1,new simulation,nan
2,5,-0.15925268031909273,-2.25,-0.8,rolling,12.339999999999781,-0.22324547378594237,1.5020747200870026,23,21,2,1.5105120968377366,0.12,0.3490658503988659,9.81,1,1,9,21,41,-3.0,3.0,0.01,30.0,60.0,1e-09,1e-12,6,0.0001,1,new simulation,nan
2,6,-0.15925268031909273,-2.1,-0.8,settled,1.1500000000000008,-0.2290658503988659,0.0,3,1,2,nan,0.12,0.3490658503988659,9.81,1,1,9,21,41,-3.0,3.0,0.01,30.0,60.0,1e-09,1e-12,6,0.0001,1,new simulation,nan
2,7,-0.15925268031909273,-1.95,-0.8,settled,1.300000000000001,-0.2290658503988659,0.0,3,1,2,nan,0.12,0.3490658503988659,9.81,1,1,9,21,41,-3.0,3.0,0.01,30.0,60.0,1e-09,1e-12,6,0.0001,1,new simulation,nan
2,8,-0.15925268031909273,-1.8,-0.8,rolling,10.939999999999811,-0.22038848629470065,1.4979635215118017,21,20,1,1.510508928165536,0.12,0.3490658503988659,9.81,1,1,9,21,41,-3.0,3.0,0.01,30.0,60.0,1e-09,1e-12,6,0.0001,1,new simulation,nan
2,9,-0.15925268031909273,-1.6500000000000001,-0.8,rolling,10.469999999999821,-0.22317005932295353,1.5019627460092313,21,20,1,1.5104958195228158,0.12,0.3490658503988659,9.81,1,1,9,21,41,-3.0,3.0,0.01,30.0,60.0,1e-09,1e-12,6,0.0001,1,new simulation,nan
2,10,-0.15925268031909273,-1.5,-0.8,rolling,10.879999999999812,-0.22205397677908012,1.500358116982825,22,21,1,1.5105268860110448,0.12,0.3490658503988659,9.81,1,1,9,21,41,-3.0,3.0,0.01,30.0,60.0,1e-09,1e-12,6,0.0001,1,new simulation,nan
2,11,-0.15925268031909273,-1.35,-0.8,rolling,10.939999999999811,-0.2283571162863566,1.5095319742618503,22,21,1,1.5105205303051805,0.12,0.3490658503988659,9.81,1,1,9,21,41,-3.0,3.0,0.01,30.0,60.0,1e-09,1e-12,6,0.0001,1,new simulation,nan
2,12,-0.15925268031909273,-1.2000000000000002,-0.8,rolling,11.189999999999806,-0.22789357908192676,1.5088495400281476,22,21,1,1.5105148465596097,0.12,0.3490658503988659,9.81,1,1,9,21,41,-3.0,3.0,0.01,30.0,60.0,1e-09,1e-12,6,0.0001,1,new simulation,nan
2,13,-0.15925268031909273,-1.05,-0.8,settled,0.5400000000000003,-0.2290658503988659,0.0,2,1,1,nan,0.12,0.3490658503988659,9.81,1,1,9,21,41,-3.0,3.0,0.01,30.0,60.0,1e-09,1e-12,6,0.0001,1,new simulation,nan
2,14,-0.15925268031909273,-0.8999999999999999,-0.8,settled,0.48000000000000026,-0.2290658503988659,0.0,2,1,1,nan,0.12,0.3490658503988659,9.81,1,1,9,21,41,-3.0,3.0,0.01,30.0,60.0,1e-09,1e-12,6,0.0001,1,new simulation,nan
2,15,-0.15925268031909273,-0.75,-0.8,settled,0.4300000000000002,-0.2290658503988659,0.0,2,1,1,nan,0.12,0.3490658503988659,9.81,1,1,9,21,41,-3.0,3.0,0.01,30.0,60.0,1e-09,1e-12,6,0.0001,1,new simulation,nan
2,16,-0.15925268031909273,-0.6000000000000001,-0.8,settled,0.4000000000000002,-0.2290658503988659,0.0,2,1,1,nan,0.12,0.3490658503988659,9.81,1,1,9,21,41,-3.0,3.0,0.01,30.0,60.0,1e-09,1e-12,6,0.0001,1,new simulation,nan
2,17,-0.15925268031909273,-0.4500000000000002,-0.8,settled,0.38000000000000017,-0.2290658503988659,0.0,2,1,1,nan,0.12,0.3490658503988659,9.81,1,1,9,21,41,-3.0,3.0,0.01,30.0,60.0,1e-09,1e-12,6,0.0001,1,new simulation,nan
2,18,-0.15925268031909273,-0.30000000000000027,-0.8,settled,0.38000000000000017,-0.2290658503988659,0.0,2,1,1,nan,0.12,0.3490658503988659,9.81,1,1,9,21,41,-3.0,3.0,0.01,30.0,60.0,1e-09,1e-12,6,0.0001,1,new simulation,nan
2,19,-0.15925268031909273,-0.1499999999999999,-0.8,settled,0.4100000000000002,-0.2290658503988659,0.0,2,1,1,nan,0.12,0.3490658503988659,9.81,1,1,9,21,41,-3.0,3.0,0.01,30.0,60.0,1e-09,1e-12,6,0.0001,1,new simulation,nan
2,20,-0.15925268031909273,0.0,-0.8,settled,0.48000000000000026,-0.2290658503988659,0.0,2,1,1,nan,0.12,0.3490658503988659,9.81,1,1,9,21,41,-3.0,3.0,0.01,30.0,60.0,1e-09,1e-12,6,0.0001,1,new simulation,nan
2,21,-0.15925268031909273,0.1499999999999999,-0.8,settled,0.6000000000000003,-0.2290658503988659,0.0,2,1,1,nan,0.12,0.3490658503988659,9.81,1,1,9,21,41,-3.0,3.0,0.01,30.0,60.0,1e-09,1e-12,6,0.0001,1,new simulation,nan
2,22,-0.15925268031909273,0.2999999999999998,-0.8,settled,0.8200000000000005,-0.2290658503988659,0.0,2,1,1,nan,0.12,0.3490658503988659,9.81,1,1,9,21,41,-3.0,3.0,0.01,30.0,60.0,1e-09,1e-12,6,0.0001,1,new simulation,nan
2,23,-0.15925268031909273,0.44999999999999973,-0.8,settled,1.330000000000001,-0.2290658503988659,0.0,2,1,1,nan,0.12,0.3490658503988659,9.81,1,1,9,21,41,-3.0,3.0,0.01,30.0,60.0,1e-09,1e-12,6,0.0001,1,new simulation,nan
2,24,-0.15925268031909273,0.5999999999999996,-0.8,rolling,10.349999999999824,-0.22804688538065482,1.5090750776702524,20,20,0,1.5105164585389204,0.12,0.3490658503988659,9.81,1,1,9,21,41,-3.0,3.0,0.01,30.0,60.0,1e-09,1e-12,6,0.0001,1,new simulation,nan
2,25,-0.15925268031909273,0.75,-0.8,rolling,10.009999999999831,-0.22807692468507496,1.5091208006774817,20,20,0,1.5105251985548815,0.12,0.3490658503988659,9.81,1,1,9,21,41,-3.0,3.0,0.01,30.0,60.0,1e-09,1e-12,6,0.0001,1,new simulation,nan
2,26,-0.15925268031909273,0.8999999999999999,-0.8,rolling,9.339999999999845,-0.22315873312783438,1.5019469818831788,19,19,0,1.5104991816836006,0.12,0.3490658503988659,9.81,1,1,9,21,41,-3.0,3.0,0.01,30.0,60.0,1e-09,1e-12,6,0.0001,1,new simulation,nan
2,27,-0.15925268031909273,1.0499999999999998,-0.8,rolling,9.179999999999849,-0.22640920363107006,1.5066756210144603,19,19,0,1.5105206951202848,0.12,0.3490658503988659,9.81,1,1,9,21,41,-3.0,3.0,0.01,30.0,60.0,1e-09,1e-12,6,0.0001,1,new simulation,nan
2,28,-0.15925268031909273,1.2000000000000002,-0.8,rolling,8.579999999999862,-0.22098819643138637,1.4988242053740983,18,18,0,1.5105156048045416,0.12,0.3490658503988659,9.81,1,1,9,21,41,-3.0,3.0,0.01,30.0,60.0,1e-09,1e-12,6,0.0001,1,new simulation,nan
2,29,-0.15925268031909273,1.3499999999999996,-0.8,rolling,7.519999999999884,-0.2238314896010432,1.5029237934375295,16,16,0,1.510516976536666,0.12,0.3490658503988659,9.81,1,1,9,21,41,-3.0,3.0,0.01,30.0,60.0,1e-09,1e-12,6,0.0001,1,new simulation,nan
2,30,-0.15925268031909273,1.5,-0.8,rolling,7.4099999999998865,-0.22629321468413865,1.5065335130223787,16,16,0,1.5106725547250504,0.12,0.3490658503988659,9.81,1,1,9,21,41,-3.0,3.0,0.01,30.0,60.0,1e-09,1e-12,6,0.0001,1,new simulation,nan
2,31,-0.15925268031909273,1.6499999999999995,-0.8,rolling,8.249999999999869,-0.2245790868447298,1.5040371167099231,18,18,0,1.5106763309196845,0.12,0.3490658503988659,9.81,1,1,9,21,41,-3.0,3.0,0.01,30.0,60.0,1e-09,1e-12,6,0.0001,1,new simulation,nan
2,32,-0.15925268031909273,1.7999999999999998,-0.8,rolling,8.62999999999986,-0.2185787579347732,1.4954115699438661,19,19,0,1.5106778915649934,0.12,0.3490658503988659,9.81,1,1,9,21,41,-3.0,3.0,0.01,30.0,60.0,1e-09,1e-12,6,0.0001,1,new simulation,nan
2,33,-0.15925268031909273,1.9500000000000002,-0.8,rolling,9.009999999999852,-0.22092981848141802,1.4987675486871914,20,20,0,1.5106650252275227,0.12,0.3490658503988659,9.81,1,1,9,21,41,-3.0,3.0,0.01,30.0,60.0,1e-09,1e-12,6,0.0001,1,new simulation,nan
2,34,-0.15925268031909273,2.0999999999999996,-0.8,rolling,9.399999999999844,-0.21548611210366575,1.4910311712391084,21,21,0,1.5106485851599905,0.12,0.3490658503988659,9.81,1,1,9,21,41,-3.0,3.0,0.01,30.0,60.0,1e-09,1e-12,6,0.0001,1,new simulation,nan
2,35,-0.15925268031909273,2.25,-0.8,rolling,9.319999999999846,-0.21703824265259244,1.4932238648415614,21,21,0,1.5106651096073909,0.12,0.3490658503988659,9.81,1,1,9,21,41,-3.0,3.0,0.01,30.0,60.0,1e-09,1e-12,6,0.0001,1,new simulation,nan
2,36,-0.15925268031909273,2.3999999999999995,-0.8,rolling,9.709999999999837,-0.22342695490429246,1.5023609947487806,22,22,0,1.510643615596834,0.12,0.3490658503988659,9.81,1,1,9,21,41,-3.0,3.0,0.01,30.0,60.0,1e-09,1e-12,6,0.0001,1,new simulation,nan
2,37,-0.15925268031909273,2.55,-0.8,rolling,9.639999999999839,-0.22056319179326814,1.4982401401178946,22,22,0,1.510654650302988,0.12,0.3490658503988659,9.81,1,1,9,21,41,-3.0,3.0,0.01,30.0,60.0,1e-09,1e-12,6,0.0001,1,new simulation,nan
2,38,-0.15925268031909273,2.7,-0.8,rolling,9.56999999999984,-0.2222235677148119,1.500627648460955,22,22,0,1.510666352568028,0.12,0.3490658503988659,9.81,1,1,9,21,41,-3.0,3.0,0.01,30.0,60.0,1e-09,1e-12,6,0.0001,1,new simulation,nan
2,39,-0.15925268031909273,2.8499999999999996,-0.8,rolling,9.499999999999842,-0.22802466725625056,1.5090716409603162,22,22,0,1.5106787228441318,0.12,0.3490658503988659,9.81,1,1,9,21,41,-3.0,3.0,0.01,30.0,60.0,1e-09,1e-12,6,0.0001,1,new simulation,nan
2,40,-0.15925268031909273,3.0,-0.8,rolling,9.909999999999833,-0.2218254570025111,1.5000512806386481,23,23,0,1.5106488928575945,0.12,0.3490658503988659,9.81,1,1,9,21,41,-3.0,3.0,0.01,30.0,60.0,1e-09,1e-12,6,0.0001,1,new simulation,nan
3,0,-0.12434609527920612,-3.0,-0.7,settled,1.7700000000000014,-0.2290658503988659,0.0,4,1,3,nan,0.12,0.3490658503988659,9.81,1,1,9,21,41,-3.0,3.0,0.01,30.0,60.0,1e-09,1e-12,6,0.0001,1,new simulation,nan
3,1,-0.12434609527920612,-2.85,-0.7,rolling,11.079999999999808,-0.22783171820424922,1.5087570135473154,22,20,2,1.510505570519068,0.12,0.3490658503988659,9.81,1,1,9,21,41,-3.0,3.0,0.01,30.0,60.0,1e-09,1e-12,6,0.0001,1,new simulation,nan
3,2,-0.12434609527920612,-2.7,-0.7,rolling,11.329999999999803,-0.21493560679546464,1.4902362994176577,23,21,2,1.510532367574344,0.12,0.3490658503988659,9.81,1,1,9,21,41,-3.0,3.0,0.01,30.0,60.0,1e-09,1e-12,6,0.0001,1,new simulation,nan
3,3,-0.12434609527920612,-2.55,-0.7,rolling,11.329999999999803,-0.22683233927899157,1.5072953794730937,23,21,2,1.5105254995242519,0.12,0.3490658503988659,9.81,1,1,9,21,41,-3.0,3.0,0.01,30.0,60.0,1e-09,1e-12,6,0.0001,1,new simulation,nan
3,4,-0.12434609527920612,-2.4,-0.7,rolling,11.4799999999998,-0.2215803092021437,1.499675178899234,23,21,2,1.5105190244406173,0.12,0.3490658503988659,9.81,1,1,9,21,41,-3.0,3.0,0.01,30.0,60.0,1e-09,1e-12,6,0.0001,1,new simulation,nan
3,5,-0.12434609527920612,-2.25,-0.7,rolling,12.019999999999788,-0.22495608090675268,1.5045555550629939,23,21,2,1.5105129399198016,0.12,0.3490658503988659,9.81,1,1,9,21,41,-3.0,3.0,0.01,30.0,60.0,1e-09,1e-12,6,0.0001,1,new simulation,nan
3,6,-0.12434609527920612,-2.1,-0.7,settled,1.1600000000000008,-0.2290658503988659,0.0,3,1,2,nan,0.12,0.3490658503988659,9.81,1,1,9,21,41,-3.0,3.0,0.01,30.0,60.0,1e-09,1e-12,6,0.0001,1,new simulation,nan
3,7,-0.12434609527920612,-1.95,-0.7,settled,1.270000000000001,-0.2290658503988659,0.0,3,1,2,nan,0.12,0.3490658503988659,9.81,1,1,9,21,41,-3.0,3.0,0.01,30.0,60.0,1e-09,1e-12,6,0.0001,1,new simulation,nan
3,8,-0.12434609527920612,-1.8,-0.7,rolling,11.689999999999795,-0.22729607802651705,1.5079721278790912,21,20,1,1.510511378250336,0.12,0.3490658503988659,9.81,1,1,9,21,41,-3.0,3.0,0.01,30.0,60.0,1e-09,1e-12,6,0.0001,1,new simulation,nan
3,9,-0.12434609527920612,-1.6500000000000001,-0.7,rolling,10.52999999999982,-0.2154362499384733,1.4909336411472802,21,20,1,1.51049827138464,0.12,0.3490658503988659,9.81,1,1,9,21,41,-3.0,3.0,0.01,30.0,60.0,1e-09,1e-12,6,0.0001,1,new simulation,nan
3,10,-0.12434609527920612,-1.5,-0.7,rolling,10.899999999999812,-0.22830873260401063,1.5094622045403443,22,21,1,1.5105283238218494,0.12,0.3490658503988659,9.81,1,1,9,21,41,-3.0,3.0,0.01,30.0,60.0,1e-09,1e-12,6,0.0001,1,new simulation,nan
3,11,-0.12434609527920612,-1.35,-0.7,rolling,10.939999999999811,-0.22747950408376752,1.5082430131033537,22,21,1,1.5105219705340966,0.12,0.3490658503988659,9.81,1,1,9,21,41,-3.0,3.0,0.01,30.0,60.0,1e-09,1e-12,6,0.0001,1,new simulation,nan
3,12,-0.12434609527920612,-1.2000000000000002,-0.7,rolling,11.119999999999807,-0.22532678170328754,1.5050956534756357,22,21,1,1.5105162835549695,0.12,0.3490658503988659,9.81,1,1,9,21,41,-3.0,3.0,0.01,30.0,60.0,1e-09,1e-12,6,0.0001,1,new simulation,nan
3,13,-0.12434609527920612,-1.05,-0.7,settled,0.5900000000000003,-0.2290658503988659,0.0,2,1,1,nan,0.12,0.3490658503988659,9.81,1,1,9,21,41,-3.0,3.0,0.01,30.0,60.0,1e-09,1e-12,6,0.0001,1,new simulation,nan
3,14,-0.12434609527920612,-0.8999999999999999,-0.7,settled,0.5300000000000002,-0.2290658503988659,0.0,2,1,1,nan,0.12,0.3490658503988659,9.81,1,1,9,21,41,-3.0,3.0,0.01,30.0,60.0,1e-09,1e-12,6,0.0001,1,new simulation,nan
3,15,-0.12434609527920612,-0.75,-0.7,settled,0.49000000000000027,-0.2290658503988659,0.0,2,1,1,nan,0.12,0.3490658503988659,9.81,1,1,9,21,41,-3.0,3.0,0.01,30.0,60.0,1e-09,1e-12,6,0.0001,1,new simulation,nan
3,16,-0.12434609527920612,-0.6000000000000001,-0.7,settled,0.47000000000000025,-0.2290658503988659,0.0,2,1,1,nan,0.12,0.3490658503988659,9.81,1,1,9,21,41,-3.0,3.0,0.01,30.0,60.0,1e-09,1e-12,6,0.0001,1,new simulation,nan
3,17,-0.12434609527920612,-0.4500000000000002,-0.7,settled,0.46000000000000024,-0.2290658503988659,0.0,2,1,1,nan,0.12,0.3490658503988659,9.81,1,1,9,21,41,-3.0,3.0,0.01,30.0,60.0,1e-09,1e-12,6,0.0001,1,new simulation,nan
3,18,-0.12434609527920612,-0.30000000000000027,-0.7,settled,0.47000000000000025,-0.2290658503988659,0.0,2,1,1,nan,0.12,0.3490658503988659,9.81,1,1,9,21,41,-3.0,3.0,0.01,30.0,60.0,1e-09,1e-12,6,0.0001,1,new simulation,nan
3,19,-0.12434609527920612,-0.1499999999999999,-0.7,settled,0.5200000000000002,-0.2290658503988659,0.0,2,1,1,nan,0.12,0.3490658503988659,9.81,1,1,9,21,41,-3.0,3.0,0.01,30.0,60.0,1e-09,1e-12,6,0.0001,1,new simulation,nan
3,20,-0.12434609527920612,0.0,-0.7,settled,0.6100000000000003,-0.2290658503988659,0.0,2,1,1,nan,0.12,0.3490658503988659,9.81,1,1,9,21,41,-3.0,3.0,0.01,30.0,60.0,1e-09,1e-12,6,0.0001,1,new simulation,nan
3,21,-0.12434609527920612,0.1499999999999999,-0.7,settled,0.7800000000000005,-0.2290658503988659,0.0,2,1,1,nan,0.12,0.3490658503988659,9.81,1,1,9,21,41,-3.0,3.0,0.01,30.0,60.0,1e-09,1e-12,6,0.0001,1,new simulation,nan
3,22,-0.12434609527920612,0.2999999999999998,-0.7,settled,1.1200000000000008,-0.2290658503988659,0.0,2,1,1,nan,0.12,0.3490658503988659,9.81,1,1,9,21,41,-3.0,3.0,0.01,30.0,60.0,1e-09,1e-12,6,0.0001,1,new simulation,nan
3,23,-0.12434609527920612,0.44999999999999973,-0.7,rolling,10.53999999999982,-0.21429002128809171,1.4893275706012596,20,20,0,1.510513837577805,0.12,0.3490658503988659,9.81,1,1,9,21,41,-3.0,3.0,0.01,30.0,60.0,1e-09,1e-12,6,0.0001,1,new simulation,nan
3,24,-0.12434609527920612,0.5999999999999996,-0.7,rolling,10.09999999999983,-0.21638841373162412,1.4922793179297467,20,20,0,1.5105206362039298,0.12,0.3490658503988659,9.81,1,1,9,21,41,-3.0,3.0,0.01,30.0,60.0,1e-09,1e-12,6,0.0001,1,new simulation,nan
3,25,-0.12434609527920612,0.75,-0.7,rolling,9.879999999999834,-0.21727139717348867,1.4935291540556133,20,20,0,1.510529375730366,0.12,0.3490658503988659,9.81,1,1,9,21,41,-3.0,3.0,0.01,30.0,60.0,1e-09,1e-12,6,0.0001,1,new simulation,nan
3,26,-0.12434609527920612,0.8999999999999999,-0.7,rolling,9.239999999999847,-0.22870974858871504,1.5100484987956233,19,19,0,1.5105063008971602,0.12,0.3490658503988659,9.81,1,1,9,21,41,-3.0,3.0,0.01,30.0,60.0,1e-09,1e-12,6,0.0001,1,new simulation,nan
3,27,-0.12434609527920612,1.0499999999999998,-0.7,rolling,9.10999999999985,-0.21909499140921915,1.4961193312427359,19,19,0,1.5105278128238613,0.12,0.3490658503988659,9.81,1,1,9,21,41,-3.0,3.0,0.01,30.0,60.0,1e-09,1e-12,6,0.0001,1,new simulation,nan
3,28,-0.12434609527920612,1.2000000000000002,-0.7,rolling,8.519999999999863,-0.21894960333441493,1.495912172640689,18,18,0,1.5105277349110748,0.12,0.3490658503988659,9.81,1,1,9,21,41,-3.0,3.0,0.01,30.0,60.0,1e-09,1e-12,6,0.0001,1,new simulation,nan
3,29,-0.12434609527920612,1.3499999999999996,-0.7,rolling,6.999999999999895,-0.22163194172708606,1.4997508570365383,15,15,0,1.5105269941394095,0.12,0.3490658503988659,9.81,1,1,9,21,41,-3.0,3.0,0.01,30.0,60.0,1e-09,1e-12,6,0.0001,1,new simulation,nan
3,30,-0.12434609527920612,1.5,-0.7,rolling,7.839999999999877,-0.21808999483218522,1.494713345170577,17,17,0,1.5106582890764055,0.12,0.3490658503988659,9.81,1,1,9,21,41,-3.0,3.0,0.01,30.0,60.0,1e-09,1e-12,6,0.0001,1,new simulation,nan
3,31,-0.12434609527920612,1.6499999999999995,-0.7,rolling,8.67999999999986,-0.22446675821437145,1.5038686791158538,19,19,0,1.5106469529411883,0.12,0.3490658503988659,9.81,1,1,9,21,41,-3.0,3.0,0.01,30.0,60.0,1e-09,1e-12,6,0.0001,1,new simulation,nan
3,32,-0.12434609527920612,1.7999999999999998,-0.7,rolling,9.059999999999851,-0.22491626453722688,1.504521484797141,20,20,0,1.5106449280574352,0.12,0.3490658503988659,9.81,1,1,9,21,41,-3.0,3.0,0.01,30.0,60.0,1e-09,1e-12,6,0.0001,1,new simulation,nan
3,33,-0.12434609527920612,1.9500000000000002,-0.7,rolling,8.979999999999853,-0.2182746309021977,1.494977603578134,20,20,0,1.5106692017471213,0.12,0.3490658503988659,9.81,1,1,9,21,41,-3.0,3.0,0.01,30.0,60.0,1e-09,1e-12,6,0.0001,1,new simulation,nan
3,34,-0.12434609527920612,2.0999999999999996,-0.7,rolling,9.369999999999845,-0.2171899081214587,1.4934359224760965,21,21,0,1.5106510362913506,0.12,0.3490658503988659,9.81,1,1,9,21,41,-3.0,3.0,0.01,30.0,60.0,1e-09,1e-12,6,0.0001,1,new simulation,nan
3,35,-0.12434609527920612,2.25,-0.7,rolling,9.289999999999846,-0.22242977167792016,1.5009250712108508,21,21,0,1.5106675592844523,0.12,0.3490658503988659,9.81,1,1,9,21,41,-3.0,3.0,0.01,30.0,60.0,1e-09,1e-12,6,0.0001,1,new simulation,nan
3,36,-0.12434609527920612,2.3999999999999995,-0.7,rolling,9.689999999999838,-0.2169899031668759,1.4931518341792478,22,22,0,1.5106450535430433,0.12,0.3490658503988659,9.81,1,1,9,21,41,-3.0,3.0,0.01,30.0,60.0,1e-09,1e-12,6,0.0001,1,new simulation,nan
3,37,-0.12434609527920612,2.55,-0.7,rolling,9.61999999999984,-0.21684779133026488,1.4929528822170468,22,22,0,1.5106560879102051,0.12,0.3490658503988659,9.81,1,1,9,21,41,-3.0,3.0,0.01,30.0,60.0,1e-09,1e-12,6,0.0001,1,new simulation,nan
3,38,-0.12434609527920612,2.7,-0.7,rolling,9.54999999999984,-0.22086769062801767,1.498678948057841,22,22,0,1.5106677906367632,0.12,0.3490658503988659,9.81,1,1,9,21,41,-3.0,3.0,0.01,30.0,60.0,1e-09,1e-12,6,0.0001,1,new simulation,nan
3,39,-0.12434609527920612,2.8499999999999996,-0.7,rolling,9.479999999999842,-0.22875480819580749,1.510146151133404,22,22,0,1.5106801604953628,0.12,0.3490658503988659,9.81,1,1,9,21,41,-3.0,3.0,0.01,30.0,60.0,1e-09,1e-12,6,0.0001,1,new simulation,nan
3,40,-0.12434609527920612,3.0,-0.7,rolling,9.889999999999834,-0.22439545870675223,1.5037656720978438,23,23,0,1.5106497375469135,0.12,0.3490658503988659,9.81,1,1,9,21,41,-3.0,3.0,0.01,30.0,60.0,1e-09,1e-12,6,0.0001,1,new simulation,nan
4,0,-0.08943951023931954,-3.0,-0.6,settled,1.7400000000000013,-0.2290658503988659,0.0,4,1,3,nan,0.12,0.3490658503988659,9.81,1,1,9,21,41,-3.0,3.0,0.01,30.0,60.0,1e-09,1e-12,6,0.0001,1,new simulation,nan
4,1,-0.08943951023931954,-2.85,-0.6,rolling,11.149999999999807,-0.22112247795887943,1.4990152762900555,22,20,2,1.5105066561207376,0.12,0.3490658503988659,9.81,1,1,9,21,41,-3.0,3.0,0.01,30.0,60.0,1e-09,1e-12,6,0.0001,1,new simulation,nan
4,2,-0.08943951023931954,-2.7,-0.6,rolling,11.349999999999802,-0.2144019024187583,1.4894878139510657,23,21,2,1.5105330056949768,0.12,0.3490658503988659,9.81,1,1,9,21,41,-3.0,3.0,0.01,30.0,60.0,1e-09,1e-12,6,0.0001,1,new simulation,nan
4,3,-0.08943951023931954,-2.55,-0.6,rolling,11.339999999999803,-0.22268442401947955,1.5012668067770218,23,21,2,1.5105261377511845,0.12,0.3490658503988659,9.81,1,1,9,21,41,-3.0,3.0,0.01,30.0,60.0,1e-09,1e-12,6,0.0001,1,new simulation,nan
4,4,-0.08943951023931954,-2.4,-0.6,rolling,11.4699999999998,-0.22384584969585844,1.5029450835804938,23,21,2,1.5105196610039267,0.12,0.3490658503988659,9.81,1,1,9,21,41,-3.0,3.0,0.01,30.0,60.0,1e-09,1e-12,6,0.0001,1,new simulation,nan
4,5,-0.08943951023931954,-2.25,-0.6,rolling,11.90999999999979,-0.221478347530994,1.4995276361968644,23,21,2,1.5105135778161507,0.12,0.3490658503988659,9.81,1,1,9,21,41,-3.0,3.0,0.01,30.0,60.0,1e-09,1e-12,6,0.0001,1,new simulation,nan
4,6,-0.08943951023931954,-2.1,-0.6,settled,1.1700000000000008,-0.2290658503988659,0.0,3,1,2,nan,0.12,0.3490658503988659,9.81,1,1,9,21,41,-3.0,3.0,0.01,30.0,60.0,1e-09,1e-12,6,0.0001,1,new simulation,nan
4,7,-0.08943951023931954,-1.95,-0.6,settled,1.270000000000001,-0.2290658503988659,0.0,3,1,2,nan,0.12,0.3490658503988659,9.81,1,1,9,21,41,-3.0,3.0,0.01,30.0,60.0,1e-09,1e-12,6,0.0001,1,new simulation,nan
4,8,-0.08943951023931954,-1.8,-0.6,settled,1.8700000000000014,-0.2290658503988659,0.0,3,1,2,nan,0.12,0.3490658503988659,9.81,1,1,9,21,41,-3.0,3.0,0.01,30.0,60.0,1e-09,1e-12,6,0.0001,1,new simulation,nan
4,9,-0.08943951023931954,-1.6500000000000001,-0.6,rolling,10.579999999999819,-0.22148566110626816,1.499535707809689,21,20,1,1.5105001208781774,0.12,0.3490658503988659,9.81,1,1,9,21,41,-3.0,3.0,0.01,30.0,60.0,1e-09,1e-12,6,0.0001,1,new simulation,nan
4,10,-0.08943951023931954,-1.5,-0.6,rolling,10.929999999999811,-0.2239223078857992,1.5030576417217152,22,21,1,1.5105294091849002,0.12,0.3490658503988659,9.81,1,1,9,21,41,-3.0,3.0,0.01,30.0,60.0,1e-09,1e-12,6,0.0001,1,new simulation,nan
4,11,-0.08943951023931954,-1.35,-0.6,rolling,10.949999999999811,-0.22829222265258714,1.5094369703399189,22,21,1,1.5105230562314234,0.12,0.3490658503988659,9.81,1,1,9,21,41,-3.0,3.0,0.01,30.0,60.0,1e-09,1e-12,6,0.0001,1,new simulation,nan
4,12,-0.08943951023931954,-1.2000000000000002,-0.6,rolling,11.099999999999808,-0.21790888247798373,1.4944306249507613,22,21,1,1.510517371837727,0.12,0.3490658503988659,9.81,1,1,9,21,41,-3.0,3.0,0.01,30.0,60.0,1e-09,1e-12,6,0.0001,1,new simulation,nan
4,13,-0.08943951023931954,-1.05,-0.6,rolling,11.709999999999795,-0.21735234983569102,1.4936406959233857,22,21,1,1.5105123539495589,0.12,0.3490658503988659,9.81,1,1,9,21,41,-3.0,3.0,0.01,30.0,60.0,1e-09,1e-12,6,0.0001,1,new simulation,nan
4,14,-0.08943951023931954,-0.8999999999999999,-0.6,settled,0.5800000000000003,-0.2290658503988659,0.0,2,1,1,nan,0.12,0.3490658503988659,9.81,1,1,9,21,41,-3.0,3.0,0.01,30.0,60.0,1e-09,1e-12,6,0.0001,1,new simulation,nan
4,15,-0.08943951023931954,-0.75,-0.6,settled,0.5500000000000003,-0.2290658503988659,0.0,2,1,1,nan,0.12,0.3490658503988659,9.81,1,1,9,21,41,-3.0,3.0,0.01,30.0,60.0,1e-09,1e-12,6,0.0001,1,new simulation,nan
4,16,-0.08943951023931954,-0.6000000000000001,-0.6,settled,0.5300000000000002,-0.2290658503988659,0.0,2,1,1,nan,0.12,0.3490658503988659,9.81,1,1,9,21,41,-3.0,3.0,0.01,30.0,60.0,1e-09,1e-12,6,0.0001,1,new simulation,nan
4,17,-0.08943951023931954,-0.4500000000000002,-0.6,settled,0.5300000000000002,-0.2290658503988659,0.0,2,1,1,nan,0.12,0.3490658503988659,9.81,1,1,9,21,41,-3.0,3.0,0.01,30.0,60.0,1e-09,1e-12,6,0.0001,1,new simulation,nan
4,18,-0.08943951023931954,-0.30000000000000027,-0.6,settled,0.5600000000000003,-0.2290658503988659,0.0,2,1,1,nan,0.12,0.3490658503988659,9.81,1,1,9,21,41,-3.0,3.0,0.01,30.0,60.0,1e-09,1e-12,6,0.0001,1,new simulation,nan
4,19,-0.08943951023931954,-0.1499999999999999,-0.6,settled,0.6200000000000003,-0.2290658503988659,0.0,2,1,1,nan,0.12,0.3490658503988659,9.81,1,1,9,21,41,-3.0,3.0,0.01,30.0,60.0,1e-09,1e-12,6,0.0001,1,new simulation,nan
4,20,-0.08943951023931954,0.0,-0.6,settled,0.7500000000000004,-0.2290658503988659,0.0,2,1,1,nan,0.12,0.3490658503988659,9.81,1,1,9,21,41,-3.0,3.0,0.01,30.0,60.0,1e-09,1e-12,6,0.0001,1,new simulation,nan
4,21,-0.08943951023931954,0.1499999999999999,-0.6,settled,1.0100000000000007,-0.2290658503988659,0.0,2,1,1,nan,0.12,0.3490658503988659,9.81,1,1,9,21,41,-3.0,3.0,0.01,30.0,60.0,1e-09,1e-12,6,0.0001,1,new simulation,nan
4,22,-0.08943951023931954,0.2999999999999998,-0.6,rolling,10.899999999999812,-0.22417250006056472,1.5034172766469307,20,20,0,1.5105121359205327,0.12,0.3490658503988659,9.81,1,1,9,21,41,-3.0,3.0,0.01,30.0,60.0,1e-09,1e-12,6,0.0001,1,new simulation,nan
4,23,-0.08943951023931954,0.44999999999999973,-0.6,rolling,10.189999999999827,-0.21693955776989804,1.4930573250350412,20,20,0,1.5105169908568934,0.12,0.3490658503988659,9.81,1,1,9,21,41,-3.0,3.0,0.01,30.0,60.0,1e-09,1e-12,6,0.0001,1,new simulation,nan
4,24,-0.08943951023931954,0.5999999999999996,-0.6,rolling,9.949999999999832,-0.21455188533151645,1.4896963603764735,20,20,0,1.5105237896159383,0.12,0.3490658503988659,9.81,1,1,9,21,41,-3.0,3.0,0.01,30.0,60.0,1e-09,1e-12,6,0.0001,1,new simulation,nan
4,25,-0.08943951023931954,0.75,-0.6,rolling,9.779999999999836,-0.21659775116742755,1.4925770575282895,20,20,0,1.5105325288914206,0.12,0.3490658503988659,9.81,1,1,9,21,41,-3.0,3.0,0.01,30.0,60.0,1e-09,1e-12,6,0.0001,1,new simulation,nan
4,26,-0.08943951023931954,0.8999999999999999,-0.6,rolling,9.169999999999849,-0.2195700543365175,1.49679399750728,19,19,0,1.510511672993547,0.12,0.3490658503988659,9.81,1,1,9,21,41,-3.0,3.0,0.01,30.0,60.0,1e-09,1e-12,6,0.0001,1,new simulation,nan
4,27,-0.08943951023931954,1.0499999999999998,-0.6,rolling,8.579999999999862,-0.21768892033637144,1.4941144470669532,18,18,0,1.5104945918638684,0.12,0.3490658503988659,9.81,1,1,9,21,41,-3.0,3.0,0.01,30.0,60.0,1e-09,1e-12,6,0.0001,1,new simulation,nan
4,28,-0.08943951023931954,1.2000000000000002,-0.6,rolling,7.999999999999874,-0.21743077291789933,1.4937497021390351,17,17,0,1.5105009054201959,0.12,0.3490658503988659,9.81,1,1,9,21,41,-3.0,3.0,0.01,30.0,60.0,1e-09,1e-12,6,0.0001,1,new simulation,nan
4,29,-0.08943951023931954,1.3499999999999996,-0.6,rolling,5.549999999999926,-0.2174069272748496,1.4937176378352945,12,12,0,1.510510344431195,0.12,0.3490658503988659,9.81,1,1,9,21,41,-3.0,3.0,0.01,30.0,60.0,1e-09,1e-12,6,0.0001,1,new simulation,nan
4,30,-0.08943951023931954,1.5,-0.6,rolling,7.799999999999878,-0.21992566693631435,1.4973313990725354,17,17,0,1.5106738910513053,0.12,0.3490658503988659,9.81,1,1,9,21,41,-3.0,3.0,0.01,30.0,60.0,1e-09,1e-12,6,0.0001,1,new simulation,nan
4,31,-0.08943951023931954,1.6499999999999995,-0.6,rolling,8.64999999999986,-0.21782596592708126,1.494337506746077,19,19,0,1.510652326109404,0.12,0.3490658503988659,9.81,1,1,9,21,41,-3.0,3.0,0.01,30.0,60.0,1e-09,1e-12,6,0.0001,1,new simulation,nan
4,32,-0.08943951023931954,1.7999999999999998,-0.6,rolling,9.029999999999852,-0.2235419339778082,1.5025281889297564,20,20,0,1.5106480810922465,0.12,0.3490658503988659,9.81,1,1,9,21,41,-3.0,3.0,0.01,30.0,60.0,1e-09,1e-12,6,0.0001,1,new simulation,nan
4,33,-0.08943951023931954,1.9500000000000002,-0.6,rolling,8.949999999999854,-0.22125196486852497,1.499231204449015,20,20,0,1.5106723554988004,0.12,0.3490658503988659,9.81,1,1,9,21,41,-3.0,3.0,0.01,30.0,60.0,1e-09,1e-12,6,0.0001,1,new simulation,nan
4,34,-0.08943951023931954,2.0999999999999996,-0.6,rolling,9.339999999999845,-0.22381745854099636,1.5029280339854985,21,21,0,1.5106528873539187,0.12,0.3490658503988659,9.81,1,1,9,21,41,-3.0,3.0,0.01,30.0,60.0,1e-09,1e-12,6,0.0001,1,new simulation,nan
4,35,-0.08943951023931954,2.25,-0.6,rolling,9.269999999999847,-0.21718109614806294,1.4934267930520395,21,21,0,1.5106694105626932,0.12,0.3490658503988659,9.81,1,1,9,21,41,-3.0,3.0,0.01,30.0,60.0,1e-09,1e-12,6,0.0001,1,new simulation,nan
4,36,-0.08943951023931954,2.3999999999999995,-0.6,rolling,9.669999999999838,-0.21441652210738163,1.4895289356697694,22,22,0,1.510646139597842,0.12,0.3490658503988659,9.81,1,1,9,21,41,-3.0,3.0,0.01,30.0,60.0,1e-09,1e-12,6,0.0001,1,new simulation,nan
4,37,-0.08943951023931954,2.55,-0.6,rolling,9.59999999999984,-0.21657948192646959,1.492573944471359,22,22,0,1.5106571738788828,0.12,0.3490658503988659,9.81,1,1,9,21,41,-3.0,3.0,0.01,30.0,60.0,1e-09,1e-12,6,0.0001,1,new simulation,nan
4,38,-0.08943951023931954,2.7,-0.6,rolling,9.529999999999841,-0.22262849659755293,1.5012119379731221,22,22,0,1.5106688766531537,0.12,0.3490658503988659,9.81,1,1,9,21,41,-3.0,3.0,0.01,30.0,60.0,1e-09,1e-12,6,0.0001,1,new simulation,nan
4,39,-0.08943951023931954,2.8499999999999996,-0.6,rolling,9.469999999999843,-0.21729342793199424,1.4935879755496435,22,22,0,1.510681247689736,0.12,0.3490658503988659,9.81,1,1,9,21,41,-3.0,3.0,0.01,30.0,60.0,1e-09,1e-12,6,0.0001,1,new simulation,nan
4,40,-0.08943951023931954,3.0,-0.6,rolling,9.879999999999834,-0.21456057910114817,1.4897316349295626,23,23,0,1.5106503731979048,0.12,0.3490658503988659,9.81,1,1,9,21,41,-3.0,3.0,0.01,30.0,60.0,1e-09,1e-12,6,0.0001,1,new simulation,nan
5,0,-0.05453292519943295,-3.0,-0.5,settled,1.7300000000000013,-0.2290658503988659,0.0,4,1,3,nan,0.12,0.3490658503988659,9.81,1,1,9,21,41,-3.0,3.0,0.01,30.0,60.0,1e-09,1e-12,6,0.0001,1,new simulation,nan
5,1,-0.05453292519943295,-2.85,-0.5,rolling,11.209999999999805,-0.2159622429832441,1.4916758583810075,22,20,2,1.510507388128682,0.12,0.3490658503988659,9.81,1,1,9,21,41,-3.0,3.0,0.01,30.0,60.0,1e-09,1e-12,6,0.0001,1,new simulation,nan
5,2,-0.05453292519943295,-2.7,-0.5,rolling,10.889999999999812,-0.22756607650638783,1.5083651658670725,22,20,2,1.5104950147111376,0.12,0.3490658503988659,9.81,1,1,9,21,41,-3.0,3.0,0.01,30.0,60.0,1e-09,1e-12,6,0.0001,1,new simulation,nan
5,3,-0.05453292519943295,-2.55,-0.5,rolling,11.349999999999802,-0.22260545303414556,1.5011529342279777,23,21,2,1.5105265663688694,0.12,0.3490658503988659,9.81,1,1,9,21,41,-3.0,3.0,0.01,30.0,60.0,1e-09,1e-12,6,0.0001,1,new simulation,nan
5,4,-0.05453292519943295,-2.4,-0.5,rolling,11.4699999999998,-0.22435967420093764,1.5036903036680336,23,21,2,1.5105200912628114,0.12,0.3490658503988659,9.81,1,1,9,21,41,-3.0,3.0,0.01,30.0,60.0,1e-09,1e-12,6,0.0001,1,new simulation,nan
5,5,-0.05453292519943295,-2.25,-0.5,rolling,11.859999999999792,-0.22351615709436448,1.5024666364989354,23,21,2,1.5105140079040407,0.12,0.3490658503988659,9.81,1,1,9,21,41,-3.0,3.0,0.01,30.0,60.0,1e-09,1e-12,6,0.0001,1,new simulation,nan
5,6,-0.05453292519943295,-2.1,-0.5,settled,1.1900000000000008,-0.2290658503988659,0.0,3,1,2,nan,0.12,0.3490658503988659,9.81,1,1,9,21,41,-3.0,3.0,0.01,30.0,60.0,1e-09,1e-12,6,0.0001,1,new simulation,nan
5,7,-0.05453292519943295,-1.95,-0.5,settled,1.270000000000001,-0.2290658503988659,0.0,3,1,2,nan,0.12,0.3490658503988659,9.81,1,1,9,21,41,-3.0,3.0,0.01,30.0,60.0,1e-09,1e-12,6,0.0001,1,new simulation,nan
5,8,-0.05453292519943295,-1.8,-0.5,settled,1.7200000000000013,-0.2290658503988659,0.0,3,1,2,nan,0.12,0.3490658503988659,9.81,1,1,9,21,41,-3.0,3.0,0.01,30.0,60.0,1e-09,1e-12,6,0.0001,1,new simulation,nan
5,9,-0.05453292519943295,-1.6500000000000001,-0.5,rolling,10.629999999999818,-0.21851113381752846,1.495283313453212,21,20,1,1.5105013699589414,0.12,0.3490658503988659,9.81,1,1,9,21,41,-3.0,3.0,0.01,30.0,60.0,1e-09,1e-12,6,0.0001,1,new simulation,nan
5,10,-0.05453292519943295,-1.5,-0.5,rolling,10.95999999999981,-0.2199805870814247,1.4973838206812378,22,21,1,1.5105301415888237,0.12,0.3490658503988659,9.81,1,1,9,21,41,-3.0,3.0,0.01,30.0,60.0,1e-09,1e-12,6,0.0001,1,new simulation,nan
5,11,-0.05453292519943295,-1.35,-0.5,rolling,10.96999999999981,-0.22433494792594355,1.5036550835409737,22,21,1,1.5105237873421018,0.12,0.3490658503988659,9.81,1,1,9,21,41,-3.0,3.0,0.01,30.0,60.0,1e-09,1e-12,6,0.0001,1,new simulation,nan
5,12,-0.05453292519943295,-1.2000000000000002,-0.5,rolling,11.099999999999808,-0.21690721475913832,1.4930117891606063,22,21,1,1.510518102715004,0.12,0.3490658503988659,9.81,1,1,9,21,41,-3.0,3.0,0.01,30.0,60.0,1e-09,1e-12,6,0.0001,1,new simulation,nan
5,13,-0.05453292519943295,-1.05,-0.5,rolling,11.519999999999799,-0.22586782801509872,1.505883699000827,22,21,1,1.510513086729936,0.12,0.3490658503988659,9.81,1,1,9,21,41,-3.0,3.0,0.01,30.0,60.0,1e-09,1e-12,6,0.0001,1,new simulation,nan
5,14,-0.05453292519943295,-0.8999999999999999,-0.5,settled,0.6300000000000003,-0.2290658503988659,0.0,2,1,1,nan,0.12,0.3490658503988659,9.81,1,1,9,21,41,-3.0,3.0,0.01,30.0,60.0,1e-09,1e-12,6,0.0001,1,new simulation,nan
5,15,-0.05453292519943295,-0.75,-0.5,settled,0.6000000000000003,-0.2290658503988659,0.0,2,1,1,nan,0.12,0.3490658503988659,9.81,1,1,9,21,41,-3.0,3.0,0.01,30.0,60.0,1e-09,1e-12,6,0.0001,1,new simulation,nan
5,16,-0.05453292519943295,-0.6000000000000001,-0.5,settled,0.5900000000000003,-0.2290658503988659,0.0,2,1,1,nan,0.12,0.3490658503988659,9.81,1,1,9,21,41,-3.0,3.0,0.01,30.0,60.0,1e-09,1e-12,6,0.0001,1,new simulation,nan
5,17,-0.05453292519943295,-0.4500000000000002,-0.5,settled,0.6000000000000003,-0.2290658503988659,0.0,2,1,1,nan,0.12,0.3490658503988659,9.81,1,1,9,21,41,-3.0,3.0,0.01,30.0,60.0,1e-09,1e-12,6,0.0001,1,new simulation,nan
5,18,-0.05453292519943295,-0.30000000000000027,-0.5,settled,0.6500000000000004,-0.2290658503988659,0.0,2,1,1,nan,0.12,0.3490658503988659,9.81,1,1,9,21,41,-3.0,3.0,0.01,30.0,60.0,1e-09,1e-12,6,0.0001,1,new simulation,nan
5,19,-0.05453292519943295,-0.1499999999999999,-0.5,settled,0.7400000000000004,-0.2290658503988659,0.0,2,1,1,nan,0.12,0.3490658503988659,9.81,1,1,9,21,41,-3.0,3.0,0.01,30.0,60.0,1e-09,1e-12,6,0.0001,1,new simulation,nan
5,20,-0.05453292519943295,0.0,-0.5,settled,0.9300000000000006,-0.2290658503988659,0.0,2,1,1,nan,0.12,0.3490658503988659,9.81,1,1,9,21,41,-3.0,3.0,0.01,30.0,60.0,1e-09,1e-12,6,0.0001,1,new simulation,nan
5,21,-0.05453292519943295,0.1499999999999999,-0.5,settled,1.6100000000000012,-0.2290658503988659,0.0,2,1,1,nan,0.12,0.3490658503988659,9.81,1,1,9,21,41,-3.0,3.0,0.01,30.0,60.0,1e-09,1e-12,6,0.0001,1,new simulation,nan
5,22,-0.05453292519943295,0.2999999999999998,-0.5,rolling,10.289999999999825,-0.22372751243494482,1.5027726821905139,20,20,0,1.5105142615511438,0.12,0.3490658503988659,9.81,1,1,9,21,41,-3.0,3.0,0.01,30.0,60.0,1e-09,1e-12,6,0.0001,1,new simulation,nan
5,23,-0.05453292519943295,0.44999999999999973,-0.5,rolling,10.01999999999983,-0.21490841630797913,1.4901957108862918,20,20,0,1.510519117251783,0.12,0.3490658503988659,9.81,1,1,9,21,41,-3.0,3.0,0.01,30.0,60.0,1e-09,1e-12,6,0.0001,1,new simulation,nan
5,24,-0.05453292519943295,0.5999999999999996,-0.5,rolling,9.839999999999835,-0.22132706718500395,1.4993125235398248,20,20,0,1.510525915507336,0.12,0.3490658503988659,9.81,1,1,9,21,41,-3.0,3.0,0.01,30.0,60.0,1e-09,1e-12,6,0.0001,1,new simulation,nan
5,25,-0.05453292519943295,0.75,-0.5,rolling,9.229999999999848,-0.22149427735649982,1.4995475437512977,19,19,0,1.510497093223474,0.12,0.3490658503988659,9.81,1,1,9,21,41,-3.0,3.0,0.01,30.0,60.0,1e-09,1e-12,6,0.0001,1,new simulation,nan
5,26,-0.05453292519943295,0.8999999999999999,-0.5,rolling,9.10999999999985,-0.21784661744982925,1.4943418935522648,19,19,0,1.5105152966913336,0.12,0.3490658503988659,9.81,1,1,9,21,41,-3.0,3.0,0.01,30.0,60.0,1e-09,1e-12,6,0.0001,1,new simulation,nan
5,27,-0.05453292519943295,1.0499999999999998,-0.5,rolling,8.529999999999863,-0.21671024553244944,1.49273020601109,18,18,0,1.5105007653027693,0.12,0.3490658503988659,9.81,1,1,9,21,41,-3.0,3.0,0.01,30.0,60.0,1e-09,1e-12,6,0.0001,1,new simulation,nan
5,28,-0.05453292519943295,1.2000000000000002,-0.5,rolling,7.949999999999875,-0.227641165595064,1.5084783129830588,17,17,0,1.510511424670988,0.12,0.3490658503988659,9.81,1,1,9,21,41,-3.0,3.0,0.01,30.0,60.0,1e-09,1e-12,6,0.0001,1,new simulation,nan
5,29,-0.05453292519943295,1.3499999999999996,-0.5,rolling,5.509999999999927,-0.22102045731406997,1.4988969388228417,12,12,0,1.5106615077731693,0.12,0.3490658503988659,9.81,1,1,9,21,41,-3.0,3.0,0.01,30.0,60.0,1e-09,1e-12,6,0.0001,1,new simulation,nan
5,30,-0.05453292519943295,1.5,-0.5,rolling,8.239999999999869,-0.21433926795294325,1.489420406750126,18,18,0,1.5106445768500638,0.12,0.3490658503988659,9.81,1,1,9,21,41,-3.0,3.0,0.01,30.0,60.0,1e-09,1e-12,6,0.0001,1,new simulation,nan
5,31,-0.05453292519943295,1.6499999999999995,-0.5,rolling,8.61999999999986,-0.2181880043780345,1.4948521206926542,19,19,0,1.5106559491125393,0.12,0.3490658503988659,9.81,1,1,9,21,41,-3.0,3.0,0.01,30.0,60.0,1e-09,1e-12,6,0.0001,1,new simulation,nan
5,32,-0.05453292519943295,1.7999999999999998,-0.5,rolling,8.999999999999853,-0.22821263933017405,1.5093428210207327,20,20,0,1.5106502067555894,0.12,0.3490658503988659,9.81,1,1,9,21,41,-3.0,3.0,0.01,30.0,60.0,1e-09,1e-12,6,0.0001,1,new simulation,nan
5,33,-0.05453292519943295,1.9500000000000002,-0.5,rolling,8.929999999999854,-0.21450458169293474,1.489657526930604,20,20,0,1.5106744803859238,0.12,0.3490658503988659,9.81,1,1,9,21,41,-3.0,3.0,0.01,30.0,60.0,1e-09,1e-12,6,0.0001,1,new simulation,nan
5,34,-0.05453292519943295,2.0999999999999996,-0.5,rolling,9.319999999999846,-0.22006735472457872,1.4975303790405383,21,21,0,1.5106541344030149,0.12,0.3490658503988659,9.81,1,1,9,21,41,-3.0,3.0,0.01,30.0,60.0,1e-09,1e-12,6,0.0001,1,new simulation,nan
5,35,-0.05453292519943295,2.25,-0.5,rolling,9.249999999999847,-0.21602511373238736,1.491794205301584,21,21,0,1.5106706574482154,0.12,0.3490658503988659,9.81,1,1,9,21,41,-3.0,3.0,0.01,30.0,60.0,1e-09,1e-12,6,0.0001,1,new simulation,nan
5,36,-0.05453292519943295,2.3999999999999995,-0.5,rolling,9.649999999999839,-0.21548616644703486,1.4910309345291544,22,22,0,1.5106468711930565,0.12,0.3490658503988659,9.81,1,1,9,21,41,-3.0,3.0,0.01,30.0,60.0,1e-09,1e-12,6,0.0001,1,new simulation,nan
5,37,-0.05453292519943295,2.55,-0.5,rolling,9.57999999999984,-0.21959929559286243,1.496862286372586,22,22,0,1.5106579064107075,0.12,0.3490658503988659,9.81,1,1,9,21,41,-3.0,3.0,0.01,30.0,60.0,1e-09,1e-12,6,0.0001,1,new simulation,nan
5,38,-0.05453292519943295,2.7,-0.5,rolling,9.509999999999842,-0.22739291343437035,1.5081426133831786,22,22,0,1.510669608230894,0.12,0.3490658503988659,9.81,1,1,9,21,41,-3.0,3.0,0.01,30.0,60.0,1e-09,1e-12,6,0.0001,1,new simulation,nan
5,39,-0.05453292519943295,2.8499999999999996,-0.5,rolling,9.919999999999833,-0.2228185440306004,1.5014815774935881,23,23,0,1.5106431506379163,0.12,0.3490658503988659,9.81,1,1,9,21,41,-3.0,3.0,0.01,30.0,60.0,1e-09,1e-12,6,0.0001,1,new simulation,nan
5,40,-0.05453292519943295,3.0,-0.5,rolling,9.859999999999834,-0.222167085423704,1.5005434591653504,23,23,0,1.510650802484779,0.12,0.3490658503988659,9.81,1,1,9,21,41,-3.0,3.0,0.01,30.0,60.0,1e-09,1e-12,6,0.0001,1,new simulation,nan
6,0,-0.01962634015954634,-3.0,-0.3999999999999999,settled,1.7300000000000013,-0.2290658503988659,0.0,4,1,3,nan,0.12,0.3490658503988659,9.81,1,1,9,21,41,-3.0,3.0,0.01,30.0,60.0,1e-09,1e-12,6,0.0001,1,new simulation,nan
6,1,-0.01962634015954634,-2.85,-0.3999999999999999,rolling,11.239999999999805,-0.2289142182657208,1.5103500235310166,22,20,2,1.5105077646812939,0.12,0.3490658503988659,9.81,1,1,9,21,41,-3.0,3.0,0.01,30.0,60.0,1e-09,1e-12,6,0.0001,1,new simulation,nan
6,2,-0.01962634015954634,-2.7,-0.3999999999999999,rolling,10.909999999999812,-0.22151045232969896,1.4995704824964684,22,20,2,1.5104953924499969,0.12,0.3490658503988659,9.81,1,1,9,21,41,-3.0,3.0,0.01,30.0,60.0,1e-09,1e-12,6,0.0001,1,new simulation,nan
6,3,-0.01962634015954634,-2.55,-0.3999999999999999,rolling,11.359999999999802,-0.22551911335267982,1.50537772298081,23,21,2,1.510526788279936,0.12,0.3490658503988659,9.81,1,1,9,21,41,-3.0,3.0,0.01,30.0,60.0,1e-09,1e-12,6,0.0001,1,new simulation,nan
6,4,-0.01962634015954634,-2.4,-0.3999999999999999,rolling,11.4799999999998,-0.22074723329069615,1.4984795057355311,23,21,2,1.5105203124427762,0.12,0.3490658503988659,9.81,1,1,9,21,41,-3.0,3.0,0.01,30.0,60.0,1e-09,1e-12,6,0.0001,1,new simulation,nan
6,5,-0.01962634015954634,-2.25,-0.3999999999999999,rolling,11.849999999999792,-0.21884917057380557,1.495766690528592,23,21,2,1.5105142288123607,0.12,0.3490658503988659,9.81,1,1,9,21,41,-3.0,3.0,0.01,30.0,60.0,1e-09,1e-12,6,0.0001,1,new simulation,nan
6,6,-0.01962634015954634,-2.1,-0.3999999999999999,settled,1.2000000000000008,-0.2290658503988659,0.0,3,1,2,nan,0.12,0.3490658503988659,9.81,1,1,9,21,41,-3.0,3.0,0.01,30.0,60.0,1e-09,1e-12,6,0.0001,1,new simulation,nan
6,7,-0.01962634015954634,-1.95,-0.3999999999999999,settled,1.280000000000001,-0.2290658503988659,0.0,3,1,2,nan,0.12,0.3490658503988659,9.81,1,1,9,21,41,-3.0,3.0,0.01,30.0,60.0,1e-09,1e-12,6,0.0001,1,new simulation,nan
6,8,-0.01962634015954634,-1.8,-0.3999999999999999,settled,1.6800000000000013,-0.2290658503988659,0.0,3,1,2,nan,0.12,0.3490658503988659,9.81,1,1,9,21,41,-3.0,3.0,0.01,30.0,60.0,1e-09,1e-12,6,0.0001,1,new simulation,nan
6,9,-0.01962634015954634,-1.6500000000000001,-0.3999999999999999,rolling,10.659999999999817,-0.22870470665490047,1.510040300591015,21,20,1,1.5105020119430932,0.12,0.3490658503988659,9.81,1,1,9,21,41,-3.0,3.0,0.01,30.0,60.0,1e-09,1e-12,6,0.0001,1,new simulation,nan
6,10,-0.01962634015954634,-1.5,-0.3999999999999999,rolling,10.97999999999981,-0.22876778157866634,1.5101383397261776,22,21,1,1.5105305193648746,0.12,0.3490658503988659,9.81,1,1,9,21,41,-3.0,3.0,0.01,30.0,60.0,1e-09,1e-12,6,0.0001,1,new simulation,nan
6,11,-0.01962634015954634,-1.35,-0.3999999999999999,rolling,10.98999999999981,-0.2272762061439897,1.5079453020087163,22,21,1,1.5105241656383124,0.12,0.3490658503988659,9.81,1,1,9,21,41,-3.0,3.0,0.01,30.0,60.0,1e-09,1e-12,6,0.0001,1,new simulation,nan
6,12,-0.01962634015954634,-1.2000000000000002,-0.3999999999999999,rolling,11.109999999999808,-0.22482980234214137,1.5043729338801382,22,21,1,1.5105184803891618,0.12,0.3490658503988659,9.81,1,1,9,21,41,-3.0,3.0,0.01,30.0,60.0,1e-09,1e-12,6,0.0001,1,new simulation,nan
6,13,-0.01962634015954634,-1.05,-0.3999999999999999,rolling,11.4899999999998,-0.21486409995703942,1.4901324694146656,22,21,1,1.5105134636323267,0.12,0.3490658503988659,9.81,1,1,9,21,41,-3.0,3.0,0.01,30.0,60.0,1e-09,1e-12,6,0.0001,1,new simulation,nan
6,14,-0.01962634015954634,-0.8999999999999999,-0.3999999999999999,settled,0.6700000000000004,-0.2290658503988659,0.0,2,1,1,nan,0.12,0.3490658503988659,9.81,1,1,9,21,41,-3.0,3.0,0.01,30.0,60.0,1e-09,1e-12,6,0.0001,1,new simulation,nan
6,15,-0.01962634015954634,-0.75,-0.3999999999999999,settled,0.6500000000000004,-0.2290658503988659,0.0,2,1,1,nan,0.12,0.3490658503988659,9.81,1,1,9,21,41,-3.0,3.0,0.01,30.0,60.0,1e-09,1e-12,6,0.0001,1,new simulation,nan
6,16,-0.01962634015954634,-0.6000000000000001,-0.3999999999999999,settled,0.6500000000000004,-0.2290658503988659,0.0,2,1,1,nan,0.12,0.3490658503988659,9.81,1,1,9,21,41,-3.0,3.0,0.01,30.0,60.0,1e-09,1e-12,6,0.0001,1,new simulation,nan
6,17,-0.01962634015954634,-0.4500000000000002,-0.3999999999999999,settled,0.6700000000000004,-0.2290658503988659,0.0,2,1,1,nan,0.12,0.3490658503988659,9.81,1,1,9,21,41,-3.0,3.0,0.01,30.0,60.0,1e-09,1e-12,6,0.0001,1,new simulation,nan
6,18,-0.01962634015954634,-0.30000000000000027,-0.3999999999999999,settled,0.7400000000000004,-0.2290658503988659,0.0,2,1,1,nan,0.12,0.3490658503988659,9.81,1,1,9,21,41,-3.0,3.0,0.01,30.0,60.0,1e-09,1e-12,6,0.0001,1,new simulation,nan
6,19,-0.01962634015954634,-0.1499999999999999,-0.3999999999999999,settled,0.8800000000000006,-0.2290658503988659,0.0,2,1,1,nan,0.12,0.3490658503988659,9.81,1,1,9,21,41,-3.0,3.0,0.01,30.0,60.0,1e-09,1e-12,6,0.0001,1,new simulation,nan
6,20,-0.01962634015954634,0.0,-0.3999999999999999,settled,1.270000000000001,-0.2290658503988659,0.0,2,1,1,nan,0.12,0.3490658503988659,9.81,1,1,9,21,41,-3.0,3.0,0.01,30.0,60.0,1e-09,1e-12,6,0.0001,1,new simulation,nan
6,21,-0.01962634015954634,0.1499999999999999,-0.3999999999999999,rolling,10.419999999999822,-0.22754647412455387,1.5083395429562039,20,20,0,1.510512443958281,0.12,0.3490658503988659,9.81,1,1,9,21,41,-3.0,3.0,0.01,30.0,60.0,1e-09,1e-12,6,0.0001,1,new simulation,nan
6,22,-0.01962634015954634,0.2999999999999998,-0.3999999999999999,rolling,10.08999999999983,-0.21970653706985002,1.4969895475789943,20,20,0,1.5105153580344652,0.12,0.3490658503988659,9.81,1,1,9,21,41,-3.0,3.0,0.01,30.0,60.0,1e-09,1e-12,6,0.0001,1,new simulation,nan
6,23,-0.01962634015954634,0.44999999999999973,-0.3999999999999999,rolling,9.899999999999833,-0.22699038265323854,1.5075258131267846,20,20,0,1.5105202128131439,0.12,0.3490658503988659,9.81,1,1,9,21,41,-3.0,3.0,0.01,30.0,60.0,1e-09,1e-12,6,0.0001,1,new simulation,nan
6,24,-0.01962634015954634,0.5999999999999996,-0.3999999999999999,rolling,9.759999999999836,-0.22385412347140338,1.5029584016633286,20,20,0,1.5105270108368039,0.12,0.3490658503988659,9.81,1,1,9,21,41,-3.0,3.0,0.01,30.0,60.0,1e-09,1e-12,6,0.0001,1,new simulation,nan
6,25,-0.01962634015954634,0.75,-0.3999999999999999,rolling,9.169999999999849,-0.22076660146937038,1.4985033981988511,19,19,0,1.510498960705421,0.12,0.3490658503988659,9.81,1,1,9,21,41,-3.0,3.0,0.01,30.0,60.0,1e-09,1e-12,6,0.0001,1,new simulation,nan
6,26,-0.01962634015954634,0.8999999999999999,-0.3999999999999999,rolling,9.059999999999851,-0.21886296465066024,1.4957868658157554,19,19,0,1.5105171645283988,0.12,0.3490658503988659,9.81,1,1,9,21,41,-3.0,3.0,0.01,30.0,60.0,1e-09,1e-12,6,0.0001,1,new simulation,nan
6,27,-0.01962634015954634,1.0499999999999998,-0.3999999999999999,rolling,8.489999999999863,-0.21429135351253586,1.489327632270799,18,18,0,1.5105039461690355,0.12,0.3490658503988659,9.81,1,1,9,21,41,-3.0,3.0,0.01,30.0,60.0,1e-09,1e-12,6,0.0001,1,new simulation,nan
6,28,-0.01962634015954634,1.2000000000000002,-0.3999999999999999,rolling,7.919999999999876,-0.2186685252384935,1.495510027411909,17,17,0,1.5105168468904564,0.12,0.3490658503988659,9.81,1,1,9,21,41,-3.0,3.0,0.01,30.0,60.0,1e-09,1e-12,6,0.0001,1,new simulation,nan
6,29,-0.01962634015954634,1.3499999999999996,-0.3999999999999999,rolling,5.949999999999918,-0.21782985555197182,1.494347485318515,13,13,0,1.5106768544082805,0.12,0.3490658503988659,9.81,1,1,9,21,41,-3.0,3.0,0.01,30.0,60.0,1e-09,1e-12,6,0.0001,1,new simulation,nan
6,30,-0.01962634015954634,1.5,-0.3999999999999999,rolling,8.20999999999987,-0.21698873425105822,1.4931506741964855,18,18,0,1.5106477583628044,0.12,0.3490658503988659,9.81,1,1,9,21,41,-3.0,3.0,0.01,30.0,60.0,1e-09,1e-12,6,0.0001,1,new simulation,nan
6,31,-0.01962634015954634,1.6499999999999995,-0.3999999999999999,rolling,8.589999999999861,-0.22501447125476814,1.5046666489720986,19,19,0,1.510657814796362,0.12,0.3490658503988659,9.81,1,1,9,21,41,-3.0,3.0,0.01,30.0,60.0,1e-09,1e-12,6,0.0001,1,new simulation,nan
6,32,-0.01962634015954634,1.7999999999999998,-0.3999999999999999,rolling,8.979999999999853,-0.2234632691478357,1.5024149287545123,20,20,0,1.5106513028455781,0.12,0.3490658503988659,9.81,1,1,9,21,41,-3.0,3.0,0.01,30.0,60.0,1e-09,1e-12,6,0.0001,1,new simulation,nan
6,33,-0.01962634015954634,1.9500000000000002,-0.3999999999999999,rolling,8.899999999999855,-0.22765617866744434,1.5085299112871116,20,20,0,1.510675575414563,0.12,0.3490658503988659,9.81,1,1,9,21,41,-3.0,3.0,0.01,30.0,60.0,1e-09,1e-12,6,0.0001,1,new simulation,nan
6,34,-0.01962634015954634,2.0999999999999996,-0.3999999999999999,rolling,9.299999999999846,-0.22068841317879048,1.4984195798680175,21,21,0,1.5106547773237484,0.12,0.3490658503988659,9.81,1,1,9,21,41,-3.0,3.0,0.01,30.0,60.0,1e-09,1e-12,6,0.0001,1,new simulation,nan
6,35,-0.01962634015954634,2.25,-0.3999999999999999,rolling,9.229999999999848,-0.21875553171155498,1.4956619134355797,21,21,0,1.510671300281091,0.12,0.3490658503988659,9.81,1,1,9,21,41,-3.0,3.0,0.01,30.0,60.0,1e-09,1e-12,6,0.0001,1,new simulation,nan
6,36,-0.01962634015954634,2.3999999999999995,-0.3999999999999999,rolling,9.62999999999984,-0.22005432405492975,1.4975104958549044,22,22,0,1.5106472502561832,0.12,0.3490658503988659,9.81,1,1,9,21,41,-3.0,3.0,0.01,30.0,60.0,1e-09,1e-12,6,0.0001,1,new simulation,nan
6,37,-0.01962634015954634,2.55,-0.3999999999999999,rolling,9.55999999999984,-0.22580809884390343,1.5058227662785177,22,22,0,1.5106582827343142,0.12,0.3490658503988659,9.81,1,1,9,21,41,-3.0,3.0,0.01,30.0,60.0,1e-09,1e-12,6,0.0001,1,new simulation,nan
6,38,-0.01962634015954634,2.7,-0.3999999999999999,rolling,9.499999999999842,-0.22001263615599043,1.497455012566477,22,22,0,1.5106699849248397,0.12,0.3490658503988659,9.81,1,1,9,21,41,-3.0,3.0,0.01,30.0,60.0,1e-09,1e-12,6,0.0001,1,new simulation,nan
6,39,-0.01962634015954634,2.8499999999999996,-0.3999999999999999,rolling,9.909999999999833,-0.21673627000479787,1.4927929370810251,23,23,0,1.510643371887994,0.12,0.3490658503988659,9.81,1,1,9,21,41,-3.0,3.0,0.01,30.0,60.0,1e-09,1e-12,6,0.0001,1,new simulation,nan
6,40,-0.01962634015954634,3.0,-0.3999999999999999,rolling,9.849999999999834,-0.21722265129969737,1.4934822698927872,23,23,0,1.5106510234695716,0.12,0.3490658503988659,9.81,1,1,9,21,41,-3.0,3.0,0.01,30.0,60.0,1e-09,1e-12,6,0.0001,1,new simulation,nan
7,0,0.015280244880340244,-3.0,-0.29999999999999993,settled,1.7400000000000013,-0.2290658503988659,0.0,4,1,3,nan,0.12,0.3490658503988659,9.81,1,1,9,21,41,-3.0,3.0,0.01,30.0,60.0,1e-09,1e-12,6,0.0001,1,new simulation,nan
7,1,0.015280244880340244,-2.85,-0.29999999999999993,rolling,11.259999999999804,-0.21971811394828167,1.497004708132026,22,20,2,1.5105077877723418,0.12,0.3490658503988659,9.81,1,1,9,21,41,-3.0,3.0,0.01,30.0,60.0,1e-09,1e-12,6,0.0001,1,new simulation,nan
7,2,0.015280244880340244,-2.7,-0.29999999999999993,rolling,10.919999999999812,-0.22619017994527443,1.5063510570516396,22,20,2,1.5104954146708975,0.12,0.3490658503988659,9.81,1,1,9,21,41,-3.0,3.0,0.01,30.0,60.0,1e-09,1e-12,6,0.0001,1,new simulation,nan
7,3,0.015280244880340244,-2.55,-0.29999999999999993,rolling,11.379999999999802,-0.21591544990847011,1.4916134546298008,23,21,2,1.5105268009371355,0.12,0.3490658503988659,9.81,1,1,9,21,41,-3.0,3.0,0.01,30.0,60.0,1e-09,1e-12,6,0.0001,1,new simulation,nan
7,4,0.015280244880340244,-2.4,-0.29999999999999993,rolling,11.4899999999998,-0.22697787301261219,1.5075075141928311,23,21,2,1.5105203253560473,0.12,0.3490658503988659,9.81,1,1,9,21,41,-3.0,3.0,0.01,30.0,60.0,1e-09,1e-12,6,0.0001,1,new simulation,nan
7,5,0.015280244880340244,-2.25,-0.29999999999999993,rolling,11.859999999999792,-0.22472122633822553,1.5042143516175774,23,21,2,1.5105142424298572,0.12,0.3490658503988659,9.81,1,1,9,21,41,-3.0,3.0,0.01,30.0,60.0,1e-09,1e-12,6,0.0001,1,new simulation,nan
7,6,0.015280244880340244,-2.1,-0.29999999999999993,settled,1.2200000000000009,-0.2290658503988659,0.0,3,1,2,nan,0.12,0.3490658503988659,9.81,1,1,9,21,41,-3.0,3.0,0.01,30.0,60.0,1e-09,1e-12,6,0.0001,1,new simulation,nan
7,7,0.015280244880340244,-1.95,-0.29999999999999993,settled,1.300000000000001,-0.2290658503988659,0.0,3,1,2,nan,0.12,0.3490658503988659,9.81,1,1,9,21,41,-3.0,3.0,0.01,30.0,60.0,1e-09,1e-12,6,0.0001,1,new simulation,nan
7,8,0.015280244880340244,-1.8,-0.29999999999999993,settled,1.7000000000000013,-0.2290658503988659,0.0,3,1,2,nan,0.12,0.3490658503988659,9.81,1,1,9,21,41,-3.0,3.0,0.01,30.0,60.0,1e-09,1e-12,6,0.0001,1,new simulation,nan
7,9,0.015280244880340244,-1.6500000000000001,-0.29999999999999993,rolling,10.689999999999817,-0.2168700203844732,1.4929562775979983,21,20,1,1.5105020500107313,0.12,0.3490658503988659,9.81,1,1,9,21,41,-3.0,3.0,0.01,30.0,60.0,1e-09,1e-12,6,0.0001,1,new simulation,nan
7,10,0.015280244880340244,-1.5,-0.29999999999999993,rolling,11.00999999999981,-0.21890333141284676,1.4958467795887158,22,21,1,1.5105305414561057,0.12,0.3490658503988659,9.81,1,1,9,21,41,-3.0,3.0,0.01,30.0,60.0,1e-09,1e-12,6,0.0001,1,new simulation,nan
7,11,0.015280244880340244,-1.35,-0.29999999999999993,rolling,11.01999999999981,-0.22072816681268564,1.4984528790811538,22,21,1,1.510524187687037,0.12,0.3490658503988659,9.81,1,1,9,21,41,-3.0,3.0,0.01,30.0,60.0,1e-09,1e-12,6,0.0001,1,new simulation,nan
7,12,0.015280244880340244,-1.2000000000000002,-0.29999999999999993,rolling,11.139999999999807,-0.2223018895489404,1.5007137437258908,22,21,1,1.5105185031568764,0.12,0.3490658503988659,9.81,1,1,9,21,41,-3.0,3.0,0.01,30.0,60.0,1e-09,1e-12,6,0.0001,1,new simulation,nan
7,13,0.015280244880340244,-1.05,-0.29999999999999993,rolling,11.519999999999799,-0.21427122839904733,1.4893011842701687,22,21,1,1.510513485789858,0.12,0.3490658503988659,9.81,1,1,9,21,41,-3.0,3.0,0.01,30.0,60.0,1e-09,1e-12,6,0.0001,1,new simulation,nan
7,14,0.015280244880340244,-0.8999999999999999,-0.29999999999999993,settled,0.7100000000000004,-0.2290658503988659,0.0,2,1,1,nan,0.12,0.3490658503988659,9.81,1,1,9,21,41,-3.0,3.0,0.01,30.0,60.0,1e-09,1e-12,6,0.0001,1,new simulation,nan
7,15,0.015280244880340244,-0.75,-0.29999999999999993,settled,0.7000000000000004,-0.2290658503988659,0.0,2,1,1,nan,0.12,0.3490658503988659,9.81,1,1,9,21,41,-3.0,3.0,0.01,30.0,60.0,1e-09,1e-12,6,0.0001,1,new simulation,nan
7,16,0.015280244880340244,-0.6000000000000001,-0.29999999999999993,settled,0.7100000000000004,-0.2290658503988659,0.0,2,1,1,nan,0.12,0.3490658503988659,9.81,1,1,9,21,41,-3.0,3.0,0.01,30.0,60.0,1e-09,1e-12,6,0.0001,1,new simulation,nan
7,17,0.015280244880340244,-0.4500000000000002,-0.29999999999999993,settled,0.7500000000000004,-0.2290658503988659,0.0,2,1,1,nan,0.12,0.3490658503988659,9.81,1,1,9,21,41,-3.0,3.0,0.01,30.0,60.0,1e-09,1e-12,6,0.0001,1,new simulation,nan
7,18,0.015280244880340244,-0.30000000000000027,-0.29999999999999993,settled,0.8600000000000005,-0.2290658503988659,0.0,2,1,1,nan,0.12,0.3490658503988659,9.81,1,1,9,21,41,-3.0,3.0,0.01,30.0,60.0,1e-09,1e-12,6,0.0001,1,new simulation,nan
7,19,0.015280244880340244,-0.1499999999999999,-0.29999999999999993,settled,1.1200000000000008,-0.2290658503988659,0.0,2,1,1,nan,0.12,0.3490658503988659,9.81,1,1,9,21,41,-3.0,3.0,0.01,30.0,60.0,1e-09,1e-12,6,0.0001,1,new simulation,nan
7,20,0.015280244880340244,0.0,-0.29999999999999993,rolling,10.629999999999818,-0.21621439546485188,1.4920321233414906,20,20,0,1.510511536819921,0.12,0.3490658503988659,9.81,1,1,9,21,41,-3.0,3.0,0.01,30.0,60.0,1e-09,1e-12,6,0.0001,1,new simulation,nan
7,21,0.015280244880340244,0.1499999999999999,-0.29999999999999993,rolling,10.169999999999828,-0.21675116577940964,1.492790170589745,20,20,0,1.5105125088594475,0.12,0.3490658503988659,9.81,1,1,9,21,41,-3.0,3.0,0.01,30.0,60.0,1e-09,1e-12,6,0.0001,1,new simulation,nan
7,22,0.015280244880340244,0.2999999999999998,-0.29999999999999993,rolling,9.969999999999832,-0.21840706662831275,1.4951378915413522,20,20,0,1.510515421811945,0.12,0.3490658503988659,9.81,1,1,9,21,41,-3.0,3.0,0.01,30.0,60.0,1e-09,1e-12,6,0.0001,1,new simulation,nan
7,23,0.015280244880340244,0.44999999999999973,-0.29999999999999993,rolling,9.819999999999835,-0.2276855170426108,1.5085450044514856,20,20,0,1.5105202782515283,0.12,0.3490658503988659,9.81,1,1,9,21,41,-3.0,3.0,0.01,30.0,60.0,1e-09,1e-12,6,0.0001,1,new simulation,nan
7,24,0.015280244880340244,0.5999999999999996,-0.29999999999999993,rolling,9.699999999999838,-0.22482536752630702,1.5043680388491483,20,20,0,1.5105270755596392,0.12,0.3490658503988659,9.81,1,1,9,21,41,-3.0,3.0,0.01,30.0,60.0,1e-09,1e-12,6,0.0001,1,new simulation,nan
7,25,0.015280244880340244,0.75,-0.29999999999999993,rolling,9.11999999999985,-0.22472889730368684,1.5042227583532326,19,19,0,1.5104990703115717,0.12,0.3490658503988659,9.81,1,1,9,21,41,-3.0,3.0,0.01,30.0,60.0,1e-09,1e-12,6,0.0001,1,new simulation,nan
7,26,0.015280244880340244,0.8999999999999999,-0.29999999999999993,rolling,9.019999999999852,-0.21975406128362338,1.4970577739657274,19,19,0,1.5105172727905736,0.12,0.3490658503988659,9.81,1,1,9,21,41,-3.0,3.0,0.01,30.0,60.0,1e-09,1e-12,6,0.0001,1,new simulation,nan
7,27,0.015280244880340244,1.0499999999999998,-0.29999999999999993,rolling,8.449999999999864,-0.22366046467600556,1.502673755597493,18,18,0,1.5105041330764488,0.12,0.3490658503988659,9.81,1,1,9,21,41,-3.0,3.0,0.01,30.0,60.0,1e-09,1e-12,6,0.0001,1,new simulation,nan
7,28,0.015280244880340244,1.2000000000000002,-0.29999999999999993,rolling,7.889999999999876,-0.21942607238713285,1.4965895085119507,17,17,0,1.5105171649896898,0.12,0.3490658503988659,9.81,1,1,9,21,41,-3.0,3.0,0.01,30.0,60.0,1e-09,1e-12,6,0.0001,1,new simulation,nan
7,29,0.015280244880340244,1.3499999999999996,-0.29999999999999993,rolling,5.919999999999918,-0.2235287617299406,1.502514810762973,13,13,0,1.5106795341971104,0.12,0.3490658503988659,9.81,1,1,9,21,41,-3.0,3.0,0.01,30.0,60.0,1e-09,1e-12,6,0.0001,1,new simulation,nan
7,30,0.015280244880340244,1.5,-0.29999999999999993,rolling,8.17999999999987,-0.22664591704604561,1.5070446772575348,18,18,0,1.5106479449479533,0.12,0.3490658503988659,9.81,1,1,9,21,41,-3.0,3.0,0.01,30.0,60.0,1e-09,1e-12,6,0.0001,1,new simulation,nan
7,31,0.015280244880340244,1.6499999999999995,-0.29999999999999993,rolling,8.569999999999862,-0.22289848950984117,1.501599690821646,19,19,0,1.5106579245040546,0.12,0.3490658503988659,9.81,1,1,9,21,41,-3.0,3.0,0.01,30.0,60.0,1e-09,1e-12,6,0.0001,1,new simulation,nan
7,32,0.015280244880340244,1.7999999999999998,-0.29999999999999993,rolling,8.959999999999853,-0.22404411553381215,1.503256256004924,20,20,0,1.5106513662494425,0.12,0.3490658503988659,9.81,1,1,9,21,41,-3.0,3.0,0.01,30.0,60.0,1e-09,1e-12,6,0.0001,1,new simulation,nan
7,33,0.015280244880340244,1.9500000000000002,-0.29999999999999993,rolling,8.889999999999855,-0.2155142028504262,1.4910756225298203,20,20,0,1.5106756404667567,0.12,0.3490658503988659,9.81,1,1,9,21,41,-3.0,3.0,0.01,30.0,60.0,1e-09,1e-12,6,0.0001,1,new simulation,nan
7,34,0.015280244880340244,2.0999999999999996,-0.29999999999999993,rolling,9.279999999999847,-0.22550014721163283,1.505373192893904,21,21,0,1.510654813857581,0.12,0.3490658503988659,9.81,1,1,9,21,41,-3.0,3.0,0.01,30.0,60.0,1e-09,1e-12,6,0.0001,1,new simulation,nan
7,35,0.015280244880340244,2.25,-0.29999999999999993,rolling,9.209999999999848,-0.22525172471324553,1.5050143558490459,21,21,0,1.510671338123762,0.12,0.3490658503988659,9.81,1,1,9,21,41,-3.0,3.0,0.01,30.0,60.0,1e-09,1e-12,6,0.0001,1,new simulation,nan
7,36,0.015280244880340244,2.3999999999999995,-0.29999999999999993,rolling,9.60999999999984,-0.22804384990869472,1.509094168155056,22,22,0,1.5106472708432594,0.12,0.3490658503988659,9.81,1,1,9,21,41,-3.0,3.0,0.01,30.0,60.0,1e-09,1e-12,6,0.0001,1,new simulation,nan
7,37,0.015280244880340244,2.55,-0.29999999999999993,rolling,9.54999999999984,-0.2200768626995022,1.4975447320688509,22,22,0,1.5106583056501395,0.12,0.3490658503988659,9.81,1,1,9,21,41,-3.0,3.0,0.01,30.0,60.0,1e-09,1e-12,6,0.0001,1,new simulation,nan
7,38,0.015280244880340244,2.7,-0.29999999999999993,rolling,9.489999999999842,-0.2154631038939995,1.491002710194259,22,22,0,1.51067000807947,0.12,0.3490658503988659,9.81,1,1,9,21,41,-3.0,3.0,0.01,30.0,60.0,1e-09,1e-12,6,0.0001,1,new simulation,nan
7,39,0.015280244880340244,2.8499999999999996,-0.29999999999999993,rolling,9.889999999999834,-0.228212216294566,1.5093409703517988,23,23,0,1.5106433859322037,0.12,0.3490658503988659,9.81,1,1,9,21,41,-3.0,3.0,0.01,30.0,60.0,1e-09,1e-12,6,0.0001,1,new simulation,nan
7,40,0.015280244880340244,3.0,-0.29999999999999993,rolling,9.839999999999835,-0.21463701181810593,1.4898389359988236,23,23,0,1.5106510383393796,0.12,0.3490658503988659,9.81,1,1,9,21,41,-3.0,3.0,0.01,30.0,60.0,1e-09,1e-12,6,0.0001,1,new simulation,nan
8,0,0.05018682992022683,-3.0,-0.19999999999999996,settled,1.7600000000000013,-0.2290658503988659,0.0,4,1,3,nan,0.12,0.3490658503988659,9.81,1,1,9,21,41,-3.0,3.0,0.01,30.0,60.0,1e-09,1e-12,6,0.0001,1,new simulation,nan
8,1,0.05018682992022683,-2.85,-0.19999999999999996,rolling,11.249999999999805,-0.21778441024006978,1.4942522147803845,22,20,2,1.5105074544018293,0.12,0.3490658503988659,9.81,1,1,9,21,41,-3.0,3.0,0.01,30.0,60.0,1e-09,1e-12,6,0.0001,1,new simulation,nan
8,2,0.05018682992022683,-2.7,-0.19999999999999996,rolling,10.929999999999811,-0.22658443808834924,1.5069272000475955,22,20,2,1.5104950807651738,0.12,0.3490658503988659,9.81,1,1,9,21,41,-3.0,3.0,0.01,30.0,60.0,1e-09,1e-12,6,0.0001,1,new simulation,nan
8,3,0.05018682992022683,-2.55,-0.19999999999999996,rolling,11.389999999999802,-0.22380781736221647,1.5028912375098669,23,21,2,1.5105266060660216,0.12,0.3490658503988659,9.81,1,1,9,21,41,-3.0,3.0,0.01,30.0,60.0,1e-09,1e-12,6,0.0001,1,new simulation,nan
8,4,0.05018682992022683,-2.4,-0.19999999999999996,rolling,11.509999999999799,-0.22805663983394772,1.509090073948684,23,21,2,1.510520129041909,0.12,0.3490658503988659,9.81,1,1,9,21,41,-3.0,3.0,0.01,30.0,60.0,1e-09,1e-12,6,0.0001,1,new simulation,nan
8,5,0.05018682992022683,-2.25,-0.19999999999999996,rolling,11.89999999999979,-0.2256111696620732,1.5055095900136326,23,21,2,1.5105140463762663,0.12,0.3490658503988659,9.81,1,1,9,21,41,-3.0,3.0,0.01,30.0,60.0,1e-09,1e-12,6,0.0001,1,new simulation,nan
8,6,0.05018682992022683,-2.1,-0.19999999999999996,settled,1.2400000000000009,-0.2290658503988659,0.0,3,1,2,nan,0.12,0.3490658503988659,9.81,1,1,9,21,41,-3.0,3.0,0.01,30.0,60.0,1e-09,1e-12,6,0.0001,1,new simulation,nan
8,7,0.05018682992022683,-1.95,-0.19999999999999996,settled,1.320000000000001,-0.2290658503988659,0.0,3,1,2,nan,0.12,0.3490658503988659,9.81,1,1,9,21,41,-3.0,3.0,0.01,30.0,60.0,1e-09,1e-12,6,0.0001,1,new simulation,nan
8,8,0.05018682992022683,-1.8,-0.19999999999999996,settled,1.7700000000000014,-0.2290658503988659,0.0,3,1,2,nan,0.12,0.3490658503988659,9.81,1,1,9,21,41,-3.0,3.0,0.01,30.0,60.0,1e-09,1e-12,6,0.0001,1,new simulation,nan
8,9,0.05018682992022683,-1.6500000000000001,-0.19999999999999996,rolling,10.689999999999817,-0.22798119148212975,1.5089758463611527,21,20,1,1.5105014828574337,0.12,0.3490658503988659,9.81,1,1,9,21,41,-3.0,3.0,0.01,30.0,60.0,1e-09,1e-12,6,0.0001,1,new simulation,nan
8,10,0.05018682992022683,-1.5,-0.19999999999999996,rolling,11.02999999999981,-0.22071579792856003,1.4984362420144852,22,21,1,1.5105302078245944,0.12,0.3490658503988659,9.81,1,1,9,21,41,-3.0,3.0,0.01,30.0,60.0,1e-09,1e-12,6,0.0001,1,new simulation,nan
8,11,0.05018682992022683,-1.35,-0.19999999999999996,rolling,11.049999999999809,-0.22013785877585795,1.4976075766590198,22,21,1,1.5105238543915311,0.12,0.3490658503988659,9.81,1,1,9,21,41,-3.0,3.0,0.01,30.0,60.0,1e-09,1e-12,6,0.0001,1,new simulation,nan
8,12,0.05018682992022683,-1.2000000000000002,-0.19999999999999996,rolling,11.179999999999806,-0.22478748114500277,1.5043113573428957,22,21,1,1.5105181702078223,0.12,0.3490658503988659,9.81,1,1,9,21,41,-3.0,3.0,0.01,30.0,60.0,1e-09,1e-12,6,0.0001,1,new simulation,nan
8,13,0.05018682992022683,-1.05,-0.19999999999999996,rolling,11.609999999999797,-0.22101158745315114,1.4988573197219341,22,21,1,1.5105131528713673,0.12,0.3490658503988659,9.81,1,1,9,21,41,-3.0,3.0,0.01,30.0,60.0,1e-09,1e-12,6,0.0001,1,new simulation,nan
8,14,0.05018682992022683,-0.8999999999999999,-0.19999999999999996,settled,0.7500000000000004,-0.2290658503988659,0.0,2,1,1,nan,0.12,0.3490658503988659,9.81,1,1,9,21,41,-3.0,3.0,0.01,30.0,60.0,1e-09,1e-12,6,0.0001,1,new simulation,nan
8,15,0.05018682992022683,-0.75,-0.19999999999999996,settled,0.7400000000000004,-0.2290658503988659,0.0,2,1,1,nan,0.12,0.3490658503988659,9.81,1,1,9,21,41,-3.0,3.0,0.01,30.0,60.0,1e-09,1e-12,6,0.0001,1,new simulation,nan
8,16,0.05018682992022683,-0.6000000000000001,-0.19999999999999996,settled,0.7700000000000005,-0.2290658503988659,0.0,2,1,1,nan,0.12,0.3490658503988659,9.81,1,1,9,21,41,-3.0,3.0,0.01,30.0,60.0,1e-09,1e-12,6,0.0001,1,new simulation,nan
8,17,0.05018682992022683,-0.4500000000000002,-0.19999999999999996,settled,0.8400000000000005,-0.2290658503988659,0.0,2,1,1,nan,0.12,0.3490658503988659,9.81,1,1,9,21,41,-3.0,3.0,0.01,30.0,60.0,1e-09,1e-12,6,0.0001,1,new simulation,nan
8,18,0.05018682992022683,-0.30000000000000027,-0.19999999999999996,settled,1.0300000000000007,-0.2290658503988659,0.0,2,1,1,nan,0.12,0.3490658503988659,9.81,1,1,9,21,41,-3.0,3.0,0.01,30.0,60.0,1e-09,1e-12,6,0.0001,1,new simulation,nan
8,19,0.05018682992022683,-0.1499999999999999,-0.19999999999999996,rolling,11.229999999999805,-0.22517614640891537,1.5048754898420238,20,20,0,1.5105115409801693,0.12,0.3490658503988659,9.81,1,1,9,21,41,-3.0,3.0,0.01,30.0,60.0,1e-09,1e-12,6,0.0001,1,new simulation,nan
8,20,0.05018682992022683,0.0,-0.19999999999999996,rolling,10.249999999999826,-0.2265672690414947,1.5069048848803615,20,20,0,1.5105105707130992,0.12,0.3490658503988659,9.81,1,1,9,21,41,-3.0,3.0,0.01,30.0,60.0,1e-09,1e-12,6,0.0001,1,new simulation,nan
8,21,0.05018682992022683,0.1499999999999999,-0.19999999999999996,rolling,10.02999999999983,-0.22570803017768534,1.5056503495708087,20,20,0,1.5105115409534935,0.12,0.3490658503988659,9.81,1,1,9,21,41,-3.0,3.0,0.01,30.0,60.0,1e-09,1e-12,6,0.0001,1,new simulation,nan
8,22,0.05018682992022683,0.2999999999999998,-0.19999999999999996,rolling,9.889999999999834,-0.21669594240650897,1.492712486471557,20,20,0,1.510514454697513,0.12,0.3490658503988659,9.81,1,1,9,21,41,-3.0,3.0,0.01,30.0,60.0,1e-09,1e-12,6,0.0001,1,new simulation,nan
8,23,0.05018682992022683,0.44999999999999973,-0.19999999999999996,rolling,9.769999999999836,-0.2161212712131179,1.491902204849817,20,20,0,1.5105193095836045,0.12,0.3490658503988659,9.81,1,1,9,21,41,-3.0,3.0,0.01,30.0,60.0,1e-09,1e-12,6,0.0001,1,new simulation,nan
8,24,0.05018682992022683,0.5999999999999996,-0.19999999999999996,rolling,9.659999999999838,-0.21790388975680894,1.4944251257474657,20,20,0,1.5105261073367509,0.12,0.3490658503988659,9.81,1,1,9,21,41,-3.0,3.0,0.01,30.0,60.0,1e-09,1e-12,6,0.0001,1,new simulation,nan
8,25,0.05018682992022683,0.75,-0.19999999999999996,rolling,9.08999999999985,-0.21522527379182943,1.490636843938962,19,19,0,1.510497421614794,0.12,0.3490658503988659,9.81,1,1,9,21,41,-3.0,3.0,0.01,30.0,60.0,1e-09,1e-12,6,0.0001,1,new simulation,nan
8,26,0.05018682992022683,0.8999999999999999,-0.19999999999999996,rolling,8.989999999999853,-0.21871529474911933,1.4955763631239716,19,19,0,1.510515624456172,0.12,0.3490658503988659,9.81,1,1,9,21,41,-3.0,3.0,0.01,30.0,60.0,1e-09,1e-12,6,0.0001,1,new simulation,nan
8,27,0.05018682992022683,1.0499999999999998,-0.19999999999999996,rolling,8.419999999999865,-0.22877488540313515,1.5101435535077532,18,18,0,1.51050132434991,0.12,0.3490658503988659,9.81,1,1,9,21,41,-3.0,3.0,0.01,30.0,60.0,1e-09,1e-12,6,0.0001,1,new simulation,nan
8,28,0.05018682992022683,1.2000000000000002,-0.19999999999999996,rolling,7.869999999999877,-0.21417838089027855,1.4891709598245875,17,17,0,1.5105123786396353,0.12,0.3490658503988659,9.81,1,1,9,21,41,-3.0,3.0,0.01,30.0,60.0,1e-09,1e-12,6,0.0001,1,new simulation,nan
8,29,0.05018682992022683,1.3499999999999996,-0.19999999999999996,rolling,5.429999999999929,-0.22260972183217634,1.5011859959380451,12,12,0,1.5106752021072767,0.12,0.3490658503988659,9.81,1,1,9,21,41,-3.0,3.0,0.01,30.0,60.0,1e-09,1e-12,6,0.0001,1,new simulation,nan
8,30,0.05018682992022683,1.5,-0.19999999999999996,rolling,8.15999999999987,-0.22791846172369917,1.508909550579927,18,18,0,1.5106451351592722,0.12,0.3490658503988659,9.81,1,1,9,21,41,-3.0,3.0,0.01,30.0,60.0,1e-09,1e-12,6,0.0001,1,new simulation,nan
8,31,0.05018682992022683,1.6499999999999995,-0.19999999999999996,rolling,8.549999999999862,-0.22657097204609009,1.5069365691733494,19,19,0,1.510656275921327,0.12,0.3490658503988659,9.81,1,1,9,21,41,-3.0,3.0,0.01,30.0,60.0,1e-09,1e-12,6,0.0001,1,new simulation,nan
8,32,0.05018682992022683,1.7999999999999998,-0.19999999999999996,rolling,8.949999999999854,-0.21473509671936275,1.4899764060179603,20,20,0,1.5106503990666134,0.12,0.3490658503988659,9.81,1,1,9,21,41,-3.0,3.0,0.01,30.0,60.0,1e-09,1e-12,6,0.0001,1,new simulation,nan
8,33,0.05018682992022683,1.9500000000000002,-0.19999999999999996,rolling,8.869999999999855,-0.22287387591280075,1.5015671767832723,20,20,0,1.510674672547774,0.12,0.3490658503988659,9.81,1,1,9,21,41,-3.0,3.0,0.01,30.0,60.0,1e-09,1e-12,6,0.0001,1,new simulation,nan
8,34,0.05018682992022683,2.0999999999999996,-0.19999999999999996,rolling,9.269999999999847,-0.21934731322226927,1.4965020393688038,21,21,0,1.5106542481266,0.12,0.3490658503988659,9.81,1,1,9,21,41,-3.0,3.0,0.01,30.0,60.0,1e-09,1e-12,6,0.0001,1,new simulation,nan
8,35,0.05018682992022683,2.25,-0.19999999999999996,rolling,9.199999999999848,-0.2203821531005293,1.4979838079963443,21,21,0,1.5106707702314441,0.12,0.3490658503988659,9.81,1,1,9,21,41,-3.0,3.0,0.01,30.0,60.0,1e-09,1e-12,6,0.0001,1,new simulation,nan
8,36,0.05018682992022683,2.3999999999999995,-0.19999999999999996,rolling,9.59999999999984,-0.22429404373094464,1.503617975609055,22,22,0,1.5106469390276824,0.12,0.3490658503988659,9.81,1,1,9,21,41,-3.0,3.0,0.01,30.0,60.0,1e-09,1e-12,6,0.0001,1,new simulation,nan
8,37,0.05018682992022683,2.55,-0.19999999999999996,rolling,9.539999999999841,-0.21735467222514243,1.4936704733243482,22,22,0,1.5106579721315712,0.12,0.3490658503988659,9.81,1,1,9,21,41,-3.0,3.0,0.01,30.0,60.0,1e-09,1e-12,6,0.0001,1,new simulation,nan
8,38,0.05018682992022683,2.7,-0.19999999999999996,rolling,9.469999999999843,-0.22863405071664103,1.5099664128004218,22,22,0,1.5106696741626264,0.12,0.3490658503988659,9.81,1,1,9,21,41,-3.0,3.0,0.01,30.0,60.0,1e-09,1e-12,6,0.0001,1,new simulation,nan
8,39,0.05018682992022683,2.8499999999999996,-0.19999999999999996,rolling,9.879999999999834,-0.22718187568257633,1.50782849608368,23,23,0,1.510643190644733,0.12,0.3490658503988659,9.81,1,1,9,21,41,-3.0,3.0,0.01,30.0,60.0,1e-09,1e-12,6,0.0001,1,new simulation,nan
8,40,0.05018682992022683,3.0,-0.19999999999999996,rolling,9.829999999999835,-0.21434598438552385,1.489430959293136,23,23,0,1.5106508412827504,0.12,0.3490658503988659,9.81,1,1,9,21,41,-3.0,3.0,0.01,30.0,60.0,1e-09,1e-12,6,0.0001,1,new simulation,nan
9,0,0.08509341496011341,-3.0,-0.09999999999999998,settled,1.8000000000000014,-0.2290658503988659,0.0,4,1,3,nan,0.12,0.3490658503988659,9.81,1,1,9,21,41,-3.0,3.0,0.01,30.0,60.0,1e-09,1e-12,6,0.0001,1,new simulation,nan
9,1,0.08509341496011341,-2.85,-0.09999999999999998,rolling,11.219999999999805,-0.21752719618099592,1.4938873960957473,22,20,2,1.5105067669648025,0.12,0.3490658503988659,9.81,1,1,9,21,41,-3.0,3.0,0.01,30.0,60.0,1e-09,1e-12,6,0.0001,1,new simulation,nan
9,2,0.08509341496011341,-2.7,-0.09999999999999998,rolling,10.939999999999811,-0.22351945492918712,1.502467862321142,22,20,2,1.5104943931189052,0.12,0.3490658503988659,9.81,1,1,9,21,41,-3.0,3.0,0.01,30.0,60.0,1e-09,1e-12,6,0.0001,1,new simulation,nan
9,3,0.08509341496011341,-2.55,-0.09999999999999998,rolling,11.409999999999801,-0.2198266063459855,1.4971630361887645,23,21,2,1.510526202346244,0.12,0.3490658503988659,9.81,1,1,9,21,41,-3.0,3.0,0.01,30.0,60.0,1e-09,1e-12,6,0.0001,1,new simulation,nan
9,4,0.08509341496011341,-2.4,-0.09999999999999998,rolling,11.539999999999798,-0.22506119247795794,1.5047096862637164,23,21,2,1.5105197276902933,0.12,0.3490658503988659,9.81,1,1,9,21,41,-3.0,3.0,0.01,30.0,60.0,1e-09,1e-12,6,0.0001,1,new simulation,nan
9,5,0.08509341496011341,-2.25,-0.09999999999999998,rolling,11.979999999999789,-0.21755828529114987,1.4939327103037021,23,21,2,1.5105136430592863,0.12,0.3490658503988659,9.81,1,1,9,21,41,-3.0,3.0,0.01,30.0,60.0,1e-09,1e-12,6,0.0001,1,new simulation,nan
9,6,0.08509341496011341,-2.1,-0.09999999999999998,settled,1.260000000000001,-0.2290658503988659,0.0,3,1,2,nan,0.12,0.3490658503988659,9.81,1,1,9,21,41,-3.0,3.0,0.01,30.0,60.0,1e-09,1e-12,6,0.0001,1,new simulation,nan
9,7,0.08509341496011341,-1.95,-0.09999999999999998,settled,1.360000000000001,-0.2290658503988659,0.0,3,1,2,nan,0.12,0.3490658503988659,9.81,1,1,9,21,41,-3.0,3.0,0.01,30.0,60.0,1e-09,1e-12,6,0.0001,1,new simulation,nan
9,8,0.08509341496011341,-1.8,-0.09999999999999998,settled,1.9400000000000015,-0.2290658503988659,0.0,3,1,2,nan,0.12,0.3490658503988659,9.81,1,1,9,21,41,-3.0,3.0,0.01,30.0,60.0,1e-09,1e-12,6,0.0001,1,new simulation,nan
9,9,0.08509341496011341,-1.6500000000000001,-0.09999999999999998,rolling,10.689999999999817,-0.22219548200595024,1.500557119346924,21,20,1,1.51050030960642,0.12,0.3490658503988659,9.81,1,1,9,21,41,-3.0,3.0,0.01,30.0,60.0,1e-09,1e-12,6,0.0001,1,new simulation,nan
9,10,0.08509341496011341,-1.5,-0.09999999999999998,rolling,11.049999999999809,-0.22108818362199054,1.4989701982939243,22,21,1,1.5105295200952007,0.12,0.3490658503988659,9.81,1,1,9,21,41,-3.0,3.0,0.01,30.0,60.0,1e-09,1e-12,6,0.0001,1,new simulation,nan
9,11,0.08509341496011341,-1.35,-0.09999999999999998,rolling,11.079999999999808,-0.2276769925370592,1.508533010592977,22,21,1,1.5105231658145304,0.12,0.3490658503988659,9.81,1,1,9,21,41,-3.0,3.0,0.01,30.0,60.0,1e-09,1e-12,6,0.0001,1,new simulation,nan
9,12,0.08509341496011341,-1.2000000000000002,-0.09999999999999998,rolling,11.239999999999805,-0.22249751960694544,1.5009955993808646,22,21,1,1.5105174813858533,0.12,0.3490658503988659,9.81,1,1,9,21,41,-3.0,3.0,0.01,30.0,60.0,1e-09,1e-12,6,0.0001,1,new simulation,nan
9,13,0.08509341496011341,-1.05,-0.09999999999999998,rolling,11.829999999999792,-0.22518454708576766,1.5048878855528722,22,21,1,1.5105124651663715,0.12,0.3490658503988659,9.81,1,1,9,21,41,-3.0,3.0,0.01,30.0,60.0,1e-09,1e-12,6,0.0001,1,new simulation,nan
9,14,0.08509341496011341,-0.8999999999999999,-0.09999999999999998,settled,0.7900000000000005,-0.2290658503988659,0.0,2,1,1,nan,0.12,0.3490658503988659,9.81,1,1,9,21,41,-3.0,3.0,0.01,30.0,60.0,1e-09,1e-12,6,0.0001,1,new simulation,nan
9,15,0.08509341496011341,-0.75,-0.09999999999999998,settled,0.7900000000000005,-0.2290658503988659,0.0,2,1,1,nan,0.12,0.3490658503988659,9.81,1,1,9,21,41,-3.0,3.0,0.01,30.0,60.0,1e-09,1e-12,6,0.0001,1,new simulation,nan
9,16,0.08509341496011341,-0.6000000000000001,-0.09999999999999998,settled,0.8400000000000005,-0.2290658503988659,0.0,2,1,1,nan,0.12,0.3490658503988659,9.81,1,1,9,21,41,-3.0,3.0,0.01,30.0,60.0,1e-09,1e-12,6,0.0001,1,new simulation,nan
9,17,0.08509341496011341,-0.4500000000000002,-0.09999999999999998,settled,0.9800000000000006,-0.2290658503988659,0.0,2,1,1,nan,0.12,0.3490658503988659,9.81,1,1,9,21,41,-3.0,3.0,0.01,30.0,60.0,1e-09,1e-12,6,0.0001,1,new simulation,nan
9,18,0.08509341496011341,-0.30000000000000027,-0.09999999999999998,settled,1.470000000000001,-0.2290658503988659,0.0,2,1,1,nan,0.12,0.3490658503988659,9.81,1,1,9,21,41,-3.0,3.0,0.01,30.0,60.0,1e-09,1e-12,6,0.0001,1,new simulation,nan
9,19,0.08509341496011341,-0.1499999999999999,-0.09999999999999998,rolling,10.359999999999824,-0.21601676557473135,1.4917530944938153,20,20,0,1.5105095440416914,0.12,0.3490658503988659,9.81,1,1,9,21,41,-3.0,3.0,0.01,30.0,60.0,1e-09,1e-12,6,0.0001,1,new simulation,nan
9,20,0.08509341496011341,0.0,-0.09999999999999998,rolling,10.09999999999983,-0.21950528915169487,1.4967009921565615,20,20,0,1.510508572725639,0.12,0.3490658503988659,9.81,1,1,9,21,41,-3.0,3.0,0.01,30.0,60.0,1e-09,1e-12,6,0.0001,1,new simulation,nan
9,21,0.08509341496011341,0.1499999999999999,-0.09999999999999998,rolling,9.949999999999832,-0.220258218062471,1.4977771763892627,20,20,0,1.5105095432488465,0.12,0.3490658503988659,9.81,1,1,9,21,41,-3.0,3.0,0.01,30.0,60.0,1e-09,1e-12,6,0.0001,1,new simulation,nan
9,22,0.08509341496011341,0.2999999999999998,-0.09999999999999998,rolling,9.829999999999835,-0.2233632479082375,1.5022451138391024,20,20,0,1.5105124579200835,0.12,0.3490658503988659,9.81,1,1,9,21,41,-3.0,3.0,0.01,30.0,60.0,1e-09,1e-12,6,0.0001,1,new simulation,nan
9,23,0.08509341496011341,0.44999999999999973,-0.09999999999999998,rolling,9.729999999999837,-0.214786250963732,1.4900239141655631,20,20,0,1.5105173126232323,0.12,0.3490658503988659,9.81,1,1,9,21,41,-3.0,3.0,0.01,30.0,60.0,1e-09,1e-12,6,0.0001,1,new simulation,nan
9,24,0.08509341496011341,0.5999999999999996,-0.09999999999999998,rolling,9.62999999999984,-0.21465075485763774,1.489835064513338,20,20,0,1.5105241091497472,0.12,0.3490658503988659,9.81,1,1,9,21,41,-3.0,3.0,0.01,30.0,60.0,1e-09,1e-12,6,0.0001,1,new simulation,nan
9,25,0.08509341496011341,0.75,-0.09999999999999998,rolling,9.529999999999841,-0.21964598270138505,1.4969062452085817,20,20,0,1.5105328497771675,0.12,0.3490658503988659,9.81,1,1,9,21,41,-3.0,3.0,0.01,30.0,60.0,1e-09,1e-12,6,0.0001,1,new simulation,nan
9,26,0.08509341496011341,0.8999999999999999,-0.09999999999999998,rolling,8.969999999999853,-0.21467348471633146,1.4898647783827528,19,19,0,1.5105122203810437,0.12,0.3490658503988659,9.81,1,1,9,21,41,-3.0,3.0,0.01,30.0,60.0,1e-09,1e-12,6,0.0001,1,new simulation,nan
9,27,0.08509341496011341,1.0499999999999998,-0.09999999999999998,rolling,8.399999999999865,-0.2288750805103112,1.5102901426264514,18,18,0,1.510495522948179,0.12,0.3490658503988659,9.81,1,1,9,21,41,-3.0,3.0,0.01,30.0,60.0,1e-09,1e-12,6,0.0001,1,new simulation,nan
9,28,0.08509341496011341,1.2000000000000002,-0.09999999999999998,rolling,7.849999999999877,-0.21738747948817885,1.4936886611620872,17,17,0,1.5105024918882035,0.12,0.3490658503988659,9.81,1,1,9,21,41,-3.0,3.0,0.01,30.0,60.0,1e-09,1e-12,6,0.0001,1,new simulation,nan
9,29,0.08509341496011341,1.3499999999999996,-0.09999999999999998,rolling,4.939999999999939,-0.2289953294988427,1.5104672105079253,11,11,0,1.5104945352914667,0.12,0.3490658503988659,9.81,1,1,9,21,41,-3.0,3.0,0.01,30.0,60.0,1e-09,1e-12,6,0.0001,1,new simulation,nan
9,30,0.08509341496011341,1.5,-0.09999999999999998,rolling,7.679999999999881,-0.22126944651249708,1.4992568726333313,17,17,0,1.5106754776380444,0.12,0.3490658503988659,9.81,1,1,9,21,41,-3.0,3.0,0.01,30.0,60.0,1e-09,1e-12,6,0.0001,1,new simulation,nan
9,31,0.08509341496011341,1.6499999999999995,-0.09999999999999998,rolling,8.539999999999862,-0.22081069316957824,1.4985945151549318,19,19,0,1.5106528721973713,0.12,0.3490658503988659,9.81,1,1,9,21,41,-3.0,3.0,0.01,30.0,60.0,1e-09,1e-12,6,0.0001,1,new simulation,nan
9,32,0.08509341496011341,1.7999999999999998,-0.09999999999999998,rolling,8.929999999999854,-0.22533216024386826,1.505127334313804,20,20,0,1.510648401577562,0.12,0.3490658503988659,9.81,1,1,9,21,41,-3.0,3.0,0.01,30.0,60.0,1e-09,1e-12,6,0.0001,1,new simulation,nan
9,33,0.08509341496011341,1.9500000000000002,-0.09999999999999998,rolling,8.859999999999856,-0.2196600957299947,1.4969517777731092,20,20,0,1.5106726754527162,0.12,0.3490658503988659,9.81,1,1,9,21,41,-3.0,3.0,0.01,30.0,60.0,1e-09,1e-12,6,0.0001,1,new simulation,nan
9,34,0.08509341496011341,2.0999999999999996,-0.09999999999999998,rolling,9.259999999999847,-0.21715714704323452,1.493389924280842,21,21,0,1.5106530753092853,0.12,0.3490658503988659,9.81,1,1,9,21,41,-3.0,3.0,0.01,30.0,60.0,1e-09,1e-12,6,0.0001,1,new simulation,nan
9,35,0.08509341496011341,2.25,-0.09999999999999998,rolling,9.189999999999849,-0.21908305181244775,1.4961280661201295,21,21,0,1.510669598772225,0.12,0.3490658503988659,9.81,1,1,9,21,41,-3.0,3.0,0.01,30.0,60.0,1e-09,1e-12,6,0.0001,1,new simulation,nan
9,36,0.08509341496011341,2.3999999999999995,-0.09999999999999998,rolling,9.58999999999984,-0.22378813505499903,1.5028843532048688,22,22,0,1.5106462506424292,0.12,0.3490658503988659,9.81,1,1,9,21,41,-3.0,3.0,0.01,30.0,60.0,1e-09,1e-12,6,0.0001,1,new simulation,nan
9,37,0.08509341496011341,2.55,-0.09999999999999998,rolling,9.529999999999841,-0.2175635931410468,1.4939663566294745,22,22,0,1.5106572850850573,0.12,0.3490658503988659,9.81,1,1,9,21,41,-3.0,3.0,0.01,30.0,60.0,1e-09,1e-12,6,0.0001,1,new simulation,nan
9,38,0.08509341496011341,2.7,-0.09999999999999998,rolling,9.469999999999843,-0.21449229387778532,1.4896393006504753,22,22,0,1.5106689870329653,0.12,0.3490658503988659,9.81,1,1,9,21,41,-3.0,3.0,0.01,30.0,60.0,1e-09,1e-12,6,0.0001,1,new simulation,nan
9,39,0.08509341496011341,2.8499999999999996,-0.09999999999999998,rolling,9.409999999999844,-0.2143752052463061,1.4894774651991105,22,22,0,1.5106813574134976,0.12,0.3490658503988659,9.81,1,1,9,21,41,-3.0,3.0,0.01,30.0,60.0,1e-09,1e-12,6,0.0001,1,new simulation,nan
9,40,0.08509341496011341,3.0,-0.09999999999999998,rolling,9.819999999999835,-0.216312783226813,1.4921962177281283,23,23,0,1.510650437652295,0.12,0.3490658503988659,9.81,1,1,9,21,41,-3.0,3.0,0.01,30.0,60.0,1e-09,1e-12,6,0.0001,1,new simulation,nan
10,0,0.12,-3.0,0.0,settled,1.8400000000000014,-0.2290658503988659,0.0,4,1,3,nan,0.12,0.3490658503988659,9.81,1,1,9,21,41,-3.0,3.0,0.01,30.0,60.0,1e-09,1e-12,6,0.0001,1,new simulation,nan
10,1,0.12,-2.85,0.0,rolling,11.179999999999806,-0.2174377643362618,1.4937604836487424,22,20,2,1.5105057243988496,0.12,0.3490658503988659,9.81,1,1,9,21,41,-3.0,3.0,0.01,30.0,60.0,1e-09,1e-12,6,0.0001,1,new simulation,nan
10,2,0.12,-2.7,0.0,rolling,11.419999999999801,-0.21783814616392722,1.4943329930075815,23,21,2,1.5105324579834847,0.12,0.3490658503988659,9.81,1,1,9,21,41,-3.0,3.0,0.01,30.0,60.0,1e-09,1e-12,6,0.0001,1,new simulation,nan
10,3,0.12,-2.55,0.0,rolling,11.4299999999998,-0.2201128265950817,1.4975720875779026,23,21,2,1.5105255906009163,0.12,0.3490658503988659,9.81,1,1,9,21,41,-3.0,3.0,0.01,30.0,60.0,1e-09,1e-12,6,0.0001,1,new simulation,nan
10,4,0.12,-2.4,0.0,rolling,11.579999999999798,-0.22039298466674442,1.4979718084213751,23,21,2,1.5105191150314619,0.12,0.3490658503988659,9.81,1,1,9,21,41,-3.0,3.0,0.01,30.0,60.0,1e-09,1e-12,6,0.0001,1,new simulation,nan
10,5,0.12,-2.25,0.0,rolling,12.109999999999786,-0.22197430200292756,1.5002408919238752,23,21,2,1.5105130315345774,0.12,0.3490658503988659,9.81,1,1,9,21,41,-3.0,3.0,0.01,30.0,60.0,1e-09,1e-12,6,0.0001,1,new simulation,nan
10,6,0.12,-2.1,0.0,settled,1.280000000000001,-0.2290658503988659,0.0,3,1,2,nan,0.12,0.3490658503988659,9.81,1,1,9,21,41,-3.0,3.0,0.01,30.0,60.0,1e-09,1e-12,6,0.0001,1,new simulation,nan
10,7,0.12,-1.95,0.0,settled,1.400000000000001,-0.2290658503988659,0.0,3,1,2,nan,0.12,0.3490658503988659,9.81,1,1,9,21,41,-3.0,3.0,0.01,30.0,60.0,1e-09,1e-12,6,0.0001,1,new simulation,nan
10,8,0.12,-1.8,0.0,settled,3.799999999999963,-0.2290658503988659,0.0,3,1,2,nan,0.12,0.3490658503988659,9.81,1,1,9,21,41,-3.0,3.0,0.01,30.0,60.0,1e-09,1e-12,6,0.0001,1,new simulation,nan
10,9,0.12,-1.6500000000000001,0.0,rolling,10.679999999999817,-0.2227985894124175,1.501426601600042,21,20,1,1.5104985352668105,0.12,0.3490658503988659,9.81,1,1,9,21,41,-3.0,3.0,0.01,30.0,60.0,1e-09,1e-12,6,0.0001,1,new simulation,nan
10,10,0.12,-1.5,0.0,rolling,11.069999999999808,-0.2234149768542442,1.502322842010105,22,21,1,1.5105284782964308,0.12,0.3490658503988659,9.81,1,1,9,21,41,-3.0,3.0,0.01,30.0,60.0,1e-09,1e-12,6,0.0001,1,new simulation,nan
10,11,0.12,-1.35,0.0,rolling,11.129999999999807,-0.21758704190799982,1.4939750124325084,22,21,1,1.5105221246534166,0.12,0.3490658503988659,9.81,1,1,9,21,41,-3.0,3.0,0.01,30.0,60.0,1e-09,1e-12,6,0.0001,1,new simulation,nan
10,12,0.12,-1.2000000000000002,0.0,rolling,11.319999999999803,-0.22832360506229143,1.5094819420284156,22,21,1,1.5105164388356076,0.12,0.3490658503988659,9.81,1,1,9,21,41,-3.0,3.0,0.01,30.0,60.0,1e-09,1e-12,6,0.0001,1,new simulation,nan
10,13,0.12,-1.05,0.0,settled,0.8300000000000005,-0.2290658503988659,0.0,2,1,1,nan,0.12,0.3490658503988659,9.81,1,1,9,21,41,-3.0,3.0,0.01,30.0,60.0,1e-09,1e-12,6,0.0001,1,new simulation,nan
10,14,0.12,-0.8999999999999999,0.0,settled,0.8200000000000005,-0.2290658503988659,0.0,2,1,1,nan,0.12,0.3490658503988659,9.81,1,1,9,21,41,-3.0,3.0,0.01,30.0,60.0,1e-09,1e-12,6,0.0001,1,new simulation,nan
10,15,0.12,-0.75,0.0,settled,0.8500000000000005,-0.2290658503988659,0.0,2,1,1,nan,0.12,0.3490658503988659,9.81,1,1,9,21,41,-3.0,3.0,0.01,30.0,60.0,1e-09,1e-12,6,0.0001,1,new simulation,nan
10,16,0.12,-0.6000000000000001,0.0,settled,0.9400000000000006,-0.2290658503988659,0.0,2,1,1,nan,0.12,0.3490658503988659,9.81,1,1,9,21,41,-3.0,3.0,0.01,30.0,60.0,1e-09,1e-12,6,0.0001,1,new simulation,nan
10,17,0.12,-0.4500000000000002,0.0,settled,1.2400000000000009,-0.2290658503988659,0.0,2,1,1,nan,0.12,0.3490658503988659,9.81,1,1,9,21,41,-3.0,3.0,0.01,30.0,60.0,1e-09,1e-12,6,0.0001,1,new simulation,nan
10,18,0.12,-0.30000000000000027,0.0,rolling,10.49999999999982,-0.21418440685574594,1.4891788599789875,20,20,0,1.5105094313454088,0.12,0.3490658503988659,9.81,1,1,9,21,41,-3.0,3.0,0.01,30.0,60.0,1e-09,1e-12,6,0.0001,1,new simulation,nan
10,19,0.12,-0.1499999999999999,0.0,rolling,10.169999999999828,-0.21649310741614414,1.4924245423443274,20,20,0,1.5105065173861965,0.12,0.3490658503988659,9.81,1,1,9,21,41,-3.0,3.0,0.01,30.0,60.0,1e-09,1e-12,6,0.0001,1,new simulation,nan
10,20,0.12,0.0,0.0,rolling,10.009999999999831,-0.2227307424354482,1.501329930890497,20,20,0,1.5105055471652842,0.12,0.3490658503988659,9.81,1,1,9,21,41,-3.0,3.0,0.01,30.0,60.0,1e-09,1e-12,6,0.0001,1,new simulation,nan
10,21,0.12,0.1499999999999999,0.0,rolling,9.899999999999833,-0.21582256936529615,1.4914789130994217,20,20,0,1.5105065176688537,0.12,0.3490658503988659,9.81,1,1,9,21,41,-3.0,3.0,0.01,30.0,60.0,1e-09,1e-12,6,0.0001,1,new simulation,nan
10,22,0.12,0.2999999999999998,0.0,rolling,9.799999999999836,-0.21440669095490375,1.489490224851251,20,20,0,1.5105094310738352,0.12,0.3490658503988659,9.81,1,1,9,21,41,-3.0,3.0,0.01,30.0,60.0,1e-09,1e-12,6,0.0001,1,new simulation,nan
10,23,0.12,0.44999999999999973,0.0,rolling,9.699999999999838,-0.21995573753030023,1.4973454205875683,20,20,0,1.5105142873562392,0.12,0.3490658503988659,9.81,1,1,9,21,41,-3.0,3.0,0.01,30.0,60.0,1e-09,1e-12,6,0.0001,1,new simulation,nan
10,24,0.12,0.5999999999999996,0.0,rolling,9.59999999999984,-0.22828301810206536,1.5094230786905158,20,20,0,1.5105210844383956,0.12,0.3490658503988659,9.81,1,1,9,21,41,-3.0,3.0,0.01,30.0,60.0,1e-09,1e-12,6,0.0001,1,new simulation,nan
10,25,0.12,0.75,0.0,rolling,9.509999999999842,-0.22356678356120221,1.5025427735852366,20,20,0,1.510529824378911,0.12,0.3490658503988659,9.81,1,1,9,21,41,-3.0,3.0,0.01,30.0,60.0,1e-09,1e-12,6,0.0001,1,new simulation,nan
10,26,0.12,0.8999999999999999,0.0,rolling,8.949999999999854,-0.22203643164695405,1.500329262638279,19,19,0,1.5105070641944431,0.12,0.3490658503988659,9.81,1,1,9,21,41,-3.0,3.0,0.01,30.0,60.0,1e-09,1e-12,6,0.0001,1,new simulation,nan
10,27,0.12,1.0499999999999998,0.0,rolling,8.859999999999856,-0.22290552111874784,1.5015864435843702,19,19,0,1.510528577995424,0.12,0.3490658503988659,9.81,1,1,9,21,41,-3.0,3.0,0.01,30.0,60.0,1e-09,1e-12,6,0.0001,1,new simulation,nan
10,28,0.12,1.2000000000000002,0.0,rolling,8.299999999999867,-0.22818263068419928,1.5092768835938266,18,18,0,1.5105290362551964,0.12,0.3490658503988659,9.81,1,1,9,21,41,-3.0,3.0,0.01,30.0,60.0,1e-09,1e-12,6,0.0001,1,new simulation,nan
10,29,0.12,1.3499999999999996,0.0,rolling,6.339999999999909,-0.22461252277915236,1.5040529329953036,14,14,0,1.510495021044617,0.12,0.3490658503988659,9.81,1,1,9,21,41,-3.0,3.0,0.01,30.0,60.0,1e-09,1e-12,6,0.0001,1,new simulation,nan
10,30,0.12,1.5,0.0,rolling,7.669999999999881,-0.22014718133539987,1.4976457036318833,17,17,0,1.510660507427333,0.12,0.3490658503988659,9.81,1,1,9,21,41,-3.0,3.0,0.01,30.0,60.0,1e-09,1e-12,6,0.0001,1,new simulation,nan
10,31,0.12,1.6499999999999995,0.0,rolling,8.529999999999863,-0.22055764160696448,1.4982309298051333,19,19,0,1.5106477168770753,0.12,0.3490658503988659,9.81,1,1,9,21,41,-3.0,3.0,0.01,30.0,60.0,1e-09,1e-12,6,0.0001,1,new simulation,nan
10,32,0.12,1.7999999999999998,0.0,rolling,8.919999999999854,-0.22582011749130015,1.5058379661834087,20,20,0,1.5106453761422864,0.12,0.3490658503988659,9.81,1,1,9,21,41,-3.0,3.0,0.01,30.0,60.0,1e-09,1e-12,6,0.0001,1,new simulation,nan
10,33,0.12,1.9500000000000002,0.0,rolling,8.849999999999856,-0.22078884977498692,1.4985662414466885,20,20,0,1.5106696514852558,0.12,0.3490658503988659,9.81,1,1,9,21,41,-3.0,3.0,0.01,30.0,60.0,1e-09,1e-12,6,0.0001,1,new simulation,nan
10,34,0.12,2.0999999999999996,0.0,rolling,9.249999999999847,-0.21885369350751735,1.495798027848672,21,21,0,1.5106512997614707,0.12,0.3490658503988659,9.81,1,1,9,21,41,-3.0,3.0,0.01,30.0,60.0,1e-09,1e-12,6,0.0001,1,new simulation,nan
10,35,0.12,2.25,0.0,rolling,9.179999999999849,-0.22129729851190025,1.4992954827851748,21,21,0,1.5106678236418514,0.12,0.3490658503988659,9.81,1,1,9,21,41,-3.0,3.0,0.01,30.0,60.0,1e-09,1e-12,6,0.0001,1,new simulation,nan
10,36,0.12,2.3999999999999995,0.0,rolling,9.57999999999984,-0.22648324978883935,1.5068063099412878,22,22,0,1.5106452087356737,0.12,0.3490658503988659,9.81,1,1,9,21,41,-3.0,3.0,0.01,30.0,60.0,1e-09,1e-12,6,0.0001,1,new simulation,nan
10,37,0.12,2.55,0.0,rolling,9.519999999999841,-0.22067221942118534,1.4983966399815516,22,22,0,1.5106562435130158,0.12,0.3490658503988659,9.81,1,1,9,21,41,-3.0,3.0,0.01,30.0,60.0,1e-09,1e-12,6,0.0001,1,new simulation,nan
10,38,0.12,2.7,0.0,rolling,9.459999999999843,-0.21798775586023708,1.4945699449576264,22,22,0,1.5106679455985923,0.12,0.3490658503988659,9.81,1,1,9,21,41,-3.0,3.0,0.01,30.0,60.0,1e-09,1e-12,6,0.0001,1,new simulation,nan
10,39,0.12,2.8499999999999996,0.0,rolling,9.399999999999844,-0.21823810884351091,1.4949277315856189,22,22,0,1.510680316320652,0.12,0.3490658503988659,9.81,1,1,9,21,41,-3.0,3.0,0.01,30.0,60.0,1e-09,1e-12,6,0.0001,1,new simulation,nan
10,40,0.12,3.0,0.0,rolling,9.809999999999835,-0.2205267862172251,1.4981871180290673,23,23,0,1.5106498273761513,0.12,0.3490658503988659,9.81,1,1,9,21,41,-3.0,3.0,0.01,30.0,60.0,1e-09,1e-12,6,0.0001,1,new simulation,nan
11,0,0.15490658503988658,-3.0,0.09999999999999998,settled,1.9200000000000015,-0.2290658503988659,0.0,4,1,3,nan,0.12,0.3490658503988659,9.81,1,1,9,21,41,-3.0,3.0,0.01,30.0,60.0,1e-09,1e-12,6,0.0001,1,new simulation,nan
11,1,0.15490658503988658,-2.85,0.09999999999999998,rolling,11.139999999999807,-0.21419604915813617,1.489194231373276,22,20,2,1.5105043303945154,0.12,0.3490658503988659,9.81,1,1,9,21,41,-3.0,3.0,0.01,30.0,60.0,1e-09,1e-12,6,0.0001,1,new simulation,nan
11,2,0.15490658503988658,-2.7,0.09999999999999998,rolling,11.419999999999801,-0.22804075719418593,1.5090688054859847,23,21,2,1.5105316406751268,0.12,0.3490658503988659,9.81,1,1,9,21,41,-3.0,3.0,0.01,30.0,60.0,1e-09,1e-12,6,0.0001,1,new simulation,nan
11,3,0.15490658503988658,-2.55,0.09999999999999998,rolling,11.4499999999998,-0.2264463068048647,1.5067305886461069,23,21,2,1.5105247722718456,0.12,0.3490658503988659,9.81,1,1,9,21,41,-3.0,3.0,0.01,30.0,60.0,1e-09,1e-12,6,0.0001,1,new simulation,nan
11,4,0.15490658503988658,-2.4,0.09999999999999998,rolling,11.629999999999797,-0.21828847071782298,1.4949698443753334,23,21,2,1.5105182955807208,0.12,0.3490658503988659,9.81,1,1,9,21,41,-3.0,3.0,0.01,30.0,60.0,1e-09,1e-12,6,0.0001,1,new simulation,nan
11,5,0.15490658503988658,-2.25,0.09999999999999998,rolling,12.40999999999978,-0.22259138075160576,1.5011300354134685,23,21,2,1.5105122139318397,0.12,0.3490658503988659,9.81,1,1,9,21,41,-3.0,3.0,0.01,30.0,60.0,1e-09,1e-12,6,0.0001,1,new simulation,nan
11,6,0.15490658503988658,-2.1,0.09999999999999998,settled,1.300000000000001,-0.2290658503988659,0.0,3,1,2,nan,0.12,0.3490658503988659,9.81,1,1,9,21,41,-3.0,3.0,0.01,30.0,60.0,1e-09,1e-12,6,0.0001,1,new simulation,nan
11,7,0.15490658503988658,-1.95,0.09999999999999998,settled,1.450000000000001,-0.2290658503988659,0.0,3,1,2,nan,0.12,0.3490658503988659,9.81,1,1,9,21,41,-3.0,3.0,0.01,30.0,60.0,1e-09,1e-12,6,0.0001,1,new simulation,nan
11,8,0.15490658503988658,-1.8,0.09999999999999998,rolling,11.159999999999807,-0.2192694650342918,1.4963646900735148,21,20,1,1.5105092650907153,0.12,0.3490658503988659,9.81,1,1,9,21,41,-3.0,3.0,0.01,30.0,60.0,1e-09,1e-12,6,0.0001,1,new simulation,nan
11,9,0.15490658503988658,-1.6500000000000001,0.09999999999999998,rolling,10.669999999999817,-0.2234268186730655,1.5023341309446931,21,20,1,1.5104961572948572,0.12,0.3490658503988659,9.81,1,1,9,21,41,-3.0,3.0,0.01,30.0,60.0,1e-09,1e-12,6,0.0001,1,new simulation,nan
11,10,0.15490658503988658,-1.5,0.09999999999999998,rolling,11.099999999999808,-0.21748914305140815,1.4938371652110736,22,21,1,1.5105270834292261,0.12,0.3490658503988659,9.81,1,1,9,21,41,-3.0,3.0,0.01,30.0,60.0,1e-09,1e-12,6,0.0001,1,new simulation,nan
11,11,0.15490658503988658,-1.35,0.09999999999999998,rolling,11.179999999999806,-0.22728012297742936,1.5079504249393143,22,21,1,1.5105207299938692,0.12,0.3490658503988659,9.81,1,1,9,21,41,-3.0,3.0,0.01,30.0,60.0,1e-09,1e-12,6,0.0001,1,new simulation,nan
11,12,0.15490658503988658,-1.2000000000000002,0.09999999999999998,rolling,11.4499999999998,-0.22890419581630622,1.5103365623673795,22,21,1,1.5105150445924178,0.12,0.3490658503988659,9.81,1,1,9,21,41,-3.0,3.0,0.01,30.0,60.0,1e-09,1e-12,6,0.0001,1,new simulation,nan
11,13,0.15490658503988658,-1.05,0.09999999999999998,settled,0.8600000000000005,-0.2290658503988659,0.0,2,1,1,nan,0.12,0.3490658503988659,9.81,1,1,9,21,41,-3.0,3.0,0.01,30.0,60.0,1e-09,1e-12,6,0.0001,1,new simulation,nan
11,14,0.15490658503988658,-0.8999999999999999,0.09999999999999998,settled,0.8700000000000006,-0.2290658503988659,0.0,2,1,1,nan,0.12,0.3490658503988659,9.81,1,1,9,21,41,-3.0,3.0,0.01,30.0,60.0,1e-09,1e-12,6,0.0001,1,new simulation,nan
11,15,0.15490658503988658,-0.75,0.09999999999999998,settled,0.9300000000000006,-0.2290658503988659,0.0,2,1,1,nan,0.12,0.3490658503988659,9.81,1,1,9,21,41,-3.0,3.0,0.01,30.0,60.0,1e-09,1e-12,6,0.0001,1,new simulation,nan
11,16,0.15490658503988658,-0.6000000000000001,0.09999999999999998,settled,1.1200000000000008,-0.2290658503988659,0.0,2,1,1,nan,0.12,0.3490658503988659,9.81,1,1,9,21,41,-3.0,3.0,0.01,30.0,60.0,1e-09,1e-12,6,0.0001,1,new simulation,nan
11,17,0.15490658503988658,-0.4500000000000002,0.09999999999999998,rolling,10.739999999999815,-0.21930123485955635,1.4964101720446006,20,20,0,1.5105102357480493,0.12,0.3490658503988659,9.81,1,1,9,21,41,-3.0,3.0,0.01,30.0,60.0,1e-09,1e-12,6,0.0001,1,new simulation,nan
11,18,0.15490658503988658,-0.30000000000000027,0.09999999999999998,rolling,10.239999999999826,-0.22030807179082484,1.497847769060696,20,20,0,1.510505381412336,0.12,0.3490658503988659,9.81,1,1,9,21,41,-3.0,3.0,0.01,30.0,60.0,1e-09,1e-12,6,0.0001,1,new simulation,nan
11,19,0.15490658503988658,-0.1499999999999999,0.09999999999999998,rolling,10.06999999999983,-0.22359634093755615,1.502580613353874,20,20,0,1.5105024670517644,0.12,0.3490658503988659,9.81,1,1,9,21,41,-3.0,3.0,0.01,30.0,60.0,1e-09,1e-12,6,0.0001,1,new simulation,nan
11,20,0.15490658503988658,0.0,0.09999999999999998,rolling,9.959999999999832,-0.2223638944192673,1.5008000364155782,20,20,0,1.5105014968525985,0.12,0.3490658503988659,9.81,1,1,9,21,41,-3.0,3.0,0.01,30.0,60.0,1e-09,1e-12,6,0.0001,1,new simulation,nan
11,21,0.15490658503988658,0.1499999999999999,0.09999999999999998,rolling,9.869999999999834,-0.21628005745515844,1.492123104128142,20,20,0,1.5105024687036206,0.12,0.3490658503988659,9.81,1,1,9,21,41,-3.0,3.0,0.01,30.0,60.0,1e-09,1e-12,6,0.0001,1,new simulation,nan
11,22,0.15490658503988658,0.2999999999999998,0.09999999999999998,rolling,9.779999999999836,-0.21600365536695404,1.491733857854308,20,20,0,1.5105053802605164,0.12,0.3490658503988659,9.81,1,1,9,21,41,-3.0,3.0,0.01,30.0,60.0,1e-09,1e-12,6,0.0001,1,new simulation,nan
11,23,0.15490658503988658,0.44999999999999973,0.09999999999999998,rolling,9.689999999999838,-0.21532024437776384,1.4907726838952788,20,20,0,1.5105102366390053,0.12,0.3490658503988659,9.81,1,1,9,21,41,-3.0,3.0,0.01,30.0,60.0,1e-09,1e-12,6,0.0001,1,new simulation,nan
11,24,0.15490658503988658,0.5999999999999996,0.09999999999999998,rolling,9.58999999999984,-0.22832612063461954,1.509485747951965,20,20,0,1.510517034031752,0.12,0.3490658503988659,9.81,1,1,9,21,41,-3.0,3.0,0.01,30.0,60.0,1e-09,1e-12,6,0.0001,1,new simulation,nan
11,25,0.15490658503988658,0.75,0.09999999999999998,rolling,9.499999999999842,-0.22609242342155664,1.5062137807447291,20,20,0,1.5105257742531857,0.12,0.3490658503988659,9.81,1,1,9,21,41,-3.0,3.0,0.01,30.0,60.0,1e-09,1e-12,6,0.0001,1,new simulation,nan
11,26,0.15490658503988658,0.8999999999999999,0.09999999999999998,rolling,8.939999999999854,-0.22584223620992475,1.5058440325883768,19,19,0,1.510500162570212,0.12,0.3490658503988659,9.81,1,1,9,21,41,-3.0,3.0,0.01,30.0,60.0,1e-09,1e-12,6,0.0001,1,new simulation,nan
11,27,0.15490658503988658,1.0499999999999998,0.09999999999999998,rolling,8.849999999999856,-0.22737521123561946,1.5080900035923668,19,19,0,1.5105216749759867,0.12,0.3490658503988659,9.81,1,1,9,21,41,-3.0,3.0,0.01,30.0,60.0,1e-09,1e-12,6,0.0001,1,new simulation,nan
11,28,0.15490658503988658,1.2000000000000002,0.09999999999999998,rolling,8.299999999999867,-0.21796958185235865,1.494516756851508,18,18,0,1.5105172757948362,0.12,0.3490658503988659,9.81,1,1,9,21,41,-3.0,3.0,0.01,30.0,60.0,1e-09,1e-12,6,0.0001,1,new simulation,nan
11,29,0.15490658503988658,1.3499999999999996,0.09999999999999998,rolling,7.269999999999889,-0.22817258927445364,1.5092608236940064,16,16,0,1.5105218307825083,0.12,0.3490658503988659,9.81,1,1,9,21,41,-3.0,3.0,0.01,30.0,60.0,1e-09,1e-12,6,0.0001,1,new simulation,nan
11,30,0.15490658503988658,1.5,0.09999999999999998,rolling,7.189999999999891,-0.2260214538984245,1.506137529100957,16,16,0,1.5106774096242785,0.12,0.3490658503988659,9.81,1,1,9,21,41,-3.0,3.0,0.01,30.0,60.0,1e-09,1e-12,6,0.0001,1,new simulation,nan
11,31,0.15490658503988658,1.6499999999999995,0.09999999999999998,rolling,8.049999999999873,-0.22654951394119321,1.5069091080604013,18,18,0,1.5106780015561385,0.12,0.3490658503988659,9.81,1,1,9,21,41,-3.0,3.0,0.01,30.0,60.0,1e-09,1e-12,6,0.0001,1,new simulation,nan
11,32,0.15490658503988658,1.7999999999999998,0.09999999999999998,rolling,8.449999999999864,-0.21691566627983486,1.4930529971277333,19,19,0,1.5106788722272764,0.12,0.3490658503988659,9.81,1,1,9,21,41,-3.0,3.0,0.01,30.0,60.0,1e-09,1e-12,6,0.0001,1,new simulation,nan
11,33,0.15490658503988658,1.9500000000000002,0.09999999999999998,rolling,8.839999999999856,-0.2262671674008919,1.5064942047961276,20,20,0,1.510665600333487,0.12,0.3490658503988659,9.81,1,1,9,21,41,-3.0,3.0,0.01,30.0,60.0,1e-09,1e-12,6,0.0001,1,new simulation,nan
11,34,0.15490658503988658,2.0999999999999996,0.09999999999999998,rolling,9.239999999999847,-0.22444660859121535,1.5038397802932697,21,21,0,1.5106489238823941,0.12,0.3490658503988659,9.81,1,1,9,21,41,-3.0,3.0,0.01,30.0,60.0,1e-09,1e-12,6,0.0001,1,new simulation,nan
11,35,0.15490658503988658,2.25,0.09999999999999998,rolling,9.169999999999849,-0.22703665742038587,1.5076197593135223,21,21,0,1.5106654473592134,0.12,0.3490658503988659,9.81,1,1,9,21,41,-3.0,3.0,0.01,30.0,60.0,1e-09,1e-12,6,0.0001,1,new simulation,nan
11,36,0.15490658503988658,2.3999999999999995,0.09999999999999998,rolling,9.57999999999984,-0.2173482793012218,1.4936588438952711,22,22,0,1.5106438144585737,0.12,0.3490658503988659,9.81,1,1,9,21,41,-3.0,3.0,0.01,30.0,60.0,1e-09,1e-12,6,0.0001,1,new simulation,nan
11,37,0.15490658503988658,2.55,0.09999999999999998,rolling,9.509999999999842,-0.2266946104863829,1.507117155285849,22,22,0,1.5106548488179057,0.12,0.3490658503988659,9.81,1,1,9,21,41,-3.0,3.0,0.01,30.0,60.0,1e-09,1e-12,6,0.0001,1,new simulation,nan
11,38,0.15490658503988658,2.7,0.09999999999999998,rolling,9.449999999999843,-0.22414403183468143,1.5034038919879893,22,22,0,1.5106665505785548,0.12,0.3490658503988659,9.81,1,1,9,21,41,-3.0,3.0,0.01,30.0,60.0,1e-09,1e-12,6,0.0001,1,new simulation,nan
11,39,0.15490658503988658,2.8499999999999996,0.09999999999999998,rolling,9.389999999999844,-0.22454769761148632,1.5039919931507857,22,22,0,1.5106789224323585,0.12,0.3490658503988659,9.81,1,1,9,21,41,-3.0,3.0,0.01,30.0,60.0,1e-09,1e-12,6,0.0001,1,new simulation,nan
11,40,0.15490658503988658,3.0,0.09999999999999998,rolling,9.799999999999836,-0.22700364970234235,1.5075684549267376,23,23,0,1.5106490085187743,0.12,0.3490658503988659,9.81,1,1,9,21,41,-3.0,3.0,0.01,30.0,60.0,1e-09,1e-12,6,0.0001,1,new simulation,nan
12,0,0.18981317007977322,-3.0,0.20000000000000012,settled,2.0300000000000007,-0.2290658503988659,0.0,4,1,3,nan,0.12,0.3490658503988659,9.81,1,1,9,21,41,-3.0,3.0,0.01,30.0,60.0,1e-09,1e-12,6,0.0001,1,new simulation,nan
12,1,0.18981317007977322,-2.85,0.20000000000000012,rolling,11.099999999999808,-0.21563165194771425,1.4912093711761158,22,20,2,1.5105025830363552,0.12,0.3490658503988659,9.81,1,1,9,21,41,-3.0,3.0,0.01,30.0,60.0,1e-09,1e-12,6,0.0001,1,new simulation,nan
12,2,0.18981317007977322,-2.7,0.20000000000000012,rolling,11.4299999999998,-0.22580521263992878,1.5057955202706896,23,21,2,1.5105306165910626,0.12,0.3490658503988659,9.81,1,1,9,21,41,-3.0,3.0,0.01,30.0,60.0,1e-09,1e-12,6,0.0001,1,new simulation,nan
12,3,0.18981317007977322,-2.55,0.20000000000000012,rolling,11.4799999999998,-0.22631794337521496,1.506542806060322,23,21,2,1.5105237479031963,0.12,0.3490658503988659,9.81,1,1,9,21,41,-3.0,3.0,0.01,30.0,60.0,1e-09,1e-12,6,0.0001,1,new simulation,nan
12,4,0.18981317007977322,-2.4,0.20000000000000012,rolling,11.689999999999795,-0.22624150604079413,1.5064299676751467,23,21,2,1.5105172722351876,0.12,0.3490658503988659,9.81,1,1,9,21,41,-3.0,3.0,0.01,30.0,60.0,1e-09,1e-12,6,0.0001,1,new simulation,nan
12,5,0.18981317007977322,-2.25,0.20000000000000012,settled,1.290000000000001,-0.2290658503988659,0.0,3,1,2,nan,0.12,0.3490658503988659,9.81,1,1,9,21,41,-3.0,3.0,0.01,30.0,60.0,1e-09,1e-12,6,0.0001,1,new simulation,nan
12,6,0.18981317007977322,-2.1,0.20000000000000012,settled,1.340000000000001,-0.2290658503988659,0.0,3,1,2,nan,0.12,0.3490658503988659,9.81,1,1,9,21,41,-3.0,3.0,0.01,30.0,60.0,1e-09,1e-12,6,0.0001,1,new simulation,nan
12,7,0.18981317007977322,-1.95,0.20000000000000012,settled,1.5400000000000011,-0.2290658503988659,0.0,3,1,2,nan,0.12,0.3490658503988659,9.81,1,1,9,21,41,-3.0,3.0,0.01,30.0,60.0,1e-09,1e-12,6,0.0001,1,new simulation,nan
12,8,0.18981317007977322,-1.8,0.20000000000000012,rolling,10.939999999999811,-0.22362152325028578,1.5026177620745595,21,20,1,1.5105062898348887,0.12,0.3490658503988659,9.81,1,1,9,21,41,-3.0,3.0,0.01,30.0,60.0,1e-09,1e-12,6,0.0001,1,new simulation,nan
12,9,0.18981317007977322,-1.6500000000000001,0.20000000000000012,rolling,11.139999999999807,-0.2160869693791837,1.491856216231684,22,21,1,1.5105323606050611,0.12,0.3490658503988659,9.81,1,1,9,21,41,-3.0,3.0,0.01,30.0,60.0,1e-09,1e-12,6,0.0001,1,new simulation,nan
12,10,0.18981317007977322,-1.5,0.20000000000000012,rolling,11.129999999999807,-0.22468027715566438,1.504156847954385,22,21,1,1.510525336964563,0.12,0.3490658503988659,9.81,1,1,9,21,41,-3.0,3.0,0.01,30.0,60.0,1e-09,1e-12,6,0.0001,1,new simulation,nan
12,11,0.18981317007977322,-1.35,0.20000000000000012,rolling,11.259999999999804,-0.22493742765655017,1.5045295191299735,22,21,1,1.510518984569386,0.12,0.3490658503988659,9.81,1,1,9,21,41,-3.0,3.0,0.01,30.0,60.0,1e-09,1e-12,6,0.0001,1,new simulation,nan
12,12,0.18981317007977322,-1.2000000000000002,0.20000000000000012,rolling,11.709999999999795,-0.2164684923903073,1.492391023515133,22,21,1,1.5105132981598457,0.12,0.3490658503988659,9.81,1,1,9,21,41,-3.0,3.0,0.01,30.0,60.0,1e-09,1e-12,6,0.0001,1,new simulation,nan
12,13,0.18981317007977322,-1.05,0.20000000000000012,settled,0.8900000000000006,-0.2290658503988659,0.0,2,1,1,nan,0.12,0.3490658503988659,9.81,1,1,9,21,41,-3.0,3.0,0.01,30.0,60.0,1e-09,1e-12,6,0.0001,1,new simulation,nan
12,14,0.18981317007977322,-0.8999999999999999,0.20000000000000012,settled,0.9300000000000006,-0.2290658503988659,0.0,2,1,1,nan,0.12,0.3490658503988659,9.81,1,1,9,21,41,-3.0,3.0,0.01,30.0,60.0,1e-09,1e-12,6,0.0001,1,new simulation,nan
12,15,0.18981317007977322,-0.75,0.20000000000000012,settled,1.0600000000000007,-0.2290658503988659,0.0,2,1,1,nan,0.12,0.3490658503988659,9.81,1,1,9,21,41,-3.0,3.0,0.01,30.0,60.0,1e-09,1e-12,6,0.0001,1,new simulation,nan
12,16,0.18981317007977322,-0.6000000000000001,0.20000000000000012,settled,2.0000000000000013,-0.2290658503988659,0.0,2,1,1,nan,0.12,0.3490658503988659,9.81,1,1,9,21,41,-3.0,3.0,0.01,30.0,60.0,1e-09,1e-12,6,0.0001,1,new simulation,nan
12,17,0.18981317007977322,-0.4500000000000002,0.20000000000000012,rolling,10.319999999999824,-0.2236690409187221,1.5026863607413534,20,20,0,1.5105051671943992,0.12,0.3490658503988659,9.81,1,1,9,21,41,-3.0,3.0,0.01,30.0,60.0,1e-09,1e-12,6,0.0001,1,new simulation,nan
12,18,0.18981317007977322,-0.30000000000000027,0.20000000000000012,rolling,10.129999999999828,-0.22280225994742292,1.5014322220825496,20,20,0,1.5105003117812361,0.12,0.3490658503988659,9.81,1,1,9,21,41,-3.0,3.0,0.01,30.0,60.0,1e-09,1e-12,6,0.0001,1,new simulation,nan
12,19,0.18981317007977322,-0.1499999999999999,0.20000000000000012,rolling,10.01999999999983,-0.2266964093622775,1.5070914029225762,20,20,0,1.5104973989819523,0.12,0.3490658503988659,9.81,1,1,9,21,41,-3.0,3.0,0.01,30.0,60.0,1e-09,1e-12,6,0.0001,1,new simulation,nan
12,20,0.18981317007977322,0.0,0.20000000000000012,rolling,9.939999999999833,-0.21953202005111336,1.4967369401148485,20,20,0,1.5104964271631216,0.12,0.3490658503988659,9.81,1,1,9,21,41,-3.0,3.0,0.01,30.0,60.0,1e-09,1e-12,6,0.0001,1,new simulation,nan
12,21,0.18981317007977322,0.1499999999999999,0.20000000000000012,rolling,9.859999999999834,-0.21823267811575933,1.4948867709791986,20,20,0,1.5104973980961283,0.12,0.3490658503988659,9.81,1,1,9,21,41,-3.0,3.0,0.01,30.0,60.0,1e-09,1e-12,6,0.0001,1,new simulation,nan
12,22,0.18981317007977322,0.2999999999999998,0.20000000000000012,rolling,9.769999999999836,-0.22780279196523007,1.5087135878847637,20,20,0,1.5105003116751592,0.12,0.3490658503988659,9.81,1,1,9,21,41,-3.0,3.0,0.01,30.0,60.0,1e-09,1e-12,6,0.0001,1,new simulation,nan
12,23,0.18981317007977322,0.44999999999999973,0.20000000000000012,rolling,9.689999999999838,-0.21631553999167,1.492173658463975,20,20,0,1.510505167520047,0.12,0.3490658503988659,9.81,1,1,9,21,41,-3.0,3.0,0.01,30.0,60.0,1e-09,1e-12,6,0.0001,1,new simulation,nan
12,24,0.18981317007977322,0.5999999999999996,0.20000000000000012,rolling,9.59999999999984,-0.21544688718510743,1.490951098602011,20,20,0,1.510511965387676,0.12,0.3490658503988659,9.81,1,1,9,21,41,-3.0,3.0,0.01,30.0,60.0,1e-09,1e-12,6,0.0001,1,new simulation,nan
12,25,0.18981317007977322,0.75,0.20000000000000012,rolling,9.499999999999842,-0.22782050368277476,1.5087432681262694,20,20,0,1.5105207041724855,0.12,0.3490658503988659,9.81,1,1,9,21,41,-3.0,3.0,0.01,30.0,60.0,1e-09,1e-12,6,0.0001,1,new simulation,nan
12,26,0.18981317007977322,0.8999999999999999,0.20000000000000012,rolling,9.409999999999844,-0.22580734396204252,1.5057987682352079,20,20,0,1.510531387957105,0.12,0.3490658503988659,9.81,1,1,9,21,41,-3.0,3.0,0.01,30.0,60.0,1e-09,1e-12,6,0.0001,1,new simulation,nan
12,27,0.18981317007977322,1.0499999999999998,0.20000000000000012,rolling,8.849999999999856,-0.2268653168153565,1.5073414041982882,19,19,0,1.5105130371713924,0.12,0.3490658503988659,9.81,1,1,9,21,41,-3.0,3.0,0.01,30.0,60.0,1e-09,1e-12,6,0.0001,1,new simulation,nan
12,28,0.18981317007977322,1.2000000000000002,0.20000000000000012,rolling,8.299999999999867,-0.21632941078441548,1.4921927551963083,18,18,0,1.5105025537569166,0.12,0.3490658503988659,9.81,1,1,9,21,41,-3.0,3.0,0.01,30.0,60.0,1e-09,1e-12,6,0.0001,1,new simulation,nan
12,29,0.18981317007977322,1.3499999999999996,0.20000000000000012,rolling,7.739999999999879,-0.2247850607895835,1.504308906449934,17,17,0,1.5105240864884915,0.12,0.3490658503988659,9.81,1,1,9,21,41,-3.0,3.0,0.01,30.0,60.0,1e-09,1e-12,6,0.0001,1,new simulation,nan
12,30,0.18981317007977322,1.5,0.20000000000000012,rolling,6.719999999999901,-0.2232631309207041,1.502128363093139,15,15,0,1.5106675234096938,0.12,0.3490658503988659,9.81,1,1,9,21,41,-3.0,3.0,0.01,30.0,60.0,1e-09,1e-12,6,0.0001,1,new simulation,nan
12,31,0.18981317007977322,1.6499999999999995,0.20000000000000012,rolling,8.049999999999873,-0.22237376169259923,1.5008435482857347,18,18,0,1.5106632828456459,0.12,0.3490658503988659,9.81,1,1,9,21,41,-3.0,3.0,0.01,30.0,60.0,1e-09,1e-12,6,0.0001,1,new simulation,nan
12,32,0.18981317007977322,1.7999999999999998,0.20000000000000012,rolling,8.439999999999864,-0.22720713256778569,1.5078703810175116,19,19,0,1.510670234388793,0.12,0.3490658503988659,9.81,1,1,9,21,41,-3.0,3.0,0.01,30.0,60.0,1e-09,1e-12,6,0.0001,1,new simulation,nan
12,33,0.18981317007977322,1.9500000000000002,0.20000000000000012,rolling,8.839999999999856,-0.22111401877219936,1.4990310243202845,20,20,0,1.5106605330058145,0.12,0.3490658503988659,9.81,1,1,9,21,41,-3.0,3.0,0.01,30.0,60.0,1e-09,1e-12,6,0.0001,1,new simulation,nan
12,34,0.18981317007977322,2.0999999999999996,0.20000000000000012,rolling,9.239999999999847,-0.2189655010514242,1.4959562900494423,21,21,0,1.5106459500222282,0.12,0.3490658503988659,9.81,1,1,9,21,41,-3.0,3.0,0.01,30.0,60.0,1e-09,1e-12,6,0.0001,1,new simulation,nan
12,35,0.18981317007977322,2.25,0.20000000000000012,rolling,9.169999999999849,-0.22128154856530535,1.4992718938273855,21,21,0,1.5106624721276478,0.12,0.3490658503988659,9.81,1,1,9,21,41,-3.0,3.0,0.01,30.0,60.0,1e-09,1e-12,6,0.0001,1,new simulation,nan
12,36,0.18981317007977322,2.3999999999999995,0.20000000000000012,rolling,9.09999999999985,-0.2271525670915862,1.5077922065598626,21,21,0,1.5106801353811292,0.12,0.3490658503988659,9.81,1,1,9,21,41,-3.0,3.0,0.01,30.0,60.0,1e-09,1e-12,6,0.0001,1,new simulation,nan
12,37,0.18981317007977322,2.55,0.20000000000000012,rolling,9.509999999999842,-0.22059965336239917,1.4982920920012173,22,22,0,1.5106531026058547,0.12,0.3490658503988659,9.81,1,1,9,21,41,-3.0,3.0,0.01,30.0,60.0,1e-09,1e-12,6,0.0001,1,new simulation,nan
12,38,0.18981317007977322,2.7,0.20000000000000012,rolling,9.449999999999843,-0.2179608607892652,1.4945311970353468,22,22,0,1.5106648050003795,0.12,0.3490658503988659,9.81,1,1,9,21,41,-3.0,3.0,0.01,30.0,60.0,1e-09,1e-12,6,0.0001,1,new simulation,nan
12,39,0.18981317007977322,2.8499999999999996,0.20000000000000012,rolling,9.389999999999844,-0.21829297604670883,1.495005122744358,22,22,0,1.5106771763885931,0.12,0.3490658503988659,9.81,1,1,9,21,41,-3.0,3.0,0.01,30.0,60.0,1e-09,1e-12,6,0.0001,1,new simulation,nan
12,40,0.18981317007977322,3.0,0.20000000000000012,rolling,9.799999999999836,-0.2206926775262184,1.498424459728923,23,23,0,1.5106479839658233,0.12,0.3490658503988659,9.81,1,1,9,21,41,-3.0,3.0,0.01,30.0,60.0,1e-09,1e-12,6,0.0001,1,new simulation,nan
13,0,0.2247197551196598,-3.0,0.3000000000000001,settled,2.259999999999996,-0.2290658503988659,0.0,4,1,3,nan,0.12,0.3490658503988659,9.81,1,1,9,21,41,-3.0,3.0,0.01,30.0,60.0,1e-09,1e-12,6,0.0001,1,new simulation,nan
13,1,0.2247197551196598,-2.85,0.3000000000000001,rolling,11.059999999999809,-0.22648308778012655,1.506779978597153,22,20,2,1.5105004895608676,0.12,0.3490658503988659,9.81,1,1,9,21,41,-3.0,3.0,0.01,30.0,60.0,1e-09,1e-12,6,0.0001,1,new simulation,nan
13,2,0.2247197551196598,-2.7,0.3000000000000001,rolling,11.4399999999998,-0.2288788615166311,1.5103018045970165,23,21,2,1.5105293864866773,0.12,0.3490658503988659,9.81,1,1,9,21,41,-3.0,3.0,0.01,30.0,60.0,1e-09,1e-12,6,0.0001,1,new simulation,nan
13,3,0.2247197551196598,-2.55,0.3000000000000001,rolling,11.519999999999799,-0.22326870361895002,1.5021101931647811,23,21,2,1.5105225176878603,0.12,0.3490658503988659,9.81,1,1,9,21,41,-3.0,3.0,0.01,30.0,60.0,1e-09,1e-12,6,0.0001,1,new simulation,nan
13,4,0.2247197551196598,-2.4,0.3000000000000001,rolling,11.779999999999793,-0.22876236883923318,1.5101277602788294,23,21,2,1.5105160416151096,0.12,0.3490658503988659,9.81,1,1,9,21,41,-3.0,3.0,0.01,30.0,60.0,1e-09,1e-12,6,0.0001,1,new simulation,nan
13,5,0.2247197551196598,-2.25,0.3000000000000001,settled,1.310000000000001,-0.2290658503988659,0.0,3,1,2,nan,0.12,0.3490658503988659,9.81,1,1,9,21,41,-3.0,3.0,0.01,30.0,60.0,1e-09,1e-12,6,0.0001,1,new simulation,nan
13,6,0.2247197551196598,-2.1,0.3000000000000001,settled,1.380000000000001,-0.2290658503988659,0.0,3,1,2,nan,0.12,0.3490658503988659,9.81,1,1,9,21,41,-3.0,3.0,0.01,30.0,60.0,1e-09,1e-12,6,0.0001,1,new simulation,nan
13,7,0.2247197551196598,-1.95,0.3000000000000001,settled,1.6900000000000013,-0.2290658503988659,0.0,3,1,2,nan,0.12,0.3490658503988659,9.81,1,1,9,21,41,-3.0,3.0,0.01,30.0,60.0,1e-09,1e-12,6,0.0001,1,new simulation,nan
13,8,0.2247197551196598,-1.8,0.3000000000000001,rolling,10.829999999999814,-0.21752461241129487,1.4938829991733549,21,20,1,1.5105027200284997,0.12,0.3490658503988659,9.81,1,1,9,21,41,-3.0,3.0,0.01,30.0,60.0,1e-09,1e-12,6,0.0001,1,new simulation,nan
13,9,0.2247197551196598,-1.6500000000000001,0.3000000000000001,rolling,11.139999999999807,-0.22404045808969814,1.5032290653039646,22,21,1,1.5105302664626679,0.12,0.3490658503988659,9.81,1,1,9,21,41,-3.0,3.0,0.01,30.0,60.0,1e-09,1e-12,6,0.0001,1,new simulation,nan
13,10,0.2247197551196598,-1.5,0.3000000000000001,rolling,11.179999999999806,-0.22401601719294212,1.5031923624651997,22,21,1,1.5105232434982216,0.12,0.3490658503988659,9.81,1,1,9,21,41,-3.0,3.0,0.01,30.0,60.0,1e-09,1e-12,6,0.0001,1,new simulation,nan
13,11,0.2247197551196598,-1.35,0.3000000000000001,rolling,11.379999999999802,-0.223416428135889,1.5023228481426993,22,21,1,1.5105168893038314,0.12,0.3490658503988659,9.81,1,1,9,21,41,-3.0,3.0,0.01,30.0,60.0,1e-09,1e-12,6,0.0001,1,new simulation,nan
13,12,0.2247197551196598,-1.2000000000000002,0.3000000000000001,settled,0.9300000000000006,-0.2290658503988659,0.0,2,1,1,nan,0.12,0.3490658503988659,9.81,1,1,9,21,41,-3.0,3.0,0.01,30.0,60.0,1e-09,1e-12,6,0.0001,1,new simulation,nan
13,13,0.2247197551196598,-1.05,0.3000000000000001,settled,0.9400000000000006,-0.2290658503988659,0.0,2,1,1,nan,0.12,0.3490658503988659,9.81,1,1,9,21,41,-3.0,3.0,0.01,30.0,60.0,1e-09,1e-12,6,0.0001,1,new simulation,nan
13,14,0.2247197551196598,-0.8999999999999999,0.3000000000000001,settled,1.0200000000000007,-0.2290658503988659,0.0,2,1,1,nan,0.12,0.3490658503988659,9.81,1,1,9,21,41,-3.0,3.0,0.01,30.0,60.0,1e-09,1e-12,6,0.0001,1,new simulation,nan
13,15,0.2247197551196598,-0.75,0.3000000000000001,settled,1.380000000000001,-0.2290658503988659,0.0,2,1,1,nan,0.12,0.3490658503988659,9.81,1,1,9,21,41,-3.0,3.0,0.01,30.0,60.0,1e-09,1e-12,6,0.0001,1,new simulation,nan
13,16,0.2247197551196598,-0.6000000000000001,0.3000000000000001,rolling,10.419999999999822,-0.2284676865107596,1.509692035267844,20,20,0,1.510505882671939,0.12,0.3490658503988659,9.81,1,1,9,21,41,-3.0,3.0,0.01,30.0,60.0,1e-09,1e-12,6,0.0001,1,new simulation,nan
13,17,0.2247197551196598,-0.4500000000000002,0.3000000000000001,rolling,10.189999999999827,-0.22126249511108018,1.4992149232106304,20,20,0,1.5104990843092312,0.12,0.3490658503988659,9.81,1,1,9,21,41,-3.0,3.0,0.01,30.0,60.0,1e-09,1e-12,6,0.0001,1,new simulation,nan
13,18,0.2247197551196598,-0.30000000000000027,0.3000000000000001,rolling,10.54999999999982,-0.22653373356767495,1.5068598851326407,21,21,0,1.5105329740710138,0.12,0.3490658503988659,9.81,1,1,9,21,41,-3.0,3.0,0.01,30.0,60.0,1e-09,1e-12,6,0.0001,1,new simulation,nan
13,19,0.2247197551196598,-0.1499999999999999,0.3000000000000001,rolling,10.479999999999821,-0.22198614391224608,1.500261242268722,21,21,0,1.5105312644577145,0.12,0.3490658503988659,9.81,1,1,9,21,41,-3.0,3.0,0.01,30.0,60.0,1e-09,1e-12,6,0.0001,1,new simulation,nan
13,20,0.2247197551196598,0.0,0.3000000000000001,rolling,10.409999999999823,-0.2263233944886914,1.506552022798744,21,21,0,1.510530694388473,0.12,0.3490658503988659,9.81,1,1,9,21,41,-3.0,3.0,0.01,30.0,60.0,1e-09,1e-12,6,0.0001,1,new simulation,nan
13,21,0.2247197551196598,0.1499999999999999,0.3000000000000001,rolling,10.339999999999824,-0.22295304734608412,1.5016555737965438,21,21,0,1.510531264999514,0.12,0.3490658503988659,9.81,1,1,9,21,41,-3.0,3.0,0.01,30.0,60.0,1e-09,1e-12,6,0.0001,1,new simulation,nan
13,22,0.2247197551196598,0.2999999999999998,0.3000000000000001,rolling,10.259999999999826,-0.22196053037758895,1.50022467798162,21,21,0,1.5105329736917705,0.12,0.3490658503988659,9.81,1,1,9,21,41,-3.0,3.0,0.01,30.0,60.0,1e-09,1e-12,6,0.0001,1,new simulation,nan
13,23,0.2247197551196598,0.44999999999999973,0.3000000000000001,rolling,9.699999999999838,-0.2256439709742284,1.5055547061676566,20,20,0,1.5104990847674726,0.12,0.3490658503988659,9.81,1,1,9,21,41,-3.0,3.0,0.01,30.0,60.0,1e-09,1e-12,6,0.0001,1,new simulation,nan
13,24,0.2247197551196598,0.5999999999999996,0.3000000000000001,rolling,9.60999999999984,-0.22174793949943697,1.4999138568382442,20,20,0,1.5105058822764577,0.12,0.3490658503988659,9.81,1,1,9,21,41,-3.0,3.0,0.01,30.0,60.0,1e-09,1e-12,6,0.0001,1,new simulation,nan
13,25,0.2247197551196598,0.75,0.3000000000000001,rolling,9.519999999999841,-0.21530658346343248,1.4907542772312163,20,20,0,1.5105146226474095,0.12,0.3490658503988659,9.81,1,1,9,21,41,-3.0,3.0,0.01,30.0,60.0,1e-09,1e-12,6,0.0001,1,new simulation,nan
13,26,0.2247197551196598,0.8999999999999999,0.3000000000000001,rolling,9.419999999999844,-0.22449554303622146,1.5038885000381466,20,20,0,1.5105253046471487,0.12,0.3490658503988659,9.81,1,1,9,21,41,-3.0,3.0,0.01,30.0,60.0,1e-09,1e-12,6,0.0001,1,new simulation,nan
13,27,0.2247197551196598,1.0499999999999998,0.3000000000000001,rolling,8.859999999999856,-0.22217047736046075,1.5005215243158339,19,19,0,1.5105026712199905,0.12,0.3490658503988659,9.81,1,1,9,21,41,-3.0,3.0,0.01,30.0,60.0,1e-09,1e-12,6,0.0001,1,new simulation,nan
13,28,0.2247197551196598,1.2000000000000002,0.3000000000000001,rolling,8.769999999999857,-0.22305577986529745,1.5018033115858813,19,19,0,1.5105274953233936,0.12,0.3490658503988659,9.81,1,1,9,21,41,-3.0,3.0,0.01,30.0,60.0,1e-09,1e-12,6,0.0001,1,new simulation,nan
13,29,0.2247197551196598,1.3499999999999996,0.3000000000000001,rolling,8.21999999999987,-0.2141902402956327,1.4891912950763964,18,18,0,1.5105328318280122,0.12,0.3490658503988659,9.81,1,1,9,21,41,-3.0,3.0,0.01,30.0,60.0,1e-09,1e-12,6,0.0001,1,new simulation,nan
13,30,0.2247197551196598,1.5,0.3000000000000001,rolling,4.849999999999941,-0.21436975875873732,1.4894406937123845,11,11,0,1.5105216087527717,0.12,0.3490658503988659,9.81,1,1,9,21,41,-3.0,3.0,0.01,30.0,60.0,1e-09,1e-12,6,0.0001,1,new simulation,nan
13,31,0.2247197551196598,1.6499999999999995,0.3000000000000001,rolling,8.049999999999873,-0.22400744683181237,1.5032020569910685,18,18,0,1.5106456238077806,0.12,0.3490658503988659,9.81,1,1,9,21,41,-3.0,3.0,0.01,30.0,60.0,1e-09,1e-12,6,0.0001,1,new simulation,nan
13,32,0.2247197551196598,1.7999999999999998,0.3000000000000001,rolling,8.439999999999864,-0.22758194098743298,1.5084181384053872,19,19,0,1.5106598708751153,0.12,0.3490658503988659,9.81,1,1,9,21,41,-3.0,3.0,0.01,30.0,60.0,1e-09,1e-12,6,0.0001,1,new simulation,nan
13,33,0.2247197551196598,1.9500000000000002,0.3000000000000001,rolling,8.839999999999856,-0.22046681897390022,1.498102071790839,20,20,0,1.5106544515554268,0.12,0.3490658503988659,9.81,1,1,9,21,41,-3.0,3.0,0.01,30.0,60.0,1e-09,1e-12,6,0.0001,1,new simulation,nan
13,34,0.2247197551196598,2.0999999999999996,0.3000000000000001,rolling,8.769999999999857,-0.21822977892263434,1.4949159601917155,20,20,0,1.5106806663246626,0.12,0.3490658503988659,9.81,1,1,9,21,41,-3.0,3.0,0.01,30.0,60.0,1e-09,1e-12,6,0.0001,1,new simulation,nan
13,35,0.2247197551196598,2.25,0.3000000000000001,rolling,9.169999999999849,-0.21913383554628463,1.4961984976946328,21,21,0,1.5106589035442637,0.12,0.3490658503988659,9.81,1,1,9,21,41,-3.0,3.0,0.01,30.0,60.0,1e-09,1e-12,6,0.0001,1,new simulation,nan
13,36,0.2247197551196598,2.3999999999999995,0.3000000000000001,rolling,9.09999999999985,-0.22444199502936535,1.503838076492342,21,21,0,1.5106765669522069,0.12,0.3490658503988659,9.81,1,1,9,21,41,-3.0,3.0,0.01,30.0,60.0,1e-09,1e-12,6,0.0001,1,new simulation,nan
13,37,0.2247197551196598,2.55,0.3000000000000001,rolling,9.509999999999842,-0.21746064325237718,1.4938193225499212,22,22,0,1.5106510084661326,0.12,0.3490658503988659,9.81,1,1,9,21,41,-3.0,3.0,0.01,30.0,60.0,1e-09,1e-12,6,0.0001,1,new simulation,nan
13,38,0.2247197551196598,2.7,0.3000000000000001,rolling,9.449999999999843,-0.21446751691262078,1.48960342813103,22,22,0,1.5106627122361835,0.12,0.3490658503988659,9.81,1,1,9,21,41,-3.0,3.0,0.01,30.0,60.0,1e-09,1e-12,6,0.0001,1,new simulation,nan
13,39,0.2247197551196598,2.8499999999999996,0.3000000000000001,rolling,9.389999999999844,-0.21450376642130142,1.4896564951137747,22,22,0,1.510675082827939,0.12,0.3490658503988659,9.81,1,1,9,21,41,-3.0,3.0,0.01,30.0,60.0,1e-09,1e-12,6,0.0001,1,new simulation,nan
13,40,0.2247197551196598,3.0,0.3000000000000001,rolling,9.799999999999836,-0.21665524348717713,1.4926790653529873,23,23,0,1.5106467551200282,0.12,0.3490658503988659,9.81,1,1,9,21,41,-3.0,3.0,0.01,30.0,60.0,1e-09,1e-12,6,0.0001,1,new simulation,nan
14,0,0.2596263401595464,-3.0,0.4000000000000001,rolling,11.93999999999979,-0.21787285445014196,1.4943783555882428,22,20,2,1.510511090204389,0.12,0.3490658503988659,9.81,1,1,9,21,41,-3.0,3.0,0.01,30.0,60.0,1e-09,1e-12,6,0.0001,1,new simulation,nan
14,1,0.2596263401595464,-2.85,0.4000000000000001,rolling,11.039999999999809,-0.21951852043894973,1.496717966366926,22,20,2,1.510498047993852,0.12,0.3490658503988659,9.81,1,1,9,21,41,-3.0,3.0,0.01,30.0,60.0,1e-09,1e-12,6,0.0001,1,new simulation,nan
14,2,0.2596263401595464,-2.7,0.4000000000000001,rolling,11.4599999999998,-0.22520613325372946,1.5049221025598065,23,21,2,1.5105279546692192,0.12,0.3490658503988659,9.81,1,1,9,21,41,-3.0,3.0,0.01,30.0,60.0,1e-09,1e-12,6,0.0001,1,new simulation,nan
14,3,0.2596263401595464,-2.55,0.4000000000000001,rolling,11.569999999999798,-0.22252500835797637,1.5010358987624015,23,21,2,1.510521086311672,0.12,0.3490658503988659,9.81,1,1,9,21,41,-3.0,3.0,0.01,30.0,60.0,1e-09,1e-12,6,0.0001,1,new simulation,nan
14,4,0.2596263401595464,-2.4,0.4000000000000001,rolling,11.92999999999979,-0.21488643706569582,1.4901640330591788,23,21,2,1.5105146100411064,0.12,0.3490658503988659,9.81,1,1,9,21,41,-3.0,3.0,0.01,30.0,60.0,1e-09,1e-12,6,0.0001,1,new simulation,nan
14,5,0.2596263401595464,-2.25,0.4000000000000001,settled,1.330000000000001,-0.2290658503988659,0.0,3,1,2,nan,0.12,0.3490658503988659,9.81,1,1,9,21,41,-3.0,3.0,0.01,30.0,60.0,1e-09,1e-12,6,0.0001,1,new simulation,nan
14,6,0.2596263401595464,-2.1,0.4000000000000001,settled,1.440000000000001,-0.2290658503988659,0.0,3,1,2,nan,0.12,0.3490658503988659,9.81,1,1,9,21,41,-3.0,3.0,0.01,30.0,60.0,1e-09,1e-12,6,0.0001,1,new simulation,nan
14,7,0.2596263401595464,-1.95,0.4000000000000001,settled,2.159999999999998,-0.2290658503988659,0.0,3,1,2,nan,0.12,0.3490658503988659,9.81,1,1,9,21,41,-3.0,3.0,0.01,30.0,60.0,1e-09,1e-12,6,0.0001,1,new simulation,nan
14,8,0.2596263401595464,-1.8,0.4000000000000001,rolling,10.759999999999815,-0.22546090833544302,1.5052878206217912,21,20,1,1.5104985608217882,0.12,0.3490658503988659,9.81,1,1,9,21,41,-3.0,3.0,0.01,30.0,60.0,1e-09,1e-12,6,0.0001,1,new simulation,nan
14,9,0.2596263401595464,-1.6500000000000001,0.4000000000000001,rolling,11.159999999999807,-0.22367141060360174,1.5026938893386783,22,21,1,1.5105278253478274,0.12,0.3490658503988659,9.81,1,1,9,21,41,-3.0,3.0,0.01,30.0,60.0,1e-09,1e-12,6,0.0001,1,new simulation,nan
14,10,0.2596263401595464,-1.5,0.4000000000000001,rolling,11.259999999999804,-0.21519693249236987,1.4906012729961255,22,21,1,1.510520801884972,0.12,0.3490658503988659,9.81,1,1,9,21,41,-3.0,3.0,0.01,30.0,60.0,1e-09,1e-12,6,0.0001,1,new simulation,nan
14,11,0.2596263401595464,-1.35,0.4000000000000001,rolling,11.599999999999797,-0.21650316171503003,1.4924401837750139,22,21,1,1.510514448333322,0.12,0.3490658503988659,9.81,1,1,9,21,41,-3.0,3.0,0.01,30.0,60.0,1e-09,1e-12,6,0.0001,1,new simulation,nan
14,12,0.2596263401595464,-1.2000000000000002,0.4000000000000001,settled,0.9600000000000006,-0.2290658503988659,0.0,2,1,1,nan,0.12,0.3490658503988659,9.81,1,1,9,21,41,-3.0,3.0,0.01,30.0,60.0,1e-09,1e-12,6,0.0001,1,new simulation,nan
14,13,0.2596263401595464,-1.05,0.4000000000000001,settled,1.0000000000000007,-0.2290658503988659,0.0,2,1,1,nan,0.12,0.3490658503988659,9.81,1,1,9,21,41,-3.0,3.0,0.01,30.0,60.0,1e-09,1e-12,6,0.0001,1,new simulation,nan
14,14,0.2596263401595464,-0.8999999999999999,0.4000000000000001,settled,1.2100000000000009,-0.2290658503988659,0.0,2,1,1,nan,0.12,0.3490658503988659,9.81,1,1,9,21,41,-3.0,3.0,0.01,30.0,60.0,1e-09,1e-12,6,0.0001,1,new simulation,nan
14,15,0.2596263401595464,-0.75,0.4000000000000001,rolling,10.579999999999819,-0.21977810511294196,1.4970903553521384,20,20,0,1.5105075344713061,0.12,0.3490658503988659,9.81,1,1,9,21,41,-3.0,3.0,0.01,30.0,60.0,1e-09,1e-12,6,0.0001,1,new simulation,nan
14,16,0.2596263401595464,-0.6000000000000001,0.4000000000000001,rolling,10.249999999999826,-0.22163563274303713,1.4997510558050289,20,20,0,1.5104987938883259,0.12,0.3490658503988659,9.81,1,1,9,21,41,-3.0,3.0,0.01,30.0,60.0,1e-09,1e-12,6,0.0001,1,new simulation,nan
14,17,0.2596263401595464,-0.4500000000000002,0.4000000000000001,rolling,10.609999999999818,-0.22189661041503056,1.5001324386411796,21,21,0,1.510531663991757,0.12,0.3490658503988659,9.81,1,1,9,21,41,-3.0,3.0,0.01,30.0,60.0,1e-09,1e-12,6,0.0001,1,new simulation,nan
14,18,0.2596263401595464,-0.30000000000000027,0.4000000000000001,rolling,10.54999999999982,-0.2228674539625654,1.5015315106327265,21,21,0,1.510528814168208,0.12,0.3490658503988659,9.81,1,1,9,21,41,-3.0,3.0,0.01,30.0,60.0,1e-09,1e-12,6,0.0001,1,new simulation,nan
14,19,0.2596263401595464,-0.1499999999999999,0.4000000000000001,rolling,10.49999999999982,-0.22669229395384824,1.5070907374105718,21,21,0,1.510527105303554,0.12,0.3490658503988659,9.81,1,1,9,21,41,-3.0,3.0,0.01,30.0,60.0,1e-09,1e-12,6,0.0001,1,new simulation,nan
14,20,0.2596263401595464,0.0,0.4000000000000001,rolling,10.449999999999822,-0.22179536997858063,1.4999858297395903,21,21,0,1.510526535087755,0.12,0.3490658503988659,9.81,1,1,9,21,41,-3.0,3.0,0.01,30.0,60.0,1e-09,1e-12,6,0.0001,1,new simulation,nan
14,21,0.2596263401595464,0.1499999999999999,0.4000000000000001,rolling,10.379999999999823,-0.2259597172190855,1.5060203079855137,21,21,0,1.510527105054332,0.12,0.3490658503988659,9.81,1,1,9,21,41,-3.0,3.0,0.01,30.0,60.0,1e-09,1e-12,6,0.0001,1,new simulation,nan
14,22,0.2596263401595464,0.2999999999999998,0.4000000000000001,rolling,10.299999999999825,-0.22300429057789628,1.5017291556621177,21,21,0,1.5105288149673664,0.12,0.3490658503988659,9.81,1,1,9,21,41,-3.0,3.0,0.01,30.0,60.0,1e-09,1e-12,6,0.0001,1,new simulation,nan
14,23,0.2596263401595464,0.44999999999999973,0.4000000000000001,rolling,10.209999999999827,-0.21877826643729623,1.4956689089821376,21,21,0,1.5105316637210031,0.12,0.3490658503988659,9.81,1,1,9,21,41,-3.0,3.0,0.01,30.0,60.0,1e-09,1e-12,6,0.0001,1,new simulation,nan
14,24,0.2596263401595464,0.5999999999999996,0.4000000000000001,rolling,9.639999999999839,-0.22166403658507788,1.4997918995806474,20,20,0,1.5104987940468917,0.12,0.3490658503988659,9.81,1,1,9,21,41,-3.0,3.0,0.01,30.0,60.0,1e-09,1e-12,6,0.0001,1,new simulation,nan
14,25,0.2596263401595464,0.75,0.4000000000000001,rolling,9.539999999999841,-0.221539877793573,1.4996149760441895,20,20,0,1.510507533696835,0.12,0.3490658503988659,9.81,1,1,9,21,41,-3.0,3.0,0.01,30.0,60.0,1e-09,1e-12,6,0.0001,1,new simulation,nan
14,26,0.2596263401595464,0.8999999999999999,0.4000000000000001,rolling,9.439999999999843,-0.22321992584704664,1.5020388873940473,20,20,0,1.5105182161392838,0.12,0.3490658503988659,9.81,1,1,9,21,41,-3.0,3.0,0.01,30.0,60.0,1e-09,1e-12,6,0.0001,1,new simulation,nan
14,27,0.2596263401595464,1.0499999999999998,0.4000000000000001,rolling,9.339999999999845,-0.22899012089943396,1.5104660606545373,20,20,0,1.5105308405111397,0.12,0.3490658503988659,9.81,1,1,9,21,41,-3.0,3.0,0.01,30.0,60.0,1e-09,1e-12,6,0.0001,1,new simulation,nan
14,28,0.2596263401595464,1.2000000000000002,0.4000000000000001,rolling,8.779999999999857,-0.2255746286009315,1.5054565759190188,19,19,0,1.5105154152453393,0.12,0.3490658503988659,9.81,1,1,9,21,41,-3.0,3.0,0.01,30.0,60.0,1e-09,1e-12,6,0.0001,1,new simulation,nan
14,29,0.2596263401595464,1.3499999999999996,0.4000000000000001,rolling,8.21999999999987,-0.22769180262515112,1.5085527855663123,18,18,0,1.5105122483156228,0.12,0.3490658503988659,9.81,1,1,9,21,41,-3.0,3.0,0.01,30.0,60.0,1e-09,1e-12,6,0.0001,1,new simulation,nan
14,30,0.2596263401595464,1.5,0.4000000000000001,rolling,7.199999999999891,-0.22101584154526072,1.4988653184592495,16,16,0,1.510523609478286,0.12,0.3490658503988659,9.81,1,1,9,21,41,-3.0,3.0,0.01,30.0,60.0,1e-09,1e-12,6,0.0001,1,new simulation,nan
14,31,0.2596263401595464,1.6499999999999995,0.4000000000000001,rolling,7.589999999999883,-0.2175091363846257,1.4938880580445653,17,17,0,1.5106511225264523,0.12,0.3490658503988659,9.81,1,1,9,21,41,-3.0,3.0,0.01,30.0,60.0,1e-09,1e-12,6,0.0001,1,new simulation,nan
14,32,0.2596263401595464,1.7999999999999998,0.4000000000000001,rolling,8.449999999999864,-0.2182695464812381,1.4949664875469255,19,19,0,1.5106477939365563,0.12,0.3490658503988659,9.81,1,1,9,21,41,-3.0,3.0,0.01,30.0,60.0,1e-09,1e-12,6,0.0001,1,new simulation,nan
14,33,0.2596263401595464,1.9500000000000002,0.4000000000000001,rolling,8.839999999999856,-0.22449493324812406,1.5039096655454292,20,20,0,1.5106473648707357,0.12,0.3490658503988659,9.81,1,1,9,21,41,-3.0,3.0,0.01,30.0,60.0,1e-09,1e-12,6,0.0001,1,new simulation,nan
14,34,0.2596263401595464,2.0999999999999996,0.4000000000000001,rolling,8.769999999999857,-0.22088377935817174,1.4987030693934353,20,20,0,1.5106735790851848,0.12,0.3490658503988659,9.81,1,1,9,21,41,-3.0,3.0,0.01,30.0,60.0,1e-09,1e-12,6,0.0001,1,new simulation,nan
14,35,0.2596263401595464,2.25,0.4000000000000001,rolling,9.169999999999849,-0.22067006406345807,1.4983932784397798,21,21,0,1.5106547453600234,0.12,0.3490658503988659,9.81,1,1,9,21,41,-3.0,3.0,0.01,30.0,60.0,1e-09,1e-12,6,0.0001,1,new simulation,nan
14,36,0.2596263401595464,2.3999999999999995,0.4000000000000001,rolling,9.09999999999985,-0.22505718666713592,1.5047314252378827,21,21,0,1.5106724080099507,0.12,0.3490658503988659,9.81,1,1,9,21,41,-3.0,3.0,0.01,30.0,60.0,1e-09,1e-12,6,0.0001,1,new simulation,nan
14,37,0.2596263401595464,2.55,0.4000000000000001,rolling,9.509999999999842,-0.21730739752515624,1.4936018112571556,22,22,0,1.5106485676680101,0.12,0.3490658503988659,9.81,1,1,9,21,41,-3.0,3.0,0.01,30.0,60.0,1e-09,1e-12,6,0.0001,1,new simulation,nan
14,38,0.2596263401595464,2.7,0.4000000000000001,rolling,9.439999999999843,-0.22867138155735858,1.5100196940253912,22,22,0,1.510660270261426,0.12,0.3490658503988659,9.81,1,1,9,21,41,-3.0,3.0,0.01,30.0,60.0,1e-09,1e-12,6,0.0001,1,new simulation,nan
14,39,0.2596263401595464,2.8499999999999996,0.4000000000000001,rolling,9.379999999999844,-0.22817018387716606,1.5092844362470867,22,22,0,1.510672640927386,0.12,0.3490658503988659,9.81,1,1,9,21,41,-3.0,3.0,0.01,30.0,60.0,1e-09,1e-12,6,0.0001,1,new simulation,nan
14,40,0.2596263401595464,3.0,0.4000000000000001,rolling,9.799999999999836,-0.2148896486900247,1.4901923747055974,23,23,0,1.510645324447422,0.12,0.3490658503988659,9.81,1,1,9,21,41,-3.0,3.0,0.01,30.0,60.0,1e-09,1e-12,6,0.0001,1,new simulation,nan
15,0,0.2945329251994329,-3.0,0.49999999999999994,rolling,11.399999999999801,-0.21635481115514457,1.492229649202145,22,20,2,1.51050830706496,0.12,0.3490658503988659,9.81,1,1,9,21,41,-3.0,3.0,0.01,30.0,60.0,1e-09,1e-12,6,0.0001,1,new simulation,nan
15,1,0.2945329251994329,-2.85,0.49999999999999994,rolling,11.01999999999981,-0.22660363810534564,1.506955314172854,22,20,2,1.5104952643131888,0.12,0.3490658503988659,9.81,1,1,9,21,41,-3.0,3.0,0.01,30.0,60.0,1e-09,1e-12,6,0.0001,1,new simulation,nan
15,2,0.2945329251994329,-2.7,0.49999999999999994,rolling,11.4899999999998,-0.2183700634691241,1.4950872690607275,23,21,2,1.510526321404955,0.12,0.3490658503988659,9.81,1,1,9,21,41,-3.0,3.0,0.01,30.0,60.0,1e-09,1e-12,6,0.0001,1,new simulation,nan
15,3,0.2945329251994329,-2.55,0.49999999999999994,rolling,11.639999999999796,-0.21744722483826082,1.4937763844471927,23,21,2,1.5105194525912682,0.12,0.3490658503988659,9.81,1,1,9,21,41,-3.0,3.0,0.01,30.0,60.0,1e-09,1e-12,6,0.0001,1,new simulation,nan
15,4,0.2945329251994329,-2.4,0.49999999999999994,rolling,12.199999999999784,-0.21955348826974386,1.49677058675365,23,21,2,1.5105129766572551,0.12,0.3490658503988659,9.81,1,1,9,21,41,-3.0,3.0,0.01,30.0,60.0,1e-09,1e-12,6,0.0001,1,new simulation,nan
15,5,0.2945329251994329,-2.25,0.49999999999999994,settled,1.360000000000001,-0.2290658503988659,0.0,3,1,2,nan,0.12,0.3490658503988659,9.81,1,1,9,21,41,-3.0,3.0,0.01,30.0,60.0,1e-09,1e-12,6,0.0001,1,new simulation,nan
15,6,0.2945329251994329,-2.1,0.49999999999999994,settled,1.5200000000000011,-0.2290658503988659,0.0,3,1,2,nan,0.12,0.3490658503988659,9.81,1,1,9,21,41,-3.0,3.0,0.01,30.0,60.0,1e-09,1e-12,6,0.0001,1,new simulation,nan
15,7,0.2945329251994329,-1.95,0.49999999999999994,rolling,11.109999999999808,-0.2241753610170633,1.5034206919697632,21,20,1,1.5105080635091965,0.12,0.3490658503988659,9.81,1,1,9,21,41,-3.0,3.0,0.01,30.0,60.0,1e-09,1e-12,6,0.0001,1,new simulation,nan
15,8,0.2945329251994329,-1.8,0.49999999999999994,rolling,11.199999999999806,-0.22380169257247323,1.502883473311143,22,21,1,1.5105327330659009,0.12,0.3490658503988659,9.81,1,1,9,21,41,-3.0,3.0,0.01,30.0,60.0,1e-09,1e-12,6,0.0001,1,new simulation,nan
15,9,0.2945329251994329,-1.6500000000000001,0.49999999999999994,rolling,11.199999999999806,-0.22427700816775212,1.5035712292749217,22,21,1,1.510525041247649,0.12,0.3490658503988659,9.81,1,1,9,21,41,-3.0,3.0,0.01,30.0,60.0,1e-09,1e-12,6,0.0001,1,new simulation,nan
15,10,0.2945329251994329,-1.5,0.49999999999999994,rolling,11.369999999999802,-0.22834432211944805,1.5095127021583135,22,21,1,1.5105180179286581,0.12,0.3490658503988659,9.81,1,1,9,21,41,-3.0,3.0,0.01,30.0,60.0,1e-09,1e-12,6,0.0001,1,new simulation,nan
15,11,0.2945329251994329,-1.35,0.49999999999999994,rolling,13.089999999999765,-0.2277043587726701,1.5085711111770135,22,21,1,1.510511664676242,0.12,0.3490658503988659,9.81,1,1,9,21,41,-3.0,3.0,0.01,30.0,60.0,1e-09,1e-12,6,0.0001,1,new simulation,nan
15,12,0.2945329251994329,-1.2000000000000002,0.49999999999999994,settled,1.0000000000000007,-0.2290658503988659,0.0,2,1,1,nan,0.12,0.3490658503988659,9.81,1,1,9,21,41,-3.0,3.0,0.01,30.0,60.0,1e-09,1e-12,6,0.0001,1,new simulation,nan
15,13,0.2945329251994329,-1.05,0.49999999999999994,settled,1.1300000000000008,-0.2290658503988659,0.0,2,1,1,nan,0.12,0.3490658503988659,9.81,1,1,9,21,41,-3.0,3.0,0.01,30.0,60.0,1e-09,1e-12,6,0.0001,1,new simulation,nan
15,14,0.2945329251994329,-0.8999999999999999,0.49999999999999994,rolling,10.929999999999811,-0.22139643643073204,1.4994093145501115,20,20,0,1.5105101318133058,0.12,0.3490658503988659,9.81,1,1,9,21,41,-3.0,3.0,0.01,30.0,60.0,1e-09,1e-12,6,0.0001,1,new simulation,nan
15,15,0.2945329251994329,-0.75,0.49999999999999994,rolling,10.319999999999824,-0.21471690553425038,1.4899233600033792,20,20,0,1.5104994485351153,0.12,0.3490658503988659,9.81,1,1,9,21,41,-3.0,3.0,0.01,30.0,60.0,1e-09,1e-12,6,0.0001,1,new simulation,nan
15,16,0.2945329251994329,-0.6000000000000001,0.49999999999999994,rolling,10.659999999999817,-0.22624100041893125,1.5064316882817852,21,21,0,1.5105309085479035,0.12,0.3490658503988659,9.81,1,1,9,21,41,-3.0,3.0,0.01,30.0,60.0,1e-09,1e-12,6,0.0001,1,new simulation,nan
15,17,0.2945329251994329,-0.4500000000000002,0.49999999999999994,rolling,10.619999999999818,-0.21843219760043214,1.4951757091732727,21,21,0,1.5105269197151587,0.12,0.3490658503988659,9.81,1,1,9,21,41,-3.0,3.0,0.01,30.0,60.0,1e-09,1e-12,6,0.0001,1,new simulation,nan
15,18,0.2945329251994329,-0.30000000000000027,0.49999999999999994,rolling,10.599999999999818,-0.21775318626914536,1.494210947678754,21,21,0,1.5105240699345783,0.12,0.3490658503988659,9.81,1,1,9,21,41,-3.0,3.0,0.01,30.0,60.0,1e-09,1e-12,6,0.0001,1,new simulation,nan
15,19,0.2945329251994329,-0.1499999999999999,0.49999999999999994,rolling,10.579999999999819,-0.21617599281117528,1.4919799301630994,21,21,0,1.5105223608876235,0.12,0.3490658503988659,9.81,1,1,9,21,41,-3.0,3.0,0.01,30.0,60.0,1e-09,1e-12,6,0.0001,1,new simulation,nan
15,20,0.2945329251994329,0.0,0.49999999999999994,rolling,10.53999999999982,-0.2168760667282054,1.4929684190037729,21,21,0,1.5105217911539588,0.12,0.3490658503988659,9.81,1,1,9,21,41,-3.0,3.0,0.01,30.0,60.0,1e-09,1e-12,6,0.0001,1,new simulation,nan
15,21,0.2945329251994329,0.1499999999999999,0.49999999999999994,rolling,10.469999999999821,-0.2217482683910005,1.499917315324538,21,21,0,1.5105223612763943,0.12,0.3490658503988659,9.81,1,1,9,21,41,-3.0,3.0,0.01,30.0,60.0,1e-09,1e-12,6,0.0001,1,new simulation,nan
15,22,0.2945329251994329,0.2999999999999998,0.49999999999999994,rolling,10.379999999999823,-0.21996985862383334,1.4973673826377185,21,21,0,1.5105240711274028,0.12,0.3490658503988659,9.81,1,1,9,21,41,-3.0,3.0,0.01,30.0,60.0,1e-09,1e-12,6,0.0001,1,new simulation,nan
15,23,0.2945329251994329,0.44999999999999973,0.49999999999999994,rolling,10.269999999999825,-0.22583612705121975,1.5058399475390376,21,21,0,1.5105269186695711,0.12,0.3490658503988659,9.81,1,1,9,21,41,-3.0,3.0,0.01,30.0,60.0,1e-09,1e-12,6,0.0001,1,new simulation,nan
15,24,0.2945329251994329,0.5999999999999996,0.49999999999999994,rolling,10.159999999999828,-0.2232972215643279,1.5021529531675375,21,21,0,1.5105309084166103,0.12,0.3490658503988659,9.81,1,1,9,21,41,-3.0,3.0,0.01,30.0,60.0,1e-09,1e-12,6,0.0001,1,new simulation,nan
15,25,0.2945329251994329,0.75,0.49999999999999994,rolling,9.57999999999984,-0.22214536343406754,1.5004847651951227,20,20,0,1.5104994491350503,0.12,0.3490658503988659,9.81,1,1,9,21,41,-3.0,3.0,0.01,30.0,60.0,1e-09,1e-12,6,0.0001,1,new simulation,nan
15,26,0.2945329251994329,0.8999999999999999,0.49999999999999994,rolling,9.469999999999843,-0.22551880724853243,1.5053742716275933,20,20,0,1.5105101311102411,0.12,0.3490658503988659,9.81,1,1,9,21,41,-3.0,3.0,0.01,30.0,60.0,1e-09,1e-12,6,0.0001,1,new simulation,nan
15,27,0.2945329251994329,1.0499999999999998,0.49999999999999994,rolling,9.369999999999845,-0.22095453415722965,1.4987772104685233,20,20,0,1.510522756031276,0.12,0.3490658503988659,9.81,1,1,9,21,41,-3.0,3.0,0.01,30.0,60.0,1e-09,1e-12,6,0.0001,1,new simulation,nan
15,28,0.2945329251994329,1.2000000000000002,0.49999999999999994,rolling,8.799999999999857,-0.22462989509703188,1.5040793680230429,19,19,0,1.5105016374684093,0.12,0.3490658503988659,9.81,1,1,9,21,41,-3.0,3.0,0.01,30.0,60.0,1e-09,1e-12,6,0.0001,1,new simulation,nan
15,29,0.2945329251994329,1.3499999999999996,0.49999999999999994,rolling,8.709999999999859,-0.21988292463984835,1.4972441598888577,19,19,0,1.5105297702579776,0.12,0.3490658503988659,9.81,1,1,9,21,41,-3.0,3.0,0.01,30.0,60.0,1e-09,1e-12,6,0.0001,1,new simulation,nan
15,30,0.2945329251994329,1.5,0.49999999999999994,rolling,7.679999999999881,-0.22343619549631866,1.5023502378404376,17,17,0,1.5105102042652767,0.12,0.3490658503988659,9.81,1,1,9,21,41,-3.0,3.0,0.01,30.0,60.0,1e-09,1e-12,6,0.0001,1,new simulation,nan
15,31,0.2945329251994329,1.6499999999999995,0.49999999999999994,rolling,6.659999999999902,-0.21835164074544763,1.495084488764135,15,15,0,1.5106551242994657,0.12,0.3490658503988659,9.81,1,1,9,21,41,-3.0,3.0,0.01,30.0,60.0,1e-09,1e-12,6,0.0001,1,new simulation,nan
15,32,0.2945329251994329,1.7999999999999998,0.49999999999999994,rolling,7.989999999999874,-0.2153972666597347,1.4909094525698734,18,18,0,1.510666416783735,0.12,0.3490658503988659,9.81,1,1,9,21,41,-3.0,3.0,0.01,30.0,60.0,1e-09,1e-12,6,0.0001,1,new simulation,nan
15,33,0.2945329251994329,1.9500000000000002,0.49999999999999994,rolling,8.379999999999866,-0.21919044445572286,1.496282185019933,19,19,0,1.5106753828671906,0.12,0.3490658503988659,9.81,1,1,9,21,41,-3.0,3.0,0.01,30.0,60.0,1e-09,1e-12,6,0.0001,1,new simulation,nan
15,34,0.2945329251994329,2.0999999999999996,0.49999999999999994,rolling,8.769999999999857,-0.2278899012484928,1.5088712650607723,20,20,0,1.510665495051633,0.12,0.3490658503988659,9.81,1,1,9,21,41,-3.0,3.0,0.01,30.0,60.0,1e-09,1e-12,6,0.0001,1,new simulation,nan
15,35,0.2945329251994329,2.25,0.49999999999999994,rolling,9.169999999999849,-0.22605145817359826,1.506176383093999,21,21,0,1.5106500015101794,0.12,0.3490658503988659,9.81,1,1,9,21,41,-3.0,3.0,0.01,30.0,60.0,1e-09,1e-12,6,0.0001,1,new simulation,nan
15,36,0.2945329251994329,2.3999999999999995,0.49999999999999994,rolling,9.10999999999985,-0.21411654369165883,1.4891127203995194,21,21,0,1.5106676642177408,0.12,0.3490658503988659,9.81,1,1,9,21,41,-3.0,3.0,0.01,30.0,60.0,1e-09,1e-12,6,0.0001,1,new simulation,nan
15,37,0.2945329251994329,2.55,0.49999999999999994,rolling,9.509999999999842,-0.22022206752684115,1.497750162377852,22,22,0,1.5106457837845193,0.12,0.3490658503988659,9.81,1,1,9,21,41,-3.0,3.0,0.01,30.0,60.0,1e-09,1e-12,6,0.0001,1,new simulation,nan
15,38,0.2945329251994329,2.7,0.49999999999999994,rolling,9.449999999999843,-0.21565606473885343,1.4912719586337349,22,22,0,1.5106574868010432,0.12,0.3490658503988659,9.81,1,1,9,21,41,-3.0,3.0,0.01,30.0,60.0,1e-09,1e-12,6,0.0001,1,new simulation,nan
15,39,0.2945329251994329,2.8499999999999996,0.49999999999999994,rolling,9.389999999999844,-0.21437936086480522,1.489481190804855,22,22,0,1.5106698577129791,0.12,0.3490658503988659,9.81,1,1,9,21,41,-3.0,3.0,0.01,30.0,60.0,1e-09,1e-12,6,0.0001,1,new simulation,nan
15,40,0.2945329251994329,3.0,0.49999999999999994,rolling,9.799999999999836,-0.2154225889255112,1.4909409244528413,23,23,0,1.510643689933219,0.12,0.3490658503988659,9.81,1,1,9,21,41,-3.0,3.0,0.01,30.0,60.0,1e-09,1e-12,6,0.0001,1,new simulation,nan
16,0,0.32943951023931956,-3.0,0.6000000000000001,rolling,11.229999999999805,-0.21599150206984608,1.491716690843774,22,20,2,1.5105051816535655,0.12,0.3490658503988659,9.81,1,1,9,21,41,-3.0,3.0,0.01,30.0,60.0,1e-09,1e-12,6,0.0001,1,new simulation,nan
16,1,0.32943951023931956,-2.85,0.6000000000000001,rolling,11.4899999999998,-0.2186306480508264,1.4954588393944521,23,21,2,1.5105317474934352,0.12,0.3490658503988659,9.81,1,1,9,21,41,-3.0,3.0,0.01,30.0,60.0,1e-09,1e-12,6,0.0001,1,new simulation,nan
16,2,0.32943951023931956,-2.7,0.6000000000000001,rolling,11.519999999999799,-0.22790045235576142,1.5088613712927854,23,21,2,1.5105244865513658,0.12,0.3490658503988659,9.81,1,1,9,21,41,-3.0,3.0,0.01,30.0,60.0,1e-09,1e-12,6,0.0001,1,new simulation,nan
16,3,0.32943951023931956,-2.55,0.6000000000000001,rolling,11.729999999999794,-0.22338721655426036,1.5022807171492147,23,21,2,1.5105176184084863,0.12,0.3490658503988659,9.81,1,1,9,21,41,-3.0,3.0,0.01,30.0,60.0,1e-09,1e-12,6,0.0001,1,new simulation,nan
16,4,0.32943951023931956,-2.4,0.6000000000000001,settled,1.350000000000001,-0.2290658503988659,0.0,3,1,2,nan,0.12,0.3490658503988659,9.81,1,1,9,21,41,-3.0,3.0,0.01,30.0,60.0,1e-09,1e-12,6,0.0001,1,new simulation,nan
16,5,0.32943951023931956,-2.25,0.6000000000000001,settled,1.410000000000001,-0.2290658503988659,0.0,3,1,2,nan,0.12,0.3490658503988659,9.81,1,1,9,21,41,-3.0,3.0,0.01,30.0,60.0,1e-09,1e-12,6,0.0001,1,new simulation,nan
16,6,0.32943951023931956,-2.1,0.6000000000000001,settled,1.6900000000000013,-0.2290658503988659,0.0,3,1,2,nan,0.12,0.3490658503988659,9.81,1,1,9,21,41,-3.0,3.0,0.01,30.0,60.0,1e-09,1e-12,6,0.0001,1,new simulation,nan
16,7,0.32943951023931956,-1.95,0.6000000000000001,rolling,10.879999999999812,-0.2272551465794623,1.5079105717067631,21,20,1,1.5105027391675527,0.12,0.3490658503988659,9.81,1,1,9,21,41,-3.0,3.0,0.01,30.0,60.0,1e-09,1e-12,6,0.0001,1,new simulation,nan
16,8,0.32943951023931956,-1.8,0.6000000000000001,rolling,11.199999999999806,-0.22254822179895903,1.5010709237582,22,21,1,1.5105296081863708,0.12,0.3490658503988659,9.81,1,1,9,21,41,-3.0,3.0,0.01,30.0,60.0,1e-09,1e-12,6,0.0001,1,new simulation,nan
16,9,0.32943951023931956,-1.6500000000000001,0.6000000000000001,rolling,11.269999999999804,-0.22676053311117364,1.5071896446654252,22,21,1,1.5105219158701955,0.12,0.3490658503988659,9.81,1,1,9,21,41,-3.0,3.0,0.01,30.0,60.0,1e-09,1e-12,6,0.0001,1,new simulation,nan
16,10,0.32943951023931956,-1.5,0.6000000000000001,rolling,11.599999999999797,-0.2213502832817188,1.4993438724428034,22,21,1,1.5105148933989065,0.12,0.3490658503988659,9.81,1,1,9,21,41,-3.0,3.0,0.01,30.0,60.0,1e-09,1e-12,6,0.0001,1,new simulation,nan
16,11,0.32943951023931956,-1.35,0.6000000000000001,settled,1.0100000000000007,-0.2290658503988659,0.0,2,1,1,nan,0.12,0.3490658503988659,9.81,1,1,9,21,41,-3.0,3.0,0.01,30.0,60.0,1e-09,1e-12,6,0.0001,1,new simulation,nan
16,12,0.32943951023931956,-1.2000000000000002,0.6000000000000001,settled,1.0900000000000007,-0.2290658503988659,0.0,2,1,1,nan,0.12,0.3490658503988659,9.81,1,1,9,21,41,-3.0,3.0,0.01,30.0,60.0,1e-09,1e-12,6,0.0001,1,new simulation,nan
16,13,0.32943951023931956,-1.05,0.6000000000000001,settled,1.6100000000000012,-0.2290658503988659,0.0,2,1,1,nan,0.12,0.3490658503988659,9.81,1,1,9,21,41,-3.0,3.0,0.01,30.0,60.0,1e-09,1e-12,6,0.0001,1,new simulation,nan
16,14,0.32943951023931956,-0.8999999999999999,0.6000000000000001,rolling,10.389999999999823,-0.22730879319585465,1.5079889092066807,20,20,0,1.5105010577607176,0.12,0.3490658503988659,9.81,1,1,9,21,41,-3.0,3.0,0.01,30.0,60.0,1e-09,1e-12,6,0.0001,1,new simulation,nan
16,15,0.32943951023931956,-0.75,0.6000000000000001,rolling,10.709999999999816,-0.22491950904267882,1.5045055772115006,21,21,0,1.5105307130897059,0.12,0.3490658503988659,9.81,1,1,9,21,41,-3.0,3.0,0.01,30.0,60.0,1e-09,1e-12,6,0.0001,1,new simulation,nan
16,16,0.32943951023931956,-0.6000000000000001,0.6000000000000001,rolling,10.679999999999817,-0.22006270436123204,1.49750040642046,21,21,0,1.51052558468621,0.12,0.3490658503988659,9.81,1,1,9,21,41,-3.0,3.0,0.01,30.0,60.0,1e-09,1e-12,6,0.0001,1,new simulation,nan
16,17,0.32943951023931956,-0.4500000000000002,0.6000000000000001,rolling,10.689999999999817,-0.22695163642601052,1.5074693241650312,21,21,0,1.510521595911236,0.12,0.3490658503988659,9.81,1,1,9,21,41,-3.0,3.0,0.01,30.0,60.0,1e-09,1e-12,6,0.0001,1,new simulation,nan
16,18,0.32943951023931956,-0.30000000000000027,0.6000000000000001,rolling,10.729999999999816,-0.22018957542984735,1.4976806314426567,21,21,0,1.5105187461137737,0.12,0.3490658503988659,9.81,1,1,9,21,41,-3.0,3.0,0.01,30.0,60.0,1e-09,1e-12,6,0.0001,1,new simulation,nan
16,19,0.32943951023931956,-0.1499999999999999,0.6000000000000001,rolling,10.759999999999815,-0.21791207183373915,1.4944350877170154,21,21,0,1.5105170360408613,0.12,0.3490658503988659,9.81,1,1,9,21,41,-3.0,3.0,0.01,30.0,60.0,1e-09,1e-12,6,0.0001,1,new simulation,nan
16,20,0.32943951023931956,0.0,0.6000000000000001,rolling,10.739999999999815,-0.22528851354233392,1.5050399620738737,21,21,0,1.51051646686087,0.12,0.3490658503988659,9.81,1,1,9,21,41,-3.0,3.0,0.01,30.0,60.0,1e-09,1e-12,6,0.0001,1,new simulation,nan
16,21,0.32943951023931956,0.1499999999999999,0.6000000000000001,rolling,10.659999999999817,-0.22512504079191917,1.5048021051831024,21,21,0,1.510517037383174,0.12,0.3490658503988659,9.81,1,1,9,21,41,-3.0,3.0,0.01,30.0,60.0,1e-09,1e-12,6,0.0001,1,new simulation,nan
16,22,0.32943951023931956,0.2999999999999998,0.6000000000000001,rolling,10.52999999999982,-0.22835223889803571,1.5095244787586413,21,21,0,1.5105187465142678,0.12,0.3490658503988659,9.81,1,1,9,21,41,-3.0,3.0,0.01,30.0,60.0,1e-09,1e-12,6,0.0001,1,new simulation,nan
16,23,0.32943951023931956,0.44999999999999973,0.6000000000000001,rolling,10.389999999999823,-0.22152457251736338,1.4995955249483104,21,21,0,1.5105215957182707,0.12,0.3490658503988659,9.81,1,1,9,21,41,-3.0,3.0,0.01,30.0,60.0,1e-09,1e-12,6,0.0001,1,new simulation,nan
16,24,0.32943951023931956,0.5999999999999996,0.6000000000000001,rolling,10.249999999999826,-0.21786414608286206,1.4943686343844462,21,21,0,1.5105255841753547,0.12,0.3490658503988659,9.81,1,1,9,21,41,-3.0,3.0,0.01,30.0,60.0,1e-09,1e-12,6,0.0001,1,new simulation,nan
16,25,0.32943951023931956,0.75,0.6000000000000001,rolling,10.109999999999829,-0.2274510643693582,1.508202873629869,21,21,0,1.5105307137959176,0.12,0.3490658503988659,9.81,1,1,9,21,41,-3.0,3.0,0.01,30.0,60.0,1e-09,1e-12,6,0.0001,1,new simulation,nan
16,26,0.32943951023931956,0.8999999999999999,0.6000000000000001,rolling,9.519999999999841,-0.22273190826375977,1.5013307999429177,20,20,0,1.5105010583799467,0.12,0.3490658503988659,9.81,1,1,9,21,41,-3.0,3.0,0.01,30.0,60.0,1e-09,1e-12,6,0.0001,1,new simulation,nan
16,27,0.32943951023931956,1.0499999999999998,0.6000000000000001,rolling,9.409999999999844,-0.2162315001726025,1.492056640302825,20,20,0,1.5105136822070395,0.12,0.3490658503988659,9.81,1,1,9,21,41,-3.0,3.0,0.01,30.0,60.0,1e-09,1e-12,6,0.0001,1,new simulation,nan
16,28,0.32943951023931956,1.2000000000000002,0.6000000000000001,rolling,9.299999999999846,-0.22187511287701586,1.5001008813519106,20,20,0,1.5105282488375273,0.12,0.3490658503988659,9.81,1,1,9,21,41,-3.0,3.0,0.01,30.0,60.0,1e-09,1e-12,6,0.0001,1,new simulation,nan
16,29,0.32943951023931956,1.3499999999999996,0.6000000000000001,rolling,8.729999999999858,-0.2237578742529584,1.5028166667970033,19,19,0,1.5105143099954852,0.12,0.3490658503988659,9.81,1,1,9,21,41,-3.0,3.0,0.01,30.0,60.0,1e-09,1e-12,6,0.0001,1,new simulation,nan
16,30,0.32943951023931956,1.5,0.6000000000000001,rolling,8.16999999999987,-0.21971316865593915,1.4969991353687302,18,18,0,1.510516002798915,0.12,0.3490658503988659,9.81,1,1,9,21,41,-3.0,3.0,0.01,30.0,60.0,1e-09,1e-12,6,0.0001,1,new simulation,nan
16,31,0.32943951023931956,1.6499999999999995,0.6000000000000001,rolling,6.669999999999902,-0.22503252178948577,1.5046688811755147,15,15,0,1.5105247593396591,0.12,0.3490658503988659,9.81,1,1,9,21,41,-3.0,3.0,0.01,30.0,60.0,1e-09,1e-12,6,0.0001,1,new simulation,nan
16,32,0.32943951023931956,1.7999999999999998,0.6000000000000001,rolling,7.529999999999884,-0.21867266567071042,1.495544967765753,17,17,0,1.510676738001136,0.12,0.3490658503988659,9.81,1,1,9,21,41,-3.0,3.0,0.01,30.0,60.0,1e-09,1e-12,6,0.0001,1,new simulation,nan
16,33,0.32943951023931956,1.9500000000000002,0.6000000000000001,rolling,8.389999999999866,-0.21844116859249932,1.495212632422598,19,19,0,1.5106599244485233,0.12,0.3490658503988659,9.81,1,1,9,21,41,-3.0,3.0,0.01,30.0,60.0,1e-09,1e-12,6,0.0001,1,new simulation,nan
16,34,0.32943951023931956,2.0999999999999996,0.6000000000000001,rolling,8.779999999999857,-0.22445782782764545,1.5038574255287893,20,20,0,1.5106564248070047,0.12,0.3490658503988659,9.81,1,1,9,21,41,-3.0,3.0,0.01,30.0,60.0,1e-09,1e-12,6,0.0001,1,new simulation,nan
16,35,0.32943951023931956,2.25,0.6000000000000001,rolling,9.179999999999849,-0.22044892309370476,1.4980746745482625,21,21,0,1.5106446779100013,0.12,0.3490658503988659,9.81,1,1,9,21,41,-3.0,3.0,0.01,30.0,60.0,1e-09,1e-12,6,0.0001,1,new simulation,nan
16,36,0.32943951023931956,2.3999999999999995,0.6000000000000001,rolling,9.10999999999985,-0.22169739104815686,1.4998694938019812,21,21,0,1.5106623418039529,0.12,0.3490658503988659,9.81,1,1,9,21,41,-3.0,3.0,0.01,30.0,60.0,1e-09,1e-12,6,0.0001,1,new simulation,nan
16,37,0.32943951023931956,2.55,0.6000000000000001,rolling,9.039999999999852,-0.22708749301570985,1.5076970515149468,21,21,0,1.5106811438537606,0.12,0.3490658503988659,9.81,1,1,9,21,41,-3.0,3.0,0.01,30.0,60.0,1e-09,1e-12,6,0.0001,1,new simulation,nan
16,38,0.32943951023931956,2.7,0.6000000000000001,rolling,9.449999999999843,-0.2204993064448504,1.4981485825589382,22,22,0,1.510654363337209,0.12,0.3490658503988659,9.81,1,1,9,21,41,-3.0,3.0,0.01,30.0,60.0,1e-09,1e-12,6,0.0001,1,new simulation,nan
16,39,0.32943951023931956,2.8499999999999996,0.6000000000000001,rolling,9.389999999999844,-0.21816074294353235,1.4948153569072222,22,22,0,1.5106667335326642,0.12,0.3490658503988659,9.81,1,1,9,21,41,-3.0,3.0,0.01,30.0,60.0,1e-09,1e-12,6,0.0001,1,new simulation,nan
16,40,0.32943951023931956,3.0,0.6000000000000001,rolling,9.329999999999846,-0.219046913178402,1.4960784184940006,22,22,0,1.5106797743884854,0.12,0.3490658503988659,9.81,1,1,9,21,41,-3.0,3.0,0.01,30.0,60.0,1e-09,1e-12,6,0.0001,1,new simulation,nan
17,0,0.3643460952792062,-3.0,0.7000000000000002,rolling,11.139999999999807,-0.21501009461807277,1.4903353100671857,22,20,2,1.5105017215273335,0.12,0.3490658503988659,9.81,1,1,9,21,41,-3.0,3.0,0.01,30.0,60.0,1e-09,1e-12,6,0.0001,1,new simulation,nan
17,1,0.3643460952792062,-2.85,0.7000000000000002,rolling,11.4999999999998,-0.2140846270398736,1.4890428765480939,23,21,2,1.5105297172038006,0.12,0.3490658503988659,9.81,1,1,9,21,41,-3.0,3.0,0.01,30.0,60.0,1e-09,1e-12,6,0.0001,1,new simulation,nan
17,2,0.3643460952792062,-2.7,0.7000000000000002,rolling,11.579999999999798,-0.21533218625026854,1.490791701722113,23,21,2,1.5105224563293247,0.12,0.3490658503988659,9.81,1,1,9,21,41,-3.0,3.0,0.01,30.0,60.0,1e-09,1e-12,6,0.0001,1,new simulation,nan
17,3,0.3643460952792062,-2.55,0.7000000000000002,rolling,11.879999999999791,-0.21579436543261382,1.4914408392422824,23,21,2,1.5105155879002554,0.12,0.3490658503988659,9.81,1,1,9,21,41,-3.0,3.0,0.01,30.0,60.0,1e-09,1e-12,6,0.0001,1,new simulation,nan
17,4,0.3643460952792062,-2.4,0.7000000000000002,settled,1.370000000000001,-0.2290658503988659,0.0,3,1,2,nan,0.12,0.3490658503988659,9.81,1,1,9,21,41,-3.0,3.0,0.01,30.0,60.0,1e-09,1e-12,6,0.0001,1,new simulation,nan
17,5,0.3643460952792062,-2.25,0.7000000000000002,settled,1.480000000000001,-0.2290658503988659,0.0,3,1,2,nan,0.12,0.3490658503988659,9.81,1,1,9,21,41,-3.0,3.0,0.01,30.0,60.0,1e-09,1e-12,6,0.0001,1,new simulation,nan
17,6,0.3643460952792062,-2.1,0.7000000000000002,settled,2.4199999999999924,-0.2290658503988659,0.0,3,1,2,nan,0.12,0.3490658503988659,9.81,1,1,9,21,41,-3.0,3.0,0.01,30.0,60.0,1e-09,1e-12,6,0.0001,1,new simulation,nan
17,7,0.3643460952792062,-1.95,0.7000000000000002,rolling,10.799999999999814,-0.21613715599882138,1.4919205134547775,21,20,1,1.5104968423314942,0.12,0.3490658503988659,9.81,1,1,9,21,41,-3.0,3.0,0.01,30.0,60.0,1e-09,1e-12,6,0.0001,1,new simulation,nan
17,8,0.3643460952792062,-1.8,0.7000000000000002,rolling,11.229999999999805,-0.22408286702192948,1.503289814618696,22,21,1,1.5105261482927193,0.12,0.3490658503988659,9.81,1,1,9,21,41,-3.0,3.0,0.01,30.0,60.0,1e-09,1e-12,6,0.0001,1,new simulation,nan
17,9,0.3643460952792062,-1.6500000000000001,0.7000000000000002,rolling,11.399999999999801,-0.22183199387592034,1.5000370616355523,22,21,1,1.510518456042149,0.12,0.3490658503988659,9.81,1,1,9,21,41,-3.0,3.0,0.01,30.0,60.0,1e-09,1e-12,6,0.0001,1,new simulation,nan
17,10,0.3643460952792062,-1.5,0.7000000000000002,settled,1.0300000000000007,-0.2290658503988659,0.0,2,1,1,nan,0.12,0.3490658503988659,9.81,1,1,9,21,41,-3.0,3.0,0.01,30.0,60.0,1e-09,1e-12,6,0.0001,1,new simulation,nan
17,11,0.3643460952792062,-1.35,0.7000000000000002,settled,1.0700000000000007,-0.2290658503988659,0.0,2,1,1,nan,0.12,0.3490658503988659,9.81,1,1,9,21,41,-3.0,3.0,0.01,30.0,60.0,1e-09,1e-12,6,0.0001,1,new simulation,nan
17,12,0.3643460952792062,-1.2000000000000002,0.7000000000000002,settled,1.320000000000001,-0.2290658503988659,0.0,2,1,1,nan,0.12,0.3490658503988659,9.81,1,1,9,21,41,-3.0,3.0,0.01,30.0,60.0,1e-09,1e-12,6,0.0001,1,new simulation,nan
17,13,0.3643460952792062,-1.05,0.7000000000000002,rolling,10.49999999999982,-0.22637229099234082,1.5066185957058975,20,20,0,1.5105036334927018,0.12,0.3490658503988659,9.81,1,1,9,21,41,-3.0,3.0,0.01,30.0,60.0,1e-09,1e-12,6,0.0001,1,new simulation,nan
17,14,0.3643460952792062,-0.8999999999999999,0.7000000000000002,rolling,10.759999999999815,-0.22037508570578898,1.4979483540415575,21,21,0,1.510531085104854,0.12,0.3490658503988659,9.81,1,1,9,21,41,-3.0,3.0,0.01,30.0,60.0,1e-09,1e-12,6,0.0001,1,new simulation,nan
17,15,0.3643460952792062,-0.75,0.7000000000000002,rolling,10.729999999999816,-0.22431261935164168,1.5036228637422908,21,21,0,1.5105248165257736,0.12,0.3490658503988659,9.81,1,1,9,21,41,-3.0,3.0,0.01,30.0,60.0,1e-09,1e-12,6,0.0001,1,new simulation,nan
17,16,0.3643460952792062,-0.6000000000000001,0.7000000000000002,rolling,10.789999999999814,-0.2186597842999362,1.4954981052984053,21,21,0,1.5105196872631905,0.12,0.3490658503988659,9.81,1,1,9,21,41,-3.0,3.0,0.01,30.0,60.0,1e-09,1e-12,6,0.0001,1,new simulation,nan
17,17,0.3643460952792062,-0.4500000000000002,0.7000000000000002,rolling,10.929999999999811,-0.22102752943369738,1.4988806550635485,21,21,0,1.5105156989119684,0.12,0.3490658503988659,9.81,1,1,9,21,41,-3.0,3.0,0.01,30.0,60.0,1e-09,1e-12,6,0.0001,1,new simulation,nan
17,18,0.3643460952792062,-0.30000000000000027,0.7000000000000002,rolling,11.249999999999805,-0.2261327585056039,1.5062703439649059,21,21,0,1.5105128496602955,0.12,0.3490658503988659,9.81,1,1,9,21,41,-3.0,3.0,0.01,30.0,60.0,1e-09,1e-12,6,0.0001,1,new simulation,nan
17,19,0.3643460952792062,-0.1499999999999999,0.7000000000000002,settled,0.2900000000000001,-0.2290658503988659,0.0,1,1,0,nan,0.12,0.3490658503988659,9.81,1,1,9,21,41,-3.0,3.0,0.01,30.0,60.0,1e-09,1e-12,6,0.0001,1,new simulation,nan
17,20,0.3643460952792062,0.0,0.7000000000000002,settled,0.24000000000000007,-0.2290658503988659,0.0,1,1,0,nan,0.12,0.3490658503988659,9.81,1,1,9,21,41,-3.0,3.0,0.01,30.0,60.0,1e-09,1e-12,6,0.0001,1,new simulation,nan
17,21,0.3643460952792062,0.1499999999999999,0.7000000000000002,settled,0.21000000000000005,-0.2290658503988659,0.0,1,1,0,nan,0.12,0.3490658503988659,9.81,1,1,9,21,41,-3.0,3.0,0.01,30.0,60.0,1e-09,1e-12,6,0.0001,1,new simulation,nan
17,22,0.3643460952792062,0.2999999999999998,0.7000000000000002,rolling,11.079999999999808,-0.21761875345597637,1.4940182803510633,21,21,0,1.5105128491108344,0.12,0.3490658503988659,9.81,1,1,9,21,41,-3.0,3.0,0.01,30.0,60.0,1e-09,1e-12,6,0.0001,1,new simulation,nan
17,23,0.3643460952792062,0.44999999999999973,0.7000000000000002,rolling,10.659999999999817,-0.21818080431350578,1.4948164017880694,21,21,0,1.5105156987335533,0.12,0.3490658503988659,9.81,1,1,9,21,41,-3.0,3.0,0.01,30.0,60.0,1e-09,1e-12,6,0.0001,1,new simulation,nan
17,24,0.3643460952792062,0.5999999999999996,0.7000000000000002,rolling,10.409999999999823,-0.21749943741772498,1.4938504082811435,21,21,0,1.510519687847901,0.12,0.3490658503988659,9.81,1,1,9,21,41,-3.0,3.0,0.01,30.0,60.0,1e-09,1e-12,6,0.0001,1,new simulation,nan
17,25,0.3643460952792062,0.75,0.7000000000000002,rolling,10.219999999999827,-0.21958441130170403,1.4968168805012565,21,21,0,1.5105248168962901,0.12,0.3490658503988659,9.81,1,1,9,21,41,-3.0,3.0,0.01,30.0,60.0,1e-09,1e-12,6,0.0001,1,new simulation,nan
17,26,0.3643460952792062,0.8999999999999999,0.7000000000000002,rolling,10.05999999999983,-0.2268025089270446,1.5072527270081661,21,21,0,1.5105310849415634,0.12,0.3490658503988659,9.81,1,1,9,21,41,-3.0,3.0,0.01,30.0,60.0,1e-09,1e-12,6,0.0001,1,new simulation,nan
17,27,0.3643460952792062,1.0499999999999998,0.7000000000000002,rolling,9.459999999999843,-0.22150316390260422,1.4995614999038855,20,20,0,1.5105036338635787,0.12,0.3490658503988659,9.81,1,1,9,21,41,-3.0,3.0,0.01,30.0,60.0,1e-09,1e-12,6,0.0001,1,new simulation,nan
17,28,0.3643460952792062,1.2000000000000002,0.7000000000000002,rolling,9.339999999999845,-0.222631591163389,1.5011891329427658,20,20,0,1.510518200792016,0.12,0.3490658503988659,9.81,1,1,9,21,41,-3.0,3.0,0.01,30.0,60.0,1e-09,1e-12,6,0.0001,1,new simulation,nan
17,29,0.3643460952792062,1.3499999999999996,0.7000000000000002,rolling,8.759999999999858,-0.22594191539148073,1.505988931876021,19,19,0,1.5104971847395376,0.12,0.3490658503988659,9.81,1,1,9,21,41,-3.0,3.0,0.01,30.0,60.0,1e-09,1e-12,6,0.0001,1,new simulation,nan
17,30,0.3643460952792062,1.5,0.7000000000000002,rolling,8.65999999999986,-0.22635932196185748,1.5066041509070018,19,19,0,1.5105286278451173,0.12,0.3490658503988659,9.81,1,1,9,21,41,-3.0,3.0,0.01,30.0,60.0,1e-09,1e-12,6,0.0001,1,new simulation,nan
17,31,0.3643460952792062,1.6499999999999995,0.7000000000000002,rolling,7.629999999999882,-0.2236067970242444,1.5025982874153554,17,17,0,1.5105164970989258,0.12,0.3490658503988659,9.81,1,1,9,21,41,-3.0,3.0,0.01,30.0,60.0,1e-09,1e-12,6,0.0001,1,new simulation,nan
17,32,0.3643460952792062,1.7999999999999998,0.7000000000000002,rolling,7.069999999999894,-0.22884573284434762,1.5102754910855078,16,16,0,1.5106544879068764,0.12,0.3490658503988659,9.81,1,1,9,21,41,-3.0,3.0,0.01,30.0,60.0,1e-09,1e-12,6,0.0001,1,new simulation,nan
17,33,0.3643460952792062,1.9500000000000002,0.7000000000000002,rolling,7.929999999999875,-0.22420887502504275,1.5035006280601146,18,18,0,1.5106813874252334,0.12,0.3490658503988659,9.81,1,1,9,21,41,-3.0,3.0,0.01,30.0,60.0,1e-09,1e-12,6,0.0001,1,new simulation,nan
17,34,0.3643460952792062,2.0999999999999996,0.7000000000000002,rolling,8.789999999999857,-0.2259950194346534,1.506093347056268,20,20,0,1.5106463763317006,0.12,0.3490658503988659,9.81,1,1,9,21,41,-3.0,3.0,0.01,30.0,60.0,1e-09,1e-12,6,0.0001,1,new simulation,nan
17,35,0.3643460952792062,2.25,0.7000000000000002,rolling,8.719999999999859,-0.21988827024227087,1.4972780682520699,20,20,0,1.5106745338911773,0.12,0.3490658503988659,9.81,1,1,9,21,41,-3.0,3.0,0.01,30.0,60.0,1e-09,1e-12,6,0.0001,1,new simulation,nan
17,36,0.3643460952792062,2.3999999999999995,0.7000000000000002,rolling,9.11999999999985,-0.21808291981935946,1.4947029638955023,21,21,0,1.510656444949376,0.12,0.3490658503988659,9.81,1,1,9,21,41,-3.0,3.0,0.01,30.0,60.0,1e-09,1e-12,6,0.0001,1,new simulation,nan
17,37,0.3643460952792062,2.55,0.7000000000000002,rolling,9.049999999999851,-0.22152938416971213,1.4996302779980935,21,21,0,1.5106752472504745,0.12,0.3490658503988659,9.81,1,1,9,21,41,-3.0,3.0,0.01,30.0,60.0,1e-09,1e-12,6,0.0001,1,new simulation,nan
17,38,0.3643460952792062,2.7,0.7000000000000002,rolling,9.449999999999843,-0.2283661029710916,1.5095686615113086,22,22,0,1.51065090255795,0.12,0.3490658503988659,9.81,1,1,9,21,41,-3.0,3.0,0.01,30.0,60.0,1e-09,1e-12,6,0.0001,1,new simulation,nan
17,39,0.3643460952792062,2.8499999999999996,0.7000000000000002,rolling,9.389999999999844,-0.22464789516965403,1.504134714448933,22,22,0,1.5106632743332382,0.12,0.3490658503988659,9.81,1,1,9,21,41,-3.0,3.0,0.01,30.0,60.0,1e-09,1e-12,6,0.0001,1,new simulation,nan
17,40,0.3643460952792062,3.0,0.7000000000000002,rolling,9.329999999999846,-0.22438290808259007,1.5037522547739997,22,22,0,1.5106763138263755,0.12,0.3490658503988659,9.81,1,1,9,21,41,-3.0,3.0,0.01,30.0,60.0,1e-09,1e-12,6,0.0001,1,new simulation,nan
18,0,0.3992526803190927,-3.0,0.8,rolling,11.089999999999808,-0.21409282821164347,1.4890485562382012,22,20,2,1.510497930097987,0.12,0.3490658503988659,9.81,1,1,9,21,41,-3.0,3.0,0.01,30.0,60.0,1e-09,1e-12,6,0.0001,1,new simulation,nan
18,1,0.3992526803190927,-2.85,0.8,rolling,11.519999999999799,-0.2151126161952978,1.490484015264617,23,21,2,1.510527491233164,0.12,0.3490658503988659,9.81,1,1,9,21,41,-3.0,3.0,0.01,30.0,60.0,1e-09,1e-12,6,0.0001,1,new simulation,nan
18,2,0.3992526803190927,-2.7,0.8,rolling,11.649999999999796,-0.2215637286361205,1.499651562245424,23,21,2,1.510520232042695,0.12,0.3490658503988659,9.81,1,1,9,21,41,-3.0,3.0,0.01,30.0,60.0,1e-09,1e-12,6,0.0001,1,new simulation,nan
18,3,0.3992526803190927,-2.55,0.8,rolling,12.159999999999785,-0.21970671507563067,1.4969894406855866,23,21,2,1.5105133638041028,0.12,0.3490658503988659,9.81,1,1,9,21,41,-3.0,3.0,0.01,30.0,60.0,1e-09,1e-12,6,0.0001,1,new simulation,nan
18,4,0.3992526803190927,-2.4,0.8,settled,1.410000000000001,-0.2290658503988659,0.0,3,1,2,nan,0.12,0.3490658503988659,9.81,1,1,9,21,41,-3.0,3.0,0.01,30.0,60.0,1e-09,1e-12,6,0.0001,1,new simulation,nan
18,5,0.3992526803190927,-2.25,0.8,settled,1.6000000000000012,-0.2290658503988659,0.0,3,1,2,nan,0.12,0.3490658503988659,9.81,1,1,9,21,41,-3.0,3.0,0.01,30.0,60.0,1e-09,1e-12,6,0.0001,1,new simulation,nan
18,6,0.3992526803190927,-2.1,0.8,rolling,11.01999999999981,-0.2280078689764624,1.5090158169075072,21,20,1,1.5105057659526475,0.12,0.3490658503988659,9.81,1,1,9,21,41,-3.0,3.0,0.01,30.0,60.0,1e-09,1e-12,6,0.0001,1,new simulation,nan
18,7,0.3992526803190927,-1.95,0.8,rolling,11.239999999999805,-0.22345148187132982,1.5023760646262474,22,21,1,1.5105307146198779,0.12,0.3490658503988659,9.81,1,1,9,21,41,-3.0,3.0,0.01,30.0,60.0,1e-09,1e-12,6,0.0001,1,new simulation,nan
18,8,0.3992526803190927,-1.8,0.8,rolling,11.299999999999804,-0.2285771226317547,1.5098560860058454,22,21,1,1.510522354241299,0.12,0.3490658503988659,9.81,1,1,9,21,41,-3.0,3.0,0.01,30.0,60.0,1e-09,1e-12,6,0.0001,1,new simulation,nan
18,9,0.3992526803190927,-1.6500000000000001,0.8,rolling,11.669999999999796,-0.2174167148753404,1.4937322882253232,22,21,1,1.5105146633802586,0.12,0.3490658503988659,9.81,1,1,9,21,41,-3.0,3.0,0.01,30.0,60.0,1e-09,1e-12,6,0.0001,1,new simulation,nan
18,10,0.3992526803190927,-1.5,0.8,settled,1.0600000000000007,-0.2290658503988659,0.0,2,1,1,nan,0.12,0.3490658503988659,9.81,1,1,9,21,41,-3.0,3.0,0.01,30.0,60.0,1e-09,1e-12,6,0.0001,1,new simulation,nan
18,11,0.3992526803190927,-1.35,0.8,settled,1.2000000000000008,-0.2290658503988659,0.0,2,1,1,nan,0.12,0.3490658503988659,9.81,1,1,9,21,41,-3.0,3.0,0.01,30.0,60.0,1e-09,1e-12,6,0.0001,1,new simulation,nan
18,12,0.3992526803190927,-1.2000000000000002,0.8,rolling,10.699999999999816,-0.22195015455037917,1.5002050728528502,20,20,0,1.5105071871968458,0.12,0.3490658503988659,9.81,1,1,9,21,41,-3.0,3.0,0.01,30.0,60.0,1e-09,1e-12,6,0.0001,1,new simulation,nan
18,13,0.3992526803190927,-1.05,0.8,rolling,10.809999999999814,-0.2180831600167891,1.494680689291875,21,21,0,1.5105320309679497,0.12,0.3490658503988659,9.81,1,1,9,21,41,-3.0,3.0,0.01,30.0,60.0,1e-09,1e-12,6,0.0001,1,new simulation,nan
18,14,0.3992526803190927,-0.8999999999999999,0.8,rolling,10.779999999999815,-0.2141108197911018,1.4890786087381032,21,21,0,1.5105246215371657,0.12,0.3490658503988659,9.81,1,1,9,21,41,-3.0,3.0,0.01,30.0,60.0,1e-09,1e-12,6,0.0001,1,new simulation,nan
18,15,0.3992526803190927,-0.75,0.8,rolling,10.869999999999813,-0.2278947045733741,1.508851823525679,21,21,0,1.510518352623584,0.12,0.3490658503988659,9.81,1,1,9,21,41,-3.0,3.0,0.01,30.0,60.0,1e-09,1e-12,6,0.0001,1,new simulation,nan
18,16,0.3992526803190927,-0.6000000000000001,0.8,rolling,11.249999999999805,-0.22449223838371177,1.5038815175220497,21,21,0,1.5105132242325559,0.12,0.3490658503988659,9.81,1,1,9,21,41,-3.0,3.0,0.01,30.0,60.0,1e-09,1e-12,6,0.0001,1,new simulation,nan
18,17,0.3992526803190927,-0.4500000000000002,0.8,settled,0.36000000000000015,-0.2290658503988659,0.0,1,1,0,nan,0.12,0.3490658503988659,9.81,1,1,9,21,41,-3.0,3.0,0.01,30.0,60.0,1e-09,1e-12,6,0.0001,1,new simulation,nan
18,18,0.3992526803190927,-0.30000000000000027,0.8,settled,0.2900000000000001,-0.2290658503988659,0.0,1,1,0,nan,0.12,0.3490658503988659,9.81,1,1,9,21,41,-3.0,3.0,0.01,30.0,60.0,1e-09,1e-12,6,0.0001,1,new simulation,nan
18,19,0.3992526803190927,-0.1499999999999999,0.8,settled,0.24000000000000007,-0.2290658503988659,0.0,1,1,0,nan,0.12,0.3490658503988659,9.81,1,1,9,21,41,-3.0,3.0,0.01,30.0,60.0,1e-09,1e-12,6,0.0001,1,new simulation,nan
18,20,0.3992526803190927,0.0,0.8,settled,0.19000000000000003,-0.2290658503988659,0.0,1,1,0,nan,0.12,0.3490658503988659,9.81,1,1,9,21,41,-3.0,3.0,0.01,30.0,60.0,1e-09,1e-12,6,0.0001,1,new simulation,nan
18,21,0.3992526803190927,0.1499999999999999,0.8,settled,0.16,-0.2290658503988659,0.0,1,1,0,nan,0.12,0.3490658503988659,9.81,1,1,9,21,41,-3.0,3.0,0.01,30.0,60.0,1e-09,1e-12,6,0.0001,1,new simulation,nan
18,22,0.3992526803190927,0.2999999999999998,0.8,settled,0.12999999999999998,-0.2290658503988659,0.0,1,1,0,nan,0.12,0.3490658503988659,9.81,1,1,9,21,41,-3.0,3.0,0.01,30.0,60.0,1e-09,1e-12,6,0.0001,1,new simulation,nan
18,23,0.3992526803190927,0.44999999999999973,0.8,settled,0.10999999999999999,-0.2290658503988659,0.0,1,1,0,nan,0.12,0.3490658503988659,9.81,1,1,9,21,41,-3.0,3.0,0.01,30.0,60.0,1e-09,1e-12,6,0.0001,1,new simulation,nan
18,24,0.3992526803190927,0.5999999999999996,0.8,rolling,10.909999999999812,-0.2212390367230116,1.499183799172375,21,21,0,1.510513224270155,0.12,0.3490658503988659,9.81,1,1,9,21,41,-3.0,3.0,0.01,30.0,60.0,1e-09,1e-12,6,0.0001,1,new simulation,nan
18,25,0.3992526803190927,0.75,0.8,rolling,10.419999999999822,-0.22321321740243877,1.5020292133350268,21,21,0,1.5105183538780844,0.12,0.3490658503988659,9.81,1,1,9,21,41,-3.0,3.0,0.01,30.0,60.0,1e-09,1e-12,6,0.0001,1,new simulation,nan
18,26,0.3992526803190927,0.8999999999999999,0.8,rolling,10.179999999999827,-0.22452972770520735,1.503938019746407,21,21,0,1.5105246221822037,0.12,0.3490658503988659,9.81,1,1,9,21,41,-3.0,3.0,0.01,30.0,60.0,1e-09,1e-12,6,0.0001,1,new simulation,nan
18,27,0.3992526803190927,1.0499999999999998,0.8,rolling,10.009999999999831,-0.2195142030447285,1.4967179725813404,21,21,0,1.51053203043933,0.12,0.3490658503988659,9.81,1,1,9,21,41,-3.0,3.0,0.01,30.0,60.0,1e-09,1e-12,6,0.0001,1,new simulation,nan
18,28,0.3992526803190927,1.2000000000000002,0.8,rolling,9.399999999999844,-0.21796929059674708,1.4945145099436263,20,20,0,1.5105071870378473,0.12,0.3490658503988659,9.81,1,1,9,21,41,-3.0,3.0,0.01,30.0,60.0,1e-09,1e-12,6,0.0001,1,new simulation,nan
18,29,0.3992526803190927,1.3499999999999996,0.8,rolling,9.279999999999847,-0.2145080005501283,1.4896348191478854,20,20,0,1.5105236958547048,0.12,0.3490658503988659,9.81,1,1,9,21,41,-3.0,3.0,0.01,30.0,60.0,1e-09,1e-12,6,0.0001,1,new simulation,nan
18,30,0.3992526803190927,1.5,0.8,rolling,8.699999999999859,-0.21636279597590902,1.492241200813048,19,19,0,1.5105098605129352,0.12,0.3490658503988659,9.81,1,1,9,21,41,-3.0,3.0,0.01,30.0,60.0,1e-09,1e-12,6,0.0001,1,new simulation,nan
18,31,0.3992526803190927,1.6499999999999995,0.8,rolling,8.129999999999871,-0.2177021757771552,1.4941367828290566,18,18,0,1.5105140610164274,0.12,0.3490658503988659,9.81,1,1,9,21,41,-3.0,3.0,0.01,30.0,60.0,1e-09,1e-12,6,0.0001,1,new simulation,nan
18,32,0.3992526803190927,1.7999999999999998,0.8,rolling,6.159999999999913,-0.217524031401174,1.493883758749239,14,14,0,1.5105114207508246,0.12,0.3490658503988659,9.81,1,1,9,21,41,-3.0,3.0,0.01,30.0,60.0,1e-09,1e-12,6,0.0001,1,new simulation,nan
18,33,0.3992526803190927,1.9500000000000002,0.8,rolling,7.949999999999875,-0.22068464330172521,1.4984132060517998,18,18,0,1.5106494127134222,0.12,0.3490658503988659,9.81,1,1,9,21,41,-3.0,3.0,0.01,30.0,60.0,1e-09,1e-12,6,0.0001,1,new simulation,nan
18,34,0.3992526803190927,2.0999999999999996,0.8,rolling,8.339999999999867,-0.21868423556930022,1.495559973224858,19,19,0,1.5106687135070371,0.12,0.3490658503988659,9.81,1,1,9,21,41,-3.0,3.0,0.01,30.0,60.0,1e-09,1e-12,6,0.0001,1,new simulation,nan
18,35,0.3992526803190927,2.25,0.8,rolling,8.729999999999858,-0.22322692774570008,1.5020752961099173,20,20,0,1.5106635237368093,0.12,0.3490658503988659,9.81,1,1,9,21,41,-3.0,3.0,0.01,30.0,60.0,1e-09,1e-12,6,0.0001,1,new simulation,nan
18,36,0.3992526803190927,2.3999999999999995,0.8,rolling,9.12999999999985,-0.21848654773844936,1.4952753512966672,21,21,0,1.5106499835829574,0.12,0.3490658503988659,9.81,1,1,9,21,41,-3.0,3.0,0.01,30.0,60.0,1e-09,1e-12,6,0.0001,1,new simulation,nan
18,37,0.3992526803190927,2.55,0.8,rolling,9.059999999999851,-0.2195217253605694,1.4967535328171215,21,21,0,1.5106687860704853,0.12,0.3490658503988659,9.81,1,1,9,21,41,-3.0,3.0,0.01,30.0,60.0,1e-09,1e-12,6,0.0001,1,new simulation,nan
18,38,0.3992526803190927,2.7,0.8,rolling,9.459999999999843,-0.22432907949900227,1.503668850586622,22,22,0,1.510647111631048,0.12,0.3490658503988659,9.81,1,1,9,21,41,-3.0,3.0,0.01,30.0,60.0,1e-09,1e-12,6,0.0001,1,new simulation,nan
18,39,0.3992526803190927,2.8499999999999996,0.8,rolling,9.399999999999844,-0.218939549277904,1.4959217821530157,22,22,0,1.5106594827312367,0.12,0.3490658503988659,9.81,1,1,9,21,41,-3.0,3.0,0.01,30.0,60.0,1e-09,1e-12,6,0.0001,1,new simulation,nan
18,40,0.3992526803190927,3.0,0.8,rolling,9.339999999999845,-0.21724970953660228,1.4935244889316948,22,22,0,1.5106725222292152,0.12,0.3490658503988659,9.81,1,1,9,21,41,-3.0,3.0,0.01,30.0,60.0,1e-09,1e-12,6,0.0001,1,new simulation,nan
19,0,0.43415926535897936,-3.0,0.9000000000000001,rolling,11.529999999999799,-0.2234462285028209,1.5023688290578954,23,21,2,1.510532728039859,0.12,0.3490658503988659,9.81,1,1,9,21,41,-3.0,3.0,0.01,30.0,60.0,1e-09,1e-12,6,0.0001,1,new simulation,nan
19,1,0.43415926535897936,-2.85,0.9000000000000001,rolling,11.549999999999798,-0.2264912288234895,1.5067963150863308,23,21,2,1.5105250745513423,0.12,0.3490658503988659,9.81,1,1,9,21,41,-3.0,3.0,0.01,30.0,60.0,1e-09,1e-12,6,0.0001,1,new simulation,nan
19,2,0.43415926535897936,-2.7,0.9000000000000001,rolling,11.759999999999794,-0.22344919538993174,1.5023704245124054,23,21,2,1.510517813466851,0.12,0.3490658503988659,9.81,1,1,9,21,41,-3.0,3.0,0.01,30.0,60.0,1e-09,1e-12,6,0.0001,1,new simulation,nan
19,3,0.43415926535897936,-2.55,0.9000000000000001,settled,1.390000000000001,-0.2290658503988659,0.0,3,1,2,nan,0.12,0.3490658503988659,9.81,1,1,9,21,41,-3.0,3.0,0.01,30.0,60.0,1e-09,1e-12,6,0.0001,1,new simulation,nan
19,4,0.43415926535897936,-2.4,0.9000000000000001,settled,1.470000000000001,-0.2290658503988659,0.0,3,1,2,nan,0.12,0.3490658503988659,9.81,1,1,9,21,41,-3.0,3.0,0.01,30.0,60.0,1e-09,1e-12,6,0.0001,1,new simulation,nan
19,5,0.43415926535897936,-2.25,0.9000000000000001,settled,1.9000000000000015,-0.2290658503988659,0.0,3,1,2,nan,0.12,0.3490658503988659,9.81,1,1,9,21,41,-3.0,3.0,0.01,30.0,60.0,1e-09,1e-12,6,0.0001,1,new simulation,nan
19,6,0.43415926535897936,-2.1,0.9000000000000001,rolling,10.859999999999813,-0.21463607562205506,1.4898098516685516,21,20,1,1.5104987457510937,0.12,0.3490658503988659,9.81,1,1,9,21,41,-3.0,3.0,0.01,30.0,60.0,1e-09,1e-12,6,0.0001,1,new simulation,nan
19,7,0.43415926535897936,-1.95,0.9000000000000001,rolling,11.269999999999804,-0.2147591813706373,1.4899876227298146,22,21,1,1.5105265954660403,0.12,0.3490658503988659,9.81,1,1,9,21,41,-3.0,3.0,0.01,30.0,60.0,1e-09,1e-12,6,0.0001,1,new simulation,nan
19,8,0.43415926535897936,-1.8,0.9000000000000001,rolling,11.4499999999998,-0.22164361702605798,1.4997660570874365,22,21,1,1.510518235032763,0.12,0.3490658503988659,9.81,1,1,9,21,41,-3.0,3.0,0.01,30.0,60.0,1e-09,1e-12,6,0.0001,1,new simulation,nan
19,9,0.43415926535897936,-1.6500000000000001,0.9000000000000001,settled,1.0800000000000007,-0.2290658503988659,0.0,2,1,1,nan,0.12,0.3490658503988659,9.81,1,1,9,21,41,-3.0,3.0,0.01,30.0,60.0,1e-09,1e-12,6,0.0001,1,new simulation,nan
19,10,0.43415926535897936,-1.5,0.9000000000000001,settled,1.1500000000000008,-0.2290658503988659,0.0,2,1,1,nan,0.12,0.3490658503988659,9.81,1,1,9,21,41,-3.0,3.0,0.01,30.0,60.0,1e-09,1e-12,6,0.0001,1,new simulation,nan
19,11,0.43415926535897936,-1.35,0.9000000000000001,settled,2.6499999999999875,-0.2290658503988659,0.0,2,1,1,nan,0.12,0.3490658503988659,9.81,1,1,9,21,41,-3.0,3.0,0.01,30.0,60.0,1e-09,1e-12,6,0.0001,1,new simulation,nan
19,12,0.43415926535897936,-1.2000000000000002,0.9000000000000001,rolling,10.399999999999823,-0.2140802726674093,1.4890304874169438,20,20,0,1.5104952236159097,0.12,0.3490658503988659,9.81,1,1,9,21,41,-3.0,3.0,0.01,30.0,60.0,1e-09,1e-12,6,0.0001,1,new simulation,nan
19,13,0.43415926535897936,-1.05,0.9000000000000001,rolling,10.809999999999814,-0.21998879574727184,1.4973946246894625,21,21,0,1.5105250099467706,0.12,0.3490658503988659,9.81,1,1,9,21,41,-3.0,3.0,0.01,30.0,60.0,1e-09,1e-12,6,0.0001,1,new simulation,nan
19,14,0.43415926535897936,-0.8999999999999999,0.9000000000000001,rolling,10.939999999999811,-0.22561004201574714,1.50550858909836,21,21,0,1.51051760220966,0.12,0.3490658503988659,9.81,1,1,9,21,41,-3.0,3.0,0.01,30.0,60.0,1e-09,1e-12,6,0.0001,1,new simulation,nan
19,15,0.43415926535897936,-0.75,0.9000000000000001,settled,0.45000000000000023,-0.2290658503988659,0.0,1,1,0,nan,0.12,0.3490658503988659,9.81,1,1,9,21,41,-3.0,3.0,0.01,30.0,60.0,1e-09,1e-12,6,0.0001,1,new simulation,nan
19,16,0.43415926535897936,-0.6000000000000001,0.9000000000000001,settled,0.37000000000000016,-0.2290658503988659,0.0,1,1,0,nan,0.12,0.3490658503988659,9.81,1,1,9,21,41,-3.0,3.0,0.01,30.0,60.0,1e-09,1e-12,6,0.0001,1,new simulation,nan
19,17,0.43415926535897936,-0.4500000000000002,0.9000000000000001,settled,0.2900000000000001,-0.2290658503988659,0.0,1,1,0,nan,0.12,0.3490658503988659,9.81,1,1,9,21,41,-3.0,3.0,0.01,30.0,60.0,1e-09,1e-12,6,0.0001,1,new simulation,nan
19,18,0.43415926535897936,-0.30000000000000027,0.9000000000000001,settled,0.23000000000000007,-0.2290658503988659,0.0,1,1,0,nan,0.12,0.3490658503988659,9.81,1,1,9,21,41,-3.0,3.0,0.01,30.0,60.0,1e-09,1e-12,6,0.0001,1,new simulation,nan
19,19,0.43415926535897936,-0.1499999999999999,0.9000000000000001,settled,0.18000000000000002,-0.2290658503988659,0.0,1,1,0,nan,0.12,0.3490658503988659,9.81,1,1,9,21,41,-3.0,3.0,0.01,30.0,60.0,1e-09,1e-12,6,0.0001,1,new simulation,nan
19,20,0.43415926535897936,0.0,0.9000000000000001,settled,0.12999999999999998,-0.2290658503988659,0.0,1,1,0,nan,0.12,0.3490658503988659,9.81,1,1,9,21,41,-3.0,3.0,0.01,30.0,60.0,1e-09,1e-12,6,0.0001,1,new simulation,nan
19,21,0.43415926535897936,0.1499999999999999,0.9000000000000001,settled,0.09999999999999999,-0.2290658503988659,0.0,1,1,0,nan,0.12,0.3490658503988659,9.81,1,1,9,21,41,-3.0,3.0,0.01,30.0,60.0,1e-09,1e-12,6,0.0001,1,new simulation,nan
19,22,0.43415926535897936,0.2999999999999998,0.9000000000000001,settled,0.08,-0.2290658503988659,0.0,1,1,0,nan,0.12,0.3490658503988659,9.81,1,1,9,21,41,-3.0,3.0,0.01,30.0,60.0,1e-09,1e-12,6,0.0001,1,new simulation,nan
19,23,0.43415926535897936,0.44999999999999973,0.9000000000000001,settled,0.07,-0.2290658503988659,0.0,1,1,0,nan,0.12,0.3490658503988659,9.81,1,1,9,21,41,-3.0,3.0,0.01,30.0,60.0,1e-09,1e-12,6,0.0001,1,new simulation,nan
19,24,0.43415926535897936,0.5999999999999996,0.9000000000000001,settled,0.05,-0.2290658503988659,0.0,1,1,0,nan,0.12,0.3490658503988659,9.81,1,1,9,21,41,-3.0,3.0,0.01,30.0,60.0,1e-09,1e-12,6,0.0001,1,new simulation,nan
19,25,0.43415926535897936,0.75,0.9000000000000001,settled,0.05,-0.2290658503988659,0.0,1,1,0,nan,0.12,0.3490658503988659,9.81,1,1,9,21,41,-3.0,3.0,0.01,30.0,60.0,1e-09,1e-12,6,0.0001,1,new simulation,nan
19,26,0.43415926535897936,0.8999999999999999,0.9000000000000001,rolling,10.419999999999822,-0.2214236704775196,1.4994497966989557,21,21,0,1.510517602358755,0.12,0.3490658503988659,9.81,1,1,9,21,41,-3.0,3.0,0.01,30.0,60.0,1e-09,1e-12,6,0.0001,1,new simulation,nan
19,27,0.43415926535897936,1.0499999999999998,0.9000000000000001,rolling,10.139999999999828,-0.2144843006830838,1.4896018378742195,21,21,0,1.5105250110397312,0.12,0.3490658503988659,9.81,1,1,9,21,41,-3.0,3.0,0.01,30.0,60.0,1e-09,1e-12,6,0.0001,1,new simulation,nan
19,28,0.43415926535897936,1.2000000000000002,0.9000000000000001,rolling,9.479999999999842,-0.2212700729011387,1.4992251062284276,20,20,0,1.510495224452006,0.12,0.3490658503988659,9.81,1,1,9,21,41,-3.0,3.0,0.01,30.0,60.0,1e-09,1e-12,6,0.0001,1,new simulation,nan
19,29,0.43415926535897936,1.3499999999999996,0.9000000000000001,rolling,9.329999999999846,-0.22740888353548433,1.5081375908724164,20,20,0,1.5105117326520425,0.12,0.3490658503988659,9.81,1,1,9,21,41,-3.0,3.0,0.01,30.0,60.0,1e-09,1e-12,6,0.0001,1,new simulation,nan
19,30,0.43415926535897936,1.5,0.9000000000000001,rolling,9.209999999999848,-0.22186090537153155,1.5000807868951298,20,20,0,1.5105301836195923,0.12,0.3490658503988659,9.81,1,1,9,21,41,-3.0,3.0,0.01,30.0,60.0,1e-09,1e-12,6,0.0001,1,new simulation,nan
19,31,0.43415926535897936,1.6499999999999995,0.9000000000000001,rolling,8.62999999999986,-0.22371627645590164,1.5027582122437393,19,19,0,1.5105242264686825,0.12,0.3490658503988659,9.81,1,1,9,21,41,-3.0,3.0,0.01,30.0,60.0,1e-09,1e-12,6,0.0001,1,new simulation,nan
19,32,0.43415926535897936,1.7999999999999998,0.9000000000000001,rolling,7.589999999999883,-0.22680260265912258,1.5072496628529108,17,17,0,1.5105133264530302,0.12,0.3490658503988659,9.81,1,1,9,21,41,-3.0,3.0,0.01,30.0,60.0,1e-09,1e-12,6,0.0001,1,new simulation,nan
19,33,0.43415926535897936,1.9500000000000002,0.9000000000000001,rolling,7.0299999999998946,-0.22600337189788086,1.5061089799482208,16,16,0,1.5106654610353225,0.12,0.3490658503988659,9.81,1,1,9,21,41,-3.0,3.0,0.01,30.0,60.0,1e-09,1e-12,6,0.0001,1,new simulation,nan
19,34,0.43415926535897936,2.0999999999999996,0.9000000000000001,rolling,8.359999999999866,-0.2167009712727616,1.4927439575970947,19,19,0,1.5106483288337291,0.12,0.3490658503988659,9.81,1,1,9,21,41,-3.0,3.0,0.01,30.0,60.0,1e-09,1e-12,6,0.0001,1,new simulation,nan
19,35,0.43415926535897936,2.25,0.9000000000000001,rolling,8.749999999999858,-0.2166686692236988,1.492698907113411,20,20,0,1.5106515618191303,0.12,0.3490658503988659,9.81,1,1,9,21,41,-3.0,3.0,0.01,30.0,60.0,1e-09,1e-12,6,0.0001,1,new simulation,nan
19,36,0.43415926535897936,2.3999999999999995,0.9000000000000001,rolling,9.13999999999985,-0.2232429851669009,1.5020947932042044,21,21,0,1.5106429642630392,0.12,0.3490658503988659,9.81,1,1,9,21,41,-3.0,3.0,0.01,30.0,60.0,1e-09,1e-12,6,0.0001,1,new simulation,nan
19,37,0.43415926535897936,2.55,0.9000000000000001,rolling,9.069999999999851,-0.2212895508594617,1.4992832594052676,21,21,0,1.5106617668323812,0.12,0.3490658503988659,9.81,1,1,9,21,41,-3.0,3.0,0.01,30.0,60.0,1e-09,1e-12,6,0.0001,1,new simulation,nan
19,38,0.43415926535897936,2.7,0.9000000000000001,rolling,9.469999999999843,-0.22362830760024718,1.5026523009776593,22,22,0,1.5106429919934758,0.12,0.3490658503988659,9.81,1,1,9,21,41,-3.0,3.0,0.01,30.0,60.0,1e-09,1e-12,6,0.0001,1,new simulation,nan
19,39,0.43415926535897936,2.8499999999999996,0.9000000000000001,rolling,9.409999999999844,-0.21618731993948043,1.4920201249425715,22,22,0,1.510655362901712,0.12,0.3490658503988659,9.81,1,1,9,21,41,-3.0,3.0,0.01,30.0,60.0,1e-09,1e-12,6,0.0001,1,new simulation,nan
19,40,0.43415926535897936,3.0,0.9000000000000001,rolling,9.339999999999845,-0.22775170404611167,1.5086688434334377,22,22,0,1.5106684029830555,0.12,0.3490658503988659,9.81,1,1,9,21,41,-3.0,3.0,0.01,30.0,60.0,1e-09,1e-12,6,0.0001,1,new simulation,nan
20,0,0.4690658503988659,-3.0,1.0,rolling,11.529999999999799,-0.22276488677468928,1.501383662123862,23,21,2,1.5105301213430904,0.12,0.3490658503988659,9.81,1,1,9,21,41,-3.0,3.0,0.01,30.0,60.0,1e-09,1e-12,6,0.0001,1,new simulation,nan
20,1,0.4690658503988659,-2.85,1.0,rolling,11.609999999999797,-0.2266065430476477,1.5069644666717705,23,21,2,1.5105224681526337,0.12,0.3490658503988659,9.81,1,1,9,21,41,-3.0,3.0,0.01,30.0,60.0,1e-09,1e-12,6,0.0001,1,new simulation,nan
20,2,0.4690658503988659,-2.7,1.0,rolling,11.94999999999979,-0.21987114819225997,1.4972246875944208,23,21,2,1.5105152071815955,0.12,0.3490658503988659,9.81,1,1,9,21,41,-3.0,3.0,0.01,30.0,60.0,1e-09,1e-12,6,0.0001,1,new simulation,nan
20,3,0.4690658503988659,-2.55,1.0,settled,1.420000000000001,-0.2290658503988659,0.0,3,1,2,nan,0.12,0.3490658503988659,9.81,1,1,9,21,41,-3.0,3.0,0.01,30.0,60.0,1e-09,1e-12,6,0.0001,1,new simulation,nan
20,4,0.4690658503988659,-2.4,1.0,settled,1.5700000000000012,-0.2290658503988659,0.0,3,1,2,nan,0.12,0.3490658503988659,9.81,1,1,9,21,41,-3.0,3.0,0.01,30.0,60.0,1e-09,1e-12,6,0.0001,1,new simulation,nan
20,5,0.4690658503988659,-2.25,1.0,rolling,11.169999999999806,-0.2178961372822564,1.494410778905945,21,20,1,1.5105077011695738,0.12,0.3490658503988659,9.81,1,1,9,21,41,-3.0,3.0,0.01,30.0,60.0,1e-09,1e-12,6,0.0001,1,new simulation,nan
20,6,0.4690658503988659,-2.1,1.0,rolling,11.279999999999804,-0.21877164062022372,1.4956593895316403,22,21,1,1.510531182686183,0.12,0.3490658503988659,9.81,1,1,9,21,41,-3.0,3.0,0.01,30.0,60.0,1e-09,1e-12,6,0.0001,1,new simulation,nan
20,7,0.4690658503988659,-1.95,1.0,rolling,11.349999999999802,-0.21588438556171496,1.4915688410043948,22,21,1,1.5105221533675384,0.12,0.3490658503988659,9.81,1,1,9,21,41,-3.0,3.0,0.01,30.0,60.0,1e-09,1e-12,6,0.0001,1,new simulation,nan
20,8,0.4690658503988659,-1.8,1.0,rolling,11.819999999999792,-0.21466533527027035,1.4898536329152647,22,21,1,1.5105137930723285,0.12,0.3490658503988659,9.81,1,1,9,21,41,-3.0,3.0,0.01,30.0,60.0,1e-09,1e-12,6,0.0001,1,new simulation,nan
20,9,0.4690658503988659,-1.6500000000000001,1.0,settled,1.1200000000000008,-0.2290658503988659,0.0,2,1,1,nan,0.12,0.3490658503988659,9.81,1,1,9,21,41,-3.0,3.0,0.01,30.0,60.0,1e-09,1e-12,6,0.0001,1,new simulation,nan
20,10,0.4690658503988659,-1.5,1.0,settled,1.430000000000001,-0.2290658503988659,0.0,2,1,1,nan,0.12,0.3490658503988659,9.81,1,1,9,21,41,-3.0,3.0,0.01,30.0,60.0,1e-09,1e-12,6,0.0001,1,new simulation,nan
20,11,0.4690658503988659,-1.35,1.0,rolling,10.469999999999821,-0.22711029605684765,1.507697603111842,20,20,0,1.5104988326707216,0.12,0.3490658503988659,9.81,1,1,9,21,41,-3.0,3.0,0.01,30.0,60.0,1e-09,1e-12,6,0.0001,1,new simulation,nan
20,12,0.4690658503988659,-1.2000000000000002,1.0,rolling,10.839999999999813,-0.2161390174124296,1.4919284462393394,21,21,0,1.5105259884365296,0.12,0.3490658503988659,9.81,1,1,9,21,41,-3.0,3.0,0.01,30.0,60.0,1e-09,1e-12,6,0.0001,1,new simulation,nan
20,13,0.4690658503988659,-1.05,1.0,rolling,10.97999999999981,-0.22899205668102723,1.510466504748062,21,21,0,1.5105174398194636,0.12,0.3490658503988659,9.81,1,1,9,21,41,-3.0,3.0,0.01,30.0,60.0,1e-09,1e-12,6,0.0001,1,new simulation,nan
20,14,0.4690658503988659,-0.8999999999999999,1.0,settled,0.48000000000000026,-0.2290658503988659,0.0,1,1,0,nan,0.12,0.3490658503988659,9.81,1,1,9,21,41,-3.0,3.0,0.01,30.0,60.0,1e-09,1e-12,6,0.0001,1,new simulation,nan
20,15,0.4690658503988659,-0.75,1.0,settled,0.38000000000000017,-0.2290658503988659,0.0,1,1,0,nan,0.12,0.3490658503988659,9.81,1,1,9,21,41,-3.0,3.0,0.01,30.0,60.0,1e-09,1e-12,6,0.0001,1,new simulation,nan
20,16,0.4690658503988659,-0.6000000000000001,1.0,settled,0.2900000000000001,-0.2290658503988659,0.0,1,1,0,nan,0.12,0.3490658503988659,9.81,1,1,9,21,41,-3.0,3.0,0.01,30.0,60.0,1e-09,1e-12,6,0.0001,1,new simulation,nan
20,17,0.4690658503988659,-0.4500000000000002,1.0,settled,0.21000000000000005,-0.2290658503988659,0.0,1,1,0,nan,0.12,0.3490658503988659,9.81,1,1,9,21,41,-3.0,3.0,0.01,30.0,60.0,1e-09,1e-12,6,0.0001,1,new simulation,nan
20,18,0.4690658503988659,-0.30000000000000027,1.0,settled,0.13999999999999999,-0.2290658503988659,0.0,1,1,0,nan,0.12,0.3490658503988659,9.81,1,1,9,21,41,-3.0,3.0,0.01,30.0,60.0,1e-09,1e-12,6,0.0001,1,new simulation,nan
20,19,0.4690658503988659,-0.1499999999999999,1.0,settled,0.07,-0.2290658503988659,0.0,1,1,0,nan,0.12,0.3490658503988659,9.81,1,1,9,21,41,-3.0,3.0,0.01,30.0,60.0,1e-09,1e-12,6,0.0001,1,new simulation,nan
20,20,0.4690658503988659,0.0,1.0,settled,0.01,-0.2290658503988659,0.0,1,1,0,nan,0.12,0.3490658503988659,9.81,1,1,9,21,41,-3.0,3.0,0.01,30.0,60.0,1e-09,1e-12,6,0.0001,1,new simulation,nan
20,21,0.4690658503988659,0.1499999999999999,1.0,settled,0.01,-0.2290658503988659,0.0,1,1,0,nan,0.12,0.3490658503988659,9.81,1,1,9,21,41,-3.0,3.0,0.01,30.0,60.0,1e-09,1e-12,6,0.0001,1,new simulation,nan
20,22,0.4690658503988659,0.2999999999999998,1.0,settled,0.01,-0.2290658503988659,0.0,1,1,0,nan,0.12,0.3490658503988659,9.81,1,1,9,21,41,-3.0,3.0,0.01,30.0,60.0,1e-09,1e-12,6,0.0001,1,new simulation,nan
20,23,0.4690658503988659,0.44999999999999973,1.0,settled,0.01,-0.2290658503988659,0.0,1,1,0,nan,0.12,0.3490658503988659,9.81,1,1,9,21,41,-3.0,3.0,0.01,30.0,60.0,1e-09,1e-12,6,0.0001,1,new simulation,nan
20,24,0.4690658503988659,0.5999999999999996,1.0,settled,0.01,-0.2290658503988659,0.0,1,1,0,nan,0.12,0.3490658503988659,9.81,1,1,9,21,41,-3.0,3.0,0.01,30.0,60.0,1e-09,1e-12,6,0.0001,1,new simulation,nan
20,25,0.4690658503988659,0.75,1.0,settled,0.01,-0.2290658503988659,0.0,1,1,0,nan,0.12,0.3490658503988659,9.81,1,1,9,21,41,-3.0,3.0,0.01,30.0,60.0,1e-09,1e-12,6,0.0001,1,new simulation,nan
20,26,0.4690658503988659,0.8999999999999999,1.0,settled,0.01,-0.2290658503988659,0.0,1,1,0,nan,0.12,0.3490658503988659,9.81,1,1,9,21,41,-3.0,3.0,0.01,30.0,60.0,1e-09,1e-12,6,0.0001,1,new simulation,nan
20,27,0.4690658503988659,1.0499999999999998,1.0,rolling,10.389999999999823,-0.22664649094995598,1.5070219895083254,21,21,0,1.5105174407576332,0.12,0.3490658503988659,9.81,1,1,9,21,41,-3.0,3.0,0.01,30.0,60.0,1e-09,1e-12,6,0.0001,1,new simulation,nan
20,28,0.4690658503988659,1.2000000000000002,1.0,rolling,10.07999999999983,-0.21940566596354125,1.4965619957978993,21,21,0,1.5105259887669027,0.12,0.3490658503988659,9.81,1,1,9,21,41,-3.0,3.0,0.01,30.0,60.0,1e-09,1e-12,6,0.0001,1,new simulation,nan
20,29,0.4690658503988659,1.3499999999999996,1.0,rolling,9.419999999999844,-0.21668365005005977,1.4926922761752677,20,20,0,1.5104988337170664,0.12,0.3490658503988659,9.81,1,1,9,21,41,-3.0,3.0,0.01,30.0,60.0,1e-09,1e-12,6,0.0001,1,new simulation,nan
20,30,0.4690658503988659,1.5,1.0,rolling,9.269999999999847,-0.22044174056075178,1.4980412856345904,20,20,0,1.5105172850051465,0.12,0.3490658503988659,9.81,1,1,9,21,41,-3.0,3.0,0.01,30.0,60.0,1e-09,1e-12,6,0.0001,1,new simulation,nan
20,31,0.4690658503988659,1.6499999999999995,1.0,rolling,8.67999999999986,-0.21574285540032032,1.4913658690191078,19,19,0,1.5105022436117508,0.12,0.3490658503988659,9.81,1,1,9,21,41,-3.0,3.0,0.01,30.0,60.0,1e-09,1e-12,6,0.0001,1,new simulation,nan
20,32,0.4690658503988659,1.7999999999999998,1.0,rolling,8.099999999999872,-0.21872619288547496,1.4955902576047149,18,18,0,1.510506722315018,0.12,0.3490658503988659,9.81,1,1,9,21,41,-3.0,3.0,0.01,30.0,60.0,1e-09,1e-12,6,0.0001,1,new simulation,nan
20,33,0.4690658503988659,1.9500000000000002,1.0,rolling,6.119999999999914,-0.2249038936187534,1.5044767978653542,14,14,0,1.5104970900027002,0.12,0.3490658503988659,9.81,1,1,9,21,41,-3.0,3.0,0.01,30.0,60.0,1e-09,1e-12,6,0.0001,1,new simulation,nan
20,34,0.4690658503988659,2.0999999999999996,1.0,rolling,7.909999999999876,-0.22234078909678234,1.500794220985686,18,18,0,1.5106533514389653,0.12,0.3490658503988659,9.81,1,1,9,21,41,-3.0,3.0,0.01,30.0,60.0,1e-09,1e-12,6,0.0001,1,new simulation,nan
20,35,0.4690658503988659,2.25,1.0,rolling,8.299999999999867,-0.2165210197576862,1.4924945052647183,19,19,0,1.5106743343112363,0.12,0.3490658503988659,9.81,1,1,9,21,41,-3.0,3.0,0.01,30.0,60.0,1e-09,1e-12,6,0.0001,1,new simulation,nan
20,36,0.4690658503988659,2.3999999999999995,1.0,rolling,8.68999999999986,-0.21852566595575446,1.495334395480659,20,20,0,1.5106687636260074,0.12,0.3490658503988659,9.81,1,1,9,21,41,-3.0,3.0,0.01,30.0,60.0,1e-09,1e-12,6,0.0001,1,new simulation,nan
20,37,0.4690658503988659,2.55,1.0,rolling,9.07999999999985,-0.22716551273492072,1.5078065007498633,21,21,0,1.5106541984367883,0.12,0.3490658503988659,9.81,1,1,9,21,41,-3.0,3.0,0.01,30.0,60.0,1e-09,1e-12,6,0.0001,1,new simulation,nan
20,38,0.4690658503988659,2.7,1.0,rolling,9.009999999999852,-0.2272330037697548,1.507908998949524,21,21,0,1.5106741400123493,0.12,0.3490658503988659,9.81,1,1,9,21,41,-3.0,3.0,0.01,30.0,60.0,1e-09,1e-12,6,0.0001,1,new simulation,nan
20,39,0.4690658503988659,2.8499999999999996,1.0,rolling,9.419999999999844,-0.21654442750406563,1.492523296891635,22,22,0,1.5106509207791998,0.12,0.3490658503988659,9.81,1,1,9,21,41,-3.0,3.0,0.01,30.0,60.0,1e-09,1e-12,6,0.0001,1,new simulation,nan
20,40,0.4690658503988659,3.0,1.0,rolling,9.349999999999845,-0.22600895352804373,1.5061168564005198,22,22,0,1.5106639618372666,0.12,0.3490658503988659,9.81,1,1,9,21,41,-3.0,3.0,0.01,30.0,60.0,1e-09,1e-12,6,0.0001,1,new simulation,nan
