theta_index,theta_dot_index,theta0,theta_dot0,relative_angle,classification,final_time,final_theta,final_theta_dot,total_impacts,downhill_impacts,uphill_impacts,rolling_speed,gamma,alpha,gravity,length,mass,num_spokes,num_angles,num_speeds,minimum_speed,maximum_speed,timestep,max_time,retry_time,impact_time_tolerance,remaining_time_tolerance,convergence_impacts,speed_tolerance,cache_version,original_source_csv,original_grid_rolling_percent
0,0,-0.001799387799149399,-3.0,-1.0,rolling,7.839999999999877,0.013193036958066314,2.798932787659737,38,35,3,2.7985335584674753,0.26,0.2617993877991494,9.81,1,1,12,21,41,-3.0,3.0,0.01,30.0,60.0,1e-09,1e-12,6,0.0001,1,new simulation,nan
0,1,-0.001799387799149399,-2.85,-1.0,rolling,9.929999999999833,0.0066908527324907804,2.7987034055343334,36,34,2,2.798527083409008,0.26,0.2617993877991494,9.81,1,1,12,21,41,-3.0,3.0,0.01,30.0,60.0,1e-09,1e-12,6,0.0001,1,new simulation,nan
0,2,-0.001799387799149399,-2.7,-1.0,rolling,7.559999999999883,0.017950890618808706,2.7991849096022157,36,34,2,2.7985161653833637,0.26,0.2617993877991494,9.81,1,1,12,21,41,-3.0,3.0,0.01,30.0,60.0,1e-09,1e-12,6,0.0001,1,new simulation,nan
0,3,-0.001799387799149399,-2.55,-1.0,rolling,7.389999999999887,0.012434749319422704,2.7988867322613102,36,34,2,2.7985058391120785,0.26,0.2617993877991494,9.81,1,1,12,21,41,-3.0,3.0,0.01,30.0,60.0,1e-09,1e-12,6,0.0001,1,new simulation,nan
0,4,-0.001799387799149399,-2.4,-1.0,rolling,7.319999999999888,-0.0005234884027209288,2.7986120096988256,36,34,2,2.7984961007625677,0.26,0.2617993877991494,9.81,1,1,12,21,41,-3.0,3.0,0.01,30.0,60.0,1e-09,1e-12,6,0.0001,1,new simulation,nan
0,5,-0.001799387799149399,-2.25,-1.0,rolling,7.489999999999885,0.0009684208691998902,2.7986333263715832,37,35,2,2.7985426410489755,0.26,0.2617993877991494,9.81,1,1,12,21,41,-3.0,3.0,0.01,30.0,60.0,1e-09,1e-12,6,0.0001,1,new simulation,nan
0,6,-0.001799387799149399,-2.1,-1.0,rolling,7.5499999999998835,0.020207455840231,2.7993444646182737,37,35,2,2.7985362223535764,0.26,0.2617993877991494,9.81,1,1,12,21,41,-3.0,3.0,0.01,30.0,60.0,1e-09,1e-12,6,0.0001,1,new simulation,nan
0,7,-0.001799387799149399,-1.95,-1.0,rolling,7.749999999999879,0.0010129224669538348,2.798628115280664,37,35,2,2.7985302487951653,0.26,0.2617993877991494,9.81,1,1,12,21,41,-3.0,3.0,0.01,30.0,60.0,1e-09,1e-12,6,0.0001,1,new simulation,nan
0,8,-0.001799387799149399,-1.8,-1.0,rolling,7.579999999999883,0.023503918029143797,2.799591131880113,35,34,1,2.798522870207767,0.26,0.2617993877991494,9.81,1,1,12,21,41,-3.0,3.0,0.01,30.0,60.0,1e-09,1e-12,6,0.0001,1,new simulation,nan
0,9,-0.001799387799149399,-1.6500000000000001,-1.0,rolling,7.2199999999998905,-0.00014002209833583455,2.79861923667961,35,34,1,2.798513821510452,0.26,0.2617993877991494,9.81,1,1,12,21,41,-3.0,3.0,0.01,30.0,60.0,1e-09,1e-12,6,0.0001,1,new simulation,nan
0,10,-0.001799387799149399,-1.5,-1.0,rolling,7.0799999999998935,1.5184602741252643e-05,2.7986156269061984,35,34,1,2.7985055600642164,0.26,0.2617993877991494,9.81,1,1,12,21,41,-3.0,3.0,0.01,30.0,60.0,1e-09,1e-12,6,0.0001,1,new simulation,nan
0,11,-0.001799387799149399,-1.35,-1.0,rolling,6.999999999999895,-0.0007979060380022493,2.798613507417409,35,34,1,2.7984980868704574,0.26,0.2617993877991494,9.81,1,1,12,21,41,-3.0,3.0,0.01,30.0,60.0,1e-09,1e-12,6,0.0001,1,new simulation,nan
0,12,-0.001799387799149399,-1.2000000000000002,-1.0,rolling,6.959999999999896,0.024926338290433187,2.79969819088986,35,34,1,2.7984913971853973,0.26,0.2617993877991494,9.81,1,1,12,21,41,-3.0,3.0,0.01,30.0,60.0,1e-09,1e-12,6,0.0001,1,new simulation,nan
0,13,-0.001799387799149399,-1.05,-1.0,rolling,7.099999999999893,0.0006339566976901758,2.798631914589442,36,35,1,2.798541546980952,0.26,0.2617993877991494,9.81,1,1,12,21,41,-3.0,3.0,0.01,30.0,60.0,1e-09,1e-12,6,0.0001,1,new simulation,nan
0,14,-0.001799387799149399,-0.8999999999999999,-1.0,rolling,7.089999999999893,0.0106502913192216,2.7988283395933142,36,35,1,2.798537710772011,0.26,0.2617993877991494,9.81,1,1,12,21,41,-3.0,3.0,0.01,30.0,60.0,1e-09,1e-12,6,0.0001,1,new simulation,nan
0,15,-0.001799387799149399,-0.75,-1.0,rolling,7.089999999999893,0.007227775703772619,2.798719700917351,36,35,1,2.798534464919785,0.26,0.2617993877991494,9.81,1,1,12,21,41,-3.0,3.0,0.01,30.0,60.0,1e-09,1e-12,6,0.0001,1,new simulation,nan
0,16,-0.001799387799149399,-0.6000000000000001,-1.0,rolling,7.109999999999893,0.012821858743520799,2.7989151083101746,36,35,1,2.7985318097794143,0.26,0.2617993877991494,9.81,1,1,12,21,41,-3.0,3.0,0.01,30.0,60.0,1e-09,1e-12,6,0.0001,1,new simulation,nan
0,17,-0.001799387799149399,-0.4500000000000002,-1.0,rolling,7.149999999999892,0.009767652420384349,2.7987933064795194,36,35,1,2.7985297447296333,0.26,0.2617993877991494,9.81,1,1,12,21,41,-3.0,3.0,0.01,30.0,60.0,1e-09,1e-12,6,0.0001,1,new simulation,nan
0,18,-0.001799387799149399,-0.30000000000000027,-1.0,rolling,7.22999999999989,0.007384623082149903,2.7987210353867167,36,35,1,2.798528268834144,0.26,0.2617993877991494,9.81,1,1,12,21,41,-3.0,3.0,0.01,30.0,60.0,1e-09,1e-12,6,0.0001,1,new simulation,nan
0,19,-0.001799387799149399,-0.1499999999999999,-1.0,rolling,7.4099999999998865,0.012567436206347107,2.7989018728711006,36,35,1,2.7985273840684513,0.26,0.2617993877991494,9.81,1,1,12,21,41,-3.0,3.0,0.01,30.0,60.0,1e-09,1e-12,6,0.0001,1,new simulation,nan
0,20,-0.001799387799149399,0.0,-1.0,settled,0.01,-0.0017993877991494545,0.0,2,1,1,nan,0.26,0.2617993877991494,9.81,1,1,12,21,41,-3.0,3.0,0.01,30.0,60.0,1e-09,1e-12,6,0.0001,1,new simulation,nan
0,21,-0.001799387799149399,0.1499999999999999,-1.0,rolling,7.25999999999989,0.012311507067031895,2.798890812981323,34,34,0,2.7985276128397287,0.26,0.2617993877991494,9.81,1,1,12,21,41,-3.0,3.0,0.01,30.0,60.0,1e-09,1e-12,6,0.0001,1,new simulation,nan
0,22,-0.001799387799149399,0.2999999999999998,-1.0,rolling,7.0299999999998946,0.017122458672699334,2.7991396328901437,34,34,0,2.7985291853679133,0.26,0.2617993877991494,9.81,1,1,12,21,41,-3.0,3.0,0.01,30.0,60.0,1e-09,1e-12,6,0.0001,1,new simulation,nan
0,23,-0.001799387799149399,0.44999999999999973,-1.0,rolling,6.8899999999998975,0.012286155196728031,2.7988915377521195,34,34,0,2.7985318101525585,0.26,0.2617993877991494,9.81,1,1,12,21,41,-3.0,3.0,0.01,30.0,60.0,1e-09,1e-12,6,0.0001,1,new simulation,nan
0,24,-0.001799387799149399,0.5999999999999996,-1.0,rolling,6.7899999999999,0.01767393788895368,2.799175984709849,34,34,0,2.79853548213279,0.26,0.2617993877991494,9.81,1,1,12,21,41,-3.0,3.0,0.01,30.0,60.0,1e-09,1e-12,6,0.0001,1,new simulation,nan
0,25,-0.001799387799149399,0.75,-1.0,rolling,6.709999999999901,0.02576894773426579,2.7997941450454316,34,34,0,2.798540203970223,0.26,0.2617993877991494,9.81,1,1,12,21,41,-3.0,3.0,0.01,30.0,60.0,1e-09,1e-12,6,0.0001,1,new simulation,nan
0,26,-0.001799387799149399,0.8999999999999999,-1.0,rolling,6.459999999999907,0.023753550137807066,2.799598176072408,33,33,0,2.798491396546852,0.26,0.2617993877991494,9.81,1,1,12,21,41,-3.0,3.0,0.01,30.0,60.0,1e-09,1e-12,6,0.0001,1,new simulation,nan
0,27,-0.001799387799149399,1.0499999999999998,-1.0,rolling,6.389999999999908,0.005786566808210799,2.7986721169832607,33,33,0,2.7985004898739203,0.26,0.2617993877991494,9.81,1,1,12,21,41,-3.0,3.0,0.01,30.0,60.0,1e-09,1e-12,6,0.0001,1,new simulation,nan
0,28,-0.001799387799149399,1.2000000000000002,-1.0,rolling,6.3299999999999095,0.0002425656979745945,2.7986180773330562,33,33,0,2.798510979326174,0.26,0.2617993877991494,9.81,1,1,12,21,41,-3.0,3.0,0.01,30.0,60.0,1e-09,1e-12,6,0.0001,1,new simulation,nan
0,29,-0.001799387799149399,1.3499999999999996,-1.0,rolling,6.2799999999999105,0.010864013064301145,2.7988299697625263,33,33,0,2.7985228700123677,0.26,0.2617993877991494,9.81,1,1,12,21,41,-3.0,3.0,0.01,30.0,60.0,1e-09,1e-12,6,0.0001,1,new simulation,nan
0,30,-0.001799387799149399,1.5,-1.0,rolling,6.229999999999912,0.012100286250621964,2.798885479099294,33,33,0,2.7985361603517176,0.26,0.2617993877991494,9.81,1,1,12,21,41,-3.0,3.0,0.01,30.0,60.0,1e-09,1e-12,6,0.0001,1,new simulation,nan
0,31,-0.001799387799149399,1.6499999999999995,-1.0,rolling,5.9999999999999165,-0.00010334460330284844,2.79861232533824,32,32,0,2.7984978940932037,0.26,0.2617993877991494,9.81,1,1,12,21,41,-3.0,3.0,0.01,30.0,60.0,1e-09,1e-12,6,0.0001,1,new simulation,nan
0,32,-0.001799387799149399,1.7999999999999998,-1.0,rolling,5.959999999999917,0.014862057296332182,2.799008688790248,32,32,0,2.7985193454253827,0.26,0.2617993877991494,9.81,1,1,12,21,41,-3.0,3.0,0.01,30.0,60.0,1e-09,1e-12,6,0.0001,1,new simulation,nan
0,33,-0.001799387799149399,1.9500000000000002,-1.0,rolling,5.919999999999918,0.024171864158077663,2.7996554848150983,32,32,0,2.798542658542546,0.26,0.2617993877991494,9.81,1,1,12,21,41,-3.0,3.0,0.01,30.0,60.0,1e-09,1e-12,6,0.0001,1,new simulation,nan
0,34,-0.001799387799149399,2.0999999999999996,-1.0,rolling,5.699999999999923,0.022773511268057347,2.7995309093760694,31,31,0,2.7985205495575283,0.26,0.2617993877991494,9.81,1,1,12,21,41,-3.0,3.0,0.01,30.0,60.0,1e-09,1e-12,6,0.0001,1,new simulation,nan
0,35,-0.001799387799149399,2.25,-1.0,rolling,5.479999999999928,0.016916845102491626,2.7991171498257494,30,30,0,2.7985055778877874,0.26,0.2617993877991494,9.81,1,1,12,21,41,-3.0,3.0,0.01,30.0,60.0,1e-09,1e-12,6,0.0001,1,new simulation,nan
0,36,-0.001799387799149399,2.3999999999999995,-1.0,rolling,5.259999999999932,0.007028978325265648,2.7987024339879873,29,29,0,2.798506061731034,0.26,0.2617993877991494,9.81,1,1,12,21,41,-3.0,3.0,0.01,30.0,60.0,1e-09,1e-12,6,0.0001,1,new simulation,nan
0,37,-0.001799387799149399,2.55,-1.0,rolling,5.049999999999937,0.021448242123912706,2.7994346844061204,28,28,0,2.7985354451176003,0.26,0.2617993877991494,9.81,1,1,12,21,41,-3.0,3.0,0.01,30.0,60.0,1e-09,1e-12,6,0.0001,1,new simulation,nan
0,38,-0.001799387799149399,2.7,-1.0,rolling,4.479999999999949,0.02102923255718372,2.7994059769944943,25,25,0,2.7985411678771164,0.26,0.2617993877991494,9.81,1,1,12,21,41,-3.0,3.0,0.01,30.0,60.0,1e-09,1e-12,6,0.0001,1,new simulation,nan
0,39,-0.001799387799149399,2.8499999999999996,-1.0,rolling,3.9099999999999606,0.017382930008646418,2.799325842512595,22,22,0,2.7989229053881104,0.26,0.2617993877991494,9.81,1,1,12,21,41,-3.0,3.0,0.01,30.0,60.0,1e-09,1e-12,6,0.0001,1,new simulation,nan
0,40,-0.001799387799149399,3.0,-1.0,rolling,4.759999999999943,0.0008344989108075673,2.798793508827956,27,27,0,2.7989135320447858,0.26,0.2617993877991494,9.81,1,1,12,21,41,-3.0,3.0,0.01,30.0,60.0,1e-09,1e-12,6,0.0001,1,new simulation,nan
1,0,0.024380550980765536,-3.0,-0.9,rolling,7.849999999999877,0.0130678899216016,2.79892701045531,38,35,3,2.798533515185993,0.26,0.2617993877991494,9.81,1,1,12,21,41,-3.0,3.0,0.01,30.0,60.0,1e-09,1e-12,6,0.0001,1,new simulation,nan
1,1,0.024380550980765536,-2.85,-0.9,rolling,9.08999999999985,0.007854394945124465,2.798733032770818,36,34,2,2.7985270071512303,0.26,0.2617993877991494,9.81,1,1,12,21,41,-3.0,3.0,0.01,30.0,60.0,1e-09,1e-12,6,0.0001,1,new simulation,nan
1,2,0.024380550980765536,-2.7,-0.9,rolling,7.569999999999883,0.02417689202963563,2.7996444093795123,36,34,2,2.79851608841694,0.26,0.2617993877991494,9.81,1,1,12,21,41,-3.0,3.0,0.01,30.0,60.0,1e-09,1e-12,6,0.0001,1,new simulation,nan
1,3,0.024380550980765536,-2.55,-0.9,rolling,7.399999999999887,0.013834979402071967,2.7989511584280646,36,34,2,2.798505763487105,0.26,0.2617993877991494,9.81,1,1,12,21,41,-3.0,3.0,0.01,30.0,60.0,1e-09,1e-12,6,0.0001,1,new simulation,nan
1,4,0.024380550980765536,-2.4,-0.9,rolling,7.339999999999888,0.02569074650465379,2.7997679727061775,36,34,2,2.79849602580189,0.26,0.2617993877991494,9.81,1,1,12,21,41,-3.0,3.0,0.01,30.0,60.0,1e-09,1e-12,6,0.0001,1,new simulation,nan
1,5,0.024380550980765536,-2.25,-0.9,rolling,7.509999999999884,0.023922033366610657,2.7996344045735433,37,35,2,2.798542584724958,0.26,0.2617993877991494,9.81,1,1,12,21,41,-3.0,3.0,0.01,30.0,60.0,1e-09,1e-12,6,0.0001,1,new simulation,nan
1,6,0.024380550980765536,-2.1,-0.9,rolling,7.559999999999883,0.010752279074573086,2.7988314972004726,37,35,2,2.7985361672681903,0.26,0.2617993877991494,9.81,1,1,12,21,41,-3.0,3.0,0.01,30.0,60.0,1e-09,1e-12,6,0.0001,1,new simulation,nan
1,7,0.024380550980765536,-1.95,-0.9,rolling,7.769999999999879,0.007517872497776256,2.798725346749536,37,35,2,2.7985301917187653,0.26,0.2617993877991494,9.81,1,1,12,21,41,-3.0,3.0,0.01,30.0,60.0,1e-09,1e-12,6,0.0001,1,new simulation,nan
1,8,0.024380550980765536,-1.8,-0.9,rolling,7.579999999999883,0.003557187147510607,2.7986452555247063,35,34,1,2.7985227692314134,0.26,0.2617993877991494,9.81,1,1,12,21,41,-3.0,3.0,0.01,30.0,60.0,1e-09,1e-12,6,0.0001,1,new simulation,nan
1,9,0.024380550980765536,-1.6500000000000001,-0.9,rolling,7.23999999999989,0.017731755310332442,2.799170149991565,35,34,1,2.798513718777697,0.26,0.2617993877991494,9.81,1,1,12,21,41,-3.0,3.0,0.01,30.0,60.0,1e-09,1e-12,6,0.0001,1,new simulation,nan
1,10,0.024380550980765536,-1.5,-0.9,rolling,7.099999999999893,0.010760577236419681,2.798818511267684,35,34,1,2.7985054577002226,0.26,0.2617993877991494,9.81,1,1,12,21,41,-3.0,3.0,0.01,30.0,60.0,1e-09,1e-12,6,0.0001,1,new simulation,nan
1,11,0.024380550980765536,-1.35,-0.9,rolling,7.019999999999895,0.0033133415311506036,2.798631586854474,35,34,1,2.7984979827782683,0.26,0.2617993877991494,9.81,1,1,12,21,41,-3.0,3.0,0.01,30.0,60.0,1e-09,1e-12,6,0.0001,1,new simulation,nan
1,12,0.024380550980765536,-1.2000000000000002,-0.9,rolling,6.979999999999896,0.02147121819154363,2.7994172982096037,35,34,1,2.798491293972461,0.26,0.2617993877991494,9.81,1,1,12,21,41,-3.0,3.0,0.01,30.0,60.0,1e-09,1e-12,6,0.0001,1,new simulation,nan
1,13,0.024380550980765536,-1.05,-0.9,rolling,7.129999999999892,0.0157654824486221,2.7990667527358495,36,35,1,2.7985414714480776,0.26,0.2617993877991494,9.81,1,1,12,21,41,-3.0,3.0,0.01,30.0,60.0,1e-09,1e-12,6,0.0001,1,new simulation,nan
1,14,0.024380550980765536,-0.8999999999999999,-0.9,rolling,7.119999999999893,0.013364884388377936,2.7989425519466993,36,35,1,2.7985376356243847,0.26,0.2617993877991494,9.81,1,1,12,21,41,-3.0,3.0,0.01,30.0,60.0,1e-09,1e-12,6,0.0001,1,new simulation,nan
1,15,0.024380550980765536,-0.75,-0.9,rolling,7.129999999999892,0.02046574693719842,2.7993620783076056,36,35,1,2.798534388852735,0.26,0.2617993877991494,9.81,1,1,12,21,41,-3.0,3.0,0.01,30.0,60.0,1e-09,1e-12,6,0.0001,1,new simulation,nan
1,16,0.024380550980765536,-0.6000000000000001,-0.9,rolling,7.149999999999892,-0.0006001377856506343,2.79862759246056,36,35,1,2.798531734428202,0.26,0.2617993877991494,9.81,1,1,12,21,41,-3.0,3.0,0.01,30.0,60.0,1e-09,1e-12,6,0.0001,1,new simulation,nan
1,17,0.024380550980765536,-0.4500000000000002,-0.9,rolling,7.209999999999891,0.0062592694121221815,2.79869472871071,36,35,1,2.7985296679462195,0.26,0.2617993877991494,9.81,1,1,12,21,41,-3.0,3.0,0.01,30.0,60.0,1e-09,1e-12,6,0.0001,1,new simulation,nan
1,18,0.024380550980765536,-0.30000000000000027,-0.9,rolling,7.329999999999888,0.016202841587291926,2.799085503846029,36,35,1,2.7985281915864864,0.26,0.2617993877991494,9.81,1,1,12,21,41,-3.0,3.0,0.01,30.0,60.0,1e-09,1e-12,6,0.0001,1,new simulation,nan
1,19,0.024380550980765536,-0.1499999999999999,-0.9,rolling,7.649999999999881,0.022877889641880363,2.799542185329298,36,35,1,2.798527307395552,0.26,0.2617993877991494,9.81,1,1,12,21,41,-3.0,3.0,0.01,30.0,60.0,1e-09,1e-12,6,0.0001,1,new simulation,nan
1,20,0.024380550980765536,0.0,-0.9,rolling,7.469999999999885,0.02574066006296999,2.799785856570874,34,34,0,2.798526954218073,0.26,0.2617993877991494,9.81,1,1,12,21,41,-3.0,3.0,0.01,30.0,60.0,1e-09,1e-12,6,0.0001,1,new simulation,nan
1,21,0.024380550980765536,0.1499999999999999,-0.9,rolling,7.119999999999893,0.021371625210414625,2.7994254868736825,34,34,0,2.7985274783067133,0.26,0.2617993877991494,9.81,1,1,12,21,41,-3.0,3.0,0.01,30.0,60.0,1e-09,1e-12,6,0.0001,1,new simulation,nan
1,22,0.024380550980765536,0.2999999999999998,-0.9,rolling,6.949999999999896,0.011801427170255903,2.7988698814413295,34,34,0,2.7985290503826,0.26,0.2617993877991494,9.81,1,1,12,21,41,-3.0,3.0,0.01,30.0,60.0,1e-09,1e-12,6,0.0001,1,new simulation,nan
1,23,0.024380550980765536,0.44999999999999973,-0.9,rolling,6.839999999999899,0.022713296893933962,2.799530928321632,34,34,0,2.7985316752319265,0.26,0.2617993877991494,9.81,1,1,12,21,41,-3.0,3.0,0.01,30.0,60.0,1e-09,1e-12,6,0.0001,1,new simulation,nan
1,24,0.024380550980765536,0.5999999999999996,-0.9,rolling,6.7499999999999005,0.02029486770844834,2.79935028740827,34,34,0,2.798535346185325,0.26,0.2617993877991494,9.81,1,1,12,21,41,-3.0,3.0,0.01,30.0,60.0,1e-09,1e-12,6,0.0001,1,new simulation,nan
1,25,0.024380550980765536,0.75,-0.9,rolling,6.669999999999902,0.006336124286209785,2.7987009297373455,34,34,0,2.79854006673413,0.26,0.2617993877991494,9.81,1,1,12,21,41,-3.0,3.0,0.01,30.0,60.0,1e-09,1e-12,6,0.0001,1,new simulation,nan
1,26,0.024380550980765536,0.8999999999999999,-0.9,rolling,6.429999999999907,0.017365863897519294,2.79913790519822,33,33,0,2.79849121525026,0.26,0.2617993877991494,9.81,1,1,12,21,41,-3.0,3.0,0.01,30.0,60.0,1e-09,1e-12,6,0.0001,1,new simulation,nan
1,27,0.024380550980765536,1.0499999999999998,-0.9,rolling,6.369999999999909,0.016596392552984025,2.799096052043625,33,33,0,2.798500308879784,0.26,0.2617993877991494,9.81,1,1,12,21,41,-3.0,3.0,0.01,30.0,60.0,1e-09,1e-12,6,0.0001,1,new simulation,nan
1,28,0.024380550980765536,1.2000000000000002,-0.9,rolling,6.30999999999991,0.0028954735156538174,2.7986325903211875,33,33,0,2.79851080037586,0.26,0.2617993877991494,9.81,1,1,12,21,41,-3.0,3.0,0.01,30.0,60.0,1e-09,1e-12,6,0.0001,1,new simulation,nan
1,29,0.024380550980765536,1.3499999999999996,-0.9,rolling,6.259999999999911,0.0071373164442443664,2.7987123224412738,33,33,0,2.7985226890434913,0.26,0.2617993877991494,9.81,1,1,12,21,41,-3.0,3.0,0.01,30.0,60.0,1e-09,1e-12,6,0.0001,1,new simulation,nan
1,30,0.024380550980765536,1.5,-0.9,rolling,6.209999999999912,0.0032480628650617483,2.798647288420075,33,33,0,2.7985359784860386,0.26,0.2617993877991494,9.81,1,1,12,21,41,-3.0,3.0,0.01,30.0,60.0,1e-09,1e-12,6,0.0001,1,new simulation,nan
1,31,0.024380550980765536,1.6499999999999995,-0.9,rolling,5.989999999999917,0.014824218632692902,2.798997327889403,32,32,0,2.798497654265725,0.26,0.2617993877991494,9.81,1,1,12,21,41,-3.0,3.0,0.01,30.0,60.0,1e-09,1e-12,6,0.0001,1,new simulation,nan
1,32,0.024380550980765536,1.7999999999999998,-0.9,rolling,5.939999999999918,-0.0017135601200205554,2.798626635865891,32,32,0,2.798519103565603,0.26,0.2617993877991494,9.81,1,1,12,21,41,-3.0,3.0,0.01,30.0,60.0,1e-09,1e-12,6,0.0001,1,new simulation,nan
1,33,0.024380550980765536,1.9500000000000002,-0.9,rolling,5.899999999999919,0.00461252875879109,2.7986688752303626,32,32,0,2.7985424178312948,0.26,0.2617993877991494,9.81,1,1,12,21,41,-3.0,3.0,0.01,30.0,60.0,1e-09,1e-12,6,0.0001,1,new simulation,nan
1,34,0.024380550980765536,2.0999999999999996,-0.9,rolling,5.679999999999923,0.0006544163676163472,2.7986227265032197,31,31,0,2.798520228987066,0.26,0.2617993877991494,9.81,1,1,12,21,41,-3.0,3.0,0.01,30.0,60.0,1e-09,1e-12,6,0.0001,1,new simulation,nan
1,35,0.024380550980765536,2.25,-0.9,rolling,5.469999999999928,0.02056469265126475,2.799356531309648,30,30,0,2.7985051493867723,0.26,0.2617993877991494,9.81,1,1,12,21,41,-3.0,3.0,0.01,30.0,60.0,1e-09,1e-12,6,0.0001,1,new simulation,nan
1,36,0.024380550980765536,2.3999999999999995,-0.9,rolling,5.2499999999999325,0.008728577521879955,2.7987491244091847,29,29,0,2.798505493393883,0.26,0.2617993877991494,9.81,1,1,12,21,41,-3.0,3.0,0.01,30.0,60.0,1e-09,1e-12,6,0.0001,1,new simulation,nan
1,37,0.024380550980765536,2.55,-0.9,rolling,5.039999999999937,0.021427175051573922,2.7994327695114682,28,28,0,2.7985346837226093,0.26,0.2617993877991494,9.81,1,1,12,21,41,-3.0,3.0,0.01,30.0,60.0,1e-09,1e-12,6,0.0001,1,new simulation,nan
1,38,0.024380550980765536,2.7,-0.9,rolling,4.469999999999949,0.01947678948057925,2.7992950238128853,25,25,0,2.798539368845463,0.26,0.2617993877991494,9.81,1,1,12,21,41,-3.0,3.0,0.01,30.0,60.0,1e-09,1e-12,6,0.0001,1,new simulation,nan
1,39,0.024380550980765536,2.8499999999999996,-0.9,rolling,3.899999999999961,0.014459380218842379,2.799160879563638,22,22,0,2.798918637712378,0.26,0.2617993877991494,9.81,1,1,12,21,41,-3.0,3.0,0.01,30.0,60.0,1e-09,1e-12,6,0.0001,1,new simulation,nan
1,40,0.024380550980765536,3.0,-0.9,rolling,4.759999999999943,0.024665864734960023,2.7998578492113126,27,27,0,2.798912520458218,0.26,0.2617993877991494,9.81,1,1,12,21,41,-3.0,3.0,0.01,30.0,60.0,1e-09,1e-12,6,0.0001,1,new simulation,nan
2,0,0.05056048976068047,-3.0,-0.8,rolling,7.859999999999877,0.004119446648746797,2.798657411218913,38,35,3,2.7985333732160704,0.26,0.2617993877991494,9.81,1,1,12,21,41,-3.0,3.0,0.01,30.0,60.0,1e-09,1e-12,6,0.0001,1,new simulation,nan
2,1,0.05056048976068047,-2.85,-0.8,rolling,8.64999999999986,0.006033007948747594,2.7986885943066855,36,34,2,2.7985267543588352,0.26,0.2617993877991494,9.81,1,1,12,21,41,-3.0,3.0,0.01,30.0,60.0,1e-09,1e-12,6,0.0001,1,new simulation,nan
2,2,0.05056048976068047,-2.7,-0.8,rolling,7.569999999999883,0.01452785109942389,2.7989899581557482,36,34,2,2.7985158390428175,0.26,0.2617993877991494,9.81,1,1,12,21,41,-3.0,3.0,0.01,30.0,60.0,1e-09,1e-12,6,0.0001,1,new simulation,nan
2,3,0.05056048976068047,-2.55,-0.8,rolling,7.4099999999998865,0.02007819212977613,2.799322045331556,36,34,2,2.7985055104142087,0.26,0.2617993877991494,9.81,1,1,12,21,41,-3.0,3.0,0.01,30.0,60.0,1e-09,1e-12,6,0.0001,1,new simulation,nan
2,4,0.05056048976068047,-2.4,-0.8,rolling,7.349999999999888,0.025580702176727473,2.799757980853055,36,34,2,2.7984957732311577,0.26,0.2617993877991494,9.81,1,1,12,21,41,-3.0,3.0,0.01,30.0,60.0,1e-09,1e-12,6,0.0001,1,new simulation,nan
2,5,0.05056048976068047,-2.25,-0.8,rolling,7.519999999999884,0.017680977838394913,2.7991794122119,37,35,2,2.798542393931585,0.26,0.2617993877991494,9.81,1,1,12,21,41,-3.0,3.0,0.01,30.0,60.0,1e-09,1e-12,6,0.0001,1,new simulation,nan
2,6,0.05056048976068047,-2.1,-0.8,rolling,7.579999999999883,0.023088713451131195,2.799562916774452,37,35,2,2.7985359783772403,0.26,0.2617993877991494,9.81,1,1,12,21,41,-3.0,3.0,0.01,30.0,60.0,1e-09,1e-12,6,0.0001,1,new simulation,nan
2,7,0.05056048976068047,-1.95,-0.8,rolling,7.799999999999878,0.012354605377396096,2.798893712209772,37,35,2,2.79853000236159,0.26,0.2617993877991494,9.81,1,1,12,21,41,-3.0,3.0,0.01,30.0,60.0,1e-09,1e-12,6,0.0001,1,new simulation,nan
2,8,0.05056048976068047,-1.8,-0.8,rolling,7.569999999999883,0.00023842906787817407,2.798623031481525,35,34,1,2.798522432044683,0.26,0.2617993877991494,9.81,1,1,12,21,41,-3.0,3.0,0.01,30.0,60.0,1e-09,1e-12,6,0.0001,1,new simulation,nan
2,9,0.05056048976068047,-1.6500000000000001,-0.8,rolling,7.24999999999989,0.021721885523713767,2.7994458308334744,35,34,1,2.798513383814692,0.26,0.2617993877991494,9.81,1,1,12,21,41,-3.0,3.0,0.01,30.0,60.0,1e-09,1e-12,6,0.0001,1,new simulation,nan
2,10,0.05056048976068047,-1.5,-0.8,rolling,7.109999999999893,0.001574955017817287,2.798619782889662,35,34,1,2.7985051204446107,0.26,0.2617993877991494,9.81,1,1,12,21,41,-3.0,3.0,0.01,30.0,60.0,1e-09,1e-12,6,0.0001,1,new simulation,nan
2,11,0.05056048976068047,-1.35,-0.8,rolling,7.039999999999894,0.012671303282748682,2.79889359305283,35,34,1,2.798497646671064,0.26,0.2617993877991494,9.81,1,1,12,21,41,-3.0,3.0,0.01,30.0,60.0,1e-09,1e-12,6,0.0001,1,new simulation,nan
2,12,0.05056048976068047,-1.2000000000000002,-0.8,rolling,6.999999999999895,0.021359795891485914,2.799408793525431,35,34,1,2.7984909586098614,0.26,0.2617993877991494,9.81,1,1,12,21,41,-3.0,3.0,0.01,30.0,60.0,1e-09,1e-12,6,0.0001,1,new simulation,nan
2,13,0.05056048976068047,-1.05,-0.8,rolling,7.149999999999892,0.004487836086701263,2.798666365308828,36,35,1,2.7985412187966934,0.26,0.2617993877991494,9.81,1,1,12,21,41,-3.0,3.0,0.01,30.0,60.0,1e-09,1e-12,6,0.0001,1,new simulation,nan
2,14,0.05056048976068047,-0.8999999999999999,-0.8,rolling,7.149999999999892,0.01546716550808493,2.799048657771738,36,35,1,2.798537382568508,0.26,0.2617993877991494,9.81,1,1,12,21,41,-3.0,3.0,0.01,30.0,60.0,1e-09,1e-12,6,0.0001,1,new simulation,nan
2,15,0.05056048976068047,-0.75,-0.8,rolling,7.159999999999892,0.0015829621064342003,2.798632392487123,36,35,1,2.7985341373532235,0.26,0.2617993877991494,9.81,1,1,12,21,41,-3.0,3.0,0.01,30.0,60.0,1e-09,1e-12,6,0.0001,1,new simulation,nan
2,16,0.05056048976068047,-0.6000000000000001,-0.8,rolling,7.199999999999891,0.00272244279063573,2.798639841635158,36,35,1,2.7985314809908997,0.26,0.2617993877991494,9.81,1,1,12,21,41,-3.0,3.0,0.01,30.0,60.0,1e-09,1e-12,6,0.0001,1,new simulation,nan
2,17,0.05056048976068047,-0.4500000000000002,-0.8,rolling,7.279999999999889,0.0007517408227403345,2.7986269462350757,36,35,1,2.798529414886998,0.26,0.2617993877991494,9.81,1,1,12,21,41,-3.0,3.0,0.01,30.0,60.0,1e-09,1e-12,6,0.0001,1,new simulation,nan
2,18,0.05056048976068047,-0.30000000000000027,-0.8,rolling,7.459999999999885,0.00010021782423123415,2.7986253355282282,36,35,1,2.7985279420720226,0.26,0.2617993877991494,9.81,1,1,12,21,41,-3.0,3.0,0.01,30.0,60.0,1e-09,1e-12,6,0.0001,1,new simulation,nan
2,19,0.05056048976068047,-0.1499999999999999,-0.8,rolling,8.16999999999987,0.006929391039483403,2.7987090751219497,34,34,0,2.7985270284477726,0.26,0.2617993877991494,9.81,1,1,12,21,41,-3.0,3.0,0.01,30.0,60.0,1e-09,1e-12,6,0.0001,1,new simulation,nan
2,20,0.05056048976068047,0.0,-0.8,rolling,7.22999999999989,0.0021988658634225075,2.7986331694379123,34,34,0,2.7985265038772873,0.26,0.2617993877991494,9.81,1,1,12,21,41,-3.0,3.0,0.01,30.0,60.0,1e-09,1e-12,6,0.0001,1,new simulation,nan
2,21,0.05056048976068047,0.1499999999999999,-0.8,rolling,7.019999999999895,0.014273514535304985,2.798981964751409,34,34,0,2.7985270288477366,0.26,0.2617993877991494,9.81,1,1,12,21,41,-3.0,3.0,0.01,30.0,60.0,1e-09,1e-12,6,0.0001,1,new simulation,nan
2,22,0.05056048976068047,0.2999999999999998,-0.8,rolling,6.8899999999998975,0.01667414543397489,2.7991128329606068,34,34,0,2.798528602303023,0.26,0.2617993877991494,9.81,1,1,12,21,41,-3.0,3.0,0.01,30.0,60.0,1e-09,1e-12,6,0.0001,1,new simulation,nan
2,23,0.05056048976068047,0.44999999999999973,-0.8,rolling,6.7899999999999,0.008954367684274933,2.798767264182362,34,34,0,2.798531226236452,0.26,0.2617993877991494,9.81,1,1,12,21,41,-3.0,3.0,0.01,30.0,60.0,1e-09,1e-12,6,0.0001,1,new simulation,nan
2,24,0.05056048976068047,0.5999999999999996,-0.8,rolling,6.709999999999901,0.007562834837808903,2.7987285704364027,34,34,0,2.7985348968385053,0.26,0.2617993877991494,9.81,1,1,12,21,41,-3.0,3.0,0.01,30.0,60.0,1e-09,1e-12,6,0.0001,1,new simulation,nan
2,25,0.05056048976068047,0.75,-0.8,rolling,6.639999999999903,0.0040493458243341515,2.798659113222527,34,34,0,2.7985396188266027,0.26,0.2617993877991494,9.81,1,1,12,21,41,-3.0,3.0,0.01,30.0,60.0,1e-09,1e-12,6,0.0001,1,new simulation,nan
2,26,0.05056048976068047,0.8999999999999999,-0.8,rolling,6.399999999999908,0.0027742189940654334,2.798622647153979,33,33,0,2.7984906182080445,0.26,0.2617993877991494,9.81,1,1,12,21,41,-3.0,3.0,0.01,30.0,60.0,1e-09,1e-12,6,0.0001,1,new simulation,nan
2,27,0.05056048976068047,1.0499999999999998,-0.8,rolling,6.349999999999909,0.02090031649739688,2.7993785615264133,33,33,0,2.798499710156486,0.26,0.2617993877991494,9.81,1,1,12,21,41,-3.0,3.0,0.01,30.0,60.0,1e-09,1e-12,6,0.0001,1,new simulation,nan
2,28,0.05056048976068047,1.2000000000000002,-0.8,rolling,6.28999999999991,0.0002138173087029272,2.7986177146980924,33,33,0,2.798510199629101,0.26,0.2617993877991494,9.81,1,1,12,21,41,-3.0,3.0,0.01,30.0,60.0,1e-09,1e-12,6,0.0001,1,new simulation,nan
2,29,0.05056048976068047,1.3499999999999996,-0.8,rolling,6.239999999999911,-0.0010729586597836701,2.798624802142498,33,33,0,2.7985220914962983,0.26,0.2617993877991494,9.81,1,1,12,21,41,-3.0,3.0,0.01,30.0,60.0,1e-09,1e-12,6,0.0001,1,new simulation,nan
2,30,0.05056048976068047,1.5,-0.8,rolling,6.199999999999912,0.01854340627708182,2.799231116484381,33,33,0,2.7985353810984037,0.26,0.2617993877991494,9.81,1,1,12,21,41,-3.0,3.0,0.01,30.0,60.0,1e-09,1e-12,6,0.0001,1,new simulation,nan
2,31,0.05056048976068047,1.6499999999999995,-0.8,rolling,5.969999999999917,-0.001574183530087548,2.798616200264761,32,32,0,2.7984968560839896,0.26,0.2617993877991494,9.81,1,1,12,21,41,-3.0,3.0,0.01,30.0,60.0,1e-09,1e-12,6,0.0001,1,new simulation,nan
2,32,0.05056048976068047,1.7999999999999998,-0.8,rolling,5.929999999999918,0.006760738586193081,2.798701253360345,32,32,0,2.7985183064103207,0.26,0.2617993877991494,9.81,1,1,12,21,41,-3.0,3.0,0.01,30.0,60.0,1e-09,1e-12,6,0.0001,1,new simulation,nan
2,33,0.05056048976068047,1.9500000000000002,-0.8,rolling,5.889999999999919,0.010433285440334,2.79882201356002,32,32,0,2.7985416193757047,0.26,0.2617993877991494,9.81,1,1,12,21,41,-3.0,3.0,0.01,30.0,60.0,1e-09,1e-12,6,0.0001,1,new simulation,nan
2,34,0.05056048976068047,2.0999999999999996,-0.8,rolling,5.6699999999999235,0.004186684154730113,2.7986522380023,31,31,0,2.798519165938195,0.26,0.2617993877991494,9.81,1,1,12,21,41,-3.0,3.0,0.01,30.0,60.0,1e-09,1e-12,6,0.0001,1,new simulation,nan
2,35,0.05056048976068047,2.25,-0.8,rolling,5.459999999999928,0.022103800974192286,2.7994709773912905,30,30,0,2.798503732385712,0.26,0.2617993877991494,9.81,1,1,12,21,41,-3.0,3.0,0.01,30.0,60.0,1e-09,1e-12,6,0.0001,1,new simulation,nan
2,36,0.05056048976068047,2.3999999999999995,-0.8,rolling,5.239999999999933,0.008514743527595554,2.798741842975924,29,29,0,2.7985036011424143,0.26,0.2617993877991494,9.81,1,1,12,21,41,-3.0,3.0,0.01,30.0,60.0,1e-09,1e-12,6,0.0001,1,new simulation,nan
2,37,0.05056048976068047,2.55,-0.8,rolling,5.029999999999937,0.019660070115278566,2.799304471069322,28,28,0,2.798532164388304,0.26,0.2617993877991494,9.81,1,1,12,21,41,-3.0,3.0,0.01,30.0,60.0,1e-09,1e-12,6,0.0001,1,new simulation,nan
2,38,0.05056048976068047,2.7,-0.8,rolling,4.459999999999949,0.016324716831935975,2.7990947025487385,25,25,0,2.79853339246556,0.26,0.2617993877991494,9.81,1,1,12,21,41,-3.0,3.0,0.01,30.0,60.0,1e-09,1e-12,6,0.0001,1,new simulation,nan
2,39,0.05056048976068047,2.8499999999999996,-0.8,rolling,3.889999999999961,0.010065237356057452,2.7989659112646352,22,22,0,2.7989044785305452,0.26,0.2617993877991494,9.81,1,1,12,21,41,-3.0,3.0,0.01,30.0,60.0,1e-09,1e-12,6,0.0001,1,new simulation,nan
2,40,0.05056048976068047,3.0,-0.8,rolling,4.749999999999943,0.01914380326264008,2.7994325840380525,27,27,0,2.798909158687888,0.26,0.2617993877991494,9.81,1,1,12,21,41,-3.0,3.0,0.01,30.0,60.0,1e-09,1e-12,6,0.0001,1,new simulation,nan
3,0,0.0767404285405954,-3.0,-0.7000000000000001,rolling,7.879999999999876,0.013463101644246127,2.7989452174599463,38,35,3,2.7985331325203973,0.26,0.2617993877991494,9.81,1,1,12,21,41,-3.0,3.0,0.01,30.0,60.0,1e-09,1e-12,6,0.0001,1,new simulation,nan
3,1,0.0767404285405954,-2.85,-0.7000000000000001,rolling,8.399999999999865,0.013818908262951865,2.798959282106299,36,34,2,2.798526327326005,0.26,0.2617993877991494,9.81,1,1,12,21,41,-3.0,3.0,0.01,30.0,60.0,1e-09,1e-12,6,0.0001,1,new simulation,nan
3,2,0.0767404285405954,-2.7,-0.7000000000000001,rolling,7.569999999999883,0.015977901968362355,2.7990672848704556,36,34,2,2.798515408800741,0.26,0.2617993877991494,9.81,1,1,12,21,41,-3.0,3.0,0.01,30.0,60.0,1e-09,1e-12,6,0.0001,1,new simulation,nan
3,3,0.0767404285405954,-2.55,-0.7000000000000001,rolling,7.4099999999998865,0.002805244448077118,2.7986292107132233,36,34,2,2.7985050815432455,0.26,0.2617993877991494,9.81,1,1,12,21,41,-3.0,3.0,0.01,30.0,60.0,1e-09,1e-12,6,0.0001,1,new simulation,nan
3,4,0.0767404285405954,-2.4,-0.7000000000000001,rolling,7.349999999999888,-0.0011437459715911897,2.79861349733364,36,34,2,2.7984953450268333,0.26,0.2617993877991494,9.81,1,1,12,21,41,-3.0,3.0,0.01,30.0,60.0,1e-09,1e-12,6,0.0001,1,new simulation,nan
3,5,0.0767404285405954,-2.25,-0.7000000000000001,rolling,7.529999999999884,0.009862919547995798,2.7988019215452127,37,35,2,2.798542072356662,0.26,0.2617993877991494,9.81,1,1,12,21,41,-3.0,3.0,0.01,30.0,60.0,1e-09,1e-12,6,0.0001,1,new simulation,nan
3,6,0.0767404285405954,-2.1,-0.7000000000000001,rolling,7.589999999999883,0.0003918562426339974,2.7986289281515226,37,35,2,2.798535655505565,0.26,0.2617993877991494,9.81,1,1,12,21,41,-3.0,3.0,0.01,30.0,60.0,1e-09,1e-12,6,0.0001,1,new simulation,nan
3,7,0.0767404285405954,-1.95,-0.7000000000000001,rolling,7.839999999999877,0.007956192733338722,2.7987370117104087,37,35,2,2.798529679967476,0.26,0.2617993877991494,9.81,1,1,12,21,41,-3.0,3.0,0.01,30.0,60.0,1e-09,1e-12,6,0.0001,1,new simulation,nan
3,8,0.0767404285405954,-1.8,-0.7000000000000001,rolling,7.5499999999998835,0.003970746009098598,2.798650318114572,35,34,1,2.7985218615996583,0.26,0.2617993877991494,9.81,1,1,12,21,41,-3.0,3.0,0.01,30.0,60.0,1e-09,1e-12,6,0.0001,1,new simulation,nan
3,9,0.0767404285405954,-1.6500000000000001,-0.7000000000000001,rolling,7.24999999999989,0.010461572326605164,2.798810577824679,35,34,1,2.7985128125634837,0.26,0.2617993877991494,9.81,1,1,12,21,41,-3.0,3.0,0.01,30.0,60.0,1e-09,1e-12,6,0.0001,1,new simulation,nan
3,10,0.0767404285405954,-1.5,-0.7000000000000001,rolling,7.119999999999893,-0.0003288072229686138,2.7986153791447017,35,34,1,2.7985045501424093,0.26,0.2617993877991494,9.81,1,1,12,21,41,-3.0,3.0,0.01,30.0,60.0,1e-09,1e-12,6,0.0001,1,new simulation,nan
3,11,0.0767404285405954,-1.35,-0.7000000000000001,rolling,7.049999999999894,-0.001427768936076913,2.7986155266025676,35,34,1,2.7984970759898613,0.26,0.2617993877991494,9.81,1,1,12,21,41,-3.0,3.0,0.01,30.0,60.0,1e-09,1e-12,6,0.0001,1,new simulation,nan
3,12,0.0767404285405954,-1.2000000000000002,-0.7000000000000001,rolling,7.189999999999891,0.0014630435948264626,2.7986365481165607,36,35,1,2.7985452158257353,0.26,0.2617993877991494,9.81,1,1,12,21,41,-3.0,3.0,0.01,30.0,60.0,1e-09,1e-12,6,0.0001,1,new simulation,nan
3,13,0.0767404285405954,-1.05,-0.7000000000000001,rolling,7.179999999999891,0.021569007700082698,2.7994460980547005,36,35,1,2.7985407898301475,0.26,0.2617993877991494,9.81,1,1,12,21,41,-3.0,3.0,0.01,30.0,60.0,1e-09,1e-12,6,0.0001,1,new simulation,nan
3,14,0.0767404285405954,-0.8999999999999999,-0.7000000000000001,rolling,7.179999999999891,0.01500576061458191,2.799023832018883,36,35,1,2.7985369524621677,0.26,0.2617993877991494,9.81,1,1,12,21,41,-3.0,3.0,0.01,30.0,60.0,1e-09,1e-12,6,0.0001,1,new simulation,nan
3,15,0.0767404285405954,-0.75,-0.7000000000000001,rolling,7.199999999999891,0.0029096958710839666,2.798642652471751,36,35,1,2.7985337080955226,0.26,0.2617993877991494,9.81,1,1,12,21,41,-3.0,3.0,0.01,30.0,60.0,1e-09,1e-12,6,0.0001,1,new simulation,nan
3,16,0.0767404285405954,-0.6000000000000001,-0.7000000000000001,rolling,7.25999999999989,0.014423448705871433,2.798991246678005,36,35,1,2.798531051162237,0.26,0.2617993877991494,9.81,1,1,12,21,41,-3.0,3.0,0.01,30.0,60.0,1e-09,1e-12,6,0.0001,1,new simulation,nan
3,17,0.0767404285405954,-0.4500000000000002,-0.7000000000000001,rolling,7.379999999999887,0.021794756899898887,2.799458139551805,36,35,1,2.7985289872214434,0.26,0.2617993877991494,9.81,1,1,12,21,41,-3.0,3.0,0.01,30.0,60.0,1e-09,1e-12,6,0.0001,1,new simulation,nan
3,18,0.0767404285405954,-0.30000000000000027,-0.7000000000000001,rolling,7.71999999999988,0.008240642349570268,2.7987441460624787,36,35,1,2.7985275117245254,0.26,0.2617993877991494,9.81,1,1,12,21,41,-3.0,3.0,0.01,30.0,60.0,1e-09,1e-12,6,0.0001,1,new simulation,nan
3,19,0.0767404285405954,-0.1499999999999999,-0.7000000000000001,rolling,7.4099999999998865,0.0019087588901918074,2.798630977078993,34,34,0,2.798526266522933,0.26,0.2617993877991494,9.81,1,1,12,21,41,-3.0,3.0,0.01,30.0,60.0,1e-09,1e-12,6,0.0001,1,new simulation,nan
3,20,0.0767404285405954,0.0,-0.7000000000000001,rolling,7.099999999999893,0.005155940567432778,2.7986709555775566,34,34,0,2.7985257429180757,0.26,0.2617993877991494,9.81,1,1,12,21,41,-3.0,3.0,0.01,30.0,60.0,1e-09,1e-12,6,0.0001,1,new simulation,nan
3,21,0.0767404285405954,0.1499999999999999,-0.7000000000000001,rolling,6.949999999999896,0.023188295587196515,2.799566783123319,34,34,0,2.798526265935886,0.26,0.2617993877991494,9.81,1,1,12,21,41,-3.0,3.0,0.01,30.0,60.0,1e-09,1e-12,6,0.0001,1,new simulation,nan
3,22,0.0767404285405954,0.2999999999999998,-0.7000000000000001,rolling,6.839999999999899,0.018121166644749314,2.799200727679466,34,34,0,2.7985278405028056,0.26,0.2617993877991494,9.81,1,1,12,21,41,-3.0,3.0,0.01,30.0,60.0,1e-09,1e-12,6,0.0001,1,new simulation,nan
3,23,0.0767404285405954,0.44999999999999973,-0.7000000000000001,rolling,6.7499999999999005,0.0045478166821307404,2.7986626595512445,34,34,0,2.798530463789726,0.26,0.2617993877991494,9.81,1,1,12,21,41,-3.0,3.0,0.01,30.0,60.0,1e-09,1e-12,6,0.0001,1,new simulation,nan
3,24,0.0767404285405954,0.5999999999999996,-0.7000000000000001,rolling,6.679999999999902,0.010167037874210479,2.798809159384311,34,34,0,2.7985341347886696,0.26,0.2617993877991494,9.81,1,1,12,21,41,-3.0,3.0,0.01,30.0,60.0,1e-09,1e-12,6,0.0001,1,new simulation,nan
3,25,0.0767404285405954,0.75,-0.7000000000000001,rolling,6.619999999999903,0.02041591771961784,2.7993604409737722,34,34,0,2.7985388569296243,0.26,0.2617993877991494,9.81,1,1,12,21,41,-3.0,3.0,0.01,30.0,60.0,1e-09,1e-12,6,0.0001,1,new simulation,nan
3,26,0.0767404285405954,0.8999999999999999,-0.7000000000000001,rolling,6.559999999999905,0.014609620601855704,2.799006596728179,34,34,0,2.798544626207731,0.26,0.2617993877991494,9.81,1,1,12,21,41,-3.0,3.0,0.01,30.0,60.0,1e-09,1e-12,6,0.0001,1,new simulation,nan
3,27,0.0767404285405954,1.0499999999999998,-0.7000000000000001,rolling,6.3299999999999095,0.01930465867538696,2.7992657176238818,33,33,0,2.798498694290128,0.26,0.2617993877991494,9.81,1,1,12,21,41,-3.0,3.0,0.01,30.0,60.0,1e-09,1e-12,6,0.0001,1,new simulation,nan
3,28,0.0767404285405954,1.2000000000000002,-0.7000000000000001,rolling,6.2799999999999105,0.020605320773221626,2.7993612114986126,33,33,0,2.798509186282368,0.26,0.2617993877991494,9.81,1,1,12,21,41,-3.0,3.0,0.01,30.0,60.0,1e-09,1e-12,6,0.0001,1,new simulation,nan
3,29,0.0767404285405954,1.3499999999999996,-0.7000000000000001,rolling,6.229999999999912,0.01452179660887504,2.798991916150375,33,33,0,2.7985210757550125,0.26,0.2617993877991494,9.81,1,1,12,21,41,-3.0,3.0,0.01,30.0,60.0,1e-09,1e-12,6,0.0001,1,new simulation,nan
3,30,0.0767404285405954,1.5,-0.7000000000000001,rolling,6.179999999999913,0.0022335825819027487,2.798636842400149,33,33,0,2.7985343657407995,0.26,0.2617993877991494,9.81,1,1,12,21,41,-3.0,3.0,0.01,30.0,60.0,1e-09,1e-12,6,0.0001,1,new simulation,nan
3,31,0.0767404285405954,1.6499999999999995,-0.7000000000000001,rolling,5.959999999999917,0.006846885050029465,2.798693434818969,32,32,0,2.798495503045304,0.26,0.2617993877991494,9.81,1,1,12,21,41,-3.0,3.0,0.01,30.0,60.0,1e-09,1e-12,6,0.0001,1,new simulation,nan
3,32,0.0767404285405954,1.7999999999999998,-0.7000000000000001,rolling,5.919999999999918,0.012431824283498675,2.798891414258684,32,32,0,2.7985169513571315,0.26,0.2617993877991494,9.81,1,1,12,21,41,-3.0,3.0,0.01,30.0,60.0,1e-09,1e-12,6,0.0001,1,new simulation,nan
3,33,0.0767404285405954,1.9500000000000002,-0.7000000000000001,rolling,5.879999999999919,0.013751069990932523,2.7989620387984413,32,32,0,2.798540265422369,0.26,0.2617993877991494,9.81,1,1,12,21,41,-3.0,3.0,0.01,30.0,60.0,1e-09,1e-12,6,0.0001,1,new simulation,nan
3,34,0.0767404285405954,2.0999999999999996,-0.7000000000000001,rolling,5.659999999999924,0.005467659727573171,2.798673131009706,31,31,0,2.7985173591779122,0.26,0.2617993877991494,9.81,1,1,12,21,41,-3.0,3.0,0.01,30.0,60.0,1e-09,1e-12,6,0.0001,1,new simulation,nan
3,35,0.0767404285405954,2.25,-0.7000000000000001,rolling,5.449999999999928,0.021604602891065985,2.7994317082763165,30,30,0,2.7985013251743296,0.26,0.2617993877991494,9.81,1,1,12,21,41,-3.0,3.0,0.01,30.0,60.0,1e-09,1e-12,6,0.0001,1,new simulation,nan
3,36,0.0767404285405954,2.3999999999999995,-0.7000000000000001,rolling,5.229999999999933,0.006446245398812453,2.7986862185605172,29,29,0,2.798500392629738,0.26,0.2617993877991494,9.81,1,1,12,21,41,-3.0,3.0,0.01,30.0,60.0,1e-09,1e-12,6,0.0001,1,new simulation,nan
3,37,0.0767404285405954,2.55,-0.7000000000000001,rolling,5.019999999999937,0.0161965826127063,2.7990850143227255,28,28,0,2.798527884359092,0.26,0.2617993877991494,9.81,1,1,12,21,41,-3.0,3.0,0.01,30.0,60.0,1e-09,1e-12,6,0.0001,1,new simulation,nan
3,38,0.0767404285405954,2.7,-0.7000000000000001,rolling,4.4499999999999496,0.011615288021349193,2.7988597330320744,25,25,0,2.798523249850135,0.26,0.2617993877991494,9.81,1,1,12,21,41,-3.0,3.0,0.01,30.0,60.0,1e-09,1e-12,6,0.0001,1,new simulation,nan
3,39,0.0767404285405954,2.8499999999999996,-0.7000000000000001,rolling,3.8799999999999613,0.004236690027319359,2.798809414663423,22,22,0,2.798880436475079,0.26,0.2617993877991494,9.81,1,1,12,21,41,-3.0,3.0,0.01,30.0,60.0,1e-09,1e-12,6,0.0001,1,new simulation,nan
3,40,0.0767404285405954,3.0,-0.7000000000000001,rolling,4.739999999999943,0.012292726047035811,2.7990527378120658,27,27,0,2.7989034545021254,0.26,0.2617993877991494,9.81,1,1,12,21,41,-3.0,3.0,0.01,30.0,60.0,1e-09,1e-12,6,0.0001,1,new simulation,nan
4,0,0.10292036732051034,-3.0,-0.6000000000000001,rolling,7.899999999999876,0.01149957287799117,2.798859176395595,38,35,3,2.798532792957371,0.26,0.2617993877991494,9.81,1,1,12,21,41,-3.0,3.0,0.01,30.0,60.0,1e-09,1e-12,6,0.0001,1,new simulation,nan
4,1,0.10292036732051034,-2.85,-0.6000000000000001,rolling,8.21999999999987,-0.00017942480876088907,2.7986244115784444,36,34,2,2.7985257223159685,0.26,0.2617993877991494,9.81,1,1,12,21,41,-3.0,3.0,0.01,30.0,60.0,1e-09,1e-12,6,0.0001,1,new simulation,nan
4,2,0.10292036732051034,-2.7,-0.6000000000000001,rolling,7.559999999999883,-0.0010082652293444687,2.798621412946936,36,34,2,2.7985148064135585,0.26,0.2617993877991494,9.81,1,1,12,21,41,-3.0,3.0,0.01,30.0,60.0,1e-09,1e-12,6,0.0001,1,new simulation,nan
4,3,0.10292036732051034,-2.55,-0.6000000000000001,rolling,7.419999999999886,0.01742776994029731,2.7991474218643986,36,34,2,2.7985044760301228,0.26,0.2617993877991494,9.81,1,1,12,21,41,-3.0,3.0,0.01,30.0,60.0,1e-09,1e-12,6,0.0001,1,new simulation,nan
4,4,0.10292036732051034,-2.4,-0.6000000000000001,rolling,7.3599999999998875,0.001053253429234968,2.7986128860695563,36,34,2,2.7984947391446435,0.26,0.2617993877991494,9.81,1,1,12,21,41,-3.0,3.0,0.01,30.0,60.0,1e-09,1e-12,6,0.0001,1,new simulation,nan
4,5,0.10292036732051034,-2.25,-0.6000000000000001,rolling,7.539999999999884,-0.00012674677989771353,2.7986312689367154,37,35,2,2.798541620479727,0.26,0.2617993877991494,9.81,1,1,12,21,41,-3.0,3.0,0.01,30.0,60.0,1e-09,1e-12,6,0.0001,1,new simulation,nan
4,6,0.10292036732051034,-2.1,-0.6000000000000001,rolling,7.619999999999882,0.02514705701554978,2.7997365110339305,37,35,2,2.7985352019443326,0.26,0.2617993877991494,9.81,1,1,12,21,41,-3.0,3.0,0.01,30.0,60.0,1e-09,1e-12,6,0.0001,1,new simulation,nan
4,7,0.10292036732051034,-1.95,-0.6000000000000001,rolling,7.899999999999876,0.004744927136375782,2.798665335188953,37,35,2,2.7985292289833748,0.26,0.2617993877991494,9.81,1,1,12,21,41,-3.0,3.0,0.01,30.0,60.0,1e-09,1e-12,6,0.0001,1,new simulation,nan
4,8,0.10292036732051034,-1.8,-0.6000000000000001,rolling,7.519999999999884,0.002858510473690867,2.7986366568680006,35,34,1,2.7985210552324093,0.26,0.2617993877991494,9.81,1,1,12,21,41,-3.0,3.0,0.01,30.0,60.0,1e-09,1e-12,6,0.0001,1,new simulation,nan
4,9,0.10292036732051034,-1.6500000000000001,-0.6000000000000001,rolling,7.24999999999989,0.009962660909685164,2.798792369466673,35,34,1,2.7985120065259697,0.26,0.2617993877991494,9.81,1,1,12,21,41,-3.0,3.0,0.01,30.0,60.0,1e-09,1e-12,6,0.0001,1,new simulation,nan
4,10,0.10292036732051034,-1.5,-0.6000000000000001,rolling,7.129999999999892,0.003973243693912915,2.7986425085826676,35,34,1,2.798503744825435,0.26,0.2617993877991494,9.81,1,1,12,21,41,-3.0,3.0,0.01,30.0,60.0,1e-09,1e-12,6,0.0001,1,new simulation,nan
4,11,0.10292036732051034,-1.35,-0.6000000000000001,rolling,7.069999999999894,0.016047942574084248,2.799062930436721,35,34,1,2.798496268848568,0.26,0.2617993877991494,9.81,1,1,12,21,41,-3.0,3.0,0.01,30.0,60.0,1e-09,1e-12,6,0.0001,1,new simulation,nan
4,12,0.10292036732051034,-1.2000000000000002,-0.6000000000000001,rolling,7.209999999999891,0.005223061935385156,2.7986803489810286,36,35,1,2.798544610883901,0.26,0.2617993877991494,9.81,1,1,12,21,41,-3.0,3.0,0.01,30.0,60.0,1e-09,1e-12,6,0.0001,1,new simulation,nan
4,13,0.10292036732051034,-1.05,-0.6000000000000001,rolling,7.199999999999891,0.00946568331239374,2.798787649609425,36,35,1,2.798540185153918,0.26,0.2617993877991494,9.81,1,1,12,21,41,-3.0,3.0,0.01,30.0,60.0,1e-09,1e-12,6,0.0001,1,new simulation,nan
4,14,0.10292036732051034,-0.8999999999999999,-0.6000000000000001,rolling,7.209999999999891,0.009337868759000965,2.798781777938114,36,35,1,2.798536350141855,0.26,0.2617993877991494,9.81,1,1,12,21,41,-3.0,3.0,0.01,30.0,60.0,1e-09,1e-12,6,0.0001,1,new simulation,nan
4,15,0.10292036732051034,-0.75,-0.6000000000000001,rolling,7.24999999999989,0.019035866234830112,2.7992625574207706,36,35,1,2.7985331021123834,0.26,0.2617993877991494,9.81,1,1,12,21,41,-3.0,3.0,0.01,30.0,60.0,1e-09,1e-12,6,0.0001,1,new simulation,nan
4,16,0.10292036732051034,-0.6000000000000001,-0.6000000000000001,rolling,7.329999999999888,0.019847507516771612,2.799316705367491,36,35,1,2.7985304489692315,0.26,0.2617993877991494,9.81,1,1,12,21,41,-3.0,3.0,0.01,30.0,60.0,1e-09,1e-12,6,0.0001,1,new simulation,nan
4,17,0.10292036732051034,-0.4500000000000002,-0.6000000000000001,rolling,7.509999999999884,-0.00029377981358965125,2.798625657819586,36,35,1,2.798528381808375,0.26,0.2617993877991494,9.81,1,1,12,21,41,-3.0,3.0,0.01,30.0,60.0,1e-09,1e-12,6,0.0001,1,new simulation,nan
4,18,0.10292036732051034,-0.30000000000000027,-0.6000000000000001,rolling,7.859999999999877,0.011761209069453535,2.798867232057576,34,34,0,2.798526766031723,0.26,0.2617993877991494,9.81,1,1,12,21,41,-3.0,3.0,0.01,30.0,60.0,1e-09,1e-12,6,0.0001,1,new simulation,nan
4,19,0.10292036732051034,-0.1499999999999999,-0.6000000000000001,rolling,7.209999999999891,0.010538058909887743,2.798818752635398,34,34,0,2.7985251934544966,0.26,0.2617993877991494,9.81,1,1,12,21,41,-3.0,3.0,0.01,30.0,60.0,1e-09,1e-12,6,0.0001,1,new simulation,nan
4,20,0.10292036732051034,0.0,-0.6000000000000001,rolling,7.009999999999895,0.007008285178678875,2.7987099817689307,34,34,0,2.798524667712909,0.26,0.2617993877991494,9.81,1,1,12,21,41,-3.0,3.0,0.01,30.0,60.0,1e-09,1e-12,6,0.0001,1,new simulation,nan
4,21,0.10292036732051034,0.1499999999999999,-0.6000000000000001,rolling,6.8899999999998975,0.017299461284224972,2.799148581930904,34,34,0,2.7985251936520044,0.26,0.2617993877991494,9.81,1,1,12,21,41,-3.0,3.0,0.01,30.0,60.0,1e-09,1e-12,6,0.0001,1,new simulation,nan
4,22,0.10292036732051034,0.2999999999999998,-0.6000000000000001,rolling,6.7999999999998995,0.02434424131971126,2.7996632560857138,34,34,0,2.7985267654055215,0.26,0.2617993877991494,9.81,1,1,12,21,41,-3.0,3.0,0.01,30.0,60.0,1e-09,1e-12,6,0.0001,1,new simulation,nan
4,23,0.10292036732051034,0.44999999999999973,-0.6000000000000001,rolling,6.719999999999901,0.013131680859637361,2.798928153411941,34,34,0,2.7985293908216744,0.26,0.2617993877991494,9.81,1,1,12,21,41,-3.0,3.0,0.01,30.0,60.0,1e-09,1e-12,6,0.0001,1,new simulation,nan
4,24,0.10292036732051034,0.5999999999999996,-0.6000000000000001,rolling,6.649999999999903,0.0020352243374663057,2.798634794889556,34,34,0,2.7985330622014253,0.26,0.2617993877991494,9.81,1,1,12,21,41,-3.0,3.0,0.01,30.0,60.0,1e-09,1e-12,6,0.0001,1,new simulation,nan
4,25,0.10292036732051034,0.75,-0.6000000000000001,rolling,6.589999999999904,0.000583291332151101,2.79863017436151,34,34,0,2.79853778080815,0.26,0.2617993877991494,9.81,1,1,12,21,41,-3.0,3.0,0.01,30.0,60.0,1e-09,1e-12,6,0.0001,1,new simulation,nan
4,26,0.10292036732051034,0.8999999999999999,-0.6000000000000001,rolling,6.539999999999905,0.014161577609418129,2.798983543376221,34,34,0,2.7985435536176944,0.26,0.2617993877991494,9.81,1,1,12,21,41,-3.0,3.0,0.01,30.0,60.0,1e-09,1e-12,6,0.0001,1,new simulation,nan
4,27,0.10292036732051034,1.0499999999999998,-0.6000000000000001,rolling,6.30999999999991,0.012289576576149831,2.7988767265776264,33,33,0,2.7984972626998963,0.26,0.2617993877991494,9.81,1,1,12,21,41,-3.0,3.0,0.01,30.0,60.0,1e-09,1e-12,6,0.0001,1,new simulation,nan
4,28,0.10292036732051034,1.2000000000000002,-0.6000000000000001,rolling,6.259999999999911,0.00842929094275369,2.798741104665743,33,33,0,2.798507754249726,0.26,0.2617993877991494,9.81,1,1,12,21,41,-3.0,3.0,0.01,30.0,60.0,1e-09,1e-12,6,0.0001,1,new simulation,nan
4,29,0.10292036732051034,1.3499999999999996,-0.6000000000000001,rolling,6.219999999999912,0.02618276074782654,2.799822904679696,33,33,0,2.7985196454697796,0.26,0.2617993877991494,9.81,1,1,12,21,41,-3.0,3.0,0.01,30.0,60.0,1e-09,1e-12,6,0.0001,1,new simulation,nan
4,30,0.10292036732051034,1.5,-0.6000000000000001,rolling,6.169999999999913,0.010479954307753067,2.7988199625476122,33,33,0,2.798532932421747,0.26,0.2617993877991494,9.81,1,1,12,21,41,-3.0,3.0,0.01,30.0,60.0,1e-09,1e-12,6,0.0001,1,new simulation,nan
4,31,0.10292036732051034,1.6499999999999995,-0.6000000000000001,rolling,5.949999999999918,0.012243054193453208,2.7988731403865286,32,32,0,2.7984935940461053,0.26,0.2617993877991494,9.81,1,1,12,21,41,-3.0,3.0,0.01,30.0,60.0,1e-09,1e-12,6,0.0001,1,new simulation,nan
4,32,0.10292036732051034,1.7999999999999998,-0.6000000000000001,rolling,5.909999999999918,0.015411486149040633,2.7990359709218433,32,32,0,2.7985150421161777,0.26,0.2617993877991494,9.81,1,1,12,21,41,-3.0,3.0,0.01,30.0,60.0,1e-09,1e-12,6,0.0001,1,new simulation,nan
4,33,0.10292036732051034,1.9500000000000002,-0.6000000000000001,rolling,5.869999999999919,0.014655497299566913,2.799006235106035,32,32,0,2.7985383574472977,0.26,0.2617993877991494,9.81,1,1,12,21,41,-3.0,3.0,0.01,30.0,60.0,1e-09,1e-12,6,0.0001,1,new simulation,nan
4,34,0.10292036732051034,2.0999999999999996,-0.6000000000000001,rolling,5.649999999999924,0.004570616313435878,2.798656247436167,31,31,0,2.798514814685843,0.26,0.2617993877991494,9.81,1,1,12,21,41,-3.0,3.0,0.01,30.0,60.0,1e-09,1e-12,6,0.0001,1,new simulation,nan
4,35,0.10292036732051034,2.25,-0.6000000000000001,rolling,5.4399999999999284,0.01912782643062658,2.799253480569268,30,30,0,2.798497929627002,0.26,0.2617993877991494,9.81,1,1,12,21,41,-3.0,3.0,0.01,30.0,60.0,1e-09,1e-12,6,0.0001,1,new simulation,nan
4,36,0.10292036732051034,2.3999999999999995,-0.6000000000000001,rolling,5.219999999999933,0.0025739511000369775,2.7986230396865883,29,29,0,2.798495865410839,0.26,0.2617993877991494,9.81,1,1,12,21,41,-3.0,3.0,0.01,30.0,60.0,1e-09,1e-12,6,0.0001,1,new simulation,nan
4,37,0.10292036732051034,2.55,-0.6000000000000001,rolling,5.009999999999938,0.011080034143601569,2.798837837478594,28,28,0,2.7985218494869115,0.26,0.2617993877991494,9.81,1,1,12,21,41,-3.0,3.0,0.01,30.0,60.0,1e-09,1e-12,6,0.0001,1,new simulation,nan
4,38,0.10292036732051034,2.7,-0.6000000000000001,rolling,4.43999999999995,0.0053855128900890436,2.7986679244556805,25,25,0,2.7985089418815448,0.26,0.2617993877991494,9.81,1,1,12,21,41,-3.0,3.0,0.01,30.0,60.0,1e-09,1e-12,6,0.0001,1,new simulation,nan
4,39,0.10292036732051034,2.8499999999999996,-0.6000000000000001,rolling,3.699999999999965,0.019248507158809283,2.7994322572591566,21,21,0,2.7988921368796302,0.26,0.2617993877991494,9.81,1,1,12,21,41,-3.0,3.0,0.01,30.0,60.0,1e-09,1e-12,6,0.0001,1,new simulation,nan
4,40,0.10292036732051034,3.0,-0.6000000000000001,rolling,4.729999999999944,0.004140314036292235,2.7988144832844974,27,27,0,2.798895408675861,0.26,0.2617993877991494,9.81,1,1,12,21,41,-3.0,3.0,0.01,30.0,60.0,1e-09,1e-12,6,0.0001,1,new simulation,nan
5,0,0.12910030610042528,-3.0,-0.5000000000000001,rolling,7.929999999999875,0.02356371430109445,2.799600168483106,38,35,3,2.798532354065054,0.26,0.2617993877991494,9.81,1,1,12,21,41,-3.0,3.0,0.01,30.0,60.0,1e-09,1e-12,6,0.0001,1,new simulation,nan
5,1,0.12910030610042528,-2.85,-0.5000000000000001,rolling,8.089999999999872,0.0057841583481423485,2.7986826557357856,36,34,2,2.798524943207473,0.26,0.2617993877991494,9.81,1,1,12,21,41,-3.0,3.0,0.01,30.0,60.0,1e-09,1e-12,6,0.0001,1,new simulation,nan
5,2,0.12910030610042528,-2.7,-0.5000000000000001,rolling,7.559999999999883,0.017659331178132807,2.799165791404703,36,34,2,2.7985140244477447,0.26,0.2617993877991494,9.81,1,1,12,21,41,-3.0,3.0,0.01,30.0,60.0,1e-09,1e-12,6,0.0001,1,new simulation,nan
5,3,0.12910030610042528,-2.55,-0.5000000000000001,rolling,7.419999999999886,0.007231571168093436,2.798706476054848,36,34,2,2.7985036980710554,0.26,0.2617993877991494,9.81,1,1,12,21,41,-3.0,3.0,0.01,30.0,60.0,1e-09,1e-12,6,0.0001,1,new simulation,nan
5,4,0.12910030610042528,-2.4,-0.5000000000000001,rolling,7.369999999999887,0.0035844369534365128,2.798633121273571,36,34,2,2.7984939615963405,0.26,0.2617993877991494,9.81,1,1,12,21,41,-3.0,3.0,0.01,30.0,60.0,1e-09,1e-12,6,0.0001,1,new simulation,nan
5,5,0.12910030610042528,-2.25,-0.5000000000000001,rolling,7.559999999999883,0.014848307665381946,2.799017364443657,37,35,2,2.798541037356589,0.26,0.2617993877991494,9.81,1,1,12,21,41,-3.0,3.0,0.01,30.0,60.0,1e-09,1e-12,6,0.0001,1,new simulation,nan
5,6,0.12910030610042528,-2.1,-0.5000000000000001,rolling,7.6399999999998816,0.011016553032165354,2.798840907925018,37,35,2,2.79853461897364,0.26,0.2617993877991494,9.81,1,1,12,21,41,-3.0,3.0,0.01,30.0,60.0,1e-09,1e-12,6,0.0001,1,new simulation,nan
5,7,0.12910030610042528,-1.95,-0.5000000000000001,rolling,7.999999999999874,0.015576313118302473,2.799050809658129,37,35,2,2.798528641598294,0.26,0.2617993877991494,9.81,1,1,12,21,41,-3.0,3.0,0.01,30.0,60.0,1e-09,1e-12,6,0.0001,1,new simulation,nan
5,8,0.12910030610042528,-1.8,-0.5000000000000001,rolling,7.489999999999885,0.013975093565267434,2.7989641550636444,35,34,1,2.7985200151310625,0.26,0.2617993877991494,9.81,1,1,12,21,41,-3.0,3.0,0.01,30.0,60.0,1e-09,1e-12,6,0.0001,1,new simulation,nan
5,9,0.12910030610042528,-1.6500000000000001,-0.5000000000000001,rolling,7.24999999999989,0.017863665307520295,2.799177184982053,35,34,1,2.798510967032417,0.26,0.2617993877991494,9.81,1,1,12,21,41,-3.0,3.0,0.01,30.0,60.0,1e-09,1e-12,6,0.0001,1,new simulation,nan
5,10,0.12910030610042528,-1.5,-0.5000000000000001,rolling,7.139999999999892,0.013153735654920673,2.7989176145911308,35,34,1,2.798502705886207,0.26,0.2617993877991494,9.81,1,1,12,21,41,-3.0,3.0,0.01,30.0,60.0,1e-09,1e-12,6,0.0001,1,new simulation,nan
5,11,0.12910030610042528,-1.35,-0.5000000000000001,rolling,7.0799999999998935,0.007951816838219135,2.79872197212896,35,34,1,2.798495230096773,0.26,0.2617993877991494,9.81,1,1,12,21,41,-3.0,3.0,0.01,30.0,60.0,1e-09,1e-12,6,0.0001,1,new simulation,nan
5,12,0.12910030610042528,-1.2000000000000002,-0.5000000000000001,rolling,7.22999999999989,0.00897973027240169,2.798773521115359,36,35,1,2.798543832723778,0.26,0.2617993877991494,9.81,1,1,12,21,41,-3.0,3.0,0.01,30.0,60.0,1e-09,1e-12,6,0.0001,1,new simulation,nan
5,13,0.12910030610042528,-1.05,-0.5000000000000001,rolling,7.22999999999989,0.022094520201771894,2.799485700644037,36,35,1,2.798539406191086,0.26,0.2617993877991494,9.81,1,1,12,21,41,-3.0,3.0,0.01,30.0,60.0,1e-09,1e-12,6,0.0001,1,new simulation,nan
5,14,0.12910030610042528,-0.8999999999999999,-0.5000000000000001,rolling,7.24999999999989,0.022690406103247355,2.7995307943679277,36,35,1,2.7985355709236615,0.26,0.2617993877991494,9.81,1,1,12,21,41,-3.0,3.0,0.01,30.0,60.0,1e-09,1e-12,6,0.0001,1,new simulation,nan
5,15,0.12910030610042528,-0.75,-0.5000000000000001,rolling,7.299999999999889,0.01321263821030723,2.79893315913393,36,35,1,2.7985323235379944,0.26,0.2617993877991494,9.81,1,1,12,21,41,-3.0,3.0,0.01,30.0,60.0,1e-09,1e-12,6,0.0001,1,new simulation,nan
5,16,0.12910030610042528,-0.6000000000000001,-0.5000000000000001,rolling,7.419999999999886,0.0166316476412885,2.7991108145775647,36,35,1,2.7985296694879813,0.26,0.2617993877991494,9.81,1,1,12,21,41,-3.0,3.0,0.01,30.0,60.0,1e-09,1e-12,6,0.0001,1,new simulation,nan
5,17,0.12910030610042528,-0.4500000000000002,-0.5000000000000001,rolling,7.809999999999878,0.013644943574725147,2.7989514628687435,36,35,1,2.798527603092228,0.26,0.2617993877991494,9.81,1,1,12,21,41,-3.0,3.0,0.01,30.0,60.0,1e-09,1e-12,6,0.0001,1,new simulation,nan
5,18,0.12910030610042528,-0.30000000000000027,-0.5000000000000001,rolling,7.369999999999887,0.009177751072433458,2.798771831379354,34,34,0,2.7985253815676354,0.26,0.2617993877991494,9.81,1,1,12,21,41,-3.0,3.0,0.01,30.0,60.0,1e-09,1e-12,6,0.0001,1,new simulation,nan
5,19,0.12910030610042528,-0.1499999999999999,-0.5000000000000001,rolling,7.089999999999893,0.01118939112061783,2.798842953220882,34,34,0,2.7985238076014904,0.26,0.2617993877991494,9.81,1,1,12,21,41,-3.0,3.0,0.01,30.0,60.0,1e-09,1e-12,6,0.0001,1,new simulation,nan
5,20,0.12910030610042528,0.0,-0.5000000000000001,rolling,6.9399999999998965,0.002494765824666018,2.7986342063121747,34,34,0,2.798523282090805,0.26,0.2617993877991494,9.81,1,1,12,21,41,-3.0,3.0,0.01,30.0,60.0,1e-09,1e-12,6,0.0001,1,new simulation,nan
5,21,0.12910030610042528,0.1499999999999999,-0.5000000000000001,rolling,6.839999999999899,0.009515704217003783,2.798782222988675,34,34,0,2.798523808222623,0.26,0.2617993877991494,9.81,1,1,12,21,41,-3.0,3.0,0.01,30.0,60.0,1e-09,1e-12,6,0.0001,1,new simulation,nan
5,22,0.12910030610042528,0.2999999999999998,-0.5000000000000001,rolling,6.7599999999999,0.0124422228316255,2.79889551747648,34,34,0,2.798525381350038,0.26,0.2617993877991494,9.81,1,1,12,21,41,-3.0,3.0,0.01,30.0,60.0,1e-09,1e-12,6,0.0001,1,new simulation,nan
5,23,0.12910030610042528,0.44999999999999973,-0.5000000000000001,rolling,6.689999999999902,0.009211366405999363,2.798774051716759,34,34,0,2.798528003991288,0.26,0.2617993877991494,9.81,1,1,12,21,41,-3.0,3.0,0.01,30.0,60.0,1e-09,1e-12,6,0.0001,1,new simulation,nan
5,24,0.12910030610042528,0.5999999999999996,-0.5000000000000001,rolling,6.629999999999903,0.012545337741205824,2.7989027571191483,34,34,0,2.7985316750553477,0.26,0.2617993877991494,9.81,1,1,12,21,41,-3.0,3.0,0.01,30.0,60.0,1e-09,1e-12,6,0.0001,1,new simulation,nan
5,25,0.12910030610042528,0.75,-0.5000000000000001,rolling,6.569999999999904,0.0013767225329108443,2.7986322985849266,34,34,0,2.79853639594554,0.26,0.2617993877991494,9.81,1,1,12,21,41,-3.0,3.0,0.01,30.0,60.0,1e-09,1e-12,6,0.0001,1,new simulation,nan
5,26,0.12910030610042528,0.8999999999999999,-0.5000000000000001,rolling,6.519999999999905,0.0076990285233113145,2.79873536273883,34,34,0,2.798542166798926,0.26,0.2617993877991494,9.81,1,1,12,21,41,-3.0,3.0,0.01,30.0,60.0,1e-09,1e-12,6,0.0001,1,new simulation,nan
5,27,0.12910030610042528,1.0499999999999998,-0.5000000000000001,rolling,6.28999999999991,0.0002331493474924018,2.7986113303559863,33,33,0,2.798495416250209,0.26,0.2617993877991494,9.81,1,1,12,21,41,-3.0,3.0,0.01,30.0,60.0,1e-09,1e-12,6,0.0001,1,new simulation,nan
5,28,0.12910030610042528,1.2000000000000002,-0.5000000000000001,rolling,6.249999999999911,0.019933117071211568,2.7993120474891695,33,33,0,2.798505907003283,0.26,0.2617993877991494,9.81,1,1,12,21,41,-3.0,3.0,0.01,30.0,60.0,1e-09,1e-12,6,0.0001,1,new simulation,nan
5,29,0.12910030610042528,1.3499999999999996,-0.5000000000000001,rolling,6.199999999999912,0.006112197357224548,2.7986864013544333,33,33,0,2.798517796387706,0.26,0.2617993877991494,9.81,1,1,12,21,41,-3.0,3.0,0.01,30.0,60.0,1e-09,1e-12,6,0.0001,1,new simulation,nan
5,30,0.12910030610042528,1.5,-0.5000000000000001,rolling,6.159999999999913,0.015444966143626317,2.7990447268265126,33,33,0,2.798531084548149,0.26,0.2617993877991494,9.81,1,1,12,21,41,-3.0,3.0,0.01,30.0,60.0,1e-09,1e-12,6,0.0001,1,new simulation,nan
5,31,0.12910030610042528,1.6499999999999995,-0.5000000000000001,rolling,5.939999999999918,0.014730676993500464,2.798989660801241,32,32,0,2.7984911301240873,0.26,0.2617993877991494,9.81,1,1,12,21,41,-3.0,3.0,0.01,30.0,60.0,1e-09,1e-12,6,0.0001,1,new simulation,nan
5,32,0.12910030610042528,1.7999999999999998,-0.5000000000000001,rolling,5.899999999999919,0.015792026057203933,2.7990557120293915,32,32,0,2.798512578465111,0.26,0.2617993877991494,9.81,1,1,12,21,41,-3.0,3.0,0.01,30.0,60.0,1e-09,1e-12,6,0.0001,1,new simulation,nan
5,33,0.12910030610042528,1.9500000000000002,-0.5000000000000001,rolling,5.8599999999999195,0.013221411721973315,2.7989351105806772,32,32,0,2.798535891123649,0.26,0.2617993877991494,9.81,1,1,12,21,41,-3.0,3.0,0.01,30.0,60.0,1e-09,1e-12,6,0.0001,1,new simulation,nan
5,34,0.12910030610042528,2.0999999999999996,-0.5000000000000001,rolling,5.639999999999924,0.0015571813272414465,2.798622461335863,31,31,0,2.7985115286759523,0.26,0.2617993877991494,9.81,1,1,12,21,41,-3.0,3.0,0.01,30.0,60.0,1e-09,1e-12,6,0.0001,1,new simulation,nan
5,35,0.12910030610042528,2.25,-0.5000000000000001,rolling,5.429999999999929,0.014725162675811723,2.7989904224647897,30,30,0,2.7984935493902494,0.26,0.2617993877991494,9.81,1,1,12,21,41,-3.0,3.0,0.01,30.0,60.0,1e-09,1e-12,6,0.0001,1,new simulation,nan
5,36,0.12910030610042528,2.3999999999999995,-0.5000000000000001,rolling,5.3899999999999295,0.002658951781312425,2.798645069759867,30,30,0,2.798544943278993,0.26,0.2617993877991494,9.81,1,1,12,21,41,-3.0,3.0,0.01,30.0,60.0,1e-09,1e-12,6,0.0001,1,new simulation,nan
5,37,0.12910030610042528,2.55,-0.5000000000000001,rolling,4.999999999999938,0.004347635246647333,2.7986524344148362,28,28,0,2.7985140602113727,0.26,0.2617993877991494,9.81,1,1,12,21,41,-3.0,3.0,0.01,30.0,60.0,1e-09,1e-12,6,0.0001,1,new simulation,nan
5,38,0.12910030610042528,2.7,-0.5000000000000001,rolling,4.609999999999946,0.0033849949676238705,2.7986529073643496,26,26,0,2.7985452849538213,0.26,0.2617993877991494,9.81,1,1,12,21,41,-3.0,3.0,0.01,30.0,60.0,1e-09,1e-12,6,0.0001,1,new simulation,nan
5,39,0.12910030610042528,2.8499999999999996,-0.5000000000000001,rolling,3.509999999999969,0.004899518139139956,2.798817745702835,20,20,0,2.7988751689511937,0.26,0.2617993877991494,9.81,1,1,12,21,41,-3.0,3.0,0.01,30.0,60.0,1e-09,1e-12,6,0.0001,1,new simulation,nan
5,40,0.12910030610042528,3.0,-0.5000000000000001,rolling,4.729999999999944,0.02270068145042207,2.799682887638557,27,27,0,2.7988850271171546,0.26,0.2617993877991494,9.81,1,1,12,21,41,-3.0,3.0,0.01,30.0,60.0,1e-09,1e-12,6,0.0001,1,new simulation,nan
6,0,0.1552802448803402,-3.0,-0.4000000000000002,rolling,7.959999999999875,0.017357311827376282,2.7991549642609987,38,35,3,2.7985318188973847,0.26,0.2617993877991494,9.81,1,1,12,21,41,-3.0,3.0,0.01,30.0,60.0,1e-09,1e-12,6,0.0001,1,new simulation,nan
6,1,0.1552802448803402,-2.85,-0.4000000000000002,rolling,7.989999999999874,0.01923276563783215,2.799271814774741,36,34,2,2.7985239891649685,0.26,0.2617993877991494,9.81,1,1,12,21,41,-3.0,3.0,0.01,30.0,60.0,1e-09,1e-12,6,0.0001,1,new simulation,nan
6,2,0.1552802448803402,-2.7,-0.4000000000000002,rolling,7.5499999999998835,0.013969979929170248,2.798960898466099,36,34,2,2.798513070320214,0.26,0.2617993877991494,9.81,1,1,12,21,41,-3.0,3.0,0.01,30.0,60.0,1e-09,1e-12,6,0.0001,1,new simulation,nan
6,3,0.1552802448803402,-2.55,-0.4000000000000002,rolling,7.419999999999886,-0.0006718182840662063,2.798615197124906,36,34,2,2.7985027427157845,0.26,0.2617993877991494,9.81,1,1,12,21,41,-3.0,3.0,0.01,30.0,60.0,1e-09,1e-12,6,0.0001,1,new simulation,nan
6,4,0.1552802448803402,-2.4,-0.4000000000000002,rolling,7.379999999999887,0.005692413432675829,2.7986669838353992,36,34,2,2.798493006130645,0.26,0.2617993877991494,9.81,1,1,12,21,41,-3.0,3.0,0.01,30.0,60.0,1e-09,1e-12,6,0.0001,1,new simulation,nan
6,5,0.1552802448803402,-2.25,-0.4000000000000002,rolling,7.579999999999883,0.025636882420574006,2.799782301420051,37,35,2,2.798540321336556,0.26,0.2617993877991494,9.81,1,1,12,21,41,-3.0,3.0,0.01,30.0,60.0,1e-09,1e-12,6,0.0001,1,new simulation,nan
6,6,0.1552802448803402,-2.1,-0.4000000000000002,rolling,7.669999999999881,0.010260119190287345,2.7988123929788893,37,35,2,2.798533903151658,0.26,0.2617993877991494,9.81,1,1,12,21,41,-3.0,3.0,0.01,30.0,60.0,1e-09,1e-12,6,0.0001,1,new simulation,nan
6,7,0.1552802448803402,-1.95,-0.4000000000000002,rolling,8.17999999999987,0.00698786464751615,2.798710892360416,37,35,2,2.7985279269239913,0.26,0.2617993877991494,9.81,1,1,12,21,41,-3.0,3.0,0.01,30.0,60.0,1e-09,1e-12,6,0.0001,1,new simulation,nan
6,8,0.1552802448803402,-1.8,-0.4000000000000002,rolling,7.449999999999886,0.0009357257017068754,2.7986228684611025,35,34,1,2.7985187434265044,0.26,0.2617993877991494,9.81,1,1,12,21,41,-3.0,3.0,0.01,30.0,60.0,1e-09,1e-12,6,0.0001,1,new simulation,nan
6,9,0.1552802448803402,-1.6500000000000001,-0.4000000000000002,rolling,7.23999999999989,0.003660911666584013,2.7986409078189425,35,34,1,2.798509694682999,0.26,0.2617993877991494,9.81,1,1,12,21,41,-3.0,3.0,0.01,30.0,60.0,1e-09,1e-12,6,0.0001,1,new simulation,nan
6,10,0.1552802448803402,-1.5,-0.4000000000000002,rolling,7.149999999999892,0.0256878641340747,2.799770053557661,35,34,1,2.798501432120172,0.26,0.2617993877991494,9.81,1,1,12,21,41,-3.0,3.0,0.01,30.0,60.0,1e-09,1e-12,6,0.0001,1,new simulation,nan
6,11,0.1552802448803402,-1.35,-0.4000000000000002,rolling,7.089999999999893,0.000861678140172125,2.7986119026403946,35,34,1,2.798493958195118,0.26,0.2617993877991494,9.81,1,1,12,21,41,-3.0,3.0,0.01,30.0,60.0,1e-09,1e-12,6,0.0001,1,new simulation,nan
6,12,0.1552802448803402,-1.2000000000000002,-0.4000000000000002,rolling,7.24999999999989,0.01097145349218893,2.798842743187508,36,35,1,2.7985428762904943,0.26,0.2617993877991494,9.81,1,1,12,21,41,-3.0,3.0,0.01,30.0,60.0,1e-09,1e-12,6,0.0001,1,new simulation,nan
6,13,0.1552802448803402,-1.05,-0.4000000000000002,rolling,7.24999999999989,0.0006645270525382631,2.7986306415777067,36,35,1,2.798538451133148,0.26,0.2617993877991494,9.81,1,1,12,21,41,-3.0,3.0,0.01,30.0,60.0,1e-09,1e-12,6,0.0001,1,new simulation,nan
6,14,0.1552802448803402,-0.8999999999999999,-0.4000000000000002,rolling,7.289999999999889,0.02136869905142128,2.799428355860968,36,35,1,2.7985346137565528,0.26,0.2617993877991494,9.81,1,1,12,21,41,-3.0,3.0,0.01,30.0,60.0,1e-09,1e-12,6,0.0001,1,new simulation,nan
6,15,0.1552802448803402,-0.75,-0.4000000000000002,rolling,7.369999999999887,0.02551660109088751,2.7997676493334978,36,35,1,2.7985313694040834,0.26,0.2617993877991494,9.81,1,1,12,21,41,-3.0,3.0,0.01,30.0,60.0,1e-09,1e-12,6,0.0001,1,new simulation,nan
6,16,0.1552802448803402,-0.6000000000000001,-0.4000000000000002,rolling,7.559999999999883,0.0059592764977351165,2.7986878943554268,36,35,1,2.798528714256811,0.26,0.2617993877991494,9.81,1,1,12,21,41,-3.0,3.0,0.01,30.0,60.0,1e-09,1e-12,6,0.0001,1,new simulation,nan
6,17,0.1552802448803402,-0.4500000000000002,-0.4000000000000002,rolling,7.70999999999988,0.015501198834939646,2.7990457088139884,34,34,0,2.7985263072184856,0.26,0.2617993877991494,9.81,1,1,12,21,41,-3.0,3.0,0.01,30.0,60.0,1e-09,1e-12,6,0.0001,1,new simulation,nan
6,18,0.1552802448803402,-0.30000000000000027,-0.4000000000000002,rolling,7.189999999999891,0.009979754660732233,2.798798023784295,34,34,0,2.7985236833739253,0.26,0.2617993877991494,9.81,1,1,12,21,41,-3.0,3.0,0.01,30.0,60.0,1e-09,1e-12,6,0.0001,1,new simulation,nan
6,19,0.1552802448803402,-0.1499999999999999,-0.4000000000000002,rolling,7.009999999999895,0.02307100556064694,2.7995554810994694,34,34,0,2.798522111098421,0.26,0.2617993877991494,9.81,1,1,12,21,41,-3.0,3.0,0.01,30.0,60.0,1e-09,1e-12,6,0.0001,1,new simulation,nan
6,20,0.1552802448803402,0.0,-0.4000000000000002,rolling,6.8899999999998975,0.013747044466396822,2.7989537570490635,34,34,0,2.798521585268126,0.26,0.2617993877991494,9.81,1,1,12,21,41,-3.0,3.0,0.01,30.0,60.0,1e-09,1e-12,6,0.0001,1,new simulation,nan
6,21,0.1552802448803402,0.1499999999999999,-0.4000000000000002,rolling,6.7999999999998995,0.007292750126891671,2.7987160049742665,34,34,0,2.798522111031072,0.26,0.2617993877991494,9.81,1,1,12,21,41,-3.0,3.0,0.01,30.0,60.0,1e-09,1e-12,6,0.0001,1,new simulation,nan
6,22,0.1552802448803402,0.2999999999999998,-0.4000000000000002,rolling,6.729999999999901,0.013749049817971324,2.798954762905176,34,34,0,2.798523682468911,0.26,0.2617993877991494,9.81,1,1,12,21,41,-3.0,3.0,0.01,30.0,60.0,1e-09,1e-12,6,0.0001,1,new simulation,nan
6,23,0.1552802448803402,0.44999999999999973,-0.4000000000000002,rolling,6.669999999999902,0.02252997590236985,2.799514072813473,34,34,0,2.798526305496035,0.26,0.2617993877991494,9.81,1,1,12,21,41,-3.0,3.0,0.01,30.0,60.0,1e-09,1e-12,6,0.0001,1,new simulation,nan
6,24,0.1552802448803402,0.5999999999999996,-0.4000000000000002,rolling,6.6099999999999035,0.014729463358692848,2.799006415495066,34,34,0,2.7985299781059036,0.26,0.2617993877991494,9.81,1,1,12,21,41,-3.0,3.0,0.01,30.0,60.0,1e-09,1e-12,6,0.0001,1,new simulation,nan
6,25,0.1552802448803402,0.75,-0.4000000000000002,rolling,6.559999999999905,0.023434032967829588,2.799590504362081,34,34,0,2.7985346987048403,0.26,0.2617993877991494,9.81,1,1,12,21,41,-3.0,3.0,0.01,30.0,60.0,1e-09,1e-12,6,0.0001,1,new simulation,nan
6,26,0.1552802448803402,0.8999999999999999,-0.4000000000000002,rolling,6.509999999999906,0.023632876860527768,2.799609399273768,34,34,0,2.7985404703887493,0.26,0.2617993877991494,9.81,1,1,12,21,41,-3.0,3.0,0.01,30.0,60.0,1e-09,1e-12,6,0.0001,1,new simulation,nan
6,27,0.1552802448803402,1.0499999999999998,-0.4000000000000002,rolling,6.2799999999999105,0.011412737889796255,2.7988385265641695,33,33,0,2.798493151399746,0.26,0.2617993877991494,9.81,1,1,12,21,41,-3.0,3.0,0.01,30.0,60.0,1e-09,1e-12,6,0.0001,1,new simulation,nan
6,28,0.1552802448803402,1.2000000000000002,-0.4000000000000002,rolling,6.229999999999912,-0.0006524847907205722,2.798615544247613,33,33,0,2.7985036434560633,0.26,0.2617993877991494,9.81,1,1,12,21,41,-3.0,3.0,0.01,30.0,60.0,1e-09,1e-12,6,0.0001,1,new simulation,nan
6,29,0.1552802448803402,1.3499999999999996,-0.4000000000000002,rolling,6.1899999999999125,0.010448910667020694,2.7988112886788734,33,33,0,2.7985155332908764,0.26,0.2617993877991494,9.81,1,1,12,21,41,-3.0,3.0,0.01,30.0,60.0,1e-09,1e-12,6,0.0001,1,new simulation,nan
6,30,0.1552802448803402,1.5,-0.4000000000000002,rolling,6.149999999999913,0.01724718031730561,2.799146989542304,33,33,0,2.7985288226377034,0.26,0.2617993877991494,9.81,1,1,12,21,41,-3.0,3.0,0.01,30.0,60.0,1e-09,1e-12,6,0.0001,1,new simulation,nan
6,31,0.1552802448803402,1.6499999999999995,-0.4000000000000002,rolling,6.109999999999914,0.020121652651405034,2.799341555779887,33,33,0,2.7985435090604778,0.26,0.2617993877991494,9.81,1,1,12,21,41,-3.0,3.0,0.01,30.0,60.0,1e-09,1e-12,6,0.0001,1,new simulation,nan
6,32,0.1552802448803402,1.7999999999999998,-0.4000000000000002,rolling,5.889999999999919,0.01364820369809532,2.798943807684608,32,32,0,2.7985095615854654,0.26,0.2617993877991494,9.81,1,1,12,21,41,-3.0,3.0,0.01,30.0,60.0,1e-09,1e-12,6,0.0001,1,new simulation,nan
6,33,0.1552802448803402,1.9500000000000002,-0.4000000000000002,rolling,5.84999999999992,0.00951002483107427,2.7987859588271573,32,32,0,2.798532875662151,0.26,0.2617993877991494,9.81,1,1,12,21,41,-3.0,3.0,0.01,30.0,60.0,1e-09,1e-12,6,0.0001,1,new simulation,nan
6,34,0.1552802448803402,2.0999999999999996,-0.4000000000000002,rolling,5.639999999999924,0.024467243738686844,2.7996654369044527,31,31,0,2.7985075059409037,0.26,0.2617993877991494,9.81,1,1,12,21,41,-3.0,3.0,0.01,30.0,60.0,1e-09,1e-12,6,0.0001,1,new simulation,nan
6,35,0.1552802448803402,2.25,-0.4000000000000002,rolling,5.599999999999925,0.014157783869042897,2.7989833601433967,31,31,0,2.7985435642366485,0.26,0.2617993877991494,9.81,1,1,12,21,41,-3.0,3.0,0.01,30.0,60.0,1e-09,1e-12,6,0.0001,1,new simulation,nan
6,36,0.1552802448803402,2.3999999999999995,-0.4000000000000002,rolling,5.3899999999999295,0.023290376719907562,2.799580861370539,30,30,0,2.7985395810733684,0.26,0.2617993877991494,9.81,1,1,12,21,41,-3.0,3.0,0.01,30.0,60.0,1e-09,1e-12,6,0.0001,1,new simulation,nan
6,37,0.1552802448803402,2.55,-0.4000000000000002,rolling,4.999999999999938,0.024019572881026366,2.799626122597998,28,28,0,2.798504526223514,0.26,0.2617993877991494,9.81,1,1,12,21,41,-3.0,3.0,0.01,30.0,60.0,1e-09,1e-12,6,0.0001,1,new simulation,nan
6,38,0.1552802448803402,2.7,-0.4000000000000002,rolling,4.609999999999946,0.022191938546570516,2.799488468918861,26,26,0,2.7985283374248113,0.26,0.2617993877991494,9.81,1,1,12,21,41,-3.0,3.0,0.01,30.0,60.0,1e-09,1e-12,6,0.0001,1,new simulation,nan
6,39,0.1552802448803402,2.8499999999999996,-0.4000000000000002,rolling,2.9699999999999807,0.005713627149587113,2.7988333363510907,17,17,0,2.7988762030514973,0.26,0.2617993877991494,9.81,1,1,12,21,41,-3.0,3.0,0.01,30.0,60.0,1e-09,1e-12,6,0.0001,1,new simulation,nan
6,40,0.1552802448803402,3.0,-0.4000000000000002,rolling,4.539999999999948,0.006262999001172368,2.798866655706656,26,26,0,2.7989265189124293,0.26,0.2617993877991494,9.81,1,1,12,21,41,-3.0,3.0,0.01,30.0,60.0,1e-09,1e-12,6,0.0001,1,new simulation,nan
7,0,0.18146018366025515,-3.0,-0.3000000000000001,rolling,7.999999999999874,0.013648752532271642,2.7989531953218534,38,35,3,2.798531182380973,0.26,0.2617993877991494,9.81,1,1,12,21,41,-3.0,3.0,0.01,30.0,60.0,1e-09,1e-12,6,0.0001,1,new simulation,nan
7,1,0.18146018366025515,-2.85,-0.3000000000000001,rolling,7.899999999999876,0.007276207989119161,2.7987159065687583,36,34,2,2.7985228599981746,0.26,0.2617993877991494,9.81,1,1,12,21,41,-3.0,3.0,0.01,30.0,60.0,1e-09,1e-12,6,0.0001,1,new simulation,nan
7,2,0.18146018366025515,-2.7,-0.3000000000000001,rolling,7.539999999999884,0.01388646663601606,2.7989563355358738,36,34,2,2.798511941870378,0.26,0.2617993877991494,9.81,1,1,12,21,41,-3.0,3.0,0.01,30.0,60.0,1e-09,1e-12,6,0.0001,1,new simulation,nan
7,3,0.18146018366025515,-2.55,-0.3000000000000001,rolling,7.429999999999886,0.020714180715591706,2.7993658115665996,36,34,2,2.798501613882919,0.26,0.2617993877991494,9.81,1,1,12,21,41,-3.0,3.0,0.01,30.0,60.0,1e-09,1e-12,6,0.0001,1,new simulation,nan
7,4,0.18146018366025515,-2.4,-0.3000000000000001,rolling,7.389999999999887,0.006446286245158981,2.7986825315703205,36,34,2,2.7984918773081158,0.26,0.2617993877991494,9.81,1,1,12,21,41,-3.0,3.0,0.01,30.0,60.0,1e-09,1e-12,6,0.0001,1,new simulation,nan
7,5,0.18146018366025515,-2.25,-0.3000000000000001,rolling,7.589999999999883,0.0026586977919553674,2.798642700110203,37,35,2,2.798539473517342,0.26,0.2617993877991494,9.81,1,1,12,21,41,-3.0,3.0,0.01,30.0,60.0,1e-09,1e-12,6,0.0001,1,new simulation,nan
7,6,0.18146018366025515,-2.1,-0.3000000000000001,rolling,7.70999999999988,0.01683819743784636,2.799124394560247,37,35,2,2.7985330562610713,0.26,0.2617993877991494,9.81,1,1,12,21,41,-3.0,3.0,0.01,30.0,60.0,1e-09,1e-12,6,0.0001,1,new simulation,nan
7,7,0.18146018366025515,-1.95,-0.3000000000000001,rolling,9.459999999999843,0.01728991179800773,2.799148819404401,35,34,1,2.7985270743070614,0.26,0.2617993877991494,9.81,1,1,12,21,41,-3.0,3.0,0.01,30.0,60.0,1e-09,1e-12,6,0.0001,1,new simulation,nan
7,8,0.18146018366025515,-1.8,-0.3000000000000001,rolling,7.419999999999886,0.013931925920915581,2.7989608443293896,35,34,1,2.7985172381599135,0.26,0.2617993877991494,9.81,1,1,12,21,41,-3.0,3.0,0.01,30.0,60.0,1e-09,1e-12,6,0.0001,1,new simulation,nan
7,9,0.18146018366025515,-1.6500000000000001,-0.3000000000000001,rolling,7.23999999999989,0.020840286452878443,2.7993778432186085,35,34,1,2.798508190943254,0.26,0.2617993877991494,9.81,1,1,12,21,41,-3.0,3.0,0.01,30.0,60.0,1e-09,1e-12,6,0.0001,1,new simulation,nan
7,10,0.18146018366025515,-1.5,-0.3000000000000001,rolling,7.149999999999892,0.011895543608106478,2.798861180654699,35,34,1,2.7984999279399196,0.26,0.2617993877991494,9.81,1,1,12,21,41,-3.0,3.0,0.01,30.0,60.0,1e-09,1e-12,6,0.0001,1,new simulation,nan
7,11,0.18146018366025515,-1.35,-0.3000000000000001,rolling,7.109999999999893,0.02108459532851979,2.7993889743248603,35,34,1,2.798492451532421,0.26,0.2617993877991494,9.81,1,1,12,21,41,-3.0,3.0,0.01,30.0,60.0,1e-09,1e-12,6,0.0001,1,new simulation,nan
7,12,0.18146018366025515,-1.2000000000000002,-0.3000000000000001,rolling,7.269999999999889,0.008925255125084417,2.7987709084842494,36,35,1,2.79854174843249,0.26,0.2617993877991494,9.81,1,1,12,21,41,-3.0,3.0,0.01,30.0,60.0,1e-09,1e-12,6,0.0001,1,new simulation,nan
7,13,0.18146018366025515,-1.05,-0.3000000000000001,rolling,7.289999999999889,0.02513892224477826,2.799736712470766,36,35,1,2.7985373236280826,0.26,0.2617993877991494,9.81,1,1,12,21,41,-3.0,3.0,0.01,30.0,60.0,1e-09,1e-12,6,0.0001,1,new simulation,nan
7,14,0.18146018366025515,-0.8999999999999999,-0.3000000000000001,rolling,7.339999999999888,0.023964103727808814,2.799633994563754,36,35,1,2.7985334861147386,0.26,0.2617993877991494,9.81,1,1,12,21,41,-3.0,3.0,0.01,30.0,60.0,1e-09,1e-12,6,0.0001,1,new simulation,nan
7,15,0.18146018366025515,-0.75,-0.3000000000000001,rolling,7.459999999999885,0.021699637617677986,2.79945143245158,36,35,1,2.7985302398361545,0.26,0.2617993877991494,9.81,1,1,12,21,41,-3.0,3.0,0.01,30.0,60.0,1e-09,1e-12,6,0.0001,1,new simulation,nan
7,16,0.18146018366025515,-0.6000000000000001,-0.3000000000000001,rolling,7.919999999999876,0.011981087179900622,2.798876738087152,36,35,1,2.79852758725254,0.26,0.2617993877991494,9.81,1,1,12,21,41,-3.0,3.0,0.01,30.0,60.0,1e-09,1e-12,6,0.0001,1,new simulation,nan
7,17,0.18146018366025515,-0.4500000000000002,-0.3000000000000001,rolling,7.339999999999888,0.024637169621286287,2.7996873229701382,34,34,0,2.7985242994519743,0.26,0.2617993877991494,9.81,1,1,12,21,41,-3.0,3.0,0.01,30.0,60.0,1e-09,1e-12,6,0.0001,1,new simulation,nan
7,18,0.18146018366025515,-0.30000000000000027,-0.3000000000000001,rolling,7.0799999999998935,0.011434163076106582,2.798851732342868,34,34,0,2.79852167579542,0.26,0.2617993877991494,9.81,1,1,12,21,41,-3.0,3.0,0.01,30.0,60.0,1e-09,1e-12,6,0.0001,1,new simulation,nan
7,19,0.18146018366025515,-0.1499999999999999,-0.3000000000000001,rolling,6.9399999999998965,0.005358823393901448,2.7986722523800016,34,34,0,2.798520102269869,0.26,0.2617993877991494,9.81,1,1,12,21,41,-3.0,3.0,0.01,30.0,60.0,1e-09,1e-12,6,0.0001,1,new simulation,nan
7,20,0.18146018366025515,0.0,-0.3000000000000001,rolling,6.849999999999898,0.024367269069726995,2.799662111005262,34,34,0,2.7985195784731616,0.26,0.2617993877991494,9.81,1,1,12,21,41,-3.0,3.0,0.01,30.0,60.0,1e-09,1e-12,6,0.0001,1,new simulation,nan
7,21,0.18146018366025515,0.1499999999999999,-0.3000000000000001,rolling,6.7699999999999,0.015271513009556932,2.7990306369003797,34,34,0,2.798520103656457,0.26,0.2617993877991494,9.81,1,1,12,21,41,-3.0,3.0,0.01,30.0,60.0,1e-09,1e-12,6,0.0001,1,new simulation,nan
7,22,0.18146018366025515,0.2999999999999998,-0.3000000000000001,rolling,6.699999999999902,0.0025412568091954585,2.798633920803449,34,34,0,2.7985216752847806,0.26,0.2617993877991494,9.81,1,1,12,21,41,-3.0,3.0,0.01,30.0,60.0,1e-09,1e-12,6,0.0001,1,new simulation,nan
7,23,0.18146018366025515,0.44999999999999973,-0.3000000000000001,rolling,6.639999999999903,-0.0016462033288235675,2.798628489344168,34,34,0,2.798524299873677,0.26,0.2617993877991494,9.81,1,1,12,21,41,-3.0,3.0,0.01,30.0,60.0,1e-09,1e-12,6,0.0001,1,new simulation,nan
7,24,0.18146018366025515,0.5999999999999996,-0.3000000000000001,rolling,6.589999999999904,0.009329488283934562,2.7987778745378726,34,34,0,2.7985279723024816,0.26,0.2617993877991494,9.81,1,1,12,21,41,-3.0,3.0,0.01,30.0,60.0,1e-09,1e-12,6,0.0001,1,new simulation,nan
7,25,0.18146018366025515,0.75,-0.3000000000000001,rolling,6.539999999999905,0.011245134974093294,2.7988489911546854,34,34,0,2.7985326927671923,0.26,0.2617993877991494,9.81,1,1,12,21,41,-3.0,3.0,0.01,30.0,60.0,1e-09,1e-12,6,0.0001,1,new simulation,nan
7,26,0.18146018366025515,0.8999999999999999,-0.3000000000000001,rolling,6.489999999999906,0.0062950823173691176,2.7986993270046523,34,34,0,2.798538464591063,0.26,0.2617993877991494,9.81,1,1,12,21,41,-3.0,3.0,0.01,30.0,60.0,1e-09,1e-12,6,0.0001,1,new simulation,nan
7,27,0.18146018366025515,1.0499999999999998,-0.3000000000000001,rolling,6.449999999999907,0.023779356091985362,2.799623647043276,34,34,0,2.798545282637797,0.26,0.2617993877991494,9.81,1,1,12,21,41,-3.0,3.0,0.01,30.0,60.0,1e-09,1e-12,6,0.0001,1,new simulation,nan
7,28,0.18146018366025515,1.2000000000000002,-0.3000000000000001,rolling,6.219999999999912,0.0028069463320110196,2.798627448804438,33,33,0,2.7985009689062306,0.26,0.2617993877991494,9.81,1,1,12,21,41,-3.0,3.0,0.01,30.0,60.0,1e-09,1e-12,6,0.0001,1,new simulation,nan
7,29,0.18146018366025515,1.3499999999999996,-0.3000000000000001,rolling,6.179999999999913,0.011320292511697942,2.798843374161281,33,33,0,2.7985128577420286,0.26,0.2617993877991494,9.81,1,1,12,21,41,-3.0,3.0,0.01,30.0,60.0,1e-09,1e-12,6,0.0001,1,new simulation,nan
7,30,0.18146018366025515,1.5,-0.3000000000000001,rolling,6.1399999999999135,0.015976950505644655,2.799071881613466,33,33,0,2.7985261473113305,0.26,0.2617993877991494,9.81,1,1,12,21,41,-3.0,3.0,0.01,30.0,60.0,1e-09,1e-12,6,0.0001,1,new simulation,nan
7,31,0.18146018366025515,1.6499999999999995,-0.3000000000000001,rolling,6.099999999999914,0.01704948278179177,2.7991403089783478,33,33,0,2.798540835375952,0.26,0.2617993877991494,9.81,1,1,12,21,41,-3.0,3.0,0.01,30.0,60.0,1e-09,1e-12,6,0.0001,1,new simulation,nan
7,32,0.18146018366025515,1.7999999999999998,-0.3000000000000001,rolling,5.879999999999919,0.009038337396110012,2.798758986805735,32,32,0,2.7985059944925013,0.26,0.2617993877991494,9.81,1,1,12,21,41,-3.0,3.0,0.01,30.0,60.0,1e-09,1e-12,6,0.0001,1,new simulation,nan
7,33,0.18146018366025515,1.9500000000000002,-0.3000000000000001,rolling,5.83999999999992,0.003569518339086134,2.7986482418772636,32,32,0,2.798529308930324,0.26,0.2617993877991494,9.81,1,1,12,21,41,-3.0,3.0,0.01,30.0,60.0,1e-09,1e-12,6,0.0001,1,new simulation,nan
7,34,0.18146018366025515,2.0999999999999996,-0.3000000000000001,rolling,5.629999999999924,0.017360575853621465,2.7991425783481865,31,31,0,2.798502749139633,0.26,0.2617993877991494,9.81,1,1,12,21,41,-3.0,3.0,0.01,30.0,60.0,1e-09,1e-12,6,0.0001,1,new simulation,nan
7,35,0.18146018366025515,2.25,-0.3000000000000001,rolling,5.589999999999925,0.006022830150279138,2.798693598344669,31,31,0,2.7985388082869753,0.26,0.2617993877991494,9.81,1,1,12,21,41,-3.0,3.0,0.01,30.0,60.0,1e-09,1e-12,6,0.0001,1,new simulation,nan
7,36,0.18146018366025515,2.3999999999999995,-0.3000000000000001,rolling,5.37999999999993,0.014236011031462468,2.7989827793698567,30,30,0,2.798533237622865,0.26,0.2617993877991494,9.81,1,1,12,21,41,-3.0,3.0,0.01,30.0,60.0,1e-09,1e-12,6,0.0001,1,new simulation,nan
7,37,0.18146018366025515,2.55,-0.3000000000000001,rolling,4.989999999999938,0.014140901457029467,2.7989607381101527,28,28,0,2.7984932500687987,0.26,0.2617993877991494,9.81,1,1,12,21,41,-3.0,3.0,0.01,30.0,60.0,1e-09,1e-12,6,0.0001,1,new simulation,nan
7,38,0.18146018366025515,2.7,-0.3000000000000001,rolling,4.599999999999946,0.011568989836300806,2.7988513745601837,26,26,0,2.7985082913261046,0.26,0.2617993877991494,9.81,1,1,12,21,41,-3.0,3.0,0.01,30.0,60.0,1e-09,1e-12,6,0.0001,1,new simulation,nan
7,39,0.18146018366025515,2.8499999999999996,-0.3000000000000001,rolling,2.6099999999999883,0.011023522748135181,2.7988396799153166,15,15,0,2.7985311606476055,0.26,0.2617993877991494,9.81,1,1,12,21,41,-3.0,3.0,0.01,30.0,60.0,1e-09,1e-12,6,0.0001,1,new simulation,nan
7,40,0.18146018366025515,3.0,-0.3000000000000001,rolling,4.539999999999948,0.022328822805954662,2.799662839336775,26,26,0,2.7989064786518276,0.26,0.2617993877991494,9.81,1,1,12,21,41,-3.0,3.0,0.01,30.0,60.0,1e-09,1e-12,6,0.0001,1,new simulation,nan
8,0,0.20764012244017008,-3.0,-0.20000000000000018,rolling,8.049999999999873,-0.0006416773431895228,2.7986271245066074,38,35,3,2.798530448383906,0.26,0.2617993877991494,9.81,1,1,12,21,41,-3.0,3.0,0.01,30.0,60.0,1e-09,1e-12,6,0.0001,1,new simulation,nan
8,1,0.20764012244017008,-2.85,-0.20000000000000018,rolling,7.8299999999998775,0.011581125420636806,2.7988576093826114,36,34,2,2.7985215566630566,0.26,0.2617993877991494,9.81,1,1,12,21,41,-3.0,3.0,0.01,30.0,60.0,1e-09,1e-12,6,0.0001,1,new simulation,nan
8,2,0.20764012244017008,-2.7,-0.20000000000000018,rolling,7.529999999999884,0.01549825062373129,2.799038766501785,36,34,2,2.7985106399498734,0.26,0.2617993877991494,9.81,1,1,12,21,41,-3.0,3.0,0.01,30.0,60.0,1e-09,1e-12,6,0.0001,1,new simulation,nan
8,3,0.20764012244017008,-2.55,-0.20000000000000018,rolling,7.429999999999886,0.014329218277818249,2.798973191084783,36,34,2,2.798500312195523,0.26,0.2617993877991494,9.81,1,1,12,21,41,-3.0,3.0,0.01,30.0,60.0,1e-09,1e-12,6,0.0001,1,new simulation,nan
8,4,0.20764012244017008,-2.4,-0.20000000000000018,rolling,7.399999999999887,0.00471333708832239,2.798648072532639,36,34,2,2.798490573813435,0.26,0.2617993877991494,9.81,1,1,12,21,41,-3.0,3.0,0.01,30.0,60.0,1e-09,1e-12,6,0.0001,1,new simulation,nan
8,5,0.20764012244017008,-2.25,-0.20000000000000018,rolling,7.609999999999882,-0.0002871967482629082,2.798630033437066,37,35,2,2.798538495632673,0.26,0.2617993877991494,9.81,1,1,12,21,41,-3.0,3.0,0.01,30.0,60.0,1e-09,1e-12,6,0.0001,1,new simulation,nan
8,6,0.20764012244017008,-2.1,-0.20000000000000018,rolling,7.759999999999879,0.020264008552946734,2.799346680716339,37,35,2,2.7985320792432393,0.26,0.2617993877991494,9.81,1,1,12,21,41,-3.0,3.0,0.01,30.0,60.0,1e-09,1e-12,6,0.0001,1,new simulation,nan
8,7,0.20764012244017008,-1.95,-0.20000000000000018,rolling,7.959999999999875,-0.0002614575524074816,2.7986243103456077,35,34,1,2.7985253375127948,0.26,0.2617993877991494,9.81,1,1,12,21,41,-3.0,3.0,0.01,30.0,60.0,1e-09,1e-12,6,0.0001,1,new simulation,nan
8,8,0.20764012244017008,-1.8,-0.20000000000000018,rolling,7.389999999999887,0.021261180552753795,2.7994120541933363,35,34,1,2.7985155023249573,0.26,0.2617993877991494,9.81,1,1,12,21,41,-3.0,3.0,0.01,30.0,60.0,1e-09,1e-12,6,0.0001,1,new simulation,nan
8,9,0.20764012244017008,-1.6500000000000001,-0.20000000000000018,rolling,7.22999999999989,0.011056983505411976,2.7988302751594687,35,34,1,2.7985064521824654,0.26,0.2617993877991494,9.81,1,1,12,21,41,-3.0,3.0,0.01,30.0,60.0,1e-09,1e-12,6,0.0001,1,new simulation,nan
8,10,0.20764012244017008,-1.5,-0.20000000000000018,rolling,7.159999999999892,0.02593374950086473,2.7997908845117863,35,34,1,2.7984981908941653,0.26,0.2617993877991494,9.81,1,1,12,21,41,-3.0,3.0,0.01,30.0,60.0,1e-09,1e-12,6,0.0001,1,new simulation,nan
8,11,0.20764012244017008,-1.35,-0.20000000000000018,rolling,7.119999999999893,0.01062201790726047,2.7988069396363002,35,34,1,2.798490717591102,0.26,0.2617993877991494,9.81,1,1,12,21,41,-3.0,3.0,0.01,30.0,60.0,1e-09,1e-12,6,0.0001,1,new simulation,nan
8,12,0.20764012244017008,-1.2000000000000002,-0.20000000000000018,rolling,7.289999999999889,-0.0001954566976468126,2.798630797679344,36,35,1,2.798540445855354,0.26,0.2617993877991494,9.81,1,1,12,21,41,-3.0,3.0,0.01,30.0,60.0,1e-09,1e-12,6,0.0001,1,new simulation,nan
8,13,0.20764012244017008,-1.05,-0.20000000000000018,rolling,7.319999999999888,0.005455151275851337,2.798680969952816,36,35,1,2.79853601923586,0.26,0.2617993877991494,9.81,1,1,12,21,41,-3.0,3.0,0.01,30.0,60.0,1e-09,1e-12,6,0.0001,1,new simulation,nan
8,14,0.20764012244017008,-0.8999999999999999,-0.20000000000000018,rolling,7.399999999999887,0.013030668979906014,2.798924730691488,36,35,1,2.798532184250444,0.26,0.2617993877991494,9.81,1,1,12,21,41,-3.0,3.0,0.01,30.0,60.0,1e-09,1e-12,6,0.0001,1,new simulation,nan
8,15,0.20764012244017008,-0.75,-0.20000000000000018,rolling,7.609999999999882,0.013770194934436488,2.798958059265716,36,35,1,2.7985289395294175,0.26,0.2617993877991494,9.81,1,1,12,21,41,-3.0,3.0,0.01,30.0,60.0,1e-09,1e-12,6,0.0001,1,new simulation,nan
8,16,0.20764012244017008,-0.6000000000000001,-0.20000000000000018,rolling,7.609999999999882,0.01149886586431848,2.7988560566932765,34,34,0,2.7985256554242817,0.26,0.2617993877991494,9.81,1,1,12,21,41,-3.0,3.0,0.01,30.0,60.0,1e-09,1e-12,6,0.0001,1,new simulation,nan
8,17,0.20764012244017008,-0.4500000000000002,-0.20000000000000018,rolling,7.169999999999892,0.0010442760085790583,2.7986246510018655,34,34,0,2.7985219857993187,0.26,0.2617993877991494,9.81,1,1,12,21,41,-3.0,3.0,0.01,30.0,60.0,1e-09,1e-12,6,0.0001,1,new simulation,nan
8,18,0.20764012244017008,-0.30000000000000027,-0.20000000000000018,rolling,6.999999999999895,0.006246865548713756,2.7986899942836945,34,34,0,2.7985193605266416,0.26,0.2617993877991494,9.81,1,1,12,21,41,-3.0,3.0,0.01,30.0,60.0,1e-09,1e-12,6,0.0001,1,new simulation,nan
8,19,0.20764012244017008,-0.1499999999999999,-0.20000000000000018,rolling,6.8899999999998975,0.005567746932546365,2.798675252119252,34,34,0,2.7985177879257663,0.26,0.2617993877991494,9.81,1,1,12,21,41,-3.0,3.0,0.01,30.0,60.0,1e-09,1e-12,6,0.0001,1,new simulation,nan
8,20,0.20764012244017008,0.0,-0.20000000000000018,rolling,6.809999999999899,0.01310642999247366,2.7989217400319206,34,34,0,2.798517263680614,0.26,0.2617993877991494,9.81,1,1,12,21,41,-3.0,3.0,0.01,30.0,60.0,1e-09,1e-12,6,0.0001,1,new simulation,nan
8,21,0.20764012244017008,0.1499999999999999,-0.20000000000000018,rolling,6.739999999999901,0.008482071436694235,2.798747011857642,34,34,0,2.7985177870605678,0.26,0.2617993877991494,9.81,1,1,12,21,41,-3.0,3.0,0.01,30.0,60.0,1e-09,1e-12,6,0.0001,1,new simulation,nan
8,22,0.20764012244017008,0.2999999999999998,-0.20000000000000018,rolling,6.679999999999902,0.008361242470547458,2.798744125813658,34,34,0,2.7985193602440916,0.26,0.2617993877991494,9.81,1,1,12,21,41,-3.0,3.0,0.01,30.0,60.0,1e-09,1e-12,6,0.0001,1,new simulation,nan
8,23,0.20764012244017008,0.44999999999999973,-0.20000000000000018,rolling,6.629999999999903,0.021525464506677385,2.799434672168511,34,34,0,2.7985219856424237,0.26,0.2617993877991494,9.81,1,1,12,21,41,-3.0,3.0,0.01,30.0,60.0,1e-09,1e-12,6,0.0001,1,new simulation,nan
8,24,0.20764012244017008,0.5999999999999996,-0.20000000000000018,rolling,6.579999999999904,0.024860348760197364,2.7997072624696027,34,34,0,2.798525655856997,0.26,0.2617993877991494,9.81,1,1,12,21,41,-3.0,3.0,0.01,30.0,60.0,1e-09,1e-12,6,0.0001,1,new simulation,nan
8,25,0.20764012244017008,0.75,-0.20000000000000018,rolling,6.529999999999905,0.021122779837658204,2.7994082163500282,34,34,0,2.798530377409023,0.26,0.2617993877991494,9.81,1,1,12,21,41,-3.0,3.0,0.01,30.0,60.0,1e-09,1e-12,6,0.0001,1,new simulation,nan
8,26,0.20764012244017008,0.8999999999999999,-0.20000000000000018,rolling,6.479999999999906,0.011885645826752252,2.798876450369248,34,34,0,2.798536147791474,0.26,0.2617993877991494,9.81,1,1,12,21,41,-3.0,3.0,0.01,30.0,60.0,1e-09,1e-12,6,0.0001,1,new simulation,nan
8,27,0.20764012244017008,1.0499999999999998,-0.20000000000000018,rolling,6.439999999999907,0.026044599423433554,2.799820358325769,34,34,0,2.798542966293004,0.26,0.2617993877991494,9.81,1,1,12,21,41,-3.0,3.0,0.01,30.0,60.0,1e-09,1e-12,6,0.0001,1,new simulation,nan
8,28,0.20764012244017008,1.2000000000000002,-0.20000000000000018,rolling,6.209999999999912,0.002432868773065224,2.798622676902268,33,33,0,2.7984978825769424,0.26,0.2617993877991494,9.81,1,1,12,21,41,-3.0,3.0,0.01,30.0,60.0,1e-09,1e-12,6,0.0001,1,new simulation,nan
8,29,0.20764012244017008,1.3499999999999996,-0.20000000000000018,rolling,6.169999999999913,0.008808222037995873,2.798753424937756,33,33,0,2.79850977083821,0.26,0.2617993877991494,9.81,1,1,12,21,41,-3.0,3.0,0.01,30.0,60.0,1e-09,1e-12,6,0.0001,1,new simulation,nan
8,30,0.20764012244017008,1.5,-0.20000000000000018,rolling,6.129999999999914,0.011698191377445996,2.7988630377002583,33,33,0,2.798523060934192,0.26,0.2617993877991494,9.81,1,1,12,21,41,-3.0,3.0,0.01,30.0,60.0,1e-09,1e-12,6,0.0001,1,new simulation,nan
8,31,0.20764012244017008,1.6499999999999995,-0.20000000000000018,rolling,6.089999999999915,0.011284779358573438,2.798852744918214,33,33,0,2.798537747798374,0.26,0.2617993877991494,9.81,1,1,12,21,41,-3.0,3.0,0.01,30.0,60.0,1e-09,1e-12,6,0.0001,1,new simulation,nan
8,32,0.20764012244017008,1.7999999999999998,-0.20000000000000018,rolling,5.869999999999919,0.0020046761199422566,2.79862107600776,32,32,0,2.798501878960168,0.26,0.2617993877991494,9.81,1,1,12,21,41,-3.0,3.0,0.01,30.0,60.0,1e-09,1e-12,6,0.0001,1,new simulation,nan
8,33,0.20764012244017008,1.9500000000000002,-0.20000000000000018,rolling,5.83999999999992,0.023424068859774275,2.7995855719068543,32,32,0,2.7985251930598025,0.26,0.2617993877991494,9.81,1,1,12,21,41,-3.0,3.0,0.01,30.0,60.0,1e-09,1e-12,6,0.0001,1,new simulation,nan
8,34,0.20764012244017008,2.0999999999999996,-0.20000000000000018,rolling,5.619999999999925,0.008259489097535105,2.798731593636032,31,31,0,2.7984972607604472,0.26,0.2617993877991494,9.81,1,1,12,21,41,-3.0,3.0,0.01,30.0,60.0,1e-09,1e-12,6,0.0001,1,new simulation,nan
8,35,0.20764012244017008,2.25,-0.20000000000000018,rolling,5.589999999999925,0.02405470926027006,2.7996415473542675,31,31,0,2.7985333226026516,0.26,0.2617993877991494,9.81,1,1,12,21,41,-3.0,3.0,0.01,30.0,60.0,1e-09,1e-12,6,0.0001,1,new simulation,nan
8,36,0.20764012244017008,2.3999999999999995,-0.20000000000000018,rolling,5.36999999999993,0.0035112246215786647,2.7986460492211447,30,30,0,2.7985259215689386,0.26,0.2617993877991494,9.81,1,1,12,21,41,-3.0,3.0,0.01,30.0,60.0,1e-09,1e-12,6,0.0001,1,new simulation,nan
8,37,0.20764012244017008,2.55,-0.20000000000000018,rolling,5.159999999999934,0.008442263303895645,2.7987544138352476,29,29,0,2.7985376063892318,0.26,0.2617993877991494,9.81,1,1,12,21,41,-3.0,3.0,0.01,30.0,60.0,1e-09,1e-12,6,0.0001,1,new simulation,nan
8,38,0.20764012244017008,2.7,-0.20000000000000018,rolling,4.769999999999943,0.005243985185477596,2.7986792979165593,27,27,0,2.7985412982296207,0.26,0.2617993877991494,9.81,1,1,12,21,41,-3.0,3.0,0.01,30.0,60.0,1e-09,1e-12,6,0.0001,1,new simulation,nan
8,39,0.20764012244017008,2.8499999999999996,-0.20000000000000018,rolling,3.4899999999999696,-0.0009236273591839255,2.7986309086557473,20,20,0,2.7985374029147625,0.26,0.2617993877991494,9.81,1,1,12,21,41,-3.0,3.0,0.01,30.0,60.0,1e-09,1e-12,6,0.0001,1,new simulation,nan
8,40,0.20764012244017008,3.0,-0.20000000000000018,rolling,4.529999999999948,0.009178370769216805,2.7989268563764957,26,26,0,2.7988833571089704,0.26,0.2617993877991494,9.81,1,1,12,21,41,-3.0,3.0,0.01,30.0,60.0,1e-09,1e-12,6,0.0001,1,new simulation,nan
9,0,0.233820061220085,-3.0,-0.10000000000000026,rolling,8.129999999999871,0.003430705665244657,2.798646673040169,38,35,3,2.798529620014311,0.26,0.2617993877991494,9.81,1,1,12,21,41,-3.0,3.0,0.01,30.0,60.0,1e-09,1e-12,6,0.0001,1,new simulation,nan
9,1,0.233820061220085,-2.85,-0.10000000000000026,rolling,7.769999999999879,0.012881940386208145,2.798912737461701,36,34,2,2.7985200824201004,0.26,0.2617993877991494,9.81,1,1,12,21,41,-3.0,3.0,0.01,30.0,60.0,1e-09,1e-12,6,0.0001,1,new simulation,nan
9,2,0.233820061220085,-2.7,-0.10000000000000026,rolling,7.519999999999884,0.017064135831723077,2.79912747495689,36,34,2,2.7985091666926496,0.26,0.2617993877991494,9.81,1,1,12,21,41,-3.0,3.0,0.01,30.0,60.0,1e-09,1e-12,6,0.0001,1,new simulation,nan
9,3,0.233820061220085,-2.55,-0.10000000000000026,rolling,7.429999999999886,0.006995727143057554,2.798698489009879,36,34,2,2.7984988368699866,0.26,0.2617993877991494,9.81,1,1,12,21,41,-3.0,3.0,0.01,30.0,60.0,1e-09,1e-12,6,0.0001,1,new simulation,nan
9,4,0.233820061220085,-2.4,-0.10000000000000026,rolling,7.589999999999883,0.004824275693493155,2.79867317107355,37,35,2,2.7985442521735036,0.26,0.2617993877991494,9.81,1,1,12,21,41,-3.0,3.0,0.01,30.0,60.0,1e-09,1e-12,6,0.0001,1,new simulation,nan
9,5,0.233820061220085,-2.25,-0.10000000000000026,rolling,7.6399999999998816,0.013694896091074849,2.7989580931147806,37,35,2,2.79853739174416,0.26,0.2617993877991494,9.81,1,1,12,21,41,-3.0,3.0,0.01,30.0,60.0,1e-09,1e-12,6,0.0001,1,new simulation,nan
9,6,0.233820061220085,-2.1,-0.10000000000000026,rolling,7.819999999999878,9.981169595047238e-05,2.798626647948641,37,35,2,2.7985309730807058,0.26,0.2617993877991494,9.81,1,1,12,21,41,-3.0,3.0,0.01,30.0,60.0,1e-09,1e-12,6,0.0001,1,new simulation,nan
9,7,0.233820061220085,-1.95,-0.10000000000000026,rolling,7.739999999999879,0.005007545600809525,2.79866728627016,35,34,1,2.7985233711068944,0.26,0.2617993877991494,9.81,1,1,12,21,41,-3.0,3.0,0.01,30.0,60.0,1e-09,1e-12,6,0.0001,1,new simulation,nan
9,8,0.233820061220085,-1.8,-0.10000000000000026,rolling,7.3599999999998875,0.02061885277502073,2.7993640710876404,35,34,1,2.7985135356600774,0.26,0.2617993877991494,9.81,1,1,12,21,41,-3.0,3.0,0.01,30.0,60.0,1e-09,1e-12,6,0.0001,1,new simulation,nan
9,9,0.233820061220085,-1.6500000000000001,-0.10000000000000026,rolling,7.2199999999998905,9.16001733168633e-05,2.798615174746117,35,34,1,2.7985044861296626,0.26,0.2617993877991494,9.81,1,1,12,21,41,-3.0,3.0,0.01,30.0,60.0,1e-09,1e-12,6,0.0001,1,new simulation,nan
9,10,0.233820061220085,-1.5,-0.10000000000000026,rolling,7.159999999999892,0.009822366198962844,2.798780671581968,35,34,1,2.7984962234492063,0.26,0.2617993877991494,9.81,1,1,12,21,41,-3.0,3.0,0.01,30.0,60.0,1e-09,1e-12,6,0.0001,1,new simulation,nan
9,11,0.233820061220085,-1.35,-0.10000000000000026,rolling,7.309999999999889,0.000681138588253279,2.7986330793650427,36,35,1,2.7985439878864735,0.26,0.2617993877991494,9.81,1,1,12,21,41,-3.0,3.0,0.01,30.0,60.0,1e-09,1e-12,6,0.0001,1,new simulation,nan
9,12,0.233820061220085,-1.2000000000000002,-0.10000000000000026,rolling,7.319999999999888,0.007314915448759481,2.798723870668662,36,35,1,2.798538970607364,0.26,0.2617993877991494,9.81,1,1,12,21,41,-3.0,3.0,0.01,30.0,60.0,1e-09,1e-12,6,0.0001,1,new simulation,nan
9,13,0.233820061220085,-1.05,-0.10000000000000026,rolling,7.369999999999887,0.015448025145692521,2.799046391280224,36,35,1,2.798534545914381,0.26,0.2617993877991494,9.81,1,1,12,21,41,-3.0,3.0,0.01,30.0,60.0,1e-09,1e-12,6,0.0001,1,new simulation,nan
9,14,0.233820061220085,-0.8999999999999999,-0.10000000000000026,rolling,7.489999999999885,0.005648598259749639,2.7986824350844244,36,35,1,2.7985307091344427,0.26,0.2617993877991494,9.81,1,1,12,21,41,-3.0,3.0,0.01,30.0,60.0,1e-09,1e-12,6,0.0001,1,new simulation,nan
9,15,0.233820061220085,-0.75,-0.10000000000000026,rolling,8.079999999999872,0.01112828246924645,2.798842145429678,36,35,1,2.798527462988062,0.26,0.2617993877991494,9.81,1,1,12,21,41,-3.0,3.0,0.01,30.0,60.0,1e-09,1e-12,6,0.0001,1,new simulation,nan
9,16,0.233820061220085,-0.6000000000000001,-0.10000000000000026,rolling,7.309999999999889,0.023697071348394026,2.7996071761767354,34,34,0,2.7985230358206183,0.26,0.2617993877991494,9.81,1,1,12,21,41,-3.0,3.0,0.01,30.0,60.0,1e-09,1e-12,6,0.0001,1,new simulation,nan
9,17,0.233820061220085,-0.4500000000000002,-0.10000000000000026,rolling,7.069999999999894,0.0058461133340215925,2.798681502513116,34,34,0,2.7985193628074145,0.26,0.2617993877991494,9.81,1,1,12,21,41,-3.0,3.0,0.01,30.0,60.0,1e-09,1e-12,6,0.0001,1,new simulation,nan
9,18,0.233820061220085,-0.30000000000000027,-0.10000000000000026,rolling,6.9399999999998965,0.0034338746791575565,2.798641133871299,34,34,0,2.7985167408990015,0.26,0.2617993877991494,9.81,1,1,12,21,41,-3.0,3.0,0.01,30.0,60.0,1e-09,1e-12,6,0.0001,1,new simulation,nan
9,19,0.233820061220085,-0.1499999999999999,-0.10000000000000026,rolling,6.849999999999898,0.006088493117084117,2.7986847561567383,34,34,0,2.798515166272002,0.26,0.2617993877991494,9.81,1,1,12,21,41,-3.0,3.0,0.01,30.0,60.0,1e-09,1e-12,6,0.0001,1,new simulation,nan
9,20,0.233820061220085,0.0,-0.10000000000000026,rolling,6.7799999999999,0.012129606351427314,2.798877404818282,34,34,0,2.7985146415271385,0.26,0.2617993877991494,9.81,1,1,12,21,41,-3.0,3.0,0.01,30.0,60.0,1e-09,1e-12,6,0.0001,1,new simulation,nan
9,21,0.233820061220085,0.1499999999999999,-0.10000000000000026,rolling,6.719999999999901,0.016905122305390118,2.7991206092204304,34,34,0,2.798515167589231,0.26,0.2617993877991494,9.81,1,1,12,21,41,-3.0,3.0,0.01,30.0,60.0,1e-09,1e-12,6,0.0001,1,new simulation,nan
9,22,0.233820061220085,0.2999999999999998,-0.10000000000000026,rolling,6.659999999999902,0.00426818323220314,2.798652396094251,34,34,0,2.798516740916709,0.26,0.2617993877991494,9.81,1,1,12,21,41,-3.0,3.0,0.01,30.0,60.0,1e-09,1e-12,6,0.0001,1,new simulation,nan
9,23,0.233820061220085,0.44999999999999973,-0.10000000000000026,rolling,6.6099999999999035,0.008661382169060768,2.798753081727492,34,34,0,2.798519362553094,0.26,0.2617993877991494,9.81,1,1,12,21,41,-3.0,3.0,0.01,30.0,60.0,1e-09,1e-12,6,0.0001,1,new simulation,nan
9,24,0.233820061220085,0.5999999999999996,-0.10000000000000026,rolling,6.559999999999905,0.005680410914410548,2.7986797451649794,34,34,0,2.7985230349690915,0.26,0.2617993877991494,9.81,1,1,12,21,41,-3.0,3.0,0.01,30.0,60.0,1e-09,1e-12,6,0.0001,1,new simulation,nan
9,25,0.233820061220085,0.75,-0.10000000000000026,rolling,6.519999999999905,0.02528376703155247,2.7997453653840947,34,34,0,2.7985277564653255,0.26,0.2617993877991494,9.81,1,1,12,21,41,-3.0,3.0,0.01,30.0,60.0,1e-09,1e-12,6,0.0001,1,new simulation,nan
9,26,0.233820061220085,0.8999999999999999,-0.10000000000000026,rolling,6.4699999999999065,0.012547270382561542,2.7989036445827415,34,34,0,2.7985335259682955,0.26,0.2617993877991494,9.81,1,1,12,21,41,-3.0,3.0,0.01,30.0,60.0,1e-09,1e-12,6,0.0001,1,new simulation,nan
9,27,0.233820061220085,1.0499999999999998,-0.10000000000000026,rolling,6.429999999999907,0.02401529052727869,2.799641265440128,34,34,0,2.7985403454725053,0.26,0.2617993877991494,9.81,1,1,12,21,41,-3.0,3.0,0.01,30.0,60.0,1e-09,1e-12,6,0.0001,1,new simulation,nan
9,28,0.233820061220085,1.2000000000000002,-0.10000000000000026,rolling,6.199999999999912,-0.0017116838299827658,2.798615923442599,33,33,0,2.7984943849593136,0.26,0.2617993877991494,9.81,1,1,12,21,41,-3.0,3.0,0.01,30.0,60.0,1e-09,1e-12,6,0.0001,1,new simulation,nan
9,29,0.233820061220085,1.3499999999999996,-0.10000000000000026,rolling,6.159999999999913,0.002960211403785295,2.798631295929088,33,33,0,2.798506277026123,0.26,0.2617993877991494,9.81,1,1,12,21,41,-3.0,3.0,0.01,30.0,60.0,1e-09,1e-12,6,0.0001,1,new simulation,nan
9,30,0.233820061220085,1.5,-0.10000000000000026,rolling,6.119999999999914,0.004448662358201442,2.7986563757018446,33,33,0,2.798519563244883,0.26,0.2617993877991494,9.81,1,1,12,21,41,-3.0,3.0,0.01,30.0,60.0,1e-09,1e-12,6,0.0001,1,new simulation,nan
9,31,0.233820061220085,1.6499999999999995,-0.10000000000000026,rolling,6.079999999999915,0.0028586784567094766,2.7986423733681116,33,33,0,2.7985342525952333,0.26,0.2617993877991494,9.81,1,1,12,21,41,-3.0,3.0,0.01,30.0,60.0,1e-09,1e-12,6,0.0001,1,new simulation,nan
9,32,0.233820061220085,1.7999999999999998,-0.10000000000000026,rolling,5.869999999999919,0.020561107876776844,2.799352840443191,32,32,0,2.7984972157576085,0.26,0.2617993877991494,9.81,1,1,12,21,41,-3.0,3.0,0.01,30.0,60.0,1e-09,1e-12,6,0.0001,1,new simulation,nan
9,33,0.233820061220085,1.9500000000000002,-0.10000000000000026,rolling,5.82999999999992,0.013116118603206675,2.7989235995288357,32,32,0,2.798520530908453,0.26,0.2617993877991494,9.81,1,1,12,21,41,-3.0,3.0,0.01,30.0,60.0,1e-09,1e-12,6,0.0001,1,new simulation,nan
9,34,0.233820061220085,2.0999999999999996,-0.10000000000000026,rolling,5.619999999999925,0.02517339121933454,2.7997197203457533,31,31,0,2.7984910476129214,0.26,0.2617993877991494,9.81,1,1,12,21,41,-3.0,3.0,0.01,30.0,60.0,1e-09,1e-12,6,0.0001,1,new simulation,nan
9,35,0.233820061220085,2.25,-0.10000000000000026,rolling,5.5799999999999255,0.012290152128729056,2.79888967391728,31,31,0,2.798527106387376,0.26,0.2617993877991494,9.81,1,1,12,21,41,-3.0,3.0,0.01,30.0,60.0,1e-09,1e-12,6,0.0001,1,new simulation,nan
9,36,0.233820061220085,2.3999999999999995,-0.10000000000000026,rolling,5.36999999999993,0.019119257455866623,2.7992614352172382,30,30,0,2.798517633892473,0.26,0.2617993877991494,9.81,1,1,12,21,41,-3.0,3.0,0.01,30.0,60.0,1e-09,1e-12,6,0.0001,1,new simulation,nan
9,37,0.233820061220085,2.55,-0.10000000000000026,rolling,5.159999999999934,0.02349080659412091,2.7995916507645164,29,29,0,2.7985265589002117,0.26,0.2617993877991494,9.81,1,1,12,21,41,-3.0,3.0,0.01,30.0,60.0,1e-09,1e-12,6,0.0001,1,new simulation,nan
9,38,0.233820061220085,2.7,-0.10000000000000026,rolling,4.769999999999943,0.019780403588364675,2.7993082383816206,27,27,0,2.7985216578416456,0.26,0.2617993877991494,9.81,1,1,12,21,41,-3.0,3.0,0.01,30.0,60.0,1e-09,1e-12,6,0.0001,1,new simulation,nan
9,39,0.233820061220085,2.8499999999999996,-0.10000000000000026,rolling,3.849999999999962,0.024604530675943998,2.7996869821933186,22,22,0,2.7985300158154174,0.26,0.2617993877991494,9.81,1,1,12,21,41,-3.0,3.0,0.01,30.0,60.0,1e-09,1e-12,6,0.0001,1,new simulation,nan
9,40,0.233820061220085,3.0,-0.10000000000000026,rolling,4.349999999999952,0.017059563724652064,2.7992991526243403,25,25,0,2.7989063305414557,0.26,0.2617993877991494,9.81,1,1,12,21,41,-3.0,3.0,0.01,30.0,60.0,1e-09,1e-12,6,0.0001,1,new simulation,nan
10,0,0.25999999999999995,-3.0,-2.1203697876423447e-16,rolling,8.259999999999868,0.010926673373339496,2.7988348854720773,38,35,3,2.798528694297133,0.26,0.2617993877991494,9.81,1,1,12,21,41,-3.0,3.0,0.01,30.0,60.0,1e-09,1e-12,6,0.0001,1,new simulation,nan
10,1,0.25999999999999995,-2.85,-2.1203697876423447e-16,rolling,7.71999999999988,0.017034086417416407,2.799129691301745,36,34,2,2.7985184344799166,0.26,0.2617993877991494,9.81,1,1,12,21,41,-3.0,3.0,0.01,30.0,60.0,1e-09,1e-12,6,0.0001,1,new simulation,nan
10,2,0.25999999999999995,-2.7,-2.1203697876423447e-16,rolling,7.509999999999884,0.017021236227930312,2.799124198681834,36,34,2,2.7985075196518667,0.26,0.2617993877991494,9.81,1,1,12,21,41,-3.0,3.0,0.01,30.0,60.0,1e-09,1e-12,6,0.0001,1,new simulation,nan
10,3,0.25999999999999995,-2.55,-2.1203697876423447e-16,rolling,7.439999999999886,0.025442164207770897,2.7997462130981297,36,34,2,2.7984971926455686,0.26,0.2617993877991494,9.81,1,1,12,21,41,-3.0,3.0,0.01,30.0,60.0,1e-09,1e-12,6,0.0001,1,new simulation,nan
10,4,0.25999999999999995,-2.4,-2.1203697876423447e-16,rolling,7.609999999999882,0.021597513788936776,2.7994492177743764,37,35,2,2.798543016531783,0.26,0.2617993877991494,9.81,1,1,12,21,41,-3.0,3.0,0.01,30.0,60.0,1e-09,1e-12,6,0.0001,1,new simulation,nan
10,5,0.25999999999999995,-2.25,-2.1203697876423447e-16,rolling,7.669999999999881,0.011991865732181431,2.79888089821936,37,35,2,2.7985361552589043,0.26,0.2617993877991494,9.81,1,1,12,21,41,-3.0,3.0,0.01,30.0,60.0,1e-09,1e-12,6,0.0001,1,new simulation,nan
10,6,0.25999999999999995,-2.1,-2.1203697876423447e-16,rolling,7.929999999999875,0.019828852707918745,2.799315098427002,37,35,2,2.798529736064743,0.26,0.2617993877991494,9.81,1,1,12,21,41,-3.0,3.0,0.01,30.0,60.0,1e-09,1e-12,6,0.0001,1,new simulation,nan
10,7,0.25999999999999995,-1.95,-2.1203697876423447e-16,rolling,7.609999999999882,0.001732249661201802,2.798627646952197,35,34,1,2.798521176237379,0.26,0.2617993877991494,9.81,1,1,12,21,41,-3.0,3.0,0.01,30.0,60.0,1e-09,1e-12,6,0.0001,1,new simulation,nan
10,8,0.25999999999999995,-1.8,-2.1203697876423447e-16,rolling,7.329999999999888,0.010571393581924701,2.798813987112126,35,34,1,2.7985113409205113,0.26,0.2617993877991494,9.81,1,1,12,21,41,-3.0,3.0,0.01,30.0,60.0,1e-09,1e-12,6,0.0001,1,new simulation,nan
10,9,0.25999999999999995,-1.6500000000000001,-2.1203697876423447e-16,rolling,7.2199999999998905,0.013840948530087754,2.798949943506256,35,34,1,2.7985022906007244,0.26,0.2617993877991494,9.81,1,1,12,21,41,-3.0,3.0,0.01,30.0,60.0,1e-09,1e-12,6,0.0001,1,new simulation,nan
10,10,0.25999999999999995,-1.5,-2.1203697876423447e-16,rolling,7.169999999999892,0.01730405076510633,2.799135368618036,35,34,1,2.7984940292712843,0.26,0.2617993877991494,9.81,1,1,12,21,41,-3.0,3.0,0.01,30.0,60.0,1e-09,1e-12,6,0.0001,1,new simulation,nan
10,11,0.25999999999999995,-1.35,-2.1203697876423447e-16,rolling,7.329999999999888,0.004559215041754466,2.7986679838390747,36,35,1,2.798542341342045,0.26,0.2617993877991494,9.81,1,1,12,21,41,-3.0,3.0,0.01,30.0,60.0,1e-09,1e-12,6,0.0001,1,new simulation,nan
10,12,0.25999999999999995,-1.2000000000000002,-2.1203697876423447e-16,rolling,7.3599999999998875,0.024960397391018782,2.7997210435660906,36,35,1,2.798537323780146,0.26,0.2617993877991494,9.81,1,1,12,21,41,-3.0,3.0,0.01,30.0,60.0,1e-09,1e-12,6,0.0001,1,new simulation,nan
10,13,0.25999999999999995,-1.05,-2.1203697876423447e-16,rolling,7.429999999999886,0.00795617924313466,2.798738405408408,36,35,1,2.7985328998663737,0.26,0.2617993877991494,9.81,1,1,12,21,41,-3.0,3.0,0.01,30.0,60.0,1e-09,1e-12,6,0.0001,1,new simulation,nan
10,14,0.25999999999999995,-0.8999999999999999,-2.1203697876423447e-16,rolling,7.659999999999881,0.01956427384041577,2.799296544816377,36,35,1,2.7985290635046542,0.26,0.2617993877991494,9.81,1,1,12,21,41,-3.0,3.0,0.01,30.0,60.0,1e-09,1e-12,6,0.0001,1,new simulation,nan
10,15,0.25999999999999995,-0.75,-2.1203697876423447e-16,rolling,7.539999999999884,0.015287464948515603,2.799033537977458,34,34,0,2.798524830871628,0.26,0.2617993877991494,9.81,1,1,12,21,41,-3.0,3.0,0.01,30.0,60.0,1e-09,1e-12,6,0.0001,1,new simulation,nan
10,16,0.25999999999999995,-0.6000000000000001,-2.1203697876423447e-16,rolling,7.159999999999892,0.012145454953518526,2.7988804467838,34,34,0,2.7985201081166102,0.26,0.2617993877991494,9.81,1,1,12,21,41,-3.0,3.0,0.01,30.0,60.0,1e-09,1e-12,6,0.0001,1,new simulation,nan
10,17,0.25999999999999995,-0.4500000000000002,-2.1203697876423447e-16,rolling,6.999999999999895,0.01228137214827489,2.798884677072503,34,34,0,2.798516435957634,0.26,0.2617993877991494,9.81,1,1,12,21,41,-3.0,3.0,0.01,30.0,60.0,1e-09,1e-12,6,0.0001,1,new simulation,nan
10,18,0.25999999999999995,-0.30000000000000027,-2.1203697876423447e-16,rolling,6.899999999999897,0.020240194602781203,2.799337084313128,34,34,0,2.7985138133773755,0.26,0.2617993877991494,9.81,1,1,12,21,41,-3.0,3.0,0.01,30.0,60.0,1e-09,1e-12,6,0.0001,1,new simulation,nan
10,19,0.25999999999999995,-0.1499999999999999,-2.1203697876423447e-16,rolling,6.819999999999899,0.01295420084698195,2.7989126142913148,34,34,0,2.798512239861026,0.26,0.2617993877991494,9.81,1,1,12,21,41,-3.0,3.0,0.01,30.0,60.0,1e-09,1e-12,6,0.0001,1,new simulation,nan
10,20,0.25999999999999995,0.0,-2.1203697876423447e-16,rolling,6.7599999999999,0.024073704533611854,2.7996337956814994,34,34,0,2.7985117158053185,0.26,0.2617993877991494,9.81,1,1,12,21,41,-3.0,3.0,0.01,30.0,60.0,1e-09,1e-12,6,0.0001,1,new simulation,nan
10,21,0.25999999999999995,0.1499999999999999,-2.1203697876423447e-16,rolling,6.699999999999902,0.013830195355550596,2.7989537313424733,34,34,0,2.7985122403683147,0.26,0.2617993877991494,9.81,1,1,12,21,41,-3.0,3.0,0.01,30.0,60.0,1e-09,1e-12,6,0.0001,1,new simulation,nan
10,22,0.25999999999999995,0.2999999999999998,-2.1203697876423447e-16,rolling,6.649999999999903,0.018899050200394226,2.799245113622419,34,34,0,2.7985138137164234,0.26,0.2617993877991494,9.81,1,1,12,21,41,-3.0,3.0,0.01,30.0,60.0,1e-09,1e-12,6,0.0001,1,new simulation,nan
10,23,0.25999999999999995,0.44999999999999973,-2.1203697876423447e-16,rolling,6.599999999999904,0.016075261224262095,2.7990732006774492,34,34,0,2.7985164367965614,0.26,0.2617993877991494,9.81,1,1,12,21,41,-3.0,3.0,0.01,30.0,60.0,1e-09,1e-12,6,0.0001,1,new simulation,nan
10,24,0.25999999999999995,0.5999999999999996,-2.1203697876423447e-16,rolling,6.549999999999905,0.00794428420471446,2.7987325366919302,34,34,0,2.7985201083112297,0.26,0.2617993877991494,9.81,1,1,12,21,41,-3.0,3.0,0.01,30.0,60.0,1e-09,1e-12,6,0.0001,1,new simulation,nan
10,25,0.25999999999999995,0.75,-2.1203697876423447e-16,rolling,6.509999999999906,0.02381561947238704,2.7996178188224414,34,34,0,2.7985248295515013,0.26,0.2617993877991494,9.81,1,1,12,21,41,-3.0,3.0,0.01,30.0,60.0,1e-09,1e-12,6,0.0001,1,new simulation,nan
10,26,0.25999999999999995,0.8999999999999999,-2.1203697876423447e-16,rolling,6.459999999999907,0.008326718722431058,2.7987479833274644,34,34,0,2.7985305996114374,0.26,0.2617993877991494,9.81,1,1,12,21,41,-3.0,3.0,0.01,30.0,60.0,1e-09,1e-12,6,0.0001,1,new simulation,nan
10,27,0.25999999999999995,1.0499999999999998,-2.1203697876423447e-16,rolling,6.419999999999908,0.0177182174599765,2.7991795700472872,34,34,0,2.7985374197919053,0.26,0.2617993877991494,9.81,1,1,12,21,41,-3.0,3.0,0.01,30.0,60.0,1e-09,1e-12,6,0.0001,1,new simulation,nan
10,28,0.25999999999999995,1.2000000000000002,-2.1203697876423447e-16,rolling,6.379999999999908,0.024096526843258245,2.7996502513576074,34,34,0,2.798545286793232,0.26,0.2617993877991494,9.81,1,1,12,21,41,-3.0,3.0,0.01,30.0,60.0,1e-09,1e-12,6,0.0001,1,new simulation,nan
10,29,0.25999999999999995,1.3499999999999996,-2.1203697876423447e-16,rolling,6.159999999999913,0.021776680600506557,2.799445241434819,33,33,0,2.7985023731708516,0.26,0.2617993877991494,9.81,1,1,12,21,41,-3.0,3.0,0.01,30.0,60.0,1e-09,1e-12,6,0.0001,1,new simulation,nan
10,30,0.25999999999999995,1.5,-2.1203697876423447e-16,rolling,6.119999999999914,0.022227324688084624,2.7994857347849345,33,33,0,2.7985156615178597,0.26,0.2617993877991494,9.81,1,1,12,21,41,-3.0,3.0,0.01,30.0,60.0,1e-09,1e-12,6,0.0001,1,new simulation,nan
10,31,0.25999999999999995,1.6499999999999995,-2.1203697876423447e-16,rolling,6.079999999999915,0.01976881303787217,2.799311197851362,33,33,0,2.7985303496284897,0.26,0.2617993877991494,9.81,1,1,12,21,41,-3.0,3.0,0.01,30.0,60.0,1e-09,1e-12,6,0.0001,1,new simulation,nan
10,32,0.25999999999999995,1.7999999999999998,-2.1203697876423447e-16,rolling,5.8599999999999195,0.008739790772230603,2.7987436332947278,32,32,0,2.7984920157659956,0.26,0.2617993877991494,9.81,1,1,12,21,41,-3.0,3.0,0.01,30.0,60.0,1e-09,1e-12,6,0.0001,1,new simulation,nan
10,33,0.25999999999999995,1.9500000000000002,-2.1203697876423447e-16,rolling,5.81999999999992,0.0006485110746632908,2.798620592539886,32,32,0,2.798515326770062,0.26,0.2617993877991494,9.81,1,1,12,21,41,-3.0,3.0,0.01,30.0,60.0,1e-09,1e-12,6,0.0001,1,new simulation,nan
10,34,0.25999999999999995,2.0999999999999996,-2.1203697876423447e-16,rolling,5.789999999999921,0.01784798835678549,2.7991889927114317,32,32,0,2.7985405069794003,0.26,0.2617993877991494,9.81,1,1,12,21,41,-3.0,3.0,0.01,30.0,60.0,1e-09,1e-12,6,0.0001,1,new simulation,nan
10,35,0.25999999999999995,2.25,-2.1203697876423447e-16,rolling,5.569999999999926,-0.0012670468229522588,2.798624765724316,31,31,0,2.7985201695619715,0.26,0.2617993877991494,9.81,1,1,12,21,41,-3.0,3.0,0.01,30.0,60.0,1e-09,1e-12,6,0.0001,1,new simulation,nan
10,36,0.25999999999999995,2.3999999999999995,-2.1203697876423447e-16,rolling,5.35999999999993,0.005092607900882829,2.7986623034121907,30,30,0,2.798508384673344,0.26,0.2617993877991494,9.81,1,1,12,21,41,-3.0,3.0,0.01,30.0,60.0,1e-09,1e-12,6,0.0001,1,new simulation,nan
10,37,0.25999999999999995,2.55,-2.1203697876423447e-16,rolling,5.149999999999935,0.009033606862899703,2.7987624018973034,29,29,0,2.7985142276582304,0.26,0.2617993877991494,9.81,1,1,12,21,41,-3.0,3.0,0.01,30.0,60.0,1e-09,1e-12,6,0.0001,1,new simulation,nan
10,38,0.25999999999999995,2.7,-2.1203697876423447e-16,rolling,4.759999999999943,0.004929238739953459,2.798655687558267,27,27,0,2.7984997315386018,0.26,0.2617993877991494,9.81,1,1,12,21,41,-3.0,3.0,0.01,30.0,60.0,1e-09,1e-12,6,0.0001,1,new simulation,nan
10,39,0.25999999999999995,2.8499999999999996,-2.1203697876423447e-16,rolling,4.019999999999959,0.015116610595967871,2.7990161284364703,23,23,0,2.798505640918037,0.26,0.2617993877991494,9.81,1,1,12,21,41,-3.0,3.0,0.01,30.0,60.0,1e-09,1e-12,6,0.0001,1,new simulation,nan
10,40,0.25999999999999995,3.0,-2.1203697876423447e-16,rolling,4.1699999999999555,0.023740148437331726,2.7997825510017966,24,24,0,2.798919908279277,0.26,0.2617993877991494,9.81,1,1,12,21,41,-3.0,3.0,0.01,30.0,60.0,1e-09,1e-12,6,0.0001,1,new simulation,nan
11,0,0.2861799387799149,-3.0,0.09999999999999973,rolling,8.549999999999862,-5.780404267327643e-05,2.798625205045375,38,35,3,2.7985276717605196,0.26,0.2617993877991494,9.81,1,1,12,21,41,-3.0,3.0,0.01,30.0,60.0,1e-09,1e-12,6,0.0001,1,new simulation,nan
11,1,0.2861799387799149,-2.85,0.09999999999999973,rolling,7.669999999999881,0.00011631340467358072,2.7986204391252882,36,34,2,2.7985166191304143,0.26,0.2617993877991494,9.81,1,1,12,21,41,-3.0,3.0,0.01,30.0,60.0,1e-09,1e-12,6,0.0001,1,new simulation,nan
11,2,0.2861799387799149,-2.7,0.09999999999999973,rolling,7.4999999999998845,0.01396144689737602,2.798957289521576,36,34,2,2.7985056999691182,0.26,0.2617993877991494,9.81,1,1,12,21,41,-3.0,3.0,0.01,30.0,60.0,1e-09,1e-12,6,0.0001,1,new simulation,nan
11,3,0.2861799387799149,-2.55,0.09999999999999973,rolling,7.439999999999886,0.01230058131880706,2.798876385224262,36,34,2,2.798495376008825,0.26,0.2617993877991494,9.81,1,1,12,21,41,-3.0,3.0,0.01,30.0,60.0,1e-09,1e-12,6,0.0001,1,new simulation,nan
11,4,0.2861799387799149,-2.4,0.09999999999999973,rolling,7.619999999999882,0.00252770507177834,2.798642454163356,37,35,2,2.7985416533673413,0.26,0.2617993877991494,9.81,1,1,12,21,41,-3.0,3.0,0.01,30.0,60.0,1e-09,1e-12,6,0.0001,1,new simulation,nan
11,5,0.2861799387799149,-2.25,0.09999999999999973,rolling,7.70999999999988,0.015194006678344817,2.7990328591991185,37,35,2,2.79853479365041,0.26,0.2617993877991494,9.81,1,1,12,21,41,-3.0,3.0,0.01,30.0,60.0,1e-09,1e-12,6,0.0001,1,new simulation,nan
11,6,0.2861799387799149,-2.1,0.09999999999999973,rolling,8.129999999999871,0.0192203446202316,2.7992728788768506,37,35,2,2.798528377043264,0.26,0.2617993877991494,9.81,1,1,12,21,41,-3.0,3.0,0.01,30.0,60.0,1e-09,1e-12,6,0.0001,1,new simulation,nan
11,7,0.2861799387799149,-1.95,0.09999999999999973,rolling,7.519999999999884,-0.000356152629037618,2.798621562043434,35,34,1,2.79851875319796,0.26,0.2617993877991494,9.81,1,1,12,21,41,-3.0,3.0,0.01,30.0,60.0,1e-09,1e-12,6,0.0001,1,new simulation,nan
11,8,0.2861799387799149,-1.8,0.09999999999999973,rolling,7.309999999999889,0.018140986233757834,2.799193796338223,35,34,1,2.7985089185903433,0.26,0.2617993877991494,9.81,1,1,12,21,41,-3.0,3.0,0.01,30.0,60.0,1e-09,1e-12,6,0.0001,1,new simulation,nan
11,9,0.2861799387799149,-1.6500000000000001,0.09999999999999973,rolling,7.2199999999998905,0.022262604018107094,2.7994816484556644,35,34,1,2.7984998691881446,0.26,0.2617993877991494,9.81,1,1,12,21,41,-3.0,3.0,0.01,30.0,60.0,1e-09,1e-12,6,0.0001,1,new simulation,nan
11,10,0.2861799387799149,-1.5,0.09999999999999973,rolling,7.179999999999891,0.017737658134133357,2.799160944542483,35,34,1,2.7984916081714,0.26,0.2617993877991494,9.81,1,1,12,21,41,-3.0,3.0,0.01,30.0,60.0,1e-09,1e-12,6,0.0001,1,new simulation,nan
11,11,0.2861799387799149,-1.35,0.09999999999999973,rolling,7.3599999999998875,0.023451783878951346,2.799594486997522,36,35,1,2.7985405254725535,0.26,0.2617993877991494,9.81,1,1,12,21,41,-3.0,3.0,0.01,30.0,60.0,1e-09,1e-12,6,0.0001,1,new simulation,nan
11,12,0.2861799387799149,-1.2000000000000002,0.09999999999999973,rolling,7.399999999999887,0.013843419601791185,2.7989644442263284,36,35,1,2.7985355072807105,0.26,0.2617993877991494,9.81,1,1,12,21,41,-3.0,3.0,0.01,30.0,60.0,1e-09,1e-12,6,0.0001,1,new simulation,nan
11,13,0.2861799387799149,-1.05,0.09999999999999973,rolling,7.529999999999884,0.022625351872917737,2.799523685440757,36,35,1,2.798531083315785,0.26,0.2617993877991494,9.81,1,1,12,21,41,-3.0,3.0,0.01,30.0,60.0,1e-09,1e-12,6,0.0001,1,new simulation,nan
11,14,0.2861799387799149,-0.8999999999999999,0.09999999999999973,rolling,8.409999999999865,0.007843090089230854,2.798732827596291,36,35,1,2.7985272482415513,0.26,0.2617993877991494,9.81,1,1,12,21,41,-3.0,3.0,0.01,30.0,60.0,1e-09,1e-12,6,0.0001,1,new simulation,nan
11,15,0.2861799387799149,-0.75,0.09999999999999973,rolling,7.279999999999889,0.008749305982739724,2.798756733611924,34,34,0,2.798521601074652,0.26,0.2617993877991494,9.81,1,1,12,21,41,-3.0,3.0,0.01,30.0,60.0,1e-09,1e-12,6,0.0001,1,new simulation,nan
11,16,0.2861799387799149,-0.6000000000000001,0.09999999999999973,rolling,7.069999999999894,0.022368198041545686,2.799497267182133,34,34,0,2.798516877566931,0.26,0.2617993877991494,9.81,1,1,12,21,41,-3.0,3.0,0.01,30.0,60.0,1e-09,1e-12,6,0.0001,1,new simulation,nan
11,17,0.2861799387799149,-0.4500000000000002,0.09999999999999973,rolling,6.949999999999896,0.024318166051735226,2.799655165351545,34,34,0,2.7985132072635266,0.26,0.2617993877991494,9.81,1,1,12,21,41,-3.0,3.0,0.01,30.0,60.0,1e-09,1e-12,6,0.0001,1,new simulation,nan
11,18,0.2861799387799149,-0.30000000000000027,0.09999999999999973,rolling,6.859999999999898,0.009921405172354231,2.7987903166173624,34,34,0,2.7985105842375013,0.26,0.2617993877991494,9.81,1,1,12,21,41,-3.0,3.0,0.01,30.0,60.0,1e-09,1e-12,6,0.0001,1,new simulation,nan
11,19,0.2861799387799149,-0.1499999999999999,0.09999999999999973,rolling,6.7899999999999,0.0018127759847410686,2.7986228803590905,34,34,0,2.798509010263658,0.26,0.2617993877991494,9.81,1,1,12,21,41,-3.0,3.0,0.01,30.0,60.0,1e-09,1e-12,6,0.0001,1,new simulation,nan
11,20,0.2861799387799149,0.0,0.09999999999999973,rolling,6.739999999999901,0.02255829565281719,2.7995085947427483,34,34,0,2.7985084837898833,0.26,0.2617993877991494,9.81,1,1,12,21,41,-3.0,3.0,0.01,30.0,60.0,1e-09,1e-12,6,0.0001,1,new simulation,nan
11,21,0.2861799387799149,0.1499999999999999,0.09999999999999973,rolling,6.679999999999902,-1.5916261310099577e-05,2.7986171206091317,34,34,0,2.7985090104000214,0.26,0.2617993877991494,9.81,1,1,12,21,41,-3.0,3.0,0.01,30.0,60.0,1e-09,1e-12,6,0.0001,1,new simulation,nan
11,22,0.2861799387799149,0.2999999999999998,0.09999999999999973,rolling,6.639999999999903,0.024569075724945818,2.799675517212948,34,34,0,2.7985105833187447,0.26,0.2617993877991494,9.81,1,1,12,21,41,-3.0,3.0,0.01,30.0,60.0,1e-09,1e-12,6,0.0001,1,new simulation,nan
11,23,0.2861799387799149,0.44999999999999973,0.09999999999999973,rolling,6.589999999999904,0.015875557988301283,2.799060619788818,34,34,0,2.79851320686832,0.26,0.2617993877991494,9.81,1,1,12,21,41,-3.0,3.0,0.01,30.0,60.0,1e-09,1e-12,6,0.0001,1,new simulation,nan
11,24,0.2861799387799149,0.5999999999999996,0.09999999999999973,rolling,6.539999999999905,0.0036664458865370867,2.798644086976032,34,34,0,2.7985168771135562,0.26,0.2617993877991494,9.81,1,1,12,21,41,-3.0,3.0,0.01,30.0,60.0,1e-09,1e-12,6,0.0001,1,new simulation,nan
11,25,0.2861799387799149,0.75,0.09999999999999973,rolling,6.499999999999906,0.01668556229250676,2.7991104678527643,34,34,0,2.7985215996520663,0.26,0.2617993877991494,9.81,1,1,12,21,41,-3.0,3.0,0.01,30.0,60.0,1e-09,1e-12,6,0.0001,1,new simulation,nan
11,26,0.2861799387799149,0.8999999999999999,0.09999999999999973,rolling,6.449999999999907,-0.0008187679041070251,2.79862624529136,34,34,0,2.7985273699884403,0.26,0.2617993877991494,9.81,1,1,12,21,41,-3.0,3.0,0.01,30.0,60.0,1e-09,1e-12,6,0.0001,1,new simulation,nan
11,27,0.2861799387799149,1.0499999999999998,0.09999999999999973,rolling,6.409999999999908,0.007114263292002586,2.798716727640703,34,34,0,2.7985341894152165,0.26,0.2617993877991494,9.81,1,1,12,21,41,-3.0,3.0,0.01,30.0,60.0,1e-09,1e-12,6,0.0001,1,new simulation,nan
11,28,0.2861799387799149,1.2000000000000002,0.09999999999999973,rolling,6.369999999999909,0.012407140709459884,2.7989012101406994,34,34,0,2.7985420566821055,0.26,0.2617993877991494,9.81,1,1,12,21,41,-3.0,3.0,0.01,30.0,60.0,1e-09,1e-12,6,0.0001,1,new simulation,nan
11,29,0.2861799387799149,1.3499999999999996,0.09999999999999973,rolling,6.149999999999913,0.009253487295578603,2.7987624516670597,33,33,0,2.798498066213817,0.26,0.2617993877991494,9.81,1,1,12,21,41,-3.0,3.0,0.01,30.0,60.0,1e-09,1e-12,6,0.0001,1,new simulation,nan
11,30,0.2861799387799149,1.5,0.09999999999999973,rolling,6.109999999999914,0.009036734908169919,2.7987612561612147,33,33,0,2.798511355771669,0.26,0.2617993877991494,9.81,1,1,12,21,41,-3.0,3.0,0.01,30.0,60.0,1e-09,1e-12,6,0.0001,1,new simulation,nan
11,31,0.2861799387799149,1.6499999999999995,0.09999999999999973,rolling,6.069999999999915,0.006025682247489698,2.7986881312509175,33,33,0,2.7985260442963047,0.26,0.2617993877991494,9.81,1,1,12,21,41,-3.0,3.0,0.01,30.0,60.0,1e-09,1e-12,6,0.0001,1,new simulation,nan
11,32,0.2861799387799149,1.7999999999999998,0.09999999999999973,rolling,6.029999999999916,0.00024234700751608494,2.7986315651368465,33,33,0,2.79854213039264,0.26,0.2617993877991494,9.81,1,1,12,21,41,-3.0,3.0,0.01,30.0,60.0,1e-09,1e-12,6,0.0001,1,new simulation,nan
11,33,0.2861799387799149,1.9500000000000002,0.09999999999999973,rolling,5.81999999999992,0.014003481115334105,2.798961033415233,32,32,0,2.798509586868866,0.26,0.2617993877991494,9.81,1,1,12,21,41,-3.0,3.0,0.01,30.0,60.0,1e-09,1e-12,6,0.0001,1,new simulation,nan
11,34,0.2861799387799149,2.0999999999999996,0.09999999999999973,rolling,5.779999999999921,0.002839723967778181,2.7986424058197334,32,32,0,2.798534765821475,0.26,0.2617993877991494,9.81,1,1,12,21,41,-3.0,3.0,0.01,30.0,60.0,1e-09,1e-12,6,0.0001,1,new simulation,nan
11,35,0.2861799387799149,2.25,0.09999999999999973,rolling,5.569999999999926,0.011369523285209496,2.7988451843782207,31,31,0,2.798512512084693,0.26,0.2617993877991494,9.81,1,1,12,21,41,-3.0,3.0,0.01,30.0,60.0,1e-09,1e-12,6,0.0001,1,new simulation,nan
11,36,0.2861799387799149,2.3999999999999995,0.09999999999999973,rolling,5.35999999999993,0.017412209865784862,2.7991437444344234,30,30,0,2.798498178038047,0.26,0.2617993877991494,9.81,1,1,12,21,41,-3.0,3.0,0.01,30.0,60.0,1e-09,1e-12,6,0.0001,1,new simulation,nan
11,37,0.2861799387799149,2.55,0.09999999999999973,rolling,5.149999999999935,0.021056830904993967,2.7993904579589177,29,29,0,2.7985006154820726,0.26,0.2617993877991494,9.81,1,1,12,21,41,-3.0,3.0,0.01,30.0,60.0,1e-09,1e-12,6,0.0001,1,new simulation,nan
11,38,0.2861799387799149,2.7,0.09999999999999973,rolling,4.939999999999939,0.022391818478736406,2.799506564272378,28,28,0,2.7985340773099665,0.26,0.2617993877991494,9.81,1,1,12,21,41,-3.0,3.0,0.01,30.0,60.0,1e-09,1e-12,6,0.0001,1,new simulation,nan
11,39,0.2861799387799149,2.8499999999999996,0.09999999999999973,rolling,4.189999999999955,0.004335015208824109,2.7986458537464713,24,24,0,2.7984993038978696,0.26,0.2617993877991494,9.81,1,1,12,21,41,-3.0,3.0,0.01,30.0,60.0,1e-09,1e-12,6,0.0001,1,new simulation,nan
11,40,0.2861799387799149,3.0,0.09999999999999973,rolling,3.979999999999959,0.0012354518344244968,2.7987949611403207,23,23,0,2.7989135221456407,0.26,0.2617993877991494,9.81,1,1,12,21,41,-3.0,3.0,0.01,30.0,60.0,1e-09,1e-12,6,0.0001,1,new simulation,nan
12,0,0.3123598775598298,-3.0,0.19999999999999965,rolling,8.409999999999865,0.007852328460058533,2.79873260342408,36,34,2,2.798526141468735,0.26,0.2617993877991494,9.81,1,1,12,21,41,-3.0,3.0,0.01,30.0,60.0,1e-09,1e-12,6,0.0001,1,new simulation,nan
12,1,0.3123598775598298,-2.85,0.19999999999999965,rolling,7.6399999999998816,0.02098565763116084,2.799391284804498,36,34,2,2.7985146331651194,0.26,0.2617993877991494,9.81,1,1,12,21,41,-3.0,3.0,0.01,30.0,60.0,1e-09,1e-12,6,0.0001,1,new simulation,nan
12,2,0.3123598775598298,-2.7,0.19999999999999965,rolling,7.489999999999885,0.006584859454150022,2.7986908223643496,36,34,2,2.798503715315522,0.26,0.2617993877991494,9.81,1,1,12,21,41,-3.0,3.0,0.01,30.0,60.0,1e-09,1e-12,6,0.0001,1,new simulation,nan
12,3,0.3123598775598298,-2.55,0.19999999999999965,rolling,7.449999999999886,0.021982865300474937,2.799457158446237,36,34,2,2.7984933889856833,0.26,0.2617993877991494,9.81,1,1,12,21,41,-3.0,3.0,0.01,30.0,60.0,1e-09,1e-12,6,0.0001,1,new simulation,nan
12,4,0.3123598775598298,-2.4,0.19999999999999965,rolling,7.6399999999998816,0.0005493093881472001,2.798631137984528,37,35,2,2.798540163715342,0.26,0.2617993877991494,9.81,1,1,12,21,41,-3.0,3.0,0.01,30.0,60.0,1e-09,1e-12,6,0.0001,1,new simulation,nan
12,5,0.3123598775598298,-2.25,0.19999999999999965,rolling,7.759999999999879,0.010240459745184194,2.7988114269565805,37,35,2,2.7985333025673924,0.26,0.2617993877991494,9.81,1,1,12,21,41,-3.0,3.0,0.01,30.0,60.0,1e-09,1e-12,6,0.0001,1,new simulation,nan
12,6,0.3123598775598298,-2.1,0.19999999999999965,rolling,8.519999999999863,0.020704490465725506,2.7993759823726836,35,34,1,2.7985267281525292,0.26,0.2617993877991494,9.81,1,1,12,21,41,-3.0,3.0,0.01,30.0,60.0,1e-09,1e-12,6,0.0001,1,new simulation,nan
12,7,0.3123598775598298,-1.95,0.19999999999999965,rolling,7.459999999999885,0.017734658935551945,2.7991713647948133,35,34,1,2.798516105618426,0.26,0.2617993877991494,9.81,1,1,12,21,41,-3.0,3.0,0.01,30.0,60.0,1e-09,1e-12,6,0.0001,1,new simulation,nan
12,8,0.3123598775598298,-1.8,0.19999999999999965,rolling,7.289999999999889,0.014543806142389811,2.7989866266862276,35,34,1,2.7985062701474335,0.26,0.2617993877991494,9.81,1,1,12,21,41,-3.0,3.0,0.01,30.0,60.0,1e-09,1e-12,6,0.0001,1,new simulation,nan
12,9,0.3123598775598298,-1.6500000000000001,0.19999999999999965,rolling,7.2199999999998905,0.023182937017809782,2.7995537759272966,35,34,1,2.798497221985748,0.26,0.2617993877991494,9.81,1,1,12,21,41,-3.0,3.0,0.01,30.0,60.0,1e-09,1e-12,6,0.0001,1,new simulation,nan
12,10,0.3123598775598298,-1.5,0.19999999999999965,rolling,7.369999999999887,0.013476363975152722,2.7989506112046745,36,35,1,2.7985441430354068,0.26,0.2617993877991494,9.81,1,1,12,21,41,-3.0,3.0,0.01,30.0,60.0,1e-09,1e-12,6,0.0001,1,new simulation,nan
12,11,0.3123598775598298,-1.35,0.19999999999999965,rolling,7.389999999999887,0.022498998540194843,2.799516923857081,36,35,1,2.798538537996599,0.26,0.2617993877991494,9.81,1,1,12,21,41,-3.0,3.0,0.01,30.0,60.0,1e-09,1e-12,6,0.0001,1,new simulation,nan
12,12,0.3123598775598298,-1.2000000000000002,0.19999999999999965,rolling,7.459999999999885,0.008910015845918535,2.7987668673000385,36,35,1,2.798533521674065,0.26,0.2617993877991494,9.81,1,1,12,21,41,-3.0,3.0,0.01,30.0,60.0,1e-09,1e-12,6,0.0001,1,new simulation,nan
12,13,0.3123598775598298,-1.05,0.19999999999999965,rolling,7.70999999999988,0.02030961626938342,2.7993486307479203,36,35,1,2.798529096222716,0.26,0.2617993877991494,9.81,1,1,12,21,41,-3.0,3.0,0.01,30.0,60.0,1e-09,1e-12,6,0.0001,1,new simulation,nan
12,14,0.3123598775598298,-0.8999999999999999,0.19999999999999965,rolling,7.479999999999885,-0.0005634491718397318,2.798624098646301,34,34,0,2.7985238400811983,0.26,0.2617993877991494,9.81,1,1,12,21,41,-3.0,3.0,0.01,30.0,60.0,1e-09,1e-12,6,0.0001,1,new simulation,nan
12,15,0.3123598775598298,-0.75,0.19999999999999965,rolling,7.149999999999892,0.015648718326648794,2.7990501933555425,34,34,0,2.798518068718058,0.26,0.2617993877991494,9.81,1,1,12,21,41,-3.0,3.0,0.01,30.0,60.0,1e-09,1e-12,6,0.0001,1,new simulation,nan
12,16,0.3123598775598298,-0.6000000000000001,0.19999999999999965,rolling,6.999999999999895,0.012938476477400722,2.798912379663999,34,34,0,2.798513346805407,0.26,0.2617993877991494,9.81,1,1,12,21,41,-3.0,3.0,0.01,30.0,60.0,1e-09,1e-12,6,0.0001,1,new simulation,nan
12,17,0.3123598775598298,-0.4500000000000002,0.19999999999999965,rolling,6.899999999999897,0.0011811988435562679,2.7986198533278785,34,34,0,2.7985096746822773,0.26,0.2617993877991494,9.81,1,1,12,21,41,-3.0,3.0,0.01,30.0,60.0,1e-09,1e-12,6,0.0001,1,new simulation,nan
12,18,0.3123598775598298,-0.30000000000000027,0.19999999999999965,rolling,6.829999999999899,0.005731212284647784,2.7986738418904604,34,34,0,2.7985070537121874,0.26,0.2617993877991494,9.81,1,1,12,21,41,-3.0,3.0,0.01,30.0,60.0,1e-09,1e-12,6,0.0001,1,new simulation,nan
12,19,0.3123598775598298,-0.1499999999999999,0.19999999999999965,rolling,6.7699999999999,0.0027702510581506254,2.7986290417367248,34,34,0,2.798505480325899,0.26,0.2617993877991494,9.81,1,1,12,21,41,-3.0,3.0,0.01,30.0,60.0,1e-09,1e-12,6,0.0001,1,new simulation,nan
12,20,0.3123598775598298,0.0,0.19999999999999965,rolling,6.719999999999901,0.008412009178255167,2.798739380807014,34,34,0,2.798504954593783,0.26,0.2617993877991494,9.81,1,1,12,21,41,-3.0,3.0,0.01,30.0,60.0,1e-09,1e-12,6,0.0001,1,new simulation,nan
12,21,0.3123598775598298,0.1499999999999999,0.19999999999999965,rolling,6.669999999999902,0.0035858327577224687,2.798638127965088,34,34,0,2.7985054806599208,0.26,0.2617993877991494,9.81,1,1,12,21,41,-3.0,3.0,0.01,30.0,60.0,1e-09,1e-12,6,0.0001,1,new simulation,nan
12,22,0.3123598775598298,0.2999999999999998,0.19999999999999965,rolling,6.629999999999903,0.021232282361473866,2.7994062455008937,34,34,0,2.7985070532240197,0.26,0.2617993877991494,9.81,1,1,12,21,41,-3.0,3.0,0.01,30.0,60.0,1e-09,1e-12,6,0.0001,1,new simulation,nan
12,23,0.3123598775598298,0.44999999999999973,0.19999999999999965,rolling,6.579999999999904,0.007907281768454845,2.79872698921305,34,34,0,2.798509673863066,0.26,0.2617993877991494,9.81,1,1,12,21,41,-3.0,3.0,0.01,30.0,60.0,1e-09,1e-12,6,0.0001,1,new simulation,nan
12,24,0.3123598775598298,0.5999999999999996,0.19999999999999965,rolling,6.539999999999905,0.020651635836701255,2.79936636157279,34,34,0,2.798513348762071,0.26,0.2617993877991494,9.81,1,1,12,21,41,-3.0,3.0,0.01,30.0,60.0,1e-09,1e-12,6,0.0001,1,new simulation,nan
12,25,0.3123598775598298,0.75,0.19999999999999965,rolling,6.489999999999906,0.003723444970526478,2.7986453422999573,34,34,0,2.7985180703467893,0.26,0.2617993877991494,9.81,1,1,12,21,41,-3.0,3.0,0.01,30.0,60.0,1e-09,1e-12,6,0.0001,1,new simulation,nan
12,26,0.3123598775598298,0.8999999999999999,0.19999999999999965,rolling,6.449999999999907,0.01295169653882028,2.798917523019187,34,34,0,2.798523839913577,0.26,0.2617993877991494,9.81,1,1,12,21,41,-3.0,3.0,0.01,30.0,60.0,1e-09,1e-12,6,0.0001,1,new simulation,nan
12,27,0.3123598775598298,1.0499999999999998,0.19999999999999965,rolling,6.409999999999908,0.020075512499567457,2.7993327435439,34,34,0,2.798530657822942,0.26,0.2617993877991494,9.81,1,1,12,21,41,-3.0,3.0,0.01,30.0,60.0,1e-09,1e-12,6,0.0001,1,new simulation,nan
12,28,0.3123598775598298,1.2000000000000002,0.19999999999999965,rolling,6.369999999999909,0.02483226659086879,2.799710389012823,34,34,0,2.79853852662604,0.26,0.2617993877991494,9.81,1,1,12,21,41,-3.0,3.0,0.01,30.0,60.0,1e-09,1e-12,6,0.0001,1,new simulation,nan
12,29,0.3123598775598298,1.3499999999999996,0.19999999999999965,rolling,6.149999999999913,0.02130391049567218,2.7994056547757293,33,33,0,2.7984933587197354,0.26,0.2617993877991494,9.81,1,1,12,21,41,-3.0,3.0,0.01,30.0,60.0,1e-09,1e-12,6,0.0001,1,new simulation,nan
12,30,0.3123598775598298,1.5,0.19999999999999965,rolling,6.109999999999914,0.020808319805381812,2.7993748411586377,33,33,0,2.79850664854483,0.26,0.2617993877991494,9.81,1,1,12,21,41,-3.0,3.0,0.01,30.0,60.0,1e-09,1e-12,6,0.0001,1,new simulation,nan
12,31,0.3123598775598298,1.6499999999999995,0.19999999999999965,rolling,6.069999999999915,0.017572085803700312,2.799163571589078,33,33,0,2.7985213372411795,0.26,0.2617993877991494,9.81,1,1,12,21,41,-3.0,3.0,0.01,30.0,60.0,1e-09,1e-12,6,0.0001,1,new simulation,nan
12,32,0.3123598775598298,1.7999999999999998,0.19999999999999965,rolling,6.029999999999916,0.011593371563180329,2.7988649788688313,33,33,0,2.7985374234696168,0.26,0.2617993877991494,9.81,1,1,12,21,41,-3.0,3.0,0.01,30.0,60.0,1e-09,1e-12,6,0.0001,1,new simulation,nan
12,33,0.3123598775598298,1.9500000000000002,0.19999999999999965,rolling,5.81999999999992,0.025178625589952874,2.799725490347685,32,32,0,2.7985033102887553,0.26,0.2617993877991494,9.81,1,1,12,21,41,-3.0,3.0,0.01,30.0,60.0,1e-09,1e-12,6,0.0001,1,new simulation,nan
12,34,0.3123598775598298,2.0999999999999996,0.19999999999999965,rolling,5.779999999999921,0.013842216447042265,2.79896134738733,32,32,0,2.798528488944086,0.26,0.2617993877991494,9.81,1,1,12,21,41,-3.0,3.0,0.01,30.0,60.0,1e-09,1e-12,6,0.0001,1,new simulation,nan
12,35,0.3123598775598298,2.25,0.19999999999999965,rolling,5.569999999999926,0.022207508724206324,2.7994792066002945,31,31,0,2.798504144551901,0.26,0.2617993877991494,9.81,1,1,12,21,41,-3.0,3.0,0.01,30.0,60.0,1e-09,1e-12,6,0.0001,1,new simulation,nan
12,36,0.3123598775598298,2.3999999999999995,0.19999999999999965,rolling,5.5299999999999265,0.005814859782387215,2.798690965403297,31,31,0,2.798542690635132,0.26,0.2617993877991494,9.81,1,1,12,21,41,-3.0,3.0,0.01,30.0,60.0,1e-09,1e-12,6,0.0001,1,new simulation,nan
12,37,0.3123598775598298,2.55,0.19999999999999965,rolling,5.319999999999931,0.00929632970648528,2.7987827479483847,30,30,0,2.7985417285933103,0.26,0.2617993877991494,9.81,1,1,12,21,41,-3.0,3.0,0.01,30.0,60.0,1e-09,1e-12,6,0.0001,1,new simulation,nan
12,38,0.3123598775598298,2.7,0.19999999999999965,rolling,4.929999999999939,0.004752063234789894,2.7986589633726515,28,28,0,2.7985142413729487,0.26,0.2617993877991494,9.81,1,1,12,21,41,-3.0,3.0,0.01,30.0,60.0,1e-09,1e-12,6,0.0001,1,new simulation,nan
12,39,0.3123598775598298,2.8499999999999996,0.19999999999999965,rolling,4.369999999999951,0.02025001182250315,2.79933391387082,25,25,0,2.798504882479543,0.26,0.2617993877991494,9.81,1,1,12,21,41,-3.0,3.0,0.01,30.0,60.0,1e-09,1e-12,6,0.0001,1,new simulation,nan
12,40,0.3123598775598298,3.0,0.19999999999999965,rolling,3.619999999999967,-0.0002121705531646686,2.7987966704489984,21,21,0,2.7989234662094655,0.26,0.2617993877991494,9.81,1,1,12,21,41,-3.0,3.0,0.01,30.0,60.0,1e-09,1e-12,6,0.0001,1,new simulation,nan
13,0,0.3385398163397447,-3.0,0.2999999999999996,rolling,8.049999999999873,0.011461984169065477,2.798853853046721,36,34,2,2.798523989651605,0.26,0.2617993877991494,9.81,1,1,12,21,41,-3.0,3.0,0.01,30.0,60.0,1e-09,1e-12,6,0.0001,1,new simulation,nan
13,1,0.3385398163397447,-2.85,0.2999999999999996,rolling,7.609999999999882,0.025710389803436744,2.799776863036423,36,34,2,2.7985124804481405,0.26,0.2617993877991494,9.81,1,1,12,21,41,-3.0,3.0,0.01,30.0,60.0,1e-09,1e-12,6,0.0001,1,new simulation,nan
13,2,0.3385398163397447,-2.7,0.2999999999999996,rolling,7.489999999999885,0.021622589477377174,2.79943317037728,36,34,2,2.7985015611482216,0.26,0.2617993877991494,9.81,1,1,12,21,41,-3.0,3.0,0.01,30.0,60.0,1e-09,1e-12,6,0.0001,1,new simulation,nan
13,3,0.3385398163397447,-2.55,0.2999999999999996,rolling,7.459999999999885,0.02463186464468739,2.7996725546011887,36,34,2,2.798491234917796,0.26,0.2617993877991494,9.81,1,1,12,21,41,-3.0,3.0,0.01,30.0,60.0,1e-09,1e-12,6,0.0001,1,new simulation,nan
13,4,0.3385398163397447,-2.4,0.2999999999999996,rolling,7.669999999999881,0.011272137344563296,2.7988525926452574,37,35,2,2.7985385486325964,0.26,0.2617993877991494,9.81,1,1,12,21,41,-3.0,3.0,0.01,30.0,60.0,1e-09,1e-12,6,0.0001,1,new simulation,nan
13,5,0.3385398163397447,-2.25,0.2999999999999996,rolling,7.8299999999998775,-0.0016131244446459675,2.798631501366064,37,35,2,2.7985316894608983,0.26,0.2617993877991494,9.81,1,1,12,21,41,-3.0,3.0,0.01,30.0,60.0,1e-09,1e-12,6,0.0001,1,new simulation,nan
13,6,0.3385398163397447,-2.1,0.2999999999999996,rolling,7.839999999999877,0.01855769381507447,2.799227056823967,35,34,1,2.798523855658031,0.26,0.2617993877991494,9.81,1,1,12,21,41,-3.0,3.0,0.01,30.0,60.0,1e-09,1e-12,6,0.0001,1,new simulation,nan
13,7,0.3385398163397447,-1.95,0.2999999999999996,rolling,7.4099999999998865,0.020734108725408807,2.799372291410616,35,34,1,2.7985132349190898,0.26,0.2617993877991494,9.81,1,1,12,21,41,-3.0,3.0,0.01,30.0,60.0,1e-09,1e-12,6,0.0001,1,new simulation,nan
13,8,0.3385398163397447,-1.8,0.2999999999999996,rolling,7.269999999999889,-0.0010642432412635789,2.7986166751419894,35,34,1,2.7985033976190827,0.26,0.2617993877991494,9.81,1,1,12,21,41,-3.0,3.0,0.01,30.0,60.0,1e-09,1e-12,6,0.0001,1,new simulation,nan
13,9,0.3385398163397447,-1.6500000000000001,0.2999999999999996,rolling,7.2199999999998905,0.014090055744753034,2.798958698827763,35,34,1,2.7984943487139358,0.26,0.2617993877991494,9.81,1,1,12,21,41,-3.0,3.0,0.01,30.0,60.0,1e-09,1e-12,6,0.0001,1,new simulation,nan
13,10,0.3385398163397447,-1.5,0.2999999999999996,rolling,7.389999999999887,0.016413536220616944,2.7991035205967774,36,35,1,2.7985419926298367,0.26,0.2617993877991494,9.81,1,1,12,21,41,-3.0,3.0,0.01,30.0,60.0,1e-09,1e-12,6,0.0001,1,new simulation,nan
13,11,0.3385398163397447,-1.35,0.2999999999999996,rolling,7.429999999999886,0.018039335267045965,2.7991992406522,36,35,1,2.7985363844508773,0.26,0.2617993877991494,9.81,1,1,12,21,41,-3.0,3.0,0.01,30.0,60.0,1e-09,1e-12,6,0.0001,1,new simulation,nan
13,12,0.3385398163397447,-1.2000000000000002,0.2999999999999996,rolling,7.559999999999883,0.015610860621768818,2.799053878314421,36,35,1,2.7985313691542326,0.26,0.2617993877991494,9.81,1,1,12,21,41,-3.0,3.0,0.01,30.0,60.0,1e-09,1e-12,6,0.0001,1,new simulation,nan
13,13,0.3385398163397447,-1.05,0.2999999999999996,rolling,8.319999999999867,0.010188210729481872,2.7988067527335625,34,34,0,2.798526828737307,0.26,0.2617993877991494,9.81,1,1,12,21,41,-3.0,3.0,0.01,30.0,60.0,1e-09,1e-12,6,0.0001,1,new simulation,nan
13,14,0.3385398163397447,-0.8999999999999999,0.2999999999999996,rolling,7.25999999999989,0.009528951441191721,2.7987810201008276,34,34,0,2.798520010202541,0.26,0.2617993877991494,9.81,1,1,12,21,41,-3.0,3.0,0.01,30.0,60.0,1e-09,1e-12,6,0.0001,1,new simulation,nan
13,15,0.3385398163397447,-0.75,0.2999999999999996,rolling,7.059999999999894,0.004967382358745039,2.7986626333260682,34,34,0,2.7985142422240092,0.26,0.2617993877991494,9.81,1,1,12,21,41,-3.0,3.0,0.01,30.0,60.0,1e-09,1e-12,6,0.0001,1,new simulation,nan
13,16,0.3385398163397447,-0.6000000000000001,0.2999999999999996,rolling,6.949999999999896,0.011583424367027756,2.7988524909456385,34,34,0,2.798509518385641,0.26,0.2617993877991494,9.81,1,1,12,21,41,-3.0,3.0,0.01,30.0,60.0,1e-09,1e-12,6,0.0001,1,new simulation,nan
13,17,0.3385398163397447,-0.4500000000000002,0.2999999999999996,rolling,6.869999999999898,0.006925879328392162,2.7986998194001487,34,34,0,2.798505847573003,0.26,0.2617993877991494,9.81,1,1,12,21,41,-3.0,3.0,0.01,30.0,60.0,1e-09,1e-12,6,0.0001,1,new simulation,nan
13,18,0.3385398163397447,-0.30000000000000027,0.2999999999999996,rolling,6.809999999999899,0.010605177877008298,2.798811725851079,34,34,0,2.798503223660163,0.26,0.2617993877991494,9.81,1,1,12,21,41,-3.0,3.0,0.01,30.0,60.0,1e-09,1e-12,6,0.0001,1,new simulation,nan
13,19,0.3385398163397447,-0.1499999999999999,0.2999999999999996,rolling,6.7599999999999,0.016816342601073102,2.79910950936536,34,34,0,2.7985016514810845,0.26,0.2617993877991494,9.81,1,1,12,21,41,-3.0,3.0,0.01,30.0,60.0,1e-09,1e-12,6,0.0001,1,new simulation,nan
13,20,0.3385398163397447,0.0,0.2999999999999996,rolling,6.709999999999901,0.009737628605238781,2.79877989089604,34,34,0,2.798501126428827,0.26,0.2617993877991494,9.81,1,1,12,21,41,-3.0,3.0,0.01,30.0,60.0,1e-09,1e-12,6,0.0001,1,new simulation,nan
13,21,0.3385398163397447,0.1499999999999999,0.2999999999999996,rolling,6.669999999999902,0.0243481379855513,2.799652717316246,34,34,0,2.798501651193684,0.26,0.2617993877991494,9.81,1,1,12,21,41,-3.0,3.0,0.01,30.0,60.0,1e-09,1e-12,6,0.0001,1,new simulation,nan
13,22,0.3385398163397447,0.2999999999999998,0.2999999999999996,rolling,6.619999999999903,0.00844722336130155,2.7987396720447086,34,34,0,2.7985032235691762,0.26,0.2617993877991494,9.81,1,1,12,21,41,-3.0,3.0,0.01,30.0,60.0,1e-09,1e-12,6,0.0001,1,new simulation,nan
13,23,0.3385398163397447,0.44999999999999973,0.2999999999999996,rolling,6.579999999999904,0.019697018643118434,2.7992956268422002,34,34,0,2.7985058479057545,0.26,0.2617993877991494,9.81,1,1,12,21,41,-3.0,3.0,0.01,30.0,60.0,1e-09,1e-12,6,0.0001,1,new simulation,nan
13,24,0.3385398163397447,0.5999999999999996,0.2999999999999996,rolling,6.529999999999905,0.0025065335575119056,2.7986283519723463,34,34,0,2.7985095188991855,0.26,0.2617993877991494,9.81,1,1,12,21,41,-3.0,3.0,0.01,30.0,60.0,1e-09,1e-12,6,0.0001,1,new simulation,nan
13,25,0.3385398163397447,0.75,0.2999999999999996,rolling,6.489999999999906,0.012572108192855959,2.798896390355594,34,34,0,2.7985142423310947,0.26,0.2617993877991494,9.81,1,1,12,21,41,-3.0,3.0,0.01,30.0,60.0,1e-09,1e-12,6,0.0001,1,new simulation,nan
13,26,0.3385398163397447,0.8999999999999999,0.2999999999999996,rolling,6.449999999999907,0.021381446438799506,2.799422990747111,34,34,0,2.798520010266705,0.26,0.2617993877991494,9.81,1,1,12,21,41,-3.0,3.0,0.01,30.0,60.0,1e-09,1e-12,6,0.0001,1,new simulation,nan
13,27,0.3385398163397447,1.0499999999999998,0.2999999999999996,rolling,6.399999999999908,0.00041630107672856534,2.798625138486438,34,34,0,2.798526829513331,0.26,0.2617993877991494,9.81,1,1,12,21,41,-3.0,3.0,0.01,30.0,60.0,1e-09,1e-12,6,0.0001,1,new simulation,nan
13,28,0.3385398163397447,1.2000000000000002,0.2999999999999996,rolling,6.359999999999909,0.00523263129678863,2.7986762314161306,34,34,0,2.798534700161607,0.26,0.2617993877991494,9.81,1,1,12,21,41,-3.0,3.0,0.01,30.0,60.0,1e-09,1e-12,6,0.0001,1,new simulation,nan
13,29,0.3385398163397447,1.3499999999999996,0.2999999999999996,rolling,6.31999999999991,0.007550512992693367,2.7987320212242004,34,34,0,2.798543615308059,0.26,0.2617993877991494,9.81,1,1,12,21,41,-3.0,3.0,0.01,30.0,60.0,1e-09,1e-12,6,0.0001,1,new simulation,nan
13,30,0.3385398163397447,1.5,0.2999999999999996,rolling,6.099999999999914,0.001477425646130685,2.7986177111884403,33,33,0,2.798501542542496,0.26,0.2617993877991494,9.81,1,1,12,21,41,-3.0,3.0,0.01,30.0,60.0,1e-09,1e-12,6,0.0001,1,new simulation,nan
13,31,0.3385398163397447,1.6499999999999995,0.2999999999999996,rolling,6.059999999999915,-0.0016314474150003035,2.798624909317432,33,33,0,2.798516229669571,0.26,0.2617993877991494,9.81,1,1,12,21,41,-3.0,3.0,0.01,30.0,60.0,1e-09,1e-12,6,0.0001,1,new simulation,nan
13,32,0.3385398163397447,1.7999999999999998,0.2999999999999996,rolling,6.029999999999916,0.020479935810918667,2.7993621982430974,33,33,0,2.798532318228079,0.26,0.2617993877991494,9.81,1,1,12,21,41,-3.0,3.0,0.01,30.0,60.0,1e-09,1e-12,6,0.0001,1,new simulation,nan
13,33,0.3385398163397447,1.9500000000000002,0.2999999999999996,rolling,5.809999999999921,0.006146890326716753,2.7986779264675534,32,32,0,2.7984965035149147,0.26,0.2617993877991494,9.81,1,1,12,21,41,-3.0,3.0,0.01,30.0,60.0,1e-09,1e-12,6,0.0001,1,new simulation,nan
13,34,0.3385398163397447,2.0999999999999996,0.2999999999999996,rolling,5.779999999999921,0.022845424489025573,2.799537147835447,32,32,0,2.7985216808964175,0.26,0.2617993877991494,9.81,1,1,12,21,41,-3.0,3.0,0.01,30.0,60.0,1e-09,1e-12,6,0.0001,1,new simulation,nan
13,35,0.3385398163397447,2.25,0.2999999999999996,rolling,5.559999999999926,0.0032384342597589115,2.7986294638946903,31,31,0,2.7984950693412736,0.26,0.2617993877991494,9.81,1,1,12,21,41,-3.0,3.0,0.01,30.0,60.0,1e-09,1e-12,6,0.0001,1,new simulation,nan
13,36,0.3385398163397447,2.3999999999999995,0.2999999999999996,rolling,5.5299999999999265,0.014829513008454132,2.799013170827194,31,31,0,2.7985336136306382,0.26,0.2617993877991494,9.81,1,1,12,21,41,-3.0,3.0,0.01,30.0,60.0,1e-09,1e-12,6,0.0001,1,new simulation,nan
13,37,0.3385398163397447,2.55,0.2999999999999996,rolling,5.319999999999931,0.018287438919697203,2.7992121080882977,30,30,0,2.7985296277616665,0.26,0.2617993877991494,9.81,1,1,12,21,41,-3.0,3.0,0.01,30.0,60.0,1e-09,1e-12,6,0.0001,1,new simulation,nan
13,38,0.3385398163397447,2.7,0.2999999999999996,rolling,4.929999999999939,0.01370404472597257,2.798939193697899,28,28,0,2.79849272756584,0.26,0.2617993877991494,9.81,1,1,12,21,41,-3.0,3.0,0.01,30.0,60.0,1e-09,1e-12,6,0.0001,1,new simulation,nan
13,39,0.3385398163397447,2.8499999999999996,0.2999999999999996,rolling,4.539999999999948,0.006882608494861428,2.7987039665615607,26,26,0,2.798517842405895,0.26,0.2617993877991494,9.81,1,1,12,21,41,-3.0,3.0,0.01,30.0,60.0,1e-09,1e-12,6,0.0001,1,new simulation,nan
13,40,0.3385398163397447,3.0,0.2999999999999996,rolling,2.909999999999982,0.013681626701079615,2.799104080823343,17,17,0,2.798876030537743,0.26,0.2617993877991494,9.81,1,1,12,21,41,-3.0,3.0,0.01,30.0,60.0,1e-09,1e-12,6,0.0001,1,new simulation,nan
14,0,0.3647197551196597,-3.0,0.39999999999999974,rolling,7.889999999999876,0.012112096413771306,2.7988797066291733,36,34,2,2.7985216691820387,0.26,0.2617993877991494,9.81,1,1,12,21,41,-3.0,3.0,0.01,30.0,60.0,1e-09,1e-12,6,0.0001,1,new simulation,nan
14,1,0.3647197551196597,-2.85,0.39999999999999974,rolling,7.579999999999883,0.015703719580577175,2.7990497911232293,36,34,2,2.7985101599105753,0.26,0.2617993877991494,9.81,1,1,12,21,41,-3.0,3.0,0.01,30.0,60.0,1e-09,1e-12,6,0.0001,1,new simulation,nan
14,2,0.3647197551196597,-2.7,0.39999999999999974,rolling,7.479999999999885,0.0017976925066500397,2.7986185532121377,36,34,2,2.79849924202331,0.26,0.2617993877991494,9.81,1,1,12,21,41,-3.0,3.0,0.01,30.0,60.0,1e-09,1e-12,6,0.0001,1,new simulation,nan
14,3,0.3647197551196597,-2.55,0.39999999999999974,rolling,7.649999999999881,0.023623835151398407,2.7996102253426045,37,35,2,2.7985441104145665,0.26,0.2617993877991494,9.81,1,1,12,21,41,-3.0,3.0,0.01,30.0,60.0,1e-09,1e-12,6,0.0001,1,new simulation,nan
14,4,0.3647197551196597,-2.4,0.39999999999999974,rolling,7.69999999999988,-0.00012302312818263214,2.798629184894841,37,35,2,2.798536809094387,0.26,0.2617993877991494,9.81,1,1,12,21,41,-3.0,3.0,0.01,30.0,60.0,1e-09,1e-12,6,0.0001,1,new simulation,nan
14,5,0.3647197551196597,-2.25,0.39999999999999974,rolling,7.959999999999875,0.02118909597536749,2.799412946841847,37,35,2,2.7985299496111105,0.26,0.2617993877991494,9.81,1,1,12,21,41,-3.0,3.0,0.01,30.0,60.0,1e-09,1e-12,6,0.0001,1,new simulation,nan
14,6,0.3647197551196597,-2.1,0.39999999999999974,rolling,7.649999999999881,0.025512384293935906,2.799762681866713,35,34,1,2.7985207626812674,0.26,0.2617993877991494,9.81,1,1,12,21,41,-3.0,3.0,0.01,30.0,60.0,1e-09,1e-12,6,0.0001,1,new simulation,nan
14,7,0.3647197551196597,-1.95,0.39999999999999974,rolling,7.369999999999887,0.019322357079381985,2.7992718707944113,35,34,1,2.798510141585188,0.26,0.2617993877991494,9.81,1,1,12,21,41,-3.0,3.0,0.01,30.0,60.0,1e-09,1e-12,6,0.0001,1,new simulation,nan
14,8,0.3647197551196597,-1.8,0.39999999999999974,rolling,7.269999999999889,0.02618482979111625,2.7998147236962168,35,34,1,2.7985003062588074,0.26,0.2617993877991494,9.81,1,1,12,21,41,-3.0,3.0,0.01,30.0,60.0,1e-09,1e-12,6,0.0001,1,new simulation,nan
14,9,0.3647197551196597,-1.6500000000000001,0.39999999999999974,rolling,7.22999999999989,0.019759705991806584,2.7992936426347454,35,34,1,2.7984912548053593,0.26,0.2617993877991494,9.81,1,1,12,21,41,-3.0,3.0,0.01,30.0,60.0,1e-09,1e-12,6,0.0001,1,new simulation,nan
14,10,0.3647197551196597,-1.5,0.39999999999999974,rolling,7.419999999999886,0.02513395909998914,2.7997372931207622,36,35,1,2.79853967130734,0.26,0.2617993877991494,9.81,1,1,12,21,41,-3.0,3.0,0.01,30.0,60.0,1e-09,1e-12,6,0.0001,1,new simulation,nan
14,11,0.3647197551196597,-1.35,0.39999999999999974,rolling,7.489999999999885,0.015074392307626923,2.7990262003975896,36,35,1,2.798534065339652,0.26,0.2617993877991494,9.81,1,1,12,21,41,-3.0,3.0,0.01,30.0,60.0,1e-09,1e-12,6,0.0001,1,new simulation,nan
14,12,0.3647197551196597,-1.2000000000000002,0.39999999999999974,rolling,7.759999999999879,0.013041692509474833,2.798923876936278,36,35,1,2.7985290490031716,0.26,0.2617993877991494,9.81,1,1,12,21,41,-3.0,3.0,0.01,30.0,60.0,1e-09,1e-12,6,0.0001,1,new simulation,nan
14,13,0.3647197551196597,-1.05,0.39999999999999974,rolling,7.439999999999886,0.006241958681024531,2.798691335876031,34,34,0,2.7985227048772536,0.26,0.2617993877991494,9.81,1,1,12,21,41,-3.0,3.0,0.01,30.0,60.0,1e-09,1e-12,6,0.0001,1,new simulation,nan
14,14,0.3647197551196597,-0.8999999999999999,0.39999999999999974,rolling,7.139999999999892,0.011845694935795861,2.7988660158712544,34,34,0,2.798515884944885,0.26,0.2617993877991494,9.81,1,1,12,21,41,-3.0,3.0,0.01,30.0,60.0,1e-09,1e-12,6,0.0001,1,new simulation,nan
14,15,0.3647197551196597,-0.75,0.39999999999999974,rolling,6.999999999999895,0.007946926531270387,2.7987282815823264,34,34,0,2.7985101149647726,0.26,0.2617993877991494,9.81,1,1,12,21,41,-3.0,3.0,0.01,30.0,60.0,1e-09,1e-12,6,0.0001,1,new simulation,nan
14,16,0.3647197551196597,-0.6000000000000001,0.39999999999999974,rolling,6.909999999999897,0.0036143058019339125,2.798638451537707,34,34,0,2.7985053960027932,0.26,0.2617993877991494,9.81,1,1,12,21,41,-3.0,3.0,0.01,30.0,60.0,1e-09,1e-12,6,0.0001,1,new simulation,nan
14,17,0.3647197551196597,-0.4500000000000002,0.39999999999999974,rolling,6.849999999999898,0.01788643303738868,2.799174607837883,34,34,0,2.798501721286209,0.26,0.2617993877991494,9.81,1,1,12,21,41,-3.0,3.0,0.01,30.0,60.0,1e-09,1e-12,6,0.0001,1,new simulation,nan
14,18,0.3647197551196597,-0.30000000000000027,0.39999999999999974,rolling,6.7999999999998995,0.02583169277245595,2.799782025045132,34,34,0,2.7984991011279017,0.26,0.2617993877991494,9.81,1,1,12,21,41,-3.0,3.0,0.01,30.0,60.0,1e-09,1e-12,6,0.0001,1,new simulation,nan
14,19,0.3647197551196597,-0.1499999999999999,0.39999999999999974,rolling,6.7499999999999005,0.015908548768399998,2.799055668989035,34,34,0,2.7984975266463956,0.26,0.2617993877991494,9.81,1,1,12,21,41,-3.0,3.0,0.01,30.0,60.0,1e-09,1e-12,6,0.0001,1,new simulation,nan
14,20,0.3647197551196597,0.0,0.39999999999999974,rolling,6.709999999999901,0.025842425883670226,2.799782090168448,34,34,0,2.7984970030931287,0.26,0.2617993877991494,9.81,1,1,12,21,41,-3.0,3.0,0.01,30.0,60.0,1e-09,1e-12,6,0.0001,1,new simulation,nan
14,21,0.3647197551196597,0.1499999999999999,0.39999999999999974,rolling,6.659999999999902,0.005336563854649784,2.7986620617870854,34,34,0,2.7984975262003533,0.26,0.2617993877991494,9.81,1,1,12,21,41,-3.0,3.0,0.01,30.0,60.0,1e-09,1e-12,6,0.0001,1,new simulation,nan
14,22,0.3647197551196597,0.2999999999999998,0.39999999999999974,rolling,6.619999999999903,0.013220296884056305,2.798919129739015,34,34,0,2.798499099848313,0.26,0.2617993877991494,9.81,1,1,12,21,41,-3.0,3.0,0.01,30.0,60.0,1e-09,1e-12,6,0.0001,1,new simulation,nan
14,23,0.3647197551196597,0.44999999999999973,0.39999999999999974,rolling,6.579999999999904,0.022371647130028136,2.799490974323062,34,34,0,2.7985017209566023,0.26,0.2617993877991494,9.81,1,1,12,21,41,-3.0,3.0,0.01,30.0,60.0,1e-09,1e-12,6,0.0001,1,new simulation,nan
14,24,0.3647197551196597,0.5999999999999996,0.39999999999999974,rolling,6.529999999999905,0.004477437173571296,2.7986506906188944,34,34,0,2.798505395970132,0.26,0.2617993877991494,9.81,1,1,12,21,41,-3.0,3.0,0.01,30.0,60.0,1e-09,1e-12,6,0.0001,1,new simulation,nan
14,25,0.3647197551196597,0.75,0.39999999999999974,rolling,6.489999999999906,0.014670064997811278,2.7989947563187094,34,34,0,2.798510115934034,0.26,0.2617993877991494,9.81,1,1,12,21,41,-3.0,3.0,0.01,30.0,60.0,1e-09,1e-12,6,0.0001,1,new simulation,nan
14,26,0.3647197551196597,0.8999999999999999,0.39999999999999974,rolling,6.449999999999907,0.024033727212349806,2.7996322316335873,34,34,0,2.798515886077005,0.26,0.2617993877991494,9.81,1,1,12,21,41,-3.0,3.0,0.01,30.0,60.0,1e-09,1e-12,6,0.0001,1,new simulation,nan
14,27,0.3647197551196597,1.0499999999999998,0.39999999999999974,rolling,6.399999999999908,0.003791083021215444,2.7986482397841117,34,34,0,2.7985227051364645,0.26,0.2617993877991494,9.81,1,1,12,21,41,-3.0,3.0,0.01,30.0,60.0,1e-09,1e-12,6,0.0001,1,new simulation,nan
14,28,0.3647197551196597,1.2000000000000002,0.39999999999999974,rolling,6.359999999999909,0.009352635745264867,2.7987797609381335,34,34,0,2.7985305755294068,0.26,0.2617993877991494,9.81,1,1,12,21,41,-3.0,3.0,0.01,30.0,60.0,1e-09,1e-12,6,0.0001,1,new simulation,nan
14,29,0.3647197551196597,1.3499999999999996,0.39999999999999974,rolling,6.31999999999991,0.01236209501716222,2.798898145074568,34,34,0,2.7985394919283437,0.26,0.2617993877991494,9.81,1,1,12,21,41,-3.0,3.0,0.01,30.0,60.0,1e-09,1e-12,6,0.0001,1,new simulation,nan
14,30,0.3647197551196597,1.5,0.39999999999999974,rolling,6.099999999999914,0.006894845132616345,2.7986948227238546,33,33,0,2.798496043677538,0.26,0.2617993877991494,9.81,1,1,12,21,41,-3.0,3.0,0.01,30.0,60.0,1e-09,1e-12,6,0.0001,1,new simulation,nan
14,31,0.3647197551196597,1.6499999999999995,0.39999999999999974,rolling,6.059999999999915,0.004297873558526362,2.798650239518528,33,33,0,2.7985107321721894,0.26,0.2617993877991494,9.81,1,1,12,21,41,-3.0,3.0,0.01,30.0,60.0,1e-09,1e-12,6,0.0001,1,new simulation,nan
14,32,0.3647197551196597,1.7999999999999998,0.39999999999999974,rolling,6.019999999999916,-0.0011567740684965233,2.7986271760405472,33,33,0,2.7985268183218874,0.26,0.2617993877991494,9.81,1,1,12,21,41,-3.0,3.0,0.01,30.0,60.0,1e-09,1e-12,6,0.0001,1,new simulation,nan
14,33,0.3647197551196597,1.9500000000000002,0.39999999999999974,rolling,5.989999999999917,0.018558992894347384,2.79923599383574,33,33,0,2.7985443039342726,0.26,0.2617993877991494,9.81,1,1,12,21,41,-3.0,3.0,0.01,30.0,60.0,1e-09,1e-12,6,0.0001,1,new simulation,nan
14,34,0.3647197551196597,2.0999999999999996,0.39999999999999974,rolling,5.769999999999921,0.001820775890423639,2.7986252427459384,32,32,0,2.7985143494515827,0.26,0.2617993877991494,9.81,1,1,12,21,41,-3.0,3.0,0.01,30.0,60.0,1e-09,1e-12,6,0.0001,1,new simulation,nan
14,35,0.3647197551196597,2.25,0.39999999999999974,rolling,5.739999999999922,0.016132849468598,2.7990872524689445,32,32,0,2.798541393777944,0.26,0.2617993877991494,9.81,1,1,12,21,41,-3.0,3.0,0.01,30.0,60.0,1e-09,1e-12,6,0.0001,1,new simulation,nan
14,36,0.3647197551196597,2.3999999999999995,0.39999999999999974,rolling,5.5299999999999265,0.022168312500477586,2.7994846861001044,31,31,0,2.7985238401913066,0.26,0.2617993877991494,9.81,1,1,12,21,41,-3.0,3.0,0.01,30.0,60.0,1e-09,1e-12,6,0.0001,1,new simulation,nan
14,37,0.3647197551196597,2.55,0.39999999999999974,rolling,5.319999999999931,0.025747105858201277,2.7997819516148166,30,30,0,2.798516591631318,0.26,0.2617993877991494,9.81,1,1,12,21,41,-3.0,3.0,0.01,30.0,60.0,1e-09,1e-12,6,0.0001,1,new simulation,nan
14,38,0.3647197551196597,2.7,0.39999999999999974,rolling,5.099999999999936,-0.0010216099851333544,2.798627862584249,29,29,0,2.7985295921334488,0.26,0.2617993877991494,9.81,1,1,12,21,41,-3.0,3.0,0.01,30.0,60.0,1e-09,1e-12,6,0.0001,1,new simulation,nan
14,39,0.3647197551196597,2.8499999999999996,0.39999999999999974,rolling,4.719999999999944,0.02020653867924505,2.7993438313556034,27,27,0,2.798534908220478,0.26,0.2617993877991494,9.81,1,1,12,21,41,-3.0,3.0,0.01,30.0,60.0,1e-09,1e-12,6,0.0001,1,new simulation,nan
14,40,0.3647197551196597,3.0,0.39999999999999974,rolling,3.2599999999999745,0.004892844907159182,2.7986528548902556,19,19,0,2.798494635824928,0.26,0.2617993877991494,9.81,1,1,12,21,41,-3.0,3.0,0.01,30.0,60.0,1e-09,1e-12,6,0.0001,1,new simulation,nan
15,0,0.39089969389957463,-3.0,0.49999999999999967,rolling,7.789999999999878,0.015716884079934556,2.79905442416962,36,34,2,2.79851918329626,0.26,0.2617993877991494,9.81,1,1,12,21,41,-3.0,3.0,0.01,30.0,60.0,1e-09,1e-12,6,0.0001,1,new simulation,nan
15,1,0.39089969389957463,-2.85,0.49999999999999967,rolling,7.559999999999883,0.019872025180151968,2.7993085519884446,36,34,2,2.798507674355793,0.26,0.2617993877991494,9.81,1,1,12,21,41,-3.0,3.0,0.01,30.0,60.0,1e-09,1e-12,6,0.0001,1,new simulation,nan
15,2,0.39089969389957463,-2.7,0.49999999999999967,rolling,7.479999999999885,0.0016423104130732554,2.798616541416649,36,34,2,2.7984967585713405,0.26,0.2617993877991494,9.81,1,1,12,21,41,-3.0,3.0,0.01,30.0,60.0,1e-09,1e-12,6,0.0001,1,new simulation,nan
15,3,0.39089969389957463,-2.55,0.49999999999999967,rolling,7.659999999999881,0.004386012462277606,2.798665226943701,37,35,2,2.7985422461690646,0.26,0.2617993877991494,9.81,1,1,12,21,41,-3.0,3.0,0.01,30.0,60.0,1e-09,1e-12,6,0.0001,1,new simulation,nan
15,4,0.39089969389957463,-2.4,0.49999999999999967,rolling,7.749999999999879,0.010571680658775423,2.7988242187348065,37,35,2,2.7985349456894135,0.26,0.2617993877991494,9.81,1,1,12,21,41,-3.0,3.0,0.01,30.0,60.0,1e-09,1e-12,6,0.0001,1,new simulation,nan
15,5,0.39089969389957463,-2.25,0.49999999999999967,rolling,8.249999999999869,0.022014770095286573,2.799474636476573,37,35,2,2.79852808514306,0.26,0.2617993877991494,9.81,1,1,12,21,41,-3.0,3.0,0.01,30.0,60.0,1e-09,1e-12,6,0.0001,1,new simulation,nan
15,6,0.39089969389957463,-2.1,0.49999999999999967,rolling,7.529999999999884,0.0007738635606404525,2.79862182483203,35,34,1,2.798517450297041,0.26,0.2617993877991494,9.81,1,1,12,21,41,-3.0,3.0,0.01,30.0,60.0,1e-09,1e-12,6,0.0001,1,new simulation,nan
15,7,0.39089969389957463,-1.95,0.49999999999999967,rolling,7.339999999999888,0.019369050801734903,2.7992736028429466,35,34,1,2.7985068279932706,0.26,0.2617993877991494,9.81,1,1,12,21,41,-3.0,3.0,0.01,30.0,60.0,1e-09,1e-12,6,0.0001,1,new simulation,nan
15,8,0.39089969389957463,-1.8,0.49999999999999967,rolling,7.25999999999989,0.010698271022478027,2.7988125058821414,35,34,1,2.79849699410668,0.26,0.2617993877991494,9.81,1,1,12,21,41,-3.0,3.0,0.01,30.0,60.0,1e-09,1e-12,6,0.0001,1,new simulation,nan
15,9,0.39089969389957463,-1.6500000000000001,0.49999999999999967,rolling,7.419999999999886,0.013350443704953542,2.7989443627836375,36,35,1,2.7985433815160796,0.26,0.2617993877991494,9.81,1,1,12,21,41,-3.0,3.0,0.01,30.0,60.0,1e-09,1e-12,6,0.0001,1,new simulation,nan
15,10,0.39089969389957463,-1.5,0.49999999999999967,rolling,7.449999999999886,-0.0006769734189394979,2.798630122170142,36,35,1,2.798537185991964,0.26,0.2617993877991494,9.81,1,1,12,21,41,-3.0,3.0,0.01,30.0,60.0,1e-09,1e-12,6,0.0001,1,new simulation,nan
15,11,0.39089969389957463,-1.35,0.49999999999999967,rolling,7.589999999999883,0.012072071050529693,2.798882299395774,36,35,1,2.798531580168261,0.26,0.2617993877991494,9.81,1,1,12,21,41,-3.0,3.0,0.01,30.0,60.0,1e-09,1e-12,6,0.0001,1,new simulation,nan
15,12,0.39089969389957463,-1.2000000000000002,0.49999999999999967,rolling,7.959999999999875,0.015739791321650137,2.799058704878995,34,34,0,2.7985261559476466,0.26,0.2617993877991494,9.81,1,1,12,21,41,-3.0,3.0,0.01,30.0,60.0,1e-09,1e-12,6,0.0001,1,new simulation,nan
15,13,0.39089969389957463,-1.05,0.49999999999999967,rolling,7.23999999999989,-0.0006412591579638472,2.7986218581462343,34,34,0,2.798518288598128,0.26,0.2617993877991494,9.81,1,1,12,21,41,-3.0,3.0,0.01,30.0,60.0,1e-09,1e-12,6,0.0001,1,new simulation,nan
15,14,0.39089969389957463,-0.8999999999999999,0.49999999999999967,rolling,7.059999999999894,0.00955838689198682,2.7987783043032666,34,34,0,2.7985114675946754,0.26,0.2617993877991494,9.81,1,1,12,21,41,-3.0,3.0,0.01,30.0,60.0,1e-09,1e-12,6,0.0001,1,new simulation,nan
15,15,0.39089969389957463,-0.75,0.49999999999999967,rolling,6.959999999999896,0.02067708969286208,2.7993648917105323,34,34,0,2.798505700353363,0.26,0.2617993877991494,9.81,1,1,12,21,41,-3.0,3.0,0.01,30.0,60.0,1e-09,1e-12,6,0.0001,1,new simulation,nan
15,16,0.39089969389957463,-0.6000000000000001,0.49999999999999967,rolling,6.8899999999998975,0.02379988760345511,2.7996061832655954,34,34,0,2.7985009771139855,0.26,0.2617993877991494,9.81,1,1,12,21,41,-3.0,3.0,0.01,30.0,60.0,1e-09,1e-12,6,0.0001,1,new simulation,nan
15,17,0.39089969389957463,-0.4500000000000002,0.49999999999999967,rolling,6.829999999999899,0.007934002259403316,2.798722374662166,34,34,0,2.798497304879099,0.26,0.2617993877991494,9.81,1,1,12,21,41,-3.0,3.0,0.01,30.0,60.0,1e-09,1e-12,6,0.0001,1,new simulation,nan
15,18,0.39089969389957463,-0.30000000000000027,0.49999999999999967,rolling,6.7899999999999,0.023185268333445613,2.7995528657224433,34,34,0,2.798494680922593,0.26,0.2617993877991494,9.81,1,1,12,21,41,-3.0,3.0,0.01,30.0,60.0,1e-09,1e-12,6,0.0001,1,new simulation,nan
15,19,0.39089969389957463,-0.1499999999999999,0.49999999999999967,rolling,6.739999999999901,-0.001259499216100718,2.7986130143119867,34,34,0,2.798493107173511,0.26,0.2617993877991494,9.81,1,1,12,21,41,-3.0,3.0,0.01,30.0,60.0,1e-09,1e-12,6,0.0001,1,new simulation,nan
15,20,0.39089969389957463,0.0,0.49999999999999967,rolling,6.699999999999902,-0.0010839864674530605,2.798612066844489,34,34,0,2.798492584378739,0.26,0.2617993877991494,9.81,1,1,12,21,41,-3.0,3.0,0.01,30.0,60.0,1e-09,1e-12,6,0.0001,1,new simulation,nan
15,21,0.39089969389957463,0.1499999999999999,0.49999999999999967,rolling,6.659999999999902,0.0005745540260322043,2.798610812973003,34,34,0,2.7984931075086315,0.26,0.2617993877991494,9.81,1,1,12,21,41,-3.0,3.0,0.01,30.0,60.0,1e-09,1e-12,6,0.0001,1,new simulation,nan
15,22,0.39089969389957463,0.2999999999999998,0.49999999999999967,rolling,6.619999999999903,0.005745043402400677,2.7986687630850438,34,34,0,2.7984946820982812,0.26,0.2617993877991494,9.81,1,1,12,21,41,-3.0,3.0,0.01,30.0,60.0,1e-09,1e-12,6,0.0001,1,new simulation,nan
15,23,0.39089969389957463,0.44999999999999973,0.49999999999999967,rolling,6.579999999999904,0.014398491031883242,2.798975377292933,34,34,0,2.7984973058344202,0.26,0.2617993877991494,9.81,1,1,12,21,41,-3.0,3.0,0.01,30.0,60.0,1e-09,1e-12,6,0.0001,1,new simulation,nan
15,24,0.39089969389957463,0.5999999999999996,0.49999999999999967,rolling,6.539999999999905,0.025360505155219672,2.7997405814273417,34,34,0,2.798500975176737,0.26,0.2617993877991494,9.81,1,1,12,21,41,-3.0,3.0,0.01,30.0,60.0,1e-09,1e-12,6,0.0001,1,new simulation,nan
15,25,0.39089969389957463,0.75,0.49999999999999967,rolling,6.489999999999906,0.009109637046377489,2.7987611256215783,34,34,0,2.7985056998901996,0.26,0.2617993877991494,9.81,1,1,12,21,41,-3.0,3.0,0.01,30.0,60.0,1e-09,1e-12,6,0.0001,1,new simulation,nan
15,26,0.39089969389957463,0.8999999999999999,0.49999999999999967,rolling,6.449999999999907,0.02024302476224732,2.7993362672675137,34,34,0,2.798511467075309,0.26,0.2617993877991494,9.81,1,1,12,21,41,-3.0,3.0,0.01,30.0,60.0,1e-09,1e-12,6,0.0001,1,new simulation,nan
15,27,0.39089969389957463,1.0499999999999998,0.49999999999999967,rolling,6.399999999999908,0.0017323198113873973,2.798626396428449,34,34,0,2.7985182879783355,0.26,0.2617993877991494,9.81,1,1,12,21,41,-3.0,3.0,0.01,30.0,60.0,1e-09,1e-12,6,0.0001,1,new simulation,nan
15,28,0.39089969389957463,1.2000000000000002,0.49999999999999967,rolling,6.359999999999909,0.008857979391535724,2.798762059498934,34,34,0,2.7985261571260995,0.26,0.2617993877991494,9.81,1,1,12,21,41,-3.0,3.0,0.01,30.0,60.0,1e-09,1e-12,6,0.0001,1,new simulation,nan
15,29,0.39089969389957463,1.3499999999999996,0.49999999999999967,rolling,6.31999999999991,0.013220273716947529,2.798934704624145,34,34,0,2.798535075096746,0.26,0.2617993877991494,9.81,1,1,12,21,41,-3.0,3.0,0.01,30.0,60.0,1e-09,1e-12,6,0.0001,1,new simulation,nan
15,30,0.39089969389957463,1.5,0.49999999999999967,rolling,6.2799999999999105,0.01461187391553474,2.799006892408782,34,34,0,2.7985450422170435,0.26,0.2617993877991494,9.81,1,1,12,21,41,-3.0,3.0,0.01,30.0,60.0,1e-09,1e-12,6,0.0001,1,new simulation,nan
15,31,0.39089969389957463,1.6499999999999995,0.49999999999999967,rolling,6.059999999999915,0.007242711059374093,2.7987072515880302,33,33,0,2.7985048422130903,0.26,0.2617993877991494,9.81,1,1,12,21,41,-3.0,3.0,0.01,30.0,60.0,1e-09,1e-12,6,0.0001,1,new simulation,nan
15,32,0.39089969389957463,1.7999999999999998,0.49999999999999967,rolling,6.019999999999916,0.0025658026299874978,2.798633817211453,33,33,0,2.7985209270069915,0.26,0.2617993877991494,9.81,1,1,12,21,41,-3.0,3.0,0.01,30.0,60.0,1e-09,1e-12,6,0.0001,1,new simulation,nan
15,33,0.39089969389957463,1.9500000000000002,0.49999999999999967,rolling,5.989999999999917,0.02291817512306377,2.7995502225746596,33,33,0,2.7985384130036084,0.26,0.2617993877991494,9.81,1,1,12,21,41,-3.0,3.0,0.01,30.0,60.0,1e-09,1e-12,6,0.0001,1,new simulation,nan
15,34,0.39089969389957463,2.0999999999999996,0.49999999999999967,rolling,5.769999999999921,0.006696193809140846,2.7986946192053686,32,32,0,2.7985064966706132,0.26,0.2617993877991494,9.81,1,1,12,21,41,-3.0,3.0,0.01,30.0,60.0,1e-09,1e-12,6,0.0001,1,new simulation,nan
15,35,0.39089969389957463,2.25,0.49999999999999967,rolling,5.739999999999922,0.021428043645776176,2.7994323433625077,32,32,0,2.7985335427579567,0.26,0.2617993877991494,9.81,1,1,12,21,41,-3.0,3.0,0.01,30.0,60.0,1e-09,1e-12,6,0.0001,1,new simulation,nan
15,36,0.39089969389957463,2.3999999999999995,0.49999999999999967,rolling,5.519999999999927,-0.00018775509486501402,2.7986190679822385,31,31,0,2.798513366547825,0.26,0.2617993877991494,9.81,1,1,12,21,41,-3.0,3.0,0.01,30.0,60.0,1e-09,1e-12,6,0.0001,1,new simulation,nan
15,37,0.39089969389957463,2.55,0.49999999999999967,rolling,5.309999999999931,0.0036616346608630687,2.7986378555527054,30,30,0,2.798502631253513,0.26,0.2617993877991494,9.81,1,1,12,21,41,-3.0,3.0,0.01,30.0,60.0,1e-09,1e-12,6,0.0001,1,new simulation,nan
15,38,0.39089969389957463,2.7,0.49999999999999967,rolling,5.099999999999936,0.005099741938189669,2.798663554369854,29,29,0,2.7985109763934743,0.26,0.2617993877991494,9.81,1,1,12,21,41,-3.0,3.0,0.01,30.0,60.0,1e-09,1e-12,6,0.0001,1,new simulation,nan
15,39,0.39089969389957463,2.8499999999999996,0.49999999999999967,rolling,4.709999999999944,-0.0014859605470584584,2.7986178733972085,27,27,0,2.7985018150400585,0.26,0.2617993877991494,9.81,1,1,12,21,41,-3.0,3.0,0.01,30.0,60.0,1e-09,1e-12,6,0.0001,1,new simulation,nan
15,40,0.39089969389957463,3.0,0.49999999999999967,rolling,3.9699999999999593,0.006245748246679141,2.79869763791279,23,23,0,2.7985370651951467,0.26,0.2617993877991494,9.81,1,1,12,21,41,-3.0,3.0,0.01,30.0,60.0,1e-09,1e-12,6,0.0001,1,new simulation,nan
16,0,0.41707963267948955,-3.0,0.5999999999999996,rolling,7.71999999999988,0.02074884022939874,2.799374789175229,36,34,2,2.7985165327681205,0.26,0.2617993877991494,9.81,1,1,12,21,41,-3.0,3.0,0.01,30.0,60.0,1e-09,1e-12,6,0.0001,1,new simulation,nan
16,1,0.41707963267948955,-2.85,0.5999999999999996,rolling,7.539999999999884,0.010691361750364484,2.7988157235166424,36,34,2,2.798505027379077,0.26,0.2617993877991494,9.81,1,1,12,21,41,-3.0,3.0,0.01,30.0,60.0,1e-09,1e-12,6,0.0001,1,new simulation,nan
16,2,0.41707963267948955,-2.7,0.5999999999999996,rolling,7.489999999999885,0.019410054128588514,2.799270885067466,36,34,2,2.798494111384174,0.26,0.2617993877991494,9.81,1,1,12,21,41,-3.0,3.0,0.01,30.0,60.0,1e-09,1e-12,6,0.0001,1,new simulation,nan
16,3,0.41707963267948955,-2.55,0.5999999999999996,rolling,7.6899999999998805,0.02409679875814573,2.799648101698538,37,35,2,2.798540261657376,0.26,0.2617993877991494,9.81,1,1,12,21,41,-3.0,3.0,0.01,30.0,60.0,1e-09,1e-12,6,0.0001,1,new simulation,nan
16,4,0.41707963267948955,-2.4,0.5999999999999996,rolling,7.819999999999878,0.019982990230471235,2.799327245442914,37,35,2,2.7985329596209545,0.26,0.2617993877991494,9.81,1,1,12,21,41,-3.0,3.0,0.01,30.0,60.0,1e-09,1e-12,6,0.0001,1,new simulation,nan
16,5,0.41707963267948955,-2.25,0.5999999999999996,rolling,8.059999999999873,0.0024369185792630704,2.7986345937844046,35,34,1,2.79852532824269,0.26,0.2617993877991494,9.81,1,1,12,21,41,-3.0,3.0,0.01,30.0,60.0,1e-09,1e-12,6,0.0001,1,new simulation,nan
16,6,0.41707963267948955,-2.1,0.5999999999999996,rolling,7.459999999999885,0.013610295287839644,2.798943881754817,35,34,1,2.7985139180371106,0.26,0.2617993877991494,9.81,1,1,12,21,41,-3.0,3.0,0.01,30.0,60.0,1e-09,1e-12,6,0.0001,1,new simulation,nan
16,7,0.41707963267948955,-1.95,0.5999999999999996,rolling,7.319999999999888,0.023959698164825582,2.7996205584173244,35,34,1,2.798503297325261,0.26,0.2617993877991494,9.81,1,1,12,21,41,-3.0,3.0,0.01,30.0,60.0,1e-09,1e-12,6,0.0001,1,new simulation,nan
16,8,0.41707963267948955,-1.8,0.5999999999999996,rolling,7.25999999999989,0.005946316107021069,2.798672357706453,35,34,1,2.79849346137852,0.26,0.2617993877991494,9.81,1,1,12,21,41,-3.0,3.0,0.01,30.0,60.0,1e-09,1e-12,6,0.0001,1,new simulation,nan
16,9,0.41707963267948955,-1.6500000000000001,0.5999999999999996,rolling,7.439999999999886,0.004201869122738466,2.798661800692561,36,35,1,2.7985407350782743,0.26,0.2617993877991494,9.81,1,1,12,21,41,-3.0,3.0,0.01,30.0,60.0,1e-09,1e-12,6,0.0001,1,new simulation,nan
16,10,0.41707963267948955,-1.5,0.5999999999999996,rolling,7.519999999999884,0.02597762511894883,2.7998106073602083,36,35,1,2.798534538115231,0.26,0.2617993877991494,9.81,1,1,12,21,41,-3.0,3.0,0.01,30.0,60.0,1e-09,1e-12,6,0.0001,1,new simulation,nan
16,11,0.41707963267948955,-1.35,0.5999999999999996,rolling,7.819999999999878,0.022584196640546103,2.7995194950612725,36,35,1,2.798528932280598,0.26,0.2617993877991494,9.81,1,1,12,21,41,-3.0,3.0,0.01,30.0,60.0,1e-09,1e-12,6,0.0001,1,new simulation,nan
16,12,0.41707963267948955,-1.2000000000000002,0.5999999999999996,rolling,7.4099999999998865,0.015909356727334546,2.7990660692166918,34,34,0,2.798521448013663,0.26,0.2617993877991494,9.81,1,1,12,21,41,-3.0,3.0,0.01,30.0,60.0,1e-09,1e-12,6,0.0001,1,new simulation,nan
16,13,0.41707963267948955,-1.05,0.5999999999999996,rolling,7.129999999999892,0.000983072762454224,2.7986207940111107,34,34,0,2.798513581603965,0.26,0.2617993877991494,9.81,1,1,12,21,41,-3.0,3.0,0.01,30.0,60.0,1e-09,1e-12,6,0.0001,1,new simulation,nan
16,14,0.41707963267948955,-0.8999999999999999,0.5999999999999996,rolling,7.009999999999895,0.024986825782424543,2.7997101283928387,34,34,0,2.7985067607153553,0.26,0.2617993877991494,9.81,1,1,12,21,41,-3.0,3.0,0.01,30.0,60.0,1e-09,1e-12,6,0.0001,1,new simulation,nan
16,15,0.41707963267948955,-0.75,0.5999999999999996,rolling,6.919999999999897,-0.0014362994042797965,2.7986172653806602,34,34,0,2.7985009934979588,0.26,0.2617993877991494,9.81,1,1,12,21,41,-3.0,3.0,0.01,30.0,60.0,1e-09,1e-12,6,0.0001,1,new simulation,nan
16,16,0.41707963267948955,-0.6000000000000001,0.5999999999999996,rolling,6.869999999999898,0.019136577270055074,2.7992533494567375,34,34,0,2.798496270243342,0.26,0.2617993877991494,9.81,1,1,12,21,41,-3.0,3.0,0.01,30.0,60.0,1e-09,1e-12,6,0.0001,1,new simulation,nan
16,17,0.41707963267948955,-0.4500000000000002,0.5999999999999996,rolling,6.819999999999899,0.0047376854118739995,2.798649352810831,34,34,0,2.7984925978451933,0.26,0.2617993877991494,9.81,1,1,12,21,41,-3.0,3.0,0.01,30.0,60.0,1e-09,1e-12,6,0.0001,1,new simulation,nan
16,18,0.41707963267948955,-0.30000000000000027,0.5999999999999996,rolling,6.959999999999896,0.0062376591086935225,2.7987008553852237,35,35,0,2.7985449067397608,0.26,0.2617993877991494,9.81,1,1,12,21,41,-3.0,3.0,0.01,30.0,60.0,1e-09,1e-12,6,0.0001,1,new simulation,nan
16,19,0.41707963267948955,-0.1499999999999999,0.5999999999999996,rolling,6.929999999999897,0.023741907559920308,2.799619857497702,35,35,0,2.7985437261610606,0.26,0.2617993877991494,9.81,1,1,12,21,41,-3.0,3.0,0.01,30.0,60.0,1e-09,1e-12,6,0.0001,1,new simulation,nan
16,20,0.41707963267948955,0.0,0.5999999999999996,rolling,6.8899999999998975,0.014860604278543719,2.799018998745905,35,35,0,2.7985433332433587,0.26,0.2617993877991494,9.81,1,1,12,21,41,-3.0,3.0,0.01,30.0,60.0,1e-09,1e-12,6,0.0001,1,new simulation,nan
16,21,0.41707963267948955,0.1499999999999999,0.5999999999999996,rolling,6.849999999999898,0.012029362814420928,2.7988857562024276,35,35,0,2.798543727572486,0.26,0.2617993877991494,9.81,1,1,12,21,41,-3.0,3.0,0.01,30.0,60.0,1e-09,1e-12,6,0.0001,1,new simulation,nan
16,22,0.41707963267948955,0.2999999999999998,0.5999999999999996,rolling,6.809999999999899,0.016433982286792166,2.799105958039297,35,35,0,2.798544905367203,0.26,0.2617993877991494,9.81,1,1,12,21,41,-3.0,3.0,0.01,30.0,60.0,1e-09,1e-12,6,0.0001,1,new simulation,nan
16,23,0.41707963267948955,0.44999999999999973,0.5999999999999996,rolling,6.589999999999904,0.021127763348421914,2.7993922314522646,34,34,0,2.7984925989409457,0.26,0.2617993877991494,9.81,1,1,12,21,41,-3.0,3.0,0.01,30.0,60.0,1e-09,1e-12,6,0.0001,1,new simulation,nan
16,24,0.41707963267948955,0.5999999999999996,0.5999999999999996,rolling,6.539999999999905,0.00718890602062291,2.798702181932516,34,34,0,2.798496270847703,0.26,0.2617993877991494,9.81,1,1,12,21,41,-3.0,3.0,0.01,30.0,60.0,1e-09,1e-12,6,0.0001,1,new simulation,nan
16,25,0.41707963267948955,0.75,0.5999999999999996,rolling,6.499999999999906,0.02245063896098491,2.799496864728211,34,34,0,2.7985009928112774,0.26,0.2617993877991494,9.81,1,1,12,21,41,-3.0,3.0,0.01,30.0,60.0,1e-09,1e-12,6,0.0001,1,new simulation,nan
16,26,0.41707963267948955,0.8999999999999999,0.5999999999999996,rolling,6.449999999999907,0.009004025676360569,2.7987582336736794,34,34,0,2.7985067611742083,0.26,0.2617993877991494,9.81,1,1,12,21,41,-3.0,3.0,0.01,30.0,60.0,1e-09,1e-12,6,0.0001,1,new simulation,nan
16,27,0.41707963267948955,1.0499999999999998,0.5999999999999996,rolling,6.409999999999908,0.02152537909604278,2.7994310256749015,34,34,0,2.798513580265849,0.26,0.2617993877991494,9.81,1,1,12,21,41,-3.0,3.0,0.01,30.0,60.0,1e-09,1e-12,6,0.0001,1,new simulation,nan
16,28,0.41707963267948955,1.2000000000000002,0.5999999999999996,rolling,6.359999999999909,0.0032576582196358677,2.7986411053626035,34,34,0,2.798521448762551,0.26,0.2617993877991494,9.81,1,1,12,21,41,-3.0,3.0,0.01,30.0,60.0,1e-09,1e-12,6,0.0001,1,new simulation,nan
16,29,0.41707963267948955,1.3499999999999996,0.5999999999999996,rolling,6.31999999999991,0.009779629628768079,2.7987939879780046,34,34,0,2.798530368413818,0.26,0.2617993877991494,9.81,1,1,12,21,41,-3.0,3.0,0.01,30.0,60.0,1e-09,1e-12,6,0.0001,1,new simulation,nan
16,30,0.41707963267948955,1.5,0.5999999999999996,rolling,6.2799999999999105,0.012946030297779907,2.7989244060432057,34,34,0,2.7985403328993814,0.26,0.2617993877991494,9.81,1,1,12,21,41,-3.0,3.0,0.01,30.0,60.0,1e-09,1e-12,6,0.0001,1,new simulation,nan
16,31,0.41707963267948955,1.6499999999999995,0.5999999999999996,rolling,6.059999999999915,0.007027183155592998,2.7986991424613437,33,33,0,2.7984985643838094,0.26,0.2617993877991494,9.81,1,1,12,21,41,-3.0,3.0,0.01,30.0,60.0,1e-09,1e-12,6,0.0001,1,new simulation,nan
16,32,0.41707963267948955,1.7999999999999998,0.5999999999999996,rolling,6.019999999999916,0.0035322103281180137,2.798641431389494,33,33,0,2.798514653453504,0.26,0.2617993877991494,9.81,1,1,12,21,41,-3.0,3.0,0.01,30.0,60.0,1e-09,1e-12,6,0.0001,1,new simulation,nan
16,33,0.41707963267948955,1.9500000000000002,0.5999999999999996,rolling,5.989999999999917,0.024849148087576347,2.799709091303279,33,33,0,2.7985321354081165,0.26,0.2617993877991494,9.81,1,1,12,21,41,-3.0,3.0,0.01,30.0,60.0,1e-09,1e-12,6,0.0001,1,new simulation,nan
16,34,0.41707963267948955,2.0999999999999996,0.5999999999999996,rolling,5.769999999999921,0.009414282958737065,2.798767740612685,32,32,0,2.798498128960819,0.26,0.2617993877991494,9.81,1,1,12,21,41,-3.0,3.0,0.01,30.0,60.0,1e-09,1e-12,6,0.0001,1,new simulation,nan
16,35,0.41707963267948955,2.25,0.5999999999999996,rolling,5.739999999999922,0.024790908264901712,2.7997010138761116,32,32,0,2.798525173563272,0.26,0.2617993877991494,9.81,1,1,12,21,41,-3.0,3.0,0.01,30.0,60.0,1e-09,1e-12,6,0.0001,1,new simulation,nan
16,36,0.41707963267948955,2.3999999999999995,0.5999999999999996,rolling,5.519999999999927,0.0037020428015308643,2.7986381953399087,31,31,0,2.7985022087348455,0.26,0.2617993877991494,9.81,1,1,12,21,41,-3.0,3.0,0.01,30.0,60.0,1e-09,1e-12,6,0.0001,1,new simulation,nan
16,37,0.41707963267948955,2.55,0.5999999999999996,rolling,5.489999999999927,0.013702822922233062,2.7989610081842704,31,31,0,2.798543241974134,0.26,0.2617993877991494,9.81,1,1,12,21,41,-3.0,3.0,0.01,30.0,60.0,1e-09,1e-12,6,0.0001,1,new simulation,nan
16,38,0.41707963267948955,2.7,0.5999999999999996,rolling,5.099999999999936,0.009778551759967039,2.7987769667850433,29,29,0,2.7984911414115987,0.26,0.2617993877991494,9.81,1,1,12,21,41,-3.0,3.0,0.01,30.0,60.0,1e-09,1e-12,6,0.0001,1,new simulation,nan
16,39,0.41707963267948955,2.8499999999999996,0.5999999999999996,rolling,4.88999999999994,0.009203386267076985,2.798773503748816,28,28,0,2.7985273387271783,0.26,0.2617993877991494,9.81,1,1,12,21,41,-3.0,3.0,0.01,30.0,60.0,1e-09,1e-12,6,0.0001,1,new simulation,nan
16,40,0.41707963267948955,3.0,0.5999999999999996,rolling,4.149999999999956,0.017191312089788444,2.7991296807848163,24,24,0,2.79849663405059,0.26,0.2617993877991494,9.81,1,1,12,21,41,-3.0,3.0,0.01,30.0,60.0,1e-09,1e-12,6,0.0001,1,new simulation,nan
17,0,0.4432595714594045,-3.0,0.6999999999999995,rolling,7.659999999999881,0.0024654807509918346,2.7986298154466818,36,34,2,2.798513726076839,0.26,0.2617993877991494,9.81,1,1,12,21,41,-3.0,3.0,0.01,30.0,60.0,1e-09,1e-12,6,0.0001,1,new simulation,nan
17,1,0.4432595714594045,-2.85,0.6999999999999995,rolling,7.529999999999884,0.016185796835628288,2.7990732921427797,36,34,2,2.7985022174405523,0.26,0.2617993877991494,9.81,1,1,12,21,41,-3.0,3.0,0.01,30.0,60.0,1e-09,1e-12,6,0.0001,1,new simulation,nan
17,2,0.4432595714594045,-2.7,0.6999999999999995,rolling,7.4999999999998845,0.024838266379466248,2.799690470257123,36,34,2,2.798491300738604,0.26,0.2617993877991494,9.81,1,1,12,21,41,-3.0,3.0,0.01,30.0,60.0,1e-09,1e-12,6,0.0001,1,new simulation,nan
17,3,0.4432595714594045,-2.55,0.6999999999999995,rolling,7.71999999999988,0.019674469309372247,2.7993080595620046,37,35,2,2.7985381560156277,0.26,0.2617993877991494,9.81,1,1,12,21,41,-3.0,3.0,0.01,30.0,60.0,1e-09,1e-12,6,0.0001,1,new simulation,nan
17,4,0.4432595714594045,-2.4,0.6999999999999995,rolling,7.929999999999875,0.025533573861613115,2.799768943924649,37,35,2,2.7985308524645394,0.26,0.2617993877991494,9.81,1,1,12,21,41,-3.0,3.0,0.01,30.0,60.0,1e-09,1e-12,6,0.0001,1,new simulation,nan
17,5,0.4432595714594045,-2.25,0.6999999999999995,rolling,7.71999999999988,0.0035618952700270596,2.798644798777802,35,34,1,2.7985215827261487,0.26,0.2617993877991494,9.81,1,1,12,21,41,-3.0,3.0,0.01,30.0,60.0,1e-09,1e-12,6,0.0001,1,new simulation,nan
17,6,0.4432595714594045,-2.1,0.6999999999999995,rolling,7.4099999999998865,0.02120318516203959,2.7994054322277115,35,34,1,2.798510175715293,0.26,0.2617993877991494,9.81,1,1,12,21,41,-3.0,3.0,0.01,30.0,60.0,1e-09,1e-12,6,0.0001,1,new simulation,nan
17,7,0.4432595714594045,-1.95,0.6999999999999995,rolling,7.299999999999889,0.0062139250756319386,2.7986806988318493,35,34,1,2.7984995520011293,0.26,0.2617993877991494,9.81,1,1,12,21,41,-3.0,3.0,0.01,30.0,60.0,1e-09,1e-12,6,0.0001,1,new simulation,nan
17,8,0.4432595714594045,-1.8,0.6999999999999995,rolling,7.449999999999886,0.013573439041133733,2.798955458216275,36,35,1,2.798544711794419,0.26,0.2617993877991494,9.81,1,1,12,21,41,-3.0,3.0,0.01,30.0,60.0,1e-09,1e-12,6,0.0001,1,new simulation,nan
17,9,0.4432595714594045,-1.6500000000000001,0.6999999999999995,rolling,7.479999999999885,0.013172727263408643,2.7989337411093542,36,35,1,2.798537925806187,0.26,0.2617993877991494,9.81,1,1,12,21,41,-3.0,3.0,0.01,30.0,60.0,1e-09,1e-12,6,0.0001,1,new simulation,nan
17,10,0.4432595714594045,-1.5,0.6999999999999995,rolling,7.619999999999882,0.011890746348151402,2.798874749592227,36,35,1,2.7985317289791283,0.26,0.2617993877991494,9.81,1,1,12,21,41,-3.0,3.0,0.01,30.0,60.0,1e-09,1e-12,6,0.0001,1,new simulation,nan
17,11,0.4432595714594045,-1.35,0.6999999999999995,rolling,7.809999999999878,0.023972728660073734,2.7996312077329635,34,34,0,2.798525373037845,0.26,0.2617993877991494,9.81,1,1,12,21,41,-3.0,3.0,0.01,30.0,60.0,1e-09,1e-12,6,0.0001,1,new simulation,nan
17,12,0.4432595714594045,-1.2000000000000002,0.6999999999999995,rolling,7.22999999999989,0.00723938764709813,2.7987121962674646,34,34,0,2.7985164553763404,0.26,0.2617993877991494,9.81,1,1,12,21,41,-3.0,3.0,0.01,30.0,60.0,1e-09,1e-12,6,0.0001,1,new simulation,nan
17,13,0.4432595714594045,-1.05,0.6999999999999995,rolling,7.059999999999894,0.00807347681228934,2.7987311727568867,34,34,0,2.7985085862615002,0.26,0.2617993877991494,9.81,1,1,12,21,41,-3.0,3.0,0.01,30.0,60.0,1e-09,1e-12,6,0.0001,1,new simulation,nan
17,14,0.4432595714594045,-0.8999999999999999,0.6999999999999995,rolling,6.969999999999896,0.02293968410418967,2.7995360908810567,34,34,0,2.7985017684578444,0.26,0.2617993877991494,9.81,1,1,12,21,41,-3.0,3.0,0.01,30.0,60.0,1e-09,1e-12,6,0.0001,1,new simulation,nan
17,15,0.4432595714594045,-0.75,0.6999999999999995,rolling,6.899999999999897,0.002696373759858866,2.7986242278906204,34,34,0,2.7984959974930685,0.26,0.2617993877991494,9.81,1,1,12,21,41,-3.0,3.0,0.01,30.0,60.0,1e-09,1e-12,6,0.0001,1,new simulation,nan
17,16,0.4432595714594045,-0.6000000000000001,0.6999999999999995,rolling,6.859999999999898,0.017491976514099793,2.7991456370696524,34,34,0,2.798491276530928,0.26,0.2617993877991494,9.81,1,1,12,21,41,-3.0,3.0,0.01,30.0,60.0,1e-09,1e-12,6,0.0001,1,new simulation,nan
17,17,0.4432595714594045,-0.4500000000000002,0.6999999999999995,rolling,6.999999999999895,0.010866473379559453,2.798838836905927,35,35,0,2.798543128087227,0.26,0.2617993877991494,9.81,1,1,12,21,41,-3.0,3.0,0.01,30.0,60.0,1e-09,1e-12,6,0.0001,1,new simulation,nan
17,18,0.4432595714594045,-0.30000000000000027,0.6999999999999995,rolling,6.969999999999896,0.014060941839895699,2.7989775288244663,35,35,0,2.798541161966055,0.26,0.2617993877991494,9.81,1,1,12,21,41,-3.0,3.0,0.01,30.0,60.0,1e-09,1e-12,6,0.0001,1,new simulation,nan
17,19,0.4432595714594045,-0.1499999999999999,0.6999999999999995,rolling,6.9399999999998965,0.01633063807639033,2.7990978933005732,35,35,0,2.798539982688339,0.26,0.2617993877991494,9.81,1,1,12,21,41,-3.0,3.0,0.01,30.0,60.0,1e-09,1e-12,6,0.0001,1,new simulation,nan
17,20,0.4432595714594045,0.0,0.6999999999999995,rolling,6.899999999999897,-0.0016455757546189151,2.7986351065615636,35,35,0,2.7985395872402568,0.26,0.2617993877991494,9.81,1,1,12,21,41,-3.0,3.0,0.01,30.0,60.0,1e-09,1e-12,6,0.0001,1,new simulation,nan
17,21,0.4432595714594045,0.1499999999999999,0.6999999999999995,rolling,6.869999999999898,0.02073398506203282,2.7993838605147876,35,35,0,2.798539982879593,0.26,0.2617993877991494,9.81,1,1,12,21,41,-3.0,3.0,0.01,30.0,60.0,1e-09,1e-12,6,0.0001,1,new simulation,nan
17,22,0.4432595714594045,0.2999999999999998,0.6999999999999995,rolling,6.819999999999899,-0.00045630621160863585,2.7986314044406235,35,35,0,2.798541160747605,0.26,0.2617993877991494,9.81,1,1,12,21,41,-3.0,3.0,0.01,30.0,60.0,1e-09,1e-12,6,0.0001,1,new simulation,nan
17,23,0.4432595714594045,0.44999999999999973,0.6999999999999995,rolling,6.7799999999999,0.015486558910743322,2.799052196532918,35,35,0,2.7985431280963327,0.26,0.2617993877991494,9.81,1,1,12,21,41,-3.0,3.0,0.01,30.0,60.0,1e-09,1e-12,6,0.0001,1,new simulation,nan
17,24,0.4432595714594045,0.5999999999999996,0.6999999999999995,rolling,6.549999999999905,0.0025397217559726326,2.7986207471167273,34,34,0,2.7984912764539778,0.26,0.2617993877991494,9.81,1,1,12,21,41,-3.0,3.0,0.01,30.0,60.0,1e-09,1e-12,6,0.0001,1,new simulation,nan
17,25,0.4432595714594045,0.75,0.6999999999999995,rolling,6.509999999999906,0.024380386544993294,2.7996530241374455,34,34,0,2.7984959979300013,0.26,0.2617993877991494,9.81,1,1,12,21,41,-3.0,3.0,0.01,30.0,60.0,1e-09,1e-12,6,0.0001,1,new simulation,nan
17,26,0.4432595714594045,0.8999999999999999,0.6999999999999995,rolling,6.459999999999907,0.016749353425658826,2.799105621356577,34,34,0,2.7985017675067305,0.26,0.2617993877991494,9.81,1,1,12,21,41,-3.0,3.0,0.01,30.0,60.0,1e-09,1e-12,6,0.0001,1,new simulation,nan
17,27,0.4432595714594045,1.0499999999999998,0.6999999999999995,rolling,6.409999999999908,0.006150688534972058,2.7986832399810906,34,34,0,2.7985085866691364,0.26,0.2617993877991494,9.81,1,1,12,21,41,-3.0,3.0,0.01,30.0,60.0,1e-09,1e-12,6,0.0001,1,new simulation,nan
17,28,0.4432595714594045,1.2000000000000002,0.6999999999999995,rolling,6.369999999999909,0.019838106930321456,2.799309993829313,34,34,0,2.798516455910093,0.26,0.2617993877991494,9.81,1,1,12,21,41,-3.0,3.0,0.01,30.0,60.0,1e-09,1e-12,6,0.0001,1,new simulation,nan
17,29,0.4432595714594045,1.3499999999999996,0.6999999999999995,rolling,6.31999999999991,0.0015614872414875121,2.7986284781855164,34,34,0,2.798525372359142,0.26,0.2617993877991494,9.81,1,1,12,21,41,-3.0,3.0,0.01,30.0,60.0,1e-09,1e-12,6,0.0001,1,new simulation,nan
17,30,0.4432595714594045,1.5,0.6999999999999995,rolling,6.2799999999999105,0.007283857383315268,2.7987215059486394,34,34,0,2.7985353403401985,0.26,0.2617993877991494,9.81,1,1,12,21,41,-3.0,3.0,0.01,30.0,60.0,1e-09,1e-12,6,0.0001,1,new simulation,nan
17,31,0.4432595714594045,1.6499999999999995,0.6999999999999995,rolling,6.059999999999915,0.003417176770343591,2.7986301798463935,33,33,0,2.798491907587314,0.26,0.2617993877991494,9.81,1,1,12,21,41,-3.0,3.0,0.01,30.0,60.0,1e-09,1e-12,6,0.0001,1,new simulation,nan
17,32,0.4432595714594045,1.7999999999999998,0.6999999999999995,rolling,6.019999999999916,0.0015750015600352447,2.7986210299521317,33,33,0,2.7985079942981343,0.26,0.2617993877991494,9.81,1,1,12,21,41,-3.0,3.0,0.01,30.0,60.0,1e-09,1e-12,6,0.0001,1,new simulation,nan
17,33,0.4432595714594045,1.9500000000000002,0.6999999999999995,rolling,5.989999999999917,0.024230115286164033,2.7996529887325567,33,33,0,2.7985254790728127,0.26,0.2617993877991494,9.81,1,1,12,21,41,-3.0,3.0,0.01,30.0,60.0,1e-09,1e-12,6,0.0001,1,new simulation,nan
17,34,0.4432595714594045,2.0999999999999996,0.6999999999999995,rolling,5.949999999999918,0.015604323920704141,2.799059146868212,33,33,0,2.7985443636052474,0.26,0.2617993877991494,9.81,1,1,12,21,41,-3.0,3.0,0.01,30.0,60.0,1e-09,1e-12,6,0.0001,1,new simulation,nan
17,35,0.4432595714594045,2.25,0.6999999999999995,rolling,5.739999999999922,0.02615510384495981,2.79981891737065,32,32,0,2.79851629435718,0.26,0.2617993877991494,9.81,1,1,12,21,41,-3.0,3.0,0.01,30.0,60.0,1e-09,1e-12,6,0.0001,1,new simulation,nan
17,36,0.4432595714594045,2.3999999999999995,0.6999999999999995,rolling,5.699999999999923,0.01151830787703047,2.798865305425492,32,32,0,2.79854520447936,0.26,0.2617993877991494,9.81,1,1,12,21,41,-3.0,3.0,0.01,30.0,60.0,1e-09,1e-12,6,0.0001,1,new simulation,nan
17,37,0.4432595714594045,2.55,0.6999999999999995,rolling,5.489999999999927,0.016407186502748024,2.7990985701195155,31,31,0,2.7985314037702236,0.26,0.2617993877991494,9.81,1,1,12,21,41,-3.0,3.0,0.01,30.0,60.0,1e-09,1e-12,6,0.0001,1,new simulation,nan
17,38,0.4432595714594045,2.7,0.6999999999999995,rolling,5.279999999999932,0.018704725724767834,2.7992393159107682,30,30,0,2.7985299971767517,0.26,0.2617993877991494,9.81,1,1,12,21,41,-3.0,3.0,0.01,30.0,60.0,1e-09,1e-12,6,0.0001,1,new simulation,nan
17,39,0.4432595714594045,2.8499999999999996,0.6999999999999995,rolling,4.88999999999994,0.012831189226712328,2.798901444854275,28,28,0,2.798499281975628,0.26,0.2617993877991494,9.81,1,1,12,21,41,-3.0,3.0,0.01,30.0,60.0,1e-09,1e-12,6,0.0001,1,new simulation,nan
17,40,0.4432595714594045,3.0,0.6999999999999995,rolling,4.4999999999999485,0.0046249372607050235,2.798668015315791,26,26,0,2.7985399708083905,0.26,0.2617993877991494,9.81,1,1,12,21,41,-3.0,3.0,0.01,30.0,60.0,1e-09,1e-12,6,0.0001,1,new simulation,nan
18,0,0.4694395102393194,-3.0,0.7999999999999995,rolling,7.619999999999882,0.0038205100218483556,2.79864345751569,36,34,2,2.7985107569418197,0.26,0.2617993877991494,9.81,1,1,12,21,41,-3.0,3.0,0.01,30.0,60.0,1e-09,1e-12,6,0.0001,1,new simulation,nan
18,1,0.4694395102393194,-2.85,0.7999999999999995,rolling,7.519999999999884,0.007921925978727705,2.798722881653804,36,34,2,2.7984992486213547,0.26,0.2617993877991494,9.81,1,1,12,21,41,-3.0,3.0,0.01,30.0,60.0,1e-09,1e-12,6,0.0001,1,new simulation,nan
18,2,0.4694395102393194,-2.7,0.7999999999999995,rolling,7.6899999999998805,0.020451751393472856,2.7993650925755635,37,35,2,2.7985436748734593,0.26,0.2617993877991494,9.81,1,1,12,21,41,-3.0,3.0,0.01,30.0,60.0,1e-09,1e-12,6,0.0001,1,new simulation,nan
18,3,0.4694395102393194,-2.55,0.7999999999999995,rolling,7.759999999999879,0.0066963259106337155,2.79870736535138,37,35,2,2.798535928620044,0.26,0.2617993877991494,9.81,1,1,12,21,41,-3.0,3.0,0.01,30.0,60.0,1e-09,1e-12,6,0.0001,1,new simulation,nan
18,4,0.4694395102393194,-2.4,0.7999999999999995,rolling,8.15999999999987,0.00880776254107625,2.798761576258797,37,35,2,2.798528627304512,0.26,0.2617993877991494,9.81,1,1,12,21,41,-3.0,3.0,0.01,30.0,60.0,1e-09,1e-12,6,0.0001,1,new simulation,nan
18,5,0.4694395102393194,-2.25,0.7999999999999995,rolling,7.579999999999883,0.024838368210494986,2.799701874299949,35,34,1,2.7985176265724445,0.26,0.2617993877991494,9.81,1,1,12,21,41,-3.0,3.0,0.01,30.0,60.0,1e-09,1e-12,6,0.0001,1,new simulation,nan
18,6,0.4694395102393194,-2.1,0.7999999999999995,rolling,7.369999999999887,0.013516967397602104,2.7989361116612983,35,34,1,2.798506217476039,0.26,0.2617993877991494,9.81,1,1,12,21,41,-3.0,3.0,0.01,30.0,60.0,1e-09,1e-12,6,0.0001,1,new simulation,nan
18,7,0.4694395102393194,-1.95,0.7999999999999995,rolling,7.299999999999889,0.021422517761905843,2.79941550326653,35,34,1,2.7984955961035163,0.26,0.2617993877991494,9.81,1,1,12,21,41,-3.0,3.0,0.01,30.0,60.0,1e-09,1e-12,6,0.0001,1,new simulation,nan
18,8,0.4694395102393194,-1.8,0.7999999999999995,rolling,7.469999999999885,0.015149630046261152,2.799033510614052,36,35,1,2.7985417447165783,0.26,0.2617993877991494,9.81,1,1,12,21,41,-3.0,3.0,0.01,30.0,60.0,1e-09,1e-12,6,0.0001,1,new simulation,nan
18,9,0.4694395102393194,-1.6500000000000001,0.7999999999999995,rolling,7.539999999999884,0.013385596711607974,2.7989423628321752,36,35,1,2.7985349578853964,0.26,0.2617993877991494,9.81,1,1,12,21,41,-3.0,3.0,0.01,30.0,60.0,1e-09,1e-12,6,0.0001,1,new simulation,nan
18,10,0.4694395102393194,-1.5,0.7999999999999995,rolling,7.879999999999876,0.01741282467285533,2.7991570239175294,36,35,1,2.798528762294868,0.26,0.2617993877991494,9.81,1,1,12,21,41,-3.0,3.0,0.01,30.0,60.0,1e-09,1e-12,6,0.0001,1,new simulation,nan
18,11,0.4694395102393194,-1.35,0.7999999999999995,rolling,7.379999999999887,0.005570815610481843,2.7986763128583214,34,34,0,2.798520097267243,0.26,0.2617993877991494,9.81,1,1,12,21,41,-3.0,3.0,0.01,30.0,60.0,1e-09,1e-12,6,0.0001,1,new simulation,nan
18,12,0.4694395102393194,-1.2000000000000002,0.7999999999999995,rolling,7.129999999999892,0.011258117160726229,2.798840188380452,34,34,0,2.798511177786981,0.26,0.2617993877991494,9.81,1,1,12,21,41,-3.0,3.0,0.01,30.0,60.0,1e-09,1e-12,6,0.0001,1,new simulation,nan
18,13,0.4694395102393194,-1.05,0.7999999999999995,rolling,7.009999999999895,0.007709248987465724,2.7987188128939122,34,34,0,2.798503308826105,0.26,0.2617993877991494,9.81,1,1,12,21,41,-3.0,3.0,0.01,30.0,60.0,1e-09,1e-12,6,0.0001,1,new simulation,nan
18,14,0.4694395102393194,-0.8999999999999999,0.7999999999999995,rolling,6.9399999999998965,0.012649913467989389,2.7988921424061726,34,34,0,2.7984964917269237,0.26,0.2617993877991494,9.81,1,1,12,21,41,-3.0,3.0,0.01,30.0,60.0,1e-09,1e-12,6,0.0001,1,new simulation,nan
18,15,0.4694395102393194,-0.75,0.7999999999999995,rolling,6.8899999999998975,0.005763595117219277,2.798667421192161,34,34,0,2.7984907199543936,0.26,0.2617993877991494,9.81,1,1,12,21,41,-3.0,3.0,0.01,30.0,60.0,1e-09,1e-12,6,0.0001,1,new simulation,nan
18,16,0.4694395102393194,-0.6000000000000001,0.7999999999999995,rolling,7.039999999999894,0.020507206381759305,2.7993683148878774,35,35,0,2.7985419257319566,0.26,0.2617993877991494,9.81,1,1,12,21,41,-3.0,3.0,0.01,30.0,60.0,1e-09,1e-12,6,0.0001,1,new simulation,nan
18,17,0.4694395102393194,-0.4500000000000002,0.7999999999999995,rolling,7.009999999999895,0.006374685913645326,2.798701400219174,35,35,0,2.7985391707428833,0.26,0.2617993877991494,9.81,1,1,12,21,41,-3.0,3.0,0.01,30.0,60.0,1e-09,1e-12,6,0.0001,1,new simulation,nan
18,18,0.4694395102393194,-0.30000000000000027,0.7999999999999995,rolling,6.989999999999895,0.011187426152270972,2.7988486748362,35,35,0,2.7985372038280922,0.26,0.2617993877991494,9.81,1,1,12,21,41,-3.0,3.0,0.01,30.0,60.0,1e-09,1e-12,6,0.0001,1,new simulation,nan
18,19,0.4694395102393194,-0.1499999999999999,0.7999999999999995,rolling,6.969999999999896,0.020953209222758434,2.7993981586262833,35,35,0,2.798536024161646,0.26,0.2617993877991494,9.81,1,1,12,21,41,-3.0,3.0,0.01,30.0,60.0,1e-09,1e-12,6,0.0001,1,new simulation,nan
18,20,0.4694395102393194,0.0,0.7999999999999995,rolling,6.9399999999998965,0.020083189570427273,2.799335436621404,35,35,0,2.798535631278833,0.26,0.2617993877991494,9.81,1,1,12,21,41,-3.0,3.0,0.01,30.0,60.0,1e-09,1e-12,6,0.0001,1,new simulation,nan
18,21,0.4694395102393194,0.1499999999999999,0.7999999999999995,rolling,6.899999999999897,0.014867912796207056,2.7990162139107087,35,35,0,2.798536024559327,0.26,0.2617993877991494,9.81,1,1,12,21,41,-3.0,3.0,0.01,30.0,60.0,1e-09,1e-12,6,0.0001,1,new simulation,nan
18,22,0.4694395102393194,0.2999999999999998,0.7999999999999995,rolling,6.849999999999898,0.002927917646334156,2.798644352645377,35,35,0,2.798537204307656,0.26,0.2617993877991494,9.81,1,1,12,21,41,-3.0,3.0,0.01,30.0,60.0,1e-09,1e-12,6,0.0001,1,new simulation,nan
18,23,0.4694395102393194,0.44999999999999973,0.7999999999999995,rolling,6.7999999999998995,0.004307842458123513,2.798662703366586,35,35,0,2.7985391702964044,0.26,0.2617993877991494,9.81,1,1,12,21,41,-3.0,3.0,0.01,30.0,60.0,1e-09,1e-12,6,0.0001,1,new simulation,nan
18,24,0.4694395102393194,0.5999999999999996,0.7999999999999995,rolling,6.7499999999999005,0.010775026626922748,2.7988348464720914,35,35,0,2.7985419245460275,0.26,0.2617993877991494,9.81,1,1,12,21,41,-3.0,3.0,0.01,30.0,60.0,1e-09,1e-12,6,0.0001,1,new simulation,nan
18,25,0.4694395102393194,0.75,0.7999999999999995,rolling,6.519999999999905,0.010886417722081434,2.798816903797826,34,34,0,2.7984907185533934,0.26,0.2617993877991494,9.81,1,1,12,21,41,-3.0,3.0,0.01,30.0,60.0,1e-09,1e-12,6,0.0001,1,new simulation,nan
18,26,0.4694395102393194,0.8999999999999999,0.7999999999999995,rolling,6.4699999999999065,0.012977083700674338,2.798906835246475,34,34,0,2.7984964915352655,0.26,0.2617993877991494,9.81,1,1,12,21,41,-3.0,3.0,0.01,30.0,60.0,1e-09,1e-12,6,0.0001,1,new simulation,nan
18,27,0.4694395102393194,1.0499999999999998,0.7999999999999995,rolling,6.419999999999908,0.009999866144942996,2.798789904730618,34,34,0,2.7985033091594267,0.26,0.2617993877991494,9.81,1,1,12,21,41,-3.0,3.0,0.01,30.0,60.0,1e-09,1e-12,6,0.0001,1,new simulation,nan
18,28,0.4694395102393194,1.2000000000000002,0.7999999999999995,rolling,6.369999999999909,0.0016010874383668734,2.7986225503473476,34,34,0,2.79851117714801,0.26,0.2617993877991494,9.81,1,1,12,21,41,-3.0,3.0,0.01,30.0,60.0,1e-09,1e-12,6,0.0001,1,new simulation,nan
18,29,0.4694395102393194,1.3499999999999996,0.7999999999999995,rolling,6.3299999999999095,0.015881719774166417,2.799063945274078,34,34,0,2.798520096015539,0.26,0.2617993877991494,9.81,1,1,12,21,41,-3.0,3.0,0.01,30.0,60.0,1e-09,1e-12,6,0.0001,1,new simulation,nan
18,30,0.4694395102393194,1.5,0.7999999999999995,rolling,6.28999999999991,0.025163636549525345,2.7997357494987183,34,34,0,2.7985300639137605,0.26,0.2617993877991494,9.81,1,1,12,21,41,-3.0,3.0,0.01,30.0,60.0,1e-09,1e-12,6,0.0001,1,new simulation,nan
18,31,0.4694395102393194,1.6499999999999995,0.7999999999999995,rolling,6.239999999999911,0.0018192645327633652,2.798636805759387,34,34,0,2.798541077727202,0.26,0.2617993877991494,9.81,1,1,12,21,41,-3.0,3.0,0.01,30.0,60.0,1e-09,1e-12,6,0.0001,1,new simulation,nan
18,32,0.4694395102393194,1.7999999999999998,0.7999999999999995,rolling,6.029999999999916,0.024465014403591927,2.799662411416598,33,33,0,2.7985009571795456,0.26,0.2617993877991494,9.81,1,1,12,21,41,-3.0,3.0,0.01,30.0,60.0,1e-09,1e-12,6,0.0001,1,new simulation,nan
18,33,0.4694395102393194,1.9500000000000002,0.7999999999999995,rolling,5.989999999999917,0.020905009220155184,2.7993870144017565,33,33,0,2.7985184433538546,0.26,0.2617993877991494,9.81,1,1,12,21,41,-3.0,3.0,0.01,30.0,60.0,1e-09,1e-12,6,0.0001,1,new simulation,nan
18,34,0.4694395102393194,2.0999999999999996,0.7999999999999995,rolling,5.949999999999918,0.013715281021988322,2.798959046906265,33,33,0,2.7985373290683877,0.26,0.2617993877991494,9.81,1,1,12,21,41,-3.0,3.0,0.01,30.0,60.0,1e-09,1e-12,6,0.0001,1,new simulation,nan
18,35,0.4694395102393194,2.25,0.7999999999999995,rolling,5.739999999999922,0.025436956848759757,2.7997499548629796,32,32,0,2.79850691264619,0.26,0.2617993877991494,9.81,1,1,12,21,41,-3.0,3.0,0.01,30.0,60.0,1e-09,1e-12,6,0.0001,1,new simulation,nan
18,36,0.4694395102393194,2.3999999999999995,0.7999999999999995,rolling,5.699999999999923,0.011761978783987046,2.7988711843580747,32,32,0,2.798535823372712,0.26,0.2617993877991494,9.81,1,1,12,21,41,-3.0,3.0,0.01,30.0,60.0,1e-09,1e-12,6,0.0001,1,new simulation,nan
18,37,0.4694395102393194,2.55,0.7999999999999995,rolling,5.489999999999927,0.017447014743949284,2.7991548393916537,31,31,0,2.7985188961702225,0.26,0.2617993877991494,9.81,1,1,12,21,41,-3.0,3.0,0.01,30.0,60.0,1e-09,1e-12,6,0.0001,1,new simulation,nan
18,38,0.4694395102393194,2.7,0.7999999999999995,rolling,5.279999999999932,0.020407210267234504,2.799348764974221,30,30,0,2.798513320537961,0.26,0.2617993877991494,9.81,1,1,12,21,41,-3.0,3.0,0.01,30.0,60.0,1e-09,1e-12,6,0.0001,1,new simulation,nan
18,39,0.4694395102393194,2.8499999999999996,0.7999999999999995,rolling,5.069999999999936,0.020807349061775376,2.7993847265597758,29,29,0,2.798529648311072,0.26,0.2617993877991494,9.81,1,1,12,21,41,-3.0,3.0,0.01,30.0,60.0,1e-09,1e-12,6,0.0001,1,new simulation,nan
18,40,0.4694395102393194,3.0,0.7999999999999995,rolling,4.679999999999945,0.013071291403636337,2.798931216815985,27,27,0,2.798542869210564,0.26,0.2617993877991494,9.81,1,1,12,21,41,-3.0,3.0,0.01,30.0,60.0,1e-09,1e-12,6,0.0001,1,new simulation,nan
19,0,0.4956194490192344,-3.0,0.8999999999999997,rolling,7.589999999999883,0.004855835879782103,2.7986578494141723,36,34,2,2.798507631436347,0.26,0.2617993877991494,9.81,1,1,12,21,41,-3.0,3.0,0.01,30.0,60.0,1e-09,1e-12,6,0.0001,1,new simulation,nan
19,1,0.4956194490192344,-2.85,0.8999999999999997,rolling,7.519999999999884,0.01285310153899457,2.798901063687215,36,34,2,2.7984961251245597,0.26,0.2617993877991494,9.81,1,1,12,21,41,-3.0,3.0,0.01,30.0,60.0,1e-09,1e-12,6,0.0001,1,new simulation,nan
19,2,0.4956194490192344,-2.7,0.8999999999999997,rolling,7.70999999999988,0.017988299135342677,2.79919816197701,37,35,2,2.7985413312857497,0.26,0.2617993877991494,9.81,1,1,12,21,41,-3.0,3.0,0.01,30.0,60.0,1e-09,1e-12,6,0.0001,1,new simulation,nan
19,3,0.4956194490192344,-2.55,0.8999999999999997,rolling,7.8299999999998775,0.015911934259207804,2.7990714679328987,37,35,2,2.798533584920919,0.26,0.2617993877991494,9.81,1,1,12,21,41,-3.0,3.0,0.01,30.0,60.0,1e-09,1e-12,6,0.0001,1,new simulation,nan
19,4,0.4956194490192344,-2.4,0.8999999999999997,rolling,8.15999999999987,0.007881112082949034,2.7987331848067307,35,34,1,2.7985256552470568,0.26,0.2617993877991494,9.81,1,1,12,21,41,-3.0,3.0,0.01,30.0,60.0,1e-09,1e-12,6,0.0001,1,new simulation,nan
19,5,0.4956194490192344,-2.25,0.8999999999999997,rolling,7.489999999999885,0.02218820399727281,2.7994817369028135,35,34,1,2.7985134586925438,0.26,0.2617993877991494,9.81,1,1,12,21,41,-3.0,3.0,0.01,30.0,60.0,1e-09,1e-12,6,0.0001,1,new simulation,nan
19,6,0.4956194490192344,-2.1,0.8999999999999997,rolling,7.339999999999888,-0.0009242259945135955,2.7986156033957337,35,34,1,2.798502048866199,0.26,0.2617993877991494,9.81,1,1,12,21,41,-3.0,3.0,0.01,30.0,60.0,1e-09,1e-12,6,0.0001,1,new simulation,nan
19,7,0.4956194490192344,-1.95,0.8999999999999997,rolling,7.299999999999889,0.010729217426587799,2.7988112551066835,35,34,1,2.7984914257895177,0.26,0.2617993877991494,9.81,1,1,12,21,41,-3.0,3.0,0.01,30.0,60.0,1e-09,1e-12,6,0.0001,1,new simulation,nan
19,8,0.4956194490192344,-1.8,0.8999999999999997,rolling,7.4999999999998845,0.0032501550854051025,2.7986484546514427,36,35,1,2.7985386182499057,0.26,0.2617993877991494,9.81,1,1,12,21,41,-3.0,3.0,0.01,30.0,60.0,1e-09,1e-12,6,0.0001,1,new simulation,nan
19,9,0.4956194490192344,-1.6500000000000001,0.8999999999999997,rolling,7.649999999999881,0.015328837005218105,2.799038788012258,36,35,1,2.7985318318095964,0.26,0.2617993877991494,9.81,1,1,12,21,41,-3.0,3.0,0.01,30.0,60.0,1e-09,1e-12,6,0.0001,1,new simulation,nan
19,10,0.4956194490192344,-1.5,0.8999999999999997,rolling,7.70999999999988,0.003572195022592391,2.7986461953763606,34,34,0,2.7985245050757412,0.26,0.2617993877991494,9.81,1,1,12,21,41,-3.0,3.0,0.01,30.0,60.0,1e-09,1e-12,6,0.0001,1,new simulation,nan
19,11,0.4956194490192344,-1.35,0.8999999999999997,rolling,7.2199999999998905,0.00598865051430601,2.7986823698291032,34,34,0,2.7985145403330987,0.26,0.2617993877991494,9.81,1,1,12,21,41,-3.0,3.0,0.01,30.0,60.0,1e-09,1e-12,6,0.0001,1,new simulation,nan
19,12,0.4956194490192344,-1.2000000000000002,0.8999999999999997,rolling,7.059999999999894,0.0004185857848400961,2.7986159612680854,34,34,0,2.798505621668284,0.26,0.2617993877991494,9.81,1,1,12,21,41,-3.0,3.0,0.01,30.0,60.0,1e-09,1e-12,6,0.0001,1,new simulation,nan
19,13,0.4956194490192344,-1.05,0.8999999999999997,rolling,6.979999999999896,0.017497328129043307,2.7991487697304125,34,34,0,2.7984977545753957,0.26,0.2617993877991494,9.81,1,1,12,21,41,-3.0,3.0,0.01,30.0,60.0,1e-09,1e-12,6,0.0001,1,new simulation,nan
19,14,0.4956194490192344,-0.8999999999999999,0.8999999999999997,rolling,6.929999999999897,0.024683075254963827,2.799676848408409,34,34,0,2.798490932860586,0.26,0.2617993877991494,9.81,1,1,12,21,41,-3.0,3.0,0.01,30.0,60.0,1e-09,1e-12,6,0.0001,1,new simulation,nan
19,15,0.4956194490192344,-0.75,0.8999999999999997,rolling,7.069999999999894,0.008948132036224486,2.7987714293407553,35,35,0,2.7985412985222156,0.26,0.2617993877991494,9.81,1,1,12,21,41,-3.0,3.0,0.01,30.0,60.0,1e-09,1e-12,6,0.0001,1,new simulation,nan
19,16,0.4956194490192344,-0.6000000000000001,0.8999999999999997,rolling,7.049999999999894,0.004678622341958122,2.7986679314837093,35,35,0,2.7985377563398366,0.26,0.2617993877991494,9.81,1,1,12,21,41,-3.0,3.0,0.01,30.0,60.0,1e-09,1e-12,6,0.0001,1,new simulation,nan
19,17,0.4956194490192344,-0.4500000000000002,0.8999999999999997,rolling,7.039999999999894,0.0017973821237806616,2.798634037062,35,35,0,2.7985350043956423,0.26,0.2617993877991494,9.81,1,1,12,21,41,-3.0,3.0,0.01,30.0,60.0,1e-09,1e-12,6,0.0001,1,new simulation,nan
19,18,0.4956194490192344,-0.30000000000000027,0.8999999999999997,rolling,7.039999999999894,0.014514384385711742,2.798996717823697,35,35,0,2.798533035896767,0.26,0.2617993877991494,9.81,1,1,12,21,41,-3.0,3.0,0.01,30.0,60.0,1e-09,1e-12,6,0.0001,1,new simulation,nan
19,19,0.4956194490192344,-0.1499999999999999,0.8999999999999997,rolling,7.0299999999998946,0.009416641929804901,2.798782421786629,35,35,0,2.798531856959638,0.26,0.2617993877991494,9.81,1,1,12,21,41,-3.0,3.0,0.01,30.0,60.0,1e-09,1e-12,6,0.0001,1,new simulation,nan
19,20,0.4956194490192344,0.0,0.8999999999999997,rolling,7.009999999999895,0.01582727678863474,2.7990658417673937,35,35,0,2.7985314632481573,0.26,0.2617993877991494,9.81,1,1,12,21,41,-3.0,3.0,0.01,30.0,60.0,1e-09,1e-12,6,0.0001,1,new simulation,nan
19,21,0.4956194490192344,0.1499999999999999,0.8999999999999997,rolling,6.969999999999896,0.021999667998141792,2.799475105951753,35,35,0,2.798531856270778,0.26,0.2617993877991494,9.81,1,1,12,21,41,-3.0,3.0,0.01,30.0,60.0,1e-09,1e-12,6,0.0001,1,new simulation,nan
19,22,0.4956194490192344,0.2999999999999998,0.8999999999999997,rolling,6.909999999999897,0.014997927556768393,2.799021725399741,35,35,0,2.7985330363063903,0.26,0.2617993877991494,9.81,1,1,12,21,41,-3.0,3.0,0.01,30.0,60.0,1e-09,1e-12,6,0.0001,1,new simulation,nan
19,23,0.4956194490192344,0.44999999999999973,0.8999999999999997,rolling,6.849999999999898,0.025204819143641755,2.7997415197914206,35,35,0,2.7985350045879582,0.26,0.2617993877991494,9.81,1,1,12,21,41,-3.0,3.0,0.01,30.0,60.0,1e-09,1e-12,6,0.0001,1,new simulation,nan
19,24,0.4956194490192344,0.5999999999999996,0.8999999999999997,rolling,6.7799999999999,0.006756020100613925,2.7987095645291644,35,35,0,2.7985377576166925,0.26,0.2617993877991494,9.81,1,1,12,21,41,-3.0,3.0,0.01,30.0,60.0,1e-09,1e-12,6,0.0001,1,new simulation,nan
19,25,0.4956194490192344,0.75,0.8999999999999997,rolling,6.719999999999901,0.008005511685459592,2.7987434231181343,35,35,0,2.798541298559217,0.26,0.2617993877991494,9.81,1,1,12,21,41,-3.0,3.0,0.01,30.0,60.0,1e-09,1e-12,6,0.0001,1,new simulation,nan
19,26,0.4956194490192344,0.8999999999999999,0.8999999999999997,rolling,6.489999999999906,0.02132288019515739,2.7994060204890228,34,34,0,2.798490933256446,0.26,0.2617993877991494,9.81,1,1,12,21,41,-3.0,3.0,0.01,30.0,60.0,1e-09,1e-12,6,0.0001,1,new simulation,nan
19,27,0.4956194490192344,1.0499999999999998,0.8999999999999997,rolling,6.429999999999907,0.002542928877362115,2.7986235818787697,34,34,0,2.79849775477448,0.26,0.2617993877991494,9.81,1,1,12,21,41,-3.0,3.0,0.01,30.0,60.0,1e-09,1e-12,6,0.0001,1,new simulation,nan
19,28,0.4956194490192344,1.2000000000000002,0.8999999999999997,rolling,6.379999999999908,0.002988802397070435,2.798631309770546,34,34,0,2.7985056214173625,0.26,0.2617993877991494,9.81,1,1,12,21,41,-3.0,3.0,0.01,30.0,60.0,1e-09,1e-12,6,0.0001,1,new simulation,nan
19,29,0.4956194490192344,1.3499999999999996,0.8999999999999997,rolling,6.339999999999909,0.02379341671413812,2.7996115146468985,34,34,0,2.7985145403242466,0.26,0.2617993877991494,9.81,1,1,12,21,41,-3.0,3.0,0.01,30.0,60.0,1e-09,1e-12,6,0.0001,1,new simulation,nan
19,30,0.4956194490192344,1.5,0.8999999999999997,rolling,6.28999999999991,0.009980812139923639,2.7987984170972275,34,34,0,2.79852450550471,0.26,0.2617993877991494,9.81,1,1,12,21,41,-3.0,3.0,0.01,30.0,60.0,1e-09,1e-12,6,0.0001,1,new simulation,nan
19,31,0.4956194490192344,1.6499999999999995,0.8999999999999997,rolling,6.249999999999911,0.018370289786621294,2.7992199824917243,34,34,0,2.798535522736495,0.26,0.2617993877991494,9.81,1,1,12,21,41,-3.0,3.0,0.01,30.0,60.0,1e-09,1e-12,6,0.0001,1,new simulation,nan
19,32,0.4956194490192344,1.7999999999999998,0.8999999999999997,rolling,6.029999999999916,0.015936621487984134,2.7990555138234927,33,33,0,2.7984935496562575,0.26,0.2617993877991494,9.81,1,1,12,21,41,-3.0,3.0,0.01,30.0,60.0,1e-09,1e-12,6,0.0001,1,new simulation,nan
19,33,0.4956194490192344,1.9500000000000002,0.8999999999999997,rolling,5.989999999999917,0.014674276537148076,2.79899537041692,33,33,0,2.7985110351036138,0.26,0.2617993877991494,9.81,1,1,12,21,41,-3.0,3.0,0.01,30.0,60.0,1e-09,1e-12,6,0.0001,1,new simulation,nan
19,34,0.4956194490192344,2.0999999999999996,0.8999999999999997,rolling,5.949999999999918,0.009322873881137053,2.7987785018947475,33,33,0,2.798529919204094,0.26,0.2617993877991494,9.81,1,1,12,21,41,-3.0,3.0,0.01,30.0,60.0,1e-09,1e-12,6,0.0001,1,new simulation,nan
19,35,0.4956194490192344,2.25,0.8999999999999997,rolling,5.739999999999922,0.022532086667552353,2.7995015690913316,32,32,0,2.7984970344772813,0.26,0.2617993877991494,9.81,1,1,12,21,41,-3.0,3.0,0.01,30.0,60.0,1e-09,1e-12,6,0.0001,1,new simulation,nan
19,36,0.4956194490192344,2.3999999999999995,0.8999999999999997,rolling,5.699999999999923,0.010074723589429376,2.798802338097328,32,32,0,2.7985259435368097,0.26,0.2617993877991494,9.81,1,1,12,21,41,-3.0,3.0,0.01,30.0,60.0,1e-09,1e-12,6,0.0001,1,new simulation,nan
19,37,0.4956194490192344,2.55,0.8999999999999997,rolling,5.489999999999927,0.01676469401919471,2.799108234460831,31,31,0,2.7985057247416534,0.26,0.2617993877991494,9.81,1,1,12,21,41,-3.0,3.0,0.01,30.0,60.0,1e-09,1e-12,6,0.0001,1,new simulation,nan
19,38,0.4956194490192344,2.7,0.8999999999999997,rolling,5.279999999999932,0.020561136195825638,2.799352210383492,30,30,0,2.7984957579629337,0.26,0.2617993877991494,9.81,1,1,12,21,41,-3.0,3.0,0.01,30.0,60.0,1e-09,1e-12,6,0.0001,1,new simulation,nan
19,39,0.4956194490192344,2.8499999999999996,0.8999999999999997,rolling,5.069999999999936,0.021661840089788387,2.799438172242475,29,29,0,2.7985062340795763,0.26,0.2617993877991494,9.81,1,1,12,21,41,-3.0,3.0,0.01,30.0,60.0,1e-09,1e-12,6,0.0001,1,new simulation,nan
19,40,0.4956194490192344,3.0,0.8999999999999997,rolling,4.679999999999945,0.014518856988184083,2.7989831799063642,27,27,0,2.798501242400856,0.26,0.2617993877991494,9.81,1,1,12,21,41,-3.0,3.0,0.01,30.0,60.0,1e-09,1e-12,6,0.0001,1,new simulation,nan
20,0,0.5217993877991494,-3.0,0.9999999999999998,rolling,7.569999999999883,0.010015997969058396,2.7987909234045314,36,34,2,2.798504351427414,0.26,0.2617993877991494,9.81,1,1,12,21,41,-3.0,3.0,0.01,30.0,60.0,1e-09,1e-12,6,0.0001,1,new simulation,nan
20,1,0.5217993877991494,-2.85,0.9999999999999998,rolling,7.519999999999884,0.001136237374445881,2.798612383798949,36,34,2,2.798492843930059,0.26,0.2617993877991494,9.81,1,1,12,21,41,-3.0,3.0,0.01,30.0,60.0,1e-09,1e-12,6,0.0001,1,new simulation,nan
20,2,0.5217993877991494,-2.7,0.9999999999999998,rolling,7.739999999999879,0.015249785532254156,2.7990376023058983,37,35,2,2.7985388714145643,0.26,0.2617993877991494,9.81,1,1,12,21,41,-3.0,3.0,0.01,30.0,60.0,1e-09,1e-12,6,0.0001,1,new simulation,nan
20,3,0.5217993877991494,-2.55,0.9999999999999998,rolling,7.939999999999875,0.009615749398332435,2.7987887458704863,37,35,2,2.798531126030307,0.26,0.2617993877991494,9.81,1,1,12,21,41,-3.0,3.0,0.01,30.0,60.0,1e-09,1e-12,6,0.0001,1,new simulation,nan
20,4,0.5217993877991494,-2.4,0.9999999999999998,rolling,7.739999999999879,0.009939524667009043,2.798795577923528,35,34,1,2.798521280965513,0.26,0.2617993877991494,9.81,1,1,12,21,41,-3.0,3.0,0.01,30.0,60.0,1e-09,1e-12,6,0.0001,1,new simulation,nan
20,5,0.5217993877991494,-2.25,0.9999999999999998,rolling,7.429999999999886,0.01866880562934383,2.7992279121237544,35,34,1,2.7985090862924213,0.26,0.2617993877991494,9.81,1,1,12,21,41,-3.0,3.0,0.01,30.0,60.0,1e-09,1e-12,6,0.0001,1,new simulation,nan
20,6,0.5217993877991494,-2.1,0.9999999999999998,rolling,7.329999999999888,0.00926317048692874,2.798762597380037,35,34,1,2.7984976753371082,0.26,0.2617993877991494,9.81,1,1,12,21,41,-3.0,3.0,0.01,30.0,60.0,1e-09,1e-12,6,0.0001,1,new simulation,nan
20,7,0.5217993877991494,-1.95,0.9999999999999998,rolling,7.489999999999885,0.001526477478749216,2.7986357972693723,36,35,1,2.7985427150836713,0.26,0.2617993877991494,9.81,1,1,12,21,41,-3.0,3.0,0.01,30.0,60.0,1e-09,1e-12,6,0.0001,1,new simulation,nan
20,8,0.5217993877991494,-1.8,0.9999999999999998,rolling,7.559999999999883,0.005225529051412266,2.7986763796835654,36,35,1,2.7985353388159684,0.26,0.2617993877991494,9.81,1,1,12,21,41,-3.0,3.0,0.01,30.0,60.0,1e-09,1e-12,6,0.0001,1,new simulation,nan
20,9,0.5217993877991494,-1.6500000000000001,0.9999999999999998,rolling,7.949999999999875,0.02159767335586477,2.7994429705427626,36,35,1,2.798528552134245,0.26,0.2617993877991494,9.81,1,1,12,21,41,-3.0,3.0,0.01,30.0,60.0,1e-09,1e-12,6,0.0001,1,new simulation,nan
20,10,0.5217993877991494,-1.5,0.9999999999999998,rolling,7.3599999999998875,0.006619329568141336,2.7986980958887235,34,34,0,2.798518673999132,0.26,0.2617993877991494,9.81,1,1,12,21,41,-3.0,3.0,0.01,30.0,60.0,1e-09,1e-12,6,0.0001,1,new simulation,nan
20,11,0.5217993877991494,-1.35,0.9999999999999998,rolling,7.129999999999892,0.014871157337151705,2.7990045564571493,34,34,0,2.7985087068265035,0.26,0.2617993877991494,9.81,1,1,12,21,41,-3.0,3.0,0.01,30.0,60.0,1e-09,1e-12,6,0.0001,1,new simulation,nan
20,12,0.5217993877991494,-1.2000000000000002,0.9999999999999998,rolling,7.019999999999895,0.011649124719278444,2.7988509557226244,34,34,0,2.798499790295516,0.26,0.2617993877991494,9.81,1,1,12,21,41,-3.0,3.0,0.01,30.0,60.0,1e-09,1e-12,6,0.0001,1,new simulation,nan
20,13,0.5217993877991494,-1.05,0.9999999999999998,rolling,6.959999999999896,0.015879023370611537,2.7990515983118724,34,34,0,2.798491921784622,0.26,0.2617993877991494,9.81,1,1,12,21,41,-3.0,3.0,0.01,30.0,60.0,1e-09,1e-12,6,0.0001,1,new simulation,nan
20,14,0.5217993877991494,-0.8999999999999999,0.9999999999999998,rolling,7.099999999999893,0.004751817039358708,2.7986706547706364,35,35,0,2.7985412519221953,0.26,0.2617993877991494,9.81,1,1,12,21,41,-3.0,3.0,0.01,30.0,60.0,1e-09,1e-12,6,0.0001,1,new simulation,nan
20,15,0.5217993877991494,-0.75,0.9999999999999998,rolling,7.089999999999893,0.013565656226941577,2.7989517167222933,35,35,0,2.7985369235082405,0.26,0.2617993877991494,9.81,1,1,12,21,41,-3.0,3.0,0.01,30.0,60.0,1e-09,1e-12,6,0.0001,1,new simulation,nan
20,16,0.5217993877991494,-0.6000000000000001,0.9999999999999998,rolling,7.099999999999893,0.022158346148497484,2.799488042763072,35,35,0,2.798533383707332,0.26,0.2617993877991494,9.81,1,1,12,21,41,-3.0,3.0,0.01,30.0,60.0,1e-09,1e-12,6,0.0001,1,new simulation,nan
20,17,0.5217993877991494,-0.4500000000000002,0.9999999999999998,rolling,7.129999999999892,0.01711953984017609,2.799140084011524,35,35,0,2.7985306291190866,0.26,0.2617993877991494,9.81,1,1,12,21,41,-3.0,3.0,0.01,30.0,60.0,1e-09,1e-12,6,0.0001,1,new simulation,nan
20,18,0.5217993877991494,-0.30000000000000027,0.9999999999999998,rolling,7.199999999999891,0.01064898601797607,2.7988243734110103,35,35,0,2.798528661743294,0.26,0.2617993877991494,9.81,1,1,12,21,41,-3.0,3.0,0.01,30.0,60.0,1e-09,1e-12,6,0.0001,1,new simulation,nan
20,19,0.5217993877991494,-0.1499999999999999,0.9999999999999998,rolling,7.369999999999887,0.013040167445199485,2.798923131196822,35,35,0,2.7985274825953166,0.26,0.2617993877991494,9.81,1,1,12,21,41,-3.0,3.0,0.01,30.0,60.0,1e-09,1e-12,6,0.0001,1,new simulation,nan
20,20,0.5217993877991494,0.0,0.9999999999999998,settled,0.01,-0.0017993877991494545,0.0,1,1,0,nan,0.26,0.2617993877991494,9.81,1,1,12,21,41,-3.0,3.0,0.01,30.0,60.0,1e-09,1e-12,6,0.0001,1,new simulation,nan
20,21,0.5217993877991494,0.1499999999999999,0.9999999999999998,rolling,7.309999999999889,0.017288963670604538,2.7991489386062476,35,35,0,2.798527481950997,0.26,0.2617993877991494,9.81,1,1,12,21,41,-3.0,3.0,0.01,30.0,60.0,1e-09,1e-12,6,0.0001,1,new simulation,nan
20,22,0.5217993877991494,0.2999999999999998,0.9999999999999998,rolling,7.0799999999998935,0.021970909311674374,2.799471506228231,35,35,0,2.798528662073565,0.26,0.2617993877991494,9.81,1,1,12,21,41,-3.0,3.0,0.01,30.0,60.0,1e-09,1e-12,6,0.0001,1,new simulation,nan
20,23,0.5217993877991494,0.44999999999999973,0.9999999999999998,rolling,6.9399999999998965,0.013491992379101194,2.7989454988260434,35,35,0,2.7985306294226358,0.26,0.2617993877991494,9.81,1,1,12,21,41,-3.0,3.0,0.01,30.0,60.0,1e-09,1e-12,6,0.0001,1,new simulation,nan
20,24,0.5217993877991494,0.5999999999999996,0.9999999999999998,rolling,6.839999999999899,0.01342835320914366,2.7989436908662118,35,35,0,2.798533383862125,0.26,0.2617993877991494,9.81,1,1,12,21,41,-3.0,3.0,0.01,30.0,60.0,1e-09,1e-12,6,0.0001,1,new simulation,nan
20,25,0.5217993877991494,0.75,0.9999999999999998,rolling,6.7599999999999,0.014852472928023875,2.799015799413261,35,35,0,2.7985369242171636,0.26,0.2617993877991494,9.81,1,1,12,21,41,-3.0,3.0,0.01,30.0,60.0,1e-09,1e-12,6,0.0001,1,new simulation,nan
20,26,0.5217993877991494,0.8999999999999999,0.9999999999999998,rolling,6.689999999999902,0.011068468509337204,2.7988457881217386,35,35,0,2.798541251504346,0.26,0.2617993877991494,9.81,1,1,12,21,41,-3.0,3.0,0.01,30.0,60.0,1e-09,1e-12,6,0.0001,1,new simulation,nan
20,27,0.5217993877991494,1.0499999999999998,0.9999999999999998,rolling,6.449999999999907,0.007380793055474807,2.798705198294276,34,34,0,2.7984919211518853,0.26,0.2617993877991494,9.81,1,1,12,21,41,-3.0,3.0,0.01,30.0,60.0,1e-09,1e-12,6,0.0001,1,new simulation,nan
20,28,0.5217993877991494,1.2000000000000002,0.9999999999999998,rolling,6.399999999999908,0.02157369004192963,2.7994287059767284,34,34,0,2.798499789769279,0.26,0.2617993877991494,9.81,1,1,12,21,41,-3.0,3.0,0.01,30.0,60.0,1e-09,1e-12,6,0.0001,1,new simulation,nan
20,29,0.5217993877991494,1.3499999999999996,0.9999999999999998,rolling,6.349999999999909,0.02387096974188799,2.7996154637853277,34,34,0,2.7985087055352103,0.26,0.2617993877991494,9.81,1,1,12,21,41,-3.0,3.0,0.01,30.0,60.0,1e-09,1e-12,6,0.0001,1,new simulation,nan
20,30,0.5217993877991494,1.5,0.9999999999999998,rolling,6.29999999999991,0.016842402063583384,2.799118417705161,34,34,0,2.798518674557668,0.26,0.2617993877991494,9.81,1,1,12,21,41,-3.0,3.0,0.01,30.0,60.0,1e-09,1e-12,6,0.0001,1,new simulation,nan
20,31,0.5217993877991494,1.6499999999999995,0.9999999999999998,rolling,6.249999999999911,0.0022490998211227966,2.798634941097787,34,34,0,2.798529690394869,0.26,0.2617993877991494,9.81,1,1,12,21,41,-3.0,3.0,0.01,30.0,60.0,1e-09,1e-12,6,0.0001,1,new simulation,nan
20,32,0.5217993877991494,1.7999999999999998,0.9999999999999998,rolling,6.209999999999912,0.009325558368980235,2.7987837134640623,34,34,0,2.798541754822894,0.26,0.2617993877991494,9.81,1,1,12,21,41,-3.0,3.0,0.01,30.0,60.0,1e-09,1e-12,6,0.0001,1,new simulation,nan
20,33,0.5217993877991494,1.9500000000000002,0.9999999999999998,rolling,5.989999999999917,0.005281418338360602,2.7986635148341974,33,33,0,2.7985032581485014,0.26,0.2617993877991494,9.81,1,1,12,21,41,-3.0,3.0,0.01,30.0,60.0,1e-09,1e-12,6,0.0001,1,new simulation,nan
20,34,0.5217993877991494,2.0999999999999996,0.9999999999999998,rolling,5.949999999999918,0.0022462192639545386,2.7986316501691033,33,33,0,2.79852214214803,0.26,0.2617993877991494,9.81,1,1,12,21,41,-3.0,3.0,0.01,30.0,60.0,1e-09,1e-12,6,0.0001,1,new simulation,nan
20,35,0.5217993877991494,2.25,0.9999999999999998,rolling,5.919999999999918,0.02302983588773656,2.7995609485691846,33,33,0,2.7985424247883146,0.26,0.2617993877991494,9.81,1,1,12,21,41,-3.0,3.0,0.01,30.0,60.0,1e-09,1e-12,6,0.0001,1,new simulation,nan
20,36,0.5217993877991494,2.3999999999999995,0.9999999999999998,rolling,5.699999999999923,0.00636139094325811,2.798690886232149,32,32,0,2.7985155757402302,0.26,0.2617993877991494,9.81,1,1,12,21,41,-3.0,3.0,0.01,30.0,60.0,1e-09,1e-12,6,0.0001,1,new simulation,nan
20,37,0.5217993877991494,2.55,0.9999999999999998,rolling,5.489999999999927,0.01428969658683368,2.798967567296531,31,31,0,2.7984918997930315,0.26,0.2617993877991494,9.81,1,1,12,21,41,-3.0,3.0,0.01,30.0,60.0,1e-09,1e-12,6,0.0001,1,new simulation,nan
20,38,0.5217993877991494,2.7,0.9999999999999998,rolling,5.459999999999928,0.024832407309877593,2.799709056008241,31,31,0,2.7985354199015133,0.26,0.2617993877991494,9.81,1,1,12,21,41,-3.0,3.0,0.01,30.0,60.0,1e-09,1e-12,6,0.0001,1,new simulation,nan
20,39,0.5217993877991494,2.8499999999999996,0.9999999999999998,rolling,5.239999999999933,-0.0011967542677078671,2.7986324738300836,30,30,0,2.79853866791559,0.26,0.2617993877991494,9.81,1,1,12,21,41,-3.0,3.0,0.01,30.0,60.0,1e-09,1e-12,6,0.0001,1,new simulation,nan
20,40,0.5217993877991494,3.0,0.9999999999999998,rolling,4.859999999999941,0.020375648042401023,2.7993496549483967,28,28,0,2.798520586455753,0.26,0.2617993877991494,9.81,1,1,12,21,41,-3.0,3.0,0.01,30.0,60.0,1e-09,1e-12,6,0.0001,1,new simulation,nan
