theta_index,theta_dot_index,theta0,theta_dot0,relative_angle,classification,final_time,final_theta,final_theta_dot,total_impacts,downhill_impacts,uphill_impacts,rolling_speed,gamma,alpha,gravity,length,mass,num_spokes,num_angles,num_speeds,minimum_speed,maximum_speed,timestep,max_time,retry_time,impact_time_tolerance,remaining_time_tolerance,convergence_impacts,speed_tolerance,cache_version,original_source_csv,original_grid_rolling_percent
0,0,-0.2217993877991494,-3.0,-1.0,rolling,20.33000000000038,-0.2126196589275594,1.0860103024869023,36,30,6,1.1036346953950784,0.04,0.2617993877991494,9.81,1,1,12,21,41,-3.0,3.0,0.01,30.0,60.0,1e-09,1e-12,6,0.0001,1,new simulation,nan
0,1,-0.2217993877991494,-2.85,-1.0,settled,2.8399999999999834,-0.22179938779914943,0.0,7,1,6,nan,0.04,0.2617993877991494,9.81,1,1,12,21,41,-3.0,3.0,0.01,30.0,60.0,1e-09,1e-12,6,0.0001,1,new simulation,nan
0,2,-0.2217993877991494,-2.7,-1.0,settled,3.7299999999999645,-0.22179938779914943,0.0,7,1,6,nan,0.04,0.2617993877991494,9.81,1,1,12,21,41,-3.0,3.0,0.01,30.0,60.0,1e-09,1e-12,6,0.0001,1,new simulation,nan
0,3,-0.2217993877991494,-2.55,-1.0,rolling,19.8300000000003,-0.22143387187180463,1.1030242697304926,35,30,5,1.103641728465083,0.04,0.2617993877991494,9.81,1,1,12,21,41,-3.0,3.0,0.01,30.0,60.0,1e-09,1e-12,6,0.0001,1,new simulation,nan
0,4,-0.2217993877991494,-2.4,-1.0,settled,2.5899999999999888,-0.22179938779914943,0.0,6,1,5,nan,0.04,0.2617993877991494,9.81,1,1,12,21,41,-3.0,3.0,0.01,30.0,60.0,1e-09,1e-12,6,0.0001,1,new simulation,nan
0,5,-0.2217993877991494,-2.25,-1.0,settled,3.47999999999997,-0.22179938779914943,0.0,6,1,5,nan,0.04,0.2617993877991494,9.81,1,1,12,21,41,-3.0,3.0,0.01,30.0,60.0,1e-09,1e-12,6,0.0001,1,new simulation,nan
0,6,-0.2217993877991494,-2.1,-1.0,rolling,19.69000000000028,-0.22101639891682162,1.1022077103941386,34,30,4,1.1036381384408134,0.04,0.2617993877991494,9.81,1,1,12,21,41,-3.0,3.0,0.01,30.0,60.0,1e-09,1e-12,6,0.0001,1,new simulation,nan
0,7,-0.2217993877991494,-1.95,-1.0,settled,2.3599999999999937,-0.22179938779914943,0.0,5,1,4,nan,0.04,0.2617993877991494,9.81,1,1,12,21,41,-3.0,3.0,0.01,30.0,60.0,1e-09,1e-12,6,0.0001,1,new simulation,nan
0,8,-0.2217993877991494,-1.8,-1.0,rolling,18.5500000000001,-0.2192444111472457,1.0987487426829585,32,29,3,1.103615583568575,0.04,0.2617993877991494,9.81,1,1,12,21,41,-3.0,3.0,0.01,30.0,60.0,1e-09,1e-12,6,0.0001,1,new simulation,nan
0,9,-0.2217993877991494,-1.6500000000000001,-1.0,settled,1.9500000000000015,-0.22179938779914943,0.0,4,1,3,nan,0.04,0.2617993877991494,9.81,1,1,12,21,41,-3.0,3.0,0.01,30.0,60.0,1e-09,1e-12,6,0.0001,1,new simulation,nan
0,10,-0.2217993877991494,-1.5,-1.0,settled,2.2199999999999966,-0.22179938779914943,0.0,4,1,3,nan,0.04,0.2617993877991494,9.81,1,1,12,21,41,-3.0,3.0,0.01,30.0,60.0,1e-09,1e-12,6,0.0001,1,new simulation,nan
0,11,-0.2217993877991494,-1.35,-1.0,rolling,18.790000000000138,-0.2212509777313082,1.1026679476636814,32,30,2,1.1036436683854431,0.04,0.2617993877991494,9.81,1,1,12,21,41,-3.0,3.0,0.01,30.0,60.0,1e-09,1e-12,6,0.0001,1,new simulation,nan
0,12,-0.2217993877991494,-1.2000000000000002,-1.0,settled,1.5200000000000011,-0.22179938779914943,0.0,3,1,2,nan,0.04,0.2617993877991494,9.81,1,1,12,21,41,-3.0,3.0,0.01,30.0,60.0,1e-09,1e-12,6,0.0001,1,new simulation,nan
0,13,-0.2217993877991494,-1.05,-1.0,rolling,17.559999999999945,-0.2188681321132536,1.0980176885160895,30,29,1,1.1036138525340486,0.04,0.2617993877991494,9.81,1,1,12,21,41,-3.0,3.0,0.01,30.0,60.0,1e-09,1e-12,6,0.0001,1,new simulation,nan
0,14,-0.2217993877991494,-0.8999999999999999,-1.0,settled,0.7600000000000005,-0.22179938779914943,0.0,2,1,1,nan,0.04,0.2617993877991494,9.81,1,1,12,21,41,-3.0,3.0,0.01,30.0,60.0,1e-09,1e-12,6,0.0001,1,new simulation,nan
0,15,-0.2217993877991494,-0.75,-1.0,settled,0.5500000000000003,-0.22179938779914943,0.0,2,1,1,nan,0.04,0.2617993877991494,9.81,1,1,12,21,41,-3.0,3.0,0.01,30.0,60.0,1e-09,1e-12,6,0.0001,1,new simulation,nan
0,16,-0.2217993877991494,-0.6000000000000001,-1.0,settled,0.4100000000000002,-0.22179938779914943,0.0,2,1,1,nan,0.04,0.2617993877991494,9.81,1,1,12,21,41,-3.0,3.0,0.01,30.0,60.0,1e-09,1e-12,6,0.0001,1,new simulation,nan
0,17,-0.2217993877991494,-0.4500000000000002,-1.0,settled,0.2900000000000001,-0.22179938779914943,0.0,2,1,1,nan,0.04,0.2617993877991494,9.81,1,1,12,21,41,-3.0,3.0,0.01,30.0,60.0,1e-09,1e-12,6,0.0001,1,new simulation,nan
0,18,-0.2217993877991494,-0.30000000000000027,-1.0,settled,0.19000000000000003,-0.22179938779914943,0.0,2,1,1,nan,0.04,0.2617993877991494,9.81,1,1,12,21,41,-3.0,3.0,0.01,30.0,60.0,1e-09,1e-12,6,0.0001,1,new simulation,nan
0,19,-0.2217993877991494,-0.1499999999999999,-1.0,settled,0.09,-0.22179938779914943,0.0,2,1,1,nan,0.04,0.2617993877991494,9.81,1,1,12,21,41,-3.0,3.0,0.01,30.0,60.0,1e-09,1e-12,6,0.0001,1,new simulation,nan
0,20,-0.2217993877991494,0.0,-1.0,settled,0.01,-0.22179938779914943,0.0,2,1,1,nan,0.04,0.2617993877991494,9.81,1,1,12,21,41,-3.0,3.0,0.01,30.0,60.0,1e-09,1e-12,6,0.0001,1,new simulation,nan
0,21,-0.2217993877991494,0.1499999999999999,-1.0,settled,0.24000000000000007,-0.22179938779914943,0.0,2,1,1,nan,0.04,0.2617993877991494,9.81,1,1,12,21,41,-3.0,3.0,0.01,30.0,60.0,1e-09,1e-12,6,0.0001,1,new simulation,nan
0,22,-0.2217993877991494,0.2999999999999998,-1.0,settled,0.49000000000000027,-0.22179938779914943,0.0,2,1,1,nan,0.04,0.2617993877991494,9.81,1,1,12,21,41,-3.0,3.0,0.01,30.0,60.0,1e-09,1e-12,6,0.0001,1,new simulation,nan
0,23,-0.2217993877991494,0.44999999999999973,-1.0,settled,0.7900000000000005,-0.22179938779914943,0.0,2,1,1,nan,0.04,0.2617993877991494,9.81,1,1,12,21,41,-3.0,3.0,0.01,30.0,60.0,1e-09,1e-12,6,0.0001,1,new simulation,nan
0,24,-0.2217993877991494,0.5999999999999996,-1.0,settled,1.2500000000000009,-0.22179938779914943,0.0,2,1,1,nan,0.04,0.2617993877991494,9.81,1,1,12,21,41,-3.0,3.0,0.01,30.0,60.0,1e-09,1e-12,6,0.0001,1,new simulation,nan
0,25,-0.2217993877991494,0.75,-1.0,rolling,16.529999999999784,-0.2141402331310837,1.0888975435750359,28,28,0,1.1035946995212187,0.04,0.2617993877991494,9.81,1,1,12,21,41,-3.0,3.0,0.01,30.0,60.0,1e-09,1e-12,6,0.0001,1,new simulation,nan
0,26,-0.2217993877991494,0.8999999999999999,-1.0,rolling,15.20999999999972,-0.21419312584028616,1.0890150481510936,27,27,0,1.103631693575475,0.04,0.2617993877991494,9.81,1,1,12,21,41,-3.0,3.0,0.01,30.0,60.0,1e-09,1e-12,6,0.0001,1,new simulation,nan
0,27,-0.2217993877991494,1.0499999999999998,-1.0,rolling,12.029999999999788,-0.2125362695484853,1.0858344516194687,22,22,0,1.1035962572911937,0.04,0.2617993877991494,9.81,1,1,12,21,41,-3.0,3.0,0.01,30.0,60.0,1e-09,1e-12,6,0.0001,1,new simulation,nan
0,28,-0.2217993877991494,1.2000000000000002,-1.0,rolling,13.259999999999762,-0.21877463354761773,1.09799877821254,25,25,0,1.1039869821992045,0.04,0.2617993877991494,9.81,1,1,12,21,41,-3.0,3.0,0.01,30.0,60.0,1e-09,1e-12,6,0.0001,1,new simulation,nan
0,29,-0.2217993877991494,1.3499999999999996,-1.0,rolling,14.549999999999734,-0.2191909015823481,1.0988177985615986,28,28,0,1.1040131568422549,0.04,0.2617993877991494,9.81,1,1,12,21,41,-3.0,3.0,0.01,30.0,60.0,1e-09,1e-12,6,0.0001,1,new simulation,nan
0,30,-0.2217993877991494,1.5,-1.0,rolling,15.339999999999717,-0.2165710369522756,1.0937467407303958,30,30,0,1.1040052457835616,0.04,0.2617993877991494,9.81,1,1,12,21,41,-3.0,3.0,0.01,30.0,60.0,1e-09,1e-12,6,0.0001,1,new simulation,nan
0,31,-0.2217993877991494,1.6499999999999995,-1.0,rolling,15.619999999999711,-0.2114549048422665,1.083965171795463,31,31,0,1.1040232653003725,0.04,0.2617993877991494,9.81,1,1,12,21,41,-3.0,3.0,0.01,30.0,60.0,1e-09,1e-12,6,0.0001,1,new simulation,nan
0,32,-0.2217993877991494,1.7999999999999998,-1.0,rolling,15.909999999999705,-0.21894057204305845,1.0983371492528062,32,32,0,1.1040249600349772,0.04,0.2617993877991494,9.81,1,1,12,21,41,-3.0,3.0,0.01,30.0,60.0,1e-09,1e-12,6,0.0001,1,new simulation,nan
0,33,-0.2217993877991494,1.9500000000000002,-1.0,rolling,16.229999999999738,-0.21289838789223955,1.0867096311700022,33,33,0,1.1040161850694896,0.04,0.2617993877991494,9.81,1,1,12,21,41,-3.0,3.0,0.01,30.0,60.0,1e-09,1e-12,6,0.0001,1,new simulation,nan
0,34,-0.2217993877991494,2.0999999999999996,-1.0,rolling,16.55999999999979,-0.21208846838022055,1.0851599788549078,34,34,0,1.1040011829345733,0.04,0.2617993877991494,9.81,1,1,12,21,41,-3.0,3.0,0.01,30.0,60.0,1e-09,1e-12,6,0.0001,1,new simulation,nan
0,35,-0.2217993877991494,2.25,-1.0,rolling,16.899999999999842,-0.21418078500125298,1.0891455806501806,35,35,0,1.103982950586083,0.04,0.2617993877991494,9.81,1,1,12,21,41,-3.0,3.0,0.01,30.0,60.0,1e-09,1e-12,6,0.0001,1,new simulation,nan
0,36,-0.2217993877991494,2.3999999999999995,-1.0,rolling,16.709999999999813,-0.21767851002629646,1.0958882296133798,35,35,0,1.1040138643981474,0.04,0.2617993877991494,9.81,1,1,12,21,41,-3.0,3.0,0.01,30.0,60.0,1e-09,1e-12,6,0.0001,1,new simulation,nan
0,37,-0.2217993877991494,2.55,-1.0,rolling,17.06999999999987,-0.22061421277026283,1.1015753273214501,36,36,0,1.1039882230231768,0.04,0.2617993877991494,9.81,1,1,12,21,41,-3.0,3.0,0.01,30.0,60.0,1e-09,1e-12,6,0.0001,1,new simulation,nan
0,38,-0.2217993877991494,2.7,-1.0,rolling,16.909999999999844,-0.21141148606226665,1.0838787947465054,36,36,0,1.1040144005462351,0.04,0.2617993877991494,9.81,1,1,12,21,41,-3.0,3.0,0.01,30.0,60.0,1e-09,1e-12,6,0.0001,1,new simulation,nan
0,39,-0.2217993877991494,2.8499999999999996,-1.0,rolling,17.2799999999999,-0.22136058642337567,1.103029765004807,37,37,0,1.103984699586247,0.04,0.2617993877991494,9.81,1,1,12,21,41,-3.0,3.0,0.01,30.0,60.0,1e-09,1e-12,6,0.0001,1,new simulation,nan
0,40,-0.2217993877991494,3.0,-1.0,rolling,17.129999999999878,-0.2173789077252872,1.0953060897967009,37,37,0,1.1040065769539134,0.04,0.2617993877991494,9.81,1,1,12,21,41,-3.0,3.0,0.01,30.0,60.0,1e-09,1e-12,6,0.0001,1,new simulation,nan
1,0,-0.19561944901923445,-3.0,-0.8999999999999999,rolling,20.170000000000353,-0.21277273362564497,1.0863037100946253,36,30,6,1.1036382343596631,0.04,0.2617993877991494,9.81,1,1,12,21,41,-3.0,3.0,0.01,30.0,60.0,1e-09,1e-12,6,0.0001,1,new simulation,nan
1,1,-0.19561944901923445,-2.85,-0.8999999999999999,settled,2.819999999999984,-0.22179938779914943,0.0,7,1,6,nan,0.04,0.2617993877991494,9.81,1,1,12,21,41,-3.0,3.0,0.01,30.0,60.0,1e-09,1e-12,6,0.0001,1,new simulation,nan
1,2,-0.19561944901923445,-2.7,-0.8999999999999999,settled,3.3499999999999726,-0.22179938779914943,0.0,7,1,6,nan,0.04,0.2617993877991494,9.81,1,1,12,21,41,-3.0,3.0,0.01,30.0,60.0,1e-09,1e-12,6,0.0001,1,new simulation,nan
1,3,-0.19561944901923445,-2.55,-0.8999999999999999,rolling,19.740000000000286,-0.21406130072869486,1.0887691576633904,35,30,5,1.1036464476732806,0.04,0.2617993877991494,9.81,1,1,12,21,41,-3.0,3.0,0.01,30.0,60.0,1e-09,1e-12,6,0.0001,1,new simulation,nan
1,4,-0.19561944901923445,-2.4,-0.8999999999999999,settled,2.579999999999989,-0.22179938779914943,0.0,6,1,5,nan,0.04,0.2617993877991494,9.81,1,1,12,21,41,-3.0,3.0,0.01,30.0,60.0,1e-09,1e-12,6,0.0001,1,new simulation,nan
1,5,-0.19561944901923445,-2.25,-0.8999999999999999,settled,3.049999999999979,-0.22179938779914943,0.0,6,1,5,nan,0.04,0.2617993877991494,9.81,1,1,12,21,41,-3.0,3.0,0.01,30.0,60.0,1e-09,1e-12,6,0.0001,1,new simulation,nan
1,6,-0.19561944901923445,-2.1,-0.8999999999999999,rolling,19.530000000000253,-0.2133641021530186,1.0874351323474352,34,30,4,1.103644429266628,0.04,0.2617993877991494,9.81,1,1,12,21,41,-3.0,3.0,0.01,30.0,60.0,1e-09,1e-12,6,0.0001,1,new simulation,nan
1,7,-0.19561944901923445,-1.95,-0.8999999999999999,settled,2.3299999999999943,-0.22179938779914943,0.0,5,1,4,nan,0.04,0.2617993877991494,9.81,1,1,12,21,41,-3.0,3.0,0.01,30.0,60.0,1e-09,1e-12,6,0.0001,1,new simulation,nan
1,8,-0.19561944901923445,-1.8,-0.8999999999999999,rolling,19.030000000000175,-0.21911186660390497,1.0984962741416902,32,29,3,1.1036267695473285,0.04,0.2617993877991494,9.81,1,1,12,21,41,-3.0,3.0,0.01,30.0,60.0,1e-09,1e-12,6,0.0001,1,new simulation,nan
1,9,-0.19561944901923445,-1.6500000000000001,-0.8999999999999999,rolling,19.71000000000028,-0.21847516000298076,1.097263879054254,33,30,3,1.1036324278742438,0.04,0.2617993877991494,9.81,1,1,12,21,41,-3.0,3.0,0.01,30.0,60.0,1e-09,1e-12,6,0.0001,1,new simulation,nan
1,10,-0.19561944901923445,-1.5,-0.8999999999999999,settled,2.0899999999999994,-0.22179938779914943,0.0,4,1,3,nan,0.04,0.2617993877991494,9.81,1,1,12,21,41,-3.0,3.0,0.01,30.0,60.0,1e-09,1e-12,6,0.0001,1,new simulation,nan
1,11,-0.19561944901923445,-1.35,-0.8999999999999999,rolling,18.140000000000036,-0.21331977413928052,1.0873319354289313,31,29,2,1.1036022783135062,0.04,0.2617993877991494,9.81,1,1,12,21,41,-3.0,3.0,0.01,30.0,60.0,1e-09,1e-12,6,0.0001,1,new simulation,nan
1,12,-0.19561944901923445,-1.2000000000000002,-0.8999999999999999,settled,1.5100000000000011,-0.22179938779914943,0.0,3,1,2,nan,0.04,0.2617993877991494,9.81,1,1,12,21,41,-3.0,3.0,0.01,30.0,60.0,1e-09,1e-12,6,0.0001,1,new simulation,nan
1,13,-0.19561944901923445,-1.05,-0.8999999999999999,settled,2.0899999999999994,-0.22179938779914943,0.0,3,1,2,nan,0.04,0.2617993877991494,9.81,1,1,12,21,41,-3.0,3.0,0.01,30.0,60.0,1e-09,1e-12,6,0.0001,1,new simulation,nan
1,14,-0.19561944901923445,-0.8999999999999999,-0.8999999999999999,rolling,18.340000000000067,-0.21244490887405323,1.0856784994202038,31,30,1,1.103637457320353,0.04,0.2617993877991494,9.81,1,1,12,21,41,-3.0,3.0,0.01,30.0,60.0,1e-09,1e-12,6,0.0001,1,new simulation,nan
1,15,-0.19561944901923445,-0.75,-0.8999999999999999,settled,0.6700000000000004,-0.22179938779914943,0.0,2,1,1,nan,0.04,0.2617993877991494,9.81,1,1,12,21,41,-3.0,3.0,0.01,30.0,60.0,1e-09,1e-12,6,0.0001,1,new simulation,nan
1,16,-0.19561944901923445,-0.6000000000000001,-0.8999999999999999,settled,0.5200000000000002,-0.22179938779914943,0.0,2,1,1,nan,0.04,0.2617993877991494,9.81,1,1,12,21,41,-3.0,3.0,0.01,30.0,60.0,1e-09,1e-12,6,0.0001,1,new simulation,nan
1,17,-0.19561944901923445,-0.4500000000000002,-0.8999999999999999,settled,0.4200000000000002,-0.22179938779914943,0.0,2,1,1,nan,0.04,0.2617993877991494,9.81,1,1,12,21,41,-3.0,3.0,0.01,30.0,60.0,1e-09,1e-12,6,0.0001,1,new simulation,nan
1,18,-0.19561944901923445,-0.30000000000000027,-0.8999999999999999,settled,0.35000000000000014,-0.22179938779914943,0.0,2,1,1,nan,0.04,0.2617993877991494,9.81,1,1,12,21,41,-3.0,3.0,0.01,30.0,60.0,1e-09,1e-12,6,0.0001,1,new simulation,nan
1,19,-0.19561944901923445,-0.1499999999999999,-0.8999999999999999,settled,0.3300000000000001,-0.22179938779914943,0.0,2,1,1,nan,0.04,0.2617993877991494,9.81,1,1,12,21,41,-3.0,3.0,0.01,30.0,60.0,1e-09,1e-12,6,0.0001,1,new simulation,nan
1,20,-0.19561944901923445,0.0,-0.8999999999999999,settled,0.37000000000000016,-0.22179938779914943,0.0,2,1,1,nan,0.04,0.2617993877991494,9.81,1,1,12,21,41,-3.0,3.0,0.01,30.0,60.0,1e-09,1e-12,6,0.0001,1,new simulation,nan
1,21,-0.19561944901923445,0.1499999999999999,-0.8999999999999999,settled,0.49000000000000027,-0.22179938779914943,0.0,2,1,1,nan,0.04,0.2617993877991494,9.81,1,1,12,21,41,-3.0,3.0,0.01,30.0,60.0,1e-09,1e-12,6,0.0001,1,new simulation,nan
1,22,-0.19561944901923445,0.2999999999999998,-0.8999999999999999,settled,0.7000000000000004,-0.22179938779914943,0.0,2,1,1,nan,0.04,0.2617993877991494,9.81,1,1,12,21,41,-3.0,3.0,0.01,30.0,60.0,1e-09,1e-12,6,0.0001,1,new simulation,nan
1,23,-0.19561944901923445,0.44999999999999973,-0.8999999999999999,settled,1.0200000000000007,-0.22179938779914943,0.0,2,1,1,nan,0.04,0.2617993877991494,9.81,1,1,12,21,41,-3.0,3.0,0.01,30.0,60.0,1e-09,1e-12,6,0.0001,1,new simulation,nan
1,24,-0.19561944901923445,0.5999999999999996,-0.8999999999999999,settled,2.0000000000000013,-0.22179938779914943,0.0,2,1,1,nan,0.04,0.2617993877991494,9.81,1,1,12,21,41,-3.0,3.0,0.01,30.0,60.0,1e-09,1e-12,6,0.0001,1,new simulation,nan
1,25,-0.19561944901923445,0.75,-0.8999999999999999,rolling,16.069999999999713,-0.21334768774233745,1.0873974612253423,28,28,0,1.1036300529630227,0.04,0.2617993877991494,9.81,1,1,12,21,41,-3.0,3.0,0.01,30.0,60.0,1e-09,1e-12,6,0.0001,1,new simulation,nan
1,26,-0.19561944901923445,0.8999999999999999,-0.8999999999999999,rolling,14.439999999999737,-0.21512091174933073,1.0907949922225963,26,26,0,1.1036342473528027,0.04,0.2617993877991494,9.81,1,1,12,21,41,-3.0,3.0,0.01,30.0,60.0,1e-09,1e-12,6,0.0001,1,new simulation,nan
1,27,-0.19561944901923445,1.0499999999999998,-0.8999999999999999,rolling,7.5499999999998835,-0.21529136530355733,1.091123018578545,14,14,0,1.1036358769537482,0.04,0.2617993877991494,9.81,1,1,12,21,41,-3.0,3.0,0.01,30.0,60.0,1e-09,1e-12,6,0.0001,1,new simulation,nan
1,28,-0.19561944901923445,1.2000000000000002,-0.8999999999999999,rolling,13.679999999999753,-0.21681654924249236,1.0942205001218157,26,26,0,1.1040062028106534,0.04,0.2617993877991494,9.81,1,1,12,21,41,-3.0,3.0,0.01,30.0,60.0,1e-09,1e-12,6,0.0001,1,new simulation,nan
1,29,-0.19561944901923445,1.3499999999999996,-0.8999999999999999,rolling,14.989999999999725,-0.22132603261909992,1.1029643837170116,29,29,0,1.1039895139505413,0.04,0.2617993877991494,9.81,1,1,12,21,41,-3.0,3.0,0.01,30.0,60.0,1e-09,1e-12,6,0.0001,1,new simulation,nan
1,30,-0.19561944901923445,1.5,-0.8999999999999999,rolling,15.25999999999972,-0.21518143241582197,1.0910824379455046,30,30,0,1.1040251225976174,0.04,0.2617993877991494,9.81,1,1,12,21,41,-3.0,3.0,0.01,30.0,60.0,1e-09,1e-12,6,0.0001,1,new simulation,nan
1,31,-0.19561944901923445,1.6499999999999995,-0.8999999999999999,rolling,16.089999999999716,-0.2121715723552667,1.0853095927330054,32,32,0,1.10398177322113,0.04,0.2617993877991494,9.81,1,1,12,21,41,-3.0,3.0,0.01,30.0,60.0,1e-09,1e-12,6,0.0001,1,new simulation,nan
1,32,-0.19561944901923445,1.7999999999999998,-0.8999999999999999,rolling,16.389999999999763,-0.21893679329183735,1.0983103568033812,33,33,0,1.103980249177823,0.04,0.2617993877991494,9.81,1,1,12,21,41,-3.0,3.0,0.01,30.0,60.0,1e-09,1e-12,6,0.0001,1,new simulation,nan
1,33,-0.19561944901923445,1.9500000000000002,-0.8999999999999999,rolling,16.169999999999728,-0.22123115945964394,1.102794364828301,33,33,0,1.1040245696819688,0.04,0.2617993877991494,9.81,1,1,12,21,41,-3.0,3.0,0.01,30.0,60.0,1e-09,1e-12,6,0.0001,1,new simulation,nan
1,34,-0.19561944901923445,2.0999999999999996,-0.8999999999999999,rolling,16.50999999999978,-0.2159559549421771,1.0925632744282627,34,34,0,1.1040074718367883,0.04,0.2617993877991494,9.81,1,1,12,21,41,-3.0,3.0,0.01,30.0,60.0,1e-09,1e-12,6,0.0001,1,new simulation,nan
1,35,-0.19561944901923445,2.25,-0.8999999999999999,rolling,16.859999999999836,-0.21247598818515598,1.0858918787476808,35,35,0,1.1039876678266793,0.04,0.2617993877991494,9.81,1,1,12,21,41,-3.0,3.0,0.01,30.0,60.0,1e-09,1e-12,6,0.0001,1,new simulation,nan
1,36,-0.19561944901923445,2.3999999999999995,-0.8999999999999999,rolling,16.669999999999806,-0.2204301494134525,1.1012298989463836,35,35,0,1.1040185821158224,0.04,0.2617993877991494,9.81,1,1,12,21,41,-3.0,3.0,0.01,30.0,60.0,1e-09,1e-12,6,0.0001,1,new simulation,nan
1,37,-0.19561944901923445,2.55,-0.8999999999999999,rolling,17.039999999999864,-0.2161636343019613,1.0929560958045594,36,36,0,1.1039917612067227,0.04,0.2617993877991494,9.81,1,1,12,21,41,-3.0,3.0,0.01,30.0,60.0,1e-09,1e-12,6,0.0001,1,new simulation,nan
1,38,-0.19561944901923445,2.7,-0.8999999999999999,rolling,16.869999999999838,-0.22112148215215674,1.1025774352495765,36,36,0,1.1040179388296745,0.04,0.2617993877991494,9.81,1,1,12,21,41,-3.0,3.0,0.01,30.0,60.0,1e-09,1e-12,6,0.0001,1,new simulation,nan
1,39,-0.19561944901923445,2.8499999999999996,-0.8999999999999999,rolling,17.2599999999999,-0.21196991681849148,1.0849283232594717,37,37,0,1.1039873529874213,0.04,0.2617993877991494,9.81,1,1,12,21,41,-3.0,3.0,0.01,30.0,60.0,1e-09,1e-12,6,0.0001,1,new simulation,nan
1,40,-0.19561944901923445,3.0,-0.8999999999999999,rolling,17.099999999999874,-0.22135687411791213,1.1030331480706475,37,37,0,1.1040092300257018,0.04,0.2617993877991494,9.81,1,1,12,21,41,-3.0,3.0,0.01,30.0,60.0,1e-09,1e-12,6,0.0001,1,new simulation,nan
2,0,-0.16943951023931952,-3.0,-0.8,rolling,20.070000000000338,-0.21908512132359356,1.098450696968536,36,30,6,1.103641334779737,0.04,0.2617993877991494,9.81,1,1,12,21,41,-3.0,3.0,0.01,30.0,60.0,1e-09,1e-12,6,0.0001,1,new simulation,nan
2,1,-0.16943951023931952,-2.85,-0.8,settled,2.819999999999984,-0.22179938779914943,0.0,7,1,6,nan,0.04,0.2617993877991494,9.81,1,1,12,21,41,-3.0,3.0,0.01,30.0,60.0,1e-09,1e-12,6,0.0001,1,new simulation,nan
2,2,-0.16943951023931952,-2.7,-0.8,settled,3.2099999999999755,-0.22179938779914943,0.0,7,1,6,nan,0.04,0.2617993877991494,9.81,1,1,12,21,41,-3.0,3.0,0.01,30.0,60.0,1e-09,1e-12,6,0.0001,1,new simulation,nan
2,3,-0.16943951023931952,-2.55,-0.8,rolling,19.140000000000192,-0.22083003175396382,1.101826150480292,34,29,5,1.1035965840826245,0.04,0.2617993877991494,9.81,1,1,12,21,41,-3.0,3.0,0.01,30.0,60.0,1e-09,1e-12,6,0.0001,1,new simulation,nan
2,4,-0.16943951023931952,-2.4,-0.8,settled,2.579999999999989,-0.22179938779914943,0.0,6,1,5,nan,0.04,0.2617993877991494,9.81,1,1,12,21,41,-3.0,3.0,0.01,30.0,60.0,1e-09,1e-12,6,0.0001,1,new simulation,nan
2,5,-0.16943951023931952,-2.25,-0.8,settled,2.909999999999982,-0.22179938779914943,0.0,6,1,5,nan,0.04,0.2617993877991494,9.81,1,1,12,21,41,-3.0,3.0,0.01,30.0,60.0,1e-09,1e-12,6,0.0001,1,new simulation,nan
2,6,-0.16943951023931952,-2.1,-0.8,rolling,18.910000000000156,-0.21193196610303788,1.084683576197755,33,29,4,1.1035957306313902,0.04,0.2617993877991494,9.81,1,1,12,21,41,-3.0,3.0,0.01,30.0,60.0,1e-09,1e-12,6,0.0001,1,new simulation,nan
2,7,-0.16943951023931952,-1.95,-0.8,settled,2.3199999999999945,-0.22179938779914943,0.0,5,1,4,nan,0.04,0.2617993877991494,9.81,1,1,12,21,41,-3.0,3.0,0.01,30.0,60.0,1e-09,1e-12,6,0.0001,1,new simulation,nan
2,8,-0.16943951023931952,-1.8,-0.8,settled,2.8799999999999826,-0.22179938779914943,0.0,5,1,4,nan,0.04,0.2617993877991494,9.81,1,1,12,21,41,-3.0,3.0,0.01,30.0,60.0,1e-09,1e-12,6,0.0001,1,new simulation,nan
2,9,-0.16943951023931952,-1.6500000000000001,-0.8,rolling,19.350000000000225,-0.21379263727905068,1.0882521937587668,33,30,3,1.1036397775515312,0.04,0.2617993877991494,9.81,1,1,12,21,41,-3.0,3.0,0.01,30.0,60.0,1e-09,1e-12,6,0.0001,1,new simulation,nan
2,10,-0.16943951023931952,-1.5,-0.8,settled,2.0400000000000005,-0.22179938779914943,0.0,4,1,3,nan,0.04,0.2617993877991494,9.81,1,1,12,21,41,-3.0,3.0,0.01,30.0,60.0,1e-09,1e-12,6,0.0001,1,new simulation,nan
2,11,-0.16943951023931952,-1.35,-0.8,rolling,18.190000000000044,-0.21980860138554065,1.0998450476016188,31,29,2,1.1036153441679277,0.04,0.2617993877991494,9.81,1,1,12,21,41,-3.0,3.0,0.01,30.0,60.0,1e-09,1e-12,6,0.0001,1,new simulation,nan
2,12,-0.16943951023931952,-1.2000000000000002,-0.8,settled,1.5400000000000011,-0.22179938779914943,0.0,3,1,2,nan,0.04,0.2617993877991494,9.81,1,1,12,21,41,-3.0,3.0,0.01,30.0,60.0,1e-09,1e-12,6,0.0001,1,new simulation,nan
2,13,-0.16943951023931952,-1.05,-0.8,settled,1.7000000000000013,-0.22179938779914943,0.0,3,1,2,nan,0.04,0.2617993877991494,9.81,1,1,12,21,41,-3.0,3.0,0.01,30.0,60.0,1e-09,1e-12,6,0.0001,1,new simulation,nan
2,14,-0.16943951023931952,-0.8999999999999999,-0.8,rolling,17.58999999999995,-0.21613215172680814,1.0927226146722664,30,29,1,1.1035965052560905,0.04,0.2617993877991494,9.81,1,1,12,21,41,-3.0,3.0,0.01,30.0,60.0,1e-09,1e-12,6,0.0001,1,new simulation,nan
2,15,-0.16943951023931952,-0.75,-0.8,settled,0.7800000000000005,-0.22179938779914943,0.0,2,1,1,nan,0.04,0.2617993877991494,9.81,1,1,12,21,41,-3.0,3.0,0.01,30.0,60.0,1e-09,1e-12,6,0.0001,1,new simulation,nan
2,16,-0.16943951023931952,-0.6000000000000001,-0.8,settled,0.6300000000000003,-0.22179938779914943,0.0,2,1,1,nan,0.04,0.2617993877991494,9.81,1,1,12,21,41,-3.0,3.0,0.01,30.0,60.0,1e-09,1e-12,6,0.0001,1,new simulation,nan
2,17,-0.16943951023931952,-0.4500000000000002,-0.8,settled,0.5300000000000002,-0.22179938779914943,0.0,2,1,1,nan,0.04,0.2617993877991494,9.81,1,1,12,21,41,-3.0,3.0,0.01,30.0,60.0,1e-09,1e-12,6,0.0001,1,new simulation,nan
2,18,-0.16943951023931952,-0.30000000000000027,-0.8,settled,0.48000000000000026,-0.22179938779914943,0.0,2,1,1,nan,0.04,0.2617993877991494,9.81,1,1,12,21,41,-3.0,3.0,0.01,30.0,60.0,1e-09,1e-12,6,0.0001,1,new simulation,nan
2,19,-0.16943951023931952,-0.1499999999999999,-0.8,settled,0.48000000000000026,-0.22179938779914943,0.0,2,1,1,nan,0.04,0.2617993877991494,9.81,1,1,12,21,41,-3.0,3.0,0.01,30.0,60.0,1e-09,1e-12,6,0.0001,1,new simulation,nan
2,20,-0.16943951023931952,0.0,-0.8,settled,0.5300000000000002,-0.22179938779914943,0.0,2,1,1,nan,0.04,0.2617993877991494,9.81,1,1,12,21,41,-3.0,3.0,0.01,30.0,60.0,1e-09,1e-12,6,0.0001,1,new simulation,nan
2,21,-0.16943951023931952,0.1499999999999999,-0.8,settled,0.6600000000000004,-0.22179938779914943,0.0,2,1,1,nan,0.04,0.2617993877991494,9.81,1,1,12,21,41,-3.0,3.0,0.01,30.0,60.0,1e-09,1e-12,6,0.0001,1,new simulation,nan
2,22,-0.16943951023931952,0.2999999999999998,-0.8,settled,0.8900000000000006,-0.22179938779914943,0.0,2,1,1,nan,0.04,0.2617993877991494,9.81,1,1,12,21,41,-3.0,3.0,0.01,30.0,60.0,1e-09,1e-12,6,0.0001,1,new simulation,nan
2,23,-0.16943951023931952,0.44999999999999973,-0.8,settled,1.330000000000001,-0.22179938779914943,0.0,2,1,1,nan,0.04,0.2617993877991494,9.81,1,1,12,21,41,-3.0,3.0,0.01,30.0,60.0,1e-09,1e-12,6,0.0001,1,new simulation,nan
2,24,-0.16943951023931952,0.5999999999999996,-0.8,rolling,16.469999999999775,-0.21199693286339488,1.0848063116521944,28,28,0,1.1035937555006494,0.04,0.2617993877991494,9.81,1,1,12,21,41,-3.0,3.0,0.01,30.0,60.0,1e-09,1e-12,6,0.0001,1,new simulation,nan
2,25,-0.16943951023931952,0.75,-0.8,rolling,15.24999999999972,-0.2148082620652894,1.0901846252855028,27,27,0,1.1036105042026896,0.04,0.2617993877991494,9.81,1,1,12,21,41,-3.0,3.0,0.01,30.0,60.0,1e-09,1e-12,6,0.0001,1,new simulation,nan
2,26,-0.16943951023931952,0.8999999999999999,-0.8,rolling,13.179999999999763,-0.21921698329804076,1.098685847900561,24,24,0,1.1035934275142096,0.04,0.2617993877991494,9.81,1,1,12,21,41,-3.0,3.0,0.01,30.0,60.0,1e-09,1e-12,6,0.0001,1,new simulation,nan
2,27,-0.16943951023931952,1.0499999999999998,-0.8,rolling,11.199999999999806,-0.21401731487267656,1.088849369931957,21,21,0,1.104020913352698,0.04,0.2617993877991494,9.81,1,1,12,21,41,-3.0,3.0,0.01,30.0,60.0,1e-09,1e-12,6,0.0001,1,new simulation,nan
2,28,-0.16943951023931952,1.2000000000000002,-0.8,rolling,14.119999999999743,-0.21369464255615633,1.0882226225856342,27,27,0,1.1039990709060798,0.04,0.2617993877991494,9.81,1,1,12,21,41,-3.0,3.0,0.01,30.0,60.0,1e-09,1e-12,6,0.0001,1,new simulation,nan
2,29,-0.16943951023931952,1.3499999999999996,-0.8,rolling,14.909999999999727,-0.21684555911416914,1.0942793038163903,29,29,0,1.104012732012204,0.04,0.2617993877991494,9.81,1,1,12,21,41,-3.0,3.0,0.01,30.0,60.0,1e-09,1e-12,6,0.0001,1,new simulation,nan
2,30,-0.16943951023931952,1.5,-0.8,rolling,15.729999999999709,-0.21411280237993913,1.0890163650470677,31,31,0,1.1039850452761757,0.04,0.2617993877991494,9.81,1,1,12,21,41,-3.0,3.0,0.01,30.0,60.0,1e-09,1e-12,6,0.0001,1,new simulation,nan
2,31,-0.16943951023931952,1.6499999999999995,-0.8,rolling,16.029999999999706,-0.21144304217007143,1.083928659140754,32,32,0,1.1039915684368762,0.04,0.2617993877991494,9.81,1,1,12,21,41,-3.0,3.0,0.01,30.0,60.0,1e-09,1e-12,6,0.0001,1,new simulation,nan
2,32,-0.16943951023931952,1.7999999999999998,-0.8,rolling,16.339999999999755,-0.2158248016308457,1.0923022810433998,33,33,0,1.1039875948174178,0.04,0.2617993877991494,9.81,1,1,12,21,41,-3.0,3.0,0.01,30.0,60.0,1e-09,1e-12,6,0.0001,1,new simulation,nan
2,33,-0.16943951023931952,1.9500000000000002,-0.8,rolling,16.669999999999806,-0.21373782550375625,1.0882955250650157,34,34,0,1.1039770816254288,0.04,0.2617993877991494,9.81,1,1,12,21,41,-3.0,3.0,0.01,30.0,60.0,1e-09,1e-12,6,0.0001,1,new simulation,nan
2,34,-0.16943951023931952,2.0999999999999996,-0.8,rolling,16.469999999999775,-0.21432035104019032,1.089426001324642,34,34,0,1.1040129814871789,0.04,0.2617993877991494,9.81,1,1,12,21,41,-3.0,3.0,0.01,30.0,60.0,1e-09,1e-12,6,0.0001,1,new simulation,nan
2,35,-0.16943951023931952,2.25,-0.8,rolling,16.81999999999983,-0.21543084519726388,1.0915468387492686,35,35,0,1.1039917996993616,0.04,0.2617993877991494,9.81,1,1,12,21,41,-3.0,3.0,0.01,30.0,60.0,1e-09,1e-12,6,0.0001,1,new simulation,nan
2,36,-0.16943951023931952,2.3999999999999995,-0.8,rolling,16.6399999999998,-0.21631716226546294,1.0932652569904997,35,35,0,1.1040227141015027,0.04,0.2617993877991494,9.81,1,1,12,21,41,-3.0,3.0,0.01,30.0,60.0,1e-09,1e-12,6,0.0001,1,new simulation,nan
2,37,-0.16943951023931952,2.55,-0.8,rolling,17.00999999999986,-0.21534925124049437,1.091391439729518,36,36,0,1.1039948609126353,0.04,0.2617993877991494,9.81,1,1,12,21,41,-3.0,3.0,0.01,30.0,60.0,1e-09,1e-12,6,0.0001,1,new simulation,nan
2,38,-0.16943951023931952,2.7,-0.8,rolling,16.849999999999834,-0.21218594015050496,1.0853542355699783,36,36,0,1.1040210375849535,0.04,0.2617993877991494,9.81,1,1,12,21,41,-3.0,3.0,0.01,30.0,60.0,1e-09,1e-12,6,0.0001,1,new simulation,nan
2,39,-0.16943951023931952,2.8499999999999996,-0.8,rolling,17.229999999999894,-0.2163935255834278,1.0933978973870664,37,37,0,1.1039896775411708,0.04,0.2617993877991494,9.81,1,1,12,21,41,-3.0,3.0,0.01,30.0,60.0,1e-09,1e-12,6,0.0001,1,new simulation,nan
2,40,-0.16943951023931952,3.0,-0.8,rolling,17.07999999999987,-0.21697057913390885,1.094519966049654,37,37,0,1.104011554097782,0.04,0.2617993877991494,9.81,1,1,12,21,41,-3.0,3.0,0.01,30.0,60.0,1e-09,1e-12,6,0.0001,1,new simulation,nan
3,0,-0.14325957145940457,-3.0,-0.7,rolling,20.01000000000033,-0.21919123567120607,1.0986578490392394,36,30,6,1.103643994436207,0.04,0.2617993877991494,9.81,1,1,12,21,41,-3.0,3.0,0.01,30.0,60.0,1e-09,1e-12,6,0.0001,1,new simulation,nan
3,1,-0.14325957145940457,-2.85,-0.7,settled,2.809999999999984,-0.22179938779914943,0.0,7,1,6,nan,0.04,0.2617993877991494,9.81,1,1,12,21,41,-3.0,3.0,0.01,30.0,60.0,1e-09,1e-12,6,0.0001,1,new simulation,nan
3,2,-0.14325957145940457,-2.7,-0.7,settled,3.139999999999977,-0.22179938779914943,0.0,7,1,6,nan,0.04,0.2617993877991494,9.81,1,1,12,21,41,-3.0,3.0,0.01,30.0,60.0,1e-09,1e-12,6,0.0001,1,new simulation,nan
3,3,-0.14325957145940457,-2.55,-0.7,rolling,19.12000000000019,-0.21394384377737716,1.0885245637407368,34,29,5,1.1036013133944165,0.04,0.2617993877991494,9.81,1,1,12,21,41,-3.0,3.0,0.01,30.0,60.0,1e-09,1e-12,6,0.0001,1,new simulation,nan
3,4,-0.14325957145940457,-2.4,-0.7,settled,2.579999999999989,-0.22179938779914943,0.0,6,1,5,nan,0.04,0.2617993877991494,9.81,1,1,12,21,41,-3.0,3.0,0.01,30.0,60.0,1e-09,1e-12,6,0.0001,1,new simulation,nan
3,5,-0.14325957145940457,-2.25,-0.7,settled,2.8399999999999834,-0.22179938779914943,0.0,6,1,5,nan,0.04,0.2617993877991494,9.81,1,1,12,21,41,-3.0,3.0,0.01,30.0,60.0,1e-09,1e-12,6,0.0001,1,new simulation,nan
3,6,-0.14325957145940457,-2.1,-0.7,rolling,18.87000000000015,-0.21807602339274593,1.0964776256358817,33,29,4,1.1036020357170298,0.04,0.2617993877991494,9.81,1,1,12,21,41,-3.0,3.0,0.01,30.0,60.0,1e-09,1e-12,6,0.0001,1,new simulation,nan
3,7,-0.14325957145940457,-1.95,-0.7,settled,2.3299999999999943,-0.22179938779914943,0.0,5,1,4,nan,0.04,0.2617993877991494,9.81,1,1,12,21,41,-3.0,3.0,0.01,30.0,60.0,1e-09,1e-12,6,0.0001,1,new simulation,nan
3,8,-0.14325957145940457,-1.8,-0.7,settled,2.679999999999987,-0.22179938779914943,0.0,5,1,4,nan,0.04,0.2617993877991494,9.81,1,1,12,21,41,-3.0,3.0,0.01,30.0,60.0,1e-09,1e-12,6,0.0001,1,new simulation,nan
3,9,-0.14325957145940457,-1.6500000000000001,-0.7,rolling,19.210000000000203,-0.21905174636589977,1.0983879849150777,33,30,3,1.103646081426375,0.04,0.2617993877991494,9.81,1,1,12,21,41,-3.0,3.0,0.01,30.0,60.0,1e-09,1e-12,6,0.0001,1,new simulation,nan
3,10,-0.14325957145940457,-1.5,-0.7,settled,2.020000000000001,-0.22179938779914943,0.0,4,1,3,nan,0.04,0.2617993877991494,9.81,1,1,12,21,41,-3.0,3.0,0.01,30.0,60.0,1e-09,1e-12,6,0.0001,1,new simulation,nan
3,11,-0.14325957145940457,-1.35,-0.7,rolling,18.660000000000117,-0.21423893924430373,1.0891005187784417,31,29,2,1.1036265526266653,0.04,0.2617993877991494,9.81,1,1,12,21,41,-3.0,3.0,0.01,30.0,60.0,1e-09,1e-12,6,0.0001,1,new simulation,nan
3,12,-0.14325957145940457,-1.2000000000000002,-0.7,rolling,19.290000000000216,-0.21312761578160377,1.0869784531108242,32,30,2,1.1036328568536307,0.04,0.2617993877991494,9.81,1,1,12,21,41,-3.0,3.0,0.01,30.0,60.0,1e-09,1e-12,6,0.0001,1,new simulation,nan
3,13,-0.14325957145940457,-1.05,-0.7,settled,1.6200000000000012,-0.22179938779914943,0.0,3,1,2,nan,0.04,0.2617993877991494,9.81,1,1,12,21,41,-3.0,3.0,0.01,30.0,60.0,1e-09,1e-12,6,0.0001,1,new simulation,nan
3,14,-0.14325957145940457,-0.8999999999999999,-0.7,rolling,17.619999999999955,-0.21849562577160023,1.0972944018610469,30,29,1,1.1036114498896517,0.04,0.2617993877991494,9.81,1,1,12,21,41,-3.0,3.0,0.01,30.0,60.0,1e-09,1e-12,6,0.0001,1,new simulation,nan
3,15,-0.14325957145940457,-0.75,-0.7,settled,0.8900000000000006,-0.22179938779914943,0.0,2,1,1,nan,0.04,0.2617993877991494,9.81,1,1,12,21,41,-3.0,3.0,0.01,30.0,60.0,1e-09,1e-12,6,0.0001,1,new simulation,nan
3,16,-0.14325957145940457,-0.6000000000000001,-0.7,settled,0.7200000000000004,-0.22179938779914943,0.0,2,1,1,nan,0.04,0.2617993877991494,9.81,1,1,12,21,41,-3.0,3.0,0.01,30.0,60.0,1e-09,1e-12,6,0.0001,1,new simulation,nan
3,17,-0.14325957145940457,-0.4500000000000002,-0.7,settled,0.6300000000000003,-0.22179938779914943,0.0,2,1,1,nan,0.04,0.2617993877991494,9.81,1,1,12,21,41,-3.0,3.0,0.01,30.0,60.0,1e-09,1e-12,6,0.0001,1,new simulation,nan
3,18,-0.14325957145940457,-0.30000000000000027,-0.7,settled,0.5900000000000003,-0.22179938779914943,0.0,2,1,1,nan,0.04,0.2617993877991494,9.81,1,1,12,21,41,-3.0,3.0,0.01,30.0,60.0,1e-09,1e-12,6,0.0001,1,new simulation,nan
3,19,-0.14325957145940457,-0.1499999999999999,-0.7,settled,0.6000000000000003,-0.22179938779914943,0.0,2,1,1,nan,0.04,0.2617993877991494,9.81,1,1,12,21,41,-3.0,3.0,0.01,30.0,60.0,1e-09,1e-12,6,0.0001,1,new simulation,nan
3,20,-0.14325957145940457,0.0,-0.7,settled,0.6700000000000004,-0.22179938779914943,0.0,2,1,1,nan,0.04,0.2617993877991494,9.81,1,1,12,21,41,-3.0,3.0,0.01,30.0,60.0,1e-09,1e-12,6,0.0001,1,new simulation,nan
3,21,-0.14325957145940457,0.1499999999999999,-0.7,settled,0.8200000000000005,-0.22179938779914943,0.0,2,1,1,nan,0.04,0.2617993877991494,9.81,1,1,12,21,41,-3.0,3.0,0.01,30.0,60.0,1e-09,1e-12,6,0.0001,1,new simulation,nan
3,22,-0.14325957145940457,0.2999999999999998,-0.7,settled,1.1100000000000008,-0.22179938779914943,0.0,2,1,1,nan,0.04,0.2617993877991494,9.81,1,1,12,21,41,-3.0,3.0,0.01,30.0,60.0,1e-09,1e-12,6,0.0001,1,new simulation,nan
3,23,-0.14325957145940457,0.44999999999999973,-0.7,rolling,18.35000000000007,-0.21973619164326852,1.0997102358632895,29,29,0,1.1036291484393075,0.04,0.2617993877991494,9.81,1,1,12,21,41,-3.0,3.0,0.01,30.0,60.0,1e-09,1e-12,6,0.0001,1,new simulation,nan
3,24,-0.14325957145940457,0.5999999999999996,-0.7,rolling,16.079999999999714,-0.21909214146467804,1.0984551816502648,28,28,0,1.1036203234192516,0.04,0.2617993877991494,9.81,1,1,12,21,41,-3.0,3.0,0.01,30.0,60.0,1e-09,1e-12,6,0.0001,1,new simulation,nan
3,25,-0.14325957145940457,0.75,-0.7,rolling,15.049999999999724,-0.21439597825781254,1.0894098177143139,27,27,0,1.1036459280888014,0.04,0.2617993877991494,9.81,1,1,12,21,41,-3.0,3.0,0.01,30.0,60.0,1e-09,1e-12,6,0.0001,1,new simulation,nan
3,26,-0.14325957145940457,0.8999999999999999,-0.7,rolling,12.499999999999778,-0.21906508032475794,1.0984078820275942,23,23,0,1.1036323329461462,0.04,0.2617993877991494,9.81,1,1,12,21,41,-3.0,3.0,0.01,30.0,60.0,1e-09,1e-12,6,0.0001,1,new simulation,nan
3,27,-0.14325957145940457,1.0499999999999998,-0.7,rolling,12.709999999999773,-0.21579712081942654,1.092247645112936,24,24,0,1.103984398231517,0.04,0.2617993877991494,9.81,1,1,12,21,41,-3.0,3.0,0.01,30.0,60.0,1e-09,1e-12,6,0.0001,1,new simulation,nan
3,28,-0.14325957145940457,1.2000000000000002,-0.7,rolling,14.569999999999734,-0.21694093327369965,1.0944485503752357,28,28,0,1.1039790026247165,0.04,0.2617993877991494,9.81,1,1,12,21,41,-3.0,3.0,0.01,30.0,60.0,1e-09,1e-12,6,0.0001,1,new simulation,nan
3,29,-0.14325957145940457,1.3499999999999996,-0.7,rolling,15.379999999999717,-0.21424788538632566,1.0892717159784924,30,30,0,1.1039776300499542,0.04,0.2617993877991494,9.81,1,1,12,21,41,-3.0,3.0,0.01,30.0,60.0,1e-09,1e-12,6,0.0001,1,new simulation,nan
3,30,-0.14325957145940457,1.5,-0.7,rolling,15.66999999999971,-0.2126928466095099,1.0863089230013476,31,31,0,1.1039962496057667,0.04,0.2617993877991494,9.81,1,1,12,21,41,-3.0,3.0,0.01,30.0,60.0,1e-09,1e-12,6,0.0001,1,new simulation,nan
3,31,-0.14325957145940457,1.6499999999999995,-0.7,rolling,15.969999999999704,-0.21908073821498072,1.0985982367059628,32,32,0,1.1039999704831849,0.04,0.2617993877991494,9.81,1,1,12,21,41,-3.0,3.0,0.01,30.0,60.0,1e-09,1e-12,6,0.0001,1,new simulation,nan
3,32,-0.14325957145940457,1.7999999999999998,-0.7,rolling,16.289999999999747,-0.21971583569291514,1.0998291849131616,33,33,0,1.1039938977375252,0.04,0.2617993877991494,9.81,1,1,12,21,41,-3.0,3.0,0.01,30.0,60.0,1e-09,1e-12,6,0.0001,1,new simulation,nan
3,33,-0.14325957145940457,1.9500000000000002,-0.7,rolling,16.6299999999998,-0.21246869085083162,1.0858753968091905,34,34,0,1.103981808175251,0.04,0.2617993877991494,9.81,1,1,12,21,41,-3.0,3.0,0.01,30.0,60.0,1e-09,1e-12,6,0.0001,1,new simulation,nan
3,34,-0.14325957145940457,2.0999999999999996,-0.7,rolling,16.42999999999977,-0.21778501956084662,1.0960958463872104,34,34,0,1.1040177091337853,0.04,0.2617993877991494,9.81,1,1,12,21,41,-3.0,3.0,0.01,30.0,60.0,1e-09,1e-12,6,0.0001,1,new simulation,nan
3,35,-0.14325957145940457,2.25,-0.7,rolling,16.789999999999825,-0.2119312763288342,1.0848583418552962,35,35,0,1.103995344028797,0.04,0.2617993877991494,9.81,1,1,12,21,41,-3.0,3.0,0.01,30.0,60.0,1e-09,1e-12,6,0.0001,1,new simulation,nan
3,36,-0.14325957145940457,2.3999999999999995,-0.7,rolling,16.609999999999797,-0.2161363936544691,1.0929187454582003,35,35,0,1.104026258503005,0.04,0.2617993877991494,9.81,1,1,12,21,41,-3.0,3.0,0.01,30.0,60.0,1e-09,1e-12,6,0.0001,1,new simulation,nan
3,37,-0.14325957145940457,2.55,-0.7,rolling,16.979999999999855,-0.2180145252043419,1.0965309988196212,36,36,0,1.1039975190903408,0.04,0.2617993877991494,9.81,1,1,12,21,41,-3.0,3.0,0.01,30.0,60.0,1e-09,1e-12,6,0.0001,1,new simulation,nan
3,38,-0.14325957145940457,2.7,-0.7,rolling,16.81999999999983,-0.21728638139474318,1.0951348601502553,36,36,0,1.1040236973573316,0.04,0.2617993877991494,9.81,1,1,12,21,41,-3.0,3.0,0.01,30.0,60.0,1e-09,1e-12,6,0.0001,1,new simulation,nan
3,39,-0.14325957145940457,2.8499999999999996,-0.7,rolling,17.20999999999989,-0.21271544408669024,1.086349987684984,37,37,0,1.1039916710637439,0.04,0.2617993877991494,9.81,1,1,12,21,41,-3.0,3.0,0.01,30.0,60.0,1e-09,1e-12,6,0.0001,1,new simulation,nan
3,40,-0.14325957145940457,3.0,-0.7,rolling,17.059999999999867,-0.2151454737077036,1.0910083368526584,37,37,0,1.1040135485698568,0.04,0.2617993877991494,9.81,1,1,12,21,41,-3.0,3.0,0.01,30.0,60.0,1e-09,1e-12,6,0.0001,1,new simulation,nan
4,0,-0.11707963267948963,-3.0,-0.6,rolling,19.970000000000322,-0.22117723156270575,1.102525084982706,36,30,6,1.103646210966884,0.04,0.2617993877991494,9.81,1,1,12,21,41,-3.0,3.0,0.01,30.0,60.0,1e-09,1e-12,6,0.0001,1,new simulation,nan
4,1,-0.11707963267948963,-2.85,-0.6,settled,2.809999999999984,-0.22179938779914943,0.0,7,1,6,nan,0.04,0.2617993877991494,9.81,1,1,12,21,41,-3.0,3.0,0.01,30.0,60.0,1e-09,1e-12,6,0.0001,1,new simulation,nan
4,2,-0.11707963267948963,-2.7,-0.6,settled,3.089999999999978,-0.22179938779914943,0.0,7,1,6,nan,0.04,0.2617993877991494,9.81,1,1,12,21,41,-3.0,3.0,0.01,30.0,60.0,1e-09,1e-12,6,0.0001,1,new simulation,nan
4,3,-0.11707963267948963,-2.55,-0.6,rolling,19.110000000000188,-0.21713475670758572,1.0946594156224965,34,29,5,1.103605253749606,0.04,0.2617993877991494,9.81,1,1,12,21,41,-3.0,3.0,0.01,30.0,60.0,1e-09,1e-12,6,0.0001,1,new simulation,nan
4,4,-0.11707963267948963,-2.4,-0.6,settled,2.5899999999999888,-0.22179938779914943,0.0,6,1,5,nan,0.04,0.2617993877991494,9.81,1,1,12,21,41,-3.0,3.0,0.01,30.0,60.0,1e-09,1e-12,6,0.0001,1,new simulation,nan
4,5,-0.11707963267948963,-2.25,-0.6,settled,2.7899999999999845,-0.22179938779914943,0.0,6,1,5,nan,0.04,0.2617993877991494,9.81,1,1,12,21,41,-3.0,3.0,0.01,30.0,60.0,1e-09,1e-12,6,0.0001,1,new simulation,nan
4,6,-0.11707963267948963,-2.1,-0.6,rolling,18.87000000000015,-0.21499571970240183,1.0905428793413867,33,29,4,1.1036072910575034,0.04,0.2617993877991494,9.81,1,1,12,21,41,-3.0,3.0,0.01,30.0,60.0,1e-09,1e-12,6,0.0001,1,new simulation,nan
4,7,-0.11707963267948963,-1.95,-0.6,settled,2.3299999999999943,-0.22179938779914943,0.0,5,1,4,nan,0.04,0.2617993877991494,9.81,1,1,12,21,41,-3.0,3.0,0.01,30.0,60.0,1e-09,1e-12,6,0.0001,1,new simulation,nan
4,8,-0.11707963267948963,-1.8,-0.6,settled,2.5899999999999888,-0.22179938779914943,0.0,5,1,4,nan,0.04,0.2617993877991494,9.81,1,1,12,21,41,-3.0,3.0,0.01,30.0,60.0,1e-09,1e-12,6,0.0001,1,new simulation,nan
4,9,-0.11707963267948963,-1.6500000000000001,-0.6,rolling,18.61000000000011,-0.22078255830011564,1.1017340106204394,32,29,3,1.1035975918590033,0.04,0.2617993877991494,9.81,1,1,12,21,41,-3.0,3.0,0.01,30.0,60.0,1e-09,1e-12,6,0.0001,1,new simulation,nan
4,10,-0.11707963267948963,-1.5,-0.6,settled,2.020000000000001,-0.22179938779914943,0.0,4,1,3,nan,0.04,0.2617993877991494,9.81,1,1,12,21,41,-3.0,3.0,0.01,30.0,60.0,1e-09,1e-12,6,0.0001,1,new simulation,nan
4,11,-0.11707963267948963,-1.35,-0.6,settled,2.579999999999989,-0.22179938779914943,0.0,4,1,3,nan,0.04,0.2617993877991494,9.81,1,1,12,21,41,-3.0,3.0,0.01,30.0,60.0,1e-09,1e-12,6,0.0001,1,new simulation,nan
4,12,-0.11707963267948963,-1.2000000000000002,-0.6,rolling,18.970000000000166,-0.2187876026912165,1.0978728117086725,32,30,2,1.103639863318609,0.04,0.2617993877991494,9.81,1,1,12,21,41,-3.0,3.0,0.01,30.0,60.0,1e-09,1e-12,6,0.0001,1,new simulation,nan
4,13,-0.11707963267948963,-1.05,-0.6,settled,1.6100000000000012,-0.22179938779914943,0.0,3,1,2,nan,0.04,0.2617993877991494,9.81,1,1,12,21,41,-3.0,3.0,0.01,30.0,60.0,1e-09,1e-12,6,0.0001,1,new simulation,nan
4,14,-0.11707963267948963,-0.8999999999999999,-0.6,rolling,17.930000000000003,-0.21373960876909098,1.0881438100270036,30,29,1,1.1036239063532551,0.04,0.2617993877991494,9.81,1,1,12,21,41,-3.0,3.0,0.01,30.0,60.0,1e-09,1e-12,6,0.0001,1,new simulation,nan
4,15,-0.11707963267948963,-0.75,-0.6,rolling,18.470000000000088,-0.21902522165624463,1.0983322903887323,31,30,1,1.1036363902505866,0.04,0.2617993877991494,9.81,1,1,12,21,41,-3.0,3.0,0.01,30.0,60.0,1e-09,1e-12,6,0.0001,1,new simulation,nan
4,16,-0.11707963267948963,-0.6000000000000001,-0.6,settled,0.8100000000000005,-0.22179938779914943,0.0,2,1,1,nan,0.04,0.2617993877991494,9.81,1,1,12,21,41,-3.0,3.0,0.01,30.0,60.0,1e-09,1e-12,6,0.0001,1,new simulation,nan
4,17,-0.11707963267948963,-0.4500000000000002,-0.6,settled,0.7200000000000004,-0.22179938779914943,0.0,2,1,1,nan,0.04,0.2617993877991494,9.81,1,1,12,21,41,-3.0,3.0,0.01,30.0,60.0,1e-09,1e-12,6,0.0001,1,new simulation,nan
4,18,-0.11707963267948963,-0.30000000000000027,-0.6,settled,0.6900000000000004,-0.22179938779914943,0.0,2,1,1,nan,0.04,0.2617993877991494,9.81,1,1,12,21,41,-3.0,3.0,0.01,30.0,60.0,1e-09,1e-12,6,0.0001,1,new simulation,nan
4,19,-0.11707963267948963,-0.1499999999999999,-0.6,settled,0.7100000000000004,-0.22179938779914943,0.0,2,1,1,nan,0.04,0.2617993877991494,9.81,1,1,12,21,41,-3.0,3.0,0.01,30.0,60.0,1e-09,1e-12,6,0.0001,1,new simulation,nan
4,20,-0.11707963267948963,0.0,-0.6,settled,0.8000000000000005,-0.22179938779914943,0.0,2,1,1,nan,0.04,0.2617993877991494,9.81,1,1,12,21,41,-3.0,3.0,0.01,30.0,60.0,1e-09,1e-12,6,0.0001,1,new simulation,nan
4,21,-0.11707963267948963,0.1499999999999999,-0.6,settled,0.9900000000000007,-0.22179938779914943,0.0,2,1,1,nan,0.04,0.2617993877991494,9.81,1,1,12,21,41,-3.0,3.0,0.01,30.0,60.0,1e-09,1e-12,6,0.0001,1,new simulation,nan
4,22,-0.11707963267948963,0.2999999999999998,-0.6,settled,1.420000000000001,-0.22179938779914943,0.0,2,1,1,nan,0.04,0.2617993877991494,9.81,1,1,12,21,41,-3.0,3.0,0.01,30.0,60.0,1e-09,1e-12,6,0.0001,1,new simulation,nan
4,23,-0.11707963267948963,0.44999999999999973,-0.6,rolling,16.969999999999853,-0.21552491883486313,1.0915760795266776,29,29,0,1.1036457581394787,0.04,0.2617993877991494,9.81,1,1,12,21,41,-3.0,3.0,0.01,30.0,60.0,1e-09,1e-12,6,0.0001,1,new simulation,nan
4,24,-0.11707963267948963,0.5999999999999996,-0.6,rolling,15.849999999999707,-0.21102266402155048,1.0829766069473021,28,28,0,1.103642470223894,0.04,0.2617993877991494,9.81,1,1,12,21,41,-3.0,3.0,0.01,30.0,60.0,1e-09,1e-12,6,0.0001,1,new simulation,nan
4,25,-0.11707963267948963,0.75,-0.6,rolling,14.359999999999738,-0.2117423620988728,1.0843379614837863,26,26,0,1.103629749634564,0.04,0.2617993877991494,9.81,1,1,12,21,41,-3.0,3.0,0.01,30.0,60.0,1e-09,1e-12,6,0.0001,1,new simulation,nan
4,26,-0.11707963267948963,0.8999999999999999,-0.6,rolling,10.769999999999815,-0.216242163516911,1.0929388398871134,20,20,0,1.1036065491757594,0.04,0.2617993877991494,9.81,1,1,12,21,41,-3.0,3.0,0.01,30.0,60.0,1e-09,1e-12,6,0.0001,1,new simulation,nan
4,27,-0.11707963267948963,1.0499999999999998,-0.6,rolling,13.159999999999764,-0.21639054537796726,1.093394010210053,25,25,0,1.1039939164088726,0.04,0.2617993877991494,9.81,1,1,12,21,41,-3.0,3.0,0.01,30.0,60.0,1e-09,1e-12,6,0.0001,1,new simulation,nan
4,28,-0.11707963267948963,1.2000000000000002,-0.6,rolling,14.499999999999735,-0.21351858103073665,1.0878870293061582,28,28,0,1.1040011408985033,0.04,0.2617993877991494,9.81,1,1,12,21,41,-3.0,3.0,0.01,30.0,60.0,1e-09,1e-12,6,0.0001,1,new simulation,nan
4,29,-0.11707963267948963,1.3499999999999996,-0.6,rolling,15.319999999999718,-0.21260153422966083,1.0861321629864207,30,30,0,1.1039900819122956,0.04,0.2617993877991494,9.81,1,1,12,21,41,-3.0,3.0,0.01,30.0,60.0,1e-09,1e-12,6,0.0001,1,new simulation,nan
4,30,-0.11707963267948963,1.5,-0.6,rolling,15.609999999999712,-0.22062856327986166,1.1016108292386244,31,31,0,1.10400558795286,0.04,0.2617993877991494,9.81,1,1,12,21,41,-3.0,3.0,0.01,30.0,60.0,1e-09,1e-12,6,0.0001,1,new simulation,nan
4,31,-0.11707963267948963,1.6499999999999995,-0.6,rolling,15.929999999999705,-0.21261225772823628,1.086160035931644,32,32,0,1.104006974544742,0.04,0.2617993877991494,9.81,1,1,12,21,41,-3.0,3.0,0.01,30.0,60.0,1e-09,1e-12,6,0.0001,1,new simulation,nan
4,32,-0.11707963267948963,1.7999999999999998,-0.6,rolling,16.24999999999974,-0.21918928710711863,1.0988085711605529,33,33,0,1.1039991503295221,0.04,0.2617993877991494,9.81,1,1,12,21,41,-3.0,3.0,0.01,30.0,60.0,1e-09,1e-12,6,0.0001,1,new simulation,nan
4,33,-0.11707963267948963,1.9500000000000002,-0.6,rolling,16.589999999999794,-0.2167721482197648,1.0941259341992673,34,34,0,1.1039857481846447,0.04,0.2617993877991494,9.81,1,1,12,21,41,-3.0,3.0,0.01,30.0,60.0,1e-09,1e-12,6,0.0001,1,new simulation,nan
4,34,-0.11707963267948963,2.0999999999999996,-0.6,rolling,16.399999999999764,-0.21517087559417677,1.0910606491512866,34,34,0,1.1040216478902092,0.04,0.2617993877991494,9.81,1,1,12,21,41,-3.0,3.0,0.01,30.0,60.0,1e-09,1e-12,6,0.0001,1,new simulation,nan
4,35,-0.11707963267948963,2.25,-0.6,rolling,16.75999999999982,-0.21266649406293717,1.0862595923037321,35,35,0,1.1039983000637785,0.04,0.2617993877991494,9.81,1,1,12,21,41,-3.0,3.0,0.01,30.0,60.0,1e-09,1e-12,6,0.0001,1,new simulation,nan
4,36,-0.11707963267948963,2.3999999999999995,-0.6,rolling,16.579999999999792,-0.2197326214355338,1.0998771701018053,35,35,0,1.104029213483148,0.04,0.2617993877991494,9.81,1,1,12,21,41,-3.0,3.0,0.01,30.0,60.0,1e-09,1e-12,6,0.0001,1,new simulation,nan
4,37,-0.11707963267948963,2.55,-0.6,rolling,16.95999999999985,-0.21311181403836674,1.0871096098315587,36,36,0,1.1039997348669333,0.04,0.2617993877991494,9.81,1,1,12,21,41,-3.0,3.0,0.01,30.0,60.0,1e-09,1e-12,6,0.0001,1,new simulation,nan
4,38,-0.11707963267948963,2.7,-0.6,rolling,16.799999999999827,-0.21448753642711302,1.089751936817962,36,36,0,1.1040259129049699,0.04,0.2617993877991494,9.81,1,1,12,21,41,-3.0,3.0,0.01,30.0,60.0,1e-09,1e-12,6,0.0001,1,new simulation,nan
4,39,-0.11707963267948963,2.8499999999999996,-0.6,rolling,17.189999999999888,-0.2117583807735697,1.0845286712161504,37,37,0,1.1039933329142613,0.04,0.2617993877991494,9.81,1,1,12,21,41,-3.0,3.0,0.01,30.0,60.0,1e-09,1e-12,6,0.0001,1,new simulation,nan
4,40,-0.11707963267948963,3.0,-0.6,rolling,17.039999999999864,-0.21579388578730646,1.0922549102054955,37,37,0,1.1040152101216452,0.04,0.2617993877991494,9.81,1,1,12,21,41,-3.0,3.0,0.01,30.0,60.0,1e-09,1e-12,6,0.0001,1,new simulation,nan
5,0,-0.0908996938995747,-3.0,-0.5,rolling,19.95000000000032,-0.2177227301877356,1.095814138940626,36,30,6,1.103647983959227,0.04,0.2617993877991494,9.81,1,1,12,21,41,-3.0,3.0,0.01,30.0,60.0,1e-09,1e-12,6,0.0001,1,new simulation,nan
5,1,-0.0908996938995747,-2.85,-0.5,settled,2.819999999999984,-0.22179938779914943,0.0,7,1,6,nan,0.04,0.2617993877991494,9.81,1,1,12,21,41,-3.0,3.0,0.01,30.0,60.0,1e-09,1e-12,6,0.0001,1,new simulation,nan
5,2,-0.0908996938995747,-2.7,-0.5,settled,3.0599999999999787,-0.22179938779914943,0.0,7,1,6,nan,0.04,0.2617993877991494,9.81,1,1,12,21,41,-3.0,3.0,0.01,30.0,60.0,1e-09,1e-12,6,0.0001,1,new simulation,nan
5,3,-0.0908996938995747,-2.55,-0.5,rolling,19.12000000000019,-0.21273623277515924,1.0862209835515255,34,29,5,1.1036084060575653,0.04,0.2617993877991494,9.81,1,1,12,21,41,-3.0,3.0,0.01,30.0,60.0,1e-09,1e-12,6,0.0001,1,new simulation,nan
5,4,-0.0908996938995747,-2.4,-0.5,settled,2.5999999999999885,-0.22179938779914943,0.0,6,1,5,nan,0.04,0.2617993877991494,9.81,1,1,12,21,41,-3.0,3.0,0.01,30.0,60.0,1e-09,1e-12,6,0.0001,1,new simulation,nan
5,5,-0.0908996938995747,-2.25,-0.5,settled,2.769999999999985,-0.22179938779914943,0.0,6,1,5,nan,0.04,0.2617993877991494,9.81,1,1,12,21,41,-3.0,3.0,0.01,30.0,60.0,1e-09,1e-12,6,0.0001,1,new simulation,nan
5,6,-0.0908996938995747,-2.1,-0.5,rolling,18.890000000000153,-0.21396111501172968,1.0885620814138002,33,29,4,1.1036114938898354,0.04,0.2617993877991494,9.81,1,1,12,21,41,-3.0,3.0,0.01,30.0,60.0,1e-09,1e-12,6,0.0001,1,new simulation,nan
5,7,-0.0908996938995747,-1.95,-0.5,settled,2.349999999999994,-0.22179938779914943,0.0,5,1,4,nan,0.04,0.2617993877991494,9.81,1,1,12,21,41,-3.0,3.0,0.01,30.0,60.0,1e-09,1e-12,6,0.0001,1,new simulation,nan
5,8,-0.0908996938995747,-1.8,-0.5,settled,2.53999999999999,-0.22179938779914943,0.0,5,1,4,nan,0.04,0.2617993877991494,9.81,1,1,12,21,41,-3.0,3.0,0.01,30.0,60.0,1e-09,1e-12,6,0.0001,1,new simulation,nan
5,9,-0.0908996938995747,-1.6500000000000001,-0.5,rolling,18.600000000000108,-0.21330140677767442,1.087297258117034,32,29,3,1.1036031951180225,0.04,0.2617993877991494,9.81,1,1,12,21,41,-3.0,3.0,0.01,30.0,60.0,1e-09,1e-12,6,0.0001,1,new simulation,nan
5,10,-0.0908996938995747,-1.5,-0.5,settled,2.0300000000000007,-0.22179938779914943,0.0,4,1,3,nan,0.04,0.2617993877991494,9.81,1,1,12,21,41,-3.0,3.0,0.01,30.0,60.0,1e-09,1e-12,6,0.0001,1,new simulation,nan
5,11,-0.0908996938995747,-1.35,-0.5,settled,2.3799999999999932,-0.22179938779914943,0.0,4,1,3,nan,0.04,0.2617993877991494,9.81,1,1,12,21,41,-3.0,3.0,0.01,30.0,60.0,1e-09,1e-12,6,0.0001,1,new simulation,nan
5,12,-0.0908996938995747,-1.2000000000000002,-0.5,rolling,18.86000000000015,-0.2199841946413833,1.100199710046695,32,30,2,1.1036454668675428,0.04,0.2617993877991494,9.81,1,1,12,21,41,-3.0,3.0,0.01,30.0,60.0,1e-09,1e-12,6,0.0001,1,new simulation,nan
5,13,-0.0908996938995747,-1.05,-0.5,settled,1.6100000000000012,-0.22179938779914943,0.0,3,1,2,nan,0.04,0.2617993877991494,9.81,1,1,12,21,41,-3.0,3.0,0.01,30.0,60.0,1e-09,1e-12,6,0.0001,1,new simulation,nan
5,14,-0.0908996938995747,-0.8999999999999999,-0.5,settled,2.1899999999999973,-0.22179938779914943,0.0,3,1,2,nan,0.04,0.2617993877991494,9.81,1,1,12,21,41,-3.0,3.0,0.01,30.0,60.0,1e-09,1e-12,6,0.0001,1,new simulation,nan
5,15,-0.0908996938995747,-0.75,-0.5,rolling,18.310000000000063,-0.21248137530270075,1.0857507975615104,31,30,1,1.103643861166067,0.04,0.2617993877991494,9.81,1,1,12,21,41,-3.0,3.0,0.01,30.0,60.0,1e-09,1e-12,6,0.0001,1,new simulation,nan
5,16,-0.0908996938995747,-0.6000000000000001,-0.5,settled,0.9000000000000006,-0.22179938779914943,0.0,2,1,1,nan,0.04,0.2617993877991494,9.81,1,1,12,21,41,-3.0,3.0,0.01,30.0,60.0,1e-09,1e-12,6,0.0001,1,new simulation,nan
5,17,-0.0908996938995747,-0.4500000000000002,-0.5,settled,0.8000000000000005,-0.22179938779914943,0.0,2,1,1,nan,0.04,0.2617993877991494,9.81,1,1,12,21,41,-3.0,3.0,0.01,30.0,60.0,1e-09,1e-12,6,0.0001,1,new simulation,nan
5,18,-0.0908996938995747,-0.30000000000000027,-0.5,settled,0.7700000000000005,-0.22179938779914943,0.0,2,1,1,nan,0.04,0.2617993877991494,9.81,1,1,12,21,41,-3.0,3.0,0.01,30.0,60.0,1e-09,1e-12,6,0.0001,1,new simulation,nan
5,19,-0.0908996938995747,-0.1499999999999999,-0.5,settled,0.8100000000000005,-0.22179938779914943,0.0,2,1,1,nan,0.04,0.2617993877991494,9.81,1,1,12,21,41,-3.0,3.0,0.01,30.0,60.0,1e-09,1e-12,6,0.0001,1,new simulation,nan
5,20,-0.0908996938995747,0.0,-0.5,settled,0.9300000000000006,-0.22179938779914943,0.0,2,1,1,nan,0.04,0.2617993877991494,9.81,1,1,12,21,41,-3.0,3.0,0.01,30.0,60.0,1e-09,1e-12,6,0.0001,1,new simulation,nan
5,21,-0.0908996938995747,0.1499999999999999,-0.5,settled,1.1800000000000008,-0.22179938779914943,0.0,2,1,1,nan,0.04,0.2617993877991494,9.81,1,1,12,21,41,-3.0,3.0,0.01,30.0,60.0,1e-09,1e-12,6,0.0001,1,new simulation,nan
5,22,-0.0908996938995747,0.2999999999999998,-0.5,rolling,17.629999999999956,-0.215589633859683,1.0916940169585747,29,29,0,1.1036310137509935,0.04,0.2617993877991494,9.81,1,1,12,21,41,-3.0,3.0,0.01,30.0,60.0,1e-09,1e-12,6,0.0001,1,new simulation,nan
5,23,-0.0908996938995747,0.44999999999999973,-0.5,rolling,16.11999999999972,-0.21192082964723202,1.0846677342596074,28,28,0,1.1036078618066465,0.04,0.2617993877991494,9.81,1,1,12,21,41,-3.0,3.0,0.01,30.0,60.0,1e-09,1e-12,6,0.0001,1,new simulation,nan
5,24,-0.0908996938995747,0.5999999999999996,-0.5,rolling,15.139999999999722,-0.21260105758320444,1.0859637077662347,27,27,0,1.1036093819671122,0.04,0.2617993877991494,9.81,1,1,12,21,41,-3.0,3.0,0.01,30.0,60.0,1e-09,1e-12,6,0.0001,1,new simulation,nan
5,25,-0.0908996938995747,0.75,-0.5,rolling,13.699999999999752,-0.2132911202983768,1.0872809479646033,25,25,0,1.1036107881083526,0.04,0.2617993877991494,9.81,1,1,12,21,41,-3.0,3.0,0.01,30.0,60.0,1e-09,1e-12,6,0.0001,1,new simulation,nan
5,26,-0.0908996938995747,0.8999999999999999,-0.5,rolling,6.899999999999897,-0.21627967905389156,1.0930057887786158,13,13,0,1.1035944162843867,0.04,0.2617993877991494,9.81,1,1,12,21,41,-3.0,3.0,0.01,30.0,60.0,1e-09,1e-12,6,0.0001,1,new simulation,nan
5,27,-0.0908996938995747,1.0499999999999998,-0.5,rolling,13.629999999999754,-0.21230907026600565,1.0855706059366168,26,26,0,1.1039800531935668,0.04,0.2617993877991494,9.81,1,1,12,21,41,-3.0,3.0,0.01,30.0,60.0,1e-09,1e-12,6,0.0001,1,new simulation,nan
5,28,-0.0908996938995747,1.2000000000000002,-0.5,rolling,14.439999999999737,-0.2123450504951758,1.0856562040153417,28,28,0,1.1040188436472154,0.04,0.2617993877991494,9.81,1,1,12,21,41,-3.0,3.0,0.01,30.0,60.0,1e-09,1e-12,6,0.0001,1,new simulation,nan
5,29,-0.0908996938995747,1.3499999999999996,-0.5,rolling,15.25999999999972,-0.22147203506114346,1.103254068083638,30,30,0,1.1040000405990396,0.04,0.2617993877991494,9.81,1,1,12,21,41,-3.0,3.0,0.01,30.0,60.0,1e-09,1e-12,6,0.0001,1,new simulation,nan
5,30,-0.0908996938995747,1.5,-0.5,rolling,15.569999999999713,-0.21530465223748022,1.0913137533883377,31,31,0,1.1040130563167792,0.04,0.2617993877991494,9.81,1,1,12,21,41,-3.0,3.0,0.01,30.0,60.0,1e-09,1e-12,6,0.0001,1,new simulation,nan
5,31,-0.0908996938995747,1.6499999999999995,-0.5,rolling,15.889999999999706,-0.21336236372923476,1.0875936215463107,32,32,0,1.104012575849825,0.04,0.2617993877991494,9.81,1,1,12,21,41,-3.0,3.0,0.01,30.0,60.0,1e-09,1e-12,6,0.0001,1,new simulation,nan
5,32,-0.0908996938995747,1.7999999999999998,-0.5,rolling,16.219999999999736,-0.21389016345036305,1.0885983972980982,33,33,0,1.104003351413417,0.04,0.2617993877991494,9.81,1,1,12,21,41,-3.0,3.0,0.01,30.0,60.0,1e-09,1e-12,6,0.0001,1,new simulation,nan
5,33,-0.0908996938995747,1.9500000000000002,-0.5,rolling,16.55999999999979,-0.21547592346261263,1.0916321770700526,34,34,0,1.1039888989672326,0.04,0.2617993877991494,9.81,1,1,12,21,41,-3.0,3.0,0.01,30.0,60.0,1e-09,1e-12,6,0.0001,1,new simulation,nan
5,34,-0.0908996938995747,2.0999999999999996,-0.5,rolling,16.36999999999976,-0.21720288952675434,1.0949741254927523,34,34,0,1.1040247987163894,0.04,0.2617993877991494,9.81,1,1,12,21,41,-3.0,3.0,0.01,30.0,60.0,1e-09,1e-12,6,0.0001,1,new simulation,nan
5,35,-0.0908996938995747,2.25,-0.5,rolling,16.729999999999816,-0.21749282141821996,1.0955235820008464,35,35,0,1.1040006627357526,0.04,0.2617993877991494,9.81,1,1,12,21,41,-3.0,3.0,0.01,30.0,60.0,1e-09,1e-12,6,0.0001,1,new simulation,nan
5,36,-0.0908996938995747,2.3999999999999995,-0.5,rolling,16.55999999999979,-0.21601710348150163,1.0926914817209448,35,35,0,1.104031576634439,0.04,0.2617993877991494,9.81,1,1,12,21,41,-3.0,3.0,0.01,30.0,60.0,1e-09,1e-12,6,0.0001,1,new simulation,nan
5,37,-0.0908996938995747,2.55,-0.5,rolling,16.93999999999985,-0.21147417146906095,1.0839921733318443,36,36,0,1.1040015073139477,0.04,0.2617993877991494,9.81,1,1,12,21,41,-3.0,3.0,0.01,30.0,60.0,1e-09,1e-12,6,0.0001,1,new simulation,nan
5,38,-0.0908996938995747,2.7,-0.5,rolling,16.779999999999824,-0.21462283492720582,1.0900120016236858,36,36,0,1.1040276840897454,0.04,0.2617993877991494,9.81,1,1,12,21,41,-3.0,3.0,0.01,30.0,60.0,1e-09,1e-12,6,0.0001,1,new simulation,nan
5,39,-0.0908996938995747,2.8499999999999996,-0.5,rolling,17.169999999999884,-0.21344356055110147,1.0877408465958696,37,37,0,1.1039946624568178,0.04,0.2617993877991494,9.81,1,1,12,21,41,-3.0,3.0,0.01,30.0,60.0,1e-09,1e-12,6,0.0001,1,new simulation,nan
5,40,-0.0908996938995747,3.0,-0.5,rolling,17.01999999999986,-0.2188703581070722,1.0981972870998966,37,37,0,1.1040165392934171,0.04,0.2617993877991494,9.81,1,1,12,21,41,-3.0,3.0,0.01,30.0,60.0,1e-09,1e-12,6,0.0001,1,new simulation,nan
6,0,-0.06471975511965974,-3.0,-0.39999999999999997,rolling,19.400000000000233,-0.21550558381470958,1.0915166499655364,35,29,6,1.1035948911497202,0.04,0.2617993877991494,9.81,1,1,12,21,41,-3.0,3.0,0.01,30.0,60.0,1e-09,1e-12,6,0.0001,1,new simulation,nan
6,1,-0.06471975511965974,-2.85,-0.39999999999999997,settled,2.819999999999984,-0.22179938779914943,0.0,7,1,6,nan,0.04,0.2617993877991494,9.81,1,1,12,21,41,-3.0,3.0,0.01,30.0,60.0,1e-09,1e-12,6,0.0001,1,new simulation,nan
6,2,-0.06471975511965974,-2.7,-0.39999999999999997,settled,3.049999999999979,-0.22179938779914943,0.0,7,1,6,nan,0.04,0.2617993877991494,9.81,1,1,12,21,41,-3.0,3.0,0.01,30.0,60.0,1e-09,1e-12,6,0.0001,1,new simulation,nan
6,3,-0.06471975511965974,-2.55,-0.39999999999999997,rolling,19.13000000000019,-0.21663231014909606,1.093692456779938,34,29,5,1.1036107665622024,0.04,0.2617993877991494,9.81,1,1,12,21,41,-3.0,3.0,0.01,30.0,60.0,1e-09,1e-12,6,0.0001,1,new simulation,nan
6,4,-0.06471975511965974,-2.4,-0.39999999999999997,settled,2.6099999999999883,-0.22179938779914943,0.0,6,1,5,nan,0.04,0.2617993877991494,9.81,1,1,12,21,41,-3.0,3.0,0.01,30.0,60.0,1e-09,1e-12,6,0.0001,1,new simulation,nan
6,5,-0.06471975511965974,-2.25,-0.39999999999999997,settled,2.759999999999985,-0.22179938779914943,0.0,6,1,5,nan,0.04,0.2617993877991494,9.81,1,1,12,21,41,-3.0,3.0,0.01,30.0,60.0,1e-09,1e-12,6,0.0001,1,new simulation,nan
6,6,-0.06471975511965974,-2.1,-0.39999999999999997,rolling,18.920000000000158,-0.2161960299567617,1.092853537950356,33,29,4,1.1036146410522456,0.04,0.2617993877991494,9.81,1,1,12,21,41,-3.0,3.0,0.01,30.0,60.0,1e-09,1e-12,6,0.0001,1,new simulation,nan
6,7,-0.06471975511965974,-1.95,-0.39999999999999997,settled,2.3599999999999937,-0.22179938779914943,0.0,5,1,4,nan,0.04,0.2617993877991494,9.81,1,1,12,21,41,-3.0,3.0,0.01,30.0,60.0,1e-09,1e-12,6,0.0001,1,new simulation,nan
6,8,-0.06471975511965974,-1.8,-0.39999999999999997,settled,2.5199999999999902,-0.22179938779914943,0.0,5,1,4,nan,0.04,0.2617993877991494,9.81,1,1,12,21,41,-3.0,3.0,0.01,30.0,60.0,1e-09,1e-12,6,0.0001,1,new simulation,nan
6,9,-0.06471975511965974,-1.6500000000000001,-0.39999999999999997,rolling,18.600000000000108,-0.22170884311972622,1.1035467048690015,32,29,3,1.1036073916553544,0.04,0.2617993877991494,9.81,1,1,12,21,41,-3.0,3.0,0.01,30.0,60.0,1e-09,1e-12,6,0.0001,1,new simulation,nan
6,10,-0.06471975511965974,-1.5,-0.39999999999999997,settled,2.0500000000000003,-0.22179938779914943,0.0,4,1,3,nan,0.04,0.2617993877991494,9.81,1,1,12,21,41,-3.0,3.0,0.01,30.0,60.0,1e-09,1e-12,6,0.0001,1,new simulation,nan
6,11,-0.06471975511965974,-1.35,-0.39999999999999997,settled,2.3099999999999947,-0.22179938779914943,0.0,4,1,3,nan,0.04,0.2617993877991494,9.81,1,1,12,21,41,-3.0,3.0,0.01,30.0,60.0,1e-09,1e-12,6,0.0001,1,new simulation,nan
6,12,-0.06471975511965974,-1.2000000000000002,-0.39999999999999997,rolling,18.280000000000058,-0.22002996145604212,1.10026700170703,31,29,2,1.1035953594732613,0.04,0.2617993877991494,9.81,1,1,12,21,41,-3.0,3.0,0.01,30.0,60.0,1e-09,1e-12,6,0.0001,1,new simulation,nan
6,13,-0.06471975511965974,-1.05,-0.39999999999999997,settled,1.6300000000000012,-0.22179938779914943,0.0,3,1,2,nan,0.04,0.2617993877991494,9.81,1,1,12,21,41,-3.0,3.0,0.01,30.0,60.0,1e-09,1e-12,6,0.0001,1,new simulation,nan
6,14,-0.06471975511965974,-0.8999999999999999,-0.39999999999999997,settled,1.9600000000000015,-0.22179938779914943,0.0,3,1,2,nan,0.04,0.2617993877991494,9.81,1,1,12,21,41,-3.0,3.0,0.01,30.0,60.0,1e-09,1e-12,6,0.0001,1,new simulation,nan
6,15,-0.06471975511965974,-0.75,-0.39999999999999997,rolling,17.729999999999972,-0.21341138128509152,1.0875037690346887,30,29,1,1.1035950837504573,0.04,0.2617993877991494,9.81,1,1,12,21,41,-3.0,3.0,0.01,30.0,60.0,1e-09,1e-12,6,0.0001,1,new simulation,nan
6,16,-0.06471975511965974,-0.6000000000000001,-0.39999999999999997,settled,0.9700000000000006,-0.22179938779914943,0.0,2,1,1,nan,0.04,0.2617993877991494,9.81,1,1,12,21,41,-3.0,3.0,0.01,30.0,60.0,1e-09,1e-12,6,0.0001,1,new simulation,nan
6,17,-0.06471975511965974,-0.4500000000000002,-0.39999999999999997,settled,0.8800000000000006,-0.22179938779914943,0.0,2,1,1,nan,0.04,0.2617993877991494,9.81,1,1,12,21,41,-3.0,3.0,0.01,30.0,60.0,1e-09,1e-12,6,0.0001,1,new simulation,nan
6,18,-0.06471975511965974,-0.30000000000000027,-0.39999999999999997,settled,0.8600000000000005,-0.22179938779914943,0.0,2,1,1,nan,0.04,0.2617993877991494,9.81,1,1,12,21,41,-3.0,3.0,0.01,30.0,60.0,1e-09,1e-12,6,0.0001,1,new simulation,nan
6,19,-0.06471975511965974,-0.1499999999999999,-0.39999999999999997,settled,0.9100000000000006,-0.22179938779914943,0.0,2,1,1,nan,0.04,0.2617993877991494,9.81,1,1,12,21,41,-3.0,3.0,0.01,30.0,60.0,1e-09,1e-12,6,0.0001,1,new simulation,nan
6,20,-0.06471975511965974,0.0,-0.39999999999999997,settled,1.0700000000000007,-0.22179938779914943,0.0,2,1,1,nan,0.04,0.2617993877991494,9.81,1,1,12,21,41,-3.0,3.0,0.01,30.0,60.0,1e-09,1e-12,6,0.0001,1,new simulation,nan
6,21,-0.06471975511965974,0.1499999999999999,-0.39999999999999997,settled,1.5200000000000011,-0.22179938779914943,0.0,2,1,1,nan,0.04,0.2617993877991494,9.81,1,1,12,21,41,-3.0,3.0,0.01,30.0,60.0,1e-09,1e-12,6,0.0001,1,new simulation,nan
6,22,-0.06471975511965974,0.2999999999999998,-0.39999999999999997,rolling,16.95999999999985,-0.21350561510590638,1.0877039873159196,29,29,0,1.1036409607099036,0.04,0.2617993877991494,9.81,1,1,12,21,41,-3.0,3.0,0.01,30.0,60.0,1e-09,1e-12,6,0.0001,1,new simulation,nan
6,23,-0.06471975511965974,0.44999999999999973,-0.39999999999999997,rolling,15.919999999999705,-0.2189709950401701,1.098220420483063,28,28,0,1.1036211262493079,0.04,0.2617993877991494,9.81,1,1,12,21,41,-3.0,3.0,0.01,30.0,60.0,1e-09,1e-12,6,0.0001,1,new simulation,nan
6,24,-0.06471975511965974,0.5999999999999996,-0.39999999999999997,rolling,15.009999999999724,-0.21829450155012428,1.0969115564281777,27,27,0,1.1036270662822616,0.04,0.2617993877991494,9.81,1,1,12,21,41,-3.0,3.0,0.01,30.0,60.0,1e-09,1e-12,6,0.0001,1,new simulation,nan
6,25,-0.06471975511965974,0.75,-0.39999999999999997,rolling,13.599999999999755,-0.22157739643054455,1.1033048876405913,25,25,0,1.1036422247546689,0.04,0.2617993877991494,9.81,1,1,12,21,41,-3.0,3.0,0.01,30.0,60.0,1e-09,1e-12,6,0.0001,1,new simulation,nan
6,26,-0.06471975511965974,0.8999999999999999,-0.39999999999999997,rolling,9.529999999999841,-0.21256004886902602,1.0860558142411267,18,18,0,1.1039962356874817,0.04,0.2617993877991494,9.81,1,1,12,21,41,-3.0,3.0,0.01,30.0,60.0,1e-09,1e-12,6,0.0001,1,new simulation,nan
6,27,-0.06471975511965974,1.0499999999999998,-0.39999999999999997,rolling,13.569999999999755,-0.21264880199058528,1.0862282098434248,26,26,0,1.1040036195506548,0.04,0.2617993877991494,9.81,1,1,12,21,41,-3.0,3.0,0.01,30.0,60.0,1e-09,1e-12,6,0.0001,1,new simulation,nan
6,28,-0.06471975511965974,1.2000000000000002,-0.39999999999999997,rolling,14.929999999999726,-0.2118733649659892,1.0847402081346609,29,29,0,1.1039772176653604,0.04,0.2617993877991494,9.81,1,1,12,21,41,-3.0,3.0,0.01,30.0,60.0,1e-09,1e-12,6,0.0001,1,new simulation,nan
6,29,-0.06471975511965974,1.3499999999999996,-0.39999999999999997,rolling,15.21999999999972,-0.2181350149905883,1.0967685392478823,30,30,0,1.1040074978190393,0.04,0.2617993877991494,9.81,1,1,12,21,41,-3.0,3.0,0.01,30.0,60.0,1e-09,1e-12,6,0.0001,1,new simulation,nan
6,30,-0.06471975511965974,1.5,-0.39999999999999997,rolling,15.529999999999713,-0.2180602918866717,1.0966287773960826,31,31,0,1.1040186500880673,0.04,0.2617993877991494,9.81,1,1,12,21,41,-3.0,3.0,0.01,30.0,60.0,1e-09,1e-12,6,0.0001,1,new simulation,nan
6,31,-0.06471975511965974,1.6499999999999995,-0.39999999999999997,rolling,15.849999999999707,-0.2209568777973194,1.1022557889881714,32,32,0,1.1040167701337393,0.04,0.2617993877991494,9.81,1,1,12,21,41,-3.0,3.0,0.01,30.0,60.0,1e-09,1e-12,6,0.0001,1,new simulation,nan
6,32,-0.06471975511965974,1.7999999999999998,-0.39999999999999997,rolling,16.18999999999973,-0.21445805812823082,1.0896869381217393,33,33,0,1.1040064978213036,0.04,0.2617993877991494,9.81,1,1,12,21,41,-3.0,3.0,0.01,30.0,60.0,1e-09,1e-12,6,0.0001,1,new simulation,nan
6,33,-0.06471975511965974,1.9500000000000002,-0.39999999999999997,rolling,16.529999999999784,-0.2192870827596135,1.098995009319637,34,34,0,1.1039912581997948,0.04,0.2617993877991494,9.81,1,1,12,21,41,-3.0,3.0,0.01,30.0,60.0,1e-09,1e-12,6,0.0001,1,new simulation,nan
6,34,-0.06471975511965974,2.0999999999999996,-0.39999999999999997,rolling,16.349999999999756,-0.21279159162703834,1.0865107866778068,34,34,0,1.1040271574323437,0.04,0.2617993877991494,9.81,1,1,12,21,41,-3.0,3.0,0.01,30.0,60.0,1e-09,1e-12,6,0.0001,1,new simulation,nan
6,35,-0.06471975511965974,2.25,-0.39999999999999997,rolling,16.709999999999813,-0.2153629620524874,1.0914210916669531,35,35,0,1.1040024320266948,0.04,0.2617993877991494,9.81,1,1,12,21,41,-3.0,3.0,0.01,30.0,60.0,1e-09,1e-12,6,0.0001,1,new simulation,nan
6,36,-0.06471975511965974,2.3999999999999995,-0.39999999999999997,rolling,17.07999999999987,-0.21557550486815547,1.0918188392977983,36,36,0,1.1039781538723157,0.04,0.2617993877991494,9.81,1,1,12,21,41,-3.0,3.0,0.01,30.0,60.0,1e-09,1e-12,6,0.0001,1,new simulation,nan
6,37,-0.06471975511965974,2.55,-0.39999999999999997,rolling,16.919999999999845,-0.21299162306663147,1.086881619663455,36,36,0,1.1040028352295226,0.04,0.2617993877991494,9.81,1,1,12,21,41,-3.0,3.0,0.01,30.0,60.0,1e-09,1e-12,6,0.0001,1,new simulation,nan
6,38,-0.06471975511965974,2.7,-0.39999999999999997,rolling,16.75999999999982,-0.21762757111798428,1.0957963691571893,36,36,0,1.1040290115110543,0.04,0.2617993877991494,9.81,1,1,12,21,41,-3.0,3.0,0.01,30.0,60.0,1e-09,1e-12,6,0.0001,1,new simulation,nan
6,39,-0.06471975511965974,2.8499999999999996,-0.39999999999999997,rolling,17.14999999999988,-0.21773997202280504,1.0959991182187931,37,37,0,1.1039956574338203,0.04,0.2617993877991494,9.81,1,1,12,21,41,-3.0,3.0,0.01,30.0,60.0,1e-09,1e-12,6,0.0001,1,new simulation,nan
6,40,-0.06471975511965974,3.0,-0.39999999999999997,rolling,17.00999999999986,-0.21338711635243168,1.087643079371663,37,37,0,1.1040175354442443,0.04,0.2617993877991494,9.81,1,1,12,21,41,-3.0,3.0,0.01,30.0,60.0,1e-09,1e-12,6,0.0001,1,new simulation,nan
7,0,-0.03853981633974482,-3.0,-0.30000000000000004,rolling,19.400000000000233,-0.21137611962600864,1.0836271239174886,35,29,6,1.1035960673606688,0.04,0.2617993877991494,9.81,1,1,12,21,41,-3.0,3.0,0.01,30.0,60.0,1e-09,1e-12,6,0.0001,1,new simulation,nan
7,1,-0.03853981633974482,-2.85,-0.30000000000000004,settled,2.8299999999999836,-0.22179938779914943,0.0,7,1,6,nan,0.04,0.2617993877991494,9.81,1,1,12,21,41,-3.0,3.0,0.01,30.0,60.0,1e-09,1e-12,6,0.0001,1,new simulation,nan
7,2,-0.03853981633974482,-2.7,-0.30000000000000004,settled,3.039999999999979,-0.22179938779914943,0.0,7,1,6,nan,0.04,0.2617993877991494,9.81,1,1,12,21,41,-3.0,3.0,0.01,30.0,60.0,1e-09,1e-12,6,0.0001,1,new simulation,nan
7,3,-0.03853981633974482,-2.55,-0.30000000000000004,rolling,19.150000000000194,-0.2123887974267811,1.0855605451163248,34,29,5,1.1036123340678838,0.04,0.2617993877991494,9.81,1,1,12,21,41,-3.0,3.0,0.01,30.0,60.0,1e-09,1e-12,6,0.0001,1,new simulation,nan
7,4,-0.03853981633974482,-2.4,-0.30000000000000004,rolling,20.91000000000047,-0.21270222122030846,1.0861654020135114,35,30,5,1.1036294717086297,0.04,0.2617993877991494,9.81,1,1,12,21,41,-3.0,3.0,0.01,30.0,60.0,1e-09,1e-12,6,0.0001,1,new simulation,nan
7,5,-0.03853981633974482,-2.25,-0.30000000000000004,settled,2.759999999999985,-0.22179938779914943,0.0,6,1,5,nan,0.04,0.2617993877991494,9.81,1,1,12,21,41,-3.0,3.0,0.01,30.0,60.0,1e-09,1e-12,6,0.0001,1,new simulation,nan
7,6,-0.03853981633974482,-2.1,-0.30000000000000004,rolling,18.950000000000163,-0.22165718080342595,1.1034497669154597,33,29,4,1.1036167306237152,0.04,0.2617993877991494,9.81,1,1,12,21,41,-3.0,3.0,0.01,30.0,60.0,1e-09,1e-12,6,0.0001,1,new simulation,nan
7,7,-0.03853981633974482,-1.95,-0.30000000000000004,rolling,20.54000000000041,-0.2212170912743571,1.1025957715323078,34,30,4,1.1036297761873792,0.04,0.2617993877991494,9.81,1,1,12,21,41,-3.0,3.0,0.01,30.0,60.0,1e-09,1e-12,6,0.0001,1,new simulation,nan
7,8,-0.03853981633974482,-1.8,-0.30000000000000004,settled,2.5199999999999902,-0.22179938779914943,0.0,5,1,4,nan,0.04,0.2617993877991494,9.81,1,1,12,21,41,-3.0,3.0,0.01,30.0,60.0,1e-09,1e-12,6,0.0001,1,new simulation,nan
7,9,-0.03853981633974482,-1.6500000000000001,-0.30000000000000004,rolling,18.62000000000011,-0.2211391934975958,1.1024352189395634,32,29,3,1.1036101770897944,0.04,0.2617993877991494,9.81,1,1,12,21,41,-3.0,3.0,0.01,30.0,60.0,1e-09,1e-12,6,0.0001,1,new simulation,nan
7,10,-0.03853981633974482,-1.5,-0.30000000000000004,settled,2.06,-0.22179938779914943,0.0,4,1,3,nan,0.04,0.2617993877991494,9.81,1,1,12,21,41,-3.0,3.0,0.01,30.0,60.0,1e-09,1e-12,6,0.0001,1,new simulation,nan
7,11,-0.03853981633974482,-1.35,-0.30000000000000004,settled,2.289999999999995,-0.22179938779914943,0.0,4,1,3,nan,0.04,0.2617993877991494,9.81,1,1,12,21,41,-3.0,3.0,0.01,30.0,60.0,1e-09,1e-12,6,0.0001,1,new simulation,nan
7,12,-0.03853981633974482,-1.2000000000000002,-0.30000000000000004,rolling,18.280000000000058,-0.2134515503208192,1.087582272221741,31,29,2,1.1035990754189597,0.04,0.2617993877991494,9.81,1,1,12,21,41,-3.0,3.0,0.01,30.0,60.0,1e-09,1e-12,6,0.0001,1,new simulation,nan
7,13,-0.03853981633974482,-1.05,-0.30000000000000004,settled,1.6500000000000012,-0.22179938779914943,0.0,3,1,2,nan,0.04,0.2617993877991494,9.81,1,1,12,21,41,-3.0,3.0,0.01,30.0,60.0,1e-09,1e-12,6,0.0001,1,new simulation,nan
7,14,-0.03853981633974482,-0.8999999999999999,-0.30000000000000004,settled,1.9000000000000015,-0.22179938779914943,0.0,3,1,2,nan,0.04,0.2617993877991494,9.81,1,1,12,21,41,-3.0,3.0,0.01,30.0,60.0,1e-09,1e-12,6,0.0001,1,new simulation,nan
7,15,-0.03853981633974482,-0.75,-0.30000000000000004,rolling,17.739999999999974,-0.2118190096878202,1.0844706186698647,30,29,1,1.103600036217063,0.04,0.2617993877991494,9.81,1,1,12,21,41,-3.0,3.0,0.01,30.0,60.0,1e-09,1e-12,6,0.0001,1,new simulation,nan
7,16,-0.03853981633974482,-0.6000000000000001,-0.30000000000000004,settled,1.0400000000000007,-0.22179938779914943,0.0,2,1,1,nan,0.04,0.2617993877991494,9.81,1,1,12,21,41,-3.0,3.0,0.01,30.0,60.0,1e-09,1e-12,6,0.0001,1,new simulation,nan
7,17,-0.03853981633974482,-0.4500000000000002,-0.30000000000000004,settled,0.9400000000000006,-0.22179938779914943,0.0,2,1,1,nan,0.04,0.2617993877991494,9.81,1,1,12,21,41,-3.0,3.0,0.01,30.0,60.0,1e-09,1e-12,6,0.0001,1,new simulation,nan
7,18,-0.03853981633974482,-0.30000000000000027,-0.30000000000000004,settled,0.9400000000000006,-0.22179938779914943,0.0,2,1,1,nan,0.04,0.2617993877991494,9.81,1,1,12,21,41,-3.0,3.0,0.01,30.0,60.0,1e-09,1e-12,6,0.0001,1,new simulation,nan
7,19,-0.03853981633974482,-0.1499999999999999,-0.30000000000000004,settled,1.0200000000000007,-0.22179938779914943,0.0,2,1,1,nan,0.04,0.2617993877991494,9.81,1,1,12,21,41,-3.0,3.0,0.01,30.0,60.0,1e-09,1e-12,6,0.0001,1,new simulation,nan
7,20,-0.03853981633974482,0.0,-0.30000000000000004,settled,1.260000000000001,-0.22179938779914943,0.0,2,1,1,nan,0.04,0.2617993877991494,9.81,1,1,12,21,41,-3.0,3.0,0.01,30.0,60.0,1e-09,1e-12,6,0.0001,1,new simulation,nan
7,21,-0.03853981633974482,0.1499999999999999,-0.30000000000000004,rolling,17.429999999999925,-0.2120173129612418,1.0848613860329424,29,29,0,1.1036307472238427,0.04,0.2617993877991494,9.81,1,1,12,21,41,-3.0,3.0,0.01,30.0,60.0,1e-09,1e-12,6,0.0001,1,new simulation,nan
7,22,-0.03853981633974482,0.2999999999999998,-0.30000000000000004,rolling,16.709999999999813,-0.21802210169274377,1.096393103520604,29,29,0,1.1036475640063943,0.04,0.2617993877991494,9.81,1,1,12,21,41,-3.0,3.0,0.01,30.0,60.0,1e-09,1e-12,6,0.0001,1,new simulation,nan
7,23,-0.03853981633974482,0.44999999999999973,-0.30000000000000004,rolling,15.789999999999708,-0.2166462512158866,1.0937277084893287,28,28,0,1.1036299307415398,0.04,0.2617993877991494,9.81,1,1,12,21,41,-3.0,3.0,0.01,30.0,60.0,1e-09,1e-12,6,0.0001,1,new simulation,nan
7,24,-0.03853981633974482,0.5999999999999996,-0.30000000000000004,rolling,14.919999999999726,-0.21571111389360964,1.0919309917205489,27,27,0,1.1036388063028768,0.04,0.2617993877991494,9.81,1,1,12,21,41,-3.0,3.0,0.01,30.0,60.0,1e-09,1e-12,6,0.0001,1,new simulation,nan
7,25,-0.03853981633974482,0.75,-0.30000000000000004,rolling,12.989999999999768,-0.22094751136366836,1.1020625313911232,24,24,0,1.1036132708691944,0.04,0.2617993877991494,9.81,1,1,12,21,41,-3.0,3.0,0.01,30.0,60.0,1e-09,1e-12,6,0.0001,1,new simulation,nan
7,26,-0.03853981633974482,0.8999999999999999,-0.30000000000000004,rolling,10.54999999999982,-0.2155648134371764,1.0918095203396676,20,20,0,1.1040037983016493,0.04,0.2617993877991494,9.81,1,1,12,21,41,-3.0,3.0,0.01,30.0,60.0,1e-09,1e-12,6,0.0001,1,new simulation,nan
7,27,-0.03853981633974482,1.0499999999999998,-0.30000000000000004,rolling,13.519999999999756,-0.21569418271037072,1.0920649721088451,26,26,0,1.104019267343359,0.04,0.2617993877991494,9.81,1,1,12,21,41,-3.0,3.0,0.01,30.0,60.0,1e-09,1e-12,6,0.0001,1,new simulation,nan
7,28,-0.03853981633974482,1.2000000000000002,-0.30000000000000004,rolling,14.889999999999727,-0.21173299777582485,1.0844762212141192,29,29,0,1.1039838188727245,0.04,0.2617993877991494,9.81,1,1,12,21,41,-3.0,3.0,0.01,30.0,60.0,1e-09,1e-12,6,0.0001,1,new simulation,nan
7,29,-0.03853981633974482,1.3499999999999996,-0.30000000000000004,rolling,15.18999999999972,-0.21297030862357738,1.0868451831312984,30,30,0,1.1040124479046522,0.04,0.2617993877991494,9.81,1,1,12,21,41,-3.0,3.0,0.01,30.0,60.0,1e-09,1e-12,6,0.0001,1,new simulation,nan
7,30,-0.03853981633974482,1.5,-0.30000000000000004,rolling,15.499999999999714,-0.2175170854492657,1.0955799372155206,31,31,0,1.1040223621185088,0.04,0.2617993877991494,9.81,1,1,12,21,41,-3.0,3.0,0.01,30.0,60.0,1e-09,1e-12,6,0.0001,1,new simulation,nan
7,31,-0.03853981633974482,1.6499999999999995,-0.30000000000000004,rolling,15.829999999999707,-0.21318738366895076,1.087262572223082,32,32,0,1.1040195553066434,0.04,0.2617993877991494,9.81,1,1,12,21,41,-3.0,3.0,0.01,30.0,60.0,1e-09,1e-12,6,0.0001,1,new simulation,nan
7,32,-0.03853981633974482,1.7999999999999998,-0.30000000000000004,rolling,16.159999999999727,-0.22068274746373492,1.1017177333915582,33,33,0,1.1040085859201458,0.04,0.2617993877991494,9.81,1,1,12,21,41,-3.0,3.0,0.01,30.0,60.0,1e-09,1e-12,6,0.0001,1,new simulation,nan
7,33,-0.03853981633974482,1.9500000000000002,-0.30000000000000004,rolling,16.50999999999978,-0.21708098926708216,1.0947248500202302,34,34,0,1.1039928240295709,0.04,0.2617993877991494,9.81,1,1,12,21,41,-3.0,3.0,0.01,30.0,60.0,1e-09,1e-12,6,0.0001,1,new simulation,nan
7,34,-0.03853981633974482,2.0999999999999996,-0.30000000000000004,rolling,16.329999999999753,-0.21271721856633388,1.0863696766784898,34,34,0,1.1040287245368472,0.04,0.2617993877991494,9.81,1,1,12,21,41,-3.0,3.0,0.01,30.0,60.0,1e-09,1e-12,6,0.0001,1,new simulation,nan
7,35,-0.03853981633974482,2.25,-0.30000000000000004,rolling,16.68999999999981,-0.21709614679893008,1.0947588145184959,35,35,0,1.104003606932052,0.04,0.2617993877991494,9.81,1,1,12,21,41,-3.0,3.0,0.01,30.0,60.0,1e-09,1e-12,6,0.0001,1,new simulation,nan
7,36,-0.03853981633974482,2.3999999999999995,-0.30000000000000004,rolling,17.059999999999867,-0.21886986849996096,1.0981800103070716,36,36,0,1.1039790351753658,0.04,0.2617993877991494,9.81,1,1,12,21,41,-3.0,3.0,0.01,30.0,60.0,1e-09,1e-12,6,0.0001,1,new simulation,nan
7,37,-0.03853981633974482,2.55,-0.30000000000000004,rolling,16.899999999999842,-0.2176232895664227,1.0957770558568012,36,36,0,1.104003715437389,0.04,0.2617993877991494,9.81,1,1,12,21,41,-3.0,3.0,0.01,30.0,60.0,1e-09,1e-12,6,0.0001,1,new simulation,nan
7,38,-0.03853981633974482,2.7,-0.30000000000000004,rolling,16.74999999999982,-0.21252795938659905,1.0860094857424296,36,36,0,1.1040298935201651,0.04,0.2617993877991494,9.81,1,1,12,21,41,-3.0,3.0,0.01,30.0,60.0,1e-09,1e-12,6,0.0001,1,new simulation,nan
7,39,-0.03853981633974482,2.8499999999999996,-0.30000000000000004,rolling,17.13999999999988,-0.2136750922485325,1.0881840396440507,37,37,0,1.1039963190751787,0.04,0.2617993877991494,9.81,1,1,12,21,41,-3.0,3.0,0.01,30.0,60.0,1e-09,1e-12,6,0.0001,1,new simulation,nan
7,40,-0.03853981633974482,3.0,-0.30000000000000004,rolling,16.989999999999856,-0.22118782116344685,1.1027070111059636,37,37,0,1.104018195365821,0.04,0.2617993877991494,9.81,1,1,12,21,41,-3.0,3.0,0.01,30.0,60.0,1e-09,1e-12,6,0.0001,1,new simulation,nan
8,0,-0.012359877559829868,-3.0,-0.19999999999999996,rolling,19.400000000000233,-0.2145641414529915,1.0897104595741782,35,29,6,1.1035966462956166,0.04,0.2617993877991494,9.81,1,1,12,21,41,-3.0,3.0,0.01,30.0,60.0,1e-09,1e-12,6,0.0001,1,new simulation,nan
8,1,-0.012359877559829868,-2.85,-0.19999999999999996,settled,2.8399999999999834,-0.22179938779914943,0.0,7,1,6,nan,0.04,0.2617993877991494,9.81,1,1,12,21,41,-3.0,3.0,0.01,30.0,60.0,1e-09,1e-12,6,0.0001,1,new simulation,nan
8,2,-0.012359877559829868,-2.7,-0.19999999999999996,settled,3.049999999999979,-0.22179938779914943,0.0,7,1,6,nan,0.04,0.2617993877991494,9.81,1,1,12,21,41,-3.0,3.0,0.01,30.0,60.0,1e-09,1e-12,6,0.0001,1,new simulation,nan
8,3,-0.012359877559829868,-2.55,-0.19999999999999996,rolling,19.160000000000196,-0.2171496559754371,1.0946916101617965,34,29,5,1.1036131063407135,0.04,0.2617993877991494,9.81,1,1,12,21,41,-3.0,3.0,0.01,30.0,60.0,1e-09,1e-12,6,0.0001,1,new simulation,nan
8,4,-0.012359877559829868,-2.4,-0.19999999999999996,rolling,20.72000000000044,-0.21680588834956516,1.0940356111144256,35,30,5,1.103630051169866,0.04,0.2617993877991494,9.81,1,1,12,21,41,-3.0,3.0,0.01,30.0,60.0,1e-09,1e-12,6,0.0001,1,new simulation,nan
8,5,-0.012359877559829868,-2.25,-0.19999999999999996,settled,2.759999999999985,-0.22179938779914943,0.0,6,1,5,nan,0.04,0.2617993877991494,9.81,1,1,12,21,41,-3.0,3.0,0.01,30.0,60.0,1e-09,1e-12,6,0.0001,1,new simulation,nan
8,6,-0.012359877559829868,-2.1,-0.19999999999999996,rolling,18.980000000000167,-0.21858481342280753,1.097470005338131,33,29,4,1.1036177605267319,0.04,0.2617993877991494,9.81,1,1,12,21,41,-3.0,3.0,0.01,30.0,60.0,1e-09,1e-12,6,0.0001,1,new simulation,nan
8,7,-0.012359877559829868,-1.95,-0.19999999999999996,rolling,20.370000000000385,-0.21651260730770835,1.0934703601798932,34,30,4,1.1036305494092593,0.04,0.2617993877991494,9.81,1,1,12,21,41,-3.0,3.0,0.01,30.0,60.0,1e-09,1e-12,6,0.0001,1,new simulation,nan
8,8,-0.012359877559829868,-1.8,-0.19999999999999996,settled,2.5199999999999902,-0.22179938779914943,0.0,5,1,4,nan,0.04,0.2617993877991494,9.81,1,1,12,21,41,-3.0,3.0,0.01,30.0,60.0,1e-09,1e-12,6,0.0001,1,new simulation,nan
8,9,-0.012359877559829868,-1.6500000000000001,-0.19999999999999996,rolling,18.650000000000116,-0.211088842502538,1.0830885406112434,32,29,3,1.1036115507492703,0.04,0.2617993877991494,9.81,1,1,12,21,41,-3.0,3.0,0.01,30.0,60.0,1e-09,1e-12,6,0.0001,1,new simulation,nan
8,10,-0.012359877559829868,-1.5,-0.19999999999999996,settled,2.0799999999999996,-0.22179938779914943,0.0,4,1,3,nan,0.04,0.2617993877991494,9.81,1,1,12,21,41,-3.0,3.0,0.01,30.0,60.0,1e-09,1e-12,6,0.0001,1,new simulation,nan
8,11,-0.012359877559829868,-1.35,-0.19999999999999996,settled,2.289999999999995,-0.22179938779914943,0.0,4,1,3,nan,0.04,0.2617993877991494,9.81,1,1,12,21,41,-3.0,3.0,0.01,30.0,60.0,1e-09,1e-12,6,0.0001,1,new simulation,nan
8,12,-0.012359877559829868,-1.2000000000000002,-0.19999999999999996,rolling,18.29000000000006,-0.215382142735149,1.0912820828360312,31,29,2,1.1036009054693192,0.04,0.2617993877991494,9.81,1,1,12,21,41,-3.0,3.0,0.01,30.0,60.0,1e-09,1e-12,6,0.0001,1,new simulation,nan
8,13,-0.012359877559829868,-1.05,-0.19999999999999996,settled,1.6800000000000013,-0.22179938779914943,0.0,3,1,2,nan,0.04,0.2617993877991494,9.81,1,1,12,21,41,-3.0,3.0,0.01,30.0,60.0,1e-09,1e-12,6,0.0001,1,new simulation,nan
8,14,-0.012359877559829868,-0.8999999999999999,-0.19999999999999996,settled,1.9000000000000015,-0.22179938779914943,0.0,3,1,2,nan,0.04,0.2617993877991494,9.81,1,1,12,21,41,-3.0,3.0,0.01,30.0,60.0,1e-09,1e-12,6,0.0001,1,new simulation,nan
8,15,-0.012359877559829868,-0.75,-0.19999999999999996,rolling,17.759999999999977,-0.22063729574233948,1.101452932635881,30,29,1,1.1036024786489527,0.04,0.2617993877991494,9.81,1,1,12,21,41,-3.0,3.0,0.01,30.0,60.0,1e-09,1e-12,6,0.0001,1,new simulation,nan
8,16,-0.012359877559829868,-0.6000000000000001,-0.19999999999999996,settled,1.0900000000000007,-0.22179938779914943,0.0,2,1,1,nan,0.04,0.2617993877991494,9.81,1,1,12,21,41,-3.0,3.0,0.01,30.0,60.0,1e-09,1e-12,6,0.0001,1,new simulation,nan
8,17,-0.012359877559829868,-0.4500000000000002,-0.19999999999999996,settled,1.0100000000000007,-0.22179938779914943,0.0,2,1,1,nan,0.04,0.2617993877991494,9.81,1,1,12,21,41,-3.0,3.0,0.01,30.0,60.0,1e-09,1e-12,6,0.0001,1,new simulation,nan
8,18,-0.012359877559829868,-0.30000000000000027,-0.19999999999999996,settled,1.0200000000000007,-0.22179938779914943,0.0,2,1,1,nan,0.04,0.2617993877991494,9.81,1,1,12,21,41,-3.0,3.0,0.01,30.0,60.0,1e-09,1e-12,6,0.0001,1,new simulation,nan
8,19,-0.012359877559829868,-0.1499999999999999,-0.19999999999999996,settled,1.1500000000000008,-0.22179938779914943,0.0,2,1,1,nan,0.04,0.2617993877991494,9.81,1,1,12,21,41,-3.0,3.0,0.01,30.0,60.0,1e-09,1e-12,6,0.0001,1,new simulation,nan
8,20,-0.012359877559829868,0.0,-0.19999999999999996,settled,1.6300000000000012,-0.22179938779914943,0.0,2,1,1,nan,0.04,0.2617993877991494,9.81,1,1,12,21,41,-3.0,3.0,0.01,30.0,60.0,1e-09,1e-12,6,0.0001,1,new simulation,nan
8,21,-0.012359877559829868,0.1499999999999999,-0.19999999999999996,rolling,16.969999999999853,-0.21818077737051275,1.0966943531937017,29,29,0,1.1036340045057422,0.04,0.2617993877991494,9.81,1,1,12,21,41,-3.0,3.0,0.01,30.0,60.0,1e-09,1e-12,6,0.0001,1,new simulation,nan
8,22,-0.012359877559829868,0.2999999999999998,-0.19999999999999996,rolling,16.029999999999706,-0.2135941350283771,1.087853815588134,28,28,0,1.1035969018113967,0.04,0.2617993877991494,9.81,1,1,12,21,41,-3.0,3.0,0.01,30.0,60.0,1e-09,1e-12,6,0.0001,1,new simulation,nan
8,23,-0.012359877559829868,0.44999999999999973,-0.19999999999999996,rolling,15.69999999999971,-0.2161901930984514,1.0928508829082506,28,28,0,1.1036342723671084,0.04,0.2617993877991494,9.81,1,1,12,21,41,-3.0,3.0,0.01,30.0,60.0,1e-09,1e-12,6,0.0001,1,new simulation,nan
8,24,-0.012359877559829868,0.5999999999999996,-0.19999999999999996,rolling,14.849999999999728,-0.2200448664148714,1.10031739145786,27,27,0,1.1036445946277007,0.04,0.2617993877991494,9.81,1,1,12,21,41,-3.0,3.0,0.01,30.0,60.0,1e-09,1e-12,6,0.0001,1,new simulation,nan
8,25,-0.012359877559829868,0.75,-0.19999999999999996,rolling,12.939999999999769,-0.2190157054541218,1.098309733925399,24,24,0,1.1036269925328674,0.04,0.2617993877991494,9.81,1,1,12,21,41,-3.0,3.0,0.01,30.0,60.0,1e-09,1e-12,6,0.0001,1,new simulation,nan
8,26,-0.012359877559829868,0.8999999999999999,-0.19999999999999996,rolling,11.049999999999809,-0.21279707984547613,1.0865042426245712,21,21,0,1.1039885038880495,0.04,0.2617993877991494,9.81,1,1,12,21,41,-3.0,3.0,0.01,30.0,60.0,1e-09,1e-12,6,0.0001,1,new simulation,nan
8,27,-0.012359877559829868,1.0499999999999998,-0.19999999999999996,rolling,13.479999999999757,-0.22048255452437862,1.1013356246342416,26,26,0,1.1040269804733711,0.04,0.2617993877991494,9.81,1,1,12,21,41,-3.0,3.0,0.01,30.0,60.0,1e-09,1e-12,6,0.0001,1,new simulation,nan
8,28,-0.012359877559829868,1.2000000000000002,-0.19999999999999996,rolling,14.859999999999728,-0.21101639419140358,1.0831167950107625,29,29,0,1.10398707320073,0.04,0.2617993877991494,9.81,1,1,12,21,41,-3.0,3.0,0.01,30.0,60.0,1e-09,1e-12,6,0.0001,1,new simulation,nan
8,29,-0.012359877559829868,1.3499999999999996,-0.19999999999999996,rolling,15.159999999999721,-0.21642886409506154,1.0934769984021369,30,30,0,1.1040148883401832,0.04,0.2617993877991494,9.81,1,1,12,21,41,-3.0,3.0,0.01,30.0,60.0,1e-09,1e-12,6,0.0001,1,new simulation,nan
8,30,-0.012359877559829868,1.5,-0.19999999999999996,rolling,15.479999999999714,-0.21337729089837695,1.0876272382917442,31,31,0,1.1040241930284258,0.04,0.2617993877991494,9.81,1,1,12,21,41,-3.0,3.0,0.01,30.0,60.0,1e-09,1e-12,6,0.0001,1,new simulation,nan
8,31,-0.012359877559829868,1.6499999999999995,-0.19999999999999996,rolling,15.809999999999707,-0.21173619828126303,1.0844986656476139,32,32,0,1.1040209279555635,0.04,0.2617993877991494,9.81,1,1,12,21,41,-3.0,3.0,0.01,30.0,60.0,1e-09,1e-12,6,0.0001,1,new simulation,nan
8,32,-0.012359877559829868,1.7999999999999998,-0.19999999999999996,rolling,16.139999999999723,-0.22144057019063332,1.1031967622507286,33,33,0,1.1040096169860965,0.04,0.2617993877991494,9.81,1,1,12,21,41,-3.0,3.0,0.01,30.0,60.0,1e-09,1e-12,6,0.0001,1,new simulation,nan
8,33,-0.012359877559829868,1.9500000000000002,-0.19999999999999996,rolling,16.489999999999778,-0.2196932625500395,1.0997851738826183,34,34,0,1.1039935974739887,0.04,0.2617993877991494,9.81,1,1,12,21,41,-3.0,3.0,0.01,30.0,60.0,1e-09,1e-12,6,0.0001,1,new simulation,nan
8,34,-0.012359877559829868,2.0999999999999996,-0.19999999999999996,rolling,16.30999999999975,-0.21687843770289933,1.0943500454247665,34,34,0,1.1040294961881658,0.04,0.2617993877991494,9.81,1,1,12,21,41,-3.0,3.0,0.01,30.0,60.0,1e-09,1e-12,6,0.0001,1,new simulation,nan
8,35,-0.012359877559829868,2.25,-0.19999999999999996,rolling,16.679999999999808,-0.21169956380174434,1.0844216458788365,35,35,0,1.1040041866544545,0.04,0.2617993877991494,9.81,1,1,12,21,41,-3.0,3.0,0.01,30.0,60.0,1e-09,1e-12,6,0.0001,1,new simulation,nan
8,36,-0.012359877559829868,2.3999999999999995,-0.19999999999999996,rolling,17.049999999999866,-0.21461682035697754,1.0899793264499762,36,36,0,1.1039794696814622,0.04,0.2617993877991494,9.81,1,1,12,21,41,-3.0,3.0,0.01,30.0,60.0,1e-09,1e-12,6,0.0001,1,new simulation,nan
8,37,-0.012359877559829868,2.55,-0.19999999999999996,rolling,16.88999999999984,-0.21439281241714797,1.0895609149419505,36,36,0,1.104004150979474,0.04,0.2617993877991494,9.81,1,1,12,21,41,-3.0,3.0,0.01,30.0,60.0,1e-09,1e-12,6,0.0001,1,new simulation,nan
8,38,-0.012359877559829868,2.7,-0.19999999999999996,rolling,16.729999999999816,-0.2211319138233536,1.102603163670021,36,36,0,1.1040303276645969,0.04,0.2617993877991494,9.81,1,1,12,21,41,-3.0,3.0,0.01,30.0,60.0,1e-09,1e-12,6,0.0001,1,new simulation,nan
8,39,-0.012359877559829868,2.8499999999999996,-0.19999999999999996,rolling,17.129999999999878,-0.2121417707942871,1.0852594183191135,37,37,0,1.1039966434110422,0.04,0.2617993877991494,9.81,1,1,12,21,41,-3.0,3.0,0.01,30.0,60.0,1e-09,1e-12,6,0.0001,1,new simulation,nan
8,40,-0.012359877559829868,3.0,-0.19999999999999996,rolling,16.979999999999855,-0.22034689324595352,1.1010677266538498,37,37,0,1.1040185208508382,0.04,0.2617993877991494,9.81,1,1,12,21,41,-3.0,3.0,0.01,30.0,60.0,1e-09,1e-12,6,0.0001,1,new simulation,nan
9,0,0.013820061220085084,-3.0,-0.09999999999999991,rolling,19.410000000000235,-0.21335588748292525,1.0873984350206118,35,29,6,1.1035966293180601,0.04,0.2617993877991494,9.81,1,1,12,21,41,-3.0,3.0,0.01,30.0,60.0,1e-09,1e-12,6,0.0001,1,new simulation,nan
9,1,0.013820061220085084,-2.85,-0.09999999999999991,settled,2.849999999999983,-0.22179938779914943,0.0,7,1,6,nan,0.04,0.2617993877991494,9.81,1,1,12,21,41,-3.0,3.0,0.01,30.0,60.0,1e-09,1e-12,6,0.0001,1,new simulation,nan
9,2,0.013820061220085084,-2.7,-0.09999999999999991,settled,3.0599999999999787,-0.22179938779914943,0.0,7,1,6,nan,0.04,0.2617993877991494,9.81,1,1,12,21,41,-3.0,3.0,0.01,30.0,60.0,1e-09,1e-12,6,0.0001,1,new simulation,nan
9,3,0.013820061220085084,-2.55,-0.09999999999999991,rolling,19.170000000000197,-0.2173007386345233,1.0949833598701384,34,29,5,1.1036130852918342,0.04,0.2617993877991494,9.81,1,1,12,21,41,-3.0,3.0,0.01,30.0,60.0,1e-09,1e-12,6,0.0001,1,new simulation,nan
9,4,0.013820061220085084,-2.4,-0.09999999999999991,rolling,20.740000000000443,-0.21159375805871392,1.0840555996647416,35,30,5,1.1036300346747872,0.04,0.2617993877991494,9.81,1,1,12,21,41,-3.0,3.0,0.01,30.0,60.0,1e-09,1e-12,6,0.0001,1,new simulation,nan
9,5,0.013820061220085084,-2.25,-0.09999999999999991,settled,2.769999999999985,-0.22179938779914943,0.0,6,1,5,nan,0.04,0.2617993877991494,9.81,1,1,12,21,41,-3.0,3.0,0.01,30.0,60.0,1e-09,1e-12,6,0.0001,1,new simulation,nan
9,6,0.013820061220085084,-2.1,-0.09999999999999991,rolling,18.99000000000017,-0.22079134406040685,1.1017598793060865,33,29,4,1.103617731135761,0.04,0.2617993877991494,9.81,1,1,12,21,41,-3.0,3.0,0.01,30.0,60.0,1e-09,1e-12,6,0.0001,1,new simulation,nan
9,7,0.013820061220085084,-1.95,-0.09999999999999991,rolling,20.390000000000388,-0.2138847597355008,1.0884243469795662,34,30,4,1.103630526468858,0.04,0.2617993877991494,9.81,1,1,12,21,41,-3.0,3.0,0.01,30.0,60.0,1e-09,1e-12,6,0.0001,1,new simulation,nan
9,8,0.013820061220085084,-1.8,-0.09999999999999991,settled,2.53999999999999,-0.22179938779914943,0.0,5,1,4,nan,0.04,0.2617993877991494,9.81,1,1,12,21,41,-3.0,3.0,0.01,30.0,60.0,1e-09,1e-12,6,0.0001,1,new simulation,nan
9,9,0.013820061220085084,-1.6500000000000001,-0.09999999999999991,rolling,18.660000000000117,-0.21729270919416604,1.0949671623181014,32,29,3,1.1036115109430638,0.04,0.2617993877991494,9.81,1,1,12,21,41,-3.0,3.0,0.01,30.0,60.0,1e-09,1e-12,6,0.0001,1,new simulation,nan
9,10,0.013820061220085084,-1.5,-0.09999999999999991,settled,2.099999999999999,-0.22179938779914943,0.0,4,1,3,nan,0.04,0.2617993877991494,9.81,1,1,12,21,41,-3.0,3.0,0.01,30.0,60.0,1e-09,1e-12,6,0.0001,1,new simulation,nan
9,11,0.013820061220085084,-1.35,-0.09999999999999991,settled,2.3099999999999947,-0.22179938779914943,0.0,4,1,3,nan,0.04,0.2617993877991494,9.81,1,1,12,21,41,-3.0,3.0,0.01,30.0,60.0,1e-09,1e-12,6,0.0001,1,new simulation,nan
9,12,0.013820061220085084,-1.2000000000000002,-0.09999999999999991,rolling,18.310000000000063,-0.21765808165613187,1.0956685799851662,31,29,2,1.1036008527638013,0.04,0.2617993877991494,9.81,1,1,12,21,41,-3.0,3.0,0.01,30.0,60.0,1e-09,1e-12,6,0.0001,1,new simulation,nan
9,13,0.013820061220085084,-1.05,-0.09999999999999991,settled,1.7000000000000013,-0.22179938779914943,0.0,3,1,2,nan,0.04,0.2617993877991494,9.81,1,1,12,21,41,-3.0,3.0,0.01,30.0,60.0,1e-09,1e-12,6,0.0001,1,new simulation,nan
9,14,0.013820061220085084,-0.8999999999999999,-0.09999999999999991,settled,1.9300000000000015,-0.22179938779914943,0.0,3,1,2,nan,0.04,0.2617993877991494,9.81,1,1,12,21,41,-3.0,3.0,0.01,30.0,60.0,1e-09,1e-12,6,0.0001,1,new simulation,nan
9,15,0.013820061220085084,-0.75,-0.09999999999999991,rolling,17.799999999999983,-0.21525289517337645,1.0910344731268518,30,29,1,1.103602408555801,0.04,0.2617993877991494,9.81,1,1,12,21,41,-3.0,3.0,0.01,30.0,60.0,1e-09,1e-12,6,0.0001,1,new simulation,nan
9,16,0.013820061220085084,-0.6000000000000001,-0.09999999999999991,settled,1.1300000000000008,-0.22179938779914943,0.0,2,1,1,nan,0.04,0.2617993877991494,9.81,1,1,12,21,41,-3.0,3.0,0.01,30.0,60.0,1e-09,1e-12,6,0.0001,1,new simulation,nan
9,17,0.013820061220085084,-0.4500000000000002,-0.09999999999999991,settled,1.0700000000000007,-0.22179938779914943,0.0,2,1,1,nan,0.04,0.2617993877991494,9.81,1,1,12,21,41,-3.0,3.0,0.01,30.0,60.0,1e-09,1e-12,6,0.0001,1,new simulation,nan
9,18,0.013820061220085084,-0.30000000000000027,-0.09999999999999991,settled,1.1100000000000008,-0.22179938779914943,0.0,2,1,1,nan,0.04,0.2617993877991494,9.81,1,1,12,21,41,-3.0,3.0,0.01,30.0,60.0,1e-09,1e-12,6,0.0001,1,new simulation,nan
9,19,0.013820061220085084,-0.1499999999999999,-0.09999999999999991,settled,1.330000000000001,-0.22179938779914943,0.0,2,1,1,nan,0.04,0.2617993877991494,9.81,1,1,12,21,41,-3.0,3.0,0.01,30.0,60.0,1e-09,1e-12,6,0.0001,1,new simulation,nan
9,20,0.013820061220085084,0.0,-0.09999999999999991,rolling,17.319999999999908,-0.21991754304780406,1.1000625805158086,29,29,0,1.1036283051308589,0.04,0.2617993877991494,9.81,1,1,12,21,41,-3.0,3.0,0.01,30.0,60.0,1e-09,1e-12,6,0.0001,1,new simulation,nan
9,21,0.013820061220085084,0.1499999999999999,-0.09999999999999991,rolling,16.799999999999827,-0.21222356919912505,1.085255375727738,29,29,0,1.1036339111759004,0.04,0.2617993877991494,9.81,1,1,12,21,41,-3.0,3.0,0.01,30.0,60.0,1e-09,1e-12,6,0.0001,1,new simulation,nan
9,22,0.013820061220085084,0.2999999999999998,-0.09999999999999991,rolling,15.939999999999705,-0.21745194298731813,1.0952683593433983,28,28,0,1.1035967776504778,0.04,0.2617993877991494,9.81,1,1,12,21,41,-3.0,3.0,0.01,30.0,60.0,1e-09,1e-12,6,0.0001,1,new simulation,nan
9,23,0.013820061220085084,0.44999999999999973,-0.09999999999999991,rolling,15.639999999999711,-0.21893866876610257,1.0981633646836606,28,28,0,1.1036341483470564,0.04,0.2617993877991494,9.81,1,1,12,21,41,-3.0,3.0,0.01,30.0,60.0,1e-09,1e-12,6,0.0001,1,new simulation,nan
9,24,0.013820061220085084,0.5999999999999996,-0.09999999999999991,rolling,14.809999999999729,-0.21665504683473985,1.0937510008004794,27,27,0,1.103644428250448,0.04,0.2617993877991494,9.81,1,1,12,21,41,-3.0,3.0,0.01,30.0,60.0,1e-09,1e-12,6,0.0001,1,new simulation,nan
9,25,0.013820061220085084,0.75,-0.09999999999999991,rolling,12.90999999999977,-0.2141228814702053,1.088878323933053,24,24,0,1.1036265980485715,0.04,0.2617993877991494,9.81,1,1,12,21,41,-3.0,3.0,0.01,30.0,60.0,1e-09,1e-12,6,0.0001,1,new simulation,nan
9,26,0.013820061220085084,0.8999999999999999,-0.09999999999999991,rolling,11.01999999999981,-0.2141684646778608,1.0891240226479146,21,21,0,1.103987571974622,0.04,0.2617993877991494,9.81,1,1,12,21,41,-3.0,3.0,0.01,30.0,60.0,1e-09,1e-12,6,0.0001,1,new simulation,nan
9,27,0.013820061220085084,1.0499999999999998,-0.09999999999999991,rolling,13.459999999999757,-0.21539003704659432,1.0914837568738853,26,26,0,1.1040267604023883,0.04,0.2617993877991494,9.81,1,1,12,21,41,-3.0,3.0,0.01,30.0,60.0,1e-09,1e-12,6,0.0001,1,new simulation,nan
9,28,0.013820061220085084,1.2000000000000002,-0.09999999999999991,rolling,14.829999999999728,-0.22021533400841975,1.1007978833956504,29,29,0,1.1039869809856755,0.04,0.2617993877991494,9.81,1,1,12,21,41,-3.0,3.0,0.01,30.0,60.0,1e-09,1e-12,6,0.0001,1,new simulation,nan
9,29,0.013820061220085084,1.3499999999999996,-0.09999999999999991,rolling,15.139999999999722,-0.21731754526269212,1.095191166533879,30,30,0,1.1040148185451863,0.04,0.2617993877991494,9.81,1,1,12,21,41,-3.0,3.0,0.01,30.0,60.0,1e-09,1e-12,6,0.0001,1,new simulation,nan
9,30,0.013820061220085084,1.5,-0.09999999999999991,rolling,15.459999999999715,-0.21634583780958938,1.0933211103642222,31,31,0,1.1040241411009093,0.04,0.2617993877991494,9.81,1,1,12,21,41,-3.0,3.0,0.01,30.0,60.0,1e-09,1e-12,6,0.0001,1,new simulation,nan
9,31,0.013820061220085084,1.6499999999999995,-0.09999999999999991,rolling,15.789999999999708,-0.21640294693196882,1.093429696105385,32,32,0,1.1040208903290374,0.04,0.2617993877991494,9.81,1,1,12,21,41,-3.0,3.0,0.01,30.0,60.0,1e-09,1e-12,6,0.0001,1,new simulation,nan
9,32,0.013820061220085084,1.7999999999999998,-0.09999999999999991,rolling,16.129999999999722,-0.21659490591076141,1.093794643083912,33,33,0,1.1040095871201094,0.04,0.2617993877991494,9.81,1,1,12,21,41,-3.0,3.0,0.01,30.0,60.0,1e-09,1e-12,6,0.0001,1,new simulation,nan
9,33,0.013820061220085084,1.9500000000000002,-0.09999999999999991,rolling,16.479999999999777,-0.21606664240857631,1.0927701915624368,34,34,0,1.103993574521627,0.04,0.2617993877991494,9.81,1,1,12,21,41,-3.0,3.0,0.01,30.0,60.0,1e-09,1e-12,6,0.0001,1,new simulation,nan
9,34,0.013820061220085084,2.0999999999999996,-0.09999999999999991,rolling,16.29999999999975,-0.21429914550798385,1.0893926279964643,34,34,0,1.1040294748051822,0.04,0.2617993877991494,9.81,1,1,12,21,41,-3.0,3.0,0.01,30.0,60.0,1e-09,1e-12,6,0.0001,1,new simulation,nan
9,35,0.013820061220085084,2.25,-0.09999999999999991,rolling,16.659999999999805,-0.22094615732262124,1.1022294140787756,35,35,0,1.1040041699428922,0.04,0.2617993877991494,9.81,1,1,12,21,41,-3.0,3.0,0.01,30.0,60.0,1e-09,1e-12,6,0.0001,1,new simulation,nan
9,36,0.013820061220085084,2.3999999999999995,-0.09999999999999991,rolling,17.039999999999864,-0.21371899823926108,1.0882605704273638,36,36,0,1.1039794562150937,0.04,0.2617993877991494,9.81,1,1,12,21,41,-3.0,3.0,0.01,30.0,60.0,1e-09,1e-12,6,0.0001,1,new simulation,nan
9,37,0.013820061220085084,2.55,-0.09999999999999991,rolling,16.87999999999984,-0.21418502730292488,1.0891630036216453,36,36,0,1.1040041394835138,0.04,0.2617993877991494,9.81,1,1,12,21,41,-3.0,3.0,0.01,30.0,60.0,1e-09,1e-12,6,0.0001,1,new simulation,nan
9,38,0.013820061220085084,2.7,-0.09999999999999991,rolling,16.719999999999814,-0.2215429970821579,1.1034058045702335,36,36,0,1.1040303143092196,0.04,0.2617993877991494,9.81,1,1,12,21,41,-3.0,3.0,0.01,30.0,60.0,1e-09,1e-12,6,0.0001,1,new simulation,nan
9,39,0.013820061220085084,2.8499999999999996,-0.09999999999999991,rolling,17.119999999999877,-0.21309431428078326,1.0870748494852218,37,37,0,1.1039966356660722,0.04,0.2617993877991494,9.81,1,1,12,21,41,-3.0,3.0,0.01,30.0,60.0,1e-09,1e-12,6,0.0001,1,new simulation,nan
9,40,0.013820061220085084,3.0,-0.09999999999999991,rolling,16.979999999999855,-0.21088116618426625,1.082874190110439,37,37,0,1.1040185130043922,0.04,0.2617993877991494,9.81,1,1,12,21,41,-3.0,3.0,0.01,30.0,60.0,1e-09,1e-12,6,0.0001,1,new simulation,nan
10,0,0.04000000000000001,-3.0,2.650462234552931e-17,rolling,19.420000000000236,-0.21868932089730037,1.0976631396172407,35,29,6,1.1035960169577457,0.04,0.2617993877991494,9.81,1,1,12,21,41,-3.0,3.0,0.01,30.0,60.0,1e-09,1e-12,6,0.0001,1,new simulation,nan
10,1,0.04000000000000001,-2.85,2.650462234552931e-17,settled,2.859999999999983,-0.22179938779914943,0.0,7,1,6,nan,0.04,0.2617993877991494,9.81,1,1,12,21,41,-3.0,3.0,0.01,30.0,60.0,1e-09,1e-12,6,0.0001,1,new simulation,nan
10,2,0.04000000000000001,-2.7,2.650462234552931e-17,settled,3.0699999999999785,-0.22179938779914943,0.0,7,1,6,nan,0.04,0.2617993877991494,9.81,1,1,12,21,41,-3.0,3.0,0.01,30.0,60.0,1e-09,1e-12,6,0.0001,1,new simulation,nan
10,3,0.04000000000000001,-2.55,2.650462234552931e-17,rolling,19.1800000000002,-0.21294463728147972,1.086620193490275,34,29,5,1.1036122674076039,0.04,0.2617993877991494,9.81,1,1,12,21,41,-3.0,3.0,0.01,30.0,60.0,1e-09,1e-12,6,0.0001,1,new simulation,nan
10,4,0.04000000000000001,-2.4,2.650462234552931e-17,rolling,20.960000000000477,-0.22009016156594333,1.1003989528183642,35,30,5,1.1036294217149403,0.04,0.2617993877991494,9.81,1,1,12,21,41,-3.0,3.0,0.01,30.0,60.0,1e-09,1e-12,6,0.0001,1,new simulation,nan
10,5,0.04000000000000001,-2.25,2.650462234552931e-17,settled,2.7899999999999845,-0.22179938779914943,0.0,6,1,5,nan,0.04,0.2617993877991494,9.81,1,1,12,21,41,-3.0,3.0,0.01,30.0,60.0,1e-09,1e-12,6,0.0001,1,new simulation,nan
10,6,0.04000000000000001,-2.1,2.650462234552931e-17,rolling,18.99000000000017,-0.21758926075997784,1.0955424188054323,33,29,4,1.1036166417213609,0.04,0.2617993877991494,9.81,1,1,12,21,41,-3.0,3.0,0.01,30.0,60.0,1e-09,1e-12,6,0.0001,1,new simulation,nan
10,7,0.04000000000000001,-1.95,2.650462234552931e-17,rolling,20.610000000000422,-0.21321684719733844,1.0871474307867135,34,30,4,1.1036297104751418,0.04,0.2617993877991494,9.81,1,1,12,21,41,-3.0,3.0,0.01,30.0,60.0,1e-09,1e-12,6,0.0001,1,new simulation,nan
10,8,0.04000000000000001,-1.8,2.650462234552931e-17,settled,2.5599999999999894,-0.22179938779914943,0.0,5,1,4,nan,0.04,0.2617993877991494,9.81,1,1,12,21,41,-3.0,3.0,0.01,30.0,60.0,1e-09,1e-12,6,0.0001,1,new simulation,nan
10,9,0.04000000000000001,-1.6500000000000001,2.650462234552931e-17,rolling,18.67000000000012,-0.21824968615769214,1.0968173542161388,32,29,3,1.1036100595558442,0.04,0.2617993877991494,9.81,1,1,12,21,41,-3.0,3.0,0.01,30.0,60.0,1e-09,1e-12,6,0.0001,1,new simulation,nan
10,10,0.04000000000000001,-1.5,2.650462234552931e-17,settled,2.1199999999999988,-0.22179938779914943,0.0,4,1,3,nan,0.04,0.2617993877991494,9.81,1,1,12,21,41,-3.0,3.0,0.01,30.0,60.0,1e-09,1e-12,6,0.0001,1,new simulation,nan
10,11,0.04000000000000001,-1.35,2.650462234552931e-17,settled,2.349999999999994,-0.22179938779914943,0.0,4,1,3,nan,0.04,0.2617993877991494,9.81,1,1,12,21,41,-3.0,3.0,0.01,30.0,60.0,1e-09,1e-12,6,0.0001,1,new simulation,nan
10,12,0.04000000000000001,-1.2000000000000002,2.650462234552931e-17,rolling,18.340000000000067,-0.220753400395737,1.1016777322644393,31,29,2,1.1035989169532823,0.04,0.2617993877991494,9.81,1,1,12,21,41,-3.0,3.0,0.01,30.0,60.0,1e-09,1e-12,6,0.0001,1,new simulation,nan
10,13,0.04000000000000001,-1.05,2.650462234552931e-17,settled,1.7300000000000013,-0.22179938779914943,0.0,3,1,2,nan,0.04,0.2617993877991494,9.81,1,1,12,21,41,-3.0,3.0,0.01,30.0,60.0,1e-09,1e-12,6,0.0001,1,new simulation,nan
10,14,0.04000000000000001,-0.8999999999999999,2.650462234552931e-17,settled,1.9900000000000015,-0.22179938779914943,0.0,3,1,2,nan,0.04,0.2617993877991494,9.81,1,1,12,21,41,-3.0,3.0,0.01,30.0,60.0,1e-09,1e-12,6,0.0001,1,new simulation,nan
10,15,0.04000000000000001,-0.75,2.650462234552931e-17,rolling,17.83999999999999,-0.2189190280987567,1.0981103215213985,30,29,1,1.103599826435353,0.04,0.2617993877991494,9.81,1,1,12,21,41,-3.0,3.0,0.01,30.0,60.0,1e-09,1e-12,6,0.0001,1,new simulation,nan
10,16,0.04000000000000001,-0.6000000000000001,2.650462234552931e-17,settled,1.1700000000000008,-0.22179938779914943,0.0,2,1,1,nan,0.04,0.2617993877991494,9.81,1,1,12,21,41,-3.0,3.0,0.01,30.0,60.0,1e-09,1e-12,6,0.0001,1,new simulation,nan
10,17,0.04000000000000001,-0.4500000000000002,2.650462234552931e-17,settled,1.1200000000000008,-0.22179938779914943,0.0,2,1,1,nan,0.04,0.2617993877991494,9.81,1,1,12,21,41,-3.0,3.0,0.01,30.0,60.0,1e-09,1e-12,6,0.0001,1,new simulation,nan
10,18,0.04000000000000001,-0.30000000000000027,2.650462234552931e-17,settled,1.2200000000000009,-0.22179938779914943,0.0,2,1,1,nan,0.04,0.2617993877991494,9.81,1,1,12,21,41,-3.0,3.0,0.01,30.0,60.0,1e-09,1e-12,6,0.0001,1,new simulation,nan
10,19,0.04000000000000001,-0.1499999999999999,2.650462234552931e-17,settled,1.7800000000000014,-0.22179938779914943,0.0,2,1,1,nan,0.04,0.2617993877991494,9.81,1,1,12,21,41,-3.0,3.0,0.01,30.0,60.0,1e-09,1e-12,6,0.0001,1,new simulation,nan
10,20,0.04000000000000001,0.0,2.650462234552931e-17,rolling,17.01999999999986,-0.2118434896083984,1.0845281160202744,29,29,0,1.1036248626654137,0.04,0.2617993877991494,9.81,1,1,12,21,41,-3.0,3.0,0.01,30.0,60.0,1e-09,1e-12,6,0.0001,1,new simulation,nan
10,21,0.04000000000000001,0.1499999999999999,2.650462234552931e-17,rolling,16.709999999999813,-0.21984972760573657,1.0999316057580852,29,29,0,1.1036304675618427,0.04,0.2617993877991494,9.81,1,1,12,21,41,-3.0,3.0,0.01,30.0,60.0,1e-09,1e-12,6,0.0001,1,new simulation,nan
10,22,0.04000000000000001,0.2999999999999998,2.650462234552931e-17,rolling,16.43999999999977,-0.21400091072451263,1.0886539454008655,29,29,0,1.1036472835151088,0.04,0.2617993877991494,9.81,1,1,12,21,41,-3.0,3.0,0.01,30.0,60.0,1e-09,1e-12,6,0.0001,1,new simulation,nan
10,23,0.04000000000000001,0.44999999999999973,2.650462234552931e-17,rolling,15.609999999999712,-0.2205529998557781,1.1013003928034142,28,28,0,1.1036295564742764,0.04,0.2617993877991494,9.81,1,1,12,21,41,-3.0,3.0,0.01,30.0,60.0,1e-09,1e-12,6,0.0001,1,new simulation,nan
10,24,0.04000000000000001,0.5999999999999996,2.650462234552931e-17,rolling,14.78999999999973,-0.21472261726935915,1.0900325600658236,27,27,0,1.1036383087276498,0.04,0.2617993877991494,9.81,1,1,12,21,41,-3.0,3.0,0.01,30.0,60.0,1e-09,1e-12,6,0.0001,1,new simulation,nan
10,25,0.04000000000000001,0.75,2.650462234552931e-17,rolling,12.88999999999977,-0.21628168562369532,1.0930173793742697,24,24,0,1.103612088748135,0.04,0.2617993877991494,9.81,1,1,12,21,41,-3.0,3.0,0.01,30.0,60.0,1e-09,1e-12,6,0.0001,1,new simulation,nan
10,26,0.04000000000000001,0.8999999999999999,2.650462234552931e-17,rolling,10.459999999999821,-0.21918375718242675,1.098798233961302,20,20,0,1.10400006683608,0.04,0.2617993877991494,9.81,1,1,12,21,41,-3.0,3.0,0.01,30.0,60.0,1e-09,1e-12,6,0.0001,1,new simulation,nan
10,27,0.04000000000000001,1.0499999999999998,2.650462234552931e-17,rolling,13.449999999999758,-0.2110892675257481,1.0832689707049012,26,26,0,1.1040186028779948,0.04,0.2617993877991494,9.81,1,1,12,21,41,-3.0,3.0,0.01,30.0,60.0,1e-09,1e-12,6,0.0001,1,new simulation,nan
10,28,0.04000000000000001,1.2000000000000002,2.650462234552931e-17,rolling,14.819999999999729,-0.2172623658543567,1.09507095185417,29,29,0,1.1039835395027113,0.04,0.2617993877991494,9.81,1,1,12,21,41,-3.0,3.0,0.01,30.0,60.0,1e-09,1e-12,6,0.0001,1,new simulation,nan
10,29,0.04000000000000001,1.3499999999999996,2.650462234552931e-17,rolling,15.129999999999722,-0.2154708544434146,1.0916326598793715,30,30,0,1.1040122376911528,0.04,0.2617993877991494,9.81,1,1,12,21,41,-3.0,3.0,0.01,30.0,60.0,1e-09,1e-12,6,0.0001,1,new simulation,nan
10,30,0.04000000000000001,1.5,2.650462234552931e-17,rolling,15.449999999999715,-0.21540038627759575,1.0915016424348707,31,31,0,1.1040222054681694,0.04,0.2617993877991494,9.81,1,1,12,21,41,-3.0,3.0,0.01,30.0,60.0,1e-09,1e-12,6,0.0001,1,new simulation,nan
10,31,0.04000000000000001,1.6499999999999995,2.650462234552931e-17,rolling,15.779999999999708,-0.21621772993369065,1.0930723489750354,32,32,0,1.1040194372950565,0.04,0.2617993877991494,9.81,1,1,12,21,41,-3.0,3.0,0.01,30.0,60.0,1e-09,1e-12,6,0.0001,1,new simulation,nan
10,32,0.04000000000000001,1.7999999999999998,2.650462234552931e-17,rolling,16.11999999999972,-0.21706632319605923,1.0947033890278608,33,33,0,1.1040084972854234,0.04,0.2617993877991494,9.81,1,1,12,21,41,-3.0,3.0,0.01,30.0,60.0,1e-09,1e-12,6,0.0001,1,new simulation,nan
10,33,0.04000000000000001,1.9500000000000002,2.650462234552931e-17,rolling,16.469999999999775,-0.21711261727137426,1.0947858692301877,34,34,0,1.1039927585226976,0.04,0.2617993877991494,9.81,1,1,12,21,41,-3.0,3.0,0.01,30.0,60.0,1e-09,1e-12,6,0.0001,1,new simulation,nan
10,34,0.04000000000000001,2.0999999999999996,2.650462234552931e-17,rolling,16.289999999999747,-0.21584997944619522,1.092368679824599,34,34,0,1.104028657635322,0.04,0.2617993877991494,9.81,1,1,12,21,41,-3.0,3.0,0.01,30.0,60.0,1e-09,1e-12,6,0.0001,1,new simulation,nan
10,35,0.04000000000000001,2.25,2.650462234552931e-17,rolling,16.659999999999805,-0.21202057839204708,1.085031844066639,35,35,0,1.1040035562410264,0.04,0.2617993877991494,9.81,1,1,12,21,41,-3.0,3.0,0.01,30.0,60.0,1e-09,1e-12,6,0.0001,1,new simulation,nan
10,36,0.04000000000000001,2.3999999999999995,2.650462234552931e-17,rolling,17.029999999999863,-0.21613306686840053,1.092891668893756,36,36,0,1.1039789979760586,0.04,0.2617993877991494,9.81,1,1,12,21,41,-3.0,3.0,0.01,30.0,60.0,1e-09,1e-12,6,0.0001,1,new simulation,nan
10,37,0.04000000000000001,2.55,2.650462234552931e-17,rolling,16.869999999999838,-0.21697371251553912,1.0945225718936893,36,36,0,1.104003678464198,0.04,0.2617993877991494,9.81,1,1,12,21,41,-3.0,3.0,0.01,30.0,60.0,1e-09,1e-12,6,0.0001,1,new simulation,nan
10,38,0.04000000000000001,2.7,2.650462234552931e-17,rolling,16.719999999999814,-0.2137243036480431,1.0882928542292618,36,36,0,1.1040298560324062,0.04,0.2617993877991494,9.81,1,1,12,21,41,-3.0,3.0,0.01,30.0,60.0,1e-09,1e-12,6,0.0001,1,new simulation,nan
10,39,0.04000000000000001,2.8499999999999996,2.650462234552931e-17,rolling,17.109999999999875,-0.21652889069419734,1.093661600480172,37,37,0,1.103996289924044,0.04,0.2617993877991494,9.81,1,1,12,21,41,-3.0,3.0,0.01,30.0,60.0,1e-09,1e-12,6,0.0001,1,new simulation,nan
10,40,0.04000000000000001,3.0,2.650462234552931e-17,rolling,16.969999999999853,-0.21458830239308005,1.0899416402541762,37,37,0,1.104018167395602,0.04,0.2617993877991494,9.81,1,1,12,21,41,-3.0,3.0,0.01,30.0,60.0,1e-09,1e-12,6,0.0001,1,new simulation,nan
11,0,0.06617993877991493,-3.0,0.09999999999999996,rolling,19.44000000000024,-0.2205805942800264,1.1013390917939228,35,29,6,1.1035948093858536,0.04,0.2617993877991494,9.81,1,1,12,21,41,-3.0,3.0,0.01,30.0,60.0,1e-09,1e-12,6,0.0001,1,new simulation,nan
11,1,0.06617993877991493,-2.85,0.09999999999999996,settled,2.869999999999983,-0.22179938779914943,0.0,7,1,6,nan,0.04,0.2617993877991494,9.81,1,1,12,21,41,-3.0,3.0,0.01,30.0,60.0,1e-09,1e-12,6,0.0001,1,new simulation,nan
11,2,0.06617993877991493,-2.7,0.09999999999999996,settled,3.099999999999978,-0.22179938779914943,0.0,7,1,6,nan,0.04,0.2617993877991494,9.81,1,1,12,21,41,-3.0,3.0,0.01,30.0,60.0,1e-09,1e-12,6,0.0001,1,new simulation,nan
11,3,0.06617993877991493,-2.55,0.09999999999999996,rolling,19.1800000000002,-0.2178935385191386,1.0961282422793275,34,29,5,1.1036106558673253,0.04,0.2617993877991494,9.81,1,1,12,21,41,-3.0,3.0,0.01,30.0,60.0,1e-09,1e-12,6,0.0001,1,new simulation,nan
11,4,0.06617993877991493,-2.4,0.09999999999999996,settled,2.6599999999999873,-0.22179938779914943,0.0,6,1,5,nan,0.04,0.2617993877991494,9.81,1,1,12,21,41,-3.0,3.0,0.01,30.0,60.0,1e-09,1e-12,6,0.0001,1,new simulation,nan
11,5,0.06617993877991493,-2.25,0.09999999999999996,settled,2.819999999999984,-0.22179938779914943,0.0,6,1,5,nan,0.04,0.2617993877991494,9.81,1,1,12,21,41,-3.0,3.0,0.01,30.0,60.0,1e-09,1e-12,6,0.0001,1,new simulation,nan
11,6,0.06617993877991493,-2.1,0.09999999999999996,rolling,18.980000000000167,-0.21758519226692788,1.0955336173375838,33,29,4,1.1036144925834277,0.04,0.2617993877991494,9.81,1,1,12,21,41,-3.0,3.0,0.01,30.0,60.0,1e-09,1e-12,6,0.0001,1,new simulation,nan
11,7,0.06617993877991493,-1.95,0.09999999999999996,settled,2.429999999999992,-0.22179938779914943,0.0,5,1,4,nan,0.04,0.2617993877991494,9.81,1,1,12,21,41,-3.0,3.0,0.01,30.0,60.0,1e-09,1e-12,6,0.0001,1,new simulation,nan
11,8,0.06617993877991493,-1.8,0.09999999999999996,settled,2.5999999999999885,-0.22179938779914943,0.0,5,1,4,nan,0.04,0.2617993877991494,9.81,1,1,12,21,41,-3.0,3.0,0.01,30.0,60.0,1e-09,1e-12,6,0.0001,1,new simulation,nan
11,9,0.06617993877991493,-1.6500000000000001,0.09999999999999996,rolling,18.68000000000012,-0.2214843977995468,1.1031080098276513,32,29,3,1.1036071940460424,0.04,0.2617993877991494,9.81,1,1,12,21,41,-3.0,3.0,0.01,30.0,60.0,1e-09,1e-12,6,0.0001,1,new simulation,nan
11,10,0.06617993877991493,-1.5,0.09999999999999996,settled,2.1399999999999983,-0.22179938779914943,0.0,4,1,3,nan,0.04,0.2617993877991494,9.81,1,1,12,21,41,-3.0,3.0,0.01,30.0,60.0,1e-09,1e-12,6,0.0001,1,new simulation,nan
11,11,0.06617993877991493,-1.35,0.09999999999999996,settled,2.4099999999999926,-0.22179938779914943,0.0,4,1,3,nan,0.04,0.2617993877991494,9.81,1,1,12,21,41,-3.0,3.0,0.01,30.0,60.0,1e-09,1e-12,6,0.0001,1,new simulation,nan
11,12,0.06617993877991493,-1.2000000000000002,0.09999999999999996,rolling,18.400000000000077,-0.2118931055416738,1.0846093728046406,31,29,2,1.103595096507365,0.04,0.2617993877991494,9.81,1,1,12,21,41,-3.0,3.0,0.01,30.0,60.0,1e-09,1e-12,6,0.0001,1,new simulation,nan
11,13,0.06617993877991493,-1.05,0.09999999999999996,settled,1.7600000000000013,-0.22179938779914943,0.0,3,1,2,nan,0.04,0.2617993877991494,9.81,1,1,12,21,41,-3.0,3.0,0.01,30.0,60.0,1e-09,1e-12,6,0.0001,1,new simulation,nan
11,14,0.06617993877991493,-0.8999999999999999,0.09999999999999996,settled,2.1199999999999988,-0.22179938779914943,0.0,3,1,2,nan,0.04,0.2617993877991494,9.81,1,1,12,21,41,-3.0,3.0,0.01,30.0,60.0,1e-09,1e-12,6,0.0001,1,new simulation,nan
11,15,0.06617993877991493,-0.75,0.09999999999999996,rolling,17.91,-0.2153206814957236,1.0911613099659825,30,29,1,1.1035947342042967,0.04,0.2617993877991494,9.81,1,1,12,21,41,-3.0,3.0,0.01,30.0,60.0,1e-09,1e-12,6,0.0001,1,new simulation,nan
11,16,0.06617993877991493,-0.6000000000000001,0.09999999999999996,settled,1.2000000000000008,-0.22179938779914943,0.0,2,1,1,nan,0.04,0.2617993877991494,9.81,1,1,12,21,41,-3.0,3.0,0.01,30.0,60.0,1e-09,1e-12,6,0.0001,1,new simulation,nan
11,17,0.06617993877991493,-0.4500000000000002,0.09999999999999996,settled,1.1900000000000008,-0.22179938779914943,0.0,2,1,1,nan,0.04,0.2617993877991494,9.81,1,1,12,21,41,-3.0,3.0,0.01,30.0,60.0,1e-09,1e-12,6,0.0001,1,new simulation,nan
11,18,0.06617993877991493,-0.30000000000000027,0.09999999999999996,settled,1.400000000000001,-0.22179938779914943,0.0,2,1,1,nan,0.04,0.2617993877991494,9.81,1,1,12,21,41,-3.0,3.0,0.01,30.0,60.0,1e-09,1e-12,6,0.0001,1,new simulation,nan
11,19,0.06617993877991493,-0.1499999999999999,0.09999999999999996,rolling,17.2799999999999,-0.21341487045141702,1.0875230002788814,29,29,0,1.1036236775863248,0.04,0.2617993877991494,9.81,1,1,12,21,41,-3.0,3.0,0.01,30.0,60.0,1e-09,1e-12,6,0.0001,1,new simulation,nan
11,20,0.06617993877991493,0.0,0.09999999999999996,rolling,16.919999999999845,-0.21885369373348043,1.097991518642702,29,29,0,1.1036180733397227,0.04,0.2617993877991494,9.81,1,1,12,21,41,-3.0,3.0,0.01,30.0,60.0,1e-09,1e-12,6,0.0001,1,new simulation,nan
11,21,0.06617993877991493,0.1499999999999999,0.09999999999999996,rolling,16.68999999999981,-0.2190680357878473,1.0984098527725685,29,29,0,1.1036236773837755,0.04,0.2617993877991494,9.81,1,1,12,21,41,-3.0,3.0,0.01,30.0,60.0,1e-09,1e-12,6,0.0001,1,new simulation,nan
11,22,0.06617993877991493,0.2999999999999998,0.09999999999999996,rolling,16.42999999999977,-0.22064853334804996,1.1014913297069004,29,29,0,1.1036404944684204,0.04,0.2617993877991494,9.81,1,1,12,21,41,-3.0,3.0,0.01,30.0,60.0,1e-09,1e-12,6,0.0001,1,new simulation,nan
11,23,0.06617993877991493,0.44999999999999973,0.09999999999999996,rolling,15.609999999999712,-0.21990726578010464,1.1000391986847118,28,28,0,1.103620503297376,0.04,0.2617993877991494,9.81,1,1,12,21,41,-3.0,3.0,0.01,30.0,60.0,1e-09,1e-12,6,0.0001,1,new simulation,nan
11,24,0.06617993877991493,0.5999999999999996,0.09999999999999996,rolling,14.78999999999973,-0.213893472955619,1.088439133144908,27,27,0,1.1036262365432659,0.04,0.2617993877991494,9.81,1,1,12,21,41,-3.0,3.0,0.01,30.0,60.0,1e-09,1e-12,6,0.0001,1,new simulation,nan
11,25,0.06617993877991493,0.75,0.09999999999999996,rolling,13.429999999999758,-0.21430044881136656,1.0892245502523215,25,25,0,1.1036407499858247,0.04,0.2617993877991494,9.81,1,1,12,21,41,-3.0,3.0,0.01,30.0,60.0,1e-09,1e-12,6,0.0001,1,new simulation,nan
11,26,0.06617993877991493,0.8999999999999999,0.09999999999999996,rolling,9.379999999999844,-0.21677112545838004,1.0941237164812665,18,18,0,1.1039851870104844,0.04,0.2617993877991494,9.81,1,1,12,21,41,-3.0,3.0,0.01,30.0,60.0,1e-09,1e-12,6,0.0001,1,new simulation,nan
11,27,0.06617993877991493,1.0499999999999998,0.09999999999999996,rolling,13.439999999999758,-0.2183878323494035,1.0972559059574412,26,26,0,1.1040025137083045,0.04,0.2617993877991494,9.81,1,1,12,21,41,-3.0,3.0,0.01,30.0,60.0,1e-09,1e-12,6,0.0001,1,new simulation,nan
11,28,0.06617993877991493,1.2000000000000002,0.09999999999999996,rolling,14.27999999999974,-0.21335318555896396,1.0875844012890477,28,28,0,1.1040314774707758,0.04,0.2617993877991494,9.81,1,1,12,21,41,-3.0,3.0,0.01,30.0,60.0,1e-09,1e-12,6,0.0001,1,new simulation,nan
11,29,0.06617993877991493,1.3499999999999996,0.09999999999999996,rolling,15.129999999999722,-0.210889647453503,1.082885254445663,30,30,0,1.1040071469922996,0.04,0.2617993877991494,9.81,1,1,12,21,41,-3.0,3.0,0.01,30.0,60.0,1e-09,1e-12,6,0.0001,1,new simulation,nan
11,30,0.06617993877991493,1.5,0.09999999999999996,rolling,15.439999999999715,-0.22146524636033857,1.1032487588579816,31,31,0,1.1040183868062348,0.04,0.2617993877991494,9.81,1,1,12,21,41,-3.0,3.0,0.01,30.0,60.0,1e-09,1e-12,6,0.0001,1,new simulation,nan
11,31,0.06617993877991493,1.6499999999999995,0.09999999999999996,rolling,15.779999999999708,-0.21116659100115914,1.0834148073618337,32,32,0,1.1040165738520287,0.04,0.2617993877991494,9.81,1,1,12,21,41,-3.0,3.0,0.01,30.0,60.0,1e-09,1e-12,6,0.0001,1,new simulation,nan
11,32,0.06617993877991493,1.7999999999999998,0.09999999999999996,rolling,16.11999999999972,-0.21189853491948923,1.084800916067874,33,33,0,1.1040063492668934,0.04,0.2617993877991494,9.81,1,1,12,21,41,-3.0,3.0,0.01,30.0,60.0,1e-09,1e-12,6,0.0001,1,new simulation,nan
11,33,0.06617993877991493,1.9500000000000002,0.09999999999999996,rolling,16.469999999999775,-0.21188985528085913,1.0847777087359982,34,34,0,1.1039911467527408,0.04,0.2617993877991494,9.81,1,1,12,21,41,-3.0,3.0,0.01,30.0,60.0,1e-09,1e-12,6,0.0001,1,new simulation,nan
11,34,0.06617993877991493,2.0999999999999996,0.09999999999999996,rolling,16.279999999999745,-0.22155205242535564,1.1034220796775265,34,34,0,1.1040270469654452,0.04,0.2617993877991494,9.81,1,1,12,21,41,-3.0,3.0,0.01,30.0,60.0,1e-09,1e-12,6,0.0001,1,new simulation,nan
11,35,0.06617993877991493,2.25,0.09999999999999996,rolling,16.649999999999803,-0.21769959079773207,1.0959239611982954,35,35,0,1.1040023487682857,0.04,0.2617993877991494,9.81,1,1,12,21,41,-3.0,3.0,0.01,30.0,60.0,1e-09,1e-12,6,0.0001,1,new simulation,nan
11,36,0.06617993877991493,2.3999999999999995,0.09999999999999996,rolling,17.029999999999863,-0.2109568513569612,1.0829998822639684,36,36,0,1.103978090734161,0.04,0.2617993877991494,9.81,1,1,12,21,41,-3.0,3.0,0.01,30.0,60.0,1e-09,1e-12,6,0.0001,1,new simulation,nan
11,37,0.06617993877991493,2.55,0.09999999999999996,rolling,16.869999999999838,-0.21184234226073298,1.0846924760674799,36,36,0,1.104002772525826,0.04,0.2617993877991494,9.81,1,1,12,21,41,-3.0,3.0,0.01,30.0,60.0,1e-09,1e-12,6,0.0001,1,new simulation,nan
11,38,0.06617993877991493,2.7,0.09999999999999996,rolling,16.709999999999813,-0.21957610836479616,1.09957284213582,36,36,0,1.104028949465997,0.04,0.2617993877991494,9.81,1,1,12,21,41,-3.0,3.0,0.01,30.0,60.0,1e-09,1e-12,6,0.0001,1,new simulation,nan
11,39,0.06617993877991493,2.8499999999999996,0.09999999999999996,rolling,17.109999999999875,-0.21153753125487126,1.0841099416765758,37,37,0,1.1039956109896207,0.04,0.2617993877991494,9.81,1,1,12,21,41,-3.0,3.0,0.01,30.0,60.0,1e-09,1e-12,6,0.0001,1,new simulation,nan
11,40,0.06617993877991493,3.0,0.09999999999999996,rolling,16.95999999999985,-0.22060096557877087,1.1015622129130926,37,37,0,1.1040174877990772,0.04,0.2617993877991494,9.81,1,1,12,21,41,-3.0,3.0,0.01,30.0,60.0,1e-09,1e-12,6,0.0001,1,new simulation,nan
12,0,0.09235987755982991,-3.0,0.20000000000000012,rolling,20.01000000000033,-0.2207293350783027,1.1016520584571607,36,30,6,1.103647897698973,0.04,0.2617993877991494,9.81,1,1,12,21,41,-3.0,3.0,0.01,30.0,60.0,1e-09,1e-12,6,0.0001,1,new simulation,nan
12,1,0.09235987755982991,-2.85,0.20000000000000012,settled,2.8799999999999826,-0.22179938779914943,0.0,7,1,6,nan,0.04,0.2617993877991494,9.81,1,1,12,21,41,-3.0,3.0,0.01,30.0,60.0,1e-09,1e-12,6,0.0001,1,new simulation,nan
12,2,0.09235987755982991,-2.7,0.20000000000000012,settled,3.1299999999999772,-0.22179938779914943,0.0,7,1,6,nan,0.04,0.2617993877991494,9.81,1,1,12,21,41,-3.0,3.0,0.01,30.0,60.0,1e-09,1e-12,6,0.0001,1,new simulation,nan
12,3,0.09235987755982991,-2.55,0.20000000000000012,rolling,19.1900000000002,-0.21509826615930128,1.0907401284496692,34,29,5,1.1036082520769182,0.04,0.2617993877991494,9.81,1,1,12,21,41,-3.0,3.0,0.01,30.0,60.0,1e-09,1e-12,6,0.0001,1,new simulation,nan
12,4,0.09235987755982991,-2.4,0.20000000000000012,settled,2.669999999999987,-0.22179938779914943,0.0,6,1,5,nan,0.04,0.2617993877991494,9.81,1,1,12,21,41,-3.0,3.0,0.01,30.0,60.0,1e-09,1e-12,6,0.0001,1,new simulation,nan
12,5,0.09235987755982991,-2.25,0.20000000000000012,settled,2.849999999999983,-0.22179938779914943,0.0,6,1,5,nan,0.04,0.2617993877991494,9.81,1,1,12,21,41,-3.0,3.0,0.01,30.0,60.0,1e-09,1e-12,6,0.0001,1,new simulation,nan
12,6,0.09235987755982991,-2.1,0.20000000000000012,rolling,18.970000000000166,-0.22166961648967837,1.1034717157025478,33,29,4,1.1036112871876564,0.04,0.2617993877991494,9.81,1,1,12,21,41,-3.0,3.0,0.01,30.0,60.0,1e-09,1e-12,6,0.0001,1,new simulation,nan
12,7,0.09235987755982991,-1.95,0.20000000000000012,settled,2.439999999999992,-0.22179938779914943,0.0,5,1,4,nan,0.04,0.2617993877991494,9.81,1,1,12,21,41,-3.0,3.0,0.01,30.0,60.0,1e-09,1e-12,6,0.0001,1,new simulation,nan
12,8,0.09235987755982991,-1.8,0.20000000000000012,settled,2.6499999999999875,-0.22179938779914943,0.0,5,1,4,nan,0.04,0.2617993877991494,9.81,1,1,12,21,41,-3.0,3.0,0.01,30.0,60.0,1e-09,1e-12,6,0.0001,1,new simulation,nan
12,9,0.09235987755982991,-1.6500000000000001,0.20000000000000012,rolling,18.710000000000125,-0.21688245911533693,1.0941714701516165,32,29,3,1.1036029186528509,0.04,0.2617993877991494,9.81,1,1,12,21,41,-3.0,3.0,0.01,30.0,60.0,1e-09,1e-12,6,0.0001,1,new simulation,nan
12,10,0.09235987755982991,-1.5,0.20000000000000012,settled,2.159999999999998,-0.22179938779914943,0.0,4,1,3,nan,0.04,0.2617993877991494,9.81,1,1,12,21,41,-3.0,3.0,0.01,30.0,60.0,1e-09,1e-12,6,0.0001,1,new simulation,nan
12,11,0.09235987755982991,-1.35,0.20000000000000012,settled,2.52999999999999,-0.22179938779914943,0.0,4,1,3,nan,0.04,0.2617993877991494,9.81,1,1,12,21,41,-3.0,3.0,0.01,30.0,60.0,1e-09,1e-12,6,0.0001,1,new simulation,nan
12,12,0.09235987755982991,-1.2000000000000002,0.20000000000000012,rolling,19.020000000000174,-0.2208621240922078,1.1019098186750698,32,30,2,1.1036451912945924,0.04,0.2617993877991494,9.81,1,1,12,21,41,-3.0,3.0,0.01,30.0,60.0,1e-09,1e-12,6,0.0001,1,new simulation,nan
12,13,0.09235987755982991,-1.05,0.20000000000000012,settled,1.7900000000000014,-0.22179938779914943,0.0,3,1,2,nan,0.04,0.2617993877991494,9.81,1,1,12,21,41,-3.0,3.0,0.01,30.0,60.0,1e-09,1e-12,6,0.0001,1,new simulation,nan
12,14,0.09235987755982991,-0.8999999999999999,0.20000000000000012,settled,2.439999999999992,-0.22179938779914943,0.0,3,1,2,nan,0.04,0.2617993877991494,9.81,1,1,12,21,41,-3.0,3.0,0.01,30.0,60.0,1e-09,1e-12,6,0.0001,1,new simulation,nan
12,15,0.09235987755982991,-0.75,0.20000000000000012,rolling,18.570000000000103,-0.2172239759069574,1.0948483801993605,31,30,1,1.1036434950357248,0.04,0.2617993877991494,9.81,1,1,12,21,41,-3.0,3.0,0.01,30.0,60.0,1e-09,1e-12,6,0.0001,1,new simulation,nan
12,16,0.09235987755982991,-0.6000000000000001,0.20000000000000012,settled,1.2300000000000009,-0.22179938779914943,0.0,2,1,1,nan,0.04,0.2617993877991494,9.81,1,1,12,21,41,-3.0,3.0,0.01,30.0,60.0,1e-09,1e-12,6,0.0001,1,new simulation,nan
12,17,0.09235987755982991,-0.4500000000000002,0.20000000000000012,settled,1.290000000000001,-0.22179938779914943,0.0,2,1,1,nan,0.04,0.2617993877991494,9.81,1,1,12,21,41,-3.0,3.0,0.01,30.0,60.0,1e-09,1e-12,6,0.0001,1,new simulation,nan
12,18,0.09235987755982991,-0.30000000000000027,0.20000000000000012,settled,2.0500000000000003,-0.22179938779914943,0.0,2,1,1,nan,0.04,0.2617993877991494,9.81,1,1,12,21,41,-3.0,3.0,0.01,30.0,60.0,1e-09,1e-12,6,0.0001,1,new simulation,nan
12,19,0.09235987755982991,-0.1499999999999999,0.20000000000000012,rolling,17.099999999999874,-0.21419801876934622,1.0890164523937471,29,29,0,1.103613544509823,0.04,0.2617993877991494,9.81,1,1,12,21,41,-3.0,3.0,0.01,30.0,60.0,1e-09,1e-12,6,0.0001,1,new simulation,nan
12,20,0.09235987755982991,0.0,0.20000000000000012,rolling,16.929999999999847,-0.21574544633339815,1.0919835057978904,29,29,0,1.1036079387009985,0.04,0.2617993877991494,9.81,1,1,12,21,41,-3.0,3.0,0.01,30.0,60.0,1e-09,1e-12,6,0.0001,1,new simulation,nan
12,21,0.09235987755982991,0.1499999999999999,0.20000000000000012,rolling,16.729999999999816,-0.21723650852103224,1.0948595082833776,29,29,0,1.1036135441766883,0.04,0.2617993877991494,9.81,1,1,12,21,41,-3.0,3.0,0.01,30.0,60.0,1e-09,1e-12,6,0.0001,1,new simulation,nan
12,22,0.09235987755982991,0.2999999999999998,0.20000000000000012,rolling,16.469999999999775,-0.21750544501194344,1.0953864030595473,29,29,0,1.1036303612576923,0.04,0.2617993877991494,9.81,1,1,12,21,41,-3.0,3.0,0.01,30.0,60.0,1e-09,1e-12,6,0.0001,1,new simulation,nan
12,23,0.09235987755982991,0.44999999999999973,0.20000000000000012,rolling,15.639999999999711,-0.21874985929467686,1.0977853070331611,28,28,0,1.1036069922236378,0.04,0.2617993877991494,9.81,1,1,12,21,41,-3.0,3.0,0.01,30.0,60.0,1e-09,1e-12,6,0.0001,1,new simulation,nan
12,24,0.09235987755982991,0.5999999999999996,0.20000000000000012,rolling,14.809999999999729,-0.21522412748565792,1.0909817723946424,27,27,0,1.103608222098972,0.04,0.2617993877991494,9.81,1,1,12,21,41,-3.0,3.0,0.01,30.0,60.0,1e-09,1e-12,6,0.0001,1,new simulation,nan
12,25,0.09235987755982991,0.75,0.20000000000000012,rolling,13.439999999999758,-0.22002873038493295,1.100270410909974,25,25,0,1.1036087240601564,0.04,0.2617993877991494,9.81,1,1,12,21,41,-3.0,3.0,0.01,30.0,60.0,1e-09,1e-12,6,0.0001,1,new simulation,nan
12,26,0.09235987755982991,0.8999999999999999,0.20000000000000012,rolling,7.22999999999989,-0.21805318771749296,1.0964325740690215,14,14,0,1.1036000853486152,0.04,0.2617993877991494,9.81,1,1,12,21,41,-3.0,3.0,0.01,30.0,60.0,1e-09,1e-12,6,0.0001,1,new simulation,nan
12,27,0.09235987755982991,1.0499999999999998,0.20000000000000012,rolling,13.449999999999758,-0.21572398727762684,1.0921044322490767,26,26,0,1.1039785050656896,0.04,0.2617993877991494,9.81,1,1,12,21,41,-3.0,3.0,0.01,30.0,60.0,1e-09,1e-12,6,0.0001,1,new simulation,nan
12,28,0.09235987755982991,1.2000000000000002,0.20000000000000012,rolling,14.27999999999974,-0.21899533946935917,1.098440358910257,28,28,0,1.104017971735184,0.04,0.2617993877991494,9.81,1,1,12,21,41,-3.0,3.0,0.01,30.0,60.0,1e-09,1e-12,6,0.0001,1,new simulation,nan
12,29,0.09235987755982991,1.3499999999999996,0.20000000000000012,rolling,15.129999999999722,-0.21453514108693375,1.089831590382367,30,30,0,1.1039995500112763,0.04,0.2617993877991494,9.81,1,1,12,21,41,-3.0,3.0,0.01,30.0,60.0,1e-09,1e-12,6,0.0001,1,new simulation,nan
12,30,0.09235987755982991,1.5,0.20000000000000012,rolling,15.449999999999715,-0.21268783602107114,1.0863066066752876,31,31,0,1.1040126899801115,0.04,0.2617993877991494,9.81,1,1,12,21,41,-3.0,3.0,0.01,30.0,60.0,1e-09,1e-12,6,0.0001,1,new simulation,nan
12,31,0.09235987755982991,1.6499999999999995,0.20000000000000012,rolling,15.779999999999708,-0.2121738114222778,1.0853273019917882,32,32,0,1.1040123010862704,0.04,0.2617993877991494,9.81,1,1,12,21,41,-3.0,3.0,0.01,30.0,60.0,1e-09,1e-12,6,0.0001,1,new simulation,nan
12,32,0.09235987755982991,1.7999999999999998,0.20000000000000012,rolling,16.11999999999972,-0.21202217287682293,1.0850346968969693,33,33,0,1.104003144839462,0.04,0.2617993877991494,9.81,1,1,12,21,41,-3.0,3.0,0.01,30.0,60.0,1e-09,1e-12,6,0.0001,1,new simulation,nan
12,33,0.09235987755982991,1.9500000000000002,0.20000000000000012,rolling,16.469999999999775,-0.21132458437047058,1.0837024505874575,34,34,0,1.103988743497157,0.04,0.2617993877991494,9.81,1,1,12,21,41,-3.0,3.0,0.01,30.0,60.0,1e-09,1e-12,6,0.0001,1,new simulation,nan
12,34,0.09235987755982991,2.0999999999999996,0.20000000000000012,rolling,16.279999999999745,-0.22042724493492896,1.1012268739712832,34,34,0,1.1040246441636794,0.04,0.2617993877991494,9.81,1,1,12,21,41,-3.0,3.0,0.01,30.0,60.0,1e-09,1e-12,6,0.0001,1,new simulation,nan
12,35,0.09235987755982991,2.25,0.20000000000000012,rolling,16.649999999999803,-0.21615326456464556,1.092939974691326,35,35,0,1.1040005465086309,0.04,0.2617993877991494,9.81,1,1,12,21,41,-3.0,3.0,0.01,30.0,60.0,1e-09,1e-12,6,0.0001,1,new simulation,nan
12,36,0.09235987755982991,2.3999999999999995,0.20000000000000012,rolling,16.479999999999777,-0.220268576098698,1.100920851981904,35,35,0,1.1040314600516554,0.04,0.2617993877991494,9.81,1,1,12,21,41,-3.0,3.0,0.01,30.0,60.0,1e-09,1e-12,6,0.0001,1,new simulation,nan
12,37,0.09235987755982991,2.55,0.20000000000000012,rolling,16.859999999999836,-0.22062082972533612,1.1015939490281703,36,36,0,1.1040014202561004,0.04,0.2617993877991494,9.81,1,1,12,21,41,-3.0,3.0,0.01,30.0,60.0,1e-09,1e-12,6,0.0001,1,new simulation,nan
12,38,0.09235987755982991,2.7,0.20000000000000012,rolling,16.709999999999813,-0.21720202165096059,1.0949736712370546,36,36,0,1.1040275971684281,0.04,0.2617993877991494,9.81,1,1,12,21,41,-3.0,3.0,0.01,30.0,60.0,1e-09,1e-12,6,0.0001,1,new simulation,nan
12,39,0.09235987755982991,2.8499999999999996,0.20000000000000012,rolling,17.099999999999874,-0.21992863764926426,1.1002433043609083,37,37,0,1.1039945970317426,0.04,0.2617993877991494,9.81,1,1,12,21,41,-3.0,3.0,0.01,30.0,60.0,1e-09,1e-12,6,0.0001,1,new simulation,nan
12,40,0.09235987755982991,3.0,0.20000000000000012,rolling,16.95999999999985,-0.21792256611917554,1.0963613420569196,37,37,0,1.1040164731433415,0.04,0.2617993877991494,9.81,1,1,12,21,41,-3.0,3.0,0.01,30.0,60.0,1e-09,1e-12,6,0.0001,1,new simulation,nan
13,0,0.11853981633974484,-3.0,0.30000000000000004,rolling,20.060000000000336,-0.21147087489212704,1.0838291813885048,36,30,6,1.1036460995470112,0.04,0.2617993877991494,9.81,1,1,12,21,41,-3.0,3.0,0.01,30.0,60.0,1e-09,1e-12,6,0.0001,1,new simulation,nan
13,1,0.11853981633974484,-2.85,0.30000000000000004,settled,2.899999999999982,-0.22179938779914943,0.0,7,1,6,nan,0.04,0.2617993877991494,9.81,1,1,12,21,41,-3.0,3.0,0.01,30.0,60.0,1e-09,1e-12,6,0.0001,1,new simulation,nan
13,2,0.11853981633974484,-2.7,0.30000000000000004,settled,3.179999999999976,-0.22179938779914943,0.0,7,1,6,nan,0.04,0.2617993877991494,9.81,1,1,12,21,41,-3.0,3.0,0.01,30.0,60.0,1e-09,1e-12,6,0.0001,1,new simulation,nan
13,3,0.11853981633974484,-2.55,0.30000000000000004,rolling,19.200000000000202,-0.22112887711482537,1.1024128634839565,34,29,5,1.1036050545654248,0.04,0.2617993877991494,9.81,1,1,12,21,41,-3.0,3.0,0.01,30.0,60.0,1e-09,1e-12,6,0.0001,1,new simulation,nan
13,4,0.11853981633974484,-2.4,0.30000000000000004,settled,2.6899999999999866,-0.22179938779914943,0.0,6,1,5,nan,0.04,0.2617993877991494,9.81,1,1,12,21,41,-3.0,3.0,0.01,30.0,60.0,1e-09,1e-12,6,0.0001,1,new simulation,nan
13,5,0.11853981633974484,-2.25,0.30000000000000004,settled,2.899999999999982,-0.22179938779914943,0.0,6,1,5,nan,0.04,0.2617993877991494,9.81,1,1,12,21,41,-3.0,3.0,0.01,30.0,60.0,1e-09,1e-12,6,0.0001,1,new simulation,nan
13,6,0.11853981633974484,-2.1,0.30000000000000004,rolling,18.980000000000167,-0.21892783844899993,1.09813054798522,33,29,4,1.1036070256942017,0.04,0.2617993877991494,9.81,1,1,12,21,41,-3.0,3.0,0.01,30.0,60.0,1e-09,1e-12,6,0.0001,1,new simulation,nan
13,7,0.11853981633974484,-1.95,0.30000000000000004,settled,2.4599999999999915,-0.22179938779914943,0.0,5,1,4,nan,0.04,0.2617993877991494,9.81,1,1,12,21,41,-3.0,3.0,0.01,30.0,60.0,1e-09,1e-12,6,0.0001,1,new simulation,nan
13,8,0.11853981633974484,-1.8,0.30000000000000004,settled,2.7299999999999858,-0.22179938779914943,0.0,5,1,4,nan,0.04,0.2617993877991494,9.81,1,1,12,21,41,-3.0,3.0,0.01,30.0,60.0,1e-09,1e-12,6,0.0001,1,new simulation,nan
13,9,0.11853981633974484,-1.6500000000000001,0.30000000000000004,rolling,18.760000000000133,-0.21874707964068002,1.097775668991463,32,29,3,1.1035972368502198,0.04,0.2617993877991494,9.81,1,1,12,21,41,-3.0,3.0,0.01,30.0,60.0,1e-09,1e-12,6,0.0001,1,new simulation,nan
13,10,0.11853981633974484,-1.5,0.30000000000000004,settled,2.1799999999999975,-0.22179938779914943,0.0,4,1,3,nan,0.04,0.2617993877991494,9.81,1,1,12,21,41,-3.0,3.0,0.01,30.0,60.0,1e-09,1e-12,6,0.0001,1,new simulation,nan
13,11,0.11853981633974484,-1.35,0.30000000000000004,settled,2.7799999999999847,-0.22179938779914943,0.0,4,1,3,nan,0.04,0.2617993877991494,9.81,1,1,12,21,41,-3.0,3.0,0.01,30.0,60.0,1e-09,1e-12,6,0.0001,1,new simulation,nan
13,12,0.11853981633974484,-1.2000000000000002,0.30000000000000004,rolling,19.1900000000002,-0.21206121535553643,1.0849487921149374,32,30,2,1.1036395095543339,0.04,0.2617993877991494,9.81,1,1,12,21,41,-3.0,3.0,0.01,30.0,60.0,1e-09,1e-12,6,0.0001,1,new simulation,nan
13,13,0.11853981633974484,-1.05,0.30000000000000004,settled,1.8400000000000014,-0.22179938779914943,0.0,3,1,2,nan,0.04,0.2617993877991494,9.81,1,1,12,21,41,-3.0,3.0,0.01,30.0,60.0,1e-09,1e-12,6,0.0001,1,new simulation,nan
13,14,0.11853981633974484,-0.8999999999999999,0.30000000000000004,rolling,18.17000000000004,-0.21991116237486605,1.1000479844659068,30,29,1,1.1036232775670085,0.04,0.2617993877991494,9.81,1,1,12,21,41,-3.0,3.0,0.01,30.0,60.0,1e-09,1e-12,6,0.0001,1,new simulation,nan
13,15,0.11853981633974484,-0.75,0.30000000000000004,rolling,18.840000000000146,-0.2129496783151917,1.0866402124470445,31,30,1,1.1036359178338317,0.04,0.2617993877991494,9.81,1,1,12,21,41,-3.0,3.0,0.01,30.0,60.0,1e-09,1e-12,6,0.0001,1,new simulation,nan
13,16,0.11853981633974484,-0.6000000000000001,0.30000000000000004,settled,1.270000000000001,-0.22179938779914943,0.0,2,1,1,nan,0.04,0.2617993877991494,9.81,1,1,12,21,41,-3.0,3.0,0.01,30.0,60.0,1e-09,1e-12,6,0.0001,1,new simulation,nan
13,17,0.11853981633974484,-0.4500000000000002,0.30000000000000004,settled,1.460000000000001,-0.22179938779914943,0.0,2,1,1,nan,0.04,0.2617993877991494,9.81,1,1,12,21,41,-3.0,3.0,0.01,30.0,60.0,1e-09,1e-12,6,0.0001,1,new simulation,nan
13,18,0.11853981633974484,-0.30000000000000027,0.30000000000000004,rolling,17.2799999999999,-0.2127319240919051,1.0862165007491966,29,29,0,1.1036168915451394,0.04,0.2617993877991494,9.81,1,1,12,21,41,-3.0,3.0,0.01,30.0,60.0,1e-09,1e-12,6,0.0001,1,new simulation,nan
13,19,0.11853981633974484,-0.1499999999999999,0.30000000000000004,rolling,17.119999999999877,-0.21525126306939693,1.0910303185329162,29,29,0,1.103600076469964,0.04,0.2617993877991494,9.81,1,1,12,21,41,-3.0,3.0,0.01,30.0,60.0,1e-09,1e-12,6,0.0001,1,new simulation,nan
13,20,0.11853981633974484,0.0,0.30000000000000004,rolling,17.039999999999864,-0.21573884747534391,1.091964920564441,29,29,0,1.1035944695175646,0.04,0.2617993877991494,9.81,1,1,12,21,41,-3.0,3.0,0.01,30.0,60.0,1e-09,1e-12,6,0.0001,1,new simulation,nan
13,21,0.11853981633974484,0.1499999999999999,0.30000000000000004,rolling,16.839999999999833,-0.22163160226868264,1.1033925624480558,29,29,0,1.1036000760695344,0.04,0.2617993877991494,9.81,1,1,12,21,41,-3.0,3.0,0.01,30.0,60.0,1e-09,1e-12,6,0.0001,1,new simulation,nan
13,22,0.11853981633974484,0.2999999999999998,0.30000000000000004,rolling,16.55999999999979,-0.21539871977781835,1.0913209321082067,29,29,0,1.1036168917432174,0.04,0.2617993877991494,9.81,1,1,12,21,41,-3.0,3.0,0.01,30.0,60.0,1e-09,1e-12,6,0.0001,1,new simulation,nan
13,23,0.11853981633974484,0.44999999999999973,0.30000000000000004,rolling,16.24999999999974,-0.21145258623619287,1.0837939165919381,29,29,0,1.103644919435676,0.04,0.2617993877991494,9.81,1,1,12,21,41,-3.0,3.0,0.01,30.0,60.0,1e-09,1e-12,6,0.0001,1,new simulation,nan
13,24,0.11853981633974484,0.5999999999999996,0.30000000000000004,rolling,15.389999999999716,-0.22141101732886403,1.1029794655415281,28,28,0,1.1036413517435237,0.04,0.2617993877991494,9.81,1,1,12,21,41,-3.0,3.0,0.01,30.0,60.0,1e-09,1e-12,6,0.0001,1,new simulation,nan
13,25,0.11853981633974484,0.75,0.30000000000000004,rolling,14.019999999999746,-0.2128582648471425,1.0864622309865992,26,26,0,1.103627760561388,0.04,0.2617993877991494,9.81,1,1,12,21,41,-3.0,3.0,0.01,30.0,60.0,1e-09,1e-12,6,0.0001,1,new simulation,nan
13,26,0.11853981633974484,0.8999999999999999,0.30000000000000004,rolling,10.49999999999982,-0.21145651326809392,1.0837795327174118,20,20,0,1.1035953762679416,0.04,0.2617993877991494,9.81,1,1,12,21,41,-3.0,3.0,0.01,30.0,60.0,1e-09,1e-12,6,0.0001,1,new simulation,nan
13,27,0.11853981633974484,1.0499999999999998,0.30000000000000004,rolling,12.929999999999769,-0.21484027962219204,1.0904129590598066,25,25,0,1.1039912655742945,0.04,0.2617993877991494,9.81,1,1,12,21,41,-3.0,3.0,0.01,30.0,60.0,1e-09,1e-12,6,0.0001,1,new simulation,nan
13,28,0.11853981633974484,1.2000000000000002,0.30000000000000004,rolling,14.29999999999974,-0.21297460553038072,1.0868479140648968,28,28,0,1.1040000213968588,0.04,0.2617993877991494,9.81,1,1,12,21,41,-3.0,3.0,0.01,30.0,60.0,1e-09,1e-12,6,0.0001,1,new simulation,nan
13,29,0.11853981633974484,1.3499999999999996,0.30000000000000004,rolling,15.139999999999722,-0.21578387939011776,1.092224393043302,30,30,0,1.1039894538269766,0.04,0.2617993877991494,9.81,1,1,12,21,41,-3.0,3.0,0.01,30.0,60.0,1e-09,1e-12,6,0.0001,1,new simulation,nan
13,30,0.11853981633974484,1.5,0.30000000000000004,rolling,15.459999999999715,-0.21115565685422594,1.0833890023779231,31,31,0,1.1040051176288819,0.04,0.2617993877991494,9.81,1,1,12,21,41,-3.0,3.0,0.01,30.0,60.0,1e-09,1e-12,6,0.0001,1,new simulation,nan
13,31,0.11853981633974484,1.6499999999999995,0.30000000000000004,rolling,15.779999999999708,-0.219387572583561,1.0991968471869746,32,32,0,1.1040066209090031,0.04,0.2617993877991494,9.81,1,1,12,21,41,-3.0,3.0,0.01,30.0,60.0,1e-09,1e-12,6,0.0001,1,new simulation,nan
13,32,0.11853981633974484,1.7999999999999998,0.30000000000000004,rolling,16.11999999999972,-0.21752302241406876,1.0955811640549926,33,33,0,1.1039988846534579,0.04,0.2617993877991494,9.81,1,1,12,21,41,-3.0,3.0,0.01,30.0,60.0,1e-09,1e-12,6,0.0001,1,new simulation,nan
13,33,0.11853981633974484,1.9500000000000002,0.30000000000000004,rolling,16.469999999999775,-0.21546233768947085,1.0916046061947868,34,34,0,1.1039855486346337,0.04,0.2617993877991494,9.81,1,1,12,21,41,-3.0,3.0,0.01,30.0,60.0,1e-09,1e-12,6,0.0001,1,new simulation,nan
13,34,0.11853981633974484,2.0999999999999996,0.30000000000000004,rolling,16.289999999999747,-0.21255930872560633,1.0860655022497767,34,34,0,1.1040214485060924,0.04,0.2617993877991494,9.81,1,1,12,21,41,-3.0,3.0,0.01,30.0,60.0,1e-09,1e-12,6,0.0001,1,new simulation,nan
13,35,0.11853981633974484,2.25,0.30000000000000004,rolling,16.649999999999803,-0.21833883568554247,1.0971591037922503,35,35,0,1.1039981494647753,0.04,0.2617993877991494,9.81,1,1,12,21,41,-3.0,3.0,0.01,30.0,60.0,1e-09,1e-12,6,0.0001,1,new simulation,nan
13,36,0.11853981633974484,2.3999999999999995,0.30000000000000004,rolling,16.479999999999777,-0.22173800625961623,1.1037863292614558,35,35,0,1.1040290642256085,0.04,0.2617993877991494,9.81,1,1,12,21,41,-3.0,3.0,0.01,30.0,60.0,1e-09,1e-12,6,0.0001,1,new simulation,nan
13,37,0.11853981633974484,2.55,0.30000000000000004,rolling,16.859999999999836,-0.22148940300584985,1.1032878126242864,36,36,0,1.1039996242030738,0.04,0.2617993877991494,9.81,1,1,12,21,41,-3.0,3.0,0.01,30.0,60.0,1e-09,1e-12,6,0.0001,1,new simulation,nan
13,38,0.11853981633974484,2.7,0.30000000000000004,rolling,16.709999999999813,-0.21756979366155763,1.09568329761865,36,36,0,1.104025800716854,0.04,0.2617993877991494,9.81,1,1,12,21,41,-3.0,3.0,0.01,30.0,60.0,1e-09,1e-12,6,0.0001,1,new simulation,nan
13,39,0.11853981633974484,2.8499999999999996,0.30000000000000004,rolling,17.099999999999874,-0.21988451186236949,1.1001568932038983,37,37,0,1.1039932491191236,0.04,0.2617993877991494,9.81,1,1,12,21,41,-3.0,3.0,0.01,30.0,60.0,1e-09,1e-12,6,0.0001,1,new simulation,nan
13,40,0.11853981633974484,3.0,0.30000000000000004,rolling,16.95999999999985,-0.21753372038085464,1.095608926034133,37,37,0,1.1040151266272977,0.04,0.2617993877991494,9.81,1,1,12,21,41,-3.0,3.0,0.01,30.0,60.0,1e-09,1e-12,6,0.0001,1,new simulation,nan
14,0,0.14471975511965976,-3.0,0.39999999999999997,rolling,20.110000000000344,-0.21909461227158794,1.098470216166223,36,30,6,1.1036438576062404,0.04,0.2617993877991494,9.81,1,1,12,21,41,-3.0,3.0,0.01,30.0,60.0,1e-09,1e-12,6,0.0001,1,new simulation,nan
14,1,0.14471975511965976,-2.85,0.39999999999999997,settled,2.9199999999999817,-0.22179938779914943,0.0,7,1,6,nan,0.04,0.2617993877991494,9.81,1,1,12,21,41,-3.0,3.0,0.01,30.0,60.0,1e-09,1e-12,6,0.0001,1,new simulation,nan
14,2,0.14471975511965976,-2.7,0.39999999999999997,settled,3.2499999999999747,-0.22179938779914943,0.0,7,1,6,nan,0.04,0.2617993877991494,9.81,1,1,12,21,41,-3.0,3.0,0.01,30.0,60.0,1e-09,1e-12,6,0.0001,1,new simulation,nan
14,3,0.14471975511965976,-2.55,0.39999999999999997,rolling,19.230000000000206,-0.22009283889817075,1.1003918514298887,34,29,5,1.1036010702135413,0.04,0.2617993877991494,9.81,1,1,12,21,41,-3.0,3.0,0.01,30.0,60.0,1e-09,1e-12,6,0.0001,1,new simulation,nan
14,4,0.14471975511965976,-2.4,0.39999999999999997,settled,2.6999999999999864,-0.22179938779914943,0.0,6,1,5,nan,0.04,0.2617993877991494,9.81,1,1,12,21,41,-3.0,3.0,0.01,30.0,60.0,1e-09,1e-12,6,0.0001,1,new simulation,nan
14,5,0.14471975511965976,-2.25,0.39999999999999997,settled,2.9699999999999807,-0.22179938779914943,0.0,6,1,5,nan,0.04,0.2617993877991494,9.81,1,1,12,21,41,-3.0,3.0,0.01,30.0,60.0,1e-09,1e-12,6,0.0001,1,new simulation,nan
14,6,0.14471975511965976,-2.1,0.39999999999999997,rolling,19.010000000000172,-0.21918250620536087,1.0986225085964676,33,29,4,1.1036017116787795,0.04,0.2617993877991494,9.81,1,1,12,21,41,-3.0,3.0,0.01,30.0,60.0,1e-09,1e-12,6,0.0001,1,new simulation,nan
14,7,0.14471975511965976,-1.95,0.39999999999999997,settled,2.479999999999991,-0.22179938779914943,0.0,5,1,4,nan,0.04,0.2617993877991494,9.81,1,1,12,21,41,-3.0,3.0,0.01,30.0,60.0,1e-09,1e-12,6,0.0001,1,new simulation,nan
14,8,0.14471975511965976,-1.8,0.39999999999999997,settled,2.849999999999983,-0.22179938779914943,0.0,5,1,4,nan,0.04,0.2617993877991494,9.81,1,1,12,21,41,-3.0,3.0,0.01,30.0,60.0,1e-09,1e-12,6,0.0001,1,new simulation,nan
14,9,0.14471975511965976,-1.6500000000000001,0.39999999999999997,rolling,19.400000000000233,-0.2136472964207841,1.087976902588062,33,30,3,1.103645756764332,0.04,0.2617993877991494,9.81,1,1,12,21,41,-3.0,3.0,0.01,30.0,60.0,1e-09,1e-12,6,0.0001,1,new simulation,nan
14,10,0.14471975511965976,-1.5,0.39999999999999997,settled,2.2199999999999966,-0.22179938779914943,0.0,4,1,3,nan,0.04,0.2617993877991494,9.81,1,1,12,21,41,-3.0,3.0,0.01,30.0,60.0,1e-09,1e-12,6,0.0001,1,new simulation,nan
14,11,0.14471975511965976,-1.35,0.39999999999999997,rolling,18.81000000000014,-0.2191483829750086,1.0985668156469228,31,29,2,1.1036259764452823,0.04,0.2617993877991494,9.81,1,1,12,21,41,-3.0,3.0,0.01,30.0,60.0,1e-09,1e-12,6,0.0001,1,new simulation,nan
14,12,0.14471975511965976,-1.2000000000000002,0.39999999999999997,rolling,19.58000000000026,-0.2130064119773203,1.0867469310029185,32,30,2,1.1036324245714562,0.04,0.2617993877991494,9.81,1,1,12,21,41,-3.0,3.0,0.01,30.0,60.0,1e-09,1e-12,6,0.0001,1,new simulation,nan
14,13,0.14471975511965976,-1.05,0.39999999999999997,settled,1.9200000000000015,-0.22179938779914943,0.0,3,1,2,nan,0.04,0.2617993877991494,9.81,1,1,12,21,41,-3.0,3.0,0.01,30.0,60.0,1e-09,1e-12,6,0.0001,1,new simulation,nan
14,14,0.14471975511965976,-0.8999999999999999,0.39999999999999997,rolling,17.97000000000001,-0.21527849917306724,1.0910872711612323,30,29,1,1.103610681412741,0.04,0.2617993877991494,9.81,1,1,12,21,41,-3.0,3.0,0.01,30.0,60.0,1e-09,1e-12,6,0.0001,1,new simulation,nan
14,15,0.14471975511965976,-0.75,0.39999999999999997,settled,1.330000000000001,-0.22179938779914943,0.0,2,1,1,nan,0.04,0.2617993877991494,9.81,1,1,12,21,41,-3.0,3.0,0.01,30.0,60.0,1e-09,1e-12,6,0.0001,1,new simulation,nan
14,16,0.14471975511965976,-0.6000000000000001,0.39999999999999997,settled,1.350000000000001,-0.22179938779914943,0.0,2,1,1,nan,0.04,0.2617993877991494,9.81,1,1,12,21,41,-3.0,3.0,0.01,30.0,60.0,1e-09,1e-12,6,0.0001,1,new simulation,nan
14,17,0.14471975511965976,-0.4500000000000002,0.39999999999999997,rolling,18.190000000000044,-0.21696212901550532,1.0943362012440225,29,29,0,1.1036281247339934,0.04,0.2617993877991494,9.81,1,1,12,21,41,-3.0,3.0,0.01,30.0,60.0,1e-09,1e-12,6,0.0001,1,new simulation,nan
14,18,0.14471975511965976,-0.30000000000000027,0.39999999999999997,rolling,17.239999999999895,-0.21273541118046227,1.0862157612672638,29,29,0,1.103600095941595,0.04,0.2617993877991494,9.81,1,1,12,21,41,-3.0,3.0,0.01,30.0,60.0,1e-09,1e-12,6,0.0001,1,new simulation,nan
14,19,0.14471975511965976,-0.1499999999999999,0.39999999999999997,rolling,17.869999999999994,-0.21643352925643264,1.093322365905309,30,30,0,1.1036406044691083,0.04,0.2617993877991494,9.81,1,1,12,21,41,-3.0,3.0,0.01,30.0,60.0,1e-09,1e-12,6,0.0001,1,new simulation,nan
14,20,0.14471975511965976,0.0,0.39999999999999997,rolling,17.91,-0.21706452155117956,1.0945374297824861,30,30,0,1.1036364006458441,0.04,0.2617993877991494,9.81,1,1,12,21,41,-3.0,3.0,0.01,30.0,60.0,1e-09,1e-12,6,0.0001,1,new simulation,nan
14,21,0.14471975511965976,0.1499999999999999,0.39999999999999997,rolling,17.64999999999996,-0.21608682505189344,1.0926546396598802,30,30,0,1.1036406043491127,0.04,0.2617993877991494,9.81,1,1,12,21,41,-3.0,3.0,0.01,30.0,60.0,1e-09,1e-12,6,0.0001,1,new simulation,nan
14,22,0.14471975511965976,0.2999999999999998,0.39999999999999997,rolling,16.729999999999816,-0.21280703559588843,1.0863523507020612,29,29,0,1.1036000961112256,0.04,0.2617993877991494,9.81,1,1,12,21,41,-3.0,3.0,0.01,30.0,60.0,1e-09,1e-12,6,0.0001,1,new simulation,nan
14,23,0.14471975511965976,0.44999999999999973,0.39999999999999997,rolling,16.349999999999756,-0.22138072739357378,1.1029145742616961,29,29,0,1.1036281237474126,0.04,0.2617993877991494,9.81,1,1,12,21,41,-3.0,3.0,0.01,30.0,60.0,1e-09,1e-12,6,0.0001,1,new simulation,nan
14,24,0.14471975511965976,0.5999999999999996,0.39999999999999997,rolling,15.469999999999715,-0.21627874288191667,1.093014716322222,28,28,0,1.1036189590562324,0.04,0.2617993877991494,9.81,1,1,12,21,41,-3.0,3.0,0.01,30.0,60.0,1e-09,1e-12,6,0.0001,1,new simulation,nan
14,25,0.14471975511965976,0.75,0.39999999999999997,rolling,14.609999999999733,-0.21758553623401955,1.0955471992110701,27,27,0,1.10364410701793,0.04,0.2617993877991494,9.81,1,1,12,21,41,-3.0,3.0,0.01,30.0,60.0,1e-09,1e-12,6,0.0001,1,new simulation,nan
14,26,0.14471975511965976,0.8999999999999999,0.39999999999999997,rolling,12.159999999999785,-0.21170451549232633,1.0842646085339624,23,23,0,1.1036265786280335,0.04,0.2617993877991494,9.81,1,1,12,21,41,-3.0,3.0,0.01,30.0,60.0,1e-09,1e-12,6,0.0001,1,new simulation,nan
14,27,0.14471975511965976,1.0499999999999998,0.39999999999999997,rolling,12.41999999999978,-0.21638743494258592,1.0933819702387093,24,24,0,1.1039800847345773,0.04,0.2617993877991494,9.81,1,1,12,21,41,-3.0,3.0,0.01,30.0,60.0,1e-09,1e-12,6,0.0001,1,new simulation,nan
14,28,0.14471975511965976,1.2000000000000002,0.39999999999999997,rolling,14.31999999999974,-0.21773674432067291,1.0959850180630555,28,28,0,1.1039776386367446,0.04,0.2617993877991494,9.81,1,1,12,21,41,-3.0,3.0,0.01,30.0,60.0,1e-09,1e-12,6,0.0001,1,new simulation,nan
14,29,0.14471975511965976,1.3499999999999996,0.39999999999999997,rolling,14.619999999999733,-0.21528798192045195,1.0912898726896463,29,29,0,1.1040316238963732,0.04,0.2617993877991494,9.81,1,1,12,21,41,-3.0,3.0,0.01,30.0,60.0,1e-09,1e-12,6,0.0001,1,new simulation,nan
14,30,0.14471975511965976,1.5,0.39999999999999997,rolling,15.469999999999715,-0.21708008285567157,1.094724345494208,31,31,0,1.1039956738432448,0.04,0.2617993877991494,9.81,1,1,12,21,41,-3.0,3.0,0.01,30.0,60.0,1e-09,1e-12,6,0.0001,1,new simulation,nan
14,31,0.14471975511965976,1.6499999999999995,0.39999999999999997,rolling,15.799999999999708,-0.21115288752640143,1.0833812839474062,32,32,0,1.1039995390485429,0.04,0.2617993877991494,9.81,1,1,12,21,41,-3.0,3.0,0.01,30.0,60.0,1e-09,1e-12,6,0.0001,1,new simulation,nan
14,32,0.14471975511965976,1.7999999999999998,0.39999999999999997,rolling,16.129999999999722,-0.2176338831506861,1.0957931088591049,33,33,0,1.1039935728621535,0.04,0.2617993877991494,9.81,1,1,12,21,41,-3.0,3.0,0.01,30.0,60.0,1e-09,1e-12,6,0.0001,1,new simulation,nan
14,33,0.14471975511965976,1.9500000000000002,0.39999999999999997,rolling,16.479999999999777,-0.21352377742606252,1.0878883548173983,34,34,0,1.1039815644722766,0.04,0.2617993877991494,9.81,1,1,12,21,41,-3.0,3.0,0.01,30.0,60.0,1e-09,1e-12,6,0.0001,1,new simulation,nan
14,34,0.14471975511965976,2.0999999999999996,0.39999999999999997,rolling,16.289999999999747,-0.2198817663815475,1.1001620745093916,34,34,0,1.104017464318926,0.04,0.2617993877991494,9.81,1,1,12,21,41,-3.0,3.0,0.01,30.0,60.0,1e-09,1e-12,6,0.0001,1,new simulation,nan
14,35,0.14471975511965976,2.25,0.39999999999999997,rolling,16.659999999999805,-0.21337459220613092,1.0876093244033227,35,35,0,1.1039951625500535,0.04,0.2617993877991494,9.81,1,1,12,21,41,-3.0,3.0,0.01,30.0,60.0,1e-09,1e-12,6,0.0001,1,new simulation,nan
14,36,0.14471975511965976,2.3999999999999995,0.39999999999999997,rolling,16.489999999999778,-0.21562130664866605,1.091927855788508,35,35,0,1.1040260756649338,0.04,0.2617993877991494,9.81,1,1,12,21,41,-3.0,3.0,0.01,30.0,60.0,1e-09,1e-12,6,0.0001,1,new simulation,nan
14,37,0.14471975511965976,2.55,0.39999999999999997,rolling,16.869999999999838,-0.2144442263009482,1.089656439648798,36,36,0,1.103997383481075,0.04,0.2617993877991494,9.81,1,1,12,21,41,-3.0,3.0,0.01,30.0,60.0,1e-09,1e-12,6,0.0001,1,new simulation,nan
14,38,0.14471975511965976,2.7,0.39999999999999997,rolling,16.709999999999813,-0.22071000685957012,1.1017773638682222,36,36,0,1.1040235594846088,0.04,0.2617993877991494,9.81,1,1,12,21,41,-3.0,3.0,0.01,30.0,60.0,1e-09,1e-12,6,0.0001,1,new simulation,nan
14,39,0.14471975511965976,2.8499999999999996,0.39999999999999997,rolling,17.109999999999875,-0.21142637633839967,1.0838970052273873,37,37,0,1.1039915690336237,0.04,0.2617993877991494,9.81,1,1,12,21,41,-3.0,3.0,0.01,30.0,60.0,1e-09,1e-12,6,0.0001,1,new simulation,nan
14,40,0.14471975511965976,3.0,0.39999999999999997,rolling,16.95999999999985,-0.21944489085642482,1.0993111528300987,37,37,0,1.104013445330043,0.04,0.2617993877991494,9.81,1,1,12,21,41,-3.0,3.0,0.01,30.0,60.0,1e-09,1e-12,6,0.0001,1,new simulation,nan
15,0,0.17089969389957474,-3.0,0.5000000000000001,rolling,20.190000000000357,-0.2183706310286683,1.0970651654718167,36,30,6,1.1036411734419322,0.04,0.2617993877991494,9.81,1,1,12,21,41,-3.0,3.0,0.01,30.0,60.0,1e-09,1e-12,6,0.0001,1,new simulation,nan
15,1,0.17089969389957474,-2.85,0.5000000000000001,settled,2.9399999999999813,-0.22179938779914943,0.0,7,1,6,nan,0.04,0.2617993877991494,9.81,1,1,12,21,41,-3.0,3.0,0.01,30.0,60.0,1e-09,1e-12,6,0.0001,1,new simulation,nan
15,2,0.17089969389957474,-2.7,0.5000000000000001,settled,3.3499999999999726,-0.22179938779914943,0.0,7,1,6,nan,0.04,0.2617993877991494,9.81,1,1,12,21,41,-3.0,3.0,0.01,30.0,60.0,1e-09,1e-12,6,0.0001,1,new simulation,nan
15,3,0.17089969389957474,-2.55,0.5000000000000001,rolling,19.280000000000214,-0.21889268550439914,1.098057680238571,34,29,5,1.1035962978490714,0.04,0.2617993877991494,9.81,1,1,12,21,41,-3.0,3.0,0.01,30.0,60.0,1e-09,1e-12,6,0.0001,1,new simulation,nan
15,4,0.17089969389957474,-2.4,0.5000000000000001,settled,2.719999999999986,-0.22179938779914943,0.0,6,1,5,nan,0.04,0.2617993877991494,9.81,1,1,12,21,41,-3.0,3.0,0.01,30.0,60.0,1e-09,1e-12,6,0.0001,1,new simulation,nan
15,5,0.17089969389957474,-2.25,0.5000000000000001,settled,3.0699999999999785,-0.22179938779914943,0.0,6,1,5,nan,0.04,0.2617993877991494,9.81,1,1,12,21,41,-3.0,3.0,0.01,30.0,60.0,1e-09,1e-12,6,0.0001,1,new simulation,nan
15,6,0.17089969389957474,-2.1,0.5000000000000001,rolling,19.080000000000183,-0.21141637213368364,1.083703263754161,33,29,4,1.103595347663736,0.04,0.2617993877991494,9.81,1,1,12,21,41,-3.0,3.0,0.01,30.0,60.0,1e-09,1e-12,6,0.0001,1,new simulation,nan
15,7,0.17089969389957474,-1.95,0.5000000000000001,settled,2.4999999999999907,-0.22179938779914943,0.0,5,1,4,nan,0.04,0.2617993877991494,9.81,1,1,12,21,41,-3.0,3.0,0.01,30.0,60.0,1e-09,1e-12,6,0.0001,1,new simulation,nan
15,8,0.17089969389957474,-1.8,0.5000000000000001,settled,3.099999999999978,-0.22179938779914943,0.0,5,1,4,nan,0.04,0.2617993877991494,9.81,1,1,12,21,41,-3.0,3.0,0.01,30.0,60.0,1e-09,1e-12,6,0.0001,1,new simulation,nan
15,9,0.17089969389957474,-1.6500000000000001,0.5000000000000001,rolling,19.57000000000026,-0.22063419979543358,1.1014629138718626,33,30,3,1.103639394587498,0.04,0.2617993877991494,9.81,1,1,12,21,41,-3.0,3.0,0.01,30.0,60.0,1e-09,1e-12,6,0.0001,1,new simulation,nan
15,10,0.17089969389957474,-1.5,0.5000000000000001,settled,2.2799999999999954,-0.22179938779914943,0.0,4,1,3,nan,0.04,0.2617993877991494,9.81,1,1,12,21,41,-3.0,3.0,0.01,30.0,60.0,1e-09,1e-12,6,0.0001,1,new simulation,nan
15,11,0.17089969389957474,-1.35,0.5000000000000001,rolling,18.450000000000085,-0.2191967880676404,1.098655873256491,31,29,2,1.1036146647852358,0.04,0.2617993877991494,9.81,1,1,12,21,41,-3.0,3.0,0.01,30.0,60.0,1e-09,1e-12,6,0.0001,1,new simulation,nan
15,12,0.17089969389957474,-1.2000000000000002,0.5000000000000001,settled,1.8500000000000014,-0.22179938779914943,0.0,3,1,2,nan,0.04,0.2617993877991494,9.81,1,1,12,21,41,-3.0,3.0,0.01,30.0,60.0,1e-09,1e-12,6,0.0001,1,new simulation,nan
15,13,0.17089969389957474,-1.05,0.5000000000000001,settled,2.07,-0.22179938779914943,0.0,3,1,2,nan,0.04,0.2617993877991494,9.81,1,1,12,21,41,-3.0,3.0,0.01,30.0,60.0,1e-09,1e-12,6,0.0001,1,new simulation,nan
15,14,0.17089969389957474,-0.8999999999999999,0.5000000000000001,rolling,18.03000000000002,-0.2170384395920443,1.0944692722331888,30,29,1,1.103595599300543,0.04,0.2617993877991494,9.81,1,1,12,21,41,-3.0,3.0,0.01,30.0,60.0,1e-09,1e-12,6,0.0001,1,new simulation,nan
15,15,0.17089969389957474,-0.75,0.5000000000000001,settled,1.350000000000001,-0.22179938779914943,0.0,2,1,1,nan,0.04,0.2617993877991494,9.81,1,1,12,21,41,-3.0,3.0,0.01,30.0,60.0,1e-09,1e-12,6,0.0001,1,new simulation,nan
15,16,0.17089969389957474,-0.6000000000000001,0.5000000000000001,settled,1.5300000000000011,-0.22179938779914943,0.0,2,1,1,nan,0.04,0.2617993877991494,9.81,1,1,12,21,41,-3.0,3.0,0.01,30.0,60.0,1e-09,1e-12,6,0.0001,1,new simulation,nan
15,17,0.17089969389957474,-0.4500000000000002,0.5000000000000001,rolling,17.319999999999908,-0.21806691071169643,1.0964625917864763,29,29,0,1.1036080135248245,0.04,0.2617993877991494,9.81,1,1,12,21,41,-3.0,3.0,0.01,30.0,60.0,1e-09,1e-12,6,0.0001,1,new simulation,nan
15,18,0.17089969389957474,-0.30000000000000027,0.5000000000000001,rolling,18.04000000000002,-0.22034442513975822,1.1008977764374792,30,30,0,1.1036381343643045,0.04,0.2617993877991494,9.81,1,1,12,21,41,-3.0,3.0,0.01,30.0,60.0,1e-09,1e-12,6,0.0001,1,new simulation,nan
15,19,0.17089969389957474,-0.1499999999999999,0.5000000000000001,settled,0.49000000000000027,-0.22179938779914943,0.0,1,1,0,nan,0.04,0.2617993877991494,9.81,1,1,12,21,41,-3.0,3.0,0.01,30.0,60.0,1e-09,1e-12,6,0.0001,1,new simulation,nan
15,20,0.17089969389957474,0.0,0.5000000000000001,settled,0.38000000000000017,-0.22179938779914943,0.0,1,1,0,nan,0.04,0.2617993877991494,9.81,1,1,12,21,41,-3.0,3.0,0.01,30.0,60.0,1e-09,1e-12,6,0.0001,1,new simulation,nan
15,21,0.17089969389957474,0.1499999999999999,0.5000000000000001,settled,0.3000000000000001,-0.22179938779914943,0.0,1,1,0,nan,0.04,0.2617993877991494,9.81,1,1,12,21,41,-3.0,3.0,0.01,30.0,60.0,1e-09,1e-12,6,0.0001,1,new simulation,nan
15,22,0.17089969389957474,0.2999999999999998,0.5000000000000001,rolling,17.639999999999958,-0.21342456599711307,1.08754787586721,30,30,0,1.1036381339918355,0.04,0.2617993877991494,9.81,1,1,12,21,41,-3.0,3.0,0.01,30.0,60.0,1e-09,1e-12,6,0.0001,1,new simulation,nan
15,23,0.17089969389957474,0.44999999999999973,0.5000000000000001,rolling,16.539999999999786,-0.21269795502935326,1.0861478278599603,29,29,0,1.1036080143305957,0.04,0.2617993877991494,9.81,1,1,12,21,41,-3.0,3.0,0.01,30.0,60.0,1e-09,1e-12,6,0.0001,1,new simulation,nan
15,24,0.17089969389957474,0.5999999999999996,0.5000000000000001,rolling,16.11999999999972,-0.22111814552213563,1.102410209903598,29,29,0,1.1036472511830528,0.04,0.2617993877991494,9.81,1,1,12,21,41,-3.0,3.0,0.01,30.0,60.0,1e-09,1e-12,6,0.0001,1,new simulation,nan
15,25,0.17089969389957474,0.75,0.5000000000000001,rolling,14.689999999999731,-0.21727528732817966,1.0949321382246542,27,27,0,1.103608356854832,0.04,0.2617993877991494,9.81,1,1,12,21,41,-3.0,3.0,0.01,30.0,60.0,1e-09,1e-12,6,0.0001,1,new simulation,nan
15,26,0.17089969389957474,0.8999999999999999,0.5000000000000001,rolling,13.289999999999761,-0.22083922720642238,1.1018648181793127,25,25,0,1.1036443942506766,0.04,0.2617993877991494,9.81,1,1,12,21,41,-3.0,3.0,0.01,30.0,60.0,1e-09,1e-12,6,0.0001,1,new simulation,nan
15,27,0.17089969389957474,1.0499999999999998,0.5000000000000001,rolling,10.849999999999813,-0.21139294070693118,1.0838411244062662,21,21,0,1.1040088461729523,0.04,0.2617993877991494,9.81,1,1,12,21,41,-3.0,3.0,0.01,30.0,60.0,1e-09,1e-12,6,0.0001,1,new simulation,nan
15,28,0.17089969389957474,1.2000000000000002,0.5000000000000001,rolling,13.81999999999975,-0.21260104710523936,1.086134245775825,27,27,0,1.1039969234579277,0.04,0.2617993877991494,9.81,1,1,12,21,41,-3.0,3.0,0.01,30.0,60.0,1e-09,1e-12,6,0.0001,1,new simulation,nan
15,29,0.17089969389957474,1.3499999999999996,0.5000000000000001,rolling,14.649999999999732,-0.21307540410448497,1.087045306385315,29,29,0,1.1040115228919878,0.04,0.2617993877991494,9.81,1,1,12,21,41,-3.0,3.0,0.01,30.0,60.0,1e-09,1e-12,6,0.0001,1,new simulation,nan
15,30,0.17089969389957474,1.5,0.5000000000000001,rolling,15.489999999999714,-0.21998947459788032,1.100357206486629,31,31,0,1.1039843657986472,0.04,0.2617993877991494,9.81,1,1,12,21,41,-3.0,3.0,0.01,30.0,60.0,1e-09,1e-12,6,0.0001,1,new simulation,nan
15,31,0.17089969389957474,1.6499999999999995,0.5000000000000001,rolling,15.809999999999707,-0.22049544271426247,1.1013451400283192,32,32,0,1.1039910584642405,0.04,0.2617993877991494,9.81,1,1,12,21,41,-3.0,3.0,0.01,30.0,60.0,1e-09,1e-12,6,0.0001,1,new simulation,nan
15,32,0.17089969389957474,1.7999999999999998,0.5000000000000001,rolling,16.149999999999725,-0.2125460606981692,1.0860251868148485,33,33,0,1.1039872130440498,0.04,0.2617993877991494,9.81,1,1,12,21,41,-3.0,3.0,0.01,30.0,60.0,1e-09,1e-12,6,0.0001,1,new simulation,nan
15,33,0.17089969389957474,1.9500000000000002,0.5000000000000001,rolling,15.949999999999704,-0.2168187000715609,1.0942357160506262,33,33,0,1.1040315349101422,0.04,0.2617993877991494,9.81,1,1,12,21,41,-3.0,3.0,0.01,30.0,60.0,1e-09,1e-12,6,0.0001,1,new simulation,nan
15,34,0.17089969389957474,2.0999999999999996,0.5000000000000001,rolling,16.29999999999975,-0.22064116843605047,1.1016384795587322,34,34,0,1.1040126950891052,0.04,0.2617993877991494,9.81,1,1,12,21,41,-3.0,3.0,0.01,30.0,60.0,1e-09,1e-12,6,0.0001,1,new simulation,nan
15,35,0.17089969389957474,2.25,0.5000000000000001,rolling,16.669999999999806,-0.21227570986123928,1.0855121627354911,35,35,0,1.1039915849975586,0.04,0.2617993877991494,9.81,1,1,12,21,41,-3.0,3.0,0.01,30.0,60.0,1e-09,1e-12,6,0.0001,1,new simulation,nan
15,36,0.17089969389957474,2.3999999999999995,0.5000000000000001,rolling,16.49999999999978,-0.21298483460557147,1.0868773175598665,35,35,0,1.1040224989695784,0.04,0.2617993877991494,9.81,1,1,12,21,41,-3.0,3.0,0.01,30.0,60.0,1e-09,1e-12,6,0.0001,1,new simulation,nan
15,37,0.17089969389957474,2.55,0.5000000000000001,rolling,16.869999999999838,-0.22146616679334952,1.1032402915912756,36,36,0,1.1039946989563418,0.04,0.2617993877991494,9.81,1,1,12,21,41,-3.0,3.0,0.01,30.0,60.0,1e-09,1e-12,6,0.0001,1,new simulation,nan
15,38,0.17089969389957474,2.7,0.5000000000000001,rolling,16.719999999999814,-0.2156797942994918,1.0920380133388714,36,36,0,1.1040208760080208,0.04,0.2617993877991494,9.81,1,1,12,21,41,-3.0,3.0,0.01,30.0,60.0,1e-09,1e-12,6,0.0001,1,new simulation,nan
15,39,0.17089969389957474,2.8499999999999996,0.5000000000000001,rolling,17.109999999999875,-0.2164070816897777,1.0934239599361641,37,37,0,1.1039895567797553,0.04,0.2617993877991494,9.81,1,1,12,21,41,-3.0,3.0,0.01,30.0,60.0,1e-09,1e-12,6,0.0001,1,new simulation,nan
15,40,0.17089969389957474,3.0,0.5000000000000001,rolling,16.969999999999853,-0.2127334540696646,1.0863930201507306,37,37,0,1.1040114324250734,0.04,0.2617993877991494,9.81,1,1,12,21,41,-3.0,3.0,0.01,30.0,60.0,1e-09,1e-12,6,0.0001,1,new simulation,nan
16,0,0.19707963267948966,-3.0,0.6000000000000001,rolling,20.310000000000375,-0.2127760436056106,1.0863099406655323,36,30,6,1.1036380488056945,0.04,0.2617993877991494,9.81,1,1,12,21,41,-3.0,3.0,0.01,30.0,60.0,1e-09,1e-12,6,0.0001,1,new simulation,nan
16,1,0.19707963267948966,-2.85,0.6000000000000001,settled,2.9699999999999807,-0.22179938779914943,0.0,7,1,6,nan,0.04,0.2617993877991494,9.81,1,1,12,21,41,-3.0,3.0,0.01,30.0,60.0,1e-09,1e-12,6,0.0001,1,new simulation,nan
16,2,0.19707963267948966,-2.7,0.6000000000000001,settled,3.509999999999969,-0.22179938779914943,0.0,7,1,6,nan,0.04,0.2617993877991494,9.81,1,1,12,21,41,-3.0,3.0,0.01,30.0,60.0,1e-09,1e-12,6,0.0001,1,new simulation,nan
16,3,0.19707963267948966,-2.55,0.6000000000000001,rolling,19.90000000000031,-0.21598214798214616,1.0924556139653403,35,30,5,1.103646199246845,0.04,0.2617993877991494,9.81,1,1,12,21,41,-3.0,3.0,0.01,30.0,60.0,1e-09,1e-12,6,0.0001,1,new simulation,nan
16,4,0.19707963267948966,-2.4,0.6000000000000001,settled,2.7499999999999853,-0.22179938779914943,0.0,6,1,5,nan,0.04,0.2617993877991494,9.81,1,1,12,21,41,-3.0,3.0,0.01,30.0,60.0,1e-09,1e-12,6,0.0001,1,new simulation,nan
16,5,0.19707963267948966,-2.25,0.6000000000000001,settled,3.239999999999975,-0.22179938779914943,0.0,6,1,5,nan,0.04,0.2617993877991494,9.81,1,1,12,21,41,-3.0,3.0,0.01,30.0,60.0,1e-09,1e-12,6,0.0001,1,new simulation,nan
16,6,0.19707963267948966,-2.1,0.6000000000000001,rolling,19.730000000000285,-0.21320624070847244,1.087133503975644,34,30,4,1.1036440997004606,0.04,0.2617993877991494,9.81,1,1,12,21,41,-3.0,3.0,0.01,30.0,60.0,1e-09,1e-12,6,0.0001,1,new simulation,nan
16,7,0.19707963267948966,-1.95,0.6000000000000001,settled,2.53999999999999,-0.22179938779914943,0.0,5,1,4,nan,0.04,0.2617993877991494,9.81,1,1,12,21,41,-3.0,3.0,0.01,30.0,60.0,1e-09,1e-12,6,0.0001,1,new simulation,nan
16,8,0.19707963267948966,-1.8,0.6000000000000001,rolling,19.1800000000002,-0.22128717011263907,1.102731033637395,32,29,3,1.1036261814922186,0.04,0.2617993877991494,9.81,1,1,12,21,41,-3.0,3.0,0.01,30.0,60.0,1e-09,1e-12,6,0.0001,1,new simulation,nan
16,9,0.19707963267948966,-1.6500000000000001,0.6000000000000001,rolling,20.01000000000033,-0.2113645403247842,1.0836209720466747,33,30,3,1.1036319881895336,0.04,0.2617993877991494,9.81,1,1,12,21,41,-3.0,3.0,0.01,30.0,60.0,1e-09,1e-12,6,0.0001,1,new simulation,nan
16,10,0.19707963267948966,-1.5,0.6000000000000001,settled,2.3799999999999932,-0.22179938779914943,0.0,4,1,3,nan,0.04,0.2617993877991494,9.81,1,1,12,21,41,-3.0,3.0,0.01,30.0,60.0,1e-09,1e-12,6,0.0001,1,new simulation,nan
16,11,0.19707963267948966,-1.35,0.6000000000000001,rolling,18.450000000000085,-0.22106795741838833,1.1022924309322477,31,29,2,1.1036014960940073,0.04,0.2617993877991494,9.81,1,1,12,21,41,-3.0,3.0,0.01,30.0,60.0,1e-09,1e-12,6,0.0001,1,new simulation,nan
16,12,0.19707963267948966,-1.2000000000000002,0.6000000000000001,settled,1.8700000000000014,-0.22179938779914943,0.0,3,1,2,nan,0.04,0.2617993877991494,9.81,1,1,12,21,41,-3.0,3.0,0.01,30.0,60.0,1e-09,1e-12,6,0.0001,1,new simulation,nan
16,13,0.19707963267948966,-1.05,0.6000000000000001,settled,2.5899999999999888,-0.22179938779914943,0.0,3,1,2,nan,0.04,0.2617993877991494,9.81,1,1,12,21,41,-3.0,3.0,0.01,30.0,60.0,1e-09,1e-12,6,0.0001,1,new simulation,nan
16,14,0.19707963267948966,-0.8999999999999999,0.6000000000000001,rolling,18.900000000000155,-0.21566283582089635,1.0918372273497907,31,30,1,1.1036366737667078,0.04,0.2617993877991494,9.81,1,1,12,21,41,-3.0,3.0,0.01,30.0,60.0,1e-09,1e-12,6,0.0001,1,new simulation,nan
16,15,0.19707963267948966,-0.75,0.6000000000000001,settled,1.400000000000001,-0.22179938779914943,0.0,2,1,1,nan,0.04,0.2617993877991494,9.81,1,1,12,21,41,-3.0,3.0,0.01,30.0,60.0,1e-09,1e-12,6,0.0001,1,new simulation,nan
16,16,0.19707963267948966,-0.6000000000000001,0.6000000000000001,rolling,17.679999999999964,-0.214238903838292,1.0890992625355307,29,29,0,1.103623841681838,0.04,0.2617993877991494,9.81,1,1,12,21,41,-3.0,3.0,0.01,30.0,60.0,1e-09,1e-12,6,0.0001,1,new simulation,nan
16,17,0.19707963267948966,-0.4500000000000002,0.6000000000000001,rolling,18.03000000000002,-0.21613275506497376,1.0927434941697338,30,30,0,1.103641595644694,0.04,0.2617993877991494,9.81,1,1,12,21,41,-3.0,3.0,0.01,30.0,60.0,1e-09,1e-12,6,0.0001,1,new simulation,nan
16,18,0.19707963267948966,-0.30000000000000027,0.6000000000000001,settled,0.5500000000000003,-0.22179938779914943,0.0,1,1,0,nan,0.04,0.2617993877991494,9.81,1,1,12,21,41,-3.0,3.0,0.01,30.0,60.0,1e-09,1e-12,6,0.0001,1,new simulation,nan
16,19,0.19707963267948966,-0.1499999999999999,0.6000000000000001,settled,0.4100000000000002,-0.22179938779914943,0.0,1,1,0,nan,0.04,0.2617993877991494,9.81,1,1,12,21,41,-3.0,3.0,0.01,30.0,60.0,1e-09,1e-12,6,0.0001,1,new simulation,nan
16,20,0.19707963267948966,0.0,0.6000000000000001,settled,0.3200000000000001,-0.22179938779914943,0.0,1,1,0,nan,0.04,0.2617993877991494,9.81,1,1,12,21,41,-3.0,3.0,0.01,30.0,60.0,1e-09,1e-12,6,0.0001,1,new simulation,nan
16,21,0.19707963267948966,0.1499999999999999,0.6000000000000001,settled,0.26000000000000006,-0.22179938779914943,0.0,1,1,0,nan,0.04,0.2617993877991494,9.81,1,1,12,21,41,-3.0,3.0,0.01,30.0,60.0,1e-09,1e-12,6,0.0001,1,new simulation,nan
16,22,0.19707963267948966,0.2999999999999998,0.6000000000000001,settled,0.21000000000000005,-0.22179938779914943,0.0,1,1,0,nan,0.04,0.2617993877991494,9.81,1,1,12,21,41,-3.0,3.0,0.01,30.0,60.0,1e-09,1e-12,6,0.0001,1,new simulation,nan
16,23,0.19707963267948966,0.44999999999999973,0.6000000000000001,rolling,17.429999999999925,-0.2214966451110642,1.1031468380195308,30,30,0,1.1036415957545225,0.04,0.2617993877991494,9.81,1,1,12,21,41,-3.0,3.0,0.01,30.0,60.0,1e-09,1e-12,6,0.0001,1,new simulation,nan
16,24,0.19707963267948966,0.5999999999999996,0.6000000000000001,rolling,16.29999999999975,-0.21527491120027098,1.091086144553629,29,29,0,1.103623841382198,0.04,0.2617993877991494,9.81,1,1,12,21,41,-3.0,3.0,0.01,30.0,60.0,1e-09,1e-12,6,0.0001,1,new simulation,nan
16,25,0.19707963267948966,0.75,0.6000000000000001,rolling,15.339999999999717,-0.22001686437568843,1.1002557783192934,28,28,0,1.1036281960099492,0.04,0.2617993877991494,9.81,1,1,12,21,41,-3.0,3.0,0.01,30.0,60.0,1e-09,1e-12,6,0.0001,1,new simulation,nan
16,26,0.19707963267948966,0.8999999999999999,0.6000000000000001,rolling,13.909999999999748,-0.22092029464664206,1.1020171029778951,26,26,0,1.1036309457632025,0.04,0.2617993877991494,9.81,1,1,12,21,41,-3.0,3.0,0.01,30.0,60.0,1e-09,1e-12,6,0.0001,1,new simulation,nan
16,27,0.19707963267948966,1.0499999999999998,0.6000000000000001,rolling,7.669999999999881,-0.2124984097299977,1.0857647903071495,15,15,0,1.1036019043626342,0.04,0.2617993877991494,9.81,1,1,12,21,41,-3.0,3.0,0.01,30.0,60.0,1e-09,1e-12,6,0.0001,1,new simulation,nan
16,28,0.19707963267948966,1.2000000000000002,0.6000000000000001,rolling,13.31999999999976,-0.22040684829966609,1.1011777076970946,26,26,0,1.1040029019355222,0.04,0.2617993877991494,9.81,1,1,12,21,41,-3.0,3.0,0.01,30.0,60.0,1e-09,1e-12,6,0.0001,1,new simulation,nan
16,29,0.19707963267948966,1.3499999999999996,0.6000000000000001,rolling,14.679999999999731,-0.2211632383107926,1.1026459943336844,29,29,0,1.1039881213255265,0.04,0.2617993877991494,9.81,1,1,12,21,41,-3.0,3.0,0.01,30.0,60.0,1e-09,1e-12,6,0.0001,1,new simulation,nan
16,30,0.19707963267948966,1.5,0.6000000000000001,rolling,14.979999999999725,-0.22065358881761624,1.1016676246657542,30,30,0,1.1040240782450135,0.04,0.2617993877991494,9.81,1,1,12,21,41,-3.0,3.0,0.01,30.0,60.0,1e-09,1e-12,6,0.0001,1,new simulation,nan
16,31,0.19707963267948966,1.6499999999999995,0.6000000000000001,rolling,15.839999999999707,-0.21500671806357718,1.0907278443322372,32,32,0,1.103981186090581,0.04,0.2617993877991494,9.81,1,1,12,21,41,-3.0,3.0,0.01,30.0,60.0,1e-09,1e-12,6,0.0001,1,new simulation,nan
16,32,0.19707963267948966,1.7999999999999998,0.6000000000000001,rolling,16.169999999999728,-0.2134289611860351,1.0877064297835444,33,33,0,1.1039798090318973,0.04,0.2617993877991494,9.81,1,1,12,21,41,-3.0,3.0,0.01,30.0,60.0,1e-09,1e-12,6,0.0001,1,new simulation,nan
16,33,0.19707963267948966,1.9500000000000002,0.6000000000000001,rolling,15.969999999999704,-0.21407860166764375,1.0889680658486878,33,33,0,1.1040241308244816,0.04,0.2617993877991494,9.81,1,1,12,21,41,-3.0,3.0,0.01,30.0,60.0,1e-09,1e-12,6,0.0001,1,new simulation,nan
16,34,0.19707963267948966,2.0999999999999996,0.6000000000000001,rolling,16.31999999999975,-0.21495325115867234,1.0906366316315241,34,34,0,1.1040071425046023,0.04,0.2617993877991494,9.81,1,1,12,21,41,-3.0,3.0,0.01,30.0,60.0,1e-09,1e-12,6,0.0001,1,new simulation,nan
16,35,0.19707963267948966,2.25,0.6000000000000001,rolling,16.679999999999808,-0.21512685604145707,1.0909611490353681,35,35,0,1.1039874202001825,0.04,0.2617993877991494,9.81,1,1,12,21,41,-3.0,3.0,0.01,30.0,60.0,1e-09,1e-12,6,0.0001,1,new simulation,nan
16,36,0.19707963267948966,2.3999999999999995,0.6000000000000001,rolling,16.50999999999978,-0.21386198994451994,1.0885510870061244,35,35,0,1.1040183334394078,0.04,0.2617993877991494,9.81,1,1,12,21,41,-3.0,3.0,0.01,30.0,60.0,1e-09,1e-12,6,0.0001,1,new simulation,nan
16,37,0.19707963267948966,2.55,0.6000000000000001,rolling,16.87999999999984,-0.22068610263992933,1.1017168911068664,36,36,0,1.1039915752352145,0.04,0.2617993877991494,9.81,1,1,12,21,41,-3.0,3.0,0.01,30.0,60.0,1e-09,1e-12,6,0.0001,1,new simulation,nan
16,38,0.19707963267948966,2.7,0.6000000000000001,rolling,16.729999999999816,-0.21351671429424895,1.0878907615838858,36,36,0,1.1040177527075434,0.04,0.2617993877991494,9.81,1,1,12,21,41,-3.0,3.0,0.01,30.0,60.0,1e-09,1e-12,6,0.0001,1,new simulation,nan
16,39,0.19707963267948966,2.8499999999999996,0.6000000000000001,rolling,17.119999999999877,-0.21306199641556361,1.0870090282720304,37,37,0,1.1039872130962163,0.04,0.2617993877991494,9.81,1,1,12,21,41,-3.0,3.0,0.01,30.0,60.0,1e-09,1e-12,6,0.0001,1,new simulation,nan
16,40,0.19707963267948966,3.0,0.6000000000000001,rolling,16.969999999999853,-0.21929384240046687,1.0990158926138547,37,37,0,1.1040090911019433,0.04,0.2617993877991494,9.81,1,1,12,21,41,-3.0,3.0,0.01,30.0,60.0,1e-09,1e-12,6,0.0001,1,new simulation,nan
17,0,0.2232595714594046,-3.0,0.7,rolling,20.490000000000403,-0.2169263230216713,1.0942698888454871,36,30,6,1.1036344856216234,0.04,0.2617993877991494,9.81,1,1,12,21,41,-3.0,3.0,0.01,30.0,60.0,1e-09,1e-12,6,0.0001,1,new simulation,nan
17,1,0.2232595714594046,-2.85,0.7,settled,2.99999999999998,-0.22179938779914943,0.0,7,1,6,nan,0.04,0.2617993877991494,9.81,1,1,12,21,41,-3.0,3.0,0.01,30.0,60.0,1e-09,1e-12,6,0.0001,1,new simulation,nan
17,2,0.2232595714594046,-2.7,0.7,settled,3.9499999999999598,-0.22179938779914943,0.0,7,1,6,nan,0.04,0.2617993877991494,9.81,1,1,12,21,41,-3.0,3.0,0.01,30.0,60.0,1e-09,1e-12,6,0.0001,1,new simulation,nan
17,3,0.2232595714594046,-2.55,0.7,rolling,20.02000000000033,-0.2180090304911632,1.0963651399412635,35,30,5,1.1036414487152795,0.04,0.2617993877991494,9.81,1,1,12,21,41,-3.0,3.0,0.01,30.0,60.0,1e-09,1e-12,6,0.0001,1,new simulation,nan
17,4,0.2232595714594046,-2.4,0.7,settled,2.7899999999999845,-0.22179938779914943,0.0,6,1,5,nan,0.04,0.2617993877991494,9.81,1,1,12,21,41,-3.0,3.0,0.01,30.0,60.0,1e-09,1e-12,6,0.0001,1,new simulation,nan
17,5,0.2232595714594046,-2.25,0.7,settled,3.749999999999964,-0.22179938779914943,0.0,6,1,5,nan,0.04,0.2617993877991494,9.81,1,1,12,21,41,-3.0,3.0,0.01,30.0,60.0,1e-09,1e-12,6,0.0001,1,new simulation,nan
17,6,0.2232595714594046,-2.1,0.7,rolling,19.930000000000316,-0.21527098243132087,1.0910846960708591,34,30,4,1.1036377643509363,0.04,0.2617993877991494,9.81,1,1,12,21,41,-3.0,3.0,0.01,30.0,60.0,1e-09,1e-12,6,0.0001,1,new simulation,nan
17,7,0.2232595714594046,-1.95,0.7,settled,2.5999999999999885,-0.22179938779914943,0.0,5,1,4,nan,0.04,0.2617993877991494,9.81,1,1,12,21,41,-3.0,3.0,0.01,30.0,60.0,1e-09,1e-12,6,0.0001,1,new simulation,nan
17,8,0.2232595714594046,-1.8,0.7,rolling,18.81000000000014,-0.21266793776028792,1.086093634508678,32,29,3,1.10361491839518,0.04,0.2617993877991494,9.81,1,1,12,21,41,-3.0,3.0,0.01,30.0,60.0,1e-09,1e-12,6,0.0001,1,new simulation,nan
17,9,0.2232595714594046,-1.6500000000000001,0.7,settled,2.2299999999999964,-0.22179938779914943,0.0,4,1,3,nan,0.04,0.2617993877991494,9.81,1,1,12,21,41,-3.0,3.0,0.01,30.0,60.0,1e-09,1e-12,6,0.0001,1,new simulation,nan
17,10,0.2232595714594046,-1.5,0.7,settled,2.5599999999999894,-0.22179938779914943,0.0,4,1,3,nan,0.04,0.2617993877991494,9.81,1,1,12,21,41,-3.0,3.0,0.01,30.0,60.0,1e-09,1e-12,6,0.0001,1,new simulation,nan
17,11,0.2232595714594046,-1.35,0.7,rolling,19.170000000000197,-0.22035217789115266,1.1009149887067373,32,30,2,1.1036430033568514,0.04,0.2617993877991494,9.81,1,1,12,21,41,-3.0,3.0,0.01,30.0,60.0,1e-09,1e-12,6,0.0001,1,new simulation,nan
17,12,0.2232595714594046,-1.2000000000000002,0.7,settled,1.9400000000000015,-0.22179938779914943,0.0,3,1,2,nan,0.04,0.2617993877991494,9.81,1,1,12,21,41,-3.0,3.0,0.01,30.0,60.0,1e-09,1e-12,6,0.0001,1,new simulation,nan
17,13,0.2232595714594046,-1.05,0.7,rolling,18.060000000000024,-0.21824653468827668,1.0968123893217816,30,29,1,1.1036126714055678,0.04,0.2617993877991494,9.81,1,1,12,21,41,-3.0,3.0,0.01,30.0,60.0,1e-09,1e-12,6,0.0001,1,new simulation,nan
17,14,0.2232595714594046,-0.8999999999999999,0.7,settled,1.420000000000001,-0.22179938779914943,0.0,2,1,1,nan,0.04,0.2617993877991494,9.81,1,1,12,21,41,-3.0,3.0,0.01,30.0,60.0,1e-09,1e-12,6,0.0001,1,new simulation,nan
17,15,0.2232595714594046,-0.75,0.7,settled,1.6100000000000012,-0.22179938779914943,0.0,2,1,1,nan,0.04,0.2617993877991494,9.81,1,1,12,21,41,-3.0,3.0,0.01,30.0,60.0,1e-09,1e-12,6,0.0001,1,new simulation,nan
17,16,0.2232595714594046,-0.6000000000000001,0.7,rolling,17.419999999999924,-0.2204296003271304,1.1010458949707984,29,29,0,1.1035971453343907,0.04,0.2617993877991494,9.81,1,1,12,21,41,-3.0,3.0,0.01,30.0,60.0,1e-09,1e-12,6,0.0001,1,new simulation,nan
17,17,0.2232595714594046,-0.4500000000000002,0.7,settled,0.6300000000000003,-0.22179938779914943,0.0,1,1,0,nan,0.04,0.2617993877991494,9.81,1,1,12,21,41,-3.0,3.0,0.01,30.0,60.0,1e-09,1e-12,6,0.0001,1,new simulation,nan
17,18,0.2232595714594046,-0.30000000000000027,0.7,settled,0.46000000000000024,-0.22179938779914943,0.0,1,1,0,nan,0.04,0.2617993877991494,9.81,1,1,12,21,41,-3.0,3.0,0.01,30.0,60.0,1e-09,1e-12,6,0.0001,1,new simulation,nan
17,19,0.2232595714594046,-0.1499999999999999,0.7,settled,0.35000000000000014,-0.22179938779914943,0.0,1,1,0,nan,0.04,0.2617993877991494,9.81,1,1,12,21,41,-3.0,3.0,0.01,30.0,60.0,1e-09,1e-12,6,0.0001,1,new simulation,nan
17,20,0.2232595714594046,0.0,0.7,settled,0.2700000000000001,-0.22179938779914943,0.0,1,1,0,nan,0.04,0.2617993877991494,9.81,1,1,12,21,41,-3.0,3.0,0.01,30.0,60.0,1e-09,1e-12,6,0.0001,1,new simulation,nan
17,21,0.2232595714594046,0.1499999999999999,0.7,settled,0.21000000000000005,-0.22179938779914943,0.0,1,1,0,nan,0.04,0.2617993877991494,9.81,1,1,12,21,41,-3.0,3.0,0.01,30.0,60.0,1e-09,1e-12,6,0.0001,1,new simulation,nan
17,22,0.2232595714594046,0.2999999999999998,0.7,settled,0.17,-0.22179938779914943,0.0,1,1,0,nan,0.04,0.2617993877991494,9.81,1,1,12,21,41,-3.0,3.0,0.01,30.0,60.0,1e-09,1e-12,6,0.0001,1,new simulation,nan
17,23,0.2232595714594046,0.44999999999999973,0.7,settled,0.12999999999999998,-0.22179938779914943,0.0,1,1,0,nan,0.04,0.2617993877991494,9.81,1,1,12,21,41,-3.0,3.0,0.01,30.0,60.0,1e-09,1e-12,6,0.0001,1,new simulation,nan
17,24,0.2232595714594046,0.5999999999999996,0.7,rolling,16.599999999999795,-0.2118889632998517,1.0846023957776842,29,29,0,1.1035971449396038,0.04,0.2617993877991494,9.81,1,1,12,21,41,-3.0,3.0,0.01,30.0,60.0,1e-09,1e-12,6,0.0001,1,new simulation,nan
17,25,0.2232595714594046,0.75,0.7,rolling,16.039999999999708,-0.2202906660033903,1.1007971881204366,29,29,0,1.1036475935760588,0.04,0.2617993877991494,9.81,1,1,12,21,41,-3.0,3.0,0.01,30.0,60.0,1e-09,1e-12,6,0.0001,1,new simulation,nan
17,26,0.2232595714594046,0.8999999999999999,0.7,rolling,14.559999999999734,-0.21822977089209433,1.0967869931907215,27,27,0,1.1036288929387317,0.04,0.2617993877991494,9.81,1,1,12,21,41,-3.0,3.0,0.01,30.0,60.0,1e-09,1e-12,6,0.0001,1,new simulation,nan
17,27,0.2232595714594046,1.0499999999999998,0.7,rolling,12.059999999999787,-0.2205252119887046,1.1012514195786056,23,23,0,1.103641485969667,0.04,0.2617993877991494,9.81,1,1,12,21,41,-3.0,3.0,0.01,30.0,60.0,1e-09,1e-12,6,0.0001,1,new simulation,nan
17,28,0.2232595714594046,1.2000000000000002,0.7,rolling,12.83999999999977,-0.22109447051217102,1.102509145059203,25,25,0,1.103982006113013,0.04,0.2617993877991494,9.81,1,1,12,21,41,-3.0,3.0,0.01,30.0,60.0,1e-09,1e-12,6,0.0001,1,new simulation,nan
17,29,0.2232595714594046,1.3499999999999996,0.7,rolling,14.189999999999742,-0.21903663260326228,1.0985174725347708,28,28,0,1.1040110570174049,0.04,0.2617993877991494,9.81,1,1,12,21,41,-3.0,3.0,0.01,30.0,60.0,1e-09,1e-12,6,0.0001,1,new simulation,nan
17,30,0.2232595714594046,1.5,0.7,rolling,15.019999999999724,-0.21923590145924102,1.0989012056234426,30,30,0,1.104004065560951,0.04,0.2617993877991494,9.81,1,1,12,21,41,-3.0,3.0,0.01,30.0,60.0,1e-09,1e-12,6,0.0001,1,new simulation,nan
17,31,0.2232595714594046,1.6499999999999995,0.7,rolling,15.329999999999718,-0.21733227268035615,1.095222911636591,31,31,0,1.1040223785920364,0.04,0.2617993877991494,9.81,1,1,12,21,41,-3.0,3.0,0.01,30.0,60.0,1e-09,1e-12,6,0.0001,1,new simulation,nan
17,32,0.2232595714594046,1.7999999999999998,0.7,rolling,15.64999999999971,-0.2209316110299991,1.1022097716046586,32,32,0,1.1040242952795596,0.04,0.2617993877991494,9.81,1,1,12,21,41,-3.0,3.0,0.01,30.0,60.0,1e-09,1e-12,6,0.0001,1,new simulation,nan
17,33,0.2232595714594046,1.9500000000000002,0.7,rolling,15.989999999999704,-0.21674141745992723,1.0940797573771497,33,33,0,1.1040156870823143,0.04,0.2617993877991494,9.81,1,1,12,21,41,-3.0,3.0,0.01,30.0,60.0,1e-09,1e-12,6,0.0001,1,new simulation,nan
17,34,0.2232595714594046,2.0999999999999996,0.7,rolling,16.339999999999755,-0.21397162274020395,1.0887531170572686,34,34,0,1.1040008101709031,0.04,0.2617993877991494,9.81,1,1,12,21,41,-3.0,3.0,0.01,30.0,60.0,1e-09,1e-12,6,0.0001,1,new simulation,nan
17,35,0.2232595714594046,2.25,0.7,rolling,16.69999999999981,-0.21118782135574266,1.083440141668882,35,35,0,1.1039826696052748,0.04,0.2617993877991494,9.81,1,1,12,21,41,-3.0,3.0,0.01,30.0,60.0,1e-09,1e-12,6,0.0001,1,new simulation,nan
17,36,0.2232595714594046,2.3999999999999995,0.7,rolling,16.519999999999783,-0.21837415455128203,1.097234237145938,35,35,0,1.1040135856129276,0.04,0.2617993877991494,9.81,1,1,12,21,41,-3.0,3.0,0.01,30.0,60.0,1e-09,1e-12,6,0.0001,1,new simulation,nan
17,37,0.2232595714594046,2.55,0.7,rolling,16.899999999999842,-0.21221621337381985,1.0853973166015334,36,36,0,1.1039880132668098,0.04,0.2617993877991494,9.81,1,1,12,21,41,-3.0,3.0,0.01,30.0,60.0,1e-09,1e-12,6,0.0001,1,new simulation,nan
17,38,0.2232595714594046,2.7,0.7,rolling,16.739999999999817,-0.21425100384811152,1.08929373300958,36,36,0,1.104014190683711,0.04,0.2617993877991494,9.81,1,1,12,21,41,-3.0,3.0,0.01,30.0,60.0,1e-09,1e-12,6,0.0001,1,new simulation,nan
17,39,0.2232595714594046,2.8499999999999996,0.7,rolling,17.129999999999878,-0.21233816437204056,1.0856279844678631,37,37,0,1.1039845413828888,0.04,0.2617993877991494,9.81,1,1,12,21,41,-3.0,3.0,0.01,30.0,60.0,1e-09,1e-12,6,0.0001,1,new simulation,nan
17,40,0.2232595714594046,3.0,0.7,rolling,16.979999999999855,-0.21730317229189489,1.0951597416840146,37,37,0,1.104006418090032,0.04,0.2617993877991494,9.81,1,1,12,21,41,-3.0,3.0,0.01,30.0,60.0,1e-09,1e-12,6,0.0001,1,new simulation,nan
18,0,0.24943951023931957,-3.0,0.8000000000000002,rolling,20.91000000000047,-0.21915016063703893,1.098572228470205,36,30,6,1.1036304855196735,0.04,0.2617993877991494,9.81,1,1,12,21,41,-3.0,3.0,0.01,30.0,60.0,1e-09,1e-12,6,0.0001,1,new simulation,nan
18,1,0.24943951023931957,-2.85,0.8000000000000002,settled,3.039999999999979,-0.22179938779914943,0.0,7,1,6,nan,0.04,0.2617993877991494,9.81,1,1,12,21,41,-3.0,3.0,0.01,30.0,60.0,1e-09,1e-12,6,0.0001,1,new simulation,nan
18,2,0.24943951023931957,-2.7,0.8000000000000002,rolling,19.490000000000247,-0.21096096608315143,1.0828513368676544,34,29,5,1.1036238532136042,0.04,0.2617993877991494,9.81,1,1,12,21,41,-3.0,3.0,0.01,30.0,60.0,1e-09,1e-12,6,0.0001,1,new simulation,nan
18,3,0.24943951023931957,-2.55,0.8000000000000002,rolling,20.230000000000363,-0.21567495752808824,1.0918602906265584,35,30,5,1.1036361169962334,0.04,0.2617993877991494,9.81,1,1,12,21,41,-3.0,3.0,0.01,30.0,60.0,1e-09,1e-12,6,0.0001,1,new simulation,nan
18,4,0.24943951023931957,-2.4,0.8000000000000002,settled,2.8399999999999834,-0.22179938779914943,0.0,6,1,5,nan,0.04,0.2617993877991494,9.81,1,1,12,21,41,-3.0,3.0,0.01,30.0,60.0,1e-09,1e-12,6,0.0001,1,new simulation,nan
18,5,0.24943951023931957,-2.25,0.8000000000000002,rolling,19.1900000000002,-0.21168551915302092,1.0842262329759143,33,29,4,1.1036214476050779,0.04,0.2617993877991494,9.81,1,1,12,21,41,-3.0,3.0,0.01,30.0,60.0,1e-09,1e-12,6,0.0001,1,new simulation,nan
18,6,0.24943951023931957,-2.1,0.8000000000000002,rolling,20.480000000000402,-0.2186860549542609,1.097671887854236,34,30,4,1.1036306548222863,0.04,0.2617993877991494,9.81,1,1,12,21,41,-3.0,3.0,0.01,30.0,60.0,1e-09,1e-12,6,0.0001,1,new simulation,nan
18,7,0.24943951023931957,-1.95,0.8000000000000002,settled,2.6999999999999864,-0.22179938779914943,0.0,5,1,4,nan,0.04,0.2617993877991494,9.81,1,1,12,21,41,-3.0,3.0,0.01,30.0,60.0,1e-09,1e-12,6,0.0001,1,new simulation,nan
18,8,0.24943951023931957,-1.8,0.8000000000000002,rolling,18.81000000000014,-0.21092515553087282,1.0827738856040454,32,29,3,1.1036022783623887,0.04,0.2617993877991494,9.81,1,1,12,21,41,-3.0,3.0,0.01,30.0,60.0,1e-09,1e-12,6,0.0001,1,new simulation,nan
18,9,0.24943951023931957,-1.6500000000000001,0.8000000000000002,settled,2.2699999999999956,-0.22179938779914943,0.0,4,1,3,nan,0.04,0.2617993877991494,9.81,1,1,12,21,41,-3.0,3.0,0.01,30.0,60.0,1e-09,1e-12,6,0.0001,1,new simulation,nan
18,10,0.24943951023931957,-1.5,0.8000000000000002,settled,3.5499999999999683,-0.22179938779914943,0.0,4,1,3,nan,0.04,0.2617993877991494,9.81,1,1,12,21,41,-3.0,3.0,0.01,30.0,60.0,1e-09,1e-12,6,0.0001,1,new simulation,nan
18,11,0.24943951023931957,-1.35,0.8000000000000002,rolling,19.940000000000317,-0.21210013018099005,1.08501882632007,32,30,2,1.1036303625900985,0.04,0.2617993877991494,9.81,1,1,12,21,41,-3.0,3.0,0.01,30.0,60.0,1e-09,1e-12,6,0.0001,1,new simulation,nan
18,12,0.24943951023931957,-1.2000000000000002,0.8000000000000002,settled,2.109999999999999,-0.22179938779914943,0.0,3,1,2,nan,0.04,0.2617993877991494,9.81,1,1,12,21,41,-3.0,3.0,0.01,30.0,60.0,1e-09,1e-12,6,0.0001,1,new simulation,nan
18,13,0.24943951023931957,-1.05,0.8000000000000002,rolling,18.710000000000125,-0.21335097571555448,1.0874106573447744,31,30,1,1.103645792407651,0.04,0.2617993877991494,9.81,1,1,12,21,41,-3.0,3.0,0.01,30.0,60.0,1e-09,1e-12,6,0.0001,1,new simulation,nan
18,14,0.24943951023931957,-0.8999999999999999,0.8000000000000002,settled,1.460000000000001,-0.22179938779914943,0.0,2,1,1,nan,0.04,0.2617993877991494,9.81,1,1,12,21,41,-3.0,3.0,0.01,30.0,60.0,1e-09,1e-12,6,0.0001,1,new simulation,nan
18,15,0.24943951023931957,-0.75,0.8000000000000002,rolling,17.549999999999944,-0.22014337416676144,1.100497407661322,29,29,0,1.1036176315876995,0.04,0.2617993877991494,9.81,1,1,12,21,41,-3.0,3.0,0.01,30.0,60.0,1e-09,1e-12,6,0.0001,1,new simulation,nan
18,16,0.24943951023931957,-0.6000000000000001,0.8000000000000002,settled,0.7300000000000004,-0.22179938779914943,0.0,1,1,0,nan,0.04,0.2617993877991494,9.81,1,1,12,21,41,-3.0,3.0,0.01,30.0,60.0,1e-09,1e-12,6,0.0001,1,new simulation,nan
18,17,0.24943951023931957,-0.4500000000000002,0.8000000000000002,settled,0.5200000000000002,-0.22179938779914943,0.0,1,1,0,nan,0.04,0.2617993877991494,9.81,1,1,12,21,41,-3.0,3.0,0.01,30.0,60.0,1e-09,1e-12,6,0.0001,1,new simulation,nan
18,18,0.24943951023931957,-0.30000000000000027,0.8000000000000002,settled,0.38000000000000017,-0.22179938779914943,0.0,1,1,0,nan,0.04,0.2617993877991494,9.81,1,1,12,21,41,-3.0,3.0,0.01,30.0,60.0,1e-09,1e-12,6,0.0001,1,new simulation,nan
18,19,0.24943951023931957,-0.1499999999999999,0.8000000000000002,settled,0.2800000000000001,-0.22179938779914943,0.0,1,1,0,nan,0.04,0.2617993877991494,9.81,1,1,12,21,41,-3.0,3.0,0.01,30.0,60.0,1e-09,1e-12,6,0.0001,1,new simulation,nan
18,20,0.24943951023931957,0.0,0.8000000000000002,settled,0.21000000000000005,-0.22179938779914943,0.0,1,1,0,nan,0.04,0.2617993877991494,9.81,1,1,12,21,41,-3.0,3.0,0.01,30.0,60.0,1e-09,1e-12,6,0.0001,1,new simulation,nan
18,21,0.24943951023931957,0.1499999999999999,0.8000000000000002,settled,0.16,-0.22179938779914943,0.0,1,1,0,nan,0.04,0.2617993877991494,9.81,1,1,12,21,41,-3.0,3.0,0.01,30.0,60.0,1e-09,1e-12,6,0.0001,1,new simulation,nan
18,22,0.24943951023931957,0.2999999999999998,0.8000000000000002,settled,0.11999999999999998,-0.22179938779914943,0.0,1,1,0,nan,0.04,0.2617993877991494,9.81,1,1,12,21,41,-3.0,3.0,0.01,30.0,60.0,1e-09,1e-12,6,0.0001,1,new simulation,nan
18,23,0.24943951023931957,0.44999999999999973,0.8000000000000002,settled,0.09999999999999999,-0.22179938779914943,0.0,1,1,0,nan,0.04,0.2617993877991494,9.81,1,1,12,21,41,-3.0,3.0,0.01,30.0,60.0,1e-09,1e-12,6,0.0001,1,new simulation,nan
18,24,0.24943951023931957,0.5999999999999996,0.8000000000000002,settled,0.08,-0.22179938779914943,0.0,1,1,0,nan,0.04,0.2617993877991494,9.81,1,1,12,21,41,-3.0,3.0,0.01,30.0,60.0,1e-09,1e-12,6,0.0001,1,new simulation,nan
18,25,0.24943951023931957,0.75,0.8000000000000002,rolling,16.289999999999747,-0.21348753059191403,1.0876591773606876,29,29,0,1.1036176314649062,0.04,0.2617993877991494,9.81,1,1,12,21,41,-3.0,3.0,0.01,30.0,60.0,1e-09,1e-12,6,0.0001,1,new simulation,nan
18,26,0.24943951023931957,0.8999999999999999,0.8000000000000002,rolling,15.24999999999972,-0.2132914022433637,1.0872920690917092,28,28,0,1.103634862696148,0.04,0.2617993877991494,9.81,1,1,12,21,41,-3.0,3.0,0.01,30.0,60.0,1e-09,1e-12,6,0.0001,1,new simulation,nan
18,27,0.24943951023931957,1.0499999999999998,0.8000000000000002,rolling,13.249999999999762,-0.2111529552467511,1.083214674116074,25,25,0,1.1036216403090633,0.04,0.2617993877991494,9.81,1,1,12,21,41,-3.0,3.0,0.01,30.0,60.0,1e-09,1e-12,6,0.0001,1,new simulation,nan
18,28,0.24943951023931957,1.2000000000000002,0.8000000000000002,rolling,11.299999999999804,-0.21772247478358792,1.0959627390587192,22,22,0,1.103989815112795,0.04,0.2617993877991494,9.81,1,1,12,21,41,-3.0,3.0,0.01,30.0,60.0,1e-09,1e-12,6,0.0001,1,new simulation,nan
18,29,0.24943951023931957,1.3499999999999996,0.8000000000000002,rolling,13.709999999999752,-0.21891355991916162,1.0982843201996213,27,27,0,1.1040239732120816,0.04,0.2617993877991494,9.81,1,1,12,21,41,-3.0,3.0,0.01,30.0,60.0,1e-09,1e-12,6,0.0001,1,new simulation,nan
18,30,0.24943951023931957,1.5,0.8000000000000002,rolling,15.069999999999723,-0.21698941248795933,1.0945432240424557,30,30,0,1.103981602103098,0.04,0.2617993877991494,9.81,1,1,12,21,41,-3.0,3.0,0.01,30.0,60.0,1e-09,1e-12,6,0.0001,1,new simulation,nan
18,31,0.24943951023931957,1.6499999999999995,0.8000000000000002,rolling,15.369999999999717,-0.21661435901126713,1.0938303664707092,31,31,0,1.1040055325612508,0.04,0.2617993877991494,9.81,1,1,12,21,41,-3.0,3.0,0.01,30.0,60.0,1e-09,1e-12,6,0.0001,1,new simulation,nan
18,32,0.24943951023931957,1.7999999999999998,0.8000000000000002,rolling,15.68999999999971,-0.2130431285798891,1.0869837764010963,32,32,0,1.104011660555004,0.04,0.2617993877991494,9.81,1,1,12,21,41,-3.0,3.0,0.01,30.0,60.0,1e-09,1e-12,6,0.0001,1,new simulation,nan
18,33,0.24943951023931957,1.9500000000000002,0.8000000000000002,rolling,16.019999999999705,-0.21420487502651026,1.0892019096000518,33,33,0,1.1040062105935116,0.04,0.2617993877991494,9.81,1,1,12,21,41,-3.0,3.0,0.01,30.0,60.0,1e-09,1e-12,6,0.0001,1,new simulation,nan
18,34,0.24943951023931957,2.0999999999999996,0.8000000000000002,rolling,16.359999999999758,-0.21790177757547513,1.0963111974742856,34,34,0,1.1039937011221201,0.04,0.2617993877991494,9.81,1,1,12,21,41,-3.0,3.0,0.01,30.0,60.0,1e-09,1e-12,6,0.0001,1,new simulation,nan
18,35,0.24943951023931957,2.25,0.8000000000000002,rolling,16.719999999999814,-0.2115024565891743,1.0840352474721586,35,35,0,1.103977340717252,0.04,0.2617993877991494,9.81,1,1,12,21,41,-3.0,3.0,0.01,30.0,60.0,1e-09,1e-12,6,0.0001,1,new simulation,nan
18,36,0.24943951023931957,2.3999999999999995,0.8000000000000002,rolling,16.539999999999786,-0.21571391744688148,1.0920980920871615,35,35,0,1.1040082538676907,0.04,0.2617993877991494,9.81,1,1,12,21,41,-3.0,3.0,0.01,30.0,60.0,1e-09,1e-12,6,0.0001,1,new simulation,nan
18,37,0.24943951023931957,2.55,0.8000000000000002,rolling,16.909999999999844,-0.21800659654034038,1.0965097691954648,36,36,0,1.1039840157748282,0.04,0.2617993877991494,9.81,1,1,12,21,41,-3.0,3.0,0.01,30.0,60.0,1e-09,1e-12,6,0.0001,1,new simulation,nan
18,38,0.24943951023931957,2.7,0.8000000000000002,rolling,16.74999999999982,-0.21797201432151678,1.0964542703843245,36,36,0,1.1040101934895334,0.04,0.2617993877991494,9.81,1,1,12,21,41,-3.0,3.0,0.01,30.0,60.0,1e-09,1e-12,6,0.0001,1,new simulation,nan
18,39,0.24943951023931957,2.8499999999999996,0.8000000000000002,rolling,17.13999999999988,-0.2142866506438055,1.0893476648817846,37,37,0,1.1039815427556696,0.04,0.2617993877991494,9.81,1,1,12,21,41,-3.0,3.0,0.01,30.0,60.0,1e-09,1e-12,6,0.0001,1,new simulation,nan
18,40,0.24943951023931957,3.0,0.8000000000000002,rolling,16.989999999999856,-0.21775396259603014,1.0960295564777685,37,37,0,1.1040034203149307,0.04,0.2617993877991494,9.81,1,1,12,21,41,-3.0,3.0,0.01,30.0,60.0,1e-09,1e-12,6,0.0001,1,new simulation,nan
19,0,0.2756194490192345,-3.0,0.9000000000000001,settled,2.9299999999999815,-0.22179938779914943,0.0,7,1,6,nan,0.04,0.2617993877991494,9.81,1,1,12,21,41,-3.0,3.0,0.01,30.0,60.0,1e-09,1e-12,6,0.0001,1,new simulation,nan
19,1,0.2756194490192345,-2.85,0.9000000000000001,settled,3.1099999999999777,-0.22179938779914943,0.0,7,1,6,nan,0.04,0.2617993877991494,9.81,1,1,12,21,41,-3.0,3.0,0.01,30.0,60.0,1e-09,1e-12,6,0.0001,1,new simulation,nan
19,2,0.2756194490192345,-2.7,0.9000000000000001,rolling,19.300000000000217,-0.21096825907995592,1.0828616950886822,34,29,5,1.1036159724237187,0.04,0.2617993877991494,9.81,1,1,12,21,41,-3.0,3.0,0.01,30.0,60.0,1e-09,1e-12,6,0.0001,1,new simulation,nan
19,3,0.2756194490192345,-2.55,0.9000000000000001,rolling,20.800000000000452,-0.2169503020265536,1.0943142869948257,35,30,5,1.1036302051317775,0.04,0.2617993877991494,9.81,1,1,12,21,41,-3.0,3.0,0.01,30.0,60.0,1e-09,1e-12,6,0.0001,1,new simulation,nan
19,4,0.2756194490192345,-2.4,0.9000000000000001,settled,2.909999999999982,-0.22179938779914943,0.0,6,1,5,nan,0.04,0.2617993877991494,9.81,1,1,12,21,41,-3.0,3.0,0.01,30.0,60.0,1e-09,1e-12,6,0.0001,1,new simulation,nan
19,5,0.2756194490192345,-2.25,0.9000000000000001,rolling,19.06000000000018,-0.2146448724345552,1.089871490482159,33,29,4,1.1036109408868642,0.04,0.2617993877991494,9.81,1,1,12,21,41,-3.0,3.0,0.01,30.0,60.0,1e-09,1e-12,6,0.0001,1,new simulation,nan
19,6,0.2756194490192345,-2.1,0.9000000000000001,settled,2.52999999999999,-0.22179938779914943,0.0,5,1,4,nan,0.04,0.2617993877991494,9.81,1,1,12,21,41,-3.0,3.0,0.01,30.0,60.0,1e-09,1e-12,6,0.0001,1,new simulation,nan
19,7,0.2756194490192345,-1.95,0.9000000000000001,settled,2.869999999999983,-0.22179938779914943,0.0,5,1,4,nan,0.04,0.2617993877991494,9.81,1,1,12,21,41,-3.0,3.0,0.01,30.0,60.0,1e-09,1e-12,6,0.0001,1,new simulation,nan
19,8,0.2756194490192345,-1.8,0.9000000000000001,rolling,19.50000000000025,-0.21887595074069335,1.09804612722241,33,30,3,1.103644344990473,0.04,0.2617993877991494,9.81,1,1,12,21,41,-3.0,3.0,0.01,30.0,60.0,1e-09,1e-12,6,0.0001,1,new simulation,nan
19,9,0.2756194490192345,-1.6500000000000001,0.9000000000000001,settled,2.339999999999994,-0.22179938779914943,0.0,4,1,3,nan,0.04,0.2617993877991494,9.81,1,1,12,21,41,-3.0,3.0,0.01,30.0,60.0,1e-09,1e-12,6,0.0001,1,new simulation,nan
19,10,0.2756194490192345,-1.5,0.9000000000000001,rolling,18.500000000000092,-0.21828432136004408,1.0968847759267082,31,29,2,1.1036108527666906,0.04,0.2617993877991494,9.81,1,1,12,21,41,-3.0,3.0,0.01,30.0,60.0,1e-09,1e-12,6,0.0001,1,new simulation,nan
19,11,0.2756194490192345,-1.35,0.9000000000000001,settled,1.9300000000000015,-0.22179938779914943,0.0,3,1,2,nan,0.04,0.2617993877991494,9.81,1,1,12,21,41,-3.0,3.0,0.01,30.0,60.0,1e-09,1e-12,6,0.0001,1,new simulation,nan
19,12,0.2756194490192345,-1.2000000000000002,0.9000000000000001,rolling,19.090000000000185,-0.220536833563449,1.1012683674330723,30,29,1,1.103628353320201,0.04,0.2617993877991494,9.81,1,1,12,21,41,-3.0,3.0,0.01,30.0,60.0,1e-09,1e-12,6,0.0001,1,new simulation,nan
19,13,0.2756194490192345,-1.05,0.9000000000000001,settled,1.480000000000001,-0.22179938779914943,0.0,2,1,1,nan,0.04,0.2617993877991494,9.81,1,1,12,21,41,-3.0,3.0,0.01,30.0,60.0,1e-09,1e-12,6,0.0001,1,new simulation,nan
19,14,0.2756194490192345,-0.8999999999999999,0.9000000000000001,settled,1.6900000000000013,-0.22179938779914943,0.0,2,1,1,nan,0.04,0.2617993877991494,9.81,1,1,12,21,41,-3.0,3.0,0.01,30.0,60.0,1e-09,1e-12,6,0.0001,1,new simulation,nan
19,15,0.2756194490192345,-0.75,0.9000000000000001,rolling,18.17000000000004,-0.2113340818450272,1.0835673018552887,30,30,0,1.1036414589556205,0.04,0.2617993877991494,9.81,1,1,12,21,41,-3.0,3.0,0.01,30.0,60.0,1e-09,1e-12,6,0.0001,1,new simulation,nan
19,16,0.2756194490192345,-0.6000000000000001,0.9000000000000001,settled,0.6000000000000003,-0.22179938779914943,0.0,1,1,0,nan,0.04,0.2617993877991494,9.81,1,1,12,21,41,-3.0,3.0,0.01,30.0,60.0,1e-09,1e-12,6,0.0001,1,new simulation,nan
19,17,0.2756194490192345,-0.4500000000000002,0.9000000000000001,settled,0.4300000000000002,-0.22179938779914943,0.0,1,1,0,nan,0.04,0.2617993877991494,9.81,1,1,12,21,41,-3.0,3.0,0.01,30.0,60.0,1e-09,1e-12,6,0.0001,1,new simulation,nan
19,18,0.2756194490192345,-0.30000000000000027,0.9000000000000001,settled,0.3100000000000001,-0.22179938779914943,0.0,1,1,0,nan,0.04,0.2617993877991494,9.81,1,1,12,21,41,-3.0,3.0,0.01,30.0,60.0,1e-09,1e-12,6,0.0001,1,new simulation,nan
19,19,0.2756194490192345,-0.1499999999999999,0.9000000000000001,settled,0.21000000000000005,-0.22179938779914943,0.0,1,1,0,nan,0.04,0.2617993877991494,9.81,1,1,12,21,41,-3.0,3.0,0.01,30.0,60.0,1e-09,1e-12,6,0.0001,1,new simulation,nan
19,20,0.2756194490192345,0.0,0.9000000000000001,settled,0.13999999999999999,-0.22179938779914943,0.0,1,1,0,nan,0.04,0.2617993877991494,9.81,1,1,12,21,41,-3.0,3.0,0.01,30.0,60.0,1e-09,1e-12,6,0.0001,1,new simulation,nan
19,21,0.2756194490192345,0.1499999999999999,0.9000000000000001,settled,0.09999999999999999,-0.22179938779914943,0.0,1,1,0,nan,0.04,0.2617993877991494,9.81,1,1,12,21,41,-3.0,3.0,0.01,30.0,60.0,1e-09,1e-12,6,0.0001,1,new simulation,nan
19,22,0.2756194490192345,0.2999999999999998,0.9000000000000001,settled,0.07,-0.22179938779914943,0.0,1,1,0,nan,0.04,0.2617993877991494,9.81,1,1,12,21,41,-3.0,3.0,0.01,30.0,60.0,1e-09,1e-12,6,0.0001,1,new simulation,nan
19,23,0.2756194490192345,0.44999999999999973,0.9000000000000001,settled,0.060000000000000005,-0.22179938779914943,0.0,1,1,0,nan,0.04,0.2617993877991494,9.81,1,1,12,21,41,-3.0,3.0,0.01,30.0,60.0,1e-09,1e-12,6,0.0001,1,new simulation,nan
19,24,0.2756194490192345,0.5999999999999996,0.9000000000000001,settled,0.04,-0.22179938779914943,0.0,1,1,0,nan,0.04,0.2617993877991494,9.81,1,1,12,21,41,-3.0,3.0,0.01,30.0,60.0,1e-09,1e-12,6,0.0001,1,new simulation,nan
19,25,0.2756194490192345,0.75,0.9000000000000001,rolling,17.309999999999906,-0.21246457254043719,1.085717726495048,30,30,0,1.103641460034642,0.04,0.2617993877991494,9.81,1,1,12,21,41,-3.0,3.0,0.01,30.0,60.0,1e-09,1e-12,6,0.0001,1,new simulation,nan
19,26,0.2756194490192345,0.8999999999999999,0.9000000000000001,rolling,15.989999999999704,-0.21854610490447796,1.097407310659272,29,29,0,1.1036460807680262,0.04,0.2617993877991494,9.81,1,1,12,21,41,-3.0,3.0,0.01,30.0,60.0,1e-09,1e-12,6,0.0001,1,new simulation,nan
19,27,0.2756194490192345,1.0499999999999998,0.9000000000000001,rolling,14.459999999999736,-0.21327122691795475,1.0872584928757643,27,27,0,1.1036461345599071,0.04,0.2617993877991494,9.81,1,1,12,21,41,-3.0,3.0,0.01,30.0,60.0,1e-09,1e-12,6,0.0001,1,new simulation,nan
19,28,0.2756194490192345,1.2000000000000002,0.9000000000000001,rolling,9.779999999999836,-0.2132996244694052,1.0873114155164096,19,19,0,1.103643152642445,0.04,0.2617993877991494,9.81,1,1,12,21,41,-3.0,3.0,0.01,30.0,60.0,1e-09,1e-12,6,0.0001,1,new simulation,nan
19,29,0.2756194490192345,1.3499999999999996,0.9000000000000001,rolling,13.249999999999762,-0.21196104459967452,1.0849239598997493,26,26,0,1.104015752593227,0.04,0.2617993877991494,9.81,1,1,12,21,41,-3.0,3.0,0.01,30.0,60.0,1e-09,1e-12,6,0.0001,1,new simulation,nan
19,30,0.2756194490192345,1.5,0.9000000000000001,rolling,14.589999999999733,-0.2154656717741888,1.0916194224650566,29,29,0,1.1040047497404517,0.04,0.2617993877991494,9.81,1,1,12,21,41,-3.0,3.0,0.01,30.0,60.0,1e-09,1e-12,6,0.0001,1,new simulation,nan
19,31,0.2756194490192345,1.6499999999999995,0.9000000000000001,rolling,15.419999999999716,-0.21396184680495048,1.0887282866326387,31,31,0,1.1039868592761286,0.04,0.2617993877991494,9.81,1,1,12,21,41,-3.0,3.0,0.01,30.0,60.0,1e-09,1e-12,6,0.0001,1,new simulation,nan
19,32,0.2756194490192345,1.7999999999999998,0.9000000000000001,rolling,15.729999999999709,-0.2124978545175145,1.0859379353795549,32,32,0,1.1039976563018152,0.04,0.2617993877991494,9.81,1,1,12,21,41,-3.0,3.0,0.01,30.0,60.0,1e-09,1e-12,6,0.0001,1,new simulation,nan
19,33,0.2756194490192345,1.9500000000000002,0.9000000000000001,rolling,16.04999999999971,-0.21778094694596514,1.0960783722000302,33,33,0,1.1039957072147901,0.04,0.2617993877991494,9.81,1,1,12,21,41,-3.0,3.0,0.01,30.0,60.0,1e-09,1e-12,6,0.0001,1,new simulation,nan
19,34,0.2756194490192345,2.0999999999999996,0.9000000000000001,rolling,16.389999999999763,-0.21610171611659565,1.0928343081363219,34,34,0,1.1039858250680032,0.04,0.2617993877991494,9.81,1,1,12,21,41,-3.0,3.0,0.01,30.0,60.0,1e-09,1e-12,6,0.0001,1,new simulation,nan
19,35,0.2756194490192345,2.25,0.9000000000000001,rolling,16.199999999999733,-0.2165604930859653,1.0937347841533778,34,34,0,1.1040243834706287,0.04,0.2617993877991494,9.81,1,1,12,21,41,-3.0,3.0,0.01,30.0,60.0,1e-09,1e-12,6,0.0001,1,new simulation,nan
19,36,0.2756194490192345,2.3999999999999995,0.9000000000000001,rolling,16.55999999999979,-0.21697765416864212,1.0945295953394716,35,35,0,1.1040023451264462,0.04,0.2617993877991494,9.81,1,1,12,21,41,-3.0,3.0,0.01,30.0,60.0,1e-09,1e-12,6,0.0001,1,new simulation,nan
19,37,0.2756194490192345,2.55,0.9000000000000001,rolling,16.929999999999847,-0.2163337346843371,1.093278315414438,36,36,0,1.1039795850686676,0.04,0.2617993877991494,9.81,1,1,12,21,41,-3.0,3.0,0.01,30.0,60.0,1e-09,1e-12,6,0.0001,1,new simulation,nan
19,38,0.2756194490192345,2.7,0.9000000000000001,rolling,16.769999999999822,-0.2138438768599828,1.0885109235945494,36,36,0,1.1040057622392179,0.04,0.2617993877991494,9.81,1,1,12,21,41,-3.0,3.0,0.01,30.0,60.0,1e-09,1e-12,6,0.0001,1,new simulation,nan
19,39,0.2756194490192345,2.8499999999999996,0.9000000000000001,rolling,17.14999999999988,-0.2190093543611795,1.098450251410924,37,37,0,1.1039782199327497,0.04,0.2617993877991494,9.81,1,1,12,21,41,-3.0,3.0,0.01,30.0,60.0,1e-09,1e-12,6,0.0001,1,new simulation,nan
19,40,0.2756194490192345,3.0,0.9000000000000001,rolling,16.999999999999858,-0.22071106237134458,1.1017692403729513,37,37,0,1.1040000964336993,0.04,0.2617993877991494,9.81,1,1,12,21,41,-3.0,3.0,0.01,30.0,60.0,1e-09,1e-12,6,0.0001,1,new simulation,nan
20,0,0.3017993877991494,-3.0,1.0,settled,2.949999999999981,-0.22179938779914943,0.0,7,1,6,nan,0.04,0.2617993877991494,9.81,1,1,12,21,41,-3.0,3.0,0.01,30.0,60.0,1e-09,1e-12,6,0.0001,1,new simulation,nan
20,1,0.3017993877991494,-2.85,1.0,settled,3.189999999999976,-0.22179938779914943,0.0,7,1,6,nan,0.04,0.2617993877991494,9.81,1,1,12,21,41,-3.0,3.0,0.01,30.0,60.0,1e-09,1e-12,6,0.0001,1,new simulation,nan
20,2,0.3017993877991494,-2.7,1.0,rolling,19.270000000000213,-0.21594072366199835,1.0923588950352747,34,29,5,1.103607326631951,0.04,0.2617993877991494,9.81,1,1,12,21,41,-3.0,3.0,0.01,30.0,60.0,1e-09,1e-12,6,0.0001,1,new simulation,nan
20,3,0.3017993877991494,-2.55,1.0,settled,2.759999999999985,-0.22179938779914943,0.0,6,1,5,nan,0.04,0.2617993877991494,9.81,1,1,12,21,41,-3.0,3.0,0.01,30.0,60.0,1e-09,1e-12,6,0.0001,1,new simulation,nan
20,4,0.3017993877991494,-2.4,1.0,settled,3.0199999999999796,-0.22179938779914943,0.0,6,1,5,nan,0.04,0.2617993877991494,9.81,1,1,12,21,41,-3.0,3.0,0.01,30.0,60.0,1e-09,1e-12,6,0.0001,1,new simulation,nan
20,5,0.3017993877991494,-2.25,1.0,rolling,19.100000000000186,-0.2162451777396181,1.0929415246176881,33,29,4,1.1035994117440242,0.04,0.2617993877991494,9.81,1,1,12,21,41,-3.0,3.0,0.01,30.0,60.0,1e-09,1e-12,6,0.0001,1,new simulation,nan
20,6,0.3017993877991494,-2.1,1.0,settled,2.569999999999989,-0.22179938779914943,0.0,5,1,4,nan,0.04,0.2617993877991494,9.81,1,1,12,21,41,-3.0,3.0,0.01,30.0,60.0,1e-09,1e-12,6,0.0001,1,new simulation,nan
20,7,0.3017993877991494,-1.95,1.0,settled,3.419999999999971,-0.22179938779914943,0.0,5,1,4,nan,0.04,0.2617993877991494,9.81,1,1,12,21,41,-3.0,3.0,0.01,30.0,60.0,1e-09,1e-12,6,0.0001,1,new simulation,nan
20,8,0.3017993877991494,-1.8,1.0,rolling,19.990000000000325,-0.2141972098927395,1.089023360310575,33,30,3,1.103632816861088,0.04,0.2617993877991494,9.81,1,1,12,21,41,-3.0,3.0,0.01,30.0,60.0,1e-09,1e-12,6,0.0001,1,new simulation,nan
20,9,0.3017993877991494,-1.6500000000000001,1.0,settled,2.479999999999991,-0.22179938779914943,0.0,4,1,3,nan,0.04,0.2617993877991494,9.81,1,1,12,21,41,-3.0,3.0,0.01,30.0,60.0,1e-09,1e-12,6,0.0001,1,new simulation,nan
20,10,0.3017993877991494,-1.5,1.0,rolling,19.170000000000197,-0.21523948459456588,1.0910277729142466,32,30,2,1.1036459125232811,0.04,0.2617993877991494,9.81,1,1,12,21,41,-3.0,3.0,0.01,30.0,60.0,1e-09,1e-12,6,0.0001,1,new simulation,nan
20,11,0.3017993877991494,-1.35,1.0,settled,2.020000000000001,-0.22179938779914943,0.0,3,1,2,nan,0.04,0.2617993877991494,9.81,1,1,12,21,41,-3.0,3.0,0.01,30.0,60.0,1e-09,1e-12,6,0.0001,1,new simulation,nan
20,12,0.3017993877991494,-1.2000000000000002,1.0,rolling,18.120000000000033,-0.2196002382299315,1.0994337106884515,30,29,1,1.1036010273352372,0.04,0.2617993877991494,9.81,1,1,12,21,41,-3.0,3.0,0.01,30.0,60.0,1e-09,1e-12,6,0.0001,1,new simulation,nan
20,13,0.3017993877991494,-1.05,1.0,settled,1.500000000000001,-0.22179938779914943,0.0,2,1,1,nan,0.04,0.2617993877991494,9.81,1,1,12,21,41,-3.0,3.0,0.01,30.0,60.0,1e-09,1e-12,6,0.0001,1,new simulation,nan
20,14,0.3017993877991494,-0.8999999999999999,1.0,rolling,17.52999999999994,-0.21571448430757056,1.0919247106100425,29,29,0,1.1036096480572828,0.04,0.2617993877991494,9.81,1,1,12,21,41,-3.0,3.0,0.01,30.0,60.0,1e-09,1e-12,6,0.0001,1,new simulation,nan
20,15,0.3017993877991494,-0.75,1.0,settled,0.7000000000000004,-0.22179938779914943,0.0,1,1,0,nan,0.04,0.2617993877991494,9.81,1,1,12,21,41,-3.0,3.0,0.01,30.0,60.0,1e-09,1e-12,6,0.0001,1,new simulation,nan
20,16,0.3017993877991494,-0.6000000000000001,1.0,settled,0.49000000000000027,-0.22179938779914943,0.0,1,1,0,nan,0.04,0.2617993877991494,9.81,1,1,12,21,41,-3.0,3.0,0.01,30.0,60.0,1e-09,1e-12,6,0.0001,1,new simulation,nan
20,17,0.3017993877991494,-0.4500000000000002,1.0,settled,0.34000000000000014,-0.22179938779914943,0.0,1,1,0,nan,0.04,0.2617993877991494,9.81,1,1,12,21,41,-3.0,3.0,0.01,30.0,60.0,1e-09,1e-12,6,0.0001,1,new simulation,nan
20,18,0.3017993877991494,-0.30000000000000027,1.0,settled,0.22000000000000006,-0.22179938779914943,0.0,1,1,0,nan,0.04,0.2617993877991494,9.81,1,1,12,21,41,-3.0,3.0,0.01,30.0,60.0,1e-09,1e-12,6,0.0001,1,new simulation,nan
20,19,0.3017993877991494,-0.1499999999999999,1.0,settled,0.10999999999999999,-0.22179938779914943,0.0,1,1,0,nan,0.04,0.2617993877991494,9.81,1,1,12,21,41,-3.0,3.0,0.01,30.0,60.0,1e-09,1e-12,6,0.0001,1,new simulation,nan
20,20,0.3017993877991494,0.0,1.0,settled,0.01,-0.22179938779914943,0.0,1,1,0,nan,0.04,0.2617993877991494,9.81,1,1,12,21,41,-3.0,3.0,0.01,30.0,60.0,1e-09,1e-12,6,0.0001,1,new simulation,nan
20,21,0.3017993877991494,0.1499999999999999,1.0,settled,0.01,-0.22179938779914943,0.0,1,1,0,nan,0.04,0.2617993877991494,9.81,1,1,12,21,41,-3.0,3.0,0.01,30.0,60.0,1e-09,1e-12,6,0.0001,1,new simulation,nan
20,22,0.3017993877991494,0.2999999999999998,1.0,settled,0.01,-0.22179938779914943,0.0,1,1,0,nan,0.04,0.2617993877991494,9.81,1,1,12,21,41,-3.0,3.0,0.01,30.0,60.0,1e-09,1e-12,6,0.0001,1,new simulation,nan
20,23,0.3017993877991494,0.44999999999999973,1.0,settled,0.01,-0.22179938779914943,0.0,1,1,0,nan,0.04,0.2617993877991494,9.81,1,1,12,21,41,-3.0,3.0,0.01,30.0,60.0,1e-09,1e-12,6,0.0001,1,new simulation,nan
20,24,0.3017993877991494,0.5999999999999996,1.0,settled,0.01,-0.22179938779914943,0.0,1,1,0,nan,0.04,0.2617993877991494,9.81,1,1,12,21,41,-3.0,3.0,0.01,30.0,60.0,1e-09,1e-12,6,0.0001,1,new simulation,nan
20,25,0.3017993877991494,0.75,1.0,settled,0.01,-0.22179938779914943,0.0,1,1,0,nan,0.04,0.2617993877991494,9.81,1,1,12,21,41,-3.0,3.0,0.01,30.0,60.0,1e-09,1e-12,6,0.0001,1,new simulation,nan
20,26,0.3017993877991494,0.8999999999999999,1.0,rolling,16.31999999999975,-0.21177600600701768,1.0843930761164402,29,29,0,1.1036096488829787,0.04,0.2617993877991494,9.81,1,1,12,21,41,-3.0,3.0,0.01,30.0,60.0,1e-09,1e-12,6,0.0001,1,new simulation,nan
20,27,0.3017993877991494,1.0499999999999998,1.0,rolling,15.169999999999721,-0.2200835016974659,1.1003902239164414,28,28,0,1.1036391672096995,0.04,0.2617993877991494,9.81,1,1,12,21,41,-3.0,3.0,0.01,30.0,60.0,1e-09,1e-12,6,0.0001,1,new simulation,nan
20,28,0.3017993877991494,1.2000000000000002,1.0,rolling,12.599999999999776,-0.2129507380949505,1.08663472435429,24,24,0,1.103618841762892,0.04,0.2617993877991494,9.81,1,1,12,21,41,-3.0,3.0,0.01,30.0,60.0,1e-09,1e-12,6,0.0001,1,new simulation,nan
20,29,0.3017993877991494,1.3499999999999996,1.0,rolling,12.259999999999783,-0.21234856781530737,1.085663551357789,24,24,0,1.1040203170308063,0.04,0.2617993877991494,9.81,1,1,12,21,41,-3.0,3.0,0.01,30.0,60.0,1e-09,1e-12,6,0.0001,1,new simulation,nan
20,30,0.3017993877991494,1.5,1.0,rolling,14.119999999999743,-0.2161122486969724,1.0928696404882021,28,28,0,1.1040202508863628,0.04,0.2617993877991494,9.81,1,1,12,21,41,-3.0,3.0,0.01,30.0,60.0,1e-09,1e-12,6,0.0001,1,new simulation,nan
20,31,0.3017993877991494,1.6499999999999995,1.0,rolling,14.929999999999726,-0.22166483119009311,1.103638366159601,30,30,0,1.1040176404163518,0.04,0.2617993877991494,9.81,1,1,12,21,41,-3.0,3.0,0.01,30.0,60.0,1e-09,1e-12,6,0.0001,1,new simulation,nan
20,32,0.3017993877991494,1.7999999999999998,1.0,rolling,15.769999999999708,-0.2199901745686611,1.1003576667557038,32,32,0,1.1039822917452105,0.04,0.2617993877991494,9.81,1,1,12,21,41,-3.0,3.0,0.01,30.0,60.0,1e-09,1e-12,6,0.0001,1,new simulation,nan
20,33,0.3017993877991494,1.9500000000000002,1.0,rolling,16.089999999999716,-0.21703418613464426,1.094630750766052,33,33,0,1.1039841841015818,0.04,0.2617993877991494,9.81,1,1,12,21,41,-3.0,3.0,0.01,30.0,60.0,1e-09,1e-12,6,0.0001,1,new simulation,nan
20,34,0.3017993877991494,2.0999999999999996,1.0,rolling,16.419999999999767,-0.219866471052586,1.100114822726011,34,34,0,1.1039771818674267,0.04,0.2617993877991494,9.81,1,1,12,21,41,-3.0,3.0,0.01,30.0,60.0,1e-09,1e-12,6,0.0001,1,new simulation,nan
20,35,0.3017993877991494,2.25,1.0,rolling,16.229999999999738,-0.21517702100288602,1.0910698595444481,34,34,0,1.1040157419671106,0.04,0.2617993877991494,9.81,1,1,12,21,41,-3.0,3.0,0.01,30.0,60.0,1e-09,1e-12,6,0.0001,1,new simulation,nan
20,36,0.3017993877991494,2.3999999999999995,1.0,rolling,16.589999999999794,-0.21144120327276036,1.0839270614057603,35,35,0,1.1039958645197236,0.04,0.2617993877991494,9.81,1,1,12,21,41,-3.0,3.0,0.01,30.0,60.0,1e-09,1e-12,6,0.0001,1,new simulation,nan
20,37,0.3017993877991494,2.55,1.0,rolling,16.409999999999766,-0.21854668857871623,1.0975751178999782,35,35,0,1.1040287735220433,0.04,0.2617993877991494,9.81,1,1,12,21,41,-3.0,3.0,0.01,30.0,60.0,1e-09,1e-12,6,0.0001,1,new simulation,nan
20,38,0.3017993877991494,2.7,1.0,rolling,16.789999999999825,-0.21290914675526082,1.086723428628249,36,36,0,1.1040009012557777,0.04,0.2617993877991494,9.81,1,1,12,21,41,-3.0,3.0,0.01,30.0,60.0,1e-09,1e-12,6,0.0001,1,new simulation,nan
20,39,0.3017993877991494,2.8499999999999996,1.0,rolling,16.6299999999998,-0.21591339339841709,1.092490625825584,36,36,0,1.1040285742797857,0.04,0.2617993877991494,9.81,1,1,12,21,41,-3.0,3.0,0.01,30.0,60.0,1e-09,1e-12,6,0.0001,1,new simulation,nan
20,40,0.3017993877991494,3.0,1.0,rolling,17.01999999999986,-0.21526597107333698,1.0912321949233208,37,37,0,1.1039964497518093,0.04,0.2617993877991494,9.81,1,1,12,21,41,-3.0,3.0,0.01,30.0,60.0,1e-09,1e-12,6,0.0001,1,new simulation,nan
