theta_index,theta_dot_index,theta0,theta_dot0,relative_angle,classification,final_time,final_theta,final_theta_dot,total_impacts,downhill_impacts,uphill_impacts,rolling_speed,gamma,alpha,gravity,length,mass,num_spokes,num_angles,num_speeds,minimum_speed,maximum_speed,timestep,max_time,retry_time,impact_time_tolerance,remaining_time_tolerance,convergence_impacts,speed_tolerance,cache_version,original_source_csv,original_grid_rolling_percent
0,0,-0.058798950512827575,-3.0,-1.0,rolling,6.129999999999914,-0.04867912913734795,2.0262977783344605,16,15,1,2.028891460399745,0.39,0.4487989505128276,9.81,1,1,7,21,41,-3.0,3.0,0.01,30.0,60.0,1e-09,1e-12,6,0.0001,1,new simulation,nan
0,1,-0.058798950512827575,-2.85,-1.0,rolling,6.099999999999914,-0.055987517974218665,2.0281477053565764,16,15,1,2.0288896588557157,0.39,0.4487989505128276,9.81,1,1,7,21,41,-3.0,3.0,0.01,30.0,60.0,1e-09,1e-12,6,0.0001,1,new simulation,nan
0,2,-0.058798950512827575,-2.7,-1.0,rolling,6.079999999999915,-0.05428576520053713,2.027693984334283,16,15,1,2.0288879509049234,0.39,0.4487989505128276,9.81,1,1,7,21,41,-3.0,3.0,0.01,30.0,60.0,1e-09,1e-12,6,0.0001,1,new simulation,nan
0,3,-0.058798950512827575,-2.55,-1.0,rolling,6.069999999999915,-0.041998286273738035,2.0248311400595616,16,15,1,2.0288863361794616,0.39,0.4487989505128276,9.81,1,1,7,21,41,-3.0,3.0,0.01,30.0,60.0,1e-09,1e-12,6,0.0001,1,new simulation,nan
0,4,-0.058798950512827575,-2.4,-1.0,rolling,6.0499999999999154,-0.058690908132007454,2.028896770479552,16,15,1,2.028884812611603,0.39,0.4487989505128276,9.81,1,1,7,21,41,-3.0,3.0,0.01,30.0,60.0,1e-09,1e-12,6,0.0001,1,new simulation,nan
0,5,-0.058798950512827575,-2.25,-1.0,rolling,6.419999999999908,-0.05271789525652016,2.027289065947489,17,16,1,2.0289111935173003,0.39,0.4487989505128276,9.81,1,1,7,21,41,-3.0,3.0,0.01,30.0,60.0,1e-09,1e-12,6,0.0001,1,new simulation,nan
0,6,-0.058798950512827575,-2.1,-1.0,rolling,6.419999999999908,-0.04520067182141789,2.025508055633037,17,16,1,2.028910672776337,0.39,0.4487989505128276,9.81,1,1,7,21,41,-3.0,3.0,0.01,30.0,60.0,1e-09,1e-12,6,0.0001,1,new simulation,nan
0,7,-0.058798950512827575,-1.95,-1.0,rolling,6.419999999999908,-0.04605209103462358,2.0256961128563478,17,16,1,2.028910188105607,0.39,0.4487989505128276,9.81,1,1,7,21,41,-3.0,3.0,0.01,30.0,60.0,1e-09,1e-12,6,0.0001,1,new simulation,nan
0,8,-0.058798950512827575,-1.8,-1.0,rolling,6.419999999999908,-0.05595276815960152,2.02813895879747,17,16,1,2.028909739761137,0.39,0.4487989505128276,9.81,1,1,7,21,41,-3.0,3.0,0.01,30.0,60.0,1e-09,1e-12,6,0.0001,1,new simulation,nan
0,9,-0.058798950512827575,-1.6500000000000001,-1.0,rolling,6.429999999999907,-0.05583214738714257,2.028106353016921,17,16,1,2.028909327733405,0.39,0.4487989505128276,9.81,1,1,7,21,41,-3.0,3.0,0.01,30.0,60.0,1e-09,1e-12,6,0.0001,1,new simulation,nan
0,10,-0.058798950512827575,-1.5,-1.0,rolling,6.449999999999907,-0.047622062911101624,2.0260520142142484,17,16,1,2.0289089500254485,0.39,0.4487989505128276,9.81,1,1,7,21,41,-3.0,3.0,0.01,30.0,60.0,1e-09,1e-12,6,0.0001,1,new simulation,nan
0,11,-0.058798950512827575,-1.35,-1.0,rolling,6.4699999999999065,-0.054664276357686815,2.0277943663472584,17,16,1,2.028908610250094,0.39,0.4487989505128276,9.81,1,1,7,21,41,-3.0,3.0,0.01,30.0,60.0,1e-09,1e-12,6,0.0001,1,new simulation,nan
0,12,-0.058798950512827575,-1.2000000000000002,-1.0,rolling,6.509999999999906,-0.04144535240157893,2.024720118970958,17,16,1,2.0289083034306885,0.39,0.4487989505128276,9.81,1,1,7,21,41,-3.0,3.0,0.01,30.0,60.0,1e-09,1e-12,6,0.0001,1,new simulation,nan
0,13,-0.058798950512827575,-1.05,-1.0,rolling,6.549999999999905,-0.05723658116360348,2.0284901224342393,17,16,1,2.028908034991784,0.39,0.4487989505128276,9.81,1,1,7,21,41,-3.0,3.0,0.01,30.0,60.0,1e-09,1e-12,6,0.0001,1,new simulation,nan
0,14,-0.058798950512827575,-0.8999999999999999,-1.0,rolling,6.619999999999903,-0.05823885418895328,2.0287698014158053,17,16,1,2.0289078019360116,0.39,0.4487989505128276,9.81,1,1,7,21,41,-3.0,3.0,0.01,30.0,60.0,1e-09,1e-12,6,0.0001,1,new simulation,nan
0,15,-0.058798950512827575,-0.75,-1.0,rolling,6.739999999999901,-0.04387144268418336,2.0252213172954727,17,16,1,2.0289076047191608,0.39,0.4487989505128276,9.81,1,1,7,21,41,-3.0,3.0,0.01,30.0,60.0,1e-09,1e-12,6,0.0001,1,new simulation,nan
0,16,-0.058798950512827575,-0.6000000000000001,-1.0,rolling,6.959999999999896,-0.053037308628333286,2.027370633477172,17,16,1,2.0289074433548087,0.39,0.4487989505128276,9.81,1,1,7,21,41,-3.0,3.0,0.01,30.0,60.0,1e-09,1e-12,6,0.0001,1,new simulation,nan
0,17,-0.058798950512827575,-0.4500000000000002,-1.0,settled,0.08,-0.058798950512827575,0.0,2,1,1,nan,0.39,0.4487989505128276,9.81,1,1,7,21,41,-3.0,3.0,0.01,30.0,60.0,1e-09,1e-12,6,0.0001,1,new simulation,nan
0,18,-0.058798950512827575,-0.30000000000000027,-1.0,settled,0.060000000000000005,-0.058798950512827575,0.0,2,1,1,nan,0.39,0.4487989505128276,9.81,1,1,7,21,41,-3.0,3.0,0.01,30.0,60.0,1e-09,1e-12,6,0.0001,1,new simulation,nan
0,19,-0.058798950512827575,-0.1499999999999999,-1.0,settled,0.03,-0.058798950512827575,0.0,2,1,1,nan,0.39,0.4487989505128276,9.81,1,1,7,21,41,-3.0,3.0,0.01,30.0,60.0,1e-09,1e-12,6,0.0001,1,new simulation,nan
0,20,-0.058798950512827575,0.0,-1.0,settled,0.01,-0.058798950512827575,0.0,2,1,1,nan,0.39,0.4487989505128276,9.81,1,1,7,21,41,-3.0,3.0,0.01,30.0,60.0,1e-09,1e-12,6,0.0001,1,new simulation,nan
0,21,-0.058798950512827575,0.1499999999999999,-1.0,settled,0.7600000000000005,-0.058798950512827575,0.0,2,1,1,nan,0.39,0.4487989505128276,9.81,1,1,7,21,41,-3.0,3.0,0.01,30.0,60.0,1e-09,1e-12,6,0.0001,1,new simulation,nan
0,22,-0.058798950512827575,0.2999999999999998,-1.0,rolling,6.579999999999904,-0.05676321963210565,2.028359690908082,15,15,0,2.0289076308460623,0.39,0.4487989505128276,9.81,1,1,7,21,41,-3.0,3.0,0.01,30.0,60.0,1e-09,1e-12,6,0.0001,1,new simulation,nan
0,23,-0.058798950512827575,0.44999999999999973,-1.0,rolling,6.31999999999991,-0.0404603889863331,2.024524723570951,15,15,0,2.0289082240788923,0.39,0.4487989505128276,9.81,1,1,7,21,41,-3.0,3.0,0.01,30.0,60.0,1e-09,1e-12,6,0.0001,1,new simulation,nan
0,24,-0.058798950512827575,0.5999999999999996,-1.0,rolling,6.169999999999913,-0.04726915234430096,2.025970974432769,15,15,0,2.028909056010074,0.39,0.4487989505128276,9.81,1,1,7,21,41,-3.0,3.0,0.01,30.0,60.0,1e-09,1e-12,6,0.0001,1,new simulation,nan
0,25,-0.058798950512827575,0.75,-1.0,rolling,6.069999999999915,-0.041192711790942374,2.0246696159368804,15,15,0,2.028910124855986,0.39,0.4487989505128276,9.81,1,1,7,21,41,-3.0,3.0,0.01,30.0,60.0,1e-09,1e-12,6,0.0001,1,new simulation,nan
0,26,-0.058798950512827575,0.8999999999999999,-1.0,rolling,5.989999999999917,-0.040151672579209985,2.0244645493707525,15,15,0,2.028911430514811,0.39,0.4487989505128276,9.81,1,1,7,21,41,-3.0,3.0,0.01,30.0,60.0,1e-09,1e-12,6,0.0001,1,new simulation,nan
0,27,-0.058798950512827575,1.0499999999999998,-1.0,rolling,5.539999999999926,-0.0571128315770571,2.0284552666687055,14,14,0,2.028887961392765,0.39,0.4487989505128276,9.81,1,1,7,21,41,-3.0,3.0,0.01,30.0,60.0,1e-09,1e-12,6,0.0001,1,new simulation,nan
0,28,-0.058798950512827575,1.2000000000000002,-1.0,rolling,5.489999999999927,-0.04144230595502318,2.024718991209467,14,14,0,2.0288925444386834,0.39,0.4487989505128276,9.81,1,1,7,21,41,-3.0,3.0,0.01,30.0,60.0,1e-09,1e-12,6,0.0001,1,new simulation,nan
0,29,-0.058798950512827575,1.3499999999999996,-1.0,rolling,5.4399999999999284,-0.03900563119421453,2.024244352734943,14,14,0,2.0288977382392996,0.39,0.4487989505128276,9.81,1,1,7,21,41,-3.0,3.0,0.01,30.0,60.0,1e-09,1e-12,6,0.0001,1,new simulation,nan
0,30,-0.058798950512827575,1.5,-1.0,rolling,5.3899999999999295,-0.046496700225814994,2.025795492465817,14,14,0,2.0289035407172347,0.39,0.4487989505128276,9.81,1,1,7,21,41,-3.0,3.0,0.01,30.0,60.0,1e-09,1e-12,6,0.0001,1,new simulation,nan
0,31,-0.058798950512827575,1.6499999999999995,-1.0,rolling,5.34999999999993,-0.04148415391456388,2.0247279671419114,14,14,0,2.0289099562574036,0.39,0.4487989505128276,9.81,1,1,7,21,41,-3.0,3.0,0.01,30.0,60.0,1e-09,1e-12,6,0.0001,1,new simulation,nan
0,32,-0.058798950512827575,1.7999999999999998,-1.0,rolling,4.929999999999939,-0.05331598511013853,2.0274420058465306,13,13,0,2.0288982699921783,0.39,0.4487989505128276,9.81,1,1,7,21,41,-3.0,3.0,0.01,30.0,60.0,1e-09,1e-12,6,0.0001,1,new simulation,nan
0,33,-0.058798950512827575,1.9500000000000002,-1.0,rolling,4.519999999999948,-0.05003814501425444,2.026622675261103,12,12,0,2.028900667562835,0.39,0.4487989505128276,9.81,1,1,7,21,41,-3.0,3.0,0.01,30.0,60.0,1e-09,1e-12,6,0.0001,1,new simulation,nan
0,34,-0.058798950512827575,2.0999999999999996,-1.0,rolling,4.489999999999949,-0.040503895233773554,2.0245347946172703,12,12,0,2.02895524055293,0.39,0.4487989505128276,9.81,1,1,7,21,41,-3.0,3.0,0.01,30.0,60.0,1e-09,1e-12,6,0.0001,1,new simulation,nan
0,35,-0.058798950512827575,2.25,-1.0,rolling,4.8299999999999415,-0.0443509258481222,2.0253255105303962,13,13,0,2.0289619131119747,0.39,0.4487989505128276,9.81,1,1,7,21,41,-3.0,3.0,0.01,30.0,60.0,1e-09,1e-12,6,0.0001,1,new simulation,nan
0,36,-0.058798950512827575,2.3999999999999995,-1.0,rolling,5.169999999999934,-0.051456700386029654,2.026972611876973,14,14,0,2.0289511914676868,0.39,0.4487989505128276,9.81,1,1,7,21,41,-3.0,3.0,0.01,30.0,60.0,1e-09,1e-12,6,0.0001,1,new simulation,nan
0,37,-0.058798950512827575,2.55,-1.0,rolling,5.139999999999935,-0.05178692535195432,2.027055404613535,14,14,0,2.028961270755326,0.39,0.4487989505128276,9.81,1,1,7,21,41,-3.0,3.0,0.01,30.0,60.0,1e-09,1e-12,6,0.0001,1,new simulation,nan
0,38,-0.058798950512827575,2.7,-1.0,rolling,5.1099999999999355,-0.054687882160917425,2.0278026757874956,14,14,0,2.028971959867236,0.39,0.4487989505128276,9.81,1,1,7,21,41,-3.0,3.0,0.01,30.0,60.0,1e-09,1e-12,6,0.0001,1,new simulation,nan
0,39,-0.058798950512827575,2.8499999999999996,-1.0,rolling,5.459999999999928,-0.04929070236310425,2.026444667052426,15,15,0,2.0289500211505413,0.39,0.4487989505128276,9.81,1,1,7,21,41,-3.0,3.0,0.01,30.0,60.0,1e-09,1e-12,6,0.0001,1,new simulation,nan
0,40,-0.058798950512827575,3.0,-1.0,rolling,5.429999999999929,-0.0566122218885785,2.0283198504070183,15,15,0,2.0289546513724477,0.39,0.4487989505128276,9.81,1,1,7,21,41,-3.0,3.0,0.01,30.0,60.0,1e-09,1e-12,6,0.0001,1,new simulation,nan
1,0,-0.013919055461544816,-3.0,-0.9,rolling,6.149999999999913,-0.04058383146554065,2.02454841041419,16,15,1,2.0288915255865825,0.39,0.4487989505128276,9.81,1,1,7,21,41,-3.0,3.0,0.01,30.0,60.0,1e-09,1e-12,6,0.0001,1,new simulation,nan
1,1,-0.013919055461544816,-2.85,-0.9,rolling,6.119999999999914,-0.04912741251890961,2.026403811209672,16,15,1,2.028889725232643,0.39,0.4487989505128276,9.81,1,1,7,21,41,-3.0,3.0,0.01,30.0,60.0,1e-09,1e-12,6,0.0001,1,new simulation,nan
1,2,-0.013919055461544816,-2.7,-0.9,rolling,6.099999999999914,-0.04888526668601748,2.0263463296991766,16,15,1,2.0288880172327515,0.39,0.4487989505128276,9.81,1,1,7,21,41,-3.0,3.0,0.01,30.0,60.0,1e-09,1e-12,6,0.0001,1,new simulation,nan
1,3,-0.013919055461544816,-2.55,-0.9,rolling,6.079999999999915,-0.058547621250007405,2.0288562337079905,16,15,1,2.028886400638224,0.39,0.4487989505128276,9.81,1,1,7,21,41,-3.0,3.0,0.01,30.0,60.0,1e-09,1e-12,6,0.0001,1,new simulation,nan
1,4,-0.013919055461544816,-2.4,-0.9,rolling,6.069999999999915,-0.05689453666239436,2.0283950190374886,16,15,1,2.028884878400284,0.39,0.4487989505128276,9.81,1,1,7,21,41,-3.0,3.0,0.01,30.0,60.0,1e-09,1e-12,6,0.0001,1,new simulation,nan
1,5,-0.013919055461544816,-2.25,-0.9,rolling,6.439999999999907,-0.05311668410703313,2.0273911334073027,17,16,1,2.028911218790111,0.39,0.4487989505128276,9.81,1,1,7,21,41,-3.0,3.0,0.01,30.0,60.0,1e-09,1e-12,6,0.0001,1,new simulation,nan
1,6,-0.013919055461544816,-2.1,-0.9,rolling,6.439999999999907,-0.048100189753995215,2.0261628279063046,17,16,1,2.028910698983409,0.39,0.4487989505128276,9.81,1,1,7,21,41,-3.0,3.0,0.01,30.0,60.0,1e-09,1e-12,6,0.0001,1,new simulation,nan
1,7,-0.013919055461544816,-1.95,-0.9,rolling,6.439999999999907,-0.051812802735743596,2.027060219555973,17,16,1,2.0289102140848114,0.39,0.4487989505128276,9.81,1,1,7,21,41,-3.0,3.0,0.01,30.0,60.0,1e-09,1e-12,6,0.0001,1,new simulation,nan
1,8,-0.013919055461544816,-1.8,-0.9,rolling,6.449999999999907,-0.04472961966358328,2.0254054750794475,17,16,1,2.028909765986496,0.39,0.4487989505128276,9.81,1,1,7,21,41,-3.0,3.0,0.01,30.0,60.0,1e-09,1e-12,6,0.0001,1,new simulation,nan
1,9,-0.013919055461544816,-1.6500000000000001,-0.9,rolling,6.459999999999907,-0.04838692741567825,2.026229733396448,17,16,1,2.0289093519771226,0.39,0.4487989505128276,9.81,1,1,7,21,41,-3.0,3.0,0.01,30.0,60.0,1e-09,1e-12,6,0.0001,1,new simulation,nan
1,10,-0.013919055461544816,-1.5,-0.9,rolling,6.479999999999906,-0.04454255449015237,2.025365021504485,17,16,1,2.0289089768903033,0.39,0.4487989505128276,9.81,1,1,7,21,41,-3.0,3.0,0.01,30.0,60.0,1e-09,1e-12,6,0.0001,1,new simulation,nan
1,11,-0.013919055461544816,-1.35,-0.9,rolling,6.499999999999906,-0.05661193940046788,2.028318269512212,17,16,1,2.0289086350132446,0.39,0.4487989505128276,9.81,1,1,7,21,41,-3.0,3.0,0.01,30.0,60.0,1e-09,1e-12,6,0.0001,1,new simulation,nan
1,12,-0.013919055461544816,-1.2000000000000002,-0.9,rolling,6.539999999999905,-0.049104936745446096,2.026399077172455,17,16,1,2.028908330349402,0.39,0.4487989505128276,9.81,1,1,7,21,41,-3.0,3.0,0.01,30.0,60.0,1e-09,1e-12,6,0.0001,1,new simulation,nan
1,13,-0.013919055461544816,-1.05,-0.9,rolling,6.589999999999904,-0.05082695233231956,2.0268153917708154,17,16,1,2.028908061291886,0.39,0.4487989505128276,9.81,1,1,7,21,41,-3.0,3.0,0.01,30.0,60.0,1e-09,1e-12,6,0.0001,1,new simulation,nan
1,14,-0.013919055461544816,-0.8999999999999999,-0.9,rolling,6.659999999999902,-0.057367860007012585,2.028526477078126,17,16,1,2.028907828079689,0.39,0.4487989505128276,9.81,1,1,7,21,41,-3.0,3.0,0.01,30.0,60.0,1e-09,1e-12,6,0.0001,1,new simulation,nan
1,15,-0.013919055461544816,-0.75,-0.9,rolling,6.7799999999999,-0.04249527253351236,2.024933525307184,17,16,1,2.0289076306260743,0.39,0.4487989505128276,9.81,1,1,7,21,41,-3.0,3.0,0.01,30.0,60.0,1e-09,1e-12,6,0.0001,1,new simulation,nan
1,16,-0.013919055461544816,-0.6000000000000001,-0.9,rolling,6.979999999999896,-0.04891423988149003,2.026353822603734,17,16,1,2.0289074686171333,0.39,0.4487989505128276,9.81,1,1,7,21,41,-3.0,3.0,0.01,30.0,60.0,1e-09,1e-12,6,0.0001,1,new simulation,nan
1,17,-0.013919055461544816,-0.4500000000000002,-0.9,rolling,7.8299999999998775,-0.05110347844656389,2.0268835490862345,17,16,1,2.028907343358557,0.39,0.4487989505128276,9.81,1,1,7,21,41,-3.0,3.0,0.01,30.0,60.0,1e-09,1e-12,6,0.0001,1,new simulation,nan
1,18,-0.013919055461544816,-0.30000000000000027,-0.9,settled,0.21000000000000005,-0.058798950512827575,0.0,2,1,1,nan,0.39,0.4487989505128276,9.81,1,1,7,21,41,-3.0,3.0,0.01,30.0,60.0,1e-09,1e-12,6,0.0001,1,new simulation,nan
1,19,-0.013919055461544816,-0.1499999999999999,-0.9,settled,0.2900000000000001,-0.058798950512827575,0.0,2,1,1,nan,0.39,0.4487989505128276,9.81,1,1,7,21,41,-3.0,3.0,0.01,30.0,60.0,1e-09,1e-12,6,0.0001,1,new simulation,nan
1,20,-0.013919055461544816,0.0,-0.9,settled,0.7100000000000004,-0.058798950512827575,0.0,2,1,1,nan,0.39,0.4487989505128276,9.81,1,1,7,21,41,-3.0,3.0,0.01,30.0,60.0,1e-09,1e-12,6,0.0001,1,new simulation,nan
1,21,-0.013919055461544816,0.1499999999999999,-0.9,rolling,6.6099999999999035,-0.05292200085140976,2.027341086662369,15,15,0,2.02890744374492,0.39,0.4487989505128276,9.81,1,1,7,21,41,-3.0,3.0,0.01,30.0,60.0,1e-09,1e-12,6,0.0001,1,new simulation,nan
1,22,-0.013919055461544816,0.2999999999999998,-0.9,rolling,6.3299999999999095,-0.04769030363556378,2.0260677169058097,15,15,0,2.028907800070705,0.39,0.4487989505128276,9.81,1,1,7,21,41,-3.0,3.0,0.01,30.0,60.0,1e-09,1e-12,6,0.0001,1,new simulation,nan
1,23,-0.013919055461544816,0.44999999999999973,-0.9,rolling,6.179999999999913,-0.04796119855737775,2.026130441262511,15,15,0,2.028908393606747,0.39,0.4487989505128276,9.81,1,1,7,21,41,-3.0,3.0,0.01,30.0,60.0,1e-09,1e-12,6,0.0001,1,new simulation,nan
1,24,-0.013919055461544816,0.5999999999999996,-0.9,rolling,6.079999999999915,-0.03973628006091627,2.0243840960180877,15,15,0,2.0289092251212346,0.39,0.4487989505128276,9.81,1,1,7,21,41,-3.0,3.0,0.01,30.0,60.0,1e-09,1e-12,6,0.0001,1,new simulation,nan
1,25,-0.013919055461544816,0.75,-0.9,rolling,5.989999999999917,-0.05830465048333941,2.0287884118757034,15,15,0,2.0289102930890768,0.39,0.4487989505128276,9.81,1,1,7,21,41,-3.0,3.0,0.01,30.0,60.0,1e-09,1e-12,6,0.0001,1,new simulation,nan
1,26,-0.013919055461544816,0.8999999999999999,-0.9,rolling,5.929999999999918,-0.04435097015219496,2.025323874352899,15,15,0,2.0289115999943914,0.39,0.4487989505128276,9.81,1,1,7,21,41,-3.0,3.0,0.01,30.0,60.0,1e-09,1e-12,6,0.0001,1,new simulation,nan
1,27,-0.013919055461544816,1.0499999999999998,-0.9,rolling,5.499999999999927,-0.03951722086974656,2.024341359264148,14,14,0,2.028888396425631,0.39,0.4487989505128276,9.81,1,1,7,21,41,-3.0,3.0,0.01,30.0,60.0,1e-09,1e-12,6,0.0001,1,new simulation,nan
1,28,-0.013919055461544816,1.2000000000000002,-0.9,rolling,5.4399999999999284,-0.057658885812979156,2.028606889297638,14,14,0,2.0288929781640817,0.39,0.4487989505128276,9.81,1,1,7,21,41,-3.0,3.0,0.01,30.0,60.0,1e-09,1e-12,6,0.0001,1,new simulation,nan
1,29,-0.013919055461544816,1.3499999999999996,-0.9,rolling,5.399999999999929,-0.04521504984551963,2.025510794734691,14,14,0,2.028898172187352,0.39,0.4487989505128276,9.81,1,1,7,21,41,-3.0,3.0,0.01,30.0,60.0,1e-09,1e-12,6,0.0001,1,new simulation,nan
1,30,-0.013919055461544816,1.5,-0.9,rolling,5.35999999999993,-0.04049826533274346,2.02453201245013,14,14,0,2.028903974896598,0.39,0.4487989505128276,9.81,1,1,7,21,41,-3.0,3.0,0.01,30.0,60.0,1e-09,1e-12,6,0.0001,1,new simulation,nan
1,31,-0.013919055461544816,1.6499999999999995,-0.9,rolling,5.319999999999931,-0.041964380589540023,2.0248250324059347,14,14,0,2.02891039012258,0.39,0.4487989505128276,9.81,1,1,7,21,41,-3.0,3.0,0.01,30.0,60.0,1e-09,1e-12,6,0.0001,1,new simulation,nan
1,32,-0.013919055461544816,1.7999999999999998,-0.9,rolling,4.90999999999994,-0.03887290323965524,2.0242193661600125,13,13,0,2.028899387712888,0.39,0.4487989505128276,9.81,1,1,7,21,41,-3.0,3.0,0.01,30.0,60.0,1e-09,1e-12,6,0.0001,1,new simulation,nan
1,33,-0.013919055461544816,1.9500000000000002,-0.9,rolling,4.4999999999999485,-0.04006429637375794,2.024447314600662,12,12,0,2.0289035431794256,0.39,0.4487989505128276,9.81,1,1,7,21,41,-3.0,3.0,0.01,30.0,60.0,1e-09,1e-12,6,0.0001,1,new simulation,nan
1,34,-0.013919055461544816,2.0999999999999996,-0.9,rolling,4.459999999999949,-0.05458635352760079,2.0277754013583613,12,12,0,2.0289581163693806,0.39,0.4487989505128276,9.81,1,1,7,21,41,-3.0,3.0,0.01,30.0,60.0,1e-09,1e-12,6,0.0001,1,new simulation,nan
1,35,-0.013919055461544816,2.25,-0.9,rolling,4.809999999999942,-0.04144298496867792,2.0247214369974715,13,13,0,2.0289630317409304,0.39,0.4487989505128276,9.81,1,1,7,21,41,-3.0,3.0,0.01,30.0,60.0,1e-09,1e-12,6,0.0001,1,new simulation,nan
1,36,-0.013919055461544816,2.3999999999999995,-0.9,rolling,5.149999999999935,-0.051390302013978366,2.026956106592532,14,14,0,2.0289516251098876,0.39,0.4487989505128276,9.81,1,1,7,21,41,-3.0,3.0,0.01,30.0,60.0,1e-09,1e-12,6,0.0001,1,new simulation,nan
1,37,-0.013919055461544816,2.55,-0.9,rolling,5.119999999999935,-0.05421767237863109,2.027678532285323,14,14,0,2.0289617049353885,0.39,0.4487989505128276,9.81,1,1,7,21,41,-3.0,3.0,0.01,30.0,60.0,1e-09,1e-12,6,0.0001,1,new simulation,nan
1,38,-0.013919055461544816,2.7,-0.9,rolling,5.099999999999936,-0.03906559214122046,2.0242581365038195,14,14,0,2.0289723944859133,0.39,0.4487989505128276,9.81,1,1,7,21,41,-3.0,3.0,0.01,30.0,60.0,1e-09,1e-12,6,0.0001,1,new simulation,nan
1,39,-0.013919055461544816,2.8499999999999996,-0.9,rolling,5.4399999999999284,-0.055899651347667036,2.028125919448464,15,15,0,2.028950189855573,0.39,0.4487989505128276,9.81,1,1,7,21,41,-3.0,3.0,0.01,30.0,60.0,1e-09,1e-12,6,0.0001,1,new simulation,nan
1,40,-0.013919055461544816,3.0,-0.9,rolling,5.419999999999929,-0.04471674272587485,2.025404161419146,15,15,0,2.0289548209947665,0.39,0.4487989505128276,9.81,1,1,7,21,41,-3.0,3.0,0.01,30.0,60.0,1e-09,1e-12,6,0.0001,1,new simulation,nan
2,0,0.030960839589737943,-3.0,-0.8,rolling,6.159999999999913,-0.05015352550240068,2.026650343082326,16,15,1,2.0288915104610634,0.39,0.4487989505128276,9.81,1,1,7,21,41,-3.0,3.0,0.01,30.0,60.0,1e-09,1e-12,6,0.0001,1,new simulation,nan
2,1,0.030960839589737943,-2.85,-0.8,rolling,6.1399999999999135,-0.04012323781895531,2.0244583106334555,16,15,1,2.0288897091517115,0.39,0.4487989505128276,9.81,1,1,7,21,41,-3.0,3.0,0.01,30.0,60.0,1e-09,1e-12,6,0.0001,1,new simulation,nan
2,2,0.030960839589737943,-2.7,-0.8,rolling,6.119999999999914,-0.04173022030637226,2.0247768373869723,16,15,1,2.0288880011244843,0.39,0.4487989505128276,9.81,1,1,7,21,41,-3.0,3.0,0.01,30.0,60.0,1e-09,1e-12,6,0.0001,1,new simulation,nan
2,3,0.030960839589737943,-2.55,-0.8,rolling,6.099999999999914,-0.05344173357671045,2.0274740788932464,16,15,1,2.02888638598426,0.39,0.4487989505128276,9.81,1,1,7,21,41,-3.0,3.0,0.01,30.0,60.0,1e-09,1e-12,6,0.0001,1,new simulation,nan
2,4,0.030960839589737943,-2.4,-0.8,rolling,6.089999999999915,-0.054097805064569016,2.027644629681757,16,15,1,2.0288848628246243,0.39,0.4487989505128276,9.81,1,1,7,21,41,-3.0,3.0,0.01,30.0,60.0,1e-09,1e-12,6,0.0001,1,new simulation,nan
2,5,0.030960839589737943,-2.25,-0.8,rolling,6.459999999999907,-0.0529343381615056,2.0273443680595538,17,16,1,2.0289112133841036,0.39,0.4487989505128276,9.81,1,1,7,21,41,-3.0,3.0,0.01,30.0,60.0,1e-09,1e-12,6,0.0001,1,new simulation,nan
2,6,0.030960839589737943,-2.1,-0.8,rolling,6.459999999999907,-0.05090575276294938,2.026834870007115,17,16,1,2.0289106932552836,0.39,0.4487989505128276,9.81,1,1,7,21,41,-3.0,3.0,0.01,30.0,60.0,1e-09,1e-12,6,0.0001,1,new simulation,nan
2,7,0.030960839589737943,-1.95,-0.8,rolling,6.459999999999907,-0.05807795555232176,2.028724657313142,17,16,1,2.0289102079274297,0.39,0.4487989505128276,9.81,1,1,7,21,41,-3.0,3.0,0.01,30.0,60.0,1e-09,1e-12,6,0.0001,1,new simulation,nan
2,8,0.030960839589737943,-1.8,-0.8,rolling,6.4699999999999065,-0.05503771771172239,2.0278934464841405,17,16,1,2.028909758954213,0.39,0.4487989505128276,9.81,1,1,7,21,41,-3.0,3.0,0.01,30.0,60.0,1e-09,1e-12,6,0.0001,1,new simulation,nan
2,9,0.030960839589737943,-1.6500000000000001,-0.8,rolling,6.489999999999906,-0.04324102333845546,2.025088406627806,17,16,1,2.0289093463769743,0.39,0.4487989505128276,9.81,1,1,7,21,41,-3.0,3.0,0.01,30.0,60.0,1e-09,1e-12,6,0.0001,1,new simulation,nan
2,10,0.030960839589737943,-1.5,-0.8,rolling,6.509999999999906,-0.04521134228793283,2.0255103356804107,17,16,1,2.0289089696500464,0.39,0.4487989505128276,9.81,1,1,7,21,41,-3.0,3.0,0.01,30.0,60.0,1e-09,1e-12,6,0.0001,1,new simulation,nan
2,11,0.030960839589737943,-1.35,-0.8,rolling,6.539999999999905,-0.0442044049916876,2.0252923535760634,17,16,1,2.0289086290352647,0.39,0.4487989505128276,9.81,1,1,7,21,41,-3.0,3.0,0.01,30.0,60.0,1e-09,1e-12,6,0.0001,1,new simulation,nan
2,12,0.030960839589737943,-1.2000000000000002,-0.8,rolling,6.579999999999904,-0.045833240309407004,2.0256473769889474,17,16,1,2.0289083247698136,0.39,0.4487989505128276,9.81,1,1,7,21,41,-3.0,3.0,0.01,30.0,60.0,1e-09,1e-12,6,0.0001,1,new simulation,nan
2,13,0.030960839589737943,-1.05,-0.8,rolling,6.639999999999903,-0.03933022811708482,2.0243062873686988,17,16,1,2.0289080554879524,0.39,0.4487989505128276,9.81,1,1,7,21,41,-3.0,3.0,0.01,30.0,60.0,1e-09,1e-12,6,0.0001,1,new simulation,nan
2,14,0.030960839589737943,-0.8999999999999999,-0.8,rolling,6.719999999999901,-0.042313592513591805,2.024896219762464,17,16,1,2.028907821780665,0.39,0.4487989505128276,9.81,1,1,7,21,41,-3.0,3.0,0.01,30.0,60.0,1e-09,1e-12,6,0.0001,1,new simulation,nan
2,15,0.030960839589737943,-0.75,-0.8,rolling,6.839999999999899,-0.05275420443821203,2.0272982117448786,17,16,1,2.028907624523087,0.39,0.4487989505128276,9.81,1,1,7,21,41,-3.0,3.0,0.01,30.0,60.0,1e-09,1e-12,6,0.0001,1,new simulation,nan
2,16,0.030960839589737943,-0.6000000000000001,-0.8,rolling,7.069999999999894,-0.045156011096613685,2.025498182483641,17,16,1,2.028907463116284,0.39,0.4487989505128276,9.81,1,1,7,21,41,-3.0,3.0,0.01,30.0,60.0,1e-09,1e-12,6,0.0001,1,new simulation,nan
2,17,0.030960839589737943,-0.4500000000000002,-0.8,rolling,8.359999999999866,-0.05042607780078166,2.0267171781366993,17,16,1,2.0289073368783526,0.39,0.4487989505128276,9.81,1,1,7,21,41,-3.0,3.0,0.01,30.0,60.0,1e-09,1e-12,6,0.0001,1,new simulation,nan
2,18,0.030960839589737943,-0.30000000000000027,-0.8,settled,0.36000000000000015,-0.058798950512827575,0.0,2,1,1,nan,0.39,0.4487989505128276,9.81,1,1,7,21,41,-3.0,3.0,0.01,30.0,60.0,1e-09,1e-12,6,0.0001,1,new simulation,nan
2,19,0.030960839589737943,-0.1499999999999999,-0.8,settled,0.6900000000000004,-0.058798950512827575,0.0,2,1,1,nan,0.39,0.4487989505128276,9.81,1,1,7,21,41,-3.0,3.0,0.01,30.0,60.0,1e-09,1e-12,6,0.0001,1,new simulation,nan
2,20,0.030960839589737943,0.0,-0.8,rolling,6.639999999999903,-0.053951977379442295,2.027607262325233,15,15,0,2.028907285345604,0.39,0.4487989505128276,9.81,1,1,7,21,41,-3.0,3.0,0.01,30.0,60.0,1e-09,1e-12,6,0.0001,1,new simulation,nan
2,21,0.030960839589737943,0.1499999999999999,-0.8,rolling,6.339999999999909,-0.055686417725099115,2.0280670052408265,15,15,0,2.028907404329455,0.39,0.4487989505128276,9.81,1,1,7,21,41,-3.0,3.0,0.01,30.0,60.0,1e-09,1e-12,6,0.0001,1,new simulation,nan
2,22,0.030960839589737943,0.2999999999999998,-0.8,rolling,6.1899999999999125,-0.048972679490719595,2.02636767259904,15,15,0,2.028907760661386,0.39,0.4487989505128276,9.81,1,1,7,21,41,-3.0,3.0,0.01,30.0,60.0,1e-09,1e-12,6,0.0001,1,new simulation,nan
2,23,0.030960839589737943,0.44999999999999973,-0.8,rolling,6.079999999999915,-0.05879297156085894,2.0289265096967046,15,15,0,2.0289083540380064,0.39,0.4487989505128276,9.81,1,1,7,21,41,-3.0,3.0,0.01,30.0,60.0,1e-09,1e-12,6,0.0001,1,new simulation,nan
2,24,0.030960839589737943,0.5999999999999996,-0.8,rolling,5.9999999999999165,-0.0564696109002863,2.0282793876700915,15,15,0,2.028909185617531,0.39,0.4487989505128276,9.81,1,1,7,21,41,-3.0,3.0,0.01,30.0,60.0,1e-09,1e-12,6,0.0001,1,new simulation,nan
2,25,0.030960839589737943,0.75,-0.8,rolling,5.939999999999918,-0.04254767069564944,2.024944403053731,15,15,0,2.0289102538932,0.39,0.4487989505128276,9.81,1,1,7,21,41,-3.0,3.0,0.01,30.0,60.0,1e-09,1e-12,6,0.0001,1,new simulation,nan
2,26,0.030960839589737943,0.8999999999999999,-0.8,rolling,5.879999999999919,-0.04766611414486357,2.0260622598829054,15,15,0,2.028911560314584,0.39,0.4487989505128276,9.81,1,1,7,21,41,-3.0,3.0,0.01,30.0,60.0,1e-09,1e-12,6,0.0001,1,new simulation,nan
2,27,0.030960839589737943,1.0499999999999998,-0.8,rolling,5.449999999999928,-0.056557460435129096,2.028302702404775,14,14,0,2.028888295162069,0.39,0.4487989505128276,9.81,1,1,7,21,41,-3.0,3.0,0.01,30.0,60.0,1e-09,1e-12,6,0.0001,1,new simulation,nan
2,28,0.030960839589737943,1.2000000000000002,-0.8,rolling,5.409999999999929,-0.04452180022965249,2.0253600173012756,14,14,0,2.028892876829004,0.39,0.4487989505128276,9.81,1,1,7,21,41,-3.0,3.0,0.01,30.0,60.0,1e-09,1e-12,6,0.0001,1,new simulation,nan
2,29,0.030960839589737943,1.3499999999999996,-0.8,rolling,5.36999999999993,-0.040171447958061615,2.0244679616214123,14,14,0,2.0288980701127506,0.39,0.4487989505128276,9.81,1,1,7,21,41,-3.0,3.0,0.01,30.0,60.0,1e-09,1e-12,6,0.0001,1,new simulation,nan
2,30,0.030960839589737943,1.5,-0.8,rolling,5.329999999999931,-0.041941048385358365,2.0248200776081795,14,14,0,2.02890387416636,0.39,0.4487989505128276,9.81,1,1,7,21,41,-3.0,3.0,0.01,30.0,60.0,1e-09,1e-12,6,0.0001,1,new simulation,nan
2,31,0.030960839589737943,1.6499999999999995,-0.8,rolling,5.289999999999932,-0.048730834380809884,2.02631058363628,14,14,0,2.0289102889563573,0.39,0.4487989505128276,9.81,1,1,7,21,41,-3.0,3.0,0.01,30.0,60.0,1e-09,1e-12,6,0.0001,1,new simulation,nan
2,32,0.030960839589737943,1.7999999999999998,-0.8,rolling,4.87999999999994,-0.050084009233162786,2.026633733185056,13,13,0,2.028899125037626,0.39,0.4487989505128276,9.81,1,1,7,21,41,-3.0,3.0,0.01,30.0,60.0,1e-09,1e-12,6,0.0001,1,new simulation,nan
2,33,0.030960839589737943,1.9500000000000002,-0.8,rolling,4.469999999999949,-0.055048809339293826,2.0278961728183433,12,12,0,2.028902869985623,0.39,0.4487989505128276,9.81,1,1,7,21,41,-3.0,3.0,0.01,30.0,60.0,1e-09,1e-12,6,0.0001,1,new simulation,nan
2,34,0.030960839589737943,2.0999999999999996,-0.8,rolling,4.43999999999995,-0.052544566753650226,2.0272464555890557,12,12,0,2.0289574428645563,0.39,0.4487989505128276,9.81,1,1,7,21,41,-3.0,3.0,0.01,30.0,60.0,1e-09,1e-12,6,0.0001,1,new simulation,nan
2,35,0.030960839589737943,2.25,-0.8,rolling,4.789999999999942,-0.04221031565988646,2.0248768785578193,13,13,0,2.028962769429347,0.39,0.4487989505128276,9.81,1,1,7,21,41,-3.0,3.0,0.01,30.0,60.0,1e-09,1e-12,6,0.0001,1,new simulation,nan
2,36,0.030960839589737943,2.3999999999999995,-0.8,rolling,5.129999999999935,-0.054620097088271875,2.0277840956552415,14,14,0,2.0289515229283595,0.39,0.4487989505128276,9.81,1,1,7,21,41,-3.0,3.0,0.01,30.0,60.0,1e-09,1e-12,6,0.0001,1,new simulation,nan
2,37,0.030960839589737943,2.55,-0.8,rolling,5.1099999999999355,-0.03935857568256203,2.0243134424941434,14,14,0,2.0289616021606762,0.39,0.4487989505128276,9.81,1,1,7,21,41,-3.0,3.0,0.01,30.0,60.0,1e-09,1e-12,6,0.0001,1,new simulation,nan
2,38,0.030960839589737943,2.7,-0.8,rolling,5.079999999999936,-0.04639509429907877,2.025774898018592,14,14,0,2.028972293343513,0.39,0.4487989505128276,9.81,1,1,7,21,41,-3.0,3.0,0.01,30.0,60.0,1e-09,1e-12,6,0.0001,1,new simulation,nan
2,39,0.030960839589737943,2.8499999999999996,-0.8,rolling,5.429999999999929,-0.044699690403843334,2.0254003169584847,15,15,0,2.0289501503856355,0.39,0.4487989505128276,9.81,1,1,7,21,41,-3.0,3.0,0.01,30.0,60.0,1e-09,1e-12,6,0.0001,1,new simulation,nan
2,40,0.030960839589737943,3.0,-0.8,rolling,5.399999999999929,-0.05534298565464451,2.0279763758443328,15,15,0,2.0289547809570725,0.39,0.4487989505128276,9.81,1,1,7,21,41,-3.0,3.0,0.01,30.0,60.0,1e-09,1e-12,6,0.0001,1,new simulation,nan
3,0,0.0758407346410207,-3.0,-0.7,rolling,6.169999999999913,-0.057286748651681235,2.028503464941347,16,15,1,2.028891413083151,0.39,0.4487989505128276,9.81,1,1,7,21,41,-3.0,3.0,0.01,30.0,60.0,1e-09,1e-12,6,0.0001,1,new simulation,nan
3,1,0.0758407346410207,-2.85,-0.7,rolling,6.149999999999913,-0.049390346866917255,2.026466482435992,16,15,1,2.028889612477528,0.39,0.4487989505128276,9.81,1,1,7,21,41,-3.0,3.0,0.01,30.0,60.0,1e-09,1e-12,6,0.0001,1,new simulation,nan
3,2,0.0758407346410207,-2.7,-0.7,rolling,6.129999999999914,-0.0532697315517864,2.0274297456483517,16,15,1,2.028887904727479,0.39,0.4487989505128276,9.81,1,1,7,21,41,-3.0,3.0,0.01,30.0,60.0,1e-09,1e-12,6,0.0001,1,new simulation,nan
3,3,0.0758407346410207,-2.55,-0.7,rolling,6.119999999999914,-0.04718492880613522,2.0259509759207655,16,15,1,2.028886290066955,0.39,0.4487989505128276,9.81,1,1,7,21,41,-3.0,3.0,0.01,30.0,60.0,1e-09,1e-12,6,0.0001,1,new simulation,nan
3,4,0.0758407346410207,-2.4,-0.7,rolling,6.109999999999914,-0.050576430811438804,2.02675317691109,16,15,1,2.0288847668047296,0.39,0.4487989505128276,9.81,1,1,7,21,41,-3.0,3.0,0.01,30.0,60.0,1e-09,1e-12,6,0.0001,1,new simulation,nan
3,5,0.0758407346410207,-2.25,-0.7,rolling,6.479999999999906,-0.052504273638002794,2.0272347067694714,17,16,1,2.028911175553817,0.39,0.4487989505128276,9.81,1,1,7,21,41,-3.0,3.0,0.01,30.0,60.0,1e-09,1e-12,6,0.0001,1,new simulation,nan
3,6,0.0758407346410207,-2.1,-0.7,rolling,6.479999999999906,-0.054028429037785486,2.0276273346235882,17,16,1,2.028910655100097,0.39,0.4487989505128276,9.81,1,1,7,21,41,-3.0,3.0,0.01,30.0,60.0,1e-09,1e-12,6,0.0001,1,new simulation,nan
3,7,0.0758407346410207,-1.95,-0.7,rolling,6.489999999999906,-0.04508594201212801,2.025482963361268,17,16,1,2.0289101697066485,0.39,0.4487989505128276,9.81,1,1,7,21,41,-3.0,3.0,0.01,30.0,60.0,1e-09,1e-12,6,0.0001,1,new simulation,nan
3,8,0.0758407346410207,-1.8,-0.7,rolling,6.499999999999906,-0.04700400097046388,2.0259104988818675,17,16,1,2.0289097229219406,0.39,0.4487989505128276,9.81,1,1,7,21,41,-3.0,3.0,0.01,30.0,60.0,1e-09,1e-12,6,0.0001,1,new simulation,nan
3,9,0.0758407346410207,-1.6500000000000001,-0.7,rolling,6.519999999999905,-0.041256653166554184,2.0246823568045147,17,16,1,2.0289093096210453,0.39,0.4487989505128276,9.81,1,1,7,21,41,-3.0,3.0,0.01,30.0,60.0,1e-09,1e-12,6,0.0001,1,new simulation,nan
3,10,0.0758407346410207,-1.5,-0.7,rolling,6.539999999999905,-0.050801838769929074,2.0268092468505863,17,16,1,2.028908932901936,0.39,0.4487989505128276,9.81,1,1,7,21,41,-3.0,3.0,0.01,30.0,60.0,1e-09,1e-12,6,0.0001,1,new simulation,nan
3,11,0.0758407346410207,-1.35,-0.7,rolling,6.579999999999904,-0.03935937053395755,2.024311859483726,17,16,1,2.028908592068488,0.39,0.4487989505128276,9.81,1,1,7,21,41,-3.0,3.0,0.01,30.0,60.0,1e-09,1e-12,6,0.0001,1,new simulation,nan
3,12,0.0758407346410207,-1.2000000000000002,-0.7,rolling,6.619999999999903,-0.054308527737186724,2.027700627105661,17,16,1,2.0289082868344366,0.39,0.4487989505128276,9.81,1,1,7,21,41,-3.0,3.0,0.01,30.0,60.0,1e-09,1e-12,6,0.0001,1,new simulation,nan
3,13,0.0758407346410207,-1.05,-0.7,rolling,6.689999999999902,-0.04678699148408621,2.0258611801807183,17,16,1,2.028908016924508,0.39,0.4487989505128276,9.81,1,1,7,21,41,-3.0,3.0,0.01,30.0,60.0,1e-09,1e-12,6,0.0001,1,new simulation,nan
3,14,0.0758407346410207,-0.8999999999999999,-0.7,rolling,6.7899999999999,-0.03991944444583306,2.0244193900655247,17,16,1,2.0289077837477616,0.39,0.4487989505128276,9.81,1,1,7,21,41,-3.0,3.0,0.01,30.0,60.0,1e-09,1e-12,6,0.0001,1,new simulation,nan
3,15,0.0758407346410207,-0.75,-0.7,rolling,6.9399999999998965,-0.04773147068468404,2.026077216389363,17,16,1,2.028907585909421,0.39,0.4487989505128276,9.81,1,1,7,21,41,-3.0,3.0,0.01,30.0,60.0,1e-09,1e-12,6,0.0001,1,new simulation,nan
3,16,0.0758407346410207,-0.6000000000000001,-0.7,rolling,7.24999999999989,-0.04793623263241961,2.0261246182027843,17,16,1,2.0289074253144825,0.39,0.4487989505128276,9.81,1,1,7,21,41,-3.0,3.0,0.01,30.0,60.0,1e-09,1e-12,6,0.0001,1,new simulation,nan
3,17,0.0758407346410207,-0.4500000000000002,-0.7,settled,0.4100000000000002,-0.058798950512827575,0.0,2,1,1,nan,0.39,0.4487989505128276,9.81,1,1,7,21,41,-3.0,3.0,0.01,30.0,60.0,1e-09,1e-12,6,0.0001,1,new simulation,nan
3,18,0.0758407346410207,-0.30000000000000027,-0.7,settled,0.6800000000000004,-0.058798950512827575,0.0,2,1,1,nan,0.39,0.4487989505128276,9.81,1,1,7,21,41,-3.0,3.0,0.01,30.0,60.0,1e-09,1e-12,6,0.0001,1,new simulation,nan
3,19,0.0758407346410207,-0.1499999999999999,-0.7,rolling,6.679999999999902,-0.041111522065255354,2.024653334820528,15,15,0,2.028907155690847,0.39,0.4487989505128276,9.81,1,1,7,21,41,-3.0,3.0,0.01,30.0,60.0,1e-09,1e-12,6,0.0001,1,new simulation,nan
3,20,0.0758407346410207,0.0,-0.7,rolling,6.359999999999909,-0.04442019397546411,2.0253386039266728,15,15,0,2.0289070375913556,0.39,0.4487989505128276,9.81,1,1,7,21,41,-3.0,3.0,0.01,30.0,60.0,1e-09,1e-12,6,0.0001,1,new simulation,nan
3,21,0.0758407346410207,0.1499999999999999,-0.7,rolling,6.199999999999912,-0.050426353256321235,2.0267172386671253,15,15,0,2.028907155587952,0.39,0.4487989505128276,9.81,1,1,7,21,41,-3.0,3.0,0.01,30.0,60.0,1e-09,1e-12,6,0.0001,1,new simulation,nan
3,22,0.0758407346410207,0.2999999999999998,-0.7,rolling,6.089999999999915,-0.057915240731968166,2.0286789593692287,15,15,0,2.0289075115589603,0.39,0.4487989505128276,9.81,1,1,7,21,41,-3.0,3.0,0.01,30.0,60.0,1e-09,1e-12,6,0.0001,1,new simulation,nan
3,23,0.0758407346410207,0.44999999999999973,-0.7,rolling,6.009999999999916,-0.054979629433584254,2.027877941776499,15,15,0,2.028908106278083,0.39,0.4487989505128276,9.81,1,1,7,21,41,-3.0,3.0,0.01,30.0,60.0,1e-09,1e-12,6,0.0001,1,new simulation,nan
3,24,0.0758407346410207,0.5999999999999996,-0.7,rolling,5.949999999999918,-0.041150030212869296,2.024661065761157,15,15,0,2.028908937400486,0.39,0.4487989505128276,9.81,1,1,7,21,41,-3.0,3.0,0.01,30.0,60.0,1e-09,1e-12,6,0.0001,1,new simulation,nan
3,25,0.0758407346410207,0.75,-0.7,rolling,5.889999999999919,-0.046653317399616145,2.0258310150773036,15,15,0,2.028910005567036,0.39,0.4487989505128276,9.81,1,1,7,21,41,-3.0,3.0,0.01,30.0,60.0,1e-09,1e-12,6,0.0001,1,new simulation,nan
3,26,0.0758407346410207,0.8999999999999999,-0.7,rolling,5.83999999999992,-0.045421362147437506,2.0255564907574737,15,15,0,2.0289113121757794,0.39,0.4487989505128276,9.81,1,1,7,21,41,-3.0,3.0,0.01,30.0,60.0,1e-09,1e-12,6,0.0001,1,new simulation,nan
3,27,0.0758407346410207,1.0499999999999998,-0.7,rolling,5.419999999999929,-0.04449090900377023,2.025353191066287,14,14,0,2.0288876574117576,0.39,0.4487989505128276,9.81,1,1,7,21,41,-3.0,3.0,0.01,30.0,60.0,1e-09,1e-12,6,0.0001,1,new simulation,nan
3,28,0.0758407346410207,1.2000000000000002,-0.7,rolling,5.37999999999993,-0.04058568239448296,2.024548795175138,14,14,0,2.0288922381774785,0.39,0.4487989505128276,9.81,1,1,7,21,41,-3.0,3.0,0.01,30.0,60.0,1e-09,1e-12,6,0.0001,1,new simulation,nan
3,29,0.0758407346410207,1.3499999999999996,-0.7,rolling,5.339999999999931,-0.04272747180282568,2.024981111559307,14,14,0,2.0288974323898286,0.39,0.4487989505128276,9.81,1,1,7,21,41,-3.0,3.0,0.01,30.0,60.0,1e-09,1e-12,6,0.0001,1,new simulation,nan
3,30,0.0758407346410207,1.5,-0.7,rolling,5.299999999999931,-0.0498070358534763,2.0265669326723064,14,14,0,2.028903235662112,0.39,0.4487989505128276,9.81,1,1,7,21,41,-3.0,3.0,0.01,30.0,60.0,1e-09,1e-12,6,0.0001,1,new simulation,nan
3,31,0.0758407346410207,1.6499999999999995,-0.7,rolling,5.269999999999932,-0.04075955942823336,2.024583624406668,14,14,0,2.028909649860795,0.39,0.4487989505128276,9.81,1,1,7,21,41,-3.0,3.0,0.01,30.0,60.0,1e-09,1e-12,6,0.0001,1,new simulation,nan
3,32,0.0758407346410207,1.7999999999999998,-0.7,rolling,4.859999999999941,-0.04584423698416798,2.025649462065551,13,13,0,2.0288974838230582,0.39,0.4487989505128276,9.81,1,1,7,21,41,-3.0,3.0,0.01,30.0,60.0,1e-09,1e-12,6,0.0001,1,new simulation,nan
3,33,0.0758407346410207,1.9500000000000002,-0.7,rolling,4.4499999999999496,-0.05400438690753186,2.0276206622807895,12,12,0,2.0288986477091746,0.39,0.4487989505128276,9.81,1,1,7,21,41,-3.0,3.0,0.01,30.0,60.0,1e-09,1e-12,6,0.0001,1,new simulation,nan
3,34,0.0758407346410207,2.0999999999999996,-0.7,rolling,4.41999999999995,-0.054268262346173345,2.0276915255445576,12,12,0,2.028953221016314,0.39,0.4487989505128276,9.81,1,1,7,21,41,-3.0,3.0,0.01,30.0,60.0,1e-09,1e-12,6,0.0001,1,new simulation,nan
3,35,0.0758407346410207,2.25,-0.7,rolling,4.769999999999943,-0.04634840191446109,2.025764052866892,13,13,0,2.028961128734649,0.39,0.4487989505128276,9.81,1,1,7,21,41,-3.0,3.0,0.01,30.0,60.0,1e-09,1e-12,6,0.0001,1,new simulation,nan
3,36,0.0758407346410207,2.3999999999999995,-0.7,rolling,5.119999999999935,-0.04062902050426455,2.02455924256247,14,14,0,2.0289508855204352,0.39,0.4487989505128276,9.81,1,1,7,21,41,-3.0,3.0,0.01,30.0,60.0,1e-09,1e-12,6,0.0001,1,new simulation,nan
3,37,0.0758407346410207,2.55,-0.7,rolling,5.089999999999936,-0.04751604789630789,2.026029308486459,14,14,0,2.028960964874211,0.39,0.4487989505128276,9.81,1,1,7,21,41,-3.0,3.0,0.01,30.0,60.0,1e-09,1e-12,6,0.0001,1,new simulation,nan
3,38,0.0758407346410207,2.7,-0.7,rolling,5.0599999999999365,-0.05625136244624046,2.0282219642714594,14,14,0,2.028971654947208,0.39,0.4487989505128276,9.81,1,1,7,21,41,-3.0,3.0,0.01,30.0,60.0,1e-09,1e-12,6,0.0001,1,new simulation,nan
3,39,0.0758407346410207,2.8499999999999996,-0.7,rolling,5.409999999999929,-0.05607585041924635,2.0281736013238105,15,15,0,2.028949902624514,0.39,0.4487989505128276,9.81,1,1,7,21,41,-3.0,3.0,0.01,30.0,60.0,1e-09,1e-12,6,0.0001,1,new simulation,nan
3,40,0.0758407346410207,3.0,-0.7,rolling,5.3899999999999295,-0.047825990607329304,2.0261006105605133,15,15,0,2.028954532770777,0.39,0.4487989505128276,9.81,1,1,7,21,41,-3.0,3.0,0.01,30.0,60.0,1e-09,1e-12,6,0.0001,1,new simulation,nan
4,0,0.12072062969230346,-3.0,-0.6,rolling,6.1899999999999125,-0.04192261543033017,2.024815921181239,16,15,1,2.0288912361222544,0.39,0.4487989505128276,9.81,1,1,7,21,41,-3.0,3.0,0.01,30.0,60.0,1e-09,1e-12,6,0.0001,1,new simulation,nan
4,1,0.12072062969230346,-2.85,-0.6,rolling,6.159999999999913,-0.05691392435659302,2.0284005006256325,16,15,1,2.0288894354672755,0.39,0.4487989505128276,9.81,1,1,7,21,41,-3.0,3.0,0.01,30.0,60.0,1e-09,1e-12,6,0.0001,1,new simulation,nan
4,2,0.12072062969230346,-2.7,-0.6,rolling,6.149999999999913,-0.04324237100021318,2.0250879806372213,16,15,1,2.0288877280206377,0.39,0.4487989505128276,9.81,1,1,7,21,41,-3.0,3.0,0.01,30.0,60.0,1e-09,1e-12,6,0.0001,1,new simulation,nan
4,3,0.12072062969230346,-2.55,-0.6,rolling,6.1399999999999135,-0.040076434655214,2.024449100147573,16,15,1,2.0288861118666834,0.39,0.4487989505128276,9.81,1,1,7,21,41,-3.0,3.0,0.01,30.0,60.0,1e-09,1e-12,6,0.0001,1,new simulation,nan
4,4,0.12072062969230346,-2.4,-0.6,rolling,6.129999999999914,-0.046683060460075344,2.0258369025837535,16,15,1,2.0288845891739005,0.39,0.4487989505128276,9.81,1,1,7,21,41,-3.0,3.0,0.01,30.0,60.0,1e-09,1e-12,6,0.0001,1,new simulation,nan
4,5,0.12072062969230346,-2.25,-0.6,rolling,6.499999999999906,-0.05225386529166404,2.027171260160216,17,16,1,2.028911106939298,0.39,0.4487989505128276,9.81,1,1,7,21,41,-3.0,3.0,0.01,30.0,60.0,1e-09,1e-12,6,0.0001,1,new simulation,nan
4,6,0.12072062969230346,-2.1,-0.6,rolling,6.499999999999906,-0.05800151185274853,2.0287032278855976,17,16,1,2.028910585928559,0.39,0.4487989505128276,9.81,1,1,7,21,41,-3.0,3.0,0.01,30.0,60.0,1e-09,1e-12,6,0.0001,1,new simulation,nan
4,7,0.12072062969230346,-1.95,-0.6,rolling,6.509999999999906,-0.054059822700783515,2.0276355207927774,17,16,1,2.0289101011785573,0.39,0.4487989505128276,9.81,1,1,7,21,41,-3.0,3.0,0.01,30.0,60.0,1e-09,1e-12,6,0.0001,1,new simulation,nan
4,8,0.12072062969230346,-1.8,-0.6,rolling,6.529999999999905,-0.04180066270889836,2.0247917974337684,17,16,1,2.028909652588554,0.39,0.4487989505128276,9.81,1,1,7,21,41,-3.0,3.0,0.01,30.0,60.0,1e-09,1e-12,6,0.0001,1,new simulation,nan
4,9,0.12072062969230346,-1.6500000000000001,-0.6,rolling,6.549999999999905,-0.043664420007502903,2.0251774946669885,17,16,1,2.0289092400211013,0.39,0.4487989505128276,9.81,1,1,7,21,41,-3.0,3.0,0.01,30.0,60.0,1e-09,1e-12,6,0.0001,1,new simulation,nan
4,10,0.12072062969230346,-1.5,-0.6,rolling,6.579999999999904,-0.042818038859847835,2.0250002454418516,17,16,1,2.0289088632127026,0.39,0.4487989505128276,9.81,1,1,7,21,41,-3.0,3.0,0.01,30.0,60.0,1e-09,1e-12,6,0.0001,1,new simulation,nan
4,11,0.12072062969230346,-1.35,-0.6,rolling,6.619999999999903,-0.04473331409401526,2.0254062336035124,17,16,1,2.0289085222992322,0.39,0.4487989505128276,9.81,1,1,7,21,41,-3.0,3.0,0.01,30.0,60.0,1e-09,1e-12,6,0.0001,1,new simulation,nan
4,12,0.12072062969230346,-1.2000000000000002,-0.6,rolling,6.669999999999902,-0.058624086373717126,2.0288785949498265,17,16,1,2.028908218126487,0.39,0.4487989505128276,9.81,1,1,7,21,41,-3.0,3.0,0.01,30.0,60.0,1e-09,1e-12,6,0.0001,1,new simulation,nan
4,13,0.12072062969230346,-1.05,-0.6,rolling,6.7599999999999,-0.04059496715084203,2.0245511359173745,17,16,1,2.0289079486517188,0.39,0.4487989505128276,9.81,1,1,7,21,41,-3.0,3.0,0.01,30.0,60.0,1e-09,1e-12,6,0.0001,1,new simulation,nan
4,14,0.12072062969230346,-0.8999999999999999,-0.6,rolling,6.879999999999898,-0.04695365084669932,2.0258989817093918,17,16,1,2.0289077149169046,0.39,0.4487989505128276,9.81,1,1,7,21,41,-3.0,3.0,0.01,30.0,60.0,1e-09,1e-12,6,0.0001,1,new simulation,nan
4,15,0.12072062969230346,-0.75,-0.6,rolling,7.089999999999893,-0.05850269123468025,2.0288442155014126,17,16,1,2.028907517633677,0.39,0.4487989505128276,9.81,1,1,7,21,41,-3.0,3.0,0.01,30.0,60.0,1e-09,1e-12,6,0.0001,1,new simulation,nan
4,16,0.12072062969230346,-0.6000000000000001,-0.6,rolling,7.789999999999878,-0.05444427695652259,2.0277362892234154,17,16,1,2.0289073560897317,0.39,0.4487989505128276,9.81,1,1,7,21,41,-3.0,3.0,0.01,30.0,60.0,1e-09,1e-12,6,0.0001,1,new simulation,nan
4,17,0.12072062969230346,-0.4500000000000002,-0.6,settled,0.6700000000000004,-0.058798950512827575,0.0,2,1,1,nan,0.39,0.4487989505128276,9.81,1,1,7,21,41,-3.0,3.0,0.01,30.0,60.0,1e-09,1e-12,6,0.0001,1,new simulation,nan
4,18,0.12072062969230346,-0.30000000000000027,-0.6,rolling,6.709999999999901,-0.05704009956952337,2.028435825912079,15,15,0,2.0289070561422964,0.39,0.4487989505128276,9.81,1,1,7,21,41,-3.0,3.0,0.01,30.0,60.0,1e-09,1e-12,6,0.0001,1,new simulation,nan
4,19,0.12072062969230346,-0.1499999999999999,-0.6,rolling,6.369999999999909,-0.054707020855322766,2.0278056041651813,15,15,0,2.0289066999292564,0.39,0.4487989505128276,9.81,1,1,7,21,41,-3.0,3.0,0.01,30.0,60.0,1e-09,1e-12,6,0.0001,1,new simulation,nan
4,20,0.12072062969230346,0.0,-0.6,rolling,6.209999999999912,-0.05245385323489103,2.0272217588979773,15,15,0,2.028906581397648,0.39,0.4487989505128276,9.81,1,1,7,21,41,-3.0,3.0,0.01,30.0,60.0,1e-09,1e-12,6,0.0001,1,new simulation,nan
4,21,0.12072062969230346,0.1499999999999999,-0.6,rolling,6.099999999999914,-0.05745391915592382,2.028550318789236,15,15,0,2.0289067001640197,0.39,0.4487989505128276,9.81,1,1,7,21,41,-3.0,3.0,0.01,30.0,60.0,1e-09,1e-12,6,0.0001,1,new simulation,nan
4,22,0.12072062969230346,0.2999999999999998,-0.6,rolling,6.019999999999916,-0.05389977433743442,2.027593641325012,15,15,0,2.0289070571806698,0.39,0.4487989505128276,9.81,1,1,7,21,41,-3.0,3.0,0.01,30.0,60.0,1e-09,1e-12,6,0.0001,1,new simulation,nan
4,23,0.12072062969230346,0.44999999999999973,-0.6,rolling,5.959999999999917,-0.04021722652178539,2.0244771879438237,15,15,0,2.028907650565176,0.39,0.4487989505128276,9.81,1,1,7,21,41,-3.0,3.0,0.01,30.0,60.0,1e-09,1e-12,6,0.0001,1,new simulation,nan
4,24,0.12072062969230346,0.5999999999999996,-0.6,rolling,5.899999999999919,-0.04618948831817275,2.025726733798717,15,15,0,2.028908480938024,0.39,0.4487989505128276,9.81,1,1,7,21,41,-3.0,3.0,0.01,30.0,60.0,1e-09,1e-12,6,0.0001,1,new simulation,nan
4,25,0.12072062969230346,0.75,-0.6,rolling,5.84999999999992,-0.04554152239810552,2.0255828924482038,15,15,0,2.0289095503219134,0.39,0.4487989505128276,9.81,1,1,7,21,41,-3.0,3.0,0.01,30.0,60.0,1e-09,1e-12,6,0.0001,1,new simulation,nan
4,26,0.12072062969230346,0.8999999999999999,-0.6,rolling,5.799999999999921,-0.05485545592318114,2.027845058276839,15,15,0,2.0289108560427738,0.39,0.4487989505128276,9.81,1,1,7,21,41,-3.0,3.0,0.01,30.0,60.0,1e-09,1e-12,6,0.0001,1,new simulation,nan
4,27,0.12072062969230346,1.0499999999999998,-0.6,rolling,5.3899999999999295,-0.04182873242902935,2.02479672446973,14,14,0,2.0288864844171886,0.39,0.4487989505128276,9.81,1,1,7,21,41,-3.0,3.0,0.01,30.0,60.0,1e-09,1e-12,6,0.0001,1,new simulation,nan
4,28,0.12072062969230346,1.2000000000000002,-0.6,rolling,5.34999999999993,-0.04442171029952405,2.0253384064633972,14,14,0,2.028891066770948,0.39,0.4487989505128276,9.81,1,1,7,21,41,-3.0,3.0,0.01,30.0,60.0,1e-09,1e-12,6,0.0001,1,new simulation,nan
4,29,0.12072062969230346,1.3499999999999996,-0.6,rolling,5.309999999999931,-0.051857654837032745,2.0270710079136336,14,14,0,2.0288962588967547,0.39,0.4487989505128276,9.81,1,1,7,21,41,-3.0,3.0,0.01,30.0,60.0,1e-09,1e-12,6,0.0001,1,new simulation,nan
4,30,0.12072062969230346,1.5,-0.6,rolling,5.279999999999932,-0.04306487642905532,2.0250513562090497,14,14,0,2.0289020622529286,0.39,0.4487989505128276,9.81,1,1,7,21,41,-3.0,3.0,0.01,30.0,60.0,1e-09,1e-12,6,0.0001,1,new simulation,nan
4,31,0.12072062969230346,1.6499999999999995,-0.6,rolling,5.239999999999933,-0.05797368458343602,2.028695360686297,14,14,0,2.028908478042881,0.39,0.4487989505128276,9.81,1,1,7,21,41,-3.0,3.0,0.01,30.0,60.0,1e-09,1e-12,6,0.0001,1,new simulation,nan
4,32,0.12072062969230346,1.7999999999999998,-0.6,rolling,4.839999999999941,-0.04594292103250081,2.0256712880010648,13,13,0,2.028894467388375,0.39,0.4487989505128276,9.81,1,1,7,21,41,-3.0,3.0,0.01,30.0,60.0,1e-09,1e-12,6,0.0001,1,new simulation,nan
4,33,0.12072062969230346,1.9500000000000002,-0.6,rolling,4.42999999999995,-0.056821912348393934,2.028375254526626,12,12,0,2.0288908860148744,0.39,0.4487989505128276,9.81,1,1,7,21,41,-3.0,3.0,0.01,30.0,60.0,1e-09,1e-12,6,0.0001,1,new simulation,nan
4,34,0.12072062969230346,2.0999999999999996,-0.6,rolling,4.0299999999999585,-0.04979480051310384,2.026566218491762,11,11,0,2.028971530009447,0.39,0.4487989505128276,9.81,1,1,7,21,41,-3.0,3.0,0.01,30.0,60.0,1e-09,1e-12,6,0.0001,1,new simulation,nan
4,35,0.12072062969230346,2.25,-0.6,rolling,4.749999999999943,-0.053611076963171356,2.0275202626684803,13,13,0,2.0289581128291103,0.39,0.4487989505128276,9.81,1,1,7,21,41,-3.0,3.0,0.01,30.0,60.0,1e-09,1e-12,6,0.0001,1,new simulation,nan
4,36,0.12072062969230346,2.3999999999999995,-0.6,rolling,5.099999999999936,-0.049729229188208775,2.026549717076166,14,14,0,2.028949712443279,0.39,0.4487989505128276,9.81,1,1,7,21,41,-3.0,3.0,0.01,30.0,60.0,1e-09,1e-12,6,0.0001,1,new simulation,nan
4,37,0.12072062969230346,2.55,-0.6,rolling,5.069999999999936,-0.05826851407014371,2.0287798493694695,14,14,0,2.0289597919548457,0.39,0.4487989505128276,9.81,1,1,7,21,41,-3.0,3.0,0.01,30.0,60.0,1e-09,1e-12,6,0.0001,1,new simulation,nan
4,38,0.12072062969230346,2.7,-0.6,rolling,5.049999999999937,-0.04820662695618648,2.0261895886757832,14,14,0,2.028970481647284,0.39,0.4487989505128276,9.81,1,1,7,21,41,-3.0,3.0,0.01,30.0,60.0,1e-09,1e-12,6,0.0001,1,new simulation,nan
4,39,0.12072062969230346,2.8499999999999996,-0.6,rolling,5.399999999999929,-0.04936273319142469,2.026461842756773,15,15,0,2.0289494465672973,0.39,0.4487989505128276,9.81,1,1,7,21,41,-3.0,3.0,0.01,30.0,60.0,1e-09,1e-12,6,0.0001,1,new simulation,nan
4,40,0.12072062969230346,3.0,-0.6,rolling,5.37999999999993,-0.042326504077229446,2.024900379332352,15,15,0,2.0289540761016034,0.39,0.4487989505128276,9.81,1,1,7,21,41,-3.0,3.0,0.01,30.0,60.0,1e-09,1e-12,6,0.0001,1,new simulation,nan
5,0,0.16560052474358622,-3.0,-0.5,rolling,6.199999999999912,-0.04488061649441515,2.0254376159059264,16,15,1,2.028890977588458,0.39,0.4487989505128276,9.81,1,1,7,21,41,-3.0,3.0,0.01,30.0,60.0,1e-09,1e-12,6,0.0001,1,new simulation,nan
5,1,0.16560052474358622,-2.85,-0.5,rolling,6.179999999999913,-0.04271586639663026,2.0249784401499444,16,15,1,2.0288891784303913,0.39,0.4487989505128276,9.81,1,1,7,21,41,-3.0,3.0,0.01,30.0,60.0,1e-09,1e-12,6,0.0001,1,new simulation,nan
5,2,0.16560052474358622,-2.7,-0.5,rolling,6.159999999999913,-0.05249894853714896,2.0272325790381136,16,15,1,2.0288874702700515,0.39,0.4487989505128276,9.81,1,1,7,21,41,-3.0,3.0,0.01,30.0,60.0,1e-09,1e-12,6,0.0001,1,new simulation,nan
5,3,0.16560052474358622,-2.55,-0.5,rolling,6.149999999999913,-0.052741186455626345,2.0272941776102686,16,15,1,2.0288858545448476,0.39,0.4487989505128276,9.81,1,1,7,21,41,-3.0,3.0,0.01,30.0,60.0,1e-09,1e-12,6,0.0001,1,new simulation,nan
5,4,0.16560052474358622,-2.4,-0.5,rolling,6.519999999999905,-0.05251352696732313,2.027237068837533,17,16,1,2.0289115625430374,0.39,0.4487989505128276,9.81,1,1,7,21,41,-3.0,3.0,0.01,30.0,60.0,1e-09,1e-12,6,0.0001,1,new simulation,nan
5,5,0.16560052474358622,-2.25,-0.5,rolling,6.519999999999905,-0.052725182883650724,2.02729091961222,17,16,1,2.0289110064150644,0.39,0.4487989505128276,9.81,1,1,7,21,41,-3.0,3.0,0.01,30.0,60.0,1e-09,1e-12,6,0.0001,1,new simulation,nan
5,6,0.16560052474358622,-2.1,-0.5,rolling,6.529999999999905,-0.043238339779265854,2.025087883148637,17,16,1,2.0289104866357857,0.39,0.4487989505128276,9.81,1,1,7,21,41,-3.0,3.0,0.01,30.0,60.0,1e-09,1e-12,6,0.0001,1,new simulation,nan
5,7,0.16560052474358622,-1.95,-0.5,rolling,6.539999999999905,-0.04536511932182869,2.025544089103144,17,16,1,2.0289100012969055,0.39,0.4487989505128276,9.81,1,1,7,21,41,-3.0,3.0,0.01,30.0,60.0,1e-09,1e-12,6,0.0001,1,new simulation,nan
5,8,0.16560052474358622,-1.8,-0.5,rolling,6.559999999999905,-0.04064754751018569,2.0245615348575967,17,16,1,2.0289095531815904,0.39,0.4487989505128276,9.81,1,1,7,21,41,-3.0,3.0,0.01,30.0,60.0,1e-09,1e-12,6,0.0001,1,new simulation,nan
5,9,0.16560052474358622,-1.6500000000000001,-0.5,rolling,6.579999999999904,-0.052217428440272745,2.0271619903319626,17,16,1,2.0289091402503456,0.39,0.4487989505128276,9.81,1,1,7,21,41,-3.0,3.0,0.01,30.0,60.0,1e-09,1e-12,6,0.0001,1,new simulation,nan
5,10,0.16560052474358622,-1.5,-0.5,rolling,6.619999999999903,-0.04415576463694271,2.025281954610846,17,16,1,2.028908764951334,0.39,0.4487989505128276,9.81,1,1,7,21,41,-3.0,3.0,0.01,30.0,60.0,1e-09,1e-12,6,0.0001,1,new simulation,nan
5,11,0.16560052474358622,-1.35,-0.5,rolling,6.669999999999902,-0.04434518485058328,2.025322527469362,17,16,1,2.0289084216058515,0.39,0.4487989505128276,9.81,1,1,7,21,41,-3.0,3.0,0.01,30.0,60.0,1e-09,1e-12,6,0.0001,1,new simulation,nan
5,12,0.16560052474358622,-1.2000000000000002,-0.5,rolling,6.739999999999901,-0.04612907013542858,2.02571322228135,17,16,1,2.0289081183792286,0.39,0.4487989505128276,9.81,1,1,7,21,41,-3.0,3.0,0.01,30.0,60.0,1e-09,1e-12,6,0.0001,1,new simulation,nan
5,13,0.16560052474358622,-1.05,-0.5,rolling,6.839999999999899,-0.056766244535276796,2.028360527813525,17,16,1,2.0289078488855554,0.39,0.4487989505128276,9.81,1,1,7,21,41,-3.0,3.0,0.01,30.0,60.0,1e-09,1e-12,6,0.0001,1,new simulation,nan
5,14,0.16560052474358622,-0.8999999999999999,-0.5,rolling,7.019999999999895,-0.044672846433016264,2.0253931183533744,17,16,1,2.0289076153675842,0.39,0.4487989505128276,9.81,1,1,7,21,41,-3.0,3.0,0.01,30.0,60.0,1e-09,1e-12,6,0.0001,1,new simulation,nan
5,15,0.16560052474358622,-0.75,-0.5,rolling,7.4099999999998865,-0.055139099802985606,2.0279203743232377,17,16,1,2.0289074180498603,0.39,0.4487989505128276,9.81,1,1,7,21,41,-3.0,3.0,0.01,30.0,60.0,1e-09,1e-12,6,0.0001,1,new simulation,nan
5,16,0.16560052474358622,-0.6000000000000001,-0.5,settled,0.6700000000000004,-0.058798950512827575,0.0,2,1,1,nan,0.39,0.4487989505128276,9.81,1,1,7,21,41,-3.0,3.0,0.01,30.0,60.0,1e-09,1e-12,6,0.0001,1,new simulation,nan
5,17,0.16560052474358622,-0.4500000000000002,-0.5,rolling,6.7599999999999,-0.04400742049818345,2.02525022998174,15,15,0,2.0289069872160534,0.39,0.4487989505128276,9.81,1,1,7,21,41,-3.0,3.0,0.01,30.0,60.0,1e-09,1e-12,6,0.0001,1,new simulation,nan
5,18,0.16560052474358622,-0.30000000000000027,-0.5,rolling,6.389999999999908,-0.04634026383913526,2.02576043491863,15,15,0,2.028906393361061,0.39,0.4487989505128276,9.81,1,1,7,21,41,-3.0,3.0,0.01,30.0,60.0,1e-09,1e-12,6,0.0001,1,new simulation,nan
5,19,0.16560052474358622,-0.1499999999999999,-0.5,rolling,6.219999999999912,-0.055197347825516,2.0279358654977204,15,15,0,2.028906037245451,0.39,0.4487989505128276,9.81,1,1,7,21,41,-3.0,3.0,0.01,30.0,60.0,1e-09,1e-12,6,0.0001,1,new simulation,nan
5,20,0.16560052474358622,0.0,-0.5,rolling,6.109999999999914,-0.057495515098923256,2.0285618503869425,15,15,0,2.028905919185705,0.39,0.4487989505128276,9.81,1,1,7,21,41,-3.0,3.0,0.01,30.0,60.0,1e-09,1e-12,6,0.0001,1,new simulation,nan
5,21,0.16560052474358622,0.1499999999999999,-0.5,rolling,6.029999999999916,-0.05329449700810029,2.027436720220759,15,15,0,2.028906037217154,0.39,0.4487989505128276,9.81,1,1,7,21,41,-3.0,3.0,0.01,30.0,60.0,1e-09,1e-12,6,0.0001,1,new simulation,nan
5,22,0.16560052474358622,0.2999999999999998,-0.5,rolling,5.969999999999917,-0.039807061913737965,2.0243976401194357,15,15,0,2.0289063936061846,0.39,0.4487989505128276,9.81,1,1,7,21,41,-3.0,3.0,0.01,30.0,60.0,1e-09,1e-12,6,0.0001,1,new simulation,nan
5,23,0.16560052474358622,0.44999999999999973,-0.5,rolling,5.909999999999918,-0.046335060835829264,2.0257592864333502,15,15,0,2.028906987435659,0.39,0.4487989505128276,9.81,1,1,7,21,41,-3.0,3.0,0.01,30.0,60.0,1e-09,1e-12,6,0.0001,1,new simulation,nan
5,24,0.16560052474358622,0.5999999999999996,-0.5,rolling,5.8599999999999195,-0.04637462395735656,2.0257681906635825,15,15,0,2.0289078181469717,0.39,0.4487989505128276,9.81,1,1,7,21,41,-3.0,3.0,0.01,30.0,60.0,1e-09,1e-12,6,0.0001,1,new simulation,nan
5,25,0.16560052474358622,0.75,-0.5,rolling,5.809999999999921,-0.05638672343128586,2.0282567682846464,15,15,0,2.0289088874483565,0.39,0.4487989505128276,9.81,1,1,7,21,41,-3.0,3.0,0.01,30.0,60.0,1e-09,1e-12,6,0.0001,1,new simulation,nan
5,26,0.16560052474358622,0.8999999999999999,-0.5,rolling,5.769999999999921,-0.05364945562815753,2.0275286475877197,15,15,0,2.0289101937379534,0.39,0.4487989505128276,9.81,1,1,7,21,41,-3.0,3.0,0.01,30.0,60.0,1e-09,1e-12,6,0.0001,1,new simulation,nan
5,27,0.16560052474358622,1.0499999999999998,-0.5,rolling,5.35999999999993,-0.04713177845864652,2.0259387939076148,14,14,0,2.0288847785731905,0.39,0.4487989505128276,9.81,1,1,7,21,41,-3.0,3.0,0.01,30.0,60.0,1e-09,1e-12,6,0.0001,1,new simulation,nan
5,28,0.16560052474358622,1.2000000000000002,-0.5,rolling,5.319999999999931,-0.05500321737431042,2.027883599698223,14,14,0,2.0288893606884044,0.39,0.4487989505128276,9.81,1,1,7,21,41,-3.0,3.0,0.01,30.0,60.0,1e-09,1e-12,6,0.0001,1,new simulation,nan
5,29,0.16560052474358622,1.3499999999999996,-0.5,rolling,5.289999999999932,-0.04652603387281284,2.0258018022470936,14,14,0,2.02889455336715,0.39,0.4487989505128276,9.81,1,1,7,21,41,-3.0,3.0,0.01,30.0,60.0,1e-09,1e-12,6,0.0001,1,new simulation,nan
5,30,0.16560052474358622,1.5,-0.5,rolling,5.259999999999932,-0.04138045770634398,2.0247068416170846,14,14,0,2.02890035816872,0.39,0.4487989505128276,9.81,1,1,7,21,41,-3.0,3.0,0.01,30.0,60.0,1e-09,1e-12,6,0.0001,1,new simulation,nan
5,31,0.16560052474358622,1.6499999999999995,-0.5,rolling,5.229999999999933,-0.03911977037829659,2.0242662500807596,14,14,0,2.028906772296333,0.39,0.4487989505128276,9.81,1,1,7,21,41,-3.0,3.0,0.01,30.0,60.0,1e-09,1e-12,6,0.0001,1,new simulation,nan
5,32,0.16560052474358622,1.7999999999999998,-0.5,rolling,4.819999999999942,-0.05001019071347147,2.0266155626915596,13,13,0,2.02889008007825,0.39,0.4487989505128276,9.81,1,1,7,21,41,-3.0,3.0,0.01,30.0,60.0,1e-09,1e-12,6,0.0001,1,new simulation,nan
5,33,0.16560052474358622,1.9500000000000002,-0.5,rolling,4.789999999999942,-0.05258400437299475,2.027254920937714,13,13,0,2.0289097229607234,0.39,0.4487989505128276,9.81,1,1,7,21,41,-3.0,3.0,0.01,30.0,60.0,1e-09,1e-12,6,0.0001,1,new simulation,nan
5,34,0.16560052474358622,2.0999999999999996,-0.5,rolling,3.6399999999999664,-0.0485350002812808,2.0262662454151843,10,10,0,2.0289639189868294,0.39,0.4487989505128276,9.81,1,1,7,21,41,-3.0,3.0,0.01,30.0,60.0,1e-09,1e-12,6,0.0001,1,new simulation,nan
5,35,0.16560052474358622,2.25,-0.5,rolling,4.739999999999943,-0.04352553804673028,2.0251496322531306,13,13,0,2.028953724692566,0.39,0.4487989505128276,9.81,1,1,7,21,41,-3.0,3.0,0.01,30.0,60.0,1e-09,1e-12,6,0.0001,1,new simulation,nan
5,36,0.16560052474358622,2.3999999999999995,-0.5,rolling,5.089999999999936,-0.04123299368076429,2.0246788980290473,14,14,0,2.0289480075818496,0.39,0.4487989505128276,9.81,1,1,7,21,41,-3.0,3.0,0.01,30.0,60.0,1e-09,1e-12,6,0.0001,1,new simulation,nan
5,37,0.16560052474358622,2.55,-0.5,rolling,5.0599999999999365,-0.05118440436124311,2.0269052316833034,14,14,0,2.028958086360543,0.39,0.4487989505128276,9.81,1,1,7,21,41,-3.0,3.0,0.01,30.0,60.0,1e-09,1e-12,6,0.0001,1,new simulation,nan
5,38,0.16560052474358622,2.7,-0.5,rolling,5.039999999999937,-0.04240966315318956,2.0249179265950934,14,14,0,2.0289687763654793,0.39,0.4487989505128276,9.81,1,1,7,21,41,-3.0,3.0,0.01,30.0,60.0,1e-09,1e-12,6,0.0001,1,new simulation,nan
5,39,0.16560052474358622,2.8499999999999996,-0.5,rolling,5.3899999999999295,-0.044723632587243864,2.0254054547429337,15,15,0,2.0289487832576825,0.39,0.4487989505128276,9.81,1,1,7,21,41,-3.0,3.0,0.01,30.0,60.0,1e-09,1e-12,6,0.0001,1,new simulation,nan
5,40,0.16560052474358622,3.0,-0.5,rolling,5.36999999999993,-0.038744929344483856,2.0241970707516304,15,15,0,2.0289534143045946,0.39,0.4487989505128276,9.81,1,1,7,21,41,-3.0,3.0,0.01,30.0,60.0,1e-09,1e-12,6,0.0001,1,new simulation,nan
6,0,0.21048041979486898,-3.0,-0.4,rolling,6.209999999999912,-0.04625476325872768,2.0257407562440846,16,15,1,2.028890640303812,0.39,0.4487989505128276,9.81,1,1,7,21,41,-3.0,3.0,0.01,30.0,60.0,1e-09,1e-12,6,0.0001,1,new simulation,nan
6,1,0.21048041979486898,-2.85,-0.4,rolling,6.1899999999999125,-0.04769761319418868,2.026068784055443,16,15,1,2.028888840126884,0.39,0.4487989505128276,9.81,1,1,7,21,41,-3.0,3.0,0.01,30.0,60.0,1e-09,1e-12,6,0.0001,1,new simulation,nan
6,2,0.21048041979486898,-2.7,-0.4,rolling,6.179999999999913,-0.0409212554416689,2.0246148771018415,16,15,1,2.0288871319231347,0.39,0.4487989505128276,9.81,1,1,7,21,41,-3.0,3.0,0.01,30.0,60.0,1e-09,1e-12,6,0.0001,1,new simulation,nan
6,3,0.21048041979486898,-2.55,-0.4,rolling,6.169999999999913,-0.045125053792389694,2.025490699657358,16,15,1,2.028885517102044,0.39,0.4487989505128276,9.81,1,1,7,21,41,-3.0,3.0,0.01,30.0,60.0,1e-09,1e-12,6,0.0001,1,new simulation,nan
6,4,0.21048041979486898,-2.4,-0.4,rolling,6.539999999999905,-0.04930954237633433,2.026447897909219,17,16,1,2.028911430432697,0.39,0.4487989505128276,9.81,1,1,7,21,41,-3.0,3.0,0.01,30.0,60.0,1e-09,1e-12,6,0.0001,1,new simulation,nan
6,5,0.21048041979486898,-2.25,-0.4,rolling,6.539999999999905,-0.054605394160555605,2.027778884339528,17,16,1,2.0289108760912433,0.39,0.4487989505128276,9.81,1,1,7,21,41,-3.0,3.0,0.01,30.0,60.0,1e-09,1e-12,6,0.0001,1,new simulation,nan
6,6,0.21048041979486898,-2.1,-0.4,rolling,6.549999999999905,-0.05116315925871431,2.026898411446431,17,16,1,2.028910354506366,0.39,0.4487989505128276,9.81,1,1,7,21,41,-3.0,3.0,0.01,30.0,60.0,1e-09,1e-12,6,0.0001,1,new simulation,nan
6,7,0.21048041979486898,-1.95,-0.4,rolling,6.569999999999904,-0.04047028232012728,2.0245267174510415,17,16,1,2.028909870756149,0.39,0.4487989505128276,9.81,1,1,7,21,41,-3.0,3.0,0.01,30.0,60.0,1e-09,1e-12,6,0.0001,1,new simulation,nan
6,8,0.21048041979486898,-1.8,-0.4,rolling,6.589999999999904,-0.04523827464039154,2.025516247086023,17,16,1,2.028909421009743,0.39,0.4487989505128276,9.81,1,1,7,21,41,-3.0,3.0,0.01,30.0,60.0,1e-09,1e-12,6,0.0001,1,new simulation,nan
6,9,0.21048041979486898,-1.6500000000000001,-0.4,rolling,6.619999999999903,-0.049185946045018504,2.026418365556111,17,16,1,2.0289090089564645,0.39,0.4487989505128276,9.81,1,1,7,21,41,-3.0,3.0,0.01,30.0,60.0,1e-09,1e-12,6,0.0001,1,new simulation,nan
6,10,0.21048041979486898,-1.5,-0.4,rolling,6.669999999999902,-0.038616057466156616,2.024171452333108,17,16,1,2.028908631794557,0.39,0.4487989505128276,9.81,1,1,7,21,41,-3.0,3.0,0.01,30.0,60.0,1e-09,1e-12,6,0.0001,1,new simulation,nan
6,11,0.21048041979486898,-1.35,-0.4,rolling,6.729999999999901,-0.045304511308816575,2.0255307297024028,17,16,1,2.028908290558134,0.39,0.4487989505128276,9.81,1,1,7,21,41,-3.0,3.0,0.01,30.0,60.0,1e-09,1e-12,6,0.0001,1,new simulation,nan
6,12,0.21048041979486898,-1.2000000000000002,-0.4,rolling,6.819999999999899,-0.051338450776884134,2.0269417964619403,17,16,1,2.0289079868482585,0.39,0.4487989505128276,9.81,1,1,7,21,41,-3.0,3.0,0.01,30.0,60.0,1e-09,1e-12,6,0.0001,1,new simulation,nan
6,13,0.21048041979486898,-1.05,-0.4,rolling,6.969999999999896,-0.04963140912539171,2.026524826177003,17,16,1,2.028907715968606,0.39,0.4487989505128276,9.81,1,1,7,21,41,-3.0,3.0,0.01,30.0,60.0,1e-09,1e-12,6,0.0001,1,new simulation,nan
6,14,0.21048041979486898,-0.8999999999999999,-0.4,rolling,7.269999999999889,-0.05167242457475157,2.027024992836742,17,16,1,2.028907483182087,0.39,0.4487989505128276,9.81,1,1,7,21,41,-3.0,3.0,0.01,30.0,60.0,1e-09,1e-12,6,0.0001,1,new simulation,nan
6,15,0.21048041979486898,-0.75,-0.4,settled,0.6700000000000004,-0.058798950512827575,0.0,2,1,1,nan,0.39,0.4487989505128276,9.81,1,1,7,21,41,-3.0,3.0,0.01,30.0,60.0,1e-09,1e-12,6,0.0001,1,new simulation,nan
6,16,0.21048041979486898,-0.6000000000000001,-0.4,rolling,6.809999999999899,-0.04723600856161445,2.0259633225849325,15,15,0,2.028906949998152,0.39,0.4487989505128276,9.81,1,1,7,21,41,-3.0,3.0,0.01,30.0,60.0,1e-09,1e-12,6,0.0001,1,new simulation,nan
6,17,0.21048041979486898,-0.4500000000000002,-0.4,rolling,6.409999999999908,-0.03997337620497426,2.0244297741825186,15,15,0,2.0289061188173623,0.39,0.4487989505128276,9.81,1,1,7,21,41,-3.0,3.0,0.01,30.0,60.0,1e-09,1e-12,6,0.0001,1,new simulation,nan
6,18,0.21048041979486898,-0.30000000000000027,-0.4,rolling,6.239999999999911,-0.03854809413453747,2.024158644818616,15,15,0,2.0289055239131044,0.39,0.4487989505128276,9.81,1,1,7,21,41,-3.0,3.0,0.01,30.0,60.0,1e-09,1e-12,6,0.0001,1,new simulation,nan
6,19,0.21048041979486898,-0.1499999999999999,-0.4,rolling,6.119999999999914,-0.05812932925173502,2.0287389176114132,15,15,0,2.028905168205395,0.39,0.4487989505128276,9.81,1,1,7,21,41,-3.0,3.0,0.01,30.0,60.0,1e-09,1e-12,6,0.0001,1,new simulation,nan
6,20,0.21048041979486898,0.0,-0.4,rolling,6.039999999999916,-0.0532274310242415,2.027419411358057,15,15,0,2.0289050507193864,0.39,0.4487989505128276,9.81,1,1,7,21,41,-3.0,3.0,0.01,30.0,60.0,1e-09,1e-12,6,0.0001,1,new simulation,nan
6,21,0.21048041979486898,0.1499999999999999,-0.4,rolling,5.979999999999917,-0.03997544470370008,2.0244301431165823,15,15,0,2.0289051689551285,0.39,0.4487989505128276,9.81,1,1,7,21,41,-3.0,3.0,0.01,30.0,60.0,1e-09,1e-12,6,0.0001,1,new simulation,nan
6,22,0.21048041979486898,0.2999999999999998,-0.4,rolling,5.919999999999918,-0.04714922735482752,2.0259434539004917,15,15,0,2.0289055244752996,0.39,0.4487989505128276,9.81,1,1,7,21,41,-3.0,3.0,0.01,30.0,60.0,1e-09,1e-12,6,0.0001,1,new simulation,nan
6,23,0.21048041979486898,0.44999999999999973,-0.4,rolling,5.869999999999919,-0.04799042093727263,2.026137152973859,15,15,0,2.0289061182651076,0.39,0.4487989505128276,9.81,1,1,7,21,41,-3.0,3.0,0.01,30.0,60.0,1e-09,1e-12,6,0.0001,1,new simulation,nan
6,24,0.21048041979486898,0.5999999999999996,-0.4,rolling,5.82999999999992,-0.03856089818887923,2.024161082695366,15,15,0,2.028906950048705,0.39,0.4487989505128276,9.81,1,1,7,21,41,-3.0,3.0,0.01,30.0,60.0,1e-09,1e-12,6,0.0001,1,new simulation,nan
6,25,0.21048041979486898,0.75,-0.4,rolling,5.779999999999921,-0.0568451162957485,2.0283821885753737,15,15,0,2.028908016990288,0.39,0.4487989505128276,9.81,1,1,7,21,41,-3.0,3.0,0.01,30.0,60.0,1e-09,1e-12,6,0.0001,1,new simulation,nan
6,26,0.21048041979486898,0.8999999999999999,-0.4,rolling,5.749999999999922,-0.04037247050271221,2.0245075461102853,15,15,0,2.0289093241162477,0.39,0.4487989505128276,9.81,1,1,7,21,41,-3.0,3.0,0.01,30.0,60.0,1e-09,1e-12,6,0.0001,1,new simulation,nan
6,27,0.21048041979486898,1.0499999999999998,-0.4,rolling,5.709999999999923,-0.04876466415415017,2.026318580018749,15,15,0,2.0289108673645564,0.39,0.4487989505128276,9.81,1,1,7,21,41,-3.0,3.0,0.01,30.0,60.0,1e-09,1e-12,6,0.0001,1,new simulation,nan
6,28,0.21048041979486898,1.2000000000000002,-0.4,rolling,5.299999999999931,-0.05129364187539111,2.026929990719828,14,14,0,2.0288871266774664,0.39,0.4487989505128276,9.81,1,1,7,21,41,-3.0,3.0,0.01,30.0,60.0,1e-09,1e-12,6,0.0001,1,new simulation,nan
6,29,0.21048041979486898,1.3499999999999996,-0.4,rolling,5.269999999999932,-0.046411557029172386,2.025775980526767,14,14,0,2.0288923189166685,0.39,0.4487989505128276,9.81,1,1,7,21,41,-3.0,3.0,0.01,30.0,60.0,1e-09,1e-12,6,0.0001,1,new simulation,nan
6,30,0.21048041979486898,1.5,-0.4,rolling,5.239999999999933,-0.04429705201834712,2.0253118630421376,14,14,0,2.028898123965394,0.39,0.4487989505128276,9.81,1,1,7,21,41,-3.0,3.0,0.01,30.0,60.0,1e-09,1e-12,6,0.0001,1,new simulation,nan
6,31,0.21048041979486898,1.6499999999999995,-0.4,rolling,5.209999999999933,-0.044624746458103076,2.0253826183546013,14,14,0,2.0289045377012966,0.39,0.4487989505128276,9.81,1,1,7,21,41,-3.0,3.0,0.01,30.0,60.0,1e-09,1e-12,6,0.0001,1,new simulation,nan
6,32,0.21048041979486898,1.7999999999999998,-0.4,rolling,5.179999999999934,-0.04714658649712816,2.025943049814879,14,14,0,2.028911563352435,0.39,0.4487989505128276,9.81,1,1,7,21,41,-3.0,3.0,0.01,30.0,60.0,1e-09,1e-12,6,0.0001,1,new simulation,nan
6,33,0.21048041979486898,1.9500000000000002,-0.4,rolling,4.7799999999999425,-0.04201680975676664,2.0248354849911108,13,13,0,2.0289039764955095,0.39,0.4487989505128276,9.81,1,1,7,21,41,-3.0,3.0,0.01,30.0,60.0,1e-09,1e-12,6,0.0001,1,new simulation,nan
6,34,0.21048041979486898,2.0999999999999996,-0.4,rolling,3.9999999999999587,-0.04933269082835986,2.0264531979865574,11,11,0,2.028904467140211,0.39,0.4487989505128276,9.81,1,1,7,21,41,-3.0,3.0,0.01,30.0,60.0,1e-09,1e-12,6,0.0001,1,new simulation,nan
6,35,0.21048041979486898,2.25,-0.4,rolling,4.719999999999944,-0.05645397049307277,2.0282763847925454,13,13,0,2.028947978084356,0.39,0.4487989505128276,9.81,1,1,7,21,41,-3.0,3.0,0.01,30.0,60.0,1e-09,1e-12,6,0.0001,1,new simulation,nan
6,36,0.21048041979486898,2.3999999999999995,-0.4,rolling,4.699999999999944,-0.045858713577096005,2.025655125506944,13,13,0,2.028972334364082,0.39,0.4487989505128276,9.81,1,1,7,21,41,-3.0,3.0,0.01,30.0,60.0,1e-09,1e-12,6,0.0001,1,new simulation,nan
6,37,0.21048041979486898,2.55,-0.4,rolling,5.049999999999937,-0.046420728271744774,2.025780120537842,14,14,0,2.028955853172849,0.39,0.4487989505128276,9.81,1,1,7,21,41,-3.0,3.0,0.01,30.0,60.0,1e-09,1e-12,6,0.0001,1,new simulation,nan
6,38,0.21048041979486898,2.7,-0.4,rolling,5.029999999999937,-0.03874989474125781,2.024198432564891,14,14,0,2.028966542150139,0.39,0.4487989505128276,9.81,1,1,7,21,41,-3.0,3.0,0.01,30.0,60.0,1e-09,1e-12,6,0.0001,1,new simulation,nan
6,39,0.21048041979486898,2.8499999999999996,-0.4,rolling,5.37999999999993,-0.04206254057710274,2.024846234148199,15,15,0,2.028947913882804,0.39,0.4487989505128276,9.81,1,1,7,21,41,-3.0,3.0,0.01,30.0,60.0,1e-09,1e-12,6,0.0001,1,new simulation,nan
6,40,0.21048041979486898,3.0,-0.4,rolling,5.34999999999993,-0.0572579879606845,2.0284974998849243,15,15,0,2.0289525454867787,0.39,0.4487989505128276,9.81,1,1,7,21,41,-3.0,3.0,0.01,30.0,60.0,1e-09,1e-12,6,0.0001,1,new simulation,nan
7,0,0.25536031484615174,-3.0,-0.3,rolling,6.219999999999912,-0.046468099199692615,2.0257886217626195,16,15,1,2.028890224198004,0.39,0.4487989505128276,9.81,1,1,7,21,41,-3.0,3.0,0.01,30.0,60.0,1e-09,1e-12,6,0.0001,1,new simulation,nan
7,1,0.25536031484615174,-2.85,-0.3,rolling,6.199999999999912,-0.052040266985403046,2.0271166420942306,16,15,1,2.0288884232463684,0.39,0.4487989505128276,9.81,1,1,7,21,41,-3.0,3.0,0.01,30.0,60.0,1e-09,1e-12,6,0.0001,1,new simulation,nan
7,2,0.25536031484615174,-2.7,-0.3,rolling,6.1899999999999125,-0.04951376574797782,2.026495921812554,16,15,1,2.0288867157430386,0.39,0.4487989505128276,9.81,1,1,7,21,41,-3.0,3.0,0.01,30.0,60.0,1e-09,1e-12,6,0.0001,1,new simulation,nan
7,3,0.25536031484615174,-2.55,-0.3,rolling,6.179999999999913,-0.05832243033283927,2.0287925983369184,16,15,1,2.0288850990585248,0.39,0.4487989505128276,9.81,1,1,7,21,41,-3.0,3.0,0.01,30.0,60.0,1e-09,1e-12,6,0.0001,1,new simulation,nan
7,4,0.25536031484615174,-2.4,-0.3,rolling,6.559999999999905,-0.04741620292511736,2.026004743316159,17,16,1,2.0289112695277964,0.39,0.4487989505128276,9.81,1,1,7,21,41,-3.0,3.0,0.01,30.0,60.0,1e-09,1e-12,6,0.0001,1,new simulation,nan
7,5,0.25536031484615174,-2.25,-0.3,rolling,6.559999999999905,-0.0587729800802231,2.0289209095420193,17,16,1,2.0289107138599562,0.39,0.4487989505128276,9.81,1,1,7,21,41,-3.0,3.0,0.01,30.0,60.0,1e-09,1e-12,6,0.0001,1,new simulation,nan
7,6,0.25536031484615174,-2.1,-0.3,rolling,6.579999999999904,-0.042418153804154826,2.024917751945047,17,16,1,2.028910192565384,0.39,0.4487989505128276,9.81,1,1,7,21,41,-3.0,3.0,0.01,30.0,60.0,1e-09,1e-12,6,0.0001,1,new simulation,nan
7,7,0.25536031484615174,-1.95,-0.3,rolling,6.599999999999904,-0.041000777467102505,2.024631394456599,17,16,1,2.028909708176087,0.39,0.4487989505128276,9.81,1,1,7,21,41,-3.0,3.0,0.01,30.0,60.0,1e-09,1e-12,6,0.0001,1,new simulation,nan
7,8,0.25536031484615174,-1.8,-0.3,rolling,6.619999999999903,-0.05799963639934918,2.0287026573585427,17,16,1,2.028909259413407,0.39,0.4487989505128276,9.81,1,1,7,21,41,-3.0,3.0,0.01,30.0,60.0,1e-09,1e-12,6,0.0001,1,new simulation,nan
7,9,0.25536031484615174,-1.6500000000000001,-0.3,rolling,6.659999999999902,-0.0586612000661052,2.0288891306380816,17,16,1,2.0289088463971563,0.39,0.4487989505128276,9.81,1,1,7,21,41,-3.0,3.0,0.01,30.0,60.0,1e-09,1e-12,6,0.0001,1,new simulation,nan
7,10,0.25536031484615174,-1.5,-0.3,rolling,6.719999999999901,-0.053044974666416646,2.027372635367747,17,16,1,2.0289084704026985,0.39,0.4487989505128276,9.81,1,1,7,21,41,-3.0,3.0,0.01,30.0,60.0,1e-09,1e-12,6,0.0001,1,new simulation,nan
7,11,0.25536031484615174,-1.35,-0.3,rolling,6.809999999999899,-0.04022847748429231,2.0244793966891,17,16,1,2.028908129315444,0.39,0.4487989505128276,9.81,1,1,7,21,41,-3.0,3.0,0.01,30.0,60.0,1e-09,1e-12,6,0.0001,1,new simulation,nan
7,12,0.25536031484615174,-1.2000000000000002,-0.3,rolling,6.9399999999998965,-0.043972508571091695,2.0252428211033755,17,16,1,2.0289078240286864,0.39,0.4487989505128276,9.81,1,1,7,21,41,-3.0,3.0,0.01,30.0,60.0,1e-09,1e-12,6,0.0001,1,new simulation,nan
7,13,0.25536031484615174,-1.05,-0.3,rolling,7.189999999999891,-0.04409440509026361,2.025268802314779,17,16,1,2.0289075541063775,0.39,0.4487989505128276,9.81,1,1,7,21,41,-3.0,3.0,0.01,30.0,60.0,1e-09,1e-12,6,0.0001,1,new simulation,nan
7,14,0.25536031484615174,-0.8999999999999999,-0.3,settled,0.6700000000000004,-0.058798950512827575,0.0,2,1,1,nan,0.39,0.4487989505128276,9.81,1,1,7,21,41,-3.0,3.0,0.01,30.0,60.0,1e-09,1e-12,6,0.0001,1,new simulation,nan
7,15,0.25536031484615174,-0.75,-0.3,rolling,6.869999999999898,-0.05421390683065527,2.0276757545240445,15,15,0,2.0289069457639815,0.39,0.4487989505128276,9.81,1,1,7,21,41,-3.0,3.0,0.01,30.0,60.0,1e-09,1e-12,6,0.0001,1,new simulation,nan
7,16,0.25536031484615174,-0.6000000000000001,-0.3,rolling,6.419999999999908,-0.05631393996385963,2.028236841278436,15,15,0,2.028905877763592,0.39,0.4487989505128276,9.81,1,1,7,21,41,-3.0,3.0,0.01,30.0,60.0,1e-09,1e-12,6,0.0001,1,new simulation,nan
7,17,0.25536031484615174,-0.4500000000000002,-0.3,rolling,6.249999999999911,-0.04319340292755793,2.0250782987658007,15,15,0,2.028905046380396,0.39,0.4487989505128276,9.81,1,1,7,21,41,-3.0,3.0,0.01,30.0,60.0,1e-09,1e-12,6,0.0001,1,new simulation,nan
7,18,0.25536031484615174,-0.30000000000000027,-0.3,rolling,6.1399999999999135,-0.03918293816009016,2.024278156188039,15,15,0,2.0289044525523687,0.39,0.4487989505128276,9.81,1,1,7,21,41,-3.0,3.0,0.01,30.0,60.0,1e-09,1e-12,6,0.0001,1,new simulation,nan
7,19,0.25536031484615174,-0.1499999999999999,-0.3,rolling,6.0499999999999154,-0.05376128316756727,2.0275574930703937,15,15,0,2.0289040966373713,0.39,0.4487989505128276,9.81,1,1,7,21,41,-3.0,3.0,0.01,30.0,60.0,1e-09,1e-12,6,0.0001,1,new simulation,nan
7,20,0.25536031484615174,0.0,-0.3,rolling,5.989999999999917,-0.04077582681497637,2.024586651412544,15,15,0,2.0289039764366135,0.39,0.4487989505128276,9.81,1,1,7,21,41,-3.0,3.0,0.01,30.0,60.0,1e-09,1e-12,6,0.0001,1,new simulation,nan
7,21,0.25536031484615174,0.1499999999999999,-0.3,rolling,5.929999999999918,-0.04868928682421833,2.0263005852105542,15,15,0,2.0289040958245437,0.39,0.4487989505128276,9.81,1,1,7,21,41,-3.0,3.0,0.01,30.0,60.0,1e-09,1e-12,6,0.0001,1,new simulation,nan
7,22,0.25536031484615174,0.2999999999999998,-0.3,rolling,5.879999999999919,-0.050459107867115396,2.026725145791746,15,15,0,2.028904452341012,0.39,0.4487989505128276,9.81,1,1,7,21,41,-3.0,3.0,0.01,30.0,60.0,1e-09,1e-12,6,0.0001,1,new simulation,nan
7,23,0.25536031484615174,0.44999999999999973,-0.3,rolling,5.83999999999992,-0.041986783141892484,2.024829412256052,15,15,0,2.0289050461128064,0.39,0.4487989505128276,9.81,1,1,7,21,41,-3.0,3.0,0.01,30.0,60.0,1e-09,1e-12,6,0.0001,1,new simulation,nan
7,24,0.25536031484615174,0.5999999999999996,-0.3,rolling,5.799999999999921,-0.04091012849724143,2.0246132858069927,15,15,0,2.0289058778949336,0.39,0.4487989505128276,9.81,1,1,7,21,41,-3.0,3.0,0.01,30.0,60.0,1e-09,1e-12,6,0.0001,1,new simulation,nan
7,25,0.25536031484615174,0.75,-0.3,rolling,5.759999999999922,-0.04548331238644259,2.0255699799304634,15,15,0,2.0289069454174933,0.39,0.4487989505128276,9.81,1,1,7,21,41,-3.0,3.0,0.01,30.0,60.0,1e-09,1e-12,6,0.0001,1,new simulation,nan
7,26,0.25536031484615174,0.8999999999999999,-0.3,rolling,5.7199999999999225,-0.054523352801802,2.0277571511164814,15,15,0,2.02890825211339,0.39,0.4487989505128276,9.81,1,1,7,21,41,-3.0,3.0,0.01,30.0,60.0,1e-09,1e-12,6,0.0001,1,new simulation,nan
7,27,0.25536031484615174,1.0499999999999998,-0.3,rolling,5.689999999999923,-0.046930633737290534,2.025893822130387,15,15,0,2.0289097964220217,0.39,0.4487989505128276,9.81,1,1,7,21,41,-3.0,3.0,0.01,30.0,60.0,1e-09,1e-12,6,0.0001,1,new simulation,nan
7,28,0.25536031484615174,1.2000000000000002,-0.3,rolling,5.659999999999924,-0.04238882713550204,2.024911774007459,15,15,0,2.028911576357685,0.39,0.4487989505128276,9.81,1,1,7,21,41,-3.0,3.0,0.01,30.0,60.0,1e-09,1e-12,6,0.0001,1,new simulation,nan
7,29,0.25536031484615174,1.3499999999999996,-0.3,rolling,5.2499999999999325,-0.051077192073608876,2.0268764722772907,14,14,0,2.028889560332707,0.39,0.4487989505128276,9.81,1,1,7,21,41,-3.0,3.0,0.01,30.0,60.0,1e-09,1e-12,6,0.0001,1,new simulation,nan
7,30,0.25536031484615174,1.5,-0.3,rolling,5.219999999999933,-0.0514747377212313,2.026975276610201,14,14,0,2.0288953644793506,0.39,0.4487989505128276,9.81,1,1,7,21,41,-3.0,3.0,0.01,30.0,60.0,1e-09,1e-12,6,0.0001,1,new simulation,nan
7,31,0.25536031484615174,1.6499999999999995,-0.3,rolling,5.189999999999934,-0.05395773653989252,2.0276085861586037,14,14,0,2.028901778672059,0.39,0.4487989505128276,9.81,1,1,7,21,41,-3.0,3.0,0.01,30.0,60.0,1e-09,1e-12,6,0.0001,1,new simulation,nan
7,32,0.25536031484615174,1.7999999999999998,-0.3,rolling,5.159999999999934,-0.058349553793339295,2.028801020423508,14,14,0,2.0289088036604115,0.39,0.4487989505128276,9.81,1,1,7,21,41,-3.0,3.0,0.01,30.0,60.0,1e-09,1e-12,6,0.0001,1,new simulation,nan
7,33,0.25536031484615174,1.9500000000000002,-0.3,rolling,4.759999999999943,-0.05484398272480499,2.0278415609732634,13,13,0,2.028896878710413,0.39,0.4487989505128276,9.81,1,1,7,21,41,-3.0,3.0,0.01,30.0,60.0,1e-09,1e-12,6,0.0001,1,new simulation,nan
7,34,0.25536031484615174,2.0999999999999996,-0.3,rolling,4.3599999999999515,-0.05298897308094226,2.027358035057116,12,12,0,2.0289011327007387,0.39,0.4487989505128276,9.81,1,1,7,21,41,-3.0,3.0,0.01,30.0,60.0,1e-09,1e-12,6,0.0001,1,new simulation,nan
7,35,0.25536031484615174,2.25,-0.3,rolling,4.339999999999952,-0.04207773349703001,2.024849718445347,12,12,0,2.0289597489589064,0.39,0.4487989505128276,9.81,1,1,7,21,41,-3.0,3.0,0.01,30.0,60.0,1e-09,1e-12,6,0.0001,1,new simulation,nan
7,36,0.25536031484615174,2.3999999999999995,-0.3,rolling,4.689999999999944,-0.04228218134702744,2.0248916646449615,13,13,0,2.028965236881994,0.39,0.4487989505128276,9.81,1,1,7,21,41,-3.0,3.0,0.01,30.0,60.0,1e-09,1e-12,6,0.0001,1,new simulation,nan
7,37,0.25536031484615174,2.55,-0.3,rolling,5.039999999999937,-0.043873648004567264,2.0252232772908925,14,14,0,2.0289530941897764,0.39,0.4487989505128276,9.81,1,1,7,21,41,-3.0,3.0,0.01,30.0,60.0,1e-09,1e-12,6,0.0001,1,new simulation,nan
7,38,0.25536031484615174,2.7,-0.3,rolling,5.009999999999938,-0.05739820832695801,2.0285367220274217,14,14,0,2.0289637833014766,0.39,0.4487989505128276,9.81,1,1,7,21,41,-3.0,3.0,0.01,30.0,60.0,1e-09,1e-12,6,0.0001,1,new simulation,nan
7,39,0.25536031484615174,2.8499999999999996,-0.3,rolling,5.36999999999993,-0.04130073207265558,2.024692399532264,15,15,0,2.0289468424404156,0.39,0.4487989505128276,9.81,1,1,7,21,41,-3.0,3.0,0.01,30.0,60.0,1e-09,1e-12,6,0.0001,1,new simulation,nan
7,40,0.25536031484615174,3.0,-0.3,rolling,5.339999999999931,-0.05727595854606433,2.0285024391789594,15,15,0,2.028951472686367,0.39,0.4487989505128276,9.81,1,1,7,21,41,-3.0,3.0,0.01,30.0,60.0,1e-09,1e-12,6,0.0001,1,new simulation,nan
8,0,0.3002402098974345,-3.0,-0.2,rolling,6.229999999999912,-0.046011479314557936,2.0256863928586304,16,15,1,2.0288897285789487,0.39,0.4487989505128276,9.81,1,1,7,21,41,-3.0,3.0,0.01,30.0,60.0,1e-09,1e-12,6,0.0001,1,new simulation,nan
8,1,0.3002402098974345,-2.85,-0.2,rolling,6.209999999999912,-0.05626362668422145,2.0282225646243903,16,15,1,2.028887927775614,0.39,0.4487989505128276,9.81,1,1,7,21,41,-3.0,3.0,0.01,30.0,60.0,1e-09,1e-12,6,0.0001,1,new simulation,nan
8,2,0.3002402098974345,-2.7,-0.2,rolling,6.199999999999912,-0.05861314706705993,2.028874775747967,16,15,1,2.0288862194776307,0.39,0.4487989505128276,9.81,1,1,7,21,41,-3.0,3.0,0.01,30.0,60.0,1e-09,1e-12,6,0.0001,1,new simulation,nan
8,3,0.3002402098974345,-2.55,-0.2,rolling,6.199999999999912,-0.052485677811785966,2.0272291148806105,16,15,1,2.0288846052932565,0.39,0.4487989505128276,9.81,1,1,7,21,41,-3.0,3.0,0.01,30.0,60.0,1e-09,1e-12,6,0.0001,1,new simulation,nan
8,4,0.3002402098974345,-2.4,-0.2,rolling,6.579999999999904,-0.047698262544857345,2.0260696614630427,17,16,1,2.028911077228516,0.39,0.4487989505128276,9.81,1,1,7,21,41,-3.0,3.0,0.01,30.0,60.0,1e-09,1e-12,6,0.0001,1,new simulation,nan
8,5,0.3002402098974345,-2.25,-0.2,rolling,6.589999999999904,-0.04608786898701606,2.0257041019881696,17,16,1,2.028910519974584,0.39,0.4487989505128276,9.81,1,1,7,21,41,-3.0,3.0,0.01,30.0,60.0,1e-09,1e-12,6,0.0001,1,new simulation,nan
8,6,0.3002402098974345,-2.1,-0.2,rolling,6.6099999999999035,-0.03883435010949181,2.024212454404422,17,16,1,2.028910000266572,0.39,0.4487989505128276,9.81,1,1,7,21,41,-3.0,3.0,0.01,30.0,60.0,1e-09,1e-12,6,0.0001,1,new simulation,nan
8,7,0.3002402098974345,-1.95,-0.2,rolling,6.629999999999903,-0.049253660137038746,2.0264345092409073,17,16,1,2.0289095158130466,0.39,0.4487989505128276,9.81,1,1,7,21,41,-3.0,3.0,0.01,30.0,60.0,1e-09,1e-12,6,0.0001,1,new simulation,nan
8,8,0.3002402098974345,-1.8,-0.2,rolling,6.669999999999902,-0.041982001561354336,2.024828570466317,17,16,1,2.0289090673138346,0.39,0.4487989505128276,9.81,1,1,7,21,41,-3.0,3.0,0.01,30.0,60.0,1e-09,1e-12,6,0.0001,1,new simulation,nan
8,9,0.3002402098974345,-1.6500000000000001,-0.2,rolling,6.719999999999901,-0.04621188004111719,2.0257317487039463,17,16,1,2.028908655043638,0.39,0.4487989505128276,9.81,1,1,7,21,41,-3.0,3.0,0.01,30.0,60.0,1e-09,1e-12,6,0.0001,1,new simulation,nan
8,10,0.3002402098974345,-1.5,-0.2,rolling,6.7899999999999,-0.058625486749862295,2.028878994016265,17,16,1,2.028908278099705,0.39,0.4487989505128276,9.81,1,1,7,21,41,-3.0,3.0,0.01,30.0,60.0,1e-09,1e-12,6,0.0001,1,new simulation,nan
8,11,0.3002402098974345,-1.35,-0.2,rolling,6.909999999999897,-0.055838568844423384,2.028108040627931,17,16,1,2.0289079369992744,0.39,0.4487989505128276,9.81,1,1,7,21,41,-3.0,3.0,0.01,30.0,60.0,1e-09,1e-12,6,0.0001,1,new simulation,nan
8,12,0.3002402098974345,-1.2000000000000002,-0.2,rolling,7.129999999999892,-0.048379727236241864,2.0262279916737804,17,16,1,2.028907632094923,0.39,0.4487989505128276,9.81,1,1,7,21,41,-3.0,3.0,0.01,30.0,60.0,1e-09,1e-12,6,0.0001,1,new simulation,nan
8,13,0.3002402098974345,-1.05,-0.2,rolling,7.939999999999875,-0.0421468901612137,2.024862107753333,17,16,1,2.028907361745381,0.39,0.4487989505128276,9.81,1,1,7,21,41,-3.0,3.0,0.01,30.0,60.0,1e-09,1e-12,6,0.0001,1,new simulation,nan
8,14,0.3002402098974345,-0.8999999999999999,-0.2,rolling,6.959999999999896,-0.03869224151701714,2.024185666459592,15,15,0,2.028906978092273,0.39,0.4487989505128276,9.81,1,1,7,21,41,-3.0,3.0,0.01,30.0,60.0,1e-09,1e-12,6,0.0001,1,new simulation,nan
8,15,0.3002402098974345,-0.75,-0.2,rolling,6.439999999999907,-0.05539194724197517,2.027987877731652,15,15,0,2.0289056713718856,0.39,0.4487989505128276,9.81,1,1,7,21,41,-3.0,3.0,0.01,30.0,60.0,1e-09,1e-12,6,0.0001,1,new simulation,nan
8,16,0.3002402098974345,-0.6000000000000001,-0.2,rolling,6.259999999999911,-0.04906823030406607,2.0263902371036027,15,15,0,2.0289046030504916,0.39,0.4487989505128276,9.81,1,1,7,21,41,-3.0,3.0,0.01,30.0,60.0,1e-09,1e-12,6,0.0001,1,new simulation,nan
8,17,0.3002402098974345,-0.4500000000000002,-0.2,rolling,6.149999999999913,-0.04127944284382652,2.024686731709524,15,15,0,2.0289037721781322,0.39,0.4487989505128276,9.81,1,1,7,21,41,-3.0,3.0,0.01,30.0,60.0,1e-09,1e-12,6,0.0001,1,new simulation,nan
8,18,0.3002402098974345,-0.30000000000000027,-0.2,rolling,6.059999999999915,-0.0549578258607449,2.0278719852973275,15,15,0,2.0289031774193096,0.39,0.4487989505128276,9.81,1,1,7,21,41,-3.0,3.0,0.01,30.0,60.0,1e-09,1e-12,6,0.0001,1,new simulation,nan
8,19,0.3002402098974345,-0.1499999999999999,-0.2,rolling,5.9999999999999165,-0.04225860616599624,2.0248847951866034,15,15,0,2.028902821326845,0.39,0.4487989505128276,9.81,1,1,7,21,41,-3.0,3.0,0.01,30.0,60.0,1e-09,1e-12,6,0.0001,1,new simulation,nan
8,20,0.3002402098974345,0.0,-0.2,rolling,5.939999999999918,-0.05100985655516007,2.0268602725616196,15,15,0,2.028902702517156,0.39,0.4487989505128276,9.81,1,1,7,21,41,-3.0,3.0,0.01,30.0,60.0,1e-09,1e-12,6,0.0001,1,new simulation,nan
8,21,0.3002402098974345,0.1499999999999999,-0.2,rolling,5.889999999999919,-0.053850825329964845,2.027580751446913,15,15,0,2.0289028217375966,0.39,0.4487989505128276,9.81,1,1,7,21,41,-3.0,3.0,0.01,30.0,60.0,1e-09,1e-12,6,0.0001,1,new simulation,nan
8,22,0.3002402098974345,0.2999999999999998,-0.2,rolling,5.84999999999992,-0.04649968998232858,2.0257961547361587,15,15,0,2.0289031777680773,0.39,0.4487989505128276,9.81,1,1,7,21,41,-3.0,3.0,0.01,30.0,60.0,1e-09,1e-12,6,0.0001,1,new simulation,nan
8,23,0.3002402098974345,0.44999999999999973,-0.2,rolling,5.809999999999921,-0.046492133525219186,2.025794474044487,15,15,0,2.0289037715725224,0.39,0.4487989505128276,9.81,1,1,7,21,41,-3.0,3.0,0.01,30.0,60.0,1e-09,1e-12,6,0.0001,1,new simulation,nan
8,24,0.3002402098974345,0.5999999999999996,-0.2,rolling,5.769999999999921,-0.0520161629732814,2.027111103694188,15,15,0,2.0289046022718717,0.39,0.4487989505128276,9.81,1,1,7,21,41,-3.0,3.0,0.01,30.0,60.0,1e-09,1e-12,6,0.0001,1,new simulation,nan
8,25,0.3002402098974345,0.75,-0.2,rolling,5.739999999999922,-0.04158122105916187,2.0247473541354277,15,15,0,2.028905671815364,0.39,0.4487989505128276,9.81,1,1,7,21,41,-3.0,3.0,0.01,30.0,60.0,1e-09,1e-12,6,0.0001,1,new simulation,nan
8,26,0.3002402098974345,0.8999999999999999,-0.2,rolling,5.699999999999923,-0.054862991143846705,2.0278469309901763,15,15,0,2.028906977657728,0.39,0.4487989505128276,9.81,1,1,7,21,41,-3.0,3.0,0.01,30.0,60.0,1e-09,1e-12,6,0.0001,1,new simulation,nan
8,27,0.3002402098974345,1.0499999999999998,-0.2,rolling,5.6699999999999235,-0.05074840112900849,2.0267961039091245,15,15,0,2.0289085210859734,0.39,0.4487989505128276,9.81,1,1,7,21,41,-3.0,3.0,0.01,30.0,60.0,1e-09,1e-12,6,0.0001,1,new simulation,nan
8,28,0.3002402098974345,1.2000000000000002,-0.2,rolling,5.639999999999924,-0.04909110197655858,2.0263958567405314,15,15,0,2.028910303149932,0.39,0.4487989505128276,9.81,1,1,7,21,41,-3.0,3.0,0.01,30.0,60.0,1e-09,1e-12,6,0.0001,1,new simulation,nan
8,29,0.3002402098974345,1.3499999999999996,-0.2,rolling,5.239999999999933,-0.03994627358138593,2.0244238776022767,14,14,0,2.0288862820004456,0.39,0.4487989505128276,9.81,1,1,7,21,41,-3.0,3.0,0.01,30.0,60.0,1e-09,1e-12,6,0.0001,1,new simulation,nan
8,30,0.3002402098974345,1.5,-0.2,rolling,5.209999999999933,-0.04239931335432734,2.0249132914119996,14,14,0,2.028892086634057,0.39,0.4487989505128276,9.81,1,1,7,21,41,-3.0,3.0,0.01,30.0,60.0,1e-09,1e-12,6,0.0001,1,new simulation,nan
8,31,0.3002402098974345,1.6499999999999995,-0.2,rolling,5.179999999999934,-0.046644378192277736,2.0258286211428302,14,14,0,2.028898500912213,0.39,0.4487989505128276,9.81,1,1,7,21,41,-3.0,3.0,0.01,30.0,60.0,1e-09,1e-12,6,0.0001,1,new simulation,nan
8,32,0.3002402098974345,1.7999999999999998,-0.2,rolling,5.149999999999935,-0.05256253265508973,2.02724932387998,14,14,0,2.028905525597421,0.39,0.4487989505128276,9.81,1,1,7,21,41,-3.0,3.0,0.01,30.0,60.0,1e-09,1e-12,6,0.0001,1,new simulation,nan
8,33,0.3002402098974345,1.9500000000000002,-0.2,rolling,4.749999999999943,-0.05039818123580851,2.026709756760259,13,13,0,2.0288884463436845,0.39,0.4487989505128276,9.81,1,1,7,21,41,-3.0,3.0,0.01,30.0,60.0,1e-09,1e-12,6,0.0001,1,new simulation,nan
8,34,0.3002402098974345,2.0999999999999996,-0.2,rolling,4.729999999999944,-0.03912197385143523,2.0242667612430125,13,13,0,2.028909662287228,0.39,0.4487989505128276,9.81,1,1,7,21,41,-3.0,3.0,0.01,30.0,60.0,1e-09,1e-12,6,0.0001,1,new simulation,nan
8,35,0.3002402098974345,2.25,-0.2,rolling,3.9499999999999598,-0.05047527807177879,2.026730664207401,11,11,0,2.0289524879248453,0.39,0.4487989505128276,9.81,1,1,7,21,41,-3.0,3.0,0.01,30.0,60.0,1e-09,1e-12,6,0.0001,1,new simulation,nan
8,36,0.3002402098974345,2.3999999999999995,-0.2,rolling,4.679999999999945,-0.04101794602442605,2.024636347875887,13,13,0,2.0289568058325647,0.39,0.4487989505128276,9.81,1,1,7,21,41,-3.0,3.0,0.01,30.0,60.0,1e-09,1e-12,6,0.0001,1,new simulation,nan
8,37,0.3002402098974345,2.55,-0.2,rolling,5.029999999999937,-0.043462231318050784,2.0251361717314804,14,14,0,2.0289498163325144,0.39,0.4487989505128276,9.81,1,1,7,21,41,-3.0,3.0,0.01,30.0,60.0,1e-09,1e-12,6,0.0001,1,new simulation,nan
8,38,0.3002402098974345,2.7,-0.2,rolling,4.999999999999938,-0.05776334338164651,2.02863823002921,14,14,0,2.028960505134487,0.39,0.4487989505128276,9.81,1,1,7,21,41,-3.0,3.0,0.01,30.0,60.0,1e-09,1e-12,6,0.0001,1,new simulation,nan
8,39,0.3002402098974345,2.8499999999999996,-0.2,rolling,4.979999999999938,-0.052983631379267156,2.0273589764667026,14,14,0,2.028971806965714,0.39,0.4487989505128276,9.81,1,1,7,21,41,-3.0,3.0,0.01,30.0,60.0,1e-09,1e-12,6,0.0001,1,new simulation,nan
8,40,0.3002402098974345,3.0,-0.2,rolling,5.339999999999931,-0.03874229293509039,2.024196471251348,15,15,0,2.028950199165281,0.39,0.4487989505128276,9.81,1,1,7,21,41,-3.0,3.0,0.01,30.0,60.0,1e-09,1e-12,6,0.0001,1,new simulation,nan
9,0,0.34512010494871725,-3.0,-0.1,rolling,6.239999999999911,-0.04544518748171233,2.02556100669651,16,15,1,2.0288891549538355,0.39,0.4487989505128276,9.81,1,1,7,21,41,-3.0,3.0,0.01,30.0,60.0,1e-09,1e-12,6,0.0001,1,new simulation,nan
9,1,0.34512010494871725,-2.85,-0.1,rolling,6.229999999999912,-0.04070787752037009,2.0245726962052237,16,15,1,2.0288873557771336,0.39,0.4487989505128276,9.81,1,1,7,21,41,-3.0,3.0,0.01,30.0,60.0,1e-09,1e-12,6,0.0001,1,new simulation,nan
9,2,0.34512010494871725,-2.7,-0.1,rolling,6.219999999999912,-0.04863682571971726,2.0262876262976603,16,15,1,2.0288856468744862,0.39,0.4487989505128276,9.81,1,1,7,21,41,-3.0,3.0,0.01,30.0,60.0,1e-09,1e-12,6,0.0001,1,new simulation,nan
9,3,0.34512010494871725,-2.55,-0.1,rolling,6.589999999999904,-0.0584093047533116,2.0288179628308973,17,16,1,2.02891144637872,0.39,0.4487989505128276,9.81,1,1,7,21,41,-3.0,3.0,0.01,30.0,60.0,1e-09,1e-12,6,0.0001,1,new simulation,nan
9,4,0.34512010494871725,-2.4,-0.1,rolling,6.599999999999904,-0.05126280962534627,2.0269231176067932,17,16,1,2.0289108538175857,0.39,0.4487989505128276,9.81,1,1,7,21,41,-3.0,3.0,0.01,30.0,60.0,1e-09,1e-12,6,0.0001,1,new simulation,nan
9,5,0.34512010494871725,-2.25,-0.1,rolling,6.6099999999999035,-0.058606506709275266,2.028873683409338,17,16,1,2.0289102977921236,0.39,0.4487989505128276,9.81,1,1,7,21,41,-3.0,3.0,0.01,30.0,60.0,1e-09,1e-12,6,0.0001,1,new simulation,nan
9,6,0.34512010494871725,-2.1,-0.1,rolling,6.639999999999903,-0.04258551274350287,2.02495218809547,17,16,1,2.0289097779006453,0.39,0.4487989505128276,9.81,1,1,7,21,41,-3.0,3.0,0.01,30.0,60.0,1e-09,1e-12,6,0.0001,1,new simulation,nan
9,7,0.34512010494871725,-1.95,-0.1,rolling,6.669999999999902,-0.04834512689317081,2.0262199457250207,17,16,1,2.028909291587234,0.39,0.4487989505128276,9.81,1,1,7,21,41,-3.0,3.0,0.01,30.0,60.0,1e-09,1e-12,6,0.0001,1,new simulation,nan
9,8,0.34512010494871725,-1.8,-0.1,rolling,6.719999999999901,-0.043388728495265705,2.0251193718107894,17,16,1,2.028908845047553,0.39,0.4487989505128276,9.81,1,1,7,21,41,-3.0,3.0,0.01,30.0,60.0,1e-09,1e-12,6,0.0001,1,new simulation,nan
9,9,0.34512010494871725,-1.6500000000000001,-0.1,rolling,6.7899999999999,-0.04276848835440086,2.0249899634399817,17,16,1,2.028908431844506,0.39,0.4487989505128276,9.81,1,1,7,21,41,-3.0,3.0,0.01,30.0,60.0,1e-09,1e-12,6,0.0001,1,new simulation,nan
9,10,0.34512010494871725,-1.5,-0.1,rolling,6.8899999999998975,-0.0587244183487951,2.0289070347427685,17,16,1,2.0289080542105284,0.39,0.4487989505128276,9.81,1,1,7,21,41,-3.0,3.0,0.01,30.0,60.0,1e-09,1e-12,6,0.0001,1,new simulation,nan
9,11,0.34512010494871725,-1.35,-0.1,rolling,7.089999999999893,-0.04123532093869364,2.0246780444097774,17,16,1,2.028907714602958,0.39,0.4487989505128276,9.81,1,1,7,21,41,-3.0,3.0,0.01,30.0,60.0,1e-09,1e-12,6,0.0001,1,new simulation,nan
9,12,0.34512010494871725,-1.2000000000000002,-0.1,rolling,7.6399999999998816,-0.04997187194491008,2.0266068596664577,17,16,1,2.028907409075785,0.39,0.4487989505128276,9.81,1,1,7,21,41,-3.0,3.0,0.01,30.0,60.0,1e-09,1e-12,6,0.0001,1,new simulation,nan
9,13,0.34512010494871725,-1.05,-0.1,rolling,7.069999999999894,-0.05214441609955465,2.0271434926854877,15,15,0,2.0289070480312423,0.39,0.4487989505128276,9.81,1,1,7,21,41,-3.0,3.0,0.01,30.0,60.0,1e-09,1e-12,6,0.0001,1,new simulation,nan
9,14,0.34512010494871725,-0.8999999999999999,-0.1,rolling,6.459999999999907,-0.058157876632367,2.028746950494952,15,15,0,2.028905504110199,0.39,0.4487989505128276,9.81,1,1,7,21,41,-3.0,3.0,0.01,30.0,60.0,1e-09,1e-12,6,0.0001,1,new simulation,nan
9,15,0.34512010494871725,-0.75,-0.1,rolling,6.269999999999911,-0.056389431629386436,2.0282573526625063,15,15,0,2.0289041984744247,0.39,0.4487989505128276,9.81,1,1,7,21,41,-3.0,3.0,0.01,30.0,60.0,1e-09,1e-12,6,0.0001,1,new simulation,nan
9,16,0.34512010494871725,-0.6000000000000001,-0.1,rolling,6.159999999999913,-0.0442601305403922,2.0253041088712456,15,15,0,2.028903129658071,0.39,0.4487989505128276,9.81,1,1,7,21,41,-3.0,3.0,0.01,30.0,60.0,1e-09,1e-12,6,0.0001,1,new simulation,nan
9,17,0.34512010494871725,-0.4500000000000002,-0.1,rolling,6.069999999999915,-0.056878080203005194,2.0283910628912105,15,15,0,2.0289022979294846,0.39,0.4487989505128276,9.81,1,1,7,21,41,-3.0,3.0,0.01,30.0,60.0,1e-09,1e-12,6,0.0001,1,new simulation,nan
9,18,0.34512010494871725,-0.30000000000000027,-0.1,rolling,6.009999999999916,-0.04447049315994989,2.0253492536906985,15,15,0,2.0289017045727484,0.39,0.4487989505128276,9.81,1,1,7,21,41,-3.0,3.0,0.01,30.0,60.0,1e-09,1e-12,6,0.0001,1,new simulation,nan
9,19,0.34512010494871725,-0.1499999999999999,-0.1,rolling,5.949999999999918,-0.054161909089194715,2.027661948039625,15,15,0,2.0289013481128557,0.39,0.4487989505128276,9.81,1,1,7,21,41,-3.0,3.0,0.01,30.0,60.0,1e-09,1e-12,6,0.0001,1,new simulation,nan
9,20,0.34512010494871725,0.0,-0.1,rolling,5.899999999999919,-0.05823497621345841,2.0287684960846146,15,15,0,2.028901230321919,0.39,0.4487989505128276,9.81,1,1,7,21,41,-3.0,3.0,0.01,30.0,60.0,1e-09,1e-12,6,0.0001,1,new simulation,nan
9,21,0.34512010494871725,0.1499999999999999,-0.1,rolling,5.8599999999999195,-0.052198096764147946,2.0271568551071524,15,15,0,2.028901348757825,0.39,0.4487989505128276,9.81,1,1,7,21,41,-3.0,3.0,0.01,30.0,60.0,1e-09,1e-12,6,0.0001,1,new simulation,nan
9,22,0.34512010494871725,0.2999999999999998,-0.1,rolling,5.81999999999992,-0.05346719232036519,2.0274811616536943,15,15,0,2.0289017043528084,0.39,0.4487989505128276,9.81,1,1,7,21,41,-3.0,3.0,0.01,30.0,60.0,1e-09,1e-12,6,0.0001,1,new simulation,nan
9,23,0.34512010494871725,0.44999999999999973,-0.1,rolling,5.789999999999921,-0.03988037735285873,2.024411657998414,15,15,0,2.0289022972990556,0.39,0.4487989505128276,9.81,1,1,7,21,41,-3.0,3.0,0.01,30.0,60.0,1e-09,1e-12,6,0.0001,1,new simulation,nan
9,24,0.34512010494871725,0.5999999999999996,-0.1,rolling,5.749999999999922,-0.050673765513804855,2.0267776186051396,15,15,0,2.028903129105815,0.39,0.4487989505128276,9.81,1,1,7,21,41,-3.0,3.0,0.01,30.0,60.0,1e-09,1e-12,6,0.0001,1,new simulation,nan
9,25,0.34512010494871725,0.75,-0.1,rolling,5.7199999999999225,-0.044460403996619574,2.025347163576708,15,15,0,2.0289041986115484,0.39,0.4487989505128276,9.81,1,1,7,21,41,-3.0,3.0,0.01,30.0,60.0,1e-09,1e-12,6,0.0001,1,new simulation,nan
9,26,0.34512010494871725,0.8999999999999999,-0.1,rolling,5.689999999999923,-0.04090468248291859,2.0246121943848303,15,15,0,2.028905504796519,0.39,0.4487989505128276,9.81,1,1,7,21,41,-3.0,3.0,0.01,30.0,60.0,1e-09,1e-12,6,0.0001,1,new simulation,nan
9,27,0.34512010494871725,1.0499999999999998,-0.1,rolling,5.659999999999924,-0.03959818319984393,2.0243574849663744,15,15,0,2.0289070480482594,0.39,0.4487989505128276,9.81,1,1,7,21,41,-3.0,3.0,0.01,30.0,60.0,1e-09,1e-12,6,0.0001,1,new simulation,nan
9,28,0.34512010494871725,1.2000000000000002,-0.1,rolling,5.629999999999924,-0.04026367508352872,2.024486282931757,15,15,0,2.028908829252289,0.39,0.4487989505128276,9.81,1,1,7,21,41,-3.0,3.0,0.01,30.0,60.0,1e-09,1e-12,6,0.0001,1,new simulation,nan
9,29,0.34512010494871725,1.3499999999999996,-0.1,rolling,5.599999999999925,-0.042711717210331235,2.024978291307031,15,15,0,2.0289108479521576,0.39,0.4487989505128276,9.81,1,1,7,21,41,-3.0,3.0,0.01,30.0,60.0,1e-09,1e-12,6,0.0001,1,new simulation,nan
9,30,0.34512010494871725,1.5,-0.1,rolling,5.189999999999934,-0.05742409329399961,2.0285414365022914,14,14,0,2.028888295696743,0.39,0.4487989505128276,9.81,1,1,7,21,41,-3.0,3.0,0.01,30.0,60.0,1e-09,1e-12,6,0.0001,1,new simulation,nan
9,31,0.34512010494871725,1.6499999999999995,-0.1,rolling,5.169999999999934,-0.042813389538451596,2.0249988189957975,14,14,0,2.028894710078352,0.39,0.4487989505128276,9.81,1,1,7,21,41,-3.0,3.0,0.01,30.0,60.0,1e-09,1e-12,6,0.0001,1,new simulation,nan
9,32,0.34512010494871725,1.7999999999999998,-0.1,rolling,5.139999999999935,-0.04994684523853912,2.0266006241309147,14,14,0,2.0289017352080205,0.39,0.4487989505128276,9.81,1,1,7,21,41,-3.0,3.0,0.01,30.0,60.0,1e-09,1e-12,6,0.0001,1,new simulation,nan
9,33,0.34512010494871725,1.9500000000000002,-0.1,rolling,5.1099999999999355,-0.05850770371570691,2.028845692965212,14,14,0,2.0289093715623405,0.39,0.4487989505128276,9.81,1,1,7,21,41,-3.0,3.0,0.01,30.0,60.0,1e-09,1e-12,6,0.0001,1,new simulation,nan
9,34,0.34512010494871725,2.0999999999999996,-0.1,rolling,4.709999999999944,-0.05877589457276955,2.0289213854124752,13,13,0,2.028899910887141,0.39,0.4487989505128276,9.81,1,1,7,21,41,-3.0,3.0,0.01,30.0,60.0,1e-09,1e-12,6,0.0001,1,new simulation,nan
9,35,0.34512010494871725,2.25,-0.1,rolling,3.93999999999996,-0.050702195457987556,2.0267840946993,11,11,0,2.0288879675523295,0.39,0.4487989505128276,9.81,1,1,7,21,41,-3.0,3.0,0.01,30.0,60.0,1e-09,1e-12,6,0.0001,1,new simulation,nan
9,36,0.34512010494871725,2.3999999999999995,-0.1,rolling,4.669999999999945,-0.04199876465042531,2.0248332256356494,13,13,0,2.0289470562995913,0.39,0.4487989505128276,9.81,1,1,7,21,41,-3.0,3.0,0.01,30.0,60.0,1e-09,1e-12,6,0.0001,1,new simulation,nan
9,37,0.34512010494871725,2.55,-0.1,rolling,4.6399999999999455,-0.05573867568025784,2.0280832250283525,13,13,0,2.028972983810974,0.39,0.4487989505128276,9.81,1,1,7,21,41,-3.0,3.0,0.01,30.0,60.0,1e-09,1e-12,6,0.0001,1,new simulation,nan
9,38,0.34512010494871725,2.7,-0.1,rolling,4.999999999999938,-0.039789153287954085,2.0243958377893203,14,14,0,2.028956716774814,0.39,0.4487989505128276,9.81,1,1,7,21,41,-3.0,3.0,0.01,30.0,60.0,1e-09,1e-12,6,0.0001,1,new simulation,nan
9,39,0.34512010494871725,2.8499999999999996,-0.1,rolling,4.9699999999999385,-0.055849127692058236,2.0281128536347848,14,14,0,2.028968017296236,0.39,0.4487989505128276,9.81,1,1,7,21,41,-3.0,3.0,0.01,30.0,60.0,1e-09,1e-12,6,0.0001,1,new simulation,nan
9,40,0.34512010494871725,3.0,-0.1,rolling,5.329999999999931,-0.04213336042794544,2.0248607016241453,15,15,0,2.028948725513324,0.39,0.4487989505128276,9.81,1,1,7,21,41,-3.0,3.0,0.01,30.0,60.0,1e-09,1e-12,6,0.0001,1,new simulation,nan
10,0,0.39,-3.0,0.0,rolling,6.249999999999911,-0.04540542675968558,2.0255522412078473,16,15,1,2.028888506720007,0.39,0.4487989505128276,9.81,1,1,7,21,41,-3.0,3.0,0.01,30.0,60.0,1e-09,1e-12,6,0.0001,1,new simulation,nan
10,1,0.39,-2.85,0.0,rolling,6.239999999999911,-0.04661196314640812,2.025820917366478,16,15,1,2.028886706737544,0.39,0.4487989505128276,9.81,1,1,7,21,41,-3.0,3.0,0.01,30.0,60.0,1e-09,1e-12,6,0.0001,1,new simulation,nan
10,2,0.39,-2.7,0.0,rolling,6.239999999999911,-0.04072114147111443,2.024575236925246,16,15,1,2.0288849988014217,0.39,0.4487989505128276,9.81,1,1,7,21,41,-3.0,3.0,0.01,30.0,60.0,1e-09,1e-12,6,0.0001,1,new simulation,nan
10,3,0.39,-2.55,0.0,rolling,6.6099999999999035,-0.05784854344212178,2.0286604232285805,17,16,1,2.028911193902775,0.39,0.4487989505128276,9.81,1,1,7,21,41,-3.0,3.0,0.01,30.0,60.0,1e-09,1e-12,6,0.0001,1,new simulation,nan
10,4,0.39,-2.4,0.0,rolling,6.629999999999903,-0.03930052377081699,2.0243007114494773,17,16,1,2.028910602087466,0.39,0.4487989505128276,9.81,1,1,7,21,41,-3.0,3.0,0.01,30.0,60.0,1e-09,1e-12,6,0.0001,1,new simulation,nan
10,5,0.39,-2.25,0.0,rolling,6.639999999999903,-0.057855765871016276,2.028662403864748,17,16,1,2.028910044640472,0.39,0.4487989505128276,9.81,1,1,7,21,41,-3.0,3.0,0.01,30.0,60.0,1e-09,1e-12,6,0.0001,1,new simulation,nan
10,6,0.39,-2.1,0.0,rolling,6.669999999999902,-0.05684984589465071,2.028383539977405,17,16,1,2.028909525400221,0.39,0.4487989505128276,9.81,1,1,7,21,41,-3.0,3.0,0.01,30.0,60.0,1e-09,1e-12,6,0.0001,1,new simulation,nan
10,7,0.39,-1.95,0.0,rolling,6.719999999999901,-0.04352909182562659,2.0251489200522204,17,16,1,2.0289090407215213,0.39,0.4487989505128276,9.81,1,1,7,21,41,-3.0,3.0,0.01,30.0,60.0,1e-09,1e-12,6,0.0001,1,new simulation,nan
10,8,0.39,-1.8,0.0,rolling,6.7799999999999,-0.05167132015328975,2.0270247525955174,17,16,1,2.0289085925195764,0.39,0.4487989505128276,9.81,1,1,7,21,41,-3.0,3.0,0.01,30.0,60.0,1e-09,1e-12,6,0.0001,1,new simulation,nan
10,9,0.39,-1.6500000000000001,0.0,rolling,6.879999999999898,-0.04909714748245332,2.0263972230309704,17,16,1,2.0289081794636163,0.39,0.4487989505128276,9.81,1,1,7,21,41,-3.0,3.0,0.01,30.0,60.0,1e-09,1e-12,6,0.0001,1,new simulation,nan
10,10,0.39,-1.5,0.0,rolling,7.049999999999894,-0.05232551139965606,2.0271892755994765,17,16,1,2.0289078027874603,0.39,0.4487989505128276,9.81,1,1,7,21,41,-3.0,3.0,0.01,30.0,60.0,1e-09,1e-12,6,0.0001,1,new simulation,nan
10,11,0.39,-1.35,0.0,rolling,7.489999999999885,-0.04769117197756508,2.026067907169028,17,16,1,2.028907461715935,0.39,0.4487989505128276,9.81,1,1,7,21,41,-3.0,3.0,0.01,30.0,60.0,1e-09,1e-12,6,0.0001,1,new simulation,nan
10,12,0.39,-1.2000000000000002,0.0,rolling,7.269999999999889,-0.0470295384841785,2.0259162262951325,15,15,0,2.0289071597905965,0.39,0.4487989505128276,9.81,1,1,7,21,41,-3.0,3.0,0.01,30.0,60.0,1e-09,1e-12,6,0.0001,1,new simulation,nan
10,13,0.39,-1.05,0.0,rolling,6.489999999999906,-0.045204589440536784,2.0255087416641384,15,15,0,2.0289053784228996,0.39,0.4487989505128276,9.81,1,1,7,21,41,-3.0,3.0,0.01,30.0,60.0,1e-09,1e-12,6,0.0001,1,new simulation,nan
10,14,0.39,-0.8999999999999999,0.0,rolling,6.28999999999991,-0.04512812592665084,2.0254919697656217,15,15,0,2.028903834917331,0.39,0.4487989505128276,9.81,1,1,7,21,41,-3.0,3.0,0.01,30.0,60.0,1e-09,1e-12,6,0.0001,1,new simulation,nan
10,15,0.39,-0.75,0.0,rolling,6.169999999999913,-0.048237019560021216,2.026194457499675,15,15,0,2.028902527612888,0.39,0.4487989505128276,9.81,1,1,7,21,41,-3.0,3.0,0.01,30.0,60.0,1e-09,1e-12,6,0.0001,1,new simulation,nan
10,16,0.39,-0.6000000000000001,0.0,rolling,6.089999999999915,-0.03931710622830259,2.024303570643275,15,15,0,2.028901460138696,0.39,0.4487989505128276,9.81,1,1,7,21,41,-3.0,3.0,0.01,30.0,60.0,1e-09,1e-12,6,0.0001,1,new simulation,nan
10,17,0.39,-0.4500000000000002,0.0,rolling,6.019999999999916,-0.0474538746084002,2.0260130437707424,15,15,0,2.028900628429778,0.39,0.4487989505128276,9.81,1,1,7,21,41,-3.0,3.0,0.01,30.0,60.0,1e-09,1e-12,6,0.0001,1,new simulation,nan
10,18,0.39,-0.30000000000000027,0.0,rolling,5.959999999999917,-0.05819160695371133,2.0287562563470303,15,15,0,2.0289000354562154,0.39,0.4487989505128276,9.81,1,1,7,21,41,-3.0,3.0,0.01,30.0,60.0,1e-09,1e-12,6,0.0001,1,new simulation,nan
10,19,0.39,-0.1499999999999999,0.0,rolling,5.919999999999918,-0.04340345938862146,2.02512216778835,15,15,0,2.028899678928195,0.39,0.4487989505128276,9.81,1,1,7,21,41,-3.0,3.0,0.01,30.0,60.0,1e-09,1e-12,6,0.0001,1,new simulation,nan
10,20,0.39,0.0,0.0,rolling,5.879999999999919,-0.038921058284433,2.0242284452366013,15,15,0,2.0288995597692163,0.39,0.4487989505128276,9.81,1,1,7,21,41,-3.0,3.0,0.01,30.0,60.0,1e-09,1e-12,6,0.0001,1,new simulation,nan
10,21,0.39,0.1499999999999999,0.0,rolling,5.83999999999992,-0.04171517840426636,2.0247741801474435,15,15,0,2.0288996785853777,0.39,0.4487989505128276,9.81,1,1,7,21,41,-3.0,3.0,0.01,30.0,60.0,1e-09,1e-12,6,0.0001,1,new simulation,nan
10,22,0.39,0.2999999999999998,0.0,rolling,5.799999999999921,-0.04978991999680013,2.0265627034430276,15,15,0,2.028900034405917,0.39,0.4487989505128276,9.81,1,1,7,21,41,-3.0,3.0,0.01,30.0,60.0,1e-09,1e-12,6,0.0001,1,new simulation,nan
10,23,0.39,0.44999999999999973,0.0,rolling,5.769999999999921,-0.041536461963622096,2.02473817705749,15,15,0,2.0289006283614293,0.39,0.4487989505128276,9.81,1,1,7,21,41,-3.0,3.0,0.01,30.0,60.0,1e-09,1e-12,6,0.0001,1,new simulation,nan
10,24,0.39,0.5999999999999996,0.0,rolling,5.729999999999922,-0.05655984766235796,2.0283037849532013,15,15,0,2.0289014598312733,0.39,0.4487989505128276,9.81,1,1,7,21,41,-3.0,3.0,0.01,30.0,60.0,1e-09,1e-12,6,0.0001,1,new simulation,nan
10,25,0.39,0.75,0.0,rolling,5.699999999999923,-0.053720464487844816,2.0275468317368683,15,15,0,2.0289025281374005,0.39,0.4487989505128276,9.81,1,1,7,21,41,-3.0,3.0,0.01,30.0,60.0,1e-09,1e-12,6,0.0001,1,new simulation,nan
10,26,0.39,0.8999999999999999,0.0,rolling,5.6699999999999235,-0.05288312981785759,2.02733102309407,15,15,0,2.028903834854136,0.39,0.4487989505128276,9.81,1,1,7,21,41,-3.0,3.0,0.01,30.0,60.0,1e-09,1e-12,6,0.0001,1,new simulation,nan
10,27,0.39,1.0499999999999998,0.0,rolling,5.639999999999924,-0.05378692666079561,2.0275642028933842,15,15,0,2.0289053775000867,0.39,0.4487989505128276,9.81,1,1,7,21,41,-3.0,3.0,0.01,30.0,60.0,1e-09,1e-12,6,0.0001,1,new simulation,nan
10,28,0.39,1.2000000000000002,0.0,rolling,5.609999999999925,-0.05626784138944096,2.0282243380338305,15,15,0,2.0289071585415024,0.39,0.4487989505128276,9.81,1,1,7,21,41,-3.0,3.0,0.01,30.0,60.0,1e-09,1e-12,6,0.0001,1,new simulation,nan
10,29,0.39,1.3499999999999996,0.0,rolling,5.589999999999925,-0.0399572218199158,2.02442674548634,15,15,0,2.028909177767338,0.39,0.4487989505128276,9.81,1,1,7,21,41,-3.0,3.0,0.01,30.0,60.0,1e-09,1e-12,6,0.0001,1,new simulation,nan
10,30,0.39,1.5,0.0,rolling,5.559999999999926,-0.04531284348793162,2.0255326599907586,15,15,0,2.028911434293647,0.39,0.4487989505128276,9.81,1,1,7,21,41,-3.0,3.0,0.01,30.0,60.0,1e-09,1e-12,6,0.0001,1,new simulation,nan
10,31,0.39,1.6499999999999995,0.0,rolling,5.159999999999934,-0.04238288130632821,2.024909861056527,14,14,0,2.028890415477402,0.39,0.4487989505128276,9.81,1,1,7,21,41,-3.0,3.0,0.01,30.0,60.0,1e-09,1e-12,6,0.0001,1,new simulation,nan
10,32,0.39,1.7999999999999998,0.0,rolling,5.129999999999935,-0.05043355556040357,2.0267186785925566,14,14,0,2.0288974407971367,0.39,0.4487989505128276,9.81,1,1,7,21,41,-3.0,3.0,0.01,30.0,60.0,1e-09,1e-12,6,0.0001,1,new simulation,nan
10,33,0.39,1.9500000000000002,0.0,rolling,5.1099999999999355,-0.03952866634067308,2.024344097029063,14,14,0,2.0289050771989694,0.39,0.4487989505128276,9.81,1,1,7,21,41,-3.0,3.0,0.01,30.0,60.0,1e-09,1e-12,6,0.0001,1,new simulation,nan
10,34,0.39,2.0999999999999996,0.0,rolling,4.709999999999944,-0.04049981197824874,2.0245318205491047,13,13,0,2.0288888613422595,0.39,0.4487989505128276,9.81,1,1,7,21,41,-3.0,3.0,0.01,30.0,60.0,1e-09,1e-12,6,0.0001,1,new simulation,nan
10,35,0.39,2.25,0.0,rolling,4.3099999999999525,-0.04271281513353761,2.024977658494635,12,12,0,2.0288845537613223,0.39,0.4487989505128276,9.81,1,1,7,21,41,-3.0,3.0,0.01,30.0,60.0,1e-09,1e-12,6,0.0001,1,new simulation,nan
10,36,0.39,2.3999999999999995,0.0,rolling,4.279999999999953,-0.05579385909520141,2.0280972588720925,12,12,0,2.028947213741306,0.39,0.4487989505128276,9.81,1,1,7,21,41,-3.0,3.0,0.01,30.0,60.0,1e-09,1e-12,6,0.0001,1,new simulation,nan
10,37,0.39,2.55,0.0,rolling,4.6399999999999455,-0.03917919894832148,2.0242793270846384,13,13,0,2.0289619358479047,0.39,0.4487989505128276,9.81,1,1,7,21,41,-3.0,3.0,0.01,30.0,60.0,1e-09,1e-12,6,0.0001,1,new simulation,nan
10,38,0.39,2.7,0.0,rolling,4.989999999999938,-0.04396260178285726,2.0252421721648064,14,14,0,2.028952420457297,0.39,0.4487989505128276,9.81,1,1,7,21,41,-3.0,3.0,0.01,30.0,60.0,1e-09,1e-12,6,0.0001,1,new simulation,nan
10,39,0.39,2.8499999999999996,0.0,rolling,4.9699999999999385,-0.04020302273881908,2.02447625877434,14,14,0,2.0289637228048103,0.39,0.4487989505128276,9.81,1,1,7,21,41,-3.0,3.0,0.01,30.0,60.0,1e-09,1e-12,6,0.0001,1,new simulation,nan
10,40,0.39,3.0,0.0,rolling,5.319999999999931,-0.04715684165627241,2.025946551633079,15,15,0,2.028947056032124,0.39,0.4487989505128276,9.81,1,1,7,21,41,-3.0,3.0,0.01,30.0,60.0,1e-09,1e-12,6,0.0001,1,new simulation,nan
11,0,0.43487989505128277,-3.0,0.1,rolling,6.259999999999911,-0.04661851714858931,2.025822432936097,16,15,1,2.0288877820320237,0.39,0.4487989505128276,9.81,1,1,7,21,41,-3.0,3.0,0.01,30.0,60.0,1e-09,1e-12,6,0.0001,1,new simulation,nan
11,1,0.43487989505128277,-2.85,0.1,rolling,6.249999999999911,-0.054568069200168726,2.0277682173317357,16,15,1,2.028885982211405,0.39,0.4487989505128276,9.81,1,1,7,21,41,-3.0,3.0,0.01,30.0,60.0,1e-09,1e-12,6,0.0001,1,new simulation,nan
11,2,0.43487989505128277,-2.7,0.1,rolling,6.629999999999903,-0.04555701216788921,2.025586374882375,17,16,1,2.028911541149169,0.39,0.4487989505128276,9.81,1,1,7,21,41,-3.0,3.0,0.01,30.0,60.0,1e-09,1e-12,6,0.0001,1,new simulation,nan
11,3,0.43487989505128277,-2.55,0.1,rolling,6.639999999999903,-0.04159187846810526,2.0247496705690105,17,16,1,2.028910911969167,0.39,0.4487989505128276,9.81,1,1,7,21,41,-3.0,3.0,0.01,30.0,60.0,1e-09,1e-12,6,0.0001,1,new simulation,nan
11,4,0.43487989505128277,-2.4,0.1,rolling,6.649999999999903,-0.054291445206097876,2.027696206736208,17,16,1,2.028910320162209,0.39,0.4487989505128276,9.81,1,1,7,21,41,-3.0,3.0,0.01,30.0,60.0,1e-09,1e-12,6,0.0001,1,new simulation,nan
11,5,0.43487989505128277,-2.25,0.1,rolling,6.679999999999902,-0.04680906682120904,2.0258662384328523,17,16,1,2.0289097638430813,0.39,0.4487989505128276,9.81,1,1,7,21,41,-3.0,3.0,0.01,30.0,60.0,1e-09,1e-12,6,0.0001,1,new simulation,nan
11,6,0.43487989505128277,-2.1,0.1,rolling,6.719999999999901,-0.04596228097052298,2.0256760793063653,17,16,1,2.0289092439509986,0.39,0.4487989505128276,9.81,1,1,7,21,41,-3.0,3.0,0.01,30.0,60.0,1e-09,1e-12,6,0.0001,1,new simulation,nan
11,7,0.43487989505128277,-1.95,0.1,rolling,6.7799999999999,-0.04367572702976035,2.0251798708207502,17,16,1,2.0289087584440595,0.39,0.4487989505128276,9.81,1,1,7,21,41,-3.0,3.0,0.01,30.0,60.0,1e-09,1e-12,6,0.0001,1,new simulation,nan
11,8,0.43487989505128277,-1.8,0.1,rolling,6.869999999999898,-0.04509156594327078,2.0254841303144846,17,16,1,2.0289083102386467,0.39,0.4487989505128276,9.81,1,1,7,21,41,-3.0,3.0,0.01,30.0,60.0,1e-09,1e-12,6,0.0001,1,new simulation,nan
11,9,0.43487989505128277,-1.6500000000000001,0.1,rolling,7.019999999999895,-0.05554226583167079,2.0280282605431106,17,16,1,2.0289078975500754,0.39,0.4487989505128276,9.81,1,1,7,21,41,-3.0,3.0,0.01,30.0,60.0,1e-09,1e-12,6,0.0001,1,new simulation,nan
11,10,0.43487989505128277,-1.5,0.1,rolling,7.389999999999887,-0.043664398699876664,2.0251774337893274,17,16,1,2.0289075209166243,0.39,0.4487989505128276,9.81,1,1,7,21,41,-3.0,3.0,0.01,30.0,60.0,1e-09,1e-12,6,0.0001,1,new simulation,nan
11,11,0.43487989505128277,-1.35,0.1,rolling,7.999999999999874,-0.05850685601560569,2.028845387141187,15,15,0,2.0289073156024897,0.39,0.4487989505128276,9.81,1,1,7,21,41,-3.0,3.0,0.01,30.0,60.0,1e-09,1e-12,6,0.0001,1,new simulation,nan
11,12,0.43487989505128277,-1.2000000000000002,0.1,rolling,6.509999999999906,-0.05820552156118978,2.028760339581196,15,15,0,2.0289052965251106,0.39,0.4487989505128276,9.81,1,1,7,21,41,-3.0,3.0,0.01,30.0,60.0,1e-09,1e-12,6,0.0001,1,new simulation,nan
11,13,0.43487989505128277,-1.05,0.1,rolling,6.29999999999991,-0.05611049433460978,2.0281814805899643,15,15,0,2.02890351626494,0.39,0.4487989505128276,9.81,1,1,7,21,41,-3.0,3.0,0.01,30.0,60.0,1e-09,1e-12,6,0.0001,1,new simulation,nan
11,14,0.43487989505128277,-0.8999999999999999,0.1,rolling,6.179999999999913,-0.05333380581558753,2.0274467209730918,15,15,0,2.0289019713086733,0.39,0.4487989505128276,9.81,1,1,7,21,41,-3.0,3.0,0.01,30.0,60.0,1e-09,1e-12,6,0.0001,1,new simulation,nan
11,15,0.43487989505128277,-0.75,0.1,rolling,6.099999999999914,-0.04285848861847223,2.02500837072056,15,15,0,2.0289006660534947,0.39,0.4487989505128276,9.81,1,1,7,21,41,-3.0,3.0,0.01,30.0,60.0,1e-09,1e-12,6,0.0001,1,new simulation,nan
11,16,0.43487989505128277,-0.6000000000000001,0.1,rolling,6.029999999999916,-0.0512462196258344,2.0269186345560057,15,15,0,2.028899597904732,0.39,0.4487989505128276,9.81,1,1,7,21,41,-3.0,3.0,0.01,30.0,60.0,1e-09,1e-12,6,0.0001,1,new simulation,nan
11,17,0.43487989505128277,-0.4500000000000002,0.1,rolling,5.979999999999917,-0.042864493939479845,2.025009553690614,15,15,0,2.028898765197485,0.39,0.4487989505128276,9.81,1,1,7,21,41,-3.0,3.0,0.01,30.0,60.0,1e-09,1e-12,6,0.0001,1,new simulation,nan
11,18,0.43487989505128277,-0.30000000000000027,0.1,rolling,5.929999999999918,-0.04995461646899237,2.02660238836447,15,15,0,2.028898172899875,0.39,0.4487989505128276,9.81,1,1,7,21,41,-3.0,3.0,0.01,30.0,60.0,1e-09,1e-12,6,0.0001,1,new simulation,nan
11,19,0.43487989505128277,-0.1499999999999999,0.1,rolling,5.889999999999919,-0.04728557986571626,2.0259743631794365,15,15,0,2.028897815318235,0.39,0.4487989505128276,9.81,1,1,7,21,41,-3.0,3.0,0.01,30.0,60.0,1e-09,1e-12,6,0.0001,1,new simulation,nan
11,20,0.43487989505128277,0.0,0.1,rolling,5.84999999999992,-0.051922071635975536,2.0270872239021087,15,15,0,2.0288976971972916,0.39,0.4487989505128276,9.81,1,1,7,21,41,-3.0,3.0,0.01,30.0,60.0,1e-09,1e-12,6,0.0001,1,new simulation,nan
11,21,0.43487989505128277,0.1499999999999999,0.1,rolling,5.81999999999992,-0.04146723634737754,2.0247241691072215,15,15,0,2.0288978151466184,0.39,0.4487989505128276,9.81,1,1,7,21,41,-3.0,3.0,0.01,30.0,60.0,1e-09,1e-12,6,0.0001,1,new simulation,nan
11,22,0.43487989505128277,0.2999999999999998,0.1,rolling,5.779999999999921,-0.05499539283975306,2.0278818073309144,15,15,0,2.0288981716949195,0.39,0.4487989505128276,9.81,1,1,7,21,41,-3.0,3.0,0.01,30.0,60.0,1e-09,1e-12,6,0.0001,1,new simulation,nan
11,23,0.43487989505128277,0.44999999999999973,0.1,rolling,5.749999999999922,-0.05100531699750395,2.0268590242828055,15,15,0,2.02889876583034,0.39,0.4487989505128276,9.81,1,1,7,21,41,-3.0,3.0,0.01,30.0,60.0,1e-09,1e-12,6,0.0001,1,new simulation,nan
11,24,0.43487989505128277,0.5999999999999996,0.1,rolling,5.7199999999999225,-0.04911888249137856,2.0264021061702375,15,15,0,2.0288995969938504,0.39,0.4487989505128276,9.81,1,1,7,21,41,-3.0,3.0,0.01,30.0,60.0,1e-09,1e-12,6,0.0001,1,new simulation,nan
11,25,0.43487989505128277,0.75,0.1,rolling,5.689999999999923,-0.04892496624042149,2.0263561399923096,15,15,0,2.02890066568432,0.39,0.4487989505128276,9.81,1,1,7,21,41,-3.0,3.0,0.01,30.0,60.0,1e-09,1e-12,6,0.0001,1,new simulation,nan
11,26,0.43487989505128277,0.8999999999999999,0.1,rolling,5.659999999999924,-0.050177305538420446,2.0266564577641417,15,15,0,2.0289019713190606,0.39,0.4487989505128276,9.81,1,1,7,21,41,-3.0,3.0,0.01,30.0,60.0,1e-09,1e-12,6,0.0001,1,new simulation,nan
11,27,0.43487989505128277,1.0499999999999998,0.1,rolling,5.629999999999924,-0.05274023616367313,2.027294514167173,15,15,0,2.0289035158964985,0.39,0.4487989505128276,9.81,1,1,7,21,41,-3.0,3.0,0.01,30.0,60.0,1e-09,1e-12,6,0.0001,1,new simulation,nan
11,28,0.43487989505128277,1.2000000000000002,0.1,rolling,5.599999999999925,-0.05654852921821971,2.028300815742365,15,15,0,2.0289052959575566,0.39,0.4487989505128276,9.81,1,1,7,21,41,-3.0,3.0,0.01,30.0,60.0,1e-09,1e-12,6,0.0001,1,new simulation,nan
11,29,0.43487989505128277,1.3499999999999996,0.1,rolling,5.5799999999999255,-0.04130799253869255,2.02469255744203,15,15,0,2.0289073157190973,0.39,0.4487989505128276,9.81,1,1,7,21,41,-3.0,3.0,0.01,30.0,60.0,1e-09,1e-12,6,0.0001,1,new simulation,nan
11,30,0.43487989505128277,1.5,0.1,rolling,5.549999999999926,-0.047541101843284674,2.026033388032241,15,15,0,2.0289095714426955,0.39,0.4487989505128276,9.81,1,1,7,21,41,-3.0,3.0,0.01,30.0,60.0,1e-09,1e-12,6,0.0001,1,new simulation,nan
11,31,0.43487989505128277,1.6499999999999995,0.1,rolling,5.149999999999935,-0.04533907674806652,2.025537573975784,14,14,0,2.028885623585784,0.39,0.4487989505128276,9.81,1,1,7,21,41,-3.0,3.0,0.01,30.0,60.0,1e-09,1e-12,6,0.0001,1,new simulation,nan
11,32,0.43487989505128277,1.7999999999999998,0.1,rolling,5.119999999999935,-0.05400965667823782,2.0276218418022784,14,14,0,2.0288926496462207,0.39,0.4487989505128276,9.81,1,1,7,21,41,-3.0,3.0,0.01,30.0,60.0,1e-09,1e-12,6,0.0001,1,new simulation,nan
11,33,0.43487989505128277,1.9500000000000002,0.1,rolling,5.099999999999936,-0.043631783464437135,2.0251703053998558,14,14,0,2.028900285926211,0.39,0.4487989505128276,9.81,1,1,7,21,41,-3.0,3.0,0.01,30.0,60.0,1e-09,1e-12,6,0.0001,1,new simulation,nan
11,34,0.43487989505128277,2.0999999999999996,0.1,rolling,5.069999999999936,-0.05472554477576854,2.0278105658710484,14,14,0,2.028908533165369,0.39,0.4487989505128276,9.81,1,1,7,21,41,-3.0,3.0,0.01,30.0,60.0,1e-09,1e-12,6,0.0001,1,new simulation,nan
11,35,0.43487989505128277,2.25,0.1,rolling,4.669999999999945,-0.057359756848355474,2.0285239508727413,13,13,0,2.028899324349249,0.39,0.4487989505128276,9.81,1,1,7,21,41,-3.0,3.0,0.01,30.0,60.0,1e-09,1e-12,6,0.0001,1,new simulation,nan
11,36,0.43487989505128277,2.3999999999999995,0.1,rolling,3.899999999999961,-0.051505781850588905,2.0269829799124066,11,11,0,2.0288944796341206,0.39,0.4487989505128276,9.81,1,1,7,21,41,-3.0,3.0,0.01,30.0,60.0,1e-09,1e-12,6,0.0001,1,new simulation,nan
11,37,0.43487989505128277,2.55,0.1,rolling,4.629999999999946,-0.04489243444551122,2.0254421049165368,13,13,0,2.0289496102363844,0.39,0.4487989505128276,9.81,1,1,7,21,41,-3.0,3.0,0.01,30.0,60.0,1e-09,1e-12,6,0.0001,1,new simulation,nan
11,38,0.43487989505128277,2.7,0.1,rolling,4.979999999999938,-0.05000323439377302,2.0266157613981686,14,14,0,2.028947629469521,0.39,0.4487989505128276,9.81,1,1,7,21,41,-3.0,3.0,0.01,30.0,60.0,1e-09,1e-12,6,0.0001,1,new simulation,nan
11,39,0.43487989505128277,2.8499999999999996,0.1,rolling,4.959999999999939,-0.046545822513653266,2.0258083666535676,14,14,0,2.028958931493554,0.39,0.4487989505128276,9.81,1,1,7,21,41,-3.0,3.0,0.01,30.0,60.0,1e-09,1e-12,6,0.0001,1,new simulation,nan
11,40,0.43487989505128277,3.0,0.1,rolling,4.939999999999939,-0.04413942312036505,2.0252804922685304,14,14,0,2.0289708429658115,0.39,0.4487989505128276,9.81,1,1,7,21,41,-3.0,3.0,0.01,30.0,60.0,1e-09,1e-12,6,0.0001,1,new simulation,nan
12,0,0.47975979010256553,-3.0,0.2,rolling,6.269999999999911,-0.04992677851514224,2.026595294482891,16,15,1,2.028886984707326,0.39,0.4487989505128276,9.81,1,1,7,21,41,-3.0,3.0,0.01,30.0,60.0,1e-09,1e-12,6,0.0001,1,new simulation,nan
12,1,0.47975979010256553,-2.85,0.2,rolling,6.269999999999911,-0.04533154080646192,2.0255359029855735,16,15,1,2.028885184855966,0.39,0.4487989505128276,9.81,1,1,7,21,41,-3.0,3.0,0.01,30.0,60.0,1e-09,1e-12,6,0.0001,1,new simulation,nan
12,2,0.47975979010256553,-2.7,0.2,rolling,6.649999999999903,-0.04518368987018494,2.025504359189633,17,16,1,2.0289112304163504,0.39,0.4487989505128276,9.81,1,1,7,21,41,-3.0,3.0,0.01,30.0,60.0,1e-09,1e-12,6,0.0001,1,new simulation,nan
12,3,0.47975979010256553,-2.55,0.2,rolling,6.659999999999902,-0.05203044991797345,2.0271148945810546,17,16,1,2.0289106026326476,0.39,0.4487989505128276,9.81,1,1,7,21,41,-3.0,3.0,0.01,30.0,60.0,1e-09,1e-12,6,0.0001,1,new simulation,nan
12,4,0.47975979010256553,-2.4,0.2,rolling,6.679999999999902,-0.05850785487353447,2.028845756318012,17,16,1,2.028910011101215,0.39,0.4487989505128276,9.81,1,1,7,21,41,-3.0,3.0,0.01,30.0,60.0,1e-09,1e-12,6,0.0001,1,new simulation,nan
12,5,0.47975979010256553,-2.25,0.2,rolling,6.719999999999901,-0.05025032246990068,2.0266744423888716,17,16,1,2.0289094546706927,0.39,0.4487989505128276,9.81,1,1,7,21,41,-3.0,3.0,0.01,30.0,60.0,1e-09,1e-12,6,0.0001,1,new simulation,nan
12,6,0.47975979010256553,-2.1,0.2,rolling,6.7699999999999,-0.05856527443971173,2.028861964399783,17,16,1,2.0289089334695345,0.39,0.4487989505128276,9.81,1,1,7,21,41,-3.0,3.0,0.01,30.0,60.0,1e-09,1e-12,6,0.0001,1,new simulation,nan
12,7,0.47975979010256553,-1.95,0.2,rolling,6.859999999999898,-0.04532321373195539,2.025534838962779,17,16,1,2.0289084489332962,0.39,0.4487989505128276,9.81,1,1,7,21,41,-3.0,3.0,0.01,30.0,60.0,1e-09,1e-12,6,0.0001,1,new simulation,nan
12,8,0.47975979010256553,-1.8,0.2,rolling,6.999999999999895,-0.04740602957033881,2.0260023000668856,17,16,1,2.028908000523336,0.39,0.4487989505128276,9.81,1,1,7,21,41,-3.0,3.0,0.01,30.0,60.0,1e-09,1e-12,6,0.0001,1,new simulation,nan
12,9,0.47975979010256553,-1.6500000000000001,0.2,rolling,7.309999999999889,-0.050009496076418074,2.0266159668541586,17,16,1,2.0289075876436793,0.39,0.4487989505128276,9.81,1,1,7,21,41,-3.0,3.0,0.01,30.0,60.0,1e-09,1e-12,6,0.0001,1,new simulation,nan
12,10,0.47975979010256553,-1.5,0.2,settled,1.2200000000000009,-0.058798950512827575,0.0,2,1,1,nan,0.39,0.4487989505128276,9.81,1,1,7,21,41,-3.0,3.0,0.01,30.0,60.0,1e-09,1e-12,6,0.0001,1,new simulation,nan
12,11,0.47975979010256553,-1.35,0.2,rolling,6.539999999999905,-0.058138884533814675,2.0287416065539388,15,15,0,2.028905264532955,0.39,0.4487989505128276,9.81,1,1,7,21,41,-3.0,3.0,0.01,30.0,60.0,1e-09,1e-12,6,0.0001,1,new simulation,nan
12,12,0.47975979010256553,-1.2000000000000002,0.2,rolling,6.31999999999991,-0.04914283685171056,2.026407919340106,15,15,0,2.028903244470405,0.39,0.4487989505128276,9.81,1,1,7,21,41,-3.0,3.0,0.01,30.0,60.0,1e-09,1e-12,6,0.0001,1,new simulation,nan
12,13,0.47975979010256553,-1.05,0.2,rolling,6.199999999999912,-0.039424311287898556,2.024324021332051,15,15,0,2.028901463723807,0.39,0.4487989505128276,9.81,1,1,7,21,41,-3.0,3.0,0.01,30.0,60.0,1e-09,1e-12,6,0.0001,1,new simulation,nan
12,14,0.47975979010256553,-0.8999999999999999,0.2,rolling,6.109999999999914,-0.04730509751392454,2.0259789027886943,15,15,0,2.0288999202382083,0.39,0.4487989505128276,9.81,1,1,7,21,41,-3.0,3.0,0.01,30.0,60.0,1e-09,1e-12,6,0.0001,1,new simulation,nan
12,15,0.47975979010256553,-0.75,0.2,rolling,6.039999999999916,-0.05587959402350327,2.0281188134894625,15,15,0,2.028898614130567,0.39,0.4487989505128276,9.81,1,1,7,21,41,-3.0,3.0,0.01,30.0,60.0,1e-09,1e-12,6,0.0001,1,new simulation,nan
12,16,0.47975979010256553,-0.6000000000000001,0.2,rolling,5.989999999999917,-0.04874562204884348,2.0263136532912918,15,15,0,2.028897545843437,0.39,0.4487989505128276,9.81,1,1,7,21,41,-3.0,3.0,0.01,30.0,60.0,1e-09,1e-12,6,0.0001,1,new simulation,nan
12,17,0.47975979010256553,-0.4500000000000002,0.2,rolling,5.939999999999918,-0.05768471431492198,2.028614211332836,15,15,0,2.02889671460204,0.39,0.4487989505128276,9.81,1,1,7,21,41,-3.0,3.0,0.01,30.0,60.0,1e-09,1e-12,6,0.0001,1,new simulation,nan
12,18,0.47975979010256553,-0.30000000000000027,0.2,rolling,5.899999999999919,-0.057155046794288074,2.028467193935972,15,15,0,2.028896121183355,0.39,0.4487989505128276,9.81,1,1,7,21,41,-3.0,3.0,0.01,30.0,60.0,1e-09,1e-12,6,0.0001,1,new simulation,nan
12,19,0.47975979010256553,-0.1499999999999999,0.2,rolling,5.869999999999919,-0.0437516487109774,2.0251955154920305,15,15,0,2.0288957641632592,0.39,0.4487989505128276,9.81,1,1,7,21,41,-3.0,3.0,0.01,30.0,60.0,1e-09,1e-12,6,0.0001,1,new simulation,nan
12,20,0.47975979010256553,0.0,0.2,rolling,5.82999999999992,-0.05570689820502571,2.0280721344816373,15,15,0,2.0288956453298574,0.39,0.4487989505128276,9.81,1,1,7,21,41,-3.0,3.0,0.01,30.0,60.0,1e-09,1e-12,6,0.0001,1,new simulation,nan
12,21,0.47975979010256553,0.1499999999999999,0.2,rolling,5.799999999999921,-0.05090908293934332,2.026835202892948,15,15,0,2.0288957646910277,0.39,0.4487989505128276,9.81,1,1,7,21,41,-3.0,3.0,0.01,30.0,60.0,1e-09,1e-12,6,0.0001,1,new simulation,nan
12,22,0.47975979010256553,0.2999999999999998,0.2,rolling,5.769999999999921,-0.048557711134486405,2.0262693639528813,15,15,0,2.0288961210919947,0.39,0.4487989505128276,9.81,1,1,7,21,41,-3.0,3.0,0.01,30.0,60.0,1e-09,1e-12,6,0.0001,1,new simulation,nan
12,23,0.47975979010256553,0.44999999999999973,0.2,rolling,5.739999999999922,-0.04794849593336633,2.0261271127369223,15,15,0,2.02889671493776,0.39,0.4487989505128276,9.81,1,1,7,21,41,-3.0,3.0,0.01,30.0,60.0,1e-09,1e-12,6,0.0001,1,new simulation,nan
12,24,0.47975979010256553,0.5999999999999996,0.2,rolling,5.709999999999923,-0.04864836998225118,2.0262907329645006,15,15,0,2.028897544938369,0.39,0.4487989505128276,9.81,1,1,7,21,41,-3.0,3.0,0.01,30.0,60.0,1e-09,1e-12,6,0.0001,1,new simulation,nan
12,25,0.47975979010256553,0.75,0.2,rolling,5.679999999999923,-0.05041826310750121,2.0267149866585905,15,15,0,2.028898614863945,0.39,0.4487989505128276,9.81,1,1,7,21,41,-3.0,3.0,0.01,30.0,60.0,1e-09,1e-12,6,0.0001,1,new simulation,nan
12,26,0.47975979010256553,0.8999999999999999,0.2,rolling,5.649999999999924,-0.05315196380559546,2.0273998304460794,15,15,0,2.028899920889867,0.39,0.4487989505128276,9.81,1,1,7,21,41,-3.0,3.0,0.01,30.0,60.0,1e-09,1e-12,6,0.0001,1,new simulation,nan
12,27,0.47975979010256553,1.0499999999999998,0.2,rolling,5.619999999999925,-0.05682804167311501,2.028377285668326,15,15,0,2.0289014633182316,0.39,0.4487989505128276,9.81,1,1,7,21,41,-3.0,3.0,0.01,30.0,60.0,1e-09,1e-12,6,0.0001,1,new simulation,nan
12,28,0.47975979010256553,1.2000000000000002,0.2,rolling,5.599999999999925,-0.041203229777817305,2.0246714896665243,15,15,0,2.028903244857141,0.39,0.4487989505128276,9.81,1,1,7,21,41,-3.0,3.0,0.01,30.0,60.0,1e-09,1e-12,6,0.0001,1,new simulation,nan
12,29,0.47975979010256553,1.3499999999999996,0.2,rolling,5.569999999999926,-0.04685261664153813,2.025875965770002,15,15,0,2.028905264853461,0.39,0.4487989505128276,9.81,1,1,7,21,41,-3.0,3.0,0.01,30.0,60.0,1e-09,1e-12,6,0.0001,1,new simulation,nan
12,30,0.47975979010256553,1.5,0.2,rolling,5.539999999999926,-0.053570844451315054,2.0275081789048675,15,15,0,2.0289075190760157,0.39,0.4487989505128276,9.81,1,1,7,21,41,-3.0,3.0,0.01,30.0,60.0,1e-09,1e-12,6,0.0001,1,new simulation,nan
12,31,0.47975979010256553,1.6499999999999995,0.2,rolling,5.519999999999927,-0.04113686260698168,2.0246584768049862,15,15,0,2.0289100147422827,0.39,0.4487989505128276,9.81,1,1,7,21,41,-3.0,3.0,0.01,30.0,60.0,1e-09,1e-12,6,0.0001,1,new simulation,nan
12,32,0.47975979010256553,1.7999999999999998,0.2,rolling,5.119999999999935,-0.04045529799637809,2.0245230444146256,14,14,0,2.0288873715406326,0.39,0.4487989505128276,9.81,1,1,7,21,41,-3.0,3.0,0.01,30.0,60.0,1e-09,1e-12,6,0.0001,1,new simulation,nan
12,33,0.47975979010256553,1.9500000000000002,0.2,rolling,5.089999999999936,-0.05058966836830172,2.0267567512132563,14,14,0,2.028895007543735,0.39,0.4487989505128276,9.81,1,1,7,21,41,-3.0,3.0,0.01,30.0,60.0,1e-09,1e-12,6,0.0001,1,new simulation,nan
12,34,0.47975979010256553,2.0999999999999996,0.2,rolling,5.069999999999936,-0.041641234598847485,2.0247593721455304,14,14,0,2.028903256459914,0.39,0.4487989505128276,9.81,1,1,7,21,41,-3.0,3.0,0.01,30.0,60.0,1e-09,1e-12,6,0.0001,1,new simulation,nan
12,35,0.47975979010256553,2.25,0.2,rolling,4.669999999999945,-0.04446833837414713,2.0253482666768843,13,13,0,2.0288857469027604,0.39,0.4487989505128276,9.81,1,1,7,21,41,-3.0,3.0,0.01,30.0,60.0,1e-09,1e-12,6,0.0001,1,new simulation,nan
12,36,0.47975979010256553,2.3999999999999995,0.2,rolling,4.6399999999999455,-0.05811413895844624,2.0287348127065505,13,13,0,2.028910104855722,0.39,0.4487989505128276,9.81,1,1,7,21,41,-3.0,3.0,0.01,30.0,60.0,1e-09,1e-12,6,0.0001,1,new simulation,nan
12,37,0.47975979010256553,2.55,0.2,rolling,4.249999999999954,-0.042972946786386565,2.02503368339449,12,12,0,2.028947284626279,0.39,0.4487989505128276,9.81,1,1,7,21,41,-3.0,3.0,0.01,30.0,60.0,1e-09,1e-12,6,0.0001,1,new simulation,nan
12,38,0.47975979010256553,2.7,0.2,rolling,4.599999999999946,-0.04825229996998022,2.0262000213358973,13,13,0,2.0289635340264254,0.39,0.4487989505128276,9.81,1,1,7,21,41,-3.0,3.0,0.01,30.0,60.0,1e-09,1e-12,6,0.0001,1,new simulation,nan
12,39,0.47975979010256553,2.8499999999999996,0.2,rolling,4.949999999999939,-0.054616524165961945,2.027783221614784,14,14,0,2.028953653257862,0.39,0.4487989505128276,9.81,1,1,7,21,41,-3.0,3.0,0.01,30.0,60.0,1e-09,1e-12,6,0.0001,1,new simulation,nan
12,40,0.47975979010256553,3.0,0.2,rolling,4.929999999999939,-0.05237231868578245,2.0272030156385847,14,14,0,2.028965565446437,0.39,0.4487989505128276,9.81,1,1,7,21,41,-3.0,3.0,0.01,30.0,60.0,1e-09,1e-12,6,0.0001,1,new simulation,nan
13,0,0.5246396851538483,-3.0,0.3,rolling,6.2799999999999105,-0.056332567862512714,2.0282412680033315,16,15,1,2.0288861149626087,0.39,0.4487989505128276,9.81,1,1,7,21,41,-3.0,3.0,0.01,30.0,60.0,1e-09,1e-12,6,0.0001,1,new simulation,nan
13,1,0.5246396851538483,-2.85,0.3,rolling,6.659999999999902,-0.05010616285797806,2.02663950984689,17,16,1,2.02891155681613,0.39,0.4487989505128276,9.81,1,1,7,21,41,-3.0,3.0,0.01,30.0,60.0,1e-09,1e-12,6,0.0001,1,new simulation,nan
13,2,0.5246396851538483,-2.7,0.3,rolling,6.669999999999902,-0.05101486673137132,2.0268617791981796,17,16,1,2.028910893804889,0.39,0.4487989505128276,9.81,1,1,7,21,41,-3.0,3.0,0.01,30.0,60.0,1e-09,1e-12,6,0.0001,1,new simulation,nan
13,3,0.5246396851538483,-2.55,0.3,rolling,6.689999999999902,-0.05124434933911747,2.026918519649259,17,16,1,2.0289102641128025,0.39,0.4487989505128276,9.81,1,1,7,21,41,-3.0,3.0,0.01,30.0,60.0,1e-09,1e-12,6,0.0001,1,new simulation,nan
13,4,0.5246396851538483,-2.4,0.3,rolling,6.719999999999901,-0.05610844620984102,2.028181124734225,17,16,1,2.0289096723081372,0.39,0.4487989505128276,9.81,1,1,7,21,41,-3.0,3.0,0.01,30.0,60.0,1e-09,1e-12,6,0.0001,1,new simulation,nan
13,5,0.5246396851538483,-2.25,0.3,rolling,6.7699999999999,-0.05530363567248324,2.0279643580366424,17,16,1,2.0289091158569925,0.39,0.4487989505128276,9.81,1,1,7,21,41,-3.0,3.0,0.01,30.0,60.0,1e-09,1e-12,6,0.0001,1,new simulation,nan
13,6,0.5246396851538483,-2.1,0.3,rolling,6.849999999999898,-0.04887623028458348,2.026344866474573,17,16,1,2.028908595662132,0.39,0.4487989505128276,9.81,1,1,7,21,41,-3.0,3.0,0.01,30.0,60.0,1e-09,1e-12,6,0.0001,1,new simulation,nan
13,7,0.5246396851538483,-1.95,0.3,rolling,6.979999999999896,-0.045994297816816195,2.0256831672655378,17,16,1,2.0289081108833282,0.39,0.4487989505128276,9.81,1,1,7,21,41,-3.0,3.0,0.01,30.0,60.0,1e-09,1e-12,6,0.0001,1,new simulation,nan
13,8,0.5246396851538483,-1.8,0.3,rolling,7.24999999999989,-0.04692591997500776,2.025892679347812,17,16,1,2.0289076621810844,0.39,0.4487989505128276,9.81,1,1,7,21,41,-3.0,3.0,0.01,30.0,60.0,1e-09,1e-12,6,0.0001,1,new simulation,nan
13,9,0.5246396851538483,-1.6500000000000001,0.3,settled,1.0400000000000007,-0.058798950512827575,0.0,2,1,1,nan,0.39,0.4487989505128276,9.81,1,1,7,21,41,-3.0,3.0,0.01,30.0,60.0,1e-09,1e-12,6,0.0001,1,new simulation,nan
13,10,0.5246396851538483,-1.5,0.3,rolling,6.579999999999904,-0.04712294497312724,2.0259374496681684,15,15,0,2.028905283240325,0.39,0.4487989505128276,9.81,1,1,7,21,41,-3.0,3.0,0.01,30.0,60.0,1e-09,1e-12,6,0.0001,1,new simulation,nan
13,11,0.5246396851538483,-1.35,0.3,rolling,6.339999999999909,-0.0449167735568441,2.025445871842332,15,15,0,2.0289030275083357,0.39,0.4487989505128276,9.81,1,1,7,21,41,-3.0,3.0,0.01,30.0,60.0,1e-09,1e-12,6,0.0001,1,new simulation,nan
13,12,0.5246396851538483,-1.2000000000000002,0.3,rolling,6.209999999999912,-0.047181851608707984,2.0259507533807,15,15,0,2.028901008227287,0.39,0.4487989505128276,9.81,1,1,7,21,41,-3.0,3.0,0.01,30.0,60.0,1e-09,1e-12,6,0.0001,1,new simulation,nan
13,13,0.5246396851538483,-1.05,0.3,rolling,6.119999999999914,-0.05272258364704596,2.0272898717310475,15,15,0,2.028899227719321,0.39,0.4487989505128276,9.81,1,1,7,21,41,-3.0,3.0,0.01,30.0,60.0,1e-09,1e-12,6,0.0001,1,new simulation,nan
13,14,0.5246396851538483,-0.8999999999999999,0.3,rolling,6.059999999999915,-0.04111039279659248,2.0246528002196986,15,15,0,2.028897684126335,0.39,0.4487989505128276,9.81,1,1,7,21,41,-3.0,3.0,0.01,30.0,60.0,1e-09,1e-12,6,0.0001,1,new simulation,nan
13,15,0.5246396851538483,-0.75,0.3,rolling,5.9999999999999165,-0.05559416638723912,2.028041830093519,15,15,0,2.028896378467274,0.39,0.4487989505128276,9.81,1,1,7,21,41,-3.0,3.0,0.01,30.0,60.0,1e-09,1e-12,6,0.0001,1,new simulation,nan
13,16,0.5246396851538483,-0.6000000000000001,0.3,rolling,5.959999999999917,-0.04636135776854995,2.0257648063327487,15,15,0,2.0288953097401783,0.39,0.4487989505128276,9.81,1,1,7,21,41,-3.0,3.0,0.01,30.0,60.0,1e-09,1e-12,6,0.0001,1,new simulation,nan
13,17,0.5246396851538483,-0.4500000000000002,0.3,rolling,5.919999999999918,-0.04835750974586727,2.026222358464451,15,15,0,2.0288944774231266,0.39,0.4487989505128276,9.81,1,1,7,21,41,-3.0,3.0,0.01,30.0,60.0,1e-09,1e-12,6,0.0001,1,new simulation,nan
13,18,0.5246396851538483,-0.30000000000000027,0.3,rolling,5.879999999999919,-0.05793752868786722,2.0286847540079576,15,15,0,2.0288938838512434,0.39,0.4487989505128276,9.81,1,1,7,21,41,-3.0,3.0,0.01,30.0,60.0,1e-09,1e-12,6,0.0001,1,new simulation,nan
13,19,0.5246396851538483,-0.1499999999999999,0.3,rolling,5.84999999999992,-0.052319965592846476,2.0271874046755425,15,15,0,2.0288935277300406,0.39,0.4487989505128276,9.81,1,1,7,21,41,-3.0,3.0,0.01,30.0,60.0,1e-09,1e-12,6,0.0001,1,new simulation,nan
13,20,0.5246396851538483,0.0,0.3,rolling,5.81999999999992,-0.050031592857871066,2.026620850337316,15,15,0,2.0288934080182046,0.39,0.4487989505128276,9.81,1,1,7,21,41,-3.0,3.0,0.01,30.0,60.0,1e-09,1e-12,6,0.0001,1,new simulation,nan
13,21,0.5246396851538483,0.1499999999999999,0.3,rolling,5.789999999999921,-0.04985951825787066,2.0265792715338984,15,15,0,2.0288935269819484,0.39,0.4487989505128276,9.81,1,1,7,21,41,-3.0,3.0,0.01,30.0,60.0,1e-09,1e-12,6,0.0001,1,new simulation,nan
13,22,0.5246396851538483,0.2999999999999998,0.3,rolling,5.759999999999922,-0.051002514820621264,2.0268581715308214,15,15,0,2.0288938833745402,0.39,0.4487989505128276,9.81,1,1,7,21,41,-3.0,3.0,0.01,30.0,60.0,1e-09,1e-12,6,0.0001,1,new simulation,nan
13,23,0.5246396851538483,0.44999999999999973,0.3,rolling,5.729999999999922,-0.052974544223325065,2.027354118726176,15,15,0,2.028894477689689,0.39,0.4487989505128276,9.81,1,1,7,21,41,-3.0,3.0,0.01,30.0,60.0,1e-09,1e-12,6,0.0001,1,new simulation,nan
13,24,0.5246396851538483,0.5999999999999996,0.3,rolling,5.699999999999923,-0.05552648926561151,2.0280236137699914,15,15,0,2.028895309274219,0.39,0.4487989505128276,9.81,1,1,7,21,41,-3.0,3.0,0.01,30.0,60.0,1e-09,1e-12,6,0.0001,1,new simulation,nan
13,25,0.5246396851538483,0.75,0.3,rolling,5.6699999999999235,-0.058578249032556706,2.0288652260953652,15,15,0,2.0288963766659336,0.39,0.4487989505128276,9.81,1,1,7,21,41,-3.0,3.0,0.01,30.0,60.0,1e-09,1e-12,6,0.0001,1,new simulation,nan
13,26,0.5246396851538483,0.8999999999999999,0.3,rolling,5.649999999999924,-0.04188835512082549,2.0248091775896047,15,15,0,2.0288976834705106,0.39,0.4487989505128276,9.81,1,1,7,21,41,-3.0,3.0,0.01,30.0,60.0,1e-09,1e-12,6,0.0001,1,new simulation,nan
13,27,0.5246396851538483,1.0499999999999998,0.3,rolling,5.619999999999925,-0.04608310924766021,2.025702672975917,15,15,0,2.0288992282086373,0.39,0.4487989505128276,9.81,1,1,7,21,41,-3.0,3.0,0.01,30.0,60.0,1e-09,1e-12,6,0.0001,1,new simulation,nan
13,28,0.5246396851538483,1.2000000000000002,0.3,rolling,5.589999999999925,-0.05101899364804652,2.0268624739130137,15,15,0,2.0289010082946124,0.39,0.4487989505128276,9.81,1,1,7,21,41,-3.0,3.0,0.01,30.0,60.0,1e-09,1e-12,6,0.0001,1,new simulation,nan
13,29,0.5246396851538483,1.3499999999999996,0.3,rolling,5.559999999999926,-0.05681806973979832,2.028374597576463,15,15,0,2.0289030272944086,0.39,0.4487989505128276,9.81,1,1,7,21,41,-3.0,3.0,0.01,30.0,60.0,1e-09,1e-12,6,0.0001,1,new simulation,nan
13,30,0.5246396851538483,1.5,0.3,rolling,5.539999999999926,-0.04331438411322141,2.0251036473799395,15,15,0,2.028905283619213,0.39,0.4487989505128276,9.81,1,1,7,21,41,-3.0,3.0,0.01,30.0,60.0,1e-09,1e-12,6,0.0001,1,new simulation,nan
13,31,0.5246396851538483,1.6499999999999995,0.3,rolling,5.509999999999927,-0.05112738464118382,2.0268894751511772,15,15,0,2.0289077758024106,0.39,0.4487989505128276,9.81,1,1,7,21,41,-3.0,3.0,0.01,30.0,60.0,1e-09,1e-12,6,0.0001,1,new simulation,nan
13,32,0.5246396851538483,1.7999999999999998,0.3,rolling,5.489999999999927,-0.03979797952216561,2.0243960235105396,15,15,0,2.028910507933782,0.39,0.4487989505128276,9.81,1,1,7,21,41,-3.0,3.0,0.01,30.0,60.0,1e-09,1e-12,6,0.0001,1,new simulation,nan
13,33,0.5246396851538483,1.9500000000000002,0.3,rolling,5.089999999999936,-0.04022896701571015,2.0244788740942297,14,14,0,2.0288892541227295,0.39,0.4487989505128276,9.81,1,1,7,21,41,-3.0,3.0,0.01,30.0,60.0,1e-09,1e-12,6,0.0001,1,new simulation,nan
13,34,0.5246396851538483,2.0999999999999996,0.3,rolling,5.0599999999999365,-0.051487598466283924,2.0269785488566425,14,14,0,2.028897501338099,0.39,0.4487989505128276,9.81,1,1,7,21,41,-3.0,3.0,0.01,30.0,60.0,1e-09,1e-12,6,0.0001,1,new simulation,nan
13,35,0.5246396851538483,2.25,0.3,rolling,5.039999999999937,-0.04366847174097052,2.02517825673531,14,14,0,2.028906358796746,0.39,0.4487989505128276,9.81,1,1,7,21,41,-3.0,3.0,0.01,30.0,60.0,1e-09,1e-12,6,0.0001,1,new simulation,nan
13,36,0.5246396851538483,2.3999999999999995,0.3,rolling,4.6399999999999455,-0.047628091404259186,2.026052956430505,13,13,0,2.0288953042181213,0.39,0.4487989505128276,9.81,1,1,7,21,41,-3.0,3.0,0.01,30.0,60.0,1e-09,1e-12,6,0.0001,1,new simulation,nan
13,37,0.5246396851538483,2.55,0.3,rolling,4.239999999999954,-0.052743759195669565,2.0272955977430698,12,12,0,2.028909211825944,0.39,0.4487989505128276,9.81,1,1,7,21,41,-3.0,3.0,0.01,30.0,60.0,1e-09,1e-12,6,0.0001,1,new simulation,nan
13,38,0.5246396851538483,2.7,0.3,rolling,4.589999999999947,-0.05803527720146245,2.028713940690599,13,13,0,2.028948734662129,0.39,0.4487989505128276,9.81,1,1,7,21,41,-3.0,3.0,0.01,30.0,60.0,1e-09,1e-12,6,0.0001,1,new simulation,nan
13,39,0.5246396851538483,2.8499999999999996,0.3,rolling,4.949999999999939,-0.04415114284204656,2.0252822458940765,14,14,0,2.028947900213478,0.39,0.4487989505128276,9.81,1,1,7,21,41,-3.0,3.0,0.01,30.0,60.0,1e-09,1e-12,6,0.0001,1,new simulation,nan
13,40,0.5246396851538483,3.0,0.3,rolling,4.929999999999939,-0.04194459591321771,2.024822629917904,14,14,0,2.0289598124571997,0.39,0.4487989505128276,9.81,1,1,7,21,41,-3.0,3.0,0.01,30.0,60.0,1e-09,1e-12,6,0.0001,1,new simulation,nan
14,0,0.569519580205131,-3.0,0.4,rolling,6.29999999999991,-0.04678724584372339,2.0258604931254967,16,15,1,2.0288851759549513,0.39,0.4487989505128276,9.81,1,1,7,21,41,-3.0,3.0,0.01,30.0,60.0,1e-09,1e-12,6,0.0001,1,new simulation,nan
14,1,0.569519580205131,-2.85,0.4,rolling,6.679999999999902,-0.05124755561575173,2.0269193470949602,17,16,1,2.028911192036629,0.39,0.4487989505128276,9.81,1,1,7,21,41,-3.0,3.0,0.01,30.0,60.0,1e-09,1e-12,6,0.0001,1,new simulation,nan
14,2,0.569519580205131,-2.7,0.4,rolling,6.699999999999902,-0.045219710944114415,2.0255122183781498,17,16,1,2.0289105269745007,0.39,0.4487989505128276,9.81,1,1,7,21,41,-3.0,3.0,0.01,30.0,60.0,1e-09,1e-12,6,0.0001,1,new simulation,nan
14,3,0.569519580205131,-2.55,0.4,rolling,6.729999999999901,-0.043083720938468933,2.025055544551783,17,16,1,2.028909899918894,0.39,0.4487989505128276,9.81,1,1,7,21,41,-3.0,3.0,0.01,30.0,60.0,1e-09,1e-12,6,0.0001,1,new simulation,nan
14,4,0.569519580205131,-2.4,0.4,rolling,6.7699999999999,-0.05382932988737337,2.027575365742107,17,16,1,2.028909306031458,0.39,0.4487989505128276,9.81,1,1,7,21,41,-3.0,3.0,0.01,30.0,60.0,1e-09,1e-12,6,0.0001,1,new simulation,nan
14,5,0.569519580205131,-2.25,0.4,rolling,6.839999999999899,-0.05513136503534397,2.0279183555508546,17,16,1,2.028908751594984,0.39,0.4487989505128276,9.81,1,1,7,21,41,-3.0,3.0,0.01,30.0,60.0,1e-09,1e-12,6,0.0001,1,new simulation,nan
14,6,0.569519580205131,-2.1,0.4,rolling,6.959999999999896,-0.049853722882826974,2.0265783543379534,17,16,1,2.028908230880022,0.39,0.4487989505128276,9.81,1,1,7,21,41,-3.0,3.0,0.01,30.0,60.0,1e-09,1e-12,6,0.0001,1,new simulation,nan
14,7,0.569519580205131,-1.95,0.4,rolling,7.199999999999891,-0.04466038902709722,2.0253904277269967,17,16,1,2.028907746235357,0.39,0.4487989505128276,9.81,1,1,7,21,41,-3.0,3.0,0.01,30.0,60.0,1e-09,1e-12,6,0.0001,1,new simulation,nan
14,8,0.569519580205131,-1.8,0.4,settled,0.9500000000000006,-0.058798950512827575,0.0,2,1,1,nan,0.39,0.4487989505128276,9.81,1,1,7,21,41,-3.0,3.0,0.01,30.0,60.0,1e-09,1e-12,6,0.0001,1,new simulation,nan
14,9,0.569519580205131,-1.6500000000000001,0.4,rolling,6.619999999999903,-0.04852257984094224,2.026261411870573,15,15,0,2.0289053593412705,0.39,0.4487989505128276,9.81,1,1,7,21,41,-3.0,3.0,0.01,30.0,60.0,1e-09,1e-12,6,0.0001,1,new simulation,nan
14,10,0.569519580205131,-1.5,0.4,rolling,6.359999999999909,-0.04394751719263551,2.025237338547841,15,15,0,2.0289028657700743,0.39,0.4487989505128276,9.81,1,1,7,21,41,-3.0,3.0,0.01,30.0,60.0,1e-09,1e-12,6,0.0001,1,new simulation,nan
14,11,0.569519580205131,-1.35,0.4,rolling,6.219999999999912,-0.05654428593489478,2.028299502579384,15,15,0,2.028900610088336,0.39,0.4487989505128276,9.81,1,1,7,21,41,-3.0,3.0,0.01,30.0,60.0,1e-09,1e-12,6,0.0001,1,new simulation,nan
14,12,0.569519580205131,-1.2000000000000002,0.4,rolling,6.1399999999999135,-0.03891817015814277,2.0242278683452293,15,15,0,2.0288985908026427,0.39,0.4487989505128276,9.81,1,1,7,21,41,-3.0,3.0,0.01,30.0,60.0,1e-09,1e-12,6,0.0001,1,new simulation,nan
14,13,0.569519580205131,-1.05,0.4,rolling,6.069999999999915,-0.04748263308946676,2.0260195258927842,15,15,0,2.028896809874243,0.39,0.4487989505128276,9.81,1,1,7,21,41,-3.0,3.0,0.01,30.0,60.0,1e-09,1e-12,6,0.0001,1,new simulation,nan
14,14,0.569519580205131,-0.8999999999999999,0.4,rolling,6.019999999999916,-0.04314453484645707,2.0250677634669505,15,15,0,2.028895266539363,0.39,0.4487989505128276,9.81,1,1,7,21,41,-3.0,3.0,0.01,30.0,60.0,1e-09,1e-12,6,0.0001,1,new simulation,nan
14,15,0.569519580205131,-0.75,0.4,rolling,5.969999999999917,-0.056562180021899854,2.0283041785810703,15,15,0,2.0288939605842695,0.39,0.4487989505128276,9.81,1,1,7,21,41,-3.0,3.0,0.01,30.0,60.0,1e-09,1e-12,6,0.0001,1,new simulation,nan
14,16,0.569519580205131,-0.6000000000000001,0.4,rolling,5.939999999999918,-0.04128038844401918,2.0246865633413904,15,15,0,2.028892890964402,0.39,0.4487989505128276,9.81,1,1,7,21,41,-3.0,3.0,0.01,30.0,60.0,1e-09,1e-12,6,0.0001,1,new simulation,nan
14,17,0.569519580205131,-0.4500000000000002,0.4,rolling,5.899999999999919,-0.05417860513489683,2.0276660168009446,15,15,0,2.02889206015062,0.39,0.4487989505128276,9.81,1,1,7,21,41,-3.0,3.0,0.01,30.0,60.0,1e-09,1e-12,6,0.0001,1,new simulation,nan
14,18,0.569519580205131,-0.30000000000000027,0.4,rolling,5.869999999999919,-0.05198866222183271,2.0271037561342493,15,15,0,2.0288914662862267,0.39,0.4487989505128276,9.81,1,1,7,21,41,-3.0,3.0,0.01,30.0,60.0,1e-09,1e-12,6,0.0001,1,new simulation,nan
14,19,0.569519580205131,-0.1499999999999999,0.4,rolling,5.83999999999992,-0.052998662970534696,2.027360191101629,15,15,0,2.0288911101644245,0.39,0.4487989505128276,9.81,1,1,7,21,41,-3.0,3.0,0.01,30.0,60.0,1e-09,1e-12,6,0.0001,1,new simulation,nan
14,20,0.569519580205131,0.0,0.4,rolling,5.809999999999921,-0.05579425227123049,2.028095527439516,15,15,0,2.028890991756373,0.39,0.4487989505128276,9.81,1,1,7,21,41,-3.0,3.0,0.01,30.0,60.0,1e-09,1e-12,6,0.0001,1,new simulation,nan
14,21,0.569519580205131,0.1499999999999999,0.4,rolling,5.789999999999921,-0.03914497189803451,2.0242705149159446,15,15,0,2.0288911109935053,0.39,0.4487989505128276,9.81,1,1,7,21,41,-3.0,3.0,0.01,30.0,60.0,1e-09,1e-12,6,0.0001,1,new simulation,nan
14,22,0.569519580205131,0.2999999999999998,0.4,rolling,5.759999999999922,-0.04297562611348901,2.025032413677808,15,15,0,2.0288914668550464,0.39,0.4487989505128276,9.81,1,1,7,21,41,-3.0,3.0,0.01,30.0,60.0,1e-09,1e-12,6,0.0001,1,new simulation,nan
14,23,0.569519580205131,0.44999999999999973,0.4,rolling,5.729999999999922,-0.046732776448444084,2.0258483891721273,15,15,0,2.0288920605803127,0.39,0.4487989505128276,9.81,1,1,7,21,41,-3.0,3.0,0.01,30.0,60.0,1e-09,1e-12,6,0.0001,1,new simulation,nan
14,24,0.569519580205131,0.5999999999999996,0.4,rolling,5.699999999999923,-0.05034755537888013,2.026697561357348,15,15,0,2.028892890598085,0.39,0.4487989505128276,9.81,1,1,7,21,41,-3.0,3.0,0.01,30.0,60.0,1e-09,1e-12,6,0.0001,1,new simulation,nan
14,25,0.569519580205131,0.75,0.4,rolling,5.6699999999999235,-0.05390831612162851,2.0275954415846575,15,15,0,2.0288939605727507,0.39,0.4487989505128276,9.81,1,1,7,21,41,-3.0,3.0,0.01,30.0,60.0,1e-09,1e-12,6,0.0001,1,new simulation,nan
14,26,0.569519580205131,0.8999999999999999,0.4,rolling,5.639999999999924,-0.05759618708965311,2.0285895002329286,15,15,0,2.0288952664232265,0.39,0.4487989505128276,9.81,1,1,7,21,41,-3.0,3.0,0.01,30.0,60.0,1e-09,1e-12,6,0.0001,1,new simulation,nan
14,27,0.569519580205131,1.0499999999999998,0.4,rolling,5.619999999999925,-0.04136169508404222,2.0247029668332743,15,15,0,2.02889680984331,0.39,0.4487989505128276,9.81,1,1,7,21,41,-3.0,3.0,0.01,30.0,60.0,1e-09,1e-12,6,0.0001,1,new simulation,nan
14,28,0.569519580205131,1.2000000000000002,0.4,rolling,5.589999999999925,-0.04595702133331927,2.025674561621958,15,15,0,2.028898591334414,0.39,0.4487989505128276,9.81,1,1,7,21,41,-3.0,3.0,0.01,30.0,60.0,1e-09,1e-12,6,0.0001,1,new simulation,nan
14,29,0.569519580205131,1.3499999999999996,0.4,rolling,5.559999999999926,-0.05132096973601663,2.0269372134981545,15,15,0,2.0289006101657523,0.39,0.4487989505128276,9.81,1,1,7,21,41,-3.0,3.0,0.01,30.0,60.0,1e-09,1e-12,6,0.0001,1,new simulation,nan
14,30,0.569519580205131,1.5,0.4,rolling,5.5299999999999265,-0.05761895859242114,2.028596090244636,15,15,0,2.0289028663843305,0.39,0.4487989505128276,9.81,1,1,7,21,41,-3.0,3.0,0.01,30.0,60.0,1e-09,1e-12,6,0.0001,1,new simulation,nan
14,31,0.569519580205131,1.6499999999999995,0.4,rolling,5.509999999999927,-0.044699412059389994,2.0253987901115096,15,15,0,2.028905358820053,0.39,0.4487989505128276,9.81,1,1,7,21,41,-3.0,3.0,0.01,30.0,60.0,1e-09,1e-12,6,0.0001,1,new simulation,nan
14,32,0.569519580205131,1.7999999999999998,0.4,rolling,5.479999999999928,-0.053188403190031444,2.027409468496596,15,15,0,2.028908090843778,0.39,0.4487989505128276,9.81,1,1,7,21,41,-3.0,3.0,0.01,30.0,60.0,1e-09,1e-12,6,0.0001,1,new simulation,nan
14,33,0.569519580205131,1.9500000000000002,0.4,rolling,5.459999999999928,-0.0426106607700793,2.024957418893297,15,15,0,2.028911059155902,0.39,0.4487989505128276,9.81,1,1,7,21,41,-3.0,3.0,0.01,30.0,60.0,1e-09,1e-12,6,0.0001,1,new simulation,nan
14,34,0.569519580205131,2.0999999999999996,0.4,rolling,5.0599999999999365,-0.04386353269386191,2.025219103532763,14,14,0,2.0288912829359123,0.39,0.4487989505128276,9.81,1,1,7,21,41,-3.0,3.0,0.01,30.0,60.0,1e-09,1e-12,6,0.0001,1,new simulation,nan
14,35,0.569519580205131,2.25,0.4,rolling,5.029999999999937,-0.056002791591066345,2.0281521840735754,14,14,0,2.0289001414303316,0.39,0.4487989505128276,9.81,1,1,7,21,41,-3.0,3.0,0.01,30.0,60.0,1e-09,1e-12,6,0.0001,1,new simulation,nan
14,36,0.569519580205131,2.3999999999999995,0.4,rolling,5.009999999999938,-0.04909353948294533,2.026396412157604,14,14,0,2.028909610327766,0.39,0.4487989505128276,9.81,1,1,7,21,41,-3.0,3.0,0.01,30.0,60.0,1e-09,1e-12,6,0.0001,1,new simulation,nan
14,37,0.569519580205131,2.55,0.4,rolling,4.609999999999946,-0.05399643652411031,2.0276187997716644,13,13,0,2.0289052395014395,0.39,0.4487989505128276,9.81,1,1,7,21,41,-3.0,3.0,0.01,30.0,60.0,1e-09,1e-12,6,0.0001,1,new simulation,nan
14,38,0.569519580205131,2.7,0.4,rolling,3.839999999999962,-0.050411633223852406,2.0267151946298445,11,11,0,2.0289544237522876,0.39,0.4487989505128276,9.81,1,1,7,21,41,-3.0,3.0,0.01,30.0,60.0,1e-09,1e-12,6,0.0001,1,new simulation,nan
14,39,0.569519580205131,2.8499999999999996,0.4,rolling,4.569999999999947,-0.04605013287570786,2.025697365794545,13,13,0,2.0289618126567417,0.39,0.4487989505128276,9.81,1,1,7,21,41,-3.0,3.0,0.01,30.0,60.0,1e-09,1e-12,6,0.0001,1,new simulation,nan
14,40,0.569519580205131,3.0,0.4,rolling,4.9199999999999395,-0.053393351661040485,2.027463777636941,14,14,0,2.0289535942609955,0.39,0.4487989505128276,9.81,1,1,7,21,41,-3.0,3.0,0.01,30.0,60.0,1e-09,1e-12,6,0.0001,1,new simulation,nan
15,0,0.6143994752564138,-3.0,0.5,rolling,6.689999999999902,-0.052782867712332884,2.0273056547374124,17,16,1,2.0289114990178683,0.39,0.4487989505128276,9.81,1,1,7,21,41,-3.0,3.0,0.01,30.0,60.0,1e-09,1e-12,6,0.0001,1,new simulation,nan
15,1,0.6143994752564138,-2.85,0.5,rolling,6.709999999999901,-0.040410764771894994,2.024515087930268,17,16,1,2.0289107998884295,0.39,0.4487989505128276,9.81,1,1,7,21,41,-3.0,3.0,0.01,30.0,60.0,1e-09,1e-12,6,0.0001,1,new simulation,nan
15,2,0.6143994752564138,-2.7,0.5,rolling,6.729999999999901,-0.05160342902845049,2.027007845609142,17,16,1,2.0289101359538644,0.39,0.4487989505128276,9.81,1,1,7,21,41,-3.0,3.0,0.01,30.0,60.0,1e-09,1e-12,6,0.0001,1,new simulation,nan
15,3,0.6143994752564138,-2.55,0.5,rolling,6.7699999999999,-0.05392099734238953,2.027599255286356,17,16,1,2.028909508076697,0.39,0.4487989505128276,9.81,1,1,7,21,41,-3.0,3.0,0.01,30.0,60.0,1e-09,1e-12,6,0.0001,1,new simulation,nan
15,4,0.6143994752564138,-2.4,0.5,rolling,6.839999999999899,-0.0433922446682282,2.025120111776155,17,16,1,2.0289089150854083,0.39,0.4487989505128276,9.81,1,1,7,21,41,-3.0,3.0,0.01,30.0,60.0,1e-09,1e-12,6,0.0001,1,new simulation,nan
15,5,0.6143994752564138,-2.25,0.5,rolling,6.9399999999998965,-0.05800309956370394,2.0287035979810764,17,16,1,2.028908359133584,0.39,0.4487989505128276,9.81,1,1,7,21,41,-3.0,3.0,0.01,30.0,60.0,1e-09,1e-12,6,0.0001,1,new simulation,nan
15,6,0.6143994752564138,-2.1,0.5,rolling,7.149999999999892,-0.05772847454151523,2.028626778131596,17,16,1,2.028907838618102,0.39,0.4487989505128276,9.81,1,1,7,21,41,-3.0,3.0,0.01,30.0,60.0,1e-09,1e-12,6,0.0001,1,new simulation,nan
15,7,0.6143994752564138,-1.95,0.5,rolling,8.269999999999868,-0.056019158217896076,2.02815685036519,17,16,1,2.028907353425773,0.39,0.4487989505128276,9.81,1,1,7,21,41,-3.0,3.0,0.01,30.0,60.0,1e-09,1e-12,6,0.0001,1,new simulation,nan
15,8,0.6143994752564138,-1.8,0.5,rolling,6.669999999999902,-0.04684797129993326,2.025874917063907,15,15,0,2.028905496900473,0.39,0.4487989505128276,9.81,1,1,7,21,41,-3.0,3.0,0.01,30.0,60.0,1e-09,1e-12,6,0.0001,1,new simulation,nan
15,9,0.6143994752564138,-1.6500000000000001,0.5,rolling,6.379999999999908,-0.04689311007420181,2.025885069184105,15,15,0,2.028902766650718,0.39,0.4487989505128276,9.81,1,1,7,21,41,-3.0,3.0,0.01,30.0,60.0,1e-09,1e-12,6,0.0001,1,new simulation,nan
15,10,0.6143994752564138,-1.5,0.5,rolling,6.239999999999911,-0.047454792454745647,2.026013241719444,15,15,0,2.0289002732323107,0.39,0.4487989505128276,9.81,1,1,7,21,41,-3.0,3.0,0.01,30.0,60.0,1e-09,1e-12,6,0.0001,1,new simulation,nan
15,11,0.6143994752564138,-1.35,0.5,rolling,6.149999999999913,-0.046483999969416594,2.0257924541259924,15,15,0,2.028898017873391,0.39,0.4487989505128276,9.81,1,1,7,21,41,-3.0,3.0,0.01,30.0,60.0,1e-09,1e-12,6,0.0001,1,new simulation,nan
15,12,0.6143994752564138,-1.2000000000000002,0.5,rolling,6.079999999999915,-0.05475429988685872,2.0278177680286547,15,15,0,2.028895998568373,0.39,0.4487989505128276,9.81,1,1,7,21,41,-3.0,3.0,0.01,30.0,60.0,1e-09,1e-12,6,0.0001,1,new simulation,nan
15,13,0.6143994752564138,-1.05,0.5,rolling,6.029999999999916,-0.05191787459833704,2.0270860575500333,15,15,0,2.0288942175561413,0.39,0.4487989505128276,9.81,1,1,7,21,41,-3.0,3.0,0.01,30.0,60.0,1e-09,1e-12,6,0.0001,1,new simulation,nan
15,14,0.6143994752564138,-0.8999999999999999,0.5,rolling,5.989999999999917,-0.047762268104386434,2.0260838470930516,15,15,0,2.0288926738651725,0.39,0.4487989505128276,9.81,1,1,7,21,41,-3.0,3.0,0.01,30.0,60.0,1e-09,1e-12,6,0.0001,1,new simulation,nan
15,15,0.6143994752564138,-0.75,0.5,rolling,5.949999999999918,-0.05628036157184712,2.0282272293974777,15,15,0,2.0288913683117094,0.39,0.4487989505128276,9.81,1,1,7,21,41,-3.0,3.0,0.01,30.0,60.0,1e-09,1e-12,6,0.0001,1,new simulation,nan
15,16,0.6143994752564138,-0.6000000000000001,0.5,rolling,5.919999999999918,-0.05301679391523485,2.0273648121186745,15,15,0,2.028890298819695,0.39,0.4487989505128276,9.81,1,1,7,21,41,-3.0,3.0,0.01,30.0,60.0,1e-09,1e-12,6,0.0001,1,new simulation,nan
15,17,0.6143994752564138,-0.4500000000000002,0.5,rolling,5.889999999999919,-0.05523452983290082,2.027945249889639,15,15,0,2.028889467611201,0.39,0.4487989505128276,9.81,1,1,7,21,41,-3.0,3.0,0.01,30.0,60.0,1e-09,1e-12,6,0.0001,1,new simulation,nan
15,18,0.6143994752564138,-0.30000000000000027,0.5,rolling,5.869999999999919,-0.04040481014970361,2.0245132048609475,15,15,0,2.0288888739578295,0.39,0.4487989505128276,9.81,1,1,7,21,41,-3.0,3.0,0.01,30.0,60.0,1e-09,1e-12,6,0.0001,1,new simulation,nan
15,19,0.6143994752564138,-0.1499999999999999,0.5,rolling,5.83999999999992,-0.04734170741034587,2.0259869150599643,15,15,0,2.028888517331643,0.39,0.4487989505128276,9.81,1,1,7,21,41,-3.0,3.0,0.01,30.0,60.0,1e-09,1e-12,6,0.0001,1,new simulation,nan
15,20,0.6143994752564138,0.0,0.5,rolling,5.809999999999921,-0.05455485252163212,2.027764810394516,15,15,0,2.0288883997601976,0.39,0.4487989505128276,9.81,1,1,7,21,41,-3.0,3.0,0.01,30.0,60.0,1e-09,1e-12,6,0.0001,1,new simulation,nan
15,21,0.6143994752564138,0.1499999999999999,0.5,rolling,5.789999999999921,-0.04096385273075864,2.024623368407774,15,15,0,2.0288885170289994,0.39,0.4487989505128276,9.81,1,1,7,21,41,-3.0,3.0,0.01,30.0,60.0,1e-09,1e-12,6,0.0001,1,new simulation,nan
15,22,0.6143994752564138,0.2999999999999998,0.5,rolling,5.759999999999922,-0.04666538677042669,2.0258330502314363,15,15,0,2.028888874685904,0.39,0.4487989505128276,9.81,1,1,7,21,41,-3.0,3.0,0.01,30.0,60.0,1e-09,1e-12,6,0.0001,1,new simulation,nan
15,23,0.6143994752564138,0.44999999999999973,0.5,rolling,5.729999999999922,-0.05130296122715067,2.0269323791843994,15,15,0,2.0288894673239417,0.39,0.4487989505128276,9.81,1,1,7,21,41,-3.0,3.0,0.01,30.0,60.0,1e-09,1e-12,6,0.0001,1,new simulation,nan
15,24,0.6143994752564138,0.5999999999999996,0.5,rolling,5.699999999999923,-0.05501882302154786,2.027887782715879,15,15,0,2.028890298596934,0.39,0.4487989505128276,9.81,1,1,7,21,41,-3.0,3.0,0.01,30.0,60.0,1e-09,1e-12,6,0.0001,1,new simulation,nan
15,25,0.6143994752564138,0.75,0.5,rolling,5.6699999999999235,-0.058111416002736706,2.028733435252909,15,15,0,2.0288913682299445,0.39,0.4487989505128276,9.81,1,1,7,21,41,-3.0,3.0,0.01,30.0,60.0,1e-09,1e-12,6,0.0001,1,new simulation,nan
15,26,0.6143994752564138,0.8999999999999999,0.5,rolling,5.649999999999924,-0.040683908940344314,2.0245681457855422,15,15,0,2.0288926737779804,0.39,0.4487989505128276,9.81,1,1,7,21,41,-3.0,3.0,0.01,30.0,60.0,1e-09,1e-12,6,0.0001,1,new simulation,nan
15,27,0.6143994752564138,1.0499999999999998,0.5,rolling,5.619999999999925,-0.04364723578503198,2.0251733718295295,15,15,0,2.028894217497481,0.39,0.4487989505128276,9.81,1,1,7,21,41,-3.0,3.0,0.01,30.0,60.0,1e-09,1e-12,6,0.0001,1,new simulation,nan
15,28,0.6143994752564138,1.2000000000000002,0.5,rolling,5.589999999999925,-0.047084032210062965,2.025928274460512,15,15,0,2.0288959988107664,0.39,0.4487989505128276,9.81,1,1,7,21,41,-3.0,3.0,0.01,30.0,60.0,1e-09,1e-12,6,0.0001,1,new simulation,nan
15,29,0.6143994752564138,1.3499999999999996,0.5,rolling,5.559999999999926,-0.05128158087145019,2.0269273533518555,15,15,0,2.0288980176143077,0.39,0.4487989505128276,9.81,1,1,7,21,41,-3.0,3.0,0.01,30.0,60.0,1e-09,1e-12,6,0.0001,1,new simulation,nan
15,30,0.6143994752564138,1.5,0.5,rolling,5.5299999999999265,-0.05646267066707123,2.0282771995388806,15,15,0,2.028900273299596,0.39,0.4487989505128276,9.81,1,1,7,21,41,-3.0,3.0,0.01,30.0,60.0,1e-09,1e-12,6,0.0001,1,new simulation,nan
15,31,0.6143994752564138,1.6499999999999995,0.5,rolling,5.509999999999927,-0.04251514752911814,2.0249374591106952,15,15,0,2.0289027668886006,0.39,0.4487989505128276,9.81,1,1,7,21,41,-3.0,3.0,0.01,30.0,60.0,1e-09,1e-12,6,0.0001,1,new simulation,nan
15,32,0.6143994752564138,1.7999999999999998,0.5,rolling,5.479999999999928,-0.05007381188699066,2.0266314707246678,15,15,0,2.028905497732314,0.39,0.4487989505128276,9.81,1,1,7,21,41,-3.0,3.0,0.01,30.0,60.0,1e-09,1e-12,6,0.0001,1,new simulation,nan
15,33,0.6143994752564138,1.9500000000000002,0.5,rolling,5.459999999999928,-0.03868039311985273,2.0241834949171613,15,15,0,2.028908467740146,0.39,0.4487989505128276,9.81,1,1,7,21,41,-3.0,3.0,0.01,30.0,60.0,1e-09,1e-12,6,0.0001,1,new simulation,nan
15,34,0.6143994752564138,2.0999999999999996,0.5,rolling,5.0599999999999365,-0.039219073841861164,2.0242843684383462,14,14,0,2.028884613183474,0.39,0.4487989505128276,9.81,1,1,7,21,41,-3.0,3.0,0.01,30.0,60.0,1e-09,1e-12,6,0.0001,1,new simulation,nan
15,35,0.6143994752564138,2.25,0.5,rolling,5.029999999999937,-0.050736815333334746,2.026792768152065,14,14,0,2.0288934717849183,0.39,0.4487989505128276,9.81,1,1,7,21,41,-3.0,3.0,0.01,30.0,60.0,1e-09,1e-12,6,0.0001,1,new simulation,nan
15,36,0.6143994752564138,2.3999999999999995,0.5,rolling,5.009999999999938,-0.043308000583217356,2.025102231654724,14,14,0,2.028902941104801,0.39,0.4487989505128276,9.81,1,1,7,21,41,-3.0,3.0,0.01,30.0,60.0,1e-09,1e-12,6,0.0001,1,new simulation,nan
15,37,0.6143994752564138,2.55,0.5,rolling,4.609999999999946,-0.04776449219453661,2.0260842095521228,13,13,0,2.0288880815170347,0.39,0.4487989505128276,9.81,1,1,7,21,41,-3.0,3.0,0.01,30.0,60.0,1e-09,1e-12,6,0.0001,1,new simulation,nan
15,38,0.6143994752564138,2.7,0.5,rolling,4.209999999999955,-0.05346428896497585,2.027480180919191,12,12,0,2.028894674801786,0.39,0.4487989505128276,9.81,1,1,7,21,41,-3.0,3.0,0.01,30.0,60.0,1e-09,1e-12,6,0.0001,1,new simulation,nan
15,39,0.6143994752564138,2.8499999999999996,0.5,rolling,4.189999999999955,-0.04974917509810766,2.0265551625836187,12,12,0,2.028969460431433,0.39,0.4487989505128276,9.81,1,1,7,21,41,-3.0,3.0,0.01,30.0,60.0,1e-09,1e-12,6,0.0001,1,new simulation,nan
15,40,0.6143994752564138,3.0,0.5,rolling,4.9199999999999395,-0.046227926302331274,2.025736589934738,14,14,0,2.0289469254218364,0.39,0.4487989505128276,9.81,1,1,7,21,41,-3.0,3.0,0.01,30.0,60.0,1e-09,1e-12,6,0.0001,1,new simulation,nan
16,0,0.6592793703076966,-3.0,0.6,rolling,6.709999999999901,-0.05710447517987648,2.028453717775808,17,16,1,2.0289110816175504,0.39,0.4487989505128276,9.81,1,1,7,21,41,-3.0,3.0,0.01,30.0,60.0,1e-09,1e-12,6,0.0001,1,new simulation,nan
16,1,0.6592793703076966,-2.85,0.6,rolling,6.739999999999901,-0.04110152654795893,2.0246514488462752,17,16,1,2.0289103816329623,0.39,0.4487989505128276,9.81,1,1,7,21,41,-3.0,3.0,0.01,30.0,60.0,1e-09,1e-12,6,0.0001,1,new simulation,nan
16,2,0.6592793703076966,-2.7,0.6,rolling,6.7699999999999,-0.0554426758508216,2.0280016027858028,17,16,1,2.02890971896889,0.39,0.4487989505128276,9.81,1,1,7,21,41,-3.0,3.0,0.01,30.0,60.0,1e-09,1e-12,6,0.0001,1,new simulation,nan
16,3,0.6592793703076966,-2.55,0.6,rolling,6.829999999999899,-0.053899868438724165,2.027593734137799,17,16,1,2.0289090901523044,0.39,0.4487989505128276,9.81,1,1,7,21,41,-3.0,3.0,0.01,30.0,60.0,1e-09,1e-12,6,0.0001,1,new simulation,nan
16,4,0.6592793703076966,-2.4,0.6,rolling,6.929999999999897,-0.04947812629788234,2.02648809891326,17,16,1,2.028908498029406,0.39,0.4487989505128276,9.81,1,1,7,21,41,-3.0,3.0,0.01,30.0,60.0,1e-09,1e-12,6,0.0001,1,new simulation,nan
16,5,0.6592793703076966,-2.25,0.6,rolling,7.119999999999893,-0.04200701110191199,2.0248336215281735,17,16,1,2.0289079407736916,0.39,0.4487989505128276,9.81,1,1,7,21,41,-3.0,3.0,0.01,30.0,60.0,1e-09,1e-12,6,0.0001,1,new simulation,nan
16,6,0.6592793703076966,-2.1,0.6,rolling,7.779999999999879,-0.05569887223028981,2.0280703583554978,17,16,1,2.0289074204183026,0.39,0.4487989505128276,9.81,1,1,7,21,41,-3.0,3.0,0.01,30.0,60.0,1e-09,1e-12,6,0.0001,1,new simulation,nan
16,7,0.6592793703076966,-1.95,0.6,rolling,6.729999999999901,-0.050077102361258785,2.0266322742828073,15,15,0,2.0289057031859263,0.39,0.4487989505128276,9.81,1,1,7,21,41,-3.0,3.0,0.01,30.0,60.0,1e-09,1e-12,6,0.0001,1,new simulation,nan
16,8,0.6592793703076966,-1.8,0.6,rolling,6.399999999999908,-0.054613665507535686,2.027780802812574,15,15,0,2.0289027354737716,0.39,0.4487989505128276,9.81,1,1,7,21,41,-3.0,3.0,0.01,30.0,60.0,1e-09,1e-12,6,0.0001,1,new simulation,nan
16,9,0.6592793703076966,-1.6500000000000001,0.6,rolling,6.259999999999911,-0.04046267813479046,2.0245249029878525,15,15,0,2.0289000037001723,0.39,0.4487989505128276,9.81,1,1,7,21,41,-3.0,3.0,0.01,30.0,60.0,1e-09,1e-12,6,0.0001,1,new simulation,nan
16,10,0.6592793703076966,-1.5,0.6,rolling,6.159999999999913,-0.05526624945015687,2.027953984613618,15,15,0,2.0288975093446826,0.39,0.4487989505128276,9.81,1,1,7,21,41,-3.0,3.0,0.01,30.0,60.0,1e-09,1e-12,6,0.0001,1,new simulation,nan
16,11,0.6592793703076966,-1.35,0.6,rolling,6.099999999999914,-0.04266317057835052,2.0249677436988835,15,15,0,2.028895253443472,0.39,0.4487989505128276,9.81,1,1,7,21,41,-3.0,3.0,0.01,30.0,60.0,1e-09,1e-12,6,0.0001,1,new simulation,nan
16,12,0.6592793703076966,-1.2000000000000002,0.6,rolling,6.0499999999999154,-0.04136492312559334,2.024703495662141,15,15,0,2.0288932353537055,0.39,0.4487989505128276,9.81,1,1,7,21,41,-3.0,3.0,0.01,30.0,60.0,1e-09,1e-12,6,0.0001,1,new simulation,nan
16,13,0.6592793703076966,-1.05,0.6,rolling,6.009999999999916,-0.040232590038175836,2.0244796511223826,15,15,0,2.028891453639177,0.39,0.4487989505128276,9.81,1,1,7,21,41,-3.0,3.0,0.01,30.0,60.0,1e-09,1e-12,6,0.0001,1,new simulation,nan
16,14,0.6592793703076966,-0.8999999999999999,0.6,rolling,5.969999999999917,-0.05292400601682799,2.0273410279916826,15,15,0,2.0288899101074023,0.39,0.4487989505128276,9.81,1,1,7,21,41,-3.0,3.0,0.01,30.0,60.0,1e-09,1e-12,6,0.0001,1,new simulation,nan
16,15,0.6592793703076966,-0.75,0.6,rolling,5.939999999999918,-0.054759075838794864,2.027818790825848,15,15,0,2.0288886042199494,0.39,0.4487989505128276,9.81,1,1,7,21,41,-3.0,3.0,0.01,30.0,60.0,1e-09,1e-12,6,0.0001,1,new simulation,nan
16,16,0.6592793703076966,-0.6000000000000001,0.6,rolling,5.919999999999918,-0.04246108606726093,2.0249258351910173,15,15,0,2.0288875361224634,0.39,0.4487989505128276,9.81,1,1,7,21,41,-3.0,3.0,0.01,30.0,60.0,1e-09,1e-12,6,0.0001,1,new simulation,nan
16,17,0.6592793703076966,-0.4500000000000002,0.6,rolling,5.889999999999919,-0.05396696015895318,2.0276104987459687,15,15,0,2.028886704197555,0.39,0.4487989505128276,9.81,1,1,7,21,41,-3.0,3.0,0.01,30.0,60.0,1e-09,1e-12,6,0.0001,1,new simulation,nan
16,18,0.6592793703076966,-0.30000000000000027,0.6,rolling,5.869999999999919,-0.04664213228929278,2.025827706664293,15,15,0,2.0288861099334894,0.39,0.4487989505128276,9.81,1,1,7,21,41,-3.0,3.0,0.01,30.0,60.0,1e-09,1e-12,6,0.0001,1,new simulation,nan
16,19,0.6592793703076966,-0.1499999999999999,0.6,rolling,5.84999999999992,-0.039079881134729336,2.024258005121261,15,15,0,2.0288857546417662,0.39,0.4487989505128276,9.81,1,1,7,21,41,-3.0,3.0,0.01,30.0,60.0,1e-09,1e-12,6,0.0001,1,new simulation,nan
16,20,0.6592793703076966,0.0,0.6,rolling,5.81999999999992,-0.050303788010688556,2.0266866687273857,15,15,0,2.0288856357714353,0.39,0.4487989505128276,9.81,1,1,7,21,41,-3.0,3.0,0.01,30.0,60.0,1e-09,1e-12,6,0.0001,1,new simulation,nan
16,21,0.6592793703076966,0.1499999999999999,0.6,rolling,5.799999999999921,-0.03906965321454681,2.0242560673489285,15,15,0,2.0288857541466117,0.39,0.4487989505128276,9.81,1,1,7,21,41,-3.0,3.0,0.01,30.0,60.0,1e-09,1e-12,6,0.0001,1,new simulation,nan
16,22,0.6592793703076966,0.2999999999999998,0.6,rolling,5.769999999999921,-0.04562709568312543,2.0256010109261466,15,15,0,2.028886110813207,0.39,0.4487989505128276,9.81,1,1,7,21,41,-3.0,3.0,0.01,30.0,60.0,1e-09,1e-12,6,0.0001,1,new simulation,nan
16,23,0.6592793703076966,0.44999999999999973,0.6,rolling,5.739999999999922,-0.049883303524584276,2.0265847867781344,15,15,0,2.028886703632771,0.39,0.4487989505128276,9.81,1,1,7,21,41,-3.0,3.0,0.01,30.0,60.0,1e-09,1e-12,6,0.0001,1,new simulation,nan
16,24,0.6592793703076966,0.5999999999999996,0.6,rolling,5.709999999999923,-0.05228887315731602,2.0271793410877437,15,15,0,2.028887535696644,0.39,0.4487989505128276,9.81,1,1,7,21,41,-3.0,3.0,0.01,30.0,60.0,1e-09,1e-12,6,0.0001,1,new simulation,nan
16,25,0.6592793703076966,0.75,0.6,rolling,5.679999999999923,-0.05345596674083877,2.0274778314987563,15,15,0,2.028888604368559,0.39,0.4487989505128276,9.81,1,1,7,21,41,-3.0,3.0,0.01,30.0,60.0,1e-09,1e-12,6,0.0001,1,new simulation,nan
16,26,0.6592793703076966,0.8999999999999999,0.6,rolling,5.649999999999924,-0.05403508738357945,2.0276283952418477,15,15,0,2.0288899097098745,0.39,0.4487989505128276,9.81,1,1,7,21,41,-3.0,3.0,0.01,30.0,60.0,1e-09,1e-12,6,0.0001,1,new simulation,nan
16,27,0.6592793703076966,1.0499999999999998,0.6,rolling,5.619999999999925,-0.05462672938125003,2.027783885028415,15,15,0,2.0288914550455845,0.39,0.4487989505128276,9.81,1,1,7,21,41,-3.0,3.0,0.01,30.0,60.0,1e-09,1e-12,6,0.0001,1,new simulation,nan
16,28,0.6592793703076966,1.2000000000000002,0.6,rolling,5.589999999999925,-0.05573267293902744,2.0280789988894967,15,15,0,2.028893235268898,0.39,0.4487989505128276,9.81,1,1,7,21,41,-3.0,3.0,0.01,30.0,60.0,1e-09,1e-12,6,0.0001,1,new simulation,nan
16,29,0.6592793703076966,1.3499999999999996,0.6,rolling,5.559999999999926,-0.05773984808435425,2.0286295405456434,15,15,0,2.0288952534028932,0.39,0.4487989505128276,9.81,1,1,7,21,41,-3.0,3.0,0.01,30.0,60.0,1e-09,1e-12,6,0.0001,1,new simulation,nan
16,30,0.6592793703076966,1.5,0.6,rolling,5.539999999999926,-0.04065655206001664,2.024562913314083,15,15,0,2.0288975090922916,0.39,0.4487989505128276,9.81,1,1,7,21,41,-3.0,3.0,0.01,30.0,60.0,1e-09,1e-12,6,0.0001,1,new simulation,nan
16,31,0.6592793703076966,1.6499999999999995,0.6,rolling,5.509999999999927,-0.04519225930119234,2.025505866329204,15,15,0,2.0289000036531104,0.39,0.4487989505128276,9.81,1,1,7,21,41,-3.0,3.0,0.01,30.0,60.0,1e-09,1e-12,6,0.0001,1,new simulation,nan
16,32,0.6592793703076966,1.7999999999999998,0.6,rolling,5.479999999999928,-0.05119360743400116,2.0269056999263486,15,15,0,2.0289027344775925,0.39,0.4487989505128276,9.81,1,1,7,21,41,-3.0,3.0,0.01,30.0,60.0,1e-09,1e-12,6,0.0001,1,new simulation,nan
16,33,0.6592793703076966,1.9500000000000002,0.6,rolling,5.449999999999928,-0.05871300960952867,2.028903721548708,15,15,0,2.0289057032575593,0.39,0.4487989505128276,9.81,1,1,7,21,41,-3.0,3.0,0.01,30.0,60.0,1e-09,1e-12,6,0.0001,1,new simulation,nan
16,34,0.6592793703076966,2.0999999999999996,0.6,rolling,5.429999999999929,-0.047476921343988246,2.0260186088994767,15,15,0,2.028908909365686,0.39,0.4487989505128276,9.81,1,1,7,21,41,-3.0,3.0,0.01,30.0,60.0,1e-09,1e-12,6,0.0001,1,new simulation,nan
16,35,0.6592793703076966,2.25,0.6,rolling,5.029999999999937,-0.048354643969090456,2.0262214241655903,14,14,0,2.028886363596175,0.39,0.4487989505128276,9.81,1,1,7,21,41,-3.0,3.0,0.01,30.0,60.0,1e-09,1e-12,6,0.0001,1,new simulation,nan
16,36,0.6592793703076966,2.3999999999999995,0.6,rolling,5.009999999999938,-0.040087213272562955,2.024451512798825,14,14,0,2.0288958326885465,0.39,0.4487989505128276,9.81,1,1,7,21,41,-3.0,3.0,0.01,30.0,60.0,1e-09,1e-12,6,0.0001,1,new simulation,nan
16,37,0.6592793703076966,2.55,0.6,rolling,4.979999999999938,-0.05348478009442775,2.02748584805275,14,14,0,2.028905913176978,0.39,0.4487989505128276,9.81,1,1,7,21,41,-3.0,3.0,0.01,30.0,60.0,1e-09,1e-12,6,0.0001,1,new simulation,nan
16,38,0.6592793703076966,2.7,0.6,rolling,4.579999999999947,-0.058587194211532224,2.028867789639297,13,13,0,2.0288973002204163,0.39,0.4487989505128276,9.81,1,1,7,21,41,-3.0,3.0,0.01,30.0,60.0,1e-09,1e-12,6,0.0001,1,new simulation,nan
16,39,0.6592793703076966,2.8499999999999996,0.6,rolling,3.4399999999999706,-0.04566328371356623,2.025609009534483,10,10,0,2.0288861770644515,0.39,0.4487989505128276,9.81,1,1,7,21,41,-3.0,3.0,0.01,30.0,60.0,1e-09,1e-12,6,0.0001,1,new simulation,nan
16,40,0.6592793703076966,3.0,0.6,rolling,4.539999999999948,-0.05137323854190896,2.0269520418865525,13,13,0,2.0289570154094214,0.39,0.4487989505128276,9.81,1,1,7,21,41,-3.0,3.0,0.01,30.0,60.0,1e-09,1e-12,6,0.0001,1,new simulation,nan
17,0,0.7041592653589793,-3.0,0.7,rolling,6.739999999999901,-0.05210100625015412,2.027132666176371,17,16,1,2.0289106389201024,0.39,0.4487989505128276,9.81,1,1,7,21,41,-3.0,3.0,0.01,30.0,60.0,1e-09,1e-12,6,0.0001,1,new simulation,nan
17,1,0.7041592653589793,-2.85,0.7,rolling,6.7699999999999,-0.0583241364009527,2.0287938926550892,17,16,1,2.0289099400344903,0.39,0.4487989505128276,9.81,1,1,7,21,41,-3.0,3.0,0.01,30.0,60.0,1e-09,1e-12,6,0.0001,1,new simulation,nan
17,2,0.7041592653589793,-2.7,0.7,rolling,6.829999999999899,-0.04593651394039431,2.0256703485639798,17,16,1,2.0289092751057596,0.39,0.4487989505128276,9.81,1,1,7,21,41,-3.0,3.0,0.01,30.0,60.0,1e-09,1e-12,6,0.0001,1,new simulation,nan
17,3,0.7041592653589793,-2.55,0.7,rolling,6.919999999999897,-0.044080334240619926,2.0252658356958153,17,16,1,2.028908648389653,0.39,0.4487989505128276,9.81,1,1,7,21,41,-3.0,3.0,0.01,30.0,60.0,1e-09,1e-12,6,0.0001,1,new simulation,nan
17,4,0.7041592653589793,-2.4,0.7,rolling,7.0799999999998935,-0.055924056540933895,2.0281311381791323,17,16,1,2.0289080548059766,0.39,0.4487989505128276,9.81,1,1,7,21,41,-3.0,3.0,0.01,30.0,60.0,1e-09,1e-12,6,0.0001,1,new simulation,nan
17,5,0.7041592653589793,-2.25,0.7,rolling,7.579999999999883,-0.04366386877819486,2.0251773223964227,17,16,1,2.0289074983068156,0.39,0.4487989505128276,9.81,1,1,7,21,41,-3.0,3.0,0.01,30.0,60.0,1e-09,1e-12,6,0.0001,1,new simulation,nan
17,6,0.7041592653589793,-2.1,0.7,rolling,6.809999999999899,-0.052835367189167176,2.0273188828938693,15,15,0,2.028905981409775,0.39,0.4487989505128276,9.81,1,1,7,21,41,-3.0,3.0,0.01,30.0,60.0,1e-09,1e-12,6,0.0001,1,new simulation,nan
17,7,0.7041592653589793,-1.95,0.7,rolling,6.429999999999907,-0.04797793662291662,2.0261341432797635,15,15,0,2.0289027748540676,0.39,0.4487989505128276,9.81,1,1,7,21,41,-3.0,3.0,0.01,30.0,60.0,1e-09,1e-12,6,0.0001,1,new simulation,nan
17,8,0.7041592653589793,-1.8,0.7,rolling,6.269999999999911,-0.056158953022556336,2.0281945075141494,15,15,0,2.028899806722423,0.39,0.4487989505128276,9.81,1,1,7,21,41,-3.0,3.0,0.01,30.0,60.0,1e-09,1e-12,6,0.0001,1,new simulation,nan
17,9,0.7041592653589793,-1.6500000000000001,0.7,rolling,6.179999999999913,-0.04510444288534647,2.025486575554189,15,15,0,2.0288970760942466,0.39,0.4487989505128276,9.81,1,1,7,21,41,-3.0,3.0,0.01,30.0,60.0,1e-09,1e-12,6,0.0001,1,new simulation,nan
17,10,0.7041592653589793,-1.5,0.7,rolling,6.109999999999914,-0.05174301066288867,2.0270422265342942,15,15,0,2.0288945823020046,0.39,0.4487989505128276,9.81,1,1,7,21,41,-3.0,3.0,0.01,30.0,60.0,1e-09,1e-12,6,0.0001,1,new simulation,nan
17,11,0.7041592653589793,-1.35,0.7,rolling,6.059999999999915,-0.05195747730711168,2.027095944031908,15,15,0,2.0288923256875946,0.39,0.4487989505128276,9.81,1,1,7,21,41,-3.0,3.0,0.01,30.0,60.0,1e-09,1e-12,6,0.0001,1,new simulation,nan
17,12,0.7041592653589793,-1.2000000000000002,0.7,rolling,6.019999999999916,-0.05418514732586991,2.0276676747121876,15,15,0,2.0288903075620754,0.39,0.4487989505128276,9.81,1,1,7,21,41,-3.0,3.0,0.01,30.0,60.0,1e-09,1e-12,6,0.0001,1,new simulation,nan
17,13,0.7041592653589793,-1.05,0.7,rolling,5.989999999999917,-0.051552407404503287,2.0269944063741274,15,15,0,2.0288885258210363,0.39,0.4487989505128276,9.81,1,1,7,21,41,-3.0,3.0,0.01,30.0,60.0,1e-09,1e-12,6,0.0001,1,new simulation,nan
17,14,0.7041592653589793,-0.8999999999999999,0.7,rolling,5.969999999999917,-0.03949527205200271,2.0243371113464326,15,15,0,2.0288869814118753,0.39,0.4487989505128276,9.81,1,1,7,21,41,-3.0,3.0,0.01,30.0,60.0,1e-09,1e-12,6,0.0001,1,new simulation,nan
17,15,0.7041592653589793,-0.75,0.7,rolling,5.939999999999918,-0.05508435770403314,2.027905076949867,15,15,0,2.0288856769816497,0.39,0.4487989505128276,9.81,1,1,7,21,41,-3.0,3.0,0.01,30.0,60.0,1e-09,1e-12,6,0.0001,1,new simulation,nan
17,16,0.7041592653589793,-0.6000000000000001,0.7,rolling,5.919999999999918,-0.05491674442347972,2.027860468088251,15,15,0,2.0288846082216576,0.39,0.4487989505128276,9.81,1,1,7,21,41,-3.0,3.0,0.01,30.0,60.0,1e-09,1e-12,6,0.0001,1,new simulation,nan
17,17,0.7041592653589793,-0.4500000000000002,0.7,rolling,6.2799999999999105,-0.04605437762918005,2.0256966606109548,16,16,0,2.028911347737997,0.39,0.4487989505128276,9.81,1,1,7,21,41,-3.0,3.0,0.01,30.0,60.0,1e-09,1e-12,6,0.0001,1,new simulation,nan
17,18,0.7041592653589793,-0.30000000000000027,0.7,rolling,6.259999999999911,-0.04737094611067003,2.0259943562975256,16,16,0,2.028911115886981,0.39,0.4487989505128276,9.81,1,1,7,21,41,-3.0,3.0,0.01,30.0,60.0,1e-09,1e-12,6,0.0001,1,new simulation,nan
17,19,0.7041592653589793,-0.1499999999999999,0.7,rolling,6.239999999999911,-0.04624804097020979,2.025739917517632,16,16,0,2.0289109779531906,0.39,0.4487989505128276,9.81,1,1,7,21,41,-3.0,3.0,0.01,30.0,60.0,1e-09,1e-12,6,0.0001,1,new simulation,nan
17,20,0.7041592653589793,0.0,0.7,rolling,6.219999999999912,-0.041204821768739866,2.0246720601330117,16,16,0,2.028910932482973,0.39,0.4487989505128276,9.81,1,1,7,21,41,-3.0,3.0,0.01,30.0,60.0,1e-09,1e-12,6,0.0001,1,new simulation,nan
17,21,0.7041592653589793,0.1499999999999999,0.7,rolling,6.1899999999999125,-0.05171303795794488,2.0270352622693286,16,16,0,2.028910977084465,0.39,0.4487989505128276,9.81,1,1,7,21,41,-3.0,3.0,0.01,30.0,60.0,1e-09,1e-12,6,0.0001,1,new simulation,nan
17,22,0.7041592653589793,0.2999999999999998,0.7,rolling,6.159999999999913,-0.05749420309848011,2.028561654570647,16,16,0,2.028911116155484,0.39,0.4487989505128276,9.81,1,1,7,21,41,-3.0,3.0,0.01,30.0,60.0,1e-09,1e-12,6,0.0001,1,new simulation,nan
17,23,0.7041592653589793,0.44999999999999973,0.7,rolling,6.1399999999999135,-0.03889447700271027,2.024223820112739,16,16,0,2.028911347571969,0.39,0.4487989505128276,9.81,1,1,7,21,41,-3.0,3.0,0.01,30.0,60.0,1e-09,1e-12,6,0.0001,1,new simulation,nan
17,24,0.7041592653589793,0.5999999999999996,0.7,rolling,5.729999999999922,-0.04808010802686692,2.0261573011772858,15,15,0,2.028884607590469,0.39,0.4487989505128276,9.81,1,1,7,21,41,-3.0,3.0,0.01,30.0,60.0,1e-09,1e-12,6,0.0001,1,new simulation,nan
17,25,0.7041592653589793,0.75,0.7,rolling,5.699999999999923,-0.04476350504024886,2.02541202786429,15,15,0,2.0288856765566865,0.39,0.4487989505128276,9.81,1,1,7,21,41,-3.0,3.0,0.01,30.0,60.0,1e-09,1e-12,6,0.0001,1,new simulation,nan
17,26,0.7041592653589793,0.8999999999999999,0.7,rolling,5.6699999999999235,-0.040667087506693636,2.0245646445307237,15,15,0,2.028886983206341,0.39,0.4487989505128276,9.81,1,1,7,21,41,-3.0,3.0,0.01,30.0,60.0,1e-09,1e-12,6,0.0001,1,new simulation,nan
17,27,0.7041592653589793,1.0499999999999998,0.7,rolling,5.629999999999924,-0.056981209121654705,2.028418992763695,15,15,0,2.028888525886767,0.39,0.4487989505128276,9.81,1,1,7,21,41,-3.0,3.0,0.01,30.0,60.0,1e-09,1e-12,6,0.0001,1,new simulation,nan
17,28,0.7041592653589793,1.2000000000000002,0.7,rolling,5.599999999999925,-0.05388130435679392,2.02758828201469,15,15,0,2.028890307369362,0.39,0.4487989505128276,9.81,1,1,7,21,41,-3.0,3.0,0.01,30.0,60.0,1e-09,1e-12,6,0.0001,1,new simulation,nan
17,29,0.7041592653589793,1.3499999999999996,0.7,rolling,5.569999999999926,-0.05212089266977169,2.027137078855092,15,15,0,2.028892325793574,0.39,0.4487989505128276,9.81,1,1,7,21,41,-3.0,3.0,0.01,30.0,60.0,1e-09,1e-12,6,0.0001,1,new simulation,nan
17,30,0.7041592653589793,1.5,0.7,rolling,5.539999999999926,-0.05200414559341822,2.0271077524495293,15,15,0,2.0288945823851194,0.39,0.4487989505128276,9.81,1,1,7,21,41,-3.0,3.0,0.01,30.0,60.0,1e-09,1e-12,6,0.0001,1,new simulation,nan
17,31,0.7041592653589793,1.6499999999999995,0.7,rolling,5.509999999999927,-0.05369835040179251,2.0275409106182813,15,15,0,2.0288970756068765,0.39,0.4487989505128276,9.81,1,1,7,21,41,-3.0,3.0,0.01,30.0,60.0,1e-09,1e-12,6,0.0001,1,new simulation,nan
17,32,0.7041592653589793,1.7999999999999998,0.7,rolling,5.479999999999928,-0.05727351384403813,2.028500073324955,15,15,0,2.0288998067087385,0.39,0.4487989505128276,9.81,1,1,7,21,41,-3.0,3.0,0.01,30.0,60.0,1e-09,1e-12,6,0.0001,1,new simulation,nan
17,33,0.7041592653589793,1.9500000000000002,0.7,rolling,5.459999999999928,-0.0424610144590845,2.0249263199768883,15,15,0,2.0289027756489046,0.39,0.4487989505128276,9.81,1,1,7,21,41,-3.0,3.0,0.01,30.0,60.0,1e-09,1e-12,6,0.0001,1,new simulation,nan
17,34,0.7041592653589793,2.0999999999999996,0.7,rolling,5.429999999999929,-0.049751539791518085,2.0265536570044316,15,15,0,2.0289059809096677,0.39,0.4487989505128276,9.81,1,1,7,21,41,-3.0,3.0,0.01,30.0,60.0,1e-09,1e-12,6,0.0001,1,new simulation,nan
17,35,0.7041592653589793,2.25,0.7,rolling,5.409999999999929,-0.038559542474270264,2.024160911876868,15,15,0,2.0289094254604696,0.39,0.4487989505128276,9.81,1,1,7,21,41,-3.0,3.0,0.01,30.0,60.0,1e-09,1e-12,6,0.0001,1,new simulation,nan
17,36,0.7041592653589793,2.3999999999999995,0.7,rolling,5.009999999999938,-0.03966181617988582,2.024369089476278,14,14,0,2.0288883011121293,0.39,0.4487989505128276,9.81,1,1,7,21,41,-3.0,3.0,0.01,30.0,60.0,1e-09,1e-12,6,0.0001,1,new simulation,nan
17,37,0.7041592653589793,2.55,0.7,rolling,4.979999999999938,-0.052020369575413054,2.027111960193877,14,14,0,2.028898381299894,0.39,0.4487989505128276,9.81,1,1,7,21,41,-3.0,3.0,0.01,30.0,60.0,1e-09,1e-12,6,0.0001,1,new simulation,nan
17,38,0.7041592653589793,2.7,0.7,rolling,4.959999999999939,-0.04563598176736445,2.025603724015061,14,14,0,2.028909070976986,0.39,0.4487989505128276,9.81,1,1,7,21,41,-3.0,3.0,0.01,30.0,60.0,1e-09,1e-12,6,0.0001,1,new simulation,nan
17,39,0.7041592653589793,2.8499999999999996,0.7,rolling,4.559999999999947,-0.05129062757396558,2.0269298910403872,13,13,0,2.0289069967538,0.39,0.4487989505128276,9.81,1,1,7,21,41,-3.0,3.0,0.01,30.0,60.0,1e-09,1e-12,6,0.0001,1,new simulation,nan
17,40,0.7041592653589793,3.0,0.7,rolling,4.159999999999956,-0.05829868128638013,2.0287880722674028,12,12,0,2.0289514152416865,0.39,0.4487989505128276,9.81,1,1,7,21,41,-3.0,3.0,0.01,30.0,60.0,1e-09,1e-12,6,0.0001,1,new simulation,nan
18,0,0.7490391604102621,-3.0,0.8,rolling,6.7799999999999,-0.042275621877823785,2.024888518200711,17,16,1,2.0289101717922797,0.39,0.4487989505128276,9.81,1,1,7,21,41,-3.0,3.0,0.01,30.0,60.0,1e-09,1e-12,6,0.0001,1,new simulation,nan
18,1,0.7490391604102621,-2.85,0.8,rolling,6.829999999999899,-0.03965811497690463,2.0243690721331236,17,16,1,2.028909473015981,0.39,0.4487989505128276,9.81,1,1,7,21,41,-3.0,3.0,0.01,30.0,60.0,1e-09,1e-12,6,0.0001,1,new simulation,nan
18,2,0.7490391604102621,-2.7,0.8,rolling,6.909999999999897,-0.04147162249725096,2.0247254123175336,17,16,1,2.028908809014228,0.39,0.4487989505128276,9.81,1,1,7,21,41,-3.0,3.0,0.01,30.0,60.0,1e-09,1e-12,6,0.0001,1,new simulation,nan
18,3,0.7490391604102621,-2.55,0.8,rolling,7.049999999999894,-0.05731729336061837,2.028512473244606,17,16,1,2.0289081812081213,0.39,0.4487989505128276,9.81,1,1,7,21,41,-3.0,3.0,0.01,30.0,60.0,1e-09,1e-12,6,0.0001,1,new simulation,nan
18,4,0.7490391604102621,-2.4,0.8,rolling,7.439999999999886,-0.05696935038552751,2.0284163484629576,17,16,1,2.0289075890990813,0.39,0.4487989505128276,9.81,1,1,7,21,41,-3.0,3.0,0.01,30.0,60.0,1e-09,1e-12,6,0.0001,1,new simulation,nan
18,5,0.7490391604102621,-2.25,0.8,rolling,6.929999999999897,-0.04773723494615493,2.026078509164114,15,15,0,2.0289063382120855,0.39,0.4487989505128276,9.81,1,1,7,21,41,-3.0,3.0,0.01,30.0,60.0,1e-09,1e-12,6,0.0001,1,new simulation,nan
18,6,0.7490391604102621,-2.1,0.8,rolling,6.459999999999907,-0.048815833187890977,2.0263304010154584,15,15,0,2.028902894040369,0.39,0.4487989505128276,9.81,1,1,7,21,41,-3.0,3.0,0.01,30.0,60.0,1e-09,1e-12,6,0.0001,1,new simulation,nan
18,7,0.7490391604102621,-1.95,0.8,rolling,6.28999999999991,-0.0544517383348476,2.027738005082388,15,15,0,2.0288996883831083,0.39,0.4487989505128276,9.81,1,1,7,21,41,-3.0,3.0,0.01,30.0,60.0,1e-09,1e-12,6,0.0001,1,new simulation,nan
18,8,0.7490391604102621,-1.8,0.8,rolling,6.1899999999999125,-0.05667863666906829,2.0283361432703604,15,15,0,2.028896720033295,0.39,0.4487989505128276,9.81,1,1,7,21,41,-3.0,3.0,0.01,30.0,60.0,1e-09,1e-12,6,0.0001,1,new simulation,nan
18,9,0.7490391604102621,-1.6500000000000001,0.8,rolling,6.129999999999914,-0.041482269682092635,2.0247270656161884,15,15,0,2.0288939896734455,0.39,0.4487989505128276,9.81,1,1,7,21,41,-3.0,3.0,0.01,30.0,60.0,1e-09,1e-12,6,0.0001,1,new simulation,nan
18,10,0.7490391604102621,-1.5,0.8,rolling,6.079999999999915,-0.043111279646676104,2.025060694089322,15,15,0,2.0288914952615347,0.39,0.4487989505128276,9.81,1,1,7,21,41,-3.0,3.0,0.01,30.0,60.0,1e-09,1e-12,6,0.0001,1,new simulation,nan
18,11,0.7490391604102621,-1.35,0.8,rolling,6.039999999999916,-0.049023984256920304,2.0263792324172165,15,15,0,2.0288892386955504,0.39,0.4487989505128276,9.81,1,1,7,21,41,-3.0,3.0,0.01,30.0,60.0,1e-09,1e-12,6,0.0001,1,new simulation,nan
18,12,0.7490391604102621,-1.2000000000000002,0.8,rolling,6.009999999999916,-0.052204851347247755,2.0271580972955068,15,15,0,2.0288872202019776,0.39,0.4487989505128276,9.81,1,1,7,21,41,-3.0,3.0,0.01,30.0,60.0,1e-09,1e-12,6,0.0001,1,new simulation,nan
18,13,0.7490391604102621,-1.05,0.8,rolling,5.989999999999917,-0.048147825399367676,2.0261730966825526,15,15,0,2.0288854390881568,0.39,0.4487989505128276,9.81,1,1,7,21,41,-3.0,3.0,0.01,30.0,60.0,1e-09,1e-12,6,0.0001,1,new simulation,nan
18,14,0.7490391604102621,-0.8999999999999999,0.8,rolling,6.349999999999909,-0.04317795241853186,2.0250752764136974,16,16,0,2.028911393603101,0.39,0.4487989505128276,9.81,1,1,7,21,41,-3.0,3.0,0.01,30.0,60.0,1e-09,1e-12,6,0.0001,1,new simulation,nan
18,15,0.7490391604102621,-0.75,0.8,rolling,6.3299999999999095,-0.055615261778729934,2.028047972889993,16,16,0,2.0289108853892954,0.39,0.4487989505128276,9.81,1,1,7,21,41,-3.0,3.0,0.01,30.0,60.0,1e-09,1e-12,6,0.0001,1,new simulation,nan
18,16,0.7490391604102621,-0.6000000000000001,0.8,rolling,6.31999999999991,-0.05167907055174677,2.027026751030512,16,16,0,2.028910470783971,0.39,0.4487989505128276,9.81,1,1,7,21,41,-3.0,3.0,0.01,30.0,60.0,1e-09,1e-12,6,0.0001,1,new simulation,nan
18,17,0.7490391604102621,-0.4500000000000002,0.8,rolling,6.30999999999991,-0.04847725607839879,2.0262509310655132,16,16,0,2.0289101468410196,0.39,0.4487989505128276,9.81,1,1,7,21,41,-3.0,3.0,0.01,30.0,60.0,1e-09,1e-12,6,0.0001,1,new simulation,nan
18,18,0.7490391604102621,-0.30000000000000027,0.8,rolling,6.29999999999991,-0.042603695654211335,2.024955944304039,16,16,0,2.0289099164265494,0.39,0.4487989505128276,9.81,1,1,7,21,41,-3.0,3.0,0.01,30.0,60.0,1e-09,1e-12,6,0.0001,1,new simulation,nan
18,19,0.7490391604102621,-0.1499999999999999,0.8,rolling,6.2799999999999105,-0.051003202646252646,2.026858862127258,16,16,0,2.028909777453115,0.39,0.4487989505128276,9.81,1,1,7,21,41,-3.0,3.0,0.01,30.0,60.0,1e-09,1e-12,6,0.0001,1,new simulation,nan
18,20,0.7490391604102621,0.0,0.8,rolling,6.259999999999911,-0.05084182233792357,2.0268191041437085,16,16,0,2.0289097316256357,0.39,0.4487989505128276,9.81,1,1,7,21,41,-3.0,3.0,0.01,30.0,60.0,1e-09,1e-12,6,0.0001,1,new simulation,nan
18,21,0.7490391604102621,0.1499999999999999,0.8,rolling,6.239999999999911,-0.040946174664839186,2.02462056065494,16,16,0,2.028909779065025,0.39,0.4487989505128276,9.81,1,1,7,21,41,-3.0,3.0,0.01,30.0,60.0,1e-09,1e-12,6,0.0001,1,new simulation,nan
18,22,0.7490391604102621,0.2999999999999998,0.8,rolling,6.209999999999912,-0.042078356415150855,2.024848214224617,16,16,0,2.028909916307608,0.39,0.4487989505128276,9.81,1,1,7,21,41,-3.0,3.0,0.01,30.0,60.0,1e-09,1e-12,6,0.0001,1,new simulation,nan
18,23,0.7490391604102621,0.44999999999999973,0.8,rolling,6.169999999999913,-0.056113339775495326,2.02818246975058,16,16,0,2.0289101478735865,0.39,0.4487989505128276,9.81,1,1,7,21,41,-3.0,3.0,0.01,30.0,60.0,1e-09,1e-12,6,0.0001,1,new simulation,nan
18,24,0.7490391604102621,0.5999999999999996,0.8,rolling,6.1399999999999135,-0.045041953524614244,2.0254733757761967,16,16,0,2.028910470426767,0.39,0.4487989505128276,9.81,1,1,7,21,41,-3.0,3.0,0.01,30.0,60.0,1e-09,1e-12,6,0.0001,1,new simulation,nan
18,25,0.7490391604102621,0.75,0.8,rolling,6.099999999999914,-0.05187546613692546,2.027075955180464,16,16,0,2.0289108857666798,0.39,0.4487989505128276,9.81,1,1,7,21,41,-3.0,3.0,0.01,30.0,60.0,1e-09,1e-12,6,0.0001,1,new simulation,nan
18,26,0.7490391604102621,0.8999999999999999,0.8,rolling,6.059999999999915,-0.05837111127970143,2.0288071836505672,16,16,0,2.0289113928913127,0.39,0.4487989505128276,9.81,1,1,7,21,41,-3.0,3.0,0.01,30.0,60.0,1e-09,1e-12,6,0.0001,1,new simulation,nan
18,27,0.7490391604102621,1.0499999999999998,0.8,rolling,5.649999999999924,-0.056292003697122825,2.0282302034411264,15,15,0,2.0288854386979733,0.39,0.4487989505128276,9.81,1,1,7,21,41,-3.0,3.0,0.01,30.0,60.0,1e-09,1e-12,6,0.0001,1,new simulation,nan
18,28,0.7490391604102621,1.2000000000000002,0.8,rolling,5.619999999999925,-0.04558925951375045,2.0255926936741018,15,15,0,2.0288872205567356,0.39,0.4487989505128276,9.81,1,1,7,21,41,-3.0,3.0,0.01,30.0,60.0,1e-09,1e-12,6,0.0001,1,new simulation,nan
18,29,0.7490391604102621,1.3499999999999996,0.8,rolling,5.5799999999999255,-0.05763578643389512,2.028600331412697,15,15,0,2.0288892389094824,0.39,0.4487989505128276,9.81,1,1,7,21,41,-3.0,3.0,0.01,30.0,60.0,1e-09,1e-12,6,0.0001,1,new simulation,nan
18,30,0.7490391604102621,1.5,0.8,rolling,5.549999999999926,-0.05210280137760523,2.027132493652906,15,15,0,2.0288914952407984,0.39,0.4487989505128276,9.81,1,1,7,21,41,-3.0,3.0,0.01,30.0,60.0,1e-09,1e-12,6,0.0001,1,new simulation,nan
18,31,0.7490391604102621,1.6499999999999995,0.8,rolling,5.519999999999927,-0.049300463163352265,2.0264451633237806,15,15,0,2.028893988171286,0.39,0.4487989505128276,9.81,1,1,7,21,41,-3.0,3.0,0.01,30.0,60.0,1e-09,1e-12,6,0.0001,1,new simulation,nan
18,32,0.7490391604102621,1.7999999999999998,0.8,rolling,5.489999999999927,-0.049155142065578826,2.026410633848163,15,15,0,2.0288967200597714,0.39,0.4487989505128276,9.81,1,1,7,21,41,-3.0,3.0,0.01,30.0,60.0,1e-09,1e-12,6,0.0001,1,new simulation,nan
18,33,0.7490391604102621,1.9500000000000002,0.8,rolling,5.459999999999928,-0.05153858449134207,2.0269913268121207,15,15,0,2.028899688074176,0.39,0.4487989505128276,9.81,1,1,7,21,41,-3.0,3.0,0.01,30.0,60.0,1e-09,1e-12,6,0.0001,1,new simulation,nan
18,34,0.7490391604102621,2.0999999999999996,0.8,rolling,5.429999999999929,-0.056298080235637316,2.0282324265900793,15,15,0,2.0289028943699465,0.39,0.4487989505128276,9.81,1,1,7,21,41,-3.0,3.0,0.01,30.0,60.0,1e-09,1e-12,6,0.0001,1,new simulation,nan
18,35,0.7490391604102621,2.25,0.8,rolling,5.409999999999929,-0.04300023335431441,2.025038024003842,15,15,0,2.028906338250625,0.39,0.4487989505128276,9.81,1,1,7,21,41,-3.0,3.0,0.01,30.0,60.0,1e-09,1e-12,6,0.0001,1,new simulation,nan
18,36,0.7490391604102621,2.3999999999999995,0.8,rolling,5.37999999999993,-0.0520159062286828,2.0271112171736987,15,15,0,2.0289100194268204,0.39,0.4487989505128276,9.81,1,1,7,21,41,-3.0,3.0,0.01,30.0,60.0,1e-09,1e-12,6,0.0001,1,new simulation,nan
18,37,0.7490391604102621,2.55,0.8,rolling,4.979999999999938,-0.05327695902890139,2.02743168850698,14,14,0,2.0288904392794485,0.39,0.4487989505128276,9.81,1,1,7,21,41,-3.0,3.0,0.01,30.0,60.0,1e-09,1e-12,6,0.0001,1,new simulation,nan
18,38,0.7490391604102621,2.7,0.8,rolling,4.959999999999939,-0.045684345331295305,2.025614156673082,14,14,0,2.0289011310009846,0.39,0.4487989505128276,9.81,1,1,7,21,41,-3.0,3.0,0.01,30.0,60.0,1e-09,1e-12,6,0.0001,1,new simulation,nan
18,39,0.7490391604102621,2.8499999999999996,0.8,rolling,4.559999999999947,-0.050328319979188754,2.026692669540679,13,13,0,2.028886568940125,0.39,0.4487989505128276,9.81,1,1,7,21,41,-3.0,3.0,0.01,30.0,60.0,1e-09,1e-12,6,0.0001,1,new simulation,nan
18,40,0.7490391604102621,3.0,0.8,rolling,4.159999999999956,-0.05648663813979728,2.028283697504161,12,12,0,2.0288988702217794,0.39,0.4487989505128276,9.81,1,1,7,21,41,-3.0,3.0,0.01,30.0,60.0,1e-09,1e-12,6,0.0001,1,new simulation,nan
19,0,0.7939190554615448,-3.0,0.9,rolling,6.819999999999899,-0.05526294885506365,2.027953501739322,17,16,1,2.0289096831319027,0.39,0.4487989505128276,9.81,1,1,7,21,41,-3.0,3.0,0.01,30.0,60.0,1e-09,1e-12,6,0.0001,1,new simulation,nan
19,1,0.7939190554615448,-2.85,0.9,rolling,6.899999999999897,-0.04142504856846532,2.024716066477183,17,16,1,2.0289089830955986,0.39,0.4487989505128276,9.81,1,1,7,21,41,-3.0,3.0,0.01,30.0,60.0,1e-09,1e-12,6,0.0001,1,new simulation,nan
19,2,0.7939190554615448,-2.7,0.9,rolling,7.0299999999998946,-0.045020664913648006,2.025468664550897,17,16,1,2.0289083185917476,0.39,0.4487989505128276,9.81,1,1,7,21,41,-3.0,3.0,0.01,30.0,60.0,1e-09,1e-12,6,0.0001,1,new simulation,nan
19,3,0.7939190554615448,-2.55,0.9,rolling,7.349999999999888,-0.040339909414648795,2.0245011290986548,17,16,1,2.0289076919972797,0.39,0.4487989505128276,9.81,1,1,7,21,41,-3.0,3.0,0.01,30.0,60.0,1e-09,1e-12,6,0.0001,1,new simulation,nan
19,4,0.7939190554615448,-2.4,0.9,rolling,7.129999999999892,-0.05742967048933381,2.028543588805631,15,15,0,2.0289067794249847,0.39,0.4487989505128276,9.81,1,1,7,21,41,-3.0,3.0,0.01,30.0,60.0,1e-09,1e-12,6,0.0001,1,new simulation,nan
19,5,0.7939190554615448,-2.25,0.9,rolling,6.499999999999906,-0.039083156228710676,2.024259193914024,15,15,0,2.0289030986531382,0.39,0.4487989505128276,9.81,1,1,7,21,41,-3.0,3.0,0.01,30.0,60.0,1e-09,1e-12,6,0.0001,1,new simulation,nan
19,6,0.7939190554615448,-2.1,0.9,rolling,6.30999999999991,-0.05616561164137781,2.028196311542293,15,15,0,2.028899654920881,0.39,0.4487989505128276,9.81,1,1,7,21,41,-3.0,3.0,0.01,30.0,60.0,1e-09,1e-12,6,0.0001,1,new simulation,nan
19,7,0.7939190554615448,-1.95,0.9,rolling,6.209999999999912,-0.049638826102284025,2.026526240199222,15,15,0,2.028896449265223,0.39,0.4487989505128276,9.81,1,1,7,21,41,-3.0,3.0,0.01,30.0,60.0,1e-09,1e-12,6,0.0001,1,new simulation,nan
19,8,0.7939190554615448,-1.8,0.9,rolling,6.1399999999999135,-0.05241750482642838,2.027212110821723,15,15,0,2.028893480520204,0.39,0.4487989505128276,9.81,1,1,7,21,41,-3.0,3.0,0.01,30.0,60.0,1e-09,1e-12,6,0.0001,1,new simulation,nan
19,9,0.7939190554615448,-1.6500000000000001,0.9,rolling,6.089999999999915,-0.05526296202009729,2.0279528868567214,15,15,0,2.0288907488022514,0.39,0.4487989505128276,9.81,1,1,7,21,41,-3.0,3.0,0.01,30.0,60.0,1e-09,1e-12,6,0.0001,1,new simulation,nan
19,10,0.7939190554615448,-1.5,0.9,rolling,6.059999999999915,-0.044890636110158456,2.025439705534267,15,15,0,2.028888255734779,0.39,0.4487989505128276,9.81,1,1,7,21,41,-3.0,3.0,0.01,30.0,60.0,1e-09,1e-12,6,0.0001,1,new simulation,nan
19,11,0.7939190554615448,-1.35,0.9,rolling,6.029999999999916,-0.054870199897351736,2.0278481584941868,15,15,0,2.028886000087349,0.39,0.4487989505128276,9.81,1,1,7,21,41,-3.0,3.0,0.01,30.0,60.0,1e-09,1e-12,6,0.0001,1,new simulation,nan
19,12,0.7939190554615448,-1.2000000000000002,0.9,rolling,6.389999999999908,-0.05031653855476914,2.026690615611272,16,16,0,2.028911426158284,0.39,0.4487989505128276,9.81,1,1,7,21,41,-3.0,3.0,0.01,30.0,60.0,1e-09,1e-12,6,0.0001,1,new simulation,nan
19,13,0.7939190554615448,-1.05,0.9,rolling,6.379999999999908,-0.04994058194603934,2.0265994066053707,16,16,0,2.0289107343389374,0.39,0.4487989505128276,9.81,1,1,7,21,41,-3.0,3.0,0.01,30.0,60.0,1e-09,1e-12,6,0.0001,1,new simulation,nan
19,14,0.7939190554615448,-0.8999999999999999,0.9,rolling,6.379999999999908,-0.041283425924144315,2.0246877366415195,16,16,0,2.0289101339657054,0.39,0.4487989505128276,9.81,1,1,7,21,41,-3.0,3.0,0.01,30.0,60.0,1e-09,1e-12,6,0.0001,1,new simulation,nan
19,15,0.7939190554615448,-0.75,0.9,rolling,6.379999999999908,-0.04272926824515767,2.024981883764967,16,16,0,2.0289096271702065,0.39,0.4487989505128276,9.81,1,1,7,21,41,-3.0,3.0,0.01,30.0,60.0,1e-09,1e-12,6,0.0001,1,new simulation,nan
19,16,0.7939190554615448,-0.6000000000000001,0.9,rolling,6.379999999999908,-0.051603433974115126,2.0270078149947177,16,16,0,2.0289092116813783,0.39,0.4487989505128276,9.81,1,1,7,21,41,-3.0,3.0,0.01,30.0,60.0,1e-09,1e-12,6,0.0001,1,new simulation,nan
19,17,0.7939190554615448,-0.4500000000000002,0.9,rolling,6.389999999999908,-0.04317323233125396,2.02507420623024,16,16,0,2.0289088872307546,0.39,0.4487989505128276,9.81,1,1,7,21,41,-3.0,3.0,0.01,30.0,60.0,1e-09,1e-12,6,0.0001,1,new simulation,nan
19,18,0.7939190554615448,-0.30000000000000027,0.9,rolling,6.389999999999908,-0.050771461884046826,2.026801772895067,16,16,0,2.028908657014085,0.39,0.4487989505128276,9.81,1,1,7,21,41,-3.0,3.0,0.01,30.0,60.0,1e-09,1e-12,6,0.0001,1,new simulation,nan
19,19,0.7939190554615448,-0.1499999999999999,0.9,rolling,6.389999999999908,-0.04443001297404271,2.025340763798648,16,16,0,2.0289085192641703,0.39,0.4487989505128276,9.81,1,1,7,21,41,-3.0,3.0,0.01,30.0,60.0,1e-09,1e-12,6,0.0001,1,new simulation,nan
19,20,0.7939190554615448,0.0,0.9,rolling,6.369999999999909,-0.055252841324988144,2.027950762320283,16,16,0,2.0289084724397215,0.39,0.4487989505128276,9.81,1,1,7,21,41,-3.0,3.0,0.01,30.0,60.0,1e-09,1e-12,6,0.0001,1,new simulation,nan
19,21,0.7939190554615448,0.1499999999999999,0.9,rolling,6.339999999999909,-0.058762070714014646,2.028917738660578,16,16,0,2.028908518048859,0.39,0.4487989505128276,9.81,1,1,7,21,41,-3.0,3.0,0.01,30.0,60.0,1e-09,1e-12,6,0.0001,1,new simulation,nan
19,22,0.7939190554615448,0.2999999999999998,0.9,rolling,6.29999999999991,-0.05861125564851364,2.0288749746714925,16,16,0,2.028908656926593,0.39,0.4487989505128276,9.81,1,1,7,21,41,-3.0,3.0,0.01,30.0,60.0,1e-09,1e-12,6,0.0001,1,new simulation,nan
19,23,0.7939190554615448,0.44999999999999973,0.9,rolling,6.259999999999911,-0.043371833203855875,2.0251158244647196,16,16,0,2.02890888741956,0.39,0.4487989505128276,9.81,1,1,7,21,41,-3.0,3.0,0.01,30.0,60.0,1e-09,1e-12,6,0.0001,1,new simulation,nan
19,24,0.7939190554615448,0.5999999999999996,0.9,rolling,6.209999999999912,-0.04237868101056086,2.024909613788274,16,16,0,2.028909211166398,0.39,0.4487989505128276,9.81,1,1,7,21,41,-3.0,3.0,0.01,30.0,60.0,1e-09,1e-12,6,0.0001,1,new simulation,nan
19,25,0.7939190554615448,0.75,0.9,rolling,6.159999999999913,-0.04180142304237907,2.0247919507302545,16,16,0,2.0289096265206013,0.39,0.4487989505128276,9.81,1,1,7,21,41,-3.0,3.0,0.01,30.0,60.0,1e-09,1e-12,6,0.0001,1,new simulation,nan
19,26,0.7939190554615448,0.8999999999999999,0.9,rolling,6.109999999999914,-0.04520378555177266,2.025508720466338,16,16,0,2.0289101331315638,0.39,0.4487989505128276,9.81,1,1,7,21,41,-3.0,3.0,0.01,30.0,60.0,1e-09,1e-12,6,0.0001,1,new simulation,nan
19,27,0.7939190554615448,1.0499999999999998,0.9,rolling,6.059999999999915,-0.05412622633277418,2.027652910267616,16,16,0,2.02891073410471,0.39,0.4487989505128276,9.81,1,1,7,21,41,-3.0,3.0,0.01,30.0,60.0,1e-09,1e-12,6,0.0001,1,new simulation,nan
19,28,0.7939190554615448,1.2000000000000002,0.9,rolling,6.019999999999916,-0.0486702500002175,2.0262963397310703,16,16,0,2.0289114258139427,0.39,0.4487989505128276,9.81,1,1,7,21,41,-3.0,3.0,0.01,30.0,60.0,1e-09,1e-12,6,0.0001,1,new simulation,nan
19,29,0.7939190554615448,1.3499999999999996,0.9,rolling,5.609999999999925,-0.03924594247546477,2.0242895224365025,15,15,0,2.0288859988290375,0.39,0.4487989505128276,9.81,1,1,7,21,41,-3.0,3.0,0.01,30.0,60.0,1e-09,1e-12,6,0.0001,1,new simulation,nan
19,30,0.7939190554615448,1.5,0.9,rolling,5.569999999999926,-0.0446926264667003,2.02539676368879,15,15,0,2.0288882567886226,0.39,0.4487989505128276,9.81,1,1,7,21,41,-3.0,3.0,0.01,30.0,60.0,1e-09,1e-12,6,0.0001,1,new simulation,nan
19,31,0.7939190554615448,1.6499999999999995,0.9,rolling,5.5299999999999265,-0.05484378005838959,2.0278413055115676,15,15,0,2.028890748442728,0.39,0.4487989505128276,9.81,1,1,7,21,41,-3.0,3.0,0.01,30.0,60.0,1e-09,1e-12,6,0.0001,1,new simulation,nan
19,32,0.7939190554615448,1.7999999999999998,0.9,rolling,5.499999999999927,-0.04890955705773005,2.0263522553815867,15,15,0,2.028893480156294,0.39,0.4487989505128276,9.81,1,1,7,21,41,-3.0,3.0,0.01,30.0,60.0,1e-09,1e-12,6,0.0001,1,new simulation,nan
19,33,0.7939190554615448,1.9500000000000002,0.9,rolling,5.469999999999928,-0.04668472449144474,2.0258376655985098,15,15,0,2.0288964484971515,0.39,0.4487989505128276,9.81,1,1,7,21,41,-3.0,3.0,0.01,30.0,60.0,1e-09,1e-12,6,0.0001,1,new simulation,nan
19,34,0.7939190554615448,2.0999999999999996,0.9,rolling,5.4399999999999284,-0.047746601379231854,2.026080452329314,15,15,0,2.02889965490354,0.39,0.4487989505128276,9.81,1,1,7,21,41,-3.0,3.0,0.01,30.0,60.0,1e-09,1e-12,6,0.0001,1,new simulation,nan
19,35,0.7939190554615448,2.25,0.9,rolling,5.409999999999929,-0.051731500276069944,2.0270396255144174,15,15,0,2.028903099367225,0.39,0.4487989505128276,9.81,1,1,7,21,41,-3.0,3.0,0.01,30.0,60.0,1e-09,1e-12,6,0.0001,1,new simulation,nan
19,36,0.7939190554615448,2.3999999999999995,0.9,rolling,5.37999999999993,-0.05832923827558309,2.028795225679211,15,15,0,2.0289067794941356,0.39,0.4487989505128276,9.81,1,1,7,21,41,-3.0,3.0,0.01,30.0,60.0,1e-09,1e-12,6,0.0001,1,new simulation,nan
19,37,0.7939190554615448,2.55,0.9,rolling,5.35999999999993,-0.046991610254693776,2.0259077127229563,15,15,0,2.0289106983332075,0.39,0.4487989505128276,9.81,1,1,7,21,41,-3.0,3.0,0.01,30.0,60.0,1e-09,1e-12,6,0.0001,1,new simulation,nan
19,38,0.7939190554615448,2.7,0.9,rolling,4.959999999999939,-0.04837535897190829,2.0262264830111905,14,14,0,2.0288927980683065,0.39,0.4487989505128276,9.81,1,1,7,21,41,-3.0,3.0,0.01,30.0,60.0,1e-09,1e-12,6,0.0001,1,new simulation,nan
19,39,0.7939190554615448,2.8499999999999996,0.9,rolling,4.939999999999939,-0.04106169481377787,2.0246433176299226,14,14,0,2.0289040991191154,0.39,0.4487989505128276,9.81,1,1,7,21,41,-3.0,3.0,0.01,30.0,60.0,1e-09,1e-12,6,0.0001,1,new simulation,nan
19,40,0.7939190554615448,3.0,0.9,rolling,4.539999999999948,-0.04608754236646583,2.025703549394199,13,13,0,2.028895777640973,0.39,0.4487989505128276,9.81,1,1,7,21,41,-3.0,3.0,0.01,30.0,60.0,1e-09,1e-12,6,0.0001,1,new simulation,nan
20,0,0.8387989505128276,-3.0,1.0,rolling,6.8899999999998975,-0.04379729850007739,2.025205630899032,17,16,1,2.0289091707483267,0.39,0.4487989505128276,9.81,1,1,7,21,41,-3.0,3.0,0.01,30.0,60.0,1e-09,1e-12,6,0.0001,1,new simulation,nan
20,1,0.8387989505128276,-2.85,1.0,rolling,6.999999999999895,-0.058733214967970085,2.028909546896139,17,16,1,2.0289084715281422,0.39,0.4487989505128276,9.81,1,1,7,21,41,-3.0,3.0,0.01,30.0,60.0,1e-09,1e-12,6,0.0001,1,new simulation,nan
20,2,0.8387989505128276,-2.7,1.0,rolling,7.269999999999889,-0.04652339775616904,2.0258016419982,17,16,1,2.028907807127234,0.39,0.4487989505128276,9.81,1,1,7,21,41,-3.0,3.0,0.01,30.0,60.0,1e-09,1e-12,6,0.0001,1,new simulation,nan
20,3,0.8387989505128276,-2.55,1.0,rolling,8.16999999999987,-0.045808497724994415,2.025641854202773,15,15,0,2.028907312185258,0.39,0.4487989505128276,9.81,1,1,7,21,41,-3.0,3.0,0.01,30.0,60.0,1e-09,1e-12,6,0.0001,1,new simulation,nan
20,4,0.8387989505128276,-2.4,1.0,rolling,6.539999999999905,-0.04231795916900727,2.0248969692087435,15,15,0,2.028903394304558,0.39,0.4487989505128276,9.81,1,1,7,21,41,-3.0,3.0,0.01,30.0,60.0,1e-09,1e-12,6,0.0001,1,new simulation,nan
20,5,0.8387989505128276,-2.25,1.0,rolling,6.339999999999909,-0.041766322820703805,2.0247845206109694,15,15,0,2.028899712112145,0.39,0.4487989505128276,9.81,1,1,7,21,41,-3.0,3.0,0.01,30.0,60.0,1e-09,1e-12,6,0.0001,1,new simulation,nan
20,6,0.8387989505128276,-2.1,1.0,rolling,6.229999999999912,-0.04450825336693827,2.0253572088461023,15,15,0,2.0288962689779138,0.39,0.4487989505128276,9.81,1,1,7,21,41,-3.0,3.0,0.01,30.0,60.0,1e-09,1e-12,6,0.0001,1,new simulation,nan
20,7,0.8387989505128276,-1.95,1.0,rolling,6.159999999999913,-0.04406697597828995,2.0252624749746424,15,15,0,2.0288930633734097,0.39,0.4487989505128276,9.81,1,1,7,21,41,-3.0,3.0,0.01,30.0,60.0,1e-09,1e-12,6,0.0001,1,new simulation,nan
20,8,0.8387989505128276,-1.8,1.0,rolling,6.109999999999914,-0.047781972446090455,2.026088317559673,15,15,0,2.028890094660267,0.39,0.4487989505128276,9.81,1,1,7,21,41,-3.0,3.0,0.01,30.0,60.0,1e-09,1e-12,6,0.0001,1,new simulation,nan
20,9,0.8387989505128276,-1.6500000000000001,1.0,rolling,6.079999999999915,-0.04160401499784189,2.0247513453164334,15,15,0,2.028887362994841,0.39,0.4487989505128276,9.81,1,1,7,21,41,-3.0,3.0,0.01,30.0,60.0,1e-09,1e-12,6,0.0001,1,new simulation,nan
20,10,0.8387989505128276,-1.5,1.0,rolling,6.059999999999915,-0.03919545280753285,2.0242798907189625,15,15,0,2.028884868857578,0.39,0.4487989505128276,9.81,1,1,7,21,41,-3.0,3.0,0.01,30.0,60.0,1e-09,1e-12,6,0.0001,1,new simulation,nan
20,11,0.8387989505128276,-1.35,1.0,rolling,6.419999999999908,-0.047464987467843,2.0260159330133742,16,16,0,2.0289108946106196,0.39,0.4487989505128276,9.81,1,1,7,21,41,-3.0,3.0,0.01,30.0,60.0,1e-09,1e-12,6,0.0001,1,new simulation,nan
20,12,0.8387989505128276,-1.2000000000000002,1.0,rolling,6.419999999999908,-0.047063893715704776,2.0259241468232103,16,16,0,2.028910109583404,0.39,0.4487989505128276,9.81,1,1,7,21,41,-3.0,3.0,0.01,30.0,60.0,1e-09,1e-12,6,0.0001,1,new simulation,nan
20,13,0.8387989505128276,-1.05,1.0,rolling,6.429999999999907,-0.05026924932235027,2.0266790424094836,16,16,0,2.0289094177581233,0.39,0.4487989505128276,9.81,1,1,7,21,41,-3.0,3.0,0.01,30.0,60.0,1e-09,1e-12,6,0.0001,1,new simulation,nan
20,14,0.8387989505128276,-0.8999999999999999,1.0,rolling,6.459999999999907,-0.043275234868121376,2.0250955547179355,16,16,0,2.028908817146592,0.39,0.4487989505128276,9.81,1,1,7,21,41,-3.0,3.0,0.01,30.0,60.0,1e-09,1e-12,6,0.0001,1,new simulation,nan
20,15,0.8387989505128276,-0.75,1.0,rolling,6.509999999999906,-0.039893652207582106,2.024414421932461,16,16,0,2.028908309913667,0.39,0.4487989505128276,9.81,1,1,7,21,41,-3.0,3.0,0.01,30.0,60.0,1e-09,1e-12,6,0.0001,1,new simulation,nan
20,16,0.8387989505128276,-0.6000000000000001,1.0,rolling,6.589999999999904,-0.05237229807811544,2.0272011232933838,16,16,0,2.0289078952370407,0.39,0.4487989505128276,9.81,1,1,7,21,41,-3.0,3.0,0.01,30.0,60.0,1e-09,1e-12,6,0.0001,1,new simulation,nan
20,17,0.8387989505128276,-0.4500000000000002,1.0,rolling,6.7699999999999,-0.0431620047920908,2.0250718169897257,16,16,0,2.0289075719690666,0.39,0.4487989505128276,9.81,1,1,7,21,41,-3.0,3.0,0.01,30.0,60.0,1e-09,1e-12,6,0.0001,1,new simulation,nan
20,18,0.8387989505128276,-0.30000000000000027,1.0,rolling,7.839999999999877,-0.0575382695763335,2.0285737808602766,16,16,0,2.02890734146491,0.39,0.4487989505128276,9.81,1,1,7,21,41,-3.0,3.0,0.01,30.0,60.0,1e-09,1e-12,6,0.0001,1,new simulation,nan
20,19,0.8387989505128276,-0.1499999999999999,1.0,settled,0.05,-0.058798950512827575,0.0,1,1,0,nan,0.39,0.4487989505128276,9.81,1,1,7,21,41,-3.0,3.0,0.01,30.0,60.0,1e-09,1e-12,6,0.0001,1,new simulation,nan
20,20,0.8387989505128276,0.0,1.0,settled,0.01,-0.058798950512827575,0.0,1,1,0,nan,0.39,0.4487989505128276,9.81,1,1,7,21,41,-3.0,3.0,0.01,30.0,60.0,1e-09,1e-12,6,0.0001,1,new simulation,nan
20,21,0.8387989505128276,0.1499999999999999,1.0,settled,0.01,-0.058798950512827575,0.0,1,1,0,nan,0.39,0.4487989505128276,9.81,1,1,7,21,41,-3.0,3.0,0.01,30.0,60.0,1e-09,1e-12,6,0.0001,1,new simulation,nan
20,22,0.8387989505128276,0.2999999999999998,1.0,rolling,7.759999999999879,-0.052404453633865686,2.027209255303441,16,16,0,2.028907341302206,0.39,0.4487989505128276,9.81,1,1,7,21,41,-3.0,3.0,0.01,30.0,60.0,1e-09,1e-12,6,0.0001,1,new simulation,nan
20,23,0.8387989505128276,0.44999999999999973,1.0,rolling,6.639999999999903,-0.05454145946318399,2.0277619053950144,16,16,0,2.0289075719724856,0.39,0.4487989505128276,9.81,1,1,7,21,41,-3.0,3.0,0.01,30.0,60.0,1e-09,1e-12,6,0.0001,1,new simulation,nan
20,24,0.8387989505128276,0.5999999999999996,1.0,rolling,6.419999999999908,-0.05850840027164677,2.0288458409190735,16,16,0,2.0289078937447704,0.39,0.4487989505128276,9.81,1,1,7,21,41,-3.0,3.0,0.01,30.0,60.0,1e-09,1e-12,6,0.0001,1,new simulation,nan
20,25,0.8387989505128276,0.75,1.0,rolling,6.29999999999991,-0.03866985796906696,2.0241815140777004,16,16,0,2.0289083110655866,0.39,0.4487989505128276,9.81,1,1,7,21,41,-3.0,3.0,0.01,30.0,60.0,1e-09,1e-12,6,0.0001,1,new simulation,nan
20,26,0.8387989505128276,0.8999999999999999,1.0,rolling,6.199999999999912,-0.05211706310327693,2.0271366525415746,16,16,0,2.0289088171969802,0.39,0.4487989505128276,9.81,1,1,7,21,41,-3.0,3.0,0.01,30.0,60.0,1e-09,1e-12,6,0.0001,1,new simulation,nan
20,27,0.8387989505128276,1.0499999999999998,1.0,rolling,6.129999999999914,-0.045173763898888775,2.0255021283817327,16,16,0,2.028909418138319,0.39,0.4487989505128276,9.81,1,1,7,21,41,-3.0,3.0,0.01,30.0,60.0,1e-09,1e-12,6,0.0001,1,new simulation,nan
20,28,0.8387989505128276,1.2000000000000002,1.0,rolling,6.069999999999915,-0.043390371000335104,2.0251197578908933,16,16,0,2.028910110524563,0.39,0.4487989505128276,9.81,1,1,7,21,41,-3.0,3.0,0.01,30.0,60.0,1e-09,1e-12,6,0.0001,1,new simulation,nan
20,29,0.8387989505128276,1.3499999999999996,1.0,rolling,6.019999999999916,-0.038769407618079434,2.0242002750397954,16,16,0,2.0289108946082424,0.39,0.4487989505128276,9.81,1,1,7,21,41,-3.0,3.0,0.01,30.0,60.0,1e-09,1e-12,6,0.0001,1,new simulation,nan
20,30,0.8387989505128276,1.5,1.0,rolling,5.589999999999925,-0.057405238612798316,2.0285360927773586,15,15,0,2.028884869378007,0.39,0.4487989505128276,9.81,1,1,7,21,41,-3.0,3.0,0.01,30.0,60.0,1e-09,1e-12,6,0.0001,1,new simulation,nan
20,31,0.8387989505128276,1.6499999999999995,1.0,rolling,5.549999999999926,-0.05475263369217363,2.027817043024647,15,15,0,2.0288873629484674,0.39,0.4487989505128276,9.81,1,1,7,21,41,-3.0,3.0,0.01,30.0,60.0,1e-09,1e-12,6,0.0001,1,new simulation,nan
20,32,0.8387989505128276,1.7999999999999998,1.0,rolling,5.519999999999927,-0.03934364610689199,2.024308256697965,15,15,0,2.0288900947552233,0.39,0.4487989505128276,9.81,1,1,7,21,41,-3.0,3.0,0.01,30.0,60.0,1e-09,1e-12,6,0.0001,1,new simulation,nan
20,33,0.8387989505128276,1.9500000000000002,1.0,rolling,5.479999999999928,-0.050216147091313314,2.026665598753726,15,15,0,2.0288930633086433,0.39,0.4487989505128276,9.81,1,1,7,21,41,-3.0,3.0,0.01,30.0,60.0,1e-09,1e-12,6,0.0001,1,new simulation,nan
20,34,0.8387989505128276,2.0999999999999996,1.0,rolling,5.449999999999928,-0.045775560444355864,2.0256341923683663,15,15,0,2.028896269828681,0.39,0.4487989505128276,9.81,1,1,7,21,41,-3.0,3.0,0.01,30.0,60.0,1e-09,1e-12,6,0.0001,1,new simulation,nan
20,35,0.8387989505128276,2.25,1.0,rolling,5.419999999999929,-0.04546692560319957,2.0255661359527797,15,15,0,2.028899712362746,0.39,0.4487989505128276,9.81,1,1,7,21,41,-3.0,3.0,0.01,30.0,60.0,1e-09,1e-12,6,0.0001,1,new simulation,nan
20,36,0.8387989505128276,2.3999999999999995,1.0,rolling,5.3899999999999295,-0.04866480065456125,2.0262947950830146,15,15,0,2.028903394669153,0.39,0.4487989505128276,9.81,1,1,7,21,41,-3.0,3.0,0.01,30.0,60.0,1e-09,1e-12,6,0.0001,1,new simulation,nan
20,37,0.8387989505128276,2.55,1.0,rolling,5.35999999999993,-0.0548830300384923,2.0278522576296383,15,15,0,2.02890731146139,0.39,0.4487989505128276,9.81,1,1,7,21,41,-3.0,3.0,0.01,30.0,60.0,1e-09,1e-12,6,0.0001,1,new simulation,nan
20,38,0.8387989505128276,2.7,1.0,rolling,5.339999999999931,-0.04346245928757586,2.0251349633853524,15,15,0,2.028911468246297,0.39,0.4487989505128276,9.81,1,1,7,21,41,-3.0,3.0,0.01,30.0,60.0,1e-09,1e-12,6,0.0001,1,new simulation,nan
20,39,0.8387989505128276,2.8499999999999996,1.0,rolling,4.939999999999939,-0.044962969970968304,2.0254556725997808,14,14,0,2.0288953893095876,0.39,0.4487989505128276,9.81,1,1,7,21,41,-3.0,3.0,0.01,30.0,60.0,1e-09,1e-12,6,0.0001,1,new simulation,nan
20,40,0.8387989505128276,3.0,1.0,rolling,4.90999999999994,-0.05817714930692322,2.0287524259530154,14,14,0,2.0289073021531925,0.39,0.4487989505128276,9.81,1,1,7,21,41,-3.0,3.0,0.01,30.0,60.0,1e-09,1e-12,6,0.0001,1,new simulation,nan
