theta_index,theta_dot_index,theta0,theta_dot0,relative_angle,classification,final_time,final_theta,final_theta_dot,total_impacts,downhill_impacts,uphill_impacts,rolling_speed,gamma,alpha,gravity,length,mass,num_spokes,num_angles,num_speeds,minimum_speed,maximum_speed,timestep,max_time,retry_time,impact_time_tolerance,remaining_time_tolerance,convergence_impacts,speed_tolerance,cache_version,original_source_csv,original_grid_rolling_percent
0,0,-0.16559933214452666,-3.0,-1.0,rolling,12.38999999999978,-0.16244175393696783,1.787192068835522,31,28,3,1.7899271894083892,0.12,0.28559933214452665,9.81,1,1,11,21,41,-3.0,3.0,0.01,30.0,60.0,1e-09,1e-12,6,0.0001,1,new simulation,nan
0,1,-0.16559933214452666,-2.85,-1.0,rolling,10.759999999999815,-0.14953785285101281,1.776148542183006,31,28,3,1.789911938309303,0.12,0.28559933214452665,9.81,1,1,11,21,41,-3.0,3.0,0.01,30.0,60.0,1e-09,1e-12,6,0.0001,1,new simulation,nan
0,2,-0.16559933214452666,-2.7,-1.0,rolling,11.039999999999809,-0.154255981548585,1.7801002686202538,32,29,3,1.7899482536880393,0.12,0.28559933214452665,9.81,1,1,11,21,41,-3.0,3.0,0.01,30.0,60.0,1e-09,1e-12,6,0.0001,1,new simulation,nan
0,3,-0.16559933214452666,-2.55,-1.0,rolling,11.189999999999806,-0.16148078622204803,1.7863453409939472,32,29,3,1.7899385671745442,0.12,0.28559933214452665,9.81,1,1,11,21,41,-3.0,3.0,0.01,30.0,60.0,1e-09,1e-12,6,0.0001,1,new simulation,nan
0,4,-0.16559933214452666,-2.4,-1.0,rolling,11.779999999999793,-0.15194740089576275,1.7781522401777365,32,29,3,1.789929433552046,0.12,0.28559933214452665,9.81,1,1,11,21,41,-3.0,3.0,0.01,30.0,60.0,1e-09,1e-12,6,0.0001,1,new simulation,nan
0,5,-0.16559933214452666,-2.25,-1.0,settled,2.5099999999999905,-0.16559933214452666,0.0,4,1,3,nan,0.12,0.28559933214452665,9.81,1,1,11,21,41,-3.0,3.0,0.01,30.0,60.0,1e-09,1e-12,6,0.0001,1,new simulation,nan
0,6,-0.16559933214452666,-2.1,-1.0,rolling,10.479999999999821,-0.16284470896781958,1.7875446214708244,30,28,2,1.7899115715117653,0.12,0.28559933214452665,9.81,1,1,11,21,41,-3.0,3.0,0.01,30.0,60.0,1e-09,1e-12,6,0.0001,1,new simulation,nan
0,7,-0.16559933214452666,-1.95,-1.0,rolling,10.749999999999815,-0.16289045897126328,1.7875982048567032,31,29,2,1.7899476750885697,0.12,0.28559933214452665,9.81,1,1,11,21,41,-3.0,3.0,0.01,30.0,60.0,1e-09,1e-12,6,0.0001,1,new simulation,nan
0,8,-0.16559933214452666,-1.8,-1.0,rolling,10.899999999999812,-0.15594312458188056,1.7815322820559598,31,29,2,1.7899378987260384,0.12,0.28559933214452665,9.81,1,1,11,21,41,-3.0,3.0,0.01,30.0,60.0,1e-09,1e-12,6,0.0001,1,new simulation,nan
0,9,-0.16559933214452666,-1.6500000000000001,-1.0,rolling,11.529999999999799,-0.16487237449920814,1.789365108138673,31,29,2,1.789928904878477,0.12,0.28559933214452665,9.81,1,1,11,21,41,-3.0,3.0,0.01,30.0,60.0,1e-09,1e-12,6,0.0001,1,new simulation,nan
0,10,-0.16559933214452666,-1.5,-1.0,settled,2.9799999999999804,-0.16559933214452666,0.0,3,1,2,nan,0.12,0.28559933214452665,9.81,1,1,11,21,41,-3.0,3.0,0.01,30.0,60.0,1e-09,1e-12,6,0.0001,1,new simulation,nan
0,11,-0.16559933214452666,-1.35,-1.0,rolling,10.07999999999983,-0.15400125303737816,1.7798719215694287,29,28,1,1.7899124383457063,0.12,0.28559933214452665,9.81,1,1,11,21,41,-3.0,3.0,0.01,30.0,60.0,1e-09,1e-12,6,0.0001,1,new simulation,nan
0,12,-0.16559933214452666,-1.2000000000000002,-1.0,rolling,10.279999999999825,-0.15668322520180392,1.7821707428460767,30,29,1,1.7899494534456455,0.12,0.28559933214452665,9.81,1,1,11,21,41,-3.0,3.0,0.01,30.0,60.0,1e-09,1e-12,6,0.0001,1,new simulation,nan
0,13,-0.16559933214452666,-1.05,-1.0,rolling,10.289999999999825,-0.15861308019727072,1.7838347575549003,30,29,1,1.7899411633752285,0.12,0.28559933214452665,9.81,1,1,11,21,41,-3.0,3.0,0.01,30.0,60.0,1e-09,1e-12,6,0.0001,1,new simulation,nan
0,14,-0.16559933214452666,-0.8999999999999999,-1.0,rolling,10.419999999999822,-0.1513872888414524,1.7776869349551165,30,29,1,1.7899339802343126,0.12,0.28559933214452665,9.81,1,1,11,21,41,-3.0,3.0,0.01,30.0,60.0,1e-09,1e-12,6,0.0001,1,new simulation,nan
0,15,-0.16559933214452666,-0.75,-1.0,rolling,11.069999999999808,-0.15649685409555314,1.78200304044583,30,29,1,1.7899279027157833,0.12,0.28559933214452665,9.81,1,1,11,21,41,-3.0,3.0,0.01,30.0,60.0,1e-09,1e-12,6,0.0001,1,new simulation,nan
0,16,-0.16559933214452666,-0.6000000000000001,-1.0,settled,0.2800000000000001,-0.16559933214452666,0.0,2,1,1,nan,0.12,0.28559933214452665,9.81,1,1,11,21,41,-3.0,3.0,0.01,30.0,60.0,1e-09,1e-12,6,0.0001,1,new simulation,nan
0,17,-0.16559933214452666,-0.4500000000000002,-1.0,settled,0.21000000000000005,-0.16559933214452666,0.0,2,1,1,nan,0.12,0.28559933214452665,9.81,1,1,11,21,41,-3.0,3.0,0.01,30.0,60.0,1e-09,1e-12,6,0.0001,1,new simulation,nan
0,18,-0.16559933214452666,-0.30000000000000027,-1.0,settled,0.13999999999999999,-0.16559933214452666,0.0,2,1,1,nan,0.12,0.28559933214452665,9.81,1,1,11,21,41,-3.0,3.0,0.01,30.0,60.0,1e-09,1e-12,6,0.0001,1,new simulation,nan
0,19,-0.16559933214452666,-0.1499999999999999,-1.0,settled,0.07,-0.16559933214452666,0.0,2,1,1,nan,0.12,0.28559933214452665,9.81,1,1,11,21,41,-3.0,3.0,0.01,30.0,60.0,1e-09,1e-12,6,0.0001,1,new simulation,nan
0,20,-0.16559933214452666,0.0,-1.0,settled,0.01,-0.16559933214452666,0.0,2,1,1,nan,0.12,0.28559933214452665,9.81,1,1,11,21,41,-3.0,3.0,0.01,30.0,60.0,1e-09,1e-12,6,0.0001,1,new simulation,nan
0,21,-0.16559933214452666,0.1499999999999999,-1.0,settled,0.26000000000000006,-0.16559933214452666,0.0,2,1,1,nan,0.12,0.28559933214452665,9.81,1,1,11,21,41,-3.0,3.0,0.01,30.0,60.0,1e-09,1e-12,6,0.0001,1,new simulation,nan
0,22,-0.16559933214452666,0.2999999999999998,-1.0,settled,0.5600000000000003,-0.16559933214452666,0.0,2,1,1,nan,0.12,0.28559933214452665,9.81,1,1,11,21,41,-3.0,3.0,0.01,30.0,60.0,1e-09,1e-12,6,0.0001,1,new simulation,nan
0,23,-0.16559933214452666,0.44999999999999973,-1.0,settled,1.0600000000000007,-0.16559933214452666,0.0,2,1,1,nan,0.12,0.28559933214452665,9.81,1,1,11,21,41,-3.0,3.0,0.01,30.0,60.0,1e-09,1e-12,6,0.0001,1,new simulation,nan
0,24,-0.16559933214452666,0.5999999999999996,-1.0,rolling,10.09999999999983,-0.15229827911974447,1.7784463861285635,28,28,0,1.789931740812305,0.12,0.28559933214452665,9.81,1,1,11,21,41,-3.0,3.0,0.01,30.0,60.0,1e-09,1e-12,6,0.0001,1,new simulation,nan
0,25,-0.16559933214452666,0.75,-1.0,rolling,9.719999999999837,-0.15247544774676114,1.7785982855965494,28,28,0,1.7899416696634598,0.12,0.28559933214452665,9.81,1,1,11,21,41,-3.0,3.0,0.01,30.0,60.0,1e-09,1e-12,6,0.0001,1,new simulation,nan
0,26,-0.16559933214452666,0.8999999999999999,-1.0,rolling,9.189999999999849,-0.1617352890440963,1.7865583529417577,27,27,0,1.7899053157785285,0.12,0.28559933214452665,9.81,1,1,11,21,41,-3.0,3.0,0.01,30.0,60.0,1e-09,1e-12,6,0.0001,1,new simulation,nan
0,27,-0.16559933214452666,1.0499999999999998,-1.0,rolling,9.029999999999852,-0.1640445217750981,1.7886207151606517,27,27,0,1.7899255811316366,0.12,0.28559933214452665,9.81,1,1,11,21,41,-3.0,3.0,0.01,30.0,60.0,1e-09,1e-12,6,0.0001,1,new simulation,nan
0,28,-0.16559933214452666,1.2000000000000002,-1.0,rolling,8.899999999999855,-0.15872028388364723,1.783930694476644,27,27,0,1.7899489657689622,0.12,0.28559933214452665,9.81,1,1,11,21,41,-3.0,3.0,0.01,30.0,60.0,1e-09,1e-12,6,0.0001,1,new simulation,nan
0,29,-0.16559933214452666,1.3499999999999996,-1.0,rolling,8.469999999999864,-0.15590475574399595,1.7814987646191887,26,26,0,1.7899359240618569,0.12,0.28559933214452665,9.81,1,1,11,21,41,-3.0,3.0,0.01,30.0,60.0,1e-09,1e-12,6,0.0001,1,new simulation,nan
0,30,-0.16559933214452666,1.5,-1.0,rolling,8.049999999999873,-0.15498160339096162,1.7807127535273508,25,25,0,1.7899391886589513,0.12,0.28559933214452665,9.81,1,1,11,21,41,-3.0,3.0,0.01,30.0,60.0,1e-09,1e-12,6,0.0001,1,new simulation,nan
0,31,-0.16559933214452666,1.6499999999999995,-1.0,rolling,7.319999999999888,-0.1610205135723695,1.7859393125997098,23,23,0,1.7899381215606773,0.12,0.28559933214452665,9.81,1,1,11,21,41,-3.0,3.0,0.01,30.0,60.0,1e-09,1e-12,6,0.0001,1,new simulation,nan
0,32,-0.16559933214452666,1.7999999999999998,-1.0,rolling,4.719999999999944,-0.14931944208657139,1.7760822467494968,15,15,0,1.7902276394182117,0.12,0.28559933214452665,9.81,1,1,11,21,41,-3.0,3.0,0.01,30.0,60.0,1e-09,1e-12,6,0.0001,1,new simulation,nan
0,33,-0.16559933214452666,1.9500000000000002,-1.0,rolling,7.149999999999892,-0.14933682389970762,1.776099672790971,23,23,0,1.7902363908943784,0.12,0.28559933214452665,9.81,1,1,11,21,41,-3.0,3.0,0.01,30.0,60.0,1e-09,1e-12,6,0.0001,1,new simulation,nan
0,34,-0.16559933214452666,2.0999999999999996,-1.0,rolling,7.6899999999998805,-0.16363275208194905,1.7883636588411518,25,25,0,1.7902379647440994,0.12,0.28559933214452665,9.81,1,1,11,21,41,-3.0,3.0,0.01,30.0,60.0,1e-09,1e-12,6,0.0001,1,new simulation,nan
0,35,-0.16559933214452666,2.25,-1.0,rolling,8.249999999999869,-0.14952211739395393,1.7762389438103166,27,27,0,1.7901999309595231,0.12,0.28559933214452665,9.81,1,1,11,21,41,-3.0,3.0,0.01,30.0,60.0,1e-09,1e-12,6,0.0001,1,new simulation,nan
0,36,-0.16559933214452666,2.3999999999999995,-1.0,rolling,8.489999999999863,-0.15171185483784272,1.7780514280376463,28,28,0,1.79019650197092,0.12,0.28559933214452665,9.81,1,1,11,21,41,-3.0,3.0,0.01,30.0,60.0,1e-09,1e-12,6,0.0001,1,new simulation,nan
0,37,-0.16559933214452666,2.55,-1.0,rolling,8.419999999999865,-0.15170739598919009,1.778060760980347,28,28,0,1.7902329041548528,0.12,0.28559933214452665,9.81,1,1,11,21,41,-3.0,3.0,0.01,30.0,60.0,1e-09,1e-12,6,0.0001,1,new simulation,nan
0,38,-0.16559933214452666,2.7,-1.0,rolling,8.65999999999986,-0.1647598140347932,1.7893650471343687,29,29,0,1.7902129642027982,0.12,0.28559933214452665,9.81,1,1,11,21,41,-3.0,3.0,0.01,30.0,60.0,1e-09,1e-12,6,0.0001,1,new simulation,nan
0,39,-0.16559933214452666,2.8499999999999996,-1.0,rolling,8.909999999999854,-0.16465277924366203,1.7892613501085617,30,30,0,1.7901919723902624,0.12,0.28559933214452665,9.81,1,1,11,21,41,-3.0,3.0,0.01,30.0,60.0,1e-09,1e-12,6,0.0001,1,new simulation,nan
0,40,-0.16559933214452666,3.0,-1.0,rolling,8.849999999999856,-0.16090244128420203,1.78593366129632,30,30,0,1.7902135190010273,0.12,0.28559933214452665,9.81,1,1,11,21,41,-3.0,3.0,0.01,30.0,60.0,1e-09,1e-12,6,0.0001,1,new simulation,nan
1,0,-0.137039398930074,-3.0,-0.9,settled,2.339999999999994,-0.16559933214452666,0.0,5,1,4,nan,0.12,0.28559933214452665,9.81,1,1,11,21,41,-3.0,3.0,0.01,30.0,60.0,1e-09,1e-12,6,0.0001,1,new simulation,nan
1,1,-0.137039398930074,-2.85,-0.9,rolling,10.779999999999815,-0.16231401802523182,1.7870737976854,31,28,3,1.7899134068059215,0.12,0.28559933214452665,9.81,1,1,11,21,41,-3.0,3.0,0.01,30.0,60.0,1e-09,1e-12,6,0.0001,1,new simulation,nan
1,2,-0.137039398930074,-2.7,-0.9,rolling,11.039999999999809,-0.16296818830024054,1.787667974849819,32,29,3,1.7899492924079563,0.12,0.28559933214452665,9.81,1,1,11,21,41,-3.0,3.0,0.01,30.0,60.0,1e-09,1e-12,6,0.0001,1,new simulation,nan
1,3,-0.137039398930074,-2.55,-0.9,rolling,11.179999999999806,-0.15023260369255725,1.7767313672411156,32,29,3,1.7899396040082733,0.12,0.28559933214452665,9.81,1,1,11,21,41,-3.0,3.0,0.01,30.0,60.0,1e-09,1e-12,6,0.0001,1,new simulation,nan
1,4,-0.137039398930074,-2.4,-0.9,rolling,11.649999999999796,-0.15593449205726861,1.781522242352113,32,29,3,1.789930471817572,0.12,0.28559933214452665,9.81,1,1,11,21,41,-3.0,3.0,0.01,30.0,60.0,1e-09,1e-12,6,0.0001,1,new simulation,nan
1,5,-0.137039398930074,-2.25,-0.9,settled,1.9300000000000015,-0.16559933214452666,0.0,4,1,3,nan,0.12,0.28559933214452665,9.81,1,1,11,21,41,-3.0,3.0,0.01,30.0,60.0,1e-09,1e-12,6,0.0001,1,new simulation,nan
1,6,-0.137039398930074,-2.1,-0.9,rolling,10.51999999999982,-0.16304563488123788,1.7877242337815618,30,28,2,1.7899136462416712,0.12,0.28559933214452665,9.81,1,1,11,21,41,-3.0,3.0,0.01,30.0,60.0,1e-09,1e-12,6,0.0001,1,new simulation,nan
1,7,-0.137039398930074,-1.95,-0.9,rolling,10.759999999999815,-0.16067936149922912,1.7856431010579559,31,29,2,1.7899491427941865,0.12,0.28559933214452665,9.81,1,1,11,21,41,-3.0,3.0,0.01,30.0,60.0,1e-09,1e-12,6,0.0001,1,new simulation,nan
1,8,-0.137039398930074,-1.8,-0.9,rolling,10.879999999999812,-0.153422286299778,1.7793929256389385,31,29,2,1.7899393667181498,0.12,0.28559933214452665,9.81,1,1,11,21,41,-3.0,3.0,0.01,30.0,60.0,1e-09,1e-12,6,0.0001,1,new simulation,nan
1,9,-0.137039398930074,-1.6500000000000001,-0.9,rolling,11.329999999999803,-0.15802839303339733,1.7833238853958753,31,29,2,1.7899303724415752,0.12,0.28559933214452665,9.81,1,1,11,21,41,-3.0,3.0,0.01,30.0,60.0,1e-09,1e-12,6,0.0001,1,new simulation,nan
1,10,-0.137039398930074,-1.5,-0.9,settled,1.5100000000000011,-0.16559933214452666,0.0,3,1,2,nan,0.12,0.28559933214452665,9.81,1,1,11,21,41,-3.0,3.0,0.01,30.0,60.0,1e-09,1e-12,6,0.0001,1,new simulation,nan
1,11,-0.137039398930074,-1.35,-0.9,rolling,10.149999999999828,-0.1625621730316888,1.7872947891779942,29,28,1,1.7899153682093771,0.12,0.28559933214452665,9.81,1,1,11,21,41,-3.0,3.0,0.01,30.0,60.0,1e-09,1e-12,6,0.0001,1,new simulation,nan
1,12,-0.137039398930074,-1.2000000000000002,-0.9,rolling,9.999999999999831,-0.1586091952782741,1.7838174256388206,29,28,1,1.7899020952743052,0.12,0.28559933214452665,9.81,1,1,11,21,41,-3.0,3.0,0.01,30.0,60.0,1e-09,1e-12,6,0.0001,1,new simulation,nan
1,13,-0.137039398930074,-1.05,-0.9,rolling,10.309999999999825,-0.1486847779705922,1.7754596751184224,30,29,1,1.7899432387130736,0.12,0.28559933214452665,9.81,1,1,11,21,41,-3.0,3.0,0.01,30.0,60.0,1e-09,1e-12,6,0.0001,1,new simulation,nan
1,14,-0.137039398930074,-0.8999999999999999,-0.9,rolling,10.389999999999823,-0.16112633400645388,1.7860317952561167,30,29,1,1.7899360548570034,0.12,0.28559933214452665,9.81,1,1,11,21,41,-3.0,3.0,0.01,30.0,60.0,1e-09,1e-12,6,0.0001,1,new simulation,nan
1,15,-0.137039398930074,-0.75,-0.9,rolling,10.679999999999817,-0.1614661328723453,1.7863293391046604,30,29,1,1.7899299764390761,0.12,0.28559933214452665,9.81,1,1,11,21,41,-3.0,3.0,0.01,30.0,60.0,1e-09,1e-12,6,0.0001,1,new simulation,nan
1,16,-0.137039398930074,-0.6000000000000001,-0.9,settled,0.36000000000000015,-0.16559933214452666,0.0,2,1,1,nan,0.12,0.28559933214452665,9.81,1,1,11,21,41,-3.0,3.0,0.01,30.0,60.0,1e-09,1e-12,6,0.0001,1,new simulation,nan
1,17,-0.137039398930074,-0.4500000000000002,-0.9,settled,0.3100000000000001,-0.16559933214452666,0.0,2,1,1,nan,0.12,0.28559933214452665,9.81,1,1,11,21,41,-3.0,3.0,0.01,30.0,60.0,1e-09,1e-12,6,0.0001,1,new simulation,nan
1,18,-0.137039398930074,-0.30000000000000027,-0.9,settled,0.2700000000000001,-0.16559933214452666,0.0,2,1,1,nan,0.12,0.28559933214452665,9.81,1,1,11,21,41,-3.0,3.0,0.01,30.0,60.0,1e-09,1e-12,6,0.0001,1,new simulation,nan
1,19,-0.137039398930074,-0.1499999999999999,-0.9,settled,0.2700000000000001,-0.16559933214452666,0.0,2,1,1,nan,0.12,0.28559933214452665,9.81,1,1,11,21,41,-3.0,3.0,0.01,30.0,60.0,1e-09,1e-12,6,0.0001,1,new simulation,nan
1,20,-0.137039398930074,0.0,-0.9,settled,0.34000000000000014,-0.16559933214452666,0.0,2,1,1,nan,0.12,0.28559933214452665,9.81,1,1,11,21,41,-3.0,3.0,0.01,30.0,60.0,1e-09,1e-12,6,0.0001,1,new simulation,nan
1,21,-0.137039398930074,0.1499999999999999,-0.9,settled,0.5000000000000002,-0.16559933214452666,0.0,2,1,1,nan,0.12,0.28559933214452665,9.81,1,1,11,21,41,-3.0,3.0,0.01,30.0,60.0,1e-09,1e-12,6,0.0001,1,new simulation,nan
1,22,-0.137039398930074,0.2999999999999998,-0.9,settled,0.8300000000000005,-0.16559933214452666,0.0,2,1,1,nan,0.12,0.28559933214452665,9.81,1,1,11,21,41,-3.0,3.0,0.01,30.0,60.0,1e-09,1e-12,6,0.0001,1,new simulation,nan
1,23,-0.137039398930074,0.44999999999999973,-0.9,rolling,10.54999999999982,-0.15513515113987472,1.7808394380367059,28,28,0,1.7899281583188997,0.12,0.28559933214452665,9.81,1,1,11,21,41,-3.0,3.0,0.01,30.0,60.0,1e-09,1e-12,6,0.0001,1,new simulation,nan
1,24,-0.137039398930074,0.5999999999999996,-0.9,rolling,9.839999999999835,-0.15952897762338927,1.7846305405093905,28,28,0,1.7899358819005917,0.12,0.28559933214452665,9.81,1,1,11,21,41,-3.0,3.0,0.01,30.0,60.0,1e-09,1e-12,6,0.0001,1,new simulation,nan
1,25,-0.137039398930074,0.75,-0.9,rolling,9.59999999999984,-0.14855677371366097,1.7753558663987814,28,28,0,1.7899458113480087,0.12,0.28559933214452665,9.81,1,1,11,21,41,-3.0,3.0,0.01,30.0,60.0,1e-09,1e-12,6,0.0001,1,new simulation,nan
1,26,-0.137039398930074,0.8999999999999999,-0.9,rolling,9.10999999999985,-0.15617493790043105,1.7817211066466028,27,27,0,1.7899111673430228,0.12,0.28559933214452665,9.81,1,1,11,21,41,-3.0,3.0,0.01,30.0,60.0,1e-09,1e-12,6,0.0001,1,new simulation,nan
1,27,-0.137039398930074,1.0499999999999998,-0.9,rolling,8.969999999999853,-0.15750456047178868,1.7828714736097735,27,27,0,1.7899314337675534,0.12,0.28559933214452665,9.81,1,1,11,21,41,-3.0,3.0,0.01,30.0,60.0,1e-09,1e-12,6,0.0001,1,new simulation,nan
1,28,-0.137039398930074,1.2000000000000002,-0.9,rolling,8.529999999999863,-0.1655094250025345,1.789931445426867,26,26,0,1.7899067463072633,0.12,0.28559933214452665,9.81,1,1,11,21,41,-3.0,3.0,0.01,30.0,60.0,1e-09,1e-12,6,0.0001,1,new simulation,nan
1,29,-0.137039398930074,1.3499999999999996,-0.9,rolling,8.429999999999865,-0.14952191908265,1.776147006731776,26,26,0,1.7899441948091124,0.12,0.28559933214452665,9.81,1,1,11,21,41,-3.0,3.0,0.01,30.0,60.0,1e-09,1e-12,6,0.0001,1,new simulation,nan
1,30,-0.137039398930074,1.5,-0.9,rolling,7.69999999999988,-0.15130160558470915,1.7776038828879224,24,24,0,1.7899011719646636,0.12,0.28559933214452665,9.81,1,1,11,21,41,-3.0,3.0,0.01,30.0,60.0,1e-09,1e-12,6,0.0001,1,new simulation,nan
1,31,-0.137039398930074,1.6499999999999995,-0.9,rolling,6.969999999999896,-0.16552062928522007,1.7899448990158664,22,22,0,1.7899161182945311,0.12,0.28559933214452665,9.81,1,1,11,21,41,-3.0,3.0,0.01,30.0,60.0,1e-09,1e-12,6,0.0001,1,new simulation,nan
1,32,-0.137039398930074,1.7999999999999998,-0.9,rolling,5.939999999999918,-0.16424752082444483,1.7889016505833952,19,19,0,1.790203437043238,0.12,0.28559933214452665,9.81,1,1,11,21,41,-3.0,3.0,0.01,30.0,60.0,1e-09,1e-12,6,0.0001,1,new simulation,nan
1,33,-0.137039398930074,1.9500000000000002,-0.9,rolling,7.429999999999886,-0.16356989374166572,1.7882956093138056,24,24,0,1.790204616846232,0.12,0.28559933214452665,9.81,1,1,11,21,41,-3.0,3.0,0.01,30.0,60.0,1e-09,1e-12,6,0.0001,1,new simulation,nan
1,34,-0.137039398930074,2.0999999999999996,-0.9,rolling,7.979999999999874,-0.16439845505957573,1.7890349248004105,26,26,0,1.7901974919340187,0.12,0.28559933214452665,9.81,1,1,11,21,41,-3.0,3.0,0.01,30.0,60.0,1e-09,1e-12,6,0.0001,1,new simulation,nan
1,35,-0.137039398930074,2.25,-0.9,rolling,8.21999999999987,-0.16386665859319086,1.7885613423330904,27,27,0,1.790205782837629,0.12,0.28559933214452665,9.81,1,1,11,21,41,-3.0,3.0,0.01,30.0,60.0,1e-09,1e-12,6,0.0001,1,new simulation,nan
1,36,-0.137039398930074,2.3999999999999995,-0.9,rolling,8.469999999999864,-0.151358059877251,1.7777582251687118,28,28,0,1.7902006431046285,0.12,0.28559933214452665,9.81,1,1,11,21,41,-3.0,3.0,0.01,30.0,60.0,1e-09,1e-12,6,0.0001,1,new simulation,nan
1,37,-0.137039398930074,2.55,-0.9,rolling,8.399999999999865,-0.1540422053054736,1.7800227894617506,28,28,0,1.790237043062885,0.12,0.28559933214452665,9.81,1,1,11,21,41,-3.0,3.0,0.01,30.0,60.0,1e-09,1e-12,6,0.0001,1,new simulation,nan
1,38,-0.137039398930074,2.7,-0.9,rolling,8.64999999999986,-0.15161061961702688,1.7779739944423123,29,29,0,1.790215895315053,0.12,0.28559933214452665,9.81,1,1,11,21,41,-3.0,3.0,0.01,30.0,60.0,1e-09,1e-12,6,0.0001,1,new simulation,nan
1,39,-0.137039398930074,2.8499999999999996,-0.9,rolling,8.899999999999855,-0.15355777828493528,1.7795983486205393,30,30,0,1.7901940462172128,0.12,0.28559933214452665,9.81,1,1,11,21,41,-3.0,3.0,0.01,30.0,60.0,1e-09,1e-12,6,0.0001,1,new simulation,nan
1,40,-0.137039398930074,3.0,-0.9,rolling,8.839999999999856,-0.15164171918625943,1.7779998057590816,30,30,0,1.7902155939392321,0.12,0.28559933214452665,9.81,1,1,11,21,41,-3.0,3.0,0.01,30.0,60.0,1e-09,1e-12,6,0.0001,1,new simulation,nan
2,0,-0.10847946571562132,-3.0,-0.8,settled,2.1699999999999977,-0.16559933214452666,0.0,5,1,4,nan,0.12,0.28559933214452665,9.81,1,1,11,21,41,-3.0,3.0,0.01,30.0,60.0,1e-09,1e-12,6,0.0001,1,new simulation,nan
2,1,-0.10847946571562132,-2.85,-0.8,rolling,10.809999999999814,-0.1567236232773064,1.7821929810071677,31,28,3,1.7899145987302596,0.12,0.28559933214452665,9.81,1,1,11,21,41,-3.0,3.0,0.01,30.0,60.0,1e-09,1e-12,6,0.0001,1,new simulation,nan
2,2,-0.10847946571562132,-2.7,-0.8,rolling,11.049999999999809,-0.15805050880109972,1.7833500933353863,32,29,3,1.7899501350484253,0.12,0.28559933214452665,9.81,1,1,11,21,41,-3.0,3.0,0.01,30.0,60.0,1e-09,1e-12,6,0.0001,1,new simulation,nan
2,3,-0.10847946571562132,-2.55,-0.8,rolling,11.169999999999806,-0.15244698778725738,1.77857400827132,32,29,3,1.7899404487872268,0.12,0.28559933214452665,9.81,1,1,11,21,41,-3.0,3.0,0.01,30.0,60.0,1e-09,1e-12,6,0.0001,1,new simulation,nan
2,4,-0.10847946571562132,-2.4,-0.8,rolling,11.579999999999798,-0.1512567734866854,1.7775774041497607,32,29,3,1.7899313161172614,0.12,0.28559933214452665,9.81,1,1,11,21,41,-3.0,3.0,0.01,30.0,60.0,1e-09,1e-12,6,0.0001,1,new simulation,nan
2,5,-0.10847946571562132,-2.25,-0.8,settled,1.8000000000000014,-0.16559933214452666,0.0,4,1,3,nan,0.12,0.28559933214452665,9.81,1,1,11,21,41,-3.0,3.0,0.01,30.0,60.0,1e-09,1e-12,6,0.0001,1,new simulation,nan
2,6,-0.10847946571562132,-2.1,-0.8,rolling,10.55999999999982,-0.16494392030951927,1.789424662751155,30,28,2,1.789915331445977,0.12,0.28559933214452665,9.81,1,1,11,21,41,-3.0,3.0,0.01,30.0,60.0,1e-09,1e-12,6,0.0001,1,new simulation,nan
2,7,-0.10847946571562132,-1.95,-0.8,rolling,10.769999999999815,-0.1648776252292634,1.789377463929711,31,29,2,1.7899503346616406,0.12,0.28559933214452665,9.81,1,1,11,21,41,-3.0,3.0,0.01,30.0,60.0,1e-09,1e-12,6,0.0001,1,new simulation,nan
2,8,-0.10847946571562132,-1.8,-0.8,rolling,10.869999999999813,-0.15412658493287237,1.7799879917717587,31,29,2,1.7899405591628115,0.12,0.28559933214452665,9.81,1,1,11,21,41,-3.0,3.0,0.01,30.0,60.0,1e-09,1e-12,6,0.0001,1,new simulation,nan
2,9,-0.10847946571562132,-1.6500000000000001,-0.8,rolling,11.229999999999805,-0.16433847449988503,1.7888863558004915,31,29,2,1.7899315641463573,0.12,0.28559933214452665,9.81,1,1,11,21,41,-3.0,3.0,0.01,30.0,60.0,1e-09,1e-12,6,0.0001,1,new simulation,nan
2,10,-0.10847946571562132,-1.5,-0.8,settled,1.380000000000001,-0.16559933214452666,0.0,3,1,2,nan,0.12,0.28559933214452665,9.81,1,1,11,21,41,-3.0,3.0,0.01,30.0,60.0,1e-09,1e-12,6,0.0001,1,new simulation,nan
2,11,-0.10847946571562132,-1.35,-0.8,rolling,10.229999999999826,-0.1612523420683753,1.7861363387308669,29,28,1,1.7899177492979848,0.12,0.28559933214452665,9.81,1,1,11,21,41,-3.0,3.0,0.01,30.0,60.0,1e-09,1e-12,6,0.0001,1,new simulation,nan
2,12,-0.10847946571562132,-1.2000000000000002,-0.8,rolling,10.03999999999983,-0.15397670045832473,1.7798483134131757,29,28,1,1.7899044768860985,0.12,0.28559933214452665,9.81,1,1,11,21,41,-3.0,3.0,0.01,30.0,60.0,1e-09,1e-12,6,0.0001,1,new simulation,nan
2,13,-0.10847946571562132,-1.05,-0.8,rolling,10.329999999999824,-0.1505934602504808,1.7770318103315015,30,29,1,1.7899449241662726,0.12,0.28559933214452665,9.81,1,1,11,21,41,-3.0,3.0,0.01,30.0,60.0,1e-09,1e-12,6,0.0001,1,new simulation,nan
2,14,-0.10847946571562132,-0.8999999999999999,-0.8,rolling,10.389999999999823,-0.15873941649526127,1.7839433120035084,30,29,1,1.7899377393800158,0.12,0.28559933214452665,9.81,1,1,11,21,41,-3.0,3.0,0.01,30.0,60.0,1e-09,1e-12,6,0.0001,1,new simulation,nan
2,15,-0.10847946571562132,-0.75,-0.8,rolling,10.589999999999819,-0.15591941869815698,1.7815097774120328,30,29,1,1.7899316613880432,0.12,0.28559933214452665,9.81,1,1,11,21,41,-3.0,3.0,0.01,30.0,60.0,1e-09,1e-12,6,0.0001,1,new simulation,nan
2,16,-0.10847946571562132,-0.6000000000000001,-0.8,settled,0.4300000000000002,-0.16559933214452666,0.0,2,1,1,nan,0.12,0.28559933214452665,9.81,1,1,11,21,41,-3.0,3.0,0.01,30.0,60.0,1e-09,1e-12,6,0.0001,1,new simulation,nan
2,17,-0.10847946571562132,-0.4500000000000002,-0.8,settled,0.3900000000000002,-0.16559933214452666,0.0,2,1,1,nan,0.12,0.28559933214452665,9.81,1,1,11,21,41,-3.0,3.0,0.01,30.0,60.0,1e-09,1e-12,6,0.0001,1,new simulation,nan
2,18,-0.10847946571562132,-0.30000000000000027,-0.8,settled,0.37000000000000016,-0.16559933214452666,0.0,2,1,1,nan,0.12,0.28559933214452665,9.81,1,1,11,21,41,-3.0,3.0,0.01,30.0,60.0,1e-09,1e-12,6,0.0001,1,new simulation,nan
2,19,-0.10847946571562132,-0.1499999999999999,-0.8,settled,0.4000000000000002,-0.16559933214452666,0.0,2,1,1,nan,0.12,0.28559933214452665,9.81,1,1,11,21,41,-3.0,3.0,0.01,30.0,60.0,1e-09,1e-12,6,0.0001,1,new simulation,nan
2,20,-0.10847946571562132,0.0,-0.8,settled,0.49000000000000027,-0.16559933214452666,0.0,2,1,1,nan,0.12,0.28559933214452665,9.81,1,1,11,21,41,-3.0,3.0,0.01,30.0,60.0,1e-09,1e-12,6,0.0001,1,new simulation,nan
2,21,-0.10847946571562132,0.1499999999999999,-0.8,settled,0.7000000000000004,-0.16559933214452666,0.0,2,1,1,nan,0.12,0.28559933214452665,9.81,1,1,11,21,41,-3.0,3.0,0.01,30.0,60.0,1e-09,1e-12,6,0.0001,1,new simulation,nan
2,22,-0.10847946571562132,0.2999999999999998,-0.8,settled,1.260000000000001,-0.16559933214452666,0.0,2,1,1,nan,0.12,0.28559933214452665,9.81,1,1,11,21,41,-3.0,3.0,0.01,30.0,60.0,1e-09,1e-12,6,0.0001,1,new simulation,nan
2,23,-0.10847946571562132,0.44999999999999973,-0.8,rolling,9.999999999999831,-0.16228019329515053,1.7870502563772976,28,28,0,1.789931523700872,0.12,0.28559933214452665,9.81,1,1,11,21,41,-3.0,3.0,0.01,30.0,60.0,1e-09,1e-12,6,0.0001,1,new simulation,nan
2,24,-0.10847946571562132,0.5999999999999996,-0.8,rolling,9.689999999999838,-0.15940220080791506,1.7845210785062153,28,28,0,1.7899392455507634,0.12,0.28559933214452665,9.81,1,1,11,21,41,-3.0,3.0,0.01,30.0,60.0,1e-09,1e-12,6,0.0001,1,new simulation,nan
2,25,-0.10847946571562132,0.75,-0.8,rolling,9.499999999999842,-0.16178893027581698,1.7866214385066164,28,28,0,1.789949175654339,0.12,0.28559933214452665,9.81,1,1,11,21,41,-3.0,3.0,0.01,30.0,60.0,1e-09,1e-12,6,0.0001,1,new simulation,nan
2,26,-0.10847946571562132,0.8999999999999999,-0.8,rolling,9.039999999999852,-0.1597108621020795,1.7847823170581973,27,27,0,1.7899159212851268,0.12,0.28559933214452665,9.81,1,1,11,21,41,-3.0,3.0,0.01,30.0,60.0,1e-09,1e-12,6,0.0001,1,new simulation,nan
2,27,-0.10847946571562132,1.0499999999999998,-0.8,rolling,8.919999999999854,-0.15032393062190233,1.776805633882837,27,27,0,1.7899361874757627,0.12,0.28559933214452665,9.81,1,1,11,21,41,-3.0,3.0,0.01,30.0,60.0,1e-09,1e-12,6,0.0001,1,new simulation,nan
2,28,-0.10847946571562132,1.2000000000000002,-0.8,rolling,8.489999999999863,-0.15682645445988394,1.7822809502571428,26,26,0,1.7899134639369985,0.12,0.28559933214452665,9.81,1,1,11,21,41,-3.0,3.0,0.01,30.0,60.0,1e-09,1e-12,6,0.0001,1,new simulation,nan
2,29,-0.10847946571562132,1.3499999999999996,-0.8,rolling,8.069999999999872,-0.16238510753033666,1.787132531216672,25,25,0,1.7899012258814961,0.12,0.28559933214452665,9.81,1,1,11,21,41,-3.0,3.0,0.01,30.0,60.0,1e-09,1e-12,6,0.0001,1,new simulation,nan
2,30,-0.10847946571562132,1.5,-0.8,rolling,7.659999999999881,-0.16305858427874317,1.787736104418805,24,24,0,1.7899145844180875,0.12,0.28559933214452665,9.81,1,1,11,21,41,-3.0,3.0,0.01,30.0,60.0,1e-09,1e-12,6,0.0001,1,new simulation,nan
2,31,-0.10847946571562132,1.6499999999999995,-0.8,rolling,6.949999999999896,-0.14848010614032378,1.775292132256216,22,22,0,1.7899428962899728,0.12,0.28559933214452665,9.81,1,1,11,21,41,-3.0,3.0,0.01,30.0,60.0,1e-09,1e-12,6,0.0001,1,new simulation,nan
2,32,-0.10847946571562132,1.7999999999999998,-0.8,rolling,6.229999999999912,-0.16061849484241705,1.7856856727719066,20,20,0,1.7902182440020784,0.12,0.28559933214452665,9.81,1,1,11,21,41,-3.0,3.0,0.01,30.0,60.0,1e-09,1e-12,6,0.0001,1,new simulation,nan
2,33,-0.10847946571562132,1.9500000000000002,-0.8,rolling,7.4099999999998865,-0.15653180806246123,1.7821368055190467,24,24,0,1.7902180288203902,0.12,0.28559933214452665,9.81,1,1,11,21,41,-3.0,3.0,0.01,30.0,60.0,1e-09,1e-12,6,0.0001,1,new simulation,nan
2,34,-0.10847946571562132,2.0999999999999996,-0.8,rolling,7.959999999999875,-0.16113207828250228,1.7861325533931685,26,26,0,1.7902042081986653,0.12,0.28559933214452665,9.81,1,1,11,21,41,-3.0,3.0,0.01,30.0,60.0,1e-09,1e-12,6,0.0001,1,new simulation,nan
2,35,-0.10847946571562132,2.25,-0.8,rolling,8.19999999999987,-0.16380554455128818,1.7885083634410308,27,27,0,1.790210535277734,0.12,0.28559933214452665,9.81,1,1,11,21,41,-3.0,3.0,0.01,30.0,60.0,1e-09,1e-12,6,0.0001,1,new simulation,nan
2,36,-0.10847946571562132,2.3999999999999995,-0.8,rolling,8.449999999999864,-0.1540327858266898,1.780002993259065,28,28,0,1.7902040061166085,0.12,0.28559933214452665,9.81,1,1,11,21,41,-3.0,3.0,0.01,30.0,60.0,1e-09,1e-12,6,0.0001,1,new simulation,nan
2,37,-0.10847946571562132,2.55,-0.8,rolling,8.379999999999866,-0.15909688064455912,1.7843624816170038,28,28,0,1.7902404058941466,0.12,0.28559933214452665,9.81,1,1,11,21,41,-3.0,3.0,0.01,30.0,60.0,1e-09,1e-12,6,0.0001,1,new simulation,nan
2,38,-0.10847946571562132,2.7,-0.8,rolling,8.62999999999986,-0.15873627780811278,1.7840408186725376,29,29,0,1.7902182746513198,0.12,0.28559933214452665,9.81,1,1,11,21,41,-3.0,3.0,0.01,30.0,60.0,1e-09,1e-12,6,0.0001,1,new simulation,nan
2,39,-0.10847946571562132,2.8499999999999996,-0.8,rolling,8.879999999999855,-0.16252343748637804,1.7873603661954698,30,30,0,1.7901957298795377,0.12,0.28559933214452665,9.81,1,1,11,21,41,-3.0,3.0,0.01,30.0,60.0,1e-09,1e-12,6,0.0001,1,new simulation,nan
2,40,-0.10847946571562132,3.0,-0.8,rolling,8.819999999999856,-0.16222561584465406,1.7871037805827625,30,30,0,1.7902172769855709,0.12,0.28559933214452665,9.81,1,1,11,21,41,-3.0,3.0,0.01,30.0,60.0,1e-09,1e-12,6,0.0001,1,new simulation,nan
3,0,-0.07991953250116865,-3.0,-0.7,settled,2.0899999999999994,-0.16559933214452666,0.0,5,1,4,nan,0.12,0.28559933214452665,9.81,1,1,11,21,41,-3.0,3.0,0.01,30.0,60.0,1e-09,1e-12,6,0.0001,1,new simulation,nan
3,1,-0.07991953250116865,-2.85,-0.7,rolling,10.839999999999813,-0.14788373326100668,1.7747956900732944,31,28,3,1.789915515572636,0.12,0.28559933214452665,9.81,1,1,11,21,41,-3.0,3.0,0.01,30.0,60.0,1e-09,1e-12,6,0.0001,1,new simulation,nan
3,2,-0.07991953250116865,-2.7,-0.7,rolling,10.749999999999815,-0.14799102531742722,1.7748779055256525,31,28,3,1.7899010456581548,0.12,0.28559933214452665,9.81,1,1,11,21,41,-3.0,3.0,0.01,30.0,60.0,1e-09,1e-12,6,0.0001,1,new simulation,nan
3,3,-0.07991953250116865,-2.55,-0.7,rolling,11.159999999999807,-0.16524867984968702,1.7897084030806827,32,29,3,1.7899410982967876,0.12,0.28559933214452665,9.81,1,1,11,21,41,-3.0,3.0,0.01,30.0,60.0,1e-09,1e-12,6,0.0001,1,new simulation,nan
3,4,-0.07991953250116865,-2.4,-0.7,rolling,11.529999999999799,-0.16540329874476256,1.7898446246757214,32,29,3,1.7899319648970557,0.12,0.28559933214452665,9.81,1,1,11,21,41,-3.0,3.0,0.01,30.0,60.0,1e-09,1e-12,6,0.0001,1,new simulation,nan
3,5,-0.07991953250116865,-2.25,-0.7,settled,1.7400000000000013,-0.16559933214452666,0.0,4,1,3,nan,0.12,0.28559933214452665,9.81,1,1,11,21,41,-3.0,3.0,0.01,30.0,60.0,1e-09,1e-12,6,0.0001,1,new simulation,nan
3,6,-0.07991953250116865,-2.1,-0.7,rolling,10.599999999999818,-0.16357878944990664,1.7882009062789246,30,28,2,1.7899166266102802,0.12,0.28559933214452665,9.81,1,1,11,21,41,-3.0,3.0,0.01,30.0,60.0,1e-09,1e-12,6,0.0001,1,new simulation,nan
3,7,-0.07991953250116865,-1.95,-0.7,rolling,10.469999999999821,-0.16475050982874548,1.7892458002000151,30,28,2,1.7899017049805181,0.12,0.28559933214452665,9.81,1,1,11,21,41,-3.0,3.0,0.01,30.0,60.0,1e-09,1e-12,6,0.0001,1,new simulation,nan
3,8,-0.07991953250116865,-1.8,-0.7,rolling,10.869999999999813,-0.15196573240639827,1.7781718673681375,31,29,2,1.7899414763388621,0.12,0.28559933214452665,9.81,1,1,11,21,41,-3.0,3.0,0.01,30.0,60.0,1e-09,1e-12,6,0.0001,1,new simulation,nan
3,9,-0.07991953250116865,-1.6500000000000001,-0.7,rolling,11.179999999999806,-0.16402140667262116,1.7886024704315442,31,29,2,1.7899324802381165,0.12,0.28559933214452665,9.81,1,1,11,21,41,-3.0,3.0,0.01,30.0,60.0,1e-09,1e-12,6,0.0001,1,new simulation,nan
3,10,-0.07991953250116865,-1.5,-0.7,settled,1.330000000000001,-0.16559933214452666,0.0,3,1,2,nan,0.12,0.28559933214452665,9.81,1,1,11,21,41,-3.0,3.0,0.01,30.0,60.0,1e-09,1e-12,6,0.0001,1,new simulation,nan
3,11,-0.07991953250116865,-1.35,-0.7,rolling,10.309999999999825,-0.16003215172365548,1.785064725157381,29,28,1,1.789919579094185,0.12,0.28559933214452665,9.81,1,1,11,21,41,-3.0,3.0,0.01,30.0,60.0,1e-09,1e-12,6,0.0001,1,new simulation,nan
3,12,-0.07991953250116865,-1.2000000000000002,-0.7,rolling,10.07999999999983,-0.14856166157855882,1.7753456832457146,29,28,1,1.789906305516238,0.12,0.28559933214452665,9.81,1,1,11,21,41,-3.0,3.0,0.01,30.0,60.0,1e-09,1e-12,6,0.0001,1,new simulation,nan
3,13,-0.07991953250116865,-1.05,-0.7,rolling,10.349999999999824,-0.1589547332077575,1.7841336239064964,30,29,1,1.7899462180089571,0.12,0.28559933214452665,9.81,1,1,11,21,41,-3.0,3.0,0.01,30.0,60.0,1e-09,1e-12,6,0.0001,1,new simulation,nan
3,14,-0.07991953250116865,-0.8999999999999999,-0.7,rolling,10.399999999999823,-0.16131586676696433,1.7861999609881618,30,29,1,1.7899390350884723,0.12,0.28559933214452665,9.81,1,1,11,21,41,-3.0,3.0,0.01,30.0,60.0,1e-09,1e-12,6,0.0001,1,new simulation,nan
3,15,-0.07991953250116865,-0.75,-0.7,rolling,10.55999999999982,-0.15852875981655928,1.7837586014711078,30,29,1,1.789932956494675,0.12,0.28559933214452665,9.81,1,1,11,21,41,-3.0,3.0,0.01,30.0,60.0,1e-09,1e-12,6,0.0001,1,new simulation,nan
3,16,-0.07991953250116865,-0.6000000000000001,-0.7,rolling,11.159999999999807,-0.16104584531165475,1.7859580063620764,30,29,1,1.7899279827783208,0.12,0.28559933214452665,9.81,1,1,11,21,41,-3.0,3.0,0.01,30.0,60.0,1e-09,1e-12,6,0.0001,1,new simulation,nan
3,17,-0.07991953250116865,-0.4500000000000002,-0.7,settled,0.46000000000000024,-0.16559933214452666,0.0,2,1,1,nan,0.12,0.28559933214452665,9.81,1,1,11,21,41,-3.0,3.0,0.01,30.0,60.0,1e-09,1e-12,6,0.0001,1,new simulation,nan
3,18,-0.07991953250116865,-0.30000000000000027,-0.7,settled,0.46000000000000024,-0.16559933214452666,0.0,2,1,1,nan,0.12,0.28559933214452665,9.81,1,1,11,21,41,-3.0,3.0,0.01,30.0,60.0,1e-09,1e-12,6,0.0001,1,new simulation,nan
3,19,-0.07991953250116865,-0.1499999999999999,-0.7,settled,0.5100000000000002,-0.16559933214452666,0.0,2,1,1,nan,0.12,0.28559933214452665,9.81,1,1,11,21,41,-3.0,3.0,0.01,30.0,60.0,1e-09,1e-12,6,0.0001,1,new simulation,nan
3,20,-0.07991953250116865,0.0,-0.7,settled,0.6400000000000003,-0.16559933214452666,0.0,2,1,1,nan,0.12,0.28559933214452665,9.81,1,1,11,21,41,-3.0,3.0,0.01,30.0,60.0,1e-09,1e-12,6,0.0001,1,new simulation,nan
3,21,-0.07991953250116865,0.1499999999999999,-0.7,settled,0.9500000000000006,-0.16559933214452666,0.0,2,1,1,nan,0.12,0.28559933214452665,9.81,1,1,11,21,41,-3.0,3.0,0.01,30.0,60.0,1e-09,1e-12,6,0.0001,1,new simulation,nan
3,22,-0.07991953250116865,0.2999999999999998,-0.7,rolling,10.269999999999825,-0.16193212425118284,1.7867407985950554,28,28,0,1.7899285907074194,0.12,0.28559933214452665,9.81,1,1,11,21,41,-3.0,3.0,0.01,30.0,60.0,1e-09,1e-12,6,0.0001,1,new simulation,nan
3,23,-0.07991953250116865,0.44999999999999973,-0.7,rolling,9.799999999999836,-0.1579561105532431,1.7832626592023417,28,28,0,1.7899341090963417,0.12,0.28559933214452665,9.81,1,1,11,21,41,-3.0,3.0,0.01,30.0,60.0,1e-09,1e-12,6,0.0001,1,new simulation,nan
3,24,-0.07991953250116865,0.5999999999999996,-0.7,rolling,9.58999999999984,-0.14867812101938374,1.775453720684646,28,28,0,1.7899418304310577,0.12,0.28559933214452665,9.81,1,1,11,21,41,-3.0,3.0,0.01,30.0,60.0,1e-09,1e-12,6,0.0001,1,new simulation,nan
3,25,-0.07991953250116865,0.75,-0.7,rolling,9.10999999999985,-0.16548558362536275,1.7899083803797728,27,27,0,1.7899024255109504,0.12,0.28559933214452665,9.81,1,1,11,21,41,-3.0,3.0,0.01,30.0,60.0,1e-09,1e-12,6,0.0001,1,new simulation,nan
3,26,-0.07991953250116865,0.8999999999999999,-0.7,rolling,8.989999999999853,-0.14787708082605933,1.7747917294682625,27,27,0,1.7899195729556714,0.12,0.28559933214452665,9.81,1,1,11,21,41,-3.0,3.0,0.01,30.0,60.0,1e-09,1e-12,6,0.0001,1,new simulation,nan
3,27,-0.07991953250116865,1.0499999999999998,-0.7,rolling,8.869999999999855,-0.15710888249143246,1.7825333755851192,27,27,0,1.7899398401400661,0.12,0.28559933214452665,9.81,1,1,11,21,41,-3.0,3.0,0.01,30.0,60.0,1e-09,1e-12,6,0.0001,1,new simulation,nan
3,28,-0.07991953250116865,1.2000000000000002,-0.7,rolling,8.449999999999864,-0.1586461531985921,1.7838554350506057,26,26,0,1.7899186247628525,0.12,0.28559933214452665,9.81,1,1,11,21,41,-3.0,3.0,0.01,30.0,60.0,1e-09,1e-12,6,0.0001,1,new simulation,nan
3,29,-0.07991953250116865,1.3499999999999996,-0.7,rolling,8.039999999999873,-0.15581565450193033,1.781412795108596,25,25,0,1.7899085165179696,0.12,0.28559933214452665,9.81,1,1,11,21,41,-3.0,3.0,0.01,30.0,60.0,1e-09,1e-12,6,0.0001,1,new simulation,nan
3,30,-0.07991953250116865,1.5,-0.7,rolling,7.629999999999882,-0.1637506025418974,1.7883574183890205,24,24,0,1.789924884674823,0.12,0.28559933214452665,9.81,1,1,11,21,41,-3.0,3.0,0.01,30.0,60.0,1e-09,1e-12,6,0.0001,1,new simulation,nan
3,31,-0.07991953250116865,1.6499999999999995,-0.7,rolling,6.599999999999904,-0.16480543444976653,1.789301346434219,21,21,0,1.789918965005186,0.12,0.28559933214452665,9.81,1,1,11,21,41,-3.0,3.0,0.01,30.0,60.0,1e-09,1e-12,6,0.0001,1,new simulation,nan
3,32,-0.07991953250116865,1.7999999999999998,-0.7,rolling,6.519999999999905,-0.16182375938389706,1.7867432728964807,21,21,0,1.7902043271316603,0.12,0.28559933214452665,9.81,1,1,11,21,41,-3.0,3.0,0.01,30.0,60.0,1e-09,1e-12,6,0.0001,1,new simulation,nan
3,33,-0.07991953250116865,1.9500000000000002,-0.7,rolling,7.389999999999887,-0.15369203853931326,1.7797238754542515,24,24,0,1.7902283266826318,0.12,0.28559933214452665,9.81,1,1,11,21,41,-3.0,3.0,0.01,30.0,60.0,1e-09,1e-12,6,0.0001,1,new simulation,nan
3,34,-0.07991953250116865,2.0999999999999996,-0.7,rolling,7.939999999999875,-0.16154516565013266,1.786498817010683,26,26,0,1.7902093664714769,0.12,0.28559933214452665,9.81,1,1,11,21,41,-3.0,3.0,0.01,30.0,60.0,1e-09,1e-12,6,0.0001,1,new simulation,nan
3,35,-0.07991953250116865,2.25,-0.7,rolling,8.18999999999987,-0.14917125699687078,1.7759557122420144,27,27,0,1.7902141860119043,0.12,0.28559933214452665,9.81,1,1,11,21,41,-3.0,3.0,0.01,30.0,60.0,1e-09,1e-12,6,0.0001,1,new simulation,nan
3,36,-0.07991953250116865,2.3999999999999995,-0.7,rolling,8.429999999999865,-0.15961282569761787,1.7848004548616763,28,28,0,1.7902065908481857,0.12,0.28559933214452665,9.81,1,1,11,21,41,-3.0,3.0,0.01,30.0,60.0,1e-09,1e-12,6,0.0001,1,new simulation,nan
3,37,-0.07991953250116865,2.55,-0.7,rolling,8.67999999999986,-0.15683945078775086,1.782392011378996,29,29,0,1.7901927810931513,0.12,0.28559933214452665,9.81,1,1,11,21,41,-3.0,3.0,0.01,30.0,60.0,1e-09,1e-12,6,0.0001,1,new simulation,nan
3,38,-0.07991953250116865,2.7,-0.7,rolling,8.61999999999986,-0.1504116351727683,1.776980018133159,29,29,0,1.7902201051369182,0.12,0.28559933214452665,9.81,1,1,11,21,41,-3.0,3.0,0.01,30.0,60.0,1e-09,1e-12,6,0.0001,1,new simulation,nan
3,39,-0.07991953250116865,2.8499999999999996,-0.7,rolling,8.869999999999855,-0.1557982165060363,1.7815011213095622,30,30,0,1.790197025011385,0.12,0.28559933214452665,9.81,1,1,11,21,41,-3.0,3.0,0.01,30.0,60.0,1e-09,1e-12,6,0.0001,1,new simulation,nan
3,40,-0.07991953250116865,3.0,-0.7,rolling,8.809999999999857,-0.15693933267210672,1.7824871273583394,30,30,0,1.7902185711416978,0.12,0.28559933214452665,9.81,1,1,11,21,41,-3.0,3.0,0.01,30.0,60.0,1e-09,1e-12,6,0.0001,1,new simulation,nan
4,0,-0.05135959928671599,-3.0,-0.6,settled,2.0500000000000003,-0.16559933214452666,0.0,5,1,4,nan,0.12,0.28559933214452665,9.81,1,1,11,21,41,-3.0,3.0,0.01,30.0,60.0,1e-09,1e-12,6,0.0001,1,new simulation,nan
4,1,-0.05135959928671599,-2.85,-0.6,rolling,10.859999999999813,-0.15089788317847969,1.7772738513562252,31,28,3,1.7899161541164863,0.12,0.28559933214452665,9.81,1,1,11,21,41,-3.0,3.0,0.01,30.0,60.0,1e-09,1e-12,6,0.0001,1,new simulation,nan
4,2,-0.05135959928671599,-2.7,-0.6,rolling,10.749999999999815,-0.16534860674138793,1.7897844935881533,31,28,3,1.7899016848748275,0.12,0.28559933214452665,9.81,1,1,11,21,41,-3.0,3.0,0.01,30.0,60.0,1e-09,1e-12,6,0.0001,1,new simulation,nan
4,3,-0.05135959928671599,-2.55,-0.6,rolling,11.169999999999806,-0.15104241280978245,1.7774029331156747,32,29,3,1.7899415497511024,0.12,0.28559933214452665,9.81,1,1,11,21,41,-3.0,3.0,0.01,30.0,60.0,1e-09,1e-12,6,0.0001,1,new simulation,nan
4,4,-0.05135959928671599,-2.4,-0.6,rolling,11.509999999999799,-0.16267473230991394,1.7874008919732753,32,29,3,1.7899324180581002,0.12,0.28559933214452665,9.81,1,1,11,21,41,-3.0,3.0,0.01,30.0,60.0,1e-09,1e-12,6,0.0001,1,new simulation,nan
4,5,-0.05135959928671599,-2.25,-0.6,settled,1.7100000000000013,-0.16559933214452666,0.0,4,1,3,nan,0.12,0.28559933214452665,9.81,1,1,11,21,41,-3.0,3.0,0.01,30.0,60.0,1e-09,1e-12,6,0.0001,1,new simulation,nan
4,6,-0.05135959928671599,-2.1,-0.6,rolling,10.639999999999818,-0.15348949101161038,1.7794417368409816,30,28,2,1.789917527478931,0.12,0.28559933214452665,9.81,1,1,11,21,41,-3.0,3.0,0.01,30.0,60.0,1e-09,1e-12,6,0.0001,1,new simulation,nan
4,7,-0.05135959928671599,-1.95,-0.6,rolling,10.48999999999982,-0.15624378672931935,1.7817770187837776,30,28,2,1.7899026087922294,0.12,0.28559933214452665,9.81,1,1,11,21,41,-3.0,3.0,0.01,30.0,60.0,1e-09,1e-12,6,0.0001,1,new simulation,nan
4,8,-0.05135959928671599,-1.8,-0.6,rolling,10.869999999999813,-0.16102323612418132,1.7859431363474845,31,29,2,1.7899421135196187,0.12,0.28559933214452665,9.81,1,1,11,21,41,-3.0,3.0,0.01,30.0,60.0,1e-09,1e-12,6,0.0001,1,new simulation,nan
4,9,-0.05135959928671599,-1.6500000000000001,-0.6,rolling,11.159999999999807,-0.1589738327110319,1.7841455691311197,31,29,2,1.7899331209454248,0.12,0.28559933214452665,9.81,1,1,11,21,41,-3.0,3.0,0.01,30.0,60.0,1e-09,1e-12,6,0.0001,1,new simulation,nan
4,10,-0.05135959928671599,-1.5,-0.6,settled,1.310000000000001,-0.16559933214452666,0.0,3,1,2,nan,0.12,0.28559933214452665,9.81,1,1,11,21,41,-3.0,3.0,0.01,30.0,60.0,1e-09,1e-12,6,0.0001,1,new simulation,nan
4,11,-0.05135959928671599,-1.35,-0.6,rolling,10.379999999999823,-0.16386960946767376,1.788462439077561,29,28,1,1.789920855395047,0.12,0.28559933214452665,9.81,1,1,11,21,41,-3.0,3.0,0.01,30.0,60.0,1e-09,1e-12,6,0.0001,1,new simulation,nan
4,12,-0.05135959928671599,-1.2000000000000002,-0.6,rolling,10.109999999999829,-0.1565195223853796,1.7820152214207903,29,28,1,1.7899075796556811,0.12,0.28559933214452665,9.81,1,1,11,21,41,-3.0,3.0,0.01,30.0,60.0,1e-09,1e-12,6,0.0001,1,new simulation,nan
4,13,-0.05135959928671599,-1.05,-0.6,rolling,10.379999999999823,-0.1525814712209658,1.7786890859707838,30,29,1,1.7899471202557817,0.12,0.28559933214452665,9.81,1,1,11,21,41,-3.0,3.0,0.01,30.0,60.0,1e-09,1e-12,6,0.0001,1,new simulation,nan
4,14,-0.05135959928671599,-0.8999999999999999,-0.6,rolling,10.419999999999822,-0.16038862005121293,1.7853844791745996,30,29,1,1.789939938256035,0.12,0.28559933214452665,9.81,1,1,11,21,41,-3.0,3.0,0.01,30.0,60.0,1e-09,1e-12,6,0.0001,1,new simulation,nan
4,15,-0.05135959928671599,-0.75,-0.6,rolling,10.55999999999982,-0.16027378110186147,1.7852815690961676,30,29,1,1.789933858366683,0.12,0.28559933214452665,9.81,1,1,11,21,41,-3.0,3.0,0.01,30.0,60.0,1e-09,1e-12,6,0.0001,1,new simulation,nan
4,16,-0.05135959928671599,-0.6000000000000001,-0.6,rolling,10.95999999999981,-0.1603812366203494,1.785374054634148,30,29,1,1.7899288862667122,0.12,0.28559933214452665,9.81,1,1,11,21,41,-3.0,3.0,0.01,30.0,60.0,1e-09,1e-12,6,0.0001,1,new simulation,nan
4,17,-0.05135959928671599,-0.4500000000000002,-0.6,settled,0.5300000000000002,-0.16559933214452666,0.0,2,1,1,nan,0.12,0.28559933214452665,9.81,1,1,11,21,41,-3.0,3.0,0.01,30.0,60.0,1e-09,1e-12,6,0.0001,1,new simulation,nan
4,18,-0.05135959928671599,-0.30000000000000027,-0.6,settled,0.5500000000000003,-0.16559933214452666,0.0,2,1,1,nan,0.12,0.28559933214452665,9.81,1,1,11,21,41,-3.0,3.0,0.01,30.0,60.0,1e-09,1e-12,6,0.0001,1,new simulation,nan
4,19,-0.05135959928671599,-0.1499999999999999,-0.6,settled,0.6200000000000003,-0.16559933214452666,0.0,2,1,1,nan,0.12,0.28559933214452665,9.81,1,1,11,21,41,-3.0,3.0,0.01,30.0,60.0,1e-09,1e-12,6,0.0001,1,new simulation,nan
4,20,-0.05135959928671599,0.0,-0.6,settled,0.8100000000000005,-0.16559933214452666,0.0,2,1,1,nan,0.12,0.28559933214452665,9.81,1,1,11,21,41,-3.0,3.0,0.01,30.0,60.0,1e-09,1e-12,6,0.0001,1,new simulation,nan
4,21,-0.05135959928671599,0.1499999999999999,-0.6,settled,1.6900000000000013,-0.16559933214452666,0.0,2,1,1,nan,0.12,0.28559933214452665,9.81,1,1,11,21,41,-3.0,3.0,0.01,30.0,60.0,1e-09,1e-12,6,0.0001,1,new simulation,nan
4,22,-0.05135959928671599,0.2999999999999998,-0.6,rolling,9.929999999999833,-0.16553243747232413,1.7899606438396996,28,28,0,1.7899303923290042,0.12,0.28559933214452665,9.81,1,1,11,21,41,-3.0,3.0,0.01,30.0,60.0,1e-09,1e-12,6,0.0001,1,new simulation,nan
4,23,-0.05135959928671599,0.44999999999999973,-0.6,rolling,9.669999999999838,-0.16341680282088822,1.7880631265189069,28,28,0,1.7899359097857899,0.12,0.28559933214452665,9.81,1,1,11,21,41,-3.0,3.0,0.01,30.0,60.0,1e-09,1e-12,6,0.0001,1,new simulation,nan
4,24,-0.05135959928671599,0.5999999999999996,-0.6,rolling,9.499999999999842,-0.16524417052624416,1.7897052400754816,28,28,0,1.7899436337883132,0.12,0.28559933214452665,9.81,1,1,11,21,41,-3.0,3.0,0.01,30.0,60.0,1e-09,1e-12,6,0.0001,1,new simulation,nan
4,25,-0.05135959928671599,0.75,-0.6,rolling,9.059999999999851,-0.1481010369787773,1.7749690033330852,27,27,0,1.7899049701826435,0.12,0.28559933214452665,9.81,1,1,11,21,41,-3.0,3.0,0.01,30.0,60.0,1e-09,1e-12,6,0.0001,1,new simulation,nan
4,26,-0.05135959928671599,0.8999999999999999,-0.6,rolling,8.939999999999854,-0.15215407807454884,1.7783223160534065,27,27,0,1.7899221196893607,0.12,0.28559933214452665,9.81,1,1,11,21,41,-3.0,3.0,0.01,30.0,60.0,1e-09,1e-12,6,0.0001,1,new simulation,nan
4,27,-0.05135959928671599,1.0499999999999998,-0.6,rolling,8.829999999999856,-0.1578896714427055,1.7832081376622995,27,27,0,1.7899423869629985,0.12,0.28559933214452665,9.81,1,1,11,21,41,-3.0,3.0,0.01,30.0,60.0,1e-09,1e-12,6,0.0001,1,new simulation,nan
4,28,-0.05135959928671599,1.2000000000000002,-0.6,rolling,8.419999999999865,-0.15182970623245365,1.7780514075855312,26,26,0,1.789922220645917,0.12,0.28559933214452665,9.81,1,1,11,21,41,-3.0,3.0,0.01,30.0,60.0,1e-09,1e-12,6,0.0001,1,new simulation,nan
4,29,-0.05135959928671599,1.3499999999999996,-0.6,rolling,8.009999999999874,-0.15668248587576927,1.782157284918339,25,25,0,1.7899136002967866,0.12,0.28559933214452665,9.81,1,1,11,21,41,-3.0,3.0,0.01,30.0,60.0,1e-09,1e-12,6,0.0001,1,new simulation,nan
4,30,-0.05135959928671599,1.5,-0.6,rolling,7.609999999999882,-0.1527893355527767,1.778858049640089,24,24,0,1.789932070765131,0.12,0.28559933214452665,9.81,1,1,11,21,41,-3.0,3.0,0.01,30.0,60.0,1e-09,1e-12,6,0.0001,1,new simulation,nan
4,31,-0.05135959928671599,1.6499999999999995,-0.6,rolling,6.579999999999904,-0.15865882219350963,1.7838738059141461,21,21,0,1.7899392331834572,0.12,0.28559933214452665,9.81,1,1,11,21,41,-3.0,3.0,0.01,30.0,60.0,1e-09,1e-12,6,0.0001,1,new simulation,nan
4,32,-0.05135959928671599,1.7999999999999998,-0.6,rolling,6.499999999999906,-0.15963803519163228,1.7848289069483738,21,21,0,1.7902245903298237,0.12,0.28559933214452665,9.81,1,1,11,21,41,-3.0,3.0,0.01,30.0,60.0,1e-09,1e-12,6,0.0001,1,new simulation,nan
4,33,-0.05135959928671599,1.9500000000000002,-0.6,rolling,7.369999999999887,-0.15480142220848903,1.7806656874464852,24,24,0,1.7902355096967024,0.12,0.28559933214452665,9.81,1,1,11,21,41,-3.0,3.0,0.01,30.0,60.0,1e-09,1e-12,6,0.0001,1,new simulation,nan
4,34,-0.05135959928671599,2.0999999999999996,-0.6,rolling,7.919999999999876,-0.1654592747052903,1.7899952104045112,26,26,0,1.7902129633887187,0.12,0.28559933214452665,9.81,1,1,11,21,41,-3.0,3.0,0.01,30.0,60.0,1e-09,1e-12,6,0.0001,1,new simulation,nan
4,35,-0.05135959928671599,2.25,-0.6,rolling,8.16999999999987,-0.15545162683574454,1.78121233111605,27,27,0,1.7902167317414142,0.12,0.28559933214452665,9.81,1,1,11,21,41,-3.0,3.0,0.01,30.0,60.0,1e-09,1e-12,6,0.0001,1,new simulation,nan
4,36,-0.05135959928671599,2.3999999999999995,-0.6,rolling,8.419999999999865,-0.15016381823944158,1.7767709664232225,28,28,0,1.790208391668486,0.12,0.28559933214452665,9.81,1,1,11,21,41,-3.0,3.0,0.01,30.0,60.0,1e-09,1e-12,6,0.0001,1,new simulation,nan
4,37,-0.05135959928671599,2.55,-0.6,rolling,8.66999999999986,-0.14920681962675064,1.7759776851626696,29,29,0,1.7901940571489927,0.12,0.28559933214452665,9.81,1,1,11,21,41,-3.0,3.0,0.01,30.0,60.0,1e-09,1e-12,6,0.0001,1,new simulation,nan
4,38,-0.05135959928671599,2.7,-0.6,rolling,8.599999999999861,-0.16218206401381202,1.7870666361137462,29,29,0,1.7902213788489811,0.12,0.28559933214452665,9.81,1,1,11,21,41,-3.0,3.0,0.01,30.0,60.0,1e-09,1e-12,6,0.0001,1,new simulation,nan
4,39,-0.05135959928671599,2.8499999999999996,-0.6,rolling,8.859999999999856,-0.15117074772957476,1.7776014892265495,30,30,0,1.790197927524124,0.12,0.28559933214452665,9.81,1,1,11,21,41,-3.0,3.0,0.01,30.0,60.0,1e-09,1e-12,6,0.0001,1,new simulation,nan
4,40,-0.05135959928671599,3.0,-0.6,rolling,8.799999999999857,-0.1535711662045605,1.7796187465349425,30,30,0,1.790219473636337,0.12,0.28559933214452665,9.81,1,1,11,21,41,-3.0,3.0,0.01,30.0,60.0,1e-09,1e-12,6,0.0001,1,new simulation,nan
5,0,-0.02279966607226333,-3.0,-0.5,settled,2.0400000000000005,-0.16559933214452666,0.0,5,1,4,nan,0.12,0.28559933214452665,9.81,1,1,11,21,41,-3.0,3.0,0.01,30.0,60.0,1e-09,1e-12,6,0.0001,1,new simulation,nan
5,1,-0.02279966607226333,-2.85,-0.5,rolling,10.869999999999813,-0.1635593271545386,1.7881834797763303,31,28,3,1.7899165148213152,0.12,0.28559933214452665,9.81,1,1,11,21,41,-3.0,3.0,0.01,30.0,60.0,1e-09,1e-12,6,0.0001,1,new simulation,nan
5,2,-0.02279966607226333,-2.7,-0.5,rolling,10.769999999999815,-0.14796519837622327,1.7748572174259556,31,28,3,1.7899020443519384,0.12,0.28559933214452665,9.81,1,1,11,21,41,-3.0,3.0,0.01,30.0,60.0,1e-09,1e-12,6,0.0001,1,new simulation,nan
5,3,-0.02279966607226333,-2.55,-0.5,rolling,11.169999999999806,-0.16213883419276995,1.7869285974307458,32,29,3,1.789941805013431,0.12,0.28559933214452665,9.81,1,1,11,21,41,-3.0,3.0,0.01,30.0,60.0,1e-09,1e-12,6,0.0001,1,new simulation,nan
5,4,-0.02279966607226333,-2.4,-0.5,rolling,11.509999999999799,-0.152483154046148,1.7786015185659818,32,29,3,1.789932673049604,0.12,0.28559933214452665,9.81,1,1,11,21,41,-3.0,3.0,0.01,30.0,60.0,1e-09,1e-12,6,0.0001,1,new simulation,nan
5,5,-0.02279966607226333,-2.25,-0.5,settled,1.7000000000000013,-0.16559933214452666,0.0,4,1,3,nan,0.12,0.28559933214452665,9.81,1,1,11,21,41,-3.0,3.0,0.01,30.0,60.0,1e-09,1e-12,6,0.0001,1,new simulation,nan
5,6,-0.02279966607226333,-2.1,-0.5,rolling,10.659999999999817,-0.16516187702733603,1.7896219410848992,30,28,2,1.7899180381717923,0.12,0.28559933214452665,9.81,1,1,11,21,41,-3.0,3.0,0.01,30.0,60.0,1e-09,1e-12,6,0.0001,1,new simulation,nan
5,7,-0.02279966607226333,-1.95,-0.5,rolling,10.50999999999982,-0.14780215754112236,1.774724814857303,30,28,2,1.7899031180654,0.12,0.28559933214452665,9.81,1,1,11,21,41,-3.0,3.0,0.01,30.0,60.0,1e-09,1e-12,6,0.0001,1,new simulation,nan
5,8,-0.02279966607226333,-1.8,-0.5,rolling,10.879999999999812,-0.1612701404442909,1.7861608573524679,31,29,2,1.789942475609782,0.12,0.28559933214452665,9.81,1,1,11,21,41,-3.0,3.0,0.01,30.0,60.0,1e-09,1e-12,6,0.0001,1,new simulation,nan
5,9,-0.02279966607226333,-1.6500000000000001,-0.5,rolling,11.159999999999807,-0.15293840333539754,1.7789837281547063,31,29,2,1.7899334811981096,0.12,0.28559933214452665,9.81,1,1,11,21,41,-3.0,3.0,0.01,30.0,60.0,1e-09,1e-12,6,0.0001,1,new simulation,nan
5,10,-0.02279966607226333,-1.5,-0.5,settled,1.310000000000001,-0.16559933214452666,0.0,3,1,2,nan,0.12,0.28559933214452665,9.81,1,1,11,21,41,-3.0,3.0,0.01,30.0,60.0,1e-09,1e-12,6,0.0001,1,new simulation,nan
5,11,-0.02279966607226333,-1.35,-0.5,rolling,10.439999999999822,-0.15547396628237023,1.7811257590175436,29,28,1,1.789921575110318,0.12,0.28559933214452665,9.81,1,1,11,21,41,-3.0,3.0,0.01,30.0,60.0,1e-09,1e-12,6,0.0001,1,new simulation,nan
5,12,-0.02279966607226333,-1.2000000000000002,-0.5,rolling,10.139999999999828,-0.1572030225647837,1.7826031826722561,29,28,1,1.7899083017282573,0.12,0.28559933214452665,9.81,1,1,11,21,41,-3.0,3.0,0.01,30.0,60.0,1e-09,1e-12,6,0.0001,1,new simulation,nan
5,13,-0.02279966607226333,-1.05,-0.5,rolling,10.399999999999823,-0.16511336027595042,1.7895887621619453,30,29,1,1.7899476313743765,0.12,0.28559933214452665,9.81,1,1,11,21,41,-3.0,3.0,0.01,30.0,60.0,1e-09,1e-12,6,0.0001,1,new simulation,nan
5,14,-0.02279966607226333,-0.8999999999999999,-0.5,rolling,10.449999999999822,-0.1519583956185744,1.7781653688834644,30,29,1,1.7899404463820616,0.12,0.28559933214452665,9.81,1,1,11,21,41,-3.0,3.0,0.01,30.0,60.0,1e-09,1e-12,6,0.0001,1,new simulation,nan
5,15,-0.02279966607226333,-0.75,-0.5,rolling,10.579999999999819,-0.15903145191964754,1.7841961746489732,30,29,1,1.7899343678053772,0.12,0.28559933214452665,9.81,1,1,11,21,41,-3.0,3.0,0.01,30.0,60.0,1e-09,1e-12,6,0.0001,1,new simulation,nan
5,16,-0.02279966607226333,-0.6000000000000001,-0.5,rolling,10.929999999999811,-0.15051572868894353,1.7769618766867543,30,29,1,1.7899293954475348,0.12,0.28559933214452665,9.81,1,1,11,21,41,-3.0,3.0,0.01,30.0,60.0,1e-09,1e-12,6,0.0001,1,new simulation,nan
5,17,-0.02279966607226333,-0.4500000000000002,-0.5,settled,0.5900000000000003,-0.16559933214452666,0.0,2,1,1,nan,0.12,0.28559933214452665,9.81,1,1,11,21,41,-3.0,3.0,0.01,30.0,60.0,1e-09,1e-12,6,0.0001,1,new simulation,nan
5,18,-0.02279966607226333,-0.30000000000000027,-0.5,settled,0.6300000000000003,-0.16559933214452666,0.0,2,1,1,nan,0.12,0.28559933214452665,9.81,1,1,11,21,41,-3.0,3.0,0.01,30.0,60.0,1e-09,1e-12,6,0.0001,1,new simulation,nan
5,19,-0.02279966607226333,-0.1499999999999999,-0.5,settled,0.7500000000000004,-0.16559933214452666,0.0,2,1,1,nan,0.12,0.28559933214452665,9.81,1,1,11,21,41,-3.0,3.0,0.01,30.0,60.0,1e-09,1e-12,6,0.0001,1,new simulation,nan
5,20,-0.02279966607226333,0.0,-0.5,settled,1.0900000000000007,-0.16559933214452666,0.0,2,1,1,nan,0.12,0.28559933214452665,9.81,1,1,11,21,41,-3.0,3.0,0.01,30.0,60.0,1e-09,1e-12,6,0.0001,1,new simulation,nan
5,21,-0.02279966607226333,0.1499999999999999,-0.5,rolling,10.129999999999828,-0.15582043478838448,1.7814238871940287,28,28,0,1.7899281025392983,0.12,0.28559933214452665,9.81,1,1,11,21,41,-3.0,3.0,0.01,30.0,60.0,1e-09,1e-12,6,0.0001,1,new simulation,nan
5,22,-0.02279966607226333,0.2999999999999998,-0.5,rolling,9.769999999999836,-0.1588110287374212,1.7840033148470629,28,28,0,1.7899314125015602,0.12,0.28559933214452665,9.81,1,1,11,21,41,-3.0,3.0,0.01,30.0,60.0,1e-09,1e-12,6,0.0001,1,new simulation,nan
5,23,-0.02279966607226333,0.44999999999999973,-0.5,rolling,9.57999999999984,-0.16173473654106243,1.7865691429439217,28,28,0,1.789936927968048,0.12,0.28559933214452665,9.81,1,1,11,21,41,-3.0,3.0,0.01,30.0,60.0,1e-09,1e-12,6,0.0001,1,new simulation,nan
5,24,-0.02279966607226333,0.5999999999999996,-0.5,rolling,9.439999999999843,-0.1587395293196306,1.7839458818491427,28,28,0,1.7899446516905797,0.12,0.28559933214452665,9.81,1,1,11,21,41,-3.0,3.0,0.01,30.0,60.0,1e-09,1e-12,6,0.0001,1,new simulation,nan
5,25,-0.02279966607226333,0.75,-0.5,rolling,9.009999999999852,-0.14963723499803375,1.7762283619386996,27,27,0,1.7899064112828293,0.12,0.28559933214452665,9.81,1,1,11,21,41,-3.0,3.0,0.01,30.0,60.0,1e-09,1e-12,6,0.0001,1,new simulation,nan
5,26,-0.02279966607226333,0.8999999999999999,-0.5,rolling,8.899999999999855,-0.15205700182983345,1.7782416898733897,27,27,0,1.789923558596908,0.12,0.28559933214452665,9.81,1,1,11,21,41,-3.0,3.0,0.01,30.0,60.0,1e-09,1e-12,6,0.0001,1,new simulation,nan
5,27,-0.02279966607226333,1.0499999999999998,-0.5,rolling,8.799999999999857,-0.1511240250752533,1.7774715461254675,27,27,0,1.7899438261302312,0.12,0.28559933214452665,9.81,1,1,11,21,41,-3.0,3.0,0.01,30.0,60.0,1e-09,1e-12,6,0.0001,1,new simulation,nan
5,28,-0.02279966607226333,1.2000000000000002,-0.5,rolling,8.389999999999866,-0.15322427310963257,1.7792207824285309,26,26,0,1.7899242545331069,0.12,0.28559933214452665,9.81,1,1,11,21,41,-3.0,3.0,0.01,30.0,60.0,1e-09,1e-12,6,0.0001,1,new simulation,nan
5,29,-0.02279966607226333,1.3499999999999996,-0.5,rolling,7.979999999999874,-0.1643486109440408,1.7888900732053754,25,25,0,1.7899164748345235,0.12,0.28559933214452665,9.81,1,1,11,21,41,-3.0,3.0,0.01,30.0,60.0,1e-09,1e-12,6,0.0001,1,new simulation,nan
5,30,-0.02279966607226333,1.5,-0.5,rolling,7.579999999999883,-0.16540052162213148,1.7898436015372403,24,24,0,1.7899361312682853,0.12,0.28559933214452665,9.81,1,1,11,21,41,-3.0,3.0,0.01,30.0,60.0,1e-09,1e-12,6,0.0001,1,new simulation,nan
5,31,-0.02279966607226333,1.6499999999999995,-0.5,rolling,6.249999999999911,-0.14951252699913453,1.7761237478793048,20,20,0,1.7899009104928425,0.12,0.28559933214452665,9.81,1,1,11,21,41,-3.0,3.0,0.01,30.0,60.0,1e-09,1e-12,6,0.0001,1,new simulation,nan
5,32,-0.02279966607226333,1.7999999999999998,-0.5,rolling,6.479999999999906,-0.16173715594517865,1.7866779964445725,21,21,0,1.7902360437790792,0.12,0.28559933214452665,9.81,1,1,11,21,41,-3.0,3.0,0.01,30.0,60.0,1e-09,1e-12,6,0.0001,1,new simulation,nan
5,33,-0.02279966607226333,1.9500000000000002,-0.5,rolling,7.349999999999888,-0.1596766587091471,1.7848680070465346,24,24,0,1.7902395699030424,0.12,0.28559933214452665,9.81,1,1,11,21,41,-3.0,3.0,0.01,30.0,60.0,1e-09,1e-12,6,0.0001,1,new simulation,nan
5,34,-0.02279966607226333,2.0999999999999996,-0.5,rolling,7.909999999999876,-0.1548602100327846,1.7807082889977128,26,26,0,1.7902149974988557,0.12,0.28559933214452665,9.81,1,1,11,21,41,-3.0,3.0,0.01,30.0,60.0,1e-09,1e-12,6,0.0001,1,new simulation,nan
5,35,-0.02279966607226333,2.25,-0.5,rolling,8.14999999999987,-0.16474859420170632,1.7893568132732272,27,27,0,1.7902181698888213,0.12,0.28559933214452665,9.81,1,1,11,21,41,-3.0,3.0,0.01,30.0,60.0,1e-09,1e-12,6,0.0001,1,new simulation,nan
5,36,-0.02279966607226333,2.3999999999999995,-0.5,rolling,8.399999999999865,-0.16121471639101317,1.7862072460278957,28,28,0,1.7902094116948633,0.12,0.28559933214452665,9.81,1,1,11,21,41,-3.0,3.0,0.01,30.0,60.0,1e-09,1e-12,6,0.0001,1,new simulation,nan
5,37,-0.02279966607226333,2.55,-0.5,rolling,8.64999999999986,-0.1618132413933106,1.7867305619208758,29,29,0,1.7901947776434934,0.12,0.28559933214452665,9.81,1,1,11,21,41,-3.0,3.0,0.01,30.0,60.0,1e-09,1e-12,6,0.0001,1,new simulation,nan
5,38,-0.02279966607226333,2.7,-0.5,rolling,8.589999999999861,-0.15834331871037963,1.7837010167437601,29,29,0,1.7902221008555153,0.12,0.28559933214452665,9.81,1,1,11,21,41,-3.0,3.0,0.01,30.0,60.0,1e-09,1e-12,6,0.0001,1,new simulation,nan
5,39,-0.02279966607226333,2.8499999999999996,-0.5,rolling,8.849999999999856,-0.14857316729630338,1.7754599725519618,30,30,0,1.7901984372840591,0.12,0.28559933214452665,9.81,1,1,11,21,41,-3.0,3.0,0.01,30.0,60.0,1e-09,1e-12,6,0.0001,1,new simulation,nan
5,40,-0.02279966607226333,3.0,-0.5,rolling,8.789999999999857,-0.15206631274094098,1.7783557211804162,30,30,0,1.7902199841836566,0.12,0.28559933214452665,9.81,1,1,11,21,41,-3.0,3.0,0.01,30.0,60.0,1e-09,1e-12,6,0.0001,1,new simulation,nan
6,0,0.005760267142189357,-3.0,-0.3999999999999999,settled,2.0400000000000005,-0.16559933214452666,0.0,5,1,4,nan,0.12,0.28559933214452665,9.81,1,1,11,21,41,-3.0,3.0,0.01,30.0,60.0,1e-09,1e-12,6,0.0001,1,new simulation,nan
6,1,0.005760267142189357,-2.85,-0.3999999999999999,rolling,10.889999999999812,-0.14877042078430008,1.7755202300028277,31,28,3,1.789916598267841,0.12,0.28559933214452665,9.81,1,1,11,21,41,-3.0,3.0,0.01,30.0,60.0,1e-09,1e-12,6,0.0001,1,new simulation,nan
6,2,0.005760267142189357,-2.7,-0.3999999999999999,rolling,10.779999999999815,-0.148879268562445,1.775604205196265,31,28,3,1.789902127635508,0.12,0.28559933214452665,9.81,1,1,11,21,41,-3.0,3.0,0.01,30.0,60.0,1e-09,1e-12,6,0.0001,1,new simulation,nan
6,3,0.005760267142189357,-2.55,-0.3999999999999999,rolling,11.179999999999806,-0.16227479991817484,1.7870491614744548,32,29,3,1.7899418651250067,0.12,0.28559933214452665,9.81,1,1,11,21,41,-3.0,3.0,0.01,30.0,60.0,1e-09,1e-12,6,0.0001,1,new simulation,nan
6,4,0.005760267142189357,-2.4,-0.3999999999999999,rolling,11.519999999999799,-0.14887272523563577,1.7756098289784532,32,29,3,1.789932730850275,0.12,0.28559933214452665,9.81,1,1,11,21,41,-3.0,3.0,0.01,30.0,60.0,1e-09,1e-12,6,0.0001,1,new simulation,nan
6,5,0.005760267142189357,-2.25,-0.3999999999999999,settled,1.7100000000000013,-0.16559933214452666,0.0,4,1,3,nan,0.12,0.28559933214452665,9.81,1,1,11,21,41,-3.0,3.0,0.01,30.0,60.0,1e-09,1e-12,6,0.0001,1,new simulation,nan
6,6,0.005760267142189357,-2.1,-0.3999999999999999,rolling,10.679999999999817,-0.1592807261809297,1.7844075882744561,30,28,2,1.7899181555674903,0.12,0.28559933214452665,9.81,1,1,11,21,41,-3.0,3.0,0.01,30.0,60.0,1e-09,1e-12,6,0.0001,1,new simulation,nan
6,7,0.005760267142189357,-1.95,-0.3999999999999999,rolling,10.51999999999982,-0.15635681751096786,1.7818741128975657,30,28,2,1.7899032356397957,0.12,0.28559933214452665,9.81,1,1,11,21,41,-3.0,3.0,0.01,30.0,60.0,1e-09,1e-12,6,0.0001,1,new simulation,nan
6,8,0.005760267142189357,-1.8,-0.3999999999999999,rolling,10.899999999999812,-0.15161554857145054,1.7778801065325853,31,29,2,1.7899425584288589,0.12,0.28559933214452665,9.81,1,1,11,21,41,-3.0,3.0,0.01,30.0,60.0,1e-09,1e-12,6,0.0001,1,new simulation,nan
6,9,0.005760267142189357,-1.6500000000000001,-0.3999999999999999,rolling,11.169999999999806,-0.15779634773781195,1.7831242795168323,31,29,2,1.7899335634126639,0.12,0.28559933214452665,9.81,1,1,11,21,41,-3.0,3.0,0.01,30.0,60.0,1e-09,1e-12,6,0.0001,1,new simulation,nan
6,10,0.005760267142189357,-1.5,-0.3999999999999999,settled,1.330000000000001,-0.16559933214452666,0.0,3,1,2,nan,0.12,0.28559933214452665,9.81,1,1,11,21,41,-3.0,3.0,0.01,30.0,60.0,1e-09,1e-12,6,0.0001,1,new simulation,nan
6,11,0.005760267142189357,-1.35,-0.3999999999999999,rolling,10.469999999999821,-0.15488993136030657,1.780628572587893,29,28,1,1.7899217410919823,0.12,0.28559933214452665,9.81,1,1,11,21,41,-3.0,3.0,0.01,30.0,60.0,1e-09,1e-12,6,0.0001,1,new simulation,nan
6,12,0.005760267142189357,-1.2000000000000002,-0.3999999999999999,rolling,10.169999999999828,-0.1489473825097242,1.7756623136315135,29,28,1,1.7899084683112774,0.12,0.28559933214452665,9.81,1,1,11,21,41,-3.0,3.0,0.01,30.0,60.0,1e-09,1e-12,6,0.0001,1,new simulation,nan
6,13,0.005760267142189357,-1.05,-0.3999999999999999,rolling,10.429999999999822,-0.1600483303959895,1.785088952458875,30,29,1,1.7899477484424189,0.12,0.28559933214452665,9.81,1,1,11,21,41,-3.0,3.0,0.01,30.0,60.0,1e-09,1e-12,6,0.0001,1,new simulation,nan
6,14,0.005760267142189357,-0.8999999999999999,-0.3999999999999999,rolling,10.479999999999821,-0.15241698757540592,1.7785489226920455,30,29,1,1.7899405635856,0.12,0.28559933214452665,9.81,1,1,11,21,41,-3.0,3.0,0.01,30.0,60.0,1e-09,1e-12,6,0.0001,1,new simulation,nan
6,15,0.005760267142189357,-0.75,-0.3999999999999999,rolling,10.619999999999818,-0.14816713621907335,1.77503351961914,30,29,1,1.7899344862020914,0.12,0.28559933214452665,9.81,1,1,11,21,41,-3.0,3.0,0.01,30.0,60.0,1e-09,1e-12,6,0.0001,1,new simulation,nan
6,16,0.005760267142189357,-0.6000000000000001,-0.3999999999999999,rolling,10.95999999999981,-0.15267444038101968,1.7787607323956285,30,29,1,1.789929512948876,0.12,0.28559933214452665,9.81,1,1,11,21,41,-3.0,3.0,0.01,30.0,60.0,1e-09,1e-12,6,0.0001,1,new simulation,nan
6,17,0.005760267142189357,-0.4500000000000002,-0.3999999999999999,settled,0.6500000000000004,-0.16559933214452666,0.0,2,1,1,nan,0.12,0.28559933214452665,9.81,1,1,11,21,41,-3.0,3.0,0.01,30.0,60.0,1e-09,1e-12,6,0.0001,1,new simulation,nan
6,18,0.005760267142189357,-0.30000000000000027,-0.3999999999999999,settled,0.7200000000000004,-0.16559933214452666,0.0,2,1,1,nan,0.12,0.28559933214452665,9.81,1,1,11,21,41,-3.0,3.0,0.01,30.0,60.0,1e-09,1e-12,6,0.0001,1,new simulation,nan
6,19,0.005760267142189357,-0.1499999999999999,-0.3999999999999999,settled,0.9100000000000006,-0.16559933214452666,0.0,2,1,1,nan,0.12,0.28559933214452665,9.81,1,1,11,21,41,-3.0,3.0,0.01,30.0,60.0,1e-09,1e-12,6,0.0001,1,new simulation,nan
6,20,0.005760267142189357,0.0,-0.3999999999999999,rolling,10.599999999999818,-0.16400784984627081,1.78858845936396,28,28,0,1.7899272317119708,0.12,0.28559933214452665,9.81,1,1,11,21,41,-3.0,3.0,0.01,30.0,60.0,1e-09,1e-12,6,0.0001,1,new simulation,nan
6,21,0.005760267142189357,0.1499999999999999,-0.3999999999999999,rolling,9.889999999999834,-0.14887888150688877,1.775613296176666,28,28,0,1.7899283364698209,0.12,0.28559933214452665,9.81,1,1,11,21,41,-3.0,3.0,0.01,30.0,60.0,1e-09,1e-12,6,0.0001,1,new simulation,nan
6,22,0.005760267142189357,0.2999999999999998,-0.3999999999999999,rolling,9.659999999999838,-0.16481004937159746,1.7893100139817282,28,28,0,1.7899316466551605,0.12,0.28559933214452665,9.81,1,1,11,21,41,-3.0,3.0,0.01,30.0,60.0,1e-09,1e-12,6,0.0001,1,new simulation,nan
6,23,0.005760267142189357,0.44999999999999973,-0.3999999999999999,rolling,9.509999999999842,-0.16381941352973284,1.7884233390939293,28,28,0,1.7899371628468053,0.12,0.28559933214452665,9.81,1,1,11,21,41,-3.0,3.0,0.01,30.0,60.0,1e-09,1e-12,6,0.0001,1,new simulation,nan
6,24,0.005760267142189357,0.5999999999999996,-0.3999999999999999,rolling,9.389999999999844,-0.15707737928709387,1.7825080542657081,28,28,0,1.7899448857181544,0.12,0.28559933214452665,9.81,1,1,11,21,41,-3.0,3.0,0.01,30.0,60.0,1e-09,1e-12,6,0.0001,1,new simulation,nan
6,25,0.005760267142189357,0.75,-0.3999999999999999,rolling,8.969999999999853,-0.14883840357605144,1.775572378441688,27,27,0,1.7899067408625042,0.12,0.28559933214452665,9.81,1,1,11,21,41,-3.0,3.0,0.01,30.0,60.0,1e-09,1e-12,6,0.0001,1,new simulation,nan
6,26,0.005760267142189357,0.8999999999999999,-0.3999999999999999,rolling,8.859999999999856,-0.1635580835212315,1.7881849969722567,27,27,0,1.7899238900926233,0.12,0.28559933214452665,9.81,1,1,11,21,41,-3.0,3.0,0.01,30.0,60.0,1e-09,1e-12,6,0.0001,1,new simulation,nan
6,27,0.005760267142189357,1.0499999999999998,-0.3999999999999999,rolling,8.769999999999857,-0.1535109205523117,1.7794693389665912,27,27,0,1.789944156015066,0.12,0.28559933214452665,9.81,1,1,11,21,41,-3.0,3.0,0.01,30.0,60.0,1e-09,1e-12,6,0.0001,1,new simulation,nan
6,28,0.005760267142189357,1.2000000000000002,-0.3999999999999999,rolling,8.359999999999866,-0.16212925272890458,1.7869140136413915,26,26,0,1.7899247221925958,0.12,0.28559933214452665,9.81,1,1,11,21,41,-3.0,3.0,0.01,30.0,60.0,1e-09,1e-12,6,0.0001,1,new simulation,nan
6,29,0.005760267142189357,1.3499999999999996,-0.3999999999999999,rolling,7.959999999999875,-0.16046274196832108,1.7854413944590606,25,25,0,1.7899171347144112,0.12,0.28559933214452665,9.81,1,1,11,21,41,-3.0,3.0,0.01,30.0,60.0,1e-09,1e-12,6,0.0001,1,new simulation,nan
6,30,0.005760267142189357,1.5,-0.3999999999999999,rolling,7.559999999999883,-0.16555292519120457,1.7899815240134567,24,24,0,1.7899370635106908,0.12,0.28559933214452665,9.81,1,1,11,21,41,-3.0,3.0,0.01,30.0,60.0,1e-09,1e-12,6,0.0001,1,new simulation,nan
6,31,0.005760267142189357,1.6499999999999995,-0.3999999999999999,rolling,6.229999999999912,-0.15294407701687845,1.778978156995383,20,20,0,1.789904629929442,0.12,0.28559933214452665,9.81,1,1,11,21,41,-3.0,3.0,0.01,30.0,60.0,1e-09,1e-12,6,0.0001,1,new simulation,nan
6,32,0.005760267142189357,1.7999999999999998,-0.3999999999999999,rolling,6.4699999999999065,-0.15009375284885507,1.7767239709143718,21,21,0,1.790238674856574,0.12,0.28559933214452665,9.81,1,1,11,21,41,-3.0,3.0,0.01,30.0,60.0,1e-09,1e-12,6,0.0001,1,new simulation,nan
6,33,0.005760267142189357,1.9500000000000002,-0.3999999999999999,rolling,7.339999999999888,-0.15034617288097937,1.776933191911168,24,24,0,1.790240501960892,0.12,0.28559933214452665,9.81,1,1,11,21,41,-3.0,3.0,0.01,30.0,60.0,1e-09,1e-12,6,0.0001,1,new simulation,nan
6,34,0.005760267142189357,2.0999999999999996,-0.3999999999999999,rolling,7.889999999999876,-0.16533952065679286,1.7898880395362757,26,26,0,1.7902154644442279,0.12,0.28559933214452665,9.81,1,1,11,21,41,-3.0,3.0,0.01,30.0,60.0,1e-09,1e-12,6,0.0001,1,new simulation,nan
6,35,0.005760267142189357,2.25,-0.3999999999999999,rolling,8.139999999999871,-0.1590842261245869,1.7843436364613596,27,27,0,1.7902185015672583,0.12,0.28559933214452665,9.81,1,1,11,21,41,-3.0,3.0,0.01,30.0,60.0,1e-09,1e-12,6,0.0001,1,new simulation,nan
6,36,0.005760267142189357,2.3999999999999995,-0.3999999999999999,rolling,8.389999999999866,-0.1570549015739484,1.7825833778004516,28,28,0,1.7902096447303684,0.12,0.28559933214452665,9.81,1,1,11,21,41,-3.0,3.0,0.01,30.0,60.0,1e-09,1e-12,6,0.0001,1,new simulation,nan
6,37,0.005760267142189357,2.55,-0.3999999999999999,rolling,8.63999999999986,-0.158970622022594,1.7842363102612877,29,29,0,1.7901949427534047,0.12,0.28559933214452665,9.81,1,1,11,21,41,-3.0,3.0,0.01,30.0,60.0,1e-09,1e-12,6,0.0001,1,new simulation,nan
6,38,0.005760267142189357,2.7,-0.3999999999999999,rolling,8.579999999999862,-0.15667465923333332,1.7822609563300147,29,29,0,1.7902222652765207,0.12,0.28559933214452665,9.81,1,1,11,21,41,-3.0,3.0,0.01,30.0,60.0,1e-09,1e-12,6,0.0001,1,new simulation,nan
6,39,0.005760267142189357,2.8499999999999996,-0.3999999999999999,rolling,8.839999999999856,-0.14795273506069465,1.7749535439766921,30,30,0,1.7901985552034165,0.12,0.28559933214452665,9.81,1,1,11,21,41,-3.0,3.0,0.01,30.0,60.0,1e-09,1e-12,6,0.0001,1,new simulation,nan
6,40,0.005760267142189357,3.0,-0.3999999999999999,rolling,8.779999999999857,-0.15238222766829737,1.778619999862155,30,30,0,1.7902201015856471,0.12,0.28559933214452665,9.81,1,1,11,21,41,-3.0,3.0,0.01,30.0,60.0,1e-09,1e-12,6,0.0001,1,new simulation,nan
7,0,0.03432020035664202,-3.0,-0.29999999999999993,settled,2.07,-0.16559933214452666,0.0,5,1,4,nan,0.12,0.28559933214452665,9.81,1,1,11,21,41,-3.0,3.0,0.01,30.0,60.0,1e-09,1e-12,6,0.0001,1,new simulation,nan
7,1,0.03432020035664202,-2.85,-0.29999999999999993,rolling,10.889999999999812,-0.15965452702196878,1.784733252580221,31,28,3,1.7899164023347562,0.12,0.28559933214452665,9.81,1,1,11,21,41,-3.0,3.0,0.01,30.0,60.0,1e-09,1e-12,6,0.0001,1,new simulation,nan
7,2,0.03432020035664202,-2.7,-0.29999999999999993,rolling,10.789999999999814,-0.1502052943611272,1.776695289454267,31,28,3,1.7899019323812269,0.12,0.28559933214452665,9.81,1,1,11,21,41,-3.0,3.0,0.01,30.0,60.0,1e-09,1e-12,6,0.0001,1,new simulation,nan
7,3,0.03432020035664202,-2.55,-0.29999999999999993,rolling,11.199999999999806,-0.1513496455411696,1.7776583889284039,32,29,3,1.789941726403294,0.12,0.28559933214452665,9.81,1,1,11,21,41,-3.0,3.0,0.01,30.0,60.0,1e-09,1e-12,6,0.0001,1,new simulation,nan
7,4,0.03432020035664202,-2.4,-0.29999999999999993,rolling,11.539999999999798,-0.15106503621783668,1.777418513033903,32,29,3,1.7899325927718361,0.12,0.28559933214452665,9.81,1,1,11,21,41,-3.0,3.0,0.01,30.0,60.0,1e-09,1e-12,6,0.0001,1,new simulation,nan
7,5,0.03432020035664202,-2.25,-0.29999999999999993,settled,1.7400000000000013,-0.16559933214452666,0.0,4,1,3,nan,0.12,0.28559933214452665,9.81,1,1,11,21,41,-3.0,3.0,0.01,30.0,60.0,1e-09,1e-12,6,0.0001,1,new simulation,nan
7,6,0.03432020035664202,-2.1,-0.29999999999999993,rolling,10.689999999999817,-0.1528618855474304,1.778913872117509,30,28,2,1.7899178805236566,0.12,0.28559933214452665,9.81,1,1,11,21,41,-3.0,3.0,0.01,30.0,60.0,1e-09,1e-12,6,0.0001,1,new simulation,nan
7,7,0.03432020035664202,-1.95,-0.29999999999999993,rolling,10.52999999999982,-0.1640487281299556,1.7886164237478304,30,28,2,1.7899029606940047,0.12,0.28559933214452665,9.81,1,1,11,21,41,-3.0,3.0,0.01,30.0,60.0,1e-09,1e-12,6,0.0001,1,new simulation,nan
7,8,0.03432020035664202,-1.8,-0.29999999999999993,rolling,10.919999999999812,-0.1497509847508008,1.776334948561998,31,29,2,1.7899423621136588,0.12,0.28559933214452665,9.81,1,1,11,21,41,-3.0,3.0,0.01,30.0,60.0,1e-09,1e-12,6,0.0001,1,new simulation,nan
7,9,0.03432020035664202,-1.6500000000000001,-0.29999999999999993,rolling,11.199999999999806,-0.15466668044691778,1.7804431132738712,31,29,2,1.789933368143964,0.12,0.28559933214452665,9.81,1,1,11,21,41,-3.0,3.0,0.01,30.0,60.0,1e-09,1e-12,6,0.0001,1,new simulation,nan
7,10,0.03432020035664202,-1.5,-0.29999999999999993,settled,1.360000000000001,-0.16559933214452666,0.0,3,1,2,nan,0.12,0.28559933214452665,9.81,1,1,11,21,41,-3.0,3.0,0.01,30.0,60.0,1e-09,1e-12,6,0.0001,1,new simulation,nan
7,11,0.03432020035664202,-1.35,-0.29999999999999993,rolling,10.469999999999821,-0.15782938143953504,1.7831484767793735,29,28,1,1.789921351087024,0.12,0.28559933214452665,9.81,1,1,11,21,41,-3.0,3.0,0.01,30.0,60.0,1e-09,1e-12,6,0.0001,1,new simulation,nan
7,12,0.03432020035664202,-1.2000000000000002,-0.29999999999999993,rolling,10.189999999999827,-0.14949550524584163,1.7761123150867746,29,28,1,1.789908076976623,0.12,0.28559933214452665,9.81,1,1,11,21,41,-3.0,3.0,0.01,30.0,60.0,1e-09,1e-12,6,0.0001,1,new simulation,nan
7,13,0.03432020035664202,-1.05,-0.29999999999999993,rolling,10.459999999999821,-0.15560114364318228,1.781243531382411,30,29,1,1.7899474720764974,0.12,0.28559933214452665,9.81,1,1,11,21,41,-3.0,3.0,0.01,30.0,60.0,1e-09,1e-12,6,0.0001,1,new simulation,nan
7,14,0.03432020035664202,-0.8999999999999999,-0.29999999999999993,rolling,10.50999999999982,-0.16233559078586995,1.7871025243079237,30,29,1,1.789940288604691,0.12,0.28559933214452665,9.81,1,1,11,21,41,-3.0,3.0,0.01,30.0,60.0,1e-09,1e-12,6,0.0001,1,new simulation,nan
7,15,0.03432020035664202,-0.75,-0.29999999999999993,rolling,10.659999999999817,-0.16350787020044896,1.7881438285916438,30,29,1,1.7899342112834604,0.12,0.28559933214452665,9.81,1,1,11,21,41,-3.0,3.0,0.01,30.0,60.0,1e-09,1e-12,6,0.0001,1,new simulation,nan
7,16,0.03432020035664202,-0.6000000000000001,-0.29999999999999993,rolling,11.049999999999809,-0.15047625389308522,1.776929144998601,30,29,1,1.789929236559984,0.12,0.28559933214452665,9.81,1,1,11,21,41,-3.0,3.0,0.01,30.0,60.0,1e-09,1e-12,6,0.0001,1,new simulation,nan
7,17,0.03432020035664202,-0.4500000000000002,-0.29999999999999993,settled,0.7200000000000004,-0.16559933214452666,0.0,2,1,1,nan,0.12,0.28559933214452665,9.81,1,1,11,21,41,-3.0,3.0,0.01,30.0,60.0,1e-09,1e-12,6,0.0001,1,new simulation,nan
7,18,0.03432020035664202,-0.30000000000000027,-0.29999999999999993,settled,0.8300000000000005,-0.16559933214452666,0.0,2,1,1,nan,0.12,0.28559933214452665,9.81,1,1,11,21,41,-3.0,3.0,0.01,30.0,60.0,1e-09,1e-12,6,0.0001,1,new simulation,nan
7,19,0.03432020035664202,-0.1499999999999999,-0.29999999999999993,settled,1.270000000000001,-0.16559933214452666,0.0,2,1,1,nan,0.12,0.28559933214452665,9.81,1,1,11,21,41,-3.0,3.0,0.01,30.0,60.0,1e-09,1e-12,6,0.0001,1,new simulation,nan
7,20,0.03432020035664202,0.0,-0.29999999999999993,rolling,10.03999999999983,-0.15194024480079008,1.7781452790592904,28,28,0,1.7899266814112151,0.12,0.28559933214452665,9.81,1,1,11,21,41,-3.0,3.0,0.01,30.0,60.0,1e-09,1e-12,6,0.0001,1,new simulation,nan
7,21,0.03432020035664202,0.1499999999999999,-0.29999999999999993,rolling,9.749999999999837,-0.16083508482278827,1.7857724118092106,28,28,0,1.789927785768857,0.12,0.28559933214452665,9.81,1,1,11,21,41,-3.0,3.0,0.01,30.0,60.0,1e-09,1e-12,6,0.0001,1,new simulation,nan
7,22,0.03432020035664202,0.2999999999999998,-0.29999999999999993,rolling,9.58999999999984,-0.15356476980017578,1.7795100609516787,28,28,0,1.7899310957243884,0.12,0.28559933214452665,9.81,1,1,11,21,41,-3.0,3.0,0.01,30.0,60.0,1e-09,1e-12,6,0.0001,1,new simulation,nan
7,23,0.03432020035664202,0.44999999999999973,-0.29999999999999993,rolling,9.459999999999843,-0.15807812686521985,1.7833691759296915,28,28,0,1.7899366116602689,0.12,0.28559933214452665,9.81,1,1,11,21,41,-3.0,3.0,0.01,30.0,60.0,1e-09,1e-12,6,0.0001,1,new simulation,nan
7,24,0.03432020035664202,0.5999999999999996,-0.29999999999999993,rolling,9.349999999999845,-0.15571355970106146,1.7813383863347665,28,28,0,1.789944333972346,0.12,0.28559933214452665,9.81,1,1,11,21,41,-3.0,3.0,0.01,30.0,60.0,1e-09,1e-12,6,0.0001,1,new simulation,nan
7,25,0.03432020035664202,0.75,-0.29999999999999993,rolling,8.929999999999854,-0.16126809057155458,1.7861460226394135,27,27,0,1.7899059629278138,0.12,0.28559933214452665,9.81,1,1,11,21,41,-3.0,3.0,0.01,30.0,60.0,1e-09,1e-12,6,0.0001,1,new simulation,nan
7,26,0.03432020035664202,0.8999999999999999,-0.29999999999999993,rolling,8.839999999999856,-0.14973246321252826,1.7763127825045435,27,27,0,1.7899231108628317,0.12,0.28559933214452665,9.81,1,1,11,21,41,-3.0,3.0,0.01,30.0,60.0,1e-09,1e-12,6,0.0001,1,new simulation,nan
7,27,0.03432020035664202,1.0499999999999998,-0.29999999999999993,rolling,8.739999999999858,-0.1642896543999068,1.7888467721407992,27,27,0,1.7899433791983983,0.12,0.28559933214452665,9.81,1,1,11,21,41,-3.0,3.0,0.01,30.0,60.0,1e-09,1e-12,6,0.0001,1,new simulation,nan
7,28,0.03432020035664202,1.2000000000000002,-0.29999999999999993,rolling,8.339999999999867,-0.16018294465221827,1.7851982786812688,26,26,0,1.7899236236616203,0.12,0.28559933214452665,9.81,1,1,11,21,41,-3.0,3.0,0.01,30.0,60.0,1e-09,1e-12,6,0.0001,1,new simulation,nan
7,29,0.03432020035664202,1.3499999999999996,-0.29999999999999993,rolling,7.939999999999875,-0.16252139535120114,1.7872586448400696,25,25,0,1.7899155800616915,0.12,0.28559933214452665,9.81,1,1,11,21,41,-3.0,3.0,0.01,30.0,60.0,1e-09,1e-12,6,0.0001,1,new simulation,nan
7,30,0.03432020035664202,1.5,-0.29999999999999993,rolling,7.5499999999998835,-0.15297877438535312,1.7790181428498024,24,24,0,1.7899348689576577,0.12,0.28559933214452665,9.81,1,1,11,21,41,-3.0,3.0,0.01,30.0,60.0,1e-09,1e-12,6,0.0001,1,new simulation,nan
7,31,0.03432020035664202,1.6499999999999995,-0.29999999999999993,rolling,6.529999999999905,-0.15096566340861428,1.7773412112004792,21,21,0,1.7899471294587113,0.12,0.28559933214452665,9.81,1,1,11,21,41,-3.0,3.0,0.01,30.0,60.0,1e-09,1e-12,6,0.0001,1,new simulation,nan
7,32,0.03432020035664202,1.7999999999999998,-0.29999999999999993,rolling,6.449999999999907,-0.16018938245572467,1.7853141989181216,21,21,0,1.7902324845487658,0.12,0.28559933214452665,9.81,1,1,11,21,41,-3.0,3.0,0.01,30.0,60.0,1e-09,1e-12,6,0.0001,1,new simulation,nan
7,33,0.03432020035664202,1.9500000000000002,-0.29999999999999993,rolling,7.319999999999888,-0.1623207243120481,1.7871956279885224,24,24,0,1.790238307177144,0.12,0.28559933214452665,9.81,1,1,11,21,41,-3.0,3.0,0.01,30.0,60.0,1e-09,1e-12,6,0.0001,1,new simulation,nan
7,34,0.03432020035664202,2.0999999999999996,-0.29999999999999993,rolling,7.879999999999876,-0.16109000866590767,1.7860991146649245,26,26,0,1.7902143668267387,0.12,0.28559933214452665,9.81,1,1,11,21,41,-3.0,3.0,0.01,30.0,60.0,1e-09,1e-12,6,0.0001,1,new simulation,nan
7,35,0.03432020035664202,2.25,-0.29999999999999993,rolling,8.129999999999871,-0.1562471233100299,1.781892602107484,27,27,0,1.7902177233076275,0.12,0.28559933214452665,9.81,1,1,11,21,41,-3.0,3.0,0.01,30.0,60.0,1e-09,1e-12,6,0.0001,1,new simulation,nan
7,36,0.03432020035664202,2.3999999999999995,-0.29999999999999993,rolling,8.379999999999866,-0.15544868656195276,1.7812070916141605,28,28,0,1.7902090952227214,0.12,0.28559933214452665,9.81,1,1,11,21,41,-3.0,3.0,0.01,30.0,60.0,1e-09,1e-12,6,0.0001,1,new simulation,nan
7,37,0.03432020035664202,2.55,-0.29999999999999993,rolling,8.62999999999986,-0.15845167961628218,1.783785174229231,29,29,0,1.7901945538696422,0.12,0.28559933214452665,9.81,1,1,11,21,41,-3.0,3.0,0.01,30.0,60.0,1e-09,1e-12,6,0.0001,1,new simulation,nan
7,38,0.03432020035664202,2.7,-0.29999999999999993,rolling,8.569999999999862,-0.15712650969197378,1.7826494030027407,29,29,0,1.7902218759258286,0.12,0.28559933214452665,9.81,1,1,11,21,41,-3.0,3.0,0.01,30.0,60.0,1e-09,1e-12,6,0.0001,1,new simulation,nan
7,39,0.03432020035664202,2.8499999999999996,-0.29999999999999993,rolling,8.829999999999856,-0.14927035456265675,1.776031381877005,30,30,0,1.7901982791054862,0.12,0.28559933214452665,9.81,1,1,11,21,41,-3.0,3.0,0.01,30.0,60.0,1e-09,1e-12,6,0.0001,1,new simulation,nan
7,40,0.03432020035664202,3.0,-0.29999999999999993,rolling,8.769999999999857,-0.15448768102902943,1.7803938203089438,30,30,0,1.79021982577006,0.12,0.28559933214452665,9.81,1,1,11,21,41,-3.0,3.0,0.01,30.0,60.0,1e-09,1e-12,6,0.0001,1,new simulation,nan
8,0,0.06288013357109468,-3.0,-0.19999999999999996,settled,2.109999999999999,-0.16559933214452666,0.0,5,1,4,nan,0.12,0.28559933214452665,9.81,1,1,11,21,41,-3.0,3.0,0.01,30.0,60.0,1e-09,1e-12,6,0.0001,1,new simulation,nan
8,1,0.06288013357109468,-2.85,-0.19999999999999996,rolling,10.889999999999812,-0.16147127218799412,1.7863288656581942,31,28,3,1.7899159303904868,0.12,0.28559933214452665,9.81,1,1,11,21,41,-3.0,3.0,0.01,30.0,60.0,1e-09,1e-12,6,0.0001,1,new simulation,nan
8,2,0.06288013357109468,-2.7,-0.19999999999999996,rolling,10.799999999999814,-0.15223800966677065,1.7783851065985798,31,28,3,1.7899014594999532,0.12,0.28559933214452665,9.81,1,1,11,21,41,-3.0,3.0,0.01,30.0,60.0,1e-09,1e-12,6,0.0001,1,new simulation,nan
8,3,0.06288013357109468,-2.55,-0.19999999999999996,rolling,11.209999999999805,-0.16542021627976983,1.789863247406946,32,29,3,1.789941391045332,0.12,0.28559933214452665,9.81,1,1,11,21,41,-3.0,3.0,0.01,30.0,60.0,1e-09,1e-12,6,0.0001,1,new simulation,nan
8,4,0.06288013357109468,-2.4,-0.19999999999999996,rolling,11.569999999999798,-0.1610797177753957,1.7859893683655814,32,29,3,1.7899322581359083,0.12,0.28559933214452665,9.81,1,1,11,21,41,-3.0,3.0,0.01,30.0,60.0,1e-09,1e-12,6,0.0001,1,new simulation,nan
8,5,0.06288013357109468,-2.25,-0.19999999999999996,settled,1.7700000000000014,-0.16559933214452666,0.0,4,1,3,nan,0.12,0.28559933214452665,9.81,1,1,11,21,41,-3.0,3.0,0.01,30.0,60.0,1e-09,1e-12,6,0.0001,1,new simulation,nan
8,6,0.06288013357109468,-2.1,-0.19999999999999996,rolling,10.689999999999817,-0.1481489311704815,1.7750124647044818,30,28,2,1.7899172123577907,0.12,0.28559933214452665,9.81,1,1,11,21,41,-3.0,3.0,0.01,30.0,60.0,1e-09,1e-12,6,0.0001,1,new simulation,nan
8,7,0.06288013357109468,-1.95,-0.19999999999999996,rolling,10.54999999999982,-0.15361973543568883,1.7795461008223923,30,28,2,1.7899022916176872,0.12,0.28559933214452665,9.81,1,1,11,21,41,-3.0,3.0,0.01,30.0,60.0,1e-09,1e-12,6,0.0001,1,new simulation,nan
8,8,0.06288013357109468,-1.8,-0.19999999999999996,rolling,10.939999999999811,-0.1564470161510429,1.781965287979612,31,29,2,1.789941890409206,0.12,0.28559933214452665,9.81,1,1,11,21,41,-3.0,3.0,0.01,30.0,60.0,1e-09,1e-12,6,0.0001,1,new simulation,nan
8,9,0.06288013357109468,-1.6500000000000001,-0.19999999999999996,rolling,11.239999999999805,-0.164591846356323,1.789114302839709,31,29,2,1.7899328957524385,0.12,0.28559933214452665,9.81,1,1,11,21,41,-3.0,3.0,0.01,30.0,60.0,1e-09,1e-12,6,0.0001,1,new simulation,nan
8,10,0.06288013357109468,-1.5,-0.19999999999999996,settled,1.400000000000001,-0.16559933214452666,0.0,3,1,2,nan,0.12,0.28559933214452665,9.81,1,1,11,21,41,-3.0,3.0,0.01,30.0,60.0,1e-09,1e-12,6,0.0001,1,new simulation,nan
8,11,0.06288013357109468,-1.35,-0.19999999999999996,rolling,10.449999999999822,-0.1570336419239237,1.7824616510956148,29,28,1,1.7899204060584883,0.12,0.28559933214452665,9.81,1,1,11,21,41,-3.0,3.0,0.01,30.0,60.0,1e-09,1e-12,6,0.0001,1,new simulation,nan
8,12,0.06288013357109468,-1.2000000000000002,-0.19999999999999996,rolling,10.199999999999827,-0.16055781656131968,1.7855213108552601,29,28,1,1.7899071326690061,0.12,0.28559933214452665,9.81,1,1,11,21,41,-3.0,3.0,0.01,30.0,60.0,1e-09,1e-12,6,0.0001,1,new simulation,nan
8,13,0.06288013357109468,-1.05,-0.19999999999999996,rolling,10.48999999999982,-0.15334197578986347,1.7793279427622293,30,29,1,1.7899468038129012,0.12,0.28559933214452665,9.81,1,1,11,21,41,-3.0,3.0,0.01,30.0,60.0,1e-09,1e-12,6,0.0001,1,new simulation,nan
8,14,0.06288013357109468,-0.8999999999999999,-0.19999999999999996,rolling,10.55999999999982,-0.14861584911819584,1.7754019688002247,30,29,1,1.7899396207833889,0.12,0.28559933214452665,9.81,1,1,11,21,41,-3.0,3.0,0.01,30.0,60.0,1e-09,1e-12,6,0.0001,1,new simulation,nan
8,15,0.06288013357109468,-0.75,-0.19999999999999996,rolling,10.729999999999816,-0.1579742532004279,1.7832781561637372,30,29,1,1.7899335415080848,0.12,0.28559933214452665,9.81,1,1,11,21,41,-3.0,3.0,0.01,30.0,60.0,1e-09,1e-12,6,0.0001,1,new simulation,nan
8,16,0.06288013357109468,-0.6000000000000001,-0.19999999999999996,rolling,11.229999999999805,-0.15068425305066385,1.7771011592421084,30,29,1,1.789928569139354,0.12,0.28559933214452665,9.81,1,1,11,21,41,-3.0,3.0,0.01,30.0,60.0,1e-09,1e-12,6,0.0001,1,new simulation,nan
8,17,0.06288013357109468,-0.4500000000000002,-0.19999999999999996,settled,0.8000000000000005,-0.16559933214452666,0.0,2,1,1,nan,0.12,0.28559933214452665,9.81,1,1,11,21,41,-3.0,3.0,0.01,30.0,60.0,1e-09,1e-12,6,0.0001,1,new simulation,nan
8,18,0.06288013357109468,-0.30000000000000027,-0.19999999999999996,settled,1.0100000000000007,-0.16559933214452666,0.0,2,1,1,nan,0.12,0.28559933214452665,9.81,1,1,11,21,41,-3.0,3.0,0.01,30.0,60.0,1e-09,1e-12,6,0.0001,1,new simulation,nan
8,19,0.06288013357109468,-0.1499999999999999,-0.19999999999999996,rolling,10.299999999999825,-0.16277566000697236,1.7874885031198138,28,28,0,1.7899264512692419,0.12,0.28559933214452665,9.81,1,1,11,21,41,-3.0,3.0,0.01,30.0,60.0,1e-09,1e-12,6,0.0001,1,new simulation,nan
8,20,0.06288013357109468,0.0,-0.19999999999999996,rolling,9.849999999999834,-0.15934397945362344,1.7844653218721371,28,28,0,1.7899253474313868,0.12,0.28559933214452665,9.81,1,1,11,21,41,-3.0,3.0,0.01,30.0,60.0,1e-09,1e-12,6,0.0001,1,new simulation,nan
8,21,0.06288013357109468,0.1499999999999999,-0.19999999999999996,rolling,9.659999999999838,-0.16459840384738914,1.7891179002644062,28,28,0,1.789926452087285,0.12,0.28559933214452665,9.81,1,1,11,21,41,-3.0,3.0,0.01,30.0,60.0,1e-09,1e-12,6,0.0001,1,new simulation,nan
8,22,0.06288013357109468,0.2999999999999998,-0.19999999999999996,rolling,9.529999999999841,-0.159944006184444,1.7849911901415942,28,28,0,1.7899297606683457,0.12,0.28559933214452665,9.81,1,1,11,21,41,-3.0,3.0,0.01,30.0,60.0,1e-09,1e-12,6,0.0001,1,new simulation,nan
8,23,0.06288013357109468,0.44999999999999973,-0.19999999999999996,rolling,9.419999999999844,-0.1561604272302414,1.781717304784236,28,28,0,1.7899352768671049,0.12,0.28559933214452665,9.81,1,1,11,21,41,-3.0,3.0,0.01,30.0,60.0,1e-09,1e-12,6,0.0001,1,new simulation,nan
8,24,0.06288013357109468,0.5999999999999996,-0.19999999999999996,rolling,9.319999999999846,-0.15188102593940606,1.7781016869392736,28,28,0,1.7899429999123535,0.12,0.28559933214452665,9.81,1,1,11,21,41,-3.0,3.0,0.01,30.0,60.0,1e-09,1e-12,6,0.0001,1,new simulation,nan
8,25,0.06288013357109468,0.75,-0.19999999999999996,rolling,8.909999999999854,-0.1498490072975241,1.7764020027188858,27,27,0,1.7899040785656684,0.12,0.28559933214452665,9.81,1,1,11,21,41,-3.0,3.0,0.01,30.0,60.0,1e-09,1e-12,6,0.0001,1,new simulation,nan
8,26,0.06288013357109468,0.8999999999999999,-0.19999999999999996,rolling,8.809999999999857,-0.16318959340174366,1.7878552181125336,27,27,0,1.7899212265617386,0.12,0.28559933214452665,9.81,1,1,11,21,41,-3.0,3.0,0.01,30.0,60.0,1e-09,1e-12,6,0.0001,1,new simulation,nan
8,27,0.06288013357109468,1.0499999999999998,-0.19999999999999996,rolling,8.719999999999859,-0.165065375930356,1.7895433466615969,27,27,0,1.7899414921123509,0.12,0.28559933214452665,9.81,1,1,11,21,41,-3.0,3.0,0.01,30.0,60.0,1e-09,1e-12,6,0.0001,1,new simulation,nan
8,28,0.06288013357109468,1.2000000000000002,-0.19999999999999996,rolling,8.319999999999867,-0.16486313620747564,1.7893539657361037,26,26,0,1.7899209584135638,0.12,0.28559933214452665,9.81,1,1,11,21,41,-3.0,3.0,0.01,30.0,60.0,1e-09,1e-12,6,0.0001,1,new simulation,nan
8,29,0.06288013357109468,1.3499999999999996,-0.19999999999999996,rolling,7.929999999999875,-0.15241674729290017,1.7785384206449024,25,25,0,1.7899118160858551,0.12,0.28559933214452665,9.81,1,1,11,21,41,-3.0,3.0,0.01,30.0,60.0,1e-09,1e-12,6,0.0001,1,new simulation,nan
8,30,0.06288013357109468,1.5,-0.19999999999999996,rolling,7.529999999999884,-0.16316870604347145,1.7878395663456192,24,24,0,1.789929548020783,0.12,0.28559933214452665,9.81,1,1,11,21,41,-3.0,3.0,0.01,30.0,60.0,1e-09,1e-12,6,0.0001,1,new simulation,nan
8,31,0.06288013357109468,1.6499999999999995,-0.19999999999999996,rolling,6.509999999999906,-0.16317853318429917,1.7878492425432406,21,21,0,1.7899321175981369,0.12,0.28559933214452665,9.81,1,1,11,21,41,-3.0,3.0,0.01,30.0,60.0,1e-09,1e-12,6,0.0001,1,new simulation,nan
8,32,0.06288013357109468,1.7999999999999998,-0.19999999999999996,rolling,6.439999999999907,-0.15628168555279248,1.78192212608275,21,21,0,1.7902174761206162,0.12,0.28559933214452665,9.81,1,1,11,21,41,-3.0,3.0,0.01,30.0,60.0,1e-09,1e-12,6,0.0001,1,new simulation,nan
8,33,0.06288013357109468,1.9500000000000002,-0.19999999999999996,rolling,7.309999999999889,-0.15987124455934568,1.785035797317095,24,24,0,1.7902329872139109,0.12,0.28559933214452665,9.81,1,1,11,21,41,-3.0,3.0,0.01,30.0,60.0,1e-09,1e-12,6,0.0001,1,new simulation,nan
8,34,0.06288013357109468,2.0999999999999996,-0.19999999999999996,rolling,7.869999999999877,-0.1599046934138704,1.7850574630522305,26,26,0,1.790211702186099,0.12,0.28559933214452665,9.81,1,1,11,21,41,-3.0,3.0,0.01,30.0,60.0,1e-09,1e-12,6,0.0001,1,new simulation,nan
8,35,0.06288013357109468,2.25,-0.19999999999999996,rolling,8.119999999999871,-0.1561664297112001,1.7818228120391018,27,27,0,1.790215838325523,0.12,0.28559933214452665,9.81,1,1,11,21,41,-3.0,3.0,0.01,30.0,60.0,1e-09,1e-12,6,0.0001,1,new simulation,nan
8,36,0.06288013357109468,2.3999999999999995,-0.19999999999999996,rolling,8.369999999999866,-0.1563410645145249,1.7819695388496564,28,28,0,1.7902077601233983,0.12,0.28559933214452665,9.81,1,1,11,21,41,-3.0,3.0,0.01,30.0,60.0,1e-09,1e-12,6,0.0001,1,new simulation,nan
8,37,0.06288013357109468,2.55,-0.19999999999999996,rolling,8.61999999999986,-0.16021336298025687,1.7853213364771048,29,29,0,1.7901936089677395,0.12,0.28559933214452665,9.81,1,1,11,21,41,-3.0,3.0,0.01,30.0,60.0,1e-09,1e-12,6,0.0001,1,new simulation,nan
8,38,0.06288013357109468,2.7,-0.19999999999999996,rolling,8.559999999999862,-0.15966524636807847,1.784851375905085,29,29,0,1.7902209299712581,0.12,0.28559933214452665,9.81,1,1,11,21,41,-3.0,3.0,0.01,30.0,60.0,1e-09,1e-12,6,0.0001,1,new simulation,nan
8,39,0.06288013357109468,2.8499999999999996,-0.19999999999999996,rolling,8.819999999999856,-0.15249968645239584,1.778710312891156,30,30,0,1.7901976115434446,0.12,0.28559933214452665,9.81,1,1,11,21,41,-3.0,3.0,0.01,30.0,60.0,1e-09,1e-12,6,0.0001,1,new simulation,nan
8,40,0.06288013357109468,3.0,-0.19999999999999996,rolling,8.759999999999858,-0.15836219747958288,1.7837163367554072,30,30,0,1.7902191559558858,0.12,0.28559933214452665,9.81,1,1,11,21,41,-3.0,3.0,0.01,30.0,60.0,1e-09,1e-12,6,0.0001,1,new simulation,nan
9,0,0.09144006678554734,-3.0,-0.09999999999999998,settled,2.1699999999999977,-0.16559933214452666,0.0,5,1,4,nan,0.12,0.28559933214452665,9.81,1,1,11,21,41,-3.0,3.0,0.01,30.0,60.0,1e-09,1e-12,6,0.0001,1,new simulation,nan
9,1,0.09144006678554734,-2.85,-0.09999999999999998,rolling,10.889999999999812,-0.1560792505084949,1.781640617820302,31,28,3,1.7899151782137712,0.12,0.28559933214452665,9.81,1,1,11,21,41,-3.0,3.0,0.01,30.0,60.0,1e-09,1e-12,6,0.0001,1,new simulation,nan
9,2,0.09144006678554734,-2.7,-0.09999999999999998,rolling,10.809999999999814,-0.1556277539159986,1.7812495128457326,31,28,3,1.7899007096183661,0.12,0.28559933214452665,9.81,1,1,11,21,41,-3.0,3.0,0.01,30.0,60.0,1e-09,1e-12,6,0.0001,1,new simulation,nan
9,3,0.09144006678554734,-2.55,-0.09999999999999998,rolling,11.239999999999805,-0.15191619090284547,1.7781302776423613,32,29,3,1.7899408594252144,0.12,0.28559933214452665,9.81,1,1,11,21,41,-3.0,3.0,0.01,30.0,60.0,1e-09,1e-12,6,0.0001,1,new simulation,nan
9,4,0.09144006678554734,-2.4,-0.09999999999999998,rolling,11.629999999999797,-0.14876404873260415,1.7755204424693665,32,29,3,1.7899317274468138,0.12,0.28559933214452665,9.81,1,1,11,21,41,-3.0,3.0,0.01,30.0,60.0,1e-09,1e-12,6,0.0001,1,new simulation,nan
9,5,0.09144006678554734,-2.25,-0.09999999999999998,settled,1.8400000000000014,-0.16559933214452666,0.0,4,1,3,nan,0.12,0.28559933214452665,9.81,1,1,11,21,41,-3.0,3.0,0.01,30.0,60.0,1e-09,1e-12,6,0.0001,1,new simulation,nan
9,6,0.09144006678554734,-2.1,-0.09999999999999998,rolling,10.679999999999817,-0.14970832548073565,1.7762904010946607,30,28,2,1.789916149853217,0.12,0.28559933214452665,9.81,1,1,11,21,41,-3.0,3.0,0.01,30.0,60.0,1e-09,1e-12,6,0.0001,1,new simulation,nan
9,7,0.09144006678554734,-1.95,-0.09999999999999998,rolling,10.55999999999982,-0.16207449802725363,1.7868571189568492,30,28,2,1.789901230886142,0.12,0.28559933214452665,9.81,1,1,11,21,41,-3.0,3.0,0.01,30.0,60.0,1e-09,1e-12,6,0.0001,1,new simulation,nan
9,8,0.09144006678554734,-1.8,-0.09999999999999998,rolling,10.96999999999981,-0.15571563748663836,1.7813390190521912,31,29,2,1.789941138424701,0.12,0.28559933214452665,9.81,1,1,11,21,41,-3.0,3.0,0.01,30.0,60.0,1e-09,1e-12,6,0.0001,1,new simulation,nan
9,9,0.09144006678554734,-1.6500000000000001,-0.09999999999999998,rolling,11.309999999999803,-0.16084915003251074,1.7857863409729355,31,29,2,1.7899321438292615,0.12,0.28559933214452665,9.81,1,1,11,21,41,-3.0,3.0,0.01,30.0,60.0,1e-09,1e-12,6,0.0001,1,new simulation,nan
9,10,0.09144006678554734,-1.5,-0.09999999999999998,settled,1.470000000000001,-0.16559933214452666,0.0,3,1,2,nan,0.12,0.28559933214452665,9.81,1,1,11,21,41,-3.0,3.0,0.01,30.0,60.0,1e-09,1e-12,6,0.0001,1,new simulation,nan
9,11,0.09144006678554734,-1.35,-0.09999999999999998,rolling,10.419999999999822,-0.1528081690961422,1.7788691418468991,29,28,1,1.789918907447482,0.12,0.28559933214452665,9.81,1,1,11,21,41,-3.0,3.0,0.01,30.0,60.0,1e-09,1e-12,6,0.0001,1,new simulation,nan
9,12,0.09144006678554734,-1.2000000000000002,-0.09999999999999998,rolling,10.219999999999827,-0.1497672748313973,1.7763351936253973,29,28,1,1.7899056344447821,0.12,0.28559933214452665,9.81,1,1,11,21,41,-3.0,3.0,0.01,30.0,60.0,1e-09,1e-12,6,0.0001,1,new simulation,nan
9,13,0.09144006678554734,-1.05,-0.09999999999999998,rolling,10.51999999999982,-0.1561625177138223,1.7817228371669658,30,29,1,1.7899457419006197,0.12,0.28559933214452665,9.81,1,1,11,21,41,-3.0,3.0,0.01,30.0,60.0,1e-09,1e-12,6,0.0001,1,new simulation,nan
9,14,0.09144006678554734,-0.8999999999999999,-0.09999999999999998,rolling,10.609999999999818,-0.15191790992080054,1.778130885629166,30,29,1,1.7899385581121552,0.12,0.28559933214452665,9.81,1,1,11,21,41,-3.0,3.0,0.01,30.0,60.0,1e-09,1e-12,6,0.0001,1,new simulation,nan
9,15,0.09144006678554734,-0.75,-0.09999999999999998,rolling,10.819999999999814,-0.16516929042186648,1.7896337666703677,30,29,1,1.7899324812789903,0.12,0.28559933214452665,9.81,1,1,11,21,41,-3.0,3.0,0.01,30.0,60.0,1e-09,1e-12,6,0.0001,1,new simulation,nan
9,16,0.09144006678554734,-0.6000000000000001,-0.09999999999999998,rolling,11.799999999999793,-0.16165187469610676,1.7864925306114536,30,29,1,1.7899275071804375,0.12,0.28559933214452665,9.81,1,1,11,21,41,-3.0,3.0,0.01,30.0,60.0,1e-09,1e-12,6,0.0001,1,new simulation,nan
9,17,0.09144006678554734,-0.4500000000000002,-0.09999999999999998,settled,0.9100000000000006,-0.16559933214452666,0.0,2,1,1,nan,0.12,0.28559933214452665,9.81,1,1,11,21,41,-3.0,3.0,0.01,30.0,60.0,1e-09,1e-12,6,0.0001,1,new simulation,nan
9,18,0.09144006678554734,-0.30000000000000027,-0.09999999999999998,settled,1.6300000000000012,-0.16559933214452666,0.0,2,1,1,nan,0.12,0.28559933214452665,9.81,1,1,11,21,41,-3.0,3.0,0.01,30.0,60.0,1e-09,1e-12,6,0.0001,1,new simulation,nan
9,19,0.09144006678554734,-0.1499999999999999,-0.09999999999999998,rolling,9.969999999999832,-0.16535853113926274,1.7898015113873362,28,28,0,1.789924332209804,0.12,0.28559933214452665,9.81,1,1,11,21,41,-3.0,3.0,0.01,30.0,60.0,1e-09,1e-12,6,0.0001,1,new simulation,nan
9,20,0.09144006678554734,0.0,-0.09999999999999998,rolling,9.739999999999837,-0.16395860304400114,1.7885429392835799,28,28,0,1.7899232297160959,0.12,0.28559933214452665,9.81,1,1,11,21,41,-3.0,3.0,0.01,30.0,60.0,1e-09,1e-12,6,0.0001,1,new simulation,nan
9,21,0.09144006678554734,0.1499999999999999,-0.09999999999999998,rolling,9.59999999999984,-0.16216536498606435,1.7869458784243375,28,28,0,1.789924332071921,0.12,0.28559933214452665,9.81,1,1,11,21,41,-3.0,3.0,0.01,30.0,60.0,1e-09,1e-12,6,0.0001,1,new simulation,nan
9,22,0.09144006678554734,0.2999999999999998,-0.09999999999999998,rolling,9.489999999999842,-0.1571435176435,1.782558839951033,28,28,0,1.7899276425732138,0.12,0.28559933214452665,9.81,1,1,11,21,41,-3.0,3.0,0.01,30.0,60.0,1e-09,1e-12,6,0.0001,1,new simulation,nan
9,23,0.09144006678554734,0.44999999999999973,-0.09999999999999998,rolling,9.389999999999844,-0.15453261191660367,1.7803292874076997,28,28,0,1.7899331594026338,0.12,0.28559933214452665,9.81,1,1,11,21,41,-3.0,3.0,0.01,30.0,60.0,1e-09,1e-12,6,0.0001,1,new simulation,nan
9,24,0.09144006678554734,0.5999999999999996,-0.09999999999999998,rolling,9.289999999999846,-0.1617055017157716,1.7865447058227324,28,28,0,1.7899408823228118,0.12,0.28559933214452665,9.81,1,1,11,21,41,-3.0,3.0,0.01,30.0,60.0,1e-09,1e-12,6,0.0001,1,new simulation,nan
9,25,0.09144006678554734,0.75,-0.09999999999999998,rolling,8.889999999999855,-0.14928889668346706,1.7759399498274129,27,27,0,1.78990108475408,0.12,0.28559933214452665,9.81,1,1,11,21,41,-3.0,3.0,0.01,30.0,60.0,1e-09,1e-12,6,0.0001,1,new simulation,nan
9,26,0.09144006678554734,0.8999999999999999,-0.09999999999999998,rolling,8.799999999999857,-0.14992194536722808,1.7764672274938063,27,27,0,1.7899182345526548,0.12,0.28559933214452665,9.81,1,1,11,21,41,-3.0,3.0,0.01,30.0,60.0,1e-09,1e-12,6,0.0001,1,new simulation,nan
9,27,0.09144006678554734,1.0499999999999998,-0.09999999999999998,rolling,8.709999999999859,-0.15547698006971256,1.7811343857300654,27,27,0,1.7899384993272571,0.12,0.28559933214452665,9.81,1,1,11,21,41,-3.0,3.0,0.01,30.0,60.0,1e-09,1e-12,6,0.0001,1,new simulation,nan
9,28,0.09144006678554734,1.2000000000000002,-0.09999999999999998,rolling,8.309999999999867,-0.15806329538596953,1.7833492270905325,26,26,0,1.7899167295174745,0.12,0.28559933214452665,9.81,1,1,11,21,41,-3.0,3.0,0.01,30.0,60.0,1e-09,1e-12,6,0.0001,1,new simulation,nan
9,29,0.09144006678554734,1.3499999999999996,-0.09999999999999998,rolling,7.919999999999876,-0.14782739603238043,1.7747463385099818,25,25,0,1.789905839721773,0.12,0.28559933214452665,9.81,1,1,11,21,41,-3.0,3.0,0.01,30.0,60.0,1e-09,1e-12,6,0.0001,1,new simulation,nan
9,30,0.09144006678554734,1.5,-0.09999999999999998,rolling,7.519999999999884,-0.16031629554853788,1.7853143027455065,24,24,0,1.7899211047344377,0.12,0.28559933214452665,9.81,1,1,11,21,41,-3.0,3.0,0.01,30.0,60.0,1e-09,1e-12,6,0.0001,1,new simulation,nan
9,31,0.09144006678554734,1.6499999999999995,-0.09999999999999998,rolling,6.499999999999906,-0.16177892888416695,1.7865980098973255,21,21,0,1.7899082985761534,0.12,0.28559933214452665,9.81,1,1,11,21,41,-3.0,3.0,0.01,30.0,60.0,1e-09,1e-12,6,0.0001,1,new simulation,nan
9,32,0.09144006678554734,1.7999999999999998,-0.09999999999999998,rolling,6.429999999999907,-0.15611570525571744,1.7817714492593615,21,21,0,1.7901936621239638,0.12,0.28559933214452665,9.81,1,1,11,21,41,-3.0,3.0,0.01,30.0,60.0,1e-09,1e-12,6,0.0001,1,new simulation,nan
9,33,0.09144006678554734,1.9500000000000002,-0.09999999999999998,rolling,7.299999999999889,-0.16076936622357133,1.7858205336339597,24,24,0,1.7902245470178386,0.12,0.28559933214452665,9.81,1,1,11,21,41,-3.0,3.0,0.01,30.0,60.0,1e-09,1e-12,6,0.0001,1,new simulation,nan
9,34,0.09144006678554734,2.0999999999999996,-0.09999999999999998,rolling,7.859999999999877,-0.16172771490839832,1.7866594556113684,26,26,0,1.7902074732018693,0.12,0.28559933214452665,9.81,1,1,11,21,41,-3.0,3.0,0.01,30.0,60.0,1e-09,1e-12,6,0.0001,1,new simulation,nan
9,35,0.09144006678554734,2.25,-0.09999999999999998,rolling,8.109999999999872,-0.15879985873725555,1.7840941515318414,27,27,0,1.7902128448192134,0.12,0.28559933214452665,9.81,1,1,11,21,41,-3.0,3.0,0.01,30.0,60.0,1e-09,1e-12,6,0.0001,1,new simulation,nan
9,36,0.09144006678554734,2.3999999999999995,-0.09999999999999998,rolling,8.359999999999866,-0.1596998366984684,1.7848761464617984,28,28,0,1.7902056427981057,0.12,0.28559933214452665,9.81,1,1,11,21,41,-3.0,3.0,0.01,30.0,60.0,1e-09,1e-12,6,0.0001,1,new simulation,nan
9,37,0.09144006678554734,2.55,-0.09999999999999998,rolling,8.60999999999986,-0.1642313060300706,1.788883076235943,29,29,0,1.7901921107224847,0.12,0.28559933214452665,9.81,1,1,11,21,41,-3.0,3.0,0.01,30.0,60.0,1e-09,1e-12,6,0.0001,1,new simulation,nan
9,38,0.09144006678554734,2.7,-0.09999999999999998,rolling,8.549999999999862,-0.16427255807332897,1.788929802219558,29,29,0,1.7902194335808217,0.12,0.28559933214452665,9.81,1,1,11,21,41,-3.0,3.0,0.01,30.0,60.0,1e-09,1e-12,6,0.0001,1,new simulation,nan
9,39,0.09144006678554734,2.8499999999999996,-0.09999999999999998,rolling,8.809999999999857,-0.1576268668324037,1.7830718450302963,30,30,0,1.7901965504109458,0.12,0.28559933214452665,9.81,1,1,11,21,41,-3.0,3.0,0.01,30.0,60.0,1e-09,1e-12,6,0.0001,1,new simulation,nan
9,40,0.09144006678554734,3.0,-0.09999999999999998,rolling,8.749999999999858,-0.16399595448502324,1.7886814622797342,30,30,0,1.7902180964504006,0.12,0.28559933214452665,9.81,1,1,11,21,41,-3.0,3.0,0.01,30.0,60.0,1e-09,1e-12,6,0.0001,1,new simulation,nan
10,0,0.12,-3.0,0.0,settled,2.299999999999995,-0.16559933214452666,0.0,5,1,4,nan,0.12,0.28559933214452665,9.81,1,1,11,21,41,-3.0,3.0,0.01,30.0,60.0,1e-09,1e-12,6,0.0001,1,new simulation,nan
10,1,0.12,-2.85,0.0,rolling,10.879999999999812,-0.16386370824699265,1.7884547693364856,31,28,3,1.7899141513095929,0.12,0.28559933214452665,9.81,1,1,11,21,41,-3.0,3.0,0.01,30.0,60.0,1e-09,1e-12,6,0.0001,1,new simulation,nan
10,2,0.12,-2.7,0.0,rolling,11.139999999999807,-0.15149436664423196,1.7777817540271592,32,29,3,1.7899498183038756,0.12,0.28559933214452665,9.81,1,1,11,21,41,-3.0,3.0,0.01,30.0,60.0,1e-09,1e-12,6,0.0001,1,new simulation,nan
10,3,0.12,-2.55,0.0,rolling,11.269999999999804,-0.14809058404465814,1.7749731040521017,32,29,3,1.789940132056775,0.12,0.28559933214452665,9.81,1,1,11,21,41,-3.0,3.0,0.01,30.0,60.0,1e-09,1e-12,6,0.0001,1,new simulation,nan
10,4,0.12,-2.4,0.0,rolling,11.699999999999795,-0.16119431053702457,1.7860899031561428,32,29,3,1.789930999247342,0.12,0.28559933214452665,9.81,1,1,11,21,41,-3.0,3.0,0.01,30.0,60.0,1e-09,1e-12,6,0.0001,1,new simulation,nan
10,5,0.12,-2.25,0.0,settled,1.9400000000000015,-0.16559933214452666,0.0,4,1,3,nan,0.12,0.28559933214452665,9.81,1,1,11,21,41,-3.0,3.0,0.01,30.0,60.0,1e-09,1e-12,6,0.0001,1,new simulation,nan
10,6,0.12,-2.1,0.0,rolling,10.659999999999817,-0.16318899444413962,1.7878523571252822,30,28,2,1.78991469902477,0.12,0.28559933214452665,9.81,1,1,11,21,41,-3.0,3.0,0.01,30.0,60.0,1e-09,1e-12,6,0.0001,1,new simulation,nan
10,7,0.12,-1.95,0.0,rolling,10.889999999999812,-0.1636769983538289,1.7883005223788082,31,29,2,1.7899498876121755,0.12,0.28559933214452665,9.81,1,1,11,21,41,-3.0,3.0,0.01,30.0,60.0,1e-09,1e-12,6,0.0001,1,new simulation,nan
10,8,0.12,-1.8,0.0,rolling,11.00999999999981,-0.1506229447883541,1.7770545051809021,31,29,2,1.7899401120527656,0.12,0.28559933214452665,9.81,1,1,11,21,41,-3.0,3.0,0.01,30.0,60.0,1e-09,1e-12,6,0.0001,1,new simulation,nan
10,9,0.12,-1.6500000000000001,0.0,rolling,11.409999999999801,-0.16362919275269056,1.7882511053503614,31,29,2,1.7899311171834047,0.12,0.28559933214452665,9.81,1,1,11,21,41,-3.0,3.0,0.01,30.0,60.0,1e-09,1e-12,6,0.0001,1,new simulation,nan
10,10,0.12,-1.5,0.0,settled,1.5800000000000012,-0.16559933214452666,0.0,3,1,2,nan,0.12,0.28559933214452665,9.81,1,1,11,21,41,-3.0,3.0,0.01,30.0,60.0,1e-09,1e-12,6,0.0001,1,new simulation,nan
10,11,0.12,-1.35,0.0,rolling,10.379999999999823,-0.16179838240030459,1.786618269005432,29,28,1,1.7899168565687857,0.12,0.28559933214452665,9.81,1,1,11,21,41,-3.0,3.0,0.01,30.0,60.0,1e-09,1e-12,6,0.0001,1,new simulation,nan
10,12,0.12,-1.2000000000000002,0.0,rolling,10.229999999999826,-0.15715885693894552,1.7825634501746568,29,28,1,1.7899035823749836,0.12,0.28559933214452665,9.81,1,1,11,21,41,-3.0,3.0,0.01,30.0,60.0,1e-09,1e-12,6,0.0001,1,new simulation,nan
10,13,0.12,-1.05,0.0,rolling,10.55999999999982,-0.15071575799656314,1.7771329064741561,30,29,1,1.7899442907273955,0.12,0.28559933214452665,9.81,1,1,11,21,41,-3.0,3.0,0.01,30.0,60.0,1e-09,1e-12,6,0.0001,1,new simulation,nan
10,14,0.12,-0.8999999999999999,0.0,rolling,10.669999999999817,-0.16338179636049296,1.7880323101417877,30,29,1,1.789937107167175,0.12,0.28559933214452665,9.81,1,1,11,21,41,-3.0,3.0,0.01,30.0,60.0,1e-09,1e-12,6,0.0001,1,new simulation,nan
10,15,0.12,-0.75,0.0,rolling,10.96999999999981,-0.15165813330879066,1.7779114661715811,30,29,1,1.7899310278378815,0.12,0.28559933214452665,9.81,1,1,11,21,41,-3.0,3.0,0.01,30.0,60.0,1e-09,1e-12,6,0.0001,1,new simulation,nan
10,16,0.12,-0.6000000000000001,0.0,settled,0.8700000000000006,-0.16559933214452666,0.0,2,1,1,nan,0.12,0.28559933214452665,9.81,1,1,11,21,41,-3.0,3.0,0.01,30.0,60.0,1e-09,1e-12,6,0.0001,1,new simulation,nan
10,17,0.12,-0.4500000000000002,0.0,settled,1.1300000000000008,-0.16559933214452666,0.0,2,1,1,nan,0.12,0.28559933214452665,9.81,1,1,11,21,41,-3.0,3.0,0.01,30.0,60.0,1e-09,1e-12,6,0.0001,1,new simulation,nan
10,18,0.12,-0.30000000000000027,0.0,rolling,10.159999999999828,-0.158076812760859,1.7833637952281467,28,28,0,1.7899247439767982,0.12,0.28559933214452665,9.81,1,1,11,21,41,-3.0,3.0,0.01,30.0,60.0,1e-09,1e-12,6,0.0001,1,new simulation,nan
10,19,0.12,-0.1499999999999999,0.0,rolling,9.829999999999835,-0.15824278012185145,1.783506400238268,28,28,0,1.789921433619963,0.12,0.28559933214452665,9.81,1,1,11,21,41,-3.0,3.0,0.01,30.0,60.0,1e-09,1e-12,6,0.0001,1,new simulation,nan
10,20,0.12,0.0,0.0,rolling,9.669999999999838,-0.16479782258825515,1.7892949861255618,28,28,0,1.7899203305834062,0.12,0.28559933214452665,9.81,1,1,11,21,41,-3.0,3.0,0.01,30.0,60.0,1e-09,1e-12,6,0.0001,1,new simulation,nan
10,21,0.12,0.1499999999999999,0.0,rolling,9.55999999999984,-0.15744136346078685,1.7828133655716174,28,28,0,1.7899214339349072,0.12,0.28559933214452665,9.81,1,1,11,21,41,-3.0,3.0,0.01,30.0,60.0,1e-09,1e-12,6,0.0001,1,new simulation,nan
10,22,0.12,0.2999999999999998,0.0,rolling,9.459999999999843,-0.15834299494269086,1.7835944706269742,28,28,0,1.7899247438119879,0.12,0.28559933214452665,9.81,1,1,11,21,41,-3.0,3.0,0.01,30.0,60.0,1e-09,1e-12,6,0.0001,1,new simulation,nan
10,23,0.12,0.44999999999999973,0.0,rolling,9.369999999999845,-0.15125532815519122,1.777575822871498,28,28,0,1.7899302602485996,0.12,0.28559933214452665,9.81,1,1,11,21,41,-3.0,3.0,0.01,30.0,60.0,1e-09,1e-12,6,0.0001,1,new simulation,nan
10,24,0.12,0.5999999999999996,0.0,rolling,9.279999999999847,-0.14863100528223755,1.7754137821200602,28,28,0,1.7899379833828275,0.12,0.28559933214452665,9.81,1,1,11,21,41,-3.0,3.0,0.01,30.0,60.0,1e-09,1e-12,6,0.0001,1,new simulation,nan
10,25,0.12,0.75,0.0,rolling,9.189999999999849,-0.14922283964053062,1.7759024958019312,28,28,0,1.7899479118210744,0.12,0.28559933214452665,9.81,1,1,11,21,41,-3.0,3.0,0.01,30.0,60.0,1e-09,1e-12,6,0.0001,1,new simulation,nan
10,26,0.12,0.8999999999999999,0.0,rolling,8.779999999999857,-0.16311074501391037,1.7877824165010265,27,27,0,1.789914136482394,0.12,0.28559933214452665,9.81,1,1,11,21,41,-3.0,3.0,0.01,30.0,60.0,1e-09,1e-12,6,0.0001,1,new simulation,nan
10,27,0.12,1.0499999999999998,0.0,rolling,8.699999999999859,-0.15321021661499598,1.7792125896359219,27,27,0,1.7899344030804099,0.12,0.28559933214452665,9.81,1,1,11,21,41,-3.0,3.0,0.01,30.0,60.0,1e-09,1e-12,6,0.0001,1,new simulation,nan
10,28,0.12,1.2000000000000002,0.0,rolling,8.299999999999867,-0.15753197553460066,1.782887810123255,26,26,0,1.7899109404725728,0.12,0.28559933214452665,9.81,1,1,11,21,41,-3.0,3.0,0.01,30.0,60.0,1e-09,1e-12,6,0.0001,1,new simulation,nan
10,29,0.12,1.3499999999999996,0.0,rolling,8.21999999999987,-0.1565591677659515,1.782063842053762,26,26,0,1.7899483901784772,0.12,0.28559933214452665,9.81,1,1,11,21,41,-3.0,3.0,0.01,30.0,60.0,1e-09,1e-12,6,0.0001,1,new simulation,nan
10,30,0.12,1.5,0.0,rolling,7.509999999999884,-0.16220437302464344,1.7869751859320608,24,24,0,1.789909548114408,0.12,0.28559933214452665,9.81,1,1,11,21,41,-3.0,3.0,0.01,30.0,60.0,1e-09,1e-12,6,0.0001,1,new simulation,nan
10,31,0.12,1.6499999999999995,0.0,rolling,6.809999999999899,-0.15466550151739145,1.7804419231321718,22,22,0,1.789932840641107,0.12,0.28559933214452665,9.81,1,1,11,21,41,-3.0,3.0,0.01,30.0,60.0,1e-09,1e-12,6,0.0001,1,new simulation,nan
10,32,0.12,1.7999999999999998,0.0,rolling,6.109999999999914,-0.15174366356928076,1.7780785523347942,20,20,0,1.790198170986551,0.12,0.28559933214452665,9.81,1,1,11,21,41,-3.0,3.0,0.01,30.0,60.0,1e-09,1e-12,6,0.0001,1,new simulation,nan
10,33,0.12,1.9500000000000002,0.0,rolling,7.289999999999889,-0.16498503942280102,1.7895677037756559,24,24,0,1.790212990385197,0.12,0.28559933214452665,9.81,1,1,11,21,41,-3.0,3.0,0.01,30.0,60.0,1e-09,1e-12,6,0.0001,1,new simulation,nan
10,34,0.12,2.0999999999999996,0.0,rolling,7.859999999999877,-0.14870662141308724,1.7755703354436794,26,26,0,1.7902016856061351,0.12,0.28559933214452665,9.81,1,1,11,21,41,-3.0,3.0,0.01,30.0,60.0,1e-09,1e-12,6,0.0001,1,new simulation,nan
10,35,0.12,2.25,0.0,rolling,8.099999999999872,-0.16413256818039257,1.7888005035837655,27,27,0,1.7902087502798985,0.12,0.28559933214452665,9.81,1,1,11,21,41,-3.0,3.0,0.01,30.0,60.0,1e-09,1e-12,6,0.0001,1,new simulation,nan
10,36,0.12,2.3999999999999995,0.0,rolling,8.349999999999866,-0.16551509052988075,1.7900419642852854,28,28,0,1.7902027447282896,0.12,0.28559933214452665,9.81,1,1,11,21,41,-3.0,3.0,0.01,30.0,60.0,1e-09,1e-12,6,0.0001,1,new simulation,nan
10,37,0.12,2.55,0.0,rolling,8.289999999999868,-0.16255624659514661,1.787404992504982,28,28,0,1.7902391440612542,0.12,0.28559933214452665,9.81,1,1,11,21,41,-3.0,3.0,0.01,30.0,60.0,1e-09,1e-12,6,0.0001,1,new simulation,nan
10,38,0.12,2.7,0.0,rolling,8.549999999999862,-0.15307583108255773,1.7792009353505776,29,29,0,1.7902173802680978,0.12,0.28559933214452665,9.81,1,1,11,21,41,-3.0,3.0,0.01,30.0,60.0,1e-09,1e-12,6,0.0001,1,new simulation,nan
10,39,0.12,2.8499999999999996,0.0,rolling,8.799999999999857,-0.16465071074328308,1.789260607054613,30,30,0,1.7901950995274991,0.12,0.28559933214452665,9.81,1,1,11,21,41,-3.0,3.0,0.01,30.0,60.0,1e-09,1e-12,6,0.0001,1,new simulation,nan
10,40,0.12,3.0,0.0,rolling,8.749999999999858,-0.15351649917584817,1.77957164570155,30,30,0,1.7902166462011049,0.12,0.28559933214452665,9.81,1,1,11,21,41,-3.0,3.0,0.01,30.0,60.0,1e-09,1e-12,6,0.0001,1,new simulation,nan
11,0,0.14855993321445266,-3.0,0.09999999999999998,settled,2.5899999999999888,-0.16559933214452666,0.0,5,1,4,nan,0.12,0.28559933214452665,9.81,1,1,11,21,41,-3.0,3.0,0.01,30.0,60.0,1e-09,1e-12,6,0.0001,1,new simulation,nan
11,1,0.14855993321445266,-2.85,0.09999999999999998,rolling,10.879999999999812,-0.15194586266110888,1.778145011172863,31,28,3,1.7899128477410242,0.12,0.28559933214452665,9.81,1,1,11,21,41,-3.0,3.0,0.01,30.0,60.0,1e-09,1e-12,6,0.0001,1,new simulation,nan
11,2,0.14855993321445266,-2.7,0.09999999999999998,rolling,11.149999999999807,-0.1609041939342318,1.7858407550527025,32,29,3,1.78994889670171,0.12,0.28559933214452665,9.81,1,1,11,21,41,-3.0,3.0,0.01,30.0,60.0,1e-09,1e-12,6,0.0001,1,new simulation,nan
11,3,0.14855993321445266,-2.55,0.09999999999999998,rolling,11.299999999999804,-0.15626278834558666,1.7818063915618014,32,29,3,1.7899392099775042,0.12,0.28559933214452665,9.81,1,1,11,21,41,-3.0,3.0,0.01,30.0,60.0,1e-09,1e-12,6,0.0001,1,new simulation,nan
11,4,0.14855993321445266,-2.4,0.09999999999999998,rolling,11.819999999999792,-0.15216060518064894,1.7783306267710621,32,29,3,1.7899300761623957,0.12,0.28559933214452665,9.81,1,1,11,21,41,-3.0,3.0,0.01,30.0,60.0,1e-09,1e-12,6,0.0001,1,new simulation,nan
11,5,0.14855993321445266,-2.25,0.09999999999999998,settled,2.1699999999999977,-0.16559933214452666,0.0,4,1,3,nan,0.12,0.28559933214452665,9.81,1,1,11,21,41,-3.0,3.0,0.01,30.0,60.0,1e-09,1e-12,6,0.0001,1,new simulation,nan
11,6,0.14855993321445266,-2.1,0.09999999999999998,rolling,10.649999999999817,-0.1584565897071059,1.7836887740862588,30,28,2,1.7899128565537212,0.12,0.28559933214452665,9.81,1,1,11,21,41,-3.0,3.0,0.01,30.0,60.0,1e-09,1e-12,6,0.0001,1,new simulation,nan
11,7,0.14855993321445266,-1.95,0.09999999999999998,rolling,10.909999999999812,-0.16298440295375646,1.7876821586701548,31,29,2,1.7899485852429606,0.12,0.28559933214452665,9.81,1,1,11,21,41,-3.0,3.0,0.01,30.0,60.0,1e-09,1e-12,6,0.0001,1,new simulation,nan
11,8,0.14855993321445266,-1.8,0.09999999999999998,rolling,11.049999999999809,-0.16385871935218282,1.7884590906806463,31,29,2,1.7899388064911947,0.12,0.28559933214452665,9.81,1,1,11,21,41,-3.0,3.0,0.01,30.0,60.0,1e-09,1e-12,6,0.0001,1,new simulation,nan
11,9,0.14855993321445266,-1.6500000000000001,0.09999999999999998,rolling,11.579999999999798,-0.1531649295284064,1.7791728419123247,31,29,2,1.7899298130076928,0.12,0.28559933214452665,9.81,1,1,11,21,41,-3.0,3.0,0.01,30.0,60.0,1e-09,1e-12,6,0.0001,1,new simulation,nan
11,10,0.14855993321445266,-1.5,0.09999999999999998,settled,1.8400000000000014,-0.16559933214452666,0.0,3,1,2,nan,0.12,0.28559933214452665,9.81,1,1,11,21,41,-3.0,3.0,0.01,30.0,60.0,1e-09,1e-12,6,0.0001,1,new simulation,nan
11,11,0.14855993321445266,-1.35,0.09999999999999998,rolling,10.349999999999824,-0.16002104863798908,1.7850531016463076,29,28,1,1.7899142523565532,0.12,0.28559933214452665,9.81,1,1,11,21,41,-3.0,3.0,0.01,30.0,60.0,1e-09,1e-12,6,0.0001,1,new simulation,nan
11,12,0.14855993321445266,-1.2000000000000002,0.09999999999999998,rolling,10.249999999999826,-0.1524345525087933,1.7785494496790455,29,28,1,1.7899009792370857,0.12,0.28559933214452665,9.81,1,1,11,21,41,-3.0,3.0,0.01,30.0,60.0,1e-09,1e-12,6,0.0001,1,new simulation,nan
11,13,0.14855993321445266,-1.05,0.09999999999999998,rolling,10.599999999999818,-0.16140444966986311,1.7862793397435308,30,29,1,1.7899424488664906,0.12,0.28559933214452665,9.81,1,1,11,21,41,-3.0,3.0,0.01,30.0,60.0,1e-09,1e-12,6,0.0001,1,new simulation,nan
11,14,0.14855993321445266,-0.8999999999999999,0.09999999999999998,rolling,10.759999999999815,-0.1637707622652322,1.7883791457996578,30,29,1,1.789935264728426,0.12,0.28559933214452665,9.81,1,1,11,21,41,-3.0,3.0,0.01,30.0,60.0,1e-09,1e-12,6,0.0001,1,new simulation,nan
11,15,0.14855993321445266,-0.75,0.09999999999999998,rolling,11.229999999999805,-0.15371112650231272,1.7796328445030443,30,29,1,1.7899291856125246,0.12,0.28559933214452665,9.81,1,1,11,21,41,-3.0,3.0,0.01,30.0,60.0,1e-09,1e-12,6,0.0001,1,new simulation,nan
11,16,0.14855993321445266,-0.6000000000000001,0.09999999999999998,settled,0.9900000000000007,-0.16559933214452666,0.0,2,1,1,nan,0.12,0.28559933214452665,9.81,1,1,11,21,41,-3.0,3.0,0.01,30.0,60.0,1e-09,1e-12,6,0.0001,1,new simulation,nan
11,17,0.14855993321445266,-0.4500000000000002,0.09999999999999998,rolling,10.669999999999817,-0.1563206394919747,1.7818514519032507,28,28,0,1.7899265812566112,0.12,0.28559933214452665,9.81,1,1,11,21,41,-3.0,3.0,0.01,30.0,60.0,1e-09,1e-12,6,0.0001,1,new simulation,nan
11,18,0.14855993321445266,-0.30000000000000027,0.09999999999999998,rolling,9.929999999999833,-0.16291555927455761,1.787611058471372,28,28,0,1.7899210646519146,0.12,0.28559933214452665,9.81,1,1,11,21,41,-3.0,3.0,0.01,30.0,60.0,1e-09,1e-12,6,0.0001,1,new simulation,nan
11,19,0.14855993321445266,-0.1499999999999999,0.09999999999999998,rolling,9.749999999999837,-0.15150266377958727,1.7777771718619277,28,28,0,1.7899177556034358,0.12,0.28559933214452665,9.81,1,1,11,21,41,-3.0,3.0,0.01,30.0,60.0,1e-09,1e-12,6,0.0001,1,new simulation,nan
11,20,0.14855993321445266,0.0,0.09999999999999998,rolling,9.62999999999984,-0.15575626113070773,1.7813649583282671,28,28,0,1.7899166523668377,0.12,0.28559933214452665,9.81,1,1,11,21,41,-3.0,3.0,0.01,30.0,60.0,1e-09,1e-12,6,0.0001,1,new simulation,nan
11,21,0.14855993321445266,0.1499999999999999,0.09999999999999998,rolling,9.529999999999841,-0.16179993967658937,1.7866199690094495,28,28,0,1.789917755870368,0.12,0.28559933214452665,9.81,1,1,11,21,41,-3.0,3.0,0.01,30.0,60.0,1e-09,1e-12,6,0.0001,1,new simulation,nan
11,22,0.14855993321445266,0.2999999999999998,0.09999999999999998,rolling,9.439999999999843,-0.16130899804927923,1.7861874908430238,28,28,0,1.7899210647538828,0.12,0.28559933214452665,9.81,1,1,11,21,41,-3.0,3.0,0.01,30.0,60.0,1e-09,1e-12,6,0.0001,1,new simulation,nan
11,23,0.14855993321445266,0.44999999999999973,0.09999999999999998,rolling,9.349999999999845,-0.16331118258442795,1.787965555190649,28,28,0,1.789926581088592,0.12,0.28559933214452665,9.81,1,1,11,21,41,-3.0,3.0,0.01,30.0,60.0,1e-09,1e-12,6,0.0001,1,new simulation,nan
11,24,0.14855993321445266,0.5999999999999996,0.09999999999999998,rolling,9.269999999999847,-0.1479768994264137,1.7748783358204812,28,28,0,1.7899343050198182,0.12,0.28559933214452665,9.81,1,1,11,21,41,-3.0,3.0,0.01,30.0,60.0,1e-09,1e-12,6,0.0001,1,new simulation,nan
11,25,0.14855993321445266,0.75,0.09999999999999998,rolling,9.179999999999849,-0.15147659533494848,1.7777649536181015,28,28,0,1.7899442345699699,0.12,0.28559933214452665,9.81,1,1,11,21,41,-3.0,3.0,0.01,30.0,60.0,1e-09,1e-12,6,0.0001,1,new simulation,nan
11,26,0.14855993321445266,0.8999999999999999,0.09999999999999998,rolling,8.779999999999857,-0.14926367893475959,1.775922052817316,27,27,0,1.7899089393623484,0.12,0.28559933214452665,9.81,1,1,11,21,41,-3.0,3.0,0.01,30.0,60.0,1e-09,1e-12,6,0.0001,1,new simulation,nan
11,27,0.14855993321445266,1.0499999999999998,0.09999999999999998,rolling,8.68999999999986,-0.15823357333098795,1.7835011970929258,27,27,0,1.7899292058571448,0.12,0.28559933214452665,9.81,1,1,11,21,41,-3.0,3.0,0.01,30.0,60.0,1e-09,1e-12,6,0.0001,1,new simulation,nan
11,28,0.14855993321445266,1.2000000000000002,0.09999999999999998,rolling,8.289999999999868,-0.16326360239884385,1.7879149238791459,26,26,0,1.789903596447626,0.12,0.28559933214452665,9.81,1,1,11,21,41,-3.0,3.0,0.01,30.0,60.0,1e-09,1e-12,6,0.0001,1,new simulation,nan
11,29,0.14855993321445266,1.3499999999999996,0.09999999999999998,rolling,8.20999999999987,-0.16279002555880742,1.7875064858956629,26,26,0,1.7899410455426021,0.12,0.28559933214452665,9.81,1,1,11,21,41,-3.0,3.0,0.01,30.0,60.0,1e-09,1e-12,6,0.0001,1,new simulation,nan
11,30,0.14855993321445266,1.5,0.09999999999999998,rolling,7.819999999999878,-0.15892909176134887,1.784111380708866,25,25,0,1.7899464223575288,0.12,0.28559933214452665,9.81,1,1,11,21,41,-3.0,3.0,0.01,30.0,60.0,1e-09,1e-12,6,0.0001,1,new simulation,nan
11,31,0.14855993321445266,1.6499999999999995,0.09999999999999998,rolling,6.7999999999998995,-0.1616048766057229,1.7864424569876247,22,22,0,1.7899035624717863,0.12,0.28559933214452665,9.81,1,1,11,21,41,-3.0,3.0,0.01,30.0,60.0,1e-09,1e-12,6,0.0001,1,new simulation,nan
11,32,0.14855993321445266,1.7999999999999998,0.09999999999999998,rolling,5.469999999999928,-0.1609603974875451,1.785982704793864,18,18,0,1.7902080088476087,0.12,0.28559933214452665,9.81,1,1,11,21,41,-3.0,3.0,0.01,30.0,60.0,1e-09,1e-12,6,0.0001,1,new simulation,nan
11,33,0.14855993321445266,1.9500000000000002,0.09999999999999998,rolling,7.289999999999889,-0.15464829223601828,1.7805223628031361,24,24,0,1.7901983310698892,0.12,0.28559933214452665,9.81,1,1,11,21,41,-3.0,3.0,0.01,30.0,60.0,1e-09,1e-12,6,0.0001,1,new simulation,nan
11,34,0.14855993321445266,2.0999999999999996,0.09999999999999998,rolling,7.849999999999877,-0.15644899106454124,1.7820572812918933,26,26,0,1.7901943433031733,0.12,0.28559933214452665,9.81,1,1,11,21,41,-3.0,3.0,0.01,30.0,60.0,1e-09,1e-12,6,0.0001,1,new simulation,nan
11,35,0.14855993321445266,2.25,0.09999999999999998,rolling,8.099999999999872,-0.1542971713964412,1.7802265604721146,27,27,0,1.7902035528187088,0.12,0.28559933214452665,9.81,1,1,11,21,41,-3.0,3.0,0.01,30.0,60.0,1e-09,1e-12,6,0.0001,1,new simulation,nan
11,36,0.14855993321445266,2.3999999999999995,0.09999999999999998,rolling,8.349999999999866,-0.15590488736413202,1.7815930247301113,28,28,0,1.7901990653287996,0.12,0.28559933214452665,9.81,1,1,11,21,41,-3.0,3.0,0.01,30.0,60.0,1e-09,1e-12,6,0.0001,1,new simulation,nan
11,37,0.14855993321445266,2.55,0.09999999999999998,rolling,8.289999999999868,-0.15318229358401184,1.7792969510278318,28,28,0,1.7902354667200828,0.12,0.28559933214452665,9.81,1,1,11,21,41,-3.0,3.0,0.01,30.0,60.0,1e-09,1e-12,6,0.0001,1,new simulation,nan
11,38,0.14855993321445266,2.7,0.09999999999999998,rolling,8.539999999999862,-0.16174858740563758,1.7866805178657295,29,29,0,1.7902147789739749,0.12,0.28559933214452665,9.81,1,1,11,21,41,-3.0,3.0,0.01,30.0,60.0,1e-09,1e-12,6,0.0001,1,new simulation,nan
11,39,0.14855993321445266,2.8499999999999996,0.09999999999999998,rolling,8.799999999999857,-0.1556904163650449,1.781407690592106,30,30,0,1.790193256444087,0.12,0.28559933214452665,9.81,1,1,11,21,41,-3.0,3.0,0.01,30.0,60.0,1e-09,1e-12,6,0.0001,1,new simulation,nan
11,40,0.14855993321445266,3.0,0.09999999999999998,rolling,8.739999999999858,-0.16260075386919443,1.7874358484697563,30,30,0,1.7902148022452684,0.12,0.28559933214452665,9.81,1,1,11,21,41,-3.0,3.0,0.01,30.0,60.0,1e-09,1e-12,6,0.0001,1,new simulation,nan
12,0,0.17711986642890537,-3.0,0.20000000000000015,rolling,11.709999999999795,-0.1598397115673014,1.7848987734875459,31,28,3,1.7899265198117795,0.12,0.28559933214452665,9.81,1,1,11,21,41,-3.0,3.0,0.01,30.0,60.0,1e-09,1e-12,6,0.0001,1,new simulation,nan
12,1,0.17711986642890537,-2.85,0.20000000000000015,rolling,10.869999999999813,-0.1587644905266818,1.7839556533959224,31,28,3,1.789911269116902,0.12,0.28559933214452665,9.81,1,1,11,21,41,-3.0,3.0,0.01,30.0,60.0,1e-09,1e-12,6,0.0001,1,new simulation,nan
12,2,0.17711986642890537,-2.7,0.20000000000000015,rolling,11.169999999999806,-0.15783466643803062,1.7831624924989582,32,29,3,1.789947779385763,0.12,0.28559933214452665,9.81,1,1,11,21,41,-3.0,3.0,0.01,30.0,60.0,1e-09,1e-12,6,0.0001,1,new simulation,nan
12,3,0.17711986642890537,-2.55,0.20000000000000015,rolling,11.339999999999803,-0.16221473235026054,1.78699455039507,32,29,3,1.7899380927249726,0.12,0.28559933214452665,9.81,1,1,11,21,41,-3.0,3.0,0.01,30.0,60.0,1e-09,1e-12,6,0.0001,1,new simulation,nan
12,4,0.17711986642890537,-2.4,0.20000000000000015,rolling,12.009999999999788,-0.15531207631944377,1.780990396516723,32,29,3,1.7899289589247003,0.12,0.28559933214452665,9.81,1,1,11,21,41,-3.0,3.0,0.01,30.0,60.0,1e-09,1e-12,6,0.0001,1,new simulation,nan
12,5,0.17711986642890537,-2.25,0.20000000000000015,rolling,11.559999999999798,-0.15937390844188126,1.784491896044615,30,28,2,1.7899266506389504,0.12,0.28559933214452665,9.81,1,1,11,21,41,-3.0,3.0,0.01,30.0,60.0,1e-09,1e-12,6,0.0001,1,new simulation,nan
12,6,0.17711986642890537,-2.1,0.20000000000000015,rolling,10.639999999999818,-0.15820696191175754,1.7834714954956234,30,28,2,1.7899106264028324,0.12,0.28559933214452665,9.81,1,1,11,21,41,-3.0,3.0,0.01,30.0,60.0,1e-09,1e-12,6,0.0001,1,new simulation,nan
12,7,0.17711986642890537,-1.95,0.20000000000000015,rolling,10.939999999999811,-0.15346191979512636,1.779429057737283,31,29,2,1.7899470053201492,0.12,0.28559933214452665,9.81,1,1,11,21,41,-3.0,3.0,0.01,30.0,60.0,1e-09,1e-12,6,0.0001,1,new simulation,nan
12,8,0.17711986642890537,-1.8,0.20000000000000015,rolling,11.119999999999807,-0.1498399993761448,1.776406470966625,31,29,2,1.7899372303225716,0.12,0.28559933214452665,9.81,1,1,11,21,41,-3.0,3.0,0.01,30.0,60.0,1e-09,1e-12,6,0.0001,1,new simulation,nan
12,9,0.17711986642890537,-1.6500000000000001,0.20000000000000015,rolling,11.92999999999979,-0.15244241260981883,1.7785657998994335,31,29,2,1.7899282354996906,0.12,0.28559933214452665,9.81,1,1,11,21,41,-3.0,3.0,0.01,30.0,60.0,1e-09,1e-12,6,0.0001,1,new simulation,nan
12,10,0.17711986642890537,-1.5,0.20000000000000015,rolling,11.01999999999981,-0.16183478510770416,1.7866537115924308,29,28,1,1.7899259355977577,0.12,0.28559933214452665,9.81,1,1,11,21,41,-3.0,3.0,0.01,30.0,60.0,1e-09,1e-12,6,0.0001,1,new simulation,nan
12,11,0.17711986642890537,-1.35,0.20000000000000015,rolling,10.329999999999824,-0.15493360513856902,1.7806618872731317,29,28,1,1.7899110991443177,0.12,0.28559933214452665,9.81,1,1,11,21,41,-3.0,3.0,0.01,30.0,60.0,1e-09,1e-12,6,0.0001,1,new simulation,nan
12,12,0.17711986642890537,-1.2000000000000002,0.20000000000000015,rolling,10.589999999999819,-0.14976652517783237,1.77634995838359,30,29,1,1.7899485056321982,0.12,0.28559933214452665,9.81,1,1,11,21,41,-3.0,3.0,0.01,30.0,60.0,1e-09,1e-12,6,0.0001,1,new simulation,nan
12,13,0.17711986642890537,-1.05,0.20000000000000015,rolling,10.659999999999817,-0.162808137462678,1.7875223010765606,30,29,1,1.7899402182044037,0.12,0.28559933214452665,9.81,1,1,11,21,41,-3.0,3.0,0.01,30.0,60.0,1e-09,1e-12,6,0.0001,1,new simulation,nan
12,14,0.17711986642890537,-0.8999999999999999,0.20000000000000015,rolling,10.899999999999812,-0.15229133457262625,1.778441038719826,30,29,1,1.7899330343412754,0.12,0.28559933214452665,9.81,1,1,11,21,41,-3.0,3.0,0.01,30.0,60.0,1e-09,1e-12,6,0.0001,1,new simulation,nan
12,15,0.17711986642890537,-0.75,0.20000000000000015,settled,0.9400000000000006,-0.16559933214452666,0.0,2,1,1,nan,0.12,0.28559933214452665,9.81,1,1,11,21,41,-3.0,3.0,0.01,30.0,60.0,1e-09,1e-12,6,0.0001,1,new simulation,nan
12,16,0.17711986642890537,-0.6000000000000001,0.20000000000000015,settled,1.270000000000001,-0.16559933214452666,0.0,2,1,1,nan,0.12,0.28559933214452665,9.81,1,1,11,21,41,-3.0,3.0,0.01,30.0,60.0,1e-09,1e-12,6,0.0001,1,new simulation,nan
12,17,0.17711986642890537,-0.4500000000000002,0.20000000000000015,rolling,10.06999999999983,-0.16468541922849841,1.78919455715736,28,28,0,1.7899221278497357,0.12,0.28559933214452665,9.81,1,1,11,21,41,-3.0,3.0,0.01,30.0,60.0,1e-09,1e-12,6,0.0001,1,new simulation,nan
12,18,0.17711986642890537,-0.30000000000000027,0.20000000000000015,rolling,9.819999999999835,-0.16256774492805598,1.7873001831421953,28,28,0,1.789916610342915,0.12,0.28559933214452665,9.81,1,1,11,21,41,-3.0,3.0,0.01,30.0,60.0,1e-09,1e-12,6,0.0001,1,new simulation,nan
12,19,0.17711986642890537,-0.1499999999999999,0.20000000000000015,rolling,9.699999999999838,-0.15119531687292964,1.7775198495767515,28,28,0,1.7899133010388868,0.12,0.28559933214452665,9.81,1,1,11,21,41,-3.0,3.0,0.01,30.0,60.0,1e-09,1e-12,6,0.0001,1,new simulation,nan
12,20,0.17711986642890537,0.0,0.20000000000000015,rolling,9.59999999999984,-0.1628397755520463,1.7875404552088263,28,28,0,1.7899121975292809,0.12,0.28559933214452665,9.81,1,1,11,21,41,-3.0,3.0,0.01,30.0,60.0,1e-09,1e-12,6,0.0001,1,new simulation,nan
12,21,0.17711986642890537,0.1499999999999999,0.20000000000000015,rolling,9.519999999999841,-0.15481274077360765,1.7805599601656337,28,28,0,1.789913300435913,0.12,0.28559933214452665,9.81,1,1,11,21,41,-3.0,3.0,0.01,30.0,60.0,1e-09,1e-12,6,0.0001,1,new simulation,nan
12,22,0.17711986642890537,0.2999999999999998,0.20000000000000015,rolling,9.429999999999843,-0.16553290068891013,1.7899561561620363,28,28,0,1.7899166104525337,0.12,0.28559933214452665,9.81,1,1,11,21,41,-3.0,3.0,0.01,30.0,60.0,1e-09,1e-12,6,0.0001,1,new simulation,nan
12,23,0.17711986642890537,0.44999999999999973,0.20000000000000015,rolling,9.349999999999845,-0.1551758796582531,1.7808719526314898,28,28,0,1.7899221281590127,0.12,0.28559933214452665,9.81,1,1,11,21,41,-3.0,3.0,0.01,30.0,60.0,1e-09,1e-12,6,0.0001,1,new simulation,nan
12,24,0.17711986642890537,0.5999999999999996,0.20000000000000015,rolling,9.259999999999847,-0.16001941938121964,1.785057243889497,28,28,0,1.789929849956298,0.12,0.28559933214452665,9.81,1,1,11,21,41,-3.0,3.0,0.01,30.0,60.0,1e-09,1e-12,6,0.0001,1,new simulation,nan
12,25,0.17711986642890537,0.75,0.20000000000000015,rolling,9.169999999999849,-0.1642917302330781,1.7888473504764424,28,28,0,1.7899397793937633,0.12,0.28559933214452665,9.81,1,1,11,21,41,-3.0,3.0,0.01,30.0,60.0,1e-09,1e-12,6,0.0001,1,new simulation,nan
12,26,0.17711986642890537,0.8999999999999999,0.20000000000000015,rolling,8.769999999999857,-0.16205778326833778,1.7868428182446063,27,27,0,1.78990264532146,0.12,0.28559933214452665,9.81,1,1,11,21,41,-3.0,3.0,0.01,30.0,60.0,1e-09,1e-12,6,0.0001,1,new simulation,nan
12,27,0.17711986642890537,1.0499999999999998,0.20000000000000015,rolling,8.68999999999986,-0.1529045350141515,1.7789514921183962,27,27,0,1.7899229118880229,0.12,0.28559933214452665,9.81,1,1,11,21,41,-3.0,3.0,0.01,30.0,60.0,1e-09,1e-12,6,0.0001,1,new simulation,nan
12,28,0.17711986642890537,1.2000000000000002,0.20000000000000015,rolling,8.599999999999861,-0.1654885997656663,1.7899267229147426,27,27,0,1.7899462958386347,0.12,0.28559933214452665,9.81,1,1,11,21,41,-3.0,3.0,0.01,30.0,60.0,1e-09,1e-12,6,0.0001,1,new simulation,nan
12,29,0.17711986642890537,1.3499999999999996,0.20000000000000015,rolling,8.20999999999987,-0.15668046223615684,1.7821621814097939,26,26,0,1.789932151528431,0.12,0.28559933214452665,9.81,1,1,11,21,41,-3.0,3.0,0.01,30.0,60.0,1e-09,1e-12,6,0.0001,1,new simulation,nan
12,30,0.17711986642890537,1.5,0.20000000000000015,rolling,7.819999999999878,-0.15251111947620963,1.7786253718779794,25,25,0,1.7899338563189309,0.12,0.28559933214452665,9.81,1,1,11,21,41,-3.0,3.0,0.01,30.0,60.0,1e-09,1e-12,6,0.0001,1,new simulation,nan
12,31,0.17711986642890537,1.6499999999999995,0.20000000000000015,rolling,7.109999999999893,-0.16287039298516842,1.7875731466262426,23,23,0,1.7899274742653153,0.12,0.28559933214452665,9.81,1,1,11,21,41,-3.0,3.0,0.01,30.0,60.0,1e-09,1e-12,6,0.0001,1,new simulation,nan
12,32,0.17711986642890537,1.7999999999999998,0.20000000000000015,rolling,2.3199999999999945,-0.16388497139813318,1.7884787796518349,8,8,0,1.7899281331422008,0.12,0.28559933214452665,9.81,1,1,11,21,41,-3.0,3.0,0.01,30.0,60.0,1e-09,1e-12,6,0.0001,1,new simulation,nan
12,33,0.17711986642890537,1.9500000000000002,0.20000000000000015,rolling,6.969999999999896,-0.1575616909621614,1.7830260059463032,23,23,0,1.7902257468822322,0.12,0.28559933214452665,9.81,1,1,11,21,41,-3.0,3.0,0.01,30.0,60.0,1e-09,1e-12,6,0.0001,1,new simulation,nan
12,34,0.17711986642890537,2.0999999999999996,0.20000000000000015,rolling,7.529999999999884,-0.1592805589555255,1.7845197742989096,25,25,0,1.7902326344606356,0.12,0.28559933214452665,9.81,1,1,11,21,41,-3.0,3.0,0.01,30.0,60.0,1e-09,1e-12,6,0.0001,1,new simulation,nan
12,35,0.17711986642890537,2.25,0.20000000000000015,rolling,8.089999999999872,-0.16499933893596255,1.78957497511662,27,27,0,1.7901972606214132,0.12,0.28559933214452665,9.81,1,1,11,21,41,-3.0,3.0,0.01,30.0,60.0,1e-09,1e-12,6,0.0001,1,new simulation,nan
12,36,0.17711986642890537,2.3999999999999995,0.20000000000000015,rolling,8.349999999999866,-0.1487658347977005,1.775616276234946,28,28,0,1.7901946118401897,0.12,0.28559933214452665,9.81,1,1,11,21,41,-3.0,3.0,0.01,30.0,60.0,1e-09,1e-12,6,0.0001,1,new simulation,nan
12,37,0.17711986642890537,2.55,0.20000000000000015,rolling,8.279999999999868,-0.16386735669684568,1.7885709608968818,28,28,0,1.7902310136861228,0.12,0.28559933214452665,9.81,1,1,11,21,41,-3.0,3.0,0.01,30.0,60.0,1e-09,1e-12,6,0.0001,1,new simulation,nan
12,38,0.17711986642890537,2.7,0.20000000000000015,rolling,8.539999999999862,-0.15462318325113467,1.78050581488344,29,29,0,1.7902116270681134,0.12,0.28559933214452665,9.81,1,1,11,21,41,-3.0,3.0,0.01,30.0,60.0,1e-09,1e-12,6,0.0001,1,new simulation,nan
12,39,0.17711986642890537,2.8499999999999996,0.20000000000000015,rolling,8.479999999999864,-0.1585315279615521,1.7838709042453322,29,29,0,1.7902405111936195,0.12,0.28559933214452665,9.81,1,1,11,21,41,-3.0,3.0,0.01,30.0,60.0,1e-09,1e-12,6,0.0001,1,new simulation,nan
12,40,0.17711986642890537,3.0,0.20000000000000015,rolling,8.739999999999858,-0.15557003446039472,1.7813118459531074,30,30,0,1.7902125724034923,0.12,0.28559933214452665,9.81,1,1,11,21,41,-3.0,3.0,0.01,30.0,60.0,1e-09,1e-12,6,0.0001,1,new simulation,nan
13,0,0.20567979964335803,-3.0,0.30000000000000016,rolling,11.329999999999803,-0.16252588531548998,1.7872658738665828,31,28,3,1.7899246673750866,0.12,0.28559933214452665,9.81,1,1,11,21,41,-3.0,3.0,0.01,30.0,60.0,1e-09,1e-12,6,0.0001,1,new simulation,nan
13,1,0.20567979964335803,-2.85,0.30000000000000016,rolling,10.869999999999813,-0.15127627095149523,1.7775857659103667,31,28,3,1.789909415235785,0.12,0.28559933214452665,9.81,1,1,11,21,41,-3.0,3.0,0.01,30.0,60.0,1e-09,1e-12,6,0.0001,1,new simulation,nan
13,2,0.20567979964335803,-2.7,0.30000000000000016,rolling,11.189999999999806,-0.16219952517991454,1.786984054614509,32,29,3,1.7899464669252605,0.12,0.28559933214452665,9.81,1,1,11,21,41,-3.0,3.0,0.01,30.0,60.0,1e-09,1e-12,6,0.0001,1,new simulation,nan
13,3,0.20567979964335803,-2.55,0.30000000000000016,rolling,11.399999999999801,-0.1535178420965662,1.7794725310242971,32,29,3,1.7899367807007243,0.12,0.28559933214452665,9.81,1,1,11,21,41,-3.0,3.0,0.01,30.0,60.0,1e-09,1e-12,6,0.0001,1,new simulation,nan
13,4,0.20567979964335803,-2.4,0.30000000000000016,rolling,12.519999999999778,-0.14819178515633064,1.7750511753270113,32,29,3,1.7899276486418598,0.12,0.28559933214452665,9.81,1,1,11,21,41,-3.0,3.0,0.01,30.0,60.0,1e-09,1e-12,6,0.0001,1,new simulation,nan
13,5,0.20567979964335803,-2.25,0.30000000000000016,rolling,11.059999999999809,-0.15270113095064494,1.7787811572216905,30,28,2,1.7899240327526742,0.12,0.28559933214452665,9.81,1,1,11,21,41,-3.0,3.0,0.01,30.0,60.0,1e-09,1e-12,6,0.0001,1,new simulation,nan
13,6,0.20567979964335803,-2.1,0.30000000000000016,rolling,10.639999999999818,-0.1487762512184979,1.7755219215371612,30,28,2,1.7899080082523267,0.12,0.28559933214452665,9.81,1,1,11,21,41,-3.0,3.0,0.01,30.0,60.0,1e-09,1e-12,6,0.0001,1,new simulation,nan
13,7,0.20567979964335803,-1.95,0.30000000000000016,rolling,10.96999999999981,-0.15725500387466737,1.7826611498379612,31,29,2,1.7899451520436012,0.12,0.28559933214452665,9.81,1,1,11,21,41,-3.0,3.0,0.01,30.0,60.0,1e-09,1e-12,6,0.0001,1,new simulation,nan
13,8,0.20567979964335803,-1.8,0.30000000000000016,rolling,11.199999999999806,-0.1578900436012039,1.7832059516601169,31,29,2,1.789935375700473,0.12,0.28559933214452665,9.81,1,1,11,21,41,-3.0,3.0,0.01,30.0,60.0,1e-09,1e-12,6,0.0001,1,new simulation,nan
13,9,0.20567979964335803,-1.6500000000000001,0.30000000000000016,settled,1.420000000000001,-0.16559933214452666,0.0,3,1,2,nan,0.12,0.28559933214452665,9.81,1,1,11,21,41,-3.0,3.0,0.01,30.0,60.0,1e-09,1e-12,6,0.0001,1,new simulation,nan
13,10,0.20567979964335803,-1.5,0.30000000000000016,rolling,10.639999999999818,-0.15411165901444554,1.7799688033684948,29,28,1,1.7899222365270198,0.12,0.28559933214452665,9.81,1,1,11,21,41,-3.0,3.0,0.01,30.0,60.0,1e-09,1e-12,6,0.0001,1,new simulation,nan
13,11,0.20567979964335803,-1.35,0.30000000000000016,rolling,10.319999999999824,-0.1517308287658432,1.7779636098809954,29,28,1,1.7899074025126698,0.12,0.28559933214452665,9.81,1,1,11,21,41,-3.0,3.0,0.01,30.0,60.0,1e-09,1e-12,6,0.0001,1,new simulation,nan
13,12,0.20567979964335803,-1.2000000000000002,0.30000000000000016,rolling,10.619999999999818,-0.15889614181484937,1.784082519917684,30,29,1,1.7899458894866385,0.12,0.28559933214452665,9.81,1,1,11,21,41,-3.0,3.0,0.01,30.0,60.0,1e-09,1e-12,6,0.0001,1,new simulation,nan
13,13,0.20567979964335803,-1.05,0.30000000000000016,rolling,10.749999999999815,-0.15464447788379163,1.7804257835274884,30,29,1,1.789937598683766,0.12,0.28559933214452665,9.81,1,1,11,21,41,-3.0,3.0,0.01,30.0,60.0,1e-09,1e-12,6,0.0001,1,new simulation,nan
13,14,0.20567979964335803,-0.8999999999999999,0.30000000000000016,rolling,11.129999999999807,-0.15908927625975647,1.784245120288593,30,29,1,1.7899304155289562,0.12,0.28559933214452665,9.81,1,1,11,21,41,-3.0,3.0,0.01,30.0,60.0,1e-09,1e-12,6,0.0001,1,new simulation,nan
13,15,0.20567979964335803,-0.75,0.30000000000000016,settled,1.0700000000000007,-0.16559933214452666,0.0,2,1,1,nan,0.12,0.28559933214452665,9.81,1,1,11,21,41,-3.0,3.0,0.01,30.0,60.0,1e-09,1e-12,6,0.0001,1,new simulation,nan
13,16,0.20567979964335803,-0.6000000000000001,0.30000000000000016,rolling,10.339999999999824,-0.15991032801953223,1.7849598803248756,28,28,0,1.7899246241590967,0.12,0.28559933214452665,9.81,1,1,11,21,41,-3.0,3.0,0.01,30.0,60.0,1e-09,1e-12,6,0.0001,1,new simulation,nan
13,17,0.20567979964335803,-0.4500000000000002,0.30000000000000016,rolling,9.909999999999833,-0.15560236291349142,1.781233632314313,28,28,0,1.789916900753571,0.12,0.28559933214452665,9.81,1,1,11,21,41,-3.0,3.0,0.01,30.0,60.0,1e-09,1e-12,6,0.0001,1,new simulation,nan
13,18,0.20567979964335803,-0.30000000000000027,0.30000000000000016,rolling,9.759999999999836,-0.16197715069131302,1.7867745241292379,28,28,0,1.7899113844530887,0.12,0.28559933214452665,9.81,1,1,11,21,41,-3.0,3.0,0.01,30.0,60.0,1e-09,1e-12,6,0.0001,1,new simulation,nan
13,19,0.20567979964335803,-0.1499999999999999,0.30000000000000016,rolling,9.669999999999838,-0.15904759671390006,1.7842008418128827,28,28,0,1.7899080745736855,0.12,0.28559933214452665,9.81,1,1,11,21,41,-3.0,3.0,0.01,30.0,60.0,1e-09,1e-12,6,0.0001,1,new simulation,nan
13,20,0.20567979964335803,0.0,0.30000000000000016,rolling,9.58999999999984,-0.16510461327048037,1.7895664001709177,28,28,0,1.7899069715277574,0.12,0.28559933214452665,9.81,1,1,11,21,41,-3.0,3.0,0.01,30.0,60.0,1e-09,1e-12,6,0.0001,1,new simulation,nan
13,21,0.20567979964335803,0.1499999999999999,0.30000000000000016,rolling,9.519999999999841,-0.15456597185822665,1.7803486039707386,28,28,0,1.789908074318489,0.12,0.28559933214452665,9.81,1,1,11,21,41,-3.0,3.0,0.01,30.0,60.0,1e-09,1e-12,6,0.0001,1,new simulation,nan
13,22,0.20567979964335803,0.2999999999999998,0.30000000000000016,rolling,9.439999999999843,-0.15428770042597853,1.7801139278876972,28,28,0,1.7899113847267587,0.12,0.28559933214452665,9.81,1,1,11,21,41,-3.0,3.0,0.01,30.0,60.0,1e-09,1e-12,6,0.0001,1,new simulation,nan
13,23,0.20567979964335803,0.44999999999999973,0.30000000000000016,rolling,9.349999999999845,-0.16371708080668348,1.7883245986136511,28,28,0,1.7899169002351292,0.12,0.28559933214452665,9.81,1,1,11,21,41,-3.0,3.0,0.01,30.0,60.0,1e-09,1e-12,6,0.0001,1,new simulation,nan
13,24,0.20567979964335803,0.5999999999999996,0.30000000000000016,rolling,9.269999999999847,-0.15013566229322517,1.776645908681577,28,28,0,1.7899246231173949,0.12,0.28559933214452665,9.81,1,1,11,21,41,-3.0,3.0,0.01,30.0,60.0,1e-09,1e-12,6,0.0001,1,new simulation,nan
13,25,0.20567979964335803,0.75,0.30000000000000016,rolling,9.179999999999849,-0.1527262051614464,1.7788059628874748,28,28,0,1.7899345526632764,0.12,0.28559933214452665,9.81,1,1,11,21,41,-3.0,3.0,0.01,30.0,60.0,1e-09,1e-12,6,0.0001,1,new simulation,nan
13,26,0.20567979964335803,0.8999999999999999,0.30000000000000016,rolling,9.08999999999985,-0.1565052514562224,1.782016963545095,28,28,0,1.7899466886920774,0.12,0.28559933214452665,9.81,1,1,11,21,41,-3.0,3.0,0.01,30.0,60.0,1e-09,1e-12,6,0.0001,1,new simulation,nan
13,27,0.20567979964335803,1.0499999999999998,0.30000000000000016,rolling,8.68999999999986,-0.15540580476779933,1.7810654723887112,27,27,0,1.7899155254054364,0.12,0.28559933214452665,9.81,1,1,11,21,41,-3.0,3.0,0.01,30.0,60.0,1e-09,1e-12,6,0.0001,1,new simulation,nan
13,28,0.20567979964335803,1.2000000000000002,0.30000000000000016,rolling,8.60999999999986,-0.1485763029642434,1.775369362636088,27,27,0,1.7899389090372368,0.12,0.28559933214452665,9.81,1,1,11,21,41,-3.0,3.0,0.01,30.0,60.0,1e-09,1e-12,6,0.0001,1,new simulation,nan
13,29,0.20567979964335803,1.3499999999999996,0.30000000000000016,rolling,8.20999999999987,-0.1562646614236497,1.7818017382082667,26,26,0,1.789921715338852,0.12,0.28559933214452665,9.81,1,1,11,21,41,-3.0,3.0,0.01,30.0,60.0,1e-09,1e-12,6,0.0001,1,new simulation,nan
13,30,0.20567979964335803,1.5,0.30000000000000016,rolling,7.819999999999878,-0.15101405634617804,1.7773713412705663,25,25,0,1.7899191118590903,0.12,0.28559933214452665,9.81,1,1,11,21,41,-3.0,3.0,0.01,30.0,60.0,1e-09,1e-12,6,0.0001,1,new simulation,nan
13,31,0.20567979964335803,1.6499999999999995,0.30000000000000016,rolling,7.429999999999886,-0.15061028610768185,1.7770470822883375,24,24,0,1.7899486519815202,0.12,0.28559933214452665,9.81,1,1,11,21,41,-3.0,3.0,0.01,30.0,60.0,1e-09,1e-12,6,0.0001,1,new simulation,nan
13,32,0.20567979964335803,1.7999999999999998,0.30000000000000016,rolling,5.469999999999928,-0.1509209803704536,1.7772875333336504,18,18,0,1.7899008607945623,0.12,0.28559933214452665,9.81,1,1,11,21,41,-3.0,3.0,0.01,30.0,60.0,1e-09,1e-12,6,0.0001,1,new simulation,nan
13,33,0.20567979964335803,1.9500000000000002,0.30000000000000016,rolling,6.969999999999896,-0.1539260108324247,1.7799099823060975,23,23,0,1.79019631077325,0.12,0.28559933214452665,9.81,1,1,11,21,41,-3.0,3.0,0.01,30.0,60.0,1e-09,1e-12,6,0.0001,1,new simulation,nan
13,34,0.20567979964335803,2.0999999999999996,0.30000000000000016,rolling,7.529999999999884,-0.15520431841707596,1.7810020194442728,25,25,0,1.7902178916366485,0.12,0.28559933214452665,9.81,1,1,11,21,41,-3.0,3.0,0.01,30.0,60.0,1e-09,1e-12,6,0.0001,1,new simulation,nan
13,35,0.20567979964335803,2.25,0.30000000000000016,rolling,7.779999999999879,-0.15265842830292897,1.7788581627865285,26,26,0,1.7902388854907372,0.12,0.28559933214452665,9.81,1,1,11,21,41,-3.0,3.0,0.01,30.0,60.0,1e-09,1e-12,6,0.0001,1,new simulation,nan
13,36,0.20567979964335803,2.3999999999999995,0.30000000000000016,rolling,8.029999999999873,-0.15397237351849594,1.779964164462639,27,27,0,1.7902381939275542,0.12,0.28559933214452665,9.81,1,1,11,21,41,-3.0,3.0,0.01,30.0,60.0,1e-09,1e-12,6,0.0001,1,new simulation,nan
13,37,0.20567979964335803,2.55,0.30000000000000016,rolling,8.279999999999868,-0.1589429369947188,1.784223237162548,28,28,0,1.7902257876840455,0.12,0.28559933214452665,9.81,1,1,11,21,41,-3.0,3.0,0.01,30.0,60.0,1e-09,1e-12,6,0.0001,1,new simulation,nan
13,38,0.20567979964335803,2.7,0.30000000000000016,rolling,8.539999999999862,-0.14955590227867205,1.7762696128574385,29,29,0,1.790207928977618,0.12,0.28559933214452665,9.81,1,1,11,21,41,-3.0,3.0,0.01,30.0,60.0,1e-09,1e-12,6,0.0001,1,new simulation,nan
13,39,0.20567979964335803,2.8499999999999996,0.30000000000000016,rolling,8.479999999999864,-0.15332922416845768,1.7794210940937467,29,29,0,1.7902368121999617,0.12,0.28559933214452665,9.81,1,1,11,21,41,-3.0,3.0,0.01,30.0,60.0,1e-09,1e-12,6,0.0001,1,new simulation,nan
13,40,0.20567979964335803,3.0,0.30000000000000016,rolling,8.739999999999858,-0.15028272022602482,1.7768697750080265,30,30,0,1.790209955022446,0.12,0.28559933214452665,9.81,1,1,11,21,41,-3.0,3.0,0.01,30.0,60.0,1e-09,1e-12,6,0.0001,1,new simulation,nan
14,0,0.2342397328578107,-3.0,0.40000000000000013,rolling,11.169999999999806,-0.15612899760360952,1.781685838417887,31,28,3,1.7899225428441436,0.12,0.28559933214452665,9.81,1,1,11,21,41,-3.0,3.0,0.01,30.0,60.0,1e-09,1e-12,6,0.0001,1,new simulation,nan
14,1,0.2342397328578107,-2.85,0.40000000000000013,rolling,10.869999999999813,-0.14968436775912383,1.7762674891201151,31,28,3,1.789907291024779,0.12,0.28559933214452665,9.81,1,1,11,21,41,-3.0,3.0,0.01,30.0,60.0,1e-09,1e-12,6,0.0001,1,new simulation,nan
14,2,0.2342397328578107,-2.7,0.40000000000000013,rolling,11.219999999999805,-0.15876959646557393,1.7839721307482557,32,29,3,1.789944964317719,0.12,0.28559933214452665,9.81,1,1,11,21,41,-3.0,3.0,0.01,30.0,60.0,1e-09,1e-12,6,0.0001,1,new simulation,nan
14,3,0.2342397328578107,-2.55,0.40000000000000013,rolling,11.4699999999998,-0.15681493684204711,1.7822788489607448,32,29,3,1.789935277221154,0.12,0.28559933214452665,9.81,1,1,11,21,41,-3.0,3.0,0.01,30.0,60.0,1e-09,1e-12,6,0.0001,1,new simulation,nan
14,4,0.2342397328578107,-2.4,0.40000000000000013,settled,1.7100000000000013,-0.16559933214452666,0.0,4,1,3,nan,0.12,0.28559933214452665,9.81,1,1,11,21,41,-3.0,3.0,0.01,30.0,60.0,1e-09,1e-12,6,0.0001,1,new simulation,nan
14,5,0.2342397328578107,-2.25,0.40000000000000013,rolling,10.879999999999812,-0.16479582811708401,1.7892934411461734,30,28,2,1.7899210303645638,0.12,0.28559933214452665,9.81,1,1,11,21,41,-3.0,3.0,0.01,30.0,60.0,1e-09,1e-12,6,0.0001,1,new simulation,nan
14,6,0.2342397328578107,-2.1,0.40000000000000013,rolling,10.639999999999818,-0.15168239061763578,1.777922360064497,30,28,2,1.7899050048530576,0.12,0.28559933214452665,9.81,1,1,11,21,41,-3.0,3.0,0.01,30.0,60.0,1e-09,1e-12,6,0.0001,1,new simulation,nan
14,7,0.2342397328578107,-1.95,0.40000000000000013,rolling,11.00999999999981,-0.16242192930976504,1.7871801195789359,31,29,2,1.7899430278500368,0.12,0.28559933214452665,9.81,1,1,11,21,41,-3.0,3.0,0.01,30.0,60.0,1e-09,1e-12,6,0.0001,1,new simulation,nan
14,8,0.2342397328578107,-1.8,0.40000000000000013,rolling,11.319999999999803,-0.161829603006301,1.7866517363457424,31,29,2,1.789933251622484,0.12,0.28559933214452665,9.81,1,1,11,21,41,-3.0,3.0,0.01,30.0,60.0,1e-09,1e-12,6,0.0001,1,new simulation,nan
14,9,0.2342397328578107,-1.6500000000000001,0.40000000000000013,settled,1.5300000000000011,-0.16559933214452666,0.0,3,1,2,nan,0.12,0.28559933214452665,9.81,1,1,11,21,41,-3.0,3.0,0.01,30.0,60.0,1e-09,1e-12,6,0.0001,1,new simulation,nan
14,10,0.2342397328578107,-1.5,0.40000000000000013,rolling,10.48999999999982,-0.1605200323703988,1.7854920036674957,29,28,1,1.7899179945430097,0.12,0.28559933214452665,9.81,1,1,11,21,41,-3.0,3.0,0.01,30.0,60.0,1e-09,1e-12,6,0.0001,1,new simulation,nan
14,11,0.2342397328578107,-1.35,0.40000000000000013,rolling,10.319999999999824,-0.15516785293400956,1.7808583302054322,29,28,1,1.7899031590643022,0.12,0.28559933214452665,9.81,1,1,11,21,41,-3.0,3.0,0.01,30.0,60.0,1e-09,1e-12,6,0.0001,1,new simulation,nan
14,12,0.2342397328578107,-1.2000000000000002,0.40000000000000013,rolling,10.669999999999817,-0.1632957447455669,1.7879575966971928,30,29,1,1.7899428859013515,0.12,0.28559933214452665,9.81,1,1,11,21,41,-3.0,3.0,0.01,30.0,60.0,1e-09,1e-12,6,0.0001,1,new simulation,nan
14,13,0.2342397328578107,-1.05,0.40000000000000013,rolling,10.879999999999812,-0.15534655811236606,1.7810217982250554,30,29,1,1.7899345986866046,0.12,0.28559933214452665,9.81,1,1,11,21,41,-3.0,3.0,0.01,30.0,60.0,1e-09,1e-12,6,0.0001,1,new simulation,nan
14,14,0.2342397328578107,-0.8999999999999999,0.40000000000000013,rolling,12.149999999999785,-0.14783785019505963,1.7747625984087554,30,29,1,1.7899274131752045,0.12,0.28559933214452665,9.81,1,1,11,21,41,-3.0,3.0,0.01,30.0,60.0,1e-09,1e-12,6,0.0001,1,new simulation,nan
14,15,0.2342397328578107,-0.75,0.40000000000000013,settled,1.5500000000000012,-0.16559933214452666,0.0,2,1,1,nan,0.12,0.28559933214452665,9.81,1,1,11,21,41,-3.0,3.0,0.01,30.0,60.0,1e-09,1e-12,6,0.0001,1,new simulation,nan
14,16,0.2342397328578107,-0.6000000000000001,0.40000000000000013,rolling,10.01999999999983,-0.1571326530001102,1.7825462620809804,28,28,0,1.7899186289994125,0.12,0.28559933214452665,9.81,1,1,11,21,41,-3.0,3.0,0.01,30.0,60.0,1e-09,1e-12,6,0.0001,1,new simulation,nan
14,17,0.2342397328578107,-0.4500000000000002,0.40000000000000013,rolling,9.829999999999835,-0.15569462030220232,1.7813102509956824,28,28,0,1.7899109055396292,0.12,0.28559933214452665,9.81,1,1,11,21,41,-3.0,3.0,0.01,30.0,60.0,1e-09,1e-12,6,0.0001,1,new simulation,nan
14,18,0.2342397328578107,-0.30000000000000027,0.40000000000000013,rolling,9.739999999999837,-0.14830209817870404,1.7751332302337397,28,28,0,1.789905388750726,0.12,0.28559933214452665,9.81,1,1,11,21,41,-3.0,3.0,0.01,30.0,60.0,1e-09,1e-12,6,0.0001,1,new simulation,nan
14,19,0.2342397328578107,-0.1499999999999999,0.40000000000000013,rolling,9.669999999999838,-0.15305897369917823,1.7790738039329075,28,28,0,1.7899020788020206,0.12,0.28559933214452665,9.81,1,1,11,21,41,-3.0,3.0,0.01,30.0,60.0,1e-09,1e-12,6,0.0001,1,new simulation,nan
14,20,0.2342397328578107,0.0,0.40000000000000013,rolling,9.59999999999984,-0.16433684334443333,1.7888739935312936,28,28,0,1.7899009752979953,0.12,0.28559933214452665,9.81,1,1,11,21,41,-3.0,3.0,0.01,30.0,60.0,1e-09,1e-12,6,0.0001,1,new simulation,nan
14,21,0.2342397328578107,0.1499999999999999,0.40000000000000013,rolling,9.529999999999841,-0.164436621181471,1.788963928624233,28,28,0,1.7899020793982994,0.12,0.28559933214452665,9.81,1,1,11,21,41,-3.0,3.0,0.01,30.0,60.0,1e-09,1e-12,6,0.0001,1,new simulation,nan
14,22,0.2342397328578107,0.2999999999999998,0.40000000000000013,rolling,9.459999999999843,-0.14876471619625453,1.7755115342682586,28,28,0,1.7899053894151027,0.12,0.28559933214452665,9.81,1,1,11,21,41,-3.0,3.0,0.01,30.0,60.0,1e-09,1e-12,6,0.0001,1,new simulation,nan
14,23,0.2342397328578107,0.44999999999999973,0.40000000000000013,rolling,9.369999999999845,-0.1559032155802151,1.7814884969457112,28,28,0,1.7899109058820786,0.12,0.28559933214452665,9.81,1,1,11,21,41,-3.0,3.0,0.01,30.0,60.0,1e-09,1e-12,6,0.0001,1,new simulation,nan
14,24,0.2342397328578107,0.5999999999999996,0.40000000000000013,rolling,9.279999999999847,-0.1558641938910018,1.7814579004071223,28,28,0,1.7899186295009264,0.12,0.28559933214452665,9.81,1,1,11,21,41,-3.0,3.0,0.01,30.0,60.0,1e-09,1e-12,6,0.0001,1,new simulation,nan
14,25,0.2342397328578107,0.75,0.40000000000000013,rolling,9.189999999999849,-0.15379513631655067,1.7797035410539537,28,28,0,1.7899285579502593,0.12,0.28559933214452665,9.81,1,1,11,21,41,-3.0,3.0,0.01,30.0,60.0,1e-09,1e-12,6,0.0001,1,new simulation,nan
14,26,0.2342397328578107,0.8999999999999999,0.40000000000000013,rolling,9.09999999999985,-0.15329537746894883,1.7792865200334849,28,28,0,1.789940694652757,0.12,0.28559933214452665,9.81,1,1,11,21,41,-3.0,3.0,0.01,30.0,60.0,1e-09,1e-12,6,0.0001,1,new simulation,nan
14,27,0.2342397328578107,1.0499999999999998,0.40000000000000013,rolling,8.699999999999859,-0.1485666208922484,1.775350007204495,27,27,0,1.7899070542257618,0.12,0.28559933214452665,9.81,1,1,11,21,41,-3.0,3.0,0.01,30.0,60.0,1e-09,1e-12,6,0.0001,1,new simulation,nan
14,28,0.2342397328578107,1.2000000000000002,0.40000000000000013,rolling,8.60999999999986,-0.15654195130334855,1.7820426454363314,27,27,0,1.7899304388451514,0.12,0.28559933214452665,9.81,1,1,11,21,41,-3.0,3.0,0.01,30.0,60.0,1e-09,1e-12,6,0.0001,1,new simulation,nan
14,29,0.2342397328578107,1.3499999999999996,0.40000000000000013,rolling,8.20999999999987,-0.16184067244481712,1.7866531441249462,26,26,0,1.7899097460709334,0.12,0.28559933214452665,9.81,1,1,11,21,41,-3.0,3.0,0.01,30.0,60.0,1e-09,1e-12,6,0.0001,1,new simulation,nan
14,30,0.2342397328578107,1.5,0.40000000000000013,rolling,7.819999999999878,-0.15463986151166764,1.7804091938318571,25,25,0,1.7899021978640406,0.12,0.28559933214452665,9.81,1,1,11,21,41,-3.0,3.0,0.01,30.0,60.0,1e-09,1e-12,6,0.0001,1,new simulation,nan
14,31,0.2342397328578107,1.6499999999999995,0.40000000000000013,rolling,7.429999999999886,-0.15268140241364853,1.7787648688594793,24,24,0,1.789924755339426,0.12,0.28559933214452665,9.81,1,1,11,21,41,-3.0,3.0,0.01,30.0,60.0,1e-09,1e-12,6,0.0001,1,new simulation,nan
14,32,0.2342397328578107,1.7999999999999998,0.40000000000000013,rolling,6.409999999999908,-0.1577099189556783,1.7830530988095836,21,21,0,1.789943408347929,0.12,0.28559933214452665,9.81,1,1,11,21,41,-3.0,3.0,0.01,30.0,60.0,1e-09,1e-12,6,0.0001,1,new simulation,nan
14,33,0.2342397328578107,1.9500000000000002,0.40000000000000013,rolling,6.649999999999903,-0.16366082576469987,1.7883753121831165,22,22,0,1.790200272685948,0.12,0.28559933214452665,9.81,1,1,11,21,41,-3.0,3.0,0.01,30.0,60.0,1e-09,1e-12,6,0.0001,1,new simulation,nan
14,34,0.2342397328578107,2.0999999999999996,0.40000000000000013,rolling,7.529999999999884,-0.1542034249827107,1.7801462690319205,25,25,0,1.790200982868179,0.12,0.28559933214452665,9.81,1,1,11,21,41,-3.0,3.0,0.01,30.0,60.0,1e-09,1e-12,6,0.0001,1,new simulation,nan
14,35,0.2342397328578107,2.25,0.40000000000000013,rolling,7.779999999999879,-0.15099545008220563,1.777466278089984,26,26,0,1.7902269195387044,0.12,0.28559933214452665,9.81,1,1,11,21,41,-3.0,3.0,0.01,30.0,60.0,1e-09,1e-12,6,0.0001,1,new simulation,nan
14,36,0.2342397328578107,2.3999999999999995,0.40000000000000013,rolling,8.029999999999873,-0.15176658096706433,1.778108977729654,27,27,0,1.7902297256437087,0.12,0.28559933214452665,9.81,1,1,11,21,41,-3.0,3.0,0.01,30.0,60.0,1e-09,1e-12,6,0.0001,1,new simulation,nan
14,37,0.2342397328578107,2.55,0.40000000000000013,rolling,8.279999999999868,-0.15628761845057315,1.7819280377402908,28,28,0,1.7902197942280693,0.12,0.28559933214452665,9.81,1,1,11,21,41,-3.0,3.0,0.01,30.0,60.0,1e-09,1e-12,6,0.0001,1,new simulation,nan
14,38,0.2342397328578107,2.7,0.40000000000000013,rolling,8.529999999999863,-0.16436265868979563,1.7890050113434826,29,29,0,1.7902036865466429,0.12,0.28559933214452665,9.81,1,1,11,21,41,-3.0,3.0,0.01,30.0,60.0,1e-09,1e-12,6,0.0001,1,new simulation,nan
14,39,0.2342397328578107,2.8499999999999996,0.40000000000000013,rolling,8.479999999999864,-0.1500201019884951,1.7766609897778984,29,29,0,1.7902325719981065,0.12,0.28559933214452665,9.81,1,1,11,21,41,-3.0,3.0,0.01,30.0,60.0,1e-09,1e-12,6,0.0001,1,new simulation,nan
14,40,0.2342397328578107,3.0,0.40000000000000013,rolling,8.729999999999858,-0.16454948672748293,1.7891738880996504,30,30,0,1.7902069526546214,0.12,0.28559933214452665,9.81,1,1,11,21,41,-3.0,3.0,0.01,30.0,60.0,1e-09,1e-12,6,0.0001,1,new simulation,nan
15,0,0.26279966607226335,-3.0,0.5000000000000001,rolling,11.069999999999808,-0.15617985928226055,1.7817285345956162,31,28,3,1.78992014794858,0.12,0.28559933214452665,9.81,1,1,11,21,41,-3.0,3.0,0.01,30.0,60.0,1e-09,1e-12,6,0.0001,1,new simulation,nan
15,1,0.26279966607226335,-2.85,0.5000000000000001,rolling,10.869999999999813,-0.15624906921539172,1.7817823629917044,31,28,3,1.7899048960354402,0.12,0.28559933214452665,9.81,1,1,11,21,41,-3.0,3.0,0.01,30.0,60.0,1e-09,1e-12,6,0.0001,1,new simulation,nan
15,2,0.26279966607226335,-2.7,0.5000000000000001,rolling,11.259999999999804,-0.1509876346284687,1.7773580660705746,32,29,3,1.7899432687796242,0.12,0.28559933214452665,9.81,1,1,11,21,41,-3.0,3.0,0.01,30.0,60.0,1e-09,1e-12,6,0.0001,1,new simulation,nan
15,3,0.26279966607226335,-2.55,0.5000000000000001,rolling,11.569999999999798,-0.15223536938401522,1.778394410723848,32,29,3,1.7899335812275048,0.12,0.28559933214452665,9.81,1,1,11,21,41,-3.0,3.0,0.01,30.0,60.0,1e-09,1e-12,6,0.0001,1,new simulation,nan
15,4,0.26279966607226335,-2.4,0.5000000000000001,settled,1.8000000000000014,-0.16559933214452666,0.0,4,1,3,nan,0.12,0.28559933214452665,9.81,1,1,11,21,41,-3.0,3.0,0.01,30.0,60.0,1e-09,1e-12,6,0.0001,1,new simulation,nan
15,5,0.26279966607226335,-2.25,0.5000000000000001,rolling,10.789999999999814,-0.153131306057104,1.7791402020702576,30,28,2,1.7899176453476728,0.12,0.28559933214452665,9.81,1,1,11,21,41,-3.0,3.0,0.01,30.0,60.0,1e-09,1e-12,6,0.0001,1,new simulation,nan
15,6,0.26279966607226335,-2.1,0.5000000000000001,rolling,10.649999999999817,-0.1529228500970421,1.7789592466796975,30,28,2,1.7899016195501496,0.12,0.28559933214452665,9.81,1,1,11,21,41,-3.0,3.0,0.01,30.0,60.0,1e-09,1e-12,6,0.0001,1,new simulation,nan
15,7,0.26279966607226335,-1.95,0.5000000000000001,rolling,11.069999999999808,-0.15984098480594225,1.784904926347624,31,29,2,1.7899406319885445,0.12,0.28559933214452665,9.81,1,1,11,21,41,-3.0,3.0,0.01,30.0,60.0,1e-09,1e-12,6,0.0001,1,new simulation,nan
15,8,0.26279966607226335,-1.8,0.5000000000000001,rolling,11.519999999999799,-0.16076104970484675,1.7857083911243476,31,29,2,1.7899308564628444,0.12,0.28559933214452665,9.81,1,1,11,21,41,-3.0,3.0,0.01,30.0,60.0,1e-09,1e-12,6,0.0001,1,new simulation,nan
15,9,0.26279966607226335,-1.6500000000000001,0.5000000000000001,settled,1.8400000000000014,-0.16559933214452666,0.0,3,1,2,nan,0.12,0.28559933214452665,9.81,1,1,11,21,41,-3.0,3.0,0.01,30.0,60.0,1e-09,1e-12,6,0.0001,1,new simulation,nan
15,10,0.26279966607226335,-1.5,0.5000000000000001,rolling,10.419999999999822,-0.14999613947231025,1.7765266335212944,29,28,1,1.7899132102975528,0.12,0.28559933214452665,9.81,1,1,11,21,41,-3.0,3.0,0.01,30.0,60.0,1e-09,1e-12,6,0.0001,1,new simulation,nan
15,11,0.26279966607226335,-1.35,0.5000000000000001,rolling,10.649999999999817,-0.16151559101676588,1.7863797608173908,30,29,1,1.789948895163822,0.12,0.28559933214452665,9.81,1,1,11,21,41,-3.0,3.0,0.01,30.0,60.0,1e-09,1e-12,6,0.0001,1,new simulation,nan
15,12,0.26279966607226335,-1.2000000000000002,0.5000000000000001,rolling,10.749999999999815,-0.16392816733503032,1.7885214907771876,30,29,1,1.7899395003250842,0.12,0.28559933214452665,9.81,1,1,11,21,41,-3.0,3.0,0.01,30.0,60.0,1e-09,1e-12,6,0.0001,1,new simulation,nan
15,13,0.26279966607226335,-1.05,0.5000000000000001,rolling,11.109999999999808,-0.16235382543379925,1.787115465970961,30,29,1,1.7899312128497877,0.12,0.28559933214452665,9.81,1,1,11,21,41,-3.0,3.0,0.01,30.0,60.0,1e-09,1e-12,6,0.0001,1,new simulation,nan
15,14,0.26279966607226335,-0.8999999999999999,0.5000000000000001,settled,1.1600000000000008,-0.16559933214452666,0.0,2,1,1,nan,0.12,0.28559933214452665,9.81,1,1,11,21,41,-3.0,3.0,0.01,30.0,60.0,1e-09,1e-12,6,0.0001,1,new simulation,nan
15,15,0.26279966607226335,-0.75,0.5000000000000001,rolling,10.199999999999827,-0.15737015873006802,1.7827520780651556,28,28,0,1.789921800851477,0.12,0.28559933214452665,9.81,1,1,11,21,41,-3.0,3.0,0.01,30.0,60.0,1e-09,1e-12,6,0.0001,1,new simulation,nan
15,16,0.26279966607226335,-0.6000000000000001,0.5000000000000001,rolling,9.899999999999833,-0.15876208447881318,1.7839537762615139,28,28,0,1.789911870541155,0.12,0.28559933214452665,9.81,1,1,11,21,41,-3.0,3.0,0.01,30.0,60.0,1e-09,1e-12,6,0.0001,1,new simulation,nan
15,17,0.26279966607226335,-0.4500000000000002,0.5000000000000001,rolling,9.789999999999836,-0.1654643391398995,1.789889813736102,28,28,0,1.7899041473299169,0.12,0.28559933214452665,9.81,1,1,11,21,41,-3.0,3.0,0.01,30.0,60.0,1e-09,1e-12,6,0.0001,1,new simulation,nan
15,18,0.26279966607226335,-0.30000000000000027,0.5000000000000001,rolling,10.04999999999983,-0.1579637428484147,1.7832746135723927,29,29,0,1.7899490758295675,0.12,0.28559933214452665,9.81,1,1,11,21,41,-3.0,3.0,0.01,30.0,60.0,1e-09,1e-12,6,0.0001,1,new simulation,nan
15,19,0.26279966607226335,-0.1499999999999999,0.5000000000000001,rolling,9.999999999999831,-0.16348970244333916,1.7881320668671945,29,29,0,1.789946733125455,0.12,0.28559933214452665,9.81,1,1,11,21,41,-3.0,3.0,0.01,30.0,60.0,1e-09,1e-12,6,0.0001,1,new simulation,nan
15,20,0.26279966607226335,0.0,0.5000000000000001,rolling,9.949999999999832,-0.15885665183800418,1.7840481876839616,29,29,0,1.789945951118453,0.12,0.28559933214452665,9.81,1,1,11,21,41,-3.0,3.0,0.01,30.0,60.0,1e-09,1e-12,6,0.0001,1,new simulation,nan
15,21,0.26279966607226335,0.1499999999999999,0.5000000000000001,rolling,9.879999999999834,-0.16522311387796762,1.7896873596257614,29,29,0,1.7899467324387819,0.12,0.28559933214452665,9.81,1,1,11,21,41,-3.0,3.0,0.01,30.0,60.0,1e-09,1e-12,6,0.0001,1,new simulation,nan
15,22,0.26279966607226335,0.2999999999999998,0.5000000000000001,rolling,9.799999999999836,-0.16393765089776827,1.7885333924125781,29,29,0,1.7899490755869267,0.12,0.28559933214452665,9.81,1,1,11,21,41,-3.0,3.0,0.01,30.0,60.0,1e-09,1e-12,6,0.0001,1,new simulation,nan
15,23,0.26279966607226335,0.44999999999999973,0.5000000000000001,rolling,9.399999999999844,-0.1547391376416361,1.780494168033103,28,28,0,1.7899041472433996,0.12,0.28559933214452665,9.81,1,1,11,21,41,-3.0,3.0,0.01,30.0,60.0,1e-09,1e-12,6,0.0001,1,new simulation,nan
15,24,0.26279966607226335,0.5999999999999996,0.5000000000000001,rolling,9.299999999999846,-0.16289547859945253,1.7875899063864527,28,28,0,1.7899118698977723,0.12,0.28559933214452665,9.81,1,1,11,21,41,-3.0,3.0,0.01,30.0,60.0,1e-09,1e-12,6,0.0001,1,new simulation,nan
15,25,0.26279966607226335,0.75,0.5000000000000001,rolling,9.209999999999848,-0.15194562522502905,1.7781480226271866,28,28,0,1.7899218009445395,0.12,0.28559933214452665,9.81,1,1,11,21,41,-3.0,3.0,0.01,30.0,60.0,1e-09,1e-12,6,0.0001,1,new simulation,nan
15,26,0.26279966607226335,0.8999999999999999,0.5000000000000001,rolling,9.10999999999985,-0.16183902605850817,1.7866603172266775,28,28,0,1.7899339362768745,0.12,0.28559933214452665,9.81,1,1,11,21,41,-3.0,3.0,0.01,30.0,60.0,1e-09,1e-12,6,0.0001,1,new simulation,nan
15,27,0.26279966607226335,1.0499999999999998,0.5000000000000001,rolling,9.019999999999852,-0.15907465346020477,1.7842387647671452,28,28,0,1.7899482790471495,0.12,0.28559933214452665,9.81,1,1,11,21,41,-3.0,3.0,0.01,30.0,60.0,1e-09,1e-12,6,0.0001,1,new simulation,nan
15,28,0.26279966607226335,1.2000000000000002,0.5000000000000001,rolling,8.61999999999986,-0.154422495984975,1.780231533439551,27,27,0,1.7899208902803283,0.12,0.28559933214452665,9.81,1,1,11,21,41,-3.0,3.0,0.01,30.0,60.0,1e-09,1e-12,6,0.0001,1,new simulation,nan
15,29,0.26279966607226335,1.3499999999999996,0.5000000000000001,rolling,8.529999999999863,-0.16396756926680076,1.7885595766964508,27,27,0,1.7899473917806725,0.12,0.28559933214452665,9.81,1,1,11,21,41,-3.0,3.0,0.01,30.0,60.0,1e-09,1e-12,6,0.0001,1,new simulation,nan
15,30,0.26279966607226335,1.5,0.5000000000000001,rolling,8.139999999999871,-0.15383852172408685,1.7797435996466404,26,26,0,1.7899381064186344,0.12,0.28559933214452665,9.81,1,1,11,21,41,-3.0,3.0,0.01,30.0,60.0,1e-09,1e-12,6,0.0001,1,new simulation,nan
15,31,0.26279966607226335,1.6499999999999995,0.5000000000000001,rolling,7.749999999999879,-0.14955889963303362,1.77617898156907,25,25,0,1.789948496983655,0.12,0.28559933214452665,9.81,1,1,11,21,41,-3.0,3.0,0.01,30.0,60.0,1e-09,1e-12,6,0.0001,1,new simulation,nan
15,32,0.26279966607226335,1.7999999999999998,0.5000000000000001,rolling,6.729999999999901,-0.15270477059484383,1.7787852647235436,22,22,0,1.789926974647076,0.12,0.28559933214452665,9.81,1,1,11,21,41,-3.0,3.0,0.01,30.0,60.0,1e-09,1e-12,6,0.0001,1,new simulation,nan
15,33,0.26279966607226335,1.9500000000000002,0.5000000000000001,rolling,6.029999999999916,-0.15120884254298061,1.7776416138965039,20,20,0,1.7902215204282521,0.12,0.28559933214452665,9.81,1,1,11,21,41,-3.0,3.0,0.01,30.0,60.0,1e-09,1e-12,6,0.0001,1,new simulation,nan
15,34,0.26279966607226335,2.0999999999999996,0.5000000000000001,rolling,7.2199999999998905,-0.1484701395174372,1.7753862198895534,24,24,0,1.7902276419072203,0.12,0.28559933214452665,9.81,1,1,11,21,41,-3.0,3.0,0.01,30.0,60.0,1e-09,1e-12,6,0.0001,1,new simulation,nan
15,35,0.26279966607226335,2.25,0.5000000000000001,rolling,7.779999999999879,-0.15214823042496606,1.7784218388115827,26,26,0,1.7902134289592022,0.12,0.28559933214452665,9.81,1,1,11,21,41,-3.0,3.0,0.01,30.0,60.0,1e-09,1e-12,6,0.0001,1,new simulation,nan
15,36,0.26279966607226335,2.3999999999999995,0.5000000000000001,rolling,8.029999999999873,-0.1520941199866309,1.7783790284719603,27,27,0,1.7902201785275256,0.12,0.28559933214452665,9.81,1,1,11,21,41,-3.0,3.0,0.01,30.0,60.0,1e-09,1e-12,6,0.0001,1,new simulation,nan
15,37,0.26279966607226335,2.55,0.5000000000000001,rolling,8.279999999999868,-0.1559298112651735,1.7816193343327869,28,28,0,1.7902130368759437,0.12,0.28559933214452665,9.81,1,1,11,21,41,-3.0,3.0,0.01,30.0,60.0,1e-09,1e-12,6,0.0001,1,new simulation,nan
15,38,0.26279966607226335,2.7,0.5000000000000001,rolling,8.529999999999863,-0.16342973537526984,1.788168420472211,29,29,0,1.7901989065289214,0.12,0.28559933214452665,9.81,1,1,11,21,41,-3.0,3.0,0.01,30.0,60.0,1e-09,1e-12,6,0.0001,1,new simulation,nan
15,39,0.26279966607226335,2.8499999999999996,0.5000000000000001,rolling,8.479999999999864,-0.14861670959123577,1.775506128847459,29,29,0,1.7902277880685482,0.12,0.28559933214452665,9.81,1,1,11,21,41,-3.0,3.0,0.01,30.0,60.0,1e-09,1e-12,6,0.0001,1,new simulation,nan
15,40,0.26279966607226335,3.0,0.5000000000000001,rolling,8.729999999999858,-0.162734035992329,1.7875503041576366,30,30,0,1.7902035678122126,0.12,0.28559933214452665,9.81,1,1,11,21,41,-3.0,3.0,0.01,30.0,60.0,1e-09,1e-12,6,0.0001,1,new simulation,nan
16,0,0.291359599286716,-3.0,0.6000000000000001,rolling,10.99999999999981,-0.1620994196716124,1.7868849968001566,31,28,3,1.7899174824389934,0.12,0.28559933214452665,9.81,1,1,11,21,41,-3.0,3.0,0.01,30.0,60.0,1e-09,1e-12,6,0.0001,1,new simulation,nan
16,1,0.291359599286716,-2.85,0.6000000000000001,rolling,10.879999999999812,-0.15549175479732966,1.781134010098247,31,28,3,1.78990223193519,0.12,0.28559933214452665,9.81,1,1,11,21,41,-3.0,3.0,0.01,30.0,60.0,1e-09,1e-12,6,0.0001,1,new simulation,nan
16,2,0.291359599286716,-2.7,0.6000000000000001,rolling,11.299999999999804,-0.16137013220703456,1.7862486750825828,32,29,3,1.7899413836197307,0.12,0.28559933214452665,9.81,1,1,11,21,41,-3.0,3.0,0.01,30.0,60.0,1e-09,1e-12,6,0.0001,1,new simulation,nan
16,3,0.291359599286716,-2.55,0.6000000000000001,rolling,11.709999999999795,-0.15529929070171236,1.7809804820769186,32,29,3,1.7899316967213013,0.12,0.28559933214452665,9.81,1,1,11,21,41,-3.0,3.0,0.01,30.0,60.0,1e-09,1e-12,6,0.0001,1,new simulation,nan
16,4,0.291359599286716,-2.4,0.6000000000000001,settled,2.0000000000000013,-0.16559933214452666,0.0,4,1,3,nan,0.12,0.28559933214452665,9.81,1,1,11,21,41,-3.0,3.0,0.01,30.0,60.0,1e-09,1e-12,6,0.0001,1,new simulation,nan
16,5,0.291359599286716,-2.25,0.6000000000000001,rolling,10.729999999999816,-0.1575096864359346,1.7828696213380169,30,28,2,1.7899138800271703,0.12,0.28559933214452665,9.81,1,1,11,21,41,-3.0,3.0,0.01,30.0,60.0,1e-09,1e-12,6,0.0001,1,new simulation,nan
16,6,0.291359599286716,-2.1,0.6000000000000001,rolling,10.97999999999981,-0.16495352595559104,1.78944513282324,31,29,2,1.7899485262950623,0.12,0.28559933214452665,9.81,1,1,11,21,41,-3.0,3.0,0.01,30.0,60.0,1e-09,1e-12,6,0.0001,1,new simulation,nan
16,7,0.291359599286716,-1.95,0.6000000000000001,rolling,11.149999999999807,-0.16411946323631396,1.7886922695854681,31,29,2,1.7899379682610064,0.12,0.28559933214452665,9.81,1,1,11,21,41,-3.0,3.0,0.01,30.0,60.0,1e-09,1e-12,6,0.0001,1,new simulation,nan
16,8,0.291359599286716,-1.8,0.6000000000000001,rolling,12.009999999999788,-0.1550392670574845,1.7807578619501825,31,29,2,1.789928191459053,0.12,0.28559933214452665,9.81,1,1,11,21,41,-3.0,3.0,0.01,30.0,60.0,1e-09,1e-12,6,0.0001,1,new simulation,nan
16,9,0.291359599286716,-1.6500000000000001,0.6000000000000001,rolling,10.849999999999813,-0.1516386968128377,1.7778928497506787,29,28,1,1.7899242889420055,0.12,0.28559933214452665,9.81,1,1,11,21,41,-3.0,3.0,0.01,30.0,60.0,1e-09,1e-12,6,0.0001,1,new simulation,nan
16,10,0.291359599286716,-1.5,0.6000000000000001,rolling,10.379999999999823,-0.15814043083291485,1.7834128721926608,29,28,1,1.7899078918245281,0.12,0.28559933214452665,9.81,1,1,11,21,41,-3.0,3.0,0.01,30.0,60.0,1e-09,1e-12,6,0.0001,1,new simulation,nan
16,11,0.291359599286716,-1.35,0.6000000000000001,rolling,10.689999999999817,-0.16484837283137013,1.789349290463572,30,29,1,1.7899451302682703,0.12,0.28559933214452665,9.81,1,1,11,21,41,-3.0,3.0,0.01,30.0,60.0,1e-09,1e-12,6,0.0001,1,new simulation,nan
16,12,0.291359599286716,-1.2000000000000002,0.6000000000000001,rolling,10.879999999999812,-0.16471947612980126,1.7892300204748957,30,29,1,1.789935736898733,0.12,0.28559933214452665,9.81,1,1,11,21,41,-3.0,3.0,0.01,30.0,60.0,1e-09,1e-12,6,0.0001,1,new simulation,nan
16,13,0.291359599286716,-1.05,0.6000000000000001,rolling,12.139999999999786,-0.16112085921370387,1.7860239007817464,30,29,1,1.7899274478064466,0.12,0.28559933214452665,9.81,1,1,11,21,41,-3.0,3.0,0.01,30.0,60.0,1e-09,1e-12,6,0.0001,1,new simulation,nan
16,14,0.291359599286716,-0.8999999999999999,0.6000000000000001,rolling,10.819999999999814,-0.1576643614608979,1.783007665472649,28,28,0,1.7899264203864667,0.12,0.28559933214452665,9.81,1,1,11,21,41,-3.0,3.0,0.01,30.0,60.0,1e-09,1e-12,6,0.0001,1,new simulation,nan
16,15,0.291359599286716,-0.75,0.6000000000000001,rolling,9.989999999999831,-0.15489322470057415,1.7806287018248073,28,28,0,1.7899142831765233,0.12,0.28559933214452665,9.81,1,1,11,21,41,-3.0,3.0,0.01,30.0,60.0,1e-09,1e-12,6,0.0001,1,new simulation,nan
16,16,0.291359599286716,-0.6000000000000001,0.6000000000000001,rolling,9.849999999999834,-0.15938472990143443,1.784493372147428,28,28,0,1.7899043537138348,0.12,0.28559933214452665,9.81,1,1,11,21,41,-3.0,3.0,0.01,30.0,60.0,1e-09,1e-12,6,0.0001,1,new simulation,nan
16,17,0.291359599286716,-0.4500000000000002,0.6000000000000001,rolling,10.109999999999829,-0.15966369713047038,1.784752428894938,29,29,0,1.7899476604373754,0.12,0.28559933214452665,9.81,1,1,11,21,41,-3.0,3.0,0.01,30.0,60.0,1e-09,1e-12,6,0.0001,1,new simulation,nan
16,18,0.291359599286716,-0.30000000000000027,0.6000000000000001,rolling,10.07999999999983,-0.16559555945346072,1.7900224167853112,29,29,0,1.7899437562706233,0.12,0.28559933214452665,9.81,1,1,11,21,41,-3.0,3.0,0.01,30.0,60.0,1e-09,1e-12,6,0.0001,1,new simulation,nan
16,19,0.291359599286716,-0.1499999999999999,0.6000000000000001,rolling,10.05999999999983,-0.15690828826281045,1.782361311420176,29,29,0,1.7899414144034225,0.12,0.28559933214452665,9.81,1,1,11,21,41,-3.0,3.0,0.01,30.0,60.0,1e-09,1e-12,6,0.0001,1,new simulation,nan
16,20,0.291359599286716,0.0,0.6000000000000001,rolling,10.01999999999983,-0.15491194367424393,1.7806540444621624,29,29,0,1.7899406325856442,0.12,0.28559933214452665,9.81,1,1,11,21,41,-3.0,3.0,0.01,30.0,60.0,1e-09,1e-12,6,0.0001,1,new simulation,nan
16,21,0.291359599286716,0.1499999999999999,0.6000000000000001,rolling,9.949999999999832,-0.16151141151737802,1.7863734010326113,29,29,0,1.7899414144960495,0.12,0.28559933214452665,9.81,1,1,11,21,41,-3.0,3.0,0.01,30.0,60.0,1e-09,1e-12,6,0.0001,1,new simulation,nan
16,22,0.291359599286716,0.2999999999999998,0.6000000000000001,rolling,9.859999999999834,-0.16377507204817202,1.7883860276477528,29,29,0,1.7899437573680854,0.12,0.28559933214452665,9.81,1,1,11,21,41,-3.0,3.0,0.01,30.0,60.0,1e-09,1e-12,6,0.0001,1,new simulation,nan
16,23,0.291359599286716,0.44999999999999973,0.6000000000000001,rolling,9.759999999999836,-0.16058167934078757,1.7855567373636196,29,29,0,1.7899476599263764,0.12,0.28559933214452665,9.81,1,1,11,21,41,-3.0,3.0,0.01,30.0,60.0,1e-09,1e-12,6,0.0001,1,new simulation,nan
16,24,0.291359599286716,0.5999999999999996,0.6000000000000001,rolling,9.339999999999845,-0.15971525644763904,1.7847820277504953,28,28,0,1.789904353693612,0.12,0.28559933214452665,9.81,1,1,11,21,41,-3.0,3.0,0.01,30.0,60.0,1e-09,1e-12,6,0.0001,1,new simulation,nan
16,25,0.291359599286716,0.75,0.6000000000000001,rolling,9.239999999999847,-0.1510209766208915,1.7773753551056333,28,28,0,1.78991428306961,0.12,0.28559933214452665,9.81,1,1,11,21,41,-3.0,3.0,0.01,30.0,60.0,1e-09,1e-12,6,0.0001,1,new simulation,nan
16,26,0.291359599286716,0.8999999999999999,0.6000000000000001,rolling,9.13999999999985,-0.14885385282776487,1.7755921003158068,28,28,0,1.7899264203195029,0.12,0.28559933214452665,9.81,1,1,11,21,41,-3.0,3.0,0.01,30.0,60.0,1e-09,1e-12,6,0.0001,1,new simulation,nan
16,27,0.291359599286716,1.0499999999999998,0.6000000000000001,rolling,9.039999999999852,-0.15474800055071483,1.7805148032809286,28,28,0,1.7899407636559352,0.12,0.28559933214452665,9.81,1,1,11,21,41,-3.0,3.0,0.01,30.0,60.0,1e-09,1e-12,6,0.0001,1,new simulation,nan
16,28,0.291359599286716,1.2000000000000002,0.6000000000000001,rolling,8.62999999999986,-0.1609794572566425,1.7858932208164597,27,27,0,1.7899102687340214,0.12,0.28559933214452665,9.81,1,1,11,21,41,-3.0,3.0,0.01,30.0,60.0,1e-09,1e-12,6,0.0001,1,new simulation,nan
16,29,0.291359599286716,1.3499999999999996,0.6000000000000001,rolling,8.539999999999862,-0.16521838899435629,1.7896795531175211,27,27,0,1.7899367728841975,0.12,0.28559933214452665,9.81,1,1,11,21,41,-3.0,3.0,0.01,30.0,60.0,1e-09,1e-12,6,0.0001,1,new simulation,nan
16,30,0.291359599286716,1.5,0.6000000000000001,rolling,8.14999999999987,-0.15097926077463653,1.777343883465415,26,26,0,1.7899231003328495,0.12,0.28559933214452665,9.81,1,1,11,21,41,-3.0,3.0,0.01,30.0,60.0,1e-09,1e-12,6,0.0001,1,new simulation,nan
16,31,0.291359599286716,1.6499999999999995,0.6000000000000001,rolling,7.749999999999879,-0.16128224565094695,1.7861661172933232,25,25,0,1.7899272937316262,0.12,0.28559933214452665,9.81,1,1,11,21,41,-3.0,3.0,0.01,30.0,60.0,1e-09,1e-12,6,0.0001,1,new simulation,nan
16,32,0.291359599286716,1.7999999999999998,0.6000000000000001,rolling,7.049999999999894,-0.15198376584874668,1.7781816663390326,23,23,0,1.7899267977654396,0.12,0.28559933214452665,9.81,1,1,11,21,41,-3.0,3.0,0.01,30.0,60.0,1e-09,1e-12,6,0.0001,1,new simulation,nan
16,33,0.291359599286716,1.9500000000000002,0.6000000000000001,rolling,4.769999999999943,-0.16226913734462606,1.7871341971411356,16,16,0,1.7901943603162855,0.12,0.28559933214452665,9.81,1,1,11,21,41,-3.0,3.0,0.01,30.0,60.0,1e-09,1e-12,6,0.0001,1,new simulation,nan
16,34,0.291359599286716,2.0999999999999996,0.6000000000000001,rolling,7.2199999999998905,-0.15388888673582224,1.7798791083688457,24,24,0,1.790197687202813,0.12,0.28559933214452665,9.81,1,1,11,21,41,-3.0,3.0,0.01,30.0,60.0,1e-09,1e-12,6,0.0001,1,new simulation,nan
16,35,0.291359599286716,2.25,0.6000000000000001,rolling,7.779999999999879,-0.15620952353819065,1.7818534892036584,26,26,0,1.7901984269438527,0.12,0.28559933214452665,9.81,1,1,11,21,41,-3.0,3.0,0.01,30.0,60.0,1e-09,1e-12,6,0.0001,1,new simulation,nan
16,36,0.291359599286716,2.3999999999999995,0.6000000000000001,rolling,8.029999999999873,-0.15502286063326906,1.7808446174637542,27,27,0,1.790209560215435,0.12,0.28559933214452665,9.81,1,1,11,21,41,-3.0,3.0,0.01,30.0,60.0,1e-09,1e-12,6,0.0001,1,new simulation,nan
16,37,0.291359599286716,2.55,0.6000000000000001,rolling,8.279999999999868,-0.15791928660594934,1.7833278113530284,28,28,0,1.7902055230054597,0.12,0.28559933214452665,9.81,1,1,11,21,41,-3.0,3.0,0.01,30.0,60.0,1e-09,1e-12,6,0.0001,1,new simulation,nan
16,38,0.291359599286716,2.7,0.6000000000000001,rolling,8.529999999999863,-0.16463208393948317,1.7892433297538566,29,29,0,1.7901935878824442,0.12,0.28559933214452665,9.81,1,1,11,21,41,-3.0,3.0,0.01,30.0,60.0,1e-09,1e-12,6,0.0001,1,new simulation,nan
16,39,0.291359599286716,2.8499999999999996,0.6000000000000001,rolling,8.479999999999864,-0.14914531444511436,1.7759373910398817,29,29,0,1.7902224713855193,0.12,0.28559933214452665,9.81,1,1,11,21,41,-3.0,3.0,0.01,30.0,60.0,1e-09,1e-12,6,0.0001,1,new simulation,nan
16,40,0.291359599286716,3.0,0.6000000000000001,rolling,8.729999999999858,-0.1626998509421769,1.787518570565418,30,30,0,1.7901998058767996,0.12,0.28559933214452665,9.81,1,1,11,21,41,-3.0,3.0,0.01,30.0,60.0,1e-09,1e-12,6,0.0001,1,new simulation,nan
17,0,0.31991953250116867,-3.0,0.7000000000000001,rolling,10.95999999999981,-0.15385153052404513,1.7797461516683133,31,28,3,1.7899145519678372,0.12,0.28559933214452665,9.81,1,1,11,21,41,-3.0,3.0,0.01,30.0,60.0,1e-09,1e-12,6,0.0001,1,new simulation,nan
17,1,0.31991953250116867,-2.85,0.7000000000000001,rolling,11.209999999999805,-0.157926863577174,1.783242871106206,32,29,3,1.7899495492912918,0.12,0.28559933214452665,9.81,1,1,11,21,41,-3.0,3.0,0.01,30.0,60.0,1e-09,1e-12,6,0.0001,1,new simulation,nan
17,2,0.31991953250116867,-2.7,0.7000000000000001,rolling,11.359999999999802,-0.1613013829740826,1.7861872830872139,32,29,3,1.7899393088956437,0.12,0.28559933214452665,9.81,1,1,11,21,41,-3.0,3.0,0.01,30.0,60.0,1e-09,1e-12,6,0.0001,1,new simulation,nan
17,3,0.31991953250116867,-2.55,0.7000000000000001,rolling,11.94999999999979,-0.1570867973367278,1.7825107045752764,32,29,3,1.7899296223440968,0.12,0.28559933214452665,9.81,1,1,11,21,41,-3.0,3.0,0.01,30.0,60.0,1e-09,1e-12,6,0.0001,1,new simulation,nan
17,4,0.31991953250116867,-2.4,0.7000000000000001,rolling,11.769999999999794,-0.15207549695897876,1.7782583328428967,30,28,2,1.7899268698794082,0.12,0.28559933214452665,9.81,1,1,11,21,41,-3.0,3.0,0.01,30.0,60.0,1e-09,1e-12,6,0.0001,1,new simulation,nan
17,5,0.31991953250116867,-2.25,0.7000000000000001,rolling,10.699999999999816,-0.1557560007533381,1.7813622640323379,30,28,2,1.7899097412167633,0.12,0.28559933214452665,9.81,1,1,11,21,41,-3.0,3.0,0.01,30.0,60.0,1e-09,1e-12,6,0.0001,1,new simulation,nan
17,6,0.31991953250116867,-2.1,0.7000000000000001,rolling,11.01999999999981,-0.16026954412538127,1.785282044235949,31,29,2,1.7899455959742816,0.12,0.28559933214452665,9.81,1,1,11,21,41,-3.0,3.0,0.01,30.0,60.0,1e-09,1e-12,6,0.0001,1,new simulation,nan
17,7,0.31991953250116867,-1.95,0.7000000000000001,rolling,11.279999999999804,-0.15045704177307612,1.7769153278602654,31,29,2,1.78993503858512,0.12,0.28559933214452665,9.81,1,1,11,21,41,-3.0,3.0,0.01,30.0,60.0,1e-09,1e-12,6,0.0001,1,new simulation,nan
17,8,0.31991953250116867,-1.8,0.7000000000000001,settled,1.5300000000000011,-0.16559933214452666,0.0,3,1,2,nan,0.12,0.28559933214452665,9.81,1,1,11,21,41,-3.0,3.0,0.01,30.0,60.0,1e-09,1e-12,6,0.0001,1,new simulation,nan
17,9,0.31991953250116867,-1.6500000000000001,0.7000000000000001,rolling,10.55999999999982,-0.1548715529585767,1.7806117714389484,29,28,1,1.789918437694281,0.12,0.28559933214452665,9.81,1,1,11,21,41,-3.0,3.0,0.01,30.0,60.0,1e-09,1e-12,6,0.0001,1,new simulation,nan
17,10,0.31991953250116867,-1.5,0.7000000000000001,rolling,10.379999999999823,-0.1521107122538633,1.778278867001856,29,28,1,1.7899020419361162,0.12,0.28559933214452665,9.81,1,1,11,21,41,-3.0,3.0,0.01,30.0,60.0,1e-09,1e-12,6,0.0001,1,new simulation,nan
17,11,0.31991953250116867,-1.35,0.7000000000000001,rolling,10.769999999999815,-0.1564719483560266,1.7819863521155592,30,29,1,1.789940989425216,0.12,0.28559933214452665,9.81,1,1,11,21,41,-3.0,3.0,0.01,30.0,60.0,1e-09,1e-12,6,0.0001,1,new simulation,nan
17,12,0.31991953250116867,-1.2000000000000002,0.7000000000000001,rolling,11.129999999999807,-0.160495875430175,1.7854756455273346,30,29,1,1.7899315947883154,0.12,0.28559933214452665,9.81,1,1,11,21,41,-3.0,3.0,0.01,30.0,60.0,1e-09,1e-12,6,0.0001,1,new simulation,nan
17,13,0.31991953250116867,-1.05,0.7000000000000001,settled,1.270000000000001,-0.16559933214452666,0.0,2,1,1,nan,0.12,0.28559933214452665,9.81,1,1,11,21,41,-3.0,3.0,0.01,30.0,60.0,1e-09,1e-12,6,0.0001,1,new simulation,nan
17,14,0.31991953250116867,-0.8999999999999999,0.7000000000000001,rolling,10.119999999999829,-0.15703271401192304,1.7824600486465783,28,28,0,1.789918153350694,0.12,0.28559933214452665,9.81,1,1,11,21,41,-3.0,3.0,0.01,30.0,60.0,1e-09,1e-12,6,0.0001,1,new simulation,nan
17,15,0.31991953250116867,-0.75,0.7000000000000001,rolling,9.909999999999833,-0.15537448178527255,1.7810353677245907,28,28,0,1.7899060151198258,0.12,0.28559933214452665,9.81,1,1,11,21,41,-3.0,3.0,0.01,30.0,60.0,1e-09,1e-12,6,0.0001,1,new simulation,nan
17,16,0.31991953250116867,-0.6000000000000001,0.7000000000000001,rolling,10.159999999999828,-0.1638403342870502,1.7884456594485094,29,29,0,1.7899472740595386,0.12,0.28559933214452665,9.81,1,1,11,21,41,-3.0,3.0,0.01,30.0,60.0,1e-09,1e-12,6,0.0001,1,new simulation,nan
17,17,0.31991953250116867,-0.4500000000000002,0.7000000000000001,rolling,10.159999999999828,-0.15191795932346597,1.7781320936074902,29,29,0,1.7899418102218665,0.12,0.28559933214452665,9.81,1,1,11,21,41,-3.0,3.0,0.01,30.0,60.0,1e-09,1e-12,6,0.0001,1,new simulation,nan
17,18,0.31991953250116867,-0.30000000000000027,0.7000000000000001,rolling,10.169999999999828,-0.16214771976144018,1.7869350821665737,29,29,0,1.7899379062822514,0.12,0.28559933214452665,9.81,1,1,11,21,41,-3.0,3.0,0.01,30.0,60.0,1e-09,1e-12,6,0.0001,1,new simulation,nan
17,19,0.31991953250116867,-0.1499999999999999,0.7000000000000001,rolling,10.179999999999827,-0.1653244634723636,1.7897747758157505,29,29,0,1.7899355623117206,0.12,0.28559933214452665,9.81,1,1,11,21,41,-3.0,3.0,0.01,30.0,60.0,1e-09,1e-12,6,0.0001,1,new simulation,nan
17,20,0.31991953250116867,0.0,0.7000000000000001,rolling,10.159999999999828,-0.16008958658644235,1.7851204605071904,29,29,0,1.789934782125138,0.12,0.28559933214452665,9.81,1,1,11,21,41,-3.0,3.0,0.01,30.0,60.0,1e-09,1e-12,6,0.0001,1,new simulation,nan
17,21,0.31991953250116867,0.1499999999999999,0.7000000000000001,rolling,10.08999999999983,-0.15112132510309156,1.777466339542116,29,29,0,1.7899355629557772,0.12,0.28559933214452665,9.81,1,1,11,21,41,-3.0,3.0,0.01,30.0,60.0,1e-09,1e-12,6,0.0001,1,new simulation,nan
17,22,0.31991953250116867,0.2999999999999998,0.7000000000000001,rolling,9.969999999999832,-0.1612139867892632,1.7861097132839376,29,29,0,1.789937905461746,0.12,0.28559933214452665,9.81,1,1,11,21,41,-3.0,3.0,0.01,30.0,60.0,1e-09,1e-12,6,0.0001,1,new simulation,nan
17,23,0.31991953250116867,0.44999999999999973,0.7000000000000001,rolling,9.839999999999835,-0.16302470881135503,1.7877156360480815,29,29,0,1.7899418097117368,0.12,0.28559933214452665,9.81,1,1,11,21,41,-3.0,3.0,0.01,30.0,60.0,1e-09,1e-12,6,0.0001,1,new simulation,nan
17,24,0.31991953250116867,0.5999999999999996,0.7000000000000001,rolling,9.719999999999837,-0.14912546322594605,1.775822322198932,29,29,0,1.7899472747892424,0.12,0.28559933214452665,9.81,1,1,11,21,41,-3.0,3.0,0.01,30.0,60.0,1e-09,1e-12,6,0.0001,1,new simulation,nan
17,25,0.31991953250116867,0.75,0.7000000000000001,rolling,9.279999999999847,-0.1579018738093709,1.7832056935501799,28,28,0,1.7899060161815485,0.12,0.28559933214452665,9.81,1,1,11,21,41,-3.0,3.0,0.01,30.0,60.0,1e-09,1e-12,6,0.0001,1,new simulation,nan
17,26,0.31991953250116867,0.8999999999999999,0.7000000000000001,rolling,9.169999999999849,-0.15383430622494146,1.7797328942230721,28,28,0,1.7899181532206778,0.12,0.28559933214452665,9.81,1,1,11,21,41,-3.0,3.0,0.01,30.0,60.0,1e-09,1e-12,6,0.0001,1,new simulation,nan
17,27,0.31991953250116867,1.0499999999999998,0.7000000000000001,rolling,9.059999999999851,-0.16362469633069127,1.7882475789573276,28,28,0,1.7899324947167,0.12,0.28559933214452665,9.81,1,1,11,21,41,-3.0,3.0,0.01,30.0,60.0,1e-09,1e-12,6,0.0001,1,new simulation,nan
17,28,0.31991953250116867,1.2000000000000002,0.7000000000000001,rolling,8.969999999999853,-0.1499131450655012,1.7764710229649128,28,28,0,1.7899490451937892,0.12,0.28559933214452665,9.81,1,1,11,21,41,-3.0,3.0,0.01,30.0,60.0,1e-09,1e-12,6,0.0001,1,new simulation,nan
17,29,0.31991953250116867,1.3499999999999996,0.7000000000000001,rolling,8.559999999999862,-0.15658914136647117,1.7820812383866487,27,27,0,1.789925090231537,0.12,0.28559933214452665,9.81,1,1,11,21,41,-3.0,3.0,0.01,30.0,60.0,1e-09,1e-12,6,0.0001,1,new simulation,nan
17,30,0.31991953250116867,1.5,0.7000000000000001,rolling,8.15999999999987,-0.15458353756479243,1.780362974206155,26,26,0,1.7899065924987496,0.12,0.28559933214452665,9.81,1,1,11,21,41,-3.0,3.0,0.01,30.0,60.0,1e-09,1e-12,6,0.0001,1,new simulation,nan
17,31,0.31991953250116867,1.6499999999999995,0.7000000000000001,rolling,7.759999999999879,-0.16057807789524936,1.785537978742256,25,25,0,1.7899039676687882,0.12,0.28559933214452665,9.81,1,1,11,21,41,-3.0,3.0,0.01,30.0,60.0,1e-09,1e-12,6,0.0001,1,new simulation,nan
17,32,0.31991953250116867,1.7999999999999998,0.7000000000000001,rolling,7.369999999999887,-0.15582948081038478,1.7814344640056248,24,24,0,1.7899360528925812,0.12,0.28559933214452665,9.81,1,1,11,21,41,-3.0,3.0,0.01,30.0,60.0,1e-09,1e-12,6,0.0001,1,new simulation,nan
17,33,0.31991953250116867,1.9500000000000002,0.7000000000000001,rolling,5.7199999999999225,-0.16134463702200305,1.7862218417789613,19,19,0,1.7899292248697407,0.12,0.28559933214452665,9.81,1,1,11,21,41,-3.0,3.0,0.01,30.0,60.0,1e-09,1e-12,6,0.0001,1,new simulation,nan
17,34,0.31991953250116867,2.0999999999999996,0.7000000000000001,rolling,6.909999999999897,-0.1548430480561635,1.780689542540353,23,23,0,1.7902033637187955,0.12,0.28559933214452665,9.81,1,1,11,21,41,-3.0,3.0,0.01,30.0,60.0,1e-09,1e-12,6,0.0001,1,new simulation,nan
17,35,0.31991953250116867,2.25,0.7000000000000001,rolling,7.469999999999885,-0.15539514496779566,1.781168082270894,25,25,0,1.7902276462559206,0.12,0.28559933214452665,9.81,1,1,11,21,41,-3.0,3.0,0.01,30.0,60.0,1e-09,1e-12,6,0.0001,1,new simulation,nan
17,36,0.31991953250116867,2.3999999999999995,0.7000000000000001,rolling,8.029999999999873,-0.16065061281893733,1.7857066246964852,27,27,0,1.79019788121905,0.12,0.28559933214452665,9.81,1,1,11,21,41,-3.0,3.0,0.01,30.0,60.0,1e-09,1e-12,6,0.0001,1,new simulation,nan
17,37,0.31991953250116867,2.55,0.7000000000000001,rolling,8.279999999999868,-0.16232923045802453,1.7871885319559393,28,28,0,1.790197256541105,0.12,0.28559933214452665,9.81,1,1,11,21,41,-3.0,3.0,0.01,30.0,60.0,1e-09,1e-12,6,0.0001,1,new simulation,nan
17,38,0.31991953250116867,2.7,0.7000000000000001,rolling,8.21999999999987,-0.1600908980084563,1.785229112396407,28,28,0,1.7902358640865057,0.12,0.28559933214452665,9.81,1,1,11,21,41,-3.0,3.0,0.01,30.0,60.0,1e-09,1e-12,6,0.0001,1,new simulation,nan
17,39,0.31991953250116867,2.8499999999999996,0.7000000000000001,rolling,8.479999999999864,-0.151646685608957,1.7780043116165312,29,29,0,1.790216622198536,0.12,0.28559933214452665,9.81,1,1,11,21,41,-3.0,3.0,0.01,30.0,60.0,1e-09,1e-12,6,0.0001,1,new simulation,nan
17,40,0.31991953250116867,3.0,0.7000000000000001,rolling,8.729999999999858,-0.16447761737589472,1.7891053312323457,30,30,0,1.7901956656463482,0.12,0.28559933214452665,9.81,1,1,11,21,41,-3.0,3.0,0.01,30.0,60.0,1e-09,1e-12,6,0.0001,1,new simulation,nan
18,0,0.34847946571562133,-3.0,0.8,rolling,10.929999999999811,-0.15795544794579036,1.7832539543416759,31,28,3,1.7899113573140177,0.12,0.28559933214452665,9.81,1,1,11,21,41,-3.0,3.0,0.01,30.0,60.0,1e-09,1e-12,6,0.0001,1,new simulation,nan
18,1,0.34847946571562133,-2.85,0.8,rolling,11.239999999999805,-0.15087568868659298,1.777266601789098,32,29,3,1.7899472895943613,0.12,0.28559933214452665,9.81,1,1,11,21,41,-3.0,3.0,0.01,30.0,60.0,1e-09,1e-12,6,0.0001,1,new simulation,nan
18,2,0.34847946571562133,-2.7,0.8,rolling,11.4399999999998,-0.16227875486715132,1.787050950529394,32,29,3,1.7899370483492119,0.12,0.28559933214452665,9.81,1,1,11,21,41,-3.0,3.0,0.01,30.0,60.0,1e-09,1e-12,6,0.0001,1,new simulation,nan
18,3,0.34847946571562133,-2.55,0.8,rolling,12.979999999999768,-0.16293139357246855,1.7876273988541143,32,29,3,1.7899273625693668,0.12,0.28559933214452665,9.81,1,1,11,21,41,-3.0,3.0,0.01,30.0,60.0,1e-09,1e-12,6,0.0001,1,new simulation,nan
18,4,0.34847946571562133,-2.4,0.8,rolling,10.99999999999981,-0.1552117310565973,1.780902560899388,30,28,2,1.789922357260915,0.12,0.28559933214452665,9.81,1,1,11,21,41,-3.0,3.0,0.01,30.0,60.0,1e-09,1e-12,6,0.0001,1,new simulation,nan
18,5,0.34847946571562133,-2.25,0.8,rolling,10.689999999999817,-0.15733605444484397,1.7827167428652522,30,28,2,1.7899052262909179,0.12,0.28559933214452665,9.81,1,1,11,21,41,-3.0,3.0,0.01,30.0,60.0,1e-09,1e-12,6,0.0001,1,new simulation,nan
18,6,0.34847946571562133,-2.1,0.8,rolling,11.079999999999808,-0.15674716947976508,1.7822231555485535,31,29,2,1.7899424012257583,0.12,0.28559933214452665,9.81,1,1,11,21,41,-3.0,3.0,0.01,30.0,60.0,1e-09,1e-12,6,0.0001,1,new simulation,nan
18,7,0.34847946571562133,-1.95,0.8,rolling,11.4799999999998,-0.1573822060502214,1.7827660579913451,31,29,2,1.7899318435053486,0.12,0.28559933214452665,9.81,1,1,11,21,41,-3.0,3.0,0.01,30.0,60.0,1e-09,1e-12,6,0.0001,1,new simulation,nan
18,8,0.34847946571562133,-1.8,0.8,settled,1.8500000000000014,-0.16559933214452666,0.0,3,1,2,nan,0.12,0.28559933214452665,9.81,1,1,11,21,41,-3.0,3.0,0.01,30.0,60.0,1e-09,1e-12,6,0.0001,1,new simulation,nan
18,9,0.34847946571562133,-1.6500000000000001,0.8,rolling,10.459999999999821,-0.14891556124739092,1.775637516694978,29,28,1,1.7899120606518857,0.12,0.28559933214452665,9.81,1,1,11,21,41,-3.0,3.0,0.01,30.0,60.0,1e-09,1e-12,6,0.0001,1,new simulation,nan
18,10,0.34847946571562133,-1.5,0.8,rolling,10.719999999999816,-0.15845241924499598,1.7836973457864957,30,29,1,1.7899469751429098,0.12,0.28559933214452665,9.81,1,1,11,21,41,-3.0,3.0,0.01,30.0,60.0,1e-09,1e-12,6,0.0001,1,new simulation,nan
18,11,0.34847946571562133,-1.35,0.8,rolling,10.899999999999812,-0.16256361442451972,1.7873035974034117,30,29,1,1.789936476273885,0.12,0.28559933214452665,9.81,1,1,11,21,41,-3.0,3.0,0.01,30.0,60.0,1e-09,1e-12,6,0.0001,1,new simulation,nan
18,12,0.34847946571562133,-1.2000000000000002,0.8,settled,1.1100000000000008,-0.16559933214452666,0.0,2,1,1,nan,0.12,0.28559933214452665,9.81,1,1,11,21,41,-3.0,3.0,0.01,30.0,60.0,1e-09,1e-12,6,0.0001,1,new simulation,nan
18,13,0.34847946571562133,-1.05,0.8,rolling,10.409999999999823,-0.15258417989138767,1.778682886761283,28,28,0,1.7899234826574981,0.12,0.28559933214452665,9.81,1,1,11,21,41,-3.0,3.0,0.01,30.0,60.0,1e-09,1e-12,6,0.0001,1,new simulation,nan
18,14,0.34847946571562133,-0.8999999999999999,0.8,rolling,9.979999999999832,-0.15153430463601036,1.7778004340896265,28,28,0,1.7899091395374842,0.12,0.28559933214452665,9.81,1,1,11,21,41,-3.0,3.0,0.01,30.0,60.0,1e-09,1e-12,6,0.0001,1,new simulation,nan
18,15,0.34847946571562133,-0.75,0.8,rolling,10.209999999999827,-0.15469043312054329,1.7804684870906315,29,29,0,1.7899479237441478,0.12,0.28559933214452665,9.81,1,1,11,21,41,-3.0,3.0,0.01,30.0,60.0,1e-09,1e-12,6,0.0001,1,new simulation,nan
18,16,0.34847946571562133,-0.6000000000000001,0.8,rolling,10.219999999999827,-0.14889438149249484,1.775630507131957,29,29,0,1.7899408966749224,0.12,0.28559933214452665,9.81,1,1,11,21,41,-3.0,3.0,0.01,30.0,60.0,1e-09,1e-12,6,0.0001,1,new simulation,nan
18,17,0.34847946571562133,-0.4500000000000002,0.8,rolling,10.279999999999825,-0.1615242467864189,1.7863826028261094,29,29,0,1.789935432729882,0.12,0.28559933214452665,9.81,1,1,11,21,41,-3.0,3.0,0.01,30.0,60.0,1e-09,1e-12,6,0.0001,1,new simulation,nan
18,18,0.34847946571562133,-0.30000000000000027,0.8,rolling,10.409999999999823,-0.1588287908343057,1.7840188039249418,29,29,0,1.789931527413467,0.12,0.28559933214452665,9.81,1,1,11,21,41,-3.0,3.0,0.01,30.0,60.0,1e-09,1e-12,6,0.0001,1,new simulation,nan
18,19,0.34847946571562133,-0.1499999999999999,0.8,rolling,10.599999999999818,-0.1564545464950368,1.7819672026493414,29,29,0,1.789929185076805,0.12,0.28559933214452665,9.81,1,1,11,21,41,-3.0,3.0,0.01,30.0,60.0,1e-09,1e-12,6,0.0001,1,new simulation,nan
18,20,0.34847946571562133,0.0,0.8,rolling,10.709999999999816,-0.16294172316090624,1.7876369632377815,29,29,0,1.7899284037239385,0.12,0.28559933214452665,9.81,1,1,11,21,41,-3.0,3.0,0.01,30.0,60.0,1e-09,1e-12,6,0.0001,1,new simulation,nan
18,21,0.34847946571562133,0.1499999999999999,0.8,rolling,10.50999999999982,-0.1562484419384604,1.7817905142544765,29,29,0,1.7899291858814148,0.12,0.28559933214452665,9.81,1,1,11,21,41,-3.0,3.0,0.01,30.0,60.0,1e-09,1e-12,6,0.0001,1,new simulation,nan
18,22,0.34847946571562133,0.2999999999999998,0.8,rolling,10.229999999999826,-0.1521561494251581,1.7783274215762952,29,29,0,1.7899315279761974,0.12,0.28559933214452665,9.81,1,1,11,21,41,-3.0,3.0,0.01,30.0,60.0,1e-09,1e-12,6,0.0001,1,new simulation,nan
18,23,0.34847946571562133,0.44999999999999973,0.8,rolling,9.999999999999831,-0.15199439209441912,1.7781936365476114,29,29,0,1.7899354314015208,0.12,0.28559933214452665,9.81,1,1,11,21,41,-3.0,3.0,0.01,30.0,60.0,1e-09,1e-12,6,0.0001,1,new simulation,nan
18,24,0.34847946571562133,0.5999999999999996,0.8,rolling,9.809999999999835,-0.16318256135305992,1.7878559619430552,29,29,0,1.7899408972778943,0.12,0.28559933214452665,9.81,1,1,11,21,41,-3.0,3.0,0.01,30.0,60.0,1e-09,1e-12,6,0.0001,1,new simulation,nan
18,25,0.34847946571562133,0.75,0.8,rolling,9.659999999999838,-0.1586643360206434,1.7838817000759886,29,29,0,1.789947923843787,0.12,0.28559933214452665,9.81,1,1,11,21,41,-3.0,3.0,0.01,30.0,60.0,1e-09,1e-12,6,0.0001,1,new simulation,nan
18,26,0.34847946571562133,0.8999999999999999,0.8,rolling,9.219999999999848,-0.14800412979835598,1.7748914917471421,28,28,0,1.7899091403112288,0.12,0.28559933214452665,9.81,1,1,11,21,41,-3.0,3.0,0.01,30.0,60.0,1e-09,1e-12,6,0.0001,1,new simulation,nan
18,27,0.34847946571562133,1.0499999999999998,0.8,rolling,9.09999999999985,-0.1536843224972057,1.7796081829082133,28,28,0,1.7899234833132749,0.12,0.28559933214452665,9.81,1,1,11,21,41,-3.0,3.0,0.01,30.0,60.0,1e-09,1e-12,6,0.0001,1,new simulation,nan
18,28,0.34847946571562133,1.2000000000000002,0.8,rolling,8.989999999999853,-0.16089192710686342,1.7858267983695133,28,28,0,1.7899400334512083,0.12,0.28559933214452665,9.81,1,1,11,21,41,-3.0,3.0,0.01,30.0,60.0,1e-09,1e-12,6,0.0001,1,new simulation,nan
18,29,0.34847946571562133,1.3499999999999996,0.8,rolling,8.579999999999862,-0.15722476557494844,1.7826233670841998,27,27,0,1.7899123559074266,0.12,0.28559933214452665,9.81,1,1,11,21,41,-3.0,3.0,0.01,30.0,60.0,1e-09,1e-12,6,0.0001,1,new simulation,nan
18,30,0.34847946571562133,1.5,0.8,rolling,8.489999999999863,-0.15561393330079415,1.781252480049292,27,27,0,1.789941975083198,0.12,0.28559933214452665,9.81,1,1,11,21,41,-3.0,3.0,0.01,30.0,60.0,1e-09,1e-12,6,0.0001,1,new simulation,nan
18,31,0.34847946571562133,1.6499999999999995,0.8,rolling,8.089999999999872,-0.15593295876227867,1.7815224995499261,26,26,0,1.7899348584245771,0.12,0.28559933214452665,9.81,1,1,11,21,41,-3.0,3.0,0.01,30.0,60.0,1e-09,1e-12,6,0.0001,1,new simulation,nan
18,32,0.34847946571562133,1.7999999999999998,0.8,rolling,7.6899999999998805,-0.1646478146992919,1.7891707341403942,25,25,0,1.7899501315628417,0.12,0.28559933214452665,9.81,1,1,11,21,41,-3.0,3.0,0.01,30.0,60.0,1e-09,1e-12,6,0.0001,1,new simulation,nan
18,33,0.34847946571562133,1.9500000000000002,0.8,rolling,6.669999999999902,-0.16474514594184264,1.789257878847302,22,22,0,1.789949151347552,0.12,0.28559933214452665,9.81,1,1,11,21,41,-3.0,3.0,0.01,30.0,60.0,1e-09,1e-12,6,0.0001,1,new simulation,nan
18,34,0.34847946571562133,2.0999999999999996,0.8,rolling,6.28999999999991,-0.15151876064334965,1.7779038624799823,21,21,0,1.7902337272462174,0.12,0.28559933214452665,9.81,1,1,11,21,41,-3.0,3.0,0.01,30.0,60.0,1e-09,1e-12,6,0.0001,1,new simulation,nan
18,35,0.34847946571562133,2.25,0.8,rolling,7.479999999999885,-0.14785022028138198,1.7748713658188615,25,25,0,1.7902022265546895,0.12,0.28559933214452665,9.81,1,1,11,21,41,-3.0,3.0,0.01,30.0,60.0,1e-09,1e-12,6,0.0001,1,new simulation,nan
18,36,0.34847946571562133,2.3999999999999995,0.8,rolling,7.71999999999988,-0.1611717493288064,1.786177506470462,26,26,0,1.790232205245095,0.12,0.28559933214452665,9.81,1,1,11,21,41,-3.0,3.0,0.01,30.0,60.0,1e-09,1e-12,6,0.0001,1,new simulation,nan
18,37,0.34847946571562133,2.55,0.8,rolling,7.9699999999998745,-0.16132089503892738,1.7863105765192981,27,27,0,1.7902365834043497,0.12,0.28559933214452665,9.81,1,1,11,21,41,-3.0,3.0,0.01,30.0,60.0,1e-09,1e-12,6,0.0001,1,new simulation,nan
18,38,0.34847946571562133,2.7,0.8,rolling,8.229999999999869,-0.14790206111095683,1.7749224276054572,28,28,0,1.7902268537548036,0.12,0.28559933214452665,9.81,1,1,11,21,41,-3.0,3.0,0.01,30.0,60.0,1e-09,1e-12,6,0.0001,1,new simulation,nan
18,39,0.34847946571562133,2.8499999999999996,0.8,rolling,8.479999999999864,-0.15617750043199097,1.7818302905293646,29,29,0,1.7902102436797944,0.12,0.28559933214452665,9.81,1,1,11,21,41,-3.0,3.0,0.01,30.0,60.0,1e-09,1e-12,6,0.0001,1,new simulation,nan
18,40,0.34847946571562133,3.0,0.8,rolling,8.419999999999865,-0.16017745111686077,1.7853066708994958,29,29,0,1.7902406890544433,0.12,0.28559933214452665,9.81,1,1,11,21,41,-3.0,3.0,0.01,30.0,60.0,1e-09,1e-12,6,0.0001,1,new simulation,nan
19,0,0.37703939893007404,-3.0,0.9000000000000002,rolling,10.919999999999812,-0.15226959347924376,1.7784138399440867,31,28,3,1.7899079013805956,0.12,0.28559933214452665,9.81,1,1,11,21,41,-3.0,3.0,0.01,30.0,60.0,1e-09,1e-12,6,0.0001,1,new simulation,nan
19,1,0.37703939893007404,-2.85,0.9000000000000002,rolling,11.269999999999804,-0.16444657922336417,1.7889881018284335,32,29,3,1.789944842551953,0.12,0.28559933214452665,9.81,1,1,11,21,41,-3.0,3.0,0.01,30.0,60.0,1e-09,1e-12,6,0.0001,1,new simulation,nan
19,2,0.37703939893007404,-2.7,0.9000000000000002,rolling,11.559999999999798,-0.1502021027182885,1.776704371389146,32,29,3,1.789934602820951,0.12,0.28559933214452665,9.81,1,1,11,21,41,-3.0,3.0,0.01,30.0,60.0,1e-09,1e-12,6,0.0001,1,new simulation,nan
19,3,0.37703939893007404,-2.55,0.9000000000000002,settled,1.8200000000000014,-0.16559933214452666,0.0,4,1,3,nan,0.12,0.28559933214452665,9.81,1,1,11,21,41,-3.0,3.0,0.01,30.0,60.0,1e-09,1e-12,6,0.0001,1,new simulation,nan
19,4,0.37703939893007404,-2.4,0.9000000000000002,rolling,10.829999999999814,-0.16227380735685076,1.7870395815385187,30,28,2,1.7899174730910028,0.12,0.28559933214452665,9.81,1,1,11,21,41,-3.0,3.0,0.01,30.0,60.0,1e-09,1e-12,6,0.0001,1,new simulation,nan
19,5,0.37703939893007404,-2.25,0.9000000000000002,rolling,11.01999999999981,-0.15079976298708478,1.7772047005590392,31,29,2,1.789950286136005,0.12,0.28559933214452665,9.81,1,1,11,21,41,-3.0,3.0,0.01,30.0,60.0,1e-09,1e-12,6,0.0001,1,new simulation,nan
19,6,0.37703939893007404,-2.1,0.9000000000000002,rolling,11.169999999999806,-0.15453432777230325,1.7803328144243118,31,29,2,1.7899389454361438,0.12,0.28559933214452665,9.81,1,1,11,21,41,-3.0,3.0,0.01,30.0,60.0,1e-09,1e-12,6,0.0001,1,new simulation,nan
19,7,0.37703939893007404,-1.95,0.9000000000000002,rolling,11.989999999999789,-0.15749359969385918,1.7828609235912496,31,29,2,1.7899283869890725,0.12,0.28559933214452665,9.81,1,1,11,21,41,-3.0,3.0,0.01,30.0,60.0,1e-09,1e-12,6,0.0001,1,new simulation,nan
19,8,0.37703939893007404,-1.8,0.9000000000000002,rolling,10.799999999999814,-0.15461178302357015,1.7803928543546863,29,28,1,1.7899231178725052,0.12,0.28559933214452665,9.81,1,1,11,21,41,-3.0,3.0,0.01,30.0,60.0,1e-09,1e-12,6,0.0001,1,new simulation,nan
19,9,0.37703939893007404,-1.6500000000000001,0.9000000000000002,rolling,10.419999999999822,-0.15872462901353535,1.7839188213548918,29,28,1,1.789905160847422,0.12,0.28559933214452665,9.81,1,1,11,21,41,-3.0,3.0,0.01,30.0,60.0,1e-09,1e-12,6,0.0001,1,new simulation,nan
19,10,0.37703939893007404,-1.5,0.9000000000000002,rolling,10.789999999999814,-0.15962391820435265,1.7847156812491107,30,29,1,1.7899420918461662,0.12,0.28559933214452665,9.81,1,1,11,21,41,-3.0,3.0,0.01,30.0,60.0,1e-09,1e-12,6,0.0001,1,new simulation,nan
19,11,0.37703939893007404,-1.35,0.9000000000000002,rolling,11.179999999999806,-0.15180791222786374,1.7780365816086847,30,29,1,1.7899315927771386,0.12,0.28559933214452665,9.81,1,1,11,21,41,-3.0,3.0,0.01,30.0,60.0,1e-09,1e-12,6,0.0001,1,new simulation,nan
19,12,0.37703939893007404,-1.2000000000000002,0.9000000000000002,settled,1.460000000000001,-0.16559933214452666,0.0,2,1,1,nan,0.12,0.28559933214452665,9.81,1,1,11,21,41,-3.0,3.0,0.01,30.0,60.0,1e-09,1e-12,6,0.0001,1,new simulation,nan
19,13,0.37703939893007404,-1.05,0.9000000000000002,rolling,10.06999999999983,-0.16431817117353728,1.7888617879466198,28,28,0,1.7899137338135096,0.12,0.28559933214452665,9.81,1,1,11,21,41,-3.0,3.0,0.01,30.0,60.0,1e-09,1e-12,6,0.0001,1,new simulation,nan
19,14,0.37703939893007404,-0.8999999999999999,0.9000000000000002,rolling,10.249999999999826,-0.15814946178896003,1.7834356050498115,29,29,0,1.7899496124540413,0.12,0.28559933214452665,9.81,1,1,11,21,41,-3.0,3.0,0.01,30.0,60.0,1e-09,1e-12,6,0.0001,1,new simulation,nan
19,15,0.37703939893007404,-0.75,0.9000000000000002,rolling,10.259999999999826,-0.1515775227186445,1.777847870629478,29,29,0,1.789941024786935,0.12,0.28559933214452665,9.81,1,1,11,21,41,-3.0,3.0,0.01,30.0,60.0,1e-09,1e-12,6,0.0001,1,new simulation,nan
19,16,0.37703939893007404,-0.6000000000000001,0.9000000000000002,rolling,10.369999999999823,-0.16445851277579077,1.7889949503766398,29,29,0,1.7899339968589913,0.12,0.28559933214452665,9.81,1,1,11,21,41,-3.0,3.0,0.01,30.0,60.0,1e-09,1e-12,6,0.0001,1,new simulation,nan
19,17,0.37703939893007404,-0.4500000000000002,0.9000000000000002,rolling,10.809999999999814,-0.16067162493393947,1.7856289437815516,29,29,0,1.789928531236538,0.12,0.28559933214452665,9.81,1,1,11,21,41,-3.0,3.0,0.01,30.0,60.0,1e-09,1e-12,6,0.0001,1,new simulation,nan
19,18,0.37703939893007404,-0.30000000000000027,0.9000000000000002,settled,0.24000000000000007,-0.16559933214452666,0.0,1,1,0,nan,0.12,0.28559933214452665,9.81,1,1,11,21,41,-3.0,3.0,0.01,30.0,60.0,1e-09,1e-12,6,0.0001,1,new simulation,nan
19,19,0.37703939893007404,-0.1499999999999999,0.9000000000000002,settled,0.18000000000000002,-0.16559933214452666,0.0,1,1,0,nan,0.12,0.28559933214452665,9.81,1,1,11,21,41,-3.0,3.0,0.01,30.0,60.0,1e-09,1e-12,6,0.0001,1,new simulation,nan
19,20,0.37703939893007404,0.0,0.9000000000000002,settled,0.12999999999999998,-0.16559933214452666,0.0,1,1,0,nan,0.12,0.28559933214452665,9.81,1,1,11,21,41,-3.0,3.0,0.01,30.0,60.0,1e-09,1e-12,6,0.0001,1,new simulation,nan
19,21,0.37703939893007404,0.1499999999999999,0.9000000000000002,settled,0.09999999999999999,-0.16559933214452666,0.0,1,1,0,nan,0.12,0.28559933214452665,9.81,1,1,11,21,41,-3.0,3.0,0.01,30.0,60.0,1e-09,1e-12,6,0.0001,1,new simulation,nan
19,22,0.37703939893007404,0.2999999999999998,0.9000000000000002,settled,0.07,-0.16559933214452666,0.0,1,1,0,nan,0.12,0.28559933214452665,9.81,1,1,11,21,41,-3.0,3.0,0.01,30.0,60.0,1e-09,1e-12,6,0.0001,1,new simulation,nan
19,23,0.37703939893007404,0.44999999999999973,0.9000000000000002,rolling,10.54999999999982,-0.15688200335160737,1.782334098305778,29,29,0,1.789928531138224,0.12,0.28559933214452665,9.81,1,1,11,21,41,-3.0,3.0,0.01,30.0,60.0,1e-09,1e-12,6,0.0001,1,new simulation,nan
19,24,0.37703939893007404,0.5999999999999996,0.9000000000000002,rolling,10.009999999999831,-0.15446428844966129,1.7802716522863975,29,29,0,1.7899339969984887,0.12,0.28559933214452665,9.81,1,1,11,21,41,-3.0,3.0,0.01,30.0,60.0,1e-09,1e-12,6,0.0001,1,new simulation,nan
19,25,0.37703939893007404,0.75,0.9000000000000002,rolling,9.769999999999836,-0.15312643873305823,1.7791444837218569,29,29,0,1.7899410240586426,0.12,0.28559933214452665,9.81,1,1,11,21,41,-3.0,3.0,0.01,30.0,60.0,1e-09,1e-12,6,0.0001,1,new simulation,nan
19,26,0.37703939893007404,0.8999999999999999,0.9000000000000002,rolling,9.59999999999984,-0.152700822310043,1.7787900640579914,29,29,0,1.7899496128935721,0.12,0.28559933214452665,9.81,1,1,11,21,41,-3.0,3.0,0.01,30.0,60.0,1e-09,1e-12,6,0.0001,1,new simulation,nan
19,27,0.37703939893007404,1.0499999999999998,0.9000000000000002,rolling,9.14999999999985,-0.14907535106375983,1.7757691594170775,28,28,0,1.789913732891405,0.12,0.28559933214452665,9.81,1,1,11,21,41,-3.0,3.0,0.01,30.0,60.0,1e-09,1e-12,6,0.0001,1,new simulation,nan
19,28,0.37703939893007404,1.2000000000000002,0.9000000000000002,rolling,9.029999999999852,-0.15170081486674894,1.777946784506107,28,28,0,1.789930282866959,0.12,0.28559933214452665,9.81,1,1,11,21,41,-3.0,3.0,0.01,30.0,60.0,1e-09,1e-12,6,0.0001,1,new simulation,nan
19,29,0.37703939893007404,1.3499999999999996,0.9000000000000002,rolling,8.919999999999854,-0.15910661802449547,1.7842668766774628,28,28,0,1.7899490378844813,0.12,0.28559933214452665,9.81,1,1,11,21,41,-3.0,3.0,0.01,30.0,60.0,1e-09,1e-12,6,0.0001,1,new simulation,nan
19,30,0.37703939893007404,1.5,0.9000000000000002,rolling,8.509999999999863,-0.15715225037012706,1.782566561295469,27,27,0,1.7899281995570977,0.12,0.28559933214452665,9.81,1,1,11,21,41,-3.0,3.0,0.01,30.0,60.0,1e-09,1e-12,6,0.0001,1,new simulation,nan
19,31,0.37703939893007404,1.6499999999999995,0.9000000000000002,rolling,8.109999999999872,-0.15004148658641606,1.7765648413657,26,26,0,1.7899153920454876,0.12,0.28559933214452665,9.81,1,1,11,21,41,-3.0,3.0,0.01,30.0,60.0,1e-09,1e-12,6,0.0001,1,new simulation,nan
19,32,0.37703939893007404,1.7999999999999998,0.9000000000000002,rolling,7.70999999999988,-0.15312830848837938,1.7791394665396392,25,25,0,1.7899226257555607,0.12,0.28559933214452665,9.81,1,1,11,21,41,-3.0,3.0,0.01,30.0,60.0,1e-09,1e-12,6,0.0001,1,new simulation,nan
19,33,0.37703939893007404,1.9500000000000002,0.9000000000000002,rolling,6.999999999999895,-0.1568128046115559,1.7822750955172988,23,23,0,1.7899299080788025,0.12,0.28559933214452665,9.81,1,1,11,21,41,-3.0,3.0,0.01,30.0,60.0,1e-09,1e-12,6,0.0001,1,new simulation,nan
19,34,0.37703939893007404,2.0999999999999996,0.9000000000000002,rolling,5.34999999999993,-0.16195093078819833,1.7868615482933994,18,18,0,1.7902204145757405,0.12,0.28559933214452665,9.81,1,1,11,21,41,-3.0,3.0,0.01,30.0,60.0,1e-09,1e-12,6,0.0001,1,new simulation,nan
19,35,0.37703939893007404,2.25,0.9000000000000002,rolling,7.169999999999892,-0.15353986256574978,1.779591639092401,24,24,0,1.7902174788825926,0.12,0.28559933214452665,9.81,1,1,11,21,41,-3.0,3.0,0.01,30.0,60.0,1e-09,1e-12,6,0.0001,1,new simulation,nan
19,36,0.37703939893007404,2.3999999999999995,0.9000000000000002,rolling,7.72999999999988,-0.1547060947847294,1.780576585436545,26,26,0,1.7902127429197885,0.12,0.28559933214452665,9.81,1,1,11,21,41,-3.0,3.0,0.01,30.0,60.0,1e-09,1e-12,6,0.0001,1,new simulation,nan
19,37,0.37703939893007404,2.55,0.9000000000000002,rolling,7.979999999999874,-0.152994053376224,1.779134146057743,27,27,0,1.7902228098697182,0.12,0.28559933214452665,9.81,1,1,11,21,41,-3.0,3.0,0.01,30.0,60.0,1e-09,1e-12,6,0.0001,1,new simulation,nan
19,38,0.37703939893007404,2.7,0.9000000000000002,rolling,8.229999999999869,-0.15582406242222438,1.78153039191737,28,28,0,1.7902171066357697,0.12,0.28559933214452665,9.81,1,1,11,21,41,-3.0,3.0,0.01,30.0,60.0,1e-09,1e-12,6,0.0001,1,new simulation,nan
19,39,0.37703939893007404,2.8499999999999996,0.9000000000000002,rolling,8.479999999999864,-0.16281257399501636,1.7876200707519312,29,29,0,1.7902033453142066,0.12,0.28559933214452665,9.81,1,1,11,21,41,-3.0,3.0,0.01,30.0,60.0,1e-09,1e-12,6,0.0001,1,new simulation,nan
19,40,0.37703939893007404,3.0,0.9000000000000002,rolling,8.429999999999865,-0.14787812097609054,1.7749054214585671,29,29,0,1.7902337903167986,0.12,0.28559933214452665,9.81,1,1,11,21,41,-3.0,3.0,0.01,30.0,60.0,1e-09,1e-12,6,0.0001,1,new simulation,nan
20,0,0.40559933214452665,-3.0,1.0,rolling,10.919999999999812,-0.1530425861963793,1.7790607830639067,31,28,3,1.78990418708843,0.12,0.28559933214452665,9.81,1,1,11,21,41,-3.0,3.0,0.01,30.0,60.0,1e-09,1e-12,6,0.0001,1,new simulation,nan
20,1,0.40559933214452665,-2.85,1.0,rolling,11.329999999999803,-0.1516655901799204,1.777921691729865,32,29,3,1.7899422136817824,0.12,0.28559933214452665,9.81,1,1,11,21,41,-3.0,3.0,0.01,30.0,60.0,1e-09,1e-12,6,0.0001,1,new simulation,nan
20,2,0.40559933214452665,-2.7,1.0,rolling,11.729999999999794,-0.15736704030633586,1.7827530245608925,32,29,3,1.7899319740007646,0.12,0.28559933214452665,9.81,1,1,11,21,41,-3.0,3.0,0.01,30.0,60.0,1e-09,1e-12,6,0.0001,1,new simulation,nan
20,3,0.40559933214452665,-2.55,1.0,settled,2.0899999999999994,-0.16559933214452666,0.0,4,1,3,nan,0.12,0.28559933214452665,9.81,1,1,11,21,41,-3.0,3.0,0.01,30.0,60.0,1e-09,1e-12,6,0.0001,1,new simulation,nan
20,4,0.40559933214452665,-2.4,1.0,rolling,10.759999999999815,-0.1549795419795788,1.780701348861908,30,28,2,1.7899122242932428,0.12,0.28559933214452665,9.81,1,1,11,21,41,-3.0,3.0,0.01,30.0,60.0,1e-09,1e-12,6,0.0001,1,new simulation,nan
20,5,0.40559933214452665,-2.25,1.0,rolling,11.049999999999809,-0.1597147239847666,1.7847966387848413,31,29,2,1.7899465723978765,0.12,0.28559933214452665,9.81,1,1,11,21,41,-3.0,3.0,0.01,30.0,60.0,1e-09,1e-12,6,0.0001,1,new simulation,nan
20,6,0.40559933214452665,-2.1,1.0,rolling,11.309999999999803,-0.15715893862577593,1.7825748365655978,31,29,2,1.7899352319518327,0.12,0.28559933214452665,9.81,1,1,11,21,41,-3.0,3.0,0.01,30.0,60.0,1e-09,1e-12,6,0.0001,1,new simulation,nan
20,7,0.40559933214452665,-1.95,1.0,settled,1.6000000000000012,-0.16559933214452666,0.0,3,1,2,nan,0.12,0.28559933214452665,9.81,1,1,11,21,41,-3.0,3.0,0.01,30.0,60.0,1e-09,1e-12,6,0.0001,1,new simulation,nan
20,8,0.40559933214452665,-1.8,1.0,rolling,10.53999999999982,-0.16486530844820393,1.789354046974517,29,28,1,1.7899157014637457,0.12,0.28559933214452665,9.81,1,1,11,21,41,-3.0,3.0,0.01,30.0,60.0,1e-09,1e-12,6,0.0001,1,new simulation,nan
20,9,0.40559933214452665,-1.6500000000000001,1.0,rolling,10.749999999999815,-0.15664913840004768,1.7821411078541467,30,29,1,1.789948447636293,0.12,0.28559933214452665,9.81,1,1,11,21,41,-3.0,3.0,0.01,30.0,60.0,1e-09,1e-12,6,0.0001,1,new simulation,nan
20,10,0.40559933214452665,-1.5,1.0,rolling,10.929999999999811,-0.159025294419713,1.7841916980727834,30,29,1,1.789936842531082,0.12,0.28559933214452665,9.81,1,1,11,21,41,-3.0,3.0,0.01,30.0,60.0,1e-09,1e-12,6,0.0001,1,new simulation,nan
20,11,0.40559933214452665,-1.35,1.0,settled,1.1800000000000008,-0.16559933214452666,0.0,2,1,1,nan,0.12,0.28559933214452665,9.81,1,1,11,21,41,-3.0,3.0,0.01,30.0,60.0,1e-09,1e-12,6,0.0001,1,new simulation,nan
20,12,0.40559933214452665,-1.2000000000000002,1.0,rolling,10.259999999999826,-0.1535655096901005,1.7795066394511085,28,28,0,1.78991980329768,0.12,0.28559933214452665,9.81,1,1,11,21,41,-3.0,3.0,0.01,30.0,60.0,1e-09,1e-12,6,0.0001,1,new simulation,nan
20,13,0.40559933214452665,-1.05,1.0,rolling,9.979999999999832,-0.16395080396078934,1.7885288379041833,28,28,0,1.7899032536268118,0.12,0.28559933214452665,9.81,1,1,11,21,41,-3.0,3.0,0.01,30.0,60.0,1e-09,1e-12,6,0.0001,1,new simulation,nan
20,14,0.40559933214452665,-0.8999999999999999,1.0,rolling,10.279999999999825,-0.16391527909248088,1.7885109157416843,29,29,0,1.7899421966847526,0.12,0.28559933214452665,9.81,1,1,11,21,41,-3.0,3.0,0.01,30.0,60.0,1e-09,1e-12,6,0.0001,1,new simulation,nan
20,15,0.40559933214452665,-0.75,1.0,rolling,10.429999999999822,-0.15625361641164084,1.78179652923282,29,29,0,1.7899336075670895,0.12,0.28559933214452665,9.81,1,1,11,21,41,-3.0,3.0,0.01,30.0,60.0,1e-09,1e-12,6,0.0001,1,new simulation,nan
20,16,0.40559933214452665,-0.6000000000000001,1.0,settled,0.34000000000000014,-0.16559933214452666,0.0,1,1,0,nan,0.12,0.28559933214452665,9.81,1,1,11,21,41,-3.0,3.0,0.01,30.0,60.0,1e-09,1e-12,6,0.0001,1,new simulation,nan
20,17,0.40559933214452665,-0.4500000000000002,1.0,settled,0.25000000000000006,-0.16559933214452666,0.0,1,1,0,nan,0.12,0.28559933214452665,9.81,1,1,11,21,41,-3.0,3.0,0.01,30.0,60.0,1e-09,1e-12,6,0.0001,1,new simulation,nan
20,18,0.40559933214452665,-0.30000000000000027,1.0,settled,0.16,-0.16559933214452666,0.0,1,1,0,nan,0.12,0.28559933214452665,9.81,1,1,11,21,41,-3.0,3.0,0.01,30.0,60.0,1e-09,1e-12,6,0.0001,1,new simulation,nan
20,19,0.40559933214452665,-0.1499999999999999,1.0,settled,0.08,-0.16559933214452666,0.0,1,1,0,nan,0.12,0.28559933214452665,9.81,1,1,11,21,41,-3.0,3.0,0.01,30.0,60.0,1e-09,1e-12,6,0.0001,1,new simulation,nan
20,20,0.40559933214452665,0.0,1.0,settled,0.01,-0.16559933214452666,0.0,1,1,0,nan,0.12,0.28559933214452665,9.81,1,1,11,21,41,-3.0,3.0,0.01,30.0,60.0,1e-09,1e-12,6,0.0001,1,new simulation,nan
20,21,0.40559933214452665,0.1499999999999999,1.0,settled,0.01,-0.16559933214452666,0.0,1,1,0,nan,0.12,0.28559933214452665,9.81,1,1,11,21,41,-3.0,3.0,0.01,30.0,60.0,1e-09,1e-12,6,0.0001,1,new simulation,nan
20,22,0.40559933214452665,0.2999999999999998,1.0,settled,0.01,-0.16559933214452666,0.0,1,1,0,nan,0.12,0.28559933214452665,9.81,1,1,11,21,41,-3.0,3.0,0.01,30.0,60.0,1e-09,1e-12,6,0.0001,1,new simulation,nan
20,23,0.40559933214452665,0.44999999999999973,1.0,settled,0.01,-0.16559933214452666,0.0,1,1,0,nan,0.12,0.28559933214452665,9.81,1,1,11,21,41,-3.0,3.0,0.01,30.0,60.0,1e-09,1e-12,6,0.0001,1,new simulation,nan
20,24,0.40559933214452665,0.5999999999999996,1.0,settled,0.01,-0.16559933214452666,0.0,1,1,0,nan,0.12,0.28559933214452665,9.81,1,1,11,21,41,-3.0,3.0,0.01,30.0,60.0,1e-09,1e-12,6,0.0001,1,new simulation,nan
20,25,0.40559933214452665,0.75,1.0,rolling,9.989999999999831,-0.1491874168542044,1.7758682756699933,29,29,0,1.789933607971344,0.12,0.28559933214452665,9.81,1,1,11,21,41,-3.0,3.0,0.01,30.0,60.0,1e-09,1e-12,6,0.0001,1,new simulation,nan
20,26,0.40559933214452665,0.8999999999999999,1.0,rolling,9.709999999999837,-0.14886846975322043,1.7756097386765923,29,29,0,1.7899421961188395,0.12,0.28559933214452665,9.81,1,1,11,21,41,-3.0,3.0,0.01,30.0,60.0,1e-09,1e-12,6,0.0001,1,new simulation,nan
20,27,0.40559933214452665,1.0499999999999998,1.0,rolling,9.209999999999848,-0.1618417432939745,1.7866517762924747,28,28,0,1.7899032541238151,0.12,0.28559933214452665,9.81,1,1,11,21,41,-3.0,3.0,0.01,30.0,60.0,1e-09,1e-12,6,0.0001,1,new simulation,nan
20,28,0.40559933214452665,1.2000000000000002,1.0,rolling,9.069999999999851,-0.16348042315689235,1.7881141830133005,28,28,0,1.7899198037589332,0.12,0.28559933214452665,9.81,1,1,11,21,41,-3.0,3.0,0.01,30.0,60.0,1e-09,1e-12,6,0.0001,1,new simulation,nan
20,29,0.40559933214452665,1.3499999999999996,1.0,rolling,8.959999999999853,-0.1492273636522378,1.7759028542132866,28,28,0,1.7899385581954024,0.12,0.28559933214452665,9.81,1,1,11,21,41,-3.0,3.0,0.01,30.0,60.0,1e-09,1e-12,6,0.0001,1,new simulation,nan
20,30,0.40559933214452665,1.5,1.0,rolling,8.539999999999862,-0.15096844324998607,1.7773314200787076,27,27,0,1.7899133912741656,0.12,0.28559933214452665,9.81,1,1,11,21,41,-3.0,3.0,0.01,30.0,60.0,1e-09,1e-12,6,0.0001,1,new simulation,nan
20,31,0.40559933214452665,1.6499999999999995,1.0,rolling,8.439999999999864,-0.1597674854203644,1.7848426073615555,27,27,0,1.789946129462446,0.12,0.28559933214452665,9.81,1,1,11,21,41,-3.0,3.0,0.01,30.0,60.0,1e-09,1e-12,6,0.0001,1,new simulation,nan
20,32,0.40559933214452665,1.7999999999999998,1.0,rolling,8.039999999999873,-0.15566998073554794,1.7813014586718023,26,26,0,1.7899451339467942,0.12,0.28559933214452665,9.81,1,1,11,21,41,-3.0,3.0,0.01,30.0,60.0,1e-09,1e-12,6,0.0001,1,new simulation,nan
20,33,0.40559933214452665,1.9500000000000002,1.0,rolling,7.329999999999888,-0.15390786808161167,1.779799076895884,24,24,0,1.7899294363109604,0.12,0.28559933214452665,9.81,1,1,11,21,41,-3.0,3.0,0.01,30.0,60.0,1e-09,1e-12,6,0.0001,1,new simulation,nan
20,34,0.40559933214452665,2.0999999999999996,1.0,rolling,5.679999999999923,-0.1546969121739039,1.7804716897736796,19,19,0,1.7899415093689746,0.12,0.28559933214452665,9.81,1,1,11,21,41,-3.0,3.0,0.01,30.0,60.0,1e-09,1e-12,6,0.0001,1,new simulation,nan
20,35,0.40559933214452665,2.25,1.0,rolling,6.859999999999898,-0.16282968816505194,1.7876408326439073,23,23,0,1.7902188716422234,0.12,0.28559933214452665,9.81,1,1,11,21,41,-3.0,3.0,0.01,30.0,60.0,1e-09,1e-12,6,0.0001,1,new simulation,nan
20,36,0.40559933214452665,2.3999999999999995,1.0,rolling,7.419999999999886,-0.16127225467738338,1.7862694782822015,25,25,0,1.790241637890172,0.12,0.28559933214452665,9.81,1,1,11,21,41,-3.0,3.0,0.01,30.0,60.0,1e-09,1e-12,6,0.0001,1,new simulation,nan
20,37,0.40559933214452665,2.55,1.0,rolling,7.979999999999874,-0.16523276055089445,1.7897891074249634,27,27,0,1.7902080049481703,0.12,0.28559933214452665,9.81,1,1,11,21,41,-3.0,3.0,0.01,30.0,60.0,1e-09,1e-12,6,0.0001,1,new simulation,nan
20,38,0.40559933214452665,2.7,1.0,rolling,8.239999999999869,-0.14837584670526152,1.7753016255952156,28,28,0,1.7902066290491463,0.12,0.28559933214452665,9.81,1,1,11,21,41,-3.0,3.0,0.01,30.0,60.0,1e-09,1e-12,6,0.0001,1,new simulation,nan
20,39,0.40559933214452665,2.8499999999999996,1.0,rolling,8.489999999999863,-0.15377227040490285,1.7797799920555535,29,29,0,1.7901959306951383,0.12,0.28559933214452665,9.81,1,1,11,21,41,-3.0,3.0,0.01,30.0,60.0,1e-09,1e-12,6,0.0001,1,new simulation,nan
20,40,0.40559933214452665,3.0,1.0,rolling,8.429999999999865,-0.15531810014431657,1.7811019708822269,29,29,0,1.7902263767634743,0.12,0.28559933214452665,9.81,1,1,11,21,41,-3.0,3.0,0.01,30.0,60.0,1e-09,1e-12,6,0.0001,1,new simulation,nan
