theta_index,theta_dot_index,theta0,theta_dot0,relative_angle,classification,final_time,final_theta,final_theta_dot,total_impacts,downhill_impacts,uphill_impacts,rolling_speed,gamma,alpha,gravity,length,mass,num_spokes,num_angles,num_speeds,minimum_speed,maximum_speed,timestep,max_time,retry_time,impact_time_tolerance,remaining_time_tolerance,convergence_impacts,speed_tolerance,cache_version,original_source_csv,original_grid_rolling_percent
0,0,-0.18879895051282758,-3.0,-1.0,rolling,7.929999999999875,-0.1860845064879046,1.6654293662724355,16,15,1,1.6683834747947228,0.26,0.4487989505128276,9.81,1,1,7,21,41,-3.0,3.0,0.01,30.0,60.0,1e-09,1e-12,6,0.0001,1,new simulation,nan
0,1,-0.18879895051282758,-2.85,-1.0,rolling,7.879999999999876,-0.18196094144130523,1.6609787472740924,16,15,1,1.6683812854967295,0.26,0.4487989505128276,9.81,1,1,7,21,41,-3.0,3.0,0.01,30.0,60.0,1e-09,1e-12,6,0.0001,1,new simulation,nan
0,2,-0.18879895051282758,-2.7,-1.0,rolling,7.849999999999877,-0.18069842629487184,1.6596334264496435,16,15,1,1.6683792084242954,0.26,0.4487989505128276,9.81,1,1,7,21,41,-3.0,3.0,0.01,30.0,60.0,1e-09,1e-12,6,0.0001,1,new simulation,nan
0,3,-0.18879895051282758,-2.55,-1.0,rolling,7.839999999999877,-0.1735405583824251,1.65216179606126,16,15,1,1.6683772427382884,0.26,0.4487989505128276,9.81,1,1,7,21,41,-3.0,3.0,0.01,30.0,60.0,1e-09,1e-12,6,0.0001,1,new simulation,nan
0,4,-0.18879895051282758,-2.4,-1.0,rolling,7.839999999999877,-0.17391536080173586,1.652546373825932,16,15,1,1.668375391558557,0.26,0.4487989505128276,9.81,1,1,7,21,41,-3.0,3.0,0.01,30.0,60.0,1e-09,1e-12,6,0.0001,1,new simulation,nan
0,5,-0.18879895051282758,-2.25,-1.0,rolling,7.849999999999877,-0.18249937520240533,1.6615546977145312,16,15,1,1.6683736498755986,0.26,0.4487989505128276,9.81,1,1,7,21,41,-3.0,3.0,0.01,30.0,60.0,1e-09,1e-12,6,0.0001,1,new simulation,nan
0,6,-0.18879895051282758,-2.1,-1.0,rolling,7.879999999999876,-0.18758541356538128,1.667070378293773,16,15,1,1.66837202287833,0.26,0.4487989505128276,9.81,1,1,7,21,41,-3.0,3.0,0.01,30.0,60.0,1e-09,1e-12,6,0.0001,1,new simulation,nan
0,7,-0.18879895051282758,-1.95,-1.0,rolling,7.939999999999875,-0.18463954659690077,1.6638595389202582,16,15,1,1.6683705073310673,0.26,0.4487989505128276,9.81,1,1,7,21,41,-3.0,3.0,0.01,30.0,60.0,1e-09,1e-12,6,0.0001,1,new simulation,nan
0,8,-0.18879895051282758,-1.8,-1.0,rolling,8.039999999999873,-0.1877731796321694,1.6672764273296445,16,15,1,1.66836910377035,0.26,0.4487989505128276,9.81,1,1,7,21,41,-3.0,3.0,0.01,30.0,60.0,1e-09,1e-12,6,0.0001,1,new simulation,nan
0,9,-0.18879895051282758,-1.6500000000000001,-1.0,rolling,8.259999999999868,-0.17252280755636198,1.6511207238891257,16,15,1,1.6683678129453705,0.26,0.4487989505128276,9.81,1,1,7,21,41,-3.0,3.0,0.01,30.0,60.0,1e-09,1e-12,6,0.0001,1,new simulation,nan
0,10,-0.18879895051282758,-1.5,-1.0,settled,0.3200000000000001,-0.18879895051282758,0.0,2,1,1,nan,0.26,0.4487989505128276,9.81,1,1,7,21,41,-3.0,3.0,0.01,30.0,60.0,1e-09,1e-12,6,0.0001,1,new simulation,nan
0,11,-0.18879895051282758,-1.35,-1.0,settled,0.2800000000000001,-0.18879895051282758,0.0,2,1,1,nan,0.26,0.4487989505128276,9.81,1,1,7,21,41,-3.0,3.0,0.01,30.0,60.0,1e-09,1e-12,6,0.0001,1,new simulation,nan
0,12,-0.18879895051282758,-1.2000000000000002,-1.0,settled,0.25000000000000006,-0.18879895051282758,0.0,2,1,1,nan,0.26,0.4487989505128276,9.81,1,1,7,21,41,-3.0,3.0,0.01,30.0,60.0,1e-09,1e-12,6,0.0001,1,new simulation,nan
0,13,-0.18879895051282758,-1.05,-1.0,settled,0.22000000000000006,-0.18879895051282758,0.0,2,1,1,nan,0.26,0.4487989505128276,9.81,1,1,7,21,41,-3.0,3.0,0.01,30.0,60.0,1e-09,1e-12,6,0.0001,1,new simulation,nan
0,14,-0.18879895051282758,-0.8999999999999999,-1.0,settled,0.18000000000000002,-0.18879895051282758,0.0,2,1,1,nan,0.26,0.4487989505128276,9.81,1,1,7,21,41,-3.0,3.0,0.01,30.0,60.0,1e-09,1e-12,6,0.0001,1,new simulation,nan
0,15,-0.18879895051282758,-0.75,-1.0,settled,0.15,-0.18879895051282758,0.0,2,1,1,nan,0.26,0.4487989505128276,9.81,1,1,7,21,41,-3.0,3.0,0.01,30.0,60.0,1e-09,1e-12,6,0.0001,1,new simulation,nan
0,16,-0.18879895051282758,-0.6000000000000001,-1.0,settled,0.11999999999999998,-0.18879895051282758,0.0,2,1,1,nan,0.26,0.4487989505128276,9.81,1,1,7,21,41,-3.0,3.0,0.01,30.0,60.0,1e-09,1e-12,6,0.0001,1,new simulation,nan
0,17,-0.18879895051282758,-0.4500000000000002,-1.0,settled,0.09,-0.18879895051282758,0.0,2,1,1,nan,0.26,0.4487989505128276,9.81,1,1,7,21,41,-3.0,3.0,0.01,30.0,60.0,1e-09,1e-12,6,0.0001,1,new simulation,nan
0,18,-0.18879895051282758,-0.30000000000000027,-1.0,settled,0.060000000000000005,-0.18879895051282758,0.0,2,1,1,nan,0.26,0.4487989505128276,9.81,1,1,7,21,41,-3.0,3.0,0.01,30.0,60.0,1e-09,1e-12,6,0.0001,1,new simulation,nan
0,19,-0.18879895051282758,-0.1499999999999999,-1.0,settled,0.03,-0.18879895051282758,0.0,2,1,1,nan,0.26,0.4487989505128276,9.81,1,1,7,21,41,-3.0,3.0,0.01,30.0,60.0,1e-09,1e-12,6,0.0001,1,new simulation,nan
0,20,-0.18879895051282758,0.0,-1.0,settled,0.01,-0.18879895051282758,0.0,2,1,1,nan,0.26,0.4487989505128276,9.81,1,1,7,21,41,-3.0,3.0,0.01,30.0,60.0,1e-09,1e-12,6,0.0001,1,new simulation,nan
0,21,-0.18879895051282758,0.1499999999999999,-1.0,settled,0.20000000000000004,-0.18879895051282758,0.0,2,1,1,nan,0.26,0.4487989505128276,9.81,1,1,7,21,41,-3.0,3.0,0.01,30.0,60.0,1e-09,1e-12,6,0.0001,1,new simulation,nan
0,22,-0.18879895051282758,0.2999999999999998,-1.0,settled,0.4200000000000002,-0.18879895051282758,0.0,2,1,1,nan,0.26,0.4487989505128276,9.81,1,1,7,21,41,-3.0,3.0,0.01,30.0,60.0,1e-09,1e-12,6,0.0001,1,new simulation,nan
0,23,-0.18879895051282758,0.44999999999999973,-1.0,settled,0.7300000000000004,-0.18879895051282758,0.0,2,1,1,nan,0.26,0.4487989505128276,9.81,1,1,7,21,41,-3.0,3.0,0.01,30.0,60.0,1e-09,1e-12,6,0.0001,1,new simulation,nan
0,24,-0.18879895051282758,0.5999999999999996,-1.0,rolling,8.449999999999864,-0.17540031404589418,1.6540771992578187,14,14,0,1.6683669635790206,0.26,0.4487989505128276,9.81,1,1,7,21,41,-3.0,3.0,0.01,30.0,60.0,1e-09,1e-12,6,0.0001,1,new simulation,nan
0,25,-0.18879895051282758,0.75,-1.0,rolling,7.529999999999884,-0.18863585999990154,1.6682258705878528,14,14,0,1.6683703073251197,0.26,0.4487989505128276,9.81,1,1,7,21,41,-3.0,3.0,0.01,30.0,60.0,1e-09,1e-12,6,0.0001,1,new simulation,nan
0,26,-0.18879895051282758,0.8999999999999999,-1.0,rolling,7.309999999999889,-0.17877886376270757,1.6576035988922997,14,14,0,1.668374392933896,0.26,0.4487989505128276,9.81,1,1,7,21,41,-3.0,3.0,0.01,30.0,60.0,1e-09,1e-12,6,0.0001,1,new simulation,nan
0,27,-0.18879895051282758,1.0499999999999998,-1.0,rolling,7.169999999999892,-0.1756860078609416,1.6543734904322276,14,14,0,1.6683792222948626,0.26,0.4487989505128276,9.81,1,1,7,21,41,-3.0,3.0,0.01,30.0,60.0,1e-09,1e-12,6,0.0001,1,new simulation,nan
0,28,-0.18879895051282758,1.2000000000000002,-1.0,rolling,7.059999999999894,-0.18065166871120855,1.659583943907875,14,14,0,1.6683847936699419,0.26,0.4487989505128276,9.81,1,1,7,21,41,-3.0,3.0,0.01,30.0,60.0,1e-09,1e-12,6,0.0001,1,new simulation,nan
0,29,-0.18879895051282758,1.3499999999999996,-1.0,rolling,6.489999999999906,-0.17276309892836117,1.6513659050417824,13,13,0,1.668366158508462,0.26,0.4487989505128276,9.81,1,1,7,21,41,-3.0,3.0,0.01,30.0,60.0,1e-09,1e-12,6,0.0001,1,new simulation,nan
0,30,-0.18879895051282758,1.5,-1.0,rolling,6.409999999999908,-0.17976168243036628,1.6586407502990694,13,13,0,1.6683843157944962,0.26,0.4487989505128276,9.81,1,1,7,21,41,-3.0,3.0,0.01,30.0,60.0,1e-09,1e-12,6,0.0001,1,new simulation,nan
0,31,-0.18879895051282758,1.6499999999999995,-1.0,rolling,4.87999999999994,-0.18310774656305354,1.6622071750118412,10,10,0,1.6683628171080611,0.26,0.4487989505128276,9.81,1,1,7,21,41,-3.0,3.0,0.01,30.0,60.0,1e-09,1e-12,6,0.0001,1,new simulation,nan
0,32,-0.18879895051282758,1.7999999999999998,-1.0,rolling,6.2799999999999105,-0.18233312208074978,1.6613783548519228,13,13,0,1.6684263583768384,0.26,0.4487989505128276,9.81,1,1,7,21,41,-3.0,3.0,0.01,30.0,60.0,1e-09,1e-12,6,0.0001,1,new simulation,nan
0,33,-0.18879895051282758,1.9500000000000002,-1.0,rolling,6.219999999999912,-0.1885995836127828,1.668188482921253,13,13,0,1.668450244814064,0.26,0.4487989505128276,9.81,1,1,7,21,41,-3.0,3.0,0.01,30.0,60.0,1e-09,1e-12,6,0.0001,1,new simulation,nan
0,34,-0.18879895051282758,2.0999999999999996,-1.0,rolling,6.659999999999902,-0.17957378826152084,1.6584437725919068,14,14,0,1.668433824999257,0.26,0.4487989505128276,9.81,1,1,7,21,41,-3.0,3.0,0.01,30.0,60.0,1e-09,1e-12,6,0.0001,1,new simulation,nan
0,35,-0.18879895051282758,2.25,-1.0,rolling,6.6099999999999035,-0.181175548983842,1.6601430029261035,14,14,0,1.6684445971500779,0.26,0.4487989505128276,9.81,1,1,7,21,41,-3.0,3.0,0.01,30.0,60.0,1e-09,1e-12,6,0.0001,1,new simulation,nan
0,36,-0.18879895051282758,2.3999999999999995,-1.0,rolling,7.049999999999894,-0.1822128093687388,1.6612495654748134,15,15,0,1.6684260765734071,0.26,0.4487989505128276,9.81,1,1,7,21,41,-3.0,3.0,0.01,30.0,60.0,1e-09,1e-12,6,0.0001,1,new simulation,nan
0,37,-0.18879895051282758,2.55,-1.0,rolling,7.009999999999895,-0.17583960726476947,1.6545344467497292,15,15,0,1.668430842699518,0.26,0.4487989505128276,9.81,1,1,7,21,41,-3.0,3.0,0.01,30.0,60.0,1e-09,1e-12,6,0.0001,1,new simulation,nan
0,38,-0.18879895051282758,2.7,-1.0,rolling,6.969999999999896,-0.17298457649378743,1.6515945112812016,15,15,0,1.668435895543254,0.26,0.4487989505128276,9.81,1,1,7,21,41,-3.0,3.0,0.01,30.0,60.0,1e-09,1e-12,6,0.0001,1,new simulation,nan
0,39,-0.18879895051282758,2.8499999999999996,-1.0,rolling,6.929999999999897,-0.17324131807489,1.6518573430437753,15,15,0,1.6684412386172376,0.26,0.4487989505128276,9.81,1,1,7,21,41,-3.0,3.0,0.01,30.0,60.0,1e-09,1e-12,6,0.0001,1,new simulation,nan
0,40,-0.18879895051282758,3.0,-1.0,rolling,6.8899999999998975,-0.1762932482585517,1.6550060304761813,15,15,0,1.6684468691867105,0.26,0.4487989505128276,9.81,1,1,7,21,41,-3.0,3.0,0.01,30.0,60.0,1e-09,1e-12,6,0.0001,1,new simulation,nan
1,0,-0.14391905546154482,-3.0,-0.9,rolling,7.959999999999875,-0.17957596413635585,1.6584444276326746,16,15,1,1.6683838374660327,0.26,0.4487989505128276,9.81,1,1,7,21,41,-3.0,3.0,0.01,30.0,60.0,1e-09,1e-12,6,0.0001,1,new simulation,nan
1,1,-0.14391905546154482,-2.85,-0.9,rolling,7.899999999999876,-0.1866851592481973,1.6660848072156835,16,15,1,1.6683816479893112,0.26,0.4487989505128276,9.81,1,1,7,21,41,-3.0,3.0,0.01,30.0,60.0,1e-09,1e-12,6,0.0001,1,new simulation,nan
1,2,-0.14391905546154482,-2.7,-0.9,rolling,7.869999999999877,-0.18194056817448936,1.6609569176704873,16,15,1,1.6683795721280754,0.26,0.4487989505128276,9.81,1,1,7,21,41,-3.0,3.0,0.01,30.0,60.0,1e-09,1e-12,6,0.0001,1,new simulation,nan
1,3,-0.14391905546154482,-2.55,-0.9,rolling,7.849999999999877,-0.188614391328856,1.6682024348123705,16,15,1,1.6683776073105427,0.26,0.4487989505128276,9.81,1,1,7,21,41,-3.0,3.0,0.01,30.0,60.0,1e-09,1e-12,6,0.0001,1,new simulation,nan
1,4,-0.14391905546154482,-2.4,-0.9,rolling,7.849999999999877,-0.18616738543999026,1.6655194509855564,16,15,1,1.6683757544575306,0.26,0.4487989505128276,9.81,1,1,7,21,41,-3.0,3.0,0.01,30.0,60.0,1e-09,1e-12,6,0.0001,1,new simulation,nan
1,5,-0.14391905546154482,-2.25,-0.9,rolling,7.869999999999877,-0.1745380484849449,1.6531869708804219,16,15,1,1.6683740146015795,0.26,0.4487989505128276,9.81,1,1,7,21,41,-3.0,3.0,0.01,30.0,60.0,1e-09,1e-12,6,0.0001,1,new simulation,nan
1,6,-0.14391905546154482,-2.1,-0.9,rolling,7.899999999999876,-0.17390582009350877,1.652536471961989,16,15,1,1.6683723859481931,0.26,0.4487989505128276,9.81,1,1,7,21,41,-3.0,3.0,0.01,30.0,60.0,1e-09,1e-12,6,0.0001,1,new simulation,nan
1,7,-0.14391905546154482,-1.95,-0.9,rolling,7.949999999999875,-0.1770112682784908,1.6557512970087824,16,15,1,1.6683708712978254,0.26,0.4487989505128276,9.81,1,1,7,21,41,-3.0,3.0,0.01,30.0,60.0,1e-09,1e-12,6,0.0001,1,new simulation,nan
1,8,-0.14391905546154482,-1.8,-0.9,rolling,8.039999999999873,-0.17314599299269923,1.651757411309179,16,15,1,1.6683694675240786,0.26,0.4487989505128276,9.81,1,1,7,21,41,-3.0,3.0,0.01,30.0,60.0,1e-09,1e-12,6,0.0001,1,new simulation,nan
1,9,-0.14391905546154482,-1.6500000000000001,-0.9,rolling,8.19999999999987,-0.1800030137853531,1.6588955720657919,16,15,1,1.6683681767729996,0.26,0.4487989505128276,9.81,1,1,7,21,41,-3.0,3.0,0.01,30.0,60.0,1e-09,1e-12,6,0.0001,1,new simulation,nan
1,10,-0.14391905546154482,-1.5,-0.9,rolling,8.749999999999858,-0.17337370069509603,1.6519904571970279,16,15,1,1.6683669967173904,0.26,0.4487989505128276,9.81,1,1,7,21,41,-3.0,3.0,0.01,30.0,60.0,1e-09,1e-12,6,0.0001,1,new simulation,nan
1,11,-0.14391905546154482,-1.35,-0.9,settled,0.3300000000000001,-0.18879895051282758,0.0,2,1,1,nan,0.26,0.4487989505128276,9.81,1,1,7,21,41,-3.0,3.0,0.01,30.0,60.0,1e-09,1e-12,6,0.0001,1,new simulation,nan
1,12,-0.14391905546154482,-1.2000000000000002,-0.9,settled,0.3000000000000001,-0.18879895051282758,0.0,2,1,1,nan,0.26,0.4487989505128276,9.81,1,1,7,21,41,-3.0,3.0,0.01,30.0,60.0,1e-09,1e-12,6,0.0001,1,new simulation,nan
1,13,-0.14391905546154482,-1.05,-0.9,settled,0.2700000000000001,-0.18879895051282758,0.0,2,1,1,nan,0.26,0.4487989505128276,9.81,1,1,7,21,41,-3.0,3.0,0.01,30.0,60.0,1e-09,1e-12,6,0.0001,1,new simulation,nan
1,14,-0.14391905546154482,-0.8999999999999999,-0.9,settled,0.25000000000000006,-0.18879895051282758,0.0,2,1,1,nan,0.26,0.4487989505128276,9.81,1,1,7,21,41,-3.0,3.0,0.01,30.0,60.0,1e-09,1e-12,6,0.0001,1,new simulation,nan
1,15,-0.14391905546154482,-0.75,-0.9,settled,0.23000000000000007,-0.18879895051282758,0.0,2,1,1,nan,0.26,0.4487989505128276,9.81,1,1,7,21,41,-3.0,3.0,0.01,30.0,60.0,1e-09,1e-12,6,0.0001,1,new simulation,nan
1,16,-0.14391905546154482,-0.6000000000000001,-0.9,settled,0.21000000000000005,-0.18879895051282758,0.0,2,1,1,nan,0.26,0.4487989505128276,9.81,1,1,7,21,41,-3.0,3.0,0.01,30.0,60.0,1e-09,1e-12,6,0.0001,1,new simulation,nan
1,17,-0.14391905546154482,-0.4500000000000002,-0.9,settled,0.21000000000000005,-0.18879895051282758,0.0,2,1,1,nan,0.26,0.4487989505128276,9.81,1,1,7,21,41,-3.0,3.0,0.01,30.0,60.0,1e-09,1e-12,6,0.0001,1,new simulation,nan
1,18,-0.14391905546154482,-0.30000000000000027,-0.9,settled,0.22000000000000006,-0.18879895051282758,0.0,2,1,1,nan,0.26,0.4487989505128276,9.81,1,1,7,21,41,-3.0,3.0,0.01,30.0,60.0,1e-09,1e-12,6,0.0001,1,new simulation,nan
1,19,-0.14391905546154482,-0.1499999999999999,-0.9,settled,0.25000000000000006,-0.18879895051282758,0.0,2,1,1,nan,0.26,0.4487989505128276,9.81,1,1,7,21,41,-3.0,3.0,0.01,30.0,60.0,1e-09,1e-12,6,0.0001,1,new simulation,nan
1,20,-0.14391905546154482,0.0,-0.9,settled,0.3300000000000001,-0.18879895051282758,0.0,2,1,1,nan,0.26,0.4487989505128276,9.81,1,1,7,21,41,-3.0,3.0,0.01,30.0,60.0,1e-09,1e-12,6,0.0001,1,new simulation,nan
1,21,-0.14391905546154482,0.1499999999999999,-0.9,settled,0.47000000000000025,-0.18879895051282758,0.0,2,1,1,nan,0.26,0.4487989505128276,9.81,1,1,7,21,41,-3.0,3.0,0.01,30.0,60.0,1e-09,1e-12,6,0.0001,1,new simulation,nan
1,22,-0.14391905546154482,0.2999999999999998,-0.9,settled,0.7300000000000004,-0.18879895051282758,0.0,2,1,1,nan,0.26,0.4487989505128276,9.81,1,1,7,21,41,-3.0,3.0,0.01,30.0,60.0,1e-09,1e-12,6,0.0001,1,new simulation,nan
1,23,-0.14391905546154482,0.44999999999999973,-0.9,settled,2.6899999999999866,-0.18879895051282758,0.0,2,1,1,nan,0.26,0.4487989505128276,9.81,1,1,7,21,41,-3.0,3.0,0.01,30.0,60.0,1e-09,1e-12,6,0.0001,1,new simulation,nan
1,24,-0.14391905546154482,0.5999999999999996,-0.9,rolling,7.559999999999883,-0.17817301079821266,1.6569667686918896,14,14,0,1.668369371209689,0.26,0.4487989505128276,9.81,1,1,7,21,41,-3.0,3.0,0.01,30.0,60.0,1e-09,1e-12,6,0.0001,1,new simulation,nan
1,25,-0.14391905546154482,0.75,-0.9,rolling,7.319999999999888,-0.18868834317028058,1.6682838276355834,14,14,0,1.6683727132050592,0.26,0.4487989505128276,9.81,1,1,7,21,41,-3.0,3.0,0.01,30.0,60.0,1e-09,1e-12,6,0.0001,1,new simulation,nan
1,26,-0.14391905546154482,0.8999999999999999,-0.9,rolling,7.179999999999891,-0.1832078757185428,1.662315261315409,14,14,0,1.6683768000070451,0.26,0.4487989505128276,9.81,1,1,7,21,41,-3.0,3.0,0.01,30.0,60.0,1e-09,1e-12,6,0.0001,1,new simulation,nan
1,27,-0.14391905546154482,1.0499999999999998,-0.9,rolling,7.069999999999894,-0.1881189519089289,1.66765691610507,14,14,0,1.6683816289610167,0.26,0.4487989505128276,9.81,1,1,7,21,41,-3.0,3.0,0.01,30.0,60.0,1e-09,1e-12,6,0.0001,1,new simulation,nan
1,28,-0.14391905546154482,1.2000000000000002,-0.9,rolling,6.989999999999895,-0.1755802725532513,1.6542641953896946,14,14,0,1.6683872012861032,0.26,0.4487989505128276,9.81,1,1,7,21,41,-3.0,3.0,0.01,30.0,60.0,1e-09,1e-12,6,0.0001,1,new simulation,nan
1,29,-0.14391905546154482,1.3499999999999996,-0.9,rolling,6.419999999999908,-0.18847279103075223,1.6680461871668557,13,13,0,1.6683723518512126,0.26,0.4487989505128276,9.81,1,1,7,21,41,-3.0,3.0,0.01,30.0,60.0,1e-09,1e-12,6,0.0001,1,new simulation,nan
1,30,-0.14391905546154482,1.5,-0.9,rolling,5.869999999999919,-0.18205605684039364,1.6610798786696612,12,12,0,1.6683646110570578,0.26,0.4487989505128276,9.81,1,1,7,21,41,-3.0,3.0,0.01,30.0,60.0,1e-09,1e-12,6,0.0001,1,new simulation,nan
1,31,-0.14391905546154482,1.6499999999999995,-0.9,rolling,5.319999999999931,-0.18590969610188166,1.6652404858160004,11,11,0,1.668430783636831,0.26,0.4487989505128276,9.81,1,1,7,21,41,-3.0,3.0,0.01,30.0,60.0,1e-09,1e-12,6,0.0001,1,new simulation,nan
1,32,-0.14391905546154482,1.7999999999999998,-0.9,rolling,6.239999999999911,-0.18213559209072577,1.6611671677604736,13,13,0,1.668432549699973,0.26,0.4487989505128276,9.81,1,1,7,21,41,-3.0,3.0,0.01,30.0,60.0,1e-09,1e-12,6,0.0001,1,new simulation,nan
1,33,-0.14391905546154482,1.9500000000000002,-0.9,rolling,6.679999999999902,-0.1733610593547524,1.6519794635445944,14,14,0,1.668426203483152,0.26,0.4487989505128276,9.81,1,1,7,21,41,-3.0,3.0,0.01,30.0,60.0,1e-09,1e-12,6,0.0001,1,new simulation,nan
1,34,-0.14391905546154482,2.0999999999999996,-0.9,rolling,6.629999999999903,-0.17505247563813248,1.6537198056798146,14,14,0,1.6684362324161286,0.26,0.4487989505128276,9.81,1,1,7,21,41,-3.0,3.0,0.01,30.0,60.0,1e-09,1e-12,6,0.0001,1,new simulation,nan
1,35,-0.14391905546154482,2.25,-0.9,rolling,6.579999999999904,-0.18125662033161663,1.6602294166616365,14,14,0,1.6684470034663386,0.26,0.4487989505128276,9.81,1,1,7,21,41,-3.0,3.0,0.01,30.0,60.0,1e-09,1e-12,6,0.0001,1,new simulation,nan
1,36,-0.14391905546154482,2.3999999999999995,-0.9,rolling,7.019999999999895,-0.18621423530965536,1.6655722108647435,15,15,0,1.6684270125711775,0.26,0.4487989505128276,9.81,1,1,7,21,41,-3.0,3.0,0.01,30.0,60.0,1e-09,1e-12,6,0.0001,1,new simulation,nan
1,37,-0.14391905546154482,2.55,-0.9,rolling,6.979999999999896,-0.1831861511037945,1.6622937088904808,15,15,0,1.6684317778254085,0.26,0.4487989505128276,9.81,1,1,7,21,41,-3.0,3.0,0.01,30.0,60.0,1e-09,1e-12,6,0.0001,1,new simulation,nan
1,38,-0.14391905546154482,2.7,-0.9,rolling,6.9399999999998965,-0.18323696677216034,1.6623485077614246,15,15,0,1.6684368302998973,0.26,0.4487989505128276,9.81,1,1,7,21,41,-3.0,3.0,0.01,30.0,60.0,1e-09,1e-12,6,0.0001,1,new simulation,nan
1,39,-0.14391905546154482,2.8499999999999996,-0.9,rolling,6.899999999999897,-0.18605843992860494,1.665402881803964,15,15,0,1.6684421733889,0.26,0.4487989505128276,9.81,1,1,7,21,41,-3.0,3.0,0.01,30.0,60.0,1e-09,1e-12,6,0.0001,1,new simulation,nan
1,40,-0.14391905546154482,3.0,-0.9,rolling,6.869999999999898,-0.17478547617157203,1.6534445272882081,15,15,0,1.668447804722449,0.26,0.4487989505128276,9.81,1,1,7,21,41,-3.0,3.0,0.01,30.0,60.0,1e-09,1e-12,6,0.0001,1,new simulation,nan
2,0,-0.09903916041026206,-3.0,-0.8,rolling,7.979999999999874,-0.1854633521563627,1.6647534366391843,16,15,1,1.668384104050335,0.26,0.4487989505128276,9.81,1,1,7,21,41,-3.0,3.0,0.01,30.0,60.0,1e-09,1e-12,6,0.0001,1,new simulation,nan
2,1,-0.09903916041026206,-2.85,-0.8,rolling,7.919999999999876,-0.18868966169184193,1.6682855841839113,16,15,1,1.6683819154333228,0.26,0.4487989505128276,9.81,1,1,7,21,41,-3.0,3.0,0.01,30.0,60.0,1e-09,1e-12,6,0.0001,1,new simulation,nan
2,2,-0.09903916041026206,-2.7,-0.8,rolling,7.889999999999876,-0.18166454291846032,1.6606621427052912,16,15,1,1.6683798381344526,0.26,0.4487989505128276,9.81,1,1,7,21,41,-3.0,3.0,0.01,30.0,60.0,1e-09,1e-12,6,0.0001,1,new simulation,nan
2,3,-0.09903916041026206,-2.55,-0.8,rolling,7.869999999999877,-0.18671213622266805,1.6661141672584805,16,15,1,1.6683778736339718,0.26,0.4487989505128276,9.81,1,1,7,21,41,-3.0,3.0,0.01,30.0,60.0,1e-09,1e-12,6,0.0001,1,new simulation,nan
2,4,-0.09903916041026206,-2.4,-0.8,rolling,7.869999999999877,-0.1827535131858966,1.6618272580271995,16,15,1,1.6683760215991084,0.26,0.4487989505128276,9.81,1,1,7,21,41,-3.0,3.0,0.01,30.0,60.0,1e-09,1e-12,6,0.0001,1,new simulation,nan
2,5,-0.09903916041026206,-2.25,-0.8,rolling,7.879999999999876,-0.1858039397820149,1.66512350506528,16,15,1,1.6683742809755293,0.26,0.4487989505128276,9.81,1,1,7,21,41,-3.0,3.0,0.01,30.0,60.0,1e-09,1e-12,6,0.0001,1,new simulation,nan
2,6,-0.09903916041026206,-2.1,-0.8,rolling,7.909999999999876,-0.1820597586858016,1.661084100176671,16,15,1,1.6683726531734189,0.26,0.4487989505128276,9.81,1,1,7,21,41,-3.0,3.0,0.01,30.0,60.0,1e-09,1e-12,6,0.0001,1,new simulation,nan
2,7,-0.09903916041026206,-1.95,-0.8,rolling,7.959999999999875,-0.17929839866700284,1.6581509552345268,16,15,1,1.668371136455144,0.26,0.4487989505128276,9.81,1,1,7,21,41,-3.0,3.0,0.01,30.0,60.0,1e-09,1e-12,6,0.0001,1,new simulation,nan
2,8,-0.09903916041026206,-1.8,-0.8,rolling,8.039999999999873,-0.17902164601289636,1.6578591060939278,16,15,1,1.6683697341572081,0.26,0.4487989505128276,9.81,1,1,7,21,41,-3.0,3.0,0.01,30.0,60.0,1e-09,1e-12,6,0.0001,1,new simulation,nan
2,9,-0.09903916041026206,-1.6500000000000001,-0.8,rolling,8.17999999999987,-0.1812358758167662,1.660204743533269,16,15,1,1.6683684425142904,0.26,0.4487989505128276,9.81,1,1,7,21,41,-3.0,3.0,0.01,30.0,60.0,1e-09,1e-12,6,0.0001,1,new simulation,nan
2,10,-0.09903916041026206,-1.5,-0.8,rolling,8.529999999999863,-0.18568512777369428,1.6649940015366345,16,15,1,1.6683672637202205,0.26,0.4487989505128276,9.81,1,1,7,21,41,-3.0,3.0,0.01,30.0,60.0,1e-09,1e-12,6,0.0001,1,new simulation,nan
2,11,-0.09903916041026206,-1.35,-0.8,settled,0.37000000000000016,-0.18879895051282758,0.0,2,1,1,nan,0.26,0.4487989505128276,9.81,1,1,7,21,41,-3.0,3.0,0.01,30.0,60.0,1e-09,1e-12,6,0.0001,1,new simulation,nan
2,12,-0.09903916041026206,-1.2000000000000002,-0.8,settled,0.34000000000000014,-0.18879895051282758,0.0,2,1,1,nan,0.26,0.4487989505128276,9.81,1,1,7,21,41,-3.0,3.0,0.01,30.0,60.0,1e-09,1e-12,6,0.0001,1,new simulation,nan
2,13,-0.09903916041026206,-1.05,-0.8,settled,0.3200000000000001,-0.18879895051282758,0.0,2,1,1,nan,0.26,0.4487989505128276,9.81,1,1,7,21,41,-3.0,3.0,0.01,30.0,60.0,1e-09,1e-12,6,0.0001,1,new simulation,nan
2,14,-0.09903916041026206,-0.8999999999999999,-0.8,settled,0.3100000000000001,-0.18879895051282758,0.0,2,1,1,nan,0.26,0.4487989505128276,9.81,1,1,7,21,41,-3.0,3.0,0.01,30.0,60.0,1e-09,1e-12,6,0.0001,1,new simulation,nan
2,15,-0.09903916041026206,-0.75,-0.8,settled,0.2900000000000001,-0.18879895051282758,0.0,2,1,1,nan,0.26,0.4487989505128276,9.81,1,1,7,21,41,-3.0,3.0,0.01,30.0,60.0,1e-09,1e-12,6,0.0001,1,new simulation,nan
2,16,-0.09903916041026206,-0.6000000000000001,-0.8,settled,0.2900000000000001,-0.18879895051282758,0.0,2,1,1,nan,0.26,0.4487989505128276,9.81,1,1,7,21,41,-3.0,3.0,0.01,30.0,60.0,1e-09,1e-12,6,0.0001,1,new simulation,nan
2,17,-0.09903916041026206,-0.4500000000000002,-0.8,settled,0.3000000000000001,-0.18879895051282758,0.0,2,1,1,nan,0.26,0.4487989505128276,9.81,1,1,7,21,41,-3.0,3.0,0.01,30.0,60.0,1e-09,1e-12,6,0.0001,1,new simulation,nan
2,18,-0.09903916041026206,-0.30000000000000027,-0.8,settled,0.3300000000000001,-0.18879895051282758,0.0,2,1,1,nan,0.26,0.4487989505128276,9.81,1,1,7,21,41,-3.0,3.0,0.01,30.0,60.0,1e-09,1e-12,6,0.0001,1,new simulation,nan
2,19,-0.09903916041026206,-0.1499999999999999,-0.8,settled,0.3900000000000002,-0.18879895051282758,0.0,2,1,1,nan,0.26,0.4487989505128276,9.81,1,1,7,21,41,-3.0,3.0,0.01,30.0,60.0,1e-09,1e-12,6,0.0001,1,new simulation,nan
2,20,-0.09903916041026206,0.0,-0.8,settled,0.5100000000000002,-0.18879895051282758,0.0,2,1,1,nan,0.26,0.4487989505128276,9.81,1,1,7,21,41,-3.0,3.0,0.01,30.0,60.0,1e-09,1e-12,6,0.0001,1,new simulation,nan
2,21,-0.09903916041026206,0.1499999999999999,-0.8,settled,0.7300000000000004,-0.18879895051282758,0.0,2,1,1,nan,0.26,0.4487989505128276,9.81,1,1,7,21,41,-3.0,3.0,0.01,30.0,60.0,1e-09,1e-12,6,0.0001,1,new simulation,nan
2,22,-0.09903916041026206,0.2999999999999998,-0.8,settled,1.6400000000000012,-0.18879895051282758,0.0,2,1,1,nan,0.26,0.4487989505128276,9.81,1,1,7,21,41,-3.0,3.0,0.01,30.0,60.0,1e-09,1e-12,6,0.0001,1,new simulation,nan
2,23,-0.09903916041026206,0.44999999999999973,-0.8,rolling,7.579999999999883,-0.1854169771577731,1.6647025395417243,14,14,0,1.6683685317226082,0.26,0.4487989505128276,9.81,1,1,7,21,41,-3.0,3.0,0.01,30.0,60.0,1e-09,1e-12,6,0.0001,1,new simulation,nan
2,24,-0.09903916041026206,0.5999999999999996,-0.8,rolling,7.339999999999888,-0.18192204836539716,1.6609368498217194,14,14,0,1.668371133390021,0.26,0.4487989505128276,9.81,1,1,7,21,41,-3.0,3.0,0.01,30.0,60.0,1e-09,1e-12,6,0.0001,1,new simulation,nan
2,25,-0.09903916041026206,0.75,-0.8,rolling,7.199999999999891,-0.17415119291616318,1.6527887375940313,14,14,0,1.6683744756106924,0.26,0.4487989505128276,9.81,1,1,7,21,41,-3.0,3.0,0.01,30.0,60.0,1e-09,1e-12,6,0.0001,1,new simulation,nan
2,26,-0.09903916041026206,0.8999999999999999,-0.8,rolling,7.089999999999893,-0.17914730490931347,1.6579918387809034,14,14,0,1.6683785613304087,0.26,0.4487989505128276,9.81,1,1,7,21,41,-3.0,3.0,0.01,30.0,60.0,1e-09,1e-12,6,0.0001,1,new simulation,nan
2,27,-0.09903916041026206,1.0499999999999998,-0.8,rolling,6.999999999999895,-0.18399320315356069,1.6631613929483988,14,14,0,1.6683833902975358,0.26,0.4487989505128276,9.81,1,1,7,21,41,-3.0,3.0,0.01,30.0,60.0,1e-09,1e-12,6,0.0001,1,new simulation,nan
2,28,-0.09903916041026206,1.2000000000000002,-0.8,rolling,6.929999999999897,-0.17598762358527167,1.6546866482745188,14,14,0,1.668388963012876,0.26,0.4487989505128276,9.81,1,1,7,21,41,-3.0,3.0,0.01,30.0,60.0,1e-09,1e-12,6,0.0001,1,new simulation,nan
2,29,-0.09903916041026206,1.3499999999999996,-0.8,rolling,6.369999999999909,-0.18698751779235256,1.666415313119988,13,13,0,1.6683768829853287,0.26,0.4487989505128276,9.81,1,1,7,21,41,-3.0,3.0,0.01,30.0,60.0,1e-09,1e-12,6,0.0001,1,new simulation,nan
2,30,-0.09903916041026206,1.5,-0.8,rolling,5.82999999999992,-0.17486882744841356,1.653528182836395,12,12,0,1.6683762680074468,0.26,0.4487989505128276,9.81,1,1,7,21,41,-3.0,3.0,0.01,30.0,60.0,1e-09,1e-12,6,0.0001,1,new simulation,nan
2,31,-0.09903916041026206,1.6499999999999995,-0.8,rolling,5.769999999999921,-0.18191718973665028,1.6609335188748597,12,12,0,1.6684278859898782,0.26,0.4487989505128276,9.81,1,1,7,21,41,-3.0,3.0,0.01,30.0,60.0,1e-09,1e-12,6,0.0001,1,new simulation,nan
2,32,-0.09903916041026206,1.7999999999999998,-0.8,rolling,6.209999999999912,-0.17344053950299043,1.6520612516669904,13,13,0,1.6684370806085258,0.26,0.4487989505128276,9.81,1,1,7,21,41,-3.0,3.0,0.01,30.0,60.0,1e-09,1e-12,6,0.0001,1,new simulation,nan
2,33,-0.09903916041026206,1.9500000000000002,-0.8,rolling,6.639999999999903,-0.1867023602886724,1.6661051213752922,14,14,0,1.668427964691147,0.26,0.4487989505128276,9.81,1,1,7,21,41,-3.0,3.0,0.01,30.0,60.0,1e-09,1e-12,6,0.0001,1,new simulation,nan
2,34,-0.09903916041026206,2.0999999999999996,-0.8,rolling,6.599999999999904,-0.17634649848112843,1.6550611032600289,14,14,0,1.6684379943172418,0.26,0.4487989505128276,9.81,1,1,7,21,41,-3.0,3.0,0.01,30.0,60.0,1e-09,1e-12,6,0.0001,1,new simulation,nan
2,35,-0.09903916041026206,2.25,-0.8,rolling,6.549999999999905,-0.18641239477539454,1.6657891060397978,14,14,0,1.6684487653675244,0.26,0.4487989505128276,9.81,1,1,7,21,41,-3.0,3.0,0.01,30.0,60.0,1e-09,1e-12,6,0.0001,1,new simulation,nan
2,36,-0.09903916041026206,2.3999999999999995,-0.8,rolling,6.999999999999895,-0.17805326681296207,1.6568430778579455,15,15,0,1.668427697897683,0.26,0.4487989505128276,9.81,1,1,7,21,41,-3.0,3.0,0.01,30.0,60.0,1e-09,1e-12,6,0.0001,1,new simulation,nan
2,37,-0.09903916041026206,2.55,-0.8,rolling,6.959999999999896,-0.17789124884816468,1.6566733973426437,15,15,0,1.668432462392899,0.26,0.4487989505128276,9.81,1,1,7,21,41,-3.0,3.0,0.01,30.0,60.0,1e-09,1e-12,6,0.0001,1,new simulation,nan
2,38,-0.09903916041026206,2.7,-0.8,rolling,6.919999999999897,-0.18043998990057222,1.6593609758835894,15,15,0,1.6684375156419886,0.26,0.4487989505128276,9.81,1,1,7,21,41,-3.0,3.0,0.01,30.0,60.0,1e-09,1e-12,6,0.0001,1,new simulation,nan
2,39,-0.09903916041026206,2.8499999999999996,-0.8,rolling,6.879999999999898,-0.1854673481672018,1.664759702109205,15,15,0,1.668442857741567,0.26,0.4487989505128276,9.81,1,1,7,21,41,-3.0,3.0,0.01,30.0,60.0,1e-09,1e-12,6,0.0001,1,new simulation,nan
2,40,-0.09903916041026206,3.0,-0.8,rolling,6.849999999999898,-0.17615162408113827,1.6548589077067484,15,15,0,1.6684484892877922,0.26,0.4487989505128276,9.81,1,1,7,21,41,-3.0,3.0,0.01,30.0,60.0,1e-09,1e-12,6,0.0001,1,new simulation,nan
3,0,-0.0541592653589793,-3.0,-0.7,rolling,7.999999999999874,-0.18641465661084314,1.6657894638400794,16,15,1,1.668384272491859,0.26,0.4487989505128276,9.81,1,1,7,21,41,-3.0,3.0,0.01,30.0,60.0,1e-09,1e-12,6,0.0001,1,new simulation,nan
3,1,-0.0541592653589793,-2.85,-0.7,rolling,7.939999999999875,-0.18751277515789255,1.6669910076595649,16,15,1,1.6683820828648301,0.26,0.4487989505128276,9.81,1,1,7,21,41,-3.0,3.0,0.01,30.0,60.0,1e-09,1e-12,6,0.0001,1,new simulation,nan
3,2,-0.0541592653589793,-2.7,-0.7,rolling,7.909999999999876,-0.17953000769331287,1.658395754964554,16,15,1,1.6683800066772465,0.26,0.4487989505128276,9.81,1,1,7,21,41,-3.0,3.0,0.01,30.0,60.0,1e-09,1e-12,6,0.0001,1,new simulation,nan
3,3,-0.0541592653589793,-2.55,-0.7,rolling,7.889999999999876,-0.18412236138916616,1.6633006413838962,16,15,1,1.6683780417205816,0.26,0.4487989505128276,9.81,1,1,7,21,41,-3.0,3.0,0.01,30.0,60.0,1e-09,1e-12,6,0.0001,1,new simulation,nan
3,4,-0.0541592653589793,-2.4,-0.7,rolling,7.889999999999876,-0.17989837638514714,1.6587850811784692,16,15,1,1.6683761891818818,0.26,0.4487989505128276,9.81,1,1,7,21,41,-3.0,3.0,0.01,30.0,60.0,1e-09,1e-12,6,0.0001,1,new simulation,nan
3,5,-0.0541592653589793,-2.25,-0.7,rolling,7.899999999999876,-0.1825485692286167,1.6616074442364568,16,15,1,1.6683744487112717,0.26,0.4487989505128276,9.81,1,1,7,21,41,-3.0,3.0,0.01,30.0,60.0,1e-09,1e-12,6,0.0001,1,new simulation,nan
3,6,-0.0541592653589793,-2.1,-0.7,rolling,7.929999999999875,-0.1778757310405038,1.656655176485455,16,15,1,1.6683728209264241,0.26,0.4487989505128276,9.81,1,1,7,21,41,-3.0,3.0,0.01,30.0,60.0,1e-09,1e-12,6,0.0001,1,new simulation,nan
3,7,-0.0541592653589793,-1.95,-0.7,rolling,7.979999999999874,-0.17280585348798697,1.6514097416942113,16,15,1,1.6683713061016021,0.26,0.4487989505128276,9.81,1,1,7,21,41,-3.0,3.0,0.01,30.0,60.0,1e-09,1e-12,6,0.0001,1,new simulation,nan
3,8,-0.0541592653589793,-1.8,-0.7,rolling,8.049999999999873,-0.18319656831973258,1.6623028791478216,16,15,1,1.668369901645063,0.26,0.4487989505128276,9.81,1,1,7,21,41,-3.0,3.0,0.01,30.0,60.0,1e-09,1e-12,6,0.0001,1,new simulation,nan
3,9,-0.0541592653589793,-1.6500000000000001,-0.7,rolling,8.17999999999987,-0.1843906001208918,1.6635901642635673,16,15,1,1.6683686111393943,0.26,0.4487989505128276,9.81,1,1,7,21,41,-3.0,3.0,0.01,30.0,60.0,1e-09,1e-12,6,0.0001,1,new simulation,nan
3,10,-0.0541592653589793,-1.5,-0.7,rolling,8.469999999999864,-0.18720512731095532,1.666653270403547,16,15,1,1.668367432452506,0.26,0.4487989505128276,9.81,1,1,7,21,41,-3.0,3.0,0.01,30.0,60.0,1e-09,1e-12,6,0.0001,1,new simulation,nan
3,11,-0.0541592653589793,-1.35,-0.7,settled,0.4000000000000002,-0.18879895051282758,0.0,2,1,1,nan,0.26,0.4487989505128276,9.81,1,1,7,21,41,-3.0,3.0,0.01,30.0,60.0,1e-09,1e-12,6,0.0001,1,new simulation,nan
3,12,-0.0541592653589793,-1.2000000000000002,-0.7,settled,0.38000000000000017,-0.18879895051282758,0.0,2,1,1,nan,0.26,0.4487989505128276,9.81,1,1,7,21,41,-3.0,3.0,0.01,30.0,60.0,1e-09,1e-12,6,0.0001,1,new simulation,nan
3,13,-0.0541592653589793,-1.05,-0.7,settled,0.37000000000000016,-0.18879895051282758,0.0,2,1,1,nan,0.26,0.4487989505128276,9.81,1,1,7,21,41,-3.0,3.0,0.01,30.0,60.0,1e-09,1e-12,6,0.0001,1,new simulation,nan
3,14,-0.0541592653589793,-0.8999999999999999,-0.7,settled,0.36000000000000015,-0.18879895051282758,0.0,2,1,1,nan,0.26,0.4487989505128276,9.81,1,1,7,21,41,-3.0,3.0,0.01,30.0,60.0,1e-09,1e-12,6,0.0001,1,new simulation,nan
3,15,-0.0541592653589793,-0.75,-0.7,settled,0.36000000000000015,-0.18879895051282758,0.0,2,1,1,nan,0.26,0.4487989505128276,9.81,1,1,7,21,41,-3.0,3.0,0.01,30.0,60.0,1e-09,1e-12,6,0.0001,1,new simulation,nan
3,16,-0.0541592653589793,-0.6000000000000001,-0.7,settled,0.36000000000000015,-0.18879895051282758,0.0,2,1,1,nan,0.26,0.4487989505128276,9.81,1,1,7,21,41,-3.0,3.0,0.01,30.0,60.0,1e-09,1e-12,6,0.0001,1,new simulation,nan
3,17,-0.0541592653589793,-0.4500000000000002,-0.7,settled,0.3900000000000002,-0.18879895051282758,0.0,2,1,1,nan,0.26,0.4487989505128276,9.81,1,1,7,21,41,-3.0,3.0,0.01,30.0,60.0,1e-09,1e-12,6,0.0001,1,new simulation,nan
3,18,-0.0541592653589793,-0.30000000000000027,-0.7,settled,0.4400000000000002,-0.18879895051282758,0.0,2,1,1,nan,0.26,0.4487989505128276,9.81,1,1,7,21,41,-3.0,3.0,0.01,30.0,60.0,1e-09,1e-12,6,0.0001,1,new simulation,nan
3,19,-0.0541592653589793,-0.1499999999999999,-0.7,settled,0.5400000000000003,-0.18879895051282758,0.0,2,1,1,nan,0.26,0.4487989505128276,9.81,1,1,7,21,41,-3.0,3.0,0.01,30.0,60.0,1e-09,1e-12,6,0.0001,1,new simulation,nan
3,20,-0.0541592653589793,0.0,-0.7,settled,0.7300000000000004,-0.18879895051282758,0.0,2,1,1,nan,0.26,0.4487989505128276,9.81,1,1,7,21,41,-3.0,3.0,0.01,30.0,60.0,1e-09,1e-12,6,0.0001,1,new simulation,nan
3,21,-0.0541592653589793,0.1499999999999999,-0.7,settled,1.430000000000001,-0.18879895051282758,0.0,2,1,1,nan,0.26,0.4487989505128276,9.81,1,1,7,21,41,-3.0,3.0,0.01,30.0,60.0,1e-09,1e-12,6,0.0001,1,new simulation,nan
3,22,-0.0541592653589793,0.2999999999999998,-0.7,rolling,7.609999999999882,-0.17758175312295194,1.6563472169845133,14,14,0,1.6683677869132847,0.26,0.4487989505128276,9.81,1,1,7,21,41,-3.0,3.0,0.01,30.0,60.0,1e-09,1e-12,6,0.0001,1,new simulation,nan
3,23,-0.0541592653589793,0.44999999999999973,-0.7,rolling,7.3599999999998875,-0.17526871892042523,1.6539411397347175,14,14,0,1.6683696447850547,0.26,0.4487989505128276,9.81,1,1,7,21,41,-3.0,3.0,0.01,30.0,60.0,1e-09,1e-12,6,0.0001,1,new simulation,nan
3,24,-0.0541592653589793,0.5999999999999996,-0.7,rolling,7.209999999999891,-0.18174408889263782,1.6607468032318502,14,14,0,1.6683722441863162,0.26,0.4487989505128276,9.81,1,1,7,21,41,-3.0,3.0,0.01,30.0,60.0,1e-09,1e-12,6,0.0001,1,new simulation,nan
3,25,-0.0541592653589793,0.75,-0.7,rolling,7.099999999999893,-0.18706607885787993,1.6665012599209241,14,14,0,1.6683755871401449,0.26,0.4487989505128276,9.81,1,1,7,21,41,-3.0,3.0,0.01,30.0,60.0,1e-09,1e-12,6,0.0001,1,new simulation,nan
3,26,-0.0541592653589793,0.8999999999999999,-0.7,rolling,7.019999999999895,-0.17630978311510218,1.6550210087521366,14,14,0,1.668379674179332,0.26,0.4487989505128276,9.81,1,1,7,21,41,-3.0,3.0,0.01,30.0,60.0,1e-09,1e-12,6,0.0001,1,new simulation,nan
3,27,-0.0541592653589793,1.0499999999999998,-0.7,rolling,6.9399999999998965,-0.1860087286285332,1.665346831136935,14,14,0,1.6683845027956492,0.26,0.4487989505128276,9.81,1,1,7,21,41,-3.0,3.0,0.01,30.0,60.0,1e-09,1e-12,6,0.0001,1,new simulation,nan
3,28,-0.0541592653589793,1.2000000000000002,-0.7,rolling,6.389999999999908,-0.1813904582932222,1.6603692797238079,13,13,0,1.6683634987119804,0.26,0.4487989505128276,9.81,1,1,7,21,41,-3.0,3.0,0.01,30.0,60.0,1e-09,1e-12,6,0.0001,1,new simulation,nan
3,29,-0.0541592653589793,1.3499999999999996,-0.7,rolling,6.3299999999999095,-0.18148875676378906,1.6604746094130194,13,13,0,1.6683797445610205,0.26,0.4487989505128276,9.81,1,1,7,21,41,-3.0,3.0,0.01,30.0,60.0,1e-09,1e-12,6,0.0001,1,new simulation,nan
3,30,-0.0541592653589793,1.5,-0.7,rolling,5.789999999999921,-0.17772344064201578,1.6564960291139526,12,12,0,1.6683836294816439,0.26,0.4487989505128276,9.81,1,1,7,21,41,-3.0,3.0,0.01,30.0,60.0,1e-09,1e-12,6,0.0001,1,new simulation,nan
3,31,-0.0541592653589793,1.6499999999999995,-0.7,rolling,5.739999999999922,-0.17481310821527277,1.6534726232253936,12,12,0,1.6684352461998095,0.26,0.4487989505128276,9.81,1,1,7,21,41,-3.0,3.0,0.01,30.0,60.0,1e-09,1e-12,6,0.0001,1,new simulation,nan
3,32,-0.0541592653589793,1.7999999999999998,-0.7,rolling,6.169999999999913,-0.18830662239885237,1.6678653669739965,13,13,0,1.6684399418984528,0.26,0.4487989505128276,9.81,1,1,7,21,41,-3.0,3.0,0.01,30.0,60.0,1e-09,1e-12,6,0.0001,1,new simulation,nan
3,33,-0.0541592653589793,1.9500000000000002,-0.7,rolling,6.619999999999903,-0.17284743309897188,1.6514541251540165,14,14,0,1.6684290776426929,0.26,0.4487989505128276,9.81,1,1,7,21,41,-3.0,3.0,0.01,30.0,60.0,1e-09,1e-12,6,0.0001,1,new simulation,nan
3,34,-0.0541592653589793,2.0999999999999996,-0.7,rolling,6.569999999999904,-0.18284176620281048,1.6619240249309137,14,14,0,1.6684391054569836,0.26,0.4487989505128276,9.81,1,1,7,21,41,-3.0,3.0,0.01,30.0,60.0,1e-09,1e-12,6,0.0001,1,new simulation,nan
3,35,-0.0541592653589793,2.25,-0.7,rolling,6.529999999999905,-0.17952554977585017,1.6583933423387747,14,14,0,1.668449877474776,0.26,0.4487989505128276,9.81,1,1,7,21,41,-3.0,3.0,0.01,30.0,60.0,1e-09,1e-12,6,0.0001,1,new simulation,nan
3,36,-0.0541592653589793,2.3999999999999995,-0.7,rolling,6.979999999999896,-0.17397279328657722,1.6526071169631478,15,15,0,1.6684281298304846,0.26,0.4487989505128276,9.81,1,1,7,21,41,-3.0,3.0,0.01,30.0,60.0,1e-09,1e-12,6,0.0001,1,new simulation,nan
3,37,-0.0541592653589793,2.55,-0.7,rolling,6.9399999999998965,-0.1762336607419235,1.6549436352504077,15,15,0,1.6684328954863803,0.26,0.4487989505128276,9.81,1,1,7,21,41,-3.0,3.0,0.01,30.0,60.0,1e-09,1e-12,6,0.0001,1,new simulation,nan
3,38,-0.0541592653589793,2.7,-0.7,rolling,6.899999999999897,-0.18091958653711068,1.6598704180800892,15,15,0,1.6684379482355507,0.26,0.4487989505128276,9.81,1,1,7,21,41,-3.0,3.0,0.01,30.0,60.0,1e-09,1e-12,6,0.0001,1,new simulation,nan
3,39,-0.0541592653589793,2.8499999999999996,-0.7,rolling,6.859999999999898,-0.1878557164339773,1.6673695232223993,15,15,0,1.6684432912672975,0.26,0.4487989505128276,9.81,1,1,7,21,41,-3.0,3.0,0.01,30.0,60.0,1e-09,1e-12,6,0.0001,1,new simulation,nan
3,40,-0.0541592653589793,3.0,-0.7,rolling,6.829999999999899,-0.1802207147412045,1.6591288318369564,15,15,0,1.6684489216454386,0.26,0.4487989505128276,9.81,1,1,7,21,41,-3.0,3.0,0.01,30.0,60.0,1e-09,1e-12,6,0.0001,1,new simulation,nan
4,0,-0.009279370307696544,-3.0,-0.6,rolling,8.019999999999873,-0.18196025495498988,1.6609781119362432,16,15,1,1.6683843423138793,0.26,0.4487989505128276,9.81,1,1,7,21,41,-3.0,3.0,0.01,30.0,60.0,1e-09,1e-12,6,0.0001,1,new simulation,nan
4,1,-0.009279370307696544,-2.85,-0.6,rolling,7.959999999999875,-0.18290366075199133,1.6619885981150868,16,15,1,1.668382152334354,0.26,0.4487989505128276,9.81,1,1,7,21,41,-3.0,3.0,0.01,30.0,60.0,1e-09,1e-12,6,0.0001,1,new simulation,nan
4,2,-0.009279370307696544,-2.7,-0.6,rolling,7.929999999999875,-0.17537523325982862,1.6540516752649217,16,15,1,1.6683800766867283,0.26,0.4487989505128276,9.81,1,1,7,21,41,-3.0,3.0,0.01,30.0,60.0,1e-09,1e-12,6,0.0001,1,new simulation,nan
4,3,-0.009279370307696544,-2.55,-0.6,rolling,7.909999999999876,-0.1807103129669829,1.659646017545739,16,15,1,1.6683781112923057,0.26,0.4487989505128276,9.81,1,1,7,21,41,-3.0,3.0,0.01,30.0,60.0,1e-09,1e-12,6,0.0001,1,new simulation,nan
4,4,-0.009279370307696544,-2.4,-0.6,rolling,7.909999999999876,-0.1774461164247094,1.6562056344247542,16,15,1,1.6683762586808053,0.26,0.4487989505128276,9.81,1,1,7,21,41,-3.0,3.0,0.01,30.0,60.0,1e-09,1e-12,6,0.0001,1,new simulation,nan
4,5,-0.009279370307696544,-2.25,-0.6,rolling,7.919999999999876,-0.1811455327482967,1.6601087444214666,16,15,1,1.6683745189653285,0.26,0.4487989505128276,9.81,1,1,7,21,41,-3.0,3.0,0.01,30.0,60.0,1e-09,1e-12,6,0.0001,1,new simulation,nan
4,6,-0.009279370307696544,-2.1,-0.6,rolling,7.949999999999875,-0.1774927875712486,1.656254325268446,16,15,1,1.6683728901994004,0.26,0.4487989505128276,9.81,1,1,7,21,41,-3.0,3.0,0.01,30.0,60.0,1e-09,1e-12,6,0.0001,1,new simulation,nan
4,7,-0.009279370307696544,-1.95,-0.6,rolling,7.999999999999874,-0.17312024826824166,1.651731135982408,16,15,1,1.6683713757164416,0.26,0.4487989505128276,9.81,1,1,7,21,41,-3.0,3.0,0.01,30.0,60.0,1e-09,1e-12,6,0.0001,1,new simulation,nan
4,8,-0.009279370307696544,-1.8,-0.6,rolling,8.069999999999872,-0.18312957913581118,1.6622308735993168,16,15,1,1.6683699722217955,0.26,0.4487989505128276,9.81,1,1,7,21,41,-3.0,3.0,0.01,30.0,60.0,1e-09,1e-12,6,0.0001,1,new simulation,nan
4,9,-0.009279370307696544,-1.6500000000000001,-0.6,rolling,8.19999999999987,-0.18006335805829213,1.658959485011728,16,15,1,1.6683686799437336,0.26,0.4487989505128276,9.81,1,1,7,21,41,-3.0,3.0,0.01,30.0,60.0,1e-09,1e-12,6,0.0001,1,new simulation,nan
4,10,-0.009279370307696544,-1.5,-0.6,rolling,8.469999999999864,-0.18688763214680862,1.6663057203476563,16,15,1,1.668367501573312,0.26,0.4487989505128276,9.81,1,1,7,21,41,-3.0,3.0,0.01,30.0,60.0,1e-09,1e-12,6,0.0001,1,new simulation,nan
4,11,-0.009279370307696544,-1.35,-0.6,settled,0.4400000000000002,-0.18879895051282758,0.0,2,1,1,nan,0.26,0.4487989505128276,9.81,1,1,7,21,41,-3.0,3.0,0.01,30.0,60.0,1e-09,1e-12,6,0.0001,1,new simulation,nan
4,12,-0.009279370307696544,-1.2000000000000002,-0.6,settled,0.4200000000000002,-0.18879895051282758,0.0,2,1,1,nan,0.26,0.4487989505128276,9.81,1,1,7,21,41,-3.0,3.0,0.01,30.0,60.0,1e-09,1e-12,6,0.0001,1,new simulation,nan
4,13,-0.009279370307696544,-1.05,-0.6,settled,0.4100000000000002,-0.18879895051282758,0.0,2,1,1,nan,0.26,0.4487989505128276,9.81,1,1,7,21,41,-3.0,3.0,0.01,30.0,60.0,1e-09,1e-12,6,0.0001,1,new simulation,nan
4,14,-0.009279370307696544,-0.8999999999999999,-0.6,settled,0.4100000000000002,-0.18879895051282758,0.0,2,1,1,nan,0.26,0.4487989505128276,9.81,1,1,7,21,41,-3.0,3.0,0.01,30.0,60.0,1e-09,1e-12,6,0.0001,1,new simulation,nan
4,15,-0.009279370307696544,-0.75,-0.6,settled,0.4100000000000002,-0.18879895051282758,0.0,2,1,1,nan,0.26,0.4487989505128276,9.81,1,1,7,21,41,-3.0,3.0,0.01,30.0,60.0,1e-09,1e-12,6,0.0001,1,new simulation,nan
4,16,-0.009279370307696544,-0.6000000000000001,-0.6,settled,0.4400000000000002,-0.18879895051282758,0.0,2,1,1,nan,0.26,0.4487989505128276,9.81,1,1,7,21,41,-3.0,3.0,0.01,30.0,60.0,1e-09,1e-12,6,0.0001,1,new simulation,nan
4,17,-0.009279370307696544,-0.4500000000000002,-0.6,settled,0.48000000000000026,-0.18879895051282758,0.0,2,1,1,nan,0.26,0.4487989505128276,9.81,1,1,7,21,41,-3.0,3.0,0.01,30.0,60.0,1e-09,1e-12,6,0.0001,1,new simulation,nan
4,18,-0.009279370307696544,-0.30000000000000027,-0.6,settled,0.5600000000000003,-0.18879895051282758,0.0,2,1,1,nan,0.26,0.4487989505128276,9.81,1,1,7,21,41,-3.0,3.0,0.01,30.0,60.0,1e-09,1e-12,6,0.0001,1,new simulation,nan
4,19,-0.009279370307696544,-0.1499999999999999,-0.6,settled,0.7300000000000004,-0.18879895051282758,0.0,2,1,1,nan,0.26,0.4487989505128276,9.81,1,1,7,21,41,-3.0,3.0,0.01,30.0,60.0,1e-09,1e-12,6,0.0001,1,new simulation,nan
4,20,-0.009279370307696544,0.0,-0.6,settled,1.300000000000001,-0.18879895051282758,0.0,2,1,1,nan,0.26,0.4487989505128276,9.81,1,1,7,21,41,-3.0,3.0,0.01,30.0,60.0,1e-09,1e-12,6,0.0001,1,new simulation,nan
4,21,-0.009279370307696544,0.1499999999999999,-0.6,rolling,7.629999999999882,-0.1884379088046181,1.6680075833173096,14,14,0,1.668367133805022,0.26,0.4487989505128276,9.81,1,1,7,21,41,-3.0,3.0,0.01,30.0,60.0,1e-09,1e-12,6,0.0001,1,new simulation,nan
4,22,-0.009279370307696544,0.2999999999999998,-0.6,rolling,7.369999999999887,-0.18541953318663518,1.66470530832774,14,14,0,1.6683682476687947,0.26,0.4487989505128276,9.81,1,1,7,21,41,-3.0,3.0,0.01,30.0,60.0,1e-09,1e-12,6,0.0001,1,new simulation,nan
4,23,-0.009279370307696544,0.44999999999999973,-0.6,rolling,7.22999999999989,-0.17292902217970788,1.651535550979896,14,14,0,1.6683701058057014,0.26,0.4487989505128276,9.81,1,1,7,21,41,-3.0,3.0,0.01,30.0,60.0,1e-09,1e-12,6,0.0001,1,new simulation,nan
4,24,-0.009279370307696544,0.5999999999999996,-0.6,rolling,7.119999999999893,-0.17870026699945663,1.6575208426697206,14,14,0,1.6683727056724535,0.26,0.4487989505128276,9.81,1,1,7,21,41,-3.0,3.0,0.01,30.0,60.0,1e-09,1e-12,6,0.0001,1,new simulation,nan
4,25,-0.009279370307696544,0.75,-0.6,rolling,7.0299999999998946,-0.18579933651279903,1.6651185524772467,14,14,0,1.6683760486658514,0.26,0.4487989505128276,9.81,1,1,7,21,41,-3.0,3.0,0.01,30.0,60.0,1e-09,1e-12,6,0.0001,1,new simulation,nan
4,26,-0.009279370307696544,0.8999999999999999,-0.6,rolling,6.959999999999896,-0.1802453149409074,1.6591526460154085,14,14,0,1.6683801353450882,0.26,0.4487989505128276,9.81,1,1,7,21,41,-3.0,3.0,0.01,30.0,60.0,1e-09,1e-12,6,0.0001,1,new simulation,nan
4,27,-0.009279370307696544,1.0499999999999998,-0.6,rolling,6.8899999999998975,-0.1882872147671377,1.667842203336346,14,14,0,1.6683849642639084,0.26,0.4487989505128276,9.81,1,1,7,21,41,-3.0,3.0,0.01,30.0,60.0,1e-09,1e-12,6,0.0001,1,new simulation,nan
4,28,-0.009279370307696544,1.2000000000000002,-0.6,rolling,6.349999999999909,-0.17794137839674373,1.6567237015862146,13,13,0,1.6683646852773306,0.26,0.4487989505128276,9.81,1,1,7,21,41,-3.0,3.0,0.01,30.0,60.0,1e-09,1e-12,6,0.0001,1,new simulation,nan
4,29,-0.009279370307696544,1.3499999999999996,-0.6,rolling,6.28999999999991,-0.1863362673073836,1.6657038106660236,13,13,0,1.6683809306461999,0.26,0.4487989505128276,9.81,1,1,7,21,41,-3.0,3.0,0.01,30.0,60.0,1e-09,1e-12,6,0.0001,1,new simulation,nan
4,30,-0.009279370307696544,1.5,-0.6,rolling,5.759999999999922,-0.17251562414256286,1.6511140216169133,12,12,0,1.6683866791370632,0.26,0.4487989505128276,9.81,1,1,7,21,41,-3.0,3.0,0.01,30.0,60.0,1e-09,1e-12,6,0.0001,1,new simulation,nan
4,31,-0.009279370307696544,1.6499999999999995,-0.6,rolling,5.709999999999923,-0.17487103785524055,1.653532510153313,12,12,0,1.668438297435781,0.26,0.4487989505128276,9.81,1,1,7,21,41,-3.0,3.0,0.01,30.0,60.0,1e-09,1e-12,6,0.0001,1,new simulation,nan
4,32,-0.009279370307696544,1.7999999999999998,-0.6,rolling,6.149999999999913,-0.17612076555497277,1.6548266128826998,13,13,0,1.6684411277653106,0.26,0.4487989505128276,9.81,1,1,7,21,41,-3.0,3.0,0.01,30.0,60.0,1e-09,1e-12,6,0.0001,1,new simulation,nan
4,33,-0.009279370307696544,1.9500000000000002,-0.6,rolling,6.589999999999904,-0.1809166880332091,1.659867058367847,14,14,0,1.6684295381623446,0.26,0.4487989505128276,9.81,1,1,7,21,41,-3.0,3.0,0.01,30.0,60.0,1e-09,1e-12,6,0.0001,1,new simulation,nan
4,34,-0.009279370307696544,2.0999999999999996,-0.6,rolling,6.549999999999905,-0.17745963654079452,1.6562218552775156,14,14,0,1.6684395668153857,0.26,0.4487989505128276,9.81,1,1,7,21,41,-3.0,3.0,0.01,30.0,60.0,1e-09,1e-12,6,0.0001,1,new simulation,nan
4,35,-0.009279370307696544,2.25,-0.6,rolling,6.509999999999906,-0.17683896316458259,1.655574224421331,14,14,0,1.6684503382976363,0.26,0.4487989505128276,9.81,1,1,7,21,41,-3.0,3.0,0.01,30.0,60.0,1e-09,1e-12,6,0.0001,1,new simulation,nan
4,36,-0.009279370307696544,2.3999999999999995,-0.6,rolling,6.959999999999896,-0.1736292000389061,1.6522543825926987,15,15,0,1.6684283086508447,0.26,0.4487989505128276,9.81,1,1,7,21,41,-3.0,3.0,0.01,30.0,60.0,1e-09,1e-12,6,0.0001,1,new simulation,nan
4,37,-0.009279370307696544,2.55,-0.6,rolling,6.919999999999897,-0.17794611064070825,1.656730913641363,15,15,0,1.6684330743525448,0.26,0.4487989505128276,9.81,1,1,7,21,41,-3.0,3.0,0.01,30.0,60.0,1e-09,1e-12,6,0.0001,1,new simulation,nan
4,38,-0.009279370307696544,2.7,-0.6,rolling,6.879999999999898,-0.18446622464392107,1.6636742198417434,15,15,0,1.6684381275920985,0.26,0.4487989505128276,9.81,1,1,7,21,41,-3.0,3.0,0.01,30.0,60.0,1e-09,1e-12,6,0.0001,1,new simulation,nan
4,39,-0.009279370307696544,2.8499999999999996,-0.6,rolling,6.849999999999898,-0.17641879986532244,1.65513647992452,15,15,0,1.6684434698029087,0.26,0.4487989505128276,9.81,1,1,7,21,41,-3.0,3.0,0.01,30.0,60.0,1e-09,1e-12,6,0.0001,1,new simulation,nan
4,40,-0.009279370307696544,3.0,-0.6,rolling,6.809999999999899,-0.18686372203035753,1.6662822352712738,15,15,0,1.6684491002415356,0.26,0.4487989505128276,9.81,1,1,7,21,41,-3.0,3.0,0.01,30.0,60.0,1e-09,1e-12,6,0.0001,1,new simulation,nan
5,0,0.035600524743586215,-3.0,-0.5,rolling,8.029999999999873,-0.1886003027612446,1.6681871212972976,16,15,1,1.6683843136167307,0.26,0.4487989505128276,9.81,1,1,7,21,41,-3.0,3.0,0.01,30.0,60.0,1e-09,1e-12,6,0.0001,1,new simulation,nan
5,1,0.035600524743586215,-2.85,-0.5,rolling,7.979999999999874,-0.17485488092274945,1.6535139828351086,16,15,1,1.6683821234149028,0.26,0.4487989505128276,9.81,1,1,7,21,41,-3.0,3.0,0.01,30.0,60.0,1e-09,1e-12,6,0.0001,1,new simulation,nan
5,2,0.035600524743586215,-2.7,-0.5,rolling,7.939999999999875,-0.1857932989853698,1.6651121121494399,16,15,1,1.6683800470945143,0.26,0.4487989505128276,9.81,1,1,7,21,41,-3.0,3.0,0.01,30.0,60.0,1e-09,1e-12,6,0.0001,1,new simulation,nan
5,3,0.035600524743586215,-2.55,-0.5,rolling,7.929999999999875,-0.1765268659676561,1.6552467687942094,16,15,1,1.6683780828933132,0.26,0.4487989505128276,9.81,1,1,7,21,41,-3.0,3.0,0.01,30.0,60.0,1e-09,1e-12,6,0.0001,1,new simulation,nan
5,4,0.035600524743586215,-2.4,-0.5,rolling,7.929999999999875,-0.17545695790538848,1.6541361344865297,16,15,1,1.668376229860166,0.26,0.4487989505128276,9.81,1,1,7,21,41,-3.0,3.0,0.01,30.0,60.0,1e-09,1e-12,6,0.0001,1,new simulation,nan
5,5,0.035600524743586215,-2.25,-0.5,rolling,7.939999999999875,-0.18164963588872485,1.660646057107771,16,15,1,1.6683744895329198,0.26,0.4487989505128276,9.81,1,1,7,21,41,-3.0,3.0,0.01,30.0,60.0,1e-09,1e-12,6,0.0001,1,new simulation,nan
5,6,0.035600524743586215,-2.1,-0.5,rolling,7.9699999999998745,-0.18092597304119015,1.6598750711180614,16,15,1,1.6683728616029867,0.26,0.4487989505128276,9.81,1,1,7,21,41,-3.0,3.0,0.01,30.0,60.0,1e-09,1e-12,6,0.0001,1,new simulation,nan
5,7,0.035600524743586215,-1.95,-0.5,rolling,8.019999999999873,-0.18011881539012578,1.6590183121473943,16,15,1,1.6683713463410716,0.26,0.4487989505128276,9.81,1,1,7,21,41,-3.0,3.0,0.01,30.0,60.0,1e-09,1e-12,6,0.0001,1,new simulation,nan
5,8,0.035600524743586215,-1.8,-0.5,rolling,8.099999999999872,-0.1782189677100345,1.657015014865793,16,15,1,1.6683699426138652,0.26,0.4487989505128276,9.81,1,1,7,21,41,-3.0,3.0,0.01,30.0,60.0,1e-09,1e-12,6,0.0001,1,new simulation,nan
5,9,0.035600524743586215,-1.6500000000000001,-0.5,rolling,8.229999999999869,-0.18221551998543217,1.6612505821894803,16,15,1,1.6683686510336484,0.26,0.4487989505128276,9.81,1,1,7,21,41,-3.0,3.0,0.01,30.0,60.0,1e-09,1e-12,6,0.0001,1,new simulation,nan
5,10,0.035600524743586215,-1.5,-0.5,rolling,8.519999999999863,-0.17382972213410025,1.6524581610825184,16,15,1,1.6683674725243687,0.26,0.4487989505128276,9.81,1,1,7,21,41,-3.0,3.0,0.01,30.0,60.0,1e-09,1e-12,6,0.0001,1,new simulation,nan
5,11,0.035600524743586215,-1.35,-0.5,settled,0.47000000000000025,-0.18879895051282758,0.0,2,1,1,nan,0.26,0.4487989505128276,9.81,1,1,7,21,41,-3.0,3.0,0.01,30.0,60.0,1e-09,1e-12,6,0.0001,1,new simulation,nan
5,12,0.035600524743586215,-1.2000000000000002,-0.5,settled,0.46000000000000024,-0.18879895051282758,0.0,2,1,1,nan,0.26,0.4487989505128276,9.81,1,1,7,21,41,-3.0,3.0,0.01,30.0,60.0,1e-09,1e-12,6,0.0001,1,new simulation,nan
5,13,0.035600524743586215,-1.05,-0.5,settled,0.45000000000000023,-0.18879895051282758,0.0,2,1,1,nan,0.26,0.4487989505128276,9.81,1,1,7,21,41,-3.0,3.0,0.01,30.0,60.0,1e-09,1e-12,6,0.0001,1,new simulation,nan
5,14,0.035600524743586215,-0.8999999999999999,-0.5,settled,0.46000000000000024,-0.18879895051282758,0.0,2,1,1,nan,0.26,0.4487989505128276,9.81,1,1,7,21,41,-3.0,3.0,0.01,30.0,60.0,1e-09,1e-12,6,0.0001,1,new simulation,nan
5,15,0.035600524743586215,-0.75,-0.5,settled,0.48000000000000026,-0.18879895051282758,0.0,2,1,1,nan,0.26,0.4487989505128276,9.81,1,1,7,21,41,-3.0,3.0,0.01,30.0,60.0,1e-09,1e-12,6,0.0001,1,new simulation,nan
5,16,0.035600524743586215,-0.6000000000000001,-0.5,settled,0.5100000000000002,-0.18879895051282758,0.0,2,1,1,nan,0.26,0.4487989505128276,9.81,1,1,7,21,41,-3.0,3.0,0.01,30.0,60.0,1e-09,1e-12,6,0.0001,1,new simulation,nan
5,17,0.035600524743586215,-0.4500000000000002,-0.5,settled,0.5900000000000003,-0.18879895051282758,0.0,2,1,1,nan,0.26,0.4487989505128276,9.81,1,1,7,21,41,-3.0,3.0,0.01,30.0,60.0,1e-09,1e-12,6,0.0001,1,new simulation,nan
5,18,0.035600524743586215,-0.30000000000000027,-0.5,settled,0.7400000000000004,-0.18879895051282758,0.0,2,1,1,nan,0.26,0.4487989505128276,9.81,1,1,7,21,41,-3.0,3.0,0.01,30.0,60.0,1e-09,1e-12,6,0.0001,1,new simulation,nan
5,19,0.035600524743586215,-0.1499999999999999,-0.5,settled,1.2200000000000009,-0.18879895051282758,0.0,2,1,1,nan,0.26,0.4487989505128276,9.81,1,1,7,21,41,-3.0,3.0,0.01,30.0,60.0,1e-09,1e-12,6,0.0001,1,new simulation,nan
5,20,0.035600524743586215,0.0,-0.5,rolling,7.659999999999881,-0.18544091427054527,1.6647284830607425,14,14,0,1.6683665709052917,0.26,0.4487989505128276,9.81,1,1,7,21,41,-3.0,3.0,0.01,30.0,60.0,1e-09,1e-12,6,0.0001,1,new simulation,nan
5,21,0.035600524743586215,0.1499999999999999,-0.5,rolling,7.389999999999887,-0.17933645871353046,1.6581909776426926,14,14,0,1.6683669424950278,0.26,0.4487989505128276,9.81,1,1,7,21,41,-3.0,3.0,0.01,30.0,60.0,1e-09,1e-12,6,0.0001,1,new simulation,nan
5,22,0.035600524743586215,0.2999999999999998,-0.5,rolling,7.23999999999989,-0.18090668033779386,1.6598543985491063,14,14,0,1.668368056936,0.26,0.4487989505128276,9.81,1,1,7,21,41,-3.0,3.0,0.01,30.0,60.0,1e-09,1e-12,6,0.0001,1,new simulation,nan
5,23,0.035600524743586215,0.44999999999999973,-0.5,rolling,7.129999999999892,-0.18735986454690448,1.6668229207023717,14,14,0,1.6683699143493917,0.26,0.4487989505128276,9.81,1,1,7,21,41,-3.0,3.0,0.01,30.0,60.0,1e-09,1e-12,6,0.0001,1,new simulation,nan
5,24,0.035600524743586215,0.5999999999999996,-0.5,rolling,7.049999999999894,-0.1793437517891021,1.658198856322358,14,14,0,1.6683725142739785,0.26,0.4487989505128276,9.81,1,1,7,21,41,-3.0,3.0,0.01,30.0,60.0,1e-09,1e-12,6,0.0001,1,new simulation,nan
5,25,0.035600524743586215,0.75,-0.5,rolling,6.979999999999896,-0.17543559277692775,1.6541140064195337,14,14,0,1.6683758574626741,0.26,0.4487989505128276,9.81,1,1,7,21,41,-3.0,3.0,0.01,30.0,60.0,1e-09,1e-12,6,0.0001,1,new simulation,nan
5,26,0.035600524743586215,0.8999999999999999,-0.5,rolling,6.909999999999897,-0.18493042623872424,1.6641749255316192,14,14,0,1.6683799438349167,0.26,0.4487989505128276,9.81,1,1,7,21,41,-3.0,3.0,0.01,30.0,60.0,1e-09,1e-12,6,0.0001,1,new simulation,nan
5,27,0.035600524743586215,1.0499999999999998,-0.5,rolling,6.849999999999898,-0.1872350881031536,1.6666866597693666,14,14,0,1.668384772138615,0.26,0.4487989505128276,9.81,1,1,7,21,41,-3.0,3.0,0.01,30.0,60.0,1e-09,1e-12,6,0.0001,1,new simulation,nan
5,28,0.035600524743586215,1.2000000000000002,-0.5,rolling,6.30999999999991,-0.18511617369941105,1.664375833710433,13,13,0,1.6683641928440147,0.26,0.4487989505128276,9.81,1,1,7,21,41,-3.0,3.0,0.01,30.0,60.0,1e-09,1e-12,6,0.0001,1,new simulation,nan
5,29,0.035600524743586215,1.3499999999999996,-0.5,rolling,6.259999999999911,-0.18333239830958387,1.662449300586568,13,13,0,1.66838043848371,0.26,0.4487989505128276,9.81,1,1,7,21,41,-3.0,3.0,0.01,30.0,60.0,1e-09,1e-12,6,0.0001,1,new simulation,nan
5,30,0.035600524743586215,1.5,-0.5,rolling,5.729999999999922,-0.17467630744247023,1.653329866101746,12,12,0,1.6683854137308767,0.26,0.4487989505128276,9.81,1,1,7,21,41,-3.0,3.0,0.01,30.0,60.0,1e-09,1e-12,6,0.0001,1,new simulation,nan
5,31,0.035600524743586215,1.6499999999999995,-0.5,rolling,5.679999999999923,-0.1812720711005082,1.6602455491708574,12,12,0,1.6684370309086327,0.26,0.4487989505128276,9.81,1,1,7,21,41,-3.0,3.0,0.01,30.0,60.0,1e-09,1e-12,6,0.0001,1,new simulation,nan
5,32,0.035600524743586215,1.7999999999999998,-0.5,rolling,6.119999999999914,-0.1860792502235488,1.6654255086555136,13,13,0,1.668440635419551,0.26,0.4487989505128276,9.81,1,1,7,21,41,-3.0,3.0,0.01,30.0,60.0,1e-09,1e-12,6,0.0001,1,new simulation,nan
5,33,0.035600524743586215,1.9500000000000002,-0.5,rolling,6.569999999999904,-0.17728550600377077,1.656039525030256,14,14,0,1.6684293465792173,0.26,0.4487989505128276,9.81,1,1,7,21,41,-3.0,3.0,0.01,30.0,60.0,1e-09,1e-12,6,0.0001,1,new simulation,nan
5,34,0.035600524743586215,2.0999999999999996,-0.5,rolling,6.529999999999905,-0.17640852708684582,1.655125659450946,14,14,0,1.6684393758403442,0.26,0.4487989505128276,9.81,1,1,7,21,41,-3.0,3.0,0.01,30.0,60.0,1e-09,1e-12,6,0.0001,1,new simulation,nan
5,35,0.035600524743586215,2.25,-0.5,rolling,6.489999999999906,-0.17802379268741228,1.6568129107295257,14,14,0,1.668450146384292,0.26,0.4487989505128276,9.81,1,1,7,21,41,-3.0,3.0,0.01,30.0,60.0,1e-09,1e-12,6,0.0001,1,new simulation,nan
5,36,0.035600524743586215,2.3999999999999995,-0.5,rolling,6.9399999999998965,-0.17676937490899236,1.655500972491915,15,15,0,1.6684282348494748,0.26,0.4487989505128276,9.81,1,1,7,21,41,-3.0,3.0,0.01,30.0,60.0,1e-09,1e-12,6,0.0001,1,new simulation,nan
5,37,0.035600524743586215,2.55,-0.5,rolling,6.899999999999897,-0.18283150450009578,1.6619128119643196,15,15,0,1.6684330000612857,0.26,0.4487989505128276,9.81,1,1,7,21,41,-3.0,3.0,0.01,30.0,60.0,1e-09,1e-12,6,0.0001,1,new simulation,nan
5,38,0.035600524743586215,2.7,-0.5,rolling,6.869999999999898,-0.17430908849178678,1.6529532847421395,15,15,0,1.6684380531227536,0.26,0.4487989505128276,9.81,1,1,7,21,41,-3.0,3.0,0.01,30.0,60.0,1e-09,1e-12,6,0.0001,1,new simulation,nan
5,39,0.035600524743586215,2.8499999999999996,-0.5,rolling,6.829999999999899,-0.18423139801943936,1.6634205527990522,15,15,0,1.6684433947542618,0.26,0.4487989505128276,9.81,1,1,7,21,41,-3.0,3.0,0.01,30.0,60.0,1e-09,1e-12,6,0.0001,1,new simulation,nan
5,40,0.035600524743586215,3.0,-0.5,rolling,6.7999999999998995,-0.17931684141937992,1.65817297606357,15,15,0,1.6684490263367637,0.26,0.4487989505128276,9.81,1,1,7,21,41,-3.0,3.0,0.01,30.0,60.0,1e-09,1e-12,6,0.0001,1,new simulation,nan
6,0,0.08048041979486897,-3.0,-0.4,rolling,8.049999999999873,-0.17330360274995693,1.6519192297578158,16,15,1,1.6683841862957431,0.26,0.4487989505128276,9.81,1,1,7,21,41,-3.0,3.0,0.01,30.0,60.0,1e-09,1e-12,6,0.0001,1,new simulation,nan
6,1,0.08048041979486897,-2.85,-0.4,rolling,7.989999999999874,-0.18011706033643451,1.6590168037394983,16,15,1,1.668381996417116,0.26,0.4487989505128276,9.81,1,1,7,21,41,-3.0,3.0,0.01,30.0,60.0,1e-09,1e-12,6,0.0001,1,new simulation,nan
6,2,0.08048041979486897,-2.7,-0.4,rolling,7.959999999999875,-0.17780286477102472,1.6565790777655955,16,15,1,1.6683799203196044,0.26,0.4487989505128276,9.81,1,1,7,21,41,-3.0,3.0,0.01,30.0,60.0,1e-09,1e-12,6,0.0001,1,new simulation,nan
6,3,0.08048041979486897,-2.55,-0.4,rolling,7.939999999999875,-0.18840118503699702,1.6679674810893794,16,15,1,1.6683779553736435,0.26,0.4487989505128276,9.81,1,1,7,21,41,-3.0,3.0,0.01,30.0,60.0,1e-09,1e-12,6,0.0001,1,new simulation,nan
6,4,0.08048041979486897,-2.4,-0.4,rolling,7.949999999999875,-0.1742057582328754,1.6528449177753846,16,15,1,1.6683761028164081,0.26,0.4487989505128276,9.81,1,1,7,21,41,-3.0,3.0,0.01,30.0,60.0,1e-09,1e-12,6,0.0001,1,new simulation,nan
6,5,0.08048041979486897,-2.25,-0.4,rolling,7.959999999999875,-0.1844074218234877,1.6636085399368676,16,15,1,1.6683743626448688,0.26,0.4487989505128276,9.81,1,1,7,21,41,-3.0,3.0,0.01,30.0,60.0,1e-09,1e-12,6,0.0001,1,new simulation,nan
6,6,0.08048041979486897,-2.1,-0.4,rolling,7.989999999999874,-0.18864917525978603,1.668240632375202,16,15,1,1.6683727346261483,0.26,0.4487989505128276,9.81,1,1,7,21,41,-3.0,3.0,0.01,30.0,60.0,1e-09,1e-12,6,0.0001,1,new simulation,nan
6,7,0.08048041979486897,-1.95,-0.4,rolling,8.049999999999873,-0.17786110346968043,1.656639797552154,16,15,1,1.6683712184334487,0.26,0.4487989505128276,9.81,1,1,7,21,41,-3.0,3.0,0.01,30.0,60.0,1e-09,1e-12,6,0.0001,1,new simulation,nan
6,8,0.08048041979486897,-1.8,-0.4,rolling,8.129999999999871,-0.18603382515268183,1.6653736920017175,16,15,1,1.6683698148274206,0.26,0.4487989505128276,9.81,1,1,7,21,41,-3.0,3.0,0.01,30.0,60.0,1e-09,1e-12,6,0.0001,1,new simulation,nan
6,9,0.08048041979486897,-1.6500000000000001,-0.4,rolling,8.279999999999868,-0.17624287703840305,1.6549510925524076,16,15,1,1.6683685244494395,0.26,0.4487989505128276,9.81,1,1,7,21,41,-3.0,3.0,0.01,30.0,60.0,1e-09,1e-12,6,0.0001,1,new simulation,nan
6,10,0.08048041979486897,-1.5,-0.4,rolling,8.60999999999986,-0.1759768067397272,1.6546747076362178,16,15,1,1.668367344970015,0.26,0.4487989505128276,9.81,1,1,7,21,41,-3.0,3.0,0.01,30.0,60.0,1e-09,1e-12,6,0.0001,1,new simulation,nan
6,11,0.08048041979486897,-1.35,-0.4,settled,0.5000000000000002,-0.18879895051282758,0.0,2,1,1,nan,0.26,0.4487989505128276,9.81,1,1,7,21,41,-3.0,3.0,0.01,30.0,60.0,1e-09,1e-12,6,0.0001,1,new simulation,nan
6,12,0.08048041979486897,-1.2000000000000002,-0.4,settled,0.5000000000000002,-0.18879895051282758,0.0,2,1,1,nan,0.26,0.4487989505128276,9.81,1,1,7,21,41,-3.0,3.0,0.01,30.0,60.0,1e-09,1e-12,6,0.0001,1,new simulation,nan
6,13,0.08048041979486897,-1.05,-0.4,settled,0.5000000000000002,-0.18879895051282758,0.0,2,1,1,nan,0.26,0.4487989505128276,9.81,1,1,7,21,41,-3.0,3.0,0.01,30.0,60.0,1e-09,1e-12,6,0.0001,1,new simulation,nan
6,14,0.08048041979486897,-0.8999999999999999,-0.4,settled,0.5100000000000002,-0.18879895051282758,0.0,2,1,1,nan,0.26,0.4487989505128276,9.81,1,1,7,21,41,-3.0,3.0,0.01,30.0,60.0,1e-09,1e-12,6,0.0001,1,new simulation,nan
6,15,0.08048041979486897,-0.75,-0.4,settled,0.5400000000000003,-0.18879895051282758,0.0,2,1,1,nan,0.26,0.4487989505128276,9.81,1,1,7,21,41,-3.0,3.0,0.01,30.0,60.0,1e-09,1e-12,6,0.0001,1,new simulation,nan
6,16,0.08048041979486897,-0.6000000000000001,-0.4,settled,0.6100000000000003,-0.18879895051282758,0.0,2,1,1,nan,0.26,0.4487989505128276,9.81,1,1,7,21,41,-3.0,3.0,0.01,30.0,60.0,1e-09,1e-12,6,0.0001,1,new simulation,nan
6,17,0.08048041979486897,-0.4500000000000002,-0.4,settled,0.7400000000000004,-0.18879895051282758,0.0,2,1,1,nan,0.26,0.4487989505128276,9.81,1,1,7,21,41,-3.0,3.0,0.01,30.0,60.0,1e-09,1e-12,6,0.0001,1,new simulation,nan
6,18,0.08048041979486897,-0.30000000000000027,-0.4,settled,1.1500000000000008,-0.18879895051282758,0.0,2,1,1,nan,0.26,0.4487989505128276,9.81,1,1,7,21,41,-3.0,3.0,0.01,30.0,60.0,1e-09,1e-12,6,0.0001,1,new simulation,nan
6,19,0.08048041979486897,-0.1499999999999999,-0.4,rolling,7.6899999999998805,-0.18613529737395684,1.665484155447787,14,14,0,1.6683660999211904,0.26,0.4487989505128276,9.81,1,1,7,21,41,-3.0,3.0,0.01,30.0,60.0,1e-09,1e-12,6,0.0001,1,new simulation,nan
6,20,0.08048041979486897,0.0,-0.4,rolling,7.4099999999998865,-0.1738047831302027,1.652432498620472,14,14,0,1.6683657279025097,0.26,0.4487989505128276,9.81,1,1,7,21,41,-3.0,3.0,0.01,30.0,60.0,1e-09,1e-12,6,0.0001,1,new simulation,nan
6,21,0.08048041979486897,0.1499999999999999,-0.4,rolling,7.25999999999989,-0.17263927300685525,1.6512394925909206,14,14,0,1.6683660999600827,0.26,0.4487989505128276,9.81,1,1,7,21,41,-3.0,3.0,0.01,30.0,60.0,1e-09,1e-12,6,0.0001,1,new simulation,nan
6,22,0.08048041979486897,0.2999999999999998,-0.4,rolling,7.149999999999892,-0.17986465034983345,1.65874910234526,14,14,0,1.668367214207774,0.26,0.4487989505128276,9.81,1,1,7,21,41,-3.0,3.0,0.01,30.0,60.0,1e-09,1e-12,6,0.0001,1,new simulation,nan
6,23,0.08048041979486897,0.44999999999999973,-0.4,rolling,7.069999999999894,-0.17365504480540486,1.6522789407439575,14,14,0,1.6683690712906765,0.26,0.4487989505128276,9.81,1,1,7,21,41,-3.0,3.0,0.01,30.0,60.0,1e-09,1e-12,6,0.0001,1,new simulation,nan
6,24,0.08048041979486897,0.5999999999999996,-0.4,rolling,6.989999999999895,-0.1882774090202068,1.6678309716121227,14,14,0,1.6683716714924322,0.26,0.4487989505128276,9.81,1,1,7,21,41,-3.0,3.0,0.01,30.0,60.0,1e-09,1e-12,6,0.0001,1,new simulation,nan
6,25,0.08048041979486897,0.75,-0.4,rolling,6.929999999999897,-0.18293763138029193,1.6620248369809878,14,14,0,1.6683750139425444,0.26,0.4487989505128276,9.81,1,1,7,21,41,-3.0,3.0,0.01,30.0,60.0,1e-09,1e-12,6,0.0001,1,new simulation,nan
6,26,0.08048041979486897,0.8999999999999999,-0.4,rolling,6.869999999999898,-0.18672058135994685,1.6661234384185934,14,14,0,1.6683791004816861,0.26,0.4487989505128276,9.81,1,1,7,21,41,-3.0,3.0,0.01,30.0,60.0,1e-09,1e-12,6,0.0001,1,new simulation,nan
6,27,0.08048041979486897,1.0499999999999998,-0.4,rolling,6.819999999999899,-0.18055174317197445,1.6594778148485234,14,14,0,1.6683839296494485,0.26,0.4487989505128276,9.81,1,1,7,21,41,-3.0,3.0,0.01,30.0,60.0,1e-09,1e-12,6,0.0001,1,new simulation,nan
6,28,0.08048041979486897,1.2000000000000002,-0.4,rolling,6.7699999999999,-0.1795722472973473,1.6584406883769958,14,14,0,1.6683895017890513,0.26,0.4487989505128276,9.81,1,1,7,21,41,-3.0,3.0,0.01,30.0,60.0,1e-09,1e-12,6,0.0001,1,new simulation,nan
6,29,0.08048041979486897,1.3499999999999996,-0.4,rolling,6.229999999999912,-0.18801722136114718,1.6675449189819584,13,13,0,1.6683782690409756,0.26,0.4487989505128276,9.81,1,1,7,21,41,-3.0,3.0,0.01,30.0,60.0,1e-09,1e-12,6,0.0001,1,new simulation,nan
6,30,0.08048041979486897,1.5,-0.4,rolling,5.699999999999923,-0.18343078965536688,1.6625551516835697,12,12,0,1.66837983324777,0.26,0.4487989505128276,9.81,1,1,7,21,41,-3.0,3.0,0.01,30.0,60.0,1e-09,1e-12,6,0.0001,1,new simulation,nan
6,31,0.08048041979486897,1.6499999999999995,-0.4,rolling,5.659999999999924,-0.17683988039222104,1.6555745590446647,12,12,0,1.668431451220162,0.26,0.4487989505128276,9.81,1,1,7,21,41,-3.0,3.0,0.01,30.0,60.0,1e-09,1e-12,6,0.0001,1,new simulation,nan
6,32,0.08048041979486897,1.7999999999999998,-0.4,rolling,6.099999999999914,-0.18449926102571435,1.663709965245994,13,13,0,1.6684384675713508,0.26,0.4487989505128276,9.81,1,1,7,21,41,-3.0,3.0,0.01,30.0,60.0,1e-09,1e-12,6,0.0001,1,new simulation,nan
6,33,0.08048041979486897,1.9500000000000002,-0.4,rolling,6.549999999999905,-0.17815241833763257,1.6569471085873395,14,14,0,1.668428504163708,0.26,0.4487989505128276,9.81,1,1,7,21,41,-3.0,3.0,0.01,30.0,60.0,1e-09,1e-12,6,0.0001,1,new simulation,nan
6,34,0.08048041979486897,2.0999999999999996,-0.4,rolling,6.509999999999906,-0.1793835128095448,1.6582429932000164,14,14,0,1.6684385319773287,0.26,0.4487989505128276,9.81,1,1,7,21,41,-3.0,3.0,0.01,30.0,60.0,1e-09,1e-12,6,0.0001,1,new simulation,nan
6,35,0.08048041979486897,2.25,-0.4,rolling,6.4699999999999065,-0.1828467882680754,1.6619297503430785,14,14,0,1.668449304282894,0.26,0.4487989505128276,9.81,1,1,7,21,41,-3.0,3.0,0.01,30.0,60.0,1e-09,1e-12,6,0.0001,1,new simulation,nan
6,36,0.08048041979486897,2.3999999999999995,-0.4,rolling,6.919999999999897,-0.18321416281164263,1.6623236966731147,15,15,0,1.6684279064566647,0.26,0.4487989505128276,9.81,1,1,7,21,41,-3.0,3.0,0.01,30.0,60.0,1e-09,1e-12,6,0.0001,1,new simulation,nan
6,37,0.08048041979486897,2.55,-0.4,rolling,6.8899999999998975,-0.17413682567176464,1.6527758815618474,15,15,0,1.668432671753667,0.26,0.4487989505128276,9.81,1,1,7,21,41,-3.0,3.0,0.01,30.0,60.0,1e-09,1e-12,6,0.0001,1,new simulation,nan
6,38,0.08048041979486897,2.7,-0.4,rolling,6.849999999999898,-0.18347723060652965,1.6626070398035409,15,15,0,1.6684377250874292,0.26,0.4487989505128276,9.81,1,1,7,21,41,-3.0,3.0,0.01,30.0,60.0,1e-09,1e-12,6,0.0001,1,new simulation,nan
6,39,0.08048041979486897,2.8499999999999996,-0.4,rolling,6.819999999999899,-0.17797199574117112,1.6567583745491261,15,15,0,1.6684430682413627,0.26,0.4487989505128276,9.81,1,1,7,21,41,-3.0,3.0,0.01,30.0,60.0,1e-09,1e-12,6,0.0001,1,new simulation,nan
6,40,0.08048041979486897,3.0,-0.4,rolling,6.7899999999999,-0.17412179885164714,1.6527609571905864,15,15,0,1.6684486983641766,0.26,0.4487989505128276,9.81,1,1,7,21,41,-3.0,3.0,0.01,30.0,60.0,1e-09,1e-12,6,0.0001,1,new simulation,nan
7,0,0.12536031484615173,-3.0,-0.3,rolling,8.049999999999873,-0.18643413423177446,1.6658107135023326,16,15,1,1.6683839608853053,0.26,0.4487989505128276,9.81,1,1,7,21,41,-3.0,3.0,0.01,30.0,60.0,1e-09,1e-12,6,0.0001,1,new simulation,nan
7,1,0.12536031484615173,-2.85,-0.3,rolling,7.999999999999874,-0.18255590123581358,1.661615542660456,16,15,1,1.6683817710744926,0.26,0.4487989505128276,9.81,1,1,7,21,41,-3.0,3.0,0.01,30.0,60.0,1e-09,1e-12,6,0.0001,1,new simulation,nan
7,2,0.12536031484615173,-2.7,-0.3,rolling,7.9699999999998745,-0.185013071751857,1.6642645161663343,16,15,1,1.6683796941681146,0.26,0.4487989505128276,9.81,1,1,7,21,41,-3.0,3.0,0.01,30.0,60.0,1e-09,1e-12,6,0.0001,1,new simulation,nan
7,3,0.12536031484615173,-2.55,-0.3,rolling,7.959999999999875,-0.1835311952281199,1.6626631742565066,16,15,1,1.6683777291590305,0.26,0.4487989505128276,9.81,1,1,7,21,41,-3.0,3.0,0.01,30.0,60.0,1e-09,1e-12,6,0.0001,1,new simulation,nan
7,4,0.12536031484615173,-2.4,-0.3,rolling,7.9699999999998745,-0.17419325257457408,1.6528320451766365,16,15,1,1.6683758765773298,0.26,0.4487989505128276,9.81,1,1,7,21,41,-3.0,3.0,0.01,30.0,60.0,1e-09,1e-12,6,0.0001,1,new simulation,nan
7,5,0.12536031484615173,-2.25,-0.3,rolling,7.989999999999874,-0.1734741166076277,1.6520935856125525,16,15,1,1.6683741368302787,0.26,0.4487989505128276,9.81,1,1,7,21,41,-3.0,3.0,0.01,30.0,60.0,1e-09,1e-12,6,0.0001,1,new simulation,nan
7,6,0.12536031484615173,-2.1,-0.3,rolling,8.019999999999873,-0.18491700908468758,1.6641601399422095,16,15,1,1.668372508705054,0.26,0.4487989505128276,9.81,1,1,7,21,41,-3.0,3.0,0.01,30.0,60.0,1e-09,1e-12,6,0.0001,1,new simulation,nan
7,7,0.12536031484615173,-1.95,-0.3,rolling,8.079999999999872,-0.18435814197455808,1.6635551517186034,16,15,1,1.6683709932504407,0.26,0.4487989505128276,9.81,1,1,7,21,41,-3.0,3.0,0.01,30.0,60.0,1e-09,1e-12,6,0.0001,1,new simulation,nan
7,8,0.12536031484615173,-1.8,-0.3,rolling,8.17999999999987,-0.1760890369952673,1.6547913010527309,16,15,1,1.6683695895058388,0.26,0.4487989505128276,9.81,1,1,7,21,41,-3.0,3.0,0.01,30.0,60.0,1e-09,1e-12,6,0.0001,1,new simulation,nan
7,9,0.12536031484615173,-1.6500000000000001,-0.3,rolling,8.339999999999867,-0.1862450706583492,1.6656039154989004,16,15,1,1.66836829852444,0.26,0.4487989505128276,9.81,1,1,7,21,41,-3.0,3.0,0.01,30.0,60.0,1e-09,1e-12,6,0.0001,1,new simulation,nan
7,10,0.12536031484615173,-1.5,-0.3,rolling,8.789999999999857,-0.18647212285592954,1.6658516325353343,16,15,1,1.6683671191681169,0.26,0.4487989505128276,9.81,1,1,7,21,41,-3.0,3.0,0.01,30.0,60.0,1e-09,1e-12,6,0.0001,1,new simulation,nan
7,11,0.12536031484615173,-1.35,-0.3,settled,0.5300000000000002,-0.18879895051282758,0.0,2,1,1,nan,0.26,0.4487989505128276,9.81,1,1,7,21,41,-3.0,3.0,0.01,30.0,60.0,1e-09,1e-12,6,0.0001,1,new simulation,nan
7,12,0.12536031484615173,-1.2000000000000002,-0.3,settled,0.5300000000000002,-0.18879895051282758,0.0,2,1,1,nan,0.26,0.4487989505128276,9.81,1,1,7,21,41,-3.0,3.0,0.01,30.0,60.0,1e-09,1e-12,6,0.0001,1,new simulation,nan
7,13,0.12536031484615173,-1.05,-0.3,settled,0.5400000000000003,-0.18879895051282758,0.0,2,1,1,nan,0.26,0.4487989505128276,9.81,1,1,7,21,41,-3.0,3.0,0.01,30.0,60.0,1e-09,1e-12,6,0.0001,1,new simulation,nan
7,14,0.12536031484615173,-0.8999999999999999,-0.3,settled,0.5700000000000003,-0.18879895051282758,0.0,2,1,1,nan,0.26,0.4487989505128276,9.81,1,1,7,21,41,-3.0,3.0,0.01,30.0,60.0,1e-09,1e-12,6,0.0001,1,new simulation,nan
7,15,0.12536031484615173,-0.75,-0.3,settled,0.6300000000000003,-0.18879895051282758,0.0,2,1,1,nan,0.26,0.4487989505128276,9.81,1,1,7,21,41,-3.0,3.0,0.01,30.0,60.0,1e-09,1e-12,6,0.0001,1,new simulation,nan
7,16,0.12536031484615173,-0.6000000000000001,-0.3,settled,0.7500000000000004,-0.18879895051282758,0.0,2,1,1,nan,0.26,0.4487989505128276,9.81,1,1,7,21,41,-3.0,3.0,0.01,30.0,60.0,1e-09,1e-12,6,0.0001,1,new simulation,nan
7,17,0.12536031484615173,-0.4500000000000002,-0.3,settled,1.1000000000000008,-0.18879895051282758,0.0,2,1,1,nan,0.26,0.4487989505128276,9.81,1,1,7,21,41,-3.0,3.0,0.01,30.0,60.0,1e-09,1e-12,6,0.0001,1,new simulation,nan
7,18,0.12536031484615173,-0.30000000000000027,-0.3,rolling,7.72999999999988,-0.17511842115240944,1.6537856222487848,14,14,0,1.6683657200480884,0.26,0.4487989505128276,9.81,1,1,7,21,41,-3.0,3.0,0.01,30.0,60.0,1e-09,1e-12,6,0.0001,1,new simulation,nan
7,19,0.12536031484615173,-0.1499999999999999,-0.3,rolling,7.419999999999886,-0.18556076866383692,1.664858680033741,14,14,0,1.6683646055092891,0.26,0.4487989505128276,9.81,1,1,7,21,41,-3.0,3.0,0.01,30.0,60.0,1e-09,1e-12,6,0.0001,1,new simulation,nan
7,20,0.12536031484615173,0.0,-0.3,rolling,7.269999999999889,-0.18131504020475672,1.6602889364255506,14,14,0,1.668364234961455,0.26,0.4487989505128276,9.81,1,1,7,21,41,-3.0,3.0,0.01,30.0,60.0,1e-09,1e-12,6,0.0001,1,new simulation,nan
7,21,0.12536031484615173,0.1499999999999999,-0.3,rolling,7.169999999999892,-0.17293003289831563,1.651536402649226,14,14,0,1.668364605932869,0.26,0.4487989505128276,9.81,1,1,7,21,41,-3.0,3.0,0.01,30.0,60.0,1e-09,1e-12,6,0.0001,1,new simulation,nan
7,22,0.12536031484615173,0.2999999999999998,-0.3,rolling,7.0799999999998935,-0.1853624467920788,1.6646432119208758,14,14,0,1.6683657197494244,0.26,0.4487989505128276,9.81,1,1,7,21,41,-3.0,3.0,0.01,30.0,60.0,1e-09,1e-12,6,0.0001,1,new simulation,nan
7,23,0.12536031484615173,0.44999999999999973,-0.3,rolling,7.009999999999895,-0.1856802053920947,1.6649886564509362,14,14,0,1.6683675775448135,0.26,0.4487989505128276,9.81,1,1,7,21,41,-3.0,3.0,0.01,30.0,60.0,1e-09,1e-12,6,0.0001,1,new simulation,nan
7,24,0.12536031484615173,0.5999999999999996,-0.3,rolling,6.949999999999896,-0.18248258410149493,1.6615365936063278,14,14,0,1.6683701781433793,0.26,0.4487989505128276,9.81,1,1,7,21,41,-3.0,3.0,0.01,30.0,60.0,1e-09,1e-12,6,0.0001,1,new simulation,nan
7,25,0.12536031484615173,0.75,-0.3,rolling,6.8899999999998975,-0.1880718619597101,1.6676048522777336,14,14,0,1.6683735201806005,0.26,0.4487989505128276,9.81,1,1,7,21,41,-3.0,3.0,0.01,30.0,60.0,1e-09,1e-12,6,0.0001,1,new simulation,nan
7,26,0.12536031484615173,0.8999999999999999,-0.3,rolling,6.839999999999899,-0.18330370547525277,1.6624183430791588,14,14,0,1.6683776066400309,0.26,0.4487989505128276,9.81,1,1,7,21,41,-3.0,3.0,0.01,30.0,60.0,1e-09,1e-12,6,0.0001,1,new simulation,nan
7,27,0.12536031484615173,1.0499999999999998,-0.3,rolling,6.7899999999999,-0.1833304926009092,1.6624473161555926,14,14,0,1.6683824366014857,0.26,0.4487989505128276,9.81,1,1,7,21,41,-3.0,3.0,0.01,30.0,60.0,1e-09,1e-12,6,0.0001,1,new simulation,nan
7,28,0.12536031484615173,1.2000000000000002,-0.3,rolling,6.739999999999901,-0.18723013182644838,1.6666813350712024,14,14,0,1.6683880079580697,0.26,0.4487989505128276,9.81,1,1,7,21,41,-3.0,3.0,0.01,30.0,60.0,1e-09,1e-12,6,0.0001,1,new simulation,nan
7,29,0.12536031484615173,1.3499999999999996,-0.3,rolling,6.209999999999912,-0.18296900546099612,1.6620585086200796,13,13,0,1.6683744273372805,0.26,0.4487989505128276,9.81,1,1,7,21,41,-3.0,3.0,0.01,30.0,60.0,1e-09,1e-12,6,0.0001,1,new simulation,nan
7,30,0.12536031484615173,1.5,-0.3,rolling,5.679999999999923,-0.18161273936543454,1.660606536456029,12,12,0,1.668369950733097,0.26,0.4487989505128276,9.81,1,1,7,21,41,-3.0,3.0,0.01,30.0,60.0,1e-09,1e-12,6,0.0001,1,new simulation,nan
7,31,0.12536031484615173,1.6499999999999995,-0.3,rolling,5.149999999999935,-0.18288716370265398,1.6619729339257021,11,11,0,1.6684445177151062,0.26,0.4487989505128276,9.81,1,1,7,21,41,-3.0,3.0,0.01,30.0,60.0,1e-09,1e-12,6,0.0001,1,new simulation,nan
7,32,0.12536031484615173,1.7999999999999998,-0.3,rolling,6.079999999999915,-0.18765352252636489,1.6671471813988328,13,13,0,1.6684346255406262,0.26,0.4487989505128276,9.81,1,1,7,21,41,-3.0,3.0,0.01,30.0,60.0,1e-09,1e-12,6,0.0001,1,new simulation,nan
7,33,0.12536031484615173,1.9500000000000002,-0.3,rolling,6.529999999999905,-0.18324734193518885,1.6623593435532402,14,14,0,1.6684270105160854,0.26,0.4487989505128276,9.81,1,1,7,21,41,-3.0,3.0,0.01,30.0,60.0,1e-09,1e-12,6,0.0001,1,new simulation,nan
7,34,0.12536031484615173,2.0999999999999996,-0.3,rolling,6.489999999999906,-0.18618160019545757,1.665536955785052,14,14,0,1.6684370393067258,0.26,0.4487989505128276,9.81,1,1,7,21,41,-3.0,3.0,0.01,30.0,60.0,1e-09,1e-12,6,0.0001,1,new simulation,nan
7,35,0.12536031484615173,2.25,-0.3,rolling,6.459999999999907,-0.1745355199796957,1.6531868003066479,14,14,0,1.6684478108175067,0.26,0.4487989505128276,9.81,1,1,7,21,41,-3.0,3.0,0.01,30.0,60.0,1e-09,1e-12,6,0.0001,1,new simulation,nan
7,36,0.12536031484615173,2.3999999999999995,-0.3,rolling,6.909999999999897,-0.17621117775574496,1.6549200863372173,15,15,0,1.6684273256977977,0.26,0.4487989505128276,9.81,1,1,7,21,41,-3.0,3.0,0.01,30.0,60.0,1e-09,1e-12,6,0.0001,1,new simulation,nan
7,37,0.12536031484615173,2.55,-0.3,rolling,6.869999999999898,-0.1848901783632931,1.6641330131093948,15,15,0,1.6684320915603796,0.26,0.4487989505128276,9.81,1,1,7,21,41,-3.0,3.0,0.01,30.0,60.0,1e-09,1e-12,6,0.0001,1,new simulation,nan
7,38,0.12536031484615173,2.7,-0.3,rolling,6.839999999999899,-0.1786941268975645,1.657516501733561,15,15,0,1.6684371442238322,0.26,0.4487989505128276,9.81,1,1,7,21,41,-3.0,3.0,0.01,30.0,60.0,1e-09,1e-12,6,0.0001,1,new simulation,nan
7,39,0.12536031484615173,2.8499999999999996,-0.3,rolling,6.809999999999899,-0.1741531741417324,1.6527930172490441,15,15,0,1.6684424867802494,0.26,0.4487989505128276,9.81,1,1,7,21,41,-3.0,3.0,0.01,30.0,60.0,1e-09,1e-12,6,0.0001,1,new simulation,nan
7,40,0.12536031484615173,3.0,-0.3,rolling,6.7699999999999,-0.18775564197901642,1.6672597492631496,15,15,0,1.668448118244731,0.26,0.4487989505128276,9.81,1,1,7,21,41,-3.0,3.0,0.01,30.0,60.0,1e-09,1e-12,6,0.0001,1,new simulation,nan
8,0,0.1702402098974345,-3.0,-0.2,rolling,8.059999999999873,-0.17905531233773853,1.6578950387365141,16,15,1,1.6683836366770162,0.26,0.4487989505128276,9.81,1,1,7,21,41,-3.0,3.0,0.01,30.0,60.0,1e-09,1e-12,6,0.0001,1,new simulation,nan
8,1,0.1702402098974345,-2.85,-0.2,rolling,8.009999999999874,-0.18280556458630748,1.6618832847014404,16,15,1,1.6683814478119883,0.26,0.4487989505128276,9.81,1,1,7,21,41,-3.0,3.0,0.01,30.0,60.0,1e-09,1e-12,6,0.0001,1,new simulation,nan
8,2,0.1702402098974345,-2.7,-0.2,rolling,7.989999999999874,-0.17481958384155957,1.653477464758039,16,15,1,1.6683793699108829,0.26,0.4487989505128276,9.81,1,1,7,21,41,-3.0,3.0,0.01,30.0,60.0,1e-09,1e-12,6,0.0001,1,new simulation,nan
8,3,0.1702402098974345,-2.55,-0.2,rolling,7.979999999999874,-0.17919160559477024,1.6580385123949573,16,15,1,1.6683774046167894,0.26,0.4487989505128276,9.81,1,1,7,21,41,-3.0,3.0,0.01,30.0,60.0,1e-09,1e-12,6,0.0001,1,new simulation,nan
8,4,0.1702402098974345,-2.4,-0.2,rolling,7.989999999999874,-0.17617347668776875,1.6548792076372139,16,15,1,1.668375553136647,0.26,0.4487989505128276,9.81,1,1,7,21,41,-3.0,3.0,0.01,30.0,60.0,1e-09,1e-12,6,0.0001,1,new simulation,nan
8,5,0.1702402098974345,-2.25,-0.2,rolling,8.009999999999874,-0.1830098927555561,1.6621024034827636,16,15,1,1.6683738131523935,0.26,0.4487989505128276,9.81,1,1,7,21,41,-3.0,3.0,0.01,30.0,60.0,1e-09,1e-12,6,0.0001,1,new simulation,nan
8,6,0.1702402098974345,-2.1,-0.2,rolling,8.049999999999873,-0.1878687687564739,1.6673815416037148,16,15,1,1.6683721851619921,0.26,0.4487989505128276,9.81,1,1,7,21,41,-3.0,3.0,0.01,30.0,60.0,1e-09,1e-12,6,0.0001,1,new simulation,nan
8,7,0.1702402098974345,-1.95,-0.2,rolling,8.119999999999871,-0.1855349092859957,1.6648307676129495,16,15,1,1.6683706704761396,0.26,0.4487989505128276,9.81,1,1,7,21,41,-3.0,3.0,0.01,30.0,60.0,1e-09,1e-12,6,0.0001,1,new simulation,nan
8,8,0.1702402098974345,-1.8,-0.2,rolling,8.229999999999869,-0.1869359538023821,1.6663586405279691,16,15,1,1.6683692665353964,0.26,0.4487989505128276,9.81,1,1,7,21,41,-3.0,3.0,0.01,30.0,60.0,1e-09,1e-12,6,0.0001,1,new simulation,nan
8,9,0.1702402098974345,-1.6500000000000001,-0.2,rolling,8.439999999999864,-0.18063834411565477,1.6595692410007796,16,15,1,1.6683679747808828,0.26,0.4487989505128276,9.81,1,1,7,21,41,-3.0,3.0,0.01,30.0,60.0,1e-09,1e-12,6,0.0001,1,new simulation,nan
8,10,0.1702402098974345,-1.5,-0.2,rolling,9.729999999999837,-0.17721009262702836,1.6559586957375612,16,15,1,1.6683667957463932,0.26,0.4487989505128276,9.81,1,1,7,21,41,-3.0,3.0,0.01,30.0,60.0,1e-09,1e-12,6,0.0001,1,new simulation,nan
8,11,0.1702402098974345,-1.35,-0.2,settled,0.5700000000000003,-0.18879895051282758,0.0,2,1,1,nan,0.26,0.4487989505128276,9.81,1,1,7,21,41,-3.0,3.0,0.01,30.0,60.0,1e-09,1e-12,6,0.0001,1,new simulation,nan
8,12,0.1702402098974345,-1.2000000000000002,-0.2,settled,0.5700000000000003,-0.18879895051282758,0.0,2,1,1,nan,0.26,0.4487989505128276,9.81,1,1,7,21,41,-3.0,3.0,0.01,30.0,60.0,1e-09,1e-12,6,0.0001,1,new simulation,nan
8,13,0.1702402098974345,-1.05,-0.2,settled,0.6000000000000003,-0.18879895051282758,0.0,2,1,1,nan,0.26,0.4487989505128276,9.81,1,1,7,21,41,-3.0,3.0,0.01,30.0,60.0,1e-09,1e-12,6,0.0001,1,new simulation,nan
8,14,0.1702402098974345,-0.8999999999999999,-0.2,settled,0.6500000000000004,-0.18879895051282758,0.0,2,1,1,nan,0.26,0.4487989505128276,9.81,1,1,7,21,41,-3.0,3.0,0.01,30.0,60.0,1e-09,1e-12,6,0.0001,1,new simulation,nan
8,15,0.1702402098974345,-0.75,-0.2,settled,0.7500000000000004,-0.18879895051282758,0.0,2,1,1,nan,0.26,0.4487989505128276,9.81,1,1,7,21,41,-3.0,3.0,0.01,30.0,60.0,1e-09,1e-12,6,0.0001,1,new simulation,nan
8,16,0.1702402098974345,-0.6000000000000001,-0.2,settled,1.0600000000000007,-0.18879895051282758,0.0,2,1,1,nan,0.26,0.4487989505128276,9.81,1,1,7,21,41,-3.0,3.0,0.01,30.0,60.0,1e-09,1e-12,6,0.0001,1,new simulation,nan
8,17,0.1702402098974345,-0.4500000000000002,-0.2,rolling,7.759999999999879,-0.1872624517660172,1.6667160086792878,14,14,0,1.6683654368244938,0.26,0.4487989505128276,9.81,1,1,7,21,41,-3.0,3.0,0.01,30.0,60.0,1e-09,1e-12,6,0.0001,1,new simulation,nan
8,18,0.1702402098974345,-0.30000000000000027,-0.2,rolling,7.439999999999886,-0.18164188119544075,1.6606374232337802,14,14,0,1.6683635794376632,0.26,0.4487989505128276,9.81,1,1,7,21,41,-3.0,3.0,0.01,30.0,60.0,1e-09,1e-12,6,0.0001,1,new simulation,nan
8,19,0.1702402098974345,-0.1499999999999999,-0.2,rolling,7.769999999999879,-0.18530085528094173,1.6645771102359495,15,15,0,1.6683896729901653,0.26,0.4487989505128276,9.81,1,1,7,21,41,-3.0,3.0,0.01,30.0,60.0,1e-09,1e-12,6,0.0001,1,new simulation,nan
8,20,0.1702402098974345,0.0,-0.2,rolling,7.669999999999881,-0.17795520879761503,1.6567390162029323,15,15,0,1.668389528100474,0.26,0.4487989505128276,9.81,1,1,7,21,41,-3.0,3.0,0.01,30.0,60.0,1e-09,1e-12,6,0.0001,1,new simulation,nan
8,21,0.1702402098974345,0.1499999999999999,-0.2,rolling,7.589999999999883,-0.1761999410651898,1.6549071709011902,15,15,0,1.6683896729788008,0.26,0.4487989505128276,9.81,1,1,7,21,41,-3.0,3.0,0.01,30.0,60.0,1e-09,1e-12,6,0.0001,1,new simulation,nan
8,22,0.1702402098974345,0.2999999999999998,-0.2,rolling,7.0299999999998946,-0.18439576965403548,1.6635955890237142,14,14,0,1.6683635794356542,0.26,0.4487989505128276,9.81,1,1,7,21,41,-3.0,3.0,0.01,30.0,60.0,1e-09,1e-12,6,0.0001,1,new simulation,nan
8,23,0.1702402098974345,0.44999999999999973,-0.2,rolling,6.969999999999896,-0.18376366468676883,1.6629132306653236,14,14,0,1.6683654365076699,0.26,0.4487989505128276,9.81,1,1,7,21,41,-3.0,3.0,0.01,30.0,60.0,1e-09,1e-12,6,0.0001,1,new simulation,nan
8,24,0.1702402098974345,0.5999999999999996,-0.2,rolling,6.919999999999897,-0.17494816685185197,1.6536098223724323,14,14,0,1.668368037538593,0.26,0.4487989505128276,9.81,1,1,7,21,41,-3.0,3.0,0.01,30.0,60.0,1e-09,1e-12,6,0.0001,1,new simulation,nan
8,25,0.1702402098974345,0.75,-0.2,rolling,6.859999999999898,-0.1885477371806716,1.6681287506949265,14,14,0,1.668371380430317,0.26,0.4487989505128276,9.81,1,1,7,21,41,-3.0,3.0,0.01,30.0,60.0,1e-09,1e-12,6,0.0001,1,new simulation,nan
8,26,0.1702402098974345,0.8999999999999999,-0.2,rolling,6.819999999999899,-0.17324968257639695,1.6518637353593135,14,14,0,1.6683754671216435,0.26,0.4487989505128276,9.81,1,1,7,21,41,-3.0,3.0,0.01,30.0,60.0,1e-09,1e-12,6,0.0001,1,new simulation,nan
8,27,0.1702402098974345,1.0499999999999998,-0.2,rolling,6.7699999999999,-0.17795104355871935,1.6567343451584093,14,14,0,1.6683802950882012,0.26,0.4487989505128276,9.81,1,1,7,21,41,-3.0,3.0,0.01,30.0,60.0,1e-09,1e-12,6,0.0001,1,new simulation,nan
8,28,0.1702402098974345,1.2000000000000002,-0.2,rolling,6.719999999999901,-0.18555883325922268,1.6648572711684486,14,14,0,1.6683858667983849,0.26,0.4487989505128276,9.81,1,1,7,21,41,-3.0,3.0,0.01,30.0,60.0,1e-09,1e-12,6,0.0001,1,new simulation,nan
8,29,0.1702402098974345,1.3499999999999996,-0.2,rolling,6.1899999999999125,-0.18430681015417077,1.663499599282527,13,13,0,1.668368920583991,0.26,0.4487989505128276,9.81,1,1,7,21,41,-3.0,3.0,0.01,30.0,60.0,1e-09,1e-12,6,0.0001,1,new simulation,nan
8,30,0.1702402098974345,1.5,-0.2,rolling,6.149999999999913,-0.1802349240857129,1.6591418608185868,13,13,0,1.6683870764950102,0.26,0.4487989505128276,9.81,1,1,7,21,41,-3.0,3.0,0.01,30.0,60.0,1e-09,1e-12,6,0.0001,1,new simulation,nan
8,31,0.1702402098974345,1.6499999999999995,-0.2,rolling,3.6699999999999657,-0.1877137032010866,1.6672129629136299,8,8,0,1.6684257935140858,0.26,0.4487989505128276,9.81,1,1,7,21,41,-3.0,3.0,0.01,30.0,60.0,1e-09,1e-12,6,0.0001,1,new simulation,nan
8,32,0.1702402098974345,1.7999999999999998,-0.2,rolling,6.069999999999915,-0.17865943381444982,1.6574797438702997,13,13,0,1.66842911965425,0.26,0.4487989505128276,9.81,1,1,7,21,41,-3.0,3.0,0.01,30.0,60.0,1e-09,1e-12,6,0.0001,1,new simulation,nan
8,33,0.1702402098974345,1.9500000000000002,-0.2,rolling,6.519999999999905,-0.17577926858107581,1.6544716747759984,14,14,0,1.6684248702122442,0.26,0.4487989505128276,9.81,1,1,7,21,41,-3.0,3.0,0.01,30.0,60.0,1e-09,1e-12,6,0.0001,1,new simulation,nan
8,34,0.1702402098974345,2.0999999999999996,-0.2,rolling,6.479999999999906,-0.18000982584344027,1.6589049770509934,14,14,0,1.6684348985634765,0.26,0.4487989505128276,9.81,1,1,7,21,41,-3.0,3.0,0.01,30.0,60.0,1e-09,1e-12,6,0.0001,1,new simulation,nan
8,35,0.1702402098974345,2.25,-0.2,rolling,6.439999999999907,-0.18612146982969152,1.6654716882499139,14,14,0,1.6684456702963157,0.26,0.4487989505128276,9.81,1,1,7,21,41,-3.0,3.0,0.01,30.0,60.0,1e-09,1e-12,6,0.0001,1,new simulation,nan
8,36,0.1702402098974345,2.3999999999999995,-0.2,rolling,6.899999999999897,-0.17224562092376158,1.6508401455635786,15,15,0,1.668426493559645,0.26,0.4487989505128276,9.81,1,1,7,21,41,-3.0,3.0,0.01,30.0,60.0,1e-09,1e-12,6,0.0001,1,new simulation,nan
8,37,0.1702402098974345,2.55,-0.2,rolling,6.859999999999898,-0.18182273091907247,1.660832719856164,15,15,0,1.6684312589896966,0.26,0.4487989505128276,9.81,1,1,7,21,41,-3.0,3.0,0.01,30.0,60.0,1e-09,1e-12,6,0.0001,1,new simulation,nan
8,38,0.1702402098974345,2.7,-0.2,rolling,6.829999999999899,-0.17646667605516764,1.655186052656526,15,15,0,1.6684363126856085,0.26,0.4487989505128276,9.81,1,1,7,21,41,-3.0,3.0,0.01,30.0,60.0,1e-09,1e-12,6,0.0001,1,new simulation,nan
8,39,0.1702402098974345,2.8499999999999996,-0.2,rolling,6.7999999999998995,-0.17268271354766276,1.6512863259808852,15,15,0,1.668441655691525,0.26,0.4487989505128276,9.81,1,1,7,21,41,-3.0,3.0,0.01,30.0,60.0,1e-09,1e-12,6,0.0001,1,new simulation,nan
8,40,0.1702402098974345,3.0,-0.2,rolling,6.7599999999999,-0.1869648144514196,1.6663927728147316,15,15,0,1.66844728723919,0.26,0.4487989505128276,9.81,1,1,7,21,41,-3.0,3.0,0.01,30.0,60.0,1e-09,1e-12,6,0.0001,1,new simulation,nan
9,0,0.21512010494871725,-3.0,-0.1,rolling,8.059999999999873,-0.18545449920196086,1.664743788781157,16,15,1,1.668383216391976,0.26,0.4487989505128276,9.81,1,1,7,21,41,-3.0,3.0,0.01,30.0,60.0,1e-09,1e-12,6,0.0001,1,new simulation,nan
9,1,0.21512010494871725,-2.85,-0.1,rolling,8.019999999999873,-0.18170216573251763,1.6607023361974844,16,15,1,1.668381026215249,0.26,0.4487989505128276,9.81,1,1,7,21,41,-3.0,3.0,0.01,30.0,60.0,1e-09,1e-12,6,0.0001,1,new simulation,nan
9,2,0.21512010494871725,-2.7,-0.1,rolling,7.999999999999874,-0.18118350567754984,1.6601493183896054,16,15,1,1.6683789495564214,0.26,0.4487989505128276,9.81,1,1,7,21,41,-3.0,3.0,0.01,30.0,60.0,1e-09,1e-12,6,0.0001,1,new simulation,nan
9,3,0.21512010494871725,-2.55,-0.1,rolling,7.999999999999874,-0.17623063143984546,1.6549386464967943,16,15,1,1.6683769854570611,0.26,0.4487989505128276,9.81,1,1,7,21,41,-3.0,3.0,0.01,30.0,60.0,1e-09,1e-12,6,0.0001,1,new simulation,nan
9,4,0.21512010494871725,-2.4,-0.1,rolling,8.009999999999874,-0.18120769837291523,1.6601749535461936,16,15,1,1.668375132368384,0.26,0.4487989505128276,9.81,1,1,7,21,41,-3.0,3.0,0.01,30.0,60.0,1e-09,1e-12,6,0.0001,1,new simulation,nan
9,5,0.21512010494871725,-2.25,-0.1,rolling,8.039999999999873,-0.1813186400604414,1.6602930708320263,16,15,1,1.6683733923780049,0.26,0.4487989505128276,9.81,1,1,7,21,41,-3.0,3.0,0.01,30.0,60.0,1e-09,1e-12,6,0.0001,1,new simulation,nan
9,6,0.21512010494871725,-2.1,-0.1,rolling,8.089999999999872,-0.18313607343135724,1.6622379108392562,16,15,1,1.6683717644284188,0.26,0.4487989505128276,9.81,1,1,7,21,41,-3.0,3.0,0.01,30.0,60.0,1e-09,1e-12,6,0.0001,1,new simulation,nan
9,7,0.21512010494871725,-1.95,-0.1,rolling,8.16999999999987,-0.18559165499031427,1.6648924437167314,16,15,1,1.6683702491277221,0.26,0.4487989505128276,9.81,1,1,7,21,41,-3.0,3.0,0.01,30.0,60.0,1e-09,1e-12,6,0.0001,1,new simulation,nan
9,8,0.21512010494871725,-1.8,-0.1,rolling,8.309999999999867,-0.17901729828278332,1.6578544955730892,16,15,1,1.6683688456689165,0.26,0.4487989505128276,9.81,1,1,7,21,41,-3.0,3.0,0.01,30.0,60.0,1e-09,1e-12,6,0.0001,1,new simulation,nan
9,9,0.21512010494871725,-1.6500000000000001,-0.1,rolling,8.599999999999861,-0.17642236198655586,1.6551376856051472,16,15,1,1.6683675544078047,0.26,0.4487989505128276,9.81,1,1,7,21,41,-3.0,3.0,0.01,30.0,60.0,1e-09,1e-12,6,0.0001,1,new simulation,nan
9,10,0.21512010494871725,-1.5,-0.1,settled,0.6000000000000003,-0.18879895051282758,0.0,2,1,1,nan,0.26,0.4487989505128276,9.81,1,1,7,21,41,-3.0,3.0,0.01,30.0,60.0,1e-09,1e-12,6,0.0001,1,new simulation,nan
9,11,0.21512010494871725,-1.35,-0.1,settled,0.6000000000000003,-0.18879895051282758,0.0,2,1,1,nan,0.26,0.4487989505128276,9.81,1,1,7,21,41,-3.0,3.0,0.01,30.0,60.0,1e-09,1e-12,6,0.0001,1,new simulation,nan
9,12,0.21512010494871725,-1.2000000000000002,-0.1,settled,0.6200000000000003,-0.18879895051282758,0.0,2,1,1,nan,0.26,0.4487989505128276,9.81,1,1,7,21,41,-3.0,3.0,0.01,30.0,60.0,1e-09,1e-12,6,0.0001,1,new simulation,nan
9,13,0.21512010494871725,-1.05,-0.1,settled,0.6600000000000004,-0.18879895051282758,0.0,2,1,1,nan,0.26,0.4487989505128276,9.81,1,1,7,21,41,-3.0,3.0,0.01,30.0,60.0,1e-09,1e-12,6,0.0001,1,new simulation,nan
9,14,0.21512010494871725,-0.8999999999999999,-0.1,settled,0.7600000000000005,-0.18879895051282758,0.0,2,1,1,nan,0.26,0.4487989505128276,9.81,1,1,7,21,41,-3.0,3.0,0.01,30.0,60.0,1e-09,1e-12,6,0.0001,1,new simulation,nan
9,15,0.21512010494871725,-0.75,-0.1,settled,1.0300000000000007,-0.18879895051282758,0.0,2,1,1,nan,0.26,0.4487989505128276,9.81,1,1,7,21,41,-3.0,3.0,0.01,30.0,60.0,1e-09,1e-12,6,0.0001,1,new simulation,nan
9,16,0.21512010494871725,-0.6000000000000001,-0.1,rolling,7.809999999999878,-0.1751853559254912,1.6538547933780585,14,14,0,1.6683652531781157,0.26,0.4487989505128276,9.81,1,1,7,21,41,-3.0,3.0,0.01,30.0,60.0,1e-09,1e-12,6,0.0001,1,new simulation,nan
9,17,0.21512010494871725,-0.4500000000000002,-0.1,rolling,7.459999999999885,-0.1788934328013913,1.6577238195856043,14,14,0,1.6683626531857374,0.26,0.4487989505128276,9.81,1,1,7,21,41,-3.0,3.0,0.01,30.0,60.0,1e-09,1e-12,6,0.0001,1,new simulation,nan
9,18,0.21512010494871725,-0.30000000000000027,-0.1,rolling,7.789999999999878,-0.17839721648814144,1.6572028034748998,15,15,0,1.6683890246638595,0.26,0.4487989505128276,9.81,1,1,7,21,41,-3.0,3.0,0.01,30.0,60.0,1e-09,1e-12,6,0.0001,1,new simulation,nan
9,19,0.21512010494871725,-0.1499999999999999,-0.1,rolling,7.6899999999998805,-0.1722241069688549,1.6508169827389365,15,15,0,1.6683885912539596,0.26,0.4487989505128276,9.81,1,1,7,21,41,-3.0,3.0,0.01,30.0,60.0,1e-09,1e-12,6,0.0001,1,new simulation,nan
9,20,0.21512010494871725,0.0,-0.1,rolling,7.609999999999882,-0.17319622131607748,1.651809438410334,15,15,0,1.668388446475663,0.26,0.4487989505128276,9.81,1,1,7,21,41,-3.0,3.0,0.01,30.0,60.0,1e-09,1e-12,6,0.0001,1,new simulation,nan
9,21,0.21512010494871725,0.1499999999999999,-0.1,rolling,7.539999999999884,-0.17936893448534919,1.658225963728986,15,15,0,1.668388590455779,0.26,0.4487989505128276,9.81,1,1,7,21,41,-3.0,3.0,0.01,30.0,60.0,1e-09,1e-12,6,0.0001,1,new simulation,nan
9,22,0.21512010494871725,0.2999999999999998,-0.1,rolling,7.479999999999885,-0.181817182199948,1.6608254074553668,15,15,0,1.668389023990417,0.26,0.4487989505128276,9.81,1,1,7,21,41,-3.0,3.0,0.01,30.0,60.0,1e-09,1e-12,6,0.0001,1,new simulation,nan
9,23,0.21512010494871725,0.44999999999999973,-0.1,rolling,6.9399999999998965,-0.18087912307548892,1.6598249180972413,14,14,0,1.6683626531793145,0.26,0.4487989505128276,9.81,1,1,7,21,41,-3.0,3.0,0.01,30.0,60.0,1e-09,1e-12,6,0.0001,1,new simulation,nan
9,24,0.21512010494871725,0.5999999999999996,-0.1,rolling,6.8899999999998975,-0.18006327360539767,1.6589592834666431,14,14,0,1.668365253790814,0.26,0.4487989505128276,9.81,1,1,7,21,41,-3.0,3.0,0.01,30.0,60.0,1e-09,1e-12,6,0.0001,1,new simulation,nan
9,25,0.21512010494871725,0.75,-0.1,rolling,6.839999999999899,-0.18299375212185454,1.66208489472282,14,14,0,1.6683685966565722,0.26,0.4487989505128276,9.81,1,1,7,21,41,-3.0,3.0,0.01,30.0,60.0,1e-09,1e-12,6,0.0001,1,new simulation,nan
9,26,0.21512010494871725,0.8999999999999999,-0.1,rolling,6.7999999999998995,-0.17221756192552617,1.6508097926754592,14,14,0,1.6683726828114522,0.26,0.4487989505128276,9.81,1,1,7,21,41,-3.0,3.0,0.01,30.0,60.0,1e-09,1e-12,6,0.0001,1,new simulation,nan
9,27,0.21512010494871725,1.0499999999999998,-0.1,rolling,6.7499999999999005,-0.18038881501001272,1.6593047167291604,14,14,0,1.6683775117001707,0.26,0.4487989505128276,9.81,1,1,7,21,41,-3.0,3.0,0.01,30.0,60.0,1e-09,1e-12,6,0.0001,1,new simulation,nan
9,28,0.21512010494871725,1.2000000000000002,-0.1,rolling,6.709999999999901,-0.17414781337104396,1.6527855471014974,14,14,0,1.6683830838637916,0.26,0.4487989505128276,9.81,1,1,7,21,41,-3.0,3.0,0.01,30.0,60.0,1e-09,1e-12,6,0.0001,1,new simulation,nan
9,29,0.21512010494871725,1.3499999999999996,-0.1,rolling,6.659999999999902,-0.18651031320475644,1.6658940614776325,14,14,0,1.6683893990139147,0.26,0.4487989505128276,9.81,1,1,7,21,41,-3.0,3.0,0.01,30.0,60.0,1e-09,1e-12,6,0.0001,1,new simulation,nan
9,30,0.21512010494871725,1.5,-0.1,rolling,6.1399999999999135,-0.17283178083868767,1.6514365117170173,13,13,0,1.668379916665992,0.26,0.4487989505128276,9.81,1,1,7,21,41,-3.0,3.0,0.01,30.0,60.0,1e-09,1e-12,6,0.0001,1,new simulation,nan
9,31,0.21512010494871725,1.6499999999999995,-0.1,rolling,5.609999999999925,-0.17764464410225456,1.6564137237676704,12,12,0,1.6683889861959902,0.26,0.4487989505128276,9.81,1,1,7,21,41,-3.0,3.0,0.01,30.0,60.0,1e-09,1e-12,6,0.0001,1,new simulation,nan
9,32,0.21512010494871725,1.7999999999999998,-0.1,rolling,5.569999999999926,-0.17917798530890186,1.6580263905959824,12,12,0,1.668445519434265,0.26,0.4487989505128276,9.81,1,1,7,21,41,-3.0,3.0,0.01,30.0,60.0,1e-09,1e-12,6,0.0001,1,new simulation,nan
9,33,0.21512010494871725,1.9500000000000002,-0.1,rolling,6.019999999999916,-0.17738261484267,1.6561415431890893,13,13,0,1.6684458472789674,0.26,0.4487989505128276,9.81,1,1,7,21,41,-3.0,3.0,0.01,30.0,60.0,1e-09,1e-12,6,0.0001,1,new simulation,nan
9,34,0.21512010494871725,2.0999999999999996,-0.1,rolling,6.4699999999999065,-0.1773887105635031,1.6561474599876032,14,14,0,1.668432115319735,0.26,0.4487989505128276,9.81,1,1,7,21,41,-3.0,3.0,0.01,30.0,60.0,1e-09,1e-12,6,0.0001,1,new simulation,nan
9,35,0.21512010494871725,2.25,-0.1,rolling,6.429999999999907,-0.1843309335658088,1.6635280961145802,14,14,0,1.6684428873514028,0.26,0.4487989505128276,9.81,1,1,7,21,41,-3.0,3.0,0.01,30.0,60.0,1e-09,1e-12,6,0.0001,1,new simulation,nan
9,36,0.21512010494871725,2.3999999999999995,-0.1,rolling,6.879999999999898,-0.18780025911899892,1.667308012579531,15,15,0,1.6684254122387667,0.26,0.4487989505128276,9.81,1,1,7,21,41,-3.0,3.0,0.01,30.0,60.0,1e-09,1e-12,6,0.0001,1,new simulation,nan
9,37,0.21512010494871725,2.55,-0.1,rolling,6.849999999999898,-0.18146381864935707,1.6604496751429336,15,15,0,1.6684301776382773,0.26,0.4487989505128276,9.81,1,1,7,21,41,-3.0,3.0,0.01,30.0,60.0,1e-09,1e-12,6,0.0001,1,new simulation,nan
9,38,0.21512010494871725,2.7,-0.1,rolling,6.819999999999899,-0.1767229460955609,1.6554528278774854,15,15,0,1.668435231513292,0.26,0.4487989505128276,9.81,1,1,7,21,41,-3.0,3.0,0.01,30.0,60.0,1e-09,1e-12,6,0.0001,1,new simulation,nan
9,39,0.21512010494871725,2.8499999999999996,-0.1,rolling,6.7899999999999,-0.17349981288334587,1.65212211625864,15,15,0,1.6684405732040404,0.26,0.4487989505128276,9.81,1,1,7,21,41,-3.0,3.0,0.01,30.0,60.0,1e-09,1e-12,6,0.0001,1,new simulation,nan
9,40,0.21512010494871725,3.0,-0.1,rolling,6.7499999999999005,-0.1883118763000746,1.6678713563910923,15,15,0,1.6684462048948354,0.26,0.4487989505128276,9.81,1,1,7,21,41,-3.0,3.0,0.01,30.0,60.0,1e-09,1e-12,6,0.0001,1,new simulation,nan
10,0,0.26,-3.0,0.0,rolling,8.069999999999872,-0.1736495778898877,1.6522737801179666,16,15,1,1.6683826986377068,0.26,0.4487989505128276,9.81,1,1,7,21,41,-3.0,3.0,0.01,30.0,60.0,1e-09,1e-12,6,0.0001,1,new simulation,nan
10,1,0.26,-2.85,0.0,rolling,8.029999999999873,-0.18024884734732638,1.659156402572462,16,15,1,1.6683805100466547,0.26,0.4487989505128276,9.81,1,1,7,21,41,-3.0,3.0,0.01,30.0,60.0,1e-09,1e-12,6,0.0001,1,new simulation,nan
10,2,0.26,-2.7,0.0,rolling,8.009999999999874,-0.1885345361168926,1.6681144296165633,16,15,1,1.6683784332637945,0.26,0.4487989505128276,9.81,1,1,7,21,41,-3.0,3.0,0.01,30.0,60.0,1e-09,1e-12,6,0.0001,1,new simulation,nan
10,3,0.26,-2.55,0.0,rolling,8.019999999999873,-0.1757473323026536,1.6544369673272283,16,15,1,1.6683764681857631,0.26,0.4487989505128276,9.81,1,1,7,21,41,-3.0,3.0,0.01,30.0,60.0,1e-09,1e-12,6,0.0001,1,new simulation,nan
10,4,0.26,-2.4,0.0,rolling,8.039999999999873,-0.17415121060214078,1.6527887611059933,16,15,1,1.668374615953686,0.26,0.4487989505128276,9.81,1,1,7,21,41,-3.0,3.0,0.01,30.0,60.0,1e-09,1e-12,6,0.0001,1,new simulation,nan
10,5,0.26,-2.25,0.0,rolling,8.069999999999872,-0.18708866306098643,1.6665258974731894,16,15,1,1.6683728747884965,0.26,0.4487989505128276,9.81,1,1,7,21,41,-3.0,3.0,0.01,30.0,60.0,1e-09,1e-12,6,0.0001,1,new simulation,nan
10,6,0.26,-2.1,0.0,rolling,8.139999999999871,-0.17428688667875386,1.652928232607574,16,15,1,1.668371247759425,0.26,0.4487989505128276,9.81,1,1,7,21,41,-3.0,3.0,0.01,30.0,60.0,1e-09,1e-12,6,0.0001,1,new simulation,nan
10,7,0.26,-1.95,0.0,rolling,8.239999999999869,-0.17517851741338689,1.6538478708746245,16,15,1,1.668369732060609,0.26,0.4487989505128276,9.81,1,1,7,21,41,-3.0,3.0,0.01,30.0,60.0,1e-09,1e-12,6,0.0001,1,new simulation,nan
10,8,0.26,-1.8,0.0,rolling,8.419999999999865,-0.17428584415963866,1.6529270637848976,16,15,1,1.668368327811215,0.26,0.4487989505128276,9.81,1,1,7,21,41,-3.0,3.0,0.01,30.0,60.0,1e-09,1e-12,6,0.0001,1,new simulation,nan
10,9,0.26,-1.6500000000000001,0.0,rolling,8.969999999999853,-0.1733285377655969,1.651944200427485,16,15,1,1.6683670369055983,0.26,0.4487989505128276,9.81,1,1,7,21,41,-3.0,3.0,0.01,30.0,60.0,1e-09,1e-12,6,0.0001,1,new simulation,nan
10,10,0.26,-1.5,0.0,settled,0.6300000000000003,-0.18879895051282758,0.0,2,1,1,nan,0.26,0.4487989505128276,9.81,1,1,7,21,41,-3.0,3.0,0.01,30.0,60.0,1e-09,1e-12,6,0.0001,1,new simulation,nan
10,11,0.26,-1.35,0.0,settled,0.6400000000000003,-0.18879895051282758,0.0,2,1,1,nan,0.26,0.4487989505128276,9.81,1,1,7,21,41,-3.0,3.0,0.01,30.0,60.0,1e-09,1e-12,6,0.0001,1,new simulation,nan
10,12,0.26,-1.2000000000000002,0.0,settled,0.6800000000000004,-0.18879895051282758,0.0,2,1,1,nan,0.26,0.4487989505128276,9.81,1,1,7,21,41,-3.0,3.0,0.01,30.0,60.0,1e-09,1e-12,6,0.0001,1,new simulation,nan
10,13,0.26,-1.05,0.0,settled,0.7700000000000005,-0.18879895051282758,0.0,2,1,1,nan,0.26,0.4487989505128276,9.81,1,1,7,21,41,-3.0,3.0,0.01,30.0,60.0,1e-09,1e-12,6,0.0001,1,new simulation,nan
10,14,0.26,-0.8999999999999999,0.0,settled,1.0100000000000007,-0.18879895051282758,0.0,2,1,1,nan,0.26,0.4487989505128276,9.81,1,1,7,21,41,-3.0,3.0,0.01,30.0,60.0,1e-09,1e-12,6,0.0001,1,new simulation,nan
10,15,0.26,-0.75,0.0,rolling,7.859999999999877,-0.17578582692932446,1.6544765078838304,14,14,0,1.6683651755410533,0.26,0.4487989505128276,9.81,1,1,7,21,41,-3.0,3.0,0.01,30.0,60.0,1e-09,1e-12,6,0.0001,1,new simulation,nan
10,16,0.26,-0.6000000000000001,0.0,rolling,7.9699999999998745,-0.17243223720670436,1.6510290824153748,15,15,0,1.668389427142002,0.26,0.4487989505128276,9.81,1,1,7,21,41,-3.0,3.0,0.01,30.0,60.0,1e-09,1e-12,6,0.0001,1,new simulation,nan
10,17,0.26,-0.4500000000000002,0.0,rolling,7.799999999999878,-0.18872828273365233,1.668328397505015,15,15,0,1.6683884163522604,0.26,0.4487989505128276,9.81,1,1,7,21,41,-3.0,3.0,0.01,30.0,60.0,1e-09,1e-12,6,0.0001,1,new simulation,nan
10,18,0.26,-0.30000000000000027,0.0,rolling,7.69999999999988,-0.18370412480874804,1.6628497863685316,15,15,0,1.6683876945068825,0.26,0.4487989505128276,9.81,1,1,7,21,41,-3.0,3.0,0.01,30.0,60.0,1e-09,1e-12,6,0.0001,1,new simulation,nan
10,19,0.26,-0.1499999999999999,0.0,rolling,7.619999999999882,-0.18779982259652656,1.6673062862840435,15,15,0,1.6683872618273041,0.26,0.4487989505128276,9.81,1,1,7,21,41,-3.0,3.0,0.01,30.0,60.0,1e-09,1e-12,6,0.0001,1,new simulation,nan
10,20,0.26,0.0,0.0,rolling,7.559999999999883,-0.18109934158628735,1.6600599872041764,15,15,0,1.668387116918711,0.26,0.4487989505128276,9.81,1,1,7,21,41,-3.0,3.0,0.01,30.0,60.0,1e-09,1e-12,6,0.0001,1,new simulation,nan
10,21,0.26,0.1499999999999999,0.0,rolling,7.4999999999998845,-0.1872780879422868,1.6667338586464964,15,15,0,1.668387261824182,0.26,0.4487989505128276,9.81,1,1,7,21,41,-3.0,3.0,0.01,30.0,60.0,1e-09,1e-12,6,0.0001,1,new simulation,nan
10,22,0.26,0.2999999999999998,0.0,rolling,7.449999999999886,-0.18450100465876676,1.6637101873463402,15,15,0,1.6683876944388845,0.26,0.4487989505128276,9.81,1,1,7,21,41,-3.0,3.0,0.01,30.0,60.0,1e-09,1e-12,6,0.0001,1,new simulation,nan
10,23,0.26,0.44999999999999973,0.0,rolling,7.399999999999887,-0.18646861884816063,1.665848503881644,15,15,0,1.6683884165767813,0.26,0.4487989505128276,9.81,1,1,7,21,41,-3.0,3.0,0.01,30.0,60.0,1e-09,1e-12,6,0.0001,1,new simulation,nan
10,24,0.26,0.5999999999999996,0.0,rolling,7.3599999999998875,-0.1749124353563976,1.6535736328360962,15,15,0,1.6683894275068898,0.26,0.4487989505128276,9.81,1,1,7,21,41,-3.0,3.0,0.01,30.0,60.0,1e-09,1e-12,6,0.0001,1,new simulation,nan
10,25,0.26,0.75,0.0,rolling,6.819999999999899,-0.1873325574795606,1.6667928332281015,14,14,0,1.6683651761003822,0.26,0.4487989505128276,9.81,1,1,7,21,41,-3.0,3.0,0.01,30.0,60.0,1e-09,1e-12,6,0.0001,1,new simulation,nan
10,26,0.26,0.8999999999999999,0.0,rolling,6.7799999999999,-0.17973016010084225,1.6586069224790123,14,14,0,1.668369261375083,0.26,0.4487989505128276,9.81,1,1,7,21,41,-3.0,3.0,0.01,30.0,60.0,1e-09,1e-12,6,0.0001,1,new simulation,nan
10,27,0.26,1.0499999999999998,0.0,rolling,6.739999999999901,-0.17376608631716065,1.652393050317132,14,14,0,1.6683740912428469,0.26,0.4487989505128276,9.81,1,1,7,21,41,-3.0,3.0,0.01,30.0,60.0,1e-09,1e-12,6,0.0001,1,new simulation,nan
10,28,0.26,1.2000000000000002,0.0,rolling,6.689999999999902,-0.18596116904756185,1.6652948670607866,14,14,0,1.6683796629864414,0.26,0.4487989505128276,9.81,1,1,7,21,41,-3.0,3.0,0.01,30.0,60.0,1e-09,1e-12,6,0.0001,1,new simulation,nan
10,29,0.26,1.3499999999999996,0.0,rolling,6.649999999999903,-0.1831775252863955,1.6622829331887512,14,14,0,1.6683859782410293,0.26,0.4487989505128276,9.81,1,1,7,21,41,-3.0,3.0,0.01,30.0,60.0,1e-09,1e-12,6,0.0001,1,new simulation,nan
10,30,0.26,1.5,0.0,rolling,6.119999999999914,-0.18726051438528687,1.6667140742026,13,13,0,1.6683711164257928,0.26,0.4487989505128276,9.81,1,1,7,21,41,-3.0,3.0,0.01,30.0,60.0,1e-09,1e-12,6,0.0001,1,new simulation,nan
10,31,0.26,1.6499999999999995,0.0,rolling,5.599999999999925,-0.1764355424929146,1.6551513574196337,12,12,0,1.6683663502002046,0.26,0.4487989505128276,9.81,1,1,7,21,41,-3.0,3.0,0.01,30.0,60.0,1e-09,1e-12,6,0.0001,1,new simulation,nan
10,32,0.26,1.7999999999999998,0.0,rolling,5.069999999999936,-0.18394572633520367,1.663112277869278,11,11,0,1.6684478996571317,0.26,0.4487989505128276,9.81,1,1,7,21,41,-3.0,3.0,0.01,30.0,60.0,1e-09,1e-12,6,0.0001,1,new simulation,nan
10,33,0.26,1.9500000000000002,0.0,rolling,6.009999999999916,-0.1776468540137488,1.656417616961289,13,13,0,1.6684370473049095,0.26,0.4487989505128276,9.81,1,1,7,21,41,-3.0,3.0,0.01,30.0,60.0,1e-09,1e-12,6,0.0001,1,new simulation,nan
10,34,0.26,2.0999999999999996,0.0,rolling,6.459999999999907,-0.17824703785255944,1.6570464103311755,14,14,0,1.6684286944736337,0.26,0.4487989505128276,9.81,1,1,7,21,41,-3.0,3.0,0.01,30.0,60.0,1e-09,1e-12,6,0.0001,1,new simulation,nan
10,35,0.26,2.25,0.0,rolling,6.419999999999908,-0.18572403745285276,1.6650386933722574,14,14,0,1.6684394662950262,0.26,0.4487989505128276,9.81,1,1,7,21,41,-3.0,3.0,0.01,30.0,60.0,1e-09,1e-12,6,0.0001,1,new simulation,nan
10,36,0.26,2.3999999999999995,0.0,rolling,6.389999999999908,-0.17823849972497702,1.657038181334434,14,14,0,1.6684509809292718,0.26,0.4487989505128276,9.81,1,1,7,21,41,-3.0,3.0,0.01,30.0,60.0,1e-09,1e-12,6,0.0001,1,new simulation,nan
10,37,0.26,2.55,0.0,rolling,6.839999999999899,-0.18377116460250345,1.6629233961493712,15,15,0,1.668428847825312,0.26,0.4487989505128276,9.81,1,1,7,21,41,-3.0,3.0,0.01,30.0,60.0,1e-09,1e-12,6,0.0001,1,new simulation,nan
10,38,0.26,2.7,0.0,rolling,6.809999999999899,-0.1794267701574786,1.6582885041314999,15,15,0,1.668433900901899,0.26,0.4487989505128276,9.81,1,1,7,21,41,-3.0,3.0,0.01,30.0,60.0,1e-09,1e-12,6,0.0001,1,new simulation,nan
10,39,0.26,2.8499999999999996,0.0,rolling,6.7799999999999,-0.1765731818670676,1.6552969941692754,15,15,0,1.6684392435220332,0.26,0.4487989505128276,9.81,1,1,7,21,41,-3.0,3.0,0.01,30.0,60.0,1e-09,1e-12,6,0.0001,1,new simulation,nan
10,40,0.26,3.0,0.0,rolling,6.7499999999999005,-0.17514341502635977,1.6538140640004515,15,15,0,1.6684448749967506,0.26,0.4487989505128276,9.81,1,1,7,21,41,-3.0,3.0,0.01,30.0,60.0,1e-09,1e-12,6,0.0001,1,new simulation,nan
11,0,0.30487989505128277,-3.0,0.1,rolling,8.069999999999872,-0.17812156139479368,1.6569132076370354,16,15,1,1.6683820864559997,0.26,0.4487989505128276,9.81,1,1,7,21,41,-3.0,3.0,0.01,30.0,60.0,1e-09,1e-12,6,0.0001,1,new simulation,nan
11,1,0.30487989505128277,-2.85,0.1,rolling,8.039999999999873,-0.17959359204927505,1.6584629245535034,16,15,1,1.6683798980251296,0.26,0.4487989505128276,9.81,1,1,7,21,41,-3.0,3.0,0.01,30.0,60.0,1e-09,1e-12,6,0.0001,1,new simulation,nan
11,2,0.30487989505128277,-2.7,0.1,rolling,8.029999999999873,-0.18139719974274535,1.6603769372481698,16,15,1,1.6683778209103586,0.26,0.4487989505128276,9.81,1,1,7,21,41,-3.0,3.0,0.01,30.0,60.0,1e-09,1e-12,6,0.0001,1,new simulation,nan
11,3,0.30487989505128277,-2.55,0.1,rolling,8.039999999999873,-0.1791658893860344,1.6580113448273857,16,15,1,1.6683758559878508,0.26,0.4487989505128276,9.81,1,1,7,21,41,-3.0,3.0,0.01,30.0,60.0,1e-09,1e-12,6,0.0001,1,new simulation,nan
11,4,0.30487989505128277,-2.4,0.1,rolling,8.069999999999872,-0.17352429899142385,1.6521450202543322,16,15,1,1.6683740042296196,0.26,0.4487989505128276,9.81,1,1,7,21,41,-3.0,3.0,0.01,30.0,60.0,1e-09,1e-12,6,0.0001,1,new simulation,nan
11,5,0.30487989505128277,-2.25,0.1,rolling,8.109999999999872,-0.18675539072065003,1.6661612662908996,16,15,1,1.668372263521286,0.26,0.4487989505128276,9.81,1,1,7,21,41,-3.0,3.0,0.01,30.0,60.0,1e-09,1e-12,6,0.0001,1,new simulation,nan
11,6,0.30487989505128277,-2.1,0.1,rolling,8.18999999999987,-0.18353388857661834,1.6626658419073979,16,15,1,1.6683706350843508,0.26,0.4487989505128276,9.81,1,1,7,21,41,-3.0,3.0,0.01,30.0,60.0,1e-09,1e-12,6,0.0001,1,new simulation,nan
11,7,0.30487989505128277,-1.95,0.1,rolling,8.319999999999867,-0.18455613789506686,1.6637692257583867,16,15,1,1.6683691192099879,0.26,0.4487989505128276,9.81,1,1,7,21,41,-3.0,3.0,0.01,30.0,60.0,1e-09,1e-12,6,0.0001,1,new simulation,nan
11,8,0.30487989505128277,-1.8,0.1,rolling,8.589999999999861,-0.18347000568827773,1.6625969673015957,16,15,1,1.6683677171755296,0.26,0.4487989505128276,9.81,1,1,7,21,41,-3.0,3.0,0.01,30.0,60.0,1e-09,1e-12,6,0.0001,1,new simulation,nan
11,9,0.30487989505128277,-1.6500000000000001,0.1,settled,0.6600000000000004,-0.18879895051282758,0.0,2,1,1,nan,0.26,0.4487989505128276,9.81,1,1,7,21,41,-3.0,3.0,0.01,30.0,60.0,1e-09,1e-12,6,0.0001,1,new simulation,nan
11,10,0.30487989505128277,-1.5,0.1,settled,0.6700000000000004,-0.18879895051282758,0.0,2,1,1,nan,0.26,0.4487989505128276,9.81,1,1,7,21,41,-3.0,3.0,0.01,30.0,60.0,1e-09,1e-12,6,0.0001,1,new simulation,nan
11,11,0.30487989505128277,-1.35,0.1,settled,0.7000000000000004,-0.18879895051282758,0.0,2,1,1,nan,0.26,0.4487989505128276,9.81,1,1,7,21,41,-3.0,3.0,0.01,30.0,60.0,1e-09,1e-12,6,0.0001,1,new simulation,nan
11,12,0.30487989505128277,-1.2000000000000002,0.1,settled,0.7700000000000005,-0.18879895051282758,0.0,2,1,1,nan,0.26,0.4487989505128276,9.81,1,1,7,21,41,-3.0,3.0,0.01,30.0,60.0,1e-09,1e-12,6,0.0001,1,new simulation,nan
11,13,0.30487989505128277,-1.05,0.1,settled,0.9800000000000006,-0.18879895051282758,0.0,2,1,1,nan,0.26,0.4487989505128276,9.81,1,1,7,21,41,-3.0,3.0,0.01,30.0,60.0,1e-09,1e-12,6,0.0001,1,new simulation,nan
11,14,0.30487989505128277,-0.8999999999999999,0.1,rolling,7.919999999999876,-0.1785441697714719,1.6573564412680841,14,14,0,1.6683652104720181,0.26,0.4487989505128276,9.81,1,1,7,21,41,-3.0,3.0,0.01,30.0,60.0,1e-09,1e-12,6,0.0001,1,new simulation,nan
11,15,0.30487989505128277,-0.75,0.1,rolling,7.989999999999874,-0.17292211762083848,1.6515291230120555,15,15,0,1.668389152233906,0.26,0.4487989505128276,9.81,1,1,7,21,41,-3.0,3.0,0.01,30.0,60.0,1e-09,1e-12,6,0.0001,1,new simulation,nan
11,16,0.30487989505128277,-0.6000000000000001,0.1,rolling,7.819999999999878,-0.18311777220375214,1.6622187701553077,15,15,0,1.6683878518294082,0.26,0.4487989505128276,9.81,1,1,7,21,41,-3.0,3.0,0.01,30.0,60.0,1e-09,1e-12,6,0.0001,1,new simulation,nan
11,17,0.30487989505128277,-0.4500000000000002,0.1,rolling,7.71999999999988,-0.17928027965441692,1.6581323550869258,15,15,0,1.6683868407146154,0.26,0.4487989505128276,9.81,1,1,7,21,41,-3.0,3.0,0.01,30.0,60.0,1e-09,1e-12,6,0.0001,1,new simulation,nan
11,18,0.30487989505128277,-0.30000000000000027,0.1,rolling,7.6399999999998816,-0.1868722181217761,1.6662894669669481,15,15,0,1.6683861190477645,0.26,0.4487989505128276,9.81,1,1,7,21,41,-3.0,3.0,0.01,30.0,60.0,1e-09,1e-12,6,0.0001,1,new simulation,nan
11,19,0.30487989505128277,-0.1499999999999999,0.1,rolling,7.579999999999883,-0.18454481152469548,1.6637575141553291,15,15,0,1.668385686140921,0.26,0.4487989505128276,9.81,1,1,7,21,41,-3.0,3.0,0.01,30.0,60.0,1e-09,1e-12,6,0.0001,1,new simulation,nan
11,20,0.30487989505128277,0.0,0.1,rolling,7.529999999999884,-0.17861640965697576,1.6574330637599146,15,15,0,1.6683855422707168,0.26,0.4487989505128276,9.81,1,1,7,21,41,-3.0,3.0,0.01,30.0,60.0,1e-09,1e-12,6,0.0001,1,new simulation,nan
11,21,0.30487989505128277,0.1499999999999999,0.1,rolling,7.479999999999885,-0.18003711411704615,1.6589322546075569,15,15,0,1.6683856870974223,0.26,0.4487989505128276,9.81,1,1,7,21,41,-3.0,3.0,0.01,30.0,60.0,1e-09,1e-12,6,0.0001,1,new simulation,nan
11,22,0.30487989505128277,0.2999999999999998,0.1,rolling,7.429999999999886,-0.18557951259365832,1.6648797621498919,15,15,0,1.6683861193156462,0.26,0.4487989505128276,9.81,1,1,7,21,41,-3.0,3.0,0.01,30.0,60.0,1e-09,1e-12,6,0.0001,1,new simulation,nan
11,23,0.30487989505128277,0.44999999999999973,0.1,rolling,7.389999999999887,-0.1768093527217421,1.6555412707405162,15,15,0,1.6683868414749636,0.26,0.4487989505128276,9.81,1,1,7,21,41,-3.0,3.0,0.01,30.0,60.0,1e-09,1e-12,6,0.0001,1,new simulation,nan
11,24,0.30487989505128277,0.5999999999999996,0.1,rolling,7.339999999999888,-0.1859993243523314,1.6653366964758303,15,15,0,1.6683878517812898,0.26,0.4487989505128276,9.81,1,1,7,21,41,-3.0,3.0,0.01,30.0,60.0,1e-09,1e-12,6,0.0001,1,new simulation,nan
11,25,0.30487989505128277,0.75,0.1,rolling,7.299999999999889,-0.1795468616972481,1.6584138591049786,15,15,0,1.6683891517600289,0.26,0.4487989505128276,9.81,1,1,7,21,41,-3.0,3.0,0.01,30.0,60.0,1e-09,1e-12,6,0.0001,1,new simulation,nan
11,26,0.30487989505128277,0.8999999999999999,0.1,rolling,6.7699999999999,-0.17918177564759655,1.6580277462851956,14,14,0,1.6683652105590194,0.26,0.4487989505128276,9.81,1,1,7,21,41,-3.0,3.0,0.01,30.0,60.0,1e-09,1e-12,6,0.0001,1,new simulation,nan
11,27,0.30487989505128277,1.0499999999999998,0.1,rolling,6.729999999999901,-0.17464295617826184,1.6532949706791036,14,14,0,1.6683700397888341,0.26,0.4487989505128276,9.81,1,1,7,21,41,-3.0,3.0,0.01,30.0,60.0,1e-09,1e-12,6,0.0001,1,new simulation,nan
11,28,0.30487989505128277,1.2000000000000002,0.1,rolling,6.679999999999902,-0.18785456484429983,1.6673660448012868,14,14,0,1.6683756122505695,0.26,0.4487989505128276,9.81,1,1,7,21,41,-3.0,3.0,0.01,30.0,60.0,1e-09,1e-12,6,0.0001,1,new simulation,nan
11,29,0.30487989505128277,1.3499999999999996,0.1,rolling,6.639999999999903,-0.18578703928721024,1.6651053625949872,14,14,0,1.6683819266014588,0.26,0.4487989505128276,9.81,1,1,7,21,41,-3.0,3.0,0.01,30.0,60.0,1e-09,1e-12,6,0.0001,1,new simulation,nan
11,30,0.30487989505128277,1.5,0.1,rolling,6.599999999999904,-0.18520098325679765,1.664468671088927,14,14,0,1.6683889850200222,0.26,0.4487989505128276,9.81,1,1,7,21,41,-3.0,3.0,0.01,30.0,60.0,1e-09,1e-12,6,0.0001,1,new simulation,nan
11,31,0.30487989505128277,1.6499999999999995,0.1,rolling,6.079999999999915,-0.17478776630422216,1.6534446794110749,13,13,0,1.6683807613534556,0.26,0.4487989505128276,9.81,1,1,7,21,41,-3.0,3.0,0.01,30.0,60.0,1e-09,1e-12,6,0.0001,1,new simulation,nan
11,32,0.30487989505128277,1.7999999999999998,0.1,rolling,5.0599999999999365,-0.18780251991327954,1.6673089764137285,11,11,0,1.6683789404070033,0.26,0.4487989505128276,9.81,1,1,7,21,41,-3.0,3.0,0.01,30.0,60.0,1e-09,1e-12,6,0.0001,1,new simulation,nan
11,33,0.30487989505128277,1.9500000000000002,0.1,rolling,5.9999999999999165,-0.1817557946879104,1.6607610880158212,13,13,0,1.668426627309984,0.26,0.4487989505128276,9.81,1,1,7,21,41,-3.0,3.0,0.01,30.0,60.0,1e-09,1e-12,6,0.0001,1,new simulation,nan
11,34,0.30487989505128277,2.0999999999999996,0.1,rolling,6.449999999999907,-0.18259207376584718,1.6616557234611908,14,14,0,1.6684246450851268,0.26,0.4487989505128276,9.81,1,1,7,21,41,-3.0,3.0,0.01,30.0,60.0,1e-09,1e-12,6,0.0001,1,new simulation,nan
11,35,0.30487989505128277,2.25,0.1,rolling,6.419999999999908,-0.1736951654933362,1.6523222911875235,14,14,0,1.6684354148559413,0.26,0.4487989505128276,9.81,1,1,7,21,41,-3.0,3.0,0.01,30.0,60.0,1e-09,1e-12,6,0.0001,1,new simulation,nan
11,36,0.30487989505128277,2.3999999999999995,0.1,rolling,6.379999999999908,-0.18300037383747178,1.6620945777897203,14,14,0,1.6684469305323857,0.26,0.4487989505128276,9.81,1,1,7,21,41,-3.0,3.0,0.01,30.0,60.0,1e-09,1e-12,6,0.0001,1,new simulation,nan
11,37,0.30487989505128277,2.55,0.1,rolling,6.829999999999899,-0.18874573354077603,1.668348918803366,15,15,0,1.6684272727416518,0.26,0.4487989505128276,9.81,1,1,7,21,41,-3.0,3.0,0.01,30.0,60.0,1e-09,1e-12,6,0.0001,1,new simulation,nan
11,38,0.30487989505128277,2.7,0.1,rolling,6.7999999999998995,-0.18457746392702779,1.663794373240615,15,15,0,1.6684323268108356,0.26,0.4487989505128276,9.81,1,1,7,21,41,-3.0,3.0,0.01,30.0,60.0,1e-09,1e-12,6,0.0001,1,new simulation,nan
11,39,0.30487989505128277,2.8499999999999996,0.1,rolling,6.7699999999999,-0.18190093180536404,1.6609164702758819,15,15,0,1.6684376689492415,0.26,0.4487989505128276,9.81,1,1,7,21,41,-3.0,3.0,0.01,30.0,60.0,1e-09,1e-12,6,0.0001,1,new simulation,nan
11,40,0.30487989505128277,3.0,0.1,rolling,6.739999999999901,-0.1806500064074276,1.6595841017798982,15,15,0,1.6684433001852554,0.26,0.4487989505128276,9.81,1,1,7,21,41,-3.0,3.0,0.01,30.0,60.0,1e-09,1e-12,6,0.0001,1,new simulation,nan
12,0,0.3497597901025655,-3.0,0.2,rolling,8.069999999999872,-0.18367591202630118,1.6628191789928193,16,15,1,1.6683813810056944,0.26,0.4487989505128276,9.81,1,1,7,21,41,-3.0,3.0,0.01,30.0,60.0,1e-09,1e-12,6,0.0001,1,new simulation,nan
12,1,0.3497597901025655,-2.85,0.2,rolling,8.049999999999873,-0.18103376091229176,1.6599899392879862,16,15,1,1.6683791922284268,0.26,0.4487989505128276,9.81,1,1,7,21,41,-3.0,3.0,0.01,30.0,60.0,1e-09,1e-12,6,0.0001,1,new simulation,nan
12,2,0.3497597901025655,-2.7,0.2,rolling,8.049999999999873,-0.17787731003711715,1.6566569709504038,16,15,1,1.6683771138882577,0.26,0.4487989505128276,9.81,1,1,7,21,41,-3.0,3.0,0.01,30.0,60.0,1e-09,1e-12,6,0.0001,1,new simulation,nan
12,3,0.3497597901025655,-2.55,0.2,rolling,8.059999999999873,-0.18838141679267434,1.6679456154276318,16,15,1,1.6683751498764678,0.26,0.4487989505128276,9.81,1,1,7,21,41,-3.0,3.0,0.01,30.0,60.0,1e-09,1e-12,6,0.0001,1,new simulation,nan
12,4,0.3497597901025655,-2.4,0.2,rolling,8.099999999999872,-0.1820601130492084,1.661084500537841,16,15,1,1.668373297099068,0.26,0.4487989505128276,9.81,1,1,7,21,41,-3.0,3.0,0.01,30.0,60.0,1e-09,1e-12,6,0.0001,1,new simulation,nan
12,5,0.3497597901025655,-2.25,0.2,rolling,8.15999999999987,-0.1850211986668199,1.6642730626011284,16,15,1,1.6683715571836382,0.26,0.4487989505128276,9.81,1,1,7,21,41,-3.0,3.0,0.01,30.0,60.0,1e-09,1e-12,6,0.0001,1,new simulation,nan
12,6,0.3497597901025655,-2.1,0.2,rolling,8.259999999999868,-0.1876275658823847,1.6671165735609308,16,15,1,1.6683699300062482,0.26,0.4487989505128276,9.81,1,1,7,21,41,-3.0,3.0,0.01,30.0,60.0,1e-09,1e-12,6,0.0001,1,new simulation,nan
12,7,0.3497597901025655,-1.95,0.2,rolling,8.449999999999864,-0.1780932185098693,1.656883027486788,16,15,1,1.6683684132074645,0.26,0.4487989505128276,9.81,1,1,7,21,41,-3.0,3.0,0.01,30.0,60.0,1e-09,1e-12,6,0.0001,1,new simulation,nan
12,8,0.3497597901025655,-1.8,0.2,rolling,9.049999999999851,-0.18523421853625793,1.664504026324033,16,15,1,1.6683670101479242,0.26,0.4487989505128276,9.81,1,1,7,21,41,-3.0,3.0,0.01,30.0,60.0,1e-09,1e-12,6,0.0001,1,new simulation,nan
12,9,0.3497597901025655,-1.6500000000000001,0.2,settled,0.6900000000000004,-0.18879895051282758,0.0,2,1,1,nan,0.26,0.4487989505128276,9.81,1,1,7,21,41,-3.0,3.0,0.01,30.0,60.0,1e-09,1e-12,6,0.0001,1,new simulation,nan
12,10,0.3497597901025655,-1.5,0.2,settled,0.7200000000000004,-0.18879895051282758,0.0,2,1,1,nan,0.26,0.4487989505128276,9.81,1,1,7,21,41,-3.0,3.0,0.01,30.0,60.0,1e-09,1e-12,6,0.0001,1,new simulation,nan
12,11,0.3497597901025655,-1.35,0.2,settled,0.7800000000000005,-0.18879895051282758,0.0,2,1,1,nan,0.26,0.4487989505128276,9.81,1,1,7,21,41,-3.0,3.0,0.01,30.0,60.0,1e-09,1e-12,6,0.0001,1,new simulation,nan
12,12,0.3497597901025655,-1.2000000000000002,0.2,settled,0.9600000000000006,-0.18879895051282758,0.0,2,1,1,nan,0.26,0.4487989505128276,9.81,1,1,7,21,41,-3.0,3.0,0.01,30.0,60.0,1e-09,1e-12,6,0.0001,1,new simulation,nan
12,13,0.3497597901025655,-1.05,0.2,rolling,7.999999999999874,-0.17800538234966115,1.6567908175666144,14,14,0,1.6683653663993399,0.26,0.4487989505128276,9.81,1,1,7,21,41,-3.0,3.0,0.01,30.0,60.0,1e-09,1e-12,6,0.0001,1,new simulation,nan
12,14,0.3497597901025655,-0.8999999999999999,0.2,rolling,8.009999999999874,-0.17562722796150915,1.6543128992540415,15,15,0,1.6683889227854911,0.26,0.4487989505128276,9.81,1,1,7,21,41,-3.0,3.0,0.01,30.0,60.0,1e-09,1e-12,6,0.0001,1,new simulation,nan
12,15,0.3497597901025655,-0.75,0.2,rolling,7.839999999999877,-0.17830408375238888,1.6571049394136628,15,15,0,1.6683873357685266,0.26,0.4487989505128276,9.81,1,1,7,21,41,-3.0,3.0,0.01,30.0,60.0,1e-09,1e-12,6,0.0001,1,new simulation,nan
12,16,0.3497597901025655,-0.6000000000000001,0.2,rolling,7.739999999999879,-0.17554706706187656,1.6542297635422594,15,15,0,1.6683860357329525,0.26,0.4487989505128276,9.81,1,1,7,21,41,-3.0,3.0,0.01,30.0,60.0,1e-09,1e-12,6,0.0001,1,new simulation,nan
12,17,0.3497597901025655,-0.4500000000000002,0.2,rolling,7.659999999999881,-0.18704161841544373,1.6664747936318136,15,15,0,1.668385024614888,0.26,0.4487989505128276,9.81,1,1,7,21,41,-3.0,3.0,0.01,30.0,60.0,1e-09,1e-12,6,0.0001,1,new simulation,nan
12,18,0.3497597901025655,-0.30000000000000027,0.2,rolling,7.609999999999882,-0.1732459099021591,1.651860163420986,15,15,0,1.6683843030016139,0.26,0.4487989505128276,9.81,1,1,7,21,41,-3.0,3.0,0.01,30.0,60.0,1e-09,1e-12,6,0.0001,1,new simulation,nan
12,19,0.3497597901025655,-0.1499999999999999,0.2,rolling,7.559999999999883,-0.17281805708046802,1.6514226217788823,15,15,0,1.6683838693413422,0.26,0.4487989505128276,9.81,1,1,7,21,41,-3.0,3.0,0.01,30.0,60.0,1e-09,1e-12,6,0.0001,1,new simulation,nan
12,20,0.3497597901025655,0.0,0.2,rolling,7.509999999999884,-0.17952141319419798,1.6583867976816054,15,15,0,1.6683837256226826,0.26,0.4487989505128276,9.81,1,1,7,21,41,-3.0,3.0,0.01,30.0,60.0,1e-09,1e-12,6,0.0001,1,new simulation,nan
12,21,0.3497597901025655,0.1499999999999999,0.2,rolling,7.469999999999885,-0.1731565052681882,1.65176864423604,15,15,0,1.6683838693316198,0.26,0.4487989505128276,9.81,1,1,7,21,41,-3.0,3.0,0.01,30.0,60.0,1e-09,1e-12,6,0.0001,1,new simulation,nan
12,22,0.3497597901025655,0.2999999999999998,0.2,rolling,7.419999999999886,-0.18474306357958462,1.6639720690872575,15,15,0,1.6683843023044542,0.26,0.4487989505128276,9.81,1,1,7,21,41,-3.0,3.0,0.01,30.0,60.0,1e-09,1e-12,6,0.0001,1,new simulation,nan
12,23,0.3497597901025655,0.44999999999999973,0.2,rolling,7.379999999999887,-0.18004706258707776,1.658942767309993,15,15,0,1.6683850250879484,0.26,0.4487989505128276,9.81,1,1,7,21,41,-3.0,3.0,0.01,30.0,60.0,1e-09,1e-12,6,0.0001,1,new simulation,nan
12,24,0.3497597901025655,0.5999999999999996,0.2,rolling,7.339999999999888,-0.17527227438580234,1.6539453564754152,15,15,0,1.6683860361660894,0.26,0.4487989505128276,9.81,1,1,7,21,41,-3.0,3.0,0.01,30.0,60.0,1e-09,1e-12,6,0.0001,1,new simulation,nan
12,25,0.3497597901025655,0.75,0.2,rolling,7.289999999999889,-0.1870182412856934,1.6664492793275234,15,15,0,1.6683873349052882,0.26,0.4487989505128276,9.81,1,1,7,21,41,-3.0,3.0,0.01,30.0,60.0,1e-09,1e-12,6,0.0001,1,new simulation,nan
12,26,0.3497597901025655,0.8999999999999999,0.2,rolling,7.24999999999989,-0.18233347144519207,1.661377499494659,15,15,0,1.668388923329239,0.26,0.4487989505128276,9.81,1,1,7,21,41,-3.0,3.0,0.01,30.0,60.0,1e-09,1e-12,6,0.0001,1,new simulation,nan
12,27,0.3497597901025655,1.0499999999999998,0.2,rolling,6.719999999999901,-0.1833640821932346,1.6624828932703122,14,14,0,1.6683653665476015,0.26,0.4487989505128276,9.81,1,1,7,21,41,-3.0,3.0,0.01,30.0,60.0,1e-09,1e-12,6,0.0001,1,new simulation,nan
12,28,0.3497597901025655,1.2000000000000002,0.2,rolling,6.679999999999902,-0.18007389355120434,1.6589707168635457,14,14,0,1.6683709381948548,0.26,0.4487989505128276,9.81,1,1,7,21,41,-3.0,3.0,0.01,30.0,60.0,1e-09,1e-12,6,0.0001,1,new simulation,nan
12,29,0.3497597901025655,1.3499999999999996,0.2,rolling,6.639999999999903,-0.17794628153592795,1.6567292556137931,14,14,0,1.668377253358621,0.26,0.4487989505128276,9.81,1,1,7,21,41,-3.0,3.0,0.01,30.0,60.0,1e-09,1e-12,6,0.0001,1,new simulation,nan
12,30,0.3497597901025655,1.5,0.2,rolling,6.599999999999904,-0.1772049620175646,1.655953914490284,14,14,0,1.668384311592064,0.26,0.4487989505128276,9.81,1,1,7,21,41,-3.0,3.0,0.01,30.0,60.0,1e-09,1e-12,6,0.0001,1,new simulation,nan
12,31,0.3497597901025655,1.6499999999999995,0.2,rolling,6.069999999999915,-0.18318900661023077,1.662294710507834,13,13,0,1.6683687397455955,0.26,0.4487989505128276,9.81,1,1,7,21,41,-3.0,3.0,0.01,30.0,60.0,1e-09,1e-12,6,0.0001,1,new simulation,nan
12,32,0.3497597901025655,1.7999999999999998,0.2,rolling,5.549999999999926,-0.1742391078324129,1.6528788668122787,12,12,0,1.6683651523222232,0.26,0.4487989505128276,9.81,1,1,7,21,41,-3.0,3.0,0.01,30.0,60.0,1e-09,1e-12,6,0.0001,1,new simulation,nan
12,33,0.3497597901025655,1.9500000000000002,0.2,rolling,5.509999999999927,-0.17838343836257603,1.6571895660197622,12,12,0,1.6684266027285057,0.26,0.4487989505128276,9.81,1,1,7,21,41,-3.0,3.0,0.01,30.0,60.0,1e-09,1e-12,6,0.0001,1,new simulation,nan
12,34,0.3497597901025655,2.0999999999999996,0.2,rolling,5.959999999999917,-0.17906980709061496,1.6579121798163179,13,13,0,1.6684404034011857,0.26,0.4487989505128276,9.81,1,1,7,21,41,-3.0,3.0,0.01,30.0,60.0,1e-09,1e-12,6,0.0001,1,new simulation,nan
12,35,0.3497597901025655,2.25,0.2,rolling,6.409999999999908,-0.18145463611542131,1.6604399022405625,14,14,0,1.668430742717808,0.26,0.4487989505128276,9.81,1,1,7,21,41,-3.0,3.0,0.01,30.0,60.0,1e-09,1e-12,6,0.0001,1,new simulation,nan
12,36,0.3497597901025655,2.3999999999999995,0.2,rolling,6.379999999999908,-0.17410355339135833,1.652741984763498,14,14,0,1.6684422573059996,0.26,0.4487989505128276,9.81,1,1,7,21,41,-3.0,3.0,0.01,30.0,60.0,1e-09,1e-12,6,0.0001,1,new simulation,nan
12,37,0.3497597901025655,2.55,0.2,rolling,6.829999999999899,-0.17975761582872135,1.6586378018171704,15,15,0,1.668425456588907,0.26,0.4487989505128276,9.81,1,1,7,21,41,-3.0,3.0,0.01,30.0,60.0,1e-09,1e-12,6,0.0001,1,new simulation,nan
12,38,0.3497597901025655,2.7,0.2,rolling,6.7999999999998995,-0.17558090121322373,1.6542662744810432,15,15,0,1.6684305095660443,0.26,0.4487989505128276,9.81,1,1,7,21,41,-3.0,3.0,0.01,30.0,60.0,1e-09,1e-12,6,0.0001,1,new simulation,nan
12,39,0.3497597901025655,2.8499999999999996,0.2,rolling,6.7699999999999,-0.1729100039429318,1.6515182843636695,15,15,0,1.668435852396054,0.26,0.4487989505128276,9.81,1,1,7,21,41,-3.0,3.0,0.01,30.0,60.0,1e-09,1e-12,6,0.0001,1,new simulation,nan
12,40,0.3497597901025655,3.0,0.2,rolling,6.729999999999901,-0.18826533692508102,1.667819963220997,15,15,0,1.6684414827040113,0.26,0.4487989505128276,9.81,1,1,7,21,41,-3.0,3.0,0.01,30.0,60.0,1e-09,1e-12,6,0.0001,1,new simulation,nan
13,0,0.3946396851538483,-3.0,0.3,rolling,8.079999999999872,-0.17512405357736588,1.6537919341810354,16,15,1,1.6683805822796114,0.26,0.4487989505128276,9.81,1,1,7,21,41,-3.0,3.0,0.01,30.0,60.0,1e-09,1e-12,6,0.0001,1,new simulation,nan
13,1,0.3946396851538483,-2.85,0.3,rolling,8.059999999999873,-0.18606203280129002,1.6654047107463854,16,15,1,1.6683783930772098,0.26,0.4487989505128276,9.81,1,1,7,21,41,-3.0,3.0,0.01,30.0,60.0,1e-09,1e-12,6,0.0001,1,new simulation,nan
13,2,0.3946396851538483,-2.7,0.3,rolling,8.069999999999872,-0.17974562369221683,1.658623505981596,16,15,1,1.668376315821422,0.26,0.4487989505128276,9.81,1,1,7,21,41,-3.0,3.0,0.01,30.0,60.0,1e-09,1e-12,6,0.0001,1,new simulation,nan
13,3,0.3946396851538483,-2.55,0.3,rolling,8.099999999999872,-0.17266416827521866,1.6512651736419832,16,15,1,1.668374350554535,0.26,0.4487989505128276,9.81,1,1,7,21,41,-3.0,3.0,0.01,30.0,60.0,1e-09,1e-12,6,0.0001,1,new simulation,nan
13,4,0.3946396851538483,-2.4,0.3,rolling,8.139999999999871,-0.1872412000270644,1.6666929539545718,16,15,1,1.6683724981995516,0.26,0.4487989505128276,9.81,1,1,7,21,41,-3.0,3.0,0.01,30.0,60.0,1e-09,1e-12,6,0.0001,1,new simulation,nan
13,5,0.3946396851538483,-2.25,0.3,rolling,8.229999999999869,-0.17306538273017213,1.651674992699363,16,15,1,1.6683707585499785,0.26,0.4487989505128276,9.81,1,1,7,21,41,-3.0,3.0,0.01,30.0,60.0,1e-09,1e-12,6,0.0001,1,new simulation,nan
13,6,0.3946396851538483,-2.1,0.3,rolling,8.369999999999866,-0.17317237363066426,1.6517843953372995,16,15,1,1.668369129967534,0.26,0.4487989505128276,9.81,1,1,7,21,41,-3.0,3.0,0.01,30.0,60.0,1e-09,1e-12,6,0.0001,1,new simulation,nan
13,7,0.3946396851538483,-1.95,0.3,rolling,8.67999999999986,-0.17233673723621568,1.6509310245051594,16,15,1,1.6683676142906514,0.26,0.4487989505128276,9.81,1,1,7,21,41,-3.0,3.0,0.01,30.0,60.0,1e-09,1e-12,6,0.0001,1,new simulation,nan
13,8,0.3946396851538483,-1.8,0.3,settled,0.7100000000000004,-0.18879895051282758,0.0,2,1,1,nan,0.26,0.4487989505128276,9.81,1,1,7,21,41,-3.0,3.0,0.01,30.0,60.0,1e-09,1e-12,6,0.0001,1,new simulation,nan
13,9,0.3946396851538483,-1.6500000000000001,0.3,settled,0.7300000000000004,-0.18879895051282758,0.0,2,1,1,nan,0.26,0.4487989505128276,9.81,1,1,7,21,41,-3.0,3.0,0.01,30.0,60.0,1e-09,1e-12,6,0.0001,1,new simulation,nan
13,10,0.3946396851538483,-1.5,0.3,settled,0.7900000000000005,-0.18879895051282758,0.0,2,1,1,nan,0.26,0.4487989505128276,9.81,1,1,7,21,41,-3.0,3.0,0.01,30.0,60.0,1e-09,1e-12,6,0.0001,1,new simulation,nan
13,11,0.3946396851538483,-1.35,0.3,settled,0.9500000000000006,-0.18879895051282758,0.0,2,1,1,nan,0.26,0.4487989505128276,9.81,1,1,7,21,41,-3.0,3.0,0.01,30.0,60.0,1e-09,1e-12,6,0.0001,1,new simulation,nan
13,12,0.3946396851538483,-1.2000000000000002,0.3,rolling,8.109999999999872,-0.18157944251092337,1.6605708719236953,14,14,0,1.6683656523891053,0.26,0.4487989505128276,9.81,1,1,7,21,41,-3.0,3.0,0.01,30.0,60.0,1e-09,1e-12,6,0.0001,1,new simulation,nan
13,13,0.3946396851538483,-1.05,0.3,rolling,8.029999999999873,-0.1811071591871494,1.6600683610518256,15,15,0,1.6683887451857105,0.26,0.4487989505128276,9.81,1,1,7,21,41,-3.0,3.0,0.01,30.0,60.0,1e-09,1e-12,6,0.0001,1,new simulation,nan
13,14,0.3946396851538483,-0.8999999999999999,0.3,rolling,7.859999999999877,-0.17437587390651943,1.6530203489625162,15,15,0,1.6683868687883097,0.26,0.4487989505128276,9.81,1,1,7,21,41,-3.0,3.0,0.01,30.0,60.0,1e-09,1e-12,6,0.0001,1,new simulation,nan
13,15,0.3946396851538483,-0.75,0.3,rolling,7.759999999999879,-0.1724897537296558,1.6510875895393233,15,15,0,1.66838528013872,0.26,0.4487989505128276,9.81,1,1,7,21,41,-3.0,3.0,0.01,30.0,60.0,1e-09,1e-12,6,0.0001,1,new simulation,nan
13,16,0.3946396851538483,-0.6000000000000001,0.3,rolling,7.679999999999881,-0.18830857440535365,1.6678656874551143,15,15,0,1.6683839809341563,0.26,0.4487989505128276,9.81,1,1,7,21,41,-3.0,3.0,0.01,30.0,60.0,1e-09,1e-12,6,0.0001,1,new simulation,nan
13,17,0.3946396851538483,-0.4500000000000002,0.3,rolling,7.629999999999882,-0.18048320830426748,1.6594050419897544,15,15,0,1.6683829704775224,0.26,0.4487989505128276,9.81,1,1,7,21,41,-3.0,3.0,0.01,30.0,60.0,1e-09,1e-12,6,0.0001,1,new simulation,nan
13,18,0.3946396851538483,-0.30000000000000027,0.3,rolling,7.579999999999883,-0.1868081015247677,1.6662192214536118,15,15,0,1.6683822470703527,0.26,0.4487989505128276,9.81,1,1,7,21,41,-3.0,3.0,0.01,30.0,60.0,1e-09,1e-12,6,0.0001,1,new simulation,nan
13,19,0.3946396851538483,-0.1499999999999999,0.3,rolling,7.539999999999884,-0.1837235170806832,1.6628704950169368,15,15,0,1.6683818144224025,0.26,0.4487989505128276,9.81,1,1,7,21,41,-3.0,3.0,0.01,30.0,60.0,1e-09,1e-12,6,0.0001,1,new simulation,nan
13,20,0.3946396851538483,0.0,0.3,rolling,7.4999999999998845,-0.18360032528843426,1.6627377540161743,15,15,0,1.6683816698681282,0.26,0.4487989505128276,9.81,1,1,7,21,41,-3.0,3.0,0.01,30.0,60.0,1e-09,1e-12,6,0.0001,1,new simulation,nan
13,21,0.3946396851538483,0.1499999999999999,0.3,rolling,7.459999999999885,-0.18385180075892063,1.6630087986988087,15,15,0,1.6683818141260474,0.26,0.4487989505128276,9.81,1,1,7,21,41,-3.0,3.0,0.01,30.0,60.0,1e-09,1e-12,6,0.0001,1,new simulation,nan
13,22,0.3946396851538483,0.2999999999999998,0.3,rolling,7.419999999999886,-0.18309246111479557,1.6621913857899033,15,15,0,1.6683822483482078,0.26,0.4487989505128276,9.81,1,1,7,21,41,-3.0,3.0,0.01,30.0,60.0,1e-09,1e-12,6,0.0001,1,new simulation,nan
13,23,0.3946396851538483,0.44999999999999973,0.3,rolling,7.379999999999887,-0.18081308727941076,1.6597553864743237,15,15,0,1.668382969496344,0.26,0.4487989505128276,9.81,1,1,7,21,41,-3.0,3.0,0.01,30.0,60.0,1e-09,1e-12,6,0.0001,1,new simulation,nan
13,24,0.3946396851538483,0.5999999999999996,0.3,rolling,7.339999999999888,-0.17710523222678676,1.6558497830308243,15,15,0,1.6683839807582679,0.26,0.4487989505128276,9.81,1,1,7,21,41,-3.0,3.0,0.01,30.0,60.0,1e-09,1e-12,6,0.0001,1,new simulation,nan
13,25,0.3946396851538483,0.75,0.3,rolling,7.299999999999889,-0.17241162987331174,1.651007936844941,15,15,0,1.6683852797714074,0.26,0.4487989505128276,9.81,1,1,7,21,41,-3.0,3.0,0.01,30.0,60.0,1e-09,1e-12,6,0.0001,1,new simulation,nan
13,26,0.3946396851538483,0.8999999999999999,0.3,rolling,7.24999999999989,-0.18386457332434394,1.6630227372158983,15,15,0,1.6683868684383985,0.26,0.4487989505128276,9.81,1,1,7,21,41,-3.0,3.0,0.01,30.0,60.0,1e-09,1e-12,6,0.0001,1,new simulation,nan
13,27,0.3946396851538483,1.0499999999999998,0.3,rolling,7.209999999999891,-0.17891969903539204,1.6577523382832025,15,15,0,1.668388745010768,0.26,0.4487989505128276,9.81,1,1,7,21,41,-3.0,3.0,0.01,30.0,60.0,1e-09,1e-12,6,0.0001,1,new simulation,nan
13,28,0.3946396851538483,1.2000000000000002,0.3,rolling,6.679999999999902,-0.17986262777418968,1.6587469089254367,14,14,0,1.6683656519920493,0.26,0.4487989505128276,9.81,1,1,7,21,41,-3.0,3.0,0.01,30.0,60.0,1e-09,1e-12,6,0.0001,1,new simulation,nan
13,29,0.3946396851538483,1.3499999999999996,0.3,rolling,6.639999999999903,-0.17675260756817518,1.6554816473408993,14,14,0,1.668371966893871,0.26,0.4487989505128276,9.81,1,1,7,21,41,-3.0,3.0,0.01,30.0,60.0,1e-09,1e-12,6,0.0001,1,new simulation,nan
13,30,0.3946396851538483,1.5,0.3,rolling,6.599999999999904,-0.17506787094595003,1.6537338259323633,14,14,0,1.6683790246893935,0.26,0.4487989505128276,9.81,1,1,7,21,41,-3.0,3.0,0.01,30.0,60.0,1e-09,1e-12,6,0.0001,1,new simulation,nan
13,31,0.3946396851538483,1.6499999999999995,0.3,rolling,6.559999999999905,-0.17500496453238235,1.6536690968284062,14,14,0,1.6683868256550725,0.26,0.4487989505128276,9.81,1,1,7,21,41,-3.0,3.0,0.01,30.0,60.0,1e-09,1e-12,6,0.0001,1,new simulation,nan
13,32,0.3946396851538483,1.7999999999999998,0.3,rolling,6.029999999999916,-0.18185841491377244,1.6608690591939543,13,13,0,1.6683771185205547,0.26,0.4487989505128276,9.81,1,1,7,21,41,-3.0,3.0,0.01,30.0,60.0,1e-09,1e-12,6,0.0001,1,new simulation,nan
13,33,0.3946396851538483,1.9500000000000002,0.3,rolling,5.019999999999937,-0.1791084350670371,1.657950498287277,11,11,0,1.6683674819584526,0.26,0.4487989505128276,9.81,1,1,7,21,41,-3.0,3.0,0.01,30.0,60.0,1e-09,1e-12,6,0.0001,1,new simulation,nan
13,34,0.3946396851538483,2.0999999999999996,0.3,rolling,5.959999999999917,-0.17405649982095905,1.652693099655798,13,13,0,1.668426806329226,0.26,0.4487989505128276,9.81,1,1,7,21,41,-3.0,3.0,0.01,30.0,60.0,1e-09,1e-12,6,0.0001,1,new simulation,nan
13,35,0.3946396851538483,2.25,0.3,rolling,6.409999999999908,-0.17595311304410727,1.6546520314786457,14,14,0,1.6684254564012952,0.26,0.4487989505128276,9.81,1,1,7,21,41,-3.0,3.0,0.01,30.0,60.0,1e-09,1e-12,6,0.0001,1,new simulation,nan
13,36,0.3946396851538483,2.3999999999999995,0.3,rolling,6.369999999999909,-0.1847813445534399,1.6640152574408167,14,14,0,1.6684369718466587,0.26,0.4487989505128276,9.81,1,1,7,21,41,-3.0,3.0,0.01,30.0,60.0,1e-09,1e-12,6,0.0001,1,new simulation,nan
13,37,0.3946396851538483,2.55,0.3,rolling,6.339999999999909,-0.17869926978039113,1.6575223105226193,14,14,0,1.6684492286095358,0.26,0.4487989505128276,9.81,1,1,7,21,41,-3.0,3.0,0.01,30.0,60.0,1e-09,1e-12,6,0.0001,1,new simulation,nan
13,38,0.3946396851538483,2.7,0.3,rolling,6.7899999999999,-0.1856662732357357,1.6649754948503914,15,15,0,1.6684284545706147,0.26,0.4487989505128276,9.81,1,1,7,21,41,-3.0,3.0,0.01,30.0,60.0,1e-09,1e-12,6,0.0001,1,new simulation,nan
13,39,0.3946396851538483,2.8499999999999996,0.3,rolling,6.7599999999999,-0.18276079663049435,1.6618369672236746,15,15,0,1.6684337981166086,0.26,0.4487989505128276,9.81,1,1,7,21,41,-3.0,3.0,0.01,30.0,60.0,1e-09,1e-12,6,0.0001,1,new simulation,nan
13,40,0.3946396851538483,3.0,0.3,rolling,6.729999999999901,-0.18134704241187335,1.6603255033537019,15,15,0,1.6684394290171485,0.26,0.4487989505128276,9.81,1,1,7,21,41,-3.0,3.0,0.01,30.0,60.0,1e-09,1e-12,6,0.0001,1,new simulation,nan
14,0,0.43951958020513104,-3.0,0.4,rolling,8.079999999999872,-0.1871504808117513,1.6665938138031011,16,15,1,1.6683796917261133,0.26,0.4487989505128276,9.81,1,1,7,21,41,-3.0,3.0,0.01,30.0,60.0,1e-09,1e-12,6,0.0001,1,new simulation,nan
14,1,0.43951958020513104,-2.85,0.4,rolling,8.079999999999872,-0.17979897509139456,1.6586799651595032,16,15,1,1.6683775024582843,0.26,0.4487989505128276,9.81,1,1,7,21,41,-3.0,3.0,0.01,30.0,60.0,1e-09,1e-12,6,0.0001,1,new simulation,nan
14,2,0.43951958020513104,-2.7,0.4,rolling,8.099999999999872,-0.17275274324600812,1.6513556377764251,16,15,1,1.6683754261759864,0.26,0.4487989505128276,9.81,1,1,7,21,41,-3.0,3.0,0.01,30.0,60.0,1e-09,1e-12,6,0.0001,1,new simulation,nan
14,3,0.43951958020513104,-2.55,0.4,rolling,8.129999999999871,-0.1853522920769466,1.6646324378685085,16,15,1,1.668373461008127,0.26,0.4487989505128276,9.81,1,1,7,21,41,-3.0,3.0,0.01,30.0,60.0,1e-09,1e-12,6,0.0001,1,new simulation,nan
14,4,0.43951958020513104,-2.4,0.4,rolling,8.19999999999987,-0.17878247252668408,1.6576073046283335,16,15,1,1.6683716083252043,0.26,0.4487989505128276,9.81,1,1,7,21,41,-3.0,3.0,0.01,30.0,60.0,1e-09,1e-12,6,0.0001,1,new simulation,nan
14,5,0.43951958020513104,-2.25,0.4,rolling,8.309999999999867,-0.1818086288953611,1.6608156435677364,16,15,1,1.6683698683714365,0.26,0.4487989505128276,9.81,1,1,7,21,41,-3.0,3.0,0.01,30.0,60.0,1e-09,1e-12,6,0.0001,1,new simulation,nan
14,6,0.43951958020513104,-2.1,0.4,rolling,8.529999999999863,-0.17439228018067202,1.6530366285893878,16,15,1,1.6683682406961975,0.26,0.4487989505128276,9.81,1,1,7,21,41,-3.0,3.0,0.01,30.0,60.0,1e-09,1e-12,6,0.0001,1,new simulation,nan
14,7,0.43951958020513104,-1.95,0.4,settled,0.7300000000000004,-0.18879895051282758,0.0,2,1,1,nan,0.26,0.4487989505128276,9.81,1,1,7,21,41,-3.0,3.0,0.01,30.0,60.0,1e-09,1e-12,6,0.0001,1,new simulation,nan
14,8,0.43951958020513104,-1.8,0.4,settled,0.7500000000000004,-0.18879895051282758,0.0,2,1,1,nan,0.26,0.4487989505128276,9.81,1,1,7,21,41,-3.0,3.0,0.01,30.0,60.0,1e-09,1e-12,6,0.0001,1,new simulation,nan
14,9,0.43951958020513104,-1.6500000000000001,0.4,settled,0.8000000000000005,-0.18879895051282758,0.0,2,1,1,nan,0.26,0.4487989505128276,9.81,1,1,7,21,41,-3.0,3.0,0.01,30.0,60.0,1e-09,1e-12,6,0.0001,1,new simulation,nan
14,10,0.43951958020513104,-1.5,0.4,settled,0.9400000000000006,-0.18879895051282758,0.0,2,1,1,nan,0.26,0.4487989505128276,9.81,1,1,7,21,41,-3.0,3.0,0.01,30.0,60.0,1e-09,1e-12,6,0.0001,1,new simulation,nan
14,11,0.43951958020513104,-1.35,0.4,rolling,8.299999999999867,-0.17664743837682165,1.6553719013023185,14,14,0,1.6683660785152001,0.26,0.4487989505128276,9.81,1,1,7,21,41,-3.0,3.0,0.01,30.0,60.0,1e-09,1e-12,6,0.0001,1,new simulation,nan
14,12,0.43951958020513104,-1.2000000000000002,0.4,rolling,8.059999999999873,-0.17350510478814216,1.6521258253394455,15,15,0,1.668388622252268,0.26,0.4487989505128276,9.81,1,1,7,21,41,-3.0,3.0,0.01,30.0,60.0,1e-09,1e-12,6,0.0001,1,new simulation,nan
14,13,0.43951958020513104,-1.05,0.4,rolling,7.869999999999877,-0.18802824201988105,1.6675573059041968,15,15,0,1.6683864570506757,0.26,0.4487989505128276,9.81,1,1,7,21,41,-3.0,3.0,0.01,30.0,60.0,1e-09,1e-12,6,0.0001,1,new simulation,nan
14,14,0.43951958020513104,-0.8999999999999999,0.4,rolling,7.769999999999879,-0.18665093852442377,1.6660475094196925,15,15,0,1.6683845796549495,0.26,0.4487989505128276,9.81,1,1,7,21,41,-3.0,3.0,0.01,30.0,60.0,1e-09,1e-12,6,0.0001,1,new simulation,nan
14,15,0.43951958020513104,-0.75,0.4,rolling,7.70999999999988,-0.17403002589436697,1.652664442344523,15,15,0,1.6683829904327252,0.26,0.4487989505128276,9.81,1,1,7,21,41,-3.0,3.0,0.01,30.0,60.0,1e-09,1e-12,6,0.0001,1,new simulation,nan
14,16,0.43951958020513104,-0.6000000000000001,0.4,rolling,7.659999999999881,-0.1732409395264575,1.6518549902598763,15,15,0,1.6683816918641885,0.26,0.4487989505128276,9.81,1,1,7,21,41,-3.0,3.0,0.01,30.0,60.0,1e-09,1e-12,6,0.0001,1,new simulation,nan
14,17,0.43951958020513104,-0.4500000000000002,0.4,rolling,7.609999999999882,-0.18788251939377273,1.6673969277733438,15,15,0,1.6683806809415545,0.26,0.4487989505128276,9.81,1,1,7,21,41,-3.0,3.0,0.01,30.0,60.0,1e-09,1e-12,6,0.0001,1,new simulation,nan
14,18,0.43951958020513104,-0.30000000000000027,0.4,rolling,7.579999999999883,-0.1770567414368177,1.6557990415606023,15,15,0,1.6683799579778886,0.26,0.4487989505128276,9.81,1,1,7,21,41,-3.0,3.0,0.01,30.0,60.0,1e-09,1e-12,6,0.0001,1,new simulation,nan
14,19,0.43951958020513104,-0.1499999999999999,0.4,rolling,7.539999999999884,-0.1855335482533703,1.6648295783638074,15,15,0,1.6683795253064542,0.26,0.4487989505128276,9.81,1,1,7,21,41,-3.0,3.0,0.01,30.0,60.0,1e-09,1e-12,6,0.0001,1,new simulation,nan
14,20,0.43951958020513104,0.0,0.4,rolling,7.509999999999884,-0.17676534966808027,1.6554951678307226,15,15,0,1.6683793810074627,0.26,0.4487989505128276,9.81,1,1,7,21,41,-3.0,3.0,0.01,30.0,60.0,1e-09,1e-12,6,0.0001,1,new simulation,nan
14,21,0.43951958020513104,0.1499999999999999,0.4,rolling,7.469999999999885,-0.18196377808930034,1.6609817211062958,15,15,0,1.6683795258630028,0.26,0.4487989505128276,9.81,1,1,7,21,41,-3.0,3.0,0.01,30.0,60.0,1e-09,1e-12,6,0.0001,1,new simulation,nan
14,22,0.43951958020513104,0.2999999999999998,0.4,rolling,7.429999999999886,-0.18368662915998096,1.6628306805247657,15,15,0,1.66837995879517,0.26,0.4487989505128276,9.81,1,1,7,21,41,-3.0,3.0,0.01,30.0,60.0,1e-09,1e-12,6,0.0001,1,new simulation,nan
14,23,0.43951958020513104,0.44999999999999973,0.4,rolling,7.389999999999887,-0.18195802987508577,1.6609756156352544,15,15,0,1.6683806806711325,0.26,0.4487989505128276,9.81,1,1,7,21,41,-3.0,3.0,0.01,30.0,60.0,1e-09,1e-12,6,0.0001,1,new simulation,nan
14,24,0.43951958020513104,0.5999999999999996,0.4,rolling,7.349999999999888,-0.1774219592182418,1.6561805562556884,15,15,0,1.6683816913095832,0.26,0.4487989505128276,9.81,1,1,7,21,41,-3.0,3.0,0.01,30.0,60.0,1e-09,1e-12,6,0.0001,1,new simulation,nan
14,25,0.43951958020513104,0.75,0.4,rolling,7.299999999999889,-0.187614892252418,1.667103088949651,15,15,0,1.6683829912869452,0.26,0.4487989505128276,9.81,1,1,7,21,41,-3.0,3.0,0.01,30.0,60.0,1e-09,1e-12,6,0.0001,1,new simulation,nan
14,26,0.43951958020513104,0.8999999999999999,0.4,rolling,7.25999999999989,-0.180304039072235,1.6592150470037748,15,15,0,1.6683845807664281,0.26,0.4487989505128276,9.81,1,1,7,21,41,-3.0,3.0,0.01,30.0,60.0,1e-09,1e-12,6,0.0001,1,new simulation,nan
14,27,0.43951958020513104,1.0499999999999998,0.4,rolling,7.2199999999998905,-0.1730456589537459,1.6516553380476238,15,15,0,1.6683864567790974,0.26,0.4487989505128276,9.81,1,1,7,21,41,-3.0,3.0,0.01,30.0,60.0,1e-09,1e-12,6,0.0001,1,new simulation,nan
14,28,0.43951958020513104,1.2000000000000002,0.4,rolling,7.169999999999892,-0.18309161232360693,1.6621906831691622,15,15,0,1.6683886226235671,0.26,0.4487989505128276,9.81,1,1,7,21,41,-3.0,3.0,0.01,30.0,60.0,1e-09,1e-12,6,0.0001,1,new simulation,nan
14,29,0.43951958020513104,1.3499999999999996,0.4,rolling,6.639999999999903,-0.18301578230800244,1.662108475831575,14,14,0,1.668366078983964,0.26,0.4487989505128276,9.81,1,1,7,21,41,-3.0,3.0,0.01,30.0,60.0,1e-09,1e-12,6,0.0001,1,new simulation,nan
14,30,0.43951958020513104,1.5,0.4,rolling,6.599999999999904,-0.1793976174204615,1.6582557304694672,14,14,0,1.668373136337321,0.26,0.4487989505128276,9.81,1,1,7,21,41,-3.0,3.0,0.01,30.0,60.0,1e-09,1e-12,6,0.0001,1,new simulation,nan
14,31,0.43951958020513104,1.6499999999999995,0.4,rolling,6.559999999999905,-0.1776432004662274,1.6564119473037577,14,14,0,1.6683809367824445,0.26,0.4487989505128276,9.81,1,1,7,21,41,-3.0,3.0,0.01,30.0,60.0,1e-09,1e-12,6,0.0001,1,new simulation,nan
14,32,0.43951958020513104,1.7999999999999998,0.4,rolling,6.519999999999905,-0.17786084873048513,1.656640132321572,14,14,0,1.668389481398408,0.26,0.4487989505128276,9.81,1,1,7,21,41,-3.0,3.0,0.01,30.0,60.0,1e-09,1e-12,6,0.0001,1,new simulation,nan
14,33,0.43951958020513104,1.9500000000000002,0.4,rolling,5.989999999999917,-0.18527753388204035,1.6645516653587191,13,13,0,1.668385860100778,0.26,0.4487989505128276,9.81,1,1,7,21,41,-3.0,3.0,0.01,30.0,60.0,1e-09,1e-12,6,0.0001,1,new simulation,nan
14,34,0.43951958020513104,2.0999999999999996,0.4,rolling,4.979999999999938,-0.18327220715527454,1.6623864423517103,11,11,0,1.6684379715974076,0.26,0.4487989505128276,9.81,1,1,7,21,41,-3.0,3.0,0.01,30.0,60.0,1e-09,1e-12,6,0.0001,1,new simulation,nan
14,35,0.43951958020513104,2.25,0.4,rolling,5.919999999999918,-0.1790959155535237,1.6579396638929502,13,13,0,1.6684393695051913,0.26,0.4487989505128276,9.81,1,1,7,21,41,-3.0,3.0,0.01,30.0,60.0,1e-09,1e-12,6,0.0001,1,new simulation,nan
14,36,0.43951958020513104,2.3999999999999995,0.4,rolling,6.369999999999909,-0.1819893436922036,1.6610107367861755,14,14,0,1.6684310818257344,0.26,0.4487989505128276,9.81,1,1,7,21,41,-3.0,3.0,0.01,30.0,60.0,1e-09,1e-12,6,0.0001,1,new simulation,nan
14,37,0.43951958020513104,2.55,0.4,rolling,6.339999999999909,-0.1752869865052325,1.6539624626399267,14,14,0,1.6684433401633958,0.26,0.4487989505128276,9.81,1,1,7,21,41,-3.0,3.0,0.01,30.0,60.0,1e-09,1e-12,6,0.0001,1,new simulation,nan
14,38,0.43951958020513104,2.7,0.4,rolling,6.7899999999999,-0.18170859648687052,1.660710684393307,15,15,0,1.6684261660679391,0.26,0.4487989505128276,9.81,1,1,7,21,41,-3.0,3.0,0.01,30.0,60.0,1e-09,1e-12,6,0.0001,1,new simulation,nan
14,39,0.43951958020513104,2.8499999999999996,0.4,rolling,6.7599999999999,-0.17836870693066675,1.6571742545733525,15,15,0,1.6684315087443846,0.26,0.4487989505128276,9.81,1,1,7,21,41,-3.0,3.0,0.01,30.0,60.0,1e-09,1e-12,6,0.0001,1,new simulation,nan
14,40,0.43951958020513104,3.0,0.4,rolling,6.729999999999901,-0.17659131088228808,1.655315798951586,15,15,0,1.6684371410121948,0.26,0.4487989505128276,9.81,1,1,7,21,41,-3.0,3.0,0.01,30.0,60.0,1e-09,1e-12,6,0.0001,1,new simulation,nan
15,0,0.4843994752564138,-3.0,0.5,rolling,8.089999999999872,-0.1882344711847996,1.6677839380024666,16,15,1,1.6683787135933432,0.26,0.4487989505128276,9.81,1,1,7,21,41,-3.0,3.0,0.01,30.0,60.0,1e-09,1e-12,6,0.0001,1,new simulation,nan
15,1,0.4843994752564138,-2.85,0.5,rolling,8.099999999999872,-0.18102411539498497,1.6599795868925478,16,15,1,1.6683765232433443,0.26,0.4487989505128276,9.81,1,1,7,21,41,-3.0,3.0,0.01,30.0,60.0,1e-09,1e-12,6,0.0001,1,new simulation,nan
15,2,0.4843994752564138,-2.7,0.5,rolling,8.129999999999871,-0.1766049811488317,1.65532796608463,16,15,1,1.6683744464163823,0.26,0.4487989505128276,9.81,1,1,7,21,41,-3.0,3.0,0.01,30.0,60.0,1e-09,1e-12,6,0.0001,1,new simulation,nan
15,3,0.4843994752564138,-2.55,0.5,rolling,8.17999999999987,-0.1820643566573632,1.6610890122538038,16,15,1,1.668372482170116,0.26,0.4487989505128276,9.81,1,1,7,21,41,-3.0,3.0,0.01,30.0,60.0,1e-09,1e-12,6,0.0001,1,new simulation,nan
15,4,0.4843994752564138,-2.4,0.5,rolling,8.269999999999868,-0.1844561852432412,1.6636611500372658,16,15,1,1.6683706296262997,0.26,0.4487989505128276,9.81,1,1,7,21,41,-3.0,3.0,0.01,30.0,60.0,1e-09,1e-12,6,0.0001,1,new simulation,nan
15,5,0.4843994752564138,-2.25,0.5,rolling,8.439999999999864,-0.1771092881768854,1.6558535190228367,16,15,1,1.6683688897640063,0.26,0.4487989505128276,9.81,1,1,7,21,41,-3.0,3.0,0.01,30.0,60.0,1e-09,1e-12,6,0.0001,1,new simulation,nan
15,6,0.4843994752564138,-2.1,0.5,rolling,8.889999999999855,-0.18227607496135514,1.661315345254682,16,15,1,1.6683672618282595,0.26,0.4487989505128276,9.81,1,1,7,21,41,-3.0,3.0,0.01,30.0,60.0,1e-09,1e-12,6,0.0001,1,new simulation,nan
15,7,0.4843994752564138,-1.95,0.5,settled,0.7600000000000005,-0.18879895051282758,0.0,2,1,1,nan,0.26,0.4487989505128276,9.81,1,1,7,21,41,-3.0,3.0,0.01,30.0,60.0,1e-09,1e-12,6,0.0001,1,new simulation,nan
15,8,0.4843994752564138,-1.8,0.5,settled,0.8100000000000005,-0.18879895051282758,0.0,2,1,1,nan,0.26,0.4487989505128276,9.81,1,1,7,21,41,-3.0,3.0,0.01,30.0,60.0,1e-09,1e-12,6,0.0001,1,new simulation,nan
15,9,0.4843994752564138,-1.6500000000000001,0.5,settled,0.9300000000000006,-0.18879895051282758,0.0,2,1,1,nan,0.26,0.4487989505128276,9.81,1,1,7,21,41,-3.0,3.0,0.01,30.0,60.0,1e-09,1e-12,6,0.0001,1,new simulation,nan
15,10,0.4843994752564138,-1.5,0.5,rolling,8.889999999999855,-0.18668657597935456,1.6660858643949772,14,14,0,1.6683666569590434,0.26,0.4487989505128276,9.81,1,1,7,21,41,-3.0,3.0,0.01,30.0,60.0,1e-09,1e-12,6,0.0001,1,new simulation,nan
15,11,0.4843994752564138,-1.35,0.5,rolling,8.079999999999872,-0.18693621630412688,1.666359558202269,15,15,0,1.6683885593061956,0.26,0.4487989505128276,9.81,1,1,7,21,41,-3.0,3.0,0.01,30.0,60.0,1e-09,1e-12,6,0.0001,1,new simulation,nan
15,12,0.4843994752564138,-1.2000000000000002,0.5,rolling,7.889999999999876,-0.1862087722606884,1.665564915259445,15,15,0,1.6683861045358868,0.26,0.4487989505128276,9.81,1,1,7,21,41,-3.0,3.0,0.01,30.0,60.0,1e-09,1e-12,6,0.0001,1,new simulation,nan
15,13,0.4843994752564138,-1.05,0.5,rolling,7.789999999999878,-0.18482389880423597,1.6640596163530714,15,15,0,1.6683839381879872,0.26,0.4487989505128276,9.81,1,1,7,21,41,-3.0,3.0,0.01,30.0,60.0,1e-09,1e-12,6,0.0001,1,new simulation,nan
15,14,0.4843994752564138,-0.8999999999999999,0.5,rolling,7.72999999999988,-0.17733215178887923,1.656086703531319,15,15,0,1.6683820604629018,0.26,0.4487989505128276,9.81,1,1,7,21,41,-3.0,3.0,0.01,30.0,60.0,1e-09,1e-12,6,0.0001,1,new simulation,nan
15,15,0.4843994752564138,-0.75,0.5,rolling,7.679999999999881,-0.1847308091950783,1.6639586731397138,15,15,0,1.6683804726320328,0.26,0.4487989505128276,9.81,1,1,7,21,41,-3.0,3.0,0.01,30.0,60.0,1e-09,1e-12,6,0.0001,1,new simulation,nan
15,16,0.4843994752564138,-0.6000000000000001,0.5,rolling,7.649999999999881,-0.17654297407053648,1.655263570176713,15,15,0,1.6683791724506467,0.26,0.4487989505128276,9.81,1,1,7,21,41,-3.0,3.0,0.01,30.0,60.0,1e-09,1e-12,6,0.0001,1,new simulation,nan
15,17,0.4843994752564138,-0.4500000000000002,0.5,rolling,7.619999999999882,-0.1774863291069962,1.6562477448290271,15,15,0,1.6683781621103788,0.26,0.4487989505128276,9.81,1,1,7,21,41,-3.0,3.0,0.01,30.0,60.0,1e-09,1e-12,6,0.0001,1,new simulation,nan
15,18,0.4843994752564138,-0.30000000000000027,0.5,rolling,7.589999999999883,-0.18155771339862475,1.6605480781229152,15,15,0,1.6683774393438204,0.26,0.4487989505128276,9.81,1,1,7,21,41,-3.0,3.0,0.01,30.0,60.0,1e-09,1e-12,6,0.0001,1,new simulation,nan
15,19,0.4843994752564138,-0.1499999999999999,0.5,rolling,7.559999999999883,-0.18428509523395764,1.6634763982129357,15,15,0,1.6683770068885675,0.26,0.4487989505128276,9.81,1,1,7,21,41,-3.0,3.0,0.01,30.0,60.0,1e-09,1e-12,6,0.0001,1,new simulation,nan
15,20,0.4843994752564138,0.0,0.5,rolling,7.529999999999884,-0.18251837504975574,1.6615751634087592,15,15,0,1.6683768624564557,0.26,0.4487989505128276,9.81,1,1,7,21,41,-3.0,3.0,0.01,30.0,60.0,1e-09,1e-12,6,0.0001,1,new simulation,nan
15,21,0.4843994752564138,0.1499999999999999,0.5,rolling,7.4999999999998845,-0.1745406391862346,1.6531897392549586,15,15,0,1.6683770069000436,0.26,0.4487989505128276,9.81,1,1,7,21,41,-3.0,3.0,0.01,30.0,60.0,1e-09,1e-12,6,0.0001,1,new simulation,nan
15,22,0.4843994752564138,0.2999999999999998,0.5,rolling,7.459999999999885,-0.176549837378421,1.6552706585063508,15,15,0,1.6683774412727468,0.26,0.4487989505128276,9.81,1,1,7,21,41,-3.0,3.0,0.01,30.0,60.0,1e-09,1e-12,6,0.0001,1,new simulation,nan
15,23,0.4843994752564138,0.44999999999999973,0.5,rolling,7.419999999999886,-0.17274226077351681,1.6513450235917513,15,15,0,1.6683781624213083,0.26,0.4487989505128276,9.81,1,1,7,21,41,-3.0,3.0,0.01,30.0,60.0,1e-09,1e-12,6,0.0001,1,new simulation,nan
15,24,0.4843994752564138,0.5999999999999996,0.5,rolling,7.369999999999887,-0.18110500158843787,1.6600657514043482,15,15,0,1.6683791729428536,0.26,0.4487989505128276,9.81,1,1,7,21,41,-3.0,3.0,0.01,30.0,60.0,1e-09,1e-12,6,0.0001,1,new simulation,nan
15,25,0.4843994752564138,0.75,0.5,rolling,7.319999999999888,-0.1867943922958669,1.666204173217498,15,15,0,1.6683804721515092,0.26,0.4487989505128276,9.81,1,1,7,21,41,-3.0,3.0,0.01,30.0,60.0,1e-09,1e-12,6,0.0001,1,new simulation,nan
15,26,0.4843994752564138,0.8999999999999999,0.5,rolling,7.279999999999889,-0.17475179352566486,1.6534076104542785,15,15,0,1.6683820612152773,0.26,0.4487989505128276,9.81,1,1,7,21,41,-3.0,3.0,0.01,30.0,60.0,1e-09,1e-12,6,0.0001,1,new simulation,nan
15,27,0.4843994752564138,1.0499999999999998,0.5,rolling,7.22999999999989,-0.17946515704817392,1.6583273935899279,15,15,0,1.6683839380011187,0.26,0.4487989505128276,9.81,1,1,7,21,41,-3.0,3.0,0.01,30.0,60.0,1e-09,1e-12,6,0.0001,1,new simulation,nan
15,28,0.4843994752564138,1.2000000000000002,0.5,rolling,7.179999999999891,-0.18531531937518772,1.664592700655613,15,15,0,1.6683861041594128,0.26,0.4487989505128276,9.81,1,1,7,21,41,-3.0,3.0,0.01,30.0,60.0,1e-09,1e-12,6,0.0001,1,new simulation,nan
15,29,0.4843994752564138,1.3499999999999996,0.5,rolling,7.139999999999892,-0.17631683026707534,1.6550286271904509,15,15,0,1.6683885594600711,0.26,0.4487989505128276,9.81,1,1,7,21,41,-3.0,3.0,0.01,30.0,60.0,1e-09,1e-12,6,0.0001,1,new simulation,nan
15,30,0.4843994752564138,1.5,0.5,rolling,6.6099999999999035,-0.17464197855593014,1.6532938538679187,14,14,0,1.6683666578506784,0.26,0.4487989505128276,9.81,1,1,7,21,41,-3.0,3.0,0.01,30.0,60.0,1e-09,1e-12,6,0.0001,1,new simulation,nan
15,31,0.4843994752564138,1.6499999999999995,0.5,rolling,6.559999999999905,-0.18671034583770194,1.6661120986668876,14,14,0,1.66837445823842,0.26,0.4487989505128276,9.81,1,1,7,21,41,-3.0,3.0,0.01,30.0,60.0,1e-09,1e-12,6,0.0001,1,new simulation,nan
15,32,0.4843994752564138,1.7999999999999998,0.5,rolling,6.519999999999905,-0.1845759497229173,1.6637911182310794,14,14,0,1.668383002509259,0.26,0.4487989505128276,9.81,1,1,7,21,41,-3.0,3.0,0.01,30.0,60.0,1e-09,1e-12,6,0.0001,1,new simulation,nan
15,33,0.4843994752564138,1.9500000000000002,0.5,rolling,5.9999999999999165,-0.17342897996228815,1.6520471650967656,13,13,0,1.6683691935253722,0.26,0.4487989505128276,9.81,1,1,7,21,41,-3.0,3.0,0.01,30.0,60.0,1e-09,1e-12,6,0.0001,1,new simulation,nan
15,34,0.4843994752564138,2.0999999999999996,0.5,rolling,5.469999999999928,-0.1811677964589465,1.6601325003333611,12,12,0,1.6683761536642576,0.26,0.4487989505128276,9.81,1,1,7,21,41,-3.0,3.0,0.01,30.0,60.0,1e-09,1e-12,6,0.0001,1,new simulation,nan
15,35,0.4843994752564138,2.25,0.5,rolling,5.429999999999929,-0.1859745167227307,1.6653116241821246,12,12,0,1.668447434725058,0.26,0.4487989505128276,9.81,1,1,7,21,41,-3.0,3.0,0.01,30.0,60.0,1e-09,1e-12,6,0.0001,1,new simulation,nan
15,36,0.4843994752564138,2.3999999999999995,0.5,rolling,6.369999999999909,-0.18251218228648497,1.6615700953164687,14,14,0,1.6684246049136888,0.26,0.4487989505128276,9.81,1,1,7,21,41,-3.0,3.0,0.01,30.0,60.0,1e-09,1e-12,6,0.0001,1,new simulation,nan
15,37,0.4843994752564138,2.55,0.5,rolling,6.339999999999909,-0.17483117194647707,1.6534913179846773,14,14,0,1.668436862671732,0.26,0.4487989505128276,9.81,1,1,7,21,41,-3.0,3.0,0.01,30.0,60.0,1e-09,1e-12,6,0.0001,1,new simulation,nan
15,38,0.4843994752564138,2.7,0.5,rolling,6.29999999999991,-0.1856165553142929,1.6649221261320766,14,14,0,1.6684498622786208,0.26,0.4487989505128276,9.81,1,1,7,21,41,-3.0,3.0,0.01,30.0,60.0,1e-09,1e-12,6,0.0001,1,new simulation,nan
15,39,0.4843994752564138,2.8499999999999996,0.5,rolling,6.7599999999999,-0.1763982144713249,1.655114591572542,15,15,0,1.6684289904157066,0.26,0.4487989505128276,9.81,1,1,7,21,41,-3.0,3.0,0.01,30.0,60.0,1e-09,1e-12,6,0.0001,1,new simulation,nan
15,40,0.4843994752564138,3.0,0.5,rolling,6.729999999999901,-0.1740406712973999,1.6526770879435728,15,15,0,1.6684346217098085,0.26,0.4487989505128276,9.81,1,1,7,21,41,-3.0,3.0,0.01,30.0,60.0,1e-09,1e-12,6,0.0001,1,new simulation,nan
16,0,0.5292793703076966,-3.0,0.6,rolling,8.109999999999872,-0.18032461190855525,1.6592366333993,16,15,1,1.6683776469507148,0.26,0.4487989505128276,9.81,1,1,7,21,41,-3.0,3.0,0.01,30.0,60.0,1e-09,1e-12,6,0.0001,1,new simulation,nan
16,1,0.5292793703076966,-2.85,0.6,rolling,8.129999999999871,-0.17597873481050877,1.6546769763107207,16,15,1,1.668375457335558,0.26,0.4487989505128276,9.81,1,1,7,21,41,-3.0,3.0,0.01,30.0,60.0,1e-09,1e-12,6,0.0001,1,new simulation,nan
16,2,0.5292793703076966,-2.7,0.6,rolling,8.16999999999987,-0.1793903852818065,1.6582481054301896,16,15,1,1.6683733803649659,0.26,0.4487989505128276,9.81,1,1,7,21,41,-3.0,3.0,0.01,30.0,60.0,1e-09,1e-12,6,0.0001,1,new simulation,nan
16,3,0.5292793703076966,-2.55,0.6,rolling,8.239999999999869,-0.1884007168267588,1.6679667502338846,16,15,1,1.6683714152586575,0.26,0.4487989505128276,9.81,1,1,7,21,41,-3.0,3.0,0.01,30.0,60.0,1e-09,1e-12,6,0.0001,1,new simulation,nan
16,4,0.5292793703076966,-2.4,0.6,rolling,8.379999999999866,-0.177211150098398,1.6559598901467651,16,15,1,1.668369563226631,0.26,0.4487989505128276,9.81,1,1,7,21,41,-3.0,3.0,0.01,30.0,60.0,1e-09,1e-12,6,0.0001,1,new simulation,nan
16,5,0.5292793703076966,-2.25,0.6,rolling,8.66999999999986,-0.18132893485016463,1.6603038577509786,16,15,1,1.668367823192214,0.26,0.4487989505128276,9.81,1,1,7,21,41,-3.0,3.0,0.01,30.0,60.0,1e-09,1e-12,6,0.0001,1,new simulation,nan
16,6,0.5292793703076966,-2.1,0.6,settled,0.7800000000000005,-0.18879895051282758,0.0,2,1,1,nan,0.26,0.4487989505128276,9.81,1,1,7,21,41,-3.0,3.0,0.01,30.0,60.0,1e-09,1e-12,6,0.0001,1,new simulation,nan
16,7,0.5292793703076966,-1.95,0.6,settled,0.8100000000000005,-0.18879895051282758,0.0,2,1,1,nan,0.26,0.4487989505128276,9.81,1,1,7,21,41,-3.0,3.0,0.01,30.0,60.0,1e-09,1e-12,6,0.0001,1,new simulation,nan
16,8,0.5292793703076966,-1.8,0.6,settled,0.9200000000000006,-0.18879895051282758,0.0,2,1,1,nan,0.26,0.4487989505128276,9.81,1,1,7,21,41,-3.0,3.0,0.01,30.0,60.0,1e-09,1e-12,6,0.0001,1,new simulation,nan
16,9,0.5292793703076966,-1.6500000000000001,0.6,settled,1.6200000000000012,-0.18879895051282758,0.0,2,1,1,nan,0.26,0.4487989505128276,9.81,1,1,7,21,41,-3.0,3.0,0.01,30.0,60.0,1e-09,1e-12,6,0.0001,1,new simulation,nan
16,10,0.5292793703076966,-1.5,0.6,rolling,8.119999999999871,-0.17298674418481436,1.651595163793867,15,15,0,1.6683885594451189,0.26,0.4487989505128276,9.81,1,1,7,21,41,-3.0,3.0,0.01,30.0,60.0,1e-09,1e-12,6,0.0001,1,new simulation,nan
16,11,0.5292793703076966,-1.35,0.6,rolling,7.909999999999876,-0.18572426100855052,1.6650371800259063,15,15,0,1.6683858164335896,0.26,0.4487989505128276,9.81,1,1,7,21,41,-3.0,3.0,0.01,30.0,60.0,1e-09,1e-12,6,0.0001,1,new simulation,nan
16,12,0.5292793703076966,-1.2000000000000002,0.6,rolling,7.809999999999878,-0.18355108761250935,1.6626847794292732,15,15,0,1.6683833610348178,0.26,0.4487989505128276,9.81,1,1,7,21,41,-3.0,3.0,0.01,30.0,60.0,1e-09,1e-12,6,0.0001,1,new simulation,nan
16,13,0.5292793703076966,-1.05,0.6,rolling,7.749999999999879,-0.1815127633912523,1.660500257567517,15,15,0,1.6683811949294665,0.26,0.4487989505128276,9.81,1,1,7,21,41,-3.0,3.0,0.01,30.0,60.0,1e-09,1e-12,6,0.0001,1,new simulation,nan
16,14,0.5292793703076966,-0.8999999999999999,0.6,rolling,7.70999999999988,-0.18183828103511432,1.6608476249204431,15,15,0,1.6683793187504863,0.26,0.4487989505128276,9.81,1,1,7,21,41,-3.0,3.0,0.01,30.0,60.0,1e-09,1e-12,6,0.0001,1,new simulation,nan
16,15,0.5292793703076966,-0.75,0.6,rolling,7.679999999999881,-0.1866413341446334,1.6660367914331464,15,15,0,1.668377729201932,0.26,0.4487989505128276,9.81,1,1,7,21,41,-3.0,3.0,0.01,30.0,60.0,1e-09,1e-12,6,0.0001,1,new simulation,nan
16,16,0.5292793703076966,-0.6000000000000001,0.6,rolling,7.659999999999881,-0.18694630399726359,1.6663701997005604,15,15,0,1.6683764305835043,0.26,0.4487989505128276,9.81,1,1,7,21,41,-3.0,3.0,0.01,30.0,60.0,1e-09,1e-12,6,0.0001,1,new simulation,nan
16,17,0.5292793703076966,-0.4500000000000002,0.6,rolling,7.649999999999881,-0.17587009755393482,1.6545642477010278,15,15,0,1.6683754193195306,0.26,0.4487989505128276,9.81,1,1,7,21,41,-3.0,3.0,0.01,30.0,60.0,1e-09,1e-12,6,0.0001,1,new simulation,nan
16,18,0.5292793703076966,-0.30000000000000027,0.6,rolling,7.629999999999882,-0.180597790131069,1.659526398522677,15,15,0,1.6683746976482876,0.26,0.4487989505128276,9.81,1,1,7,21,41,-3.0,3.0,0.01,30.0,60.0,1e-09,1e-12,6,0.0001,1,new simulation,nan
16,19,0.5292793703076966,-0.1499999999999999,0.6,rolling,7.609999999999882,-0.179304161080874,1.6581571370864079,15,15,0,1.6683742633071057,0.26,0.4487989505128276,9.81,1,1,7,21,41,-3.0,3.0,0.01,30.0,60.0,1e-09,1e-12,6,0.0001,1,new simulation,nan
16,20,0.5292793703076966,0.0,0.6,rolling,7.579999999999883,-0.1846523754758738,1.663873543461779,15,15,0,1.6683741192428838,0.26,0.4487989505128276,9.81,1,1,7,21,41,-3.0,3.0,0.01,30.0,60.0,1e-09,1e-12,6,0.0001,1,new simulation,nan
16,21,0.5292793703076966,0.1499999999999999,0.6,rolling,7.5499999999998835,-0.1781028886753646,1.6568933627111946,15,15,0,1.668374263904597,0.26,0.4487989505128276,9.81,1,1,7,21,41,-3.0,3.0,0.01,30.0,60.0,1e-09,1e-12,6,0.0001,1,new simulation,nan
16,22,0.5292793703076966,0.2999999999999998,0.6,rolling,7.509999999999884,-0.1765947880157575,1.6553173617013488,15,15,0,1.6683746969911286,0.26,0.4487989505128276,9.81,1,1,7,21,41,-3.0,3.0,0.01,30.0,60.0,1e-09,1e-12,6,0.0001,1,new simulation,nan
16,23,0.5292793703076966,0.44999999999999973,0.6,rolling,7.459999999999885,-0.1822636298548158,1.6613022926662646,15,15,0,1.6683754192055849,0.26,0.4487989505128276,9.81,1,1,7,21,41,-3.0,3.0,0.01,30.0,60.0,1e-09,1e-12,6,0.0001,1,new simulation,nan
16,24,0.5292793703076966,0.5999999999999996,0.6,rolling,7.4099999999998865,-0.18158105431705504,1.6605729463249845,15,15,0,1.6683764309539384,0.26,0.4487989505128276,9.81,1,1,7,21,41,-3.0,3.0,0.01,30.0,60.0,1e-09,1e-12,6,0.0001,1,new simulation,nan
16,25,0.5292793703076966,0.75,0.6,rolling,7.3599999999998875,-0.17761535960266447,1.6563827063002385,15,15,0,1.6683777299126765,0.26,0.4487989505128276,9.81,1,1,7,21,41,-3.0,3.0,0.01,30.0,60.0,1e-09,1e-12,6,0.0001,1,new simulation,nan
16,26,0.5292793703076966,0.8999999999999999,0.6,rolling,7.309999999999889,-0.17290889155894512,1.6515152815177072,15,15,0,1.668379317448937,0.26,0.4487989505128276,9.81,1,1,7,21,41,-3.0,3.0,0.01,30.0,60.0,1e-09,1e-12,6,0.0001,1,new simulation,nan
16,27,0.5292793703076966,1.0499999999999998,0.6,rolling,7.24999999999989,-0.18583361614034044,1.6651560321666927,15,15,0,1.6683811948996985,0.26,0.4487989505128276,9.81,1,1,7,21,41,-3.0,3.0,0.01,30.0,60.0,1e-09,1e-12,6,0.0001,1,new simulation,nan
16,28,0.5292793703076966,1.2000000000000002,0.6,rolling,7.199999999999891,-0.1843860058691417,1.6635856794244497,15,15,0,1.6683833605142973,0.26,0.4487989505128276,9.81,1,1,7,21,41,-3.0,3.0,0.01,30.0,60.0,1e-09,1e-12,6,0.0001,1,new simulation,nan
16,29,0.5292793703076966,1.3499999999999996,0.6,rolling,7.149999999999892,-0.18580849563702767,1.6651288420434927,15,15,0,1.6683858158766232,0.26,0.4487989505128276,9.81,1,1,7,21,41,-3.0,3.0,0.01,30.0,60.0,1e-09,1e-12,6,0.0001,1,new simulation,nan
16,30,0.5292793703076966,1.5,0.6,rolling,7.109999999999893,-0.17378950516886366,1.6524175678781183,15,15,0,1.6683885593316656,0.26,0.4487989505128276,9.81,1,1,7,21,41,-3.0,3.0,0.01,30.0,60.0,1e-09,1e-12,6,0.0001,1,new simulation,nan
16,31,0.5292793703076966,1.6499999999999995,0.6,rolling,6.569999999999904,-0.18675301937412223,1.6661585131041325,14,14,0,1.6683674018165782,0.26,0.4487989505128276,9.81,1,1,7,21,41,-3.0,3.0,0.01,30.0,60.0,1e-09,1e-12,6,0.0001,1,new simulation,nan
16,32,0.5292793703076966,1.7999999999999998,0.6,rolling,6.529999999999905,-0.18107642527501677,1.6600352313532472,14,14,0,1.6683759457973462,0.26,0.4487989505128276,9.81,1,1,7,21,41,-3.0,3.0,0.01,30.0,60.0,1e-09,1e-12,6,0.0001,1,new simulation,nan
16,33,0.5292793703076966,1.9500000000000002,0.6,rolling,6.489999999999906,-0.17841446678574585,1.6572207993127912,14,14,0,1.6683852324795512,0.26,0.4487989505128276,9.81,1,1,7,21,41,-3.0,3.0,0.01,30.0,60.0,1e-09,1e-12,6,0.0001,1,new simulation,nan
16,34,0.5292793703076966,2.0999999999999996,0.6,rolling,5.959999999999917,-0.18375615841038936,1.6629055132128925,13,13,0,1.66837684293657,0.26,0.4487989505128276,9.81,1,1,7,21,41,-3.0,3.0,0.01,30.0,60.0,1e-09,1e-12,6,0.0001,1,new simulation,nan
16,35,0.5292793703076966,2.25,0.6,rolling,4.459999999999949,-0.1855011791571679,1.6647939432160177,10,10,0,1.6683657508110394,0.26,0.4487989505128276,9.81,1,1,7,21,41,-3.0,3.0,0.01,30.0,60.0,1e-09,1e-12,6,0.0001,1,new simulation,nan
16,36,0.5292793703076966,2.3999999999999995,0.6,rolling,5.889999999999919,-0.1752045148509281,1.6538768741526535,13,13,0,1.6684341742516695,0.26,0.4487989505128276,9.81,1,1,7,21,41,-3.0,3.0,0.01,30.0,60.0,1e-09,1e-12,6,0.0001,1,new simulation,nan
16,37,0.5292793703076966,2.55,0.6,rolling,6.339999999999909,-0.17753142547892897,1.6562966092574958,14,14,0,1.668429806753032,0.26,0.4487989505128276,9.81,1,1,7,21,41,-3.0,3.0,0.01,30.0,60.0,1e-09,1e-12,6,0.0001,1,new simulation,nan
16,38,0.5292793703076966,2.7,0.6,rolling,6.29999999999991,-0.18716435222182634,1.6666110703162855,14,14,0,1.668442807054627,0.26,0.4487989505128276,9.81,1,1,7,21,41,-3.0,3.0,0.01,30.0,60.0,1e-09,1e-12,6,0.0001,1,new simulation,nan
16,39,0.5292793703076966,2.8499999999999996,0.6,rolling,6.7599999999999,-0.17695786376817385,1.6556974094354793,15,15,0,1.668426247700306,0.26,0.4487989505128276,9.81,1,1,7,21,41,-3.0,3.0,0.01,30.0,60.0,1e-09,1e-12,6,0.0001,1,new simulation,nan
16,40,0.5292793703076966,3.0,0.6,rolling,6.729999999999901,-0.17377426758155728,1.652403354498064,15,15,0,1.6684318787073726,0.26,0.4487989505128276,9.81,1,1,7,21,41,-3.0,3.0,0.01,30.0,60.0,1e-09,1e-12,6,0.0001,1,new simulation,nan
17,0,0.5741592653589793,-3.0,0.7,rolling,8.129999999999871,-0.18257842968566299,1.6616395164300997,16,15,1,1.6683764953406504,0.26,0.4487989505128276,9.81,1,1,7,21,41,-3.0,3.0,0.01,30.0,60.0,1e-09,1e-12,6,0.0001,1,new simulation,nan
17,1,0.5741592653589793,-2.85,0.7,rolling,8.15999999999987,-0.1852755801450712,1.6645491661422729,16,15,1,1.6683743056237512,0.26,0.4487989505128276,9.81,1,1,7,21,41,-3.0,3.0,0.01,30.0,60.0,1e-09,1e-12,6,0.0001,1,new simulation,nan
17,2,0.5741592653589793,-2.7,0.7,rolling,8.21999999999987,-0.1885649532711864,1.6681477564968616,16,15,1,1.668372228706507,0.26,0.4487989505128276,9.81,1,1,7,21,41,-3.0,3.0,0.01,30.0,60.0,1e-09,1e-12,6,0.0001,1,new simulation,nan
17,3,0.5741592653589793,-2.55,0.7,rolling,8.329999999999867,-0.18828135861720613,1.6678352753396626,16,15,1,1.668370264302191,0.26,0.4487989505128276,9.81,1,1,7,21,41,-3.0,3.0,0.01,30.0,60.0,1e-09,1e-12,6,0.0001,1,new simulation,nan
17,4,0.5741592653589793,-2.4,0.7,rolling,8.549999999999862,-0.18523794684046682,1.6645081172920333,16,15,1,1.668368411651162,0.26,0.4487989505128276,9.81,1,1,7,21,41,-3.0,3.0,0.01,30.0,60.0,1e-09,1e-12,6,0.0001,1,new simulation,nan
17,5,0.5741592653589793,-2.25,0.7,settled,0.7900000000000005,-0.18879895051282758,0.0,2,1,1,nan,0.26,0.4487989505128276,9.81,1,1,7,21,41,-3.0,3.0,0.01,30.0,60.0,1e-09,1e-12,6,0.0001,1,new simulation,nan
17,6,0.5741592653589793,-2.1,0.7,settled,0.8200000000000005,-0.18879895051282758,0.0,2,1,1,nan,0.26,0.4487989505128276,9.81,1,1,7,21,41,-3.0,3.0,0.01,30.0,60.0,1e-09,1e-12,6,0.0001,1,new simulation,nan
17,7,0.5741592653589793,-1.95,0.7,settled,0.9100000000000006,-0.18879895051282758,0.0,2,1,1,nan,0.26,0.4487989505128276,9.81,1,1,7,21,41,-3.0,3.0,0.01,30.0,60.0,1e-09,1e-12,6,0.0001,1,new simulation,nan
17,8,0.5741592653589793,-1.8,0.7,settled,1.380000000000001,-0.18879895051282758,0.0,2,1,1,nan,0.26,0.4487989505128276,9.81,1,1,7,21,41,-3.0,3.0,0.01,30.0,60.0,1e-09,1e-12,6,0.0001,1,new simulation,nan
17,9,0.5741592653589793,-1.6500000000000001,0.7,rolling,8.14999999999987,-0.1833529388690356,1.6624716664006742,15,15,0,1.6683886307635172,0.26,0.4487989505128276,9.81,1,1,7,21,41,-3.0,3.0,0.01,30.0,60.0,1e-09,1e-12,6,0.0001,1,new simulation,nan
17,10,0.5741592653589793,-1.5,0.7,rolling,7.929999999999875,-0.18683510621545338,1.6662488610775166,15,15,0,1.6683855973813675,0.26,0.4487989505128276,9.81,1,1,7,21,41,-3.0,3.0,0.01,30.0,60.0,1e-09,1e-12,6,0.0001,1,new simulation,nan
17,11,0.5741592653589793,-1.35,0.7,rolling,7.8299999999998775,-0.18277202938790008,1.661847347115492,15,15,0,1.6683828544023591,0.26,0.4487989505128276,9.81,1,1,7,21,41,-3.0,3.0,0.01,30.0,60.0,1e-09,1e-12,6,0.0001,1,new simulation,nan
17,12,0.5741592653589793,-1.2000000000000002,0.7,rolling,7.769999999999879,-0.18640332699061807,1.6657769717781363,15,15,0,1.668380399351368,0.26,0.4487989505128276,9.81,1,1,7,21,41,-3.0,3.0,0.01,30.0,60.0,1e-09,1e-12,6,0.0001,1,new simulation,nan
17,13,0.5741592653589793,-1.05,0.7,rolling,7.739999999999879,-0.18112937964704942,1.6600916698178925,15,15,0,1.6683782330590928,0.26,0.4487989505128276,9.81,1,1,7,21,41,-3.0,3.0,0.01,30.0,60.0,1e-09,1e-12,6,0.0001,1,new simulation,nan
17,14,0.5741592653589793,-0.8999999999999999,0.7,rolling,7.71999999999988,-0.18570187330652377,1.6650125132587599,15,15,0,1.668376355418325,0.26,0.4487989505128276,9.81,1,1,7,21,41,-3.0,3.0,0.01,30.0,60.0,1e-09,1e-12,6,0.0001,1,new simulation,nan
17,15,0.5741592653589793,-0.75,0.7,rolling,7.71999999999988,-0.17504332830978883,1.6537083285522642,15,15,0,1.6683747675991996,0.26,0.4487989505128276,9.81,1,1,7,21,41,-3.0,3.0,0.01,30.0,60.0,1e-09,1e-12,6,0.0001,1,new simulation,nan
17,16,0.5741592653589793,-0.6000000000000001,0.7,rolling,7.71999999999988,-0.1756316731347709,1.65431699483338,15,15,0,1.6683734678871043,0.26,0.4487989505128276,9.81,1,1,7,21,41,-3.0,3.0,0.01,30.0,60.0,1e-09,1e-12,6,0.0001,1,new simulation,nan
17,17,0.5741592653589793,-0.4500000000000002,0.7,rolling,7.71999999999988,-0.18041769161054422,1.659335183185992,15,15,0,1.6683724568904668,0.26,0.4487989505128276,9.81,1,1,7,21,41,-3.0,3.0,0.01,30.0,60.0,1e-09,1e-12,6,0.0001,1,new simulation,nan
17,18,0.5741592653589793,-0.30000000000000027,0.7,rolling,7.71999999999988,-0.181055616754875,1.6600129502759737,15,15,0,1.6683717351091258,0.26,0.4487989505128276,9.81,1,1,7,21,41,-3.0,3.0,0.01,30.0,60.0,1e-09,1e-12,6,0.0001,1,new simulation,nan
17,19,0.5741592653589793,-0.1499999999999999,0.7,rolling,7.70999999999988,-0.18484672059244867,1.6640839295451455,15,15,0,1.6683713024466817,0.26,0.4487989505128276,9.81,1,1,7,21,41,-3.0,3.0,0.01,30.0,60.0,1e-09,1e-12,6,0.0001,1,new simulation,nan
17,20,0.5741592653589793,0.0,0.7,rolling,7.6899999999998805,-0.18375173142218437,1.6629005567840631,15,15,0,1.668371157601177,0.26,0.4487989505128276,9.81,1,1,7,21,41,-3.0,3.0,0.01,30.0,60.0,1e-09,1e-12,6,0.0001,1,new simulation,nan
17,21,0.5741592653589793,0.1499999999999999,0.7,rolling,7.659999999999881,-0.1741859242931258,1.6528243548143393,15,15,0,1.668371301496064,0.26,0.4487989505128276,9.81,1,1,7,21,41,-3.0,3.0,0.01,30.0,60.0,1e-09,1e-12,6,0.0001,1,new simulation,nan
17,22,0.5741592653589793,0.2999999999999998,0.7,rolling,7.609999999999882,-0.17507655796710664,1.6537425603961347,15,15,0,1.6683717343399957,0.26,0.4487989505128276,9.81,1,1,7,21,41,-3.0,3.0,0.01,30.0,60.0,1e-09,1e-12,6,0.0001,1,new simulation,nan
17,23,0.5741592653589793,0.44999999999999973,0.7,rolling,7.5499999999998835,-0.17650081230892967,1.6552194703620147,15,15,0,1.6683724574890324,0.26,0.4487989505128276,9.81,1,1,7,21,41,-3.0,3.0,0.01,30.0,60.0,1e-09,1e-12,6,0.0001,1,new simulation,nan
17,24,0.5741592653589793,0.5999999999999996,0.7,rolling,7.479999999999885,-0.18613299192733482,1.665481883700708,15,15,0,1.6683734682213298,0.26,0.4487989505128276,9.81,1,1,7,21,41,-3.0,3.0,0.01,30.0,60.0,1e-09,1e-12,6,0.0001,1,new simulation,nan
17,25,0.5741592653589793,0.75,0.7,rolling,7.419999999999886,-0.17701926626143014,1.6557597692597024,15,15,0,1.6683747674619749,0.26,0.4487989505128276,9.81,1,1,7,21,41,-3.0,3.0,0.01,30.0,60.0,1e-09,1e-12,6,0.0001,1,new simulation,nan
17,26,0.5741592653589793,0.8999999999999999,0.7,rolling,7.349999999999888,-0.18647824085187165,1.6658586140794756,15,15,0,1.6683763557755806,0.26,0.4487989505128276,9.81,1,1,7,21,41,-3.0,3.0,0.01,30.0,60.0,1e-09,1e-12,6,0.0001,1,new simulation,nan
17,27,0.5741592653589793,1.0499999999999998,0.7,rolling,7.289999999999889,-0.1835395346665824,1.6626721718060071,15,15,0,1.668378233518628,0.26,0.4487989505128276,9.81,1,1,7,21,41,-3.0,3.0,0.01,30.0,60.0,1e-09,1e-12,6,0.0001,1,new simulation,nan
17,28,0.5741592653589793,1.2000000000000002,0.7,rolling,7.22999999999989,-0.18580787961593517,1.665127994222178,15,15,0,1.6683804000884244,0.26,0.4487989505128276,9.81,1,1,7,21,41,-3.0,3.0,0.01,30.0,60.0,1e-09,1e-12,6,0.0001,1,new simulation,nan
17,29,0.5741592653589793,1.3499999999999996,0.7,rolling,7.179999999999891,-0.17688911013958683,1.6556242820667304,15,15,0,1.6683828541091066,0.26,0.4487989505128276,9.81,1,1,7,21,41,-3.0,3.0,0.01,30.0,60.0,1e-09,1e-12,6,0.0001,1,new simulation,nan
17,30,0.5741592653589793,1.5,0.7,rolling,7.129999999999892,-0.17323118707171142,1.6518451341302787,15,15,0,1.6683855980143667,0.26,0.4487989505128276,9.81,1,1,7,21,41,-3.0,3.0,0.01,30.0,60.0,1e-09,1e-12,6,0.0001,1,new simulation,nan
17,31,0.5741592653589793,1.6499999999999995,0.7,rolling,7.0799999999998935,-0.1744384466059712,1.6530848430805212,15,15,0,1.6683886300822728,0.26,0.4487989505128276,9.81,1,1,7,21,41,-3.0,3.0,0.01,30.0,60.0,1e-09,1e-12,6,0.0001,1,new simulation,nan
17,32,0.5741592653589793,1.7999999999999998,0.7,rolling,6.539999999999905,-0.18528345426911771,1.6645575191591646,14,14,0,1.6683683267048115,0.26,0.4487989505128276,9.81,1,1,7,21,41,-3.0,3.0,0.01,30.0,60.0,1e-09,1e-12,6,0.0001,1,new simulation,nan
17,33,0.5741592653589793,1.9500000000000002,0.7,rolling,6.499999999999906,-0.17838205664589235,1.6571865014821434,14,14,0,1.668377612914913,0.26,0.4487989505128276,9.81,1,1,7,21,41,-3.0,3.0,0.01,30.0,60.0,1e-09,1e-12,6,0.0001,1,new simulation,nan
17,34,0.5741592653589793,2.0999999999999996,0.7,rolling,6.459999999999907,-0.17512299596500702,1.6537910725198433,14,14,0,1.668387642722332,0.26,0.4487989505128276,9.81,1,1,7,21,41,-3.0,3.0,0.01,30.0,60.0,1e-09,1e-12,6,0.0001,1,new simulation,nan
17,35,0.5741592653589793,2.25,0.7,rolling,5.929999999999918,-0.1802946626322278,1.6592051156740841,13,13,0,1.668384954306111,0.26,0.4487989505128276,9.81,1,1,7,21,41,-3.0,3.0,0.01,30.0,60.0,1e-09,1e-12,6,0.0001,1,new simulation,nan
17,36,0.5741592653589793,2.3999999999999995,0.7,rolling,5.399999999999929,-0.18844538884771095,1.6680177657823625,12,12,0,1.6684265278393868,0.26,0.4487989505128276,9.81,1,1,7,21,41,-3.0,3.0,0.01,30.0,60.0,1e-09,1e-12,6,0.0001,1,new simulation,nan
17,37,0.5741592653589793,2.55,0.7,rolling,5.8599999999999195,-0.1722906557449081,1.6508866675370948,13,13,0,1.668446108344451,0.26,0.4487989505128276,9.81,1,1,7,21,41,-3.0,3.0,0.01,30.0,60.0,1e-09,1e-12,6,0.0001,1,new simulation,nan
17,38,0.5741592653589793,2.7,0.7,rolling,6.30999999999991,-0.1751425590360023,1.6538128605446043,14,14,0,1.6684351881832997,0.26,0.4487989505128276,9.81,1,1,7,21,41,-3.0,3.0,0.01,30.0,60.0,1e-09,1e-12,6,0.0001,1,new simulation,nan
17,39,0.5741592653589793,2.8499999999999996,0.7,rolling,6.269999999999911,-0.1854008420300647,1.6646876448511558,14,14,0,1.6684489315683024,0.26,0.4487989505128276,9.81,1,1,7,21,41,-3.0,3.0,0.01,30.0,60.0,1e-09,1e-12,6,0.0001,1,new simulation,nan
17,40,0.5741592653589793,3.0,0.7,rolling,6.729999999999901,-0.1759142879367328,1.6546118574113062,15,15,0,1.668428916914511,0.26,0.4487989505128276,9.81,1,1,7,21,41,-3.0,3.0,0.01,30.0,60.0,1e-09,1e-12,6,0.0001,1,new simulation,nan
18,0,0.6190391604102621,-3.0,0.8,rolling,8.15999999999987,-0.18186727132551306,1.660878460337274,16,15,1,1.6683752611809612,0.26,0.4487989505128276,9.81,1,1,7,21,41,-3.0,3.0,0.01,30.0,60.0,1e-09,1e-12,6,0.0001,1,new simulation,nan
18,1,0.6190391604102621,-2.85,0.8,rolling,8.20999999999987,-0.18197697997538725,1.6609956174703207,16,15,1,1.6683730712663485,0.26,0.4487989505128276,9.81,1,1,7,21,41,-3.0,3.0,0.01,30.0,60.0,1e-09,1e-12,6,0.0001,1,new simulation,nan
18,2,0.6190391604102621,-2.7,0.8,rolling,8.299999999999867,-0.1843398845618715,1.6635354152324477,16,15,1,1.6683709941590041,0.26,0.4487989505128276,9.81,1,1,7,21,41,-3.0,3.0,0.01,30.0,60.0,1e-09,1e-12,6,0.0001,1,new simulation,nan
18,3,0.6190391604102621,-2.55,0.8,rolling,8.479999999999864,-0.17272163922628334,1.6513236667981266,16,15,1,1.668369030276984,0.26,0.4487989505128276,9.81,1,1,7,21,41,-3.0,3.0,0.01,30.0,60.0,1e-09,1e-12,6,0.0001,1,new simulation,nan
18,4,0.6190391604102621,-2.4,0.8,rolling,9.009999999999852,-0.18239795518361154,1.6614458385463182,16,15,1,1.6683671770756945,0.26,0.4487989505128276,9.81,1,1,7,21,41,-3.0,3.0,0.01,30.0,60.0,1e-09,1e-12,6,0.0001,1,new simulation,nan
18,5,0.6190391604102621,-2.25,0.8,settled,0.8300000000000005,-0.18879895051282758,0.0,2,1,1,nan,0.26,0.4487989505128276,9.81,1,1,7,21,41,-3.0,3.0,0.01,30.0,60.0,1e-09,1e-12,6,0.0001,1,new simulation,nan
18,6,0.6190391604102621,-2.1,0.8,settled,0.9100000000000006,-0.18879895051282758,0.0,2,1,1,nan,0.26,0.4487989505128276,9.81,1,1,7,21,41,-3.0,3.0,0.01,30.0,60.0,1e-09,1e-12,6,0.0001,1,new simulation,nan
18,7,0.6190391604102621,-1.95,0.8,settled,1.2500000000000009,-0.18879895051282758,0.0,2,1,1,nan,0.26,0.4487989505128276,9.81,1,1,7,21,41,-3.0,3.0,0.01,30.0,60.0,1e-09,1e-12,6,0.0001,1,new simulation,nan
18,8,0.6190391604102621,-1.8,0.8,rolling,8.18999999999987,-0.18782695134528446,1.667336135657843,15,15,0,1.668388776095861,0.26,0.4487989505128276,9.81,1,1,7,21,41,-3.0,3.0,0.01,30.0,60.0,1e-09,1e-12,6,0.0001,1,new simulation,nan
18,9,0.6190391604102621,-1.6500000000000001,0.8,rolling,7.959999999999875,-0.17330094486948514,1.651916550409591,15,15,0,1.6683854553753197,0.26,0.4487989505128276,9.81,1,1,7,21,41,-3.0,3.0,0.01,30.0,60.0,1e-09,1e-12,6,0.0001,1,new simulation,nan
18,10,0.6190391604102621,-1.5,0.8,rolling,7.849999999999877,-0.18243120688156456,1.6614819542703594,15,15,0,1.6683824233052018,0.26,0.4487989505128276,9.81,1,1,7,21,41,-3.0,3.0,0.01,30.0,60.0,1e-09,1e-12,6,0.0001,1,new simulation,nan
18,11,0.6190391604102621,-1.35,0.8,rolling,7.799999999999878,-0.17514518324138115,1.6538137414524499,15,15,0,1.668379679019158,0.26,0.4487989505128276,9.81,1,1,7,21,41,-3.0,3.0,0.01,30.0,60.0,1e-09,1e-12,6,0.0001,1,new simulation,nan
18,12,0.6190391604102621,-1.2000000000000002,0.8,rolling,7.769999999999879,-0.1824734472459037,1.6615270358180958,15,15,0,1.6683772248830968,0.26,0.4487989505128276,9.81,1,1,7,21,41,-3.0,3.0,0.01,30.0,60.0,1e-09,1e-12,6,0.0001,1,new simulation,nan
18,13,0.6190391604102621,-1.05,0.8,rolling,7.769999999999879,-0.17462257499734793,1.6532741258364798,15,15,0,1.6683750584320973,0.26,0.4487989505128276,9.81,1,1,7,21,41,-3.0,3.0,0.01,30.0,60.0,1e-09,1e-12,6,0.0001,1,new simulation,nan
18,14,0.6190391604102621,-0.8999999999999999,0.8,rolling,7.779999999999879,-0.1793697448495386,1.6582263118686642,15,15,0,1.6683731812692537,0.26,0.4487989505128276,9.81,1,1,7,21,41,-3.0,3.0,0.01,30.0,60.0,1e-09,1e-12,6,0.0001,1,new simulation,nan
18,15,0.6190391604102621,-0.75,0.8,rolling,7.809999999999878,-0.178219391077238,1.6570155126990427,15,15,0,1.668371592403788,0.26,0.4487989505128276,9.81,1,1,7,21,41,-3.0,3.0,0.01,30.0,60.0,1e-09,1e-12,6,0.0001,1,new simulation,nan
18,16,0.6190391604102621,-0.6000000000000001,0.8,rolling,7.849999999999877,-0.18680848534284455,1.6662192516089602,15,15,0,1.6683702935725593,0.26,0.4487989505128276,9.81,1,1,7,21,41,-3.0,3.0,0.01,30.0,60.0,1e-09,1e-12,6,0.0001,1,new simulation,nan
18,17,0.6190391604102621,-0.4500000000000002,0.8,rolling,7.909999999999876,-0.1852839125799539,1.6645580472627381,15,15,0,1.6683692826822785,0.26,0.4487989505128276,9.81,1,1,7,21,41,-3.0,3.0,0.01,30.0,60.0,1e-09,1e-12,6,0.0001,1,new simulation,nan
18,18,0.6190391604102621,-0.30000000000000027,0.8,rolling,7.979999999999874,-0.17801003489534908,1.656795800303259,15,15,0,1.6683685599792841,0.26,0.4487989505128276,9.81,1,1,7,21,41,-3.0,3.0,0.01,30.0,60.0,1e-09,1e-12,6,0.0001,1,new simulation,nan
18,19,0.6190391604102621,-0.1499999999999999,0.8,rolling,8.029999999999873,-0.18203944290847662,1.6610622299909894,15,15,0,1.668368127209902,0.26,0.4487989505128276,9.81,1,1,7,21,41,-3.0,3.0,0.01,30.0,60.0,1e-09,1e-12,6,0.0001,1,new simulation,nan
18,20,0.6190391604102621,0.0,0.8,rolling,8.039999999999873,-0.17607635418925247,1.654778078529506,15,15,0,1.668367982449376,0.26,0.4487989505128276,9.81,1,1,7,21,41,-3.0,3.0,0.01,30.0,60.0,1e-09,1e-12,6,0.0001,1,new simulation,nan
18,21,0.6190391604102621,0.1499999999999999,0.8,rolling,7.979999999999874,-0.17739405546982778,1.6561509419069678,15,15,0,1.6683681271132267,0.26,0.4487989505128276,9.81,1,1,7,21,41,-3.0,3.0,0.01,30.0,60.0,1e-09,1e-12,6,0.0001,1,new simulation,nan
18,22,0.6190391604102621,0.2999999999999998,0.8,rolling,7.869999999999877,-0.18432190322303127,1.663515900032409,15,15,0,1.6683685601128337,0.26,0.4487989505128276,9.81,1,1,7,21,41,-3.0,3.0,0.01,30.0,60.0,1e-09,1e-12,6,0.0001,1,new simulation,nan
18,23,0.6190391604102621,0.44999999999999973,0.8,rolling,7.749999999999879,-0.18389225758605227,1.6630520219078522,15,15,0,1.6683692825084482,0.26,0.4487989505128276,9.81,1,1,7,21,41,-3.0,3.0,0.01,30.0,60.0,1e-09,1e-12,6,0.0001,1,new simulation,nan
18,24,0.6190391604102621,0.5999999999999996,0.8,rolling,7.6399999999998816,-0.17441516009782973,1.653060255912209,15,15,0,1.6683702928405157,0.26,0.4487989505128276,9.81,1,1,7,21,41,-3.0,3.0,0.01,30.0,60.0,1e-09,1e-12,6,0.0001,1,new simulation,nan
18,25,0.6190391604102621,0.75,0.8,rolling,7.529999999999884,-0.18314435433566556,1.6622468058083002,15,15,0,1.668371592539885,0.26,0.4487989505128276,9.81,1,1,7,21,41,-3.0,3.0,0.01,30.0,60.0,1e-09,1e-12,6,0.0001,1,new simulation,nan
18,26,0.6190391604102621,0.8999999999999999,0.8,rolling,7.439999999999886,-0.1780615204753598,1.6568499399680872,15,15,0,1.6683731808579791,0.26,0.4487989505128276,9.81,1,1,7,21,41,-3.0,3.0,0.01,30.0,60.0,1e-09,1e-12,6,0.0001,1,new simulation,nan
18,27,0.6190391604102621,1.0499999999999998,0.8,rolling,7.3599999999998875,-0.17372432568620705,1.6523502236320344,15,15,0,1.6683750591301154,0.26,0.4487989505128276,9.81,1,1,7,21,41,-3.0,3.0,0.01,30.0,60.0,1e-09,1e-12,6,0.0001,1,new simulation,nan
18,28,0.6190391604102621,1.2000000000000002,0.8,rolling,7.279999999999889,-0.18398578272359808,1.6631531823925942,15,15,0,1.6683772249345383,0.26,0.4487989505128276,9.81,1,1,7,21,41,-3.0,3.0,0.01,30.0,60.0,1e-09,1e-12,6,0.0001,1,new simulation,nan
18,29,0.6190391604102621,1.3499999999999996,0.8,rolling,7.2199999999998905,-0.17318049580954195,1.6517930563251424,15,15,0,1.6683796795986223,0.26,0.4487989505128276,9.81,1,1,7,21,41,-3.0,3.0,0.01,30.0,60.0,1e-09,1e-12,6,0.0001,1,new simulation,nan
18,30,0.6190391604102621,1.5,0.8,rolling,7.159999999999892,-0.17234132688046566,1.6509361909446685,15,15,0,1.6683824239293947,0.26,0.4487989505128276,9.81,1,1,7,21,41,-3.0,3.0,0.01,30.0,60.0,1e-09,1e-12,6,0.0001,1,new simulation,nan
18,31,0.6190391604102621,1.6499999999999995,0.8,rolling,7.099999999999893,-0.17973642598596937,1.6586140798796734,15,15,0,1.66838545522074,0.26,0.4487989505128276,9.81,1,1,7,21,41,-3.0,3.0,0.01,30.0,60.0,1e-09,1e-12,6,0.0001,1,new simulation,nan
18,32,0.6190391604102621,1.7999999999999998,0.8,rolling,7.049999999999894,-0.17745390444718845,1.656214188358414,15,15,0,1.6683887772796375,0.26,0.4487989505128276,9.81,1,1,7,21,41,-3.0,3.0,0.01,30.0,60.0,1e-09,1e-12,6,0.0001,1,new simulation,nan
18,33,0.6190391604102621,1.9500000000000002,0.8,rolling,6.509999999999906,-0.186164605139901,1.6655162135131771,14,14,0,1.6683694458867517,0.26,0.4487989505128276,9.81,1,1,7,21,41,-3.0,3.0,0.01,30.0,60.0,1e-09,1e-12,6,0.0001,1,new simulation,nan
18,34,0.6190391604102621,2.0999999999999996,0.8,rolling,6.4699999999999065,-0.17803204668936523,1.6568192400619617,14,14,0,1.668379476564299,0.26,0.4487989505128276,9.81,1,1,7,21,41,-3.0,3.0,0.01,30.0,60.0,1e-09,1e-12,6,0.0001,1,new simulation,nan
18,35,0.6190391604102621,2.25,0.8,rolling,5.939999999999918,-0.17934269285559748,1.6581974591624866,13,13,0,1.6683639454585446,0.26,0.4487989505128276,9.81,1,1,7,21,41,-3.0,3.0,0.01,30.0,60.0,1e-09,1e-12,6,0.0001,1,new simulation,nan
18,36,0.6190391604102621,2.3999999999999995,0.8,rolling,5.409999999999929,-0.18436033418085354,1.6635575689236406,12,12,0,1.6683724860316727,0.26,0.4487989505128276,9.81,1,1,7,21,41,-3.0,3.0,0.01,30.0,60.0,1e-09,1e-12,6,0.0001,1,new simulation,nan
18,37,0.6190391604102621,2.55,0.8,rolling,5.8599999999999195,-0.18225875659120735,1.6612987058852737,13,13,0,1.66842510057635,0.26,0.4487989505128276,9.81,1,1,7,21,41,-3.0,3.0,0.01,30.0,60.0,1e-09,1e-12,6,0.0001,1,new simulation,nan
18,38,0.6190391604102621,2.7,0.8,rolling,6.30999999999991,-0.18303875176616666,1.6621351478566635,14,14,0,1.6684270216971846,0.26,0.4487989505128276,9.81,1,1,7,21,41,-3.0,3.0,0.01,30.0,60.0,1e-09,1e-12,6,0.0001,1,new simulation,nan
18,39,0.6190391604102621,2.8499999999999996,0.8,rolling,6.2799999999999105,-0.1749824561873942,1.6536476292674325,14,14,0,1.6684407659094636,0.26,0.4487989505128276,9.81,1,1,7,21,41,-3.0,3.0,0.01,30.0,60.0,1e-09,1e-12,6,0.0001,1,new simulation,nan
18,40,0.6190391604102621,3.0,0.8,rolling,6.729999999999901,-0.1806362664779282,1.6595689328227707,15,15,0,1.6684257422872626,0.26,0.4487989505128276,9.81,1,1,7,21,41,-3.0,3.0,0.01,30.0,60.0,1e-09,1e-12,6,0.0001,1,new simulation,nan
19,0,0.6639190554615448,-3.0,0.9,rolling,8.19999999999987,-0.18347316727678165,1.6626005740516996,16,15,1,1.66837394616726,0.26,0.4487989505128276,9.81,1,1,7,21,41,-3.0,3.0,0.01,30.0,60.0,1e-09,1e-12,6,0.0001,1,new simulation,nan
19,1,0.6639190554615448,-2.85,0.9,rolling,8.279999999999868,-0.1769321962863832,1.6556688463389442,16,15,1,1.6683717578859143,0.26,0.4487989505128276,9.81,1,1,7,21,41,-3.0,3.0,0.01,30.0,60.0,1e-09,1e-12,6,0.0001,1,new simulation,nan
19,2,0.6639190554615448,-2.7,0.9,rolling,8.419999999999865,-0.17937977264805724,1.6582367801879419,16,15,1,1.6683696796491476,0.26,0.4487989505128276,9.81,1,1,7,21,41,-3.0,3.0,0.01,30.0,60.0,1e-09,1e-12,6,0.0001,1,new simulation,nan
19,3,0.6639190554615448,-2.55,0.9,rolling,8.759999999999858,-0.1813062430870173,1.660279676438494,16,15,1,1.668367715388569,0.26,0.4487989505128276,9.81,1,1,7,21,41,-3.0,3.0,0.01,30.0,60.0,1e-09,1e-12,6,0.0001,1,new simulation,nan
19,4,0.6639190554615448,-2.4,0.9,settled,0.8400000000000005,-0.18879895051282758,0.0,2,1,1,nan,0.26,0.4487989505128276,9.81,1,1,7,21,41,-3.0,3.0,0.01,30.0,60.0,1e-09,1e-12,6,0.0001,1,new simulation,nan
19,5,0.6639190554615448,-2.25,0.9,settled,0.9100000000000006,-0.18879895051282758,0.0,2,1,1,nan,0.26,0.4487989505128276,9.81,1,1,7,21,41,-3.0,3.0,0.01,30.0,60.0,1e-09,1e-12,6,0.0001,1,new simulation,nan
19,6,0.6639190554615448,-2.1,0.9,settled,1.1700000000000008,-0.18879895051282758,0.0,2,1,1,nan,0.26,0.4487989505128276,9.81,1,1,7,21,41,-3.0,3.0,0.01,30.0,60.0,1e-09,1e-12,6,0.0001,1,new simulation,nan
19,7,0.6639190554615448,-1.95,0.9,rolling,8.249999999999869,-0.17446840134196426,1.6531157103823024,15,15,0,1.6683890053013493,0.26,0.4487989505128276,9.81,1,1,7,21,41,-3.0,3.0,0.01,30.0,60.0,1e-09,1e-12,6,0.0001,1,new simulation,nan
19,8,0.6639190554615448,-1.8,0.9,rolling,7.979999999999874,-0.17879696993000715,1.6576230165918664,15,15,0,1.6683853957425407,0.26,0.4487989505128276,9.81,1,1,7,21,41,-3.0,3.0,0.01,30.0,60.0,1e-09,1e-12,6,0.0001,1,new simulation,nan
19,9,0.6639190554615448,-1.6500000000000001,0.9,rolling,7.869999999999877,-0.1824938310973123,1.6615490352743774,15,15,0,1.6683820738208528,0.26,0.4487989505128276,9.81,1,1,7,21,41,-3.0,3.0,0.01,30.0,60.0,1e-09,1e-12,6,0.0001,1,new simulation,nan
19,10,0.6639190554615448,-1.5,0.9,rolling,7.819999999999878,-0.18063043683042096,1.6595612073948995,15,15,0,1.6683790421532647,0.26,0.4487989505128276,9.81,1,1,7,21,41,-3.0,3.0,0.01,30.0,60.0,1e-09,1e-12,6,0.0001,1,new simulation,nan
19,11,0.6639190554615448,-1.35,0.9,rolling,7.799999999999878,-0.18560438457326603,1.6649064820538004,15,15,0,1.6683762975711065,0.26,0.4487989505128276,9.81,1,1,7,21,41,-3.0,3.0,0.01,30.0,60.0,1e-09,1e-12,6,0.0001,1,new simulation,nan
19,12,0.6639190554615448,-1.2000000000000002,0.9,rolling,7.809999999999878,-0.18762933951181437,1.6671186465625165,15,15,0,1.6683738426937282,0.26,0.4487989505128276,9.81,1,1,7,21,41,-3.0,3.0,0.01,30.0,60.0,1e-09,1e-12,6,0.0001,1,new simulation,nan
19,13,0.6639190554615448,-1.05,0.9,rolling,7.859999999999877,-0.17418762555396514,1.6528261175693444,15,15,0,1.6683716771707866,0.26,0.4487989505128276,9.81,1,1,7,21,41,-3.0,3.0,0.01,30.0,60.0,1e-09,1e-12,6,0.0001,1,new simulation,nan
19,14,0.6639190554615448,-0.8999999999999999,0.9,rolling,7.939999999999875,-0.18365341995008677,1.6627945640492663,15,15,0,1.6683698000181952,0.26,0.4487989505128276,9.81,1,1,7,21,41,-3.0,3.0,0.01,30.0,60.0,1e-09,1e-12,6,0.0001,1,new simulation,nan
19,15,0.6639190554615448,-0.75,0.9,rolling,8.119999999999871,-0.17478711143153855,1.6534435898337565,15,15,0,1.6683682115280736,0.26,0.4487989505128276,9.81,1,1,7,21,41,-3.0,3.0,0.01,30.0,60.0,1e-09,1e-12,6,0.0001,1,new simulation,nan
19,16,0.6639190554615448,-0.6000000000000001,0.9,rolling,8.809999999999857,-0.18309460878312311,1.6621931905052105,15,15,0,1.6683669115995643,0.26,0.4487989505128276,9.81,1,1,7,21,41,-3.0,3.0,0.01,30.0,60.0,1e-09,1e-12,6,0.0001,1,new simulation,nan
19,17,0.6639190554615448,-0.4500000000000002,0.9,settled,0.22000000000000006,-0.18879895051282758,0.0,1,1,0,nan,0.26,0.4487989505128276,9.81,1,1,7,21,41,-3.0,3.0,0.01,30.0,60.0,1e-09,1e-12,6,0.0001,1,new simulation,nan
19,18,0.6639190554615448,-0.30000000000000027,0.9,settled,0.19000000000000003,-0.18879895051282758,0.0,1,1,0,nan,0.26,0.4487989505128276,9.81,1,1,7,21,41,-3.0,3.0,0.01,30.0,60.0,1e-09,1e-12,6,0.0001,1,new simulation,nan
19,19,0.6639190554615448,-0.1499999999999999,0.9,settled,0.15,-0.18879895051282758,0.0,1,1,0,nan,0.26,0.4487989505128276,9.81,1,1,7,21,41,-3.0,3.0,0.01,30.0,60.0,1e-09,1e-12,6,0.0001,1,new simulation,nan
19,20,0.6639190554615448,0.0,0.9,settled,0.12999999999999998,-0.18879895051282758,0.0,1,1,0,nan,0.26,0.4487989505128276,9.81,1,1,7,21,41,-3.0,3.0,0.01,30.0,60.0,1e-09,1e-12,6,0.0001,1,new simulation,nan
19,21,0.6639190554615448,0.1499999999999999,0.9,settled,0.09999999999999999,-0.18879895051282758,0.0,1,1,0,nan,0.26,0.4487989505128276,9.81,1,1,7,21,41,-3.0,3.0,0.01,30.0,60.0,1e-09,1e-12,6,0.0001,1,new simulation,nan
19,22,0.6639190554615448,0.2999999999999998,0.9,settled,0.09,-0.18879895051282758,0.0,1,1,0,nan,0.26,0.4487989505128276,9.81,1,1,7,21,41,-3.0,3.0,0.01,30.0,60.0,1e-09,1e-12,6,0.0001,1,new simulation,nan
19,23,0.6639190554615448,0.44999999999999973,0.9,settled,0.07,-0.18879895051282758,0.0,1,1,0,nan,0.26,0.4487989505128276,9.81,1,1,7,21,41,-3.0,3.0,0.01,30.0,60.0,1e-09,1e-12,6,0.0001,1,new simulation,nan
19,24,0.6639190554615448,0.5999999999999996,0.9,rolling,8.60999999999986,-0.17671979592349912,1.6554472957154711,15,15,0,1.6683669115739328,0.26,0.4487989505128276,9.81,1,1,7,21,41,-3.0,3.0,0.01,30.0,60.0,1e-09,1e-12,6,0.0001,1,new simulation,nan
19,25,0.6639190554615448,0.75,0.9,rolling,7.859999999999877,-0.17658639422690903,1.6553084089058325,15,15,0,1.6683682114715197,0.26,0.4487989505128276,9.81,1,1,7,21,41,-3.0,3.0,0.01,30.0,60.0,1e-09,1e-12,6,0.0001,1,new simulation,nan
19,26,0.6639190554615448,0.8999999999999999,0.9,rolling,7.619999999999882,-0.18829418564273584,1.6678493812115371,15,15,0,1.6683697993199187,0.26,0.4487989505128276,9.81,1,1,7,21,41,-3.0,3.0,0.01,30.0,60.0,1e-09,1e-12,6,0.0001,1,new simulation,nan
19,27,0.6639190554615448,1.0499999999999998,0.9,rolling,7.479999999999885,-0.17415488996357817,1.6527924480193605,15,15,0,1.6683716767758419,0.26,0.4487989505128276,9.81,1,1,7,21,41,-3.0,3.0,0.01,30.0,60.0,1e-09,1e-12,6,0.0001,1,new simulation,nan
19,28,0.6639190554615448,1.2000000000000002,0.9,rolling,7.369999999999887,-0.1723777157272386,1.6509729915290894,15,15,0,1.668373843419185,0.26,0.4487989505128276,9.81,1,1,7,21,41,-3.0,3.0,0.01,30.0,60.0,1e-09,1e-12,6,0.0001,1,new simulation,nan
19,29,0.6639190554615448,1.3499999999999996,0.9,rolling,7.279999999999889,-0.17289845221060923,1.6515045129519992,15,15,0,1.6683762981434473,0.26,0.4487989505128276,9.81,1,1,7,21,41,-3.0,3.0,0.01,30.0,60.0,1e-09,1e-12,6,0.0001,1,new simulation,nan
19,30,0.6639190554615448,1.5,0.9,rolling,7.199999999999891,-0.17981237998689867,1.658694194098907,15,15,0,1.6683790422174576,0.26,0.4487989505128276,9.81,1,1,7,21,41,-3.0,3.0,0.01,30.0,60.0,1e-09,1e-12,6,0.0001,1,new simulation,nan
19,31,0.6639190554615448,1.6499999999999995,0.9,rolling,7.129999999999892,-0.18625835835346496,1.665618859012949,15,15,0,1.668382073286956,0.26,0.4487989505128276,9.81,1,1,7,21,41,-3.0,3.0,0.01,30.0,60.0,1e-09,1e-12,6,0.0001,1,new simulation,nan
19,32,0.6639190554615448,1.7999999999999998,0.9,rolling,7.069999999999894,-0.18798400035322102,1.6675086264919499,15,15,0,1.6683853956896593,0.26,0.4487989505128276,9.81,1,1,7,21,41,-3.0,3.0,0.01,30.0,60.0,1e-09,1e-12,6,0.0001,1,new simulation,nan
19,33,0.6639190554615448,1.9500000000000002,0.9,rolling,7.019999999999895,-0.18220637600618422,1.6612414675281706,15,15,0,1.668389006028294,0.26,0.4487989505128276,9.81,1,1,7,21,41,-3.0,3.0,0.01,30.0,60.0,1e-09,1e-12,6,0.0001,1,new simulation,nan
19,34,0.6639190554615448,2.0999999999999996,0.9,rolling,6.489999999999906,-0.17226890636307113,1.6508620227453108,14,14,0,1.6683707780283779,0.26,0.4487989505128276,9.81,1,1,7,21,41,-3.0,3.0,0.01,30.0,60.0,1e-09,1e-12,6,0.0001,1,new simulation,nan
19,35,0.6639190554615448,2.25,0.9,rolling,6.439999999999907,-0.1795652491280488,1.658433034317339,14,14,0,1.668381550693903,0.26,0.4487989505128276,9.81,1,1,7,21,41,-3.0,3.0,0.01,30.0,60.0,1e-09,1e-12,6,0.0001,1,new simulation,nan
19,36,0.6639190554615448,2.3999999999999995,0.9,rolling,5.909999999999918,-0.18033073182972031,1.6592429101528017,13,13,0,1.6683711931293288,0.26,0.4487989505128276,9.81,1,1,7,21,41,-3.0,3.0,0.01,30.0,60.0,1e-09,1e-12,6,0.0001,1,new simulation,nan
19,37,0.6639190554615448,2.55,0.9,rolling,4.89999999999994,-0.17380577008273573,1.6524339460546973,11,11,0,1.6683788573252152,0.26,0.4487989505128276,9.81,1,1,7,21,41,-3.0,3.0,0.01,30.0,60.0,1e-09,1e-12,6,0.0001,1,new simulation,nan
19,38,0.6639190554615448,2.7,0.9,rolling,5.82999999999992,-0.18324949106702643,1.6623619557469378,13,13,0,1.6684361688942468,0.26,0.4487989505128276,9.81,1,1,7,21,41,-3.0,3.0,0.01,30.0,60.0,1e-09,1e-12,6,0.0001,1,new simulation,nan
19,39,0.6639190554615448,2.8499999999999996,0.9,rolling,6.2799999999999105,-0.18436051540290882,1.6635597188536524,14,14,0,1.668432068699649,0.26,0.4487989505128276,9.81,1,1,7,21,41,-3.0,3.0,0.01,30.0,60.0,1e-09,1e-12,6,0.0001,1,new simulation,nan
19,40,0.6639190554615448,3.0,0.9,rolling,6.249999999999911,-0.1767571654469505,1.6554888524612748,14,14,0,1.6684465532072859,0.26,0.4487989505128276,9.81,1,1,7,21,41,-3.0,3.0,0.01,30.0,60.0,1e-09,1e-12,6,0.0001,1,new simulation,nan
20,0,0.7087989505128276,-3.0,1.0,rolling,8.259999999999868,-0.1796322440308121,1.6585035266823531,16,15,1,1.6683725548075408,0.26,0.4487989505128276,9.81,1,1,7,21,41,-3.0,3.0,0.01,30.0,60.0,1e-09,1e-12,6,0.0001,1,new simulation,nan
20,1,0.7087989505128276,-2.85,1.0,rolling,8.379999999999866,-0.17545779846617376,1.6541368132891971,16,15,1,1.6683703657946471,0.26,0.4487989505128276,9.81,1,1,7,21,41,-3.0,3.0,0.01,30.0,60.0,1e-09,1e-12,6,0.0001,1,new simulation,nan
20,2,0.7087989505128276,-2.7,1.0,rolling,8.62999999999986,-0.18000446726933458,1.658897115005129,16,15,1,1.6683682878845014,0.26,0.4487989505128276,9.81,1,1,7,21,41,-3.0,3.0,0.01,30.0,60.0,1e-09,1e-12,6,0.0001,1,new simulation,nan
20,3,0.7087989505128276,-2.55,1.0,settled,0.8500000000000005,-0.18879895051282758,0.0,2,1,1,nan,0.26,0.4487989505128276,9.81,1,1,7,21,41,-3.0,3.0,0.01,30.0,60.0,1e-09,1e-12,6,0.0001,1,new simulation,nan
20,4,0.7087989505128276,-2.4,1.0,settled,0.9100000000000006,-0.18879895051282758,0.0,2,1,1,nan,0.26,0.4487989505128276,9.81,1,1,7,21,41,-3.0,3.0,0.01,30.0,60.0,1e-09,1e-12,6,0.0001,1,new simulation,nan
20,5,0.7087989505128276,-2.25,1.0,settled,1.1100000000000008,-0.18879895051282758,0.0,2,1,1,nan,0.26,0.4487989505128276,9.81,1,1,7,21,41,-3.0,3.0,0.01,30.0,60.0,1e-09,1e-12,6,0.0001,1,new simulation,nan
20,6,0.7087989505128276,-2.1,1.0,rolling,8.309999999999867,-0.18470794476534635,1.6639342048782533,15,15,0,1.6683893235209364,0.26,0.4487989505128276,9.81,1,1,7,21,41,-3.0,3.0,0.01,30.0,60.0,1e-09,1e-12,6,0.0001,1,new simulation,nan
20,7,0.7087989505128276,-1.95,1.0,rolling,7.999999999999874,-0.18749403382734114,1.6669705589755874,15,15,0,1.668385424993201,0.26,0.4487989505128276,9.81,1,1,7,21,41,-3.0,3.0,0.01,30.0,60.0,1e-09,1e-12,6,0.0001,1,new simulation,nan
20,8,0.7087989505128276,-1.8,1.0,rolling,7.889999999999876,-0.18296866283447188,1.662058383630982,15,15,0,1.6683818152976928,0.26,0.4487989505128276,9.81,1,1,7,21,41,-3.0,3.0,0.01,30.0,60.0,1e-09,1e-12,6,0.0001,1,new simulation,nan
20,9,0.7087989505128276,-1.6500000000000001,1.0,rolling,7.839999999999877,-0.18592886054702104,1.6652596436160267,15,15,0,1.6683784939647124,0.26,0.4487989505128276,9.81,1,1,7,21,41,-3.0,3.0,0.01,30.0,60.0,1e-09,1e-12,6,0.0001,1,new simulation,nan
20,10,0.7087989505128276,-1.5,1.0,rolling,7.839999999999877,-0.17345636467272782,1.652075436352336,15,15,0,1.6683754604347147,0.26,0.4487989505128276,9.81,1,1,7,21,41,-3.0,3.0,0.01,30.0,60.0,1e-09,1e-12,6,0.0001,1,new simulation,nan
20,11,0.7087989505128276,-1.35,1.0,rolling,7.869999999999877,-0.17612737442866894,1.6548312224216475,15,15,0,1.6683727169181362,0.26,0.4487989505128276,9.81,1,1,7,21,41,-3.0,3.0,0.01,30.0,60.0,1e-09,1e-12,6,0.0001,1,new simulation,nan
20,12,0.7087989505128276,-1.2000000000000002,1.0,rolling,7.959999999999875,-0.1735927450060135,1.6522150779192706,15,15,0,1.66837026191079,0.26,0.4487989505128276,9.81,1,1,7,21,41,-3.0,3.0,0.01,30.0,60.0,1e-09,1e-12,6,0.0001,1,new simulation,nan
20,13,0.7087989505128276,-1.05,1.0,rolling,8.18999999999987,-0.17835635926043203,1.6571591991014274,15,15,0,1.668368095739979,0.26,0.4487989505128276,9.81,1,1,7,21,41,-3.0,3.0,0.01,30.0,60.0,1e-09,1e-12,6,0.0001,1,new simulation,nan
20,14,0.7087989505128276,-0.8999999999999999,1.0,settled,0.3000000000000001,-0.18879895051282758,0.0,1,1,0,nan,0.26,0.4487989505128276,9.81,1,1,7,21,41,-3.0,3.0,0.01,30.0,60.0,1e-09,1e-12,6,0.0001,1,new simulation,nan
20,15,0.7087989505128276,-0.75,1.0,settled,0.25000000000000006,-0.18879895051282758,0.0,1,1,0,nan,0.26,0.4487989505128276,9.81,1,1,7,21,41,-3.0,3.0,0.01,30.0,60.0,1e-09,1e-12,6,0.0001,1,new simulation,nan
20,16,0.7087989505128276,-0.6000000000000001,1.0,settled,0.20000000000000004,-0.18879895051282758,0.0,1,1,0,nan,0.26,0.4487989505128276,9.81,1,1,7,21,41,-3.0,3.0,0.01,30.0,60.0,1e-09,1e-12,6,0.0001,1,new simulation,nan
20,17,0.7087989505128276,-0.4500000000000002,1.0,settled,0.15,-0.18879895051282758,0.0,1,1,0,nan,0.26,0.4487989505128276,9.81,1,1,7,21,41,-3.0,3.0,0.01,30.0,60.0,1e-09,1e-12,6,0.0001,1,new simulation,nan
20,18,0.7087989505128276,-0.30000000000000027,1.0,settled,0.09999999999999999,-0.18879895051282758,0.0,1,1,0,nan,0.26,0.4487989505128276,9.81,1,1,7,21,41,-3.0,3.0,0.01,30.0,60.0,1e-09,1e-12,6,0.0001,1,new simulation,nan
20,19,0.7087989505128276,-0.1499999999999999,1.0,settled,0.05,-0.18879895051282758,0.0,1,1,0,nan,0.26,0.4487989505128276,9.81,1,1,7,21,41,-3.0,3.0,0.01,30.0,60.0,1e-09,1e-12,6,0.0001,1,new simulation,nan
20,20,0.7087989505128276,0.0,1.0,settled,0.01,-0.18879895051282758,0.0,1,1,0,nan,0.26,0.4487989505128276,9.81,1,1,7,21,41,-3.0,3.0,0.01,30.0,60.0,1e-09,1e-12,6,0.0001,1,new simulation,nan
20,21,0.7087989505128276,0.1499999999999999,1.0,settled,0.01,-0.18879895051282758,0.0,1,1,0,nan,0.26,0.4487989505128276,9.81,1,1,7,21,41,-3.0,3.0,0.01,30.0,60.0,1e-09,1e-12,6,0.0001,1,new simulation,nan
20,22,0.7087989505128276,0.2999999999999998,1.0,settled,0.01,-0.18879895051282758,0.0,1,1,0,nan,0.26,0.4487989505128276,9.81,1,1,7,21,41,-3.0,3.0,0.01,30.0,60.0,1e-09,1e-12,6,0.0001,1,new simulation,nan
20,23,0.7087989505128276,0.44999999999999973,1.0,settled,0.01,-0.18879895051282758,0.0,1,1,0,nan,0.26,0.4487989505128276,9.81,1,1,7,21,41,-3.0,3.0,0.01,30.0,60.0,1e-09,1e-12,6,0.0001,1,new simulation,nan
20,24,0.7087989505128276,0.5999999999999996,1.0,settled,0.01,-0.18879895051282758,0.0,1,1,0,nan,0.26,0.4487989505128276,9.81,1,1,7,21,41,-3.0,3.0,0.01,30.0,60.0,1e-09,1e-12,6,0.0001,1,new simulation,nan
20,25,0.7087989505128276,0.75,1.0,settled,0.01,-0.18879895051282758,0.0,1,1,0,nan,0.26,0.4487989505128276,9.81,1,1,7,21,41,-3.0,3.0,0.01,30.0,60.0,1e-09,1e-12,6,0.0001,1,new simulation,nan
20,26,0.7087989505128276,0.8999999999999999,1.0,settled,0.01,-0.18879895051282758,0.0,1,1,0,nan,0.26,0.4487989505128276,9.81,1,1,7,21,41,-3.0,3.0,0.01,30.0,60.0,1e-09,1e-12,6,0.0001,1,new simulation,nan
20,27,0.7087989505128276,1.0499999999999998,1.0,rolling,7.8299999999998775,-0.18676551269313613,1.6661721948846746,15,15,0,1.6683680962038558,0.26,0.4487989505128276,9.81,1,1,7,21,41,-3.0,3.0,0.01,30.0,60.0,1e-09,1e-12,6,0.0001,1,new simulation,nan
20,28,0.7087989505128276,1.2000000000000002,1.0,rolling,7.539999999999884,-0.1783454225453572,1.6571477857913053,15,15,0,1.6683702624916814,0.26,0.4487989505128276,9.81,1,1,7,21,41,-3.0,3.0,0.01,30.0,60.0,1e-09,1e-12,6,0.0001,1,new simulation,nan
20,29,0.7087989505128276,1.3499999999999996,1.0,rolling,7.379999999999887,-0.1826877846450735,1.6617566458116344,15,15,0,1.6683727176189898,0.26,0.4487989505128276,9.81,1,1,7,21,41,-3.0,3.0,0.01,30.0,60.0,1e-09,1e-12,6,0.0001,1,new simulation,nan
20,30,0.7087989505128276,1.5,1.0,rolling,7.269999999999889,-0.18210671867388192,1.66113441180365,15,15,0,1.6683754602121903,0.26,0.4487989505128276,9.81,1,1,7,21,41,-3.0,3.0,0.01,30.0,60.0,1e-09,1e-12,6,0.0001,1,new simulation,nan
20,31,0.7087989505128276,1.6499999999999995,1.0,rolling,7.179999999999891,-0.18799101054503684,1.6675161063062973,15,15,0,1.6683784924002618,0.26,0.4487989505128276,9.81,1,1,7,21,41,-3.0,3.0,0.01,30.0,60.0,1e-09,1e-12,6,0.0001,1,new simulation,nan
20,32,0.7087989505128276,1.7999999999999998,1.0,rolling,7.109999999999893,-0.18460703685313481,1.6638247222087412,15,15,0,1.668381814167632,0.26,0.4487989505128276,9.81,1,1,7,21,41,-3.0,3.0,0.01,30.0,60.0,1e-09,1e-12,6,0.0001,1,new simulation,nan
20,33,0.7087989505128276,1.9500000000000002,1.0,rolling,7.049999999999894,-0.18065554227272318,1.6595880800352913,15,15,0,1.668385424933148,0.26,0.4487989505128276,9.81,1,1,7,21,41,-3.0,3.0,0.01,30.0,60.0,1e-09,1e-12,6,0.0001,1,new simulation,nan
20,34,0.7087989505128276,2.0999999999999996,1.0,rolling,6.989999999999895,-0.18819749185824222,1.6677435854558342,15,15,0,1.6683893222894104,0.26,0.4487989505128276,9.81,1,1,7,21,41,-3.0,3.0,0.01,30.0,60.0,1e-09,1e-12,6,0.0001,1,new simulation,nan
20,35,0.7087989505128276,2.25,1.0,rolling,6.459999999999907,-0.17632540671684155,1.6550370113949564,14,14,0,1.6683723392141767,0.26,0.4487989505128276,9.81,1,1,7,21,41,-3.0,3.0,0.01,30.0,60.0,1e-09,1e-12,6,0.0001,1,new simulation,nan
20,36,0.7087989505128276,2.3999999999999995,1.0,rolling,6.409999999999908,-0.18261810430848724,1.661682290266187,14,14,0,1.6683838540353297,0.26,0.4487989505128276,9.81,1,1,7,21,41,-3.0,3.0,0.01,30.0,60.0,1e-09,1e-12,6,0.0001,1,new simulation,nan
20,37,0.7087989505128276,2.55,1.0,rolling,5.879999999999919,-0.18292972956189346,1.662016484025211,13,13,0,1.6683790305854354,0.26,0.4487989505128276,9.81,1,1,7,21,41,-3.0,3.0,0.01,30.0,60.0,1e-09,1e-12,6,0.0001,1,new simulation,nan
20,38,0.7087989505128276,2.7,1.0,rolling,4.869999999999941,-0.17631362458914268,1.6550270988402032,11,11,0,1.6684433580864448,0.26,0.4487989505128276,9.81,1,1,7,21,41,-3.0,3.0,0.01,30.0,60.0,1e-09,1e-12,6,0.0001,1,new simulation,nan
20,39,0.7087989505128276,2.8499999999999996,1.0,rolling,5.799999999999921,-0.185939796831446,1.6652738223134744,13,13,0,1.6684478272324492,0.26,0.4487989505128276,9.81,1,1,7,21,41,-3.0,3.0,0.01,30.0,60.0,1e-09,1e-12,6,0.0001,1,new simulation,nan
20,40,0.7087989505128276,3.0,1.0,rolling,6.249999999999911,-0.18739127065028321,1.6668595569414357,14,14,0,1.668437341488833,0.26,0.4487989505128276,9.81,1,1,7,21,41,-3.0,3.0,0.01,30.0,60.0,1e-09,1e-12,6,0.0001,1,new simulation,nan
