theta_index,theta_dot_index,theta0,theta_dot0,relative_angle,classification,final_time,final_theta,final_theta_dot,total_impacts,downhill_impacts,uphill_impacts,rolling_speed,gamma,alpha,gravity,length,mass,num_spokes,num_angles,num_speeds,minimum_speed,maximum_speed,timestep,max_time,retry_time,impact_time_tolerance,remaining_time_tolerance,convergence_impacts,speed_tolerance,cache_version,original_source_csv,original_grid_rolling_percent
0,0,-0.3090658503988659,-3.0,-1.0,settled,2.0500000000000003,-0.3090658503988659,0.0,4,1,3,nan,0.04,0.3490658503988659,9.81,1,1,9,21,41,-3.0,3.0,0.01,30.0,60.0,1e-09,1e-12,6,0.0001,1,new simulation,nan
0,1,-0.3090658503988659,-2.85,-1.0,settled,1.8600000000000014,-0.3090658503988659,0.0,4,1,3,nan,0.04,0.3490658503988659,9.81,1,1,9,21,41,-3.0,3.0,0.01,30.0,60.0,1e-09,1e-12,6,0.0001,1,new simulation,nan
0,2,-0.3090658503988659,-2.7,-1.0,settled,1.8100000000000014,-0.3090658503988659,0.0,4,1,3,nan,0.04,0.3490658503988659,9.81,1,1,9,21,41,-3.0,3.0,0.01,30.0,60.0,1e-09,1e-12,6,0.0001,1,new simulation,nan
0,3,-0.3090658503988659,-2.55,-1.0,settled,1.8500000000000014,-0.3090658503988659,0.0,4,1,3,nan,0.04,0.3490658503988659,9.81,1,1,9,21,41,-3.0,3.0,0.01,30.0,60.0,1e-09,1e-12,6,0.0001,1,new simulation,nan
0,4,-0.3090658503988659,-2.4,-1.0,settled,2.0300000000000007,-0.3090658503988659,0.0,4,1,3,nan,0.04,0.3490658503988659,9.81,1,1,9,21,41,-3.0,3.0,0.01,30.0,60.0,1e-09,1e-12,6,0.0001,1,new simulation,nan
0,5,-0.3090658503988659,-2.25,-1.0,settled,2.1299999999999986,-0.3090658503988659,0.0,3,1,2,nan,0.04,0.3490658503988659,9.81,1,1,9,21,41,-3.0,3.0,0.01,30.0,60.0,1e-09,1e-12,6,0.0001,1,new simulation,nan
0,6,-0.3090658503988659,-2.1,-1.0,settled,1.5500000000000012,-0.3090658503988659,0.0,3,1,2,nan,0.04,0.3490658503988659,9.81,1,1,9,21,41,-3.0,3.0,0.01,30.0,60.0,1e-09,1e-12,6,0.0001,1,new simulation,nan
0,7,-0.3090658503988659,-1.95,-1.0,settled,1.430000000000001,-0.3090658503988659,0.0,3,1,2,nan,0.04,0.3490658503988659,9.81,1,1,9,21,41,-3.0,3.0,0.01,30.0,60.0,1e-09,1e-12,6,0.0001,1,new simulation,nan
0,8,-0.3090658503988659,-1.8,-1.0,settled,1.430000000000001,-0.3090658503988659,0.0,3,1,2,nan,0.04,0.3490658503988659,9.81,1,1,9,21,41,-3.0,3.0,0.01,30.0,60.0,1e-09,1e-12,6,0.0001,1,new simulation,nan
0,9,-0.3090658503988659,-1.6500000000000001,-1.0,settled,1.6700000000000013,-0.3090658503988659,0.0,3,1,2,nan,0.04,0.3490658503988659,9.81,1,1,9,21,41,-3.0,3.0,0.01,30.0,60.0,1e-09,1e-12,6,0.0001,1,new simulation,nan
0,10,-0.3090658503988659,-1.5,-1.0,settled,1.1700000000000008,-0.3090658503988659,0.0,2,1,1,nan,0.04,0.3490658503988659,9.81,1,1,9,21,41,-3.0,3.0,0.01,30.0,60.0,1e-09,1e-12,6,0.0001,1,new simulation,nan
0,11,-0.3090658503988659,-1.35,-1.0,settled,0.8200000000000005,-0.3090658503988659,0.0,2,1,1,nan,0.04,0.3490658503988659,9.81,1,1,9,21,41,-3.0,3.0,0.01,30.0,60.0,1e-09,1e-12,6,0.0001,1,new simulation,nan
0,12,-0.3090658503988659,-1.2000000000000002,-1.0,settled,0.6500000000000004,-0.3090658503988659,0.0,2,1,1,nan,0.04,0.3490658503988659,9.81,1,1,9,21,41,-3.0,3.0,0.01,30.0,60.0,1e-09,1e-12,6,0.0001,1,new simulation,nan
0,13,-0.3090658503988659,-1.05,-1.0,settled,0.5200000000000002,-0.3090658503988659,0.0,2,1,1,nan,0.04,0.3490658503988659,9.81,1,1,9,21,41,-3.0,3.0,0.01,30.0,60.0,1e-09,1e-12,6,0.0001,1,new simulation,nan
0,14,-0.3090658503988659,-0.8999999999999999,-1.0,settled,0.4200000000000002,-0.3090658503988659,0.0,2,1,1,nan,0.04,0.3490658503988659,9.81,1,1,9,21,41,-3.0,3.0,0.01,30.0,60.0,1e-09,1e-12,6,0.0001,1,new simulation,nan
0,15,-0.3090658503988659,-0.75,-1.0,settled,0.34000000000000014,-0.3090658503988659,0.0,2,1,1,nan,0.04,0.3490658503988659,9.81,1,1,9,21,41,-3.0,3.0,0.01,30.0,60.0,1e-09,1e-12,6,0.0001,1,new simulation,nan
0,16,-0.3090658503988659,-0.6000000000000001,-1.0,settled,0.26000000000000006,-0.3090658503988659,0.0,2,1,1,nan,0.04,0.3490658503988659,9.81,1,1,9,21,41,-3.0,3.0,0.01,30.0,60.0,1e-09,1e-12,6,0.0001,1,new simulation,nan
0,17,-0.3090658503988659,-0.4500000000000002,-1.0,settled,0.20000000000000004,-0.3090658503988659,0.0,2,1,1,nan,0.04,0.3490658503988659,9.81,1,1,9,21,41,-3.0,3.0,0.01,30.0,60.0,1e-09,1e-12,6,0.0001,1,new simulation,nan
0,18,-0.3090658503988659,-0.30000000000000027,-1.0,settled,0.12999999999999998,-0.3090658503988659,0.0,2,1,1,nan,0.04,0.3490658503988659,9.81,1,1,9,21,41,-3.0,3.0,0.01,30.0,60.0,1e-09,1e-12,6,0.0001,1,new simulation,nan
0,19,-0.3090658503988659,-0.1499999999999999,-1.0,settled,0.07,-0.3090658503988659,0.0,2,1,1,nan,0.04,0.3490658503988659,9.81,1,1,9,21,41,-3.0,3.0,0.01,30.0,60.0,1e-09,1e-12,6,0.0001,1,new simulation,nan
0,20,-0.3090658503988659,0.0,-1.0,settled,0.01,-0.3090658503988659,0.0,2,1,1,nan,0.04,0.3490658503988659,9.81,1,1,9,21,41,-3.0,3.0,0.01,30.0,60.0,1e-09,1e-12,6,0.0001,1,new simulation,nan
0,21,-0.3090658503988659,0.1499999999999999,-1.0,settled,0.17,-0.3090658503988659,0.0,2,1,1,nan,0.04,0.3490658503988659,9.81,1,1,9,21,41,-3.0,3.0,0.01,30.0,60.0,1e-09,1e-12,6,0.0001,1,new simulation,nan
0,22,-0.3090658503988659,0.2999999999999998,-1.0,settled,0.34000000000000014,-0.3090658503988659,0.0,2,1,1,nan,0.04,0.3490658503988659,9.81,1,1,9,21,41,-3.0,3.0,0.01,30.0,60.0,1e-09,1e-12,6,0.0001,1,new simulation,nan
0,23,-0.3090658503988659,0.44999999999999973,-1.0,settled,0.5200000000000002,-0.3090658503988659,0.0,2,1,1,nan,0.04,0.3490658503988659,9.81,1,1,9,21,41,-3.0,3.0,0.01,30.0,60.0,1e-09,1e-12,6,0.0001,1,new simulation,nan
0,24,-0.3090658503988659,0.5999999999999996,-1.0,settled,0.7300000000000004,-0.3090658503988659,0.0,2,1,1,nan,0.04,0.3490658503988659,9.81,1,1,9,21,41,-3.0,3.0,0.01,30.0,60.0,1e-09,1e-12,6,0.0001,1,new simulation,nan
0,25,-0.3090658503988659,0.75,-1.0,settled,1.0100000000000007,-0.3090658503988659,0.0,2,1,1,nan,0.04,0.3490658503988659,9.81,1,1,9,21,41,-3.0,3.0,0.01,30.0,60.0,1e-09,1e-12,6,0.0001,1,new simulation,nan
0,26,-0.3090658503988659,0.8999999999999999,-1.0,settled,1.500000000000001,-0.3090658503988659,0.0,2,1,1,nan,0.04,0.3490658503988659,9.81,1,1,9,21,41,-3.0,3.0,0.01,30.0,60.0,1e-09,1e-12,6,0.0001,1,new simulation,nan
0,27,-0.3090658503988659,1.0499999999999998,-1.0,settled,2.679999999999987,-0.3090658503988659,0.0,2,2,0,nan,0.04,0.3490658503988659,9.81,1,1,9,21,41,-3.0,3.0,0.01,30.0,60.0,1e-09,1e-12,6,0.0001,1,new simulation,nan
0,28,-0.3090658503988659,1.2000000000000002,-1.0,settled,3.139999999999977,-0.3090658503988659,0.0,3,3,0,nan,0.04,0.3490658503988659,9.81,1,1,9,21,41,-3.0,3.0,0.01,30.0,60.0,1e-09,1e-12,6,0.0001,1,new simulation,nan
0,29,-0.3090658503988659,1.3499999999999996,-1.0,settled,3.9599999999999596,-0.3090658503988659,0.0,4,4,0,nan,0.04,0.3490658503988659,9.81,1,1,9,21,41,-3.0,3.0,0.01,30.0,60.0,1e-09,1e-12,6,0.0001,1,new simulation,nan
0,30,-0.3090658503988659,1.5,-1.0,settled,5.269999999999932,-0.3090658503988659,0.0,5,5,0,nan,0.04,0.3490658503988659,9.81,1,1,9,21,41,-3.0,3.0,0.01,30.0,60.0,1e-09,1e-12,6,0.0001,1,new simulation,nan
0,31,-0.3090658503988659,1.6499999999999995,-1.0,settled,4.229999999999954,-0.3090658503988659,0.0,5,5,0,nan,0.04,0.3490658503988659,9.81,1,1,9,21,41,-3.0,3.0,0.01,30.0,60.0,1e-09,1e-12,6,0.0001,1,new simulation,nan
0,32,-0.3090658503988659,1.7999999999999998,-1.0,settled,5.919999999999918,-0.3090658503988659,0.0,6,6,0,nan,0.04,0.3490658503988659,9.81,1,1,9,21,41,-3.0,3.0,0.01,30.0,60.0,1e-09,1e-12,6,0.0001,1,new simulation,nan
0,33,-0.3090658503988659,1.9500000000000002,-1.0,settled,4.869999999999941,-0.3090658503988659,0.0,6,6,0,nan,0.04,0.3490658503988659,9.81,1,1,9,21,41,-3.0,3.0,0.01,30.0,60.0,1e-09,1e-12,6,0.0001,1,new simulation,nan
0,34,-0.3090658503988659,2.0999999999999996,-1.0,settled,4.389999999999951,-0.3090658503988659,0.0,6,6,0,nan,0.04,0.3490658503988659,9.81,1,1,9,21,41,-3.0,3.0,0.01,30.0,60.0,1e-09,1e-12,6,0.0001,1,new simulation,nan
0,35,-0.3090658503988659,2.25,-1.0,settled,6.059999999999915,-0.3090658503988659,0.0,7,7,0,nan,0.04,0.3490658503988659,9.81,1,1,9,21,41,-3.0,3.0,0.01,30.0,60.0,1e-09,1e-12,6,0.0001,1,new simulation,nan
0,36,-0.3090658503988659,2.3999999999999995,-1.0,settled,5.299999999999931,-0.3090658503988659,0.0,7,7,0,nan,0.04,0.3490658503988659,9.81,1,1,9,21,41,-3.0,3.0,0.01,30.0,60.0,1e-09,1e-12,6,0.0001,1,new simulation,nan
0,37,-0.3090658503988659,2.55,-1.0,settled,4.869999999999941,-0.3090658503988659,0.0,7,7,0,nan,0.04,0.3490658503988659,9.81,1,1,9,21,41,-3.0,3.0,0.01,30.0,60.0,1e-09,1e-12,6,0.0001,1,new simulation,nan
0,38,-0.3090658503988659,2.7,-1.0,settled,4.539999999999948,-0.3090658503988659,0.0,7,7,0,nan,0.04,0.3490658503988659,9.81,1,1,9,21,41,-3.0,3.0,0.01,30.0,60.0,1e-09,1e-12,6,0.0001,1,new simulation,nan
0,39,-0.3090658503988659,2.8499999999999996,-1.0,settled,6.269999999999911,-0.3090658503988659,0.0,8,8,0,nan,0.04,0.3490658503988659,9.81,1,1,9,21,41,-3.0,3.0,0.01,30.0,60.0,1e-09,1e-12,6,0.0001,1,new simulation,nan
0,40,-0.3090658503988659,3.0,-1.0,settled,5.659999999999924,-0.3090658503988659,0.0,8,8,0,nan,0.04,0.3490658503988659,9.81,1,1,9,21,41,-3.0,3.0,0.01,30.0,60.0,1e-09,1e-12,6,0.0001,1,new simulation,nan
1,0,-0.27415926535897933,-3.0,-0.9,settled,2.149999999999998,-0.3090658503988659,0.0,4,1,3,nan,0.04,0.3490658503988659,9.81,1,1,9,21,41,-3.0,3.0,0.01,30.0,60.0,1e-09,1e-12,6,0.0001,1,new simulation,nan
1,1,-0.27415926535897933,-2.85,-0.9,settled,1.9000000000000015,-0.3090658503988659,0.0,4,1,3,nan,0.04,0.3490658503988659,9.81,1,1,9,21,41,-3.0,3.0,0.01,30.0,60.0,1e-09,1e-12,6,0.0001,1,new simulation,nan
1,2,-0.27415926535897933,-2.7,-0.9,settled,1.8300000000000014,-0.3090658503988659,0.0,4,1,3,nan,0.04,0.3490658503988659,9.81,1,1,9,21,41,-3.0,3.0,0.01,30.0,60.0,1e-09,1e-12,6,0.0001,1,new simulation,nan
1,3,-0.27415926535897933,-2.55,-0.9,settled,1.8400000000000014,-0.3090658503988659,0.0,4,1,3,nan,0.04,0.3490658503988659,9.81,1,1,9,21,41,-3.0,3.0,0.01,30.0,60.0,1e-09,1e-12,6,0.0001,1,new simulation,nan
1,4,-0.27415926535897933,-2.4,-0.9,settled,1.9700000000000015,-0.3090658503988659,0.0,4,1,3,nan,0.04,0.3490658503988659,9.81,1,1,9,21,41,-3.0,3.0,0.01,30.0,60.0,1e-09,1e-12,6,0.0001,1,new simulation,nan
1,5,-0.27415926535897933,-2.25,-0.9,settled,2.6099999999999883,-0.3090658503988659,0.0,4,1,3,nan,0.04,0.3490658503988659,9.81,1,1,9,21,41,-3.0,3.0,0.01,30.0,60.0,1e-09,1e-12,6,0.0001,1,new simulation,nan
1,6,-0.27415926535897933,-2.1,-0.9,settled,1.6500000000000012,-0.3090658503988659,0.0,3,1,2,nan,0.04,0.3490658503988659,9.81,1,1,9,21,41,-3.0,3.0,0.01,30.0,60.0,1e-09,1e-12,6,0.0001,1,new simulation,nan
1,7,-0.27415926535897933,-1.95,-0.9,settled,1.470000000000001,-0.3090658503988659,0.0,3,1,2,nan,0.04,0.3490658503988659,9.81,1,1,9,21,41,-3.0,3.0,0.01,30.0,60.0,1e-09,1e-12,6,0.0001,1,new simulation,nan
1,8,-0.27415926535897933,-1.8,-0.9,settled,1.430000000000001,-0.3090658503988659,0.0,3,1,2,nan,0.04,0.3490658503988659,9.81,1,1,9,21,41,-3.0,3.0,0.01,30.0,60.0,1e-09,1e-12,6,0.0001,1,new simulation,nan
1,9,-0.27415926535897933,-1.6500000000000001,-0.9,settled,1.5400000000000011,-0.3090658503988659,0.0,3,1,2,nan,0.04,0.3490658503988659,9.81,1,1,9,21,41,-3.0,3.0,0.01,30.0,60.0,1e-09,1e-12,6,0.0001,1,new simulation,nan
1,10,-0.27415926535897933,-1.5,-0.9,settled,1.7100000000000013,-0.3090658503988659,0.0,2,1,1,nan,0.04,0.3490658503988659,9.81,1,1,9,21,41,-3.0,3.0,0.01,30.0,60.0,1e-09,1e-12,6,0.0001,1,new simulation,nan
1,11,-0.27415926535897933,-1.35,-0.9,settled,0.9700000000000006,-0.3090658503988659,0.0,2,1,1,nan,0.04,0.3490658503988659,9.81,1,1,9,21,41,-3.0,3.0,0.01,30.0,60.0,1e-09,1e-12,6,0.0001,1,new simulation,nan
1,12,-0.27415926535897933,-1.2000000000000002,-0.9,settled,0.7600000000000005,-0.3090658503988659,0.0,2,1,1,nan,0.04,0.3490658503988659,9.81,1,1,9,21,41,-3.0,3.0,0.01,30.0,60.0,1e-09,1e-12,6,0.0001,1,new simulation,nan
1,13,-0.27415926535897933,-1.05,-0.9,settled,0.6300000000000003,-0.3090658503988659,0.0,2,1,1,nan,0.04,0.3490658503988659,9.81,1,1,9,21,41,-3.0,3.0,0.01,30.0,60.0,1e-09,1e-12,6,0.0001,1,new simulation,nan
1,14,-0.27415926535897933,-0.8999999999999999,-0.9,settled,0.5300000000000002,-0.3090658503988659,0.0,2,1,1,nan,0.04,0.3490658503988659,9.81,1,1,9,21,41,-3.0,3.0,0.01,30.0,60.0,1e-09,1e-12,6,0.0001,1,new simulation,nan
1,15,-0.27415926535897933,-0.75,-0.9,settled,0.45000000000000023,-0.3090658503988659,0.0,2,1,1,nan,0.04,0.3490658503988659,9.81,1,1,9,21,41,-3.0,3.0,0.01,30.0,60.0,1e-09,1e-12,6,0.0001,1,new simulation,nan
1,16,-0.27415926535897933,-0.6000000000000001,-0.9,settled,0.3900000000000002,-0.3090658503988659,0.0,2,1,1,nan,0.04,0.3490658503988659,9.81,1,1,9,21,41,-3.0,3.0,0.01,30.0,60.0,1e-09,1e-12,6,0.0001,1,new simulation,nan
1,17,-0.27415926535897933,-0.4500000000000002,-0.9,settled,0.34000000000000014,-0.3090658503988659,0.0,2,1,1,nan,0.04,0.3490658503988659,9.81,1,1,9,21,41,-3.0,3.0,0.01,30.0,60.0,1e-09,1e-12,6,0.0001,1,new simulation,nan
1,18,-0.27415926535897933,-0.30000000000000027,-0.9,settled,0.3200000000000001,-0.3090658503988659,0.0,2,1,1,nan,0.04,0.3490658503988659,9.81,1,1,9,21,41,-3.0,3.0,0.01,30.0,60.0,1e-09,1e-12,6,0.0001,1,new simulation,nan
1,19,-0.27415926535897933,-0.1499999999999999,-0.9,settled,0.3200000000000001,-0.3090658503988659,0.0,2,1,1,nan,0.04,0.3490658503988659,9.81,1,1,9,21,41,-3.0,3.0,0.01,30.0,60.0,1e-09,1e-12,6,0.0001,1,new simulation,nan
1,20,-0.27415926535897933,0.0,-0.9,settled,0.35000000000000014,-0.3090658503988659,0.0,2,1,1,nan,0.04,0.3490658503988659,9.81,1,1,9,21,41,-3.0,3.0,0.01,30.0,60.0,1e-09,1e-12,6,0.0001,1,new simulation,nan
1,21,-0.27415926535897933,0.1499999999999999,-0.9,settled,0.4300000000000002,-0.3090658503988659,0.0,2,1,1,nan,0.04,0.3490658503988659,9.81,1,1,9,21,41,-3.0,3.0,0.01,30.0,60.0,1e-09,1e-12,6,0.0001,1,new simulation,nan
1,22,-0.27415926535897933,0.2999999999999998,-0.9,settled,0.5500000000000003,-0.3090658503988659,0.0,2,1,1,nan,0.04,0.3490658503988659,9.81,1,1,9,21,41,-3.0,3.0,0.01,30.0,60.0,1e-09,1e-12,6,0.0001,1,new simulation,nan
1,23,-0.27415926535897933,0.44999999999999973,-0.9,settled,0.7200000000000004,-0.3090658503988659,0.0,2,1,1,nan,0.04,0.3490658503988659,9.81,1,1,9,21,41,-3.0,3.0,0.01,30.0,60.0,1e-09,1e-12,6,0.0001,1,new simulation,nan
1,24,-0.27415926535897933,0.5999999999999996,-0.9,settled,0.9500000000000006,-0.3090658503988659,0.0,2,1,1,nan,0.04,0.3490658503988659,9.81,1,1,9,21,41,-3.0,3.0,0.01,30.0,60.0,1e-09,1e-12,6,0.0001,1,new simulation,nan
1,25,-0.27415926535897933,0.75,-0.9,settled,1.320000000000001,-0.3090658503988659,0.0,2,1,1,nan,0.04,0.3490658503988659,9.81,1,1,9,21,41,-3.0,3.0,0.01,30.0,60.0,1e-09,1e-12,6,0.0001,1,new simulation,nan
1,26,-0.27415926535897933,0.8999999999999999,-0.9,settled,1.290000000000001,-0.3090658503988659,0.0,1,1,0,nan,0.04,0.3490658503988659,9.81,1,1,9,21,41,-3.0,3.0,0.01,30.0,60.0,1e-09,1e-12,6,0.0001,1,new simulation,nan
1,27,-0.27415926535897933,1.0499999999999998,-0.9,settled,3.749999999999964,-0.3090658503988659,0.0,3,3,0,nan,0.04,0.3490658503988659,9.81,1,1,9,21,41,-3.0,3.0,0.01,30.0,60.0,1e-09,1e-12,6,0.0001,1,new simulation,nan
1,28,-0.27415926535897933,1.2000000000000002,-0.9,settled,4.689999999999944,-0.3090658503988659,0.0,4,4,0,nan,0.04,0.3490658503988659,9.81,1,1,9,21,41,-3.0,3.0,0.01,30.0,60.0,1e-09,1e-12,6,0.0001,1,new simulation,nan
1,29,-0.27415926535897933,1.3499999999999996,-0.9,settled,3.5499999999999683,-0.3090658503988659,0.0,4,4,0,nan,0.04,0.3490658503988659,9.81,1,1,9,21,41,-3.0,3.0,0.01,30.0,60.0,1e-09,1e-12,6,0.0001,1,new simulation,nan
1,30,-0.27415926535897933,1.5,-0.9,settled,4.649999999999945,-0.3090658503988659,0.0,5,5,0,nan,0.04,0.3490658503988659,9.81,1,1,9,21,41,-3.0,3.0,0.01,30.0,60.0,1e-09,1e-12,6,0.0001,1,new simulation,nan
1,31,-0.27415926535897933,1.6499999999999995,-0.9,settled,3.989999999999959,-0.3090658503988659,0.0,5,5,0,nan,0.04,0.3490658503988659,9.81,1,1,9,21,41,-3.0,3.0,0.01,30.0,60.0,1e-09,1e-12,6,0.0001,1,new simulation,nan
1,32,-0.27415926535897933,1.7999999999999998,-0.9,settled,5.339999999999931,-0.3090658503988659,0.0,6,6,0,nan,0.04,0.3490658503988659,9.81,1,1,9,21,41,-3.0,3.0,0.01,30.0,60.0,1e-09,1e-12,6,0.0001,1,new simulation,nan
1,33,-0.27415926535897933,1.9500000000000002,-0.9,settled,4.669999999999945,-0.3090658503988659,0.0,6,6,0,nan,0.04,0.3490658503988659,9.81,1,1,9,21,41,-3.0,3.0,0.01,30.0,60.0,1e-09,1e-12,6,0.0001,1,new simulation,nan
1,34,-0.27415926535897933,2.0999999999999996,-0.9,settled,4.249999999999954,-0.3090658503988659,0.0,6,6,0,nan,0.04,0.3490658503988659,9.81,1,1,9,21,41,-3.0,3.0,0.01,30.0,60.0,1e-09,1e-12,6,0.0001,1,new simulation,nan
1,35,-0.27415926535897933,2.25,-0.9,settled,5.739999999999922,-0.3090658503988659,0.0,7,7,0,nan,0.04,0.3490658503988659,9.81,1,1,9,21,41,-3.0,3.0,0.01,30.0,60.0,1e-09,1e-12,6,0.0001,1,new simulation,nan
1,36,-0.27415926535897933,2.3999999999999995,-0.9,settled,5.149999999999935,-0.3090658503988659,0.0,7,7,0,nan,0.04,0.3490658503988659,9.81,1,1,9,21,41,-3.0,3.0,0.01,30.0,60.0,1e-09,1e-12,6,0.0001,1,new simulation,nan
1,37,-0.27415926535897933,2.55,-0.9,settled,4.759999999999943,-0.3090658503988659,0.0,7,7,0,nan,0.04,0.3490658503988659,9.81,1,1,9,21,41,-3.0,3.0,0.01,30.0,60.0,1e-09,1e-12,6,0.0001,1,new simulation,nan
1,38,-0.27415926535897933,2.7,-0.9,settled,4.459999999999949,-0.3090658503988659,0.0,7,7,0,nan,0.04,0.3490658503988659,9.81,1,1,9,21,41,-3.0,3.0,0.01,30.0,60.0,1e-09,1e-12,6,0.0001,1,new simulation,nan
1,39,-0.27415926535897933,2.8499999999999996,-0.9,settled,6.069999999999915,-0.3090658503988659,0.0,8,8,0,nan,0.04,0.3490658503988659,9.81,1,1,9,21,41,-3.0,3.0,0.01,30.0,60.0,1e-09,1e-12,6,0.0001,1,new simulation,nan
1,40,-0.27415926535897933,3.0,-0.9,settled,5.559999999999926,-0.3090658503988659,0.0,8,8,0,nan,0.04,0.3490658503988659,9.81,1,1,9,21,41,-3.0,3.0,0.01,30.0,60.0,1e-09,1e-12,6,0.0001,1,new simulation,nan
2,0,-0.23925268031909275,-3.0,-0.8,settled,2.2799999999999954,-0.3090658503988659,0.0,4,1,3,nan,0.04,0.3490658503988659,9.81,1,1,9,21,41,-3.0,3.0,0.01,30.0,60.0,1e-09,1e-12,6,0.0001,1,new simulation,nan
2,1,-0.23925268031909275,-2.85,-0.8,settled,1.9400000000000015,-0.3090658503988659,0.0,4,1,3,nan,0.04,0.3490658503988659,9.81,1,1,9,21,41,-3.0,3.0,0.01,30.0,60.0,1e-09,1e-12,6,0.0001,1,new simulation,nan
2,2,-0.23925268031909275,-2.7,-0.8,settled,1.8500000000000014,-0.3090658503988659,0.0,4,1,3,nan,0.04,0.3490658503988659,9.81,1,1,9,21,41,-3.0,3.0,0.01,30.0,60.0,1e-09,1e-12,6,0.0001,1,new simulation,nan
2,3,-0.23925268031909275,-2.55,-0.8,settled,1.8500000000000014,-0.3090658503988659,0.0,4,1,3,nan,0.04,0.3490658503988659,9.81,1,1,9,21,41,-3.0,3.0,0.01,30.0,60.0,1e-09,1e-12,6,0.0001,1,new simulation,nan
2,4,-0.23925268031909275,-2.4,-0.8,settled,1.9400000000000015,-0.3090658503988659,0.0,4,1,3,nan,0.04,0.3490658503988659,9.81,1,1,9,21,41,-3.0,3.0,0.01,30.0,60.0,1e-09,1e-12,6,0.0001,1,new simulation,nan
2,5,-0.23925268031909275,-2.25,-0.8,settled,2.289999999999995,-0.3090658503988659,0.0,4,1,3,nan,0.04,0.3490658503988659,9.81,1,1,9,21,41,-3.0,3.0,0.01,30.0,60.0,1e-09,1e-12,6,0.0001,1,new simulation,nan
2,6,-0.23925268031909275,-2.1,-0.8,settled,1.7700000000000014,-0.3090658503988659,0.0,3,1,2,nan,0.04,0.3490658503988659,9.81,1,1,9,21,41,-3.0,3.0,0.01,30.0,60.0,1e-09,1e-12,6,0.0001,1,new simulation,nan
2,7,-0.23925268031909275,-1.95,-0.8,settled,1.5200000000000011,-0.3090658503988659,0.0,3,1,2,nan,0.04,0.3490658503988659,9.81,1,1,9,21,41,-3.0,3.0,0.01,30.0,60.0,1e-09,1e-12,6,0.0001,1,new simulation,nan
2,8,-0.23925268031909275,-1.8,-0.8,settled,1.450000000000001,-0.3090658503988659,0.0,3,1,2,nan,0.04,0.3490658503988659,9.81,1,1,9,21,41,-3.0,3.0,0.01,30.0,60.0,1e-09,1e-12,6,0.0001,1,new simulation,nan
2,9,-0.23925268031909275,-1.6500000000000001,-0.8,settled,1.500000000000001,-0.3090658503988659,0.0,3,1,2,nan,0.04,0.3490658503988659,9.81,1,1,9,21,41,-3.0,3.0,0.01,30.0,60.0,1e-09,1e-12,6,0.0001,1,new simulation,nan
2,10,-0.23925268031909275,-1.5,-0.8,settled,1.8800000000000014,-0.3090658503988659,0.0,3,1,2,nan,0.04,0.3490658503988659,9.81,1,1,9,21,41,-3.0,3.0,0.01,30.0,60.0,1e-09,1e-12,6,0.0001,1,new simulation,nan
2,11,-0.23925268031909275,-1.35,-0.8,settled,1.1500000000000008,-0.3090658503988659,0.0,2,1,1,nan,0.04,0.3490658503988659,9.81,1,1,9,21,41,-3.0,3.0,0.01,30.0,60.0,1e-09,1e-12,6,0.0001,1,new simulation,nan
2,12,-0.23925268031909275,-1.2000000000000002,-0.8,settled,0.8700000000000006,-0.3090658503988659,0.0,2,1,1,nan,0.04,0.3490658503988659,9.81,1,1,9,21,41,-3.0,3.0,0.01,30.0,60.0,1e-09,1e-12,6,0.0001,1,new simulation,nan
2,13,-0.23925268031909275,-1.05,-0.8,settled,0.7200000000000004,-0.3090658503988659,0.0,2,1,1,nan,0.04,0.3490658503988659,9.81,1,1,9,21,41,-3.0,3.0,0.01,30.0,60.0,1e-09,1e-12,6,0.0001,1,new simulation,nan
2,14,-0.23925268031909275,-0.8999999999999999,-0.8,settled,0.6200000000000003,-0.3090658503988659,0.0,2,1,1,nan,0.04,0.3490658503988659,9.81,1,1,9,21,41,-3.0,3.0,0.01,30.0,60.0,1e-09,1e-12,6,0.0001,1,new simulation,nan
2,15,-0.23925268031909275,-0.75,-0.8,settled,0.5500000000000003,-0.3090658503988659,0.0,2,1,1,nan,0.04,0.3490658503988659,9.81,1,1,9,21,41,-3.0,3.0,0.01,30.0,60.0,1e-09,1e-12,6,0.0001,1,new simulation,nan
2,16,-0.23925268031909275,-0.6000000000000001,-0.8,settled,0.49000000000000027,-0.3090658503988659,0.0,2,1,1,nan,0.04,0.3490658503988659,9.81,1,1,9,21,41,-3.0,3.0,0.01,30.0,60.0,1e-09,1e-12,6,0.0001,1,new simulation,nan
2,17,-0.23925268031909275,-0.4500000000000002,-0.8,settled,0.46000000000000024,-0.3090658503988659,0.0,2,1,1,nan,0.04,0.3490658503988659,9.81,1,1,9,21,41,-3.0,3.0,0.01,30.0,60.0,1e-09,1e-12,6,0.0001,1,new simulation,nan
2,18,-0.23925268031909275,-0.30000000000000027,-0.8,settled,0.45000000000000023,-0.3090658503988659,0.0,2,1,1,nan,0.04,0.3490658503988659,9.81,1,1,9,21,41,-3.0,3.0,0.01,30.0,60.0,1e-09,1e-12,6,0.0001,1,new simulation,nan
2,19,-0.23925268031909275,-0.1499999999999999,-0.8,settled,0.46000000000000024,-0.3090658503988659,0.0,2,1,1,nan,0.04,0.3490658503988659,9.81,1,1,9,21,41,-3.0,3.0,0.01,30.0,60.0,1e-09,1e-12,6,0.0001,1,new simulation,nan
2,20,-0.23925268031909275,0.0,-0.8,settled,0.5100000000000002,-0.3090658503988659,0.0,2,1,1,nan,0.04,0.3490658503988659,9.81,1,1,9,21,41,-3.0,3.0,0.01,30.0,60.0,1e-09,1e-12,6,0.0001,1,new simulation,nan
2,21,-0.23925268031909275,0.1499999999999999,-0.8,settled,0.5900000000000003,-0.3090658503988659,0.0,2,1,1,nan,0.04,0.3490658503988659,9.81,1,1,9,21,41,-3.0,3.0,0.01,30.0,60.0,1e-09,1e-12,6,0.0001,1,new simulation,nan
2,22,-0.23925268031909275,0.2999999999999998,-0.8,settled,0.7200000000000004,-0.3090658503988659,0.0,2,1,1,nan,0.04,0.3490658503988659,9.81,1,1,9,21,41,-3.0,3.0,0.01,30.0,60.0,1e-09,1e-12,6,0.0001,1,new simulation,nan
2,23,-0.23925268031909275,0.44999999999999973,-0.8,settled,0.9100000000000006,-0.3090658503988659,0.0,2,1,1,nan,0.04,0.3490658503988659,9.81,1,1,9,21,41,-3.0,3.0,0.01,30.0,60.0,1e-09,1e-12,6,0.0001,1,new simulation,nan
2,24,-0.23925268031909275,0.5999999999999996,-0.8,settled,1.2000000000000008,-0.3090658503988659,0.0,2,1,1,nan,0.04,0.3490658503988659,9.81,1,1,9,21,41,-3.0,3.0,0.01,30.0,60.0,1e-09,1e-12,6,0.0001,1,new simulation,nan
2,25,-0.23925268031909275,0.75,-0.8,settled,2.209999999999997,-0.3090658503988659,0.0,1,1,0,nan,0.04,0.3490658503988659,9.81,1,1,9,21,41,-3.0,3.0,0.01,30.0,60.0,1e-09,1e-12,6,0.0001,1,new simulation,nan
2,26,-0.23925268031909275,0.8999999999999999,-0.8,settled,2.2199999999999966,-0.3090658503988659,0.0,2,2,0,nan,0.04,0.3490658503988659,9.81,1,1,9,21,41,-3.0,3.0,0.01,30.0,60.0,1e-09,1e-12,6,0.0001,1,new simulation,nan
2,27,-0.23925268031909275,1.0499999999999998,-0.8,settled,2.9899999999999802,-0.3090658503988659,0.0,3,3,0,nan,0.04,0.3490658503988659,9.81,1,1,9,21,41,-3.0,3.0,0.01,30.0,60.0,1e-09,1e-12,6,0.0001,1,new simulation,nan
2,28,-0.23925268031909275,1.2000000000000002,-0.8,settled,3.92999999999996,-0.3090658503988659,0.0,4,4,0,nan,0.04,0.3490658503988659,9.81,1,1,9,21,41,-3.0,3.0,0.01,30.0,60.0,1e-09,1e-12,6,0.0001,1,new simulation,nan
2,29,-0.23925268031909275,1.3499999999999996,-0.8,settled,5.7199999999999225,-0.3090658503988659,0.0,5,5,0,nan,0.04,0.3490658503988659,9.81,1,1,9,21,41,-3.0,3.0,0.01,30.0,60.0,1e-09,1e-12,6,0.0001,1,new simulation,nan
2,30,-0.23925268031909275,1.5,-0.8,settled,4.329999999999952,-0.3090658503988659,0.0,5,5,0,nan,0.04,0.3490658503988659,9.81,1,1,9,21,41,-3.0,3.0,0.01,30.0,60.0,1e-09,1e-12,6,0.0001,1,new simulation,nan
2,31,-0.23925268031909275,1.6499999999999995,-0.8,settled,3.8099999999999627,-0.3090658503988659,0.0,5,5,0,nan,0.04,0.3490658503988659,9.81,1,1,9,21,41,-3.0,3.0,0.01,30.0,60.0,1e-09,1e-12,6,0.0001,1,new simulation,nan
2,32,-0.23925268031909275,1.7999999999999998,-0.8,settled,5.0599999999999365,-0.3090658503988659,0.0,6,6,0,nan,0.04,0.3490658503988659,9.81,1,1,9,21,41,-3.0,3.0,0.01,30.0,60.0,1e-09,1e-12,6,0.0001,1,new simulation,nan
2,33,-0.23925268031909275,1.9500000000000002,-0.8,settled,4.519999999999948,-0.3090658503988659,0.0,6,6,0,nan,0.04,0.3490658503988659,9.81,1,1,9,21,41,-3.0,3.0,0.01,30.0,60.0,1e-09,1e-12,6,0.0001,1,new simulation,nan
2,34,-0.23925268031909275,2.0999999999999996,-0.8,settled,4.139999999999956,-0.3090658503988659,0.0,6,6,0,nan,0.04,0.3490658503988659,9.81,1,1,9,21,41,-3.0,3.0,0.01,30.0,60.0,1e-09,1e-12,6,0.0001,1,new simulation,nan
2,35,-0.23925268031909275,2.25,-0.8,settled,5.5299999999999265,-0.3090658503988659,0.0,7,7,0,nan,0.04,0.3490658503988659,9.81,1,1,9,21,41,-3.0,3.0,0.01,30.0,60.0,1e-09,1e-12,6,0.0001,1,new simulation,nan
2,36,-0.23925268031909275,2.3999999999999995,-0.8,settled,5.029999999999937,-0.3090658503988659,0.0,7,7,0,nan,0.04,0.3490658503988659,9.81,1,1,9,21,41,-3.0,3.0,0.01,30.0,60.0,1e-09,1e-12,6,0.0001,1,new simulation,nan
2,37,-0.23925268031909275,2.55,-0.8,settled,4.679999999999945,-0.3090658503988659,0.0,7,7,0,nan,0.04,0.3490658503988659,9.81,1,1,9,21,41,-3.0,3.0,0.01,30.0,60.0,1e-09,1e-12,6,0.0001,1,new simulation,nan
2,38,-0.23925268031909275,2.7,-0.8,settled,4.389999999999951,-0.3090658503988659,0.0,7,7,0,nan,0.04,0.3490658503988659,9.81,1,1,9,21,41,-3.0,3.0,0.01,30.0,60.0,1e-09,1e-12,6,0.0001,1,new simulation,nan
2,39,-0.23925268031909275,2.8499999999999996,-0.8,settled,5.929999999999918,-0.3090658503988659,0.0,8,8,0,nan,0.04,0.3490658503988659,9.81,1,1,9,21,41,-3.0,3.0,0.01,30.0,60.0,1e-09,1e-12,6,0.0001,1,new simulation,nan
2,40,-0.23925268031909275,3.0,-0.8,settled,5.469999999999928,-0.3090658503988659,0.0,8,8,0,nan,0.04,0.3490658503988659,9.81,1,1,9,21,41,-3.0,3.0,0.01,30.0,60.0,1e-09,1e-12,6,0.0001,1,new simulation,nan
3,0,-0.20434609527920614,-3.0,-0.7000000000000001,settled,2.4599999999999915,-0.3090658503988659,0.0,4,1,3,nan,0.04,0.3490658503988659,9.81,1,1,9,21,41,-3.0,3.0,0.01,30.0,60.0,1e-09,1e-12,6,0.0001,1,new simulation,nan
3,1,-0.20434609527920614,-2.85,-0.7000000000000001,settled,1.9800000000000015,-0.3090658503988659,0.0,4,1,3,nan,0.04,0.3490658503988659,9.81,1,1,9,21,41,-3.0,3.0,0.01,30.0,60.0,1e-09,1e-12,6,0.0001,1,new simulation,nan
3,2,-0.20434609527920614,-2.7,-0.7000000000000001,settled,1.8700000000000014,-0.3090658503988659,0.0,4,1,3,nan,0.04,0.3490658503988659,9.81,1,1,9,21,41,-3.0,3.0,0.01,30.0,60.0,1e-09,1e-12,6,0.0001,1,new simulation,nan
3,3,-0.20434609527920614,-2.55,-0.7000000000000001,settled,1.8500000000000014,-0.3090658503988659,0.0,4,1,3,nan,0.04,0.3490658503988659,9.81,1,1,9,21,41,-3.0,3.0,0.01,30.0,60.0,1e-09,1e-12,6,0.0001,1,new simulation,nan
3,4,-0.20434609527920614,-2.4,-0.7000000000000001,settled,1.9200000000000015,-0.3090658503988659,0.0,4,1,3,nan,0.04,0.3490658503988659,9.81,1,1,9,21,41,-3.0,3.0,0.01,30.0,60.0,1e-09,1e-12,6,0.0001,1,new simulation,nan
3,5,-0.20434609527920614,-2.25,-0.7000000000000001,settled,2.1699999999999977,-0.3090658503988659,0.0,4,1,3,nan,0.04,0.3490658503988659,9.81,1,1,9,21,41,-3.0,3.0,0.01,30.0,60.0,1e-09,1e-12,6,0.0001,1,new simulation,nan
3,6,-0.20434609527920614,-2.1,-0.7000000000000001,settled,1.9300000000000015,-0.3090658503988659,0.0,3,1,2,nan,0.04,0.3490658503988659,9.81,1,1,9,21,41,-3.0,3.0,0.01,30.0,60.0,1e-09,1e-12,6,0.0001,1,new simulation,nan
3,7,-0.20434609527920614,-1.95,-0.7000000000000001,settled,1.5700000000000012,-0.3090658503988659,0.0,3,1,2,nan,0.04,0.3490658503988659,9.81,1,1,9,21,41,-3.0,3.0,0.01,30.0,60.0,1e-09,1e-12,6,0.0001,1,new simulation,nan
3,8,-0.20434609527920614,-1.8,-0.7000000000000001,settled,1.480000000000001,-0.3090658503988659,0.0,3,1,2,nan,0.04,0.3490658503988659,9.81,1,1,9,21,41,-3.0,3.0,0.01,30.0,60.0,1e-09,1e-12,6,0.0001,1,new simulation,nan
3,9,-0.20434609527920614,-1.6500000000000001,-0.7000000000000001,settled,1.490000000000001,-0.3090658503988659,0.0,3,1,2,nan,0.04,0.3490658503988659,9.81,1,1,9,21,41,-3.0,3.0,0.01,30.0,60.0,1e-09,1e-12,6,0.0001,1,new simulation,nan
3,10,-0.20434609527920614,-1.5,-0.7000000000000001,settled,1.6900000000000013,-0.3090658503988659,0.0,3,1,2,nan,0.04,0.3490658503988659,9.81,1,1,9,21,41,-3.0,3.0,0.01,30.0,60.0,1e-09,1e-12,6,0.0001,1,new simulation,nan
3,11,-0.20434609527920614,-1.35,-0.7000000000000001,settled,1.410000000000001,-0.3090658503988659,0.0,2,1,1,nan,0.04,0.3490658503988659,9.81,1,1,9,21,41,-3.0,3.0,0.01,30.0,60.0,1e-09,1e-12,6,0.0001,1,new simulation,nan
3,12,-0.20434609527920614,-1.2000000000000002,-0.7000000000000001,settled,0.9900000000000007,-0.3090658503988659,0.0,2,1,1,nan,0.04,0.3490658503988659,9.81,1,1,9,21,41,-3.0,3.0,0.01,30.0,60.0,1e-09,1e-12,6,0.0001,1,new simulation,nan
3,13,-0.20434609527920614,-1.05,-0.7000000000000001,settled,0.8200000000000005,-0.3090658503988659,0.0,2,1,1,nan,0.04,0.3490658503988659,9.81,1,1,9,21,41,-3.0,3.0,0.01,30.0,60.0,1e-09,1e-12,6,0.0001,1,new simulation,nan
3,14,-0.20434609527920614,-0.8999999999999999,-0.7000000000000001,settled,0.7100000000000004,-0.3090658503988659,0.0,2,1,1,nan,0.04,0.3490658503988659,9.81,1,1,9,21,41,-3.0,3.0,0.01,30.0,60.0,1e-09,1e-12,6,0.0001,1,new simulation,nan
3,15,-0.20434609527920614,-0.75,-0.7000000000000001,settled,0.6300000000000003,-0.3090658503988659,0.0,2,1,1,nan,0.04,0.3490658503988659,9.81,1,1,9,21,41,-3.0,3.0,0.01,30.0,60.0,1e-09,1e-12,6,0.0001,1,new simulation,nan
3,16,-0.20434609527920614,-0.6000000000000001,-0.7000000000000001,settled,0.5900000000000003,-0.3090658503988659,0.0,2,1,1,nan,0.04,0.3490658503988659,9.81,1,1,9,21,41,-3.0,3.0,0.01,30.0,60.0,1e-09,1e-12,6,0.0001,1,new simulation,nan
3,17,-0.20434609527920614,-0.4500000000000002,-0.7000000000000001,settled,0.5600000000000003,-0.3090658503988659,0.0,2,1,1,nan,0.04,0.3490658503988659,9.81,1,1,9,21,41,-3.0,3.0,0.01,30.0,60.0,1e-09,1e-12,6,0.0001,1,new simulation,nan
3,18,-0.20434609527920614,-0.30000000000000027,-0.7000000000000001,settled,0.5600000000000003,-0.3090658503988659,0.0,2,1,1,nan,0.04,0.3490658503988659,9.81,1,1,9,21,41,-3.0,3.0,0.01,30.0,60.0,1e-09,1e-12,6,0.0001,1,new simulation,nan
3,19,-0.20434609527920614,-0.1499999999999999,-0.7000000000000001,settled,0.5800000000000003,-0.3090658503988659,0.0,2,1,1,nan,0.04,0.3490658503988659,9.81,1,1,9,21,41,-3.0,3.0,0.01,30.0,60.0,1e-09,1e-12,6,0.0001,1,new simulation,nan
3,20,-0.20434609527920614,0.0,-0.7000000000000001,settled,0.6400000000000003,-0.3090658503988659,0.0,2,1,1,nan,0.04,0.3490658503988659,9.81,1,1,9,21,41,-3.0,3.0,0.01,30.0,60.0,1e-09,1e-12,6,0.0001,1,new simulation,nan
3,21,-0.20434609527920614,0.1499999999999999,-0.7000000000000001,settled,0.7300000000000004,-0.3090658503988659,0.0,2,1,1,nan,0.04,0.3490658503988659,9.81,1,1,9,21,41,-3.0,3.0,0.01,30.0,60.0,1e-09,1e-12,6,0.0001,1,new simulation,nan
3,22,-0.20434609527920614,0.2999999999999998,-0.7000000000000001,settled,0.8800000000000006,-0.3090658503988659,0.0,2,1,1,nan,0.04,0.3490658503988659,9.81,1,1,9,21,41,-3.0,3.0,0.01,30.0,60.0,1e-09,1e-12,6,0.0001,1,new simulation,nan
3,23,-0.20434609527920614,0.44999999999999973,-0.7000000000000001,settled,1.1200000000000008,-0.3090658503988659,0.0,2,1,1,nan,0.04,0.3490658503988659,9.81,1,1,9,21,41,-3.0,3.0,0.01,30.0,60.0,1e-09,1e-12,6,0.0001,1,new simulation,nan
3,24,-0.20434609527920614,0.5999999999999996,-0.7000000000000001,settled,1.6900000000000013,-0.3090658503988659,0.0,2,1,1,nan,0.04,0.3490658503988659,9.81,1,1,9,21,41,-3.0,3.0,0.01,30.0,60.0,1e-09,1e-12,6,0.0001,1,new simulation,nan
3,25,-0.20434609527920614,0.75,-0.7000000000000001,settled,2.7299999999999858,-0.3090658503988659,0.0,2,2,0,nan,0.04,0.3490658503988659,9.81,1,1,9,21,41,-3.0,3.0,0.01,30.0,60.0,1e-09,1e-12,6,0.0001,1,new simulation,nan
3,26,-0.20434609527920614,0.8999999999999999,-0.7000000000000001,settled,3.45999999999997,-0.3090658503988659,0.0,3,3,0,nan,0.04,0.3490658503988659,9.81,1,1,9,21,41,-3.0,3.0,0.01,30.0,60.0,1e-09,1e-12,6,0.0001,1,new simulation,nan
3,27,-0.20434609527920614,1.0499999999999998,-0.7000000000000001,settled,4.749999999999943,-0.3090658503988659,0.0,4,4,0,nan,0.04,0.3490658503988659,9.81,1,1,9,21,41,-3.0,3.0,0.01,30.0,60.0,1e-09,1e-12,6,0.0001,1,new simulation,nan
3,28,-0.20434609527920614,1.2000000000000002,-0.7000000000000001,settled,3.5899999999999674,-0.3090658503988659,0.0,4,4,0,nan,0.04,0.3490658503988659,9.81,1,1,9,21,41,-3.0,3.0,0.01,30.0,60.0,1e-09,1e-12,6,0.0001,1,new simulation,nan
3,29,-0.20434609527920614,1.3499999999999996,-0.7000000000000001,settled,4.839999999999941,-0.3090658503988659,0.0,5,5,0,nan,0.04,0.3490658503988659,9.81,1,1,9,21,41,-3.0,3.0,0.01,30.0,60.0,1e-09,1e-12,6,0.0001,1,new simulation,nan
3,30,-0.20434609527920614,1.5,-0.7000000000000001,settled,4.109999999999957,-0.3090658503988659,0.0,5,5,0,nan,0.04,0.3490658503988659,9.81,1,1,9,21,41,-3.0,3.0,0.01,30.0,60.0,1e-09,1e-12,6,0.0001,1,new simulation,nan
3,31,-0.20434609527920614,1.6499999999999995,-0.7000000000000001,settled,5.83999999999992,-0.3090658503988659,0.0,6,6,0,nan,0.04,0.3490658503988659,9.81,1,1,9,21,41,-3.0,3.0,0.01,30.0,60.0,1e-09,1e-12,6,0.0001,1,new simulation,nan
3,32,-0.20434609527920614,1.7999999999999998,-0.7000000000000001,settled,4.859999999999941,-0.3090658503988659,0.0,6,6,0,nan,0.04,0.3490658503988659,9.81,1,1,9,21,41,-3.0,3.0,0.01,30.0,60.0,1e-09,1e-12,6,0.0001,1,new simulation,nan
3,33,-0.20434609527920614,1.9500000000000002,-0.7000000000000001,settled,4.389999999999951,-0.3090658503988659,0.0,6,6,0,nan,0.04,0.3490658503988659,9.81,1,1,9,21,41,-3.0,3.0,0.01,30.0,60.0,1e-09,1e-12,6,0.0001,1,new simulation,nan
3,34,-0.20434609527920614,2.0999999999999996,-0.7000000000000001,settled,6.409999999999908,-0.3090658503988659,0.0,7,7,0,nan,0.04,0.3490658503988659,9.81,1,1,9,21,41,-3.0,3.0,0.01,30.0,60.0,1e-09,1e-12,6,0.0001,1,new simulation,nan
3,35,-0.20434609527920614,2.25,-0.7000000000000001,settled,5.3899999999999295,-0.3090658503988659,0.0,7,7,0,nan,0.04,0.3490658503988659,9.81,1,1,9,21,41,-3.0,3.0,0.01,30.0,60.0,1e-09,1e-12,6,0.0001,1,new simulation,nan
3,36,-0.20434609527920614,2.3999999999999995,-0.7000000000000001,settled,4.939999999999939,-0.3090658503988659,0.0,7,7,0,nan,0.04,0.3490658503988659,9.81,1,1,9,21,41,-3.0,3.0,0.01,30.0,60.0,1e-09,1e-12,6,0.0001,1,new simulation,nan
3,37,-0.20434609527920614,2.55,-0.7000000000000001,settled,4.599999999999946,-0.3090658503988659,0.0,7,7,0,nan,0.04,0.3490658503988659,9.81,1,1,9,21,41,-3.0,3.0,0.01,30.0,60.0,1e-09,1e-12,6,0.0001,1,new simulation,nan
3,38,-0.20434609527920614,2.7,-0.7000000000000001,settled,6.8899999999998975,-0.3090658503988659,0.0,8,8,0,nan,0.04,0.3490658503988659,9.81,1,1,9,21,41,-3.0,3.0,0.01,30.0,60.0,1e-09,1e-12,6,0.0001,1,new simulation,nan
3,39,-0.20434609527920614,2.8499999999999996,-0.7000000000000001,settled,5.81999999999992,-0.3090658503988659,0.0,8,8,0,nan,0.04,0.3490658503988659,9.81,1,1,9,21,41,-3.0,3.0,0.01,30.0,60.0,1e-09,1e-12,6,0.0001,1,new simulation,nan
3,40,-0.20434609527920614,3.0,-0.7000000000000001,settled,5.399999999999929,-0.3090658503988659,0.0,8,8,0,nan,0.04,0.3490658503988659,9.81,1,1,9,21,41,-3.0,3.0,0.01,30.0,60.0,1e-09,1e-12,6,0.0001,1,new simulation,nan
4,0,-0.16943951023931955,-3.0,-0.6000000000000001,settled,2.769999999999985,-0.3090658503988659,0.0,4,1,3,nan,0.04,0.3490658503988659,9.81,1,1,9,21,41,-3.0,3.0,0.01,30.0,60.0,1e-09,1e-12,6,0.0001,1,new simulation,nan
4,1,-0.16943951023931955,-2.85,-0.6000000000000001,settled,2.0300000000000007,-0.3090658503988659,0.0,4,1,3,nan,0.04,0.3490658503988659,9.81,1,1,9,21,41,-3.0,3.0,0.01,30.0,60.0,1e-09,1e-12,6,0.0001,1,new simulation,nan
4,2,-0.16943951023931955,-2.7,-0.6000000000000001,settled,1.8900000000000015,-0.3090658503988659,0.0,4,1,3,nan,0.04,0.3490658503988659,9.81,1,1,9,21,41,-3.0,3.0,0.01,30.0,60.0,1e-09,1e-12,6,0.0001,1,new simulation,nan
4,3,-0.16943951023931955,-2.55,-0.6000000000000001,settled,1.8700000000000014,-0.3090658503988659,0.0,4,1,3,nan,0.04,0.3490658503988659,9.81,1,1,9,21,41,-3.0,3.0,0.01,30.0,60.0,1e-09,1e-12,6,0.0001,1,new simulation,nan
4,4,-0.16943951023931955,-2.4,-0.6000000000000001,settled,1.9200000000000015,-0.3090658503988659,0.0,4,1,3,nan,0.04,0.3490658503988659,9.81,1,1,9,21,41,-3.0,3.0,0.01,30.0,60.0,1e-09,1e-12,6,0.0001,1,new simulation,nan
4,5,-0.16943951023931955,-2.25,-0.6000000000000001,settled,2.109999999999999,-0.3090658503988659,0.0,4,1,3,nan,0.04,0.3490658503988659,9.81,1,1,9,21,41,-3.0,3.0,0.01,30.0,60.0,1e-09,1e-12,6,0.0001,1,new simulation,nan
4,6,-0.16943951023931955,-2.1,-0.6000000000000001,settled,2.1799999999999975,-0.3090658503988659,0.0,3,1,2,nan,0.04,0.3490658503988659,9.81,1,1,9,21,41,-3.0,3.0,0.01,30.0,60.0,1e-09,1e-12,6,0.0001,1,new simulation,nan
4,7,-0.16943951023931955,-1.95,-0.6000000000000001,settled,1.6300000000000012,-0.3090658503988659,0.0,3,1,2,nan,0.04,0.3490658503988659,9.81,1,1,9,21,41,-3.0,3.0,0.01,30.0,60.0,1e-09,1e-12,6,0.0001,1,new simulation,nan
4,8,-0.16943951023931955,-1.8,-0.6000000000000001,settled,1.5100000000000011,-0.3090658503988659,0.0,3,1,2,nan,0.04,0.3490658503988659,9.81,1,1,9,21,41,-3.0,3.0,0.01,30.0,60.0,1e-09,1e-12,6,0.0001,1,new simulation,nan
4,9,-0.16943951023931955,-1.6500000000000001,-0.6000000000000001,settled,1.500000000000001,-0.3090658503988659,0.0,3,1,2,nan,0.04,0.3490658503988659,9.81,1,1,9,21,41,-3.0,3.0,0.01,30.0,60.0,1e-09,1e-12,6,0.0001,1,new simulation,nan
4,10,-0.16943951023931955,-1.5,-0.6000000000000001,settled,1.6200000000000012,-0.3090658503988659,0.0,3,1,2,nan,0.04,0.3490658503988659,9.81,1,1,9,21,41,-3.0,3.0,0.01,30.0,60.0,1e-09,1e-12,6,0.0001,1,new simulation,nan
4,11,-0.16943951023931955,-1.35,-0.6000000000000001,settled,1.9900000000000015,-0.3090658503988659,0.0,2,1,1,nan,0.04,0.3490658503988659,9.81,1,1,9,21,41,-3.0,3.0,0.01,30.0,60.0,1e-09,1e-12,6,0.0001,1,new simulation,nan
4,12,-0.16943951023931955,-1.2000000000000002,-0.6000000000000001,settled,1.1100000000000008,-0.3090658503988659,0.0,2,1,1,nan,0.04,0.3490658503988659,9.81,1,1,9,21,41,-3.0,3.0,0.01,30.0,60.0,1e-09,1e-12,6,0.0001,1,new simulation,nan
4,13,-0.16943951023931955,-1.05,-0.6000000000000001,settled,0.9000000000000006,-0.3090658503988659,0.0,2,1,1,nan,0.04,0.3490658503988659,9.81,1,1,9,21,41,-3.0,3.0,0.01,30.0,60.0,1e-09,1e-12,6,0.0001,1,new simulation,nan
4,14,-0.16943951023931955,-0.8999999999999999,-0.6000000000000001,settled,0.7900000000000005,-0.3090658503988659,0.0,2,1,1,nan,0.04,0.3490658503988659,9.81,1,1,9,21,41,-3.0,3.0,0.01,30.0,60.0,1e-09,1e-12,6,0.0001,1,new simulation,nan
4,15,-0.16943951023931955,-0.75,-0.6000000000000001,settled,0.7100000000000004,-0.3090658503988659,0.0,2,1,1,nan,0.04,0.3490658503988659,9.81,1,1,9,21,41,-3.0,3.0,0.01,30.0,60.0,1e-09,1e-12,6,0.0001,1,new simulation,nan
4,16,-0.16943951023931955,-0.6000000000000001,-0.6000000000000001,settled,0.6700000000000004,-0.3090658503988659,0.0,2,1,1,nan,0.04,0.3490658503988659,9.81,1,1,9,21,41,-3.0,3.0,0.01,30.0,60.0,1e-09,1e-12,6,0.0001,1,new simulation,nan
4,17,-0.16943951023931955,-0.4500000000000002,-0.6000000000000001,settled,0.6500000000000004,-0.3090658503988659,0.0,2,1,1,nan,0.04,0.3490658503988659,9.81,1,1,9,21,41,-3.0,3.0,0.01,30.0,60.0,1e-09,1e-12,6,0.0001,1,new simulation,nan
4,18,-0.16943951023931955,-0.30000000000000027,-0.6000000000000001,settled,0.6500000000000004,-0.3090658503988659,0.0,2,1,1,nan,0.04,0.3490658503988659,9.81,1,1,9,21,41,-3.0,3.0,0.01,30.0,60.0,1e-09,1e-12,6,0.0001,1,new simulation,nan
4,19,-0.16943951023931955,-0.1499999999999999,-0.6000000000000001,settled,0.6900000000000004,-0.3090658503988659,0.0,2,1,1,nan,0.04,0.3490658503988659,9.81,1,1,9,21,41,-3.0,3.0,0.01,30.0,60.0,1e-09,1e-12,6,0.0001,1,new simulation,nan
4,20,-0.16943951023931955,0.0,-0.6000000000000001,settled,0.7600000000000005,-0.3090658503988659,0.0,2,1,1,nan,0.04,0.3490658503988659,9.81,1,1,9,21,41,-3.0,3.0,0.01,30.0,60.0,1e-09,1e-12,6,0.0001,1,new simulation,nan
4,21,-0.16943951023931955,0.1499999999999999,-0.6000000000000001,settled,0.8700000000000006,-0.3090658503988659,0.0,2,1,1,nan,0.04,0.3490658503988659,9.81,1,1,9,21,41,-3.0,3.0,0.01,30.0,60.0,1e-09,1e-12,6,0.0001,1,new simulation,nan
4,22,-0.16943951023931955,0.2999999999999998,-0.6000000000000001,settled,1.0600000000000007,-0.3090658503988659,0.0,2,1,1,nan,0.04,0.3490658503988659,9.81,1,1,9,21,41,-3.0,3.0,0.01,30.0,60.0,1e-09,1e-12,6,0.0001,1,new simulation,nan
4,23,-0.16943951023931955,0.44999999999999973,-0.6000000000000001,settled,1.450000000000001,-0.3090658503988659,0.0,2,1,1,nan,0.04,0.3490658503988659,9.81,1,1,9,21,41,-3.0,3.0,0.01,30.0,60.0,1e-09,1e-12,6,0.0001,1,new simulation,nan
4,24,-0.16943951023931955,0.5999999999999996,-0.6000000000000001,settled,1.1400000000000008,-0.3090658503988659,0.0,1,1,0,nan,0.04,0.3490658503988659,9.81,1,1,9,21,41,-3.0,3.0,0.01,30.0,60.0,1e-09,1e-12,6,0.0001,1,new simulation,nan
4,25,-0.16943951023931955,0.75,-0.6000000000000001,settled,2.0500000000000003,-0.3090658503988659,0.0,2,2,0,nan,0.04,0.3490658503988659,9.81,1,1,9,21,41,-3.0,3.0,0.01,30.0,60.0,1e-09,1e-12,6,0.0001,1,new simulation,nan
4,26,-0.16943951023931955,0.8999999999999999,-0.6000000000000001,settled,2.959999999999981,-0.3090658503988659,0.0,3,3,0,nan,0.04,0.3490658503988659,9.81,1,1,9,21,41,-3.0,3.0,0.01,30.0,60.0,1e-09,1e-12,6,0.0001,1,new simulation,nan
4,27,-0.16943951023931955,1.0499999999999998,-0.6000000000000001,settled,4.039999999999958,-0.3090658503988659,0.0,4,4,0,nan,0.04,0.3490658503988659,9.81,1,1,9,21,41,-3.0,3.0,0.01,30.0,60.0,1e-09,1e-12,6,0.0001,1,new simulation,nan
4,28,-0.16943951023931955,1.2000000000000002,-0.6000000000000001,settled,3.3599999999999723,-0.3090658503988659,0.0,4,4,0,nan,0.04,0.3490658503988659,9.81,1,1,9,21,41,-3.0,3.0,0.01,30.0,60.0,1e-09,1e-12,6,0.0001,1,new simulation,nan
4,29,-0.16943951023931955,1.3499999999999996,-0.6000000000000001,settled,4.519999999999948,-0.3090658503988659,0.0,5,5,0,nan,0.04,0.3490658503988659,9.81,1,1,9,21,41,-3.0,3.0,0.01,30.0,60.0,1e-09,1e-12,6,0.0001,1,new simulation,nan
4,30,-0.16943951023931955,1.5,-0.6000000000000001,settled,3.9499999999999598,-0.3090658503988659,0.0,5,5,0,nan,0.04,0.3490658503988659,9.81,1,1,9,21,41,-3.0,3.0,0.01,30.0,60.0,1e-09,1e-12,6,0.0001,1,new simulation,nan
4,31,-0.16943951023931955,1.6499999999999995,-0.6000000000000001,settled,5.419999999999929,-0.3090658503988659,0.0,6,6,0,nan,0.04,0.3490658503988659,9.81,1,1,9,21,41,-3.0,3.0,0.01,30.0,60.0,1e-09,1e-12,6,0.0001,1,new simulation,nan
4,32,-0.16943951023931955,1.7999999999999998,-0.6000000000000001,settled,4.719999999999944,-0.3090658503988659,0.0,6,6,0,nan,0.04,0.3490658503988659,9.81,1,1,9,21,41,-3.0,3.0,0.01,30.0,60.0,1e-09,1e-12,6,0.0001,1,new simulation,nan
4,33,-0.16943951023931955,1.9500000000000002,-0.6000000000000001,settled,4.289999999999953,-0.3090658503988659,0.0,6,6,0,nan,0.04,0.3490658503988659,9.81,1,1,9,21,41,-3.0,3.0,0.01,30.0,60.0,1e-09,1e-12,6,0.0001,1,new simulation,nan
4,34,-0.16943951023931955,2.0999999999999996,-0.6000000000000001,settled,5.9999999999999165,-0.3090658503988659,0.0,7,7,0,nan,0.04,0.3490658503988659,9.81,1,1,9,21,41,-3.0,3.0,0.01,30.0,60.0,1e-09,1e-12,6,0.0001,1,new simulation,nan
4,35,-0.16943951023931955,2.25,-0.6000000000000001,settled,5.269999999999932,-0.3090658503988659,0.0,7,7,0,nan,0.04,0.3490658503988659,9.81,1,1,9,21,41,-3.0,3.0,0.01,30.0,60.0,1e-09,1e-12,6,0.0001,1,new simulation,nan
4,36,-0.16943951023931955,2.3999999999999995,-0.6000000000000001,settled,4.859999999999941,-0.3090658503988659,0.0,7,7,0,nan,0.04,0.3490658503988659,9.81,1,1,9,21,41,-3.0,3.0,0.01,30.0,60.0,1e-09,1e-12,6,0.0001,1,new simulation,nan
4,37,-0.16943951023931955,2.55,-0.6000000000000001,settled,4.539999999999948,-0.3090658503988659,0.0,7,7,0,nan,0.04,0.3490658503988659,9.81,1,1,9,21,41,-3.0,3.0,0.01,30.0,60.0,1e-09,1e-12,6,0.0001,1,new simulation,nan
4,38,-0.16943951023931955,2.7,-0.6000000000000001,settled,6.489999999999906,-0.3090658503988659,0.0,8,8,0,nan,0.04,0.3490658503988659,9.81,1,1,9,21,41,-3.0,3.0,0.01,30.0,60.0,1e-09,1e-12,6,0.0001,1,new simulation,nan
4,39,-0.16943951023931955,2.8499999999999996,-0.6000000000000001,settled,5.729999999999922,-0.3090658503988659,0.0,8,8,0,nan,0.04,0.3490658503988659,9.81,1,1,9,21,41,-3.0,3.0,0.01,30.0,60.0,1e-09,1e-12,6,0.0001,1,new simulation,nan
4,40,-0.16943951023931955,3.0,-0.6000000000000001,settled,5.339999999999931,-0.3090658503988659,0.0,8,8,0,nan,0.04,0.3490658503988659,9.81,1,1,9,21,41,-3.0,3.0,0.01,30.0,60.0,1e-09,1e-12,6,0.0001,1,new simulation,nan
5,0,-0.13453292519943297,-3.0,-0.5000000000000001,settled,3.559999999999968,-0.3090658503988659,0.0,5,1,4,nan,0.04,0.3490658503988659,9.81,1,1,9,21,41,-3.0,3.0,0.01,30.0,60.0,1e-09,1e-12,6,0.0001,1,new simulation,nan
5,1,-0.13453292519943297,-2.85,-0.5000000000000001,settled,2.07,-0.3090658503988659,0.0,4,1,3,nan,0.04,0.3490658503988659,9.81,1,1,9,21,41,-3.0,3.0,0.01,30.0,60.0,1e-09,1e-12,6,0.0001,1,new simulation,nan
5,2,-0.13453292519943297,-2.7,-0.5000000000000001,settled,1.9100000000000015,-0.3090658503988659,0.0,4,1,3,nan,0.04,0.3490658503988659,9.81,1,1,9,21,41,-3.0,3.0,0.01,30.0,60.0,1e-09,1e-12,6,0.0001,1,new simulation,nan
5,3,-0.13453292519943297,-2.55,-0.5000000000000001,settled,1.8800000000000014,-0.3090658503988659,0.0,4,1,3,nan,0.04,0.3490658503988659,9.81,1,1,9,21,41,-3.0,3.0,0.01,30.0,60.0,1e-09,1e-12,6,0.0001,1,new simulation,nan
5,4,-0.13453292519943297,-2.4,-0.5000000000000001,settled,1.9200000000000015,-0.3090658503988659,0.0,4,1,3,nan,0.04,0.3490658503988659,9.81,1,1,9,21,41,-3.0,3.0,0.01,30.0,60.0,1e-09,1e-12,6,0.0001,1,new simulation,nan
5,5,-0.13453292519943297,-2.25,-0.5000000000000001,settled,2.0799999999999996,-0.3090658503988659,0.0,4,1,3,nan,0.04,0.3490658503988659,9.81,1,1,9,21,41,-3.0,3.0,0.01,30.0,60.0,1e-09,1e-12,6,0.0001,1,new simulation,nan
5,6,-0.13453292519943297,-2.1,-0.5000000000000001,settled,2.959999999999981,-0.3090658503988659,0.0,3,1,2,nan,0.04,0.3490658503988659,9.81,1,1,9,21,41,-3.0,3.0,0.01,30.0,60.0,1e-09,1e-12,6,0.0001,1,new simulation,nan
5,7,-0.13453292519943297,-1.95,-0.5000000000000001,settled,1.6900000000000013,-0.3090658503988659,0.0,3,1,2,nan,0.04,0.3490658503988659,9.81,1,1,9,21,41,-3.0,3.0,0.01,30.0,60.0,1e-09,1e-12,6,0.0001,1,new simulation,nan
5,8,-0.13453292519943297,-1.8,-0.5000000000000001,settled,1.5400000000000011,-0.3090658503988659,0.0,3,1,2,nan,0.04,0.3490658503988659,9.81,1,1,9,21,41,-3.0,3.0,0.01,30.0,60.0,1e-09,1e-12,6,0.0001,1,new simulation,nan
5,9,-0.13453292519943297,-1.6500000000000001,-0.5000000000000001,settled,1.5100000000000011,-0.3090658503988659,0.0,3,1,2,nan,0.04,0.3490658503988659,9.81,1,1,9,21,41,-3.0,3.0,0.01,30.0,60.0,1e-09,1e-12,6,0.0001,1,new simulation,nan
5,10,-0.13453292519943297,-1.5,-0.5000000000000001,settled,1.6000000000000012,-0.3090658503988659,0.0,3,1,2,nan,0.04,0.3490658503988659,9.81,1,1,9,21,41,-3.0,3.0,0.01,30.0,60.0,1e-09,1e-12,6,0.0001,1,new simulation,nan
5,11,-0.13453292519943297,-1.35,-0.5000000000000001,settled,2.0899999999999994,-0.3090658503988659,0.0,3,1,2,nan,0.04,0.3490658503988659,9.81,1,1,9,21,41,-3.0,3.0,0.01,30.0,60.0,1e-09,1e-12,6,0.0001,1,new simulation,nan
5,12,-0.13453292519943297,-1.2000000000000002,-0.5000000000000001,settled,1.2400000000000009,-0.3090658503988659,0.0,2,1,1,nan,0.04,0.3490658503988659,9.81,1,1,9,21,41,-3.0,3.0,0.01,30.0,60.0,1e-09,1e-12,6,0.0001,1,new simulation,nan
5,13,-0.13453292519943297,-1.05,-0.5000000000000001,settled,0.9900000000000007,-0.3090658503988659,0.0,2,1,1,nan,0.04,0.3490658503988659,9.81,1,1,9,21,41,-3.0,3.0,0.01,30.0,60.0,1e-09,1e-12,6,0.0001,1,new simulation,nan
5,14,-0.13453292519943297,-0.8999999999999999,-0.5000000000000001,settled,0.8600000000000005,-0.3090658503988659,0.0,2,1,1,nan,0.04,0.3490658503988659,9.81,1,1,9,21,41,-3.0,3.0,0.01,30.0,60.0,1e-09,1e-12,6,0.0001,1,new simulation,nan
5,15,-0.13453292519943297,-0.75,-0.5000000000000001,settled,0.7900000000000005,-0.3090658503988659,0.0,2,1,1,nan,0.04,0.3490658503988659,9.81,1,1,9,21,41,-3.0,3.0,0.01,30.0,60.0,1e-09,1e-12,6,0.0001,1,new simulation,nan
5,16,-0.13453292519943297,-0.6000000000000001,-0.5000000000000001,settled,0.7500000000000004,-0.3090658503988659,0.0,2,1,1,nan,0.04,0.3490658503988659,9.81,1,1,9,21,41,-3.0,3.0,0.01,30.0,60.0,1e-09,1e-12,6,0.0001,1,new simulation,nan
5,17,-0.13453292519943297,-0.4500000000000002,-0.5000000000000001,settled,0.7300000000000004,-0.3090658503988659,0.0,2,1,1,nan,0.04,0.3490658503988659,9.81,1,1,9,21,41,-3.0,3.0,0.01,30.0,60.0,1e-09,1e-12,6,0.0001,1,new simulation,nan
5,18,-0.13453292519943297,-0.30000000000000027,-0.5000000000000001,settled,0.7400000000000004,-0.3090658503988659,0.0,2,1,1,nan,0.04,0.3490658503988659,9.81,1,1,9,21,41,-3.0,3.0,0.01,30.0,60.0,1e-09,1e-12,6,0.0001,1,new simulation,nan
5,19,-0.13453292519943297,-0.1499999999999999,-0.5000000000000001,settled,0.7900000000000005,-0.3090658503988659,0.0,2,1,1,nan,0.04,0.3490658503988659,9.81,1,1,9,21,41,-3.0,3.0,0.01,30.0,60.0,1e-09,1e-12,6,0.0001,1,new simulation,nan
5,20,-0.13453292519943297,0.0,-0.5000000000000001,settled,0.8800000000000006,-0.3090658503988659,0.0,2,1,1,nan,0.04,0.3490658503988659,9.81,1,1,9,21,41,-3.0,3.0,0.01,30.0,60.0,1e-09,1e-12,6,0.0001,1,new simulation,nan
5,21,-0.13453292519943297,0.1499999999999999,-0.5000000000000001,settled,1.0300000000000007,-0.3090658503988659,0.0,2,1,1,nan,0.04,0.3490658503988659,9.81,1,1,9,21,41,-3.0,3.0,0.01,30.0,60.0,1e-09,1e-12,6,0.0001,1,new simulation,nan
5,22,-0.13453292519943297,0.2999999999999998,-0.5000000000000001,settled,1.310000000000001,-0.3090658503988659,0.0,2,1,1,nan,0.04,0.3490658503988659,9.81,1,1,9,21,41,-3.0,3.0,0.01,30.0,60.0,1e-09,1e-12,6,0.0001,1,new simulation,nan
5,23,-0.13453292519943297,0.44999999999999973,-0.5000000000000001,settled,1.420000000000001,-0.3090658503988659,0.0,1,1,0,nan,0.04,0.3490658503988659,9.81,1,1,9,21,41,-3.0,3.0,0.01,30.0,60.0,1e-09,1e-12,6,0.0001,1,new simulation,nan
5,24,-0.13453292519943297,0.5999999999999996,-0.5000000000000001,settled,2.389999999999993,-0.3090658503988659,0.0,2,2,0,nan,0.04,0.3490658503988659,9.81,1,1,9,21,41,-3.0,3.0,0.01,30.0,60.0,1e-09,1e-12,6,0.0001,1,new simulation,nan
5,25,-0.13453292519943297,0.75,-0.5000000000000001,settled,3.47999999999997,-0.3090658503988659,0.0,3,3,0,nan,0.04,0.3490658503988659,9.81,1,1,9,21,41,-3.0,3.0,0.01,30.0,60.0,1e-09,1e-12,6,0.0001,1,new simulation,nan
5,26,-0.13453292519943297,0.8999999999999999,-0.5000000000000001,settled,2.6899999999999866,-0.3090658503988659,0.0,3,3,0,nan,0.04,0.3490658503988659,9.81,1,1,9,21,41,-3.0,3.0,0.01,30.0,60.0,1e-09,1e-12,6,0.0001,1,new simulation,nan
5,27,-0.13453292519943297,1.0499999999999998,-0.5000000000000001,settled,3.7299999999999645,-0.3090658503988659,0.0,4,4,0,nan,0.04,0.3490658503988659,9.81,1,1,9,21,41,-3.0,3.0,0.01,30.0,60.0,1e-09,1e-12,6,0.0001,1,new simulation,nan
5,28,-0.13453292519943297,1.2000000000000002,-0.5000000000000001,settled,5.649999999999924,-0.3090658503988659,0.0,5,5,0,nan,0.04,0.3490658503988659,9.81,1,1,9,21,41,-3.0,3.0,0.01,30.0,60.0,1e-09,1e-12,6,0.0001,1,new simulation,nan
5,29,-0.13453292519943297,1.3499999999999996,-0.5000000000000001,settled,4.319999999999952,-0.3090658503988659,0.0,5,5,0,nan,0.04,0.3490658503988659,9.81,1,1,9,21,41,-3.0,3.0,0.01,30.0,60.0,1e-09,1e-12,6,0.0001,1,new simulation,nan
5,30,-0.13453292519943297,1.5,-0.5000000000000001,settled,3.8199999999999625,-0.3090658503988659,0.0,5,5,0,nan,0.04,0.3490658503988659,9.81,1,1,9,21,41,-3.0,3.0,0.01,30.0,60.0,1e-09,1e-12,6,0.0001,1,new simulation,nan
5,31,-0.13453292519943297,1.6499999999999995,-0.5000000000000001,settled,5.199999999999934,-0.3090658503988659,0.0,6,6,0,nan,0.04,0.3490658503988659,9.81,1,1,9,21,41,-3.0,3.0,0.01,30.0,60.0,1e-09,1e-12,6,0.0001,1,new simulation,nan
5,32,-0.13453292519943297,1.7999999999999998,-0.5000000000000001,settled,4.599999999999946,-0.3090658503988659,0.0,6,6,0,nan,0.04,0.3490658503988659,9.81,1,1,9,21,41,-3.0,3.0,0.01,30.0,60.0,1e-09,1e-12,6,0.0001,1,new simulation,nan
5,33,-0.13453292519943297,1.9500000000000002,-0.5000000000000001,settled,4.209999999999955,-0.3090658503988659,0.0,6,6,0,nan,0.04,0.3490658503988659,9.81,1,1,9,21,41,-3.0,3.0,0.01,30.0,60.0,1e-09,1e-12,6,0.0001,1,new simulation,nan
5,34,-0.13453292519943297,2.0999999999999996,-0.5000000000000001,settled,5.799999999999921,-0.3090658503988659,0.0,7,7,0,nan,0.04,0.3490658503988659,9.81,1,1,9,21,41,-3.0,3.0,0.01,30.0,60.0,1e-09,1e-12,6,0.0001,1,new simulation,nan
5,35,-0.13453292519943297,2.25,-0.5000000000000001,settled,5.179999999999934,-0.3090658503988659,0.0,7,7,0,nan,0.04,0.3490658503988659,9.81,1,1,9,21,41,-3.0,3.0,0.01,30.0,60.0,1e-09,1e-12,6,0.0001,1,new simulation,nan
5,36,-0.13453292519943297,2.3999999999999995,-0.5000000000000001,settled,4.789999999999942,-0.3090658503988659,0.0,7,7,0,nan,0.04,0.3490658503988659,9.81,1,1,9,21,41,-3.0,3.0,0.01,30.0,60.0,1e-09,1e-12,6,0.0001,1,new simulation,nan
5,37,-0.13453292519943297,2.55,-0.5000000000000001,settled,4.489999999999949,-0.3090658503988659,0.0,7,7,0,nan,0.04,0.3490658503988659,9.81,1,1,9,21,41,-3.0,3.0,0.01,30.0,60.0,1e-09,1e-12,6,0.0001,1,new simulation,nan
5,38,-0.13453292519943297,2.7,-0.5000000000000001,settled,6.30999999999991,-0.3090658503988659,0.0,8,8,0,nan,0.04,0.3490658503988659,9.81,1,1,9,21,41,-3.0,3.0,0.01,30.0,60.0,1e-09,1e-12,6,0.0001,1,new simulation,nan
5,39,-0.13453292519943297,2.8499999999999996,-0.5000000000000001,settled,5.659999999999924,-0.3090658503988659,0.0,8,8,0,nan,0.04,0.3490658503988659,9.81,1,1,9,21,41,-3.0,3.0,0.01,30.0,60.0,1e-09,1e-12,6,0.0001,1,new simulation,nan
5,40,-0.13453292519943297,3.0,-0.5000000000000001,settled,5.289999999999932,-0.3090658503988659,0.0,8,8,0,nan,0.04,0.3490658503988659,9.81,1,1,9,21,41,-3.0,3.0,0.01,30.0,60.0,1e-09,1e-12,6,0.0001,1,new simulation,nan
6,0,-0.09962634015954636,-3.0,-0.4,settled,3.099999999999978,-0.3090658503988659,0.0,5,1,4,nan,0.04,0.3490658503988659,9.81,1,1,9,21,41,-3.0,3.0,0.01,30.0,60.0,1e-09,1e-12,6,0.0001,1,new simulation,nan
6,1,-0.09962634015954636,-2.85,-0.4,settled,2.109999999999999,-0.3090658503988659,0.0,4,1,3,nan,0.04,0.3490658503988659,9.81,1,1,9,21,41,-3.0,3.0,0.01,30.0,60.0,1e-09,1e-12,6,0.0001,1,new simulation,nan
6,2,-0.09962634015954636,-2.7,-0.4,settled,1.9400000000000015,-0.3090658503988659,0.0,4,1,3,nan,0.04,0.3490658503988659,9.81,1,1,9,21,41,-3.0,3.0,0.01,30.0,60.0,1e-09,1e-12,6,0.0001,1,new simulation,nan
6,3,-0.09962634015954636,-2.55,-0.4,settled,1.8900000000000015,-0.3090658503988659,0.0,4,1,3,nan,0.04,0.3490658503988659,9.81,1,1,9,21,41,-3.0,3.0,0.01,30.0,60.0,1e-09,1e-12,6,0.0001,1,new simulation,nan
6,4,-0.09962634015954636,-2.4,-0.4,settled,1.9300000000000015,-0.3090658503988659,0.0,4,1,3,nan,0.04,0.3490658503988659,9.81,1,1,9,21,41,-3.0,3.0,0.01,30.0,60.0,1e-09,1e-12,6,0.0001,1,new simulation,nan
6,5,-0.09962634015954636,-2.25,-0.4,settled,2.07,-0.3090658503988659,0.0,4,1,3,nan,0.04,0.3490658503988659,9.81,1,1,9,21,41,-3.0,3.0,0.01,30.0,60.0,1e-09,1e-12,6,0.0001,1,new simulation,nan
6,6,-0.09962634015954636,-2.1,-0.4,settled,2.759999999999985,-0.3090658503988659,0.0,4,1,3,nan,0.04,0.3490658503988659,9.81,1,1,9,21,41,-3.0,3.0,0.01,30.0,60.0,1e-09,1e-12,6,0.0001,1,new simulation,nan
6,7,-0.09962634015954636,-1.95,-0.4,settled,1.7500000000000013,-0.3090658503988659,0.0,3,1,2,nan,0.04,0.3490658503988659,9.81,1,1,9,21,41,-3.0,3.0,0.01,30.0,60.0,1e-09,1e-12,6,0.0001,1,new simulation,nan
6,8,-0.09962634015954636,-1.8,-0.4,settled,1.5700000000000012,-0.3090658503988659,0.0,3,1,2,nan,0.04,0.3490658503988659,9.81,1,1,9,21,41,-3.0,3.0,0.01,30.0,60.0,1e-09,1e-12,6,0.0001,1,new simulation,nan
6,9,-0.09962634015954636,-1.6500000000000001,-0.4,settled,1.5300000000000011,-0.3090658503988659,0.0,3,1,2,nan,0.04,0.3490658503988659,9.81,1,1,9,21,41,-3.0,3.0,0.01,30.0,60.0,1e-09,1e-12,6,0.0001,1,new simulation,nan
6,10,-0.09962634015954636,-1.5,-0.4,settled,1.5900000000000012,-0.3090658503988659,0.0,3,1,2,nan,0.04,0.3490658503988659,9.81,1,1,9,21,41,-3.0,3.0,0.01,30.0,60.0,1e-09,1e-12,6,0.0001,1,new simulation,nan
6,11,-0.09962634015954636,-1.35,-0.4,settled,1.9100000000000015,-0.3090658503988659,0.0,3,1,2,nan,0.04,0.3490658503988659,9.81,1,1,9,21,41,-3.0,3.0,0.01,30.0,60.0,1e-09,1e-12,6,0.0001,1,new simulation,nan
6,12,-0.09962634015954636,-1.2000000000000002,-0.4,settled,1.360000000000001,-0.3090658503988659,0.0,2,1,1,nan,0.04,0.3490658503988659,9.81,1,1,9,21,41,-3.0,3.0,0.01,30.0,60.0,1e-09,1e-12,6,0.0001,1,new simulation,nan
6,13,-0.09962634015954636,-1.05,-0.4,settled,1.0700000000000007,-0.3090658503988659,0.0,2,1,1,nan,0.04,0.3490658503988659,9.81,1,1,9,21,41,-3.0,3.0,0.01,30.0,60.0,1e-09,1e-12,6,0.0001,1,new simulation,nan
6,14,-0.09962634015954636,-0.8999999999999999,-0.4,settled,0.9300000000000006,-0.3090658503988659,0.0,2,1,1,nan,0.04,0.3490658503988659,9.81,1,1,9,21,41,-3.0,3.0,0.01,30.0,60.0,1e-09,1e-12,6,0.0001,1,new simulation,nan
6,15,-0.09962634015954636,-0.75,-0.4,settled,0.8500000000000005,-0.3090658503988659,0.0,2,1,1,nan,0.04,0.3490658503988659,9.81,1,1,9,21,41,-3.0,3.0,0.01,30.0,60.0,1e-09,1e-12,6,0.0001,1,new simulation,nan
6,16,-0.09962634015954636,-0.6000000000000001,-0.4,settled,0.8200000000000005,-0.3090658503988659,0.0,2,1,1,nan,0.04,0.3490658503988659,9.81,1,1,9,21,41,-3.0,3.0,0.01,30.0,60.0,1e-09,1e-12,6,0.0001,1,new simulation,nan
6,17,-0.09962634015954636,-0.4500000000000002,-0.4,settled,0.8100000000000005,-0.3090658503988659,0.0,2,1,1,nan,0.04,0.3490658503988659,9.81,1,1,9,21,41,-3.0,3.0,0.01,30.0,60.0,1e-09,1e-12,6,0.0001,1,new simulation,nan
6,18,-0.09962634015954636,-0.30000000000000027,-0.4,settled,0.8300000000000005,-0.3090658503988659,0.0,2,1,1,nan,0.04,0.3490658503988659,9.81,1,1,9,21,41,-3.0,3.0,0.01,30.0,60.0,1e-09,1e-12,6,0.0001,1,new simulation,nan
6,19,-0.09962634015954636,-0.1499999999999999,-0.4,settled,0.8900000000000006,-0.3090658503988659,0.0,2,1,1,nan,0.04,0.3490658503988659,9.81,1,1,9,21,41,-3.0,3.0,0.01,30.0,60.0,1e-09,1e-12,6,0.0001,1,new simulation,nan
6,20,-0.09962634015954636,0.0,-0.4,settled,1.0100000000000007,-0.3090658503988659,0.0,2,1,1,nan,0.04,0.3490658503988659,9.81,1,1,9,21,41,-3.0,3.0,0.01,30.0,60.0,1e-09,1e-12,6,0.0001,1,new simulation,nan
6,21,-0.09962634015954636,0.1499999999999999,-0.4,settled,1.2300000000000009,-0.3090658503988659,0.0,2,1,1,nan,0.04,0.3490658503988659,9.81,1,1,9,21,41,-3.0,3.0,0.01,30.0,60.0,1e-09,1e-12,6,0.0001,1,new simulation,nan
6,22,-0.09962634015954636,0.2999999999999998,-0.4,settled,2.0899999999999994,-0.3090658503988659,0.0,2,1,1,nan,0.04,0.3490658503988659,9.81,1,1,9,21,41,-3.0,3.0,0.01,30.0,60.0,1e-09,1e-12,6,0.0001,1,new simulation,nan
6,23,-0.09962634015954636,0.44999999999999973,-0.4,settled,0.9300000000000006,-0.3090658503988659,0.0,1,1,0,nan,0.04,0.3490658503988659,9.81,1,1,9,21,41,-3.0,3.0,0.01,30.0,60.0,1e-09,1e-12,6,0.0001,1,new simulation,nan
6,24,-0.09962634015954636,0.5999999999999996,-0.4,settled,2.0000000000000013,-0.3090658503988659,0.0,2,2,0,nan,0.04,0.3490658503988659,9.81,1,1,9,21,41,-3.0,3.0,0.01,30.0,60.0,1e-09,1e-12,6,0.0001,1,new simulation,nan
6,25,-0.09962634015954636,0.75,-0.4,settled,3.0599999999999787,-0.3090658503988659,0.0,3,3,0,nan,0.04,0.3490658503988659,9.81,1,1,9,21,41,-3.0,3.0,0.01,30.0,60.0,1e-09,1e-12,6,0.0001,1,new simulation,nan
6,26,-0.09962634015954636,0.8999999999999999,-0.4,settled,4.469999999999949,-0.3090658503988659,0.0,4,4,0,nan,0.04,0.3490658503988659,9.81,1,1,9,21,41,-3.0,3.0,0.01,30.0,60.0,1e-09,1e-12,6,0.0001,1,new simulation,nan
6,27,-0.09962634015954636,1.0499999999999998,-0.4,settled,3.5399999999999685,-0.3090658503988659,0.0,4,4,0,nan,0.04,0.3490658503988659,9.81,1,1,9,21,41,-3.0,3.0,0.01,30.0,60.0,1e-09,1e-12,6,0.0001,1,new simulation,nan
6,28,-0.09962634015954636,1.2000000000000002,-0.4,settled,5.009999999999938,-0.3090658503988659,0.0,5,5,0,nan,0.04,0.3490658503988659,9.81,1,1,9,21,41,-3.0,3.0,0.01,30.0,60.0,1e-09,1e-12,6,0.0001,1,new simulation,nan
6,29,-0.09962634015954636,1.3499999999999996,-0.4,settled,4.179999999999955,-0.3090658503988659,0.0,5,5,0,nan,0.04,0.3490658503988659,9.81,1,1,9,21,41,-3.0,3.0,0.01,30.0,60.0,1e-09,1e-12,6,0.0001,1,new simulation,nan
6,30,-0.09962634015954636,1.5,-0.4,settled,3.7299999999999645,-0.3090658503988659,0.0,5,5,0,nan,0.04,0.3490658503988659,9.81,1,1,9,21,41,-3.0,3.0,0.01,30.0,60.0,1e-09,1e-12,6,0.0001,1,new simulation,nan
6,31,-0.09962634015954636,1.6499999999999995,-0.4,settled,5.049999999999937,-0.3090658503988659,0.0,6,6,0,nan,0.04,0.3490658503988659,9.81,1,1,9,21,41,-3.0,3.0,0.01,30.0,60.0,1e-09,1e-12,6,0.0001,1,new simulation,nan
6,32,-0.09962634015954636,1.7999999999999998,-0.4,settled,4.519999999999948,-0.3090658503988659,0.0,6,6,0,nan,0.04,0.3490658503988659,9.81,1,1,9,21,41,-3.0,3.0,0.01,30.0,60.0,1e-09,1e-12,6,0.0001,1,new simulation,nan
6,33,-0.09962634015954636,1.9500000000000002,-0.4,settled,4.149999999999956,-0.3090658503988659,0.0,6,6,0,nan,0.04,0.3490658503988659,9.81,1,1,9,21,41,-3.0,3.0,0.01,30.0,60.0,1e-09,1e-12,6,0.0001,1,new simulation,nan
6,34,-0.09962634015954636,2.0999999999999996,-0.4,settled,5.679999999999923,-0.3090658503988659,0.0,7,7,0,nan,0.04,0.3490658503988659,9.81,1,1,9,21,41,-3.0,3.0,0.01,30.0,60.0,1e-09,1e-12,6,0.0001,1,new simulation,nan
6,35,-0.09962634015954636,2.25,-0.4,settled,5.119999999999935,-0.3090658503988659,0.0,7,7,0,nan,0.04,0.3490658503988659,9.81,1,1,9,21,41,-3.0,3.0,0.01,30.0,60.0,1e-09,1e-12,6,0.0001,1,new simulation,nan
6,36,-0.09962634015954636,2.3999999999999995,-0.4,settled,4.739999999999943,-0.3090658503988659,0.0,7,7,0,nan,0.04,0.3490658503988659,9.81,1,1,9,21,41,-3.0,3.0,0.01,30.0,60.0,1e-09,1e-12,6,0.0001,1,new simulation,nan
6,37,-0.09962634015954636,2.55,-0.4,settled,4.4499999999999496,-0.3090658503988659,0.0,7,7,0,nan,0.04,0.3490658503988659,9.81,1,1,9,21,41,-3.0,3.0,0.01,30.0,60.0,1e-09,1e-12,6,0.0001,1,new simulation,nan
6,38,-0.09962634015954636,2.7,-0.4,settled,6.199999999999912,-0.3090658503988659,0.0,8,8,0,nan,0.04,0.3490658503988659,9.81,1,1,9,21,41,-3.0,3.0,0.01,30.0,60.0,1e-09,1e-12,6,0.0001,1,new simulation,nan
6,39,-0.09962634015954636,2.8499999999999996,-0.4,settled,5.609999999999925,-0.3090658503988659,0.0,8,8,0,nan,0.04,0.3490658503988659,9.81,1,1,9,21,41,-3.0,3.0,0.01,30.0,60.0,1e-09,1e-12,6,0.0001,1,new simulation,nan
6,40,-0.09962634015954636,3.0,-0.4,settled,5.2499999999999325,-0.3090658503988659,0.0,8,8,0,nan,0.04,0.3490658503988659,9.81,1,1,9,21,41,-3.0,3.0,0.01,30.0,60.0,1e-09,1e-12,6,0.0001,1,new simulation,nan
7,0,-0.06471975511965977,-3.0,-0.30000000000000004,settled,2.9699999999999807,-0.3090658503988659,0.0,5,1,4,nan,0.04,0.3490658503988659,9.81,1,1,9,21,41,-3.0,3.0,0.01,30.0,60.0,1e-09,1e-12,6,0.0001,1,new simulation,nan
7,1,-0.06471975511965977,-2.85,-0.30000000000000004,settled,2.1399999999999983,-0.3090658503988659,0.0,4,1,3,nan,0.04,0.3490658503988659,9.81,1,1,9,21,41,-3.0,3.0,0.01,30.0,60.0,1e-09,1e-12,6,0.0001,1,new simulation,nan
7,2,-0.06471975511965977,-2.7,-0.30000000000000004,settled,1.9600000000000015,-0.3090658503988659,0.0,4,1,3,nan,0.04,0.3490658503988659,9.81,1,1,9,21,41,-3.0,3.0,0.01,30.0,60.0,1e-09,1e-12,6,0.0001,1,new simulation,nan
7,3,-0.06471975511965977,-2.55,-0.30000000000000004,settled,1.9100000000000015,-0.3090658503988659,0.0,4,1,3,nan,0.04,0.3490658503988659,9.81,1,1,9,21,41,-3.0,3.0,0.01,30.0,60.0,1e-09,1e-12,6,0.0001,1,new simulation,nan
7,4,-0.06471975511965977,-2.4,-0.30000000000000004,settled,1.9300000000000015,-0.3090658503988659,0.0,4,1,3,nan,0.04,0.3490658503988659,9.81,1,1,9,21,41,-3.0,3.0,0.01,30.0,60.0,1e-09,1e-12,6,0.0001,1,new simulation,nan
7,5,-0.06471975511965977,-2.25,-0.30000000000000004,settled,2.06,-0.3090658503988659,0.0,4,1,3,nan,0.04,0.3490658503988659,9.81,1,1,9,21,41,-3.0,3.0,0.01,30.0,60.0,1e-09,1e-12,6,0.0001,1,new simulation,nan
7,6,-0.06471975511965977,-2.1,-0.30000000000000004,settled,2.5899999999999888,-0.3090658503988659,0.0,4,1,3,nan,0.04,0.3490658503988659,9.81,1,1,9,21,41,-3.0,3.0,0.01,30.0,60.0,1e-09,1e-12,6,0.0001,1,new simulation,nan
7,7,-0.06471975511965977,-1.95,-0.30000000000000004,settled,1.8000000000000014,-0.3090658503988659,0.0,3,1,2,nan,0.04,0.3490658503988659,9.81,1,1,9,21,41,-3.0,3.0,0.01,30.0,60.0,1e-09,1e-12,6,0.0001,1,new simulation,nan
7,8,-0.06471975511965977,-1.8,-0.30000000000000004,settled,1.6000000000000012,-0.3090658503988659,0.0,3,1,2,nan,0.04,0.3490658503988659,9.81,1,1,9,21,41,-3.0,3.0,0.01,30.0,60.0,1e-09,1e-12,6,0.0001,1,new simulation,nan
7,9,-0.06471975511965977,-1.6500000000000001,-0.30000000000000004,settled,1.5500000000000012,-0.3090658503988659,0.0,3,1,2,nan,0.04,0.3490658503988659,9.81,1,1,9,21,41,-3.0,3.0,0.01,30.0,60.0,1e-09,1e-12,6,0.0001,1,new simulation,nan
7,10,-0.06471975511965977,-1.5,-0.30000000000000004,settled,1.6000000000000012,-0.3090658503988659,0.0,3,1,2,nan,0.04,0.3490658503988659,9.81,1,1,9,21,41,-3.0,3.0,0.01,30.0,60.0,1e-09,1e-12,6,0.0001,1,new simulation,nan
7,11,-0.06471975511965977,-1.35,-0.30000000000000004,settled,1.8500000000000014,-0.3090658503988659,0.0,3,1,2,nan,0.04,0.3490658503988659,9.81,1,1,9,21,41,-3.0,3.0,0.01,30.0,60.0,1e-09,1e-12,6,0.0001,1,new simulation,nan
7,12,-0.06471975511965977,-1.2000000000000002,-0.30000000000000004,settled,1.490000000000001,-0.3090658503988659,0.0,2,1,1,nan,0.04,0.3490658503988659,9.81,1,1,9,21,41,-3.0,3.0,0.01,30.0,60.0,1e-09,1e-12,6,0.0001,1,new simulation,nan
7,13,-0.06471975511965977,-1.05,-0.30000000000000004,settled,1.1300000000000008,-0.3090658503988659,0.0,2,1,1,nan,0.04,0.3490658503988659,9.81,1,1,9,21,41,-3.0,3.0,0.01,30.0,60.0,1e-09,1e-12,6,0.0001,1,new simulation,nan
7,14,-0.06471975511965977,-0.8999999999999999,-0.30000000000000004,settled,0.9900000000000007,-0.3090658503988659,0.0,2,1,1,nan,0.04,0.3490658503988659,9.81,1,1,9,21,41,-3.0,3.0,0.01,30.0,60.0,1e-09,1e-12,6,0.0001,1,new simulation,nan
7,15,-0.06471975511965977,-0.75,-0.30000000000000004,settled,0.9200000000000006,-0.3090658503988659,0.0,2,1,1,nan,0.04,0.3490658503988659,9.81,1,1,9,21,41,-3.0,3.0,0.01,30.0,60.0,1e-09,1e-12,6,0.0001,1,new simulation,nan
7,16,-0.06471975511965977,-0.6000000000000001,-0.30000000000000004,settled,0.8800000000000006,-0.3090658503988659,0.0,2,1,1,nan,0.04,0.3490658503988659,9.81,1,1,9,21,41,-3.0,3.0,0.01,30.0,60.0,1e-09,1e-12,6,0.0001,1,new simulation,nan
7,17,-0.06471975511965977,-0.4500000000000002,-0.30000000000000004,settled,0.8800000000000006,-0.3090658503988659,0.0,2,1,1,nan,0.04,0.3490658503988659,9.81,1,1,9,21,41,-3.0,3.0,0.01,30.0,60.0,1e-09,1e-12,6,0.0001,1,new simulation,nan
7,18,-0.06471975511965977,-0.30000000000000027,-0.30000000000000004,settled,0.9200000000000006,-0.3090658503988659,0.0,2,1,1,nan,0.04,0.3490658503988659,9.81,1,1,9,21,41,-3.0,3.0,0.01,30.0,60.0,1e-09,1e-12,6,0.0001,1,new simulation,nan
7,19,-0.06471975511965977,-0.1499999999999999,-0.30000000000000004,settled,1.0000000000000007,-0.3090658503988659,0.0,2,1,1,nan,0.04,0.3490658503988659,9.81,1,1,9,21,41,-3.0,3.0,0.01,30.0,60.0,1e-09,1e-12,6,0.0001,1,new simulation,nan
7,20,-0.06471975511965977,0.0,-0.30000000000000004,settled,1.1700000000000008,-0.3090658503988659,0.0,2,1,1,nan,0.04,0.3490658503988659,9.81,1,1,9,21,41,-3.0,3.0,0.01,30.0,60.0,1e-09,1e-12,6,0.0001,1,new simulation,nan
7,21,-0.06471975511965977,0.1499999999999999,-0.30000000000000004,settled,1.6100000000000012,-0.3090658503988659,0.0,2,1,1,nan,0.04,0.3490658503988659,9.81,1,1,9,21,41,-3.0,3.0,0.01,30.0,60.0,1e-09,1e-12,6,0.0001,1,new simulation,nan
7,22,-0.06471975511965977,0.2999999999999998,-0.30000000000000004,settled,1.0400000000000007,-0.3090658503988659,0.0,1,1,0,nan,0.04,0.3490658503988659,9.81,1,1,9,21,41,-3.0,3.0,0.01,30.0,60.0,1e-09,1e-12,6,0.0001,1,new simulation,nan
7,23,-0.06471975511965977,0.44999999999999973,-0.30000000000000004,settled,2.4199999999999924,-0.3090658503988659,0.0,2,2,0,nan,0.04,0.3490658503988659,9.81,1,1,9,21,41,-3.0,3.0,0.01,30.0,60.0,1e-09,1e-12,6,0.0001,1,new simulation,nan
7,24,-0.06471975511965977,0.5999999999999996,-0.30000000000000004,settled,5.289999999999932,-0.3090658503988659,0.0,3,3,0,nan,0.04,0.3490658503988659,9.81,1,1,9,21,41,-3.0,3.0,0.01,30.0,60.0,1e-09,1e-12,6,0.0001,1,new simulation,nan
7,25,-0.06471975511965977,0.75,-0.30000000000000004,settled,2.849999999999983,-0.3090658503988659,0.0,3,3,0,nan,0.04,0.3490658503988659,9.81,1,1,9,21,41,-3.0,3.0,0.01,30.0,60.0,1e-09,1e-12,6,0.0001,1,new simulation,nan
7,26,-0.06471975511965977,0.8999999999999999,-0.30000000000000004,settled,4.119999999999957,-0.3090658503988659,0.0,4,4,0,nan,0.04,0.3490658503988659,9.81,1,1,9,21,41,-3.0,3.0,0.01,30.0,60.0,1e-09,1e-12,6,0.0001,1,new simulation,nan
7,27,-0.06471975511965977,1.0499999999999998,-0.30000000000000004,settled,3.4099999999999713,-0.3090658503988659,0.0,4,4,0,nan,0.04,0.3490658503988659,9.81,1,1,9,21,41,-3.0,3.0,0.01,30.0,60.0,1e-09,1e-12,6,0.0001,1,new simulation,nan
7,28,-0.06471975511965977,1.2000000000000002,-0.30000000000000004,settled,4.7799999999999425,-0.3090658503988659,0.0,5,5,0,nan,0.04,0.3490658503988659,9.81,1,1,9,21,41,-3.0,3.0,0.01,30.0,60.0,1e-09,1e-12,6,0.0001,1,new simulation,nan
7,29,-0.06471975511965977,1.3499999999999996,-0.30000000000000004,settled,4.079999999999957,-0.3090658503988659,0.0,5,5,0,nan,0.04,0.3490658503988659,9.81,1,1,9,21,41,-3.0,3.0,0.01,30.0,60.0,1e-09,1e-12,6,0.0001,1,new simulation,nan
7,30,-0.06471975511965977,1.5,-0.30000000000000004,settled,3.659999999999966,-0.3090658503988659,0.0,5,5,0,nan,0.04,0.3490658503988659,9.81,1,1,9,21,41,-3.0,3.0,0.01,30.0,60.0,1e-09,1e-12,6,0.0001,1,new simulation,nan
7,31,-0.06471975511965977,1.6499999999999995,-0.30000000000000004,settled,4.959999999999939,-0.3090658503988659,0.0,6,6,0,nan,0.04,0.3490658503988659,9.81,1,1,9,21,41,-3.0,3.0,0.01,30.0,60.0,1e-09,1e-12,6,0.0001,1,new simulation,nan
7,32,-0.06471975511965977,1.7999999999999998,-0.30000000000000004,settled,4.459999999999949,-0.3090658503988659,0.0,6,6,0,nan,0.04,0.3490658503988659,9.81,1,1,9,21,41,-3.0,3.0,0.01,30.0,60.0,1e-09,1e-12,6,0.0001,1,new simulation,nan
7,33,-0.06471975511965977,1.9500000000000002,-0.30000000000000004,settled,4.099999999999957,-0.3090658503988659,0.0,6,6,0,nan,0.04,0.3490658503988659,9.81,1,1,9,21,41,-3.0,3.0,0.01,30.0,60.0,1e-09,1e-12,6,0.0001,1,new simulation,nan
7,34,-0.06471975511965977,2.0999999999999996,-0.30000000000000004,settled,5.589999999999925,-0.3090658503988659,0.0,7,7,0,nan,0.04,0.3490658503988659,9.81,1,1,9,21,41,-3.0,3.0,0.01,30.0,60.0,1e-09,1e-12,6,0.0001,1,new simulation,nan
7,35,-0.06471975511965977,2.25,-0.30000000000000004,settled,5.0599999999999365,-0.3090658503988659,0.0,7,7,0,nan,0.04,0.3490658503988659,9.81,1,1,9,21,41,-3.0,3.0,0.01,30.0,60.0,1e-09,1e-12,6,0.0001,1,new simulation,nan
7,36,-0.06471975511965977,2.3999999999999995,-0.30000000000000004,settled,4.699999999999944,-0.3090658503988659,0.0,7,7,0,nan,0.04,0.3490658503988659,9.81,1,1,9,21,41,-3.0,3.0,0.01,30.0,60.0,1e-09,1e-12,6,0.0001,1,new simulation,nan
7,37,-0.06471975511965977,2.55,-0.30000000000000004,settled,4.40999999999995,-0.3090658503988659,0.0,7,7,0,nan,0.04,0.3490658503988659,9.81,1,1,9,21,41,-3.0,3.0,0.01,30.0,60.0,1e-09,1e-12,6,0.0001,1,new simulation,nan
7,38,-0.06471975511965977,2.7,-0.30000000000000004,settled,6.129999999999914,-0.3090658503988659,0.0,8,8,0,nan,0.04,0.3490658503988659,9.81,1,1,9,21,41,-3.0,3.0,0.01,30.0,60.0,1e-09,1e-12,6,0.0001,1,new simulation,nan
7,39,-0.06471975511965977,2.8499999999999996,-0.30000000000000004,settled,5.569999999999926,-0.3090658503988659,0.0,8,8,0,nan,0.04,0.3490658503988659,9.81,1,1,9,21,41,-3.0,3.0,0.01,30.0,60.0,1e-09,1e-12,6,0.0001,1,new simulation,nan
7,40,-0.06471975511965977,3.0,-0.30000000000000004,settled,5.219999999999933,-0.3090658503988659,0.0,8,8,0,nan,0.04,0.3490658503988659,9.81,1,1,9,21,41,-3.0,3.0,0.01,30.0,60.0,1e-09,1e-12,6,0.0001,1,new simulation,nan
8,0,-0.029813170079773188,-3.0,-0.20000000000000004,settled,2.9199999999999817,-0.3090658503988659,0.0,5,1,4,nan,0.04,0.3490658503988659,9.81,1,1,9,21,41,-3.0,3.0,0.01,30.0,60.0,1e-09,1e-12,6,0.0001,1,new simulation,nan
8,1,-0.029813170079773188,-2.85,-0.20000000000000004,settled,2.1699999999999977,-0.3090658503988659,0.0,4,1,3,nan,0.04,0.3490658503988659,9.81,1,1,9,21,41,-3.0,3.0,0.01,30.0,60.0,1e-09,1e-12,6,0.0001,1,new simulation,nan
8,2,-0.029813170079773188,-2.7,-0.20000000000000004,settled,1.9700000000000015,-0.3090658503988659,0.0,4,1,3,nan,0.04,0.3490658503988659,9.81,1,1,9,21,41,-3.0,3.0,0.01,30.0,60.0,1e-09,1e-12,6,0.0001,1,new simulation,nan
8,3,-0.029813170079773188,-2.55,-0.20000000000000004,settled,1.9200000000000015,-0.3090658503988659,0.0,4,1,3,nan,0.04,0.3490658503988659,9.81,1,1,9,21,41,-3.0,3.0,0.01,30.0,60.0,1e-09,1e-12,6,0.0001,1,new simulation,nan
8,4,-0.029813170079773188,-2.4,-0.20000000000000004,settled,1.9500000000000015,-0.3090658503988659,0.0,4,1,3,nan,0.04,0.3490658503988659,9.81,1,1,9,21,41,-3.0,3.0,0.01,30.0,60.0,1e-09,1e-12,6,0.0001,1,new simulation,nan
8,5,-0.029813170079773188,-2.25,-0.20000000000000004,settled,2.07,-0.3090658503988659,0.0,4,1,3,nan,0.04,0.3490658503988659,9.81,1,1,9,21,41,-3.0,3.0,0.01,30.0,60.0,1e-09,1e-12,6,0.0001,1,new simulation,nan
8,6,-0.029813170079773188,-2.1,-0.20000000000000004,settled,2.52999999999999,-0.3090658503988659,0.0,4,1,3,nan,0.04,0.3490658503988659,9.81,1,1,9,21,41,-3.0,3.0,0.01,30.0,60.0,1e-09,1e-12,6,0.0001,1,new simulation,nan
8,7,-0.029813170079773188,-1.95,-0.20000000000000004,settled,1.8300000000000014,-0.3090658503988659,0.0,3,1,2,nan,0.04,0.3490658503988659,9.81,1,1,9,21,41,-3.0,3.0,0.01,30.0,60.0,1e-09,1e-12,6,0.0001,1,new simulation,nan
8,8,-0.029813170079773188,-1.8,-0.20000000000000004,settled,1.6300000000000012,-0.3090658503988659,0.0,3,1,2,nan,0.04,0.3490658503988659,9.81,1,1,9,21,41,-3.0,3.0,0.01,30.0,60.0,1e-09,1e-12,6,0.0001,1,new simulation,nan
8,9,-0.029813170079773188,-1.6500000000000001,-0.20000000000000004,settled,1.5800000000000012,-0.3090658503988659,0.0,3,1,2,nan,0.04,0.3490658503988659,9.81,1,1,9,21,41,-3.0,3.0,0.01,30.0,60.0,1e-09,1e-12,6,0.0001,1,new simulation,nan
8,10,-0.029813170079773188,-1.5,-0.20000000000000004,settled,1.6200000000000012,-0.3090658503988659,0.0,3,1,2,nan,0.04,0.3490658503988659,9.81,1,1,9,21,41,-3.0,3.0,0.01,30.0,60.0,1e-09,1e-12,6,0.0001,1,new simulation,nan
8,11,-0.029813170079773188,-1.35,-0.20000000000000004,settled,1.8400000000000014,-0.3090658503988659,0.0,3,1,2,nan,0.04,0.3490658503988659,9.81,1,1,9,21,41,-3.0,3.0,0.01,30.0,60.0,1e-09,1e-12,6,0.0001,1,new simulation,nan
8,12,-0.029813170079773188,-1.2000000000000002,-0.20000000000000004,settled,1.5800000000000012,-0.3090658503988659,0.0,2,1,1,nan,0.04,0.3490658503988659,9.81,1,1,9,21,41,-3.0,3.0,0.01,30.0,60.0,1e-09,1e-12,6,0.0001,1,new simulation,nan
8,13,-0.029813170079773188,-1.05,-0.20000000000000004,settled,1.1900000000000008,-0.3090658503988659,0.0,2,1,1,nan,0.04,0.3490658503988659,9.81,1,1,9,21,41,-3.0,3.0,0.01,30.0,60.0,1e-09,1e-12,6,0.0001,1,new simulation,nan
8,14,-0.029813170079773188,-0.8999999999999999,-0.20000000000000004,settled,1.0400000000000007,-0.3090658503988659,0.0,2,1,1,nan,0.04,0.3490658503988659,9.81,1,1,9,21,41,-3.0,3.0,0.01,30.0,60.0,1e-09,1e-12,6,0.0001,1,new simulation,nan
8,15,-0.029813170079773188,-0.75,-0.20000000000000004,settled,0.9700000000000006,-0.3090658503988659,0.0,2,1,1,nan,0.04,0.3490658503988659,9.81,1,1,9,21,41,-3.0,3.0,0.01,30.0,60.0,1e-09,1e-12,6,0.0001,1,new simulation,nan
8,16,-0.029813170079773188,-0.6000000000000001,-0.20000000000000004,settled,0.9400000000000006,-0.3090658503988659,0.0,2,1,1,nan,0.04,0.3490658503988659,9.81,1,1,9,21,41,-3.0,3.0,0.01,30.0,60.0,1e-09,1e-12,6,0.0001,1,new simulation,nan
8,17,-0.029813170079773188,-0.4500000000000002,-0.20000000000000004,settled,0.9500000000000006,-0.3090658503988659,0.0,2,1,1,nan,0.04,0.3490658503988659,9.81,1,1,9,21,41,-3.0,3.0,0.01,30.0,60.0,1e-09,1e-12,6,0.0001,1,new simulation,nan
8,18,-0.029813170079773188,-0.30000000000000027,-0.20000000000000004,settled,1.0100000000000007,-0.3090658503988659,0.0,2,1,1,nan,0.04,0.3490658503988659,9.81,1,1,9,21,41,-3.0,3.0,0.01,30.0,60.0,1e-09,1e-12,6,0.0001,1,new simulation,nan
8,19,-0.029813170079773188,-0.1499999999999999,-0.20000000000000004,settled,1.1300000000000008,-0.3090658503988659,0.0,2,1,1,nan,0.04,0.3490658503988659,9.81,1,1,9,21,41,-3.0,3.0,0.01,30.0,60.0,1e-09,1e-12,6,0.0001,1,new simulation,nan
8,20,-0.029813170079773188,0.0,-0.20000000000000004,settled,1.430000000000001,-0.3090658503988659,0.0,2,1,1,nan,0.04,0.3490658503988659,9.81,1,1,9,21,41,-3.0,3.0,0.01,30.0,60.0,1e-09,1e-12,6,0.0001,1,new simulation,nan
8,21,-0.029813170079773188,0.1499999999999999,-0.20000000000000004,settled,1.2100000000000009,-0.3090658503988659,0.0,1,1,0,nan,0.04,0.3490658503988659,9.81,1,1,9,21,41,-3.0,3.0,0.01,30.0,60.0,1e-09,1e-12,6,0.0001,1,new simulation,nan
8,22,-0.029813170079773188,0.2999999999999998,-0.20000000000000004,settled,0.8000000000000005,-0.3090658503988659,0.0,1,1,0,nan,0.04,0.3490658503988659,9.81,1,1,9,21,41,-3.0,3.0,0.01,30.0,60.0,1e-09,1e-12,6,0.0001,1,new simulation,nan
8,23,-0.029813170079773188,0.44999999999999973,-0.20000000000000004,settled,2.1299999999999986,-0.3090658503988659,0.0,2,2,0,nan,0.04,0.3490658503988659,9.81,1,1,9,21,41,-3.0,3.0,0.01,30.0,60.0,1e-09,1e-12,6,0.0001,1,new simulation,nan
8,24,-0.029813170079773188,0.5999999999999996,-0.20000000000000004,settled,3.609999999999967,-0.3090658503988659,0.0,3,3,0,nan,0.04,0.3490658503988659,9.81,1,1,9,21,41,-3.0,3.0,0.01,30.0,60.0,1e-09,1e-12,6,0.0001,1,new simulation,nan
8,25,-0.029813170079773188,0.75,-0.20000000000000004,settled,2.719999999999986,-0.3090658503988659,0.0,3,3,0,nan,0.04,0.3490658503988659,9.81,1,1,9,21,41,-3.0,3.0,0.01,30.0,60.0,1e-09,1e-12,6,0.0001,1,new simulation,nan
8,26,-0.029813170079773188,0.8999999999999999,-0.20000000000000004,settled,3.9599999999999596,-0.3090658503988659,0.0,4,4,0,nan,0.04,0.3490658503988659,9.81,1,1,9,21,41,-3.0,3.0,0.01,30.0,60.0,1e-09,1e-12,6,0.0001,1,new simulation,nan
8,27,-0.029813170079773188,1.0499999999999998,-0.20000000000000004,settled,3.329999999999973,-0.3090658503988659,0.0,4,4,0,nan,0.04,0.3490658503988659,9.81,1,1,9,21,41,-3.0,3.0,0.01,30.0,60.0,1e-09,1e-12,6,0.0001,1,new simulation,nan
8,28,-0.029813170079773188,1.2000000000000002,-0.20000000000000004,settled,4.659999999999945,-0.3090658503988659,0.0,5,5,0,nan,0.04,0.3490658503988659,9.81,1,1,9,21,41,-3.0,3.0,0.01,30.0,60.0,1e-09,1e-12,6,0.0001,1,new simulation,nan
8,29,-0.029813170079773188,1.3499999999999996,-0.20000000000000004,settled,4.019999999999959,-0.3090658503988659,0.0,5,5,0,nan,0.04,0.3490658503988659,9.81,1,1,9,21,41,-3.0,3.0,0.01,30.0,60.0,1e-09,1e-12,6,0.0001,1,new simulation,nan
8,30,-0.029813170079773188,1.5,-0.20000000000000004,settled,6.7799999999999,-0.3090658503988659,0.0,6,6,0,nan,0.04,0.3490658503988659,9.81,1,1,9,21,41,-3.0,3.0,0.01,30.0,60.0,1e-09,1e-12,6,0.0001,1,new simulation,nan
8,31,-0.029813170079773188,1.6499999999999995,-0.20000000000000004,settled,4.88999999999994,-0.3090658503988659,0.0,6,6,0,nan,0.04,0.3490658503988659,9.81,1,1,9,21,41,-3.0,3.0,0.01,30.0,60.0,1e-09,1e-12,6,0.0001,1,new simulation,nan
8,32,-0.029813170079773188,1.7999999999999998,-0.20000000000000004,settled,4.40999999999995,-0.3090658503988659,0.0,6,6,0,nan,0.04,0.3490658503988659,9.81,1,1,9,21,41,-3.0,3.0,0.01,30.0,60.0,1e-09,1e-12,6,0.0001,1,new simulation,nan
8,33,-0.029813170079773188,1.9500000000000002,-0.20000000000000004,settled,4.059999999999958,-0.3090658503988659,0.0,6,6,0,nan,0.04,0.3490658503988659,9.81,1,1,9,21,41,-3.0,3.0,0.01,30.0,60.0,1e-09,1e-12,6,0.0001,1,new simulation,nan
8,34,-0.029813170079773188,2.0999999999999996,-0.20000000000000004,settled,5.539999999999926,-0.3090658503988659,0.0,7,7,0,nan,0.04,0.3490658503988659,9.81,1,1,9,21,41,-3.0,3.0,0.01,30.0,60.0,1e-09,1e-12,6,0.0001,1,new simulation,nan
8,35,-0.029813170079773188,2.25,-0.20000000000000004,settled,5.029999999999937,-0.3090658503988659,0.0,7,7,0,nan,0.04,0.3490658503988659,9.81,1,1,9,21,41,-3.0,3.0,0.01,30.0,60.0,1e-09,1e-12,6,0.0001,1,new simulation,nan
8,36,-0.029813170079773188,2.3999999999999995,-0.20000000000000004,settled,4.669999999999945,-0.3090658503988659,0.0,7,7,0,nan,0.04,0.3490658503988659,9.81,1,1,9,21,41,-3.0,3.0,0.01,30.0,60.0,1e-09,1e-12,6,0.0001,1,new simulation,nan
8,37,-0.029813170079773188,2.55,-0.20000000000000004,settled,4.389999999999951,-0.3090658503988659,0.0,7,7,0,nan,0.04,0.3490658503988659,9.81,1,1,9,21,41,-3.0,3.0,0.01,30.0,60.0,1e-09,1e-12,6,0.0001,1,new simulation,nan
8,38,-0.029813170079773188,2.7,-0.20000000000000004,settled,6.079999999999915,-0.3090658503988659,0.0,8,8,0,nan,0.04,0.3490658503988659,9.81,1,1,9,21,41,-3.0,3.0,0.01,30.0,60.0,1e-09,1e-12,6,0.0001,1,new simulation,nan
8,39,-0.029813170079773188,2.8499999999999996,-0.20000000000000004,settled,5.539999999999926,-0.3090658503988659,0.0,8,8,0,nan,0.04,0.3490658503988659,9.81,1,1,9,21,41,-3.0,3.0,0.01,30.0,60.0,1e-09,1e-12,6,0.0001,1,new simulation,nan
8,40,-0.029813170079773188,3.0,-0.20000000000000004,settled,5.199999999999934,-0.3090658503988659,0.0,8,8,0,nan,0.04,0.3490658503988659,9.81,1,1,9,21,41,-3.0,3.0,0.01,30.0,60.0,1e-09,1e-12,6,0.0001,1,new simulation,nan
9,0,0.005093414960113396,-3.0,-0.10000000000000005,settled,2.9199999999999817,-0.3090658503988659,0.0,5,1,4,nan,0.04,0.3490658503988659,9.81,1,1,9,21,41,-3.0,3.0,0.01,30.0,60.0,1e-09,1e-12,6,0.0001,1,new simulation,nan
9,1,0.005093414960113396,-2.85,-0.10000000000000005,settled,2.1799999999999975,-0.3090658503988659,0.0,4,1,3,nan,0.04,0.3490658503988659,9.81,1,1,9,21,41,-3.0,3.0,0.01,30.0,60.0,1e-09,1e-12,6,0.0001,1,new simulation,nan
9,2,0.005093414960113396,-2.7,-0.10000000000000005,settled,1.9900000000000015,-0.3090658503988659,0.0,4,1,3,nan,0.04,0.3490658503988659,9.81,1,1,9,21,41,-3.0,3.0,0.01,30.0,60.0,1e-09,1e-12,6,0.0001,1,new simulation,nan
9,3,0.005093414960113396,-2.55,-0.10000000000000005,settled,1.9300000000000015,-0.3090658503988659,0.0,4,1,3,nan,0.04,0.3490658503988659,9.81,1,1,9,21,41,-3.0,3.0,0.01,30.0,60.0,1e-09,1e-12,6,0.0001,1,new simulation,nan
9,4,0.005093414960113396,-2.4,-0.10000000000000005,settled,1.9600000000000015,-0.3090658503988659,0.0,4,1,3,nan,0.04,0.3490658503988659,9.81,1,1,9,21,41,-3.0,3.0,0.01,30.0,60.0,1e-09,1e-12,6,0.0001,1,new simulation,nan
9,5,0.005093414960113396,-2.25,-0.10000000000000005,settled,2.0799999999999996,-0.3090658503988659,0.0,4,1,3,nan,0.04,0.3490658503988659,9.81,1,1,9,21,41,-3.0,3.0,0.01,30.0,60.0,1e-09,1e-12,6,0.0001,1,new simulation,nan
9,6,0.005093414960113396,-2.1,-0.10000000000000005,settled,2.53999999999999,-0.3090658503988659,0.0,4,1,3,nan,0.04,0.3490658503988659,9.81,1,1,9,21,41,-3.0,3.0,0.01,30.0,60.0,1e-09,1e-12,6,0.0001,1,new simulation,nan
9,7,0.005093414960113396,-1.95,-0.10000000000000005,settled,1.8600000000000014,-0.3090658503988659,0.0,3,1,2,nan,0.04,0.3490658503988659,9.81,1,1,9,21,41,-3.0,3.0,0.01,30.0,60.0,1e-09,1e-12,6,0.0001,1,new simulation,nan
9,8,0.005093414960113396,-1.8,-0.10000000000000005,settled,1.6500000000000012,-0.3090658503988659,0.0,3,1,2,nan,0.04,0.3490658503988659,9.81,1,1,9,21,41,-3.0,3.0,0.01,30.0,60.0,1e-09,1e-12,6,0.0001,1,new simulation,nan
9,9,0.005093414960113396,-1.6500000000000001,-0.10000000000000005,settled,1.6000000000000012,-0.3090658503988659,0.0,3,1,2,nan,0.04,0.3490658503988659,9.81,1,1,9,21,41,-3.0,3.0,0.01,30.0,60.0,1e-09,1e-12,6,0.0001,1,new simulation,nan
9,10,0.005093414960113396,-1.5,-0.10000000000000005,settled,1.6400000000000012,-0.3090658503988659,0.0,3,1,2,nan,0.04,0.3490658503988659,9.81,1,1,9,21,41,-3.0,3.0,0.01,30.0,60.0,1e-09,1e-12,6,0.0001,1,new simulation,nan
9,11,0.005093414960113396,-1.35,-0.10000000000000005,settled,1.8600000000000014,-0.3090658503988659,0.0,3,1,2,nan,0.04,0.3490658503988659,9.81,1,1,9,21,41,-3.0,3.0,0.01,30.0,60.0,1e-09,1e-12,6,0.0001,1,new simulation,nan
9,12,0.005093414960113396,-1.2000000000000002,-0.10000000000000005,settled,1.6300000000000012,-0.3090658503988659,0.0,2,1,1,nan,0.04,0.3490658503988659,9.81,1,1,9,21,41,-3.0,3.0,0.01,30.0,60.0,1e-09,1e-12,6,0.0001,1,new simulation,nan
9,13,0.005093414960113396,-1.05,-0.10000000000000005,settled,1.2300000000000009,-0.3090658503988659,0.0,2,1,1,nan,0.04,0.3490658503988659,9.81,1,1,9,21,41,-3.0,3.0,0.01,30.0,60.0,1e-09,1e-12,6,0.0001,1,new simulation,nan
9,14,0.005093414960113396,-0.8999999999999999,-0.10000000000000005,settled,1.0800000000000007,-0.3090658503988659,0.0,2,1,1,nan,0.04,0.3490658503988659,9.81,1,1,9,21,41,-3.0,3.0,0.01,30.0,60.0,1e-09,1e-12,6,0.0001,1,new simulation,nan
9,15,0.005093414960113396,-0.75,-0.10000000000000005,settled,1.0200000000000007,-0.3090658503988659,0.0,2,1,1,nan,0.04,0.3490658503988659,9.81,1,1,9,21,41,-3.0,3.0,0.01,30.0,60.0,1e-09,1e-12,6,0.0001,1,new simulation,nan
9,16,0.005093414960113396,-0.6000000000000001,-0.10000000000000005,settled,1.0000000000000007,-0.3090658503988659,0.0,2,1,1,nan,0.04,0.3490658503988659,9.81,1,1,9,21,41,-3.0,3.0,0.01,30.0,60.0,1e-09,1e-12,6,0.0001,1,new simulation,nan
9,17,0.005093414960113396,-0.4500000000000002,-0.10000000000000005,settled,1.0300000000000007,-0.3090658503988659,0.0,2,1,1,nan,0.04,0.3490658503988659,9.81,1,1,9,21,41,-3.0,3.0,0.01,30.0,60.0,1e-09,1e-12,6,0.0001,1,new simulation,nan
9,18,0.005093414960113396,-0.30000000000000027,-0.10000000000000005,settled,1.1100000000000008,-0.3090658503988659,0.0,2,1,1,nan,0.04,0.3490658503988659,9.81,1,1,9,21,41,-3.0,3.0,0.01,30.0,60.0,1e-09,1e-12,6,0.0001,1,new simulation,nan
9,19,0.005093414960113396,-0.1499999999999999,-0.10000000000000005,settled,1.330000000000001,-0.3090658503988659,0.0,2,1,1,nan,0.04,0.3490658503988659,9.81,1,1,9,21,41,-3.0,3.0,0.01,30.0,60.0,1e-09,1e-12,6,0.0001,1,new simulation,nan
9,20,0.005093414960113396,0.0,-0.10000000000000005,settled,1.6100000000000012,-0.3090658503988659,0.0,1,1,0,nan,0.04,0.3490658503988659,9.81,1,1,9,21,41,-3.0,3.0,0.01,30.0,60.0,1e-09,1e-12,6,0.0001,1,new simulation,nan
9,21,0.005093414960113396,0.1499999999999999,-0.10000000000000005,settled,0.8600000000000005,-0.3090658503988659,0.0,1,1,0,nan,0.04,0.3490658503988659,9.81,1,1,9,21,41,-3.0,3.0,0.01,30.0,60.0,1e-09,1e-12,6,0.0001,1,new simulation,nan
9,22,0.005093414960113396,0.2999999999999998,-0.10000000000000005,settled,0.6600000000000004,-0.3090658503988659,0.0,1,1,0,nan,0.04,0.3490658503988659,9.81,1,1,9,21,41,-3.0,3.0,0.01,30.0,60.0,1e-09,1e-12,6,0.0001,1,new simulation,nan
9,23,0.005093414960113396,0.44999999999999973,-0.10000000000000005,settled,2.010000000000001,-0.3090658503988659,0.0,2,2,0,nan,0.04,0.3490658503988659,9.81,1,1,9,21,41,-3.0,3.0,0.01,30.0,60.0,1e-09,1e-12,6,0.0001,1,new simulation,nan
9,24,0.005093414960113396,0.5999999999999996,-0.10000000000000005,settled,3.45999999999997,-0.3090658503988659,0.0,3,3,0,nan,0.04,0.3490658503988659,9.81,1,1,9,21,41,-3.0,3.0,0.01,30.0,60.0,1e-09,1e-12,6,0.0001,1,new simulation,nan
9,25,0.005093414960113396,0.75,-0.10000000000000005,settled,2.6599999999999873,-0.3090658503988659,0.0,3,3,0,nan,0.04,0.3490658503988659,9.81,1,1,9,21,41,-3.0,3.0,0.01,30.0,60.0,1e-09,1e-12,6,0.0001,1,new simulation,nan
9,26,0.005093414960113396,0.8999999999999999,-0.10000000000000005,settled,3.889999999999961,-0.3090658503988659,0.0,4,4,0,nan,0.04,0.3490658503988659,9.81,1,1,9,21,41,-3.0,3.0,0.01,30.0,60.0,1e-09,1e-12,6,0.0001,1,new simulation,nan
9,27,0.005093414960113396,1.0499999999999998,-0.10000000000000005,settled,3.279999999999974,-0.3090658503988659,0.0,4,4,0,nan,0.04,0.3490658503988659,9.81,1,1,9,21,41,-3.0,3.0,0.01,30.0,60.0,1e-09,1e-12,6,0.0001,1,new simulation,nan
9,28,0.005093414960113396,1.2000000000000002,-0.10000000000000005,settled,4.609999999999946,-0.3090658503988659,0.0,5,5,0,nan,0.04,0.3490658503988659,9.81,1,1,9,21,41,-3.0,3.0,0.01,30.0,60.0,1e-09,1e-12,6,0.0001,1,new simulation,nan
9,29,0.005093414960113396,1.3499999999999996,-0.10000000000000005,settled,3.979999999999959,-0.3090658503988659,0.0,5,5,0,nan,0.04,0.3490658503988659,9.81,1,1,9,21,41,-3.0,3.0,0.01,30.0,60.0,1e-09,1e-12,6,0.0001,1,new simulation,nan
9,30,0.005093414960113396,1.5,-0.10000000000000005,settled,6.349999999999909,-0.3090658503988659,0.0,6,6,0,nan,0.04,0.3490658503988659,9.81,1,1,9,21,41,-3.0,3.0,0.01,30.0,60.0,1e-09,1e-12,6,0.0001,1,new simulation,nan
9,31,0.005093414960113396,1.6499999999999995,-0.10000000000000005,settled,4.859999999999941,-0.3090658503988659,0.0,6,6,0,nan,0.04,0.3490658503988659,9.81,1,1,9,21,41,-3.0,3.0,0.01,30.0,60.0,1e-09,1e-12,6,0.0001,1,new simulation,nan
9,32,0.005093414960113396,1.7999999999999998,-0.10000000000000005,settled,4.389999999999951,-0.3090658503988659,0.0,6,6,0,nan,0.04,0.3490658503988659,9.81,1,1,9,21,41,-3.0,3.0,0.01,30.0,60.0,1e-09,1e-12,6,0.0001,1,new simulation,nan
9,33,0.005093414960113396,1.9500000000000002,-0.10000000000000005,settled,4.039999999999958,-0.3090658503988659,0.0,6,6,0,nan,0.04,0.3490658503988659,9.81,1,1,9,21,41,-3.0,3.0,0.01,30.0,60.0,1e-09,1e-12,6,0.0001,1,new simulation,nan
9,34,0.005093414960113396,2.0999999999999996,-0.10000000000000005,settled,5.519999999999927,-0.3090658503988659,0.0,7,7,0,nan,0.04,0.3490658503988659,9.81,1,1,9,21,41,-3.0,3.0,0.01,30.0,60.0,1e-09,1e-12,6,0.0001,1,new simulation,nan
9,35,0.005093414960113396,2.25,-0.10000000000000005,settled,5.009999999999938,-0.3090658503988659,0.0,7,7,0,nan,0.04,0.3490658503988659,9.81,1,1,9,21,41,-3.0,3.0,0.01,30.0,60.0,1e-09,1e-12,6,0.0001,1,new simulation,nan
9,36,0.005093414960113396,2.3999999999999995,-0.10000000000000005,settled,4.649999999999945,-0.3090658503988659,0.0,7,7,0,nan,0.04,0.3490658503988659,9.81,1,1,9,21,41,-3.0,3.0,0.01,30.0,60.0,1e-09,1e-12,6,0.0001,1,new simulation,nan
9,37,0.005093414960113396,2.55,-0.10000000000000005,settled,4.369999999999951,-0.3090658503988659,0.0,7,7,0,nan,0.04,0.3490658503988659,9.81,1,1,9,21,41,-3.0,3.0,0.01,30.0,60.0,1e-09,1e-12,6,0.0001,1,new simulation,nan
9,38,0.005093414960113396,2.7,-0.10000000000000005,settled,6.059999999999915,-0.3090658503988659,0.0,8,8,0,nan,0.04,0.3490658503988659,9.81,1,1,9,21,41,-3.0,3.0,0.01,30.0,60.0,1e-09,1e-12,6,0.0001,1,new simulation,nan
9,39,0.005093414960113396,2.8499999999999996,-0.10000000000000005,settled,5.5299999999999265,-0.3090658503988659,0.0,8,8,0,nan,0.04,0.3490658503988659,9.81,1,1,9,21,41,-3.0,3.0,0.01,30.0,60.0,1e-09,1e-12,6,0.0001,1,new simulation,nan
9,40,0.005093414960113396,3.0,-0.10000000000000005,settled,5.179999999999934,-0.3090658503988659,0.0,8,8,0,nan,0.04,0.3490658503988659,9.81,1,1,9,21,41,-3.0,3.0,0.01,30.0,60.0,1e-09,1e-12,6,0.0001,1,new simulation,nan
10,0,0.03999999999999998,-3.0,-5.963540027744095e-17,settled,2.959999999999981,-0.3090658503988659,0.0,5,1,4,nan,0.04,0.3490658503988659,9.81,1,1,9,21,41,-3.0,3.0,0.01,30.0,60.0,1e-09,1e-12,6,0.0001,1,new simulation,nan
10,1,0.03999999999999998,-2.85,-5.963540027744095e-17,settled,2.1899999999999973,-0.3090658503988659,0.0,4,1,3,nan,0.04,0.3490658503988659,9.81,1,1,9,21,41,-3.0,3.0,0.01,30.0,60.0,1e-09,1e-12,6,0.0001,1,new simulation,nan
10,2,0.03999999999999998,-2.7,-5.963540027744095e-17,settled,2.0000000000000013,-0.3090658503988659,0.0,4,1,3,nan,0.04,0.3490658503988659,9.81,1,1,9,21,41,-3.0,3.0,0.01,30.0,60.0,1e-09,1e-12,6,0.0001,1,new simulation,nan
10,3,0.03999999999999998,-2.55,-5.963540027744095e-17,settled,1.9500000000000015,-0.3090658503988659,0.0,4,1,3,nan,0.04,0.3490658503988659,9.81,1,1,9,21,41,-3.0,3.0,0.01,30.0,60.0,1e-09,1e-12,6,0.0001,1,new simulation,nan
10,4,0.03999999999999998,-2.4,-5.963540027744095e-17,settled,1.9800000000000015,-0.3090658503988659,0.0,4,1,3,nan,0.04,0.3490658503988659,9.81,1,1,9,21,41,-3.0,3.0,0.01,30.0,60.0,1e-09,1e-12,6,0.0001,1,new simulation,nan
10,5,0.03999999999999998,-2.25,-5.963540027744095e-17,settled,2.099999999999999,-0.3090658503988659,0.0,4,1,3,nan,0.04,0.3490658503988659,9.81,1,1,9,21,41,-3.0,3.0,0.01,30.0,60.0,1e-09,1e-12,6,0.0001,1,new simulation,nan
10,6,0.03999999999999998,-2.1,-5.963540027744095e-17,settled,2.579999999999989,-0.3090658503988659,0.0,4,1,3,nan,0.04,0.3490658503988659,9.81,1,1,9,21,41,-3.0,3.0,0.01,30.0,60.0,1e-09,1e-12,6,0.0001,1,new simulation,nan
10,7,0.03999999999999998,-1.95,-5.963540027744095e-17,settled,1.8700000000000014,-0.3090658503988659,0.0,3,1,2,nan,0.04,0.3490658503988659,9.81,1,1,9,21,41,-3.0,3.0,0.01,30.0,60.0,1e-09,1e-12,6,0.0001,1,new simulation,nan
10,8,0.03999999999999998,-1.8,-5.963540027744095e-17,settled,1.6700000000000013,-0.3090658503988659,0.0,3,1,2,nan,0.04,0.3490658503988659,9.81,1,1,9,21,41,-3.0,3.0,0.01,30.0,60.0,1e-09,1e-12,6,0.0001,1,new simulation,nan
10,9,0.03999999999999998,-1.6500000000000001,-5.963540027744095e-17,settled,1.6200000000000012,-0.3090658503988659,0.0,3,1,2,nan,0.04,0.3490658503988659,9.81,1,1,9,21,41,-3.0,3.0,0.01,30.0,60.0,1e-09,1e-12,6,0.0001,1,new simulation,nan
10,10,0.03999999999999998,-1.5,-5.963540027744095e-17,settled,1.6700000000000013,-0.3090658503988659,0.0,3,1,2,nan,0.04,0.3490658503988659,9.81,1,1,9,21,41,-3.0,3.0,0.01,30.0,60.0,1e-09,1e-12,6,0.0001,1,new simulation,nan
10,11,0.03999999999999998,-1.35,-5.963540027744095e-17,settled,1.9000000000000015,-0.3090658503988659,0.0,3,1,2,nan,0.04,0.3490658503988659,9.81,1,1,9,21,41,-3.0,3.0,0.01,30.0,60.0,1e-09,1e-12,6,0.0001,1,new simulation,nan
10,12,0.03999999999999998,-1.2000000000000002,-5.963540027744095e-17,settled,1.6200000000000012,-0.3090658503988659,0.0,2,1,1,nan,0.04,0.3490658503988659,9.81,1,1,9,21,41,-3.0,3.0,0.01,30.0,60.0,1e-09,1e-12,6,0.0001,1,new simulation,nan
10,13,0.03999999999999998,-1.05,-5.963540027744095e-17,settled,1.2500000000000009,-0.3090658503988659,0.0,2,1,1,nan,0.04,0.3490658503988659,9.81,1,1,9,21,41,-3.0,3.0,0.01,30.0,60.0,1e-09,1e-12,6,0.0001,1,new simulation,nan
10,14,0.03999999999999998,-0.8999999999999999,-5.963540027744095e-17,settled,1.1200000000000008,-0.3090658503988659,0.0,2,1,1,nan,0.04,0.3490658503988659,9.81,1,1,9,21,41,-3.0,3.0,0.01,30.0,60.0,1e-09,1e-12,6,0.0001,1,new simulation,nan
10,15,0.03999999999999998,-0.75,-5.963540027744095e-17,settled,1.0600000000000007,-0.3090658503988659,0.0,2,1,1,nan,0.04,0.3490658503988659,9.81,1,1,9,21,41,-3.0,3.0,0.01,30.0,60.0,1e-09,1e-12,6,0.0001,1,new simulation,nan
10,16,0.03999999999999998,-0.6000000000000001,-5.963540027744095e-17,settled,1.0600000000000007,-0.3090658503988659,0.0,2,1,1,nan,0.04,0.3490658503988659,9.81,1,1,9,21,41,-3.0,3.0,0.01,30.0,60.0,1e-09,1e-12,6,0.0001,1,new simulation,nan
10,17,0.03999999999999998,-0.4500000000000002,-5.963540027744095e-17,settled,1.1100000000000008,-0.3090658503988659,0.0,2,1,1,nan,0.04,0.3490658503988659,9.81,1,1,9,21,41,-3.0,3.0,0.01,30.0,60.0,1e-09,1e-12,6,0.0001,1,new simulation,nan
10,18,0.03999999999999998,-0.30000000000000027,-5.963540027744095e-17,settled,1.260000000000001,-0.3090658503988659,0.0,2,1,1,nan,0.04,0.3490658503988659,9.81,1,1,9,21,41,-3.0,3.0,0.01,30.0,60.0,1e-09,1e-12,6,0.0001,1,new simulation,nan
10,19,0.03999999999999998,-0.1499999999999999,-5.963540027744095e-17,settled,1.8600000000000014,-0.3090658503988659,0.0,2,1,1,nan,0.04,0.3490658503988659,9.81,1,1,9,21,41,-3.0,3.0,0.01,30.0,60.0,1e-09,1e-12,6,0.0001,1,new simulation,nan
10,20,0.03999999999999998,0.0,-5.963540027744095e-17,settled,0.9500000000000006,-0.3090658503988659,0.0,1,1,0,nan,0.04,0.3490658503988659,9.81,1,1,9,21,41,-3.0,3.0,0.01,30.0,60.0,1e-09,1e-12,6,0.0001,1,new simulation,nan
10,21,0.03999999999999998,0.1499999999999999,-5.963540027744095e-17,settled,0.7000000000000004,-0.3090658503988659,0.0,1,1,0,nan,0.04,0.3490658503988659,9.81,1,1,9,21,41,-3.0,3.0,0.01,30.0,60.0,1e-09,1e-12,6,0.0001,1,new simulation,nan
10,22,0.03999999999999998,0.2999999999999998,-5.963540027744095e-17,settled,0.5700000000000003,-0.3090658503988659,0.0,1,1,0,nan,0.04,0.3490658503988659,9.81,1,1,9,21,41,-3.0,3.0,0.01,30.0,60.0,1e-09,1e-12,6,0.0001,1,new simulation,nan
10,23,0.03999999999999998,0.44999999999999973,-5.963540027744095e-17,settled,2.0000000000000013,-0.3090658503988659,0.0,2,2,0,nan,0.04,0.3490658503988659,9.81,1,1,9,21,41,-3.0,3.0,0.01,30.0,60.0,1e-09,1e-12,6,0.0001,1,new simulation,nan
10,24,0.03999999999999998,0.5999999999999996,-5.963540027744095e-17,settled,3.5799999999999677,-0.3090658503988659,0.0,3,3,0,nan,0.04,0.3490658503988659,9.81,1,1,9,21,41,-3.0,3.0,0.01,30.0,60.0,1e-09,1e-12,6,0.0001,1,new simulation,nan
10,25,0.03999999999999998,0.75,-5.963540027744095e-17,settled,2.6499999999999875,-0.3090658503988659,0.0,3,3,0,nan,0.04,0.3490658503988659,9.81,1,1,9,21,41,-3.0,3.0,0.01,30.0,60.0,1e-09,1e-12,6,0.0001,1,new simulation,nan
10,26,0.03999999999999998,0.8999999999999999,-5.963540027744095e-17,settled,3.9099999999999606,-0.3090658503988659,0.0,4,4,0,nan,0.04,0.3490658503988659,9.81,1,1,9,21,41,-3.0,3.0,0.01,30.0,60.0,1e-09,1e-12,6,0.0001,1,new simulation,nan
10,27,0.03999999999999998,1.0499999999999998,-5.963540027744095e-17,settled,3.2699999999999743,-0.3090658503988659,0.0,4,4,0,nan,0.04,0.3490658503988659,9.81,1,1,9,21,41,-3.0,3.0,0.01,30.0,60.0,1e-09,1e-12,6,0.0001,1,new simulation,nan
10,28,0.03999999999999998,1.2000000000000002,-5.963540027744095e-17,settled,4.619999999999946,-0.3090658503988659,0.0,5,5,0,nan,0.04,0.3490658503988659,9.81,1,1,9,21,41,-3.0,3.0,0.01,30.0,60.0,1e-09,1e-12,6,0.0001,1,new simulation,nan
10,29,0.03999999999999998,1.3499999999999996,-5.963540027744095e-17,settled,3.9699999999999593,-0.3090658503988659,0.0,5,5,0,nan,0.04,0.3490658503988659,9.81,1,1,9,21,41,-3.0,3.0,0.01,30.0,60.0,1e-09,1e-12,6,0.0001,1,new simulation,nan
10,30,0.03999999999999998,1.5,-5.963540027744095e-17,settled,3.569999999999968,-0.3090658503988659,0.0,5,5,0,nan,0.04,0.3490658503988659,9.81,1,1,9,21,41,-3.0,3.0,0.01,30.0,60.0,1e-09,1e-12,6,0.0001,1,new simulation,nan
10,31,0.03999999999999998,1.6499999999999995,-5.963540027744095e-17,settled,4.859999999999941,-0.3090658503988659,0.0,6,6,0,nan,0.04,0.3490658503988659,9.81,1,1,9,21,41,-3.0,3.0,0.01,30.0,60.0,1e-09,1e-12,6,0.0001,1,new simulation,nan
10,32,0.03999999999999998,1.7999999999999998,-5.963540027744095e-17,settled,4.379999999999951,-0.3090658503988659,0.0,6,6,0,nan,0.04,0.3490658503988659,9.81,1,1,9,21,41,-3.0,3.0,0.01,30.0,60.0,1e-09,1e-12,6,0.0001,1,new simulation,nan
10,33,0.03999999999999998,1.9500000000000002,-5.963540027744095e-17,settled,4.0299999999999585,-0.3090658503988659,0.0,6,6,0,nan,0.04,0.3490658503988659,9.81,1,1,9,21,41,-3.0,3.0,0.01,30.0,60.0,1e-09,1e-12,6,0.0001,1,new simulation,nan
10,34,0.03999999999999998,2.0999999999999996,-5.963540027744095e-17,settled,5.519999999999927,-0.3090658503988659,0.0,7,7,0,nan,0.04,0.3490658503988659,9.81,1,1,9,21,41,-3.0,3.0,0.01,30.0,60.0,1e-09,1e-12,6,0.0001,1,new simulation,nan
10,35,0.03999999999999998,2.25,-5.963540027744095e-17,settled,4.999999999999938,-0.3090658503988659,0.0,7,7,0,nan,0.04,0.3490658503988659,9.81,1,1,9,21,41,-3.0,3.0,0.01,30.0,60.0,1e-09,1e-12,6,0.0001,1,new simulation,nan
10,36,0.03999999999999998,2.3999999999999995,-5.963540027744095e-17,settled,4.649999999999945,-0.3090658503988659,0.0,7,7,0,nan,0.04,0.3490658503988659,9.81,1,1,9,21,41,-3.0,3.0,0.01,30.0,60.0,1e-09,1e-12,6,0.0001,1,new simulation,nan
10,37,0.03999999999999998,2.55,-5.963540027744095e-17,settled,4.3599999999999515,-0.3090658503988659,0.0,7,7,0,nan,0.04,0.3490658503988659,9.81,1,1,9,21,41,-3.0,3.0,0.01,30.0,60.0,1e-09,1e-12,6,0.0001,1,new simulation,nan
10,38,0.03999999999999998,2.7,-5.963540027744095e-17,settled,6.059999999999915,-0.3090658503988659,0.0,8,8,0,nan,0.04,0.3490658503988659,9.81,1,1,9,21,41,-3.0,3.0,0.01,30.0,60.0,1e-09,1e-12,6,0.0001,1,new simulation,nan
10,39,0.03999999999999998,2.8499999999999996,-5.963540027744095e-17,settled,5.519999999999927,-0.3090658503988659,0.0,8,8,0,nan,0.04,0.3490658503988659,9.81,1,1,9,21,41,-3.0,3.0,0.01,30.0,60.0,1e-09,1e-12,6,0.0001,1,new simulation,nan
10,40,0.03999999999999998,3.0,-5.963540027744095e-17,settled,5.169999999999934,-0.3090658503988659,0.0,8,8,0,nan,0.04,0.3490658503988659,9.81,1,1,9,21,41,-3.0,3.0,0.01,30.0,60.0,1e-09,1e-12,6,0.0001,1,new simulation,nan
11,0,0.07490658503988656,-3.0,0.09999999999999992,settled,3.049999999999979,-0.3090658503988659,0.0,5,1,4,nan,0.04,0.3490658503988659,9.81,1,1,9,21,41,-3.0,3.0,0.01,30.0,60.0,1e-09,1e-12,6,0.0001,1,new simulation,nan
11,1,0.07490658503988656,-2.85,0.09999999999999992,settled,2.1799999999999975,-0.3090658503988659,0.0,4,1,3,nan,0.04,0.3490658503988659,9.81,1,1,9,21,41,-3.0,3.0,0.01,30.0,60.0,1e-09,1e-12,6,0.0001,1,new simulation,nan
11,2,0.07490658503988656,-2.7,0.09999999999999992,settled,2.010000000000001,-0.3090658503988659,0.0,4,1,3,nan,0.04,0.3490658503988659,9.81,1,1,9,21,41,-3.0,3.0,0.01,30.0,60.0,1e-09,1e-12,6,0.0001,1,new simulation,nan
11,3,0.07490658503988656,-2.55,0.09999999999999992,settled,1.9600000000000015,-0.3090658503988659,0.0,4,1,3,nan,0.04,0.3490658503988659,9.81,1,1,9,21,41,-3.0,3.0,0.01,30.0,60.0,1e-09,1e-12,6,0.0001,1,new simulation,nan
11,4,0.07490658503988656,-2.4,0.09999999999999992,settled,1.9900000000000015,-0.3090658503988659,0.0,4,1,3,nan,0.04,0.3490658503988659,9.81,1,1,9,21,41,-3.0,3.0,0.01,30.0,60.0,1e-09,1e-12,6,0.0001,1,new simulation,nan
11,5,0.07490658503988656,-2.25,0.09999999999999992,settled,2.1299999999999986,-0.3090658503988659,0.0,4,1,3,nan,0.04,0.3490658503988659,9.81,1,1,9,21,41,-3.0,3.0,0.01,30.0,60.0,1e-09,1e-12,6,0.0001,1,new simulation,nan
11,6,0.07490658503988656,-2.1,0.09999999999999992,settled,2.6899999999999866,-0.3090658503988659,0.0,4,1,3,nan,0.04,0.3490658503988659,9.81,1,1,9,21,41,-3.0,3.0,0.01,30.0,60.0,1e-09,1e-12,6,0.0001,1,new simulation,nan
11,7,0.07490658503988656,-1.95,0.09999999999999992,settled,1.8600000000000014,-0.3090658503988659,0.0,3,1,2,nan,0.04,0.3490658503988659,9.81,1,1,9,21,41,-3.0,3.0,0.01,30.0,60.0,1e-09,1e-12,6,0.0001,1,new simulation,nan
11,8,0.07490658503988656,-1.8,0.09999999999999992,settled,1.6800000000000013,-0.3090658503988659,0.0,3,1,2,nan,0.04,0.3490658503988659,9.81,1,1,9,21,41,-3.0,3.0,0.01,30.0,60.0,1e-09,1e-12,6,0.0001,1,new simulation,nan
11,9,0.07490658503988656,-1.6500000000000001,0.09999999999999992,settled,1.6400000000000012,-0.3090658503988659,0.0,3,1,2,nan,0.04,0.3490658503988659,9.81,1,1,9,21,41,-3.0,3.0,0.01,30.0,60.0,1e-09,1e-12,6,0.0001,1,new simulation,nan
11,10,0.07490658503988656,-1.5,0.09999999999999992,settled,1.7000000000000013,-0.3090658503988659,0.0,3,1,2,nan,0.04,0.3490658503988659,9.81,1,1,9,21,41,-3.0,3.0,0.01,30.0,60.0,1e-09,1e-12,6,0.0001,1,new simulation,nan
11,11,0.07490658503988656,-1.35,0.09999999999999992,settled,1.9700000000000015,-0.3090658503988659,0.0,3,1,2,nan,0.04,0.3490658503988659,9.81,1,1,9,21,41,-3.0,3.0,0.01,30.0,60.0,1e-09,1e-12,6,0.0001,1,new simulation,nan
11,12,0.07490658503988656,-1.2000000000000002,0.09999999999999992,settled,1.5800000000000012,-0.3090658503988659,0.0,2,1,1,nan,0.04,0.3490658503988659,9.81,1,1,9,21,41,-3.0,3.0,0.01,30.0,60.0,1e-09,1e-12,6,0.0001,1,new simulation,nan
11,13,0.07490658503988656,-1.05,0.09999999999999992,settled,1.260000000000001,-0.3090658503988659,0.0,2,1,1,nan,0.04,0.3490658503988659,9.81,1,1,9,21,41,-3.0,3.0,0.01,30.0,60.0,1e-09,1e-12,6,0.0001,1,new simulation,nan
11,14,0.07490658503988656,-0.8999999999999999,0.09999999999999992,settled,1.1400000000000008,-0.3090658503988659,0.0,2,1,1,nan,0.04,0.3490658503988659,9.81,1,1,9,21,41,-3.0,3.0,0.01,30.0,60.0,1e-09,1e-12,6,0.0001,1,new simulation,nan
11,15,0.07490658503988656,-0.75,0.09999999999999992,settled,1.1100000000000008,-0.3090658503988659,0.0,2,1,1,nan,0.04,0.3490658503988659,9.81,1,1,9,21,41,-3.0,3.0,0.01,30.0,60.0,1e-09,1e-12,6,0.0001,1,new simulation,nan
11,16,0.07490658503988656,-0.6000000000000001,0.09999999999999992,settled,1.1300000000000008,-0.3090658503988659,0.0,2,1,1,nan,0.04,0.3490658503988659,9.81,1,1,9,21,41,-3.0,3.0,0.01,30.0,60.0,1e-09,1e-12,6,0.0001,1,new simulation,nan
11,17,0.07490658503988656,-0.4500000000000002,0.09999999999999992,settled,1.2300000000000009,-0.3090658503988659,0.0,2,1,1,nan,0.04,0.3490658503988659,9.81,1,1,9,21,41,-3.0,3.0,0.01,30.0,60.0,1e-09,1e-12,6,0.0001,1,new simulation,nan
11,18,0.07490658503988656,-0.30000000000000027,0.09999999999999992,settled,1.5600000000000012,-0.3090658503988659,0.0,2,1,1,nan,0.04,0.3490658503988659,9.81,1,1,9,21,41,-3.0,3.0,0.01,30.0,60.0,1e-09,1e-12,6,0.0001,1,new simulation,nan
11,19,0.07490658503988656,-0.1499999999999999,0.09999999999999992,settled,1.0800000000000007,-0.3090658503988659,0.0,1,1,0,nan,0.04,0.3490658503988659,9.81,1,1,9,21,41,-3.0,3.0,0.01,30.0,60.0,1e-09,1e-12,6,0.0001,1,new simulation,nan
11,20,0.07490658503988656,0.0,0.09999999999999992,settled,0.7500000000000004,-0.3090658503988659,0.0,1,1,0,nan,0.04,0.3490658503988659,9.81,1,1,9,21,41,-3.0,3.0,0.01,30.0,60.0,1e-09,1e-12,6,0.0001,1,new simulation,nan
11,21,0.07490658503988656,0.1499999999999999,0.09999999999999992,settled,0.5900000000000003,-0.3090658503988659,0.0,1,1,0,nan,0.04,0.3490658503988659,9.81,1,1,9,21,41,-3.0,3.0,0.01,30.0,60.0,1e-09,1e-12,6,0.0001,1,new simulation,nan
11,22,0.07490658503988656,0.2999999999999998,0.09999999999999992,settled,0.49000000000000027,-0.3090658503988659,0.0,1,1,0,nan,0.04,0.3490658503988659,9.81,1,1,9,21,41,-3.0,3.0,0.01,30.0,60.0,1e-09,1e-12,6,0.0001,1,new simulation,nan
11,23,0.07490658503988656,0.44999999999999973,0.09999999999999992,settled,2.209999999999997,-0.3090658503988659,0.0,2,2,0,nan,0.04,0.3490658503988659,9.81,1,1,9,21,41,-3.0,3.0,0.01,30.0,60.0,1e-09,1e-12,6,0.0001,1,new simulation,nan
11,24,0.07490658503988656,0.5999999999999996,0.09999999999999992,settled,1.5800000000000012,-0.3090658503988659,0.0,2,2,0,nan,0.04,0.3490658503988659,9.81,1,1,9,21,41,-3.0,3.0,0.01,30.0,60.0,1e-09,1e-12,6,0.0001,1,new simulation,nan
11,25,0.07490658503988656,0.75,0.09999999999999992,settled,2.6899999999999866,-0.3090658503988659,0.0,3,3,0,nan,0.04,0.3490658503988659,9.81,1,1,9,21,41,-3.0,3.0,0.01,30.0,60.0,1e-09,1e-12,6,0.0001,1,new simulation,nan
11,26,0.07490658503988656,0.8999999999999999,0.09999999999999992,settled,4.0299999999999585,-0.3090658503988659,0.0,4,4,0,nan,0.04,0.3490658503988659,9.81,1,1,9,21,41,-3.0,3.0,0.01,30.0,60.0,1e-09,1e-12,6,0.0001,1,new simulation,nan
11,27,0.07490658503988656,1.0499999999999998,0.09999999999999992,settled,3.2999999999999736,-0.3090658503988659,0.0,4,4,0,nan,0.04,0.3490658503988659,9.81,1,1,9,21,41,-3.0,3.0,0.01,30.0,60.0,1e-09,1e-12,6,0.0001,1,new simulation,nan
11,28,0.07490658503988656,1.2000000000000002,0.09999999999999992,settled,4.699999999999944,-0.3090658503988659,0.0,5,5,0,nan,0.04,0.3490658503988659,9.81,1,1,9,21,41,-3.0,3.0,0.01,30.0,60.0,1e-09,1e-12,6,0.0001,1,new simulation,nan
11,29,0.07490658503988656,1.3499999999999996,0.09999999999999992,settled,3.9999999999999587,-0.3090658503988659,0.0,5,5,0,nan,0.04,0.3490658503988659,9.81,1,1,9,21,41,-3.0,3.0,0.01,30.0,60.0,1e-09,1e-12,6,0.0001,1,new simulation,nan
11,30,0.07490658503988656,1.5,0.09999999999999992,settled,3.5799999999999677,-0.3090658503988659,0.0,5,5,0,nan,0.04,0.3490658503988659,9.81,1,1,9,21,41,-3.0,3.0,0.01,30.0,60.0,1e-09,1e-12,6,0.0001,1,new simulation,nan
11,31,0.07490658503988656,1.6499999999999995,0.09999999999999992,settled,4.88999999999994,-0.3090658503988659,0.0,6,6,0,nan,0.04,0.3490658503988659,9.81,1,1,9,21,41,-3.0,3.0,0.01,30.0,60.0,1e-09,1e-12,6,0.0001,1,new simulation,nan
11,32,0.07490658503988656,1.7999999999999998,0.09999999999999992,settled,4.389999999999951,-0.3090658503988659,0.0,6,6,0,nan,0.04,0.3490658503988659,9.81,1,1,9,21,41,-3.0,3.0,0.01,30.0,60.0,1e-09,1e-12,6,0.0001,1,new simulation,nan
11,33,0.07490658503988656,1.9500000000000002,0.09999999999999992,settled,4.0299999999999585,-0.3090658503988659,0.0,6,6,0,nan,0.04,0.3490658503988659,9.81,1,1,9,21,41,-3.0,3.0,0.01,30.0,60.0,1e-09,1e-12,6,0.0001,1,new simulation,nan
11,34,0.07490658503988656,2.0999999999999996,0.09999999999999992,settled,5.539999999999926,-0.3090658503988659,0.0,7,7,0,nan,0.04,0.3490658503988659,9.81,1,1,9,21,41,-3.0,3.0,0.01,30.0,60.0,1e-09,1e-12,6,0.0001,1,new simulation,nan
11,35,0.07490658503988656,2.25,0.09999999999999992,settled,5.009999999999938,-0.3090658503988659,0.0,7,7,0,nan,0.04,0.3490658503988659,9.81,1,1,9,21,41,-3.0,3.0,0.01,30.0,60.0,1e-09,1e-12,6,0.0001,1,new simulation,nan
11,36,0.07490658503988656,2.3999999999999995,0.09999999999999992,settled,4.649999999999945,-0.3090658503988659,0.0,7,7,0,nan,0.04,0.3490658503988659,9.81,1,1,9,21,41,-3.0,3.0,0.01,30.0,60.0,1e-09,1e-12,6,0.0001,1,new simulation,nan
11,37,0.07490658503988656,2.55,0.09999999999999992,settled,4.3599999999999515,-0.3090658503988659,0.0,7,7,0,nan,0.04,0.3490658503988659,9.81,1,1,9,21,41,-3.0,3.0,0.01,30.0,60.0,1e-09,1e-12,6,0.0001,1,new simulation,nan
11,38,0.07490658503988656,2.7,0.09999999999999992,settled,6.089999999999915,-0.3090658503988659,0.0,8,8,0,nan,0.04,0.3490658503988659,9.81,1,1,9,21,41,-3.0,3.0,0.01,30.0,60.0,1e-09,1e-12,6,0.0001,1,new simulation,nan
11,39,0.07490658503988656,2.8499999999999996,0.09999999999999992,settled,5.5299999999999265,-0.3090658503988659,0.0,8,8,0,nan,0.04,0.3490658503988659,9.81,1,1,9,21,41,-3.0,3.0,0.01,30.0,60.0,1e-09,1e-12,6,0.0001,1,new simulation,nan
11,40,0.07490658503988656,3.0,0.09999999999999992,settled,5.179999999999934,-0.3090658503988659,0.0,8,8,0,nan,0.04,0.3490658503988659,9.81,1,1,9,21,41,-3.0,3.0,0.01,30.0,60.0,1e-09,1e-12,6,0.0001,1,new simulation,nan
12,0,0.1098131700797732,-3.0,0.20000000000000004,settled,3.239999999999975,-0.3090658503988659,0.0,5,1,4,nan,0.04,0.3490658503988659,9.81,1,1,9,21,41,-3.0,3.0,0.01,30.0,60.0,1e-09,1e-12,6,0.0001,1,new simulation,nan
12,1,0.1098131700797732,-2.85,0.20000000000000004,settled,2.1699999999999977,-0.3090658503988659,0.0,4,1,3,nan,0.04,0.3490658503988659,9.81,1,1,9,21,41,-3.0,3.0,0.01,30.0,60.0,1e-09,1e-12,6,0.0001,1,new simulation,nan
12,2,0.1098131700797732,-2.7,0.20000000000000004,settled,2.010000000000001,-0.3090658503988659,0.0,4,1,3,nan,0.04,0.3490658503988659,9.81,1,1,9,21,41,-3.0,3.0,0.01,30.0,60.0,1e-09,1e-12,6,0.0001,1,new simulation,nan
12,3,0.1098131700797732,-2.55,0.20000000000000004,settled,1.9700000000000015,-0.3090658503988659,0.0,4,1,3,nan,0.04,0.3490658503988659,9.81,1,1,9,21,41,-3.0,3.0,0.01,30.0,60.0,1e-09,1e-12,6,0.0001,1,new simulation,nan
12,4,0.1098131700797732,-2.4,0.20000000000000004,settled,2.020000000000001,-0.3090658503988659,0.0,4,1,3,nan,0.04,0.3490658503988659,9.81,1,1,9,21,41,-3.0,3.0,0.01,30.0,60.0,1e-09,1e-12,6,0.0001,1,new simulation,nan
12,5,0.1098131700797732,-2.25,0.20000000000000004,settled,2.1699999999999977,-0.3090658503988659,0.0,4,1,3,nan,0.04,0.3490658503988659,9.81,1,1,9,21,41,-3.0,3.0,0.01,30.0,60.0,1e-09,1e-12,6,0.0001,1,new simulation,nan
12,6,0.1098131700797732,-2.1,0.20000000000000004,settled,2.9699999999999807,-0.3090658503988659,0.0,4,1,3,nan,0.04,0.3490658503988659,9.81,1,1,9,21,41,-3.0,3.0,0.01,30.0,60.0,1e-09,1e-12,6,0.0001,1,new simulation,nan
12,7,0.1098131700797732,-1.95,0.20000000000000004,settled,1.8500000000000014,-0.3090658503988659,0.0,3,1,2,nan,0.04,0.3490658503988659,9.81,1,1,9,21,41,-3.0,3.0,0.01,30.0,60.0,1e-09,1e-12,6,0.0001,1,new simulation,nan
12,8,0.1098131700797732,-1.8,0.20000000000000004,settled,1.6900000000000013,-0.3090658503988659,0.0,3,1,2,nan,0.04,0.3490658503988659,9.81,1,1,9,21,41,-3.0,3.0,0.01,30.0,60.0,1e-09,1e-12,6,0.0001,1,new simulation,nan
12,9,0.1098131700797732,-1.6500000000000001,0.20000000000000004,settled,1.6600000000000013,-0.3090658503988659,0.0,3,1,2,nan,0.04,0.3490658503988659,9.81,1,1,9,21,41,-3.0,3.0,0.01,30.0,60.0,1e-09,1e-12,6,0.0001,1,new simulation,nan
12,10,0.1098131700797732,-1.5,0.20000000000000004,settled,1.7400000000000013,-0.3090658503988659,0.0,3,1,2,nan,0.04,0.3490658503988659,9.81,1,1,9,21,41,-3.0,3.0,0.01,30.0,60.0,1e-09,1e-12,6,0.0001,1,new simulation,nan
12,11,0.1098131700797732,-1.35,0.20000000000000004,settled,2.109999999999999,-0.3090658503988659,0.0,3,1,2,nan,0.04,0.3490658503988659,9.81,1,1,9,21,41,-3.0,3.0,0.01,30.0,60.0,1e-09,1e-12,6,0.0001,1,new simulation,nan
12,12,0.1098131700797732,-1.2000000000000002,0.20000000000000004,settled,1.5200000000000011,-0.3090658503988659,0.0,2,1,1,nan,0.04,0.3490658503988659,9.81,1,1,9,21,41,-3.0,3.0,0.01,30.0,60.0,1e-09,1e-12,6,0.0001,1,new simulation,nan
12,13,0.1098131700797732,-1.05,0.20000000000000004,settled,1.260000000000001,-0.3090658503988659,0.0,2,1,1,nan,0.04,0.3490658503988659,9.81,1,1,9,21,41,-3.0,3.0,0.01,30.0,60.0,1e-09,1e-12,6,0.0001,1,new simulation,nan
12,14,0.1098131700797732,-0.8999999999999999,0.20000000000000004,settled,1.1700000000000008,-0.3090658503988659,0.0,2,1,1,nan,0.04,0.3490658503988659,9.81,1,1,9,21,41,-3.0,3.0,0.01,30.0,60.0,1e-09,1e-12,6,0.0001,1,new simulation,nan
12,15,0.1098131700797732,-0.75,0.20000000000000004,settled,1.1500000000000008,-0.3090658503988659,0.0,2,1,1,nan,0.04,0.3490658503988659,9.81,1,1,9,21,41,-3.0,3.0,0.01,30.0,60.0,1e-09,1e-12,6,0.0001,1,new simulation,nan
12,16,0.1098131700797732,-0.6000000000000001,0.20000000000000004,settled,1.2100000000000009,-0.3090658503988659,0.0,2,1,1,nan,0.04,0.3490658503988659,9.81,1,1,9,21,41,-3.0,3.0,0.01,30.0,60.0,1e-09,1e-12,6,0.0001,1,new simulation,nan
12,17,0.1098131700797732,-0.4500000000000002,0.20000000000000004,settled,1.430000000000001,-0.3090658503988659,0.0,2,1,1,nan,0.04,0.3490658503988659,9.81,1,1,9,21,41,-3.0,3.0,0.01,30.0,60.0,1e-09,1e-12,6,0.0001,1,new simulation,nan
12,18,0.1098131700797732,-0.30000000000000027,0.20000000000000004,settled,1.290000000000001,-0.3090658503988659,0.0,1,1,0,nan,0.04,0.3490658503988659,9.81,1,1,9,21,41,-3.0,3.0,0.01,30.0,60.0,1e-09,1e-12,6,0.0001,1,new simulation,nan
12,19,0.1098131700797732,-0.1499999999999999,0.20000000000000004,settled,0.8100000000000005,-0.3090658503988659,0.0,1,1,0,nan,0.04,0.3490658503988659,9.81,1,1,9,21,41,-3.0,3.0,0.01,30.0,60.0,1e-09,1e-12,6,0.0001,1,new simulation,nan
12,20,0.1098131700797732,0.0,0.20000000000000004,settled,0.6300000000000003,-0.3090658503988659,0.0,1,1,0,nan,0.04,0.3490658503988659,9.81,1,1,9,21,41,-3.0,3.0,0.01,30.0,60.0,1e-09,1e-12,6,0.0001,1,new simulation,nan
12,21,0.1098131700797732,0.1499999999999999,0.20000000000000004,settled,0.5100000000000002,-0.3090658503988659,0.0,1,1,0,nan,0.04,0.3490658503988659,9.81,1,1,9,21,41,-3.0,3.0,0.01,30.0,60.0,1e-09,1e-12,6,0.0001,1,new simulation,nan
12,22,0.1098131700797732,0.2999999999999998,0.20000000000000004,settled,0.4300000000000002,-0.3090658503988659,0.0,1,1,0,nan,0.04,0.3490658503988659,9.81,1,1,9,21,41,-3.0,3.0,0.01,30.0,60.0,1e-09,1e-12,6,0.0001,1,new simulation,nan
12,23,0.1098131700797732,0.44999999999999973,0.20000000000000004,settled,0.37000000000000016,-0.3090658503988659,0.0,1,1,0,nan,0.04,0.3490658503988659,9.81,1,1,9,21,41,-3.0,3.0,0.01,30.0,60.0,1e-09,1e-12,6,0.0001,1,new simulation,nan
12,24,0.1098131700797732,0.5999999999999996,0.20000000000000004,settled,1.6600000000000013,-0.3090658503988659,0.0,2,2,0,nan,0.04,0.3490658503988659,9.81,1,1,9,21,41,-3.0,3.0,0.01,30.0,60.0,1e-09,1e-12,6,0.0001,1,new simulation,nan
12,25,0.1098131700797732,0.75,0.20000000000000004,settled,2.8399999999999834,-0.3090658503988659,0.0,3,3,0,nan,0.04,0.3490658503988659,9.81,1,1,9,21,41,-3.0,3.0,0.01,30.0,60.0,1e-09,1e-12,6,0.0001,1,new simulation,nan
12,26,0.1098131700797732,0.8999999999999999,0.20000000000000004,settled,4.41999999999995,-0.3090658503988659,0.0,4,4,0,nan,0.04,0.3490658503988659,9.81,1,1,9,21,41,-3.0,3.0,0.01,30.0,60.0,1e-09,1e-12,6,0.0001,1,new simulation,nan
12,27,0.1098131700797732,1.0499999999999998,0.20000000000000004,settled,3.369999999999972,-0.3090658503988659,0.0,4,4,0,nan,0.04,0.3490658503988659,9.81,1,1,9,21,41,-3.0,3.0,0.01,30.0,60.0,1e-09,1e-12,6,0.0001,1,new simulation,nan
12,28,0.1098131700797732,1.2000000000000002,0.20000000000000004,settled,4.9199999999999395,-0.3090658503988659,0.0,5,5,0,nan,0.04,0.3490658503988659,9.81,1,1,9,21,41,-3.0,3.0,0.01,30.0,60.0,1e-09,1e-12,6,0.0001,1,new simulation,nan
12,29,0.1098131700797732,1.3499999999999996,0.20000000000000004,settled,4.049999999999958,-0.3090658503988659,0.0,5,5,0,nan,0.04,0.3490658503988659,9.81,1,1,9,21,41,-3.0,3.0,0.01,30.0,60.0,1e-09,1e-12,6,0.0001,1,new simulation,nan
12,30,0.1098131700797732,1.5,0.20000000000000004,settled,3.609999999999967,-0.3090658503988659,0.0,5,5,0,nan,0.04,0.3490658503988659,9.81,1,1,9,21,41,-3.0,3.0,0.01,30.0,60.0,1e-09,1e-12,6,0.0001,1,new simulation,nan
12,31,0.1098131700797732,1.6499999999999995,0.20000000000000004,settled,4.949999999999939,-0.3090658503988659,0.0,6,6,0,nan,0.04,0.3490658503988659,9.81,1,1,9,21,41,-3.0,3.0,0.01,30.0,60.0,1e-09,1e-12,6,0.0001,1,new simulation,nan
12,32,0.1098131700797732,1.7999999999999998,0.20000000000000004,settled,4.41999999999995,-0.3090658503988659,0.0,6,6,0,nan,0.04,0.3490658503988659,9.81,1,1,9,21,41,-3.0,3.0,0.01,30.0,60.0,1e-09,1e-12,6,0.0001,1,new simulation,nan
12,33,0.1098131700797732,1.9500000000000002,0.20000000000000004,settled,4.049999999999958,-0.3090658503988659,0.0,6,6,0,nan,0.04,0.3490658503988659,9.81,1,1,9,21,41,-3.0,3.0,0.01,30.0,60.0,1e-09,1e-12,6,0.0001,1,new simulation,nan
12,34,0.1098131700797732,2.0999999999999996,0.20000000000000004,settled,5.599999999999925,-0.3090658503988659,0.0,7,7,0,nan,0.04,0.3490658503988659,9.81,1,1,9,21,41,-3.0,3.0,0.01,30.0,60.0,1e-09,1e-12,6,0.0001,1,new simulation,nan
12,35,0.1098131700797732,2.25,0.20000000000000004,settled,5.039999999999937,-0.3090658503988659,0.0,7,7,0,nan,0.04,0.3490658503988659,9.81,1,1,9,21,41,-3.0,3.0,0.01,30.0,60.0,1e-09,1e-12,6,0.0001,1,new simulation,nan
12,36,0.1098131700797732,2.3999999999999995,0.20000000000000004,settled,4.659999999999945,-0.3090658503988659,0.0,7,7,0,nan,0.04,0.3490658503988659,9.81,1,1,9,21,41,-3.0,3.0,0.01,30.0,60.0,1e-09,1e-12,6,0.0001,1,new simulation,nan
12,37,0.1098131700797732,2.55,0.20000000000000004,settled,4.369999999999951,-0.3090658503988659,0.0,7,7,0,nan,0.04,0.3490658503988659,9.81,1,1,9,21,41,-3.0,3.0,0.01,30.0,60.0,1e-09,1e-12,6,0.0001,1,new simulation,nan
12,38,0.1098131700797732,2.7,0.20000000000000004,settled,6.1399999999999135,-0.3090658503988659,0.0,8,8,0,nan,0.04,0.3490658503988659,9.81,1,1,9,21,41,-3.0,3.0,0.01,30.0,60.0,1e-09,1e-12,6,0.0001,1,new simulation,nan
12,39,0.1098131700797732,2.8499999999999996,0.20000000000000004,settled,5.549999999999926,-0.3090658503988659,0.0,8,8,0,nan,0.04,0.3490658503988659,9.81,1,1,9,21,41,-3.0,3.0,0.01,30.0,60.0,1e-09,1e-12,6,0.0001,1,new simulation,nan
12,40,0.1098131700797732,3.0,0.20000000000000004,settled,5.189999999999934,-0.3090658503988659,0.0,8,8,0,nan,0.04,0.3490658503988659,9.81,1,1,9,21,41,-3.0,3.0,0.01,30.0,60.0,1e-09,1e-12,6,0.0001,1,new simulation,nan
13,0,0.1447197551196598,-3.0,0.30000000000000004,settled,3.7799999999999634,-0.3090658503988659,0.0,4,1,3,nan,0.04,0.3490658503988659,9.81,1,1,9,21,41,-3.0,3.0,0.01,30.0,60.0,1e-09,1e-12,6,0.0001,1,new simulation,nan
13,1,0.1447197551196598,-2.85,0.30000000000000004,settled,2.159999999999998,-0.3090658503988659,0.0,4,1,3,nan,0.04,0.3490658503988659,9.81,1,1,9,21,41,-3.0,3.0,0.01,30.0,60.0,1e-09,1e-12,6,0.0001,1,new simulation,nan
13,2,0.1447197551196598,-2.7,0.30000000000000004,settled,2.020000000000001,-0.3090658503988659,0.0,4,1,3,nan,0.04,0.3490658503988659,9.81,1,1,9,21,41,-3.0,3.0,0.01,30.0,60.0,1e-09,1e-12,6,0.0001,1,new simulation,nan
13,3,0.1447197551196598,-2.55,0.30000000000000004,settled,1.9900000000000015,-0.3090658503988659,0.0,4,1,3,nan,0.04,0.3490658503988659,9.81,1,1,9,21,41,-3.0,3.0,0.01,30.0,60.0,1e-09,1e-12,6,0.0001,1,new simulation,nan
13,4,0.1447197551196598,-2.4,0.30000000000000004,settled,2.0400000000000005,-0.3090658503988659,0.0,4,1,3,nan,0.04,0.3490658503988659,9.81,1,1,9,21,41,-3.0,3.0,0.01,30.0,60.0,1e-09,1e-12,6,0.0001,1,new simulation,nan
13,5,0.1447197551196598,-2.25,0.30000000000000004,settled,2.2199999999999966,-0.3090658503988659,0.0,4,1,3,nan,0.04,0.3490658503988659,9.81,1,1,9,21,41,-3.0,3.0,0.01,30.0,60.0,1e-09,1e-12,6,0.0001,1,new simulation,nan
13,6,0.1447197551196598,-2.1,0.30000000000000004,settled,2.679999999999987,-0.3090658503988659,0.0,3,1,2,nan,0.04,0.3490658503988659,9.81,1,1,9,21,41,-3.0,3.0,0.01,30.0,60.0,1e-09,1e-12,6,0.0001,1,new simulation,nan
13,7,0.1447197551196598,-1.95,0.30000000000000004,settled,1.8300000000000014,-0.3090658503988659,0.0,3,1,2,nan,0.04,0.3490658503988659,9.81,1,1,9,21,41,-3.0,3.0,0.01,30.0,60.0,1e-09,1e-12,6,0.0001,1,new simulation,nan
13,8,0.1447197551196598,-1.8,0.30000000000000004,settled,1.7000000000000013,-0.3090658503988659,0.0,3,1,2,nan,0.04,0.3490658503988659,9.81,1,1,9,21,41,-3.0,3.0,0.01,30.0,60.0,1e-09,1e-12,6,0.0001,1,new simulation,nan
13,9,0.1447197551196598,-1.6500000000000001,0.30000000000000004,settled,1.6900000000000013,-0.3090658503988659,0.0,3,1,2,nan,0.04,0.3490658503988659,9.81,1,1,9,21,41,-3.0,3.0,0.01,30.0,60.0,1e-09,1e-12,6,0.0001,1,new simulation,nan
13,10,0.1447197551196598,-1.5,0.30000000000000004,settled,1.8000000000000014,-0.3090658503988659,0.0,3,1,2,nan,0.04,0.3490658503988659,9.81,1,1,9,21,41,-3.0,3.0,0.01,30.0,60.0,1e-09,1e-12,6,0.0001,1,new simulation,nan
13,11,0.1447197551196598,-1.35,0.30000000000000004,settled,2.4499999999999917,-0.3090658503988659,0.0,3,1,2,nan,0.04,0.3490658503988659,9.81,1,1,9,21,41,-3.0,3.0,0.01,30.0,60.0,1e-09,1e-12,6,0.0001,1,new simulation,nan
13,12,0.1447197551196598,-1.2000000000000002,0.30000000000000004,settled,1.450000000000001,-0.3090658503988659,0.0,2,1,1,nan,0.04,0.3490658503988659,9.81,1,1,9,21,41,-3.0,3.0,0.01,30.0,60.0,1e-09,1e-12,6,0.0001,1,new simulation,nan
13,13,0.1447197551196598,-1.05,0.30000000000000004,settled,1.260000000000001,-0.3090658503988659,0.0,2,1,1,nan,0.04,0.3490658503988659,9.81,1,1,9,21,41,-3.0,3.0,0.01,30.0,60.0,1e-09,1e-12,6,0.0001,1,new simulation,nan
13,14,0.1447197551196598,-0.8999999999999999,0.30000000000000004,settled,1.2000000000000008,-0.3090658503988659,0.0,2,1,1,nan,0.04,0.3490658503988659,9.81,1,1,9,21,41,-3.0,3.0,0.01,30.0,60.0,1e-09,1e-12,6,0.0001,1,new simulation,nan
13,15,0.1447197551196598,-0.75,0.30000000000000004,settled,1.2100000000000009,-0.3090658503988659,0.0,2,1,1,nan,0.04,0.3490658503988659,9.81,1,1,9,21,41,-3.0,3.0,0.01,30.0,60.0,1e-09,1e-12,6,0.0001,1,new simulation,nan
13,16,0.1447197551196598,-0.6000000000000001,0.30000000000000004,settled,1.350000000000001,-0.3090658503988659,0.0,2,1,1,nan,0.04,0.3490658503988659,9.81,1,1,9,21,41,-3.0,3.0,0.01,30.0,60.0,1e-09,1e-12,6,0.0001,1,new simulation,nan
13,17,0.1447197551196598,-0.4500000000000002,0.30000000000000004,settled,2.159999999999998,-0.3090658503988659,0.0,1,1,0,nan,0.04,0.3490658503988659,9.81,1,1,9,21,41,-3.0,3.0,0.01,30.0,60.0,1e-09,1e-12,6,0.0001,1,new simulation,nan
13,18,0.1447197551196598,-0.30000000000000027,0.30000000000000004,settled,0.8800000000000006,-0.3090658503988659,0.0,1,1,0,nan,0.04,0.3490658503988659,9.81,1,1,9,21,41,-3.0,3.0,0.01,30.0,60.0,1e-09,1e-12,6,0.0001,1,new simulation,nan
13,19,0.1447197551196598,-0.1499999999999999,0.30000000000000004,settled,0.6600000000000004,-0.3090658503988659,0.0,1,1,0,nan,0.04,0.3490658503988659,9.81,1,1,9,21,41,-3.0,3.0,0.01,30.0,60.0,1e-09,1e-12,6,0.0001,1,new simulation,nan
13,20,0.1447197551196598,0.0,0.30000000000000004,settled,0.5300000000000002,-0.3090658503988659,0.0,1,1,0,nan,0.04,0.3490658503988659,9.81,1,1,9,21,41,-3.0,3.0,0.01,30.0,60.0,1e-09,1e-12,6,0.0001,1,new simulation,nan
13,21,0.1447197551196598,0.1499999999999999,0.30000000000000004,settled,0.4400000000000002,-0.3090658503988659,0.0,1,1,0,nan,0.04,0.3490658503988659,9.81,1,1,9,21,41,-3.0,3.0,0.01,30.0,60.0,1e-09,1e-12,6,0.0001,1,new simulation,nan
13,22,0.1447197551196598,0.2999999999999998,0.30000000000000004,settled,0.37000000000000016,-0.3090658503988659,0.0,1,1,0,nan,0.04,0.3490658503988659,9.81,1,1,9,21,41,-3.0,3.0,0.01,30.0,60.0,1e-09,1e-12,6,0.0001,1,new simulation,nan
13,23,0.1447197551196598,0.44999999999999973,0.30000000000000004,settled,0.3200000000000001,-0.3090658503988659,0.0,1,1,0,nan,0.04,0.3490658503988659,9.81,1,1,9,21,41,-3.0,3.0,0.01,30.0,60.0,1e-09,1e-12,6,0.0001,1,new simulation,nan
13,24,0.1447197551196598,0.5999999999999996,0.30000000000000004,settled,2.0000000000000013,-0.3090658503988659,0.0,2,2,0,nan,0.04,0.3490658503988659,9.81,1,1,9,21,41,-3.0,3.0,0.01,30.0,60.0,1e-09,1e-12,6,0.0001,1,new simulation,nan
13,25,0.1447197551196598,0.75,0.30000000000000004,settled,3.2699999999999743,-0.3090658503988659,0.0,3,3,0,nan,0.04,0.3490658503988659,9.81,1,1,9,21,41,-3.0,3.0,0.01,30.0,60.0,1e-09,1e-12,6,0.0001,1,new simulation,nan
13,26,0.1447197551196598,0.8999999999999999,0.30000000000000004,settled,2.399999999999993,-0.3090658503988659,0.0,3,3,0,nan,0.04,0.3490658503988659,9.81,1,1,9,21,41,-3.0,3.0,0.01,30.0,60.0,1e-09,1e-12,6,0.0001,1,new simulation,nan
13,27,0.1447197551196598,1.0499999999999998,0.30000000000000004,settled,3.509999999999969,-0.3090658503988659,0.0,4,4,0,nan,0.04,0.3490658503988659,9.81,1,1,9,21,41,-3.0,3.0,0.01,30.0,60.0,1e-09,1e-12,6,0.0001,1,new simulation,nan
13,28,0.1447197551196598,1.2000000000000002,0.30000000000000004,settled,2.9899999999999802,-0.3090658503988659,0.0,4,4,0,nan,0.04,0.3490658503988659,9.81,1,1,9,21,41,-3.0,3.0,0.01,30.0,60.0,1e-09,1e-12,6,0.0001,1,new simulation,nan
13,29,0.1447197551196598,1.3499999999999996,0.30000000000000004,settled,4.149999999999956,-0.3090658503988659,0.0,5,5,0,nan,0.04,0.3490658503988659,9.81,1,1,9,21,41,-3.0,3.0,0.01,30.0,60.0,1e-09,1e-12,6,0.0001,1,new simulation,nan
13,30,0.1447197551196598,1.5,0.30000000000000004,settled,3.659999999999966,-0.3090658503988659,0.0,5,5,0,nan,0.04,0.3490658503988659,9.81,1,1,9,21,41,-3.0,3.0,0.01,30.0,60.0,1e-09,1e-12,6,0.0001,1,new simulation,nan
13,31,0.1447197551196598,1.6499999999999995,0.30000000000000004,settled,5.069999999999936,-0.3090658503988659,0.0,6,6,0,nan,0.04,0.3490658503988659,9.81,1,1,9,21,41,-3.0,3.0,0.01,30.0,60.0,1e-09,1e-12,6,0.0001,1,new simulation,nan
13,32,0.1447197551196598,1.7999999999999998,0.30000000000000004,settled,4.469999999999949,-0.3090658503988659,0.0,6,6,0,nan,0.04,0.3490658503988659,9.81,1,1,9,21,41,-3.0,3.0,0.01,30.0,60.0,1e-09,1e-12,6,0.0001,1,new simulation,nan
13,33,0.1447197551196598,1.9500000000000002,0.30000000000000004,settled,4.079999999999957,-0.3090658503988659,0.0,6,6,0,nan,0.04,0.3490658503988659,9.81,1,1,9,21,41,-3.0,3.0,0.01,30.0,60.0,1e-09,1e-12,6,0.0001,1,new simulation,nan
13,34,0.1447197551196598,2.0999999999999996,0.30000000000000004,settled,5.709999999999923,-0.3090658503988659,0.0,7,7,0,nan,0.04,0.3490658503988659,9.81,1,1,9,21,41,-3.0,3.0,0.01,30.0,60.0,1e-09,1e-12,6,0.0001,1,new simulation,nan
13,35,0.1447197551196598,2.25,0.30000000000000004,settled,5.079999999999936,-0.3090658503988659,0.0,7,7,0,nan,0.04,0.3490658503988659,9.81,1,1,9,21,41,-3.0,3.0,0.01,30.0,60.0,1e-09,1e-12,6,0.0001,1,new simulation,nan
13,36,0.1447197551196598,2.3999999999999995,0.30000000000000004,settled,4.689999999999944,-0.3090658503988659,0.0,7,7,0,nan,0.04,0.3490658503988659,9.81,1,1,9,21,41,-3.0,3.0,0.01,30.0,60.0,1e-09,1e-12,6,0.0001,1,new simulation,nan
13,37,0.1447197551196598,2.55,0.30000000000000004,settled,4.389999999999951,-0.3090658503988659,0.0,7,7,0,nan,0.04,0.3490658503988659,9.81,1,1,9,21,41,-3.0,3.0,0.01,30.0,60.0,1e-09,1e-12,6,0.0001,1,new simulation,nan
13,38,0.1447197551196598,2.7,0.30000000000000004,settled,6.249999999999911,-0.3090658503988659,0.0,8,8,0,nan,0.04,0.3490658503988659,9.81,1,1,9,21,41,-3.0,3.0,0.01,30.0,60.0,1e-09,1e-12,6,0.0001,1,new simulation,nan
13,39,0.1447197551196598,2.8499999999999996,0.30000000000000004,settled,5.5799999999999255,-0.3090658503988659,0.0,8,8,0,nan,0.04,0.3490658503988659,9.81,1,1,9,21,41,-3.0,3.0,0.01,30.0,60.0,1e-09,1e-12,6,0.0001,1,new simulation,nan
13,40,0.1447197551196598,3.0,0.30000000000000004,settled,5.209999999999933,-0.3090658503988659,0.0,8,8,0,nan,0.04,0.3490658503988659,9.81,1,1,9,21,41,-3.0,3.0,0.01,30.0,60.0,1e-09,1e-12,6,0.0001,1,new simulation,nan
14,0,0.17962634015954637,-3.0,0.4,settled,2.769999999999985,-0.3090658503988659,0.0,4,1,3,nan,0.04,0.3490658503988659,9.81,1,1,9,21,41,-3.0,3.0,0.01,30.0,60.0,1e-09,1e-12,6,0.0001,1,new simulation,nan
14,1,0.17962634015954637,-2.85,0.4,settled,2.1399999999999983,-0.3090658503988659,0.0,4,1,3,nan,0.04,0.3490658503988659,9.81,1,1,9,21,41,-3.0,3.0,0.01,30.0,60.0,1e-09,1e-12,6,0.0001,1,new simulation,nan
14,2,0.17962634015954637,-2.7,0.4,settled,2.020000000000001,-0.3090658503988659,0.0,4,1,3,nan,0.04,0.3490658503988659,9.81,1,1,9,21,41,-3.0,3.0,0.01,30.0,60.0,1e-09,1e-12,6,0.0001,1,new simulation,nan
14,3,0.17962634015954637,-2.55,0.4,settled,2.0000000000000013,-0.3090658503988659,0.0,4,1,3,nan,0.04,0.3490658503988659,9.81,1,1,9,21,41,-3.0,3.0,0.01,30.0,60.0,1e-09,1e-12,6,0.0001,1,new simulation,nan
14,4,0.17962634015954637,-2.4,0.4,settled,2.07,-0.3090658503988659,0.0,4,1,3,nan,0.04,0.3490658503988659,9.81,1,1,9,21,41,-3.0,3.0,0.01,30.0,60.0,1e-09,1e-12,6,0.0001,1,new simulation,nan
14,5,0.17962634015954637,-2.25,0.4,settled,2.289999999999995,-0.3090658503988659,0.0,4,1,3,nan,0.04,0.3490658503988659,9.81,1,1,9,21,41,-3.0,3.0,0.01,30.0,60.0,1e-09,1e-12,6,0.0001,1,new simulation,nan
14,6,0.17962634015954637,-2.1,0.4,settled,2.2699999999999956,-0.3090658503988659,0.0,3,1,2,nan,0.04,0.3490658503988659,9.81,1,1,9,21,41,-3.0,3.0,0.01,30.0,60.0,1e-09,1e-12,6,0.0001,1,new simulation,nan
14,7,0.17962634015954637,-1.95,0.4,settled,1.8100000000000014,-0.3090658503988659,0.0,3,1,2,nan,0.04,0.3490658503988659,9.81,1,1,9,21,41,-3.0,3.0,0.01,30.0,60.0,1e-09,1e-12,6,0.0001,1,new simulation,nan
14,8,0.17962634015954637,-1.8,0.4,settled,1.7100000000000013,-0.3090658503988659,0.0,3,1,2,nan,0.04,0.3490658503988659,9.81,1,1,9,21,41,-3.0,3.0,0.01,30.0,60.0,1e-09,1e-12,6,0.0001,1,new simulation,nan
14,9,0.17962634015954637,-1.6500000000000001,0.4,settled,1.7200000000000013,-0.3090658503988659,0.0,3,1,2,nan,0.04,0.3490658503988659,9.81,1,1,9,21,41,-3.0,3.0,0.01,30.0,60.0,1e-09,1e-12,6,0.0001,1,new simulation,nan
14,10,0.17962634015954637,-1.5,0.4,settled,1.8900000000000015,-0.3090658503988659,0.0,3,1,2,nan,0.04,0.3490658503988659,9.81,1,1,9,21,41,-3.0,3.0,0.01,30.0,60.0,1e-09,1e-12,6,0.0001,1,new simulation,nan
14,11,0.17962634015954637,-1.35,0.4,settled,2.0000000000000013,-0.3090658503988659,0.0,2,1,1,nan,0.04,0.3490658503988659,9.81,1,1,9,21,41,-3.0,3.0,0.01,30.0,60.0,1e-09,1e-12,6,0.0001,1,new simulation,nan
14,12,0.17962634015954637,-1.2000000000000002,0.4,settled,1.400000000000001,-0.3090658503988659,0.0,2,1,1,nan,0.04,0.3490658503988659,9.81,1,1,9,21,41,-3.0,3.0,0.01,30.0,60.0,1e-09,1e-12,6,0.0001,1,new simulation,nan
14,13,0.17962634015954637,-1.05,0.4,settled,1.260000000000001,-0.3090658503988659,0.0,2,1,1,nan,0.04,0.3490658503988659,9.81,1,1,9,21,41,-3.0,3.0,0.01,30.0,60.0,1e-09,1e-12,6,0.0001,1,new simulation,nan
14,14,0.17962634015954637,-0.8999999999999999,0.4,settled,1.2300000000000009,-0.3090658503988659,0.0,2,1,1,nan,0.04,0.3490658503988659,9.81,1,1,9,21,41,-3.0,3.0,0.01,30.0,60.0,1e-09,1e-12,6,0.0001,1,new simulation,nan
14,15,0.17962634015954637,-0.75,0.4,settled,1.310000000000001,-0.3090658503988659,0.0,2,1,1,nan,0.04,0.3490658503988659,9.81,1,1,9,21,41,-3.0,3.0,0.01,30.0,60.0,1e-09,1e-12,6,0.0001,1,new simulation,nan
14,16,0.17962634015954637,-0.6000000000000001,0.4,settled,1.7400000000000013,-0.3090658503988659,0.0,2,1,1,nan,0.04,0.3490658503988659,9.81,1,1,9,21,41,-3.0,3.0,0.01,30.0,60.0,1e-09,1e-12,6,0.0001,1,new simulation,nan
14,17,0.17962634015954637,-0.4500000000000002,0.4,settled,0.9800000000000006,-0.3090658503988659,0.0,1,1,0,nan,0.04,0.3490658503988659,9.81,1,1,9,21,41,-3.0,3.0,0.01,30.0,60.0,1e-09,1e-12,6,0.0001,1,new simulation,nan
14,18,0.17962634015954637,-0.30000000000000027,0.4,settled,0.7100000000000004,-0.3090658503988659,0.0,1,1,0,nan,0.04,0.3490658503988659,9.81,1,1,9,21,41,-3.0,3.0,0.01,30.0,60.0,1e-09,1e-12,6,0.0001,1,new simulation,nan
14,19,0.17962634015954637,-0.1499999999999999,0.4,settled,0.5600000000000003,-0.3090658503988659,0.0,1,1,0,nan,0.04,0.3490658503988659,9.81,1,1,9,21,41,-3.0,3.0,0.01,30.0,60.0,1e-09,1e-12,6,0.0001,1,new simulation,nan
14,20,0.17962634015954637,0.0,0.4,settled,0.46000000000000024,-0.3090658503988659,0.0,1,1,0,nan,0.04,0.3490658503988659,9.81,1,1,9,21,41,-3.0,3.0,0.01,30.0,60.0,1e-09,1e-12,6,0.0001,1,new simulation,nan
14,21,0.17962634015954637,0.1499999999999999,0.4,settled,0.38000000000000017,-0.3090658503988659,0.0,1,1,0,nan,0.04,0.3490658503988659,9.81,1,1,9,21,41,-3.0,3.0,0.01,30.0,60.0,1e-09,1e-12,6,0.0001,1,new simulation,nan
14,22,0.17962634015954637,0.2999999999999998,0.4,settled,0.3200000000000001,-0.3090658503988659,0.0,1,1,0,nan,0.04,0.3490658503988659,9.81,1,1,9,21,41,-3.0,3.0,0.01,30.0,60.0,1e-09,1e-12,6,0.0001,1,new simulation,nan
14,23,0.17962634015954637,0.44999999999999973,0.4,settled,0.2800000000000001,-0.3090658503988659,0.0,1,1,0,nan,0.04,0.3490658503988659,9.81,1,1,9,21,41,-3.0,3.0,0.01,30.0,60.0,1e-09,1e-12,6,0.0001,1,new simulation,nan
14,24,0.17962634015954637,0.5999999999999996,0.4,settled,0.24000000000000007,-0.3090658503988659,0.0,1,1,0,nan,0.04,0.3490658503988659,9.81,1,1,9,21,41,-3.0,3.0,0.01,30.0,60.0,1e-09,1e-12,6,0.0001,1,new simulation,nan
14,25,0.17962634015954637,0.75,0.4,settled,1.5500000000000012,-0.3090658503988659,0.0,2,2,0,nan,0.04,0.3490658503988659,9.81,1,1,9,21,41,-3.0,3.0,0.01,30.0,60.0,1e-09,1e-12,6,0.0001,1,new simulation,nan
14,26,0.17962634015954637,0.8999999999999999,0.4,settled,2.5999999999999885,-0.3090658503988659,0.0,3,3,0,nan,0.04,0.3490658503988659,9.81,1,1,9,21,41,-3.0,3.0,0.01,30.0,60.0,1e-09,1e-12,6,0.0001,1,new simulation,nan
14,27,0.17962634015954637,1.0499999999999998,0.4,settled,3.789999999999963,-0.3090658503988659,0.0,4,4,0,nan,0.04,0.3490658503988659,9.81,1,1,9,21,41,-3.0,3.0,0.01,30.0,60.0,1e-09,1e-12,6,0.0001,1,new simulation,nan
14,28,0.17962634015954637,1.2000000000000002,0.4,settled,3.099999999999978,-0.3090658503988659,0.0,4,4,0,nan,0.04,0.3490658503988659,9.81,1,1,9,21,41,-3.0,3.0,0.01,30.0,60.0,1e-09,1e-12,6,0.0001,1,new simulation,nan
14,29,0.17962634015954637,1.3499999999999996,0.4,settled,4.319999999999952,-0.3090658503988659,0.0,5,5,0,nan,0.04,0.3490658503988659,9.81,1,1,9,21,41,-3.0,3.0,0.01,30.0,60.0,1e-09,1e-12,6,0.0001,1,new simulation,nan
14,30,0.17962634015954637,1.5,0.4,settled,3.7399999999999642,-0.3090658503988659,0.0,5,5,0,nan,0.04,0.3490658503988659,9.81,1,1,9,21,41,-3.0,3.0,0.01,30.0,60.0,1e-09,1e-12,6,0.0001,1,new simulation,nan
14,31,0.17962634015954637,1.6499999999999995,0.4,settled,5.279999999999932,-0.3090658503988659,0.0,6,6,0,nan,0.04,0.3490658503988659,9.81,1,1,9,21,41,-3.0,3.0,0.01,30.0,60.0,1e-09,1e-12,6,0.0001,1,new simulation,nan
14,32,0.17962634015954637,1.7999999999999998,0.4,settled,4.549999999999947,-0.3090658503988659,0.0,6,6,0,nan,0.04,0.3490658503988659,9.81,1,1,9,21,41,-3.0,3.0,0.01,30.0,60.0,1e-09,1e-12,6,0.0001,1,new simulation,nan
14,33,0.17962634015954637,1.9500000000000002,0.4,settled,4.129999999999956,-0.3090658503988659,0.0,6,6,0,nan,0.04,0.3490658503988659,9.81,1,1,9,21,41,-3.0,3.0,0.01,30.0,60.0,1e-09,1e-12,6,0.0001,1,new simulation,nan
14,34,0.17962634015954637,2.0999999999999996,0.4,settled,5.909999999999918,-0.3090658503988659,0.0,7,7,0,nan,0.04,0.3490658503988659,9.81,1,1,9,21,41,-3.0,3.0,0.01,30.0,60.0,1e-09,1e-12,6,0.0001,1,new simulation,nan
14,35,0.17962634015954637,2.25,0.4,settled,5.139999999999935,-0.3090658503988659,0.0,7,7,0,nan,0.04,0.3490658503988659,9.81,1,1,9,21,41,-3.0,3.0,0.01,30.0,60.0,1e-09,1e-12,6,0.0001,1,new simulation,nan
14,36,0.17962634015954637,2.3999999999999995,0.4,settled,4.729999999999944,-0.3090658503988659,0.0,7,7,0,nan,0.04,0.3490658503988659,9.81,1,1,9,21,41,-3.0,3.0,0.01,30.0,60.0,1e-09,1e-12,6,0.0001,1,new simulation,nan
14,37,0.17962634015954637,2.55,0.4,settled,4.40999999999995,-0.3090658503988659,0.0,7,7,0,nan,0.04,0.3490658503988659,9.81,1,1,9,21,41,-3.0,3.0,0.01,30.0,60.0,1e-09,1e-12,6,0.0001,1,new simulation,nan
14,38,0.17962634015954637,2.7,0.4,settled,6.439999999999907,-0.3090658503988659,0.0,8,8,0,nan,0.04,0.3490658503988659,9.81,1,1,9,21,41,-3.0,3.0,0.01,30.0,60.0,1e-09,1e-12,6,0.0001,1,new simulation,nan
14,39,0.17962634015954637,2.8499999999999996,0.4,settled,5.629999999999924,-0.3090658503988659,0.0,8,8,0,nan,0.04,0.3490658503988659,9.81,1,1,9,21,41,-3.0,3.0,0.01,30.0,60.0,1e-09,1e-12,6,0.0001,1,new simulation,nan
14,40,0.17962634015954637,3.0,0.4,settled,5.229999999999933,-0.3090658503988659,0.0,8,8,0,nan,0.04,0.3490658503988659,9.81,1,1,9,21,41,-3.0,3.0,0.01,30.0,60.0,1e-09,1e-12,6,0.0001,1,new simulation,nan
15,0,0.2145329251994329,-3.0,0.49999999999999983,settled,2.5499999999999896,-0.3090658503988659,0.0,4,1,3,nan,0.04,0.3490658503988659,9.81,1,1,9,21,41,-3.0,3.0,0.01,30.0,60.0,1e-09,1e-12,6,0.0001,1,new simulation,nan
15,1,0.2145329251994329,-2.85,0.49999999999999983,settled,2.1199999999999988,-0.3090658503988659,0.0,4,1,3,nan,0.04,0.3490658503988659,9.81,1,1,9,21,41,-3.0,3.0,0.01,30.0,60.0,1e-09,1e-12,6,0.0001,1,new simulation,nan
15,2,0.2145329251994329,-2.7,0.49999999999999983,settled,2.0300000000000007,-0.3090658503988659,0.0,4,1,3,nan,0.04,0.3490658503988659,9.81,1,1,9,21,41,-3.0,3.0,0.01,30.0,60.0,1e-09,1e-12,6,0.0001,1,new simulation,nan
15,3,0.2145329251994329,-2.55,0.49999999999999983,settled,2.020000000000001,-0.3090658503988659,0.0,4,1,3,nan,0.04,0.3490658503988659,9.81,1,1,9,21,41,-3.0,3.0,0.01,30.0,60.0,1e-09,1e-12,6,0.0001,1,new simulation,nan
15,4,0.2145329251994329,-2.4,0.49999999999999983,settled,2.109999999999999,-0.3090658503988659,0.0,4,1,3,nan,0.04,0.3490658503988659,9.81,1,1,9,21,41,-3.0,3.0,0.01,30.0,60.0,1e-09,1e-12,6,0.0001,1,new simulation,nan
15,5,0.2145329251994329,-2.25,0.49999999999999983,settled,2.389999999999993,-0.3090658503988659,0.0,4,1,3,nan,0.04,0.3490658503988659,9.81,1,1,9,21,41,-3.0,3.0,0.01,30.0,60.0,1e-09,1e-12,6,0.0001,1,new simulation,nan
15,6,0.2145329251994329,-2.1,0.49999999999999983,settled,2.0899999999999994,-0.3090658503988659,0.0,3,1,2,nan,0.04,0.3490658503988659,9.81,1,1,9,21,41,-3.0,3.0,0.01,30.0,60.0,1e-09,1e-12,6,0.0001,1,new simulation,nan
15,7,0.2145329251994329,-1.95,0.49999999999999983,settled,1.7900000000000014,-0.3090658503988659,0.0,3,1,2,nan,0.04,0.3490658503988659,9.81,1,1,9,21,41,-3.0,3.0,0.01,30.0,60.0,1e-09,1e-12,6,0.0001,1,new simulation,nan
15,8,0.2145329251994329,-1.8,0.49999999999999983,settled,1.7200000000000013,-0.3090658503988659,0.0,3,1,2,nan,0.04,0.3490658503988659,9.81,1,1,9,21,41,-3.0,3.0,0.01,30.0,60.0,1e-09,1e-12,6,0.0001,1,new simulation,nan
15,9,0.2145329251994329,-1.6500000000000001,0.49999999999999983,settled,1.7700000000000014,-0.3090658503988659,0.0,3,1,2,nan,0.04,0.3490658503988659,9.81,1,1,9,21,41,-3.0,3.0,0.01,30.0,60.0,1e-09,1e-12,6,0.0001,1,new simulation,nan
15,10,0.2145329251994329,-1.5,0.49999999999999983,settled,2.0300000000000007,-0.3090658503988659,0.0,3,1,2,nan,0.04,0.3490658503988659,9.81,1,1,9,21,41,-3.0,3.0,0.01,30.0,60.0,1e-09,1e-12,6,0.0001,1,new simulation,nan
15,11,0.2145329251994329,-1.35,0.49999999999999983,settled,1.6700000000000013,-0.3090658503988659,0.0,2,1,1,nan,0.04,0.3490658503988659,9.81,1,1,9,21,41,-3.0,3.0,0.01,30.0,60.0,1e-09,1e-12,6,0.0001,1,new simulation,nan
15,12,0.2145329251994329,-1.2000000000000002,0.49999999999999983,settled,1.360000000000001,-0.3090658503988659,0.0,2,1,1,nan,0.04,0.3490658503988659,9.81,1,1,9,21,41,-3.0,3.0,0.01,30.0,60.0,1e-09,1e-12,6,0.0001,1,new simulation,nan
15,13,0.2145329251994329,-1.05,0.49999999999999983,settled,1.270000000000001,-0.3090658503988659,0.0,2,1,1,nan,0.04,0.3490658503988659,9.81,1,1,9,21,41,-3.0,3.0,0.01,30.0,60.0,1e-09,1e-12,6,0.0001,1,new simulation,nan
15,14,0.2145329251994329,-0.8999999999999999,0.49999999999999983,settled,1.300000000000001,-0.3090658503988659,0.0,2,1,1,nan,0.04,0.3490658503988659,9.81,1,1,9,21,41,-3.0,3.0,0.01,30.0,60.0,1e-09,1e-12,6,0.0001,1,new simulation,nan
15,15,0.2145329251994329,-0.75,0.49999999999999983,settled,1.5300000000000011,-0.3090658503988659,0.0,2,1,1,nan,0.04,0.3490658503988659,9.81,1,1,9,21,41,-3.0,3.0,0.01,30.0,60.0,1e-09,1e-12,6,0.0001,1,new simulation,nan
15,16,0.2145329251994329,-0.6000000000000001,0.49999999999999983,settled,1.1300000000000008,-0.3090658503988659,0.0,1,1,0,nan,0.04,0.3490658503988659,9.81,1,1,9,21,41,-3.0,3.0,0.01,30.0,60.0,1e-09,1e-12,6,0.0001,1,new simulation,nan
15,17,0.2145329251994329,-0.4500000000000002,0.49999999999999983,settled,0.7600000000000005,-0.3090658503988659,0.0,1,1,0,nan,0.04,0.3490658503988659,9.81,1,1,9,21,41,-3.0,3.0,0.01,30.0,60.0,1e-09,1e-12,6,0.0001,1,new simulation,nan
15,18,0.2145329251994329,-0.30000000000000027,0.49999999999999983,settled,0.5900000000000003,-0.3090658503988659,0.0,1,1,0,nan,0.04,0.3490658503988659,9.81,1,1,9,21,41,-3.0,3.0,0.01,30.0,60.0,1e-09,1e-12,6,0.0001,1,new simulation,nan
15,19,0.2145329251994329,-0.1499999999999999,0.49999999999999983,settled,0.47000000000000025,-0.3090658503988659,0.0,1,1,0,nan,0.04,0.3490658503988659,9.81,1,1,9,21,41,-3.0,3.0,0.01,30.0,60.0,1e-09,1e-12,6,0.0001,1,new simulation,nan
15,20,0.2145329251994329,0.0,0.49999999999999983,settled,0.3900000000000002,-0.3090658503988659,0.0,1,1,0,nan,0.04,0.3490658503988659,9.81,1,1,9,21,41,-3.0,3.0,0.01,30.0,60.0,1e-09,1e-12,6,0.0001,1,new simulation,nan
15,21,0.2145329251994329,0.1499999999999999,0.49999999999999983,settled,0.3300000000000001,-0.3090658503988659,0.0,1,1,0,nan,0.04,0.3490658503988659,9.81,1,1,9,21,41,-3.0,3.0,0.01,30.0,60.0,1e-09,1e-12,6,0.0001,1,new simulation,nan
15,22,0.2145329251994329,0.2999999999999998,0.49999999999999983,settled,0.2800000000000001,-0.3090658503988659,0.0,1,1,0,nan,0.04,0.3490658503988659,9.81,1,1,9,21,41,-3.0,3.0,0.01,30.0,60.0,1e-09,1e-12,6,0.0001,1,new simulation,nan
15,23,0.2145329251994329,0.44999999999999973,0.49999999999999983,settled,0.24000000000000007,-0.3090658503988659,0.0,1,1,0,nan,0.04,0.3490658503988659,9.81,1,1,9,21,41,-3.0,3.0,0.01,30.0,60.0,1e-09,1e-12,6,0.0001,1,new simulation,nan
15,24,0.2145329251994329,0.5999999999999996,0.49999999999999983,settled,0.21000000000000005,-0.3090658503988659,0.0,1,1,0,nan,0.04,0.3490658503988659,9.81,1,1,9,21,41,-3.0,3.0,0.01,30.0,60.0,1e-09,1e-12,6,0.0001,1,new simulation,nan
15,25,0.2145329251994329,0.75,0.49999999999999983,settled,0.18000000000000002,-0.3090658503988659,0.0,1,1,0,nan,0.04,0.3490658503988659,9.81,1,1,9,21,41,-3.0,3.0,0.01,30.0,60.0,1e-09,1e-12,6,0.0001,1,new simulation,nan
15,26,0.2145329251994329,0.8999999999999999,0.49999999999999983,settled,3.1599999999999766,-0.3090658503988659,0.0,3,3,0,nan,0.04,0.3490658503988659,9.81,1,1,9,21,41,-3.0,3.0,0.01,30.0,60.0,1e-09,1e-12,6,0.0001,1,new simulation,nan
15,27,0.2145329251994329,1.0499999999999998,0.49999999999999983,settled,2.249999999999996,-0.3090658503988659,0.0,3,3,0,nan,0.04,0.3490658503988659,9.81,1,1,9,21,41,-3.0,3.0,0.01,30.0,60.0,1e-09,1e-12,6,0.0001,1,new simulation,nan
15,28,0.2145329251994329,1.2000000000000002,0.49999999999999983,settled,3.2699999999999743,-0.3090658503988659,0.0,4,4,0,nan,0.04,0.3490658503988659,9.81,1,1,9,21,41,-3.0,3.0,0.01,30.0,60.0,1e-09,1e-12,6,0.0001,1,new simulation,nan
15,29,0.2145329251994329,1.3499999999999996,0.49999999999999983,settled,4.629999999999946,-0.3090658503988659,0.0,5,5,0,nan,0.04,0.3490658503988659,9.81,1,1,9,21,41,-3.0,3.0,0.01,30.0,60.0,1e-09,1e-12,6,0.0001,1,new simulation,nan
15,30,0.2145329251994329,1.5,0.49999999999999983,settled,3.8599999999999617,-0.3090658503988659,0.0,5,5,0,nan,0.04,0.3490658503988659,9.81,1,1,9,21,41,-3.0,3.0,0.01,30.0,60.0,1e-09,1e-12,6,0.0001,1,new simulation,nan
15,31,0.2145329251994329,1.6499999999999995,0.49999999999999983,settled,5.84999999999992,-0.3090658503988659,0.0,6,6,0,nan,0.04,0.3490658503988659,9.81,1,1,9,21,41,-3.0,3.0,0.01,30.0,60.0,1e-09,1e-12,6,0.0001,1,new simulation,nan
15,32,0.2145329251994329,1.7999999999999998,0.49999999999999983,settled,4.659999999999945,-0.3090658503988659,0.0,6,6,0,nan,0.04,0.3490658503988659,9.81,1,1,9,21,41,-3.0,3.0,0.01,30.0,60.0,1e-09,1e-12,6,0.0001,1,new simulation,nan
15,33,0.2145329251994329,1.9500000000000002,0.49999999999999983,settled,4.189999999999955,-0.3090658503988659,0.0,6,6,0,nan,0.04,0.3490658503988659,9.81,1,1,9,21,41,-3.0,3.0,0.01,30.0,60.0,1e-09,1e-12,6,0.0001,1,new simulation,nan
15,34,0.2145329251994329,2.0999999999999996,0.49999999999999983,settled,6.509999999999906,-0.3090658503988659,0.0,7,7,0,nan,0.04,0.3490658503988659,9.81,1,1,9,21,41,-3.0,3.0,0.01,30.0,60.0,1e-09,1e-12,6,0.0001,1,new simulation,nan
15,35,0.2145329251994329,2.25,0.49999999999999983,settled,5.229999999999933,-0.3090658503988659,0.0,7,7,0,nan,0.04,0.3490658503988659,9.81,1,1,9,21,41,-3.0,3.0,0.01,30.0,60.0,1e-09,1e-12,6,0.0001,1,new simulation,nan
15,36,0.2145329251994329,2.3999999999999995,0.49999999999999983,settled,4.7799999999999425,-0.3090658503988659,0.0,7,7,0,nan,0.04,0.3490658503988659,9.81,1,1,9,21,41,-3.0,3.0,0.01,30.0,60.0,1e-09,1e-12,6,0.0001,1,new simulation,nan
15,37,0.2145329251994329,2.55,0.49999999999999983,settled,4.4499999999999496,-0.3090658503988659,0.0,7,7,0,nan,0.04,0.3490658503988659,9.81,1,1,9,21,41,-3.0,3.0,0.01,30.0,60.0,1e-09,1e-12,6,0.0001,1,new simulation,nan
15,38,0.2145329251994329,2.7,0.49999999999999983,settled,7.0799999999998935,-0.3090658503988659,0.0,8,8,0,nan,0.04,0.3490658503988659,9.81,1,1,9,21,41,-3.0,3.0,0.01,30.0,60.0,1e-09,1e-12,6,0.0001,1,new simulation,nan
15,39,0.2145329251994329,2.8499999999999996,0.49999999999999983,settled,5.689999999999923,-0.3090658503988659,0.0,8,8,0,nan,0.04,0.3490658503988659,9.81,1,1,9,21,41,-3.0,3.0,0.01,30.0,60.0,1e-09,1e-12,6,0.0001,1,new simulation,nan
15,40,0.2145329251994329,3.0,0.49999999999999983,settled,5.269999999999932,-0.3090658503988659,0.0,8,8,0,nan,0.04,0.3490658503988659,9.81,1,1,9,21,41,-3.0,3.0,0.01,30.0,60.0,1e-09,1e-12,6,0.0001,1,new simulation,nan
16,0,0.24943951023931954,-3.0,0.6,settled,2.4099999999999926,-0.3090658503988659,0.0,4,1,3,nan,0.04,0.3490658503988659,9.81,1,1,9,21,41,-3.0,3.0,0.01,30.0,60.0,1e-09,1e-12,6,0.0001,1,new simulation,nan
16,1,0.24943951023931954,-2.85,0.6,settled,2.109999999999999,-0.3090658503988659,0.0,4,1,3,nan,0.04,0.3490658503988659,9.81,1,1,9,21,41,-3.0,3.0,0.01,30.0,60.0,1e-09,1e-12,6,0.0001,1,new simulation,nan
16,2,0.24943951023931954,-2.7,0.6,settled,2.0300000000000007,-0.3090658503988659,0.0,4,1,3,nan,0.04,0.3490658503988659,9.81,1,1,9,21,41,-3.0,3.0,0.01,30.0,60.0,1e-09,1e-12,6,0.0001,1,new simulation,nan
16,3,0.24943951023931954,-2.55,0.6,settled,2.0500000000000003,-0.3090658503988659,0.0,4,1,3,nan,0.04,0.3490658503988659,9.81,1,1,9,21,41,-3.0,3.0,0.01,30.0,60.0,1e-09,1e-12,6,0.0001,1,new simulation,nan
16,4,0.24943951023931954,-2.4,0.6,settled,2.159999999999998,-0.3090658503988659,0.0,4,1,3,nan,0.04,0.3490658503988659,9.81,1,1,9,21,41,-3.0,3.0,0.01,30.0,60.0,1e-09,1e-12,6,0.0001,1,new simulation,nan
16,5,0.24943951023931954,-2.25,0.6,settled,2.569999999999989,-0.3090658503988659,0.0,4,1,3,nan,0.04,0.3490658503988659,9.81,1,1,9,21,41,-3.0,3.0,0.01,30.0,60.0,1e-09,1e-12,6,0.0001,1,new simulation,nan
16,6,0.24943951023931954,-2.1,0.6,settled,1.9800000000000015,-0.3090658503988659,0.0,3,1,2,nan,0.04,0.3490658503988659,9.81,1,1,9,21,41,-3.0,3.0,0.01,30.0,60.0,1e-09,1e-12,6,0.0001,1,new simulation,nan
16,7,0.24943951023931954,-1.95,0.6,settled,1.7700000000000014,-0.3090658503988659,0.0,3,1,2,nan,0.04,0.3490658503988659,9.81,1,1,9,21,41,-3.0,3.0,0.01,30.0,60.0,1e-09,1e-12,6,0.0001,1,new simulation,nan
16,8,0.24943951023931954,-1.8,0.6,settled,1.7400000000000013,-0.3090658503988659,0.0,3,1,2,nan,0.04,0.3490658503988659,9.81,1,1,9,21,41,-3.0,3.0,0.01,30.0,60.0,1e-09,1e-12,6,0.0001,1,new simulation,nan
16,9,0.24943951023931954,-1.6500000000000001,0.6,settled,1.8400000000000014,-0.3090658503988659,0.0,3,1,2,nan,0.04,0.3490658503988659,9.81,1,1,9,21,41,-3.0,3.0,0.01,30.0,60.0,1e-09,1e-12,6,0.0001,1,new simulation,nan
16,10,0.24943951023931954,-1.5,0.6,settled,2.389999999999993,-0.3090658503988659,0.0,3,1,2,nan,0.04,0.3490658503988659,9.81,1,1,9,21,41,-3.0,3.0,0.01,30.0,60.0,1e-09,1e-12,6,0.0001,1,new simulation,nan
16,11,0.24943951023931954,-1.35,0.6,settled,1.5200000000000011,-0.3090658503988659,0.0,2,1,1,nan,0.04,0.3490658503988659,9.81,1,1,9,21,41,-3.0,3.0,0.01,30.0,60.0,1e-09,1e-12,6,0.0001,1,new simulation,nan
16,12,0.24943951023931954,-1.2000000000000002,0.6,settled,1.330000000000001,-0.3090658503988659,0.0,2,1,1,nan,0.04,0.3490658503988659,9.81,1,1,9,21,41,-3.0,3.0,0.01,30.0,60.0,1e-09,1e-12,6,0.0001,1,new simulation,nan
16,13,0.24943951023931954,-1.05,0.6,settled,1.310000000000001,-0.3090658503988659,0.0,2,1,1,nan,0.04,0.3490658503988659,9.81,1,1,9,21,41,-3.0,3.0,0.01,30.0,60.0,1e-09,1e-12,6,0.0001,1,new simulation,nan
16,14,0.24943951023931954,-0.8999999999999999,0.6,settled,1.440000000000001,-0.3090658503988659,0.0,2,1,1,nan,0.04,0.3490658503988659,9.81,1,1,9,21,41,-3.0,3.0,0.01,30.0,60.0,1e-09,1e-12,6,0.0001,1,new simulation,nan
16,15,0.24943951023931954,-0.75,0.6,settled,1.420000000000001,-0.3090658503988659,0.0,1,1,0,nan,0.04,0.3490658503988659,9.81,1,1,9,21,41,-3.0,3.0,0.01,30.0,60.0,1e-09,1e-12,6,0.0001,1,new simulation,nan
16,16,0.24943951023931954,-0.6000000000000001,0.6,settled,0.8300000000000005,-0.3090658503988659,0.0,1,1,0,nan,0.04,0.3490658503988659,9.81,1,1,9,21,41,-3.0,3.0,0.01,30.0,60.0,1e-09,1e-12,6,0.0001,1,new simulation,nan
16,17,0.24943951023931954,-0.4500000000000002,0.6,settled,0.6200000000000003,-0.3090658503988659,0.0,1,1,0,nan,0.04,0.3490658503988659,9.81,1,1,9,21,41,-3.0,3.0,0.01,30.0,60.0,1e-09,1e-12,6,0.0001,1,new simulation,nan
16,18,0.24943951023931954,-0.30000000000000027,0.6,settled,0.49000000000000027,-0.3090658503988659,0.0,1,1,0,nan,0.04,0.3490658503988659,9.81,1,1,9,21,41,-3.0,3.0,0.01,30.0,60.0,1e-09,1e-12,6,0.0001,1,new simulation,nan
16,19,0.24943951023931954,-0.1499999999999999,0.6,settled,0.4000000000000002,-0.3090658503988659,0.0,1,1,0,nan,0.04,0.3490658503988659,9.81,1,1,9,21,41,-3.0,3.0,0.01,30.0,60.0,1e-09,1e-12,6,0.0001,1,new simulation,nan
16,20,0.24943951023931954,0.0,0.6,settled,0.3300000000000001,-0.3090658503988659,0.0,1,1,0,nan,0.04,0.3490658503988659,9.81,1,1,9,21,41,-3.0,3.0,0.01,30.0,60.0,1e-09,1e-12,6,0.0001,1,new simulation,nan
16,21,0.24943951023931954,0.1499999999999999,0.6,settled,0.2800000000000001,-0.3090658503988659,0.0,1,1,0,nan,0.04,0.3490658503988659,9.81,1,1,9,21,41,-3.0,3.0,0.01,30.0,60.0,1e-09,1e-12,6,0.0001,1,new simulation,nan
16,22,0.24943951023931954,0.2999999999999998,0.6,settled,0.23000000000000007,-0.3090658503988659,0.0,1,1,0,nan,0.04,0.3490658503988659,9.81,1,1,9,21,41,-3.0,3.0,0.01,30.0,60.0,1e-09,1e-12,6,0.0001,1,new simulation,nan
16,23,0.24943951023931954,0.44999999999999973,0.6,settled,0.20000000000000004,-0.3090658503988659,0.0,1,1,0,nan,0.04,0.3490658503988659,9.81,1,1,9,21,41,-3.0,3.0,0.01,30.0,60.0,1e-09,1e-12,6,0.0001,1,new simulation,nan
16,24,0.24943951023931954,0.5999999999999996,0.6,settled,0.17,-0.3090658503988659,0.0,1,1,0,nan,0.04,0.3490658503988659,9.81,1,1,9,21,41,-3.0,3.0,0.01,30.0,60.0,1e-09,1e-12,6,0.0001,1,new simulation,nan
16,25,0.24943951023931954,0.75,0.6,settled,0.15,-0.3090658503988659,0.0,1,1,0,nan,0.04,0.3490658503988659,9.81,1,1,9,21,41,-3.0,3.0,0.01,30.0,60.0,1e-09,1e-12,6,0.0001,1,new simulation,nan
16,26,0.24943951023931954,0.8999999999999999,0.6,settled,1.6000000000000012,-0.3090658503988659,0.0,2,2,0,nan,0.04,0.3490658503988659,9.81,1,1,9,21,41,-3.0,3.0,0.01,30.0,60.0,1e-09,1e-12,6,0.0001,1,new simulation,nan
16,27,0.24943951023931954,1.0499999999999998,0.6,settled,2.52999999999999,-0.3090658503988659,0.0,3,3,0,nan,0.04,0.3490658503988659,9.81,1,1,9,21,41,-3.0,3.0,0.01,30.0,60.0,1e-09,1e-12,6,0.0001,1,new simulation,nan
16,28,0.24943951023931954,1.2000000000000002,0.6,settled,3.5799999999999677,-0.3090658503988659,0.0,4,4,0,nan,0.04,0.3490658503988659,9.81,1,1,9,21,41,-3.0,3.0,0.01,30.0,60.0,1e-09,1e-12,6,0.0001,1,new simulation,nan
16,29,0.24943951023931954,1.3499999999999996,0.6,settled,2.9299999999999815,-0.3090658503988659,0.0,4,4,0,nan,0.04,0.3490658503988659,9.81,1,1,9,21,41,-3.0,3.0,0.01,30.0,60.0,1e-09,1e-12,6,0.0001,1,new simulation,nan
16,30,0.24943951023931954,1.5,0.6,settled,4.039999999999958,-0.3090658503988659,0.0,5,5,0,nan,0.04,0.3490658503988659,9.81,1,1,9,21,41,-3.0,3.0,0.01,30.0,60.0,1e-09,1e-12,6,0.0001,1,new simulation,nan
16,31,0.24943951023931954,1.6499999999999995,0.6,settled,3.5299999999999687,-0.3090658503988659,0.0,5,5,0,nan,0.04,0.3490658503988659,9.81,1,1,9,21,41,-3.0,3.0,0.01,30.0,60.0,1e-09,1e-12,6,0.0001,1,new simulation,nan
16,32,0.24943951023931954,1.7999999999999998,0.6,settled,4.8299999999999415,-0.3090658503988659,0.0,6,6,0,nan,0.04,0.3490658503988659,9.81,1,1,9,21,41,-3.0,3.0,0.01,30.0,60.0,1e-09,1e-12,6,0.0001,1,new simulation,nan
16,33,0.24943951023931954,1.9500000000000002,0.6,settled,4.289999999999953,-0.3090658503988659,0.0,6,6,0,nan,0.04,0.3490658503988659,9.81,1,1,9,21,41,-3.0,3.0,0.01,30.0,60.0,1e-09,1e-12,6,0.0001,1,new simulation,nan
16,34,0.24943951023931954,2.0999999999999996,0.6,settled,3.9199999999999604,-0.3090658503988659,0.0,6,6,0,nan,0.04,0.3490658503988659,9.81,1,1,9,21,41,-3.0,3.0,0.01,30.0,60.0,1e-09,1e-12,6,0.0001,1,new simulation,nan
16,35,0.24943951023931954,2.25,0.6,settled,5.35999999999993,-0.3090658503988659,0.0,7,7,0,nan,0.04,0.3490658503988659,9.81,1,1,9,21,41,-3.0,3.0,0.01,30.0,60.0,1e-09,1e-12,6,0.0001,1,new simulation,nan
16,36,0.24943951023931954,2.3999999999999995,0.6,settled,4.849999999999941,-0.3090658503988659,0.0,7,7,0,nan,0.04,0.3490658503988659,9.81,1,1,9,21,41,-3.0,3.0,0.01,30.0,60.0,1e-09,1e-12,6,0.0001,1,new simulation,nan
16,37,0.24943951023931954,2.55,0.6,settled,4.4999999999999485,-0.3090658503988659,0.0,7,7,0,nan,0.04,0.3490658503988659,9.81,1,1,9,21,41,-3.0,3.0,0.01,30.0,60.0,1e-09,1e-12,6,0.0001,1,new simulation,nan
16,38,0.24943951023931954,2.7,0.6,settled,4.2199999999999545,-0.3090658503988659,0.0,7,7,0,nan,0.04,0.3490658503988659,9.81,1,1,9,21,41,-3.0,3.0,0.01,30.0,60.0,1e-09,1e-12,6,0.0001,1,new simulation,nan
16,39,0.24943951023931954,2.8499999999999996,0.6,settled,5.789999999999921,-0.3090658503988659,0.0,8,8,0,nan,0.04,0.3490658503988659,9.81,1,1,9,21,41,-3.0,3.0,0.01,30.0,60.0,1e-09,1e-12,6,0.0001,1,new simulation,nan
16,40,0.24943951023931954,3.0,0.6,settled,5.319999999999931,-0.3090658503988659,0.0,8,8,0,nan,0.04,0.3490658503988659,9.81,1,1,9,21,41,-3.0,3.0,0.01,30.0,60.0,1e-09,1e-12,6,0.0001,1,new simulation,nan
17,0,0.2843460952792062,-3.0,0.7000000000000002,settled,2.3199999999999945,-0.3090658503988659,0.0,4,1,3,nan,0.04,0.3490658503988659,9.81,1,1,9,21,41,-3.0,3.0,0.01,30.0,60.0,1e-09,1e-12,6,0.0001,1,new simulation,nan
17,1,0.2843460952792062,-2.85,0.7000000000000002,settled,2.0899999999999994,-0.3090658503988659,0.0,4,1,3,nan,0.04,0.3490658503988659,9.81,1,1,9,21,41,-3.0,3.0,0.01,30.0,60.0,1e-09,1e-12,6,0.0001,1,new simulation,nan
17,2,0.2843460952792062,-2.7,0.7000000000000002,settled,2.0400000000000005,-0.3090658503988659,0.0,4,1,3,nan,0.04,0.3490658503988659,9.81,1,1,9,21,41,-3.0,3.0,0.01,30.0,60.0,1e-09,1e-12,6,0.0001,1,new simulation,nan
17,3,0.2843460952792062,-2.55,0.7000000000000002,settled,2.0799999999999996,-0.3090658503988659,0.0,4,1,3,nan,0.04,0.3490658503988659,9.81,1,1,9,21,41,-3.0,3.0,0.01,30.0,60.0,1e-09,1e-12,6,0.0001,1,new simulation,nan
17,4,0.2843460952792062,-2.4,0.7000000000000002,settled,2.2299999999999964,-0.3090658503988659,0.0,4,1,3,nan,0.04,0.3490658503988659,9.81,1,1,9,21,41,-3.0,3.0,0.01,30.0,60.0,1e-09,1e-12,6,0.0001,1,new simulation,nan
17,5,0.2843460952792062,-2.25,0.7000000000000002,settled,3.189999999999976,-0.3090658503988659,0.0,4,1,3,nan,0.04,0.3490658503988659,9.81,1,1,9,21,41,-3.0,3.0,0.01,30.0,60.0,1e-09,1e-12,6,0.0001,1,new simulation,nan
17,6,0.2843460952792062,-2.1,0.7000000000000002,settled,1.9100000000000015,-0.3090658503988659,0.0,3,1,2,nan,0.04,0.3490658503988659,9.81,1,1,9,21,41,-3.0,3.0,0.01,30.0,60.0,1e-09,1e-12,6,0.0001,1,new simulation,nan
17,7,0.2843460952792062,-1.95,0.7000000000000002,settled,1.7700000000000014,-0.3090658503988659,0.0,3,1,2,nan,0.04,0.3490658503988659,9.81,1,1,9,21,41,-3.0,3.0,0.01,30.0,60.0,1e-09,1e-12,6,0.0001,1,new simulation,nan
17,8,0.2843460952792062,-1.8,0.7000000000000002,settled,1.7800000000000014,-0.3090658503988659,0.0,3,1,2,nan,0.04,0.3490658503988659,9.81,1,1,9,21,41,-3.0,3.0,0.01,30.0,60.0,1e-09,1e-12,6,0.0001,1,new simulation,nan
17,9,0.2843460952792062,-1.6500000000000001,0.7000000000000002,settled,1.9500000000000015,-0.3090658503988659,0.0,3,1,2,nan,0.04,0.3490658503988659,9.81,1,1,9,21,41,-3.0,3.0,0.01,30.0,60.0,1e-09,1e-12,6,0.0001,1,new simulation,nan
17,10,0.2843460952792062,-1.5,0.7000000000000002,settled,1.9100000000000015,-0.3090658503988659,0.0,2,1,1,nan,0.04,0.3490658503988659,9.81,1,1,9,21,41,-3.0,3.0,0.01,30.0,60.0,1e-09,1e-12,6,0.0001,1,new simulation,nan
17,11,0.2843460952792062,-1.35,0.7000000000000002,settled,1.430000000000001,-0.3090658503988659,0.0,2,1,1,nan,0.04,0.3490658503988659,9.81,1,1,9,21,41,-3.0,3.0,0.01,30.0,60.0,1e-09,1e-12,6,0.0001,1,new simulation,nan
17,12,0.2843460952792062,-1.2000000000000002,0.7000000000000002,settled,1.330000000000001,-0.3090658503988659,0.0,2,1,1,nan,0.04,0.3490658503988659,9.81,1,1,9,21,41,-3.0,3.0,0.01,30.0,60.0,1e-09,1e-12,6,0.0001,1,new simulation,nan
17,13,0.2843460952792062,-1.05,0.7000000000000002,settled,1.390000000000001,-0.3090658503988659,0.0,2,1,1,nan,0.04,0.3490658503988659,9.81,1,1,9,21,41,-3.0,3.0,0.01,30.0,60.0,1e-09,1e-12,6,0.0001,1,new simulation,nan
17,14,0.2843460952792062,-0.8999999999999999,0.7000000000000002,settled,2.0899999999999994,-0.3090658503988659,0.0,2,1,1,nan,0.04,0.3490658503988659,9.81,1,1,9,21,41,-3.0,3.0,0.01,30.0,60.0,1e-09,1e-12,6,0.0001,1,new simulation,nan
17,15,0.2843460952792062,-0.75,0.7000000000000002,settled,0.9100000000000006,-0.3090658503988659,0.0,1,1,0,nan,0.04,0.3490658503988659,9.81,1,1,9,21,41,-3.0,3.0,0.01,30.0,60.0,1e-09,1e-12,6,0.0001,1,new simulation,nan
17,16,0.2843460952792062,-0.6000000000000001,0.7000000000000002,settled,0.6600000000000004,-0.3090658503988659,0.0,1,1,0,nan,0.04,0.3490658503988659,9.81,1,1,9,21,41,-3.0,3.0,0.01,30.0,60.0,1e-09,1e-12,6,0.0001,1,new simulation,nan
17,17,0.2843460952792062,-0.4500000000000002,0.7000000000000002,settled,0.5200000000000002,-0.3090658503988659,0.0,1,1,0,nan,0.04,0.3490658503988659,9.81,1,1,9,21,41,-3.0,3.0,0.01,30.0,60.0,1e-09,1e-12,6,0.0001,1,new simulation,nan
17,18,0.2843460952792062,-0.30000000000000027,0.7000000000000002,settled,0.4100000000000002,-0.3090658503988659,0.0,1,1,0,nan,0.04,0.3490658503988659,9.81,1,1,9,21,41,-3.0,3.0,0.01,30.0,60.0,1e-09,1e-12,6,0.0001,1,new simulation,nan
17,19,0.2843460952792062,-0.1499999999999999,0.7000000000000002,settled,0.34000000000000014,-0.3090658503988659,0.0,1,1,0,nan,0.04,0.3490658503988659,9.81,1,1,9,21,41,-3.0,3.0,0.01,30.0,60.0,1e-09,1e-12,6,0.0001,1,new simulation,nan
17,20,0.2843460952792062,0.0,0.7000000000000002,settled,0.2700000000000001,-0.3090658503988659,0.0,1,1,0,nan,0.04,0.3490658503988659,9.81,1,1,9,21,41,-3.0,3.0,0.01,30.0,60.0,1e-09,1e-12,6,0.0001,1,new simulation,nan
17,21,0.2843460952792062,0.1499999999999999,0.7000000000000002,settled,0.23000000000000007,-0.3090658503988659,0.0,1,1,0,nan,0.04,0.3490658503988659,9.81,1,1,9,21,41,-3.0,3.0,0.01,30.0,60.0,1e-09,1e-12,6,0.0001,1,new simulation,nan
17,22,0.2843460952792062,0.2999999999999998,0.7000000000000002,settled,0.19000000000000003,-0.3090658503988659,0.0,1,1,0,nan,0.04,0.3490658503988659,9.81,1,1,9,21,41,-3.0,3.0,0.01,30.0,60.0,1e-09,1e-12,6,0.0001,1,new simulation,nan
17,23,0.2843460952792062,0.44999999999999973,0.7000000000000002,settled,0.16,-0.3090658503988659,0.0,1,1,0,nan,0.04,0.3490658503988659,9.81,1,1,9,21,41,-3.0,3.0,0.01,30.0,60.0,1e-09,1e-12,6,0.0001,1,new simulation,nan
17,24,0.2843460952792062,0.5999999999999996,0.7000000000000002,settled,0.13999999999999999,-0.3090658503988659,0.0,1,1,0,nan,0.04,0.3490658503988659,9.81,1,1,9,21,41,-3.0,3.0,0.01,30.0,60.0,1e-09,1e-12,6,0.0001,1,new simulation,nan
17,25,0.2843460952792062,0.75,0.7000000000000002,settled,0.11999999999999998,-0.3090658503988659,0.0,1,1,0,nan,0.04,0.3490658503988659,9.81,1,1,9,21,41,-3.0,3.0,0.01,30.0,60.0,1e-09,1e-12,6,0.0001,1,new simulation,nan
17,26,0.2843460952792062,0.8999999999999999,0.7000000000000002,settled,0.09999999999999999,-0.3090658503988659,0.0,1,1,0,nan,0.04,0.3490658503988659,9.81,1,1,9,21,41,-3.0,3.0,0.01,30.0,60.0,1e-09,1e-12,6,0.0001,1,new simulation,nan
17,27,0.2843460952792062,1.0499999999999998,0.7000000000000002,settled,1.290000000000001,-0.3090658503988659,0.0,2,2,0,nan,0.04,0.3490658503988659,9.81,1,1,9,21,41,-3.0,3.0,0.01,30.0,60.0,1e-09,1e-12,6,0.0001,1,new simulation,nan
17,28,0.2843460952792062,1.2000000000000002,0.7000000000000002,settled,2.1899999999999973,-0.3090658503988659,0.0,3,3,0,nan,0.04,0.3490658503988659,9.81,1,1,9,21,41,-3.0,3.0,0.01,30.0,60.0,1e-09,1e-12,6,0.0001,1,new simulation,nan
17,29,0.2843460952792062,1.3499999999999996,0.7000000000000002,settled,3.139999999999977,-0.3090658503988659,0.0,4,4,0,nan,0.04,0.3490658503988659,9.81,1,1,9,21,41,-3.0,3.0,0.01,30.0,60.0,1e-09,1e-12,6,0.0001,1,new simulation,nan
17,30,0.2843460952792062,1.5,0.7000000000000002,settled,4.339999999999952,-0.3090658503988659,0.0,5,5,0,nan,0.04,0.3490658503988659,9.81,1,1,9,21,41,-3.0,3.0,0.01,30.0,60.0,1e-09,1e-12,6,0.0001,1,new simulation,nan
17,31,0.2843460952792062,1.6499999999999995,0.7000000000000002,settled,3.6699999999999657,-0.3090658503988659,0.0,5,5,0,nan,0.04,0.3490658503988659,9.81,1,1,9,21,41,-3.0,3.0,0.01,30.0,60.0,1e-09,1e-12,6,0.0001,1,new simulation,nan
17,32,0.2843460952792062,1.7999999999999998,0.7000000000000002,settled,5.1099999999999355,-0.3090658503988659,0.0,6,6,0,nan,0.04,0.3490658503988659,9.81,1,1,9,21,41,-3.0,3.0,0.01,30.0,60.0,1e-09,1e-12,6,0.0001,1,new simulation,nan
17,33,0.2843460952792062,1.9500000000000002,0.7000000000000002,settled,4.40999999999995,-0.3090658503988659,0.0,6,6,0,nan,0.04,0.3490658503988659,9.81,1,1,9,21,41,-3.0,3.0,0.01,30.0,60.0,1e-09,1e-12,6,0.0001,1,new simulation,nan
17,34,0.2843460952792062,2.0999999999999996,0.7000000000000002,settled,3.9999999999999587,-0.3090658503988659,0.0,6,6,0,nan,0.04,0.3490658503988659,9.81,1,1,9,21,41,-3.0,3.0,0.01,30.0,60.0,1e-09,1e-12,6,0.0001,1,new simulation,nan
17,35,0.2843460952792062,2.25,0.7000000000000002,settled,5.549999999999926,-0.3090658503988659,0.0,7,7,0,nan,0.04,0.3490658503988659,9.81,1,1,9,21,41,-3.0,3.0,0.01,30.0,60.0,1e-09,1e-12,6,0.0001,1,new simulation,nan
17,36,0.2843460952792062,2.3999999999999995,0.7000000000000002,settled,4.939999999999939,-0.3090658503988659,0.0,7,7,0,nan,0.04,0.3490658503988659,9.81,1,1,9,21,41,-3.0,3.0,0.01,30.0,60.0,1e-09,1e-12,6,0.0001,1,new simulation,nan
17,37,0.2843460952792062,2.55,0.7000000000000002,settled,4.559999999999947,-0.3090658503988659,0.0,7,7,0,nan,0.04,0.3490658503988659,9.81,1,1,9,21,41,-3.0,3.0,0.01,30.0,60.0,1e-09,1e-12,6,0.0001,1,new simulation,nan
17,38,0.2843460952792062,2.7,0.7000000000000002,settled,4.259999999999954,-0.3090658503988659,0.0,7,7,0,nan,0.04,0.3490658503988659,9.81,1,1,9,21,41,-3.0,3.0,0.01,30.0,60.0,1e-09,1e-12,6,0.0001,1,new simulation,nan
17,39,0.2843460952792062,2.8499999999999996,0.7000000000000002,settled,5.919999999999918,-0.3090658503988659,0.0,8,8,0,nan,0.04,0.3490658503988659,9.81,1,1,9,21,41,-3.0,3.0,0.01,30.0,60.0,1e-09,1e-12,6,0.0001,1,new simulation,nan
17,40,0.2843460952792062,3.0,0.7000000000000002,settled,5.3899999999999295,-0.3090658503988659,0.0,8,8,0,nan,0.04,0.3490658503988659,9.81,1,1,9,21,41,-3.0,3.0,0.01,30.0,60.0,1e-09,1e-12,6,0.0001,1,new simulation,nan
18,0,0.3192526803190927,-3.0,0.8,settled,2.249999999999996,-0.3090658503988659,0.0,4,1,3,nan,0.04,0.3490658503988659,9.81,1,1,9,21,41,-3.0,3.0,0.01,30.0,60.0,1e-09,1e-12,6,0.0001,1,new simulation,nan
18,1,0.3192526803190927,-2.85,0.8,settled,2.0799999999999996,-0.3090658503988659,0.0,4,1,3,nan,0.04,0.3490658503988659,9.81,1,1,9,21,41,-3.0,3.0,0.01,30.0,60.0,1e-09,1e-12,6,0.0001,1,new simulation,nan
18,2,0.3192526803190927,-2.7,0.8,settled,2.06,-0.3090658503988659,0.0,4,1,3,nan,0.04,0.3490658503988659,9.81,1,1,9,21,41,-3.0,3.0,0.01,30.0,60.0,1e-09,1e-12,6,0.0001,1,new simulation,nan
18,3,0.3192526803190927,-2.55,0.8,settled,2.1199999999999988,-0.3090658503988659,0.0,4,1,3,nan,0.04,0.3490658503988659,9.81,1,1,9,21,41,-3.0,3.0,0.01,30.0,60.0,1e-09,1e-12,6,0.0001,1,new simulation,nan
18,4,0.3192526803190927,-2.4,0.8,settled,2.339999999999994,-0.3090658503988659,0.0,4,1,3,nan,0.04,0.3490658503988659,9.81,1,1,9,21,41,-3.0,3.0,0.01,30.0,60.0,1e-09,1e-12,6,0.0001,1,new simulation,nan
18,5,0.3192526803190927,-2.25,0.8,settled,2.289999999999995,-0.3090658503988659,0.0,3,1,2,nan,0.04,0.3490658503988659,9.81,1,1,9,21,41,-3.0,3.0,0.01,30.0,60.0,1e-09,1e-12,6,0.0001,1,new simulation,nan
18,6,0.3192526803190927,-2.1,0.8,settled,1.8500000000000014,-0.3090658503988659,0.0,3,1,2,nan,0.04,0.3490658503988659,9.81,1,1,9,21,41,-3.0,3.0,0.01,30.0,60.0,1e-09,1e-12,6,0.0001,1,new simulation,nan
18,7,0.3192526803190927,-1.95,0.8,settled,1.7800000000000014,-0.3090658503988659,0.0,3,1,2,nan,0.04,0.3490658503988659,9.81,1,1,9,21,41,-3.0,3.0,0.01,30.0,60.0,1e-09,1e-12,6,0.0001,1,new simulation,nan
18,8,0.3192526803190927,-1.8,0.8,settled,1.8400000000000014,-0.3090658503988659,0.0,3,1,2,nan,0.04,0.3490658503988659,9.81,1,1,9,21,41,-3.0,3.0,0.01,30.0,60.0,1e-09,1e-12,6,0.0001,1,new simulation,nan
18,9,0.3192526803190927,-1.6500000000000001,0.8,settled,2.199999999999997,-0.3090658503988659,0.0,3,1,2,nan,0.04,0.3490658503988659,9.81,1,1,9,21,41,-3.0,3.0,0.01,30.0,60.0,1e-09,1e-12,6,0.0001,1,new simulation,nan
18,10,0.3192526803190927,-1.5,0.8,settled,1.6100000000000012,-0.3090658503988659,0.0,2,1,1,nan,0.04,0.3490658503988659,9.81,1,1,9,21,41,-3.0,3.0,0.01,30.0,60.0,1e-09,1e-12,6,0.0001,1,new simulation,nan
18,11,0.3192526803190927,-1.35,0.8,settled,1.390000000000001,-0.3090658503988659,0.0,2,1,1,nan,0.04,0.3490658503988659,9.81,1,1,9,21,41,-3.0,3.0,0.01,30.0,60.0,1e-09,1e-12,6,0.0001,1,new simulation,nan
18,12,0.3192526803190927,-1.2000000000000002,0.8,settled,1.380000000000001,-0.3090658503988659,0.0,2,1,1,nan,0.04,0.3490658503988659,9.81,1,1,9,21,41,-3.0,3.0,0.01,30.0,60.0,1e-09,1e-12,6,0.0001,1,new simulation,nan
18,13,0.3192526803190927,-1.05,0.8,settled,1.6500000000000012,-0.3090658503988659,0.0,2,1,1,nan,0.04,0.3490658503988659,9.81,1,1,9,21,41,-3.0,3.0,0.01,30.0,60.0,1e-09,1e-12,6,0.0001,1,new simulation,nan
18,14,0.3192526803190927,-0.8999999999999999,0.8,settled,1.0300000000000007,-0.3090658503988659,0.0,1,1,0,nan,0.04,0.3490658503988659,9.81,1,1,9,21,41,-3.0,3.0,0.01,30.0,60.0,1e-09,1e-12,6,0.0001,1,new simulation,nan
18,15,0.3192526803190927,-0.75,0.8,settled,0.7200000000000004,-0.3090658503988659,0.0,1,1,0,nan,0.04,0.3490658503988659,9.81,1,1,9,21,41,-3.0,3.0,0.01,30.0,60.0,1e-09,1e-12,6,0.0001,1,new simulation,nan
18,16,0.3192526803190927,-0.6000000000000001,0.8,settled,0.5500000000000003,-0.3090658503988659,0.0,1,1,0,nan,0.04,0.3490658503988659,9.81,1,1,9,21,41,-3.0,3.0,0.01,30.0,60.0,1e-09,1e-12,6,0.0001,1,new simulation,nan
18,17,0.3192526803190927,-0.4500000000000002,0.8,settled,0.4300000000000002,-0.3090658503988659,0.0,1,1,0,nan,0.04,0.3490658503988659,9.81,1,1,9,21,41,-3.0,3.0,0.01,30.0,60.0,1e-09,1e-12,6,0.0001,1,new simulation,nan
18,18,0.3192526803190927,-0.30000000000000027,0.8,settled,0.34000000000000014,-0.3090658503988659,0.0,1,1,0,nan,0.04,0.3490658503988659,9.81,1,1,9,21,41,-3.0,3.0,0.01,30.0,60.0,1e-09,1e-12,6,0.0001,1,new simulation,nan
18,19,0.3192526803190927,-0.1499999999999999,0.8,settled,0.2700000000000001,-0.3090658503988659,0.0,1,1,0,nan,0.04,0.3490658503988659,9.81,1,1,9,21,41,-3.0,3.0,0.01,30.0,60.0,1e-09,1e-12,6,0.0001,1,new simulation,nan
18,20,0.3192526803190927,0.0,0.8,settled,0.21000000000000005,-0.3090658503988659,0.0,1,1,0,nan,0.04,0.3490658503988659,9.81,1,1,9,21,41,-3.0,3.0,0.01,30.0,60.0,1e-09,1e-12,6,0.0001,1,new simulation,nan
18,21,0.3192526803190927,0.1499999999999999,0.8,settled,0.17,-0.3090658503988659,0.0,1,1,0,nan,0.04,0.3490658503988659,9.81,1,1,9,21,41,-3.0,3.0,0.01,30.0,60.0,1e-09,1e-12,6,0.0001,1,new simulation,nan
18,22,0.3192526803190927,0.2999999999999998,0.8,settled,0.13999999999999999,-0.3090658503988659,0.0,1,1,0,nan,0.04,0.3490658503988659,9.81,1,1,9,21,41,-3.0,3.0,0.01,30.0,60.0,1e-09,1e-12,6,0.0001,1,new simulation,nan
18,23,0.3192526803190927,0.44999999999999973,0.8,settled,0.11999999999999998,-0.3090658503988659,0.0,1,1,0,nan,0.04,0.3490658503988659,9.81,1,1,9,21,41,-3.0,3.0,0.01,30.0,60.0,1e-09,1e-12,6,0.0001,1,new simulation,nan
18,24,0.3192526803190927,0.5999999999999996,0.8,settled,0.09999999999999999,-0.3090658503988659,0.0,1,1,0,nan,0.04,0.3490658503988659,9.81,1,1,9,21,41,-3.0,3.0,0.01,30.0,60.0,1e-09,1e-12,6,0.0001,1,new simulation,nan
18,25,0.3192526803190927,0.75,0.8,settled,0.08,-0.3090658503988659,0.0,1,1,0,nan,0.04,0.3490658503988659,9.81,1,1,9,21,41,-3.0,3.0,0.01,30.0,60.0,1e-09,1e-12,6,0.0001,1,new simulation,nan
18,26,0.3192526803190927,0.8999999999999999,0.8,settled,0.07,-0.3090658503988659,0.0,1,1,0,nan,0.04,0.3490658503988659,9.81,1,1,9,21,41,-3.0,3.0,0.01,30.0,60.0,1e-09,1e-12,6,0.0001,1,new simulation,nan
18,27,0.3192526803190927,1.0499999999999998,0.8,settled,0.07,-0.3090658503988659,0.0,1,1,0,nan,0.04,0.3490658503988659,9.81,1,1,9,21,41,-3.0,3.0,0.01,30.0,60.0,1e-09,1e-12,6,0.0001,1,new simulation,nan
18,28,0.3192526803190927,1.2000000000000002,0.8,settled,2.5999999999999885,-0.3090658503988659,0.0,3,3,0,nan,0.04,0.3490658503988659,9.81,1,1,9,21,41,-3.0,3.0,0.01,30.0,60.0,1e-09,1e-12,6,0.0001,1,new simulation,nan
18,29,0.3192526803190927,1.3499999999999996,0.8,settled,3.5299999999999687,-0.3090658503988659,0.0,4,4,0,nan,0.04,0.3490658503988659,9.81,1,1,9,21,41,-3.0,3.0,0.01,30.0,60.0,1e-09,1e-12,6,0.0001,1,new simulation,nan
18,30,0.3192526803190927,1.5,0.8,settled,5.35999999999993,-0.3090658503988659,0.0,5,5,0,nan,0.04,0.3490658503988659,9.81,1,1,9,21,41,-3.0,3.0,0.01,30.0,60.0,1e-09,1e-12,6,0.0001,1,new simulation,nan
18,31,0.3192526803190927,1.6499999999999995,0.8,settled,3.8699999999999615,-0.3090658503988659,0.0,5,5,0,nan,0.04,0.3490658503988659,9.81,1,1,9,21,41,-3.0,3.0,0.01,30.0,60.0,1e-09,1e-12,6,0.0001,1,new simulation,nan
18,32,0.3192526803190927,1.7999999999999998,0.8,settled,6.1899999999999125,-0.3090658503988659,0.0,6,6,0,nan,0.04,0.3490658503988659,9.81,1,1,9,21,41,-3.0,3.0,0.01,30.0,60.0,1e-09,1e-12,6,0.0001,1,new simulation,nan
18,33,0.3192526803190927,1.9500000000000002,0.8,settled,4.579999999999947,-0.3090658503988659,0.0,6,6,0,nan,0.04,0.3490658503988659,9.81,1,1,9,21,41,-3.0,3.0,0.01,30.0,60.0,1e-09,1e-12,6,0.0001,1,new simulation,nan
18,34,0.3192526803190927,2.0999999999999996,0.8,settled,4.099999999999957,-0.3090658503988659,0.0,6,6,0,nan,0.04,0.3490658503988659,9.81,1,1,9,21,41,-3.0,3.0,0.01,30.0,60.0,1e-09,1e-12,6,0.0001,1,new simulation,nan
18,35,0.3192526803190927,2.25,0.8,settled,5.899999999999919,-0.3090658503988659,0.0,7,7,0,nan,0.04,0.3490658503988659,9.81,1,1,9,21,41,-3.0,3.0,0.01,30.0,60.0,1e-09,1e-12,6,0.0001,1,new simulation,nan
18,36,0.3192526803190927,2.3999999999999995,0.8,settled,5.0599999999999365,-0.3090658503988659,0.0,7,7,0,nan,0.04,0.3490658503988659,9.81,1,1,9,21,41,-3.0,3.0,0.01,30.0,60.0,1e-09,1e-12,6,0.0001,1,new simulation,nan
18,37,0.3192526803190927,2.55,0.8,settled,4.6399999999999455,-0.3090658503988659,0.0,7,7,0,nan,0.04,0.3490658503988659,9.81,1,1,9,21,41,-3.0,3.0,0.01,30.0,60.0,1e-09,1e-12,6,0.0001,1,new simulation,nan
18,38,0.3192526803190927,2.7,0.8,settled,4.319999999999952,-0.3090658503988659,0.0,7,7,0,nan,0.04,0.3490658503988659,9.81,1,1,9,21,41,-3.0,3.0,0.01,30.0,60.0,1e-09,1e-12,6,0.0001,1,new simulation,nan
18,39,0.3192526803190927,2.8499999999999996,0.8,settled,6.119999999999914,-0.3090658503988659,0.0,8,8,0,nan,0.04,0.3490658503988659,9.81,1,1,9,21,41,-3.0,3.0,0.01,30.0,60.0,1e-09,1e-12,6,0.0001,1,new simulation,nan
18,40,0.3192526803190927,3.0,0.8,settled,5.469999999999928,-0.3090658503988659,0.0,8,8,0,nan,0.04,0.3490658503988659,9.81,1,1,9,21,41,-3.0,3.0,0.01,30.0,60.0,1e-09,1e-12,6,0.0001,1,new simulation,nan
19,0,0.35415926535897935,-3.0,0.9000000000000001,settled,2.199999999999997,-0.3090658503988659,0.0,4,1,3,nan,0.04,0.3490658503988659,9.81,1,1,9,21,41,-3.0,3.0,0.01,30.0,60.0,1e-09,1e-12,6,0.0001,1,new simulation,nan
19,1,0.35415926535897935,-2.85,0.9000000000000001,settled,2.0799999999999996,-0.3090658503988659,0.0,4,1,3,nan,0.04,0.3490658503988659,9.81,1,1,9,21,41,-3.0,3.0,0.01,30.0,60.0,1e-09,1e-12,6,0.0001,1,new simulation,nan
19,2,0.35415926535897935,-2.7,0.9000000000000001,settled,2.0799999999999996,-0.3090658503988659,0.0,4,1,3,nan,0.04,0.3490658503988659,9.81,1,1,9,21,41,-3.0,3.0,0.01,30.0,60.0,1e-09,1e-12,6,0.0001,1,new simulation,nan
19,3,0.35415926535897935,-2.55,0.9000000000000001,settled,2.1699999999999977,-0.3090658503988659,0.0,4,1,3,nan,0.04,0.3490658503988659,9.81,1,1,9,21,41,-3.0,3.0,0.01,30.0,60.0,1e-09,1e-12,6,0.0001,1,new simulation,nan
19,4,0.35415926535897935,-2.4,0.9000000000000001,settled,2.5199999999999902,-0.3090658503988659,0.0,4,1,3,nan,0.04,0.3490658503988659,9.81,1,1,9,21,41,-3.0,3.0,0.01,30.0,60.0,1e-09,1e-12,6,0.0001,1,new simulation,nan
19,5,0.35415926535897935,-2.25,0.9000000000000001,settled,2.06,-0.3090658503988659,0.0,3,1,2,nan,0.04,0.3490658503988659,9.81,1,1,9,21,41,-3.0,3.0,0.01,30.0,60.0,1e-09,1e-12,6,0.0001,1,new simulation,nan
19,6,0.35415926535897935,-2.1,0.9000000000000001,settled,1.8200000000000014,-0.3090658503988659,0.0,3,1,2,nan,0.04,0.3490658503988659,9.81,1,1,9,21,41,-3.0,3.0,0.01,30.0,60.0,1e-09,1e-12,6,0.0001,1,new simulation,nan
19,7,0.35415926535897935,-1.95,0.9000000000000001,settled,1.8000000000000014,-0.3090658503988659,0.0,3,1,2,nan,0.04,0.3490658503988659,9.81,1,1,9,21,41,-3.0,3.0,0.01,30.0,60.0,1e-09,1e-12,6,0.0001,1,new simulation,nan
19,8,0.35415926535897935,-1.8,0.9000000000000001,settled,1.9400000000000015,-0.3090658503988659,0.0,3,1,2,nan,0.04,0.3490658503988659,9.81,1,1,9,21,41,-3.0,3.0,0.01,30.0,60.0,1e-09,1e-12,6,0.0001,1,new simulation,nan
19,9,0.35415926535897935,-1.6500000000000001,0.9000000000000001,settled,2.109999999999999,-0.3090658503988659,0.0,2,1,1,nan,0.04,0.3490658503988659,9.81,1,1,9,21,41,-3.0,3.0,0.01,30.0,60.0,1e-09,1e-12,6,0.0001,1,new simulation,nan
19,10,0.35415926535897935,-1.5,0.9000000000000001,settled,1.480000000000001,-0.3090658503988659,0.0,2,1,1,nan,0.04,0.3490658503988659,9.81,1,1,9,21,41,-3.0,3.0,0.01,30.0,60.0,1e-09,1e-12,6,0.0001,1,new simulation,nan
19,11,0.35415926535897935,-1.35,0.9000000000000001,settled,1.390000000000001,-0.3090658503988659,0.0,2,1,1,nan,0.04,0.3490658503988659,9.81,1,1,9,21,41,-3.0,3.0,0.01,30.0,60.0,1e-09,1e-12,6,0.0001,1,new simulation,nan
19,12,0.35415926535897935,-1.2000000000000002,0.9000000000000001,settled,1.5200000000000011,-0.3090658503988659,0.0,2,1,1,nan,0.04,0.3490658503988659,9.81,1,1,9,21,41,-3.0,3.0,0.01,30.0,60.0,1e-09,1e-12,6,0.0001,1,new simulation,nan
19,13,0.35415926535897935,-1.05,0.9000000000000001,settled,1.2200000000000009,-0.3090658503988659,0.0,1,1,0,nan,0.04,0.3490658503988659,9.81,1,1,9,21,41,-3.0,3.0,0.01,30.0,60.0,1e-09,1e-12,6,0.0001,1,new simulation,nan
19,14,0.35415926535897935,-0.8999999999999999,0.9000000000000001,settled,0.7800000000000005,-0.3090658503988659,0.0,1,1,0,nan,0.04,0.3490658503988659,9.81,1,1,9,21,41,-3.0,3.0,0.01,30.0,60.0,1e-09,1e-12,6,0.0001,1,new simulation,nan
19,15,0.35415926535897935,-0.75,0.9000000000000001,settled,0.5800000000000003,-0.3090658503988659,0.0,1,1,0,nan,0.04,0.3490658503988659,9.81,1,1,9,21,41,-3.0,3.0,0.01,30.0,60.0,1e-09,1e-12,6,0.0001,1,new simulation,nan
19,16,0.35415926535897935,-0.6000000000000001,0.9000000000000001,settled,0.45000000000000023,-0.3090658503988659,0.0,1,1,0,nan,0.04,0.3490658503988659,9.81,1,1,9,21,41,-3.0,3.0,0.01,30.0,60.0,1e-09,1e-12,6,0.0001,1,new simulation,nan
19,17,0.35415926535897935,-0.4500000000000002,0.9000000000000001,settled,0.35000000000000014,-0.3090658503988659,0.0,1,1,0,nan,0.04,0.3490658503988659,9.81,1,1,9,21,41,-3.0,3.0,0.01,30.0,60.0,1e-09,1e-12,6,0.0001,1,new simulation,nan
19,18,0.35415926535897935,-0.30000000000000027,0.9000000000000001,settled,0.2700000000000001,-0.3090658503988659,0.0,1,1,0,nan,0.04,0.3490658503988659,9.81,1,1,9,21,41,-3.0,3.0,0.01,30.0,60.0,1e-09,1e-12,6,0.0001,1,new simulation,nan
19,19,0.35415926535897935,-0.1499999999999999,0.9000000000000001,settled,0.20000000000000004,-0.3090658503988659,0.0,1,1,0,nan,0.04,0.3490658503988659,9.81,1,1,9,21,41,-3.0,3.0,0.01,30.0,60.0,1e-09,1e-12,6,0.0001,1,new simulation,nan
19,20,0.35415926535897935,0.0,0.9000000000000001,settled,0.15,-0.3090658503988659,0.0,1,1,0,nan,0.04,0.3490658503988659,9.81,1,1,9,21,41,-3.0,3.0,0.01,30.0,60.0,1e-09,1e-12,6,0.0001,1,new simulation,nan
19,21,0.35415926535897935,0.1499999999999999,0.9000000000000001,settled,0.10999999999999999,-0.3090658503988659,0.0,1,1,0,nan,0.04,0.3490658503988659,9.81,1,1,9,21,41,-3.0,3.0,0.01,30.0,60.0,1e-09,1e-12,6,0.0001,1,new simulation,nan
19,22,0.35415926535897935,0.2999999999999998,0.9000000000000001,settled,0.08,-0.3090658503988659,0.0,1,1,0,nan,0.04,0.3490658503988659,9.81,1,1,9,21,41,-3.0,3.0,0.01,30.0,60.0,1e-09,1e-12,6,0.0001,1,new simulation,nan
19,23,0.35415926535897935,0.44999999999999973,0.9000000000000001,settled,0.07,-0.3090658503988659,0.0,1,1,0,nan,0.04,0.3490658503988659,9.81,1,1,9,21,41,-3.0,3.0,0.01,30.0,60.0,1e-09,1e-12,6,0.0001,1,new simulation,nan
19,24,0.35415926535897935,0.5999999999999996,0.9000000000000001,settled,0.060000000000000005,-0.3090658503988659,0.0,1,1,0,nan,0.04,0.3490658503988659,9.81,1,1,9,21,41,-3.0,3.0,0.01,30.0,60.0,1e-09,1e-12,6,0.0001,1,new simulation,nan
19,25,0.35415926535897935,0.75,0.9000000000000001,settled,0.05,-0.3090658503988659,0.0,1,1,0,nan,0.04,0.3490658503988659,9.81,1,1,9,21,41,-3.0,3.0,0.01,30.0,60.0,1e-09,1e-12,6,0.0001,1,new simulation,nan
19,26,0.35415926535897935,0.8999999999999999,0.9000000000000001,settled,0.04,-0.3090658503988659,0.0,1,1,0,nan,0.04,0.3490658503988659,9.81,1,1,9,21,41,-3.0,3.0,0.01,30.0,60.0,1e-09,1e-12,6,0.0001,1,new simulation,nan
19,27,0.35415926535897935,1.0499999999999998,0.9000000000000001,settled,0.04,-0.3090658503988659,0.0,1,1,0,nan,0.04,0.3490658503988659,9.81,1,1,9,21,41,-3.0,3.0,0.01,30.0,60.0,1e-09,1e-12,6,0.0001,1,new simulation,nan
19,28,0.35415926535897935,1.2000000000000002,0.9000000000000001,settled,1.430000000000001,-0.3090658503988659,0.0,2,2,0,nan,0.04,0.3490658503988659,9.81,1,1,9,21,41,-3.0,3.0,0.01,30.0,60.0,1e-09,1e-12,6,0.0001,1,new simulation,nan
19,29,0.35415926535897935,1.3499999999999996,0.9000000000000001,settled,2.209999999999997,-0.3090658503988659,0.0,3,3,0,nan,0.04,0.3490658503988659,9.81,1,1,9,21,41,-3.0,3.0,0.01,30.0,60.0,1e-09,1e-12,6,0.0001,1,new simulation,nan
19,30,0.35415926535897935,1.5,0.9000000000000001,settled,3.099999999999978,-0.3090658503988659,0.0,4,4,0,nan,0.04,0.3490658503988659,9.81,1,1,9,21,41,-3.0,3.0,0.01,30.0,60.0,1e-09,1e-12,6,0.0001,1,new simulation,nan
19,31,0.35415926535897935,1.6499999999999995,0.9000000000000001,settled,4.199999999999955,-0.3090658503988659,0.0,5,5,0,nan,0.04,0.3490658503988659,9.81,1,1,9,21,41,-3.0,3.0,0.01,30.0,60.0,1e-09,1e-12,6,0.0001,1,new simulation,nan
19,32,0.35415926535897935,1.7999999999999998,0.9000000000000001,settled,3.5499999999999683,-0.3090658503988659,0.0,5,5,0,nan,0.04,0.3490658503988659,9.81,1,1,9,21,41,-3.0,3.0,0.01,30.0,60.0,1e-09,1e-12,6,0.0001,1,new simulation,nan
19,33,0.35415926535897935,1.9500000000000002,0.9000000000000001,settled,4.839999999999941,-0.3090658503988659,0.0,6,6,0,nan,0.04,0.3490658503988659,9.81,1,1,9,21,41,-3.0,3.0,0.01,30.0,60.0,1e-09,1e-12,6,0.0001,1,new simulation,nan
19,34,0.35415926535897935,2.0999999999999996,0.9000000000000001,settled,4.239999999999954,-0.3090658503988659,0.0,6,6,0,nan,0.04,0.3490658503988659,9.81,1,1,9,21,41,-3.0,3.0,0.01,30.0,60.0,1e-09,1e-12,6,0.0001,1,new simulation,nan
19,35,0.35415926535897935,2.25,0.9000000000000001,settled,3.849999999999962,-0.3090658503988659,0.0,6,6,0,nan,0.04,0.3490658503988659,9.81,1,1,9,21,41,-3.0,3.0,0.01,30.0,60.0,1e-09,1e-12,6,0.0001,1,new simulation,nan
19,36,0.35415926535897935,2.3999999999999995,0.9000000000000001,settled,5.229999999999933,-0.3090658503988659,0.0,7,7,0,nan,0.04,0.3490658503988659,9.81,1,1,9,21,41,-3.0,3.0,0.01,30.0,60.0,1e-09,1e-12,6,0.0001,1,new simulation,nan
19,37,0.35415926535897935,2.55,0.9000000000000001,settled,4.739999999999943,-0.3090658503988659,0.0,7,7,0,nan,0.04,0.3490658503988659,9.81,1,1,9,21,41,-3.0,3.0,0.01,30.0,60.0,1e-09,1e-12,6,0.0001,1,new simulation,nan
19,38,0.35415926535897935,2.7,0.9000000000000001,settled,4.389999999999951,-0.3090658503988659,0.0,7,7,0,nan,0.04,0.3490658503988659,9.81,1,1,9,21,41,-3.0,3.0,0.01,30.0,60.0,1e-09,1e-12,6,0.0001,1,new simulation,nan
19,39,0.35415926535897935,2.8499999999999996,0.9000000000000001,settled,6.579999999999904,-0.3090658503988659,0.0,8,8,0,nan,0.04,0.3490658503988659,9.81,1,1,9,21,41,-3.0,3.0,0.01,30.0,60.0,1e-09,1e-12,6,0.0001,1,new simulation,nan
19,40,0.35415926535897935,3.0,0.9000000000000001,settled,5.5799999999999255,-0.3090658503988659,0.0,8,8,0,nan,0.04,0.3490658503988659,9.81,1,1,9,21,41,-3.0,3.0,0.01,30.0,60.0,1e-09,1e-12,6,0.0001,1,new simulation,nan
20,0,0.3890658503988659,-3.0,1.0,settled,2.159999999999998,-0.3090658503988659,0.0,4,1,3,nan,0.04,0.3490658503988659,9.81,1,1,9,21,41,-3.0,3.0,0.01,30.0,60.0,1e-09,1e-12,6,0.0001,1,new simulation,nan
20,1,0.3890658503988659,-2.85,1.0,settled,2.0799999999999996,-0.3090658503988659,0.0,4,1,3,nan,0.04,0.3490658503988659,9.81,1,1,9,21,41,-3.0,3.0,0.01,30.0,60.0,1e-09,1e-12,6,0.0001,1,new simulation,nan
20,2,0.3890658503988659,-2.7,1.0,settled,2.109999999999999,-0.3090658503988659,0.0,4,1,3,nan,0.04,0.3490658503988659,9.81,1,1,9,21,41,-3.0,3.0,0.01,30.0,60.0,1e-09,1e-12,6,0.0001,1,new simulation,nan
20,3,0.3890658503988659,-2.55,1.0,settled,2.249999999999996,-0.3090658503988659,0.0,4,1,3,nan,0.04,0.3490658503988659,9.81,1,1,9,21,41,-3.0,3.0,0.01,30.0,60.0,1e-09,1e-12,6,0.0001,1,new simulation,nan
20,4,0.3890658503988659,-2.4,1.0,settled,3.0799999999999783,-0.3090658503988659,0.0,4,1,3,nan,0.04,0.3490658503988659,9.81,1,1,9,21,41,-3.0,3.0,0.01,30.0,60.0,1e-09,1e-12,6,0.0001,1,new simulation,nan
20,5,0.3890658503988659,-2.25,1.0,settled,1.9400000000000015,-0.3090658503988659,0.0,3,1,2,nan,0.04,0.3490658503988659,9.81,1,1,9,21,41,-3.0,3.0,0.01,30.0,60.0,1e-09,1e-12,6,0.0001,1,new simulation,nan
20,6,0.3890658503988659,-2.1,1.0,settled,1.8200000000000014,-0.3090658503988659,0.0,3,1,2,nan,0.04,0.3490658503988659,9.81,1,1,9,21,41,-3.0,3.0,0.01,30.0,60.0,1e-09,1e-12,6,0.0001,1,new simulation,nan
20,7,0.3890658503988659,-1.95,1.0,settled,1.8500000000000014,-0.3090658503988659,0.0,3,1,2,nan,0.04,0.3490658503988659,9.81,1,1,9,21,41,-3.0,3.0,0.01,30.0,60.0,1e-09,1e-12,6,0.0001,1,new simulation,nan
20,8,0.3890658503988659,-1.8,1.0,settled,2.1699999999999977,-0.3090658503988659,0.0,3,1,2,nan,0.04,0.3490658503988659,9.81,1,1,9,21,41,-3.0,3.0,0.01,30.0,60.0,1e-09,1e-12,6,0.0001,1,new simulation,nan
20,9,0.3890658503988659,-1.6500000000000001,1.0,settled,1.6500000000000012,-0.3090658503988659,0.0,2,1,1,nan,0.04,0.3490658503988659,9.81,1,1,9,21,41,-3.0,3.0,0.01,30.0,60.0,1e-09,1e-12,6,0.0001,1,new simulation,nan
20,10,0.3890658503988659,-1.5,1.0,settled,1.430000000000001,-0.3090658503988659,0.0,2,1,1,nan,0.04,0.3490658503988659,9.81,1,1,9,21,41,-3.0,3.0,0.01,30.0,60.0,1e-09,1e-12,6,0.0001,1,new simulation,nan
20,11,0.3890658503988659,-1.35,1.0,settled,1.460000000000001,-0.3090658503988659,0.0,2,1,1,nan,0.04,0.3490658503988659,9.81,1,1,9,21,41,-3.0,3.0,0.01,30.0,60.0,1e-09,1e-12,6,0.0001,1,new simulation,nan
20,12,0.3890658503988659,-1.2000000000000002,1.0,settled,1.7300000000000013,-0.3090658503988659,0.0,1,1,0,nan,0.04,0.3490658503988659,9.81,1,1,9,21,41,-3.0,3.0,0.01,30.0,60.0,1e-09,1e-12,6,0.0001,1,new simulation,nan
20,13,0.3890658503988659,-1.05,1.0,settled,0.8600000000000005,-0.3090658503988659,0.0,1,1,0,nan,0.04,0.3490658503988659,9.81,1,1,9,21,41,-3.0,3.0,0.01,30.0,60.0,1e-09,1e-12,6,0.0001,1,new simulation,nan
20,14,0.3890658503988659,-0.8999999999999999,1.0,settled,0.6200000000000003,-0.3090658503988659,0.0,1,1,0,nan,0.04,0.3490658503988659,9.81,1,1,9,21,41,-3.0,3.0,0.01,30.0,60.0,1e-09,1e-12,6,0.0001,1,new simulation,nan
20,15,0.3890658503988659,-0.75,1.0,settled,0.47000000000000025,-0.3090658503988659,0.0,1,1,0,nan,0.04,0.3490658503988659,9.81,1,1,9,21,41,-3.0,3.0,0.01,30.0,60.0,1e-09,1e-12,6,0.0001,1,new simulation,nan
20,16,0.3890658503988659,-0.6000000000000001,1.0,settled,0.36000000000000015,-0.3090658503988659,0.0,1,1,0,nan,0.04,0.3490658503988659,9.81,1,1,9,21,41,-3.0,3.0,0.01,30.0,60.0,1e-09,1e-12,6,0.0001,1,new simulation,nan
20,17,0.3890658503988659,-0.4500000000000002,1.0,settled,0.26000000000000006,-0.3090658503988659,0.0,1,1,0,nan,0.04,0.3490658503988659,9.81,1,1,9,21,41,-3.0,3.0,0.01,30.0,60.0,1e-09,1e-12,6,0.0001,1,new simulation,nan
20,18,0.3890658503988659,-0.30000000000000027,1.0,settled,0.17,-0.3090658503988659,0.0,1,1,0,nan,0.04,0.3490658503988659,9.81,1,1,9,21,41,-3.0,3.0,0.01,30.0,60.0,1e-09,1e-12,6,0.0001,1,new simulation,nan
20,19,0.3890658503988659,-0.1499999999999999,1.0,settled,0.09,-0.3090658503988659,0.0,1,1,0,nan,0.04,0.3490658503988659,9.81,1,1,9,21,41,-3.0,3.0,0.01,30.0,60.0,1e-09,1e-12,6,0.0001,1,new simulation,nan
20,20,0.3890658503988659,0.0,1.0,settled,0.01,-0.3090658503988659,0.0,1,1,0,nan,0.04,0.3490658503988659,9.81,1,1,9,21,41,-3.0,3.0,0.01,30.0,60.0,1e-09,1e-12,6,0.0001,1,new simulation,nan
20,21,0.3890658503988659,0.1499999999999999,1.0,settled,0.01,-0.3090658503988659,0.0,1,1,0,nan,0.04,0.3490658503988659,9.81,1,1,9,21,41,-3.0,3.0,0.01,30.0,60.0,1e-09,1e-12,6,0.0001,1,new simulation,nan
20,22,0.3890658503988659,0.2999999999999998,1.0,settled,0.01,-0.3090658503988659,0.0,1,1,0,nan,0.04,0.3490658503988659,9.81,1,1,9,21,41,-3.0,3.0,0.01,30.0,60.0,1e-09,1e-12,6,0.0001,1,new simulation,nan
20,23,0.3890658503988659,0.44999999999999973,1.0,settled,0.01,-0.3090658503988659,0.0,1,1,0,nan,0.04,0.3490658503988659,9.81,1,1,9,21,41,-3.0,3.0,0.01,30.0,60.0,1e-09,1e-12,6,0.0001,1,new simulation,nan
20,24,0.3890658503988659,0.5999999999999996,1.0,settled,0.01,-0.3090658503988659,0.0,1,1,0,nan,0.04,0.3490658503988659,9.81,1,1,9,21,41,-3.0,3.0,0.01,30.0,60.0,1e-09,1e-12,6,0.0001,1,new simulation,nan
20,25,0.3890658503988659,0.75,1.0,settled,0.01,-0.3090658503988659,0.0,1,1,0,nan,0.04,0.3490658503988659,9.81,1,1,9,21,41,-3.0,3.0,0.01,30.0,60.0,1e-09,1e-12,6,0.0001,1,new simulation,nan
20,26,0.3890658503988659,0.8999999999999999,1.0,settled,0.01,-0.3090658503988659,0.0,1,1,0,nan,0.04,0.3490658503988659,9.81,1,1,9,21,41,-3.0,3.0,0.01,30.0,60.0,1e-09,1e-12,6,0.0001,1,new simulation,nan
20,27,0.3890658503988659,1.0499999999999998,1.0,settled,0.01,-0.3090658503988659,0.0,1,1,0,nan,0.04,0.3490658503988659,9.81,1,1,9,21,41,-3.0,3.0,0.01,30.0,60.0,1e-09,1e-12,6,0.0001,1,new simulation,nan
20,28,0.3890658503988659,1.2000000000000002,1.0,settled,0.01,-0.3090658503988659,0.0,1,1,0,nan,0.04,0.3490658503988659,9.81,1,1,9,21,41,-3.0,3.0,0.01,30.0,60.0,1e-09,1e-12,6,0.0001,1,new simulation,nan
20,29,0.3890658503988659,1.3499999999999996,1.0,settled,3.039999999999979,-0.3090658503988659,0.0,3,3,0,nan,0.04,0.3490658503988659,9.81,1,1,9,21,41,-3.0,3.0,0.01,30.0,60.0,1e-09,1e-12,6,0.0001,1,new simulation,nan
20,30,0.3890658503988659,1.5,1.0,settled,3.6299999999999666,-0.3090658503988659,0.0,4,4,0,nan,0.04,0.3490658503988659,9.81,1,1,9,21,41,-3.0,3.0,0.01,30.0,60.0,1e-09,1e-12,6,0.0001,1,new simulation,nan
20,31,0.3890658503988659,1.6499999999999995,1.0,settled,5.37999999999993,-0.3090658503988659,0.0,5,5,0,nan,0.04,0.3490658503988659,9.81,1,1,9,21,41,-3.0,3.0,0.01,30.0,60.0,1e-09,1e-12,6,0.0001,1,new simulation,nan
20,32,0.3890658503988659,1.7999999999999998,1.0,settled,3.7799999999999634,-0.3090658503988659,0.0,5,5,0,nan,0.04,0.3490658503988659,9.81,1,1,9,21,41,-3.0,3.0,0.01,30.0,60.0,1e-09,1e-12,6,0.0001,1,new simulation,nan
20,33,0.3890658503988659,1.9500000000000002,1.0,settled,5.37999999999993,-0.3090658503988659,0.0,6,6,0,nan,0.04,0.3490658503988659,9.81,1,1,9,21,41,-3.0,3.0,0.01,30.0,60.0,1e-09,1e-12,6,0.0001,1,new simulation,nan
20,34,0.3890658503988659,2.0999999999999996,1.0,settled,4.41999999999995,-0.3090658503988659,0.0,6,6,0,nan,0.04,0.3490658503988659,9.81,1,1,9,21,41,-3.0,3.0,0.01,30.0,60.0,1e-09,1e-12,6,0.0001,1,new simulation,nan
20,35,0.3890658503988659,2.25,1.0,settled,3.9599999999999596,-0.3090658503988659,0.0,6,6,0,nan,0.04,0.3490658503988659,9.81,1,1,9,21,41,-3.0,3.0,0.01,30.0,60.0,1e-09,1e-12,6,0.0001,1,new simulation,nan
20,36,0.3890658503988659,2.3999999999999995,1.0,settled,5.479999999999928,-0.3090658503988659,0.0,7,7,0,nan,0.04,0.3490658503988659,9.81,1,1,9,21,41,-3.0,3.0,0.01,30.0,60.0,1e-09,1e-12,6,0.0001,1,new simulation,nan
20,37,0.3890658503988659,2.55,1.0,settled,4.859999999999941,-0.3090658503988659,0.0,7,7,0,nan,0.04,0.3490658503988659,9.81,1,1,9,21,41,-3.0,3.0,0.01,30.0,60.0,1e-09,1e-12,6,0.0001,1,new simulation,nan
20,38,0.3890658503988659,2.7,1.0,settled,4.469999999999949,-0.3090658503988659,0.0,7,7,0,nan,0.04,0.3490658503988659,9.81,1,1,9,21,41,-3.0,3.0,0.01,30.0,60.0,1e-09,1e-12,6,0.0001,1,new simulation,nan
20,39,0.3890658503988659,2.8499999999999996,1.0,settled,4.179999999999955,-0.3090658503988659,0.0,7,7,0,nan,0.04,0.3490658503988659,9.81,1,1,9,21,41,-3.0,3.0,0.01,30.0,60.0,1e-09,1e-12,6,0.0001,1,new simulation,nan
20,40,0.3890658503988659,3.0,1.0,settled,5.729999999999922,-0.3090658503988659,0.0,8,8,0,nan,0.04,0.3490658503988659,9.81,1,1,9,21,41,-3.0,3.0,0.01,30.0,60.0,1e-09,1e-12,6,0.0001,1,new simulation,nan
